job_id,modulation,seed,Pavg_over_P1dB_dB,model,noise_scale,AIR_native
regen_16QAM_s20262004_p+00_Nd4001,16QAM,20262004,0,atomic,0.25,1.8776802154525831
regen_16QAM_s20262004_p+00_Nd4001,16QAM,20262004,0,static,0.25,3.981703064801656
regen_16QAM_s20262004_p+00_Nd4001,16QAM,20262004,0,static_lti,0.25,2.3103320387732396
regen_16QAM_s20262004_p+00_Nd4001,16QAM,20262004,0,static_mh,0.25,3.5742201101170172
regen_16QAM_s20262004_p+00_Nd4001,16QAM,20262004,0,static_lti_mh,0.25,2.3090406757149973
regen_16QAM_s20262004_p+00_Nd4001,16QAM,20262004,0,linear,0.25,2.3620098201562265
regen_16QAM_s20262004_p+00_Nd4001,16QAM,20262004,0,dsh,0.25,2.3652945685586224
regen_16QAM_s20262004_p+00_Nd4001,16QAM,20262004,0,atomic,0.5,1.87465764287673
regen_16QAM_s20262004_p+00_Nd4001,16QAM,20262004,0,static,0.5,3.980478132781371
regen_16QAM_s20262004_p+00_Nd4001,16QAM,20262004,0,static_lti,0.5,2.306239855138353
regen_16QAM_s20262004_p+00_Nd4001,16QAM,20262004,0,static_mh,0.5,3.573813080815456
regen_16QAM_s20262004_p+00_Nd4001,16QAM,20262004,0,static_lti_mh,0.5,2.3049566038488174
regen_16QAM_s20262004_p+00_Nd4001,16QAM,20262004,0,linear,0.5,2.3587287259458662
regen_16QAM_s20262004_p+00_Nd4001,16QAM,20262004,0,dsh,0.5,2.361464602448262
regen_16QAM_s20262004_p+00_Nd4001,16QAM,20262004,0,atomic,1.0,1.8667647366582862
regen_16QAM_s20262004_p+00_Nd4001,16QAM,20262004,0,static,1.0,3.977187075517464
regen_16QAM_s20262004_p+00_Nd4001,16QAM,20262004,0,static_lti,1.0,2.295642399198238
regen_16QAM_s20262004_p+00_Nd4001,16QAM,20262004,0,static_mh,1.0,3.5643209658009103
regen_16QAM_s20262004_p+00_Nd4001,16QAM,20262004,0,static_lti_mh,1.0,2.2943825953757746
regen_16QAM_s20262004_p+00_Nd4001,16QAM,20262004,0,linear,1.0,2.35032937029352
regen_16QAM_s20262004_p+00_Nd4001,16QAM,20262004,0,dsh,1.0,2.351491639435499
regen_16QAM_s20262004_p+00_Nd4001,16QAM,20262004,0,atomic,2.0,1.8438531421524396
regen_16QAM_s20262004_p+00_Nd4001,16QAM,20262004,0,static,2.0,3.9579237968575143
regen_16QAM_s20262004_p+00_Nd4001,16QAM,20262004,0,static_lti,2.0,2.2652633686387413
regen_16QAM_s20262004_p+00_Nd4001,16QAM,20262004,0,static_mh,2.0,3.507427562936162
regen_16QAM_s20262004_p+00_Nd4001,16QAM,20262004,0,static_lti_mh,2.0,2.264077716777862
regen_16QAM_s20262004_p+00_Nd4001,16QAM,20262004,0,linear,2.0,2.3264398300818367
regen_16QAM_s20262004_p+00_Nd4001,16QAM,20262004,0,dsh,2.0,2.32267047825897
regen_16QAM_s20262004_p+00_Nd4001,16QAM,20262004,0,atomic,4.0,1.7725896341562053
regen_16QAM_s20262004_p+00_Nd4001,16QAM,20262004,0,static,4.0,3.6653506065918138
regen_16QAM_s20262004_p+00_Nd4001,16QAM,20262004,0,static_lti,4.0,2.172832475539033
regen_16QAM_s20262004_p+00_Nd4001,16QAM,20262004,0,static_mh,4.0,3.244103889225002
regen_16QAM_s20262004_p+00_Nd4001,16QAM,20262004,0,static_lti_mh,4.0,2.1718728959378013
regen_16QAM_s20262004_p+00_Nd4001,16QAM,20262004,0,linear,4.0,2.2532815690034567
regen_16QAM_s20262004_p+00_Nd4001,16QAM,20262004,0,dsh,4.0,2.233872960862297
regen_16QAM_s20262004_p+03_Nd4001,16QAM,20262004,3,atomic,0.25,1.3413816069727
regen_16QAM_s20262004_p+03_Nd4001,16QAM,20262004,3,static,0.25,3.8330712177384005
regen_16QAM_s20262004_p+03_Nd4001,16QAM,20262004,3,static_lti,0.25,2.2216935256214843
regen_16QAM_s20262004_p+03_Nd4001,16QAM,20262004,3,static_mh,0.25,2.2138822383222334
regen_16QAM_s20262004_p+03_Nd4001,16QAM,20262004,3,static_lti_mh,0.25,2.2226574924714253
regen_16QAM_s20262004_p+03_Nd4001,16QAM,20262004,3,linear,0.25,2.36285118706924
regen_16QAM_s20262004_p+03_Nd4001,16QAM,20262004,3,dsh,0.25,2.3744589626309835
regen_16QAM_s20262004_p+03_Nd4001,16QAM,20262004,3,atomic,0.5,1.3399480983106469
regen_16QAM_s20262004_p+03_Nd4001,16QAM,20262004,3,static,0.5,3.8321605746789675
regen_16QAM_s20262004_p+03_Nd4001,16QAM,20262004,3,static_lti,0.5,2.2185944197290337
regen_16QAM_s20262004_p+03_Nd4001,16QAM,20262004,3,static_mh,0.5,2.215183077783571
regen_16QAM_s20262004_p+03_Nd4001,16QAM,20262004,3,static_lti_mh,0.5,2.219490471667811
regen_16QAM_s20262004_p+03_Nd4001,16QAM,20262004,3,linear,0.5,2.3607204095378256
regen_16QAM_s20262004_p+03_Nd4001,16QAM,20262004,3,dsh,0.5,2.3715308502290706
regen_16QAM_s20262004_p+03_Nd4001,16QAM,20262004,3,atomic,1.0,1.3362202558846927
regen_16QAM_s20262004_p+03_Nd4001,16QAM,20262004,3,static,1.0,3.8267856929294117
regen_16QAM_s20262004_p+03_Nd4001,16QAM,20262004,3,static_lti,1.0,2.2108169981655
regen_16QAM_s20262004_p+03_Nd4001,16QAM,20262004,3,static_mh,1.0,2.2155316507486864
regen_16QAM_s20262004_p+03_Nd4001,16QAM,20262004,3,static_lti_mh,1.0,2.2115691580951773
regen_16QAM_s20262004_p+03_Nd4001,16QAM,20262004,3,linear,1.0,2.3555308554422902
regen_16QAM_s20262004_p+03_Nd4001,16QAM,20262004,3,dsh,1.0,2.3641745418832056
regen_16QAM_s20262004_p+03_Nd4001,16QAM,20262004,3,atomic,2.0,1.325386753126266
regen_16QAM_s20262004_p+03_Nd4001,16QAM,20262004,3,static,2.0,3.7943717150980727
regen_16QAM_s20262004_p+03_Nd4001,16QAM,20262004,3,static_lti,2.0,2.18917930110666
regen_16QAM_s20262004_p+03_Nd4001,16QAM,20262004,3,static_mh,2.0,2.207238714490653
regen_16QAM_s20262004_p+03_Nd4001,16QAM,20262004,3,static_lti_mh,2.0,2.189603059114721
regen_16QAM_s20262004_p+03_Nd4001,16QAM,20262004,3,linear,2.0,2.34151692030376
regen_16QAM_s20262004_p+03_Nd4001,16QAM,20262004,3,dsh,2.0,2.3436246410237263
regen_16QAM_s20262004_p+03_Nd4001,16QAM,20262004,3,atomic,4.0,1.291015888161862
regen_16QAM_s20262004_p+03_Nd4001,16QAM,20262004,3,static,4.0,3.579950700297937
regen_16QAM_s20262004_p+03_Nd4001,16QAM,20262004,3,static_lti,4.0,2.124029093516699
regen_16QAM_s20262004_p+03_Nd4001,16QAM,20262004,3,static_mh,4.0,2.1564196877769954
regen_16QAM_s20262004_p+03_Nd4001,16QAM,20262004,3,static_lti_mh,4.0,2.123597682090351
regen_16QAM_s20262004_p+03_Nd4001,16QAM,20262004,3,linear,4.0,2.2998316265502607
regen_16QAM_s20262004_p+03_Nd4001,16QAM,20262004,3,dsh,4.0,2.281093537708939
regen_16QAM_s20262004_p+06_Nd4001,16QAM,20262004,6,atomic,0.25,1.1408354823359437
regen_16QAM_s20262004_p+06_Nd4001,16QAM,20262004,6,static,0.25,3.124981623207793
regen_16QAM_s20262004_p+06_Nd4001,16QAM,20262004,6,static_lti,0.25,1.918376980425422
regen_16QAM_s20262004_p+06_Nd4001,16QAM,20262004,6,static_mh,0.25,1.1104835143422906
regen_16QAM_s20262004_p+06_Nd4001,16QAM,20262004,6,static_lti_mh,0.25,1.903887437595717
regen_16QAM_s20262004_p+06_Nd4001,16QAM,20262004,6,linear,0.25,2.3634147253088393
regen_16QAM_s20262004_p+06_Nd4001,16QAM,20262004,6,dsh,0.25,2.3625502558938996
regen_16QAM_s20262004_p+06_Nd4001,16QAM,20262004,6,atomic,0.5,1.1395197900336065
regen_16QAM_s20262004_p+06_Nd4001,16QAM,20262004,6,static,0.5,3.1214058230412682
regen_16QAM_s20262004_p+06_Nd4001,16QAM,20262004,6,static_lti,0.5,1.9160631243615536
regen_16QAM_s20262004_p+06_Nd4001,16QAM,20262004,6,static_mh,0.5,1.1104413620732732
regen_16QAM_s20262004_p+06_Nd4001,16QAM,20262004,6,static_lti_mh,0.5,1.9015377473869486
regen_16QAM_s20262004_p+06_Nd4001,16QAM,20262004,6,linear,0.5,2.3620028533165898
regen_16QAM_s20262004_p+06_Nd4001,16QAM,20262004,6,dsh,0.5,2.3599850087972154
regen_16QAM_s20262004_p+06_Nd4001,16QAM,20262004,6,atomic,1.0,1.1363910630602618
regen_16QAM_s20262004_p+06_Nd4001,16QAM,20262004,6,static,1.0,3.1078813297168986
regen_16QAM_s20262004_p+06_Nd4001,16QAM,20262004,6,static_lti,1.0,1.9102469518039962
regen_16QAM_s20262004_p+06_Nd4001,16QAM,20262004,6,static_mh,1.0,1.1098492931767274
regen_16QAM_s20262004_p+06_Nd4001,16QAM,20262004,6,static_lti_mh,1.0,1.8956568177087394
regen_16QAM_s20262004_p+06_Nd4001,16QAM,20262004,6,linear,1.0,2.358711757807909
regen_16QAM_s20262004_p+06_Nd4001,16QAM,20262004,6,dsh,1.0,2.3535476445252526
regen_16QAM_s20262004_p+06_Nd4001,16QAM,20262004,6,atomic,2.0,1.1281756727643901
regen_16QAM_s20262004_p+06_Nd4001,16QAM,20262004,6,static,2.0,3.0567944834440537
regen_16QAM_s20262004_p+06_Nd4001,16QAM,20262004,6,static_lti,2.0,1.8939835543500452
regen_16QAM_s20262004_p+06_Nd4001,16QAM,20262004,6,static_mh,2.0,1.1066394644493431
regen_16QAM_s20262004_p+06_Nd4001,16QAM,20262004,6,static_lti_mh,2.0,1.8792856407589589
regen_16QAM_s20262004_p+06_Nd4001,16QAM,20262004,6,linear,2.0,2.3502837909285166
regen_16QAM_s20262004_p+06_Nd4001,16QAM,20262004,6,dsh,2.0,2.335560808486079
regen_16QAM_s20262004_p+06_Nd4001,16QAM,20262004,6,atomic,4.0,1.1042809495739743
regen_16QAM_s20262004_p+06_Nd4001,16QAM,20262004,6,static,4.0,2.8746189952966
regen_16QAM_s20262004_p+06_Nd4001,16QAM,20262004,6,static_lti,4.0,1.8442977232975744
regen_16QAM_s20262004_p+06_Nd4001,16QAM,20262004,6,static_mh,4.0,1.092293361109606
regen_16QAM_s20262004_p+06_Nd4001,16QAM,20262004,6,static_lti_mh,4.0,1.8294253597552046
regen_16QAM_s20262004_p+06_Nd4001,16QAM,20262004,6,linear,4.0,2.326304755326285
regen_16QAM_s20262004_p+06_Nd4001,16QAM,20262004,6,dsh,4.0,2.2805205267260353
regen_16QAM_s20262004_p-03_Nd4001,16QAM,20262004,-3,atomic,0.25,2.1947283521009218
regen_16QAM_s20262004_p-03_Nd4001,16QAM,20262004,-3,static,0.25,3.999676377541509
regen_16QAM_s20262004_p-03_Nd4001,16QAM,20262004,-3,static_lti,0.25,2.338153828946481
regen_16QAM_s20262004_p-03_Nd4001,16QAM,20262004,-3,static_mh,0.25,3.5796592294345535
regen_16QAM_s20262004_p-03_Nd4001,16QAM,20262004,-3,static_lti_mh,0.25,2.3318292496510784
regen_16QAM_s20262004_p-03_Nd4001,16QAM,20262004,-3,linear,0.25,2.360731111995868
regen_16QAM_s20262004_p-03_Nd4001,16QAM,20262004,-3,dsh,0.25,2.357057375132065
regen_16QAM_s20262004_p-03_Nd4001,16QAM,20262004,-3,atomic,0.5,2.1892020437835487
regen_16QAM_s20262004_p-03_Nd4001,16QAM,20262004,-3,static,0.5,3.9993424979486885
regen_16QAM_s20262004_p-03_Nd4001,16QAM,20262004,-3,static_lti,0.5,2.3323180378617585
regen_16QAM_s20262004_p-03_Nd4001,16QAM,20262004,-3,static_mh,0.5,3.567378017072641
regen_16QAM_s20262004_p-03_Nd4001,16QAM,20262004,-3,static_lti_mh,0.5,2.32606058420895
regen_16QAM_s20262004_p-03_Nd4001,16QAM,20262004,-3,linear,0.5,2.355558220117311
regen_16QAM_s20262004_p-03_Nd4001,16QAM,20262004,-3,dsh,0.5,2.3514971726048834
regen_16QAM_s20262004_p-03_Nd4001,16QAM,20262004,-3,atomic,1.0,2.174471291636399
regen_16QAM_s20262004_p-03_Nd4001,16QAM,20262004,-3,static,1.0,3.997152602508651
regen_16QAM_s20262004_p-03_Nd4001,16QAM,20262004,-3,static_lti,1.0,2.316490746955809
regen_16QAM_s20262004_p-03_Nd4001,16QAM,20262004,-3,static_mh,1.0,3.528591362354078
regen_16QAM_s20262004_p-03_Nd4001,16QAM,20262004,-3,static_lti_mh,1.0,2.310416304288233
regen_16QAM_s20262004_p-03_Nd4001,16QAM,20262004,-3,linear,1.0,2.341594390704386
regen_16QAM_s20262004_p-03_Nd4001,16QAM,20262004,-3,dsh,1.0,2.3363540355001415
regen_16QAM_s20262004_p-03_Nd4001,16QAM,20262004,-3,atomic,2.0,2.131328104739636
regen_16QAM_s20262004_p-03_Nd4001,16QAM,20262004,-3,static,2.0,3.9574111186723533
regen_16QAM_s20262004_p-03_Nd4001,16QAM,20262004,-3,static_lti,2.0,2.26938798686044
regen_16QAM_s20262004_p-03_Nd4001,16QAM,20262004,-3,static_mh,2.0,3.38672407460141
regen_16QAM_s20262004_p-03_Nd4001,16QAM,20262004,-3,static_lti_mh,2.0,2.2638703968367393
regen_16QAM_s20262004_p-03_Nd4001,16QAM,20262004,-3,linear,2.0,2.3000690513094137
regen_16QAM_s20262004_p-03_Nd4001,16QAM,20262004,-3,dsh,2.0,2.291039138280484
regen_16QAM_s20262004_p-03_Nd4001,16QAM,20262004,-3,atomic,4.0,2.0009560654185234
regen_16QAM_s20262004_p-03_Nd4001,16QAM,20262004,-3,static,4.0,3.405310766442324
regen_16QAM_s20262004_p-03_Nd4001,16QAM,20262004,-3,static_lti,4.0,2.125959462794832
regen_16QAM_s20262004_p-03_Nd4001,16QAM,20262004,-3,static_mh,4.0,2.9228550642077833
regen_16QAM_s20262004_p-03_Nd4001,16QAM,20262004,-3,static_lti_mh,4.0,2.122104589529045
regen_16QAM_s20262004_p-03_Nd4001,16QAM,20262004,-3,linear,4.0,2.172395711388541
regen_16QAM_s20262004_p-03_Nd4001,16QAM,20262004,-3,dsh,4.0,2.1519237816012105
regen_16QAM_s20262004_p-06_Nd4001,16QAM,20262004,-6,atomic,0.25,2.3027028150480984
regen_16QAM_s20262004_p-06_Nd4001,16QAM,20262004,-6,static,0.25,3.9999678421327585
regen_16QAM_s20262004_p-06_Nd4001,16QAM,20262004,-6,static_lti,0.25,2.3483441729233228
regen_16QAM_s20262004_p-06_Nd4001,16QAM,20262004,-6,static_mh,0.25,3.591628778259676
regen_16QAM_s20262004_p-06_Nd4001,16QAM,20262004,-6,static_lti_mh,0.25,2.3414919890917996
regen_16QAM_s20262004_p-06_Nd4001,16QAM,20262004,-6,linear,0.25,2.3587455541210582
regen_16QAM_s20262004_p-06_Nd4001,16QAM,20262004,-6,dsh,0.25,2.3532501712287623
regen_16QAM_s20262004_p-06_Nd4001,16QAM,20262004,-6,atomic,0.5,2.2937619301835976
regen_16QAM_s20262004_p-06_Nd4001,16QAM,20262004,-6,static,0.5,3.9998846042728426
regen_16QAM_s20262004_p-06_Nd4001,16QAM,20262004,-6,static_lti,0.5,2.3394235972233206
regen_16QAM_s20262004_p-06_Nd4001,16QAM,20262004,-6,static_mh,0.5,3.5719589150829227
regen_16QAM_s20262004_p-06_Nd4001,16QAM,20262004,-6,static_lti_mh,0.5,2.3326727708255146
regen_16QAM_s20262004_p-06_Nd4001,16QAM,20262004,-6,linear,0.5,2.350374710948611
regen_16QAM_s20262004_p-06_Nd4001,16QAM,20262004,-6,dsh,0.5,2.344602594666123
regen_16QAM_s20262004_p-06_Nd4001,16QAM,20262004,-6,atomic,1.0,2.2687544182673753
regen_16QAM_s20262004_p-06_Nd4001,16QAM,20262004,-6,static,1.0,3.997233112985124
regen_16QAM_s20262004_p-06_Nd4001,16QAM,20262004,-6,static_lti,1.0,2.3140183424842635
regen_16QAM_s20262004_p-06_Nd4001,16QAM,20262004,-6,static_mh,1.0,3.5048293694861226
regen_16QAM_s20262004_p-06_Nd4001,16QAM,20262004,-6,static_lti_mh,1.0,2.307564353197613
regen_16QAM_s20262004_p-06_Nd4001,16QAM,20262004,-6,linear,1.0,2.3265743282276334
regen_16QAM_s20262004_p-06_Nd4001,16QAM,20262004,-6,dsh,1.0,2.3199186058230734
regen_16QAM_s20262004_p-06_Nd4001,16QAM,20262004,-6,atomic,2.0,2.1935652504623535
regen_16QAM_s20262004_p-06_Nd4001,16QAM,20262004,-6,static,2.0,3.8401105055673135
regen_16QAM_s20262004_p-06_Nd4001,16QAM,20262004,-6,static_lti,2.0,2.2363638751982657
regen_16QAM_s20262004_p-06_Nd4001,16QAM,20262004,-6,static_mh,2.0,3.254677961450683
regen_16QAM_s20262004_p-06_Nd4001,16QAM,20262004,-6,static_lti_mh,2.0,2.230856091080933
regen_16QAM_s20262004_p-06_Nd4001,16QAM,20262004,-6,linear,2.0,2.253698238723839
regen_16QAM_s20262004_p-06_Nd4001,16QAM,20262004,-6,dsh,2.0,2.244239184714259
regen_16QAM_s20262004_p-06_Nd4001,16QAM,20262004,-6,atomic,4.0,1.973584524674913
regen_16QAM_s20262004_p-06_Nd4001,16QAM,20262004,-6,static,4.0,2.9357751041867193
regen_16QAM_s20262004_p-06_Nd4001,16QAM,20262004,-6,static_lti,4.0,2.007117834563924
regen_16QAM_s20262004_p-06_Nd4001,16QAM,20262004,-6,static_mh,4.0,2.559657649268155
regen_16QAM_s20262004_p-06_Nd4001,16QAM,20262004,-6,static_lti_mh,4.0,2.0042021497438287
regen_16QAM_s20262004_p-06_Nd4001,16QAM,20262004,-6,linear,4.0,2.0366257571477493
regen_16QAM_s20262004_p-06_Nd4001,16QAM,20262004,-6,dsh,4.0,2.019602828209925
regen_16QAM_s20262004_p-10_Nd4001,16QAM,20262004,-10,atomic,0.25,2.3394421228116746
regen_16QAM_s20262004_p-10_Nd4001,16QAM,20262004,-10,static,0.25,3.9999752244936215
regen_16QAM_s20262004_p-10_Nd4001,16QAM,20262004,-10,static_lti,0.25,2.350233351701779
regen_16QAM_s20262004_p-10_Nd4001,16QAM,20262004,-10,static_mh,0.25,3.801578722404349
regen_16QAM_s20262004_p-10_Nd4001,16QAM,20262004,-10,static_lti_mh,0.25,2.3453685752258058
regen_16QAM_s20262004_p-10_Nd4001,16QAM,20262004,-10,linear,0.25,2.3541426405050996
regen_16QAM_s20262004_p-10_Nd4001,16QAM,20262004,-10,dsh,0.25,2.3498130860558675
regen_16QAM_s20262004_p-10_Nd4001,16QAM,20262004,-10,atomic,0.5,2.32223466847986
regen_16QAM_s20262004_p-10_Nd4001,16QAM,20262004,-10,static,0.5,3.9996511091952653
regen_16QAM_s20262004_p-10_Nd4001,16QAM,20262004,-10,static_lti,0.5,2.3332257523168543
regen_16QAM_s20262004_p-10_Nd4001,16QAM,20262004,-10,static_mh,0.5,3.7630420118446817
regen_16QAM_s20262004_p-10_Nd4001,16QAM,20262004,-10,static_lti_mh,0.5,2.3284989169689276
regen_16QAM_s20262004_p-10_Nd4001,16QAM,20262004,-10,linear,0.5,2.337566029480502
regen_16QAM_s20262004_p-10_Nd4001,16QAM,20262004,-10,dsh,0.5,2.3330723164268004
regen_16QAM_s20262004_p-10_Nd4001,16QAM,20262004,-10,atomic,1.0,2.2711247458599817
regen_16QAM_s20262004_p-10_Nd4001,16QAM,20262004,-10,static,1.0,3.9606079187348695
regen_16QAM_s20262004_p-10_Nd4001,16QAM,20262004,-10,static_lti,1.0,2.2820593472456503
regen_16QAM_s20262004_p-10_Nd4001,16QAM,20262004,-10,static_mh,1.0,3.616680197685614
regen_16QAM_s20262004_p-10_Nd4001,16QAM,20262004,-10,static_lti_mh,1.0,2.2777689484341797
regen_16QAM_s20262004_p-10_Nd4001,16QAM,20262004,-10,linear,1.0,2.2876922633322443
regen_16QAM_s20262004_p-10_Nd4001,16QAM,20262004,-10,dsh,1.0,2.2826682170378856
regen_16QAM_s20262004_p-10_Nd4001,16QAM,20262004,-10,atomic,2.0,2.116967406824792
regen_16QAM_s20262004_p-10_Nd4001,16QAM,20262004,-10,static,2.0,3.363470048866477
regen_16QAM_s20262004_p-10_Nd4001,16QAM,20262004,-10,static_lti,2.0,2.126036371955475
regen_16QAM_s20262004_p-10_Nd4001,16QAM,20262004,-10,static_mh,2.0,3.0622764653703296
regen_16QAM_s20262004_p-10_Nd4001,16QAM,20262004,-10,static_lti_mh,2.0,2.1230969830524913
regen_16QAM_s20262004_p-10_Nd4001,16QAM,20262004,-10,linear,2.0,2.135251359011676
regen_16QAM_s20262004_p-10_Nd4001,16QAM,20262004,-10,dsh,2.0,2.1287231660137698
regen_16QAM_s20262004_p-10_Nd4001,16QAM,20262004,-10,atomic,4.0,1.7140290244794791
regen_16QAM_s20262004_p-10_Nd4001,16QAM,20262004,-10,static,4.0,2.130700736033462
regen_16QAM_s20262004_p-10_Nd4001,16QAM,20262004,-10,static_lti,4.0,1.716918377646383
regen_16QAM_s20262004_p-10_Nd4001,16QAM,20262004,-10,static_mh,4.0,1.9838431861883412
regen_16QAM_s20262004_p-10_Nd4001,16QAM,20262004,-10,static_lti_mh,4.0,1.7165809538671486
regen_16QAM_s20262004_p-10_Nd4001,16QAM,20262004,-10,linear,4.0,1.7328777546381775
regen_16QAM_s20262004_p-10_Nd4001,16QAM,20262004,-10,dsh,4.0,1.7232544825058964
regen_16QAM_s20262004_p-15_Nd4001,16QAM,20262004,-15,atomic,0.25,2.3385974034522263
regen_16QAM_s20262004_p-15_Nd4001,16QAM,20262004,-15,static,0.25,3.9998556845176556
regen_16QAM_s20262004_p-15_Nd4001,16QAM,20262004,-15,static_lti,0.25,2.340447661872232
regen_16QAM_s20262004_p-15_Nd4001,16QAM,20262004,-15,static_mh,0.25,3.9512679629806664
regen_16QAM_s20262004_p-15_Nd4001,16QAM,20262004,-15,static_lti_mh,0.25,2.3376244242203725
regen_16QAM_s20262004_p-15_Nd4001,16QAM,20262004,-15,linear,0.25,2.341748077416024
regen_16QAM_s20262004_p-15_Nd4001,16QAM,20262004,-15,dsh,0.25,2.3390529984941164
regen_16QAM_s20262004_p-15_Nd4001,16QAM,20262004,-15,atomic,0.5,2.2967611109030166
regen_16QAM_s20262004_p-15_Nd4001,16QAM,20262004,-15,static,0.5,3.982917445205769
regen_16QAM_s20262004_p-15_Nd4001,16QAM,20262004,-15,static_lti,0.5,2.2989471711757425
regen_16QAM_s20262004_p-15_Nd4001,16QAM,20262004,-15,static_mh,0.5,3.859858146263945
regen_16QAM_s20262004_p-15_Nd4001,16QAM,20262004,-15,static_lti_mh,0.5,2.2963283882802643
regen_16QAM_s20262004_p-15_Nd4001,16QAM,20262004,-15,linear,0.5,2.300540895007819
regen_16QAM_s20262004_p-15_Nd4001,16QAM,20262004,-15,dsh,0.5,2.2978431786230393
regen_16QAM_s20262004_p-15_Nd4001,16QAM,20262004,-15,atomic,1.0,2.169253876613989
regen_16QAM_s20262004_p-15_Nd4001,16QAM,20262004,-15,static,1.0,3.546337620470594
regen_16QAM_s20262004_p-15_Nd4001,16QAM,20262004,-15,static_lti,1.0,2.1714050941170537
regen_16QAM_s20262004_p-15_Nd4001,16QAM,20262004,-15,static_mh,1.0,3.400045106266585
regen_16QAM_s20262004_p-15_Nd4001,16QAM,20262004,-15,static_lti_mh,1.0,2.169450508561772
regen_16QAM_s20262004_p-15_Nd4001,16QAM,20262004,-15,linear,1.0,2.173824892482807
regen_16QAM_s20262004_p-15_Nd4001,16QAM,20262004,-15,dsh,1.0,2.1711601578853754
regen_16QAM_s20262004_p-15_Nd4001,16QAM,20262004,-15,atomic,2.0,1.8208855798512558
regen_16QAM_s20262004_p-15_Nd4001,16QAM,20262004,-15,static,2.0,2.3790208599530205
regen_16QAM_s20262004_p-15_Nd4001,16QAM,20262004,-15,static_lti,2.0,1.8211098857136636
regen_16QAM_s20262004_p-15_Nd4001,16QAM,20262004,-15,static_mh,2.0,2.296651967192363
regen_16QAM_s20262004_p-15_Nd4001,16QAM,20262004,-15,static_lti_mh,2.0,1.8206348429170989
regen_16QAM_s20262004_p-15_Nd4001,16QAM,20262004,-15,linear,2.0,1.8252441258330054
regen_16QAM_s20262004_p-15_Nd4001,16QAM,20262004,-15,dsh,2.0,1.822651051515386
regen_16QAM_s20262004_p-15_Nd4001,16QAM,20262004,-15,atomic,4.0,1.1586978497407447
regen_16QAM_s20262004_p-15_Nd4001,16QAM,20262004,-15,static,4.0,1.1503820781878593
regen_16QAM_s20262004_p-15_Nd4001,16QAM,20262004,-15,static_lti,4.0,1.1559557229907564
regen_16QAM_s20262004_p-15_Nd4001,16QAM,20262004,-15,static_mh,4.0,1.1181905452279777
regen_16QAM_s20262004_p-15_Nd4001,16QAM,20262004,-15,static_lti_mh,4.0,1.1567635415003186
regen_16QAM_s20262004_p-15_Nd4001,16QAM,20262004,-15,linear,4.0,1.1612841900718405
regen_16QAM_s20262004_p-15_Nd4001,16QAM,20262004,-15,dsh,4.0,1.1588297265094374
regen_16QAM_s20262104_p+00_Nd4001,16QAM,20262104,0,atomic,0.25,2.0452240206789902
regen_16QAM_s20262104_p+00_Nd4001,16QAM,20262104,0,static,0.25,3.9969664622486687
regen_16QAM_s20262104_p+00_Nd4001,16QAM,20262104,0,static_lti,0.25,2.377393813921737
regen_16QAM_s20262104_p+00_Nd4001,16QAM,20262104,0,static_mh,0.25,3.661738386697991
regen_16QAM_s20262104_p+00_Nd4001,16QAM,20262104,0,static_lti_mh,0.25,2.371766837498531
regen_16QAM_s20262104_p+00_Nd4001,16QAM,20262104,0,linear,0.25,2.4095402786327784
regen_16QAM_s20262104_p+00_Nd4001,16QAM,20262104,0,dsh,0.25,2.4011199810917248
regen_16QAM_s20262104_p+00_Nd4001,16QAM,20262104,0,atomic,0.5,2.0449870379337485
regen_16QAM_s20262104_p+00_Nd4001,16QAM,20262104,0,static,0.5,3.9964137539910154
regen_16QAM_s20262104_p+00_Nd4001,16QAM,20262104,0,static_lti,0.5,2.377319277006912
regen_16QAM_s20262104_p+00_Nd4001,16QAM,20262104,0,static_mh,0.5,3.6577769124458643
regen_16QAM_s20262104_p+00_Nd4001,16QAM,20262104,0,static_lti_mh,0.5,2.3715483899480345
regen_16QAM_s20262104_p+00_Nd4001,16QAM,20262104,0,linear,0.5,2.409279917734983
regen_16QAM_s20262104_p+00_Nd4001,16QAM,20262104,0,dsh,0.5,2.4008376019078805
regen_16QAM_s20262104_p+00_Nd4001,16QAM,20262104,0,atomic,1.0,2.0427235606465657
regen_16QAM_s20262104_p+00_Nd4001,16QAM,20262104,0,static,1.0,3.9926708267948428
regen_16QAM_s20262104_p+00_Nd4001,16QAM,20262104,0,static_lti,1.0,2.3748874692615902
regen_16QAM_s20262104_p+00_Nd4001,16QAM,20262104,0,static_mh,1.0,3.643074549180215
regen_16QAM_s20262104_p+00_Nd4001,16QAM,20262104,0,static_lti_mh,1.0,2.3688369745789526
regen_16QAM_s20262104_p+00_Nd4001,16QAM,20262104,0,linear,1.0,2.4070719727139944
regen_16QAM_s20262104_p+00_Nd4001,16QAM,20262104,0,dsh,1.0,2.3981651481361808
regen_16QAM_s20262104_p+00_Nd4001,16QAM,20262104,0,atomic,2.0,2.031180390061297
regen_16QAM_s20262104_p+00_Nd4001,16QAM,20262104,0,static,2.0,3.9588290750942985
regen_16QAM_s20262104_p+00_Nd4001,16QAM,20262104,0,static_lti,2.0,2.361070875892978
regen_16QAM_s20262104_p+00_Nd4001,16QAM,20262104,0,static_mh,2.0,3.583946856010669
regen_16QAM_s20262104_p+00_Nd4001,16QAM,20262104,0,static_lti_mh,2.0,2.354502012746224
regen_16QAM_s20262104_p+00_Nd4001,16QAM,20262104,0,linear,2.0,2.396020487363719
regen_16QAM_s20262104_p+00_Nd4001,16QAM,20262104,0,dsh,2.0,2.3845502330398984
regen_16QAM_s20262104_p+00_Nd4001,16QAM,20262104,0,atomic,4.0,1.9820899866570514
regen_16QAM_s20262104_p+00_Nd4001,16QAM,20262104,0,static,4.0,3.724530861372923
regen_16QAM_s20262104_p+00_Nd4001,16QAM,20262104,0,static_lti,4.0,2.3006079341504586
regen_16QAM_s20262104_p+00_Nd4001,16QAM,20262104,0,static_mh,4.0,3.33858767516025
regen_16QAM_s20262104_p+00_Nd4001,16QAM,20262104,0,static_lti_mh,4.0,2.2932241655201637
regen_16QAM_s20262104_p+00_Nd4001,16QAM,20262104,0,linear,4.0,2.3490775316750336
regen_16QAM_s20262104_p+00_Nd4001,16QAM,20262104,0,dsh,4.0,2.326720233774127
regen_16QAM_s20262104_p+03_Nd4001,16QAM,20262104,3,atomic,0.25,1.5899007131200387
regen_16QAM_s20262104_p+03_Nd4001,16QAM,20262104,3,static,0.25,3.892248988720477
regen_16QAM_s20262104_p+03_Nd4001,16QAM,20262104,3,static_lti,0.25,2.3060258175430746
regen_16QAM_s20262104_p+03_Nd4001,16QAM,20262104,3,static_mh,0.25,2.287583875551911
regen_16QAM_s20262104_p+03_Nd4001,16QAM,20262104,3,static_lti_mh,0.25,2.291907174910817
regen_16QAM_s20262104_p+03_Nd4001,16QAM,20262104,3,linear,0.25,2.409509759475973
regen_16QAM_s20262104_p+03_Nd4001,16QAM,20262104,3,dsh,0.25,2.3893013367334874
regen_16QAM_s20262104_p+03_Nd4001,16QAM,20262104,3,atomic,0.5,1.5898795003166124
regen_16QAM_s20262104_p+03_Nd4001,16QAM,20262104,3,static,0.5,3.8880001931326302
regen_16QAM_s20262104_p+03_Nd4001,16QAM,20262104,3,static_lti,0.5,2.3062831826692998
regen_16QAM_s20262104_p+03_Nd4001,16QAM,20262104,3,static_mh,0.5,2.285778550251029
regen_16QAM_s20262104_p+03_Nd4001,16QAM,20262104,3,static_lti_mh,0.5,2.292014407962775
regen_16QAM_s20262104_p+03_Nd4001,16QAM,20262104,3,linear,0.5,2.4095005706326766
regen_16QAM_s20262104_p+03_Nd4001,16QAM,20262104,3,dsh,0.5,2.3894119115104155
regen_16QAM_s20262104_p+03_Nd4001,16QAM,20262104,3,atomic,1.0,1.5890042057673692
regen_16QAM_s20262104_p+03_Nd4001,16QAM,20262104,3,static,1.0,3.8744570058165286
regen_16QAM_s20262104_p+03_Nd4001,16QAM,20262104,3,static_lti,1.0,2.305295251213026
regen_16QAM_s20262104_p+03_Nd4001,16QAM,20262104,3,static_mh,1.0,2.2800192481886055
regen_16QAM_s20262104_p+03_Nd4001,16QAM,20262104,3,static_lti_mh,1.0,2.2907422636708588
regen_16QAM_s20262104_p+03_Nd4001,16QAM,20262104,3,linear,1.0,2.40863410230994
regen_16QAM_s20262104_p+03_Nd4001,16QAM,20262104,3,dsh,1.0,2.388309750040155
regen_16QAM_s20262104_p+03_Nd4001,16QAM,20262104,3,atomic,2.0,1.5839578168670172
regen_16QAM_s20262104_p+03_Nd4001,16QAM,20262104,3,static,2.0,3.8263772335383317
regen_16QAM_s20262104_p+03_Nd4001,16QAM,20262104,3,static_lti,2.0,2.2973737021096095
regen_16QAM_s20262104_p+03_Nd4001,16QAM,20262104,3,static_mh,2.0,2.2601364294353927
regen_16QAM_s20262104_p+03_Nd4001,16QAM,20262104,3,static_lti_mh,2.0,2.2823221219634546
regen_16QAM_s20262104_p+03_Nd4001,16QAM,20262104,3,linear,2.0,2.403538064413348
regen_16QAM_s20262104_p+03_Nd4001,16QAM,20262104,3,dsh,2.0,2.380870131604962
regen_16QAM_s20262104_p+03_Nd4001,16QAM,20262104,3,atomic,4.0,1.5612223583014138
regen_16QAM_s20262104_p+03_Nd4001,16QAM,20262104,3,static,4.0,3.6361718818769475
regen_16QAM_s20262104_p+03_Nd4001,16QAM,20262104,3,static_lti,4.0,2.2590037744282694
regen_16QAM_s20262104_p+03_Nd4001,16QAM,20262104,3,static_mh,4.0,2.1898616947868876
regen_16QAM_s20262104_p+03_Nd4001,16QAM,20262104,3,static_lti_mh,4.0,2.2432952438612306
regen_16QAM_s20262104_p+03_Nd4001,16QAM,20262104,3,linear,4.0,2.3803364051966804
regen_16QAM_s20262104_p+03_Nd4001,16QAM,20262104,3,dsh,4.0,2.3459828210463165
regen_16QAM_s20262104_p+06_Nd4001,16QAM,20262104,6,atomic,0.25,1.1125614507074806
regen_16QAM_s20262104_p+06_Nd4001,16QAM,20262104,6,static,0.25,3.1450220914799654
regen_16QAM_s20262104_p+06_Nd4001,16QAM,20262104,6,static_lti,0.25,2.0480978410606974
regen_16QAM_s20262104_p+06_Nd4001,16QAM,20262104,6,static_mh,0.25,1.0680372982894717
regen_16QAM_s20262104_p+06_Nd4001,16QAM,20262104,6,static_lti_mh,0.25,2.0222322539095052
regen_16QAM_s20262104_p+06_Nd4001,16QAM,20262104,6,linear,0.25,2.409458992302095
regen_16QAM_s20262104_p+06_Nd4001,16QAM,20262104,6,dsh,0.25,2.3581602383561955
regen_16QAM_s20262104_p+06_Nd4001,16QAM,20262104,6,atomic,0.5,1.1130091903999457
regen_16QAM_s20262104_p+06_Nd4001,16QAM,20262104,6,static,0.5,3.143123830904404
regen_16QAM_s20262104_p+06_Nd4001,16QAM,20262104,6,static_lti,0.5,2.04850425792373
regen_16QAM_s20262104_p+06_Nd4001,16QAM,20262104,6,static_mh,0.5,1.0677072355436115
regen_16QAM_s20262104_p+06_Nd4001,16QAM,20262104,6,static_lti_mh,0.5,2.0225935176273526
regen_16QAM_s20262104_p+06_Nd4001,16QAM,20262104,6,linear,0.5,2.409540347841348
regen_16QAM_s20262104_p+06_Nd4001,16QAM,20262104,6,dsh,0.5,2.358739868582834
regen_16QAM_s20262104_p+06_Nd4001,16QAM,20262104,6,atomic,1.0,1.11352861004077
regen_16QAM_s20262104_p+06_Nd4001,16QAM,20262104,6,static,1.0,3.133764411840518
regen_16QAM_s20262104_p+06_Nd4001,16QAM,20262104,6,static_lti,1.0,2.0481337176708974
regen_16QAM_s20262104_p+06_Nd4001,16QAM,20262104,6,static_mh,1.0,1.06664953405823
regen_16QAM_s20262104_p+06_Nd4001,16QAM,20262104,6,static_lti_mh,1.0,2.022175555279107
regen_16QAM_s20262104_p+06_Nd4001,16QAM,20262104,6,linear,1.0,2.4092773615828444
regen_16QAM_s20262104_p+06_Nd4001,16QAM,20262104,6,dsh,1.0,2.3587821417139905
regen_16QAM_s20262104_p+06_Nd4001,16QAM,20262104,6,atomic,2.0,1.113062874730563
regen_16QAM_s20262104_p+06_Nd4001,16QAM,20262104,6,static,2.0,3.0941369057548296
regen_16QAM_s20262104_p+06_Nd4001,16QAM,20262104,6,static_lti,2.0,2.0426963967257965
regen_16QAM_s20262104_p+06_Nd4001,16QAM,20262104,6,static_mh,2.0,1.0629586462457052
regen_16QAM_s20262104_p+06_Nd4001,16QAM,20262104,6,static_lti_mh,2.0,2.016818996170885
regen_16QAM_s20262104_p+06_Nd4001,16QAM,20262104,6,linear,2.0,2.4070561901410543
regen_16QAM_s20262104_p+06_Nd4001,16QAM,20262104,6,dsh,2.0,2.3544247102303295
regen_16QAM_s20262104_p+06_Nd4001,16QAM,20262104,6,atomic,4.0,1.106176634994301
regen_16QAM_s20262104_p+06_Nd4001,16QAM,20262104,6,static,4.0,2.9452082517517972
regen_16QAM_s20262104_p+06_Nd4001,16QAM,20262104,6,static_lti,4.0,2.01379507260665
regen_16QAM_s20262104_p+06_Nd4001,16QAM,20262104,6,static_mh,4.0,1.0494689023784443
regen_16QAM_s20262104_p+06_Nd4001,16QAM,20262104,6,static_lti_mh,4.0,1.9887810439445093
regen_16QAM_s20262104_p+06_Nd4001,16QAM,20262104,6,linear,4.0,2.395947407883444
regen_16QAM_s20262104_p+06_Nd4001,16QAM,20262104,6,dsh,4.0,2.3284925171934816
regen_16QAM_s20262104_p-03_Nd4001,16QAM,20262104,-3,atomic,0.25,2.2879772278198547
regen_16QAM_s20262104_p-03_Nd4001,16QAM,20262104,-3,static,0.25,3.999908173375922
regen_16QAM_s20262104_p-03_Nd4001,16QAM,20262104,-3,static_lti,0.25,2.3976133414608043
regen_16QAM_s20262104_p-03_Nd4001,16QAM,20262104,-3,static_mh,0.25,3.579231301567298
regen_16QAM_s20262104_p-03_Nd4001,16QAM,20262104,-3,static_lti_mh,0.25,2.394691965995551
regen_16QAM_s20262104_p-03_Nd4001,16QAM,20262104,-3,linear,0.25,2.4095012510729683
regen_16QAM_s20262104_p-03_Nd4001,16QAM,20262104,-3,dsh,0.25,2.4052219206824597
regen_16QAM_s20262104_p-03_Nd4001,16QAM,20262104,-3,atomic,0.5,2.2869891725150517
regen_16QAM_s20262104_p-03_Nd4001,16QAM,20262104,-3,static,0.5,3.9998410887227207
regen_16QAM_s20262104_p-03_Nd4001,16QAM,20262104,-3,static_lti,0.5,2.3968385257565195
regen_16QAM_s20262104_p-03_Nd4001,16QAM,20262104,-3,static_mh,0.5,3.5774023246501327
regen_16QAM_s20262104_p-03_Nd4001,16QAM,20262104,-3,static_lti_mh,0.5,2.3938000316961814
regen_16QAM_s20262104_p-03_Nd4001,16QAM,20262104,-3,linear,0.5,2.4086408205642504
regen_16QAM_s20262104_p-03_Nd4001,16QAM,20262104,-3,dsh,0.5,2.4042680924955495
regen_16QAM_s20262104_p-03_Nd4001,16QAM,20262104,-3,atomic,1.0,2.2814383377407075
regen_16QAM_s20262104_p-03_Nd4001,16QAM,20262104,-3,static,1.0,3.9984539862673634
regen_16QAM_s20262104_p-03_Nd4001,16QAM,20262104,-3,static_lti,1.0,2.3913692098439805
regen_16QAM_s20262104_p-03_Nd4001,16QAM,20262104,-3,static_mh,1.0,3.557651457205345
regen_16QAM_s20262104_p-03_Nd4001,16QAM,20262104,-3,static_lti_mh,1.0,2.3881032714803516
regen_16QAM_s20262104_p-03_Nd4001,16QAM,20262104,-3,linear,1.0,2.4035725939264605
regen_16QAM_s20262104_p-03_Nd4001,16QAM,20262104,-3,dsh,1.0,2.398613043652034
regen_16QAM_s20262104_p-03_Nd4001,16QAM,20262104,-3,atomic,2.0,2.256607545164516
regen_16QAM_s20262104_p-03_Nd4001,16QAM,20262104,-3,static,2.0,3.9498096887278584
regen_16QAM_s20262104_p-03_Nd4001,16QAM,20262104,-3,static_lti,2.0,2.36531598388124
regen_16QAM_s20262104_p-03_Nd4001,16QAM,20262104,-3,static_mh,2.0,3.4570855960265714
regen_16QAM_s20262104_p-03_Nd4001,16QAM,20262104,-3,static_lti_mh,2.0,2.361629413441887
regen_16QAM_s20262104_p-03_Nd4001,16QAM,20262104,-3,linear,2.0,2.380485407908226
regen_16QAM_s20262104_p-03_Nd4001,16QAM,20262104,-3,dsh,2.0,2.372840094336325
regen_16QAM_s20262104_p-03_Nd4001,16QAM,20262104,-3,atomic,4.0,2.159566159686826
regen_16QAM_s20262104_p-03_Nd4001,16QAM,20262104,-3,static,4.0,3.51601976869123
regen_16QAM_s20262104_p-03_Nd4001,16QAM,20262104,-3,static_lti,4.0,2.261318076760039
regen_16QAM_s20262104_p-03_Nd4001,16QAM,20262104,-3,static_mh,4.0,3.0666163578624577
regen_16QAM_s20262104_p-03_Nd4001,16QAM,20262104,-3,static_lti_mh,4.0,2.256982425891306
regen_16QAM_s20262104_p-03_Nd4001,16QAM,20262104,-3,linear,4.0,2.2888974072877026
regen_16QAM_s20262104_p-03_Nd4001,16QAM,20262104,-3,dsh,4.0,2.2712310256609234
regen_16QAM_s20262104_p-06_Nd4001,16QAM,20262104,-6,atomic,0.25,2.369870968848828
regen_16QAM_s20262104_p-06_Nd4001,16QAM,20262104,-6,static,0.25,3.9999781755236645
regen_16QAM_s20262104_p-06_Nd4001,16QAM,20262104,-6,static_lti,0.25,2.404489967578243
regen_16QAM_s20262104_p-06_Nd4001,16QAM,20262104,-6,static_mh,0.25,3.6077897930485707
regen_16QAM_s20262104_p-06_Nd4001,16QAM,20262104,-6,static_lti_mh,0.25,2.4030302977899556
regen_16QAM_s20262104_p-06_Nd4001,16QAM,20262104,-6,linear,0.25,2.409282429265903
regen_16QAM_s20262104_p-06_Nd4001,16QAM,20262104,-6,dsh,0.25,2.4072708746268208
regen_16QAM_s20262104_p-06_Nd4001,16QAM,20262104,-6,atomic,0.5,2.367495941139705
regen_16QAM_s20262104_p-06_Nd4001,16QAM,20262104,-6,static,0.5,3.999901580487865
regen_16QAM_s20262104_p-06_Nd4001,16QAM,20262104,-6,static_lti,0.5,2.402285218264973
regen_16QAM_s20262104_p-06_Nd4001,16QAM,20262104,-6,static_mh,0.5,3.602817290916678
regen_16QAM_s20262104_p-06_Nd4001,16QAM,20262104,-6,static_lti_mh,0.5,2.4007244805889436
regen_16QAM_s20262104_p-06_Nd4001,16QAM,20262104,-6,linear,0.5,2.407087627499156
regen_16QAM_s20262104_p-06_Nd4001,16QAM,20262104,-6,dsh,0.5,2.404930620931806
regen_16QAM_s20262104_p-06_Nd4001,16QAM,20262104,-6,atomic,1.0,2.3558106047402587
regen_16QAM_s20262104_p-06_Nd4001,16QAM,20262104,-6,static,1.0,3.995371423071289
regen_16QAM_s20262104_p-06_Nd4001,16QAM,20262104,-6,static_lti,1.0,2.3907157518540503
regen_16QAM_s20262104_p-06_Nd4001,16QAM,20262104,-6,static_mh,1.0,3.5642538609554135
regen_16QAM_s20262104_p-06_Nd4001,16QAM,20262104,-6,static_lti_mh,1.0,2.388954063798368
regen_16QAM_s20262104_p-06_Nd4001,16QAM,20262104,-6,linear,1.0,2.3960931345803456
regen_16QAM_s20262104_p-06_Nd4001,16QAM,20262104,-6,dsh,1.0,2.3932565117646387
regen_16QAM_s20262104_p-06_Nd4001,16QAM,20262104,-6,atomic,2.0,2.3066818484334815
regen_16QAM_s20262104_p-06_Nd4001,16QAM,20262104,-6,static,2.0,3.861395965470632
regen_16QAM_s20262104_p-06_Nd4001,16QAM,20262104,-6,static_lti,2.0,2.3408748241568613
regen_16QAM_s20262104_p-06_Nd4001,16QAM,20262104,-6,static_mh,2.0,3.375691115270699
regen_16QAM_s20262104_p-06_Nd4001,16QAM,20262104,-6,static_lti_mh,2.0,2.3387296295963225
regen_16QAM_s20262104_p-06_Nd4001,16QAM,20262104,-6,linear,2.0,2.3493714077484036
regen_16QAM_s20262104_p-06_Nd4001,16QAM,20262104,-6,dsh,2.0,2.343798671219379
regen_16QAM_s20262104_p-06_Nd4001,16QAM,20262104,-6,atomic,4.0,2.1303571425562406
regen_16QAM_s20262104_p-06_Nd4001,16QAM,20262104,-6,static,4.0,3.0638868589152075
regen_16QAM_s20262104_p-06_Nd4001,16QAM,20262104,-6,static_lti,4.0,2.160446427810649
regen_16QAM_s20262104_p-06_Nd4001,16QAM,20262104,-6,static_mh,4.0,2.7492381884264825
regen_16QAM_s20262104_p-06_Nd4001,16QAM,20262104,-6,static_lti_mh,4.0,2.157743183179193
regen_16QAM_s20262104_p-06_Nd4001,16QAM,20262104,-6,linear,4.0,2.1795127679037165
regen_16QAM_s20262104_p-06_Nd4001,16QAM,20262104,-6,dsh,4.0,2.1653596586978603
regen_16QAM_s20262104_p-10_Nd4001,16QAM,20262104,-10,atomic,0.25,2.39946778904663
regen_16QAM_s20262104_p-10_Nd4001,16QAM,20262104,-10,static,0.25,3.9999742415794106
regen_16QAM_s20262104_p-10_Nd4001,16QAM,20262104,-10,static_lti,0.25,2.406724197074694
regen_16QAM_s20262104_p-10_Nd4001,16QAM,20262104,-10,static_mh,0.25,3.830894102452836
regen_16QAM_s20262104_p-10_Nd4001,16QAM,20262104,-10,static_lti_mh,0.25,2.4063515925562466
regen_16QAM_s20262104_p-10_Nd4001,16QAM,20262104,-10,linear,0.25,2.4082694500306467
regen_16QAM_s20262104_p-10_Nd4001,16QAM,20262104,-10,dsh,0.25,2.4076363085985495
regen_16QAM_s20262104_p-10_Nd4001,16QAM,20262104,-10,atomic,0.5,2.3926769958370957
regen_16QAM_s20262104_p-10_Nd4001,16QAM,20262104,-10,static,0.5,3.9993484541897986
regen_16QAM_s20262104_p-10_Nd4001,16QAM,20262104,-10,static_lti,0.5,2.4000684729410766
regen_16QAM_s20262104_p-10_Nd4001,16QAM,20262104,-10,static_mh,0.5,3.81339025925718
regen_16QAM_s20262104_p-10_Nd4001,16QAM,20262104,-10,static_lti_mh,0.5,2.3995969296542277
regen_16QAM_s20262104_p-10_Nd4001,16QAM,20262104,-10,linear,0.5,2.4017110176238776
regen_16QAM_s20262104_p-10_Nd4001,16QAM,20262104,-10,dsh,0.5,2.4008911006299654
regen_16QAM_s20262104_p-10_Nd4001,16QAM,20262104,-10,atomic,1.0,2.362672883049863
regen_16QAM_s20262104_p-10_Nd4001,16QAM,20262104,-10,static,1.0,3.9542096028211717
regen_16QAM_s20262104_p-10_Nd4001,16QAM,20262104,-10,static_lti,1.0,2.370201422263551
regen_16QAM_s20262104_p-10_Nd4001,16QAM,20262104,-10,static_mh,1.0,3.7023188090658943
regen_16QAM_s20262104_p-10_Nd4001,16QAM,20262104,-10,static_lti_mh,1.0,2.3695205786240874
regen_16QAM_s20262104_p-10_Nd4001,16QAM,20262104,-10,linear,1.0,2.3725471913124525
regen_16QAM_s20262104_p-10_Nd4001,16QAM,20262104,-10,dsh,1.0,2.3709944722748952
regen_16QAM_s20262104_p-10_Nd4001,16QAM,20262104,-10,atomic,2.0,2.2474305153200214
regen_16QAM_s20262104_p-10_Nd4001,16QAM,20262104,-10,static,2.0,3.472418484456367
regen_16QAM_s20262104_p-10_Nd4001,16QAM,20262104,-10,static_lti,2.0,2.254559743208061
regen_16QAM_s20262104_p-10_Nd4001,16QAM,20262104,-10,static_mh,2.0,3.2231869980818466
regen_16QAM_s20262104_p-10_Nd4001,16QAM,20262104,-10,static_lti_mh,2.0,2.2534766434857985
regen_16QAM_s20262104_p-10_Nd4001,16QAM,20262104,-10,linear,2.0,2.2597647872408295
regen_16QAM_s20262104_p-10_Nd4001,16QAM,20262104,-10,dsh,2.0,2.255732391331658
regen_16QAM_s20262104_p-10_Nd4001,16QAM,20262104,-10,atomic,4.0,1.8977649000692558
regen_16QAM_s20262104_p-10_Nd4001,16QAM,20262104,-10,static,4.0,2.254156691259501
regen_16QAM_s20262104_p-10_Nd4001,16QAM,20262104,-10,static_lti,4.0,1.9025655089101594
regen_16QAM_s20262104_p-10_Nd4001,16QAM,20262104,-10,static_mh,4.0,2.1701668433098322
regen_16QAM_s20262104_p-10_Nd4001,16QAM,20262104,-10,static_lti_mh,4.0,1.9010709095302722
regen_16QAM_s20262104_p-10_Nd4001,16QAM,20262104,-10,linear,4.0,1.914426774689495
regen_16QAM_s20262104_p-10_Nd4001,16QAM,20262104,-10,dsh,4.0,1.9049212409602805
regen_16QAM_s20262104_p-15_Nd4001,16QAM,20262104,-15,atomic,0.25,2.4025171688653204
regen_16QAM_s20262104_p-15_Nd4001,16QAM,20262104,-15,static,0.25,3.9997382167045696
regen_16QAM_s20262104_p-15_Nd4001,16QAM,20262104,-15,static_lti,0.25,2.4032312220499774
regen_16QAM_s20262104_p-15_Nd4001,16QAM,20262104,-15,static_mh,0.25,3.9737902900680964
regen_16QAM_s20262104_p-15_Nd4001,16QAM,20262104,-15,static_lti_mh,0.25,2.403219853161736
regen_16QAM_s20262104_p-15_Nd4001,16QAM,20262104,-15,linear,0.25,2.403640820358188
regen_16QAM_s20262104_p-15_Nd4001,16QAM,20262104,-15,dsh,0.25,2.403536809772421
regen_16QAM_s20262104_p-15_Nd4001,16QAM,20262104,-15,atomic,0.5,2.379476001105071
regen_16QAM_s20262104_p-15_Nd4001,16QAM,20262104,-15,static,0.5,3.9765583612087045
regen_16QAM_s20262104_p-15_Nd4001,16QAM,20262104,-15,static_lti,0.5,2.380235183960356
regen_16QAM_s20262104_p-15_Nd4001,16QAM,20262104,-15,static_mh,0.5,3.906507969000474
regen_16QAM_s20262104_p-15_Nd4001,16QAM,20262104,-15,static_lti_mh,0.5,2.3801013668950697
regen_16QAM_s20262104_p-15_Nd4001,16QAM,20262104,-15,linear,0.5,2.380780776822598
regen_16QAM_s20262104_p-15_Nd4001,16QAM,20262104,-15,dsh,0.5,2.3804603203996075
regen_16QAM_s20262104_p-15_Nd4001,16QAM,20262104,-15,atomic,1.0,2.288135932713403
regen_16QAM_s20262104_p-15_Nd4001,16QAM,20262104,-15,static,1.0,3.6321429237082934
regen_16QAM_s20262104_p-15_Nd4001,16QAM,20262104,-15,static_lti,1.0,2.2888305852421187
regen_16QAM_s20262104_p-15_Nd4001,16QAM,20262104,-15,static_mh,1.0,3.5241681557249134
regen_16QAM_s20262104_p-15_Nd4001,16QAM,20262104,-15,static_lti_mh,1.0,2.288441929358777
regen_16QAM_s20262104_p-15_Nd4001,16QAM,20262104,-15,linear,1.0,2.2900017727558923
regen_16QAM_s20262104_p-15_Nd4001,16QAM,20262104,-15,dsh,1.0,2.28900469384181
regen_16QAM_s20262104_p-15_Nd4001,16QAM,20262104,-15,atomic,2.0,1.9946723030815554
regen_16QAM_s20262104_p-15_Nd4001,16QAM,20262104,-15,static,2.0,2.4994993326431025
regen_16QAM_s20262104_p-15_Nd4001,16QAM,20262104,-15,static_lti,2.0,1.9947472460735107
regen_16QAM_s20262104_p-15_Nd4001,16QAM,20262104,-15,static_mh,2.0,2.4606776783192355
regen_16QAM_s20262104_p-15_Nd4001,16QAM,20262104,-15,static_lti_mh,2.0,1.9940116575664104
regen_16QAM_s20262104_p-15_Nd4001,16QAM,20262104,-15,linear,2.0,1.9975641484483957
regen_16QAM_s20262104_p-15_Nd4001,16QAM,20262104,-15,dsh,2.0,1.9950491399668597
regen_16QAM_s20262104_p-15_Nd4001,16QAM,20262104,-15,atomic,4.0,1.354586315498375
regen_16QAM_s20262104_p-15_Nd4001,16QAM,20262104,-15,static,4.0,1.257154240441018
regen_16QAM_s20262104_p-15_Nd4001,16QAM,20262104,-15,static_lti,4.0,1.3531059505268492
regen_16QAM_s20262104_p-15_Nd4001,16QAM,20262104,-15,static_mh,4.0,1.2489752018968785
regen_16QAM_s20262104_p-15_Nd4001,16QAM,20262104,-15,static_lti_mh,4.0,1.3524676005272236
regen_16QAM_s20262104_p-15_Nd4001,16QAM,20262104,-15,linear,4.0,1.3576498703743216
regen_16QAM_s20262104_p-15_Nd4001,16QAM,20262104,-15,dsh,4.0,1.3539328840618208
regen_16QAM_s20262204_p+00_Nd4001,16QAM,20262204,0,atomic,0.25,1.9203376727785306
regen_16QAM_s20262204_p+00_Nd4001,16QAM,20262204,0,static,0.25,3.9952851764962265
regen_16QAM_s20262204_p+00_Nd4001,16QAM,20262204,0,static_lti,0.25,2.317961792333739
regen_16QAM_s20262204_p+00_Nd4001,16QAM,20262204,0,static_mh,0.25,3.468571237879245
regen_16QAM_s20262204_p+00_Nd4001,16QAM,20262204,0,static_lti_mh,0.25,2.3099291017008787
regen_16QAM_s20262204_p+00_Nd4001,16QAM,20262204,0,linear,0.25,2.346799156308582
regen_16QAM_s20262204_p+00_Nd4001,16QAM,20262204,0,dsh,0.25,2.3377677521223186
regen_16QAM_s20262204_p+00_Nd4001,16QAM,20262204,0,atomic,0.5,1.9179985581470145
regen_16QAM_s20262204_p+00_Nd4001,16QAM,20262204,0,static,0.5,3.9944838075603077
regen_16QAM_s20262204_p+00_Nd4001,16QAM,20262204,0,static_lti,0.5,2.3158604150477697
regen_16QAM_s20262204_p+00_Nd4001,16QAM,20262204,0,static_mh,0.5,3.46668517672798
regen_16QAM_s20262204_p+00_Nd4001,16QAM,20262204,0,static_lti_mh,0.5,2.307800242021144
regen_16QAM_s20262204_p+00_Nd4001,16QAM,20262204,0,linear,0.5,2.344865990382757
regen_16QAM_s20262204_p+00_Nd4001,16QAM,20262204,0,dsh,0.5,2.3355641415891695
regen_16QAM_s20262204_p+00_Nd4001,16QAM,20262204,0,atomic,1.0,1.9112381946346892
regen_16QAM_s20262204_p+00_Nd4001,16QAM,20262204,0,static,1.0,3.990968850756753
regen_16QAM_s20262204_p+00_Nd4001,16QAM,20262204,0,static_lti,1.0,2.309040520798982
regen_16QAM_s20262204_p+00_Nd4001,16QAM,20262204,0,static_mh,1.0,3.453813708780933
regen_16QAM_s20262204_p+00_Nd4001,16QAM,20262204,0,static_lti_mh,1.0,2.300947309638856
regen_16QAM_s20262204_p+00_Nd4001,16QAM,20262204,0,linear,1.0,2.3390863876232286
regen_16QAM_s20262204_p+00_Nd4001,16QAM,20262204,0,dsh,1.0,2.3287644954062103
regen_16QAM_s20262204_p+00_Nd4001,16QAM,20262204,0,atomic,2.0,1.889666015761646
regen_16QAM_s20262204_p+00_Nd4001,16QAM,20262204,0,static,2.0,3.9669055056784424
regen_16QAM_s20262204_p+00_Nd4001,16QAM,20262204,0,static_lti,2.0,2.2853233989865536
regen_16QAM_s20262204_p+00_Nd4001,16QAM,20262204,0,static_mh,2.0,3.3906968482494118
regen_16QAM_s20262204_p+00_Nd4001,16QAM,20262204,0,static_lti_mh,2.0,2.27723795900054
regen_16QAM_s20262204_p+00_Nd4001,16QAM,20262204,0,linear,2.0,2.320081602430389
regen_16QAM_s20262204_p+00_Nd4001,16QAM,20262204,0,dsh,2.0,2.3058965958910846
regen_16QAM_s20262204_p+00_Nd4001,16QAM,20262204,0,atomic,4.0,1.8178492519050433
regen_16QAM_s20262204_p+00_Nd4001,16QAM,20262204,0,static,4.0,3.687445825731148
regen_16QAM_s20262204_p+00_Nd4001,16QAM,20262204,0,static_lti,4.0,2.202359826615494
regen_16QAM_s20262204_p+00_Nd4001,16QAM,20262204,0,static_mh,4.0,3.1357503850138126
regen_16QAM_s20262204_p+00_Nd4001,16QAM,20262204,0,static_lti_mh,4.0,2.194502581577955
regen_16QAM_s20262204_p+00_Nd4001,16QAM,20262204,0,linear,4.0,2.254942845658492
regen_16QAM_s20262204_p+00_Nd4001,16QAM,20262204,0,dsh,4.0,2.227022091542348
regen_16QAM_s20262204_p+03_Nd4001,16QAM,20262204,3,atomic,0.25,1.3186483491729313
regen_16QAM_s20262204_p+03_Nd4001,16QAM,20262204,3,static,0.25,3.8667894469482222
regen_16QAM_s20262204_p+03_Nd4001,16QAM,20262204,3,static_lti,0.25,2.240253511624925
regen_16QAM_s20262204_p+03_Nd4001,16QAM,20262204,3,static_mh,0.25,2.0571654813795615
regen_16QAM_s20262204_p+03_Nd4001,16QAM,20262204,3,static_lti_mh,0.25,2.213006919793874
regen_16QAM_s20262204_p+03_Nd4001,16QAM,20262204,3,linear,0.25,2.3472425669850874
regen_16QAM_s20262204_p+03_Nd4001,16QAM,20262204,3,dsh,0.25,2.3144672987862527
regen_16QAM_s20262204_p+03_Nd4001,16QAM,20262204,3,atomic,0.5,1.3177934263791622
regen_16QAM_s20262204_p+03_Nd4001,16QAM,20262204,3,static,0.5,3.8662745403341265
regen_16QAM_s20262204_p+03_Nd4001,16QAM,20262204,3,static_lti,0.5,2.238958918568915
regen_16QAM_s20262204_p+03_Nd4001,16QAM,20262204,3,static_mh,0.5,2.056584587284772
regen_16QAM_s20262204_p+03_Nd4001,16QAM,20262204,3,static_lti_mh,0.5,2.2119218061972923
regen_16QAM_s20262204_p+03_Nd4001,16QAM,20262204,3,linear,0.5,2.3460733252816985
regen_16QAM_s20262204_p+03_Nd4001,16QAM,20262204,3,dsh,0.5,2.313206344563997
regen_16QAM_s20262204_p+03_Nd4001,16QAM,20262204,3,atomic,1.0,1.3151728675637953
regen_16QAM_s20262204_p+03_Nd4001,16QAM,20262204,3,static,1.0,3.861145055698105
regen_16QAM_s20262204_p+03_Nd4001,16QAM,20262204,3,static_lti,1.0,2.234618977857972
regen_16QAM_s20262204_p+03_Nd4001,16QAM,20262204,3,static_mh,1.0,2.0533665271946093
regen_16QAM_s20262204_p+03_Nd4001,16QAM,20262204,3,static_lti_mh,1.0,2.2080695002933637
regen_16QAM_s20262204_p+03_Nd4001,16QAM,20262204,3,linear,1.0,2.342770645321402
regen_16QAM_s20262204_p+03_Nd4001,16QAM,20262204,3,dsh,1.0,2.3092123107908997
regen_16QAM_s20262204_p+03_Nd4001,16QAM,20262204,3,atomic,2.0,1.3063636907530405
regen_16QAM_s20262204_p+03_Nd4001,16QAM,20262204,3,static,2.0,3.826722802664655
regen_16QAM_s20262204_p+03_Nd4001,16QAM,20262204,3,static_lti,2.0,2.219123190866538
regen_16QAM_s20262204_p+03_Nd4001,16QAM,20262204,3,static_mh,2.0,2.0388718664711507
regen_16QAM_s20262204_p+03_Nd4001,16QAM,20262204,3,static_lti_mh,2.0,2.1937940994177385
regen_16QAM_s20262204_p+03_Nd4001,16QAM,20262204,3,linear,2.0,2.3323671458528032
regen_16QAM_s20262204_p+03_Nd4001,16QAM,20262204,3,dsh,2.0,2.2954418731850663
regen_16QAM_s20262204_p+03_Nd4001,16QAM,20262204,3,atomic,4.0,1.2753968909535844
regen_16QAM_s20262204_p+03_Nd4001,16QAM,20262204,3,static,4.0,3.610735585973188
regen_16QAM_s20262204_p+03_Nd4001,16QAM,20262204,3,static_lti,4.0,2.1632116607897887
regen_16QAM_s20262204_p+03_Nd4001,16QAM,20262204,3,static_mh,4.0,1.9801815707290351
regen_16QAM_s20262204_p+03_Nd4001,16QAM,20262204,3,static_lti_mh,4.0,2.141030081519369
regen_16QAM_s20262204_p+03_Nd4001,16QAM,20262204,3,linear,4.0,2.2971146155771223
regen_16QAM_s20262204_p+03_Nd4001,16QAM,20262204,3,dsh,4.0,2.246253540035925
regen_16QAM_s20262204_p+06_Nd4001,16QAM,20262204,6,atomic,0.25,0.9119295420058415
regen_16QAM_s20262204_p+06_Nd4001,16QAM,20262204,6,static,0.25,3.1501580801265567
regen_16QAM_s20262204_p+06_Nd4001,16QAM,20262204,6,static_lti,0.25,1.9598787458172633
regen_16QAM_s20262204_p+06_Nd4001,16QAM,20262204,6,static_mh,0.25,1.0201112515764394
regen_16QAM_s20262204_p+06_Nd4001,16QAM,20262204,6,static_lti_mh,0.25,1.9258511074860785
regen_16QAM_s20262204_p+06_Nd4001,16QAM,20262204,6,linear,0.25,2.347523223414507
regen_16QAM_s20262204_p+06_Nd4001,16QAM,20262204,6,dsh,0.25,2.287912278600537
regen_16QAM_s20262204_p+06_Nd4001,16QAM,20262204,6,atomic,0.5,0.9117657699879994
regen_16QAM_s20262204_p+06_Nd4001,16QAM,20262204,6,static,0.5,3.147841322775398
regen_16QAM_s20262204_p+06_Nd4001,16QAM,20262204,6,static_lti,0.5,1.9592504758251792
regen_16QAM_s20262204_p+06_Nd4001,16QAM,20262204,6,static_mh,0.5,1.0200365525221808
regen_16QAM_s20262204_p+06_Nd4001,16QAM,20262204,6,static_lti_mh,0.5,1.9255547752528301
regen_16QAM_s20262204_p+06_Nd4001,16QAM,20262204,6,linear,0.5,2.346795594421189
regen_16QAM_s20262204_p+06_Nd4001,16QAM,20262204,6,dsh,0.5,2.287061450068038
regen_16QAM_s20262204_p+06_Nd4001,16QAM,20262204,6,atomic,1.0,0.9109988709245606
regen_16QAM_s20262204_p+06_Nd4001,16QAM,20262204,6,static,1.0,3.1366534195660325
regen_16QAM_s20262204_p+06_Nd4001,16QAM,20262204,6,static_lti,1.0,1.9566423768306695
regen_16QAM_s20262204_p+06_Nd4001,16QAM,20262204,6,static_mh,1.0,1.019448543661733
regen_16QAM_s20262204_p+06_Nd4001,16QAM,20262204,6,static_lti_mh,1.0,1.9236862299042055
regen_16QAM_s20262204_p+06_Nd4001,16QAM,20262204,6,linear,1.0,2.344855549584685
regen_16QAM_s20262204_p+06_Nd4001,16QAM,20262204,6,dsh,1.0,2.2841375318524366
regen_16QAM_s20262204_p+06_Nd4001,16QAM,20262204,6,atomic,2.0,0.9077260850602572
regen_16QAM_s20262204_p+06_Nd4001,16QAM,20262204,6,static,2.0,3.089266541235778
regen_16QAM_s20262204_p+06_Nd4001,16QAM,20262204,6,static_lti,2.0,1.9461192627729935
regen_16QAM_s20262204_p+06_Nd4001,16QAM,20262204,6,static_mh,2.0,1.0165392018138455
regen_16QAM_s20262204_p+06_Nd4001,16QAM,20262204,6,static_lti_mh,2.0,1.9149205783059169
regen_16QAM_s20262204_p+06_Nd4001,16QAM,20262204,6,linear,2.0,2.3390531872345774
regen_16QAM_s20262204_p+06_Nd4001,16QAM,20262204,6,dsh,2.0,2.2734684973272326
regen_16QAM_s20262204_p+06_Nd4001,16QAM,20262204,6,atomic,4.0,0.8944834706739412
regen_16QAM_s20262204_p+06_Nd4001,16QAM,20262204,6,static,4.0,2.912600999387492
regen_16QAM_s20262204_p+06_Nd4001,16QAM,20262204,6,static_lti,4.0,1.9052228352928384
regen_16QAM_s20262204_p+06_Nd4001,16QAM,20262204,6,static_mh,4.0,1.0040542850633363
regen_16QAM_s20262204_p+06_Nd4001,16QAM,20262204,6,static_lti_mh,4.0,1.878410994660954
regen_16QAM_s20262204_p+06_Nd4001,16QAM,20262204,6,linear,4.0,2.3199686931747125
regen_16QAM_s20262204_p+06_Nd4001,16QAM,20262204,6,dsh,4.0,2.2338085189399095
regen_16QAM_s20262204_p-03_Nd4001,16QAM,20262204,-3,atomic,0.25,2.2155802381221887
regen_16QAM_s20262204_p-03_Nd4001,16QAM,20262204,-3,static,0.25,3.999882781227989
regen_16QAM_s20262204_p-03_Nd4001,16QAM,20262204,-3,static_lti,0.25,2.3372005271398155
regen_16QAM_s20262204_p-03_Nd4001,16QAM,20262204,-3,static_mh,0.25,3.4523395323630552
regen_16QAM_s20262204_p-03_Nd4001,16QAM,20262204,-3,static_lti_mh,0.25,2.3385542506828623
regen_16QAM_s20262204_p-03_Nd4001,16QAM,20262204,-3,linear,0.25,2.3460792461622315
regen_16QAM_s20262204_p-03_Nd4001,16QAM,20262204,-3,dsh,0.25,2.3469679424028427
regen_16QAM_s20262204_p-03_Nd4001,16QAM,20262204,-3,atomic,0.5,2.211969715930227
regen_16QAM_s20262204_p-03_Nd4001,16QAM,20262204,-3,static,0.5,3.9997807179966203
regen_16QAM_s20262204_p-03_Nd4001,16QAM,20262204,-3,static_lti,0.5,2.333699716277017
regen_16QAM_s20262204_p-03_Nd4001,16QAM,20262204,-3,static_mh,0.5,3.4496062133209904
regen_16QAM_s20262204_p-03_Nd4001,16QAM,20262204,-3,static_lti_mh,0.5,2.334908025437545
regen_16QAM_s20262204_p-03_Nd4001,16QAM,20262204,-3,linear,0.5,2.3427889231571246
regen_16QAM_s20262204_p-03_Nd4001,16QAM,20262204,-3,dsh,0.5,2.343305686731892
regen_16QAM_s20262204_p-03_Nd4001,16QAM,20262204,-3,atomic,1.0,2.200649610524984
regen_16QAM_s20262204_p-03_Nd4001,16QAM,20262204,-3,static,1.0,3.9986978726589544
regen_16QAM_s20262204_p-03_Nd4001,16QAM,20262204,-3,static_lti,1.0,2.3222524417620347
regen_16QAM_s20262204_p-03_Nd4001,16QAM,20262204,-3,static_mh,1.0,3.4293235551160834
regen_16QAM_s20262204_p-03_Nd4001,16QAM,20262204,-3,static_lti_mh,1.0,2.3231438458762512
regen_16QAM_s20262204_p-03_Nd4001,16QAM,20262204,-3,linear,1.0,2.3324277764469947
regen_16QAM_s20262204_p-03_Nd4001,16QAM,20262204,-3,dsh,1.0,2.3317111350310316
regen_16QAM_s20262204_p-03_Nd4001,16QAM,20262204,-3,atomic,2.0,2.1624824389477437
regen_16QAM_s20262204_p-03_Nd4001,16QAM,20262204,-3,static,2.0,3.9578203051868726
regen_16QAM_s20262204_p-03_Nd4001,16QAM,20262204,-3,static_lti,2.0,2.2826019486039355
regen_16QAM_s20262204_p-03_Nd4001,16QAM,20262204,-3,static_mh,2.0,3.3264739319859857
regen_16QAM_s20262204_p-03_Nd4001,16QAM,20262204,-3,static_lti_mh,2.0,2.28277444296389
regen_16QAM_s20262204_p-03_Nd4001,16QAM,20262204,-3,linear,2.0,2.2973240078266484
regen_16QAM_s20262204_p-03_Nd4001,16QAM,20262204,-3,dsh,2.0,2.2923706847924086
regen_16QAM_s20262204_p-03_Nd4001,16QAM,20262204,-3,atomic,4.0,2.0351903221820002
regen_16QAM_s20262204_p-03_Nd4001,16QAM,20262204,-3,static,4.0,3.4499302576388002
regen_16QAM_s20262204_p-03_Nd4001,16QAM,20262204,-3,static_lti,4.0,2.148565624850183
regen_16QAM_s20262204_p-03_Nd4001,16QAM,20262204,-3,static_mh,4.0,2.9290371919543823
regen_16QAM_s20262204_p-03_Nd4001,16QAM,20262204,-3,static_lti_mh,4.0,2.1472036060950708
regen_16QAM_s20262204_p-03_Nd4001,16QAM,20262204,-3,linear,4.0,2.178792497076152
regen_16QAM_s20262204_p-03_Nd4001,16QAM,20262204,-3,dsh,4.0,2.160580300759866
regen_16QAM_s20262204_p-06_Nd4001,16QAM,20262204,-6,atomic,0.25,2.2957840209813374
regen_16QAM_s20262204_p-06_Nd4001,16QAM,20262204,-6,static,0.25,3.9999728000322303
regen_16QAM_s20262204_p-06_Nd4001,16QAM,20262204,-6,static_lti,0.25,2.3419340264488007
regen_16QAM_s20262204_p-06_Nd4001,16QAM,20262204,-6,static_mh,0.25,3.497303603041936
regen_16QAM_s20262204_p-06_Nd4001,16QAM,20262204,-6,static_lti_mh,0.25,2.345684861578303
regen_16QAM_s20262204_p-06_Nd4001,16QAM,20262204,-6,linear,0.25,2.3448761230471464
regen_16QAM_s20262204_p-06_Nd4001,16QAM,20262204,-6,dsh,0.25,2.3483741051393245
regen_16QAM_s20262204_p-06_Nd4001,16QAM,20262204,-6,atomic,0.5,2.289758021316343
regen_16QAM_s20262204_p-06_Nd4001,16QAM,20262204,-6,static,0.5,3.9998980517649843
regen_16QAM_s20262204_p-06_Nd4001,16QAM,20262204,-6,static_lti,0.5,2.335929317288344
regen_16QAM_s20262204_p-06_Nd4001,16QAM,20262204,-6,static_mh,0.5,3.4898079421439148
regen_16QAM_s20262204_p-06_Nd4001,16QAM,20262204,-6,static_lti_mh,0.5,2.339482871177658
regen_16QAM_s20262204_p-06_Nd4001,16QAM,20262204,-6,linear,0.5,2.3391191790009493
regen_16QAM_s20262204_p-06_Nd4001,16QAM,20262204,-6,dsh,0.5,2.342202152878036
regen_16QAM_s20262204_p-06_Nd4001,16QAM,20262204,-6,atomic,1.0,2.2699426923613055
regen_16QAM_s20262204_p-06_Nd4001,16QAM,20262204,-6,static,1.0,3.997327797975812
regen_16QAM_s20262204_p-06_Nd4001,16QAM,20262204,-6,static_lti,1.0,2.3158767213130904
regen_16QAM_s20262204_p-06_Nd4001,16QAM,20262204,-6,static_mh,1.0,3.4485416027935876
regen_16QAM_s20262204_p-06_Nd4001,16QAM,20262204,-6,static_lti_mh,1.0,2.3189665130895953
regen_16QAM_s20262204_p-06_Nd4001,16QAM,20262204,-6,linear,1.0,2.3201937497918843
regen_16QAM_s20262204_p-06_Nd4001,16QAM,20262204,-6,dsh,1.0,2.3219430013493647
regen_16QAM_s20262204_p-06_Nd4001,16QAM,20262204,-6,atomic,2.0,2.202118398748
regen_16QAM_s20262204_p-06_Nd4001,16QAM,20262204,-6,static,2.0,3.848352872423546
regen_16QAM_s20262204_p-06_Nd4001,16QAM,20262204,-6,static_lti,2.0,2.2466885366370284
regen_16QAM_s20262204_p-06_Nd4001,16QAM,20262204,-6,static_mh,2.0,3.255023268338367
regen_16QAM_s20262204_p-06_Nd4001,16QAM,20262204,-6,static_lti_mh,2.0,2.2486547541192166
regen_16QAM_s20262204_p-06_Nd4001,16QAM,20262204,-6,linear,2.0,2.2553270131907754
regen_16QAM_s20262204_p-06_Nd4001,16QAM,20262204,-6,dsh,2.0,2.25275515446999
regen_16QAM_s20262204_p-06_Nd4001,16QAM,20262204,-6,atomic,4.0,1.987450709825244
regen_16QAM_s20262204_p-06_Nd4001,16QAM,20262204,-6,static,4.0,2.981488573374446
regen_16QAM_s20262204_p-06_Nd4001,16QAM,20262204,-6,static_lti,4.0,2.026630918152383
regen_16QAM_s20262204_p-06_Nd4001,16QAM,20262204,-6,static_mh,4.0,2.629113575738782
regen_16QAM_s20262204_p-06_Nd4001,16QAM,20262204,-6,static_lti_mh,4.0,2.0263004378208307
regen_16QAM_s20262204_p-06_Nd4001,16QAM,20262204,-6,linear,4.0,2.047774937719549
regen_16QAM_s20262204_p-06_Nd4001,16QAM,20262204,-6,dsh,4.0,2.033714391969079
regen_16QAM_s20262204_p-10_Nd4001,16QAM,20262204,-10,atomic,0.25,2.323218504559342
regen_16QAM_s20262204_p-10_Nd4001,16QAM,20262204,-10,static,0.25,3.9999726312908535
regen_16QAM_s20262204_p-10_Nd4001,16QAM,20262204,-10,static_lti,0.25,2.341000868017561
regen_16QAM_s20262204_p-10_Nd4001,16QAM,20262204,-10,static_mh,0.25,3.7421658047433057
regen_16QAM_s20262204_p-10_Nd4001,16QAM,20262204,-10,static_lti_mh,0.25,2.3446932616925995
regen_16QAM_s20262204_p-10_Nd4001,16QAM,20262204,-10,linear,0.25,2.341814519631356
regen_16QAM_s20262204_p-10_Nd4001,16QAM,20262204,-10,dsh,0.25,2.3453822018079253
regen_16QAM_s20262204_p-10_Nd4001,16QAM,20262204,-10,atomic,0.5,2.310367381084498
regen_16QAM_s20262204_p-10_Nd4001,16QAM,20262204,-10,static,0.5,3.9995987515403195
regen_16QAM_s20262204_p-10_Nd4001,16QAM,20262204,-10,static_lti,0.5,2.3281442477095333
regen_16QAM_s20262204_p-10_Nd4001,16QAM,20262204,-10,static_mh,0.5,3.7243279800403153
regen_16QAM_s20262204_p-10_Nd4001,16QAM,20262204,-10,static_lti_mh,0.5,2.3315900896457755
regen_16QAM_s20262204_p-10_Nd4001,16QAM,20262204,-10,linear,0.5,2.329223235330155
regen_16QAM_s20262204_p-10_Nd4001,16QAM,20262204,-10,dsh,0.5,2.3323363527943632
regen_16QAM_s20262204_p-10_Nd4001,16QAM,20262204,-10,atomic,1.0,2.2666053543108786
regen_16QAM_s20262204_p-10_Nd4001,16QAM,20262204,-10,static,1.0,3.9615440476290122
regen_16QAM_s20262204_p-10_Nd4001,16QAM,20262204,-10,static_lti,1.0,2.2841411101251454
regen_16QAM_s20262204_p-10_Nd4001,16QAM,20262204,-10,static_mh,1.0,3.617449422990478
regen_16QAM_s20262204_p-10_Nd4001,16QAM,20262204,-10,static_lti_mh,1.0,2.2869689748629076
regen_16QAM_s20262204_p-10_Nd4001,16QAM,20262204,-10,linear,1.0,2.2863023666149047
regen_16QAM_s20262204_p-10_Nd4001,16QAM,20262204,-10,dsh,1.0,2.2880060554936903
regen_16QAM_s20262204_p-10_Nd4001,16QAM,20262204,-10,atomic,2.0,2.1210982387052213
regen_16QAM_s20262204_p-10_Nd4001,16QAM,20262204,-10,static,2.0,3.4069863612289293
regen_16QAM_s20262204_p-10_Nd4001,16QAM,20262204,-10,static_lti,2.0,2.1374638299591315
regen_16QAM_s20262204_p-10_Nd4001,16QAM,20262204,-10,static_mh,2.0,3.120534678235107
regen_16QAM_s20262204_p-10_Nd4001,16QAM,20262204,-10,static_lti_mh,2.0,2.1388283253710942
regen_16QAM_s20262204_p-10_Nd4001,16QAM,20262204,-10,linear,2.0,2.143185260162074
regen_16QAM_s20262204_p-10_Nd4001,16QAM,20262204,-10,dsh,2.0,2.1408701166198565
regen_16QAM_s20262204_p-10_Nd4001,16QAM,20262204,-10,atomic,4.0,1.7271330858767144
regen_16QAM_s20262204_p-10_Nd4001,16QAM,20262204,-10,static,4.0,2.1649504101695927
regen_16QAM_s20262204_p-10_Nd4001,16QAM,20262204,-10,static_lti,4.0,1.7391198439833822
regen_16QAM_s20262204_p-10_Nd4001,16QAM,20262204,-10,static_mh,4.0,2.0737512215388874
regen_16QAM_s20262204_p-10_Nd4001,16QAM,20262204,-10,static_lti_mh,4.0,1.7382265506785364
regen_16QAM_s20262204_p-10_Nd4001,16QAM,20262204,-10,linear,4.0,1.7519562056616207
regen_16QAM_s20262204_p-10_Nd4001,16QAM,20262204,-10,dsh,4.0,1.7423075847734228
regen_16QAM_s20262204_p-15_Nd4001,16QAM,20262204,-15,atomic,0.25,2.3236565768412394
regen_16QAM_s20262204_p-15_Nd4001,16QAM,20262204,-15,static,0.25,3.999823746253809
regen_16QAM_s20262204_p-15_Nd4001,16QAM,20262204,-15,static_lti,0.25,2.332303313740039
regen_16QAM_s20262204_p-15_Nd4001,16QAM,20262204,-15,static_mh,0.25,3.930345826966484
regen_16QAM_s20262204_p-15_Nd4001,16QAM,20262204,-15,static_lti_mh,0.25,2.3347323498693604
regen_16QAM_s20262204_p-15_Nd4001,16QAM,20262204,-15,linear,0.25,2.3325467097827235
regen_16QAM_s20262204_p-15_Nd4001,16QAM,20262204,-15,dsh,0.25,2.3349176883237903
regen_16QAM_s20262204_p-15_Nd4001,16QAM,20262204,-15,atomic,0.5,2.288578541170673
regen_16QAM_s20262204_p-15_Nd4001,16QAM,20262204,-15,static,0.5,3.9836137982868323
regen_16QAM_s20262204_p-15_Nd4001,16QAM,20262204,-15,static_lti,0.5,2.2972657410505364
regen_16QAM_s20262204_p-15_Nd4001,16QAM,20262204,-15,static_mh,0.5,3.8644154072483636
regen_16QAM_s20262204_p-15_Nd4001,16QAM,20262204,-15,static_lti_mh,0.5,2.299366217091009
regen_16QAM_s20262204_p-15_Nd4001,16QAM,20262204,-15,linear,0.5,2.297738501161977
regen_16QAM_s20262204_p-15_Nd4001,16QAM,20262204,-15,dsh,0.5,2.299617440251178
regen_16QAM_s20262204_p-15_Nd4001,16QAM,20262204,-15,atomic,1.0,2.1703476273257465
regen_16QAM_s20262204_p-15_Nd4001,16QAM,20262204,-15,static,1.0,3.5805350671146865
regen_16QAM_s20262204_p-15_Nd4001,16QAM,20262204,-15,static_lti,1.0,2.1788782377781537
regen_16QAM_s20262204_p-15_Nd4001,16QAM,20262204,-15,static_mh,1.0,3.454230549218675
regen_16QAM_s20262204_p-15_Nd4001,16QAM,20262204,-15,static_lti_mh,1.0,2.1801718484325656
regen_16QAM_s20262204_p-15_Nd4001,16QAM,20262204,-15,linear,1.0,2.1801540404943345
regen_16QAM_s20262204_p-15_Nd4001,16QAM,20262204,-15,dsh,1.0,2.180672389218018
regen_16QAM_s20262204_p-15_Nd4001,16QAM,20262204,-15,atomic,2.0,1.8317057137388384
regen_16QAM_s20262204_p-15_Nd4001,16QAM,20262204,-15,static,2.0,2.4130311174643793
regen_16QAM_s20262204_p-15_Nd4001,16QAM,20262204,-15,static_lti,2.0,1.8389068686990047
regen_16QAM_s20262204_p-15_Nd4001,16QAM,20262204,-15,static_mh,2.0,2.367766509520796
regen_16QAM_s20262204_p-15_Nd4001,16QAM,20262204,-15,static_lti_mh,2.0,1.8387725075981889
regen_16QAM_s20262204_p-15_Nd4001,16QAM,20262204,-15,linear,2.0,1.8420081719181571
regen_16QAM_s20262204_p-15_Nd4001,16QAM,20262204,-15,dsh,2.0,1.839859074161916
regen_16QAM_s20262204_p-15_Nd4001,16QAM,20262204,-15,atomic,4.0,1.1826244935186399
regen_16QAM_s20262204_p-15_Nd4001,16QAM,20262204,-15,static,4.0,1.1827259647257802
regen_16QAM_s20262204_p-15_Nd4001,16QAM,20262204,-15,static_lti,4.0,1.1863537324546791
regen_16QAM_s20262204_p-15_Nd4001,16QAM,20262204,-15,static_mh,4.0,1.1764321700904754
regen_16QAM_s20262204_p-15_Nd4001,16QAM,20262204,-15,static_lti_mh,4.0,1.1852483485133911
regen_16QAM_s20262204_p-15_Nd4001,16QAM,20262204,-15,linear,4.0,1.1908881023575035
regen_16QAM_s20262204_p-15_Nd4001,16QAM,20262204,-15,dsh,4.0,1.1868104885590383
regen_16QAM_s20262304_p+00_Nd4001,16QAM,20262304,0,atomic,0.25,2.0118517401883187
regen_16QAM_s20262304_p+00_Nd4001,16QAM,20262304,0,static,0.25,3.9674315665878606
regen_16QAM_s20262304_p+00_Nd4001,16QAM,20262304,0,static_lti,0.25,2.410090278565623
regen_16QAM_s20262304_p+00_Nd4001,16QAM,20262304,0,static_mh,0.25,3.451333276324951
regen_16QAM_s20262304_p+00_Nd4001,16QAM,20262304,0,static_lti_mh,0.25,2.4005119073384438
regen_16QAM_s20262304_p+00_Nd4001,16QAM,20262304,0,linear,0.25,2.4633345842415895
regen_16QAM_s20262304_p+00_Nd4001,16QAM,20262304,0,dsh,0.25,2.451743341539169
regen_16QAM_s20262304_p+00_Nd4001,16QAM,20262304,0,atomic,0.5,2.0093981382825676
regen_16QAM_s20262304_p+00_Nd4001,16QAM,20262304,0,static,0.5,3.9691964575886898
regen_16QAM_s20262304_p+00_Nd4001,16QAM,20262304,0,static_lti,0.5,2.407020104776336
regen_16QAM_s20262304_p+00_Nd4001,16QAM,20262304,0,static_mh,0.5,3.4457929455156973
regen_16QAM_s20262304_p+00_Nd4001,16QAM,20262304,0,static_lti_mh,0.5,2.3974640710986455
regen_16QAM_s20262304_p+00_Nd4001,16QAM,20262304,0,linear,0.5,2.4608087717733986
regen_16QAM_s20262304_p+00_Nd4001,16QAM,20262304,0,dsh,0.5,2.4486905835102184
regen_16QAM_s20262304_p+00_Nd4001,16QAM,20262304,0,atomic,1.0,2.002355416184726
regen_16QAM_s20262304_p+00_Nd4001,16QAM,20262304,0,static,1.0,3.9697902925064983
regen_16QAM_s20262304_p+00_Nd4001,16QAM,20262304,0,static_lti,1.0,2.3982605068018135
regen_16QAM_s20262304_p+00_Nd4001,16QAM,20262304,0,static_mh,1.0,3.4294072044377777
regen_16QAM_s20262304_p+00_Nd4001,16QAM,20262304,0,static_lti_mh,1.0,2.388785066026635
regen_16QAM_s20262304_p+00_Nd4001,16QAM,20262304,0,linear,1.0,2.453815579573148
regen_16QAM_s20262304_p+00_Nd4001,16QAM,20262304,0,dsh,1.0,2.4401767399878276
regen_16QAM_s20262304_p+00_Nd4001,16QAM,20262304,0,atomic,2.0,1.980004192842374
regen_16QAM_s20262304_p+00_Nd4001,16QAM,20262304,0,static,2.0,3.946512584408772
regen_16QAM_s20262304_p+00_Nd4001,16QAM,20262304,0,static_lti,2.0,2.370748872683001
regen_16QAM_s20262304_p+00_Nd4001,16QAM,20262304,0,static_mh,2.0,3.37265120853551
regen_16QAM_s20262304_p+00_Nd4001,16QAM,20262304,0,static_lti_mh,2.0,2.3615687316490797
regen_16QAM_s20262304_p+00_Nd4001,16QAM,20262304,0,linear,2.0,2.4323673062076274
regen_16QAM_s20262304_p+00_Nd4001,16QAM,20262304,0,dsh,2.0,2.413960481334018
regen_16QAM_s20262304_p+00_Nd4001,16QAM,20262304,0,atomic,4.0,1.9056300904068122
regen_16QAM_s20262304_p+00_Nd4001,16QAM,20262304,0,static,4.0,3.693210945517009
regen_16QAM_s20262304_p+00_Nd4001,16QAM,20262304,0,static_lti,4.0,2.280794312234837
regen_16QAM_s20262304_p+00_Nd4001,16QAM,20262304,0,static_mh,4.0,3.1439279945829335
regen_16QAM_s20262304_p+00_Nd4001,16QAM,20262304,0,static_lti_mh,4.0,2.2726145509833215
regen_16QAM_s20262304_p+00_Nd4001,16QAM,20262304,0,linear,4.0,2.3626735227912516
regen_16QAM_s20262304_p+00_Nd4001,16QAM,20262304,0,dsh,4.0,2.329167866472546
regen_16QAM_s20262304_p+03_Nd4001,16QAM,20262304,3,atomic,0.25,1.3766046255519517
regen_16QAM_s20262304_p+03_Nd4001,16QAM,20262304,3,static,0.25,3.728435811608298
regen_16QAM_s20262304_p+03_Nd4001,16QAM,20262304,3,static_lti,0.25,2.2968830921345855
regen_16QAM_s20262304_p+03_Nd4001,16QAM,20262304,3,static_mh,0.25,2.150602177469444
regen_16QAM_s20262304_p+03_Nd4001,16QAM,20262304,3,static_lti_mh,0.25,2.2719182700951204
regen_16QAM_s20262304_p+03_Nd4001,16QAM,20262304,3,linear,0.25,2.463948143211587
regen_16QAM_s20262304_p+03_Nd4001,16QAM,20262304,3,dsh,0.25,2.4282369232801244
regen_16QAM_s20262304_p+03_Nd4001,16QAM,20262304,3,atomic,0.5,1.3751376519745482
regen_16QAM_s20262304_p+03_Nd4001,16QAM,20262304,3,static,0.5,3.7270988472868543
regen_16QAM_s20262304_p+03_Nd4001,16QAM,20262304,3,static_lti,0.5,2.294873404688677
regen_16QAM_s20262304_p+03_Nd4001,16QAM,20262304,3,static_mh,0.5,2.1487514360462376
regen_16QAM_s20262304_p+03_Nd4001,16QAM,20262304,3,static_lti_mh,0.5,2.2700022177550547
regen_16QAM_s20262304_p+03_Nd4001,16QAM,20262304,3,linear,0.5,2.4623634994359618
regen_16QAM_s20262304_p+03_Nd4001,16QAM,20262304,3,dsh,0.5,2.425982431792708
regen_16QAM_s20262304_p+03_Nd4001,16QAM,20262304,3,atomic,1.0,1.3712156765791468
regen_16QAM_s20262304_p+03_Nd4001,16QAM,20262304,3,static,1.0,3.7208051381089007
regen_16QAM_s20262304_p+03_Nd4001,16QAM,20262304,3,static_lti,1.0,2.2891329719660716
regen_16QAM_s20262304_p+03_Nd4001,16QAM,20262304,3,static_mh,1.0,2.143198529683768
regen_16QAM_s20262304_p+03_Nd4001,16QAM,20262304,3,static_lti_mh,1.0,2.264520091450257
regen_16QAM_s20262304_p+03_Nd4001,16QAM,20262304,3,linear,1.0,2.458211797932716
regen_16QAM_s20262304_p+03_Nd4001,16QAM,20262304,3,dsh,1.0,2.419984135128843
regen_16QAM_s20262304_p+03_Nd4001,16QAM,20262304,3,atomic,2.0,1.3595098175032554
regen_16QAM_s20262304_p+03_Nd4001,16QAM,20262304,3,static,2.0,3.688554764568985
regen_16QAM_s20262304_p+03_Nd4001,16QAM,20262304,3,static_lti,2.0,2.2709663601036176
regen_16QAM_s20262304_p+03_Nd4001,16QAM,20262304,3,static_mh,2.0,2.124852090627898
regen_16QAM_s20262304_p+03_Nd4001,16QAM,20262304,3,static_lti_mh,2.0,2.247139784098993
regen_16QAM_s20262304_p+03_Nd4001,16QAM,20262304,3,linear,2.0,2.4460751759612607
regen_16QAM_s20262304_p+03_Nd4001,16QAM,20262304,3,dsh,2.0,2.4022337741558917
regen_16QAM_s20262304_p+03_Nd4001,16QAM,20262304,3,atomic,4.0,1.3217344530581288
regen_16QAM_s20262304_p+03_Nd4001,16QAM,20262304,3,static,4.0,3.499175733651214
regen_16QAM_s20262304_p+03_Nd4001,16QAM,20262304,3,static_lti,4.0,2.2101839981180937
regen_16QAM_s20262304_p+03_Nd4001,16QAM,20262304,3,static_mh,4.0,2.0614060858050047
regen_16QAM_s20262304_p+03_Nd4001,16QAM,20262304,3,static_lti_mh,4.0,2.188799925099151
regen_16QAM_s20262304_p+03_Nd4001,16QAM,20262304,3,linear,4.0,2.4074411090465824
regen_16QAM_s20262304_p+03_Nd4001,16QAM,20262304,3,dsh,4.0,2.3457044846052635
regen_16QAM_s20262304_p+06_Nd4001,16QAM,20262304,6,atomic,0.25,0.9636448194392616
regen_16QAM_s20262304_p+06_Nd4001,16QAM,20262304,6,static,0.25,2.921264385487133
regen_16QAM_s20262304_p+06_Nd4001,16QAM,20262304,6,static_lti,0.25,1.933791272701933
regen_16QAM_s20262304_p+06_Nd4001,16QAM,20262304,6,static_mh,0.25,1.179273243665364
regen_16QAM_s20262304_p+06_Nd4001,16QAM,20262304,6,static_lti_mh,0.25,1.9186465448458472
regen_16QAM_s20262304_p+06_Nd4001,16QAM,20262304,6,linear,0.25,2.4643484388534906
regen_16QAM_s20262304_p+06_Nd4001,16QAM,20262304,6,dsh,0.25,2.3916096831930007
regen_16QAM_s20262304_p+06_Nd4001,16QAM,20262304,6,atomic,0.5,0.9633018748991304
regen_16QAM_s20262304_p+06_Nd4001,16QAM,20262304,6,static,0.5,2.917100247926391
regen_16QAM_s20262304_p+06_Nd4001,16QAM,20262304,6,static_lti,0.5,1.9323932481057828
regen_16QAM_s20262304_p+06_Nd4001,16QAM,20262304,6,static_mh,0.5,1.1787309907630157
regen_16QAM_s20262304_p+06_Nd4001,16QAM,20262304,6,static_lti_mh,0.5,1.9174912116484912
regen_16QAM_s20262304_p+06_Nd4001,16QAM,20262304,6,linear,0.5,2.4633290605194267
regen_16QAM_s20262304_p+06_Nd4001,16QAM,20262304,6,dsh,0.5,2.3896385961898243
regen_16QAM_s20262304_p+06_Nd4001,16QAM,20262304,6,atomic,1.0,0.9621350808268935
regen_16QAM_s20262304_p+06_Nd4001,16QAM,20262304,6,static,1.0,2.9035972825809133
regen_16QAM_s20262304_p+06_Nd4001,16QAM,20262304,6,static_lti,1.0,1.9283451029976868
regen_16QAM_s20262304_p+06_Nd4001,16QAM,20262304,6,static_mh,1.0,1.1771421757881582
regen_16QAM_s20262304_p+06_Nd4001,16QAM,20262304,6,static_lti_mh,1.0,1.9139687071314917
regen_16QAM_s20262304_p+06_Nd4001,16QAM,20262304,6,linear,1.0,2.4607949099921944
regen_16QAM_s20262304_p+06_Nd4001,16QAM,20262304,6,dsh,1.0,2.384449892616024
regen_16QAM_s20262304_p+06_Nd4001,16QAM,20262304,6,atomic,2.0,0.9578959357652234
regen_16QAM_s20262304_p+06_Nd4001,16QAM,20262304,6,static,2.0,2.856517961369977
regen_16QAM_s20262304_p+06_Nd4001,16QAM,20262304,6,static_lti,2.0,1.915349461879551
regen_16QAM_s20262304_p+06_Nd4001,16QAM,20262304,6,static_mh,2.0,1.1719691699938812
regen_16QAM_s20262304_p+06_Nd4001,16QAM,20262304,6,static_lti_mh,2.0,1.9021705181669297
regen_16QAM_s20262304_p+06_Nd4001,16QAM,20262304,6,linear,2.0,2.453775970974152
regen_16QAM_s20262304_p+06_Nd4001,16QAM,20262304,6,dsh,2.0,2.369232687658013
regen_16QAM_s20262304_p+06_Nd4001,16QAM,20262304,6,atomic,4.0,0.9420691126544379
regen_16QAM_s20262304_p+06_Nd4001,16QAM,20262304,6,static,4.0,2.695174710206834
regen_16QAM_s20262304_p+06_Nd4001,16QAM,20262304,6,static_lti,4.0,1.8711385401844773
regen_16QAM_s20262304_p+06_Nd4001,16QAM,20262304,6,static_mh,4.0,1.153935117293638
regen_16QAM_s20262304_p+06_Nd4001,16QAM,20262304,6,static_lti_mh,4.0,1.8607996176808472
regen_16QAM_s20262304_p+06_Nd4001,16QAM,20262304,6,linear,4.0,2.4322423414658916
regen_16QAM_s20262304_p+06_Nd4001,16QAM,20262304,6,dsh,4.0,2.3208964610842022
regen_16QAM_s20262304_p-03_Nd4001,16QAM,20262304,-3,atomic,0.25,2.303905627194203
regen_16QAM_s20262304_p-03_Nd4001,16QAM,20262304,-3,static,0.25,3.999188304045017
regen_16QAM_s20262304_p-03_Nd4001,16QAM,20262304,-3,static_lti,0.25,2.4417233779482226
regen_16QAM_s20262304_p-03_Nd4001,16QAM,20262304,-3,static_mh,0.25,3.539726693598455
regen_16QAM_s20262304_p-03_Nd4001,16QAM,20262304,-3,static_lti_mh,0.25,2.441713145734585
regen_16QAM_s20262304_p-03_Nd4001,16QAM,20262304,-3,linear,0.25,2.4623722150614964
regen_16QAM_s20262304_p-03_Nd4001,16QAM,20262304,-3,dsh,0.25,2.461685537580408
regen_16QAM_s20262304_p-03_Nd4001,16QAM,20262304,-3,atomic,0.5,2.299590314575681
regen_16QAM_s20262304_p-03_Nd4001,16QAM,20262304,-3,static,0.5,3.999179516556046
regen_16QAM_s20262304_p-03_Nd4001,16QAM,20262304,-3,static_lti,0.5,2.437032059265197
regen_16QAM_s20262304_p-03_Nd4001,16QAM,20262304,-3,static_mh,0.5,3.53553335194801
regen_16QAM_s20262304_p-03_Nd4001,16QAM,20262304,-3,static_lti_mh,0.5,2.4369920324114465
regen_16QAM_s20262304_p-03_Nd4001,16QAM,20262304,-3,linear,0.5,2.4582349663738854
regen_16QAM_s20262304_p-03_Nd4001,16QAM,20262304,-3,dsh,0.5,2.457085285934052
regen_16QAM_s20262304_p-03_Nd4001,16QAM,20262304,-3,atomic,1.0,2.2868274097615324
regen_16QAM_s20262304_p-03_Nd4001,16QAM,20262304,-3,static,1.0,3.997869245401265
regen_16QAM_s20262304_p-03_Nd4001,16QAM,20262304,-3,static_lti,1.0,2.4231937035834195
regen_16QAM_s20262304_p-03_Nd4001,16QAM,20262304,-3,static_mh,1.0,3.5135932715407865
regen_16QAM_s20262304_p-03_Nd4001,16QAM,20262304,-3,static_lti_mh,1.0,2.42308079733537
regen_16QAM_s20262304_p-03_Nd4001,16QAM,20262304,-3,linear,1.0,2.4461448849299146
regen_16QAM_s20262304_p-03_Nd4001,16QAM,20262304,-3,dsh,1.0,2.4435973985893287
regen_16QAM_s20262304_p-03_Nd4001,16QAM,20262304,-3,atomic,2.0,2.2457505290339306
regen_16QAM_s20262304_p-03_Nd4001,16QAM,20262304,-3,static,2.0,3.9578190694438278
regen_16QAM_s20262304_p-03_Nd4001,16QAM,20262304,-3,static_lti,2.0,2.3789542848070395
regen_16QAM_s20262304_p-03_Nd4001,16QAM,20262304,-3,static_mh,2.0,3.4117739917862213
regen_16QAM_s20262304_p-03_Nd4001,16QAM,20262304,-3,static_lti_mh,2.0,2.3786516058307816
regen_16QAM_s20262304_p-03_Nd4001,16QAM,20262304,-3,linear,2.0,2.407666785627121
regen_16QAM_s20262304_p-03_Nd4001,16QAM,20262304,-3,dsh,2.0,2.400649527585192
regen_16QAM_s20262304_p-03_Nd4001,16QAM,20262304,-3,atomic,4.0,2.1121043769580337
regen_16QAM_s20262304_p-03_Nd4001,16QAM,20262304,-3,static,4.0,3.500843743168461
regen_16QAM_s20262304_p-03_Nd4001,16QAM,20262304,-3,static_lti,4.0,2.2365438438788052
regen_16QAM_s20262304_p-03_Nd4001,16QAM,20262304,-3,static_mh,4.0,3.0070730223828592
regen_16QAM_s20262304_p-03_Nd4001,16QAM,20262304,-3,static_lti_mh,4.0,2.235852507495561
regen_16QAM_s20262304_p-03_Nd4001,16QAM,20262304,-3,linear,4.0,2.2828770625759827
regen_16QAM_s20262304_p-03_Nd4001,16QAM,20262304,-3,dsh,4.0,2.262300117407758
regen_16QAM_s20262304_p-06_Nd4001,16QAM,20262304,-6,atomic,0.25,2.4172832255373007
regen_16QAM_s20262304_p-06_Nd4001,16QAM,20262304,-6,static,0.25,3.9999106775197584
regen_16QAM_s20262304_p-06_Nd4001,16QAM,20262304,-6,static_lti,0.25,2.4519255713527652
regen_16QAM_s20262304_p-06_Nd4001,16QAM,20262304,-6,static_mh,0.25,3.5620715951563953
regen_16QAM_s20262304_p-06_Nd4001,16QAM,20262304,-6,static_lti_mh,0.25,2.454754119797712
regen_16QAM_s20262304_p-06_Nd4001,16QAM,20262304,-6,linear,0.25,2.4608228933259597
regen_16QAM_s20262304_p-06_Nd4001,16QAM,20262304,-6,dsh,0.25,2.463305630215804
regen_16QAM_s20262304_p-06_Nd4001,16QAM,20262304,-6,atomic,0.5,2.410059912913203
regen_16QAM_s20262304_p-06_Nd4001,16QAM,20262304,-6,static,0.5,3.999791971179977
regen_16QAM_s20262304_p-06_Nd4001,16QAM,20262304,-6,static_lti,0.5,2.444445700373155
regen_16QAM_s20262304_p-06_Nd4001,16QAM,20262304,-6,static_mh,0.5,3.554311515213866
regen_16QAM_s20262304_p-06_Nd4001,16QAM,20262304,-6,static_lti_mh,0.5,2.4472041292785063
regen_16QAM_s20262304_p-06_Nd4001,16QAM,20262304,-6,linear,0.5,2.4538553532366683
regen_16QAM_s20262304_p-06_Nd4001,16QAM,20262304,-6,dsh,0.5,2.4559087117604106
regen_16QAM_s20262304_p-06_Nd4001,16QAM,20262304,-6,atomic,1.0,2.387730693481275
regen_16QAM_s20262304_p-06_Nd4001,16QAM,20262304,-6,static,1.0,3.9963918203642095
regen_16QAM_s20262304_p-06_Nd4001,16QAM,20262304,-6,static_lti,1.0,2.421454434731716
regen_16QAM_s20262304_p-06_Nd4001,16QAM,20262304,-6,static_mh,1.0,3.5133711330170767
regen_16QAM_s20262304_p-06_Nd4001,16QAM,20262304,-6,static_lti_mh,1.0,2.424014458887763
regen_16QAM_s20262304_p-06_Nd4001,16QAM,20262304,-6,linear,1.0,2.4324920940189463
regen_16QAM_s20262304_p-06_Nd4001,16QAM,20262304,-6,dsh,1.0,2.4332053451818134
regen_16QAM_s20262304_p-06_Nd4001,16QAM,20262304,-6,atomic,2.0,2.3147487239298874
regen_16QAM_s20262304_p-06_Nd4001,16QAM,20262304,-6,static,2.0,3.8731567049283884
regen_16QAM_s20262304_p-06_Nd4001,16QAM,20262304,-6,static_lti,2.0,2.346835969843835
regen_16QAM_s20262304_p-06_Nd4001,16QAM,20262304,-6,static_mh,2.0,3.32348586858048
regen_16QAM_s20262304_p-06_Nd4001,16QAM,20262304,-6,static_lti_mh,2.0,2.3488269558428465
regen_16QAM_s20262304_p-06_Nd4001,16QAM,20262304,-6,linear,2.0,2.3630795177295827
regen_16QAM_s20262304_p-06_Nd4001,16QAM,20262304,-6,dsh,2.0,2.359539237502842
regen_16QAM_s20262304_p-06_Nd4001,16QAM,20262304,-6,atomic,4.0,2.0869382597156765
regen_16QAM_s20262304_p-06_Nd4001,16QAM,20262304,-6,static,4.0,3.0392255665111865
regen_16QAM_s20262304_p-06_Nd4001,16QAM,20262304,-6,static_lti,4.0,2.115327569395182
regen_16QAM_s20262304_p-06_Nd4001,16QAM,20262304,-6,static_mh,4.0,2.681509105739516
regen_16QAM_s20262304_p-06_Nd4001,16QAM,20262304,-6,static_lti_mh,4.0,2.116124730572338
regen_16QAM_s20262304_p-06_Nd4001,16QAM,20262304,-6,linear,4.0,2.1455318741679528
regen_16QAM_s20262304_p-06_Nd4001,16QAM,20262304,-6,dsh,4.0,2.130511453597921
regen_16QAM_s20262304_p-10_Nd4001,16QAM,20262304,-10,atomic,0.25,2.451932349515574
regen_16QAM_s20262304_p-10_Nd4001,16QAM,20262304,-10,static,0.25,3.9999347628494215
regen_16QAM_s20262304_p-10_Nd4001,16QAM,20262304,-10,static_lti,0.25,2.4537916995277618
regen_16QAM_s20262304_p-10_Nd4001,16QAM,20262304,-10,static_mh,0.25,3.781996755421492
regen_16QAM_s20262304_p-10_Nd4001,16QAM,20262304,-10,static_lti_mh,0.25,2.4568743477539328
regen_16QAM_s20262304_p-10_Nd4001,16QAM,20262304,-10,linear,0.25,2.4570578171884105
regen_16QAM_s20262304_p-10_Nd4001,16QAM,20262304,-10,dsh,0.25,2.4598751204756533
regen_16QAM_s20262304_p-10_Nd4001,16QAM,20262304,-10,atomic,0.5,2.4372212924505563
regen_16QAM_s20262304_p-10_Nd4001,16QAM,20262304,-10,static,0.5,3.9992901111234254
regen_16QAM_s20262304_p-10_Nd4001,16QAM,20262304,-10,static_lti,0.5,2.438828470986837
regen_16QAM_s20262304_p-10_Nd4001,16QAM,20262304,-10,static_mh,0.5,3.7668370946444196
regen_16QAM_s20262304_p-10_Nd4001,16QAM,20262304,-10,static_lti_mh,0.5,2.441792495220527
regen_16QAM_s20262304_p-10_Nd4001,16QAM,20262304,-10,linear,0.5,2.4425293395306267
regen_16QAM_s20262304_p-10_Nd4001,16QAM,20262304,-10,dsh,0.5,2.4449321602609677
regen_16QAM_s20262304_p-10_Nd4001,16QAM,20262304,-10,atomic,1.0,2.3896468450442976
regen_16QAM_s20262304_p-10_Nd4001,16QAM,20262304,-10,static,1.0,3.9636314037360774
regen_16QAM_s20262304_p-10_Nd4001,16QAM,20262304,-10,static_lti,1.0,2.390791518815177
regen_16QAM_s20262304_p-10_Nd4001,16QAM,20262304,-10,static_mh,1.0,3.665397328213776
regen_16QAM_s20262304_p-10_Nd4001,16QAM,20262304,-10,static_lti_mh,1.0,2.393403409811882
regen_16QAM_s20262304_p-10_Nd4001,16QAM,20262304,-10,linear,1.0,2.3958811615519005
regen_16QAM_s20262304_p-10_Nd4001,16QAM,20262304,-10,dsh,1.0,2.3969835921094362
regen_16QAM_s20262304_p-10_Nd4001,16QAM,20262304,-10,atomic,2.0,2.235906036947384
regen_16QAM_s20262304_p-10_Nd4001,16QAM,20262304,-10,static,2.0,3.477296207359794
regen_16QAM_s20262304_p-10_Nd4001,16QAM,20262304,-10,static_lti,2.0,2.23647325493666
regen_16QAM_s20262304_p-10_Nd4001,16QAM,20262304,-10,static_mh,2.0,3.185216100993004
regen_16QAM_s20262304_p-10_Nd4001,16QAM,20262304,-10,static_lti_mh,2.0,2.238177637542184
regen_16QAM_s20262304_p-10_Nd4001,16QAM,20262304,-10,linear,2.0,2.2456384411312524
regen_16QAM_s20262304_p-10_Nd4001,16QAM,20262304,-10,dsh,2.0,2.2429803137534963
regen_16QAM_s20262304_p-10_Nd4001,16QAM,20262304,-10,atomic,4.0,1.815232591764648
regen_16QAM_s20262304_p-10_Nd4001,16QAM,20262304,-10,static,4.0,2.213319514436699
regen_16QAM_s20262304_p-10_Nd4001,16QAM,20262304,-10,static_lti,4.0,1.8155964264529947
regen_16QAM_s20262304_p-10_Nd4001,16QAM,20262304,-10,static_mh,4.0,2.1043387352051144
regen_16QAM_s20262304_p-10_Nd4001,16QAM,20262304,-10,static_lti_mh,4.0,1.8157744471402606
regen_16QAM_s20262304_p-10_Nd4001,16QAM,20262304,-10,linear,4.0,1.8323340252151912
regen_16QAM_s20262304_p-10_Nd4001,16QAM,20262304,-10,dsh,4.0,1.8225126620247452
regen_16QAM_s20262304_p-15_Nd4001,16QAM,20262304,-15,atomic,0.25,2.4485133726233457
regen_16QAM_s20262304_p-15_Nd4001,16QAM,20262304,-15,static,0.25,3.999653173083446
regen_16QAM_s20262304_p-15_Nd4001,16QAM,20262304,-15,static_lti,0.25,2.4452027923695328
regen_16QAM_s20262304_p-15_Nd4001,16QAM,20262304,-15,static_mh,0.25,3.948335629231798
regen_16QAM_s20262304_p-15_Nd4001,16QAM,20262304,-15,static_lti_mh,0.25,2.447367496576006
regen_16QAM_s20262304_p-15_Nd4001,16QAM,20262304,-15,linear,0.25,2.446285290470761
regen_16QAM_s20262304_p-15_Nd4001,16QAM,20262304,-15,dsh,0.25,2.448304781828205
regen_16QAM_s20262304_p-15_Nd4001,16QAM,20262304,-15,atomic,0.5,2.410339262980058
regen_16QAM_s20262304_p-15_Nd4001,16QAM,20262304,-15,static,0.5,3.9826783216540207
regen_16QAM_s20262304_p-15_Nd4001,16QAM,20262304,-15,static_lti,0.5,2.406718550618528
regen_16QAM_s20262304_p-15_Nd4001,16QAM,20262304,-15,static_mh,0.5,3.8920609147625163
regen_16QAM_s20262304_p-15_Nd4001,16QAM,20262304,-15,static_lti_mh,0.5,2.4086966464319657
regen_16QAM_s20262304_p-15_Nd4001,16QAM,20262304,-15,linear,0.5,2.4081172673253497
regen_16QAM_s20262304_p-15_Nd4001,16QAM,20262304,-15,dsh,0.5,2.409743008606657
regen_16QAM_s20262304_p-15_Nd4001,16QAM,20262304,-15,atomic,1.0,2.285713581076315
regen_16QAM_s20262304_p-15_Nd4001,16QAM,20262304,-15,static,1.0,3.6463835356505605
regen_16QAM_s20262304_p-15_Nd4001,16QAM,20262304,-15,static_lti,1.0,2.281957000252058
regen_16QAM_s20262304_p-15_Nd4001,16QAM,20262304,-15,static_mh,1.0,3.518415598155693
regen_16QAM_s20262304_p-15_Nd4001,16QAM,20262304,-15,static_lti_mh,1.0,2.283417083068305
regen_16QAM_s20262304_p-15_Nd4001,16QAM,20262304,-15,linear,1.0,2.284306159201238
regen_16QAM_s20262304_p-15_Nd4001,16QAM,20262304,-15,dsh,1.0,2.284785215504095
regen_16QAM_s20262304_p-15_Nd4001,16QAM,20262304,-15,atomic,2.0,1.9264939400796763
regen_16QAM_s20262304_p-15_Nd4001,16QAM,20262304,-15,static,2.0,2.468626543476378
regen_16QAM_s20262304_p-15_Nd4001,16QAM,20262304,-15,static_lti,2.0,1.9235481385941946
regen_16QAM_s20262304_p-15_Nd4001,16QAM,20262304,-15,static_mh,2.0,2.4096822111673926
regen_16QAM_s20262304_p-15_Nd4001,16QAM,20262304,-15,static_lti_mh,2.0,1.9240317126602815
regen_16QAM_s20262304_p-15_Nd4001,16QAM,20262304,-15,linear,2.0,1.927887523092963
regen_16QAM_s20262304_p-15_Nd4001,16QAM,20262304,-15,dsh,2.0,1.9260010660193876
regen_16QAM_s20262304_p-15_Nd4001,16QAM,20262304,-15,atomic,4.0,1.236196169375032
regen_16QAM_s20262304_p-15_Nd4001,16QAM,20262304,-15,static,4.0,1.209133783801103
regen_16QAM_s20262304_p-15_Nd4001,16QAM,20262304,-15,static_lti,4.0,1.2345664452957186
regen_16QAM_s20262304_p-15_Nd4001,16QAM,20262304,-15,static_mh,4.0,1.1907912017536053
regen_16QAM_s20262304_p-15_Nd4001,16QAM,20262304,-15,static_lti_mh,4.0,1.234039171965412
regen_16QAM_s20262304_p-15_Nd4001,16QAM,20262304,-15,linear,4.0,1.2401569138715476
regen_16QAM_s20262304_p-15_Nd4001,16QAM,20262304,-15,dsh,4.0,1.2362703584377732
regen_16QAM_s20262404_p+00_Nd4001,16QAM,20262404,0,atomic,0.25,2.106410355836687
regen_16QAM_s20262404_p+00_Nd4001,16QAM,20262404,0,static,0.25,3.9541103238532593
regen_16QAM_s20262404_p+00_Nd4001,16QAM,20262404,0,static_lti,0.25,2.3846586556561653
regen_16QAM_s20262404_p+00_Nd4001,16QAM,20262404,0,static_mh,0.25,3.5913226592632954
regen_16QAM_s20262404_p+00_Nd4001,16QAM,20262404,0,static_lti_mh,0.25,2.3857686920236776
regen_16QAM_s20262404_p+00_Nd4001,16QAM,20262404,0,linear,0.25,2.409000614709925
regen_16QAM_s20262404_p+00_Nd4001,16QAM,20262404,0,dsh,0.25,2.4110365091629045
regen_16QAM_s20262404_p+00_Nd4001,16QAM,20262404,0,atomic,0.5,2.103729923390786
regen_16QAM_s20262404_p+00_Nd4001,16QAM,20262404,0,static,0.5,3.948338458187439
regen_16QAM_s20262404_p+00_Nd4001,16QAM,20262404,0,static_lti,0.5,2.3820678434251428
regen_16QAM_s20262404_p+00_Nd4001,16QAM,20262404,0,static_mh,0.5,3.5832790600792004
regen_16QAM_s20262404_p+00_Nd4001,16QAM,20262404,0,static_lti_mh,0.5,2.3833080135545694
regen_16QAM_s20262404_p+00_Nd4001,16QAM,20262404,0,linear,0.5,2.40662779869628
regen_16QAM_s20262404_p+00_Nd4001,16QAM,20262404,0,dsh,0.5,2.408538780905158
regen_16QAM_s20262404_p+00_Nd4001,16QAM,20262404,0,atomic,1.0,2.096213445027252
regen_16QAM_s20262404_p+00_Nd4001,16QAM,20262404,0,static,1.0,3.9359807291615194
regen_16QAM_s20262404_p+00_Nd4001,16QAM,20262404,0,static_lti,1.0,2.374095650789784
regen_16QAM_s20262404_p+00_Nd4001,16QAM,20262404,0,static_mh,1.0,3.5595333452011966
regen_16QAM_s20262404_p+00_Nd4001,16QAM,20262404,0,static_lti_mh,1.0,2.375595195832698
regen_16QAM_s20262404_p+00_Nd4001,16QAM,20262404,0,linear,1.0,2.3998485178147857
regen_16QAM_s20262404_p+00_Nd4001,16QAM,20262404,0,dsh,1.0,2.4009821929187205
regen_16QAM_s20262404_p+00_Nd4001,16QAM,20262404,0,atomic,2.0,2.0728808404057797
regen_16QAM_s20262404_p+00_Nd4001,16QAM,20262404,0,static,2.0,3.90093189710538
regen_16QAM_s20262404_p+00_Nd4001,16QAM,20262404,0,static_lti,2.0,2.347420929551203
regen_16QAM_s20262404_p+00_Nd4001,16QAM,20262404,0,static_mh,2.0,3.4794476963647014
regen_16QAM_s20262404_p+00_Nd4001,16QAM,20262404,0,static_lti_mh,2.0,2.3494331114244233
regen_16QAM_s20262404_p+00_Nd4001,16QAM,20262404,0,linear,2.0,2.378415520392676
regen_16QAM_s20262404_p+00_Nd4001,16QAM,20262404,0,dsh,2.0,2.3760014977308535
regen_16QAM_s20262404_p+00_Nd4001,16QAM,20262404,0,atomic,4.0,1.9967245980574229
regen_16QAM_s20262404_p+00_Nd4001,16QAM,20262404,0,static,4.0,3.622354742974164
regen_16QAM_s20262404_p+00_Nd4001,16QAM,20262404,0,static_lti,4.0,2.2563847277821294
regen_16QAM_s20262404_p+00_Nd4001,16QAM,20262404,0,static_mh,4.0,3.190685841800012
regen_16QAM_s20262404_p+00_Nd4001,16QAM,20262404,0,static_lti_mh,4.0,2.2593617923184586
regen_16QAM_s20262404_p+00_Nd4001,16QAM,20262404,0,linear,4.0,2.3071134396778668
regen_16QAM_s20262404_p+00_Nd4001,16QAM,20262404,0,dsh,4.0,2.2911018004514023
regen_16QAM_s20262404_p+03_Nd4001,16QAM,20262404,3,atomic,0.25,1.6810048424073032
regen_16QAM_s20262404_p+03_Nd4001,16QAM,20262404,3,static,0.25,3.7588289974040605
regen_16QAM_s20262404_p+03_Nd4001,16QAM,20262404,3,static_lti,0.25,2.3178536456162324
regen_16QAM_s20262404_p+03_Nd4001,16QAM,20262404,3,static_mh,0.25,2.0680354915607544
regen_16QAM_s20262404_p+03_Nd4001,16QAM,20262404,3,static_lti_mh,0.25,2.3241583611145478
regen_16QAM_s20262404_p+03_Nd4001,16QAM,20262404,3,linear,0.25,2.409564144314577
regen_16QAM_s20262404_p+03_Nd4001,16QAM,20262404,3,dsh,0.25,2.4120831569894685
regen_16QAM_s20262404_p+03_Nd4001,16QAM,20262404,3,atomic,0.5,1.6792768463794123
regen_16QAM_s20262404_p+03_Nd4001,16QAM,20262404,3,static,0.5,3.7552816771452155
regen_16QAM_s20262404_p+03_Nd4001,16QAM,20262404,3,static_lti,0.5,2.316130463613718
regen_16QAM_s20262404_p+03_Nd4001,16QAM,20262404,3,static_mh,0.5,2.067585070522813
regen_16QAM_s20262404_p+03_Nd4001,16QAM,20262404,3,static_lti_mh,0.5,2.3228794841076876
regen_16QAM_s20262404_p+03_Nd4001,16QAM,20262404,3,linear,0.5,2.4080967050731137
regen_16QAM_s20262404_p+03_Nd4001,16QAM,20262404,3,dsh,0.5,2.4107740607896937
regen_16QAM_s20262404_p+03_Nd4001,16QAM,20262404,3,atomic,1.0,1.6747638646369467
regen_16QAM_s20262404_p+03_Nd4001,16QAM,20262404,3,static,1.0,3.746052627135282
regen_16QAM_s20262404_p+03_Nd4001,16QAM,20262404,3,static_lti,1.0,2.3107754507839697
regen_16QAM_s20262404_p+03_Nd4001,16QAM,20262404,3,static_mh,1.0,2.0646940028778267
regen_16QAM_s20262404_p+03_Nd4001,16QAM,20262404,3,static_lti_mh,1.0,2.318394140712639
regen_16QAM_s20262404_p+03_Nd4001,16QAM,20262404,3,linear,1.0,2.404135324872753
regen_16QAM_s20262404_p+03_Nd4001,16QAM,20262404,3,dsh,1.0,2.406509314279779
regen_16QAM_s20262404_p+03_Nd4001,16QAM,20262404,3,atomic,2.0,1.6616294658695177
regen_16QAM_s20262404_p+03_Nd4001,16QAM,20262404,3,static,2.0,3.711801049993527
regen_16QAM_s20262404_p+03_Nd4001,16QAM,20262404,3,static_lti,2.0,2.292640119464487
regen_16QAM_s20262404_p+03_Nd4001,16QAM,20262404,3,static_mh,2.0,2.051107188516436
regen_16QAM_s20262404_p+03_Nd4001,16QAM,20262404,3,static_lti_mh,2.0,2.3018933628069536
regen_16QAM_s20262404_p+03_Nd4001,16QAM,20262404,3,linear,2.0,2.3921841773010444
regen_16QAM_s20262404_p+03_Nd4001,16QAM,20262404,3,dsh,2.0,2.3915269840570232
regen_16QAM_s20262404_p+03_Nd4001,16QAM,20262404,3,atomic,4.0,1.6202144321879628
regen_16QAM_s20262404_p+03_Nd4001,16QAM,20262404,3,static,4.0,3.5158771769167494
regen_16QAM_s20262404_p+03_Nd4001,16QAM,20262404,3,static_lti,4.0,2.229272785005083
regen_16QAM_s20262404_p+03_Nd4001,16QAM,20262404,3,static_mh,4.0,1.995076321348868
regen_16QAM_s20262404_p+03_Nd4001,16QAM,20262404,3,static_lti_mh,4.0,2.24115967443258
regen_16QAM_s20262404_p+03_Nd4001,16QAM,20262404,3,linear,4.0,2.3530625084854067
regen_16QAM_s20262404_p+03_Nd4001,16QAM,20262404,3,dsh,4.0,2.3375374068542873
regen_16QAM_s20262404_p+06_Nd4001,16QAM,20262404,6,atomic,0.25,1.1788157817041198
regen_16QAM_s20262404_p+06_Nd4001,16QAM,20262404,6,static,0.25,3.12557030461222
regen_16QAM_s20262404_p+06_Nd4001,16QAM,20262404,6,static_lti,0.25,2.039261540453683
regen_16QAM_s20262404_p+06_Nd4001,16QAM,20262404,6,static_mh,0.25,0.861953432394739
regen_16QAM_s20262404_p+06_Nd4001,16QAM,20262404,6,static_lti_mh,0.25,2.028678516502332
regen_16QAM_s20262404_p+06_Nd4001,16QAM,20262404,6,linear,0.25,2.4099276070388487
regen_16QAM_s20262404_p+06_Nd4001,16QAM,20262404,6,dsh,0.25,2.3786772212860288
regen_16QAM_s20262404_p+06_Nd4001,16QAM,20262404,6,atomic,0.5,1.1776924132039983
regen_16QAM_s20262404_p+06_Nd4001,16QAM,20262404,6,static,0.5,3.1204556665572896
regen_16QAM_s20262404_p+06_Nd4001,16QAM,20262404,6,static_lti,0.5,2.0381064648381098
regen_16QAM_s20262404_p+06_Nd4001,16QAM,20262404,6,static_mh,0.5,0.8625655118876953
regen_16QAM_s20262404_p+06_Nd4001,16QAM,20262404,6,static_lti_mh,0.5,2.0279615668896125
regen_16QAM_s20262404_p+06_Nd4001,16QAM,20262404,6,linear,0.5,2.4089955294404004
regen_16QAM_s20262404_p+06_Nd4001,16QAM,20262404,6,dsh,0.5,2.3779332171105816
regen_16QAM_s20262404_p+06_Nd4001,16QAM,20262404,6,atomic,1.0,1.1748926392249308
regen_16QAM_s20262404_p+06_Nd4001,16QAM,20262404,6,static,1.0,3.1036954658181384
regen_16QAM_s20262404_p+06_Nd4001,16QAM,20262404,6,static_lti,1.0,2.0342581852260446
regen_16QAM_s20262404_p+06_Nd4001,16QAM,20262404,6,static_mh,1.0,0.8634246606437245
regen_16QAM_s20262404_p+06_Nd4001,16QAM,20262404,6,static_lti_mh,1.0,2.0249908930130114
regen_16QAM_s20262404_p+06_Nd4001,16QAM,20262404,6,linear,1.0,2.40661465285955
regen_16QAM_s20262404_p+06_Nd4001,16QAM,20262404,6,dsh,1.0,2.375053164828692
regen_16QAM_s20262404_p+06_Nd4001,16QAM,20262404,6,atomic,2.0,1.167134250277886
regen_16QAM_s20262404_p+06_Nd4001,16QAM,20262404,6,static,2.0,3.0451449636223535
regen_16QAM_s20262404_p+06_Nd4001,16QAM,20262404,6,static_lti,2.0,2.020556409800375
regen_16QAM_s20262404_p+06_Nd4001,16QAM,20262404,6,static_mh,2.0,0.8636837729224077
regen_16QAM_s20262404_p+06_Nd4001,16QAM,20262404,6,static_lti_mh,2.0,2.0130211473969455
regen_16QAM_s20262404_p+06_Nd4001,16QAM,20262404,6,linear,2.0,2.3998097087300825
regen_16QAM_s20262404_p+06_Nd4001,16QAM,20262404,6,dsh,2.0,2.363797109609319
regen_16QAM_s20262404_p+06_Nd4001,16QAM,20262404,6,atomic,4.0,1.143537360262273
regen_16QAM_s20262404_p+06_Nd4001,16QAM,20262404,6,static,4.0,2.844804351418102
regen_16QAM_s20262404_p+06_Nd4001,16QAM,20262404,6,static_lti,4.0,1.9709820244306342
regen_16QAM_s20262404_p+06_Nd4001,16QAM,20262404,6,static_mh,4.0,0.8584516999289297
regen_16QAM_s20262404_p+06_Nd4001,16QAM,20262404,6,static_lti_mh,4.0,1.966597234122162
regen_16QAM_s20262404_p+06_Nd4001,16QAM,20262404,6,linear,4.0,2.378289403084453
regen_16QAM_s20262404_p+06_Nd4001,16QAM,20262404,6,dsh,4.0,2.320405515400537
regen_16QAM_s20262404_p-03_Nd4001,16QAM,20262404,-3,atomic,0.25,2.309947595130529
regen_16QAM_s20262404_p-03_Nd4001,16QAM,20262404,-3,static,0.25,3.9987232681047473
regen_16QAM_s20262404_p-03_Nd4001,16QAM,20262404,-3,static_lti,0.25,2.400536738637994
regen_16QAM_s20262404_p-03_Nd4001,16QAM,20262404,-3,static_mh,0.25,3.673262734217073
regen_16QAM_s20262404_p-03_Nd4001,16QAM,20262404,-3,static_lti_mh,0.25,2.3959328167716407
regen_16QAM_s20262404_p-03_Nd4001,16QAM,20262404,-3,linear,0.25,2.4081048300855556
regen_16QAM_s20262404_p-03_Nd4001,16QAM,20262404,-3,dsh,0.25,2.405268059971057
regen_16QAM_s20262404_p-03_Nd4001,16QAM,20262404,-3,atomic,0.5,2.3052078120240553
regen_16QAM_s20262404_p-03_Nd4001,16QAM,20262404,-3,static,0.5,3.996885720315436
regen_16QAM_s20262404_p-03_Nd4001,16QAM,20262404,-3,static_lti,0.5,2.3963485184853237
regen_16QAM_s20262404_p-03_Nd4001,16QAM,20262404,-3,static_mh,0.5,3.6540982282352665
regen_16QAM_s20262404_p-03_Nd4001,16QAM,20262404,-3,static_lti_mh,0.5,2.391679420580471
regen_16QAM_s20262404_p-03_Nd4001,16QAM,20262404,-3,linear,0.5,2.4041576324817266
regen_16QAM_s20262404_p-03_Nd4001,16QAM,20262404,-3,dsh,0.5,2.4010115244261554
regen_16QAM_s20262404_p-03_Nd4001,16QAM,20262404,-3,atomic,1.0,2.2915687495545387
regen_16QAM_s20262404_p-03_Nd4001,16QAM,20262404,-3,static,1.0,3.988769678633694
regen_16QAM_s20262404_p-03_Nd4001,16QAM,20262404,-3,static_lti,1.0,2.3832582649487324
regen_16QAM_s20262404_p-03_Nd4001,16QAM,20262404,-3,static_mh,1.0,3.5989835002280817
regen_16QAM_s20262404_p-03_Nd4001,16QAM,20262404,-3,static_lti_mh,1.0,2.3785092983462572
regen_16QAM_s20262404_p-03_Nd4001,16QAM,20262404,-3,linear,1.0,2.392253490364749
regen_16QAM_s20262404_p-03_Nd4001,16QAM,20262404,-3,dsh,1.0,2.3880424578454402
regen_16QAM_s20262404_p-03_Nd4001,16QAM,20262404,-3,atomic,2.0,2.2487193521174937
regen_16QAM_s20262404_p-03_Nd4001,16QAM,20262404,-3,static,2.0,3.9321003326287327
regen_16QAM_s20262404_p-03_Nd4001,16QAM,20262404,-3,static_lti,2.0,2.3393804813754637
regen_16QAM_s20262404_p-03_Nd4001,16QAM,20262404,-3,static_mh,2.0,3.429366311629851
regen_16QAM_s20262404_p-03_Nd4001,16QAM,20262404,-3,static_lti_mh,2.0,2.33469982828828
regen_16QAM_s20262404_p-03_Nd4001,16QAM,20262404,-3,linear,2.0,2.353292868736706
regen_16QAM_s20262404_p-03_Nd4001,16QAM,20262404,-3,dsh,2.0,2.345385083098439
regen_16QAM_s20262404_p-03_Nd4001,16QAM,20262404,-3,atomic,4.0,2.1125488311088665
regen_16QAM_s20262404_p-03_Nd4001,16QAM,20262404,-3,static,4.0,3.385956164277213
regen_16QAM_s20262404_p-03_Nd4001,16QAM,20262404,-3,static_lti,4.0,2.1943717915501884
regen_16QAM_s20262404_p-03_Nd4001,16QAM,20262404,-3,static_mh,4.0,2.9420979078036575
regen_16QAM_s20262404_p-03_Nd4001,16QAM,20262404,-3,static_lti_mh,4.0,2.1906392661754226
regen_16QAM_s20262404_p-03_Nd4001,16QAM,20262404,-3,linear,4.0,2.2250764107689576
regen_16QAM_s20262404_p-03_Nd4001,16QAM,20262404,-3,dsh,4.0,2.205697896164483
regen_16QAM_s20262404_p-06_Nd4001,16QAM,20262404,-6,atomic,0.25,2.368911108969526
regen_16QAM_s20262404_p-06_Nd4001,16QAM,20262404,-6,static,0.25,3.9999238909404533
regen_16QAM_s20262404_p-06_Nd4001,16QAM,20262404,-6,static_lti,0.25,2.404263456862702
regen_16QAM_s20262404_p-06_Nd4001,16QAM,20262404,-6,static_mh,0.25,3.6625515462287037
regen_16QAM_s20262404_p-06_Nd4001,16QAM,20262404,-6,static_lti_mh,0.25,2.399018661833431
regen_16QAM_s20262404_p-06_Nd4001,16QAM,20262404,-6,linear,0.25,2.406641146420081
regen_16QAM_s20262404_p-06_Nd4001,16QAM,20262404,-6,dsh,0.25,2.402528479748981
regen_16QAM_s20262404_p-06_Nd4001,16QAM,20262404,-6,atomic,0.5,2.361406398435437
regen_16QAM_s20262404_p-06_Nd4001,16QAM,20262404,-6,static,0.5,3.9996227263123503
regen_16QAM_s20262404_p-06_Nd4001,16QAM,20262404,-6,static_lti,0.5,2.3972402078653925
regen_16QAM_s20262404_p-06_Nd4001,16QAM,20262404,-6,static_mh,0.5,3.6355668073438903
regen_16QAM_s20262404_p-06_Nd4001,16QAM,20262404,-6,static_lti_mh,0.5,2.391856227199312
regen_16QAM_s20262404_p-06_Nd4001,16QAM,20262404,-6,linear,0.5,2.399887397103992
regen_16QAM_s20262404_p-06_Nd4001,16QAM,20262404,-6,dsh,0.5,2.3953973421024592
regen_16QAM_s20262404_p-06_Nd4001,16QAM,20262404,-6,atomic,1.0,2.338483507294499
regen_16QAM_s20262404_p-06_Nd4001,16QAM,20262404,-6,static,1.0,3.9929502163588824
regen_16QAM_s20262404_p-06_Nd4001,16QAM,20262404,-6,static_lti,1.0,2.374687516324748
regen_16QAM_s20262404_p-06_Nd4001,16QAM,20262404,-6,static_mh,1.0,3.5522482362869243
regen_16QAM_s20262404_p-06_Nd4001,16QAM,20262404,-6,static_lti_mh,1.0,2.3691360066260323
regen_16QAM_s20262404_p-06_Nd4001,16QAM,20262404,-6,linear,1.0,2.378541287292962
regen_16QAM_s20262404_p-06_Nd4001,16QAM,20262404,-6,dsh,1.0,2.372940717764896
regen_16QAM_s20262404_p-06_Nd4001,16QAM,20262404,-6,atomic,2.0,2.2643169283572835
regen_16QAM_s20262404_p-06_Nd4001,16QAM,20262404,-6,static,2.0,3.8270778924938242
regen_16QAM_s20262404_p-06_Nd4001,16QAM,20262404,-6,static_lti,2.0,2.299044922109155
regen_16QAM_s20262404_p-06_Nd4001,16QAM,20262404,-6,static_mh,2.0,3.2830765365764436
regen_16QAM_s20262404_p-06_Nd4001,16QAM,20262404,-6,static_lti_mh,2.0,2.2936325366990986
regen_16QAM_s20262404_p-06_Nd4001,16QAM,20262404,-6,linear,2.0,2.3075305978122373
regen_16QAM_s20262404_p-06_Nd4001,16QAM,20262404,-6,dsh,2.0,2.2986363873133135
regen_16QAM_s20262404_p-06_Nd4001,16QAM,20262404,-6,atomic,4.0,2.0373154453718807
regen_16QAM_s20262404_p-06_Nd4001,16QAM,20262404,-6,static,4.0,2.903408167512578
regen_16QAM_s20262404_p-06_Nd4001,16QAM,20262404,-6,static_lti,4.0,2.0633458470610124
regen_16QAM_s20262404_p-06_Nd4001,16QAM,20262404,-6,static_mh,4.0,2.5761491106513685
regen_16QAM_s20262404_p-06_Nd4001,16QAM,20262404,-6,static_lti_mh,4.0,2.059453660386865
regen_16QAM_s20262404_p-06_Nd4001,16QAM,20262404,-6,linear,4.0,2.085268228809154
regen_16QAM_s20262404_p-06_Nd4001,16QAM,20262404,-6,dsh,4.0,2.0681657067821315
regen_16QAM_s20262504_p+00_Nd4001,16QAM,20262504,0,atomic,0.25,2.0719168307745903
regen_16QAM_s20262504_p+00_Nd4001,16QAM,20262504,0,static,0.25,3.9974628523330225
regen_16QAM_s20262504_p+00_Nd4001,16QAM,20262504,0,static_lti,0.25,2.436154694185891
regen_16QAM_s20262504_p+00_Nd4001,16QAM,20262504,0,static_mh,0.25,3.567422151718385
regen_16QAM_s20262504_p+00_Nd4001,16QAM,20262504,0,static_lti_mh,0.25,2.428549747568744
regen_16QAM_s20262504_p+00_Nd4001,16QAM,20262504,0,linear,0.25,2.461100603477496
regen_16QAM_s20262504_p+00_Nd4001,16QAM,20262504,0,dsh,0.25,2.4530199937998773
regen_16QAM_s20262504_p+00_Nd4001,16QAM,20262504,0,atomic,0.5,2.0726564258771907
regen_16QAM_s20262504_p+00_Nd4001,16QAM,20262504,0,static,0.5,3.9964750814925565
regen_16QAM_s20262504_p+00_Nd4001,16QAM,20262504,0,static_lti,0.5,2.4366154918998384
regen_16QAM_s20262504_p+00_Nd4001,16QAM,20262504,0,static_mh,0.5,3.559932265871808
regen_16QAM_s20262504_p+00_Nd4001,16QAM,20262504,0,static_lti_mh,0.5,2.4290512092364076
regen_16QAM_s20262504_p+00_Nd4001,16QAM,20262504,0,linear,0.5,2.4615110776486757
regen_16QAM_s20262504_p+00_Nd4001,16QAM,20262504,0,dsh,0.5,2.453590726091766
regen_16QAM_s20262504_p+00_Nd4001,16QAM,20262504,0,atomic,1.0,2.071993833830862
regen_16QAM_s20262504_p+00_Nd4001,16QAM,20262504,0,static,1.0,3.991626562262303
regen_16QAM_s20262504_p+00_Nd4001,16QAM,20262504,0,static_lti,1.0,2.434827985338297
regen_16QAM_s20262504_p+00_Nd4001,16QAM,20262504,0,static_mh,1.0,3.5391779878054432
regen_16QAM_s20262504_p+00_Nd4001,16QAM,20262504,0,static_lti_mh,1.0,2.4273747052582197
regen_16QAM_s20262504_p+00_Nd4001,16QAM,20262504,0,linear,1.0,2.4603404160441755
regen_16QAM_s20262504_p+00_Nd4001,16QAM,20262504,0,dsh,1.0,2.4522655062795606
regen_16QAM_s20262504_p+00_Nd4001,16QAM,20262504,0,atomic,2.0,2.0622247454923093
regen_16QAM_s20262504_p+00_Nd4001,16QAM,20262504,0,static,2.0,3.9546056351374603
regen_16QAM_s20262504_p+00_Nd4001,16QAM,20262504,0,static_lti,2.0,2.420624182317353
regen_16QAM_s20262504_p+00_Nd4001,16QAM,20262504,0,static_mh,2.0,3.474418237927452
regen_16QAM_s20262504_p+00_Nd4001,16QAM,20262504,0,static_lti_mh,2.0,2.413498713291802
regen_16QAM_s20262504_p+00_Nd4001,16QAM,20262504,0,linear,2.0,2.450156736055347
regen_16QAM_s20262504_p+00_Nd4001,16QAM,20262504,0,dsh,2.0,2.4399126884393736
regen_16QAM_s20262504_p+00_Nd4001,16QAM,20262504,0,atomic,4.0,2.011258535431365
regen_16QAM_s20262504_p+00_Nd4001,16QAM,20262504,0,static,4.0,3.708878339417918
regen_16QAM_s20262504_p+00_Nd4001,16QAM,20262504,0,static_lti,4.0,2.3532537009410484
regen_16QAM_s20262504_p+00_Nd4001,16QAM,20262504,0,static_mh,4.0,3.2487103879429227
regen_16QAM_s20262504_p+00_Nd4001,16QAM,20262504,0,static_lti_mh,4.0,2.347098384886788
regen_16QAM_s20262504_p+00_Nd4001,16QAM,20262504,0,linear,4.0,2.400471519592818
regen_16QAM_s20262504_p+00_Nd4001,16QAM,20262504,0,dsh,4.0,2.379333863012575
regen_16QAM_s20262504_p+03_Nd4001,16QAM,20262504,3,atomic,0.25,1.5745541221166688
regen_16QAM_s20262504_p+03_Nd4001,16QAM,20262504,3,static,0.25,3.892023639322877
regen_16QAM_s20262504_p+03_Nd4001,16QAM,20262504,3,static_lti,0.25,2.3530076736369656
regen_16QAM_s20262504_p+03_Nd4001,16QAM,20262504,3,static_mh,0.25,2.1409591255027336
regen_16QAM_s20262504_p+03_Nd4001,16QAM,20262504,3,static_lti_mh,0.25,2.3345728214157253
regen_16QAM_s20262504_p+03_Nd4001,16QAM,20262504,3,linear,0.25,2.460855344677643
regen_16QAM_s20262504_p+03_Nd4001,16QAM,20262504,3,dsh,0.25,2.437547604389277
regen_16QAM_s20262504_p+03_Nd4001,16QAM,20262504,3,atomic,0.5,1.5758725635075275
regen_16QAM_s20262504_p+03_Nd4001,16QAM,20262504,3,static,0.5,3.887054542799909
regen_16QAM_s20262504_p+03_Nd4001,16QAM,20262504,3,static_lti,0.5,2.3535954815022895
regen_16QAM_s20262504_p+03_Nd4001,16QAM,20262504,3,static_mh,0.5,2.138326911118658
regen_16QAM_s20262504_p+03_Nd4001,16QAM,20262504,3,static_lti_mh,0.5,2.3350898156824846
regen_16QAM_s20262504_p+03_Nd4001,16QAM,20262504,3,linear,0.5,2.461352400272579
regen_16QAM_s20262504_p+03_Nd4001,16QAM,20262504,3,dsh,0.5,2.4382707972599706
regen_16QAM_s20262504_p+03_Nd4001,16QAM,20262504,3,atomic,1.0,1.5774750094946506
regen_16QAM_s20262504_p+03_Nd4001,16QAM,20262504,3,static,1.0,3.8719647863299516
regen_16QAM_s20262504_p+03_Nd4001,16QAM,20262504,3,static_lti,1.0,2.35297184827499
regen_16QAM_s20262504_p+03_Nd4001,16QAM,20262504,3,static_mh,1.0,2.1312595737499684
regen_16QAM_s20262504_p+03_Nd4001,16QAM,20262504,3,static_lti_mh,1.0,2.334363159110995
regen_16QAM_s20262504_p+03_Nd4001,16QAM,20262504,3,linear,1.0,2.4613462129173382
regen_16QAM_s20262504_p+03_Nd4001,16QAM,20262504,3,dsh,1.0,2.438187622718677
regen_16QAM_s20262504_p+03_Nd4001,16QAM,20262504,3,atomic,2.0,1.5765482735453415
regen_16QAM_s20262504_p+03_Nd4001,16QAM,20262504,3,static,2.0,3.8174888081832323
regen_16QAM_s20262504_p+03_Nd4001,16QAM,20262504,3,static_lti,2.0,2.3446004174670168
regen_16QAM_s20262504_p+03_Nd4001,16QAM,20262504,3,static_mh,2.0,2.110166513325337
regen_16QAM_s20262504_p+03_Nd4001,16QAM,20262504,3,static_lti_mh,2.0,2.325940649847366
regen_16QAM_s20262504_p+03_Nd4001,16QAM,20262504,3,linear,2.0,2.4573609716018296
regen_16QAM_s20262504_p+03_Nd4001,16QAM,20262504,3,dsh,2.0,2.4319506320368687
regen_16QAM_s20262504_p+03_Nd4001,16QAM,20262504,3,atomic,4.0,1.5586423245992762
regen_16QAM_s20262504_p+03_Nd4001,16QAM,20262504,3,static,4.0,3.598093439936442
regen_16QAM_s20262504_p+03_Nd4001,16QAM,20262504,3,static_lti,4.0,2.300896698225216
regen_16QAM_s20262504_p+03_Nd4001,16QAM,20262504,3,static_mh,4.0,2.042953661998413
regen_16QAM_s20262504_p+03_Nd4001,16QAM,20262504,3,static_lti_mh,4.0,2.2827490841696068
regen_16QAM_s20262504_p+03_Nd4001,16QAM,20262504,3,linear,4.0,2.4340182240305066
regen_16QAM_s20262504_p+03_Nd4001,16QAM,20262504,3,dsh,4.0,2.3962432815146006
regen_16QAM_s20262504_p+06_Nd4001,16QAM,20262504,6,atomic,0.25,1.0414695756276438
regen_16QAM_s20262504_p+06_Nd4001,16QAM,20262504,6,static,0.25,3.061239188231096
regen_16QAM_s20262504_p+06_Nd4001,16QAM,20262504,6,static_lti,0.25,2.0261944460833563
regen_16QAM_s20262504_p+06_Nd4001,16QAM,20262504,6,static_mh,0.25,1.0616291787905576
regen_16QAM_s20262504_p+06_Nd4001,16QAM,20262504,6,static_lti_mh,0.25,2.0029674160458746
regen_16QAM_s20262504_p+06_Nd4001,16QAM,20262504,6,linear,0.25,2.4606473738600805
regen_16QAM_s20262504_p+06_Nd4001,16QAM,20262504,6,dsh,0.25,2.4051344840873083
regen_16QAM_s20262504_p+06_Nd4001,16QAM,20262504,6,atomic,0.5,1.0417751061611404
regen_16QAM_s20262504_p+06_Nd4001,16QAM,20262504,6,static,0.5,3.0557029314772044
regen_16QAM_s20262504_p+06_Nd4001,16QAM,20262504,6,static_lti,0.5,2.0270136183265386
regen_16QAM_s20262504_p+06_Nd4001,16QAM,20262504,6,static_mh,0.5,1.060994991313539
regen_16QAM_s20262504_p+06_Nd4001,16QAM,20262504,6,static_lti_mh,0.5,2.0036996843638097
regen_16QAM_s20262504_p+06_Nd4001,16QAM,20262504,6,linear,0.5,2.4611027756866193
regen_16QAM_s20262504_p+06_Nd4001,16QAM,20262504,6,dsh,0.5,2.4060296016260496
regen_16QAM_s20262504_p+06_Nd4001,16QAM,20262504,6,atomic,1.0,1.0418968983507664
regen_16QAM_s20262504_p+06_Nd4001,16QAM,20262504,6,static,1.0,3.039207893725366
regen_16QAM_s20262504_p+06_Nd4001,16QAM,20262504,6,static_lti,1.0,2.0272937129092647
regen_16QAM_s20262504_p+06_Nd4001,16QAM,20262504,6,static_mh,1.0,1.059318467989059
regen_16QAM_s20262504_p+06_Nd4001,16QAM,20262504,6,static_lti_mh,1.0,2.003839593341132
regen_16QAM_s20262504_p+06_Nd4001,16QAM,20262504,6,linear,1.0,2.4615118335178017
regen_16QAM_s20262504_p+06_Nd4001,16QAM,20262504,6,dsh,1.0,2.4065378314381474
regen_16QAM_s20262504_p+06_Nd4001,16QAM,20262504,6,atomic,2.0,1.0401991581359127
regen_16QAM_s20262504_p+06_Nd4001,16QAM,20262504,6,static,2.0,2.986286422951661
regen_16QAM_s20262504_p+06_Nd4001,16QAM,20262504,6,static_lti,2.0,2.0224493748703813
regen_16QAM_s20262504_p+06_Nd4001,16QAM,20262504,6,static_mh,2.0,1.0543615127160881
regen_16QAM_s20262504_p+06_Nd4001,16QAM,20262504,6,static_lti_mh,2.0,1.9988523749474187
regen_16QAM_s20262504_p+06_Nd4001,16QAM,20262504,6,linear,2.0,2.4603289137253066
regen_16QAM_s20262504_p+06_Nd4001,16QAM,20262504,6,dsh,2.0,2.4024489430231855
regen_16QAM_s20262504_p+06_Nd4001,16QAM,20262504,6,atomic,4.0,1.0292923112945498
regen_16QAM_s20262504_p+06_Nd4001,16QAM,20262504,6,static,4.0,2.820027025393179
regen_16QAM_s20262504_p+06_Nd4001,16QAM,20262504,6,static_lti,4.0,1.992000429613721
regen_16QAM_s20262504_p+06_Nd4001,16QAM,20262504,6,static_mh,4.0,1.038343708293947
regen_16QAM_s20262504_p+06_Nd4001,16QAM,20262504,6,static_lti_mh,4.0,1.9686609710088778
regen_16QAM_s20262504_p+06_Nd4001,16QAM,20262504,6,linear,4.0,2.450084255273372
regen_16QAM_s20262504_p+06_Nd4001,16QAM,20262504,6,dsh,4.0,2.3745099102606533
regen_16QAM_s20262504_p-03_Nd4001,16QAM,20262504,-3,atomic,0.25,2.3340704556163536
regen_16QAM_s20262504_p-03_Nd4001,16QAM,20262504,-3,static,0.25,3.9998595227161893
regen_16QAM_s20262504_p-03_Nd4001,16QAM,20262504,-3,static_lti,0.25,2.454864736976091
regen_16QAM_s20262504_p-03_Nd4001,16QAM,20262504,-3,static_mh,0.25,3.5736578918958375
regen_16QAM_s20262504_p-03_Nd4001,16QAM,20262504,-3,static_lti_mh,0.25,2.4512732199800498
regen_16QAM_s20262504_p-03_Nd4001,16QAM,20262504,-3,linear,0.25,2.461350263073234
regen_16QAM_s20262504_p-03_Nd4001,16QAM,20262504,-3,dsh,0.25,2.458030620973049
regen_16QAM_s20262504_p-03_Nd4001,16QAM,20262504,-3,atomic,0.5,2.3341206224633972
regen_16QAM_s20262504_p-03_Nd4001,16QAM,20262504,-3,static,0.5,3.9996447803727824
regen_16QAM_s20262504_p-03_Nd4001,16QAM,20262504,-3,static_lti,0.5,2.45483769181027
regen_16QAM_s20262504_p-03_Nd4001,16QAM,20262504,-3,static_mh,0.5,3.573872418021109
regen_16QAM_s20262504_p-03_Nd4001,16QAM,20262504,-3,static_lti_mh,0.5,2.451364326092257
regen_16QAM_s20262504_p-03_Nd4001,16QAM,20262504,-3,linear,0.5,2.4613488416993134
regen_16QAM_s20262504_p-03_Nd4001,16QAM,20262504,-3,dsh,0.5,2.4581570500957217
regen_16QAM_s20262504_p-03_Nd4001,16QAM,20262504,-3,atomic,1.0,2.329985893329243
regen_16QAM_s20262504_p-03_Nd4001,16QAM,20262504,-3,static,1.0,3.996524158361362
regen_16QAM_s20262504_p-03_Nd4001,16QAM,20262504,-3,static_lti,1.0,2.450145254931003
regen_16QAM_s20262504_p-03_Nd4001,16QAM,20262504,-3,static_mh,1.0,3.562265688710163
regen_16QAM_s20262504_p-03_Nd4001,16QAM,20262504,-3,static_lti_mh,1.0,2.446929064421681
regen_16QAM_s20262504_p-03_Nd4001,16QAM,20262504,-3,linear,1.0,2.457391738401756
regen_16QAM_s20262504_p-03_Nd4001,16QAM,20262504,-3,dsh,1.0,2.4539968005577055
regen_16QAM_s20262504_p-03_Nd4001,16QAM,20262504,-3,atomic,2.0,2.3053492686334685
regen_16QAM_s20262504_p-03_Nd4001,16QAM,20262504,-3,static,2.0,3.9424243116951714
regen_16QAM_s20262504_p-03_Nd4001,16QAM,20262504,-3,static_lti,2.0,2.4228867402261782
regen_16QAM_s20262504_p-03_Nd4001,16QAM,20262504,-3,static_mh,2.0,3.483996826182688
regen_16QAM_s20262504_p-03_Nd4001,16QAM,20262504,-3,static_lti_mh,2.0,2.420245576381955
regen_16QAM_s20262504_p-03_Nd4001,16QAM,20262504,-3,linear,2.0,2.4341747278769783
regen_16QAM_s20262504_p-03_Nd4001,16QAM,20262504,-3,dsh,2.0,2.4286281006110912
regen_16QAM_s20262504_p-03_Nd4001,16QAM,20262504,-3,atomic,4.0,2.199503760607342
regen_16QAM_s20262504_p-03_Nd4001,16QAM,20262504,-3,static,4.0,3.5207933982142845
regen_16QAM_s20262504_p-03_Nd4001,16QAM,20262504,-3,static_lti,4.0,2.307074999246277
regen_16QAM_s20262504_p-03_Nd4001,16QAM,20262504,-3,static_mh,4.0,3.1204321410272096
regen_16QAM_s20262504_p-03_Nd4001,16QAM,20262504,-3,static_lti_mh,4.0,2.3056497954920143
regen_16QAM_s20262504_p-03_Nd4001,16QAM,20262504,-3,linear,4.0,2.334232957628434
regen_16QAM_s20262504_p-03_Nd4001,16QAM,20262504,-3,dsh,4.0,2.3189728012553914
regen_16QAM_s20262504_p-06_Nd4001,16QAM,20262504,-6,atomic,0.25,2.417878021643203
regen_16QAM_s20262504_p-06_Nd4001,16QAM,20262504,-6,static,0.25,3.9999420998551654
regen_16QAM_s20262504_p-06_Nd4001,16QAM,20262504,-6,static_lti,0.25,2.4599064856968056
regen_16QAM_s20262504_p-06_Nd4001,16QAM,20262504,-6,static_mh,0.25,3.612438837401874
regen_16QAM_s20262504_p-06_Nd4001,16QAM,20262504,-6,static_lti_mh,0.25,2.4581241685560595
regen_16QAM_s20262504_p-06_Nd4001,16QAM,20262504,-6,linear,0.25,2.4615099152155717
regen_16QAM_s20262504_p-06_Nd4001,16QAM,20262504,-6,dsh,0.25,2.4600185010611755
regen_16QAM_s20262504_p-06_Nd4001,16QAM,20262504,-6,atomic,0.5,2.4168780979380675
regen_16QAM_s20262504_p-06_Nd4001,16QAM,20262504,-6,static,0.5,3.9996909041600177
regen_16QAM_s20262504_p-06_Nd4001,16QAM,20262504,-6,static_lti,0.5,2.4586442891800337
regen_16QAM_s20262504_p-06_Nd4001,16QAM,20262504,-6,static_mh,0.5,3.611320194826944
regen_16QAM_s20262504_p-06_Nd4001,16QAM,20262504,-6,static_lti_mh,0.5,2.4570160189181176
regen_16QAM_s20262504_p-06_Nd4001,16QAM,20262504,-6,linear,0.5,2.460351468560437
regen_16QAM_s20262504_p-06_Nd4001,16QAM,20262504,-6,dsh,0.5,2.458951475997714
regen_16QAM_s20262504_p-06_Nd4001,16QAM,20262504,-6,atomic,1.0,2.4067295600403544
regen_16QAM_s20262504_p-06_Nd4001,16QAM,20262504,-6,static,1.0,3.991511446188351
regen_16QAM_s20262504_p-06_Nd4001,16QAM,20262504,-6,static_lti,1.0,2.447652297106255
regen_16QAM_s20262504_p-06_Nd4001,16QAM,20262504,-6,static_mh,1.0,3.583447518226925
regen_16QAM_s20262504_p-06_Nd4001,16QAM,20262504,-6,static_lti_mh,1.0,2.4463424811442485
regen_16QAM_s20262504_p-06_Nd4001,16QAM,20262504,-6,linear,1.0,2.450228515660582
regen_16QAM_s20262504_p-06_Nd4001,16QAM,20262504,-6,dsh,1.0,2.448565592257835
regen_16QAM_s20262504_p-06_Nd4001,16QAM,20262504,-6,atomic,2.0,2.356027127476395
regen_16QAM_s20262504_p-06_Nd4001,16QAM,20262504,-6,static,2.0,3.8549314647619286
regen_16QAM_s20262504_p-06_Nd4001,16QAM,20262504,-6,static_lti,2.0,2.3941459457256813
regen_16QAM_s20262504_p-06_Nd4001,16QAM,20262504,-6,static_mh,2.0,3.4144818042902303
regen_16QAM_s20262504_p-06_Nd4001,16QAM,20262504,-6,static_lti_mh,2.0,2.393482792920452
regen_16QAM_s20262504_p-06_Nd4001,16QAM,20262504,-6,linear,2.0,2.4007909946466075
regen_16QAM_s20262504_p-06_Nd4001,16QAM,20262504,-6,dsh,2.0,2.3970062213343475
regen_16QAM_s20262504_p-06_Nd4001,16QAM,20262504,-6,atomic,4.0,2.162288864564999
regen_16QAM_s20262504_p-06_Nd4001,16QAM,20262504,-6,static,4.0,3.092008492101461
regen_16QAM_s20262504_p-06_Nd4001,16QAM,20262504,-6,static_lti,4.0,2.192111502862122
regen_16QAM_s20262504_p-06_Nd4001,16QAM,20262504,-6,static_mh,4.0,2.808975636301528
regen_16QAM_s20262504_p-06_Nd4001,16QAM,20262504,-6,static_lti_mh,4.0,2.192541701615239
regen_16QAM_s20262504_p-06_Nd4001,16QAM,20262504,-6,linear,4.0,2.2121858522502453
regen_16QAM_s20262504_p-06_Nd4001,16QAM,20262504,-6,dsh,4.0,2.200321312296105
regen_16QAM_s20262604_p+00_Nd4001,16QAM,20262604,0,atomic,0.25,2.087245130808934
regen_16QAM_s20262604_p+00_Nd4001,16QAM,20262604,0,static,0.25,3.9687522027053745
regen_16QAM_s20262604_p+00_Nd4001,16QAM,20262604,0,static_lti,0.25,2.3576194133492
regen_16QAM_s20262604_p+00_Nd4001,16QAM,20262604,0,static_mh,0.25,3.4116249679140447
regen_16QAM_s20262604_p+00_Nd4001,16QAM,20262604,0,static_lti_mh,0.25,2.35408444131521
regen_16QAM_s20262604_p+00_Nd4001,16QAM,20262604,0,linear,0.25,2.394146681711246
regen_16QAM_s20262604_p+00_Nd4001,16QAM,20262604,0,dsh,0.25,2.394213485220663
regen_16QAM_s20262604_p+00_Nd4001,16QAM,20262604,0,atomic,0.5,2.087855842013792
regen_16QAM_s20262604_p+00_Nd4001,16QAM,20262604,0,static,0.5,3.9623889636400986
regen_16QAM_s20262604_p+00_Nd4001,16QAM,20262604,0,static_lti,0.5,2.359036026665655
regen_16QAM_s20262604_p+00_Nd4001,16QAM,20262604,0,static_mh,0.5,3.411353114736524
regen_16QAM_s20262604_p+00_Nd4001,16QAM,20262604,0,static_lti_mh,0.5,2.355665999856598
regen_16QAM_s20262604_p+00_Nd4001,16QAM,20262604,0,linear,0.5,2.3954689882510434
regen_16QAM_s20262604_p+00_Nd4001,16QAM,20262604,0,dsh,0.5,2.3957218241806295
regen_16QAM_s20262604_p+00_Nd4001,16QAM,20262604,0,atomic,1.0,2.087062720859309
regen_16QAM_s20262604_p+00_Nd4001,16QAM,20262604,0,static,1.0,3.9486608992025016
regen_16QAM_s20262604_p+00_Nd4001,16QAM,20262604,0,static_lti,1.0,2.3593531794084472
regen_16QAM_s20262604_p+00_Nd4001,16QAM,20262604,0,static_mh,1.0,3.4028440576881773
regen_16QAM_s20262604_p+00_Nd4001,16QAM,20262604,0,static_lti_mh,1.0,2.356301645539429
regen_16QAM_s20262604_p+00_Nd4001,16QAM,20262604,0,linear,1.0,2.396291700291773
regen_16QAM_s20262604_p+00_Nd4001,16QAM,20262604,0,dsh,1.0,2.3964262220489077
regen_16QAM_s20262604_p+00_Nd4001,16QAM,20262604,0,atomic,2.0,2.0775376376429002
regen_16QAM_s20262604_p+00_Nd4001,16QAM,20262604,0,static,2.0,3.907176852765965
regen_16QAM_s20262604_p+00_Nd4001,16QAM,20262604,0,static_lti,2.0,2.3500763105498788
regen_16QAM_s20262604_p+00_Nd4001,16QAM,20262604,0,static_mh,2.0,3.349751536035851
regen_16QAM_s20262604_p+00_Nd4001,16QAM,20262604,0,static_lti_mh,2.0,2.347606205031306
regen_16QAM_s20262604_p+00_Nd4001,16QAM,20262604,0,linear,2.0,2.3907019194037855
regen_16QAM_s20262604_p+00_Nd4001,16QAM,20262604,0,dsh,2.0,2.388672168633861
regen_16QAM_s20262604_p+00_Nd4001,16QAM,20262604,0,atomic,4.0,2.028811062351508
regen_16QAM_s20262604_p+00_Nd4001,16QAM,20262604,0,static,4.0,3.600786632795102
regen_16QAM_s20262604_p+00_Nd4001,16QAM,20262604,0,static_lti,4.0,2.2949045546636246
regen_16QAM_s20262604_p+00_Nd4001,16QAM,20262604,0,static_mh,4.0,3.1095344619913097
regen_16QAM_s20262604_p+00_Nd4001,16QAM,20262604,0,static_lti_mh,4.0,2.2934101991970617
regen_16QAM_s20262604_p+00_Nd4001,16QAM,20262604,0,linear,4.0,2.3519861676575307
regen_16QAM_s20262604_p+00_Nd4001,16QAM,20262604,0,dsh,4.0,2.3387858297666497
regen_16QAM_s20262604_p+03_Nd4001,16QAM,20262604,3,atomic,0.25,1.5919286165787712
regen_16QAM_s20262604_p+03_Nd4001,16QAM,20262604,3,static,0.25,3.805286143788999
regen_16QAM_s20262604_p+03_Nd4001,16QAM,20262604,3,static_lti,0.25,2.264331673131689
regen_16QAM_s20262604_p+03_Nd4001,16QAM,20262604,3,static_mh,0.25,1.9182514910084174
regen_16QAM_s20262604_p+03_Nd4001,16QAM,20262604,3,static_lti_mh,0.25,2.2407779756272
regen_16QAM_s20262604_p+03_Nd4001,16QAM,20262604,3,linear,0.25,2.3936461650871497
regen_16QAM_s20262604_p+03_Nd4001,16QAM,20262604,3,dsh,0.25,2.3772524472063
regen_16QAM_s20262604_p+03_Nd4001,16QAM,20262604,3,atomic,0.5,1.5926067193834699
regen_16QAM_s20262604_p+03_Nd4001,16QAM,20262604,3,static,0.5,3.800135976908333
regen_16QAM_s20262604_p+03_Nd4001,16QAM,20262604,3,static_lti,0.5,2.265685615332694
regen_16QAM_s20262604_p+03_Nd4001,16QAM,20262604,3,static_mh,0.5,1.9182804173587857
regen_16QAM_s20262604_p+03_Nd4001,16QAM,20262604,3,static_lti_mh,0.5,2.2423014971135493
regen_16QAM_s20262604_p+03_Nd4001,16QAM,20262604,3,linear,0.5,2.394770473430392
regen_16QAM_s20262604_p+03_Nd4001,16QAM,20262604,3,dsh,0.5,2.3787048034680605
regen_16QAM_s20262604_p+03_Nd4001,16QAM,20262604,3,atomic,1.0,1.592940641155678
regen_16QAM_s20262604_p+03_Nd4001,16QAM,20262604,3,static,1.0,3.7852584349456166
regen_16QAM_s20262604_p+03_Nd4001,16QAM,20262604,3,static_lti,1.0,2.2667396879913957
regen_16QAM_s20262604_p+03_Nd4001,16QAM,20262604,3,static_mh,1.0,1.9167226949439369
regen_16QAM_s20262604_p+03_Nd4001,16QAM,20262604,3,static_lti_mh,1.0,2.2437429303302787
regen_16QAM_s20262604_p+03_Nd4001,16QAM,20262604,3,linear,1.0,2.396106277644069
regen_16QAM_s20262604_p+03_Nd4001,16QAM,20262604,3,dsh,1.0,2.380174383862379
regen_16QAM_s20262604_p+03_Nd4001,16QAM,20262604,3,atomic,2.0,1.58954218899078
regen_16QAM_s20262604_p+03_Nd4001,16QAM,20262604,3,static,2.0,3.7285160972700084
regen_16QAM_s20262604_p+03_Nd4001,16QAM,20262604,3,static_lti,2.0,2.262274822318819
regen_16QAM_s20262604_p+03_Nd4001,16QAM,20262604,3,static_mh,2.0,1.9072351624623403
regen_16QAM_s20262604_p+03_Nd4001,16QAM,20262604,3,static_lti_mh,2.0,2.2402195713054285
regen_16QAM_s20262604_p+03_Nd4001,16QAM,20262604,3,linear,2.0,2.3951307556387955
regen_16QAM_s20262604_p+03_Nd4001,16QAM,20262604,3,dsh,2.0,2.3773783896848477
regen_16QAM_s20262604_p+03_Nd4001,16QAM,20262604,3,atomic,4.0,1.5670508591610814
regen_16QAM_s20262604_p+03_Nd4001,16QAM,20262604,3,static,4.0,3.4782383532299463
regen_16QAM_s20262604_p+03_Nd4001,16QAM,20262604,3,static_lti,4.0,2.228280365971605
regen_16QAM_s20262604_p+03_Nd4001,16QAM,20262604,3,static_mh,4.0,1.8641964317997912
regen_16QAM_s20262604_p+03_Nd4001,16QAM,20262604,3,static_lti_mh,4.0,2.2085853380998155
regen_16QAM_s20262604_p+03_Nd4001,16QAM,20262604,3,linear,4.0,2.3788951902766873
regen_16QAM_s20262604_p+03_Nd4001,16QAM,20262604,3,dsh,4.0,2.349579464570571
regen_16QAM_s20262604_p+06_Nd4001,16QAM,20262604,6,atomic,0.25,1.038437418292148
regen_16QAM_s20262604_p+06_Nd4001,16QAM,20262604,6,static,0.25,3.00989958590782
regen_16QAM_s20262604_p+06_Nd4001,16QAM,20262604,6,static_lti,0.25,1.937313814008276
regen_16QAM_s20262604_p+06_Nd4001,16QAM,20262604,6,static_mh,0.25,0.9840425949688361
regen_16QAM_s20262604_p+06_Nd4001,16QAM,20262604,6,static_lti_mh,0.25,1.8973830880099853
regen_16QAM_s20262604_p+06_Nd4001,16QAM,20262604,6,linear,0.25,2.39326059128483
regen_16QAM_s20262604_p+06_Nd4001,16QAM,20262604,6,dsh,0.25,2.347630230670794
regen_16QAM_s20262604_p+06_Nd4001,16QAM,20262604,6,atomic,0.5,1.0391721955896907
regen_16QAM_s20262604_p+06_Nd4001,16QAM,20262604,6,static,0.5,3.002615378652258
regen_16QAM_s20262604_p+06_Nd4001,16QAM,20262604,6,static_lti,0.5,1.938464399494988
regen_16QAM_s20262604_p+06_Nd4001,16QAM,20262604,6,static_mh,0.5,0.9841192810737999
regen_16QAM_s20262604_p+06_Nd4001,16QAM,20262604,6,static_lti_mh,0.5,1.8982740952512853
regen_16QAM_s20262604_p+06_Nd4001,16QAM,20262604,6,linear,0.5,2.394150759956725
regen_16QAM_s20262604_p+06_Nd4001,16QAM,20262604,6,dsh,0.5,2.34873584180592
regen_16QAM_s20262604_p+06_Nd4001,16QAM,20262604,6,atomic,1.0,1.0401878889394665
regen_16QAM_s20262604_p+06_Nd4001,16QAM,20262604,6,static,1.0,2.9818415397521094
regen_16QAM_s20262604_p+06_Nd4001,16QAM,20262604,6,static_lti,1.0,1.9395404690508795
regen_16QAM_s20262604_p+06_Nd4001,16QAM,20262604,6,static_mh,1.0,0.9838730946444578
regen_16QAM_s20262604_p+06_Nd4001,16QAM,20262604,6,static_lti_mh,1.0,1.8989103891255443
regen_16QAM_s20262604_p+06_Nd4001,16QAM,20262604,6,linear,1.0,2.3954740289680982
regen_16QAM_s20262604_p+06_Nd4001,16QAM,20262604,6,dsh,1.0,2.349755430455337
regen_16QAM_s20262604_p+06_Nd4001,16QAM,20262604,6,atomic,2.0,1.0403992860552977
regen_16QAM_s20262604_p+06_Nd4001,16QAM,20262604,6,static,2.0,2.9180633575503565
regen_16QAM_s20262604_p+06_Nd4001,16QAM,20262604,6,static_lti,2.0,1.936777250526465
regen_16QAM_s20262604_p+06_Nd4001,16QAM,20262604,6,static_mh,2.0,0.9817954068446337
regen_16QAM_s20262604_p+06_Nd4001,16QAM,20262604,6,static_lti_mh,2.0,1.8955972180370317
regen_16QAM_s20262604_p+06_Nd4001,16QAM,20262604,6,linear,2.0,2.396290006684058
regen_16QAM_s20262604_p+06_Nd4001,16QAM,20262604,6,dsh,2.0,2.347026762336036
regen_16QAM_s20262604_p+06_Nd4001,16QAM,20262604,6,atomic,4.0,1.0336185096160484
regen_16QAM_s20262604_p+06_Nd4001,16QAM,20262604,6,static,4.0,2.7252643901112594
regen_16QAM_s20262604_p+06_Nd4001,16QAM,20262604,6,static_lti,4.0,1.9120540787977516
regen_16QAM_s20262604_p+06_Nd4001,16QAM,20262604,6,static_mh,4.0,0.9714947762317129
regen_16QAM_s20262604_p+06_Nd4001,16QAM,20262604,6,static_lti_mh,4.0,1.8710950429447817
regen_16QAM_s20262604_p+06_Nd4001,16QAM,20262604,6,linear,4.0,2.3906528212976776
regen_16QAM_s20262604_p+06_Nd4001,16QAM,20262604,6,dsh,4.0,2.322937799123849
regen_16QAM_s20262604_p-03_Nd4001,16QAM,20262604,-3,atomic,0.25,2.303833904710286
regen_16QAM_s20262604_p-03_Nd4001,16QAM,20262604,-3,static,0.25,3.998370500310403
regen_16QAM_s20262604_p-03_Nd4001,16QAM,20262604,-3,static_lti,0.25,2.382499951106271
regen_16QAM_s20262604_p-03_Nd4001,16QAM,20262604,-3,static_mh,0.25,3.3910675659116722
regen_16QAM_s20262604_p-03_Nd4001,16QAM,20262604,-3,static_lti_mh,0.25,2.382507137426097
regen_16QAM_s20262604_p-03_Nd4001,16QAM,20262604,-3,linear,0.25,2.3947655588750507
regen_16QAM_s20262604_p-03_Nd4001,16QAM,20262604,-3,dsh,0.25,2.39661959355097
regen_16QAM_s20262604_p-03_Nd4001,16QAM,20262604,-3,atomic,0.5,2.3046237128638642
regen_16QAM_s20262604_p-03_Nd4001,16QAM,20262604,-3,static,0.5,3.996522115726998
regen_16QAM_s20262604_p-03_Nd4001,16QAM,20262604,-3,static_lti,0.5,2.3838257525139195
regen_16QAM_s20262604_p-03_Nd4001,16QAM,20262604,-3,static_mh,0.5,3.3863178207168128
regen_16QAM_s20262604_p-03_Nd4001,16QAM,20262604,-3,static_lti_mh,0.5,2.3838709337279633
regen_16QAM_s20262604_p-03_Nd4001,16QAM,20262604,-3,linear,0.5,2.396102535529892
regen_16QAM_s20262604_p-03_Nd4001,16QAM,20262604,-3,dsh,0.5,2.3979551141666517
regen_16QAM_s20262604_p-03_Nd4001,16QAM,20262604,-3,atomic,1.0,2.3022849517409947
regen_16QAM_s20262604_p-03_Nd4001,16QAM,20262604,-3,static,1.0,3.9883641124576648
regen_16QAM_s20262604_p-03_Nd4001,16QAM,20262604,-3,static_lti,1.0,2.3821776377977897
regen_16QAM_s20262604_p-03_Nd4001,16QAM,20262604,-3,static_mh,1.0,3.3649328888940904
regen_16QAM_s20262604_p-03_Nd4001,16QAM,20262604,-3,static_lti_mh,1.0,2.382273871251575
regen_16QAM_s20262604_p-03_Nd4001,16QAM,20262604,-3,linear,1.0,2.3951465429946315
regen_16QAM_s20262604_p-03_Nd4001,16QAM,20262604,-3,dsh,1.0,2.396519243954927
regen_16QAM_s20262604_p-03_Nd4001,16QAM,20262604,-3,atomic,2.0,2.282359702840371
regen_16QAM_s20262604_p-03_Nd4001,16QAM,20262604,-3,static,2.0,3.923103654702618
regen_16QAM_s20262604_p-03_Nd4001,16QAM,20262604,-3,static_lti,2.0,2.3621832777674157
regen_16QAM_s20262604_p-03_Nd4001,16QAM,20262604,-3,static_mh,2.0,3.270163044532699
regen_16QAM_s20262604_p-03_Nd4001,16QAM,20262604,-3,static_lti_mh,2.0,2.362302398517659
regen_16QAM_s20262604_p-03_Nd4001,16QAM,20262604,-3,linear,2.0,2.379015426576538
regen_16QAM_s20262604_p-03_Nd4001,16QAM,20262604,-3,dsh,2.0,2.3776260465114922
regen_16QAM_s20262604_p-03_Nd4001,16QAM,20262604,-3,atomic,4.0,2.18869777648865
regen_16QAM_s20262604_p-03_Nd4001,16QAM,20262604,-3,static,4.0,3.3901847928244107
regen_16QAM_s20262604_p-03_Nd4001,16QAM,20262604,-3,static_lti,4.0,2.2636403674402903
regen_16QAM_s20262604_p-03_Nd4001,16QAM,20262604,-3,static_mh,4.0,2.899053729222716
regen_16QAM_s20262604_p-03_Nd4001,16QAM,20262604,-3,static_lti_mh,4.0,2.263671804885439
regen_16QAM_s20262604_p-03_Nd4001,16QAM,20262604,-3,linear,4.0,2.2956029395996334
regen_16QAM_s20262604_p-03_Nd4001,16QAM,20262604,-3,dsh,4.0,2.283099298225113
regen_16QAM_s20262604_p-06_Nd4001,16QAM,20262604,-6,atomic,0.25,2.3648508629981255
regen_16QAM_s20262604_p-06_Nd4001,16QAM,20262604,-6,static,0.25,3.999894007130259
regen_16QAM_s20262604_p-06_Nd4001,16QAM,20262604,-6,static_lti,0.25,2.3909396682335995
regen_16QAM_s20262604_p-06_Nd4001,16QAM,20262604,-6,static_mh,0.25,3.4117630157926606
regen_16QAM_s20262604_p-06_Nd4001,16QAM,20262604,-6,static_lti_mh,0.25,2.391309347869319
regen_16QAM_s20262604_p-06_Nd4001,16QAM,20262604,-6,linear,0.25,2.3954637362551936
regen_16QAM_s20262604_p-06_Nd4001,16QAM,20262604,-6,dsh,0.25,2.396730119066583
regen_16QAM_s20262604_p-06_Nd4001,16QAM,20262604,-6,atomic,0.5,2.365348590972897
regen_16QAM_s20262604_p-06_Nd4001,16QAM,20262604,-6,static,0.5,3.999526855536114
regen_16QAM_s20262604_p-06_Nd4001,16QAM,20262604,-6,static_lti,0.5,2.3916732438901196
regen_16QAM_s20262604_p-06_Nd4001,16QAM,20262604,-6,static_mh,0.5,3.4011884276507596
regen_16QAM_s20262604_p-06_Nd4001,16QAM,20262604,-6,static_lti_mh,0.5,2.3920042035661817
regen_16QAM_s20262604_p-06_Nd4001,16QAM,20262604,-6,linear,0.5,2.3962931459242416
regen_16QAM_s20262604_p-06_Nd4001,16QAM,20262604,-6,dsh,0.5,2.3974366971816807
regen_16QAM_s20262604_p-06_Nd4001,16QAM,20262604,-6,atomic,1.0,2.3588022553721446
regen_16QAM_s20262604_p-06_Nd4001,16QAM,20262604,-6,static,1.0,3.9927469549486454
regen_16QAM_s20262604_p-06_Nd4001,16QAM,20262604,-6,static_lti,1.0,2.3852919354648754
regen_16QAM_s20262604_p-06_Nd4001,16QAM,20262604,-6,static_mh,1.0,3.3591644177791418
regen_16QAM_s20262604_p-06_Nd4001,16QAM,20262604,-6,static_lti_mh,1.0,2.385515290719137
regen_16QAM_s20262604_p-06_Nd4001,16QAM,20262604,-6,linear,1.0,2.390750542208269
regen_16QAM_s20262604_p-06_Nd4001,16QAM,20262604,-6,dsh,1.0,2.3911855973667198
regen_16QAM_s20262604_p-06_Nd4001,16QAM,20262604,-6,atomic,2.0,2.317138808414736
regen_16QAM_s20262604_p-06_Nd4001,16QAM,20262604,-6,static,2.0,3.8134983690659707
regen_16QAM_s20262604_p-06_Nd4001,16QAM,20262604,-6,static_lti,2.0,2.3428875934981797
regen_16QAM_s20262604_p-06_Nd4001,16QAM,20262604,-6,static_mh,2.0,3.1828187489992525
regen_16QAM_s20262604_p-06_Nd4001,16QAM,20262604,-6,static_lti_mh,2.0,2.342836987077564
regen_16QAM_s20262604_p-06_Nd4001,16QAM,20262604,-6,linear,2.0,2.3522502355933144
regen_16QAM_s20262604_p-06_Nd4001,16QAM,20262604,-6,dsh,2.0,2.3496523473944886
regen_16QAM_s20262604_p-06_Nd4001,16QAM,20262604,-6,atomic,4.0,2.1432557067059546
regen_16QAM_s20262604_p-06_Nd4001,16QAM,20262604,-6,static,4.0,2.946297581789383
regen_16QAM_s20262604_p-06_Nd4001,16QAM,20262604,-6,static_lti,4.0,2.164234836664351
regen_16QAM_s20262604_p-06_Nd4001,16QAM,20262604,-6,static_mh,4.0,2.5985440104933692
regen_16QAM_s20262604_p-06_Nd4001,16QAM,20262604,-6,static_lti_mh,4.0,2.163684460789447
regen_16QAM_s20262604_p-06_Nd4001,16QAM,20262604,-6,linear,4.0,2.186638234423891
regen_16QAM_s20262604_p-06_Nd4001,16QAM,20262604,-6,dsh,4.0,2.174172835106529
regen_16QAM_s20262704_p+00_Nd4001,16QAM,20262704,0,atomic,0.25,2.1007701590748264
regen_16QAM_s20262704_p+00_Nd4001,16QAM,20262704,0,static,0.25,3.982702000348262
regen_16QAM_s20262704_p+00_Nd4001,16QAM,20262704,0,static_lti,0.25,2.369539529521275
regen_16QAM_s20262704_p+00_Nd4001,16QAM,20262704,0,static_mh,0.25,3.549995252777881
regen_16QAM_s20262704_p+00_Nd4001,16QAM,20262704,0,static_lti_mh,0.25,2.362195261772961
regen_16QAM_s20262704_p+00_Nd4001,16QAM,20262704,0,linear,0.25,2.4105757443276703
regen_16QAM_s20262704_p+00_Nd4001,16QAM,20262704,0,dsh,0.25,2.4024789253479804
regen_16QAM_s20262704_p+00_Nd4001,16QAM,20262704,0,atomic,0.5,2.101079477015665
regen_16QAM_s20262704_p+00_Nd4001,16QAM,20262704,0,static,0.5,3.982743216960795
regen_16QAM_s20262704_p+00_Nd4001,16QAM,20262704,0,static_lti,0.5,2.3707418327850873
regen_16QAM_s20262704_p+00_Nd4001,16QAM,20262704,0,static_mh,0.5,3.5450986728167515
regen_16QAM_s20262704_p+00_Nd4001,16QAM,20262704,0,static_lti_mh,0.5,2.3633213235971744
regen_16QAM_s20262704_p+00_Nd4001,16QAM,20262704,0,linear,0.5,2.4112938732352287
regen_16QAM_s20262704_p+00_Nd4001,16QAM,20262704,0,dsh,0.5,2.403092414454018
regen_16QAM_s20262704_p+00_Nd4001,16QAM,20262704,0,atomic,1.0,2.0996575435119524
regen_16QAM_s20262704_p+00_Nd4001,16QAM,20262704,0,static,1.0,3.9798804686017863
regen_16QAM_s20262704_p+00_Nd4001,16QAM,20262704,0,static_lti,1.0,2.3706386780971225
regen_16QAM_s20262704_p+00_Nd4001,16QAM,20262704,0,static_mh,1.0,3.5285301345849547
regen_16QAM_s20262704_p+00_Nd4001,16QAM,20262704,0,static_lti_mh,1.0,2.363090357192219
regen_16QAM_s20262704_p+00_Nd4001,16QAM,20262704,0,linear,1.0,2.410865767252582
regen_16QAM_s20262704_p+00_Nd4001,16QAM,20262704,0,dsh,1.0,2.4020119065404497
regen_16QAM_s20262704_p+00_Nd4001,16QAM,20262704,0,atomic,2.0,2.0887951799724247
regen_16QAM_s20262704_p+00_Nd4001,16QAM,20262704,0,static,2.0,3.9554192734363034
regen_16QAM_s20262704_p+00_Nd4001,16QAM,20262704,0,static_lti,2.0,2.360519114368637
regen_16QAM_s20262704_p+00_Nd4001,16QAM,20262704,0,static_mh,2.0,3.468077852930665
regen_16QAM_s20262704_p+00_Nd4001,16QAM,20262704,0,static_lti_mh,2.0,2.352818900590866
regen_16QAM_s20262704_p+00_Nd4001,16QAM,20262704,0,linear,2.0,2.402645772248871
regen_16QAM_s20262704_p+00_Nd4001,16QAM,20262704,0,dsh,2.0,2.390786089513882
regen_16QAM_s20262704_p+00_Nd4001,16QAM,20262704,0,atomic,4.0,2.0372740475705666
regen_16QAM_s20262704_p+00_Nd4001,16QAM,20262704,0,static,4.0,3.727452035997145
regen_16QAM_s20262704_p+00_Nd4001,16QAM,20262704,0,static_lti,4.0,2.303388033816651
regen_16QAM_s20262704_p+00_Nd4001,16QAM,20262704,0,static_mh,4.0,3.224520291764683
regen_16QAM_s20262704_p+00_Nd4001,16QAM,20262704,0,static_lti_mh,4.0,2.2958090553702934
regen_16QAM_s20262704_p+00_Nd4001,16QAM,20262704,0,linear,4.0,2.3584459270503793
regen_16QAM_s20262704_p+00_Nd4001,16QAM,20262704,0,dsh,4.0,2.3347669865834693
regen_16QAM_s20262704_p+03_Nd4001,16QAM,20262704,3,atomic,0.25,1.6921135970910781
regen_16QAM_s20262704_p+03_Nd4001,16QAM,20262704,3,static,0.25,3.8424241262921903
regen_16QAM_s20262704_p+03_Nd4001,16QAM,20262704,3,static_lti,0.25,2.280903038788078
regen_16QAM_s20262704_p+03_Nd4001,16QAM,20262704,3,static_mh,0.25,2.1958312835741522
regen_16QAM_s20262704_p+03_Nd4001,16QAM,20262704,3,static_lti_mh,0.25,2.264425063639973
regen_16QAM_s20262704_p+03_Nd4001,16QAM,20262704,3,linear,0.25,2.410248019560514
regen_16QAM_s20262704_p+03_Nd4001,16QAM,20262704,3,dsh,0.25,2.3878504612561686
regen_16QAM_s20262704_p+03_Nd4001,16QAM,20262704,3,atomic,0.5,1.6923104006780478
regen_16QAM_s20262704_p+03_Nd4001,16QAM,20262704,3,static,0.5,3.8412892193177828
regen_16QAM_s20262704_p+03_Nd4001,16QAM,20262704,3,static_lti,0.5,2.2821845780203716
regen_16QAM_s20262704_p+03_Nd4001,16QAM,20262704,3,static_mh,0.5,2.1937325928305422
regen_16QAM_s20262704_p+03_Nd4001,16QAM,20262704,3,static_lti_mh,0.5,2.2659579415177658
regen_16QAM_s20262704_p+03_Nd4001,16QAM,20262704,3,linear,0.5,2.4109494362118267
regen_16QAM_s20262704_p+03_Nd4001,16QAM,20262704,3,dsh,0.5,2.388729727822948
regen_16QAM_s20262704_p+03_Nd4001,16QAM,20262704,3,atomic,1.0,1.691690529726167
regen_16QAM_s20262704_p+03_Nd4001,16QAM,20262704,3,static,1.0,3.834360847511465
regen_16QAM_s20262704_p+03_Nd4001,16QAM,20262704,3,static_lti,1.0,2.283099719626049
regen_16QAM_s20262704_p+03_Nd4001,16QAM,20262704,3,static_mh,1.0,2.1874959653205273
regen_16QAM_s20262704_p+03_Nd4001,16QAM,20262704,3,static_lti_mh,1.0,2.2674270526480966
regen_16QAM_s20262704_p+03_Nd4001,16QAM,20262704,3,linear,1.0,2.4114166950273286
regen_16QAM_s20262704_p+03_Nd4001,16QAM,20262704,3,dsh,1.0,2.3890668259642776
regen_16QAM_s20262704_p+03_Nd4001,16QAM,20262704,3,atomic,2.0,1.686446776775211
regen_16QAM_s20262704_p+03_Nd4001,16QAM,20262704,3,static,2.0,3.7984266148771817
regen_16QAM_s20262704_p+03_Nd4001,16QAM,20262704,3,static_lti,2.0,2.2783617991779392
regen_16QAM_s20262704_p+03_Nd4001,16QAM,20262704,3,static_mh,2.0,2.167079687468967
regen_16QAM_s20262704_p+03_Nd4001,16QAM,20262704,3,static_lti_mh,2.0,2.263981965078723
regen_16QAM_s20262704_p+03_Nd4001,16QAM,20262704,3,linear,2.0,2.4086275646338953
regen_16QAM_s20262704_p+03_Nd4001,16QAM,20262704,3,dsh,2.0,2.3841066571724503
regen_16QAM_s20262704_p+03_Nd4001,16QAM,20262704,3,atomic,4.0,1.6606829937249645
regen_16QAM_s20262704_p+03_Nd4001,16QAM,20262704,3,static,4.0,3.6074071857193575
regen_16QAM_s20262704_p+03_Nd4001,16QAM,20262704,3,static_lti,4.0,2.243702495046829
regen_16QAM_s20262704_p+03_Nd4001,16QAM,20262704,3,static_mh,4.0,2.0973411533848223
regen_16QAM_s20262704_p+03_Nd4001,16QAM,20262704,3,static_lti_mh,4.0,2.2324288959053322
regen_16QAM_s20262704_p+03_Nd4001,16QAM,20262704,3,linear,4.0,2.3885723492580517
regen_16QAM_s20262704_p+03_Nd4001,16QAM,20262704,3,dsh,4.0,2.352633721899575
regen_16QAM_s20262704_p+06_Nd4001,16QAM,20262704,6,atomic,0.25,1.126739059653879
regen_16QAM_s20262704_p+06_Nd4001,16QAM,20262704,6,static,0.25,3.0586032110555648
regen_16QAM_s20262704_p+06_Nd4001,16QAM,20262704,6,static_lti,0.25,1.9812676826784836
regen_16QAM_s20262704_p+06_Nd4001,16QAM,20262704,6,static_mh,0.25,1.0321626676404547
regen_16QAM_s20262704_p+06_Nd4001,16QAM,20262704,6,static_lti_mh,0.25,1.961471528792808
regen_16QAM_s20262704_p+06_Nd4001,16QAM,20262704,6,linear,0.25,2.4099839288407465
regen_16QAM_s20262704_p+06_Nd4001,16QAM,20262704,6,dsh,0.25,2.3620864298446693
regen_16QAM_s20262704_p+06_Nd4001,16QAM,20262704,6,atomic,0.5,1.1275084232076735
regen_16QAM_s20262704_p+06_Nd4001,16QAM,20262704,6,static,0.5,3.0579441284551403
regen_16QAM_s20262704_p+06_Nd4001,16QAM,20262704,6,static_lti,0.5,1.9825524395905973
regen_16QAM_s20262704_p+06_Nd4001,16QAM,20262704,6,static_mh,0.5,1.0323048785501718
regen_16QAM_s20262704_p+06_Nd4001,16QAM,20262704,6,static_lti_mh,0.5,1.9632420662825127
regen_16QAM_s20262704_p+06_Nd4001,16QAM,20262704,6,linear,0.5,2.410577219011901
regen_16QAM_s20262704_p+06_Nd4001,16QAM,20262704,6,dsh,0.5,2.362969343672061
regen_16QAM_s20262704_p+06_Nd4001,16QAM,20262704,6,atomic,1.0,1.1285332840665743
regen_16QAM_s20262704_p+06_Nd4001,16QAM,20262704,6,static,1.0,3.0502481086242472
regen_16QAM_s20262704_p+06_Nd4001,16QAM,20262704,6,static_lti,1.0,1.9838625900564841
regen_16QAM_s20262704_p+06_Nd4001,16QAM,20262704,6,static_mh,1.0,1.0321794268522295
regen_16QAM_s20262704_p+06_Nd4001,16QAM,20262704,6,static_lti_mh,1.0,1.965580960280292
regen_16QAM_s20262704_p+06_Nd4001,16QAM,20262704,6,linear,1.0,2.411294810799018
regen_16QAM_s20262704_p+06_Nd4001,16QAM,20262704,6,dsh,1.0,2.3635589559309516
regen_16QAM_s20262704_p+06_Nd4001,16QAM,20262704,6,atomic,2.0,1.1285279954330274
regen_16QAM_s20262704_p+06_Nd4001,16QAM,20262704,6,static,2.0,3.010431180872103
regen_16QAM_s20262704_p+06_Nd4001,16QAM,20262704,6,static_lti,2.0,1.981464019542847
regen_16QAM_s20262704_p+06_Nd4001,16QAM,20262704,6,static_mh,2.0,1.0302969655956666
regen_16QAM_s20262704_p+06_Nd4001,16QAM,20262704,6,static_lti_mh,2.0,1.9654415069633029
regen_16QAM_s20262704_p+06_Nd4001,16QAM,20262704,6,linear,2.0,2.4108567960117475
regen_16QAM_s20262704_p+06_Nd4001,16QAM,20262704,6,dsh,2.0,2.360063204349156
regen_16QAM_s20262704_p+06_Nd4001,16QAM,20262704,6,atomic,4.0,1.1204332541479005
regen_16QAM_s20262704_p+06_Nd4001,16QAM,20262704,6,static,4.0,2.8535186398541583
regen_16QAM_s20262704_p+06_Nd4001,16QAM,20262704,6,static_lti,4.0,1.957260845867774
regen_16QAM_s20262704_p+06_Nd4001,16QAM,20262704,6,static_mh,4.0,1.0201483923702417
regen_16QAM_s20262704_p+06_Nd4001,16QAM,20262704,6,static_lti_mh,4.0,1.9463055237871243
regen_16QAM_s20262704_p+06_Nd4001,16QAM,20262704,6,linear,4.0,2.40258263995352
regen_16QAM_s20262704_p+06_Nd4001,16QAM,20262704,6,dsh,4.0,2.3350150309594855
regen_16QAM_s20262704_p-03_Nd4001,16QAM,20262704,-3,atomic,0.25,2.316512054969757
regen_16QAM_s20262704_p-03_Nd4001,16QAM,20262704,-3,static,0.25,3.9994376487229784
regen_16QAM_s20262704_p-03_Nd4001,16QAM,20262704,-3,static_lti,0.25,2.395707099679734
regen_16QAM_s20262704_p-03_Nd4001,16QAM,20262704,-3,static_mh,0.25,3.5140038487052205
regen_16QAM_s20262704_p-03_Nd4001,16QAM,20262704,-3,static_lti_mh,0.25,2.3927807795787217
regen_16QAM_s20262704_p-03_Nd4001,16QAM,20262704,-3,linear,0.25,2.41094822730548
regen_16QAM_s20262704_p-03_Nd4001,16QAM,20262704,-3,dsh,0.25,2.408244646835995
regen_16QAM_s20262704_p-03_Nd4001,16QAM,20262704,-3,atomic,0.5,2.31704103414015
regen_16QAM_s20262704_p-03_Nd4001,16QAM,20262704,-3,static,0.5,3.9992402383339787
regen_16QAM_s20262704_p-03_Nd4001,16QAM,20262704,-3,static_lti,0.5,2.3964980928923905
regen_16QAM_s20262704_p-03_Nd4001,16QAM,20262704,-3,static_mh,0.5,3.5100245294205306
regen_16QAM_s20262704_p-03_Nd4001,16QAM,20262704,-3,static_lti_mh,0.5,2.3932578971529868
regen_16QAM_s20262704_p-03_Nd4001,16QAM,20262704,-3,linear,0.5,2.4114188379383967
regen_16QAM_s20262704_p-03_Nd4001,16QAM,20262704,-3,dsh,0.5,2.408347008432524
regen_16QAM_s20262704_p-03_Nd4001,16QAM,20262704,-3,atomic,1.0,2.3140312741529723
regen_16QAM_s20262704_p-03_Nd4001,16QAM,20262704,-3,static,1.0,3.9954236046538436
regen_16QAM_s20262704_p-03_Nd4001,16QAM,20262704,-3,static_lti,1.0,2.393752001288505
regen_16QAM_s20262704_p-03_Nd4001,16QAM,20262704,-3,static_mh,1.0,3.487462694677657
regen_16QAM_s20262704_p-03_Nd4001,16QAM,20262704,-3,static_lti_mh,1.0,2.389892402184295
regen_16QAM_s20262704_p-03_Nd4001,16QAM,20262704,-3,linear,1.0,2.408653882072223
regen_16QAM_s20262704_p-03_Nd4001,16QAM,20262704,-3,dsh,1.0,2.4044142908793833
regen_16QAM_s20262704_p-03_Nd4001,16QAM,20262704,-3,atomic,2.0,2.2921994907786183
regen_16QAM_s20262704_p-03_Nd4001,16QAM,20262704,-3,static,2.0,3.956040294718463
regen_16QAM_s20262704_p-03_Nd4001,16QAM,20262704,-3,static_lti,2.0,2.3714513868014593
regen_16QAM_s20262704_p-03_Nd4001,16QAM,20262704,-3,static_mh,2.0,3.3912096874132778
regen_16QAM_s20262704_p-03_Nd4001,16QAM,20262704,-3,static_lti_mh,2.0,2.3664330720997073
regen_16QAM_s20262704_p-03_Nd4001,16QAM,20262704,-3,linear,2.0,2.388712789685769
regen_16QAM_s20262704_p-03_Nd4001,16QAM,20262704,-3,dsh,2.0,2.3805685192622317
regen_16QAM_s20262704_p-03_Nd4001,16QAM,20262704,-3,atomic,4.0,2.1929793213646187
regen_16QAM_s20262704_p-03_Nd4001,16QAM,20262704,-3,static,4.0,3.5140912963454447
regen_16QAM_s20262704_p-03_Nd4001,16QAM,20262704,-3,static_lti,4.0,2.2680371991045796
regen_16QAM_s20262704_p-03_Nd4001,16QAM,20262704,-3,static_mh,4.0,3.0214620966995254
regen_16QAM_s20262704_p-03_Nd4001,16QAM,20262704,-3,static_lti_mh,4.0,2.2613243342277527
regen_16QAM_s20262704_p-03_Nd4001,16QAM,20262704,-3,linear,4.0,2.297624564725026
regen_16QAM_s20262704_p-03_Nd4001,16QAM,20262704,-3,dsh,4.0,2.2772239776608245
regen_16QAM_s20262704_p-06_Nd4001,16QAM,20262704,-6,atomic,0.25,2.389324761015203
regen_16QAM_s20262704_p-06_Nd4001,16QAM,20262704,-6,static,0.25,3.9999400019258475
regen_16QAM_s20262704_p-06_Nd4001,16QAM,20262704,-6,static_lti,0.25,2.4051187873923126
regen_16QAM_s20262704_p-06_Nd4001,16QAM,20262704,-6,static_mh,0.25,3.5535600565756447
regen_16QAM_s20262704_p-06_Nd4001,16QAM,20262704,-6,static_lti_mh,0.25,2.403989799430128
regen_16QAM_s20262704_p-06_Nd4001,16QAM,20262704,-6,linear,0.25,2.411293909174406
regen_16QAM_s20262704_p-06_Nd4001,16QAM,20262704,-6,dsh,0.25,2.410417180357596
regen_16QAM_s20262704_p-06_Nd4001,16QAM,20262704,-6,atomic,0.5,2.389013375648987
regen_16QAM_s20262704_p-06_Nd4001,16QAM,20262704,-6,static,0.5,3.9995489075251074
regen_16QAM_s20262704_p-06_Nd4001,16QAM,20262704,-6,static_lti,0.5,2.4048605603777022
regen_16QAM_s20262704_p-06_Nd4001,16QAM,20262704,-6,static_mh,0.5,3.547678339431487
regen_16QAM_s20262704_p-06_Nd4001,16QAM,20262704,-6,static_lti_mh,0.5,2.4032973576228427
regen_16QAM_s20262704_p-06_Nd4001,16QAM,20262704,-6,linear,0.5,2.4108756855964697
regen_16QAM_s20262704_p-06_Nd4001,16QAM,20262704,-6,dsh,0.5,2.409471545055082
regen_16QAM_s20262704_p-06_Nd4001,16QAM,20262704,-6,atomic,1.0,2.3805982431215376
regen_16QAM_s20262704_p-06_Nd4001,16QAM,20262704,-6,static,1.0,3.991672567952824
regen_16QAM_s20262704_p-06_Nd4001,16QAM,20262704,-6,static_lti,1.0,2.3964065224138964
regen_16QAM_s20262704_p-06_Nd4001,16QAM,20262704,-6,static_mh,1.0,3.507497186696878
regen_16QAM_s20262704_p-06_Nd4001,16QAM,20262704,-6,static_lti_mh,1.0,2.393976112990285
regen_16QAM_s20262704_p-06_Nd4001,16QAM,20262704,-6,linear,1.0,2.402709635059484
regen_16QAM_s20262704_p-06_Nd4001,16QAM,20262704,-6,dsh,1.0,2.399833668940264
regen_16QAM_s20262704_p-06_Nd4001,16QAM,20262704,-6,atomic,2.0,2.3344560746153284
regen_16QAM_s20262704_p-06_Nd4001,16QAM,20262704,-6,static,2.0,3.8785510955853253
regen_16QAM_s20262704_p-06_Nd4001,16QAM,20262704,-6,static_lti,2.0,2.3496470027843617
regen_16QAM_s20262704_p-06_Nd4001,16QAM,20262704,-6,static_mh,2.0,3.331999734249152
regen_16QAM_s20262704_p-06_Nd4001,16QAM,20262704,-6,static_lti_mh,2.0,2.345598580411907
regen_16QAM_s20262704_p-06_Nd4001,16QAM,20262704,-6,linear,2.0,2.3587385586007836
regen_16QAM_s20262704_p-06_Nd4001,16QAM,20262704,-6,dsh,2.0,2.3515601827326655
regen_16QAM_s20262704_p-06_Nd4001,16QAM,20262704,-6,atomic,4.0,2.1507608665574907
regen_16QAM_s20262704_p-06_Nd4001,16QAM,20262704,-6,static,4.0,3.0484849276102084
regen_16QAM_s20262704_p-06_Nd4001,16QAM,20262704,-6,static_lti,4.0,2.1631576430183577
regen_16QAM_s20262704_p-06_Nd4001,16QAM,20262704,-6,static_mh,4.0,2.725485965061831
regen_16QAM_s20262704_p-06_Nd4001,16QAM,20262704,-6,static_lti_mh,4.0,2.156995476446602
regen_16QAM_s20262704_p-06_Nd4001,16QAM,20262704,-6,linear,4.0,2.1832406770045787
regen_16QAM_s20262704_p-06_Nd4001,16QAM,20262704,-6,dsh,4.0,2.1651138160830135
regen_CE_s20262002_p+00_Nd4001,CE,20262002,0,atomic,0.25,0.9298435458691027
regen_CE_s20262002_p+00_Nd4001,CE,20262002,0,static,0.25,0.9943761485972626
regen_CE_s20262002_p+00_Nd4001,CE,20262002,0,static_lti,0.25,0.7001947869077763
regen_CE_s20262002_p+00_Nd4001,CE,20262002,0,static_mh,0.25,0.9933361249991953
regen_CE_s20262002_p+00_Nd4001,CE,20262002,0,static_lti_mh,0.25,0.68490497712398
regen_CE_s20262002_p+00_Nd4001,CE,20262002,0,linear,0.25,0.7001012757965813
regen_CE_s20262002_p+00_Nd4001,CE,20262002,0,dsh,0.25,0.6849049771240064
regen_CE_s20262002_p+00_Nd4001,CE,20262002,0,atomic,0.5,0.9256338623113779
regen_CE_s20262002_p+00_Nd4001,CE,20262002,0,static,0.5,0.9941183582446704
regen_CE_s20262002_p+00_Nd4001,CE,20262002,0,static_lti,0.5,0.70027820131237
regen_CE_s20262002_p+00_Nd4001,CE,20262002,0,static_mh,0.5,0.9930002066073087
regen_CE_s20262002_p+00_Nd4001,CE,20262002,0,static_lti_mh,0.5,0.6847515050957383
regen_CE_s20262002_p+00_Nd4001,CE,20262002,0,linear,0.5,0.7003757190280739
regen_CE_s20262002_p+00_Nd4001,CE,20262002,0,dsh,0.5,0.684751505095762
regen_CE_s20262002_p+00_Nd4001,CE,20262002,0,atomic,1.0,0.913704242253379
regen_CE_s20262002_p+00_Nd4001,CE,20262002,0,static,1.0,0.9929582720455056
regen_CE_s20262002_p+00_Nd4001,CE,20262002,0,static_lti,1.0,0.6951376874727063
regen_CE_s20262002_p+00_Nd4001,CE,20262002,0,static_mh,1.0,0.9915516400956644
regen_CE_s20262002_p+00_Nd4001,CE,20262002,0,static_lti_mh,1.0,0.679800975722519
regen_CE_s20262002_p+00_Nd4001,CE,20262002,0,linear,1.0,0.6963228686102969
regen_CE_s20262002_p+00_Nd4001,CE,20262002,0,dsh,1.0,0.6798009757225384
regen_CE_s20262002_p+00_Nd4001,CE,20262002,0,atomic,2.0,0.8837063386521694
regen_CE_s20262002_p+00_Nd4001,CE,20262002,0,static,2.0,0.9865543231811605
regen_CE_s20262002_p+00_Nd4001,CE,20262002,0,static_lti,2.0,0.6652922833342179
regen_CE_s20262002_p+00_Nd4001,CE,20262002,0,static_mh,2.0,0.9838350610148717
regen_CE_s20262002_p+00_Nd4001,CE,20262002,0,static_lti_mh,2.0,0.652072223051444
regen_CE_s20262002_p+00_Nd4001,CE,20262002,0,linear,2.0,0.6712965593256282
regen_CE_s20262002_p+00_Nd4001,CE,20262002,0,dsh,2.0,0.652072223051461
regen_CE_s20262002_p+00_Nd4001,CE,20262002,0,atomic,4.0,0.5697686502464926
regen_CE_s20262002_p+00_Nd4001,CE,20262002,0,static,4.0,0.9353498935548035
regen_CE_s20262002_p+00_Nd4001,CE,20262002,0,static_lti,4.0,0.5457248894939355
regen_CE_s20262002_p+00_Nd4001,CE,20262002,0,static_mh,4.0,0.9303168798105241
regen_CE_s20262002_p+00_Nd4001,CE,20262002,0,static_lti_mh,4.0,0.5314729793135369
regen_CE_s20262002_p+00_Nd4001,CE,20262002,0,linear,4.0,0.5685712447298988
regen_CE_s20262002_p+00_Nd4001,CE,20262002,0,dsh,4.0,0.5314729793135617
regen_CE_s20262002_p+03_Nd4001,CE,20262002,3,atomic,0.25,0.3508074307036702
regen_CE_s20262002_p+03_Nd4001,CE,20262002,3,static,0.25,0.9944052042721288
regen_CE_s20262002_p+03_Nd4001,CE,20262002,3,static_lti,0.25,0.6999405504427048
regen_CE_s20262002_p+03_Nd4001,CE,20262002,3,static_mh,0.25,0.9919342923394152
regen_CE_s20262002_p+03_Nd4001,CE,20262002,3,static_lti_mh,0.25,0.6772825806024197
regen_CE_s20262002_p+03_Nd4001,CE,20262002,3,linear,0.25,0.699717041271899
regen_CE_s20262002_p+03_Nd4001,CE,20262002,3,dsh,0.25,0.6772825806023723
regen_CE_s20262002_p+03_Nd4001,CE,20262002,3,atomic,0.5,0.34925618093039973
regen_CE_s20262002_p+03_Nd4001,CE,20262002,3,static,0.5,0.9942510125044698
regen_CE_s20262002_p+03_Nd4001,CE,20262002,3,static_lti,0.5,0.7004750665307442
regen_CE_s20262002_p+03_Nd4001,CE,20262002,3,static_mh,0.5,0.9916924414967304
regen_CE_s20262002_p+03_Nd4001,CE,20262002,3,static_lti_mh,0.5,0.6776309305422996
regen_CE_s20262002_p+03_Nd4001,CE,20262002,3,linear,0.5,0.7004130835490942
regen_CE_s20262002_p+03_Nd4001,CE,20262002,3,dsh,0.5,0.6776309305422534
regen_CE_s20262002_p+03_Nd4001,CE,20262002,3,atomic,1.0,0.3885932356992904
regen_CE_s20262002_p+03_Nd4001,CE,20262002,3,static,1.0,0.9935739168638684
regen_CE_s20262002_p+03_Nd4001,CE,20262002,3,static_lti,1.0,0.6982895114049806
regen_CE_s20262002_p+03_Nd4001,CE,20262002,3,static_mh,1.0,0.990699340028358
regen_CE_s20262002_p+03_Nd4001,CE,20262002,3,static_lti_mh,1.0,0.6755717089819495
regen_CE_s20262002_p+03_Nd4001,CE,20262002,3,linear,1.0,0.6994165253908114
regen_CE_s20262002_p+03_Nd4001,CE,20262002,3,dsh,1.0,0.6755717089819064
regen_CE_s20262002_p+03_Nd4001,CE,20262002,3,atomic,2.0,0.27160776281027665
regen_CE_s20262002_p+03_Nd4001,CE,20262002,3,static,2.0,0.9902062111658394
regen_CE_s20262002_p+03_Nd4001,CE,20262002,3,static_lti,2.0,0.681969117346946
regen_CE_s20262002_p+03_Nd4001,CE,20262002,3,static_mh,2.0,0.9859643552071238
regen_CE_s20262002_p+03_Nd4001,CE,20262002,3,static_lti_mh,2.0,0.6609843947753236
regen_CE_s20262002_p+03_Nd4001,CE,20262002,3,linear,2.0,0.6885616773916193
regen_CE_s20262002_p+03_Nd4001,CE,20262002,3,dsh,2.0,0.6609843947752879
regen_CE_s20262002_p+03_Nd4001,CE,20262002,3,atomic,4.0,0.45964766373336635
regen_CE_s20262002_p+03_Nd4001,CE,20262002,3,static,4.0,0.9664840057558981
regen_CE_s20262002_p+03_Nd4001,CE,20262002,3,static_lti,4.0,0.6066288617471909
regen_CE_s20262002_p+03_Nd4001,CE,20262002,3,static_mh,4.0,0.9576688855679529
regen_CE_s20262002_p+03_Nd4001,CE,20262002,3,static_lti_mh,4.0,0.5866373619999828
regen_CE_s20262002_p+03_Nd4001,CE,20262002,3,linear,4.0,0.6352870845054858
regen_CE_s20262002_p+03_Nd4001,CE,20262002,3,dsh,4.0,0.5866373619999421
regen_CE_s20262002_p+06_Nd4001,CE,20262002,6,atomic,0.25,-0.1681388048011766
regen_CE_s20262002_p+06_Nd4001,CE,20262002,6,static,0.25,0.9944137456734173
regen_CE_s20262002_p+06_Nd4001,CE,20262002,6,static_lti,0.25,0.6998612069693005
regen_CE_s20262002_p+06_Nd4001,CE,20262002,6,static_mh,0.25,0.9891326484968539
regen_CE_s20262002_p+06_Nd4001,CE,20262002,6,static_lti_mh,0.25,0.6695674777894882
regen_CE_s20262002_p+06_Nd4001,CE,20262002,6,linear,0.25,0.6993584816503476
regen_CE_s20262002_p+06_Nd4001,CE,20262002,6,dsh,0.25,0.6695674777895215
regen_CE_s20262002_p+06_Nd4001,CE,20262002,6,atomic,0.5,-0.16909307519349534
regen_CE_s20262002_p+06_Nd4001,CE,20262002,6,static,0.5,0.9942850445346304
regen_CE_s20262002_p+06_Nd4001,CE,20262002,6,static_lti,0.5,0.700436049859264
regen_CE_s20262002_p+06_Nd4001,CE,20262002,6,static_mh,0.5,0.9889132194878175
regen_CE_s20262002_p+06_Nd4001,CE,20262002,6,static_lti_mh,0.5,0.6704543906863096
regen_CE_s20262002_p+06_Nd4001,CE,20262002,6,linear,0.5,0.7001087312530405
regen_CE_s20262002_p+06_Nd4001,CE,20262002,6,dsh,0.5,0.6704543906863442
regen_CE_s20262002_p+06_Nd4001,CE,20262002,6,atomic,1.0,-0.17627953878322597
regen_CE_s20262002_p+06_Nd4001,CE,20262002,6,static,1.0,0.9937267649793811
regen_CE_s20262002_p+06_Nd4001,CE,20262002,6,static_lti,1.0,0.6989463514846493
regen_CE_s20262002_p+06_Nd4001,CE,20262002,6,static_mh,1.0,0.9879952924625158
regen_CE_s20262002_p+06_Nd4001,CE,20262002,6,static_lti_mh,1.0,0.6698787021105215
regen_CE_s20262002_p+06_Nd4001,CE,20262002,6,linear,1.0,0.7003781675970944
regen_CE_s20262002_p+06_Nd4001,CE,20262002,6,dsh,1.0,0.6698787021105591
regen_CE_s20262002_p+06_Nd4001,CE,20262002,6,atomic,2.0,-0.2486114713593628
regen_CE_s20262002_p+06_Nd4001,CE,20262002,6,static,2.0,0.9910385044862892
regen_CE_s20262002_p+06_Nd4001,CE,20262002,6,static_lti,2.0,0.6863888090580327
regen_CE_s20262002_p+06_Nd4001,CE,20262002,6,static_mh,2.0,0.983739171057067
regen_CE_s20262002_p+06_Nd4001,CE,20262002,6,static_lti_mh,2.0,0.659397833907537
regen_CE_s20262002_p+06_Nd4001,CE,20262002,6,linear,2.0,0.6962941759355215
regen_CE_s20262002_p+06_Nd4001,CE,20262002,6,dsh,2.0,0.6593978339075848
regen_CE_s20262002_p+06_Nd4001,CE,20262002,6,atomic,4.0,-0.05941636905538043
regen_CE_s20262002_p+06_Nd4001,CE,20262002,6,static,4.0,0.97337510641744
regen_CE_s20262002_p+06_Nd4001,CE,20262002,6,static_lti,4.0,0.6261552211495875
regen_CE_s20262002_p+06_Nd4001,CE,20262002,6,static_mh,4.0,0.9602103153090977
regen_CE_s20262002_p+06_Nd4001,CE,20262002,6,static_lti_mh,4.0,0.5964307257040713
regen_CE_s20262002_p+06_Nd4001,CE,20262002,6,linear,4.0,0.6711293568610724
regen_CE_s20262002_p+06_Nd4001,CE,20262002,6,dsh,4.0,0.5964307257041369
regen_CE_s20262002_p-03_Nd4001,CE,20262002,-3,atomic,0.25,0.8748795809043902
regen_CE_s20262002_p-03_Nd4001,CE,20262002,-3,static,0.25,0.994310709960205
regen_CE_s20262002_p-03_Nd4001,CE,20262002,-3,static_lti,0.25,0.7004283302369909
regen_CE_s20262002_p-03_Nd4001,CE,20262002,-3,static_mh,0.25,0.9937473985883009
regen_CE_s20262002_p-03_Nd4001,CE,20262002,-3,static_lti_mh,0.25,0.6897166594542186
regen_CE_s20262002_p-03_Nd4001,CE,20262002,-3,linear,0.25,0.7004047414286281
regen_CE_s20262002_p-03_Nd4001,CE,20262002,-3,dsh,0.25,0.6897166594541884
regen_CE_s20262002_p-03_Nd4001,CE,20262002,-3,atomic,0.5,0.8681224469792282
regen_CE_s20262002_p-03_Nd4001,CE,20262002,-3,static,0.5,0.9938239518918435
regen_CE_s20262002_p-03_Nd4001,CE,20262002,-3,static_lti,0.5,0.6992231396045877
regen_CE_s20262002_p-03_Nd4001,CE,20262002,-3,static_mh,0.5,0.9931733327912866
regen_CE_s20262002_p-03_Nd4001,CE,20262002,-3,static_lti_mh,0.5,0.6883856023511641
regen_CE_s20262002_p-03_Nd4001,CE,20262002,-3,linear,0.5,0.6994216016136832
regen_CE_s20262002_p-03_Nd4001,CE,20262002,-3,dsh,0.5,0.6883856023511333
regen_CE_s20262002_p-03_Nd4001,CE,20262002,-3,atomic,1.0,0.8461848213595806
regen_CE_s20262002_p-03_Nd4001,CE,20262002,-3,static,1.0,0.9915083020788366
regen_CE_s20262002_p-03_Nd4001,CE,20262002,-3,static_lti,1.0,0.6873506158796994
regen_CE_s20262002_p-03_Nd4001,CE,20262002,-3,static_mh,1.0,0.9905090400509265
regen_CE_s20262002_p-03_Nd4001,CE,20262002,-3,static_lti_mh,1.0,0.6771264041338039
regen_CE_s20262002_p-03_Nd4001,CE,20262002,-3,linear,1.0,0.688634314676875
regen_CE_s20262002_p-03_Nd4001,CE,20262002,-3,dsh,1.0,0.6771264041337713
regen_CE_s20262002_p-03_Nd4001,CE,20262002,-3,atomic,2.0,0.7778628464079258
regen_CE_s20262002_p-03_Nd4001,CE,20262002,-3,static,2.0,0.9762860043019355
regen_CE_s20262002_p-03_Nd4001,CE,20262002,-3,static_lti,2.0,0.6297352417860352
regen_CE_s20262002_p-03_Nd4001,CE,20262002,-3,static_mh,2.0,0.9738385962508243
regen_CE_s20262002_p-03_Nd4001,CE,20262002,-3,static_lti_mh,2.0,0.6212482747790622
regen_CE_s20262002_p-03_Nd4001,CE,20262002,-3,linear,2.0,0.6356228999881727
regen_CE_s20262002_p-03_Nd4001,CE,20262002,-3,dsh,2.0,0.6212482747790263
regen_CE_s20262002_p-03_Nd4001,CE,20262002,-3,atomic,4.0,0.5080543094394261
regen_CE_s20262002_p-03_Nd4001,CE,20262002,-3,static,4.0,0.8592931846255257
regen_CE_s20262002_p-03_Nd4001,CE,20262002,-3,static_lti,4.0,0.4653749945140053
regen_CE_s20262002_p-03_Nd4001,CE,20262002,-3,static_mh,4.0,0.8544898676800917
regen_CE_s20262002_p-03_Nd4001,CE,20262002,-3,static_lti_mh,4.0,0.4509806557227785
regen_CE_s20262002_p-03_Nd4001,CE,20262002,-3,linear,4.0,0.48837702927038096
regen_CE_s20262002_p-03_Nd4001,CE,20262002,-3,dsh,4.0,0.4509806557227294
regen_CE_s20262002_p-06_Nd4001,CE,20262002,-6,atomic,0.25,0.8077043052408165
regen_CE_s20262002_p-06_Nd4001,CE,20262002,-6,static,0.25,0.9941706013425924
regen_CE_s20262002_p-06_Nd4001,CE,20262002,-6,static_lti,0.25,0.7003493284570896
regen_CE_s20262002_p-06_Nd4001,CE,20262002,-6,static_mh,0.25,0.9938100985862602
regen_CE_s20262002_p-06_Nd4001,CE,20262002,-6,static_lti_mh,0.25,0.6929199050284902
regen_CE_s20262002_p-06_Nd4001,CE,20262002,-6,linear,0.25,0.7003682525284602
regen_CE_s20262002_p-06_Nd4001,CE,20262002,-6,dsh,0.25,0.6929199050284489
regen_CE_s20262002_p-06_Nd4001,CE,20262002,-6,atomic,0.5,0.7990109717653859
regen_CE_s20262002_p-06_Nd4001,CE,20262002,-6,static,0.5,0.993187312458863
regen_CE_s20262002_p-06_Nd4001,CE,20262002,-6,static_lti,0.5,0.6960851883537157
regen_CE_s20262002_p-06_Nd4001,CE,20262002,-6,static_mh,0.5,0.992715508167528
regen_CE_s20262002_p-06_Nd4001,CE,20262002,-6,static_lti_mh,0.5,0.6887160196002511
regen_CE_s20262002_p-06_Nd4001,CE,20262002,-6,linear,0.5,0.69634673381347
regen_CE_s20262002_p-06_Nd4001,CE,20262002,-6,dsh,0.5,0.6887160196002113
regen_CE_s20262002_p-06_Nd4001,CE,20262002,-6,atomic,1.0,0.765961616537276
regen_CE_s20262002_p-06_Nd4001,CE,20262002,-6,static,1.0,0.9879477233366998
regen_CE_s20262002_p-06_Nd4001,CE,20262002,-6,static_lti,1.0,0.6700987352832158
regen_CE_s20262002_p-06_Nd4001,CE,20262002,-6,static_mh,1.0,0.9869855775163999
regen_CE_s20262002_p-06_Nd4001,CE,20262002,-6,static_lti_mh,1.0,0.6637571354256863
regen_CE_s20262002_p-06_Nd4001,CE,20262002,-6,linear,1.0,0.6714605476352139
regen_CE_s20262002_p-06_Nd4001,CE,20262002,-6,dsh,1.0,0.6637571354256485
regen_CE_s20262002_p-06_Nd4001,CE,20262002,-6,atomic,2.0,0.6440552230919504
regen_CE_s20262002_p-06_Nd4001,CE,20262002,-6,static,2.0,0.9461278814442411
regen_CE_s20262002_p-06_Nd4001,CE,20262002,-6,static_lti,2.0,0.5637594848483692
regen_CE_s20262002_p-06_Nd4001,CE,20262002,-6,static_mh,2.0,0.9441479814985653
regen_CE_s20262002_p-06_Nd4001,CE,20262002,-6,static_lti_mh,2.0,0.5569773441553312
regen_CE_s20262002_p-06_Nd4001,CE,20262002,-6,linear,2.0,0.5691644761512493
regen_CE_s20262002_p-06_Nd4001,CE,20262002,-6,dsh,2.0,0.5569773441552864
regen_CE_s20262002_p-06_Nd4001,CE,20262002,-6,atomic,4.0,0.3611133188669272
regen_CE_s20262002_p-06_Nd4001,CE,20262002,-6,static,4.0,0.7267055034605883
regen_CE_s20262002_p-06_Nd4001,CE,20262002,-6,static_lti,4.0,0.32572385646030605
regen_CE_s20262002_p-06_Nd4001,CE,20262002,-6,static_mh,4.0,0.7207207980942062
regen_CE_s20262002_p-06_Nd4001,CE,20262002,-6,static_lti_mh,4.0,0.3193727044669802
regen_CE_s20262002_p-06_Nd4001,CE,20262002,-6,linear,4.0,0.3282520275848443
regen_CE_s20262002_p-06_Nd4001,CE,20262002,-6,dsh,4.0,0.3193727044669739
regen_CE_s20262002_p-10_Nd4001,CE,20262002,-10,atomic,0.25,0.744686554437012
regen_CE_s20262002_p-10_Nd4001,CE,20262002,-10,static,0.25,0.9937163145883723
regen_CE_s20262002_p-10_Nd4001,CE,20262002,-10,static_lti,0.25,0.6986717320374274
regen_CE_s20262002_p-10_Nd4001,CE,20262002,-10,static_mh,0.25,0.9934790009144525
regen_CE_s20262002_p-10_Nd4001,CE,20262002,-10,static_lti_mh,0.25,0.6941497942276543
regen_CE_s20262002_p-10_Nd4001,CE,20262002,-10,linear,0.25,0.6987210776608268
regen_CE_s20262002_p-10_Nd4001,CE,20262002,-10,dsh,0.25,0.694149794227655
regen_CE_s20262002_p-10_Nd4001,CE,20262002,-10,atomic,0.5,0.7273788900616571
regen_CE_s20262002_p-10_Nd4001,CE,20262002,-10,static,0.5,0.9909400686172167
regen_CE_s20262002_p-10_Nd4001,CE,20262002,-10,static_lti,0.5,0.684103735269499
regen_CE_s20262002_p-10_Nd4001,CE,20262002,-10,static_mh,0.5,0.9905252430320575
regen_CE_s20262002_p-10_Nd4001,CE,20262002,-10,static_lti_mh,0.5,0.6799606682933471
regen_CE_s20262002_p-10_Nd4001,CE,20262002,-10,linear,0.5,0.68439713919517
regen_CE_s20262002_p-10_Nd4001,CE,20262002,-10,dsh,0.5,0.6799606682933456
regen_CE_s20262002_p-10_Nd4001,CE,20262002,-10,atomic,1.0,0.6542494998565354
regen_CE_s20262002_p-10_Nd4001,CE,20262002,-10,static,1.0,0.9717003303582229
regen_CE_s20262002_p-10_Nd4001,CE,20262002,-10,static_lti,1.0,0.6166362941481449
regen_CE_s20262002_p-10_Nd4001,CE,20262002,-10,static_mh,1.0,0.9706264265790744
regen_CE_s20262002_p-10_Nd4001,CE,20262002,-10,static_lti_mh,1.0,0.613001465309364
regen_CE_s20262002_p-10_Nd4001,CE,20262002,-10,linear,1.0,0.6179492145813862
regen_CE_s20262002_p-10_Nd4001,CE,20262002,-10,dsh,1.0,0.6130014653093675
regen_CE_s20262002_p-10_Nd4001,CE,20262002,-10,atomic,2.0,0.43876282197027605
regen_CE_s20262002_p-10_Nd4001,CE,20262002,-10,static,2.0,0.8310946097814492
regen_CE_s20262002_p-10_Nd4001,CE,20262002,-10,static_lti,2.0,0.4383397471046665
regen_CE_s20262002_p-10_Nd4001,CE,20262002,-10,static_mh,2.0,0.8285847143081302
regen_CE_s20262002_p-10_Nd4001,CE,20262002,-10,static_lti_mh,2.0,0.4192526576300644
regen_CE_s20262002_p-10_Nd4001,CE,20262002,-10,linear,2.0,0.43301977801937813
regen_CE_s20262002_p-10_Nd4001,CE,20262002,-10,dsh,2.0,0.41925265763008235
regen_CE_s20262002_p-10_Nd4001,CE,20262002,-10,atomic,4.0,0.12054245003842437
regen_CE_s20262002_p-10_Nd4001,CE,20262002,-10,static,4.0,0.15750844046728824
regen_CE_s20262002_p-10_Nd4001,CE,20262002,-10,static_lti,4.0,0.07379947772152752
regen_CE_s20262002_p-10_Nd4001,CE,20262002,-10,static_mh,4.0,0.14972535185858055
regen_CE_s20262002_p-10_Nd4001,CE,20262002,-10,static_lti_mh,4.0,0.07458242435720815
regen_CE_s20262002_p-10_Nd4001,CE,20262002,-10,linear,4.0,0.062417073402360704
regen_CE_s20262002_p-10_Nd4001,CE,20262002,-10,dsh,4.0,0.07458242435716748
regen_CE_s20262002_p-15_Nd4001,CE,20262002,-15,atomic,0.25,0.7048654250153543
regen_CE_s20262002_p-15_Nd4001,CE,20262002,-15,static,0.25,0.9918335952535409
regen_CE_s20262002_p-15_Nd4001,CE,20262002,-15,static_lti,0.25,0.6887052139920735
regen_CE_s20262002_p-15_Nd4001,CE,20262002,-15,static_mh,0.25,0.9916287765444864
regen_CE_s20262002_p-15_Nd4001,CE,20262002,-15,static_lti_mh,0.25,0.6862613918770293
regen_CE_s20262002_p-15_Nd4001,CE,20262002,-15,linear,0.25,0.6887556254766356
regen_CE_s20262002_p-15_Nd4001,CE,20262002,-15,dsh,0.25,0.6862613918770614
regen_CE_s20262002_p-15_Nd4001,CE,20262002,-15,atomic,0.5,0.6497717523497324
regen_CE_s20262002_p-15_Nd4001,CE,20262002,-15,static,0.5,0.9786993752195777
regen_CE_s20262002_p-15_Nd4001,CE,20262002,-15,static_lti,0.5,0.63604522266818
regen_CE_s20262002_p-15_Nd4001,CE,20262002,-15,static_mh,0.5,0.9781533719012349
regen_CE_s20262002_p-15_Nd4001,CE,20262002,-15,static_lti_mh,0.5,0.634003418770401
regen_CE_s20262002_p-15_Nd4001,CE,20262002,-15,linear,0.5,0.6362865578075438
regen_CE_s20262002_p-15_Nd4001,CE,20262002,-15,dsh,0.5,0.6340034187704655
regen_CE_s20262002_p-15_Nd4001,CE,20262002,-15,atomic,1.0,0.48671050423198664
regen_CE_s20262002_p-15_Nd4001,CE,20262002,-15,static,1.0,0.8733694448253554
regen_CE_s20262002_p-15_Nd4001,CE,20262002,-15,static_lti,1.0,0.48964633181461825
regen_CE_s20262002_p-15_Nd4001,CE,20262002,-15,static_mh,1.0,0.872259131957986
regen_CE_s20262002_p-15_Nd4001,CE,20262002,-15,static_lti_mh,1.0,0.4858952899578432
regen_CE_s20262002_p-15_Nd4001,CE,20262002,-15,linear,1.0,0.49060680644447385
regen_CE_s20262002_p-15_Nd4001,CE,20262002,-15,dsh,1.0,0.48589528995795367
regen_CE_s20262002_p-15_Nd4001,CE,20262002,-15,atomic,2.0,0.05391760337452918
regen_CE_s20262002_p-15_Nd4001,CE,20262002,-15,static,2.0,0.47144210632990907
regen_CE_s20262002_p-15_Nd4001,CE,20262002,-15,static_lti,2.0,0.0506632448707622
regen_CE_s20262002_p-15_Nd4001,CE,20262002,-15,static_mh,2.0,0.4697492362445722
regen_CE_s20262002_p-15_Nd4001,CE,20262002,-15,static_lti_mh,2.0,0.051176099921060876
regen_CE_s20262002_p-15_Nd4001,CE,20262002,-15,linear,2.0,0.05114144882373298
regen_CE_s20262002_p-15_Nd4001,CE,20262002,-15,dsh,2.0,0.051176099921111294
regen_CE_s20262002_p-15_Nd4001,CE,20262002,-15,atomic,4.0,-0.004341924673263767
regen_CE_s20262002_p-15_Nd4001,CE,20262002,-15,static,4.0,0.05583590769651092
regen_CE_s20262002_p-15_Nd4001,CE,20262002,-15,static_lti,4.0,-0.002011603908495005
regen_CE_s20262002_p-15_Nd4001,CE,20262002,-15,static_mh,4.0,0.05579108620556033
regen_CE_s20262002_p-15_Nd4001,CE,20262002,-15,static_lti_mh,4.0,0.011798419824618666
regen_CE_s20262002_p-15_Nd4001,CE,20262002,-15,linear,4.0,-0.0016652675065960511
regen_CE_s20262002_p-15_Nd4001,CE,20262002,-15,dsh,4.0,0.011798419824633383
regen_CE_s20262102_p+00_Nd4001,CE,20262102,0,atomic,0.25,0.9694558530453907
regen_CE_s20262102_p+00_Nd4001,CE,20262102,0,static,0.25,0.9866220152735645
regen_CE_s20262102_p+00_Nd4001,CE,20262102,0,static_lti,0.25,0.7465988244273172
regen_CE_s20262102_p+00_Nd4001,CE,20262102,0,static_mh,0.25,0.9854756801736448
regen_CE_s20262102_p+00_Nd4001,CE,20262102,0,static_lti_mh,0.25,0.7421350564366695
regen_CE_s20262102_p+00_Nd4001,CE,20262102,0,linear,0.25,0.7471924641375848
regen_CE_s20262102_p+00_Nd4001,CE,20262102,0,dsh,0.25,0.7421350564366532
regen_CE_s20262102_p+00_Nd4001,CE,20262102,0,atomic,0.5,0.9683288878982916
regen_CE_s20262102_p+00_Nd4001,CE,20262102,0,static,0.5,0.9859105320639857
regen_CE_s20262102_p+00_Nd4001,CE,20262102,0,static_lti,0.5,0.7444839931930701
regen_CE_s20262102_p+00_Nd4001,CE,20262102,0,static_mh,0.5,0.9847283876891607
regen_CE_s20262102_p+00_Nd4001,CE,20262102,0,static_lti_mh,0.5,0.7400550218417462
regen_CE_s20262102_p+00_Nd4001,CE,20262102,0,linear,0.5,0.7457365643743934
regen_CE_s20262102_p+00_Nd4001,CE,20262102,0,dsh,0.5,0.7400550218417301
regen_CE_s20262102_p+00_Nd4001,CE,20262102,0,atomic,1.0,0.9560059739258464
regen_CE_s20262102_p+00_Nd4001,CE,20262102,0,static,1.0,0.9834418837762865
regen_CE_s20262102_p+00_Nd4001,CE,20262102,0,static_lti,1.0,0.7357572127705363
regen_CE_s20262102_p+00_Nd4001,CE,20262102,0,static_mh,1.0,0.9821101861594299
regen_CE_s20262102_p+00_Nd4001,CE,20262102,0,static_lti_mh,1.0,0.731317558355407
regen_CE_s20262102_p+00_Nd4001,CE,20262102,0,linear,1.0,0.7392655238486862
regen_CE_s20262102_p+00_Nd4001,CE,20262102,0,dsh,1.0,0.7313175583553916
regen_CE_s20262102_p+00_Nd4001,CE,20262102,0,atomic,2.0,0.925622458758294
regen_CE_s20262102_p+00_Nd4001,CE,20262102,0,static,2.0,0.9729678412607314
regen_CE_s20262102_p+00_Nd4001,CE,20262102,0,static_lti,2.0,0.7014701857275853
regen_CE_s20262102_p+00_Nd4001,CE,20262102,0,static_mh,2.0,0.9709829097288936
regen_CE_s20262102_p+00_Nd4001,CE,20262102,0,static_lti_mh,2.0,0.6970573383828013
regen_CE_s20262102_p+00_Nd4001,CE,20262102,0,linear,2.0,0.712689605266785
regen_CE_s20262102_p+00_Nd4001,CE,20262102,0,dsh,2.0,0.6970573383827876
regen_CE_s20262102_p+00_Nd4001,CE,20262102,0,atomic,4.0,0.7602562974351107
regen_CE_s20262102_p+00_Nd4001,CE,20262102,0,static,4.0,0.9175313124215033
regen_CE_s20262102_p+00_Nd4001,CE,20262102,0,static_lti,4.0,0.5838929438804493
regen_CE_s20262102_p+00_Nd4001,CE,20262102,0,static_mh,4.0,0.9134019070089993
regen_CE_s20262102_p+00_Nd4001,CE,20262102,0,static_lti_mh,4.0,0.5810049089215085
regen_CE_s20262102_p+00_Nd4001,CE,20262102,0,linear,4.0,0.6178545506893827
regen_CE_s20262102_p+00_Nd4001,CE,20262102,0,dsh,4.0,0.5810049089214905
regen_CE_s20262102_p+03_Nd4001,CE,20262102,3,atomic,0.25,0.7896067260909796
regen_CE_s20262102_p+03_Nd4001,CE,20262102,3,static,0.25,0.9867221153901401
regen_CE_s20262102_p+03_Nd4001,CE,20262102,3,static_lti,0.25,0.7464722783706569
regen_CE_s20262102_p+03_Nd4001,CE,20262102,3,static_mh,0.25,0.9835478199206098
regen_CE_s20262102_p+03_Nd4001,CE,20262102,3,static_lti_mh,0.25,0.7369335339728402
regen_CE_s20262102_p+03_Nd4001,CE,20262102,3,linear,0.25,0.7473931452860622
regen_CE_s20262102_p+03_Nd4001,CE,20262102,3,dsh,0.25,0.7369335339728174
regen_CE_s20262102_p+03_Nd4001,CE,20262102,3,atomic,0.5,0.7911059817541456
regen_CE_s20262102_p+03_Nd4001,CE,20262102,3,static,0.5,0.9862233271015757
regen_CE_s20262102_p+03_Nd4001,CE,20262102,3,static_lti,0.5,0.7450057003013655
regen_CE_s20262102_p+03_Nd4001,CE,20262102,3,static_mh,0.5,0.9829739931561517
regen_CE_s20262102_p+03_Nd4001,CE,20262102,3,static_lti_mh,0.5,0.7354027938233488
regen_CE_s20262102_p+03_Nd4001,CE,20262102,3,linear,0.5,0.7467296235211902
regen_CE_s20262102_p+03_Nd4001,CE,20262102,3,dsh,0.5,0.7354027938233267
regen_CE_s20262102_p+03_Nd4001,CE,20262102,3,atomic,1.0,0.7288586133058832
regen_CE_s20262102_p+03_Nd4001,CE,20262102,3,static,1.0,0.9845910676659574
regen_CE_s20262102_p+03_Nd4001,CE,20262102,3,static_lti,1.0,0.7392104900645126
regen_CE_s20262102_p+03_Nd4001,CE,20262102,3,static_mh,1.0,0.9810812120463355
regen_CE_s20262102_p+03_Nd4001,CE,20262102,3,static_lti_mh,1.0,0.7293879911870679
regen_CE_s20262102_p+03_Nd4001,CE,20262102,3,linear,1.0,0.7436190101910967
regen_CE_s20262102_p+03_Nd4001,CE,20262102,3,dsh,1.0,0.7293879911870479
regen_CE_s20262102_p+03_Nd4001,CE,20262102,3,atomic,2.0,0.6539479443477204
regen_CE_s20262102_p+03_Nd4001,CE,20262102,3,static,2.0,0.9782007815942241
regen_CE_s20262102_p+03_Nd4001,CE,20262102,3,static_lti,2.0,0.7165867582515474
regen_CE_s20262102_p+03_Nd4001,CE,20262102,3,static_mh,2.0,0.9736711217322548
regen_CE_s20262102_p+03_Nd4001,CE,20262102,3,static_lti_mh,2.0,0.706277856894592
regen_CE_s20262102_p+03_Nd4001,CE,20262102,3,linear,2.0,0.7303303796615692
regen_CE_s20262102_p+03_Nd4001,CE,20262102,3,dsh,2.0,0.7062778568945759
regen_CE_s20262102_p+03_Nd4001,CE,20262102,3,atomic,4.0,0.5102541105232892
regen_CE_s20262102_p+03_Nd4001,CE,20262102,3,static,4.0,0.9457109766907452
regen_CE_s20262102_p+03_Nd4001,CE,20262102,3,static_lti,4.0,0.6353005656051811
regen_CE_s20262102_p+03_Nd4001,CE,20262102,3,static_mh,4.0,0.9373513663750053
regen_CE_s20262102_p+03_Nd4001,CE,20262102,3,static_lti_mh,4.0,0.6253420244260429
regen_CE_s20262102_p+03_Nd4001,CE,20262102,3,linear,4.0,0.6786524320979563
regen_CE_s20262102_p+03_Nd4001,CE,20262102,3,dsh,4.0,0.6253420244260313
regen_CE_s20262102_p+06_Nd4001,CE,20262102,6,atomic,0.25,-0.028265513181786852
regen_CE_s20262102_p+06_Nd4001,CE,20262102,6,static,0.25,0.9867424300488917
regen_CE_s20262102_p+06_Nd4001,CE,20262102,6,static_lti,0.25,0.7459868233717635
regen_CE_s20262102_p+06_Nd4001,CE,20262102,6,static_mh,0.25,0.9790904616671666
regen_CE_s20262102_p+06_Nd4001,CE,20262102,6,static_lti_mh,0.25,0.7269475480617734
regen_CE_s20262102_p+06_Nd4001,CE,20262102,6,linear,0.25,0.7474745735869671
regen_CE_s20262102_p+06_Nd4001,CE,20262102,6,dsh,0.25,0.7269475480617988
regen_CE_s20262102_p+06_Nd4001,CE,20262102,6,atomic,0.5,-0.006667186106291907
regen_CE_s20262102_p+06_Nd4001,CE,20262102,6,static,0.5,0.9862840003715759
regen_CE_s20262102_p+06_Nd4001,CE,20262102,6,static_lti,0.5,0.7445126848957525
regen_CE_s20262102_p+06_Nd4001,CE,20262102,6,static_mh,0.5,0.9784483812212268
regen_CE_s20262102_p+06_Nd4001,CE,20262102,6,static_lti_mh,0.5,0.7250792532493378
regen_CE_s20262102_p+06_Nd4001,CE,20262102,6,linear,0.5,0.7471881735138781
regen_CE_s20262102_p+06_Nd4001,CE,20262102,6,dsh,0.5,0.7250792532493648
regen_CE_s20262102_p+06_Nd4001,CE,20262102,6,atomic,1.0,-0.034513876905613534
regen_CE_s20262102_p+06_Nd4001,CE,20262102,6,static,1.0,0.9848224309672237
regen_CE_s20262102_p+06_Nd4001,CE,20262102,6,static_lti,1.0,0.739086479221553
regen_CE_s20262102_p+06_Nd4001,CE,20262102,6,static_mh,1.0,0.9764152215225466
regen_CE_s20262102_p+06_Nd4001,CE,20262102,6,static_lti_mh,1.0,0.7187823443008334
regen_CE_s20262102_p+06_Nd4001,CE,20262102,6,linear,1.0,0.7457243166454541
regen_CE_s20262102_p+06_Nd4001,CE,20262102,6,dsh,1.0,0.7187823443008639
regen_CE_s20262102_p+06_Nd4001,CE,20262102,6,atomic,2.0,-0.041149678216636086
regen_CE_s20262102_p+06_Nd4001,CE,20262102,6,static,2.0,0.9792493199119819
regen_CE_s20262102_p+06_Nd4001,CE,20262102,6,static_lti,2.0,0.7186672750086757
regen_CE_s20262102_p+06_Nd4001,CE,20262102,6,static_mh,2.0,0.9687555223814404
regen_CE_s20262102_p+06_Nd4001,CE,20262102,6,static_lti_mh,2.0,0.6966638764808807
regen_CE_s20262102_p+06_Nd4001,CE,20262102,6,linear,2.0,0.7392204645612489
regen_CE_s20262102_p+06_Nd4001,CE,20262102,6,dsh,2.0,0.6966638764809192
regen_CE_s20262102_p+06_Nd4001,CE,20262102,6,atomic,4.0,-0.12723788034335454
regen_CE_s20262102_p+06_Nd4001,CE,20262102,6,static,4.0,0.9513515294315686
regen_CE_s20262102_p+06_Nd4001,CE,20262102,6,static_lti,4.0,0.6461122049613383
regen_CE_s20262102_p+06_Nd4001,CE,20262102,6,static_mh,4.0,0.933020978271414
regen_CE_s20262102_p+06_Nd4001,CE,20262102,6,static_lti_mh,4.0,0.6219198674325924
regen_CE_s20262102_p+06_Nd4001,CE,20262102,6,linear,4.0,0.7125189154670535
regen_CE_s20262102_p+06_Nd4001,CE,20262102,6,dsh,4.0,0.6219198674326489
regen_CE_s20262102_p-03_Nd4001,CE,20262102,-3,atomic,0.25,0.9042080370682971
regen_CE_s20262102_p-03_Nd4001,CE,20262102,-3,static,0.25,0.9864287111093952
regen_CE_s20262102_p-03_Nd4001,CE,20262102,-3,static_lti,0.25,0.7463326921060002
regen_CE_s20262102_p-03_Nd4001,CE,20262102,-3,static_mh,0.25,0.9859407481674242
regen_CE_s20262102_p-03_Nd4001,CE,20262102,-3,static_lti_mh,0.25,0.7439700116195156
regen_CE_s20262102_p-03_Nd4001,CE,20262102,-3,linear,0.25,0.7467374583388923
regen_CE_s20262102_p-03_Nd4001,CE,20262102,-3,dsh,0.25,0.7439700116195476
regen_CE_s20262102_p-03_Nd4001,CE,20262102,-3,atomic,0.5,0.900831694266983
regen_CE_s20262102_p-03_Nd4001,CE,20262102,-3,static,0.5,0.985270153534877
regen_CE_s20262102_p-03_Nd4001,CE,20262102,-3,static_lti,0.5,0.7426594515837387
regen_CE_s20262102_p-03_Nd4001,CE,20262102,-3,static_mh,0.5,0.984757880790245
regen_CE_s20262102_p-03_Nd4001,CE,20262102,-3,static_lti_mh,0.5,0.7403654645308102
regen_CE_s20262102_p-03_Nd4001,CE,20262102,-3,linear,0.5,0.7436432038443688
regen_CE_s20262102_p-03_Nd4001,CE,20262102,-3,dsh,0.5,0.7403654645308396
regen_CE_s20262102_p-03_Nd4001,CE,20262102,-3,atomic,1.0,0.8819935168441665
regen_CE_s20262102_p-03_Nd4001,CE,20262102,-3,static,1.0,0.9809362610093015
regen_CE_s20262102_p-03_Nd4001,CE,20262102,-3,static_lti,1.0,0.7274208192093438
regen_CE_s20262102_p-03_Nd4001,CE,20262102,-3,static_mh,1.0,0.9802976578035354
regen_CE_s20262102_p-03_Nd4001,CE,20262102,-3,static_lti_mh,1.0,0.725185453493394
regen_CE_s20262102_p-03_Nd4001,CE,20262102,-3,linear,1.0,0.7304199969764807
regen_CE_s20262102_p-03_Nd4001,CE,20262102,-3,dsh,1.0,0.7251854534934191
regen_CE_s20262102_p-03_Nd4001,CE,20262102,-3,atomic,2.0,0.8011079865134528
regen_CE_s20262102_p-03_Nd4001,CE,20262102,-3,static,2.0,0.9604519869910781
regen_CE_s20262102_p-03_Nd4001,CE,20262102,-3,static_lti,2.0,0.6694072011797016
regen_CE_s20262102_p-03_Nd4001,CE,20262102,-3,static_mh,2.0,0.9592230000427023
regen_CE_s20262102_p-03_Nd4001,CE,20262102,-3,static_lti_mh,2.0,0.6674710010588806
regen_CE_s20262102_p-03_Nd4001,CE,20262102,-3,linear,2.0,0.6789713863142803
regen_CE_s20262102_p-03_Nd4001,CE,20262102,-3,dsh,2.0,0.6674710010588989
regen_CE_s20262102_p-03_Nd4001,CE,20262102,-3,atomic,4.0,0.4562723443656411
regen_CE_s20262102_p-03_Nd4001,CE,20262102,-3,static,4.0,0.8575222372592203
regen_CE_s20262102_p-03_Nd4001,CE,20262102,-3,static_lti,4.0,0.43737988373204323
regen_CE_s20262102_p-03_Nd4001,CE,20262102,-3,static_mh,4.0,0.8554766674426095
regen_CE_s20262102_p-03_Nd4001,CE,20262102,-3,static_lti_mh,4.0,0.4373399812024049
regen_CE_s20262102_p-03_Nd4001,CE,20262102,-3,linear,4.0,0.45764820439419823
regen_CE_s20262102_p-03_Nd4001,CE,20262102,-3,dsh,4.0,0.4373399812024074
regen_CE_s20262102_p-06_Nd4001,CE,20262102,-6,atomic,0.25,0.8378337194505114
regen_CE_s20262102_p-06_Nd4001,CE,20262102,-6,static,0.25,0.9860734827734853
regen_CE_s20262102_p-06_Nd4001,CE,20262102,-6,static_lti,0.25,0.7454521065608911
regen_CE_s20262102_p-06_Nd4001,CE,20262102,-6,static_mh,0.25,0.9858488943478316
regen_CE_s20262102_p-06_Nd4001,CE,20262102,-6,static_lti_mh,0.25,0.7442151297404945
regen_CE_s20262102_p-06_Nd4001,CE,20262102,-6,linear,0.25,0.7457511912828552
regen_CE_s20262102_p-06_Nd4001,CE,20262102,-6,dsh,0.25,0.7442151297404546
regen_CE_s20262102_p-06_Nd4001,CE,20262102,-6,atomic,0.5,0.8298842267454676
regen_CE_s20262102_p-06_Nd4001,CE,20262102,-6,static,0.5,0.9840134451752577
regen_CE_s20262102_p-06_Nd4001,CE,20262102,-6,static_lti,0.5,0.7384882712795123
regen_CE_s20262102_p-06_Nd4001,CE,20262102,-6,static_mh,0.5,0.9837657551976358
regen_CE_s20262102_p-06_Nd4001,CE,20262102,-6,static_lti_mh,0.5,0.7373196064785827
regen_CE_s20262102_p-06_Nd4001,CE,20262102,-6,linear,0.5,0.7393133741475734
regen_CE_s20262102_p-06_Nd4001,CE,20262102,-6,dsh,0.5,0.7373196064785391
regen_CE_s20262102_p-06_Nd4001,CE,20262102,-6,atomic,1.0,0.7948333419985261
regen_CE_s20262102_p-06_Nd4001,CE,20262102,-6,static,1.0,0.9755259844399752
regen_CE_s20262102_p-06_Nd4001,CE,20262102,-6,static_lti,1.0,0.7102269522218968
regen_CE_s20262102_p-06_Nd4001,CE,20262102,-6,static_mh,1.0,0.9751390381138476
regen_CE_s20262102_p-06_Nd4001,CE,20262102,-6,static_lti_mh,1.0,0.7091172796463122
regen_CE_s20262102_p-06_Nd4001,CE,20262102,-6,linear,1.0,0.7128638962739854
regen_CE_s20262102_p-06_Nd4001,CE,20262102,-6,dsh,1.0,0.7091172796462629
regen_CE_s20262102_p-06_Nd4001,CE,20262102,-6,atomic,2.0,0.6666620136093835
regen_CE_s20262102_p-06_Nd4001,CE,20262102,-6,static,2.0,0.9315701499354772
regen_CE_s20262102_p-06_Nd4001,CE,20262102,-6,static_lti,2.0,0.6103711635654486
regen_CE_s20262102_p-06_Nd4001,CE,20262102,-6,static_mh,2.0,0.9306425526221462
regen_CE_s20262102_p-06_Nd4001,CE,20262102,-6,static_lti_mh,2.0,0.6097596184639382
regen_CE_s20262102_p-06_Nd4001,CE,20262102,-6,linear,2.0,0.618407138246443
regen_CE_s20262102_p-06_Nd4001,CE,20262102,-6,dsh,2.0,0.6097596184638879
regen_CE_s20262102_p-06_Nd4001,CE,20262102,-6,atomic,4.0,0.24005153814447533
regen_CE_s20262102_p-06_Nd4001,CE,20262102,-6,static,4.0,0.7475425535082558
regen_CE_s20262102_p-06_Nd4001,CE,20262102,-6,static_lti,4.0,0.3710824966900258
regen_CE_s20262102_p-06_Nd4001,CE,20262102,-6,static_mh,4.0,0.7479933516114707
regen_CE_s20262102_p-06_Nd4001,CE,20262102,-6,static_lti_mh,4.0,0.3635005135499152
regen_CE_s20262102_p-06_Nd4001,CE,20262102,-6,linear,4.0,0.38863638850532134
regen_CE_s20262102_p-06_Nd4001,CE,20262102,-6,dsh,4.0,0.3635005135498351
regen_CE_s20262102_p-10_Nd4001,CE,20262102,-10,atomic,0.25,0.7867700162985406
regen_CE_s20262102_p-10_Nd4001,CE,20262102,-10,static,0.25,0.9850837255929462
regen_CE_s20262102_p-10_Nd4001,CE,20262102,-10,static_lti,0.25,0.7423448650064248
regen_CE_s20262102_p-10_Nd4001,CE,20262102,-10,static_mh,0.25,0.9850065320737823
regen_CE_s20262102_p-10_Nd4001,CE,20262102,-10,static_lti_mh,0.25,0.7418617002012006
regen_CE_s20262102_p-10_Nd4001,CE,20262102,-10,linear,0.25,0.7425638875911045
regen_CE_s20262102_p-10_Nd4001,CE,20262102,-10,dsh,0.25,0.7418617002012088
regen_CE_s20262102_p-10_Nd4001,CE,20262102,-10,atomic,0.5,0.7681834166750077
regen_CE_s20262102_p-10_Nd4001,CE,20262102,-10,static,0.5,0.9801451245827351
regen_CE_s20262102_p-10_Nd4001,CE,20262102,-10,static_lti,0.5,0.7252650597607855
regen_CE_s20262102_p-10_Nd4001,CE,20262102,-10,static_mh,0.5,0.9800373991090888
regen_CE_s20262102_p-10_Nd4001,CE,20262102,-10,static_lti_mh,0.5,0.7248171864057178
regen_CE_s20262102_p-10_Nd4001,CE,20262102,-10,linear,0.5,0.7259400271398644
regen_CE_s20262102_p-10_Nd4001,CE,20262102,-10,dsh,0.5,0.7248171864057309
regen_CE_s20262102_p-10_Nd4001,CE,20262102,-10,atomic,1.0,0.695938792934352
regen_CE_s20262102_p-10_Nd4001,CE,20262102,-10,static,1.0,0.9562899051794543
regen_CE_s20262102_p-10_Nd4001,CE,20262102,-10,static_lti,1.0,0.6606264963753761
regen_CE_s20262102_p-10_Nd4001,CE,20262102,-10,static_mh,1.0,0.9560011977074293
regen_CE_s20262102_p-10_Nd4001,CE,20262102,-10,static_lti_mh,1.0,0.6602488234291205
regen_CE_s20262102_p-10_Nd4001,CE,20262102,-10,linear,1.0,0.6627561169947646
regen_CE_s20262102_p-10_Nd4001,CE,20262102,-10,dsh,1.0,0.6602488234291415
regen_CE_s20262102_p-10_Nd4001,CE,20262102,-10,atomic,2.0,0.4522258258610575
regen_CE_s20262102_p-10_Nd4001,CE,20262102,-10,static,2.0,0.8406498248506017
regen_CE_s20262102_p-10_Nd4001,CE,20262102,-10,static_lti,2.0,0.4387916046556145
regen_CE_s20262102_p-10_Nd4001,CE,20262102,-10,static_mh,2.0,0.8404011678937983
regen_CE_s20262102_p-10_Nd4001,CE,20262102,-10,static_lti_mh,2.0,0.4390144782314581
regen_CE_s20262102_p-10_Nd4001,CE,20262102,-10,linear,2.0,0.4309347499644356
regen_CE_s20262102_p-10_Nd4001,CE,20262102,-10,dsh,2.0,0.43901447823145995
regen_CE_s20262102_p-10_Nd4001,CE,20262102,-10,atomic,4.0,0.1977802624256199
regen_CE_s20262102_p-10_Nd4001,CE,20262102,-10,static,4.0,0.1642535017800351
regen_CE_s20262102_p-10_Nd4001,CE,20262102,-10,static_lti,4.0,0.20847484088115054
regen_CE_s20262102_p-10_Nd4001,CE,20262102,-10,static_mh,4.0,0.18815367343971973
regen_CE_s20262102_p-10_Nd4001,CE,20262102,-10,static_lti_mh,4.0,0.20243534672539684
regen_CE_s20262102_p-10_Nd4001,CE,20262102,-10,linear,4.0,0.20248364219800064
regen_CE_s20262102_p-10_Nd4001,CE,20262102,-10,dsh,4.0,0.20243534672540325
regen_CE_s20262102_p-15_Nd4001,CE,20262102,-15,atomic,0.25,0.7525537254370397
regen_CE_s20262102_p-15_Nd4001,CE,20262102,-15,static,0.25,0.9816452325458346
regen_CE_s20262102_p-15_Nd4001,CE,20262102,-15,static_lti,0.25,0.7304666923155064
regen_CE_s20262102_p-15_Nd4001,CE,20262102,-15,static_mh,0.25,0.9816251920199573
regen_CE_s20262102_p-15_Nd4001,CE,20262102,-15,static_lti_mh,0.25,0.7303204847146889
regen_CE_s20262102_p-15_Nd4001,CE,20262102,-15,linear,0.25,0.7306172574065904
regen_CE_s20262102_p-15_Nd4001,CE,20262102,-15,dsh,0.25,0.7303204847147333
regen_CE_s20262102_p-15_Nd4001,CE,20262102,-15,atomic,0.5,0.6993625261237637
regen_CE_s20262102_p-15_Nd4001,CE,20262102,-15,static,0.5,0.9640504136952657
regen_CE_s20262102_p-15_Nd4001,CE,20262102,-15,static_lti,0.5,0.6791667893131824
regen_CE_s20262102_p-15_Nd4001,CE,20262102,-15,static_mh,0.5,0.9639696834703374
regen_CE_s20262102_p-15_Nd4001,CE,20262102,-15,static_lti_mh,0.5,0.679018893581456
regen_CE_s20262102_p-15_Nd4001,CE,20262102,-15,linear,0.5,0.6796372527635756
regen_CE_s20262102_p-15_Nd4001,CE,20262102,-15,dsh,0.5,0.6790188935815071
regen_CE_s20262102_p-15_Nd4001,CE,20262102,-15,atomic,1.0,0.4715903052810552
regen_CE_s20262102_p-15_Nd4001,CE,20262102,-15,static,1.0,0.8746150229545282
regen_CE_s20262102_p-15_Nd4001,CE,20262102,-15,static_lti,1.0,0.4578550863089747
regen_CE_s20262102_p-15_Nd4001,CE,20262102,-15,static_mh,1.0,0.8744990829082794
regen_CE_s20262102_p-15_Nd4001,CE,20262102,-15,static_lti_mh,1.0,0.45776206976713857
regen_CE_s20262102_p-15_Nd4001,CE,20262102,-15,linear,1.0,0.4588940112044558
regen_CE_s20262102_p-15_Nd4001,CE,20262102,-15,dsh,1.0,0.4577620697671899
regen_CE_s20262102_p-15_Nd4001,CE,20262102,-15,atomic,2.0,0.28826470596144504
regen_CE_s20262102_p-15_Nd4001,CE,20262102,-15,static,2.0,0.43688807362021936
regen_CE_s20262102_p-15_Nd4001,CE,20262102,-15,static_lti,2.0,0.29526248353377965
regen_CE_s20262102_p-15_Nd4001,CE,20262102,-15,static_mh,2.0,0.43925126707867596
regen_CE_s20262102_p-15_Nd4001,CE,20262102,-15,static_lti_mh,2.0,0.296353462398385
regen_CE_s20262102_p-15_Nd4001,CE,20262102,-15,linear,2.0,0.29623982859644127
regen_CE_s20262102_p-15_Nd4001,CE,20262102,-15,dsh,2.0,0.2963534623983838
regen_CE_s20262102_p-15_Nd4001,CE,20262102,-15,atomic,4.0,0.07548705146003669
regen_CE_s20262102_p-15_Nd4001,CE,20262102,-15,static,4.0,0.08726954200220505
regen_CE_s20262102_p-15_Nd4001,CE,20262102,-15,static_lti,4.0,0.07613784816797577
regen_CE_s20262102_p-15_Nd4001,CE,20262102,-15,static_mh,4.0,0.09634328486726952
regen_CE_s20262102_p-15_Nd4001,CE,20262102,-15,static_lti_mh,4.0,0.07860667879848539
regen_CE_s20262102_p-15_Nd4001,CE,20262102,-15,linear,4.0,0.07648509624552308
regen_CE_s20262102_p-15_Nd4001,CE,20262102,-15,dsh,4.0,0.07860667879848565
regen_CE_s20262202_p+00_Nd4001,CE,20262202,0,atomic,0.25,0.9799195562262705
regen_CE_s20262202_p+00_Nd4001,CE,20262202,0,static,0.25,0.9934623497484529
regen_CE_s20262202_p+00_Nd4001,CE,20262202,0,static_lti,0.25,0.7114934153653892
regen_CE_s20262202_p+00_Nd4001,CE,20262202,0,static_mh,0.25,0.9935578794711563
regen_CE_s20262202_p+00_Nd4001,CE,20262202,0,static_lti_mh,0.25,0.7270015773486448
regen_CE_s20262202_p+00_Nd4001,CE,20262202,0,linear,0.25,0.7116538493185467
regen_CE_s20262202_p+00_Nd4001,CE,20262202,0,dsh,0.25,0.7270015773486661
regen_CE_s20262202_p+00_Nd4001,CE,20262202,0,atomic,0.5,0.9800754914071691
regen_CE_s20262202_p+00_Nd4001,CE,20262202,0,static,0.5,0.9930579147438573
regen_CE_s20262202_p+00_Nd4001,CE,20262202,0,static_lti,0.5,0.7077537758081818
regen_CE_s20262202_p+00_Nd4001,CE,20262202,0,static_mh,0.5,0.9932396745391576
regen_CE_s20262202_p+00_Nd4001,CE,20262202,0,static_lti_mh,0.5,0.7234974284350411
regen_CE_s20262202_p+00_Nd4001,CE,20262202,0,linear,0.5,0.7082640433780535
regen_CE_s20262202_p+00_Nd4001,CE,20262202,0,dsh,0.5,0.7234974284350602
regen_CE_s20262202_p+00_Nd4001,CE,20262202,0,atomic,1.0,0.9785089585964107
regen_CE_s20262202_p+00_Nd4001,CE,20262202,0,static,1.0,0.9916717255804748
regen_CE_s20262202_p+00_Nd4001,CE,20262202,0,static_lti,1.0,0.695703321347909
regen_CE_s20262202_p+00_Nd4001,CE,20262202,0,static_mh,1.0,0.9920741530725518
regen_CE_s20262202_p+00_Nd4001,CE,20262202,0,static_lti_mh,1.0,0.7117660827639531
regen_CE_s20262202_p+00_Nd4001,CE,20262202,0,linear,1.0,0.6977536172634609
regen_CE_s20262202_p+00_Nd4001,CE,20262202,0,dsh,1.0,0.7117660827639689
regen_CE_s20262202_p+00_Nd4001,CE,20262202,0,atomic,2.0,0.9636839581043762
regen_CE_s20262202_p+00_Nd4001,CE,20262202,0,static,2.0,0.9855188085577996
regen_CE_s20262202_p+00_Nd4001,CE,20262202,0,static_lti,2.0,0.6551197954920158
regen_CE_s20262202_p+00_Nd4001,CE,20262202,0,static_mh,2.0,0.9866777113535478
regen_CE_s20262202_p+00_Nd4001,CE,20262202,0,static_lti_mh,2.0,0.671711809229194
regen_CE_s20262202_p+00_Nd4001,CE,20262202,0,linear,2.0,0.6630206287625281
regen_CE_s20262202_p+00_Nd4001,CE,20262202,0,dsh,2.0,0.671711809229205
regen_CE_s20262202_p+00_Nd4001,CE,20262202,0,atomic,4.0,0.8613505539448939
regen_CE_s20262202_p+00_Nd4001,CE,20262202,0,static,4.0,0.9445759805246506
regen_CE_s20262202_p+00_Nd4001,CE,20262202,0,static_lti,4.0,0.5315628992342439
regen_CE_s20262202_p+00_Nd4001,CE,20262202,0,static_mh,4.0,0.9486322045177217
regen_CE_s20262202_p+00_Nd4001,CE,20262202,0,static_lti_mh,4.0,0.5492051754621216
regen_CE_s20262202_p+00_Nd4001,CE,20262202,0,linear,4.0,0.5559594131927252
regen_CE_s20262202_p+00_Nd4001,CE,20262202,0,dsh,4.0,0.5492051754621214
regen_CE_s20262202_p+03_Nd4001,CE,20262202,3,atomic,0.25,0.629446152449156
regen_CE_s20262202_p+03_Nd4001,CE,20262202,3,static,0.25,0.9935550235249352
regen_CE_s20262202_p+03_Nd4001,CE,20262202,3,static_lti,0.25,0.7120902550313738
regen_CE_s20262202_p+03_Nd4001,CE,20262202,3,static_mh,0.25,0.9926698730456395
regen_CE_s20262202_p+03_Nd4001,CE,20262202,3,static_lti_mh,0.25,0.7184237642324123
regen_CE_s20262202_p+03_Nd4001,CE,20262202,3,linear,0.25,0.7123900272879221
regen_CE_s20262202_p+03_Nd4001,CE,20262202,3,dsh,0.25,0.7184237642324084
regen_CE_s20262202_p+03_Nd4001,CE,20262202,3,atomic,0.5,0.5501244884800388
regen_CE_s20262202_p+03_Nd4001,CE,20262202,3,static,0.5,0.9932919389801423
regen_CE_s20262202_p+03_Nd4001,CE,20262202,3,static_lti,0.5,0.7096988151035909
regen_CE_s20262202_p+03_Nd4001,CE,20262202,3,static_mh,0.5,0.992474454037802
regen_CE_s20262202_p+03_Nd4001,CE,20262202,3,static_lti_mh,0.5,0.7163272490656488
regen_CE_s20262202_p+03_Nd4001,CE,20262202,3,linear,0.5,0.7103813282285835
regen_CE_s20262202_p+03_Nd4001,CE,20262202,3,dsh,0.5,0.7163272490656456
regen_CE_s20262202_p+03_Nd4001,CE,20262202,3,atomic,1.0,0.6176457657977071
regen_CE_s20262202_p+03_Nd4001,CE,20262202,3,static,1.0,0.9924298884984167
regen_CE_s20262202_p+03_Nd4001,CE,20262202,3,static_lti,1.0,0.7020412072016825
regen_CE_s20262202_p+03_Nd4001,CE,20262202,3,static_mh,1.0,0.9917428588406112
regen_CE_s20262202_p+03_Nd4001,CE,20262202,3,static_lti_mh,1.0,0.7091273570673827
regen_CE_s20262202_p+03_Nd4001,CE,20262202,3,linear,1.0,0.7044737585954268
regen_CE_s20262202_p+03_Nd4001,CE,20262202,3,dsh,1.0,0.7091273570673801
regen_CE_s20262202_p+03_Nd4001,CE,20262202,3,atomic,2.0,0.5689236009670825
regen_CE_s20262202_p+03_Nd4001,CE,20262202,3,static,2.0,0.9889456072430531
regen_CE_s20262202_p+03_Nd4001,CE,20262202,3,static_lti,2.0,0.675883379627093
regen_CE_s20262202_p+03_Nd4001,CE,20262202,3,static_mh,2.0,0.988537662845571
regen_CE_s20262202_p+03_Nd4001,CE,20262202,3,static_lti_mh,2.0,0.6836755825999294
regen_CE_s20262202_p+03_Nd4001,CE,20262202,3,linear,2.0,0.6853731168179719
regen_CE_s20262202_p+03_Nd4001,CE,20262202,3,dsh,2.0,0.6836755825999271
regen_CE_s20262202_p+03_Nd4001,CE,20262202,3,atomic,4.0,0.5223939113425232
regen_CE_s20262202_p+03_Nd4001,CE,20262202,3,static,4.0,0.9685333319274628
regen_CE_s20262202_p+03_Nd4001,CE,20262202,3,static_lti,4.0,0.5900562715919162
regen_CE_s20262202_p+03_Nd4001,CE,20262202,3,static_mh,4.0,0.9687063597733332
regen_CE_s20262202_p+03_Nd4001,CE,20262202,3,static_lti_mh,4.0,0.6001202327942287
regen_CE_s20262202_p+03_Nd4001,CE,20262202,3,linear,4.0,0.6228709693557429
regen_CE_s20262202_p+03_Nd4001,CE,20262202,3,dsh,4.0,0.6001202327942178
regen_CE_s20262202_p+06_Nd4001,CE,20262202,6,atomic,0.25,0.2762474618113373
regen_CE_s20262202_p+06_Nd4001,CE,20262202,6,static,0.25,0.9935919197593361
regen_CE_s20262202_p+06_Nd4001,CE,20262202,6,static_lti,0.25,0.7121698788343224
regen_CE_s20262202_p+06_Nd4001,CE,20262202,6,static_mh,0.25,0.9893604552905154
regen_CE_s20262202_p+06_Nd4001,CE,20262202,6,static_lti_mh,0.25,0.6823918968335962
regen_CE_s20262202_p+06_Nd4001,CE,20262202,6,linear,0.25,0.712846063264574
regen_CE_s20262202_p+06_Nd4001,CE,20262202,6,dsh,0.25,0.682391896833633
regen_CE_s20262202_p+06_Nd4001,CE,20262202,6,atomic,0.5,0.27567419593202624
regen_CE_s20262202_p+06_Nd4001,CE,20262202,6,static,0.5,0.9933783106596265
regen_CE_s20262202_p+06_Nd4001,CE,20262202,6,static_lti,0.5,0.7103164974493122
regen_CE_s20262202_p+06_Nd4001,CE,20262202,6,static_mh,0.5,0.9891740952122325
regen_CE_s20262202_p+06_Nd4001,CE,20262202,6,static_lti_mh,0.5,0.6810247059176038
regen_CE_s20262202_p+06_Nd4001,CE,20262202,6,linear,0.5,0.7116203830437027
regen_CE_s20262202_p+06_Nd4001,CE,20262202,6,dsh,0.5,0.6810247059176422
regen_CE_s20262202_p+06_Nd4001,CE,20262202,6,atomic,1.0,0.30161238015466746
regen_CE_s20262202_p+06_Nd4001,CE,20262202,6,static,1.0,0.9926698017507712
regen_CE_s20262202_p+06_Nd4001,CE,20262202,6,static_lti,1.0,0.7041669301351264
regen_CE_s20262202_p+06_Nd4001,CE,20262202,6,static_mh,1.0,0.9884068182730016
regen_CE_s20262202_p+06_Nd4001,CE,20262202,6,static_lti_mh,1.0,0.6757263457517108
regen_CE_s20262202_p+06_Nd4001,CE,20262202,6,linear,1.0,0.7082178149256221
regen_CE_s20262202_p+06_Nd4001,CE,20262202,6,dsh,1.0,0.6757263457517518
regen_CE_s20262202_p+06_Nd4001,CE,20262202,6,atomic,2.0,0.19731633950775548
regen_CE_s20262202_p+06_Nd4001,CE,20262202,6,static,2.0,0.9898267908943887
regen_CE_s20262202_p+06_Nd4001,CE,20262202,6,static_lti,2.0,0.682551769724268
regen_CE_s20262202_p+06_Nd4001,CE,20262202,6,static_mh,2.0,0.9849439978542197
regen_CE_s20262202_p+06_Nd4001,CE,20262202,6,static_lti_mh,2.0,0.6554758622521267
regen_CE_s20262202_p+06_Nd4001,CE,20262202,6,linear,2.0,0.6976647256987711
regen_CE_s20262202_p+06_Nd4001,CE,20262202,6,dsh,2.0,0.6554758622521705
regen_CE_s20262202_p+06_Nd4001,CE,20262202,6,atomic,4.0,0.14053118837691364
regen_CE_s20262202_p+06_Nd4001,CE,20262202,6,static,4.0,0.9735818242315745
regen_CE_s20262202_p+06_Nd4001,CE,20262202,6,static_lti,4.0,0.609589128512767
regen_CE_s20262202_p+06_Nd4001,CE,20262202,6,static_mh,4.0,0.9645057697961438
regen_CE_s20262202_p+06_Nd4001,CE,20262202,6,static_lti_mh,4.0,0.5848050076333456
regen_CE_s20262202_p+06_Nd4001,CE,20262202,6,linear,4.0,0.662789547998708
regen_CE_s20262202_p+06_Nd4001,CE,20262202,6,dsh,4.0,0.5848050076333884
regen_CE_s20262202_p-03_Nd4001,CE,20262202,-3,atomic,0.25,0.9198799020602305
regen_CE_s20262202_p-03_Nd4001,CE,20262202,-3,static,0.25,0.9933147833360431
regen_CE_s20262202_p-03_Nd4001,CE,20262202,-3,static_lti,0.25,0.710311466155327
regen_CE_s20262202_p-03_Nd4001,CE,20262202,-3,static_mh,0.25,0.9936831522340241
regen_CE_s20262202_p-03_Nd4001,CE,20262202,-3,static_lti_mh,0.25,0.7257199335499257
regen_CE_s20262202_p-03_Nd4001,CE,20262202,-3,linear,0.25,0.7104304687059719
regen_CE_s20262202_p-03_Nd4001,CE,20262202,-3,dsh,0.25,0.7257199335500311
regen_CE_s20262202_p-03_Nd4001,CE,20262202,-3,atomic,0.5,0.9150351198396687
regen_CE_s20262202_p-03_Nd4001,CE,20262202,-3,static,0.5,0.9926355735280153
regen_CE_s20262202_p-03_Nd4001,CE,20262202,-3,static_lti,0.5,0.7040744455958725
regen_CE_s20262202_p-03_Nd4001,CE,20262202,-3,static_mh,0.5,0.9931147842025912
regen_CE_s20262202_p-03_Nd4001,CE,20262202,-3,static_lti_mh,0.5,0.7196924107029099
regen_CE_s20262202_p-03_Nd4001,CE,20262202,-3,linear,0.5,0.7045461204322409
regen_CE_s20262202_p-03_Nd4001,CE,20262202,-3,dsh,0.5,0.7196924107030223
regen_CE_s20262202_p-03_Nd4001,CE,20262202,-3,atomic,1.0,0.8965382219570469
regen_CE_s20262202_p-03_Nd4001,CE,20262202,-3,static,1.0,0.9901008696046157
regen_CE_s20262202_p-03_Nd4001,CE,20262202,-3,static_lti,1.0,0.6835909047069549
regen_CE_s20262202_p-03_Nd4001,CE,20262202,-3,static_mh,1.0,0.9909138265035417
regen_CE_s20262202_p-03_Nd4001,CE,20262202,-3,static_lti_mh,1.0,0.6994471598474714
regen_CE_s20262202_p-03_Nd4001,CE,20262202,-3,linear,1.0,0.685524085758114
regen_CE_s20262202_p-03_Nd4001,CE,20262202,-3,dsh,1.0,0.6994471598475968
regen_CE_s20262202_p-03_Nd4001,CE,20262202,-3,atomic,2.0,0.8267352893897665
regen_CE_s20262202_p-03_Nd4001,CE,20262202,-3,static,2.0,0.9769072480198009
regen_CE_s20262202_p-03_Nd4001,CE,20262202,-3,static_lti,2.0,0.6163187787528023
regen_CE_s20262202_p-03_Nd4001,CE,20262202,-3,static_mh,2.0,0.9790822327567493
regen_CE_s20262202_p-03_Nd4001,CE,20262202,-3,static_lti_mh,2.0,0.63264220795186
regen_CE_s20262202_p-03_Nd4001,CE,20262202,-3,linear,2.0,0.6232648199352477
regen_CE_s20262202_p-03_Nd4001,CE,20262202,-3,dsh,2.0,0.6326422079520008
regen_CE_s20262202_p-03_Nd4001,CE,20262202,-3,atomic,4.0,0.6403252459954898
regen_CE_s20262202_p-03_Nd4001,CE,20262202,-3,static,4.0,0.8829415035600882
regen_CE_s20262202_p-03_Nd4001,CE,20262202,-3,static_lti,4.0,0.48286941387223037
regen_CE_s20262202_p-03_Nd4001,CE,20262202,-3,static_mh,4.0,0.8887347852710191
regen_CE_s20262202_p-03_Nd4001,CE,20262202,-3,static_lti_mh,4.0,0.49434323595291724
regen_CE_s20262202_p-03_Nd4001,CE,20262202,-3,linear,4.0,0.4988173442792769
regen_CE_s20262202_p-03_Nd4001,CE,20262202,-3,dsh,4.0,0.4943432359530159
regen_CE_s20262202_p-06_Nd4001,CE,20262202,-6,atomic,0.25,0.8321342198737889
regen_CE_s20262202_p-06_Nd4001,CE,20262202,-6,static,0.25,0.9930788790399108
regen_CE_s20262202_p-06_Nd4001,CE,20262202,-6,static_lti,0.25,0.7082281201042132
regen_CE_s20262202_p-06_Nd4001,CE,20262202,-6,static_mh,0.25,0.9935143437701792
regen_CE_s20262202_p-06_Nd4001,CE,20262202,-6,static_lti_mh,0.25,0.7210694080005666
regen_CE_s20262202_p-06_Nd4001,CE,20262202,-6,linear,0.25,0.7083371315745955
regen_CE_s20262202_p-06_Nd4001,CE,20262202,-6,dsh,0.25,0.7210694080005171
regen_CE_s20262202_p-06_Nd4001,CE,20262202,-6,atomic,0.5,0.8209707829528237
regen_CE_s20262202_p-06_Nd4001,CE,20262202,-6,static,0.5,0.991858481484779
regen_CE_s20262202_p-06_Nd4001,CE,20262202,-6,static_lti,0.5,0.6974068164474063
regen_CE_s20262202_p-06_Nd4001,CE,20262202,-6,static_mh,0.5,0.9924431378012057
regen_CE_s20262202_p-06_Nd4001,CE,20262202,-6,static_lti_mh,0.5,0.7104149464877749
regen_CE_s20262202_p-06_Nd4001,CE,20262202,-6,linear,0.5,0.6978694520850478
regen_CE_s20262202_p-06_Nd4001,CE,20262202,-6,dsh,0.5,0.7104149464877298
regen_CE_s20262202_p-06_Nd4001,CE,20262202,-6,atomic,1.0,0.7827329876881111
regen_CE_s20262202_p-06_Nd4001,CE,20262202,-6,static,1.0,0.9866810269961885
regen_CE_s20262202_p-06_Nd4001,CE,20262202,-6,static_lti,1.0,0.6614551908540518
regen_CE_s20262202_p-06_Nd4001,CE,20262202,-6,static_mh,1.0,0.9877883949768191
regen_CE_s20262202_p-06_Nd4001,CE,20262202,-6,static_lti_mh,1.0,0.6746035129895845
regen_CE_s20262202_p-06_Nd4001,CE,20262202,-6,linear,1.0,0.6632782083721618
regen_CE_s20262202_p-06_Nd4001,CE,20262202,-6,dsh,1.0,0.6746035129895507
regen_CE_s20262202_p-06_Nd4001,CE,20262202,-6,atomic,2.0,0.6625587671787234
regen_CE_s20262202_p-06_Nd4001,CE,20262202,-6,static,2.0,0.9540432816596397
regen_CE_s20262202_p-06_Nd4001,CE,20262202,-6,static_lti,2.0,0.5507305429537079
regen_CE_s20262202_p-06_Nd4001,CE,20262202,-6,static_mh,2.0,0.9572652192108679
regen_CE_s20262202_p-06_Nd4001,CE,20262202,-6,static_lti_mh,2.0,0.5641783011297447
regen_CE_s20262202_p-06_Nd4001,CE,20262202,-6,linear,2.0,0.5565815903843305
regen_CE_s20262202_p-06_Nd4001,CE,20262202,-6,dsh,2.0,0.564178301129733
regen_CE_s20262202_p-06_Nd4001,CE,20262202,-6,atomic,4.0,0.2976868201319265
regen_CE_s20262202_p-06_Nd4001,CE,20262202,-6,static,4.0,0.7536991830087812
regen_CE_s20262202_p-06_Nd4001,CE,20262202,-6,static_lti,4.0,0.20949579867628093
regen_CE_s20262202_p-06_Nd4001,CE,20262202,-6,static_mh,4.0,0.7600272041823586
regen_CE_s20262202_p-06_Nd4001,CE,20262202,-6,static_lti_mh,4.0,0.2122950344245915
regen_CE_s20262202_p-06_Nd4001,CE,20262202,-6,linear,4.0,0.21599732395219365
regen_CE_s20262202_p-06_Nd4001,CE,20262202,-6,dsh,4.0,0.21229503442455447
regen_CE_s20262202_p-10_Nd4001,CE,20262202,-10,atomic,0.25,0.7609007147315797
regen_CE_s20262202_p-10_Nd4001,CE,20262202,-10,static,0.25,0.992468676087592
regen_CE_s20262202_p-10_Nd4001,CE,20262202,-10,static_lti,0.25,0.7027681638305059
regen_CE_s20262202_p-10_Nd4001,CE,20262202,-10,static_mh,0.25,0.9929009695090483
regen_CE_s20262202_p-10_Nd4001,CE,20262202,-10,static_lti_mh,0.25,0.7119401325334568
regen_CE_s20262202_p-10_Nd4001,CE,20262202,-10,linear,0.25,0.7028704546720089
regen_CE_s20262202_p-10_Nd4001,CE,20262202,-10,dsh,0.25,0.7119401325335071
regen_CE_s20262202_p-10_Nd4001,CE,20262202,-10,atomic,0.5,0.7370592557660876
regen_CE_s20262202_p-10_Nd4001,CE,20262202,-10,static,0.5,0.989488862977342
regen_CE_s20262202_p-10_Nd4001,CE,20262202,-10,static_lti,0.5,0.6793132115470674
regen_CE_s20262202_p-10_Nd4001,CE,20262202,-10,static_mh,0.5,0.9901602810140174
regen_CE_s20262202_p-10_Nd4001,CE,20262202,-10,static_lti_mh,0.5,0.6885650424795188
regen_CE_s20262202_p-10_Nd4001,CE,20262202,-10,linear,0.5,0.6797423982953882
regen_CE_s20262202_p-10_Nd4001,CE,20262202,-10,dsh,0.5,0.6885650424795681
regen_CE_s20262202_p-10_Nd4001,CE,20262202,-10,atomic,1.0,0.6599884276629358
regen_CE_s20262202_p-10_Nd4001,CE,20262202,-10,static,1.0,0.9733128655615909
regen_CE_s20262202_p-10_Nd4001,CE,20262202,-10,static_lti,1.0,0.6034732803184037
regen_CE_s20262202_p-10_Nd4001,CE,20262202,-10,static_mh,1.0,0.9749534179522794
regen_CE_s20262202_p-10_Nd4001,CE,20262202,-10,static_lti_mh,1.0,0.612734211374057
regen_CE_s20262202_p-10_Nd4001,CE,20262202,-10,linear,1.0,0.6049884189552187
regen_CE_s20262202_p-10_Nd4001,CE,20262202,-10,dsh,1.0,0.6127342113740996
regen_CE_s20262202_p-10_Nd4001,CE,20262202,-10,atomic,2.0,0.45042011739682475
regen_CE_s20262202_p-10_Nd4001,CE,20262202,-10,static,2.0,0.8607658611854414
regen_CE_s20262202_p-10_Nd4001,CE,20262202,-10,static_lti,2.0,0.40788499595490835
regen_CE_s20262202_p-10_Nd4001,CE,20262202,-10,static_mh,2.0,0.864356536421091
regen_CE_s20262202_p-10_Nd4001,CE,20262202,-10,static_lti_mh,2.0,0.41270291956590577
regen_CE_s20262202_p-10_Nd4001,CE,20262202,-10,linear,2.0,0.41053652607832475
regen_CE_s20262202_p-10_Nd4001,CE,20262202,-10,dsh,2.0,0.4127029195659345
regen_CE_s20262202_p-10_Nd4001,CE,20262202,-10,atomic,4.0,0.1045185078409807
regen_CE_s20262202_p-10_Nd4001,CE,20262202,-10,static,4.0,0.2928013948838296
regen_CE_s20262202_p-10_Nd4001,CE,20262202,-10,static_lti,4.0,0.13900993533932873
regen_CE_s20262202_p-10_Nd4001,CE,20262202,-10,static_mh,4.0,0.2943556933236726
regen_CE_s20262202_p-10_Nd4001,CE,20262202,-10,static_lti_mh,4.0,0.12389885460267952
regen_CE_s20262202_p-10_Nd4001,CE,20262202,-10,linear,4.0,0.13463693155317003
regen_CE_s20262202_p-10_Nd4001,CE,20262202,-10,dsh,4.0,0.12389885460266564
regen_CE_s20262202_p-15_Nd4001,CE,20262202,-15,atomic,0.25,0.7120339122450007
regen_CE_s20262202_p-15_Nd4001,CE,20262202,-15,static,0.25,0.9903892797749982
regen_CE_s20262202_p-15_Nd4001,CE,20262202,-15,static_lti,0.25,0.6859001039521793
regen_CE_s20262202_p-15_Nd4001,CE,20262202,-15,static_mh,0.25,0.9908162538315152
regen_CE_s20262202_p-15_Nd4001,CE,20262202,-15,static_lti_mh,0.25,0.691785154849595
regen_CE_s20262202_p-15_Nd4001,CE,20262202,-15,linear,0.25,0.6859781122262136
regen_CE_s20262202_p-15_Nd4001,CE,20262202,-15,dsh,0.25,0.6917851548495849
regen_CE_s20262202_p-15_Nd4001,CE,20262202,-15,atomic,0.5,0.6512858468606131
regen_CE_s20262202_p-15_Nd4001,CE,20262202,-15,static,0.5,0.9788279765948054
regen_CE_s20262202_p-15_Nd4001,CE,20262202,-15,static_lti,0.5,0.6239014287635312
regen_CE_s20262202_p-15_Nd4001,CE,20262202,-15,static_mh,0.5,0.9797477350995308
regen_CE_s20262202_p-15_Nd4001,CE,20262202,-15,static_lti_mh,0.5,0.6297559238714748
regen_CE_s20262202_p-15_Nd4001,CE,20262202,-15,linear,0.5,0.6242013176661526
regen_CE_s20262202_p-15_Nd4001,CE,20262202,-15,dsh,0.5,0.6297559238714724
regen_CE_s20262202_p-15_Nd4001,CE,20262202,-15,atomic,1.0,0.5213034328162248
regen_CE_s20262202_p-15_Nd4001,CE,20262202,-15,static,1.0,0.8978029631443367
regen_CE_s20262202_p-15_Nd4001,CE,20262202,-15,static_lti,1.0,0.49967531824222317
regen_CE_s20262202_p-15_Nd4001,CE,20262202,-15,static_mh,1.0,0.8999597191787962
regen_CE_s20262202_p-15_Nd4001,CE,20262202,-15,static_lti_mh,1.0,0.5038315599058668
regen_CE_s20262202_p-15_Nd4001,CE,20262202,-15,linear,1.0,0.5003552944063284
regen_CE_s20262202_p-15_Nd4001,CE,20262202,-15,dsh,1.0,0.5038315599058579
regen_CE_s20262202_p-15_Nd4001,CE,20262202,-15,atomic,2.0,0.22750873353377934
regen_CE_s20262202_p-15_Nd4001,CE,20262202,-15,static,2.0,0.5068331485652863
regen_CE_s20262202_p-15_Nd4001,CE,20262202,-15,static_lti,2.0,0.21272245474540996
regen_CE_s20262202_p-15_Nd4001,CE,20262202,-15,static_mh,2.0,0.5091066904966781
regen_CE_s20262202_p-15_Nd4001,CE,20262202,-15,static_lti_mh,2.0,0.2070229185526793
regen_CE_s20262202_p-15_Nd4001,CE,20262202,-15,linear,2.0,0.21350760430724228
regen_CE_s20262202_p-15_Nd4001,CE,20262202,-15,dsh,2.0,0.2070229185527116
regen_CE_s20262202_p-15_Nd4001,CE,20262202,-15,atomic,4.0,0.05447654545061865
regen_CE_s20262202_p-15_Nd4001,CE,20262202,-15,static,4.0,0.0958457150382338
regen_CE_s20262202_p-15_Nd4001,CE,20262202,-15,static_lti,4.0,0.0534174307687518
regen_CE_s20262202_p-15_Nd4001,CE,20262202,-15,static_mh,4.0,0.0986547203624773
regen_CE_s20262202_p-15_Nd4001,CE,20262202,-15,static_lti_mh,4.0,0.053151708149186974
regen_CE_s20262202_p-15_Nd4001,CE,20262202,-15,linear,4.0,0.05351756261959641
regen_CE_s20262202_p-15_Nd4001,CE,20262202,-15,dsh,4.0,0.05315170814918675
regen_CE_s20262302_p+00_Nd4001,CE,20262302,0,atomic,0.25,0.8752763278779677
regen_CE_s20262302_p+00_Nd4001,CE,20262302,0,static,0.25,0.9819906895755374
regen_CE_s20262302_p+00_Nd4001,CE,20262302,0,static_lti,0.25,0.6733998385636798
regen_CE_s20262302_p+00_Nd4001,CE,20262302,0,static_mh,0.25,0.9799778097699788
regen_CE_s20262302_p+00_Nd4001,CE,20262302,0,static_lti_mh,0.25,0.6594641587444459
regen_CE_s20262302_p+00_Nd4001,CE,20262302,0,linear,0.25,0.6723865597148498
regen_CE_s20262302_p+00_Nd4001,CE,20262302,0,dsh,0.25,0.6594641587444213
regen_CE_s20262302_p+00_Nd4001,CE,20262302,0,atomic,0.5,0.8792784685066083
regen_CE_s20262302_p+00_Nd4001,CE,20262302,0,static,0.5,0.9819788892738891
regen_CE_s20262302_p+00_Nd4001,CE,20262302,0,static_lti,0.5,0.6793791438333886
regen_CE_s20262302_p+00_Nd4001,CE,20262302,0,static_mh,0.5,0.979993248611277
regen_CE_s20262302_p+00_Nd4001,CE,20262302,0,static_lti_mh,0.5,0.6655323573546925
regen_CE_s20262302_p+00_Nd4001,CE,20262302,0,linear,0.5,0.677869378541283
regen_CE_s20262302_p+00_Nd4001,CE,20262302,0,dsh,0.5,0.6655323573546714
regen_CE_s20262302_p+00_Nd4001,CE,20262302,0,atomic,1.0,0.8807707797194808
regen_CE_s20262302_p+00_Nd4001,CE,20262302,0,static,1.0,0.9807667743439539
regen_CE_s20262302_p+00_Nd4001,CE,20262302,0,static_lti,1.0,0.6870493184691164
regen_CE_s20262302_p+00_Nd4001,CE,20262302,0,static_mh,1.0,0.978704866999324
regen_CE_s20262302_p+00_Nd4001,CE,20262302,0,static_lti_mh,1.0,0.6733586765948785
regen_CE_s20262302_p+00_Nd4001,CE,20262302,0,linear,1.0,0.6854943118407428
regen_CE_s20262302_p+00_Nd4001,CE,20262302,0,dsh,1.0,0.673358676594864
regen_CE_s20262302_p+00_Nd4001,CE,20262302,0,atomic,2.0,0.8603749532898155
regen_CE_s20262302_p+00_Nd4001,CE,20262302,0,static,2.0,0.9726635953565202
regen_CE_s20262302_p+00_Nd4001,CE,20262302,0,static_lti,2.0,0.6870808780738268
regen_CE_s20262302_p+00_Nd4001,CE,20262302,0,static_mh,2.0,0.9700080382634976
regen_CE_s20262302_p+00_Nd4001,CE,20262302,0,static_lti_mh,2.0,0.6736998679515207
regen_CE_s20262302_p+00_Nd4001,CE,20262302,0,linear,2.0,0.6883633833519567
regen_CE_s20262302_p+00_Nd4001,CE,20262302,0,dsh,2.0,0.673699867951516
regen_CE_s20262302_p+00_Nd4001,CE,20262302,0,atomic,4.0,0.726888385556078
regen_CE_s20262302_p+00_Nd4001,CE,20262302,0,static,4.0,0.9217813707832453
regen_CE_s20262302_p+00_Nd4001,CE,20262302,0,static_lti,4.0,0.6498966201415896
regen_CE_s20262302_p+00_Nd4001,CE,20262302,0,static_mh,4.0,0.917256015760949
regen_CE_s20262302_p+00_Nd4001,CE,20262302,0,static_lti_mh,4.0,0.634683046211049
regen_CE_s20262302_p+00_Nd4001,CE,20262302,0,linear,4.0,0.658848511015604
regen_CE_s20262302_p+00_Nd4001,CE,20262302,0,dsh,4.0,0.6346830462110664
regen_CE_s20262302_p+03_Nd4001,CE,20262302,3,atomic,0.25,0.8823481354287234
regen_CE_s20262302_p+03_Nd4001,CE,20262302,3,static,0.25,0.9818983011858864
regen_CE_s20262302_p+03_Nd4001,CE,20262302,3,static_lti,0.25,0.672275748391465
regen_CE_s20262302_p+03_Nd4001,CE,20262302,3,static_mh,0.25,0.9778813636216841
regen_CE_s20262302_p+03_Nd4001,CE,20262302,3,static_lti_mh,0.25,0.6555594626772226
regen_CE_s20262302_p+03_Nd4001,CE,20262302,3,linear,0.25,0.6705823633799609
regen_CE_s20262302_p+03_Nd4001,CE,20262302,3,dsh,0.25,0.6555594626772013
regen_CE_s20262302_p+03_Nd4001,CE,20262302,3,atomic,0.5,0.8774352752954293
regen_CE_s20262302_p+03_Nd4001,CE,20262302,3,static,0.5,0.981952516767239
regen_CE_s20262302_p+03_Nd4001,CE,20262302,3,static_lti,0.5,0.6773998983601216
regen_CE_s20262302_p+03_Nd4001,CE,20262302,3,static_mh,0.5,0.9780765017833971
regen_CE_s20262302_p+03_Nd4001,CE,20262302,3,static_lti_mh,0.5,0.6608560945213175
regen_CE_s20262302_p+03_Nd4001,CE,20262302,3,linear,0.5,0.6748121763296326
regen_CE_s20262302_p+03_Nd4001,CE,20262302,3,dsh,0.5,0.6608560945212963
regen_CE_s20262302_p+03_Nd4001,CE,20262302,3,atomic,1.0,0.8756603177656422
regen_CE_s20262302_p+03_Nd4001,CE,20262302,3,static,1.0,0.9813029740152117
regen_CE_s20262302_p+03_Nd4001,CE,20262302,3,static_lti,1.0,0.6848459069063466
regen_CE_s20262302_p+03_Nd4001,CE,20262302,3,static_mh,1.0,0.9775428598667235
regen_CE_s20262302_p+03_Nd4001,CE,20262302,3,static_lti_mh,1.0,0.6686290328907118
regen_CE_s20262302_p+03_Nd4001,CE,20262302,3,linear,1.0,0.6815860065806131
regen_CE_s20262302_p+03_Nd4001,CE,20262302,3,dsh,1.0,0.6686290328906905
regen_CE_s20262302_p+03_Nd4001,CE,20262302,3,atomic,2.0,0.8190405381429382
regen_CE_s20262302_p+03_Nd4001,CE,20262302,3,static,2.0,0.9766383249762965
regen_CE_s20262302_p+03_Nd4001,CE,20262302,3,static_lti,2.0,0.689329949282334
regen_CE_s20262302_p+03_Nd4001,CE,20262302,3,static_mh,2.0,0.9725640219632458
regen_CE_s20262302_p+03_Nd4001,CE,20262302,3,static_lti_mh,2.0,0.6737321751281371
regen_CE_s20262302_p+03_Nd4001,CE,20262302,3,linear,2.0,0.6885833518807088
regen_CE_s20262302_p+03_Nd4001,CE,20262302,3,dsh,2.0,0.6737321751281151
regen_CE_s20262302_p+03_Nd4001,CE,20262302,3,atomic,4.0,0.6355520306420426
regen_CE_s20262302_p+03_Nd4001,CE,20262302,3,static,4.0,0.9477464631469057
regen_CE_s20262302_p+03_Nd4001,CE,20262302,3,static_lti,4.0,0.6680368864872258
regen_CE_s20262302_p+03_Nd4001,CE,20262302,3,static_mh,4.0,0.941841383844028
regen_CE_s20262302_p+03_Nd4001,CE,20262302,3,static_lti_mh,4.0,0.6538677515090849
regen_CE_s20262302_p+03_Nd4001,CE,20262302,3,linear,4.0,0.6805424322435373
regen_CE_s20262302_p+03_Nd4001,CE,20262302,3,dsh,4.0,0.6538677515090605
regen_CE_s20262302_p+06_Nd4001,CE,20262302,6,atomic,0.25,0.18191249912609744
regen_CE_s20262302_p+06_Nd4001,CE,20262302,6,static,0.25,0.9818402290945918
regen_CE_s20262302_p+06_Nd4001,CE,20262302,6,static_lti,0.25,0.6723412982616004
regen_CE_s20262302_p+06_Nd4001,CE,20262302,6,static_mh,0.25,0.9763430994410603
regen_CE_s20262302_p+06_Nd4001,CE,20262302,6,static_lti_mh,0.25,0.6560186170104456
regen_CE_s20262302_p+06_Nd4001,CE,20262302,6,linear,0.25,0.6692473326692207
regen_CE_s20262302_p+06_Nd4001,CE,20262302,6,dsh,0.25,0.6560186170104224
regen_CE_s20262302_p+06_Nd4001,CE,20262302,6,atomic,0.5,0.164868523555252
regen_CE_s20262302_p+06_Nd4001,CE,20262302,6,static,0.5,0.9818709309855636
regen_CE_s20262302_p+06_Nd4001,CE,20262302,6,static_lti,0.5,0.6771700754557165
regen_CE_s20262302_p+06_Nd4001,CE,20262302,6,static_mh,0.5,0.9767227853310217
regen_CE_s20262302_p+06_Nd4001,CE,20262302,6,static_lti_mh,0.5,0.6611542779753061
regen_CE_s20262302_p+06_Nd4001,CE,20262302,6,linear,0.5,0.6724160506602026
regen_CE_s20262302_p+06_Nd4001,CE,20262302,6,dsh,0.5,0.6611542779752856
regen_CE_s20262302_p+06_Nd4001,CE,20262302,6,atomic,1.0,0.13215339025486847
regen_CE_s20262302_p+06_Nd4001,CE,20262302,6,static,1.0,0.9812588273890126
regen_CE_s20262302_p+06_Nd4001,CE,20262302,6,static_lti,1.0,0.6843245508013195
regen_CE_s20262302_p+06_Nd4001,CE,20262302,6,static_mh,1.0,0.9765774576341576
regen_CE_s20262302_p+06_Nd4001,CE,20262302,6,static_lti_mh,1.0,0.6689133559670406
regen_CE_s20262302_p+06_Nd4001,CE,20262302,6,linear,1.0,0.6779083566164482
regen_CE_s20262302_p+06_Nd4001,CE,20262302,6,dsh,1.0,0.6689133559670252
regen_CE_s20262302_p+06_Nd4001,CE,20262302,6,atomic,2.0,0.2070899318043712
regen_CE_s20262302_p+06_Nd4001,CE,20262302,6,static,2.0,0.9770798866448966
regen_CE_s20262302_p+06_Nd4001,CE,20262302,6,static_lti,2.0,0.6893258020275215
regen_CE_s20262302_p+06_Nd4001,CE,20262302,6,static_mh,2.0,0.9725853728060666
regen_CE_s20262302_p+06_Nd4001,CE,20262302,6,static_lti_mh,2.0,0.6750756613309694
regen_CE_s20262302_p+06_Nd4001,CE,20262302,6,linear,2.0,0.6855367874964168
regen_CE_s20262302_p+06_Nd4001,CE,20262302,6,dsh,2.0,0.6750756613309629
regen_CE_s20262302_p+06_Nd4001,CE,20262302,6,atomic,4.0,0.16251372243246975
regen_CE_s20262302_p+06_Nd4001,CE,20262302,6,static,4.0,0.9521474025835612
regen_CE_s20262302_p+06_Nd4001,CE,20262302,6,static_lti,4.0,0.670768960530225
regen_CE_s20262302_p+06_Nd4001,CE,20262302,6,static_mh,4.0,0.9461545921082268
regen_CE_s20262302_p+06_Nd4001,CE,20262302,6,static_lti_mh,4.0,0.6587464565117443
regen_CE_s20262302_p+06_Nd4001,CE,20262302,6,linear,4.0,0.6883607544520954
regen_CE_s20262302_p+06_Nd4001,CE,20262302,6,dsh,4.0,0.6587464565117492
regen_CE_s20262302_p-03_Nd4001,CE,20262302,-3,atomic,0.25,0.8442066980675121
regen_CE_s20262302_p-03_Nd4001,CE,20262302,-3,static,0.25,0.982075748658057
regen_CE_s20262302_p-03_Nd4001,CE,20262302,-3,static_lti,0.25,0.6753930941700196
regen_CE_s20262302_p-03_Nd4001,CE,20262302,-3,static_mh,0.25,0.9807258148605044
regen_CE_s20262302_p-03_Nd4001,CE,20262302,-3,static_lti_mh,0.25,0.6643439770520396
regen_CE_s20262302_p-03_Nd4001,CE,20262302,-3,linear,0.25,0.6747718217438398
regen_CE_s20262302_p-03_Nd4001,CE,20262302,-3,dsh,0.25,0.6643439770520714
regen_CE_s20262302_p-03_Nd4001,CE,20262302,-3,atomic,0.5,0.8451457429168068
regen_CE_s20262302_p-03_Nd4001,CE,20262302,-3,static,0.5,0.98183449151643
regen_CE_s20262302_p-03_Nd4001,CE,20262302,-3,static_lti,0.5,0.6823864109707011
regen_CE_s20262302_p-03_Nd4001,CE,20262302,-3,static_mh,0.5,0.9804503273195033
regen_CE_s20262302_p-03_Nd4001,CE,20262302,-3,static_lti_mh,0.5,0.6713909382735999
regen_CE_s20262302_p-03_Nd4001,CE,20262302,-3,linear,0.5,0.6815365508498016
regen_CE_s20262302_p-03_Nd4001,CE,20262302,-3,dsh,0.5,0.6713909382736286
regen_CE_s20262302_p-03_Nd4001,CE,20262302,-3,atomic,1.0,0.8376387488465301
regen_CE_s20262302_p-03_Nd4001,CE,20262302,-3,static,1.0,0.9791801630731474
regen_CE_s20262302_p-03_Nd4001,CE,20262302,-3,static_lti,1.0,0.6890171312683595
regen_CE_s20262302_p-03_Nd4001,CE,20262302,-3,static_mh,1.0,0.9775736488882038
regen_CE_s20262302_p-03_Nd4001,CE,20262302,-3,static_lti_mh,1.0,0.6781032176377204
regen_CE_s20262302_p-03_Nd4001,CE,20262302,-3,linear,1.0,0.6885449242612802
regen_CE_s20262302_p-03_Nd4001,CE,20262302,-3,dsh,1.0,0.6781032176377433
regen_CE_s20262302_p-03_Nd4001,CE,20262302,-3,atomic,2.0,0.7896224170822252
regen_CE_s20262302_p-03_Nd4001,CE,20262302,-3,static,2.0,0.9620687781165208
regen_CE_s20262302_p-03_Nd4001,CE,20262302,-3,static_lti,2.0,0.6783521116935514
regen_CE_s20262302_p-03_Nd4001,CE,20262302,-3,static_mh,2.0,0.9595148864692323
regen_CE_s20262302_p-03_Nd4001,CE,20262302,-3,static_lti_mh,2.0,0.6675596753842409
regen_CE_s20262302_p-03_Nd4001,CE,20262302,-3,linear,2.0,0.6806073190471559
regen_CE_s20262302_p-03_Nd4001,CE,20262302,-3,dsh,2.0,0.6675596753842542
regen_CE_s20262302_p-03_Nd4001,CE,20262302,-3,atomic,4.0,0.6626177038726876
regen_CE_s20262302_p-03_Nd4001,CE,20262302,-3,static,4.0,0.8649238834345925
regen_CE_s20262302_p-03_Nd4001,CE,20262302,-3,static_lti,4.0,0.5920371837228371
regen_CE_s20262302_p-03_Nd4001,CE,20262302,-3,static_mh,4.0,0.8604360119437583
regen_CE_s20262302_p-03_Nd4001,CE,20262302,-3,static_lti_mh,4.0,0.555354664390145
regen_CE_s20262302_p-03_Nd4001,CE,20262302,-3,linear,4.0,0.5811771797857366
regen_CE_s20262302_p-03_Nd4001,CE,20262302,-3,dsh,4.0,0.555354664390232
regen_CE_s20262302_p-06_Nd4001,CE,20262302,-6,atomic,0.25,0.7691600319378229
regen_CE_s20262302_p-06_Nd4001,CE,20262302,-6,static,0.25,0.9820968172027282
regen_CE_s20262302_p-06_Nd4001,CE,20262302,-6,static_lti,0.25,0.6781896105298717
regen_CE_s20262302_p-06_Nd4001,CE,20262302,-6,static_mh,0.25,0.9810910310820765
regen_CE_s20262302_p-06_Nd4001,CE,20262302,-6,static_lti_mh,0.25,0.6699965663403673
regen_CE_s20262302_p-06_Nd4001,CE,20262302,-6,linear,0.25,0.6778149556837243
regen_CE_s20262302_p-06_Nd4001,CE,20262302,-6,dsh,0.25,0.669996566340367
regen_CE_s20262302_p-06_Nd4001,CE,20262302,-6,atomic,0.5,0.7723770431122956
regen_CE_s20262302_p-06_Nd4001,CE,20262302,-6,static,0.5,0.9812595227154495
regen_CE_s20262302_p-06_Nd4001,CE,20262302,-6,static_lti,0.5,0.6858523449794501
regen_CE_s20262302_p-06_Nd4001,CE,20262302,-6,static_mh,0.5,0.9801643246251428
regen_CE_s20262302_p-06_Nd4001,CE,20262302,-6,static_lti_mh,0.5,0.6776898044745872
regen_CE_s20262302_p-06_Nd4001,CE,20262302,-6,linear,0.5,0.6854352989177097
regen_CE_s20262302_p-06_Nd4001,CE,20262302,-6,dsh,0.5,0.677689804474582
regen_CE_s20262302_p-06_Nd4001,CE,20262302,-6,atomic,1.0,0.7631536760625263
regen_CE_s20262302_p-06_Nd4001,CE,20262302,-6,static,1.0,0.9751122871811285
regen_CE_s20262302_p-06_Nd4001,CE,20262302,-6,static_lti,1.0,0.688153252333632
regen_CE_s20262302_p-06_Nd4001,CE,20262302,-6,static_mh,1.0,0.9736223894812549
regen_CE_s20262302_p-06_Nd4001,CE,20262302,-6,static_lti_mh,1.0,0.6800204038081218
regen_CE_s20262302_p-06_Nd4001,CE,20262302,-6,linear,1.0,0.6883470820182422
regen_CE_s20262302_p-06_Nd4001,CE,20262302,-6,dsh,1.0,0.6800204038081082
regen_CE_s20262302_p-06_Nd4001,CE,20262302,-6,atomic,2.0,0.700794717815627
regen_CE_s20262302_p-06_Nd4001,CE,20262302,-6,static,2.0,0.9353742215630685
regen_CE_s20262302_p-06_Nd4001,CE,20262302,-6,static_lti,2.0,0.6569050005688325
regen_CE_s20262302_p-06_Nd4001,CE,20262302,-6,static_mh,2.0,0.9326557166472786
regen_CE_s20262302_p-06_Nd4001,CE,20262302,-6,static_lti_mh,2.0,0.6477894824762026
regen_CE_s20262302_p-06_Nd4001,CE,20262302,-6,linear,2.0,0.6590309720100244
regen_CE_s20262302_p-06_Nd4001,CE,20262302,-6,dsh,2.0,0.64778948247618
regen_CE_s20262302_p-06_Nd4001,CE,20262302,-6,atomic,4.0,0.5761408746843151
regen_CE_s20262302_p-06_Nd4001,CE,20262302,-6,static,4.0,0.7669167218118271
regen_CE_s20262302_p-06_Nd4001,CE,20262302,-6,static_lti,4.0,0.5540734404383345
regen_CE_s20262302_p-06_Nd4001,CE,20262302,-6,static_mh,4.0,0.7623167464485003
regen_CE_s20262302_p-06_Nd4001,CE,20262302,-6,static_lti_mh,4.0,0.5528722934707787
regen_CE_s20262302_p-06_Nd4001,CE,20262302,-6,linear,4.0,0.559965596291093
regen_CE_s20262302_p-06_Nd4001,CE,20262302,-6,dsh,4.0,0.5528722934707706
regen_CE_s20262302_p-10_Nd4001,CE,20262302,-10,atomic,0.25,0.7140468657667103
regen_CE_s20262302_p-10_Nd4001,CE,20262302,-10,static,0.25,0.9818182711458272
regen_CE_s20262302_p-10_Nd4001,CE,20262302,-10,static_lti,0.25,0.6829332992299488
regen_CE_s20262302_p-10_Nd4001,CE,20262302,-10,static_mh,0.25,0.9810968463459958
regen_CE_s20262302_p-10_Nd4001,CE,20262302,-10,static_lti_mh,0.25,0.6776550655216238
regen_CE_s20262302_p-10_Nd4001,CE,20262302,-10,linear,0.25,0.6827663158254106
regen_CE_s20262302_p-10_Nd4001,CE,20262302,-10,dsh,0.25,0.6776550655216046
regen_CE_s20262302_p-10_Nd4001,CE,20262302,-10,atomic,0.5,0.7171807320928815
regen_CE_s20262302_p-10_Nd4001,CE,20262302,-10,static,0.5,0.9787266282381202
regen_CE_s20262302_p-10_Nd4001,CE,20262302,-10,static_lti,0.5,0.6890106243831399
regen_CE_s20262302_p-10_Nd4001,CE,20262302,-10,static_mh,0.5,0.9778197151527775
regen_CE_s20262302_p-10_Nd4001,CE,20262302,-10,static_lti_mh,0.5,0.6837322644384212
regen_CE_s20262302_p-10_Nd4001,CE,20262302,-10,linear,0.5,0.6889467078671948
regen_CE_s20262302_p-10_Nd4001,CE,20262302,-10,dsh,0.5,0.6837322644383956
regen_CE_s20262302_p-10_Nd4001,CE,20262302,-10,atomic,1.0,0.7000715839644588
regen_CE_s20262302_p-10_Nd4001,CE,20262302,-10,static,1.0,0.9585749839239945
regen_CE_s20262302_p-10_Nd4001,CE,20262302,-10,static_lti,1.0,0.6748878225700926
regen_CE_s20262302_p-10_Nd4001,CE,20262302,-10,static_mh,1.0,0.9569954241662246
regen_CE_s20262302_p-10_Nd4001,CE,20262302,-10,static_lti_mh,1.0,0.669506844622221
regen_CE_s20262302_p-10_Nd4001,CE,20262302,-10,linear,1.0,0.6754096843584746
regen_CE_s20262302_p-10_Nd4001,CE,20262302,-10,dsh,1.0,0.6695068446221829
regen_CE_s20262302_p-10_Nd4001,CE,20262302,-10,atomic,2.0,0.6001979810263164
regen_CE_s20262302_p-10_Nd4001,CE,20262302,-10,static,2.0,0.8483311486345033
regen_CE_s20262302_p-10_Nd4001,CE,20262302,-10,static_lti,2.0,0.5854880343848718
regen_CE_s20262302_p-10_Nd4001,CE,20262302,-10,static_mh,2.0,0.8458581486077412
regen_CE_s20262302_p-10_Nd4001,CE,20262302,-10,static_lti_mh,2.0,0.5847855179171796
regen_CE_s20262302_p-10_Nd4001,CE,20262302,-10,linear,2.0,0.5885732091569754
regen_CE_s20262302_p-10_Nd4001,CE,20262302,-10,dsh,2.0,0.5847855179171718
regen_CE_s20262302_p-10_Nd4001,CE,20262302,-10,atomic,4.0,0.2761218301654633
regen_CE_s20262302_p-10_Nd4001,CE,20262302,-10,static,4.0,0.48503447220729956
regen_CE_s20262302_p-10_Nd4001,CE,20262302,-10,static_lti,4.0,0.27005747478085046
regen_CE_s20262302_p-10_Nd4001,CE,20262302,-10,static_mh,4.0,0.4836010470548395
regen_CE_s20262302_p-10_Nd4001,CE,20262302,-10,static_lti_mh,4.0,0.2635497576920849
regen_CE_s20262302_p-10_Nd4001,CE,20262302,-10,linear,4.0,0.2570832016957127
regen_CE_s20262302_p-10_Nd4001,CE,20262302,-10,dsh,4.0,0.2635497576920625
regen_CE_s20262302_p-15_Nd4001,CE,20262302,-15,atomic,0.25,0.6923260681686211
regen_CE_s20262302_p-15_Nd4001,CE,20262302,-15,static,0.25,0.9797959265290702
regen_CE_s20262302_p-15_Nd4001,CE,20262302,-15,static_lti,0.25,0.6884000283442987
regen_CE_s20262302_p-15_Nd4001,CE,20262302,-15,static_mh,0.25,0.9792413405546164
regen_CE_s20262302_p-15_Nd4001,CE,20262302,-15,static_lti_mh,0.25,0.6852427285634899
regen_CE_s20262302_p-15_Nd4001,CE,20262302,-15,linear,0.25,0.6883703523790826
regen_CE_s20262302_p-15_Nd4001,CE,20262302,-15,dsh,0.25,0.6852427285634508
regen_CE_s20262302_p-15_Nd4001,CE,20262302,-15,atomic,0.5,0.6871671315432218
regen_CE_s20262302_p-15_Nd4001,CE,20262302,-15,static,0.5,0.9655167079490659
regen_CE_s20262302_p-15_Nd4001,CE,20262302,-15,static_lti,0.5,0.6805316712742984
regen_CE_s20262302_p-15_Nd4001,CE,20262302,-15,static_mh,0.5,0.9645902337975266
regen_CE_s20262302_p-15_Nd4001,CE,20262302,-15,static_lti_mh,0.5,0.6773267350833958
regen_CE_s20262302_p-15_Nd4001,CE,20262302,-15,linear,0.5,0.6806270368311736
regen_CE_s20262302_p-15_Nd4001,CE,20262302,-15,dsh,0.5,0.677326735083356
regen_CE_s20262302_p-15_Nd4001,CE,20262302,-15,atomic,1.0,0.5810628208684033
regen_CE_s20262302_p-15_Nd4001,CE,20262302,-15,static,1.0,0.8803359983153001
regen_CE_s20262302_p-15_Nd4001,CE,20262302,-15,static_lti,1.0,0.5815982838902505
regen_CE_s20262302_p-15_Nd4001,CE,20262302,-15,static_mh,1.0,0.8788952014870616
regen_CE_s20262302_p-15_Nd4001,CE,20262302,-15,static_lti_mh,1.0,0.5806542377146784
regen_CE_s20262302_p-15_Nd4001,CE,20262302,-15,linear,1.0,0.5830916827770343
regen_CE_s20262302_p-15_Nd4001,CE,20262302,-15,dsh,1.0,0.5806542377144635
regen_CE_s20262302_p-15_Nd4001,CE,20262302,-15,atomic,2.0,0.30713479354751244
regen_CE_s20262302_p-15_Nd4001,CE,20262302,-15,static,2.0,0.6123616853793551
regen_CE_s20262302_p-15_Nd4001,CE,20262302,-15,static_lti,2.0,0.30390864497050707
regen_CE_s20262302_p-15_Nd4001,CE,20262302,-15,static_mh,2.0,0.6112041760522043
regen_CE_s20262302_p-15_Nd4001,CE,20262302,-15,static_lti_mh,2.0,0.303164258959216
regen_CE_s20262302_p-15_Nd4001,CE,20262302,-15,linear,2.0,0.3042032670899589
regen_CE_s20262302_p-15_Nd4001,CE,20262302,-15,dsh,2.0,0.3031642589591867
regen_CE_s20262302_p-15_Nd4001,CE,20262302,-15,atomic,4.0,0.06517312870973499
regen_CE_s20262302_p-15_Nd4001,CE,20262302,-15,static,4.0,0.08160317745714128
regen_CE_s20262302_p-15_Nd4001,CE,20262302,-15,static_lti,4.0,0.0689887359953583
regen_CE_s20262302_p-15_Nd4001,CE,20262302,-15,static_mh,4.0,0.08181173132765769
regen_CE_s20262302_p-15_Nd4001,CE,20262302,-15,static_lti_mh,4.0,0.07937939042194742
regen_CE_s20262302_p-15_Nd4001,CE,20262302,-15,linear,4.0,0.06880293972362711
regen_CE_s20262302_p-15_Nd4001,CE,20262302,-15,dsh,4.0,0.07937939042194993
regen_CE_s20262402_p+00_Nd4001,CE,20262402,0,atomic,0.25,0.949004986252949
regen_CE_s20262402_p+00_Nd4001,CE,20262402,0,static,0.25,0.9903551149667277
regen_CE_s20262402_p+00_Nd4001,CE,20262402,0,static_lti,0.25,0.6613026519016345
regen_CE_s20262402_p+00_Nd4001,CE,20262402,0,static_mh,0.25,0.9908789785456894
regen_CE_s20262402_p+00_Nd4001,CE,20262402,0,static_lti_mh,0.25,0.6703596094668928
regen_CE_s20262402_p+00_Nd4001,CE,20262402,0,linear,0.25,0.6611499025093376
regen_CE_s20262402_p+00_Nd4001,CE,20262402,0,dsh,0.25,0.6703596094667934
regen_CE_s20262402_p+00_Nd4001,CE,20262402,0,atomic,0.5,0.7543026327507022
regen_CE_s20262402_p+00_Nd4001,CE,20262402,0,static,0.5,0.990101116029417
regen_CE_s20262402_p+00_Nd4001,CE,20262402,0,static_lti,0.5,0.6611751839221696
regen_CE_s20262402_p+00_Nd4001,CE,20262402,0,static_mh,0.5,0.9905624725263791
regen_CE_s20262402_p+00_Nd4001,CE,20262402,0,static_lti_mh,0.5,0.6698063200361392
regen_CE_s20262402_p+00_Nd4001,CE,20262402,0,linear,0.5,0.6612148918268642
regen_CE_s20262402_p+00_Nd4001,CE,20262402,0,dsh,0.5,0.6698063200360372
regen_CE_s20262402_p+00_Nd4001,CE,20262402,0,atomic,1.0,0.7528497873669289
regen_CE_s20262402_p+00_Nd4001,CE,20262402,0,static,1.0,0.9888817352006712
regen_CE_s20262402_p+00_Nd4001,CE,20262402,0,static_lti,1.0,0.6564751581352757
regen_CE_s20262402_p+00_Nd4001,CE,20262402,0,static_mh,1.0,0.9891558581439636
regen_CE_s20262402_p+00_Nd4001,CE,20262402,0,static_lti_mh,1.0,0.6640949391313268
regen_CE_s20262402_p+00_Nd4001,CE,20262402,0,linear,1.0,0.6578361260984011
regen_CE_s20262402_p+00_Nd4001,CE,20262402,0,dsh,1.0,0.6640949391312214
regen_CE_s20262402_p+00_Nd4001,CE,20262402,0,atomic,2.0,0.7222808448305125
regen_CE_s20262402_p+00_Nd4001,CE,20262402,0,static,2.0,0.9827553026664382
regen_CE_s20262402_p+00_Nd4001,CE,20262402,0,static_lti,2.0,0.6322172659648272
regen_CE_s20262402_p+00_Nd4001,CE,20262402,0,static_mh,2.0,0.9822394227507456
regen_CE_s20262402_p+00_Nd4001,CE,20262402,0,static_lti_mh,2.0,0.6373882400269505
regen_CE_s20262402_p+00_Nd4001,CE,20262402,0,linear,2.0,0.6388792734788232
regen_CE_s20262402_p+00_Nd4001,CE,20262402,0,dsh,2.0,0.6373882400268429
regen_CE_s20262402_p+00_Nd4001,CE,20262402,0,atomic,4.0,0.47543038084381267
regen_CE_s20262402_p+00_Nd4001,CE,20262402,0,static,4.0,0.9433034648611893
regen_CE_s20262402_p+00_Nd4001,CE,20262402,0,static_lti,4.0,0.5466150706134788
regen_CE_s20262402_p+00_Nd4001,CE,20262402,0,static_mh,4.0,0.9395364374602031
regen_CE_s20262402_p+00_Nd4001,CE,20262402,0,static_lti_mh,4.0,0.5495348259308918
regen_CE_s20262402_p+00_Nd4001,CE,20262402,0,linear,4.0,0.5679270771755923
regen_CE_s20262402_p+00_Nd4001,CE,20262402,0,dsh,4.0,0.5495348259307873
regen_CE_s20262402_p+03_Nd4001,CE,20262402,3,atomic,0.25,0.19654693117952457
regen_CE_s20262402_p+03_Nd4001,CE,20262402,3,static,0.25,0.9904414368646312
regen_CE_s20262402_p+03_Nd4001,CE,20262402,3,static_lti,0.25,0.6611320410721261
regen_CE_s20262402_p+03_Nd4001,CE,20262402,3,static_mh,0.25,0.9901310801969865
regen_CE_s20262402_p+03_Nd4001,CE,20262402,3,static_lti_mh,0.25,0.6692779964904189
regen_CE_s20262402_p+03_Nd4001,CE,20262402,3,linear,0.25,0.6608930493850305
regen_CE_s20262402_p+03_Nd4001,CE,20262402,3,dsh,0.25,0.6692779964903631
regen_CE_s20262402_p+03_Nd4001,CE,20262402,3,atomic,0.5,0.18528172826087075
regen_CE_s20262402_p+03_Nd4001,CE,20262402,3,static,0.5,0.9902928038000178
regen_CE_s20262402_p+03_Nd4001,CE,20262402,3,static_lti,0.5,0.6614379600374504
regen_CE_s20262402_p+03_Nd4001,CE,20262402,3,static_mh,0.5,0.9899141981908235
regen_CE_s20262402_p+03_Nd4001,CE,20262402,3,static_lti_mh,0.5,0.6692866614378334
regen_CE_s20262402_p+03_Nd4001,CE,20262402,3,linear,0.5,0.661316153925762
regen_CE_s20262402_p+03_Nd4001,CE,20262402,3,dsh,0.5,0.6692866614377762
regen_CE_s20262402_p+03_Nd4001,CE,20262402,3,atomic,1.0,0.1921489960885145
regen_CE_s20262402_p+03_Nd4001,CE,20262402,3,static,1.0,0.9895535962081753
regen_CE_s20262402_p+03_Nd4001,CE,20262402,3,static_lti,1.0,0.6590892146165361
regen_CE_s20262402_p+03_Nd4001,CE,20262402,3,static_mh,1.0,0.9889446764746311
regen_CE_s20262402_p+03_Nd4001,CE,20262402,3,static_lti_mh,1.0,0.6661726382844367
regen_CE_s20262402_p+03_Nd4001,CE,20262402,3,linear,1.0,0.6603544167761732
regen_CE_s20262402_p+03_Nd4001,CE,20262402,3,dsh,1.0,0.6661726382843774
regen_CE_s20262402_p+03_Nd4001,CE,20262402,3,atomic,2.0,0.3565393827671486
regen_CE_s20262402_p+03_Nd4001,CE,20262402,3,static,2.0,0.9859634899510342
regen_CE_s20262402_p+03_Nd4001,CE,20262402,3,static_lti,2.0,0.6440561057305544
regen_CE_s20262402_p+03_Nd4001,CE,20262402,3,static_mh,2.0,0.9844127387671165
regen_CE_s20262402_p+03_Nd4001,CE,20262402,3,static_lti_mh,2.0,0.6489531363555726
regen_CE_s20262402_p+03_Nd4001,CE,20262402,3,linear,2.0,0.6517495718854706
regen_CE_s20262402_p+03_Nd4001,CE,20262402,3,dsh,2.0,0.6489531363555108
regen_CE_s20262402_p+03_Nd4001,CE,20262402,3,atomic,4.0,0.2750392495314878
regen_CE_s20262402_p+03_Nd4001,CE,20262402,3,static,4.0,0.9648193077117804
regen_CE_s20262402_p+03_Nd4001,CE,20262402,3,static_lti,4.0,0.5849352960668323
regen_CE_s20262402_p+03_Nd4001,CE,20262402,3,static_mh,4.0,0.9591035544270676
regen_CE_s20262402_p+03_Nd4001,CE,20262402,3,static_lti_mh,4.0,0.5850344507191103
regen_CE_s20262402_p+03_Nd4001,CE,20262402,3,linear,4.0,0.6134151679362956
regen_CE_s20262402_p+03_Nd4001,CE,20262402,3,dsh,4.0,0.5850344507190468
regen_CE_s20262402_p+06_Nd4001,CE,20262402,6,atomic,0.25,-0.14932726555245932
regen_CE_s20262402_p+06_Nd4001,CE,20262402,6,static,0.25,0.9904874994063084
regen_CE_s20262402_p+06_Nd4001,CE,20262402,6,static_lti,0.25,0.6610125590195564
regen_CE_s20262402_p+06_Nd4001,CE,20262402,6,static_mh,0.25,0.9870066313193336
regen_CE_s20262402_p+06_Nd4001,CE,20262402,6,static_lti_mh,0.25,0.6553437797473888
regen_CE_s20262402_p+06_Nd4001,CE,20262402,6,linear,0.25,0.6606476305551328
regen_CE_s20262402_p+06_Nd4001,CE,20262402,6,dsh,0.25,0.655343779747395
regen_CE_s20262402_p+06_Nd4001,CE,20262402,6,atomic,0.5,-0.11553423424402014
regen_CE_s20262402_p+06_Nd4001,CE,20262402,6,static,0.5,0.9903591435897285
regen_CE_s20262402_p+06_Nd4001,CE,20262402,6,static_lti,0.5,0.6614194048172614
regen_CE_s20262402_p+06_Nd4001,CE,20262402,6,static_mh,0.5,0.986795071190241
regen_CE_s20262402_p+06_Nd4001,CE,20262402,6,static_lti_mh,0.5,0.6558338524210756
regen_CE_s20262402_p+06_Nd4001,CE,20262402,6,linear,0.5,0.6611379194519568
regen_CE_s20262402_p+06_Nd4001,CE,20262402,6,dsh,0.5,0.6558338524210843
regen_CE_s20262402_p+06_Nd4001,CE,20262402,6,atomic,1.0,-0.10426557492881866
regen_CE_s20262402_p+06_Nd4001,CE,20262402,6,static,1.0,0.9897126906750243
regen_CE_s20262402_p+06_Nd4001,CE,20262402,6,static_lti,1.0,0.6595483614348187
regen_CE_s20262402_p+06_Nd4001,CE,20262402,6,static_mh,1.0,0.9857882109107392
regen_CE_s20262402_p+06_Nd4001,CE,20262402,6,static_lti_mh,1.0,0.6539489051171626
regen_CE_s20262402_p+06_Nd4001,CE,20262402,6,linear,1.0,0.6611991626986605
regen_CE_s20262402_p+06_Nd4001,CE,20262402,6,dsh,1.0,0.6539489051171768
regen_CE_s20262402_p+06_Nd4001,CE,20262402,6,atomic,2.0,-0.02687953966195589
regen_CE_s20262402_p+06_Nd4001,CE,20262402,6,static,2.0,0.986570969497753
regen_CE_s20262402_p+06_Nd4001,CE,20262402,6,static_lti,2.0,0.6463870221528698
regen_CE_s20262402_p+06_Nd4001,CE,20262402,6,static_mh,2.0,0.9810773495924243
regen_CE_s20262402_p+06_Nd4001,CE,20262402,6,static_lti_mh,2.0,0.6397678523142968
regen_CE_s20262402_p+06_Nd4001,CE,20262402,6,linear,2.0,0.6577971998294864
regen_CE_s20262402_p+06_Nd4001,CE,20262402,6,dsh,2.0,0.639767852314323
regen_CE_s20262402_p+06_Nd4001,CE,20262402,6,atomic,4.0,-0.09978447273491571
regen_CE_s20262402_p+06_Nd4001,CE,20262402,6,static,4.0,0.9684989632270603
regen_CE_s20262402_p+06_Nd4001,CE,20262402,6,static_lti,4.0,0.5935236193663568
regen_CE_s20262402_p+06_Nd4001,CE,20262402,6,static_mh,4.0,0.9567676690071115
regen_CE_s20262402_p+06_Nd4001,CE,20262402,6,static_lti_mh,4.0,0.5817252218487047
regen_CE_s20262402_p+06_Nd4001,CE,20262402,6,linear,4.0,0.6387455781148785
regen_CE_s20262402_p+06_Nd4001,CE,20262402,6,dsh,4.0,0.5817252218487551
regen_CE_s20262402_p-03_Nd4001,CE,20262402,-3,atomic,0.25,0.9024184353517213
regen_CE_s20262402_p-03_Nd4001,CE,20262402,-3,static,0.25,0.9902433747880259
regen_CE_s20262402_p-03_Nd4001,CE,20262402,-3,static_lti,0.25,0.6614072947802062
regen_CE_s20262402_p-03_Nd4001,CE,20262402,-3,static_mh,0.25,0.990871157296559
regen_CE_s20262402_p-03_Nd4001,CE,20262402,-3,static_lti_mh,0.25,0.6687176189623449
regen_CE_s20262402_p-03_Nd4001,CE,20262402,-3,linear,0.25,0.6613345137757632
regen_CE_s20262402_p-03_Nd4001,CE,20262402,-3,dsh,0.25,0.6687176189623305
regen_CE_s20262402_p-03_Nd4001,CE,20262402,-3,atomic,0.5,0.8981214386293358
regen_CE_s20262402_p-03_Nd4001,CE,20262402,-3,static,0.5,0.9897530799526385
regen_CE_s20262402_p-03_Nd4001,CE,20262402,-3,static_lti,0.5,0.6602009043391133
regen_CE_s20262402_p-03_Nd4001,CE,20262402,-3,static_mh,0.5,0.9903189747253125
regen_CE_s20262402_p-03_Nd4001,CE,20262402,-3,static_lti_mh,0.5,0.667031909428789
regen_CE_s20262402_p-03_Nd4001,CE,20262402,-3,linear,0.5,0.6603825751573001
regen_CE_s20262402_p-03_Nd4001,CE,20262402,-3,dsh,0.5,0.6670319094287694
regen_CE_s20262402_p-03_Nd4001,CE,20262402,-3,atomic,1.0,0.8799265545302537
regen_CE_s20262402_p-03_Nd4001,CE,20262402,-3,static,1.0,0.9874275815337579
regen_CE_s20262402_p-03_Nd4001,CE,20262402,-3,static_lti,1.0,0.6503513987263605
regen_CE_s20262402_p-03_Nd4001,CE,20262402,-3,static_mh,1.0,0.9878052023679249
regen_CE_s20262402_p-03_Nd4001,CE,20262402,-3,static_lti_mh,1.0,0.656053850181185
regen_CE_s20262402_p-03_Nd4001,CE,20262402,-3,linear,1.0,0.65182575248322
regen_CE_s20262402_p-03_Nd4001,CE,20262402,-3,dsh,1.0,0.6560538501811556
regen_CE_s20262402_p-03_Nd4001,CE,20262402,-3,atomic,2.0,0.814720161892225
regen_CE_s20262402_p-03_Nd4001,CE,20262402,-3,static,2.0,0.9746741876275675
regen_CE_s20262402_p-03_Nd4001,CE,20262402,-3,static_lti,2.0,0.6077373483304352
regen_CE_s20262402_p-03_Nd4001,CE,20262402,-3,static_mh,2.0,0.9741509374915402
regen_CE_s20262402_p-03_Nd4001,CE,20262402,-3,static_lti_mh,2.0,0.6110735352947305
regen_CE_s20262402_p-03_Nd4001,CE,20262402,-3,linear,2.0,0.6136610267813253
regen_CE_s20262402_p-03_Nd4001,CE,20262402,-3,dsh,2.0,0.6110735352946837
regen_CE_s20262402_p-03_Nd4001,CE,20262402,-3,atomic,4.0,0.6560553617670712
regen_CE_s20262402_p-03_Nd4001,CE,20262402,-3,static,4.0,0.8882691036844372
regen_CE_s20262402_p-03_Nd4001,CE,20262402,-3,static_lti,4.0,0.49591406517316217
regen_CE_s20262402_p-03_Nd4001,CE,20262402,-3,static_mh,4.0,0.8853653656544277
regen_CE_s20262402_p-03_Nd4001,CE,20262402,-3,static_lti_mh,4.0,0.5017584919517486
regen_CE_s20262402_p-03_Nd4001,CE,20262402,-3,linear,4.0,0.5104056272321197
regen_CE_s20262402_p-03_Nd4001,CE,20262402,-3,dsh,4.0,0.5017584919516861
regen_CE_s20262402_p-06_Nd4001,CE,20262402,-6,atomic,0.25,0.8093037237916019
regen_CE_s20262402_p-06_Nd4001,CE,20262402,-6,static,0.25,0.990078618314383
regen_CE_s20262402_p-06_Nd4001,CE,20262402,-6,static_lti,0.25,0.6612527259722266
regen_CE_s20262402_p-06_Nd4001,CE,20262402,-6,static_mh,0.25,0.9906701249423682
regen_CE_s20262402_p-06_Nd4001,CE,20262402,-6,static_lti_mh,0.25,0.666861401174099
regen_CE_s20262402_p-06_Nd4001,CE,20262402,-6,linear,0.25,0.6612436151907705
regen_CE_s20262402_p-06_Nd4001,CE,20262402,-6,dsh,0.25,0.6668614011740637
regen_CE_s20262402_p-06_Nd4001,CE,20262402,-6,atomic,0.5,0.8017026771541902
regen_CE_s20262402_p-06_Nd4001,CE,20262402,-6,static,0.5,0.9890838272243282
regen_CE_s20262402_p-06_Nd4001,CE,20262402,-6,static_lti,0.5,0.6576043290676147
regen_CE_s20262402_p-06_Nd4001,CE,20262402,-6,static_mh,0.5,0.9896146009426217
regen_CE_s20262402_p-06_Nd4001,CE,20262402,-6,static_lti_mh,0.5,0.6626817148781525
regen_CE_s20262402_p-06_Nd4001,CE,20262402,-6,linear,0.5,0.657887043720596
regen_CE_s20262402_p-06_Nd4001,CE,20262402,-6,dsh,0.5,0.6626817148781174
regen_CE_s20262402_p-06_Nd4001,CE,20262402,-6,atomic,1.0,0.7715068625951996
regen_CE_s20262402_p-06_Nd4001,CE,20262402,-6,static,1.0,0.9842064408156578
regen_CE_s20262402_p-06_Nd4001,CE,20262402,-6,static_lti,1.0,0.6375295780468244
regen_CE_s20262402_p-06_Nd4001,CE,20262402,-6,static_mh,1.0,0.9845214346456537
regen_CE_s20262402_p-06_Nd4001,CE,20262402,-6,static_lti_mh,1.0,0.6413588782920053
regen_CE_s20262402_p-06_Nd4001,CE,20262402,-6,linear,1.0,0.639022707087167
regen_CE_s20262402_p-06_Nd4001,CE,20262402,-6,dsh,1.0,0.6413588782919681
regen_CE_s20262402_p-06_Nd4001,CE,20262402,-6,atomic,2.0,0.6754559525751455
regen_CE_s20262402_p-06_Nd4001,CE,20262402,-6,static,2.0,0.9536707511089623
regen_CE_s20262402_p-06_Nd4001,CE,20262402,-6,static_lti,2.0,0.5633987741244625
regen_CE_s20262402_p-06_Nd4001,CE,20262402,-6,static_mh,2.0,0.9529128432040546
regen_CE_s20262402_p-06_Nd4001,CE,20262402,-6,static_lti_mh,2.0,0.565679226995279
regen_CE_s20262402_p-06_Nd4001,CE,20262402,-6,linear,2.0,0.5683387066978388
regen_CE_s20262402_p-06_Nd4001,CE,20262402,-6,dsh,2.0,0.5656792269952338
regen_CE_s20262402_p-06_Nd4001,CE,20262402,-6,atomic,4.0,0.3012744150711827
regen_CE_s20262402_p-06_Nd4001,CE,20262402,-6,static,4.0,0.7750519654990434
regen_CE_s20262402_p-06_Nd4001,CE,20262402,-6,static_lti,4.0,0.21183170116959454
regen_CE_s20262402_p-06_Nd4001,CE,20262402,-6,static_mh,4.0,0.7730920363106905
regen_CE_s20262402_p-06_Nd4001,CE,20262402,-6,static_lti_mh,4.0,0.21529814956761836
regen_CE_s20262402_p-06_Nd4001,CE,20262402,-6,linear,4.0,0.21754894570414118
regen_CE_s20262402_p-06_Nd4001,CE,20262402,-6,dsh,4.0,0.21529814956761759
regen_CE_s20262502_p+00_Nd4001,CE,20262502,0,atomic,0.25,0.96366880877094
regen_CE_s20262502_p+00_Nd4001,CE,20262502,0,static,0.25,0.9938116563316811
regen_CE_s20262502_p+00_Nd4001,CE,20262502,0,static_lti,0.25,0.6928885281758742
regen_CE_s20262502_p+00_Nd4001,CE,20262502,0,static_mh,0.25,0.9923101147759354
regen_CE_s20262502_p+00_Nd4001,CE,20262502,0,static_lti_mh,0.25,0.6670629000406049
regen_CE_s20262502_p+00_Nd4001,CE,20262502,0,linear,0.25,0.6930443195081742
regen_CE_s20262502_p+00_Nd4001,CE,20262502,0,dsh,0.25,0.6670629000406637
regen_CE_s20262502_p+00_Nd4001,CE,20262502,0,atomic,0.5,0.7508272031023165
regen_CE_s20262502_p+00_Nd4001,CE,20262502,0,static,0.5,0.9934840744723524
regen_CE_s20262502_p+00_Nd4001,CE,20262502,0,static_lti,0.5,0.6910690224545012
regen_CE_s20262502_p+00_Nd4001,CE,20262502,0,static_mh,0.5,0.9919133506654156
regen_CE_s20262502_p+00_Nd4001,CE,20262502,0,static_lti_mh,0.5,0.6651905317330686
regen_CE_s20262502_p+00_Nd4001,CE,20262502,0,linear,0.5,0.6915399189675089
regen_CE_s20262502_p+00_Nd4001,CE,20262502,0,dsh,0.5,0.6651905317331293
regen_CE_s20262502_p+00_Nd4001,CE,20262502,0,atomic,1.0,0.754844933180066
regen_CE_s20262502_p+00_Nd4001,CE,20262502,0,static,1.0,0.9922185185928021
regen_CE_s20262502_p+00_Nd4001,CE,20262502,0,static_lti,1.0,0.6826100852041946
regen_CE_s20262502_p+00_Nd4001,CE,20262502,0,static_mh,1.0,0.9903716816398336
regen_CE_s20262502_p+00_Nd4001,CE,20262502,0,static_lti_mh,1.0,0.6569735953357445
regen_CE_s20262502_p+00_Nd4001,CE,20262502,0,linear,1.0,0.6844998556762998
regen_CE_s20262502_p+00_Nd4001,CE,20262502,0,dsh,1.0,0.6569735953358083
regen_CE_s20262502_p+00_Nd4001,CE,20262502,0,atomic,2.0,0.5581485264574882
regen_CE_s20262502_p+00_Nd4001,CE,20262502,0,static,2.0,0.985899157628871
regen_CE_s20262502_p+00_Nd4001,CE,20262502,0,static_lti,2.0,0.6482673164186629
regen_CE_s20262502_p+00_Nd4001,CE,20262502,0,static_mh,2.0,0.9827441482328125
regen_CE_s20262502_p+00_Nd4001,CE,20262502,0,static_lti_mh,2.0,0.6239868119746421
regen_CE_s20262502_p+00_Nd4001,CE,20262502,0,linear,2.0,0.6554888364348883
regen_CE_s20262502_p+00_Nd4001,CE,20262502,0,dsh,2.0,0.6239868119747103
regen_CE_s20262502_p+00_Nd4001,CE,20262502,0,atomic,4.0,0.5634708219857695
regen_CE_s20262502_p+00_Nd4001,CE,20262502,0,static,4.0,0.9367251294152185
regen_CE_s20262502_p+00_Nd4001,CE,20262502,0,static_lti,4.0,0.5262829432829087
regen_CE_s20262502_p+00_Nd4001,CE,20262502,0,static_mh,4.0,0.9277237687703473
regen_CE_s20262502_p+00_Nd4001,CE,20262502,0,static_lti_mh,4.0,0.508020443188522
regen_CE_s20262502_p+00_Nd4001,CE,20262502,0,linear,4.0,0.5500354177363557
regen_CE_s20262502_p+00_Nd4001,CE,20262502,0,dsh,4.0,0.5080204431885826
regen_CE_s20262502_p+03_Nd4001,CE,20262502,3,atomic,0.25,0.3593709272597644
regen_CE_s20262502_p+03_Nd4001,CE,20262502,3,static,0.25,0.9938735078579349
regen_CE_s20262502_p+03_Nd4001,CE,20262502,3,static_lti,0.25,0.6930130258966947
regen_CE_s20262502_p+03_Nd4001,CE,20262502,3,static_mh,0.25,0.9906596546109832
regen_CE_s20262502_p+03_Nd4001,CE,20262502,3,static_lti_mh,0.25,0.6570898049900713
regen_CE_s20262502_p+03_Nd4001,CE,20262502,3,linear,0.25,0.6932314317883292
regen_CE_s20262502_p+03_Nd4001,CE,20262502,3,dsh,0.25,0.6570898049900156
regen_CE_s20262502_p+03_Nd4001,CE,20262502,3,atomic,0.5,0.3620394007615584
regen_CE_s20262502_p+03_Nd4001,CE,20262502,3,static,0.5,0.9936584878815929
regen_CE_s20262502_p+03_Nd4001,CE,20262502,3,static_lti,0.5,0.6920470396841536
regen_CE_s20262502_p+03_Nd4001,CE,20262502,3,static_mh,0.5,0.9903594465535122
regen_CE_s20262502_p+03_Nd4001,CE,20262502,3,static_lti_mh,0.5,0.6561584698284599
regen_CE_s20262502_p+03_Nd4001,CE,20262502,3,linear,0.5,0.6925933674288551
regen_CE_s20262502_p+03_Nd4001,CE,20262502,3,dsh,0.5,0.6561584698284045
regen_CE_s20262502_p+03_Nd4001,CE,20262502,3,atomic,1.0,0.3671510469066375
regen_CE_s20262502_p+03_Nd4001,CE,20262502,3,static,1.0,0.9928790230139737
regen_CE_s20262502_p+03_Nd4001,CE,20262502,3,static_lti,1.0,0.687119677851588
regen_CE_s20262502_p+03_Nd4001,CE,20262502,3,static_mh,1.0,0.9892520171725178
regen_CE_s20262502_p+03_Nd4001,CE,20262502,3,static_lti_mh,1.0,0.6516035800791433
regen_CE_s20262502_p+03_Nd4001,CE,20262502,3,linear,1.0,0.6892623756786079
regen_CE_s20262502_p+03_Nd4001,CE,20262502,3,dsh,1.0,0.6516035800790884
regen_CE_s20262502_p+03_Nd4001,CE,20262502,3,atomic,2.0,0.08250110354851735
regen_CE_s20262502_p+03_Nd4001,CE,20262502,3,static,2.0,0.9894344917247931
regen_CE_s20262502_p+03_Nd4001,CE,20262502,3,static_lti,2.0,0.6662124380695161
regen_CE_s20262502_p+03_Nd4001,CE,20262502,3,static_mh,2.0,0.9843970368391548
regen_CE_s20262502_p+03_Nd4001,CE,20262502,3,static_lti_mh,2.0,0.6322798831493404
regen_CE_s20262502_p+03_Nd4001,CE,20262502,3,linear,2.0,0.674743687634107
regen_CE_s20262502_p+03_Nd4001,CE,20262502,3,dsh,2.0,0.6322798831492864
regen_CE_s20262502_p+03_Nd4001,CE,20262502,3,atomic,4.0,-0.34575509237871677
regen_CE_s20262502_p+03_Nd4001,CE,20262502,3,static,4.0,0.966178540829193
regen_CE_s20262502_p+03_Nd4001,CE,20262502,3,static_lti,4.0,0.5886665746336132
regen_CE_s20262502_p+03_Nd4001,CE,20262502,3,static_mh,4.0,0.9539637782276941
regen_CE_s20262502_p+03_Nd4001,CE,20262502,3,static_lti_mh,4.0,0.5604952203881223
regen_CE_s20262502_p+03_Nd4001,CE,20262502,3,linear,4.0,0.6182780649162223
regen_CE_s20262502_p+03_Nd4001,CE,20262502,3,dsh,4.0,0.5604952203880776
regen_CE_s20262502_p+06_Nd4001,CE,20262502,6,atomic,0.25,0.009353737673783983
regen_CE_s20262502_p+06_Nd4001,CE,20262502,6,static,0.25,0.9938955339204998
regen_CE_s20262502_p+06_Nd4001,CE,20262502,6,static_lti,0.25,0.6929896281415022
regen_CE_s20262502_p+06_Nd4001,CE,20262502,6,static_mh,0.25,0.9874574071524965
regen_CE_s20262502_p+06_Nd4001,CE,20262502,6,static_lti_mh,0.25,0.651147221781056
regen_CE_s20262502_p+06_Nd4001,CE,20262502,6,linear,0.25,0.6932920327814619
regen_CE_s20262502_p+06_Nd4001,CE,20262502,6,dsh,0.25,0.6511472217811114
regen_CE_s20262502_p+06_Nd4001,CE,20262502,6,atomic,0.5,0.008733780023452231
regen_CE_s20262502_p+06_Nd4001,CE,20262502,6,static,0.5,0.9937061360278765
regen_CE_s20262502_p+06_Nd4001,CE,20262502,6,static_lti,0.5,0.6922770882070814
regen_CE_s20262502_p+06_Nd4001,CE,20262502,6,static_mh,0.5,0.9871617887508431
regen_CE_s20262502_p+06_Nd4001,CE,20262502,6,static_lti_mh,0.5,0.6507048989091007
regen_CE_s20262502_p+06_Nd4001,CE,20262502,6,linear,0.5,0.6930560349901833
regen_CE_s20262502_p+06_Nd4001,CE,20262502,6,dsh,0.5,0.6507048989091554
regen_CE_s20262502_p+06_Nd4001,CE,20262502,6,atomic,1.0,0.05600212590360924
regen_CE_s20262502_p+06_Nd4001,CE,20262502,6,static,1.0,0.9930417153047718
regen_CE_s20262502_p+06_Nd4001,CE,20262502,6,static_lti,1.0,0.6883705538498841
regen_CE_s20262502_p+06_Nd4001,CE,20262502,6,static_mh,1.0,0.9860617643370779
regen_CE_s20262502_p+06_Nd4001,CE,20262502,6,static_lti_mh,1.0,0.6475762708781433
regen_CE_s20262502_p+06_Nd4001,CE,20262502,6,linear,1.0,0.6915431892162532
regen_CE_s20262502_p+06_Nd4001,CE,20262502,6,dsh,1.0,0.6475762708781971
regen_CE_s20262502_p+06_Nd4001,CE,20262502,6,atomic,2.0,0.12658364276445438
regen_CE_s20262502_p+06_Nd4001,CE,20262502,6,static,2.0,0.9902355594002704
regen_CE_s20262502_p+06_Nd4001,CE,20262502,6,static_lti,2.0,0.6714509921890172
regen_CE_s20262502_p+06_Nd4001,CE,20262502,6,static_mh,2.0,0.9813858278988458
regen_CE_s20262502_p+06_Nd4001,CE,20262502,6,static_lti_mh,2.0,0.6329976797445306
regen_CE_s20262502_p+06_Nd4001,CE,20262502,6,linear,2.0,0.6844674452100488
regen_CE_s20262502_p+06_Nd4001,CE,20262502,6,dsh,2.0,0.6329976797445824
regen_CE_s20262502_p+06_Nd4001,CE,20262502,6,atomic,4.0,0.08073364411875662
regen_CE_s20262502_p+06_Nd4001,CE,20262502,6,static,4.0,0.9725692153728793
regen_CE_s20262502_p+06_Nd4001,CE,20262502,6,static_lti,4.0,0.6075400801910488
regen_CE_s20262502_p+06_Nd4001,CE,20262502,6,static_mh,4.0,0.9544041219873546
regen_CE_s20262502_p+06_Nd4001,CE,20262502,6,static_lti_mh,4.0,0.5771310439403798
regen_CE_s20262502_p+06_Nd4001,CE,20262502,6,linear,4.0,0.6553204079953491
regen_CE_s20262502_p+06_Nd4001,CE,20262502,6,dsh,4.0,0.577131043940424
regen_CE_s20262502_p-03_Nd4001,CE,20262502,-3,atomic,0.25,0.8822983606015725
regen_CE_s20262502_p-03_Nd4001,CE,20262502,-3,static,0.25,0.9937082225730124
regen_CE_s20262502_p-03_Nd4001,CE,20262502,-3,static_lti,0.25,0.6924551458164323
regen_CE_s20262502_p-03_Nd4001,CE,20262502,-3,static_mh,0.25,0.9928498075041091
regen_CE_s20262502_p-03_Nd4001,CE,20262502,-3,static_lti_mh,0.25,0.6736627268529516
regen_CE_s20262502_p-03_Nd4001,CE,20262502,-3,linear,0.25,0.692578689955163
regen_CE_s20262502_p-03_Nd4001,CE,20262502,-3,dsh,0.25,0.6736627268528915
regen_CE_s20262502_p-03_Nd4001,CE,20262502,-3,atomic,0.5,0.8789605935979465
regen_CE_s20262502_p-03_Nd4001,CE,20262502,-3,static,0.5,0.9931398559004172
regen_CE_s20262502_p-03_Nd4001,CE,20262502,-3,static_lti,0.5,0.6888181301875624
regen_CE_s20262502_p-03_Nd4001,CE,20262502,-3,static_mh,0.5,0.9922094497595475
regen_CE_s20262502_p-03_Nd4001,CE,20262502,-3,static_lti_mh,0.5,0.6699656273505199
regen_CE_s20262502_p-03_Nd4001,CE,20262502,-3,linear,0.5,0.6892652406634565
regen_CE_s20262502_p-03_Nd4001,CE,20262502,-3,dsh,0.5,0.669965627350459
regen_CE_s20262502_p-03_Nd4001,CE,20262502,-3,atomic,1.0,0.8631148245882392
regen_CE_s20262502_p-03_Nd4001,CE,20262502,-3,static,1.0,0.9907350063691811
regen_CE_s20262502_p-03_Nd4001,CE,20262502,-3,static_lti,1.0,0.6730258269786213
regen_CE_s20262502_p-03_Nd4001,CE,20262502,-3,static_mh,1.0,0.9894838896343273
regen_CE_s20262502_p-03_Nd4001,CE,20262502,-3,static_lti_mh,1.0,0.6544384239464837
regen_CE_s20262502_p-03_Nd4001,CE,20262502,-3,linear,1.0,0.6748173063273792
regen_CE_s20262502_p-03_Nd4001,CE,20262502,-3,dsh,1.0,0.6544384239464212
regen_CE_s20262502_p-03_Nd4001,CE,20262502,-3,atomic,2.0,0.7974340843726404
regen_CE_s20262502_p-03_Nd4001,CE,20262502,-3,static,2.0,0.9762124259264792
regen_CE_s20262502_p-03_Nd4001,CE,20262502,-3,static_lti,2.0,0.6121881959170137
regen_CE_s20262502_p-03_Nd4001,CE,20262502,-3,static_mh,2.0,0.9732812015846303
regen_CE_s20262502_p-03_Nd4001,CE,20262502,-3,static_lti_mh,2.0,0.5950822054257979
regen_CE_s20262502_p-03_Nd4001,CE,20262502,-3,linear,2.0,0.6186014976045421
regen_CE_s20262502_p-03_Nd4001,CE,20262502,-3,dsh,2.0,0.5950822054257296
regen_CE_s20262502_p-03_Nd4001,CE,20262502,-3,atomic,4.0,0.3324834804090209
regen_CE_s20262502_p-03_Nd4001,CE,20262502,-3,static,4.0,0.8650606509307797
regen_CE_s20262502_p-03_Nd4001,CE,20262502,-3,static_lti,4.0,0.3552201064011488
regen_CE_s20262502_p-03_Nd4001,CE,20262502,-3,static_mh,4.0,0.8580534274444044
regen_CE_s20262502_p-03_Nd4001,CE,20262502,-3,static_lti_mh,4.0,0.35451171874850496
regen_CE_s20262502_p-03_Nd4001,CE,20262502,-3,linear,4.0,0.3473745782180261
regen_CE_s20262502_p-03_Nd4001,CE,20262502,-3,dsh,4.0,0.3545117187484209
regen_CE_s20262502_p-06_Nd4001,CE,20262502,-6,atomic,0.25,0.7939486350723508
regen_CE_s20262502_p-06_Nd4001,CE,20262502,-6,static,0.25,0.9935285573102604
regen_CE_s20262502_p-06_Nd4001,CE,20262502,-6,static_lti,0.25,0.6914119470862669
regen_CE_s20262502_p-06_Nd4001,CE,20262502,-6,static_mh,0.25,0.9929868798618425
regen_CE_s20262502_p-06_Nd4001,CE,20262502,-6,static_lti_mh,0.25,0.6778885863025248
regen_CE_s20262502_p-06_Nd4001,CE,20262502,-6,linear,0.25,0.6915229287815579
regen_CE_s20262502_p-06_Nd4001,CE,20262502,-6,dsh,0.25,0.6778885863025548
regen_CE_s20262502_p-06_Nd4001,CE,20262502,-6,atomic,0.5,0.7865406978321973
regen_CE_s20262502_p-06_Nd4001,CE,20262502,-6,static,0.5,0.9924531302494061
regen_CE_s20262502_p-06_Nd4001,CE,20262502,-6,static_lti,0.5,0.6840806160015767
regen_CE_s20262502_p-06_Nd4001,CE,20262502,-6,static_mh,0.5,0.9918220576819988
regen_CE_s20262502_p-06_Nd4001,CE,20262502,-6,static_lti_mh,0.5,0.6705334314783782
regen_CE_s20262502_p-06_Nd4001,CE,20262502,-6,linear,0.5,0.6845185511933
regen_CE_s20262502_p-06_Nd4001,CE,20262502,-6,dsh,0.5,0.6705334314784044
regen_CE_s20262502_p-06_Nd4001,CE,20262502,-6,atomic,1.0,0.7544239276108619
regen_CE_s20262502_p-06_Nd4001,CE,20262502,-6,static,1.0,0.9872393091222245
regen_CE_s20262502_p-06_Nd4001,CE,20262502,-6,static_lti,1.0,0.6539538718504746
regen_CE_s20262502_p-06_Nd4001,CE,20262502,-6,static_mh,1.0,0.9861506364225832
regen_CE_s20262502_p-06_Nd4001,CE,20262502,-6,static_lti_mh,1.0,0.6407644064786696
regen_CE_s20262502_p-06_Nd4001,CE,20262502,-6,linear,1.0,0.6556435944391821
regen_CE_s20262502_p-06_Nd4001,CE,20262502,-6,dsh,1.0,0.6407644064786843
regen_CE_s20262502_p-06_Nd4001,CE,20262502,-6,atomic,2.0,0.628766015070262
regen_CE_s20262502_p-06_Nd4001,CE,20262502,-6,static,2.0,0.9485648075613174
regen_CE_s20262502_p-06_Nd4001,CE,20262502,-6,static_lti,2.0,0.5450192670760778
regen_CE_s20262502_p-06_Nd4001,CE,20262502,-6,static_mh,2.0,0.9452264986281783
regen_CE_s20262502_p-06_Nd4001,CE,20262502,-6,static_lti_mh,2.0,0.5337482618655842
regen_CE_s20262502_p-06_Nd4001,CE,20262502,-6,linear,2.0,0.5506300193128497
regen_CE_s20262502_p-06_Nd4001,CE,20262502,-6,dsh,2.0,0.5337482618655626
regen_CE_s20262502_p-06_Nd4001,CE,20262502,-6,atomic,4.0,0.2155191999633219
regen_CE_s20262502_p-06_Nd4001,CE,20262502,-6,static,4.0,0.726991291124764
regen_CE_s20262502_p-06_Nd4001,CE,20262502,-6,static_lti,4.0,0.17708626328877733
regen_CE_s20262502_p-06_Nd4001,CE,20262502,-6,static_mh,4.0,0.7230706840038913
regen_CE_s20262502_p-06_Nd4001,CE,20262502,-6,static_lti_mh,4.0,0.17430452480086744
regen_CE_s20262502_p-06_Nd4001,CE,20262502,-6,linear,4.0,0.18729054986327093
regen_CE_s20262502_p-06_Nd4001,CE,20262502,-6,dsh,4.0,0.17430452480083544
regen_CE_s20262602_p+00_Nd4001,CE,20262602,0,atomic,0.25,0.8678686573248275
regen_CE_s20262602_p+00_Nd4001,CE,20262602,0,static,0.25,0.9859324723447973
regen_CE_s20262602_p+00_Nd4001,CE,20262602,0,static_lti,0.25,0.6849331926423515
regen_CE_s20262602_p+00_Nd4001,CE,20262602,0,static_mh,0.25,0.9850288800905765
regen_CE_s20262602_p+00_Nd4001,CE,20262602,0,static_lti_mh,0.25,0.6726131763252114
regen_CE_s20262602_p+00_Nd4001,CE,20262602,0,linear,0.25,0.6848794090429493
regen_CE_s20262602_p+00_Nd4001,CE,20262602,0,dsh,0.25,0.6726131763252116
regen_CE_s20262602_p+00_Nd4001,CE,20262602,0,atomic,0.5,0.8662523091190094
regen_CE_s20262602_p+00_Nd4001,CE,20262602,0,static,0.5,0.9856793312658857
regen_CE_s20262602_p+00_Nd4001,CE,20262602,0,static_lti,0.5,0.685226321796482
regen_CE_s20262602_p+00_Nd4001,CE,20262602,0,static_mh,0.5,0.9848104413364729
regen_CE_s20262602_p+00_Nd4001,CE,20262602,0,static_lti_mh,0.5,0.6729446804987289
regen_CE_s20262602_p+00_Nd4001,CE,20262602,0,linear,0.5,0.6853446535274584
regen_CE_s20262602_p+00_Nd4001,CE,20262602,0,dsh,0.5,0.6729446804987291
regen_CE_s20262602_p+00_Nd4001,CE,20262602,0,atomic,1.0,0.8609960631152941
regen_CE_s20262602_p+00_Nd4001,CE,20262602,0,static,1.0,0.9841415970924758
regen_CE_s20262602_p+00_Nd4001,CE,20262602,0,static_lti,1.0,0.6819381645719685
regen_CE_s20262602_p+00_Nd4001,CE,20262602,0,static_mh,1.0,0.9833784557451447
regen_CE_s20262602_p+00_Nd4001,CE,20262602,0,static_lti_mh,1.0,0.6696771627030474
regen_CE_s20262602_p+00_Nd4001,CE,20262602,0,linear,1.0,0.6832395912834041
regen_CE_s20262602_p+00_Nd4001,CE,20262602,0,dsh,1.0,0.6696771627030478
regen_CE_s20262602_p+00_Nd4001,CE,20262602,0,atomic,2.0,0.8343405270334193
regen_CE_s20262602_p+00_Nd4001,CE,20262602,0,static,2.0,0.9756733777637725
regen_CE_s20262602_p+00_Nd4001,CE,20262602,0,static_lti,2.0,0.6609374113641855
regen_CE_s20262602_p+00_Nd4001,CE,20262602,0,static_mh,2.0,0.9752455466114486
regen_CE_s20262602_p+00_Nd4001,CE,20262602,0,static_lti_mh,2.0,0.648569940634357
regen_CE_s20262602_p+00_Nd4001,CE,20262602,0,linear,2.0,0.6676528338690632
regen_CE_s20262602_p+00_Nd4001,CE,20262602,0,dsh,2.0,0.6485699406343581
regen_CE_s20262602_p+00_Nd4001,CE,20262602,0,atomic,4.0,0.609020306741338
regen_CE_s20262602_p+00_Nd4001,CE,20262602,0,static,4.0,0.9280193683568155
regen_CE_s20262602_p+00_Nd4001,CE,20262602,0,static_lti,4.0,0.5792266135094556
regen_CE_s20262602_p+00_Nd4001,CE,20262602,0,static_mh,4.0,0.9270594629850227
regen_CE_s20262602_p+00_Nd4001,CE,20262602,0,static_lti_mh,4.0,0.5660315237659838
regen_CE_s20262602_p+00_Nd4001,CE,20262602,0,linear,4.0,0.6026423772671974
regen_CE_s20262602_p+00_Nd4001,CE,20262602,0,dsh,4.0,0.5660315237660011
regen_CE_s20262602_p+03_Nd4001,CE,20262602,3,atomic,0.25,-0.08504818927153615
regen_CE_s20262602_p+03_Nd4001,CE,20262602,3,static,0.25,0.9859553380328441
regen_CE_s20262602_p+03_Nd4001,CE,20262602,3,static_lti,0.25,0.6846252683850664
regen_CE_s20262602_p+03_Nd4001,CE,20262602,3,static_mh,0.25,0.9834771403938211
regen_CE_s20262602_p+03_Nd4001,CE,20262602,3,static_lti_mh,0.25,0.6726959623095566
regen_CE_s20262602_p+03_Nd4001,CE,20262602,3,linear,0.25,0.684557213674802
regen_CE_s20262602_p+03_Nd4001,CE,20262602,3,dsh,0.25,0.6726959623095782
regen_CE_s20262602_p+03_Nd4001,CE,20262602,3,atomic,0.5,-0.07244245472172225
regen_CE_s20262602_p+03_Nd4001,CE,20262602,3,static,0.5,0.9858462981551686
regen_CE_s20262602_p+03_Nd4001,CE,20262602,3,static_lti,0.5,0.6851622452937443
regen_CE_s20262602_p+03_Nd4001,CE,20262602,3,static_mh,0.5,0.9833816369332314
regen_CE_s20262602_p+03_Nd4001,CE,20262602,3,static_lti_mh,0.5,0.6731553621579299
regen_CE_s20262602_p+03_Nd4001,CE,20262602,3,linear,0.5,0.6852071003045918
regen_CE_s20262602_p+03_Nd4001,CE,20262602,3,dsh,0.5,0.673155362157951
regen_CE_s20262602_p+03_Nd4001,CE,20262602,3,atomic,1.0,-0.1346528378386778
regen_CE_s20262602_p+03_Nd4001,CE,20262602,3,static,1.0,0.9849995932205915
regen_CE_s20262602_p+03_Nd4001,CE,20262602,3,static_lti,1.0,0.6837163417890854
regen_CE_s20262602_p+03_Nd4001,CE,20262602,3,static_mh,1.0,0.9825818064851028
regen_CE_s20262602_p+03_Nd4001,CE,20262602,3,static_lti_mh,1.0,0.6715981851113749
regen_CE_s20262602_p+03_Nd4001,CE,20262602,3,linear,1.0,0.6849627798661648
regen_CE_s20262602_p+03_Nd4001,CE,20262602,3,dsh,1.0,0.671598185111395
regen_CE_s20262602_p+03_Nd4001,CE,20262602,3,atomic,2.0,-0.10507428213768802
regen_CE_s20262602_p+03_Nd4001,CE,20262602,3,static,2.0,0.9802570607562427
regen_CE_s20262602_p+03_Nd4001,CE,20262602,3,static_lti,2.0,0.6712132147765729
regen_CE_s20262602_p+03_Nd4001,CE,20262602,3,static_mh,2.0,0.9780665965577225
regen_CE_s20262602_p+03_Nd4001,CE,20262602,3,static_lti_mh,2.0,0.6590963183123487
regen_CE_s20262602_p+03_Nd4001,CE,20262602,3,linear,2.0,0.6785339182541612
regen_CE_s20262602_p+03_Nd4001,CE,20262602,3,dsh,2.0,0.6590963183123677
regen_CE_s20262602_p+03_Nd4001,CE,20262602,3,atomic,4.0,0.06187833997870981
regen_CE_s20262602_p+03_Nd4001,CE,20262602,3,static,4.0,0.953199137092322
regen_CE_s20262602_p+03_Nd4001,CE,20262602,3,static_lti,4.0,0.6140414349366129
regen_CE_s20262602_p+03_Nd4001,CE,20262602,3,static_mh,4.0,0.951232435055096
regen_CE_s20262602_p+03_Nd4001,CE,20262602,3,static_lti_mh,4.0,0.6034233727938235
regen_CE_s20262602_p+03_Nd4001,CE,20262602,3,linear,4.0,0.6446890829225007
regen_CE_s20262602_p+03_Nd4001,CE,20262602,3,dsh,4.0,0.6034233727938427
regen_CE_s20262602_p+06_Nd4001,CE,20262602,6,atomic,0.25,-0.017659585123993442
regen_CE_s20262602_p+06_Nd4001,CE,20262602,6,static,0.25,0.9859821165409175
regen_CE_s20262602_p+06_Nd4001,CE,20262602,6,static_lti,0.25,0.6843490894192062
regen_CE_s20262602_p+06_Nd4001,CE,20262602,6,static_mh,0.25,0.9814538552304132
regen_CE_s20262602_p+06_Nd4001,CE,20262602,6,static_lti_mh,0.25,0.6782089599529822
regen_CE_s20262602_p+06_Nd4001,CE,20262602,6,linear,0.25,0.684275284872457
regen_CE_s20262602_p+06_Nd4001,CE,20262602,6,dsh,0.25,0.6782089599529896
regen_CE_s20262602_p+06_Nd4001,CE,20262602,6,atomic,0.5,0.001616909343874097
regen_CE_s20262602_p+06_Nd4001,CE,20262602,6,static,0.5,0.9859187534548528
regen_CE_s20262602_p+06_Nd4001,CE,20262602,6,static_lti,0.5,0.6848934588622281
regen_CE_s20262602_p+06_Nd4001,CE,20262602,6,static_mh,0.5,0.981308111294259
regen_CE_s20262602_p+06_Nd4001,CE,20262602,6,static_lti_mh,0.5,0.6782714576763932
regen_CE_s20262602_p+06_Nd4001,CE,20262602,6,linear,0.5,0.6848971454742783
regen_CE_s20262602_p+06_Nd4001,CE,20262602,6,dsh,0.5,0.6782714576763992
regen_CE_s20262602_p+06_Nd4001,CE,20262602,6,atomic,1.0,0.044992419036353704
regen_CE_s20262602_p+06_Nd4001,CE,20262602,6,static,1.0,0.985249380912382
regen_CE_s20262602_p+06_Nd4001,CE,20262602,6,static_lti,1.0,0.6837441842095083
regen_CE_s20262602_p+06_Nd4001,CE,20262602,6,static_mh,1.0,0.9804726654518021
regen_CE_s20262602_p+06_Nd4001,CE,20262602,6,static_lti_mh,1.0,0.6763381945271022
regen_CE_s20262602_p+06_Nd4001,CE,20262602,6,linear,1.0,0.6853596725431419
regen_CE_s20262602_p+06_Nd4001,CE,20262602,6,dsh,1.0,0.6763381945271059
regen_CE_s20262602_p+06_Nd4001,CE,20262602,6,atomic,2.0,0.06942656024858399
regen_CE_s20262602_p+06_Nd4001,CE,20262602,6,static,2.0,0.9813624166956761
regen_CE_s20262602_p+06_Nd4001,CE,20262602,6,static_lti,2.0,0.6728553480974688
regen_CE_s20262602_p+06_Nd4001,CE,20262602,6,static_mh,2.0,0.9763025909763542
regen_CE_s20262602_p+06_Nd4001,CE,20262602,6,static_lti_mh,2.0,0.6646953297937712
regen_CE_s20262602_p+06_Nd4001,CE,20262602,6,linear,2.0,0.6832353006702784
regen_CE_s20262602_p+06_Nd4001,CE,20262602,6,dsh,2.0,0.6646953297937709
regen_CE_s20262602_p+06_Nd4001,CE,20262602,6,atomic,4.0,0.15821735326551536
regen_CE_s20262602_p+06_Nd4001,CE,20262602,6,static,4.0,0.9591060111273119
regen_CE_s20262602_p+06_Nd4001,CE,20262602,6,static_lti,4.0,0.6211853477838236
regen_CE_s20262602_p+06_Nd4001,CE,20262602,6,static_mh,4.0,0.9534203653425373
regen_CE_s20262602_p+06_Nd4001,CE,20262602,6,static_lti_mh,4.0,0.6157606273931446
regen_CE_s20262602_p+06_Nd4001,CE,20262602,6,linear,4.0,0.6675609722624499
regen_CE_s20262602_p+06_Nd4001,CE,20262602,6,dsh,4.0,0.6157606273931421
regen_CE_s20262602_p-03_Nd4001,CE,20262602,-3,atomic,0.25,0.8604354802678399
regen_CE_s20262602_p-03_Nd4001,CE,20262602,-3,static,0.25,0.9858758173671439
regen_CE_s20262602_p-03_Nd4001,CE,20262602,-3,static_lti,0.25,0.6852035908291908
regen_CE_s20262602_p-03_Nd4001,CE,20262602,-3,static_mh,0.25,0.9853840090888843
regen_CE_s20262602_p-03_Nd4001,CE,20262602,-3,static_lti_mh,0.25,0.674425692601652
regen_CE_s20262602_p-03_Nd4001,CE,20262602,-3,linear,0.25,0.6851835786515428
regen_CE_s20262602_p-03_Nd4001,CE,20262602,-3,dsh,0.25,0.6744256926016522
regen_CE_s20262602_p-03_Nd4001,CE,20262602,-3,atomic,0.5,0.8565998206241234
regen_CE_s20262602_p-03_Nd4001,CE,20262602,-3,static,0.5,0.9853060184157987
regen_CE_s20262602_p-03_Nd4001,CE,20262602,-3,static_lti,0.5,0.6847435054510962
regen_CE_s20262602_p-03_Nd4001,CE,20262602,-3,static_mh,0.5,0.9848591750425516
regen_CE_s20262602_p-03_Nd4001,CE,20262602,-3,static_lti_mh,0.5,0.6740167471702664
regen_CE_s20262602_p-03_Nd4001,CE,20262602,-3,linear,0.5,0.6849472808143818
regen_CE_s20262602_p-03_Nd4001,CE,20262602,-3,dsh,0.5,0.6740167471702652
regen_CE_s20262602_p-03_Nd4001,CE,20262602,-3,atomic,1.0,0.8413086659728592
regen_CE_s20262602_p-03_Nd4001,CE,20262602,-3,static,1.0,0.9821756027602591
regen_CE_s20262602_p-03_Nd4001,CE,20262602,-3,static_lti,1.0,0.6771396779394367
regen_CE_s20262602_p-03_Nd4001,CE,20262602,-3,static_mh,1.0,0.981855477665729
regen_CE_s20262602_p-03_Nd4001,CE,20262602,-3,static_lti_mh,1.0,0.6663731740655359
regen_CE_s20262602_p-03_Nd4001,CE,20262602,-3,linear,1.0,0.6785608105883106
regen_CE_s20262602_p-03_Nd4001,CE,20262602,-3,dsh,1.0,0.6663731740655321
regen_CE_s20262602_p-03_Nd4001,CE,20262602,-3,atomic,2.0,0.7798686432847898
regen_CE_s20262602_p-03_Nd4001,CE,20262602,-3,static,2.0,0.9646330415819568
regen_CE_s20262602_p-03_Nd4001,CE,20262602,-3,static_lti,2.0,0.6385056269851127
regen_CE_s20262602_p-03_Nd4001,CE,20262602,-3,static_mh,2.0,0.9644691156165539
regen_CE_s20262602_p-03_Nd4001,CE,20262602,-3,static_lti_mh,2.0,0.627208286696116
regen_CE_s20262602_p-03_Nd4001,CE,20262602,-3,linear,2.0,0.6448800502895655
regen_CE_s20262602_p-03_Nd4001,CE,20262602,-3,dsh,2.0,0.6272082866961081
regen_CE_s20262602_p-03_Nd4001,CE,20262602,-3,atomic,4.0,0.5437660406269234
regen_CE_s20262602_p-03_Nd4001,CE,20262602,-3,static,4.0,0.8727905072052614
regen_CE_s20262602_p-03_Nd4001,CE,20262602,-3,static_lti,4.0,0.4808790594463167
regen_CE_s20262602_p-03_Nd4001,CE,20262602,-3,static_mh,4.0,0.8709351690770594
regen_CE_s20262602_p-03_Nd4001,CE,20262602,-3,static_lti_mh,4.0,0.47038024222473745
regen_CE_s20262602_p-03_Nd4001,CE,20262602,-3,linear,4.0,0.5474297655113939
regen_CE_s20262602_p-03_Nd4001,CE,20262602,-3,dsh,4.0,0.47038024222471536
regen_CE_s20262602_p-06_Nd4001,CE,20262602,-6,atomic,0.25,0.7854588856207465
regen_CE_s20262602_p-06_Nd4001,CE,20262602,-6,static,0.25,0.9857263341889531
regen_CE_s20262602_p-06_Nd4001,CE,20262602,-6,static_lti,0.25,0.6852990018033912
regen_CE_s20262602_p-06_Nd4001,CE,20262602,-6,static_mh,0.25,0.9854002746464713
regen_CE_s20262602_p-06_Nd4001,CE,20262602,-6,static_lti_mh,0.25,0.6769388005340345
regen_CE_s20262602_p-06_Nd4001,CE,20262602,-6,linear,0.25,0.6853144272774602
regen_CE_s20262602_p-06_Nd4001,CE,20262602,-6,dsh,0.25,0.6769388005340226
regen_CE_s20262602_p-06_Nd4001,CE,20262602,-6,atomic,0.5,0.7802207051548118
regen_CE_s20262602_p-06_Nd4001,CE,20262602,-6,static,0.5,0.9844633244056706
regen_CE_s20262602_p-06_Nd4001,CE,20262602,-6,static_lti,0.5,0.6829514828219281
regen_CE_s20262602_p-06_Nd4001,CE,20262602,-6,static_mh,0.5,0.9841906842804982
regen_CE_s20262602_p-06_Nd4001,CE,20262602,-6,static_lti_mh,0.5,0.6746137426787863
regen_CE_s20262602_p-06_Nd4001,CE,20262602,-6,linear,0.5,0.6832286891676682
regen_CE_s20262602_p-06_Nd4001,CE,20262602,-6,dsh,0.5,0.6746137426787763
regen_CE_s20262602_p-06_Nd4001,CE,20262602,-6,atomic,1.0,0.7555639710474872
regen_CE_s20262602_p-06_Nd4001,CE,20262602,-6,static,1.0,0.9776327807436175
regen_CE_s20262602_p-06_Nd4001,CE,20262602,-6,static_lti,1.0,0.666220885321318
regen_CE_s20262602_p-06_Nd4001,CE,20262602,-6,static_mh,1.0,0.9774865852022072
regen_CE_s20262602_p-06_Nd4001,CE,20262602,-6,static_lti_mh,1.0,0.6576958699127652
regen_CE_s20262602_p-06_Nd4001,CE,20262602,-6,linear,1.0,0.6677285316326298
regen_CE_s20262602_p-06_Nd4001,CE,20262602,-6,dsh,1.0,0.6576958699127594
regen_CE_s20262602_p-06_Nd4001,CE,20262602,-6,atomic,2.0,0.6573823608844587
regen_CE_s20262602_p-06_Nd4001,CE,20262602,-6,static,2.0,0.9390989348827532
regen_CE_s20262602_p-06_Nd4001,CE,20262602,-6,static_lti,2.0,0.5974636222573437
regen_CE_s20262602_p-06_Nd4001,CE,20262602,-6,static_mh,2.0,0.9386252684072595
regen_CE_s20262602_p-06_Nd4001,CE,20262602,-6,static_lti_mh,2.0,0.5879405706166767
regen_CE_s20262602_p-06_Nd4001,CE,20262602,-6,linear,2.0,0.6029649227134747
regen_CE_s20262602_p-06_Nd4001,CE,20262602,-6,dsh,2.0,0.5879405706166797
regen_CE_s20262602_p-06_Nd4001,CE,20262602,-6,atomic,4.0,0.4533673757683311
regen_CE_s20262602_p-06_Nd4001,CE,20262602,-6,static,4.0,0.7719515954467553
regen_CE_s20262602_p-06_Nd4001,CE,20262602,-6,static_lti,4.0,0.45454000835254593
regen_CE_s20262602_p-06_Nd4001,CE,20262602,-6,static_mh,4.0,0.7688667550030716
regen_CE_s20262602_p-06_Nd4001,CE,20262602,-6,static_lti_mh,4.0,0.4522463405996518
regen_CE_s20262602_p-06_Nd4001,CE,20262602,-6,linear,4.0,0.4636159176938578
regen_CE_s20262602_p-06_Nd4001,CE,20262602,-6,dsh,4.0,0.4522463405996534
regen_CE_s20262702_p+00_Nd4001,CE,20262702,0,atomic,0.25,0.9690126341049724
regen_CE_s20262702_p+00_Nd4001,CE,20262702,0,static,0.25,0.9954119853233628
regen_CE_s20262702_p+00_Nd4001,CE,20262702,0,static_lti,0.25,0.7663569219475633
regen_CE_s20262702_p+00_Nd4001,CE,20262702,0,static_mh,0.25,0.9945336745390057
regen_CE_s20262702_p+00_Nd4001,CE,20262702,0,static_lti_mh,0.25,0.7624222697793847
regen_CE_s20262702_p+00_Nd4001,CE,20262702,0,linear,0.25,0.7666167060154992
regen_CE_s20262702_p+00_Nd4001,CE,20262702,0,dsh,0.25,0.7624222697793461
regen_CE_s20262702_p+00_Nd4001,CE,20262702,0,atomic,0.5,0.9650629527827648
regen_CE_s20262702_p+00_Nd4001,CE,20262702,0,static,0.5,0.9949691923208934
regen_CE_s20262702_p+00_Nd4001,CE,20262702,0,static_lti,0.5,0.7610545722655309
regen_CE_s20262702_p+00_Nd4001,CE,20262702,0,static_mh,0.5,0.993996067326044
regen_CE_s20262702_p+00_Nd4001,CE,20262702,0,static_lti_mh,0.5,0.7569901262670611
regen_CE_s20262702_p+00_Nd4001,CE,20262702,0,linear,0.5,0.7619026460517083
regen_CE_s20262702_p+00_Nd4001,CE,20262702,0,dsh,0.5,0.756990126267025
regen_CE_s20262702_p+00_Nd4001,CE,20262702,0,atomic,1.0,0.9519939933324274
regen_CE_s20262702_p+00_Nd4001,CE,20262702,0,static,1.0,0.9933797915335157
regen_CE_s20262702_p+00_Nd4001,CE,20262702,0,static_lti,1.0,0.7461525177526233
regen_CE_s20262702_p+00_Nd4001,CE,20262702,0,static_mh,1.0,0.9921077737961846
regen_CE_s20262702_p+00_Nd4001,CE,20262702,0,static_lti_mh,1.0,0.7419328187617525
regen_CE_s20262702_p+00_Nd4001,CE,20262702,0,linear,1.0,0.7492241935224653
regen_CE_s20262702_p+00_Nd4001,CE,20262702,0,dsh,1.0,0.7419328187617183
regen_CE_s20262702_p+00_Nd4001,CE,20262702,0,atomic,2.0,0.8960164683335249
regen_CE_s20262702_p+00_Nd4001,CE,20262702,0,static,2.0,0.9854325103628702
regen_CE_s20262702_p+00_Nd4001,CE,20262702,0,static_lti,2.0,0.7017032883459828
regen_CE_s20262702_p+00_Nd4001,CE,20262702,0,static_mh,2.0,0.9831023963971447
regen_CE_s20262702_p+00_Nd4001,CE,20262702,0,static_lti_mh,2.0,0.697938151114698
regen_CE_s20262702_p+00_Nd4001,CE,20262702,0,linear,2.0,0.7126547343704296
regen_CE_s20262702_p+00_Nd4001,CE,20262702,0,dsh,2.0,0.697938151114661
regen_CE_s20262702_p+00_Nd4001,CE,20262702,0,atomic,4.0,0.6844665599748218
regen_CE_s20262702_p+00_Nd4001,CE,20262702,0,static,4.0,0.9362173321502631
regen_CE_s20262702_p+00_Nd4001,CE,20262702,0,static_lti,4.0,0.5813322092710907
regen_CE_s20262702_p+00_Nd4001,CE,20262702,0,static_mh,4.0,0.9306807685849888
regen_CE_s20262702_p+00_Nd4001,CE,20262702,0,static_lti_mh,4.0,0.5827879699641759
regen_CE_s20262702_p+00_Nd4001,CE,20262702,0,linear,4.0,0.6072644181279385
regen_CE_s20262702_p+00_Nd4001,CE,20262702,0,dsh,4.0,0.5827879699641261
regen_CE_s20262702_p+03_Nd4001,CE,20262702,3,atomic,0.25,0.10878729247559991
regen_CE_s20262702_p+03_Nd4001,CE,20262702,3,static,0.25,0.9955073461508066
regen_CE_s20262702_p+03_Nd4001,CE,20262702,3,static_lti,0.25,0.7673546066397052
regen_CE_s20262702_p+03_Nd4001,CE,20262702,3,static_mh,0.25,0.9933641732537233
regen_CE_s20262702_p+03_Nd4001,CE,20262702,3,static_lti_mh,0.25,0.7523777588700363
regen_CE_s20262702_p+03_Nd4001,CE,20262702,3,linear,0.25,0.7677681858851203
regen_CE_s20262702_p+03_Nd4001,CE,20262702,3,dsh,0.25,0.7523777588700558
regen_CE_s20262702_p+03_Nd4001,CE,20262702,3,atomic,0.5,0.20172698334447328
regen_CE_s20262702_p+03_Nd4001,CE,20262702,3,static,0.5,0.995215470650925
regen_CE_s20262702_p+03_Nd4001,CE,20262702,3,static_lti,0.5,0.7636742007201307
regen_CE_s20262702_p+03_Nd4001,CE,20262702,3,static_mh,0.5,0.9929205641943393
regen_CE_s20262702_p+03_Nd4001,CE,20262702,3,static_lti_mh,0.5,0.7484568329127288
regen_CE_s20262702_p+03_Nd4001,CE,20262702,3,linear,0.5,0.7647888533571446
regen_CE_s20262702_p+03_Nd4001,CE,20262702,3,dsh,0.5,0.7484568329127496
regen_CE_s20262702_p+03_Nd4001,CE,20262702,3,atomic,1.0,0.12573771970436592
regen_CE_s20262702_p+03_Nd4001,CE,20262702,3,static,1.0,0.9942494686505745
regen_CE_s20262702_p+03_Nd4001,CE,20262702,3,static_lti,1.0,0.753361257749301
regen_CE_s20262702_p+03_Nd4001,CE,20262702,3,static_mh,1.0,0.9914872569263141
regen_CE_s20262702_p+03_Nd4001,CE,20262702,3,static_lti_mh,1.0,0.7378067553610199
regen_CE_s20262702_p+03_Nd4001,CE,20262702,3,linear,1.0,0.7571292684216444
regen_CE_s20262702_p+03_Nd4001,CE,20262702,3,dsh,1.0,0.7378067553610429
regen_CE_s20262702_p+03_Nd4001,CE,20262702,3,atomic,2.0,0.1861267601247397
regen_CE_s20262702_p+03_Nd4001,CE,20262702,3,static,2.0,0.9899091212858129
regen_CE_s20262702_p+03_Nd4001,CE,20262702,3,static_lti,2.0,0.7222177191889851
regen_CE_s20262702_p+03_Nd4001,CE,20262702,3,static_mh,2.0,0.9854448060091708
regen_CE_s20262702_p+03_Nd4001,CE,20262702,3,static_lti_mh,2.0,0.7067081575513244
regen_CE_s20262702_p+03_Nd4001,CE,20262702,3,linear,2.0,0.7356829983111397
regen_CE_s20262702_p+03_Nd4001,CE,20262702,3,dsh,2.0,0.70670815755135
regen_CE_s20262702_p+03_Nd4001,CE,20262702,3,atomic,4.0,0.07822351243203536
regen_CE_s20262702_p+03_Nd4001,CE,20262702,3,static,4.0,0.964155319791334
regen_CE_s20262702_p+03_Nd4001,CE,20262702,3,static_lti,4.0,0.629186837742187
regen_CE_s20262702_p+03_Nd4001,CE,20262702,3,static_mh,4.0,0.9536629841242928
regen_CE_s20262702_p+03_Nd4001,CE,20262702,3,static_lti_mh,4.0,0.6171775572487658
regen_CE_s20262702_p+03_Nd4001,CE,20262702,3,linear,4.0,0.6729934283446952
regen_CE_s20262702_p+03_Nd4001,CE,20262702,3,dsh,4.0,0.6171775572487865
regen_CE_s20262702_p+06_Nd4001,CE,20262702,6,atomic,0.25,-0.19852496156754507
regen_CE_s20262702_p+06_Nd4001,CE,20262702,6,static,0.25,0.9955467968615147
regen_CE_s20262702_p+06_Nd4001,CE,20262702,6,static_lti,0.25,0.7676363061922356
regen_CE_s20262702_p+06_Nd4001,CE,20262702,6,static_mh,0.25,0.9903408379060095
regen_CE_s20262702_p+06_Nd4001,CE,20262702,6,static_lti_mh,0.25,0.7283453715942925
regen_CE_s20262702_p+06_Nd4001,CE,20262702,6,linear,0.25,0.7685216451221935
regen_CE_s20262702_p+06_Nd4001,CE,20262702,6,dsh,0.25,0.7283453715943015
regen_CE_s20262702_p+06_Nd4001,CE,20262702,6,atomic,0.5,-0.13618246029706607
regen_CE_s20262702_p+06_Nd4001,CE,20262702,6,static,0.5,0.9953077860418778
regen_CE_s20262702_p+06_Nd4001,CE,20262702,6,static_lti,0.5,0.7645515169873225
regen_CE_s20262702_p+06_Nd4001,CE,20262702,6,static_mh,0.5,0.9898328814713035
regen_CE_s20262702_p+06_Nd4001,CE,20262702,6,static_lti_mh,0.5,0.7250428639810763
regen_CE_s20262702_p+06_Nd4001,CE,20262702,6,linear,0.5,0.7665962499043631
regen_CE_s20262702_p+06_Nd4001,CE,20262702,6,dsh,0.5,0.7250428639810872
regen_CE_s20262702_p+06_Nd4001,CE,20262702,6,atomic,1.0,-0.18356722608655293
regen_CE_s20262702_p+06_Nd4001,CE,20262702,6,static,1.0,0.9945241966340025
regen_CE_s20262702_p+06_Nd4001,CE,20262702,6,static_lti,1.0,0.7556232561117832
regen_CE_s20262702_p+06_Nd4001,CE,20262702,6,static_mh,1.0,0.9882039812476919
regen_CE_s20262702_p+06_Nd4001,CE,20262702,6,static_lti_mh,1.0,0.7159585090206952
regen_CE_s20262702_p+06_Nd4001,CE,20262702,6,linear,1.0,0.7618667229353236
regen_CE_s20262702_p+06_Nd4001,CE,20262702,6,dsh,1.0,0.7159585090207108
regen_CE_s20262702_p+06_Nd4001,CE,20262702,6,atomic,2.0,-0.08481061412729696
regen_CE_s20262702_p+06_Nd4001,CE,20262702,6,static,2.0,0.9911031483738548
regen_CE_s20262702_p+06_Nd4001,CE,20262702,6,static_lti,2.0,0.7277321985721849
regen_CE_s20262702_p+06_Nd4001,CE,20262702,6,static_mh,2.0,0.9816909712561707
regen_CE_s20262702_p+06_Nd4001,CE,20262702,6,static_lti_mh,2.0,0.6887316635026186
regen_CE_s20262702_p+06_Nd4001,CE,20262702,6,linear,2.0,0.7491430849523444
regen_CE_s20262702_p+06_Nd4001,CE,20262702,6,dsh,2.0,0.6887316635026449
regen_CE_s20262702_p+06_Nd4001,CE,20262702,6,atomic,4.0,-0.06594163869399675
regen_CE_s20262702_p+06_Nd4001,CE,20262702,6,static,4.0,0.9707374484275633
regen_CE_s20262702_p+06_Nd4001,CE,20262702,6,static_lti,4.0,0.641993362158149
regen_CE_s20262702_p+06_Nd4001,CE,20262702,6,static_mh,4.0,0.9506648856966304
regen_CE_s20262702_p+06_Nd4001,CE,20262702,6,static_lti_mh,4.0,0.606500868931778
regen_CE_s20262702_p+06_Nd4001,CE,20262702,6,linear,4.0,0.7124379662254886
regen_CE_s20262702_p+06_Nd4001,CE,20262702,6,dsh,4.0,0.606500868931827
regen_CE_s20262702_p-03_Nd4001,CE,20262702,-3,atomic,0.25,0.9259944234859242
regen_CE_s20262702_p-03_Nd4001,CE,20262702,-3,static,0.25,0.9952589398022111
regen_CE_s20262702_p-03_Nd4001,CE,20262702,-3,static_lti,0.25,0.7646103037981086
regen_CE_s20262702_p-03_Nd4001,CE,20262702,-3,static_mh,0.25,0.9948534330669941
regen_CE_s20262702_p-03_Nd4001,CE,20262702,-3,static_lti_mh,0.25,0.7644379896569682
regen_CE_s20262702_p-03_Nd4001,CE,20262702,-3,linear,0.25,0.7648194684887455
regen_CE_s20262702_p-03_Nd4001,CE,20262702,-3,dsh,0.25,0.7644379896569032
regen_CE_s20262702_p-03_Nd4001,CE,20262702,-3,atomic,0.5,0.9175736120074405
regen_CE_s20262702_p-03_Nd4001,CE,20262702,-3,static,0.5,0.9945139966421819
regen_CE_s20262702_p-03_Nd4001,CE,20262702,-3,static_lti,0.5,0.7564343999177373
regen_CE_s20262702_p-03_Nd4001,CE,20262702,-3,static_mh,0.5,0.9940334174660191
regen_CE_s20262702_p-03_Nd4001,CE,20262702,-3,static_lti_mh,0.5,0.7562097951030425
regen_CE_s20262702_p-03_Nd4001,CE,20262702,-3,linear,0.5,0.7571861886426904
regen_CE_s20262702_p-03_Nd4001,CE,20262702,-3,dsh,0.5,0.7562097951029801
regen_CE_s20262702_p-03_Nd4001,CE,20262702,-3,atomic,1.0,0.8883701868946468
regen_CE_s20262702_p-03_Nd4001,CE,20262702,-3,static,1.0,0.9914724577468969
regen_CE_s20262702_p-03_Nd4001,CE,20262702,-3,static_lti,1.0,0.7330619456246991
regen_CE_s20262702_p-03_Nd4001,CE,20262702,-3,static_mh,1.0,0.9907547815838764
regen_CE_s20262702_p-03_Nd4001,CE,20262702,-3,static_lti_mh,1.0,0.732845228455145
regen_CE_s20262702_p-03_Nd4001,CE,20262702,-3,linear,1.0,0.7358183741695683
regen_CE_s20262702_p-03_Nd4001,CE,20262702,-3,dsh,1.0,0.7328452284550873
regen_CE_s20262702_p-03_Nd4001,CE,20262702,-3,atomic,2.0,0.7950030861971883
regen_CE_s20262702_p-03_Nd4001,CE,20262702,-3,static,2.0,0.9745888915673588
regen_CE_s20262702_p-03_Nd4001,CE,20262702,-3,static_lti,2.0,0.6639902635388594
regen_CE_s20262702_p-03_Nd4001,CE,20262702,-3,static_mh,2.0,0.9730338730617272
regen_CE_s20262702_p-03_Nd4001,CE,20262702,-3,static_lti_mh,2.0,0.6649800652872409
regen_CE_s20262702_p-03_Nd4001,CE,20262702,-3,linear,2.0,0.6733589297044901
regen_CE_s20262702_p-03_Nd4001,CE,20262702,-3,dsh,2.0,0.6649800652871866
regen_CE_s20262702_p-03_Nd4001,CE,20262702,-3,atomic,4.0,0.6071114618558364
regen_CE_s20262702_p-03_Nd4001,CE,20262702,-3,static,4.0,0.8662770864862736
regen_CE_s20262702_p-03_Nd4001,CE,20262702,-3,static_lti,4.0,0.502994490470083
regen_CE_s20262702_p-03_Nd4001,CE,20262702,-3,static_mh,4.0,0.8637977516730165
regen_CE_s20262702_p-03_Nd4001,CE,20262702,-3,static_lti_mh,4.0,0.5074451632122466
regen_CE_s20262702_p-03_Nd4001,CE,20262702,-3,linear,4.0,0.5162077553985965
regen_CE_s20262702_p-03_Nd4001,CE,20262702,-3,dsh,4.0,0.5074451632121334
regen_CE_s20262702_p-06_Nd4001,CE,20262702,-6,atomic,0.25,0.8566247196779295
regen_CE_s20262702_p-06_Nd4001,CE,20262702,-6,static,0.25,0.995008818867231
regen_CE_s20262702_p-06_Nd4001,CE,20262702,-6,static_lti,0.25,0.7617614100451562
regen_CE_s20262702_p-06_Nd4001,CE,20262702,-6,static_mh,0.25,0.9948121626582505
regen_CE_s20262702_p-06_Nd4001,CE,20262702,-6,static_lti_mh,0.25,0.7627682584090684
regen_CE_s20262702_p-06_Nd4001,CE,20262702,-6,linear,0.25,0.7619492140257574
regen_CE_s20262702_p-06_Nd4001,CE,20262702,-6,dsh,0.25,0.7627682584090768
regen_CE_s20262702_p-06_Nd4001,CE,20262702,-6,atomic,0.5,0.8413625762650705
regen_CE_s20262702_p-06_Nd4001,CE,20262702,-6,static,0.5,0.993635952693231
regen_CE_s20262702_p-06_Nd4001,CE,20262702,-6,static_lti,0.5,0.7486200063527813
regen_CE_s20262702_p-06_Nd4001,CE,20262702,-6,static_mh,0.5,0.9933713689193072
regen_CE_s20262702_p-06_Nd4001,CE,20262702,-6,static_lti_mh,0.5,0.7496192286924782
regen_CE_s20262702_p-06_Nd4001,CE,20262702,-6,linear,0.5,0.7493161457394611
regen_CE_s20262702_p-06_Nd4001,CE,20262702,-6,dsh,0.5,0.7496192286924847
regen_CE_s20262702_p-06_Nd4001,CE,20262702,-6,atomic,1.0,0.7947580495957692
regen_CE_s20262702_p-06_Nd4001,CE,20262702,-6,static,1.0,0.9870842642010065
regen_CE_s20262702_p-06_Nd4001,CE,20262702,-6,static_lti,1.0,0.7103749695789753
regen_CE_s20262702_p-06_Nd4001,CE,20262702,-6,static_mh,1.0,0.9866110433851465
regen_CE_s20262702_p-06_Nd4001,CE,20262702,-6,static_lti_mh,1.0,0.7115613212820575
regen_CE_s20262702_p-06_Nd4001,CE,20262702,-6,linear,1.0,0.712882519812147
regen_CE_s20262702_p-06_Nd4001,CE,20262702,-6,dsh,1.0,0.7115613212820608
regen_CE_s20262702_p-06_Nd4001,CE,20262702,-6,atomic,2.0,0.668283266599025
regen_CE_s20262702_p-06_Nd4001,CE,20262702,-6,static,2.0,0.9477116758527612
regen_CE_s20262702_p-06_Nd4001,CE,20262702,-6,static_lti,2.0,0.6002009722390088
regen_CE_s20262702_p-06_Nd4001,CE,20262702,-6,static_mh,2.0,0.9464096168012183
regen_CE_s20262702_p-06_Nd4001,CE,20262702,-6,static_lti_mh,2.0,0.6035730174042351
regen_CE_s20262702_p-06_Nd4001,CE,20262702,-6,linear,2.0,0.6078605677416916
regen_CE_s20262702_p-06_Nd4001,CE,20262702,-6,dsh,2.0,0.6035730174042283
regen_CE_s20262702_p-06_Nd4001,CE,20262702,-6,atomic,4.0,0.3392297022858361
regen_CE_s20262702_p-06_Nd4001,CE,20262702,-6,static,4.0,0.7122550667469678
regen_CE_s20262702_p-06_Nd4001,CE,20262702,-6,static_lti,4.0,0.2369662823318365
regen_CE_s20262702_p-06_Nd4001,CE,20262702,-6,static_mh,4.0,0.7146761004665159
regen_CE_s20262702_p-06_Nd4001,CE,20262702,-6,static_lti_mh,4.0,0.23976666776743072
regen_CE_s20262702_p-06_Nd4001,CE,20262702,-6,linear,4.0,0.24976076007152562
regen_CE_s20262702_p-06_Nd4001,CE,20262702,-6,dsh,4.0,0.23976666776736852
regen_OFDM_s20262005_p+00_Nd4001,OFDM,20262005,0,atomic,0.25,1.9999755743788692
regen_OFDM_s20262005_p+00_Nd4001,OFDM,20262005,0,static,0.25,1.9999999999999987
regen_OFDM_s20262005_p+00_Nd4001,OFDM,20262005,0,static_lti,0.25,1.9999999999999802
regen_OFDM_s20262005_p+00_Nd4001,OFDM,20262005,0,static_mh,0.25,1.8031755572287345
regen_OFDM_s20262005_p+00_Nd4001,OFDM,20262005,0,static_lti_mh,0.25,1.9999999999999418
regen_OFDM_s20262005_p+00_Nd4001,OFDM,20262005,0,linear,0.25,2.0
regen_OFDM_s20262005_p+00_Nd4001,OFDM,20262005,0,dsh,0.25,2.0
regen_OFDM_s20262005_p+00_Nd4001,OFDM,20262005,0,atomic,0.5,1.9999737573830858
regen_OFDM_s20262005_p+00_Nd4001,OFDM,20262005,0,static,0.5,1.999999999999996
regen_OFDM_s20262005_p+00_Nd4001,OFDM,20262005,0,static_lti,0.5,1.9999999999999545
regen_OFDM_s20262005_p+00_Nd4001,OFDM,20262005,0,static_mh,0.5,1.8000891042989078
regen_OFDM_s20262005_p+00_Nd4001,OFDM,20262005,0,static_lti_mh,0.5,1.9999999999998797
regen_OFDM_s20262005_p+00_Nd4001,OFDM,20262005,0,linear,0.5,2.0
regen_OFDM_s20262005_p+00_Nd4001,OFDM,20262005,0,dsh,0.5,2.0
regen_OFDM_s20262005_p+00_Nd4001,OFDM,20262005,0,atomic,1.0,1.999955734475917
regen_OFDM_s20262005_p+00_Nd4001,OFDM,20262005,0,static,1.0,1.9999999999999067
regen_OFDM_s20262005_p+00_Nd4001,OFDM,20262005,0,static_lti,1.0,1.9999999999991267
regen_OFDM_s20262005_p+00_Nd4001,OFDM,20262005,0,static_mh,1.0,1.7927017975116362
regen_OFDM_s20262005_p+00_Nd4001,OFDM,20262005,0,static_lti_mh,1.0,1.999999999998407
regen_OFDM_s20262005_p+00_Nd4001,OFDM,20262005,0,linear,1.0,2.0
regen_OFDM_s20262005_p+00_Nd4001,OFDM,20262005,0,dsh,1.0,2.0
regen_OFDM_s20262005_p+00_Nd4001,OFDM,20262005,0,atomic,2.0,1.9996254375595788
regen_OFDM_s20262005_p+00_Nd4001,OFDM,20262005,0,static,2.0,1.999999999732602
regen_OFDM_s20262005_p+00_Nd4001,OFDM,20262005,0,static_lti,2.0,1.9999999935158652
regen_OFDM_s20262005_p+00_Nd4001,OFDM,20262005,0,static_mh,2.0,1.7727098011981925
regen_OFDM_s20262005_p+00_Nd4001,OFDM,20262005,0,static_lti_mh,2.0,1.9999999918589326
regen_OFDM_s20262005_p+00_Nd4001,OFDM,20262005,0,linear,2.0,2.0
regen_OFDM_s20262005_p+00_Nd4001,OFDM,20262005,0,dsh,2.0,2.0
regen_OFDM_s20262005_p+00_Nd4001,OFDM,20262005,0,atomic,4.0,1.9673179094368256
regen_OFDM_s20262005_p+00_Nd4001,OFDM,20262005,0,static,4.0,1.9999484142068042
regen_OFDM_s20262005_p+00_Nd4001,OFDM,20262005,0,static_lti,4.0,1.997874848790977
regen_OFDM_s20262005_p+00_Nd4001,OFDM,20262005,0,static_mh,4.0,1.7066140824987042
regen_OFDM_s20262005_p+00_Nd4001,OFDM,20262005,0,static_lti_mh,4.0,1.9980591850067533
regen_OFDM_s20262005_p+00_Nd4001,OFDM,20262005,0,linear,4.0,1.9999999997756095
regen_OFDM_s20262005_p+00_Nd4001,OFDM,20262005,0,dsh,4.0,1.9999989095309307
regen_OFDM_s20262005_p+03_Nd4001,OFDM,20262005,3,atomic,0.25,1.830771423225312
regen_OFDM_s20262005_p+03_Nd4001,OFDM,20262005,3,static,0.25,1.998037557789139
regen_OFDM_s20262005_p+03_Nd4001,OFDM,20262005,3,static_lti,0.25,1.9959264405359982
regen_OFDM_s20262005_p+03_Nd4001,OFDM,20262005,3,static_mh,0.25,1.0491593806346213
regen_OFDM_s20262005_p+03_Nd4001,OFDM,20262005,3,static_lti_mh,0.25,1.994272928968644
regen_OFDM_s20262005_p+03_Nd4001,OFDM,20262005,3,linear,0.25,2.0
regen_OFDM_s20262005_p+03_Nd4001,OFDM,20262005,3,dsh,0.25,2.0
regen_OFDM_s20262005_p+03_Nd4001,OFDM,20262005,3,atomic,0.5,1.82698241378682
regen_OFDM_s20262005_p+03_Nd4001,OFDM,20262005,3,static,0.5,1.997879096733483
regen_OFDM_s20262005_p+03_Nd4001,OFDM,20262005,3,static_lti,0.5,1.9956411114597472
regen_OFDM_s20262005_p+03_Nd4001,OFDM,20262005,3,static_mh,0.5,1.048925732598001
regen_OFDM_s20262005_p+03_Nd4001,OFDM,20262005,3,static_lti_mh,0.5,1.9939830914714929
regen_OFDM_s20262005_p+03_Nd4001,OFDM,20262005,3,linear,0.5,2.0
regen_OFDM_s20262005_p+03_Nd4001,OFDM,20262005,3,dsh,0.5,2.0
regen_OFDM_s20262005_p+03_Nd4001,OFDM,20262005,3,atomic,1.0,1.8187854471883622
regen_OFDM_s20262005_p+03_Nd4001,OFDM,20262005,3,static,1.0,1.9974135228790237
regen_OFDM_s20262005_p+03_Nd4001,OFDM,20262005,3,static_lti,1.0,1.9948314593099807
regen_OFDM_s20262005_p+03_Nd4001,OFDM,20262005,3,static_mh,1.0,1.0474805586554432
regen_OFDM_s20262005_p+03_Nd4001,OFDM,20262005,3,static_lti_mh,1.0,1.9931380142251585
regen_OFDM_s20262005_p+03_Nd4001,OFDM,20262005,3,linear,1.0,2.0
regen_OFDM_s20262005_p+03_Nd4001,OFDM,20262005,3,dsh,1.0,2.0
regen_OFDM_s20262005_p+03_Nd4001,OFDM,20262005,3,atomic,2.0,1.8008942504052652
regen_OFDM_s20262005_p+03_Nd4001,OFDM,20262005,3,static,2.0,1.9955370811839945
regen_OFDM_s20262005_p+03_Nd4001,OFDM,20262005,3,static_lti,2.0,1.9914620283412465
regen_OFDM_s20262005_p+03_Nd4001,OFDM,20262005,3,static_mh,2.0,1.040574864972515
regen_OFDM_s20262005_p+03_Nd4001,OFDM,20262005,3,static_lti_mh,2.0,1.9900157091144328
regen_OFDM_s20262005_p+03_Nd4001,OFDM,20262005,3,linear,2.0,2.0
regen_OFDM_s20262005_p+03_Nd4001,OFDM,20262005,3,dsh,2.0,2.0
regen_OFDM_s20262005_p+03_Nd4001,OFDM,20262005,3,atomic,4.0,1.7615344256143377
regen_OFDM_s20262005_p+03_Nd4001,OFDM,20262005,3,static,4.0,1.9816444645541003
regen_OFDM_s20262005_p+03_Nd4001,OFDM,20262005,3,static_lti,4.0,1.9637303812104923
regen_OFDM_s20262005_p+03_Nd4001,OFDM,20262005,3,static_mh,4.0,1.0102043970722874
regen_OFDM_s20262005_p+03_Nd4001,OFDM,20262005,3,static_lti_mh,4.0,1.9670850815351841
regen_OFDM_s20262005_p+03_Nd4001,OFDM,20262005,3,linear,4.0,2.0
regen_OFDM_s20262005_p+03_Nd4001,OFDM,20262005,3,dsh,4.0,1.9999999999086044
regen_OFDM_s20262005_p+06_Nd4001,OFDM,20262005,6,atomic,0.25,1.6373201636894963
regen_OFDM_s20262005_p+06_Nd4001,OFDM,20262005,6,static,0.25,1.7433139470510837
regen_OFDM_s20262005_p+06_Nd4001,OFDM,20262005,6,static_lti,0.25,1.7321309023914877
regen_OFDM_s20262005_p+06_Nd4001,OFDM,20262005,6,static_mh,0.25,0.491938537774859
regen_OFDM_s20262005_p+06_Nd4001,OFDM,20262005,6,static_lti_mh,0.25,1.6537945950672792
regen_OFDM_s20262005_p+06_Nd4001,OFDM,20262005,6,linear,0.25,2.0
regen_OFDM_s20262005_p+06_Nd4001,OFDM,20262005,6,dsh,0.25,1.9999999960365313
regen_OFDM_s20262005_p+06_Nd4001,OFDM,20262005,6,atomic,0.5,1.6364569385108907
regen_OFDM_s20262005_p+06_Nd4001,OFDM,20262005,6,static,0.5,1.743503409638114
regen_OFDM_s20262005_p+06_Nd4001,OFDM,20262005,6,static_lti,0.5,1.7319710990673605
regen_OFDM_s20262005_p+06_Nd4001,OFDM,20262005,6,static_mh,0.5,0.49294003822529153
regen_OFDM_s20262005_p+06_Nd4001,OFDM,20262005,6,static_lti_mh,0.5,1.655453245476811
regen_OFDM_s20262005_p+06_Nd4001,OFDM,20262005,6,linear,0.5,2.0
regen_OFDM_s20262005_p+06_Nd4001,OFDM,20262005,6,dsh,0.5,1.9999999971237727
regen_OFDM_s20262005_p+06_Nd4001,OFDM,20262005,6,atomic,1.0,1.6319735747391533
regen_OFDM_s20262005_p+06_Nd4001,OFDM,20262005,6,static,1.0,1.7419486524645744
regen_OFDM_s20262005_p+06_Nd4001,OFDM,20262005,6,static_lti,1.0,1.7293277934205107
regen_OFDM_s20262005_p+06_Nd4001,OFDM,20262005,6,static_mh,1.0,0.49454178350021843
regen_OFDM_s20262005_p+06_Nd4001,OFDM,20262005,6,static_lti_mh,1.0,1.6564792372894146
regen_OFDM_s20262005_p+06_Nd4001,OFDM,20262005,6,linear,1.0,2.0
regen_OFDM_s20262005_p+06_Nd4001,OFDM,20262005,6,dsh,1.0,1.9999999980218344
regen_OFDM_s20262005_p+06_Nd4001,OFDM,20262005,6,atomic,2.0,1.612271455642183
regen_OFDM_s20262005_p+06_Nd4001,OFDM,20262005,6,static,2.0,1.7311858492206582
regen_OFDM_s20262005_p+06_Nd4001,OFDM,20262005,6,static_lti,2.0,1.7149838564846709
regen_OFDM_s20262005_p+06_Nd4001,OFDM,20262005,6,static_mh,2.0,0.4961257166049164
regen_OFDM_s20262005_p+06_Nd4001,OFDM,20262005,6,static_lti_mh,2.0,1.6486330974968957
regen_OFDM_s20262005_p+06_Nd4001,OFDM,20262005,6,linear,2.0,2.0
regen_OFDM_s20262005_p+06_Nd4001,OFDM,20262005,6,dsh,2.0,1.9999999973951523
regen_OFDM_s20262005_p+06_Nd4001,OFDM,20262005,6,atomic,4.0,1.5508815080187004
regen_OFDM_s20262005_p+06_Nd4001,OFDM,20262005,6,static,4.0,1.679460559393522
regen_OFDM_s20262005_p+06_Nd4001,OFDM,20262005,6,static_lti,4.0,1.6523972786111163
regen_OFDM_s20262005_p+06_Nd4001,OFDM,20262005,6,static_mh,4.0,0.49279267066829774
regen_OFDM_s20262005_p+06_Nd4001,OFDM,20262005,6,static_lti_mh,4.0,1.5908661040493897
regen_OFDM_s20262005_p+06_Nd4001,OFDM,20262005,6,linear,4.0,2.0
regen_OFDM_s20262005_p+06_Nd4001,OFDM,20262005,6,dsh,4.0,1.999997426063661
regen_OFDM_s20262005_p-03_Nd4001,OFDM,20262005,-3,atomic,0.25,2.0
regen_OFDM_s20262005_p-03_Nd4001,OFDM,20262005,-3,static,0.25,2.0
regen_OFDM_s20262005_p-03_Nd4001,OFDM,20262005,-3,static_lti,0.25,2.0
regen_OFDM_s20262005_p-03_Nd4001,OFDM,20262005,-3,static_mh,0.25,1.9714921457162735
regen_OFDM_s20262005_p-03_Nd4001,OFDM,20262005,-3,static_lti_mh,0.25,2.0
regen_OFDM_s20262005_p-03_Nd4001,OFDM,20262005,-3,linear,0.25,2.0
regen_OFDM_s20262005_p-03_Nd4001,OFDM,20262005,-3,dsh,0.25,2.0
regen_OFDM_s20262005_p-03_Nd4001,OFDM,20262005,-3,atomic,0.5,2.0
regen_OFDM_s20262005_p-03_Nd4001,OFDM,20262005,-3,static,0.5,2.0
regen_OFDM_s20262005_p-03_Nd4001,OFDM,20262005,-3,static_lti,0.5,2.0
regen_OFDM_s20262005_p-03_Nd4001,OFDM,20262005,-3,static_mh,0.5,1.968524841819334
regen_OFDM_s20262005_p-03_Nd4001,OFDM,20262005,-3,static_lti_mh,0.5,2.0
regen_OFDM_s20262005_p-03_Nd4001,OFDM,20262005,-3,linear,0.5,2.0
regen_OFDM_s20262005_p-03_Nd4001,OFDM,20262005,-3,dsh,0.5,2.0
regen_OFDM_s20262005_p-03_Nd4001,OFDM,20262005,-3,atomic,1.0,2.0
regen_OFDM_s20262005_p-03_Nd4001,OFDM,20262005,-3,static,1.0,2.0
regen_OFDM_s20262005_p-03_Nd4001,OFDM,20262005,-3,static_lti,1.0,2.0
regen_OFDM_s20262005_p-03_Nd4001,OFDM,20262005,-3,static_mh,1.0,1.9622853529304434
regen_OFDM_s20262005_p-03_Nd4001,OFDM,20262005,-3,static_lti_mh,1.0,2.0
regen_OFDM_s20262005_p-03_Nd4001,OFDM,20262005,-3,linear,1.0,2.0
regen_OFDM_s20262005_p-03_Nd4001,OFDM,20262005,-3,dsh,1.0,2.0
regen_OFDM_s20262005_p-03_Nd4001,OFDM,20262005,-3,atomic,2.0,1.9999999918281863
regen_OFDM_s20262005_p-03_Nd4001,OFDM,20262005,-3,static,2.0,2.0
regen_OFDM_s20262005_p-03_Nd4001,OFDM,20262005,-3,static_lti,2.0,1.999999999999224
regen_OFDM_s20262005_p-03_Nd4001,OFDM,20262005,-3,static_mh,2.0,1.948652726533597
regen_OFDM_s20262005_p-03_Nd4001,OFDM,20262005,-3,static_lti_mh,2.0,1.9999999999990297
regen_OFDM_s20262005_p-03_Nd4001,OFDM,20262005,-3,linear,2.0,2.0
regen_OFDM_s20262005_p-03_Nd4001,OFDM,20262005,-3,dsh,2.0,2.0
regen_OFDM_s20262005_p-03_Nd4001,OFDM,20262005,-3,atomic,4.0,1.9800433780832685
regen_OFDM_s20262005_p-03_Nd4001,OFDM,20262005,-3,static,4.0,1.9997252811738544
regen_OFDM_s20262005_p-03_Nd4001,OFDM,20262005,-3,static_lti,4.0,1.9910561439299062
regen_OFDM_s20262005_p-03_Nd4001,OFDM,20262005,-3,static_mh,4.0,1.8810287437884399
regen_OFDM_s20262005_p-03_Nd4001,OFDM,20262005,-3,static_lti_mh,4.0,1.9915401547312241
regen_OFDM_s20262005_p-03_Nd4001,OFDM,20262005,-3,linear,4.0,1.9995998586271706
regen_OFDM_s20262005_p-03_Nd4001,OFDM,20262005,-3,dsh,4.0,1.9982925579999844
regen_OFDM_s20262005_p-06_Nd4001,OFDM,20262005,-6,atomic,0.25,2.0
regen_OFDM_s20262005_p-06_Nd4001,OFDM,20262005,-6,static,0.25,2.0
regen_OFDM_s20262005_p-06_Nd4001,OFDM,20262005,-6,static_lti,0.25,2.0
regen_OFDM_s20262005_p-06_Nd4001,OFDM,20262005,-6,static_mh,0.25,1.9867821496881106
regen_OFDM_s20262005_p-06_Nd4001,OFDM,20262005,-6,static_lti_mh,0.25,2.0
regen_OFDM_s20262005_p-06_Nd4001,OFDM,20262005,-6,linear,0.25,2.0
regen_OFDM_s20262005_p-06_Nd4001,OFDM,20262005,-6,dsh,0.25,2.0
regen_OFDM_s20262005_p-06_Nd4001,OFDM,20262005,-6,atomic,0.5,2.0
regen_OFDM_s20262005_p-06_Nd4001,OFDM,20262005,-6,static,0.5,2.0
regen_OFDM_s20262005_p-06_Nd4001,OFDM,20262005,-6,static_lti,0.5,2.0
regen_OFDM_s20262005_p-06_Nd4001,OFDM,20262005,-6,static_mh,0.5,1.989432991903925
regen_OFDM_s20262005_p-06_Nd4001,OFDM,20262005,-6,static_lti_mh,0.5,2.0
regen_OFDM_s20262005_p-06_Nd4001,OFDM,20262005,-6,linear,0.5,2.0
regen_OFDM_s20262005_p-06_Nd4001,OFDM,20262005,-6,dsh,0.5,2.0
regen_OFDM_s20262005_p-06_Nd4001,OFDM,20262005,-6,atomic,1.0,2.0
regen_OFDM_s20262005_p-06_Nd4001,OFDM,20262005,-6,static,1.0,2.0
regen_OFDM_s20262005_p-06_Nd4001,OFDM,20262005,-6,static_lti,1.0,2.0
regen_OFDM_s20262005_p-06_Nd4001,OFDM,20262005,-6,static_mh,1.0,1.9911241979273662
regen_OFDM_s20262005_p-06_Nd4001,OFDM,20262005,-6,static_lti_mh,1.0,2.0
regen_OFDM_s20262005_p-06_Nd4001,OFDM,20262005,-6,linear,1.0,2.0
regen_OFDM_s20262005_p-06_Nd4001,OFDM,20262005,-6,dsh,1.0,2.0
regen_OFDM_s20262005_p-06_Nd4001,OFDM,20262005,-6,atomic,2.0,1.9999999202127028
regen_OFDM_s20262005_p-06_Nd4001,OFDM,20262005,-6,static,2.0,1.9999999999931113
regen_OFDM_s20262005_p-06_Nd4001,OFDM,20262005,-6,static_lti,2.0,1.9999999716761088
regen_OFDM_s20262005_p-06_Nd4001,OFDM,20262005,-6,static_mh,2.0,1.9716222881614947
regen_OFDM_s20262005_p-06_Nd4001,OFDM,20262005,-6,static_lti_mh,2.0,1.9999999754905964
regen_OFDM_s20262005_p-06_Nd4001,OFDM,20262005,-6,linear,2.0,1.9999999998056757
regen_OFDM_s20262005_p-06_Nd4001,OFDM,20262005,-6,dsh,2.0,1.9999999983870278
regen_OFDM_s20262005_p-06_Nd4001,OFDM,20262005,-6,atomic,4.0,1.9010256996535813
regen_OFDM_s20262005_p-06_Nd4001,OFDM,20262005,-6,static,4.0,1.9758005640505205
regen_OFDM_s20262005_p-06_Nd4001,OFDM,20262005,-6,static_lti,4.0,1.898690023450684
regen_OFDM_s20262005_p-06_Nd4001,OFDM,20262005,-6,static_mh,4.0,1.8228336019387998
regen_OFDM_s20262005_p-06_Nd4001,OFDM,20262005,-6,static_lti_mh,4.0,1.900354067058532
regen_OFDM_s20262005_p-06_Nd4001,OFDM,20262005,-6,linear,4.0,1.9243614439682828
regen_OFDM_s20262005_p-06_Nd4001,OFDM,20262005,-6,dsh,4.0,1.9099616197490423
regen_OFDM_s20262005_p-10_Nd4001,OFDM,20262005,-10,atomic,0.25,2.0
regen_OFDM_s20262005_p-10_Nd4001,OFDM,20262005,-10,static,0.25,2.0
regen_OFDM_s20262005_p-10_Nd4001,OFDM,20262005,-10,static_lti,0.25,2.0
regen_OFDM_s20262005_p-10_Nd4001,OFDM,20262005,-10,static_mh,0.25,1.999946314132426
regen_OFDM_s20262005_p-10_Nd4001,OFDM,20262005,-10,static_lti_mh,0.25,2.0
regen_OFDM_s20262005_p-10_Nd4001,OFDM,20262005,-10,linear,0.25,2.0
regen_OFDM_s20262005_p-10_Nd4001,OFDM,20262005,-10,dsh,0.25,2.0
regen_OFDM_s20262005_p-10_Nd4001,OFDM,20262005,-10,atomic,0.5,2.0
regen_OFDM_s20262005_p-10_Nd4001,OFDM,20262005,-10,static,0.5,2.0
regen_OFDM_s20262005_p-10_Nd4001,OFDM,20262005,-10,static_lti,0.5,2.0
regen_OFDM_s20262005_p-10_Nd4001,OFDM,20262005,-10,static_mh,0.5,1.9996350721366558
regen_OFDM_s20262005_p-10_Nd4001,OFDM,20262005,-10,static_lti_mh,0.5,2.0
regen_OFDM_s20262005_p-10_Nd4001,OFDM,20262005,-10,linear,0.5,2.0
regen_OFDM_s20262005_p-10_Nd4001,OFDM,20262005,-10,dsh,0.5,2.0
regen_OFDM_s20262005_p-10_Nd4001,OFDM,20262005,-10,atomic,1.0,2.0
regen_OFDM_s20262005_p-10_Nd4001,OFDM,20262005,-10,static,1.0,2.0
regen_OFDM_s20262005_p-10_Nd4001,OFDM,20262005,-10,static_lti,1.0,2.0
regen_OFDM_s20262005_p-10_Nd4001,OFDM,20262005,-10,static_mh,1.0,1.99410515945394
regen_OFDM_s20262005_p-10_Nd4001,OFDM,20262005,-10,static_lti_mh,1.0,2.0
regen_OFDM_s20262005_p-10_Nd4001,OFDM,20262005,-10,linear,1.0,2.0
regen_OFDM_s20262005_p-10_Nd4001,OFDM,20262005,-10,dsh,1.0,2.0
regen_OFDM_s20262005_p-10_Nd4001,OFDM,20262005,-10,atomic,2.0,1.9940810701127305
regen_OFDM_s20262005_p-10_Nd4001,OFDM,20262005,-10,static,2.0,1.9997152218622647
regen_OFDM_s20262005_p-10_Nd4001,OFDM,20262005,-10,static_lti,2.0,1.9926036604285298
regen_OFDM_s20262005_p-10_Nd4001,OFDM,20262005,-10,static_mh,2.0,1.9522771098543679
regen_OFDM_s20262005_p-10_Nd4001,OFDM,20262005,-10,static_lti_mh,2.0,1.9931235059278112
regen_OFDM_s20262005_p-10_Nd4001,OFDM,20262005,-10,linear,2.0,1.9949737275985382
regen_OFDM_s20262005_p-10_Nd4001,OFDM,20262005,-10,dsh,2.0,1.994313181264421
regen_OFDM_s20262005_p-10_Nd4001,OFDM,20262005,-10,atomic,4.0,1.5877351996980211
regen_OFDM_s20262005_p-10_Nd4001,OFDM,20262005,-10,static,4.0,1.6790818651668935
regen_OFDM_s20262005_p-10_Nd4001,OFDM,20262005,-10,static_lti,4.0,1.5744324213780747
regen_OFDM_s20262005_p-10_Nd4001,OFDM,20262005,-10,static_mh,4.0,1.5850926499781754
regen_OFDM_s20262005_p-10_Nd4001,OFDM,20262005,-10,static_lti_mh,4.0,1.5756349361328776
regen_OFDM_s20262005_p-10_Nd4001,OFDM,20262005,-10,linear,4.0,1.5954158243340497
regen_OFDM_s20262005_p-10_Nd4001,OFDM,20262005,-10,dsh,4.0,1.5853445528819483
regen_OFDM_s20262005_p-15_Nd4001,OFDM,20262005,-15,atomic,0.25,2.0
regen_OFDM_s20262005_p-15_Nd4001,OFDM,20262005,-15,static,0.25,2.0
regen_OFDM_s20262005_p-15_Nd4001,OFDM,20262005,-15,static_lti,0.25,2.0
regen_OFDM_s20262005_p-15_Nd4001,OFDM,20262005,-15,static_mh,0.25,1.9999999999997509
regen_OFDM_s20262005_p-15_Nd4001,OFDM,20262005,-15,static_lti_mh,0.25,2.0
regen_OFDM_s20262005_p-15_Nd4001,OFDM,20262005,-15,linear,0.25,2.0
regen_OFDM_s20262005_p-15_Nd4001,OFDM,20262005,-15,dsh,0.25,2.0
regen_OFDM_s20262005_p-15_Nd4001,OFDM,20262005,-15,atomic,0.5,2.0
regen_OFDM_s20262005_p-15_Nd4001,OFDM,20262005,-15,static,0.5,2.0
regen_OFDM_s20262005_p-15_Nd4001,OFDM,20262005,-15,static_lti,0.5,2.0
regen_OFDM_s20262005_p-15_Nd4001,OFDM,20262005,-15,static_mh,0.5,1.9999999690268848
regen_OFDM_s20262005_p-15_Nd4001,OFDM,20262005,-15,static_lti_mh,0.5,2.0
regen_OFDM_s20262005_p-15_Nd4001,OFDM,20262005,-15,linear,0.5,2.0
regen_OFDM_s20262005_p-15_Nd4001,OFDM,20262005,-15,dsh,0.5,2.0
regen_OFDM_s20262005_p-15_Nd4001,OFDM,20262005,-15,atomic,1.0,1.9996746522547202
regen_OFDM_s20262005_p-15_Nd4001,OFDM,20262005,-15,static,1.0,1.9999951610869604
regen_OFDM_s20262005_p-15_Nd4001,OFDM,20262005,-15,static_lti,1.0,1.999575452044902
regen_OFDM_s20262005_p-15_Nd4001,OFDM,20262005,-15,static_mh,1.0,1.9978540124259736
regen_OFDM_s20262005_p-15_Nd4001,OFDM,20262005,-15,static_lti_mh,1.0,1.9996044417401515
regen_OFDM_s20262005_p-15_Nd4001,OFDM,20262005,-15,linear,1.0,1.9996475050892741
regen_OFDM_s20262005_p-15_Nd4001,OFDM,20262005,-15,dsh,1.0,1.999644487034254
regen_OFDM_s20262005_p-15_Nd4001,OFDM,20262005,-15,atomic,2.0,1.7019292659526737
regen_OFDM_s20262005_p-15_Nd4001,OFDM,20262005,-15,static,2.0,1.8177782601352057
regen_OFDM_s20262005_p-15_Nd4001,OFDM,20262005,-15,static_lti,2.0,1.69689848958375
regen_OFDM_s20262005_p-15_Nd4001,OFDM,20262005,-15,static_mh,2.0,1.7725707571585925
regen_OFDM_s20262005_p-15_Nd4001,OFDM,20262005,-15,static_lti_mh,2.0,1.6979192191835937
regen_OFDM_s20262005_p-15_Nd4001,OFDM,20262005,-15,linear,2.0,1.701151129357417
regen_OFDM_s20262005_p-15_Nd4001,OFDM,20262005,-15,dsh,2.0,1.6997631504478588
regen_OFDM_s20262005_p-15_Nd4001,OFDM,20262005,-15,atomic,4.0,0.6824621658389025
regen_OFDM_s20262005_p-15_Nd4001,OFDM,20262005,-15,static,4.0,0.8543588065793576
regen_OFDM_s20262005_p-15_Nd4001,OFDM,20262005,-15,static_lti,4.0,0.6579851888012692
regen_OFDM_s20262005_p-15_Nd4001,OFDM,20262005,-15,static_mh,4.0,0.8523485730332288
regen_OFDM_s20262005_p-15_Nd4001,OFDM,20262005,-15,static_lti_mh,4.0,0.6598413879141167
regen_OFDM_s20262005_p-15_Nd4001,OFDM,20262005,-15,linear,4.0,0.6794452355059403
regen_OFDM_s20262005_p-15_Nd4001,OFDM,20262005,-15,dsh,4.0,0.6723717180472965
regen_OFDM_s20262105_p+00_Nd4001,OFDM,20262105,0,atomic,0.25,1.9999505145217173
regen_OFDM_s20262105_p+00_Nd4001,OFDM,20262105,0,static,0.25,1.9999999999973628
regen_OFDM_s20262105_p+00_Nd4001,OFDM,20262105,0,static_lti,0.25,1.9999999999935139
regen_OFDM_s20262105_p+00_Nd4001,OFDM,20262105,0,static_mh,0.25,1.6947433562984824
regen_OFDM_s20262105_p+00_Nd4001,OFDM,20262105,0,static_lti_mh,0.25,1.9999999999434965
regen_OFDM_s20262105_p+00_Nd4001,OFDM,20262105,0,linear,0.25,2.0
regen_OFDM_s20262105_p+00_Nd4001,OFDM,20262105,0,dsh,0.25,2.0
regen_OFDM_s20262105_p+00_Nd4001,OFDM,20262105,0,atomic,0.5,1.9999168070904279
regen_OFDM_s20262105_p+00_Nd4001,OFDM,20262105,0,static,0.5,1.999999999997555
regen_OFDM_s20262105_p+00_Nd4001,OFDM,20262105,0,static_lti,0.5,1.999999999994387
regen_OFDM_s20262105_p+00_Nd4001,OFDM,20262105,0,static_mh,0.5,1.6961244540903566
regen_OFDM_s20262105_p+00_Nd4001,OFDM,20262105,0,static_lti_mh,0.5,1.999999999951724
regen_OFDM_s20262105_p+00_Nd4001,OFDM,20262105,0,linear,0.5,2.0
regen_OFDM_s20262105_p+00_Nd4001,OFDM,20262105,0,dsh,0.5,2.0
regen_OFDM_s20262105_p+00_Nd4001,OFDM,20262105,0,atomic,1.0,1.9997353853648048
regen_OFDM_s20262105_p+00_Nd4001,OFDM,20262105,0,static,1.0,1.9999999999951545
regen_OFDM_s20262105_p+00_Nd4001,OFDM,20262105,0,static_lti,1.0,1.999999999986055
regen_OFDM_s20262105_p+00_Nd4001,OFDM,20262105,0,static_mh,1.0,1.6980880502824764
regen_OFDM_s20262105_p+00_Nd4001,OFDM,20262105,0,static_lti_mh,1.0,1.9999999999093863
regen_OFDM_s20262105_p+00_Nd4001,OFDM,20262105,0,linear,1.0,2.0
regen_OFDM_s20262105_p+00_Nd4001,OFDM,20262105,0,dsh,1.0,2.0
regen_OFDM_s20262105_p+00_Nd4001,OFDM,20262105,0,atomic,2.0,1.9977053890886345
regen_OFDM_s20262105_p+00_Nd4001,OFDM,20262105,0,static,2.0,1.999999999379597
regen_OFDM_s20262105_p+00_Nd4001,OFDM,20262105,0,static_lti,2.0,1.9999999377934388
regen_OFDM_s20262105_p+00_Nd4001,OFDM,20262105,0,static_mh,2.0,1.697932566642465
regen_OFDM_s20262105_p+00_Nd4001,OFDM,20262105,0,static_lti_mh,2.0,1.9999999510386768
regen_OFDM_s20262105_p+00_Nd4001,OFDM,20262105,0,linear,2.0,2.0
regen_OFDM_s20262105_p+00_Nd4001,OFDM,20262105,0,dsh,2.0,2.0
regen_OFDM_s20262105_p+00_Nd4001,OFDM,20262105,0,atomic,4.0,1.9648056561242082
regen_OFDM_s20262105_p+00_Nd4001,OFDM,20262105,0,static,4.0,1.999500595422252
regen_OFDM_s20262105_p+00_Nd4001,OFDM,20262105,0,static_lti,4.0,1.969811168906248
regen_OFDM_s20262105_p+00_Nd4001,OFDM,20262105,0,static_mh,4.0,1.667637814741428
regen_OFDM_s20262105_p+00_Nd4001,OFDM,20262105,0,static_lti_mh,4.0,1.9811143254712507
regen_OFDM_s20262105_p+00_Nd4001,OFDM,20262105,0,linear,4.0,1.9999942087060343
regen_OFDM_s20262105_p+00_Nd4001,OFDM,20262105,0,dsh,4.0,1.9999835322425983
regen_OFDM_s20262105_p+03_Nd4001,OFDM,20262105,3,atomic,0.25,1.9083234245730616
regen_OFDM_s20262105_p+03_Nd4001,OFDM,20262105,3,static,0.25,1.98295489457303
regen_OFDM_s20262105_p+03_Nd4001,OFDM,20262105,3,static_lti,0.25,1.983598644169063
regen_OFDM_s20262105_p+03_Nd4001,OFDM,20262105,3,static_mh,0.25,1.0902736841660292
regen_OFDM_s20262105_p+03_Nd4001,OFDM,20262105,3,static_lti_mh,0.25,1.982768090422931
regen_OFDM_s20262105_p+03_Nd4001,OFDM,20262105,3,linear,0.25,2.0
regen_OFDM_s20262105_p+03_Nd4001,OFDM,20262105,3,dsh,0.25,2.0
regen_OFDM_s20262105_p+03_Nd4001,OFDM,20262105,3,atomic,0.5,1.9090374855705616
regen_OFDM_s20262105_p+03_Nd4001,OFDM,20262105,3,static,0.5,1.9827983225860937
regen_OFDM_s20262105_p+03_Nd4001,OFDM,20262105,3,static_lti,0.5,1.9834217600507396
regen_OFDM_s20262105_p+03_Nd4001,OFDM,20262105,3,static_mh,0.5,1.0876332621887244
regen_OFDM_s20262105_p+03_Nd4001,OFDM,20262105,3,static_lti_mh,0.5,1.9826492918081169
regen_OFDM_s20262105_p+03_Nd4001,OFDM,20262105,3,linear,0.5,2.0
regen_OFDM_s20262105_p+03_Nd4001,OFDM,20262105,3,dsh,0.5,2.0
regen_OFDM_s20262105_p+03_Nd4001,OFDM,20262105,3,atomic,1.0,1.9092589899114423
regen_OFDM_s20262105_p+03_Nd4001,OFDM,20262105,3,static,1.0,1.9821280626679783
regen_OFDM_s20262105_p+03_Nd4001,OFDM,20262105,3,static_lti,1.0,1.982748455764655
regen_OFDM_s20262105_p+03_Nd4001,OFDM,20262105,3,static_mh,1.0,1.0811504165550714
regen_OFDM_s20262105_p+03_Nd4001,OFDM,20262105,3,static_lti_mh,1.0,1.982044749427422
regen_OFDM_s20262105_p+03_Nd4001,OFDM,20262105,3,linear,1.0,2.0
regen_OFDM_s20262105_p+03_Nd4001,OFDM,20262105,3,dsh,1.0,2.0
regen_OFDM_s20262105_p+03_Nd4001,OFDM,20262105,3,atomic,2.0,1.901109182483628
regen_OFDM_s20262105_p+03_Nd4001,OFDM,20262105,3,static,2.0,1.9787777691791222
regen_OFDM_s20262105_p+03_Nd4001,OFDM,20262105,3,static_lti,2.0,1.9792751661190398
regen_OFDM_s20262105_p+03_Nd4001,OFDM,20262105,3,static_mh,2.0,1.0635676867778054
regen_OFDM_s20262105_p+03_Nd4001,OFDM,20262105,3,static_lti_mh,2.0,1.9785313982886639
regen_OFDM_s20262105_p+03_Nd4001,OFDM,20262105,3,linear,2.0,2.0
regen_OFDM_s20262105_p+03_Nd4001,OFDM,20262105,3,dsh,2.0,2.0
regen_OFDM_s20262105_p+03_Nd4001,OFDM,20262105,3,atomic,4.0,1.8125895678395647
regen_OFDM_s20262105_p+03_Nd4001,OFDM,20262105,3,static,4.0,1.9558633288401004
regen_OFDM_s20262105_p+03_Nd4001,OFDM,20262105,3,static_lti,4.0,1.9388369905812048
regen_OFDM_s20262105_p+03_Nd4001,OFDM,20262105,3,static_mh,4.0,1.0114450081925583
regen_OFDM_s20262105_p+03_Nd4001,OFDM,20262105,3,static_lti_mh,4.0,1.940116886121268
regen_OFDM_s20262105_p+03_Nd4001,OFDM,20262105,3,linear,4.0,2.0
regen_OFDM_s20262105_p+03_Nd4001,OFDM,20262105,3,dsh,4.0,1.9999999980177192
regen_OFDM_s20262105_p+06_Nd4001,OFDM,20262105,6,atomic,0.25,1.8218773616040644
regen_OFDM_s20262105_p+06_Nd4001,OFDM,20262105,6,static,0.25,1.6795155650842406
regen_OFDM_s20262105_p+06_Nd4001,OFDM,20262105,6,static_lti,0.25,1.6883837793854228
regen_OFDM_s20262105_p+06_Nd4001,OFDM,20262105,6,static_mh,0.25,0.38240372898865105
regen_OFDM_s20262105_p+06_Nd4001,OFDM,20262105,6,static_lti_mh,0.25,1.577148869047627
regen_OFDM_s20262105_p+06_Nd4001,OFDM,20262105,6,linear,0.25,2.0
regen_OFDM_s20262105_p+06_Nd4001,OFDM,20262105,6,dsh,0.25,1.9999998159258134
regen_OFDM_s20262105_p+06_Nd4001,OFDM,20262105,6,atomic,0.5,1.8215260255691366
regen_OFDM_s20262105_p+06_Nd4001,OFDM,20262105,6,static,0.5,1.6786391876678697
regen_OFDM_s20262105_p+06_Nd4001,OFDM,20262105,6,static_lti,0.5,1.6878642552050638
regen_OFDM_s20262105_p+06_Nd4001,OFDM,20262105,6,static_mh,0.5,0.38275360131716024
regen_OFDM_s20262105_p+06_Nd4001,OFDM,20262105,6,static_lti_mh,0.5,1.57444465603941
regen_OFDM_s20262105_p+06_Nd4001,OFDM,20262105,6,linear,0.5,2.0
regen_OFDM_s20262105_p+06_Nd4001,OFDM,20262105,6,dsh,0.5,1.9999996764747094
regen_OFDM_s20262105_p+06_Nd4001,OFDM,20262105,6,atomic,1.0,1.818002596646938
regen_OFDM_s20262105_p+06_Nd4001,OFDM,20262105,6,static,1.0,1.6751647803686327
regen_OFDM_s20262105_p+06_Nd4001,OFDM,20262105,6,static_lti,1.0,1.6851907518069136
regen_OFDM_s20262105_p+06_Nd4001,OFDM,20262105,6,static_mh,1.0,0.382962276562157
regen_OFDM_s20262105_p+06_Nd4001,OFDM,20262105,6,static_lti_mh,1.0,1.5670474468568725
regen_OFDM_s20262105_p+06_Nd4001,OFDM,20262105,6,linear,1.0,2.0
regen_OFDM_s20262105_p+06_Nd4001,OFDM,20262105,6,dsh,1.0,1.999998760099694
regen_OFDM_s20262105_p+06_Nd4001,OFDM,20262105,6,atomic,2.0,1.8000658859003646
regen_OFDM_s20262105_p+06_Nd4001,OFDM,20262105,6,static,2.0,1.661329226749305
regen_OFDM_s20262105_p+06_Nd4001,OFDM,20262105,6,static_lti,2.0,1.6731781836493584
regen_OFDM_s20262105_p+06_Nd4001,OFDM,20262105,6,static_mh,2.0,0.38152265633492677
regen_OFDM_s20262105_p+06_Nd4001,OFDM,20262105,6,static_lti_mh,2.0,1.5436212260469167
regen_OFDM_s20262105_p+06_Nd4001,OFDM,20262105,6,linear,2.0,2.0
regen_OFDM_s20262105_p+06_Nd4001,OFDM,20262105,6,dsh,2.0,1.9999740628397757
regen_OFDM_s20262105_p+06_Nd4001,OFDM,20262105,6,atomic,4.0,1.7251837708389537
regen_OFDM_s20262105_p+06_Nd4001,OFDM,20262105,6,static,4.0,1.6045976985333819
regen_OFDM_s20262105_p+06_Nd4001,OFDM,20262105,6,static_lti,4.0,1.6160541735356666
regen_OFDM_s20262105_p+06_Nd4001,OFDM,20262105,6,static_mh,4.0,0.3722383591894581
regen_OFDM_s20262105_p+06_Nd4001,OFDM,20262105,6,static_lti_mh,4.0,1.4587572130992166
regen_OFDM_s20262105_p+06_Nd4001,OFDM,20262105,6,linear,4.0,2.0
regen_OFDM_s20262105_p+06_Nd4001,OFDM,20262105,6,dsh,4.0,1.9878473202877405
regen_OFDM_s20262105_p-03_Nd4001,OFDM,20262105,-3,atomic,0.25,2.0
regen_OFDM_s20262105_p-03_Nd4001,OFDM,20262105,-3,static,0.25,2.0
regen_OFDM_s20262105_p-03_Nd4001,OFDM,20262105,-3,static_lti,0.25,2.0
regen_OFDM_s20262105_p-03_Nd4001,OFDM,20262105,-3,static_mh,0.25,1.927669598988515
regen_OFDM_s20262105_p-03_Nd4001,OFDM,20262105,-3,static_lti_mh,0.25,2.0
regen_OFDM_s20262105_p-03_Nd4001,OFDM,20262105,-3,linear,0.25,2.0
regen_OFDM_s20262105_p-03_Nd4001,OFDM,20262105,-3,dsh,0.25,2.0
regen_OFDM_s20262105_p-03_Nd4001,OFDM,20262105,-3,atomic,0.5,2.0
regen_OFDM_s20262105_p-03_Nd4001,OFDM,20262105,-3,static,0.5,2.0
regen_OFDM_s20262105_p-03_Nd4001,OFDM,20262105,-3,static_lti,0.5,2.0
regen_OFDM_s20262105_p-03_Nd4001,OFDM,20262105,-3,static_mh,0.5,1.922680877690891
regen_OFDM_s20262105_p-03_Nd4001,OFDM,20262105,-3,static_lti_mh,0.5,2.0
regen_OFDM_s20262105_p-03_Nd4001,OFDM,20262105,-3,linear,0.5,2.0
regen_OFDM_s20262105_p-03_Nd4001,OFDM,20262105,-3,dsh,0.5,2.0
regen_OFDM_s20262105_p-03_Nd4001,OFDM,20262105,-3,atomic,1.0,2.0
regen_OFDM_s20262105_p-03_Nd4001,OFDM,20262105,-3,static,1.0,2.0
regen_OFDM_s20262105_p-03_Nd4001,OFDM,20262105,-3,static_lti,1.0,2.0
regen_OFDM_s20262105_p-03_Nd4001,OFDM,20262105,-3,static_mh,1.0,1.9138972540183732
regen_OFDM_s20262105_p-03_Nd4001,OFDM,20262105,-3,static_lti_mh,1.0,2.0
regen_OFDM_s20262105_p-03_Nd4001,OFDM,20262105,-3,linear,1.0,2.0
regen_OFDM_s20262105_p-03_Nd4001,OFDM,20262105,-3,dsh,1.0,2.0
regen_OFDM_s20262105_p-03_Nd4001,OFDM,20262105,-3,atomic,2.0,1.9999999994463933
regen_OFDM_s20262105_p-03_Nd4001,OFDM,20262105,-3,static,2.0,2.0
regen_OFDM_s20262105_p-03_Nd4001,OFDM,20262105,-3,static_lti,2.0,1.999999996282496
regen_OFDM_s20262105_p-03_Nd4001,OFDM,20262105,-3,static_mh,2.0,1.9000730580115621
regen_OFDM_s20262105_p-03_Nd4001,OFDM,20262105,-3,static_lti_mh,2.0,1.9999999994426276
regen_OFDM_s20262105_p-03_Nd4001,OFDM,20262105,-3,linear,2.0,2.0
regen_OFDM_s20262105_p-03_Nd4001,OFDM,20262105,-3,dsh,2.0,2.0
regen_OFDM_s20262105_p-03_Nd4001,OFDM,20262105,-3,atomic,4.0,1.9887323016423035
regen_OFDM_s20262105_p-03_Nd4001,OFDM,20262105,-3,static,4.0,1.9974529215572936
regen_OFDM_s20262105_p-03_Nd4001,OFDM,20262105,-3,static_lti,4.0,1.9574176311572584
regen_OFDM_s20262105_p-03_Nd4001,OFDM,20262105,-3,static_mh,4.0,1.8626036202984095
regen_OFDM_s20262105_p-03_Nd4001,OFDM,20262105,-3,static_lti_mh,4.0,1.959804822370069
regen_OFDM_s20262105_p-03_Nd4001,OFDM,20262105,-3,linear,4.0,1.9765912347377073
regen_OFDM_s20262105_p-03_Nd4001,OFDM,20262105,-3,dsh,4.0,1.97696583355329
regen_OFDM_s20262105_p-06_Nd4001,OFDM,20262105,-6,atomic,0.25,2.0
regen_OFDM_s20262105_p-06_Nd4001,OFDM,20262105,-6,static,0.25,2.0
regen_OFDM_s20262105_p-06_Nd4001,OFDM,20262105,-6,static_lti,0.25,2.0
regen_OFDM_s20262105_p-06_Nd4001,OFDM,20262105,-6,static_mh,0.25,1.9645420112429777
regen_OFDM_s20262105_p-06_Nd4001,OFDM,20262105,-6,static_lti_mh,0.25,2.0
regen_OFDM_s20262105_p-06_Nd4001,OFDM,20262105,-6,linear,0.25,2.0
regen_OFDM_s20262105_p-06_Nd4001,OFDM,20262105,-6,dsh,0.25,2.0
regen_OFDM_s20262105_p-06_Nd4001,OFDM,20262105,-6,atomic,0.5,2.0
regen_OFDM_s20262105_p-06_Nd4001,OFDM,20262105,-6,static,0.5,2.0
regen_OFDM_s20262105_p-06_Nd4001,OFDM,20262105,-6,static_lti,0.5,2.0
regen_OFDM_s20262105_p-06_Nd4001,OFDM,20262105,-6,static_mh,0.5,1.9630740945812317
regen_OFDM_s20262105_p-06_Nd4001,OFDM,20262105,-6,static_lti_mh,0.5,2.0
regen_OFDM_s20262105_p-06_Nd4001,OFDM,20262105,-6,linear,0.5,2.0
regen_OFDM_s20262105_p-06_Nd4001,OFDM,20262105,-6,dsh,0.5,2.0
regen_OFDM_s20262105_p-06_Nd4001,OFDM,20262105,-6,atomic,1.0,2.0
regen_OFDM_s20262105_p-06_Nd4001,OFDM,20262105,-6,static,1.0,2.0
regen_OFDM_s20262105_p-06_Nd4001,OFDM,20262105,-6,static_lti,1.0,2.0
regen_OFDM_s20262105_p-06_Nd4001,OFDM,20262105,-6,static_mh,1.0,1.957520471843774
regen_OFDM_s20262105_p-06_Nd4001,OFDM,20262105,-6,static_lti_mh,1.0,2.0
regen_OFDM_s20262105_p-06_Nd4001,OFDM,20262105,-6,linear,1.0,2.0
regen_OFDM_s20262105_p-06_Nd4001,OFDM,20262105,-6,dsh,1.0,2.0
regen_OFDM_s20262105_p-06_Nd4001,OFDM,20262105,-6,atomic,2.0,1.999999847003887
regen_OFDM_s20262105_p-06_Nd4001,OFDM,20262105,-6,static,2.0,1.9999999999798153
regen_OFDM_s20262105_p-06_Nd4001,OFDM,20262105,-6,static_lti,2.0,1.9994741985474882
regen_OFDM_s20262105_p-06_Nd4001,OFDM,20262105,-6,static_mh,2.0,1.9437732095138707
regen_OFDM_s20262105_p-06_Nd4001,OFDM,20262105,-6,static_lti_mh,2.0,1.9999048800569688
regen_OFDM_s20262105_p-06_Nd4001,OFDM,20262105,-6,linear,2.0,1.9999949039691267
regen_OFDM_s20262105_p-06_Nd4001,OFDM,20262105,-6,dsh,2.0,1.9999961779654025
regen_OFDM_s20262105_p-06_Nd4001,OFDM,20262105,-6,atomic,4.0,1.8909309047608986
regen_OFDM_s20262105_p-06_Nd4001,OFDM,20262105,-6,static,4.0,1.9639603589487555
regen_OFDM_s20262105_p-06_Nd4001,OFDM,20262105,-6,static_lti,4.0,1.8768895298656034
regen_OFDM_s20262105_p-06_Nd4001,OFDM,20262105,-6,static_mh,4.0,1.8591990253575599
regen_OFDM_s20262105_p-06_Nd4001,OFDM,20262105,-6,static_lti_mh,4.0,1.8760962562100751
regen_OFDM_s20262105_p-06_Nd4001,OFDM,20262105,-6,linear,4.0,1.9029880020507575
regen_OFDM_s20262105_p-06_Nd4001,OFDM,20262105,-6,dsh,4.0,1.887750775299153
regen_OFDM_s20262105_p-10_Nd4001,OFDM,20262105,-10,atomic,0.25,2.0
regen_OFDM_s20262105_p-10_Nd4001,OFDM,20262105,-10,static,0.25,2.0
regen_OFDM_s20262105_p-10_Nd4001,OFDM,20262105,-10,static_lti,0.25,2.0
regen_OFDM_s20262105_p-10_Nd4001,OFDM,20262105,-10,static_mh,0.25,1.9820549718794316
regen_OFDM_s20262105_p-10_Nd4001,OFDM,20262105,-10,static_lti_mh,0.25,2.0
regen_OFDM_s20262105_p-10_Nd4001,OFDM,20262105,-10,linear,0.25,2.0
regen_OFDM_s20262105_p-10_Nd4001,OFDM,20262105,-10,dsh,0.25,2.0
regen_OFDM_s20262105_p-10_Nd4001,OFDM,20262105,-10,atomic,0.5,2.0
regen_OFDM_s20262105_p-10_Nd4001,OFDM,20262105,-10,static,0.5,2.0
regen_OFDM_s20262105_p-10_Nd4001,OFDM,20262105,-10,static_lti,0.5,2.0
regen_OFDM_s20262105_p-10_Nd4001,OFDM,20262105,-10,static_mh,0.5,1.9812887013911777
regen_OFDM_s20262105_p-10_Nd4001,OFDM,20262105,-10,static_lti_mh,0.5,2.0
regen_OFDM_s20262105_p-10_Nd4001,OFDM,20262105,-10,linear,0.5,2.0
regen_OFDM_s20262105_p-10_Nd4001,OFDM,20262105,-10,dsh,0.5,2.0
regen_OFDM_s20262105_p-10_Nd4001,OFDM,20262105,-10,atomic,1.0,1.9999999999999913
regen_OFDM_s20262105_p-10_Nd4001,OFDM,20262105,-10,static,1.0,2.0
regen_OFDM_s20262105_p-10_Nd4001,OFDM,20262105,-10,static_lti,1.0,1.9999999999951064
regen_OFDM_s20262105_p-10_Nd4001,OFDM,20262105,-10,static_mh,1.0,1.9808726550542266
regen_OFDM_s20262105_p-10_Nd4001,OFDM,20262105,-10,static_lti_mh,1.0,1.9999999999989204
regen_OFDM_s20262105_p-10_Nd4001,OFDM,20262105,-10,linear,1.0,1.9999999999997726
regen_OFDM_s20262105_p-10_Nd4001,OFDM,20262105,-10,dsh,1.0,1.9999999999998717
regen_OFDM_s20262105_p-10_Nd4001,OFDM,20262105,-10,atomic,2.0,1.9708471734700461
regen_OFDM_s20262105_p-10_Nd4001,OFDM,20262105,-10,static,2.0,1.9991072811133965
regen_OFDM_s20262105_p-10_Nd4001,OFDM,20262105,-10,static_lti,2.0,1.9601972234203708
regen_OFDM_s20262105_p-10_Nd4001,OFDM,20262105,-10,static_mh,2.0,1.9653042702967107
regen_OFDM_s20262105_p-10_Nd4001,OFDM,20262105,-10,static_lti_mh,2.0,1.9624547778429213
regen_OFDM_s20262105_p-10_Nd4001,OFDM,20262105,-10,linear,2.0,1.9644864297043305
regen_OFDM_s20262105_p-10_Nd4001,OFDM,20262105,-10,dsh,2.0,1.9653631413977344
regen_OFDM_s20262105_p-10_Nd4001,OFDM,20262105,-10,atomic,4.0,1.5105880404632588
regen_OFDM_s20262105_p-10_Nd4001,OFDM,20262105,-10,static,4.0,1.6465203599090734
regen_OFDM_s20262105_p-10_Nd4001,OFDM,20262105,-10,static_lti,4.0,1.4891048045686197
regen_OFDM_s20262105_p-10_Nd4001,OFDM,20262105,-10,static_mh,4.0,1.5904920280175268
regen_OFDM_s20262105_p-10_Nd4001,OFDM,20262105,-10,static_lti_mh,4.0,1.4919676244038491
regen_OFDM_s20262105_p-10_Nd4001,OFDM,20262105,-10,linear,4.0,1.522120937542801
regen_OFDM_s20262105_p-10_Nd4001,OFDM,20262105,-10,dsh,4.0,1.5083493659226828
regen_OFDM_s20262105_p-15_Nd4001,OFDM,20262105,-15,atomic,0.25,2.0
regen_OFDM_s20262105_p-15_Nd4001,OFDM,20262105,-15,static,0.25,2.0
regen_OFDM_s20262105_p-15_Nd4001,OFDM,20262105,-15,static_lti,0.25,2.0
regen_OFDM_s20262105_p-15_Nd4001,OFDM,20262105,-15,static_mh,0.25,1.9999999999985187
regen_OFDM_s20262105_p-15_Nd4001,OFDM,20262105,-15,static_lti_mh,0.25,2.0
regen_OFDM_s20262105_p-15_Nd4001,OFDM,20262105,-15,linear,0.25,2.0
regen_OFDM_s20262105_p-15_Nd4001,OFDM,20262105,-15,dsh,0.25,2.0
regen_OFDM_s20262105_p-15_Nd4001,OFDM,20262105,-15,atomic,0.5,2.0
regen_OFDM_s20262105_p-15_Nd4001,OFDM,20262105,-15,static,0.5,2.0
regen_OFDM_s20262105_p-15_Nd4001,OFDM,20262105,-15,static_lti,0.5,2.0
regen_OFDM_s20262105_p-15_Nd4001,OFDM,20262105,-15,static_mh,0.5,1.9999999956839876
regen_OFDM_s20262105_p-15_Nd4001,OFDM,20262105,-15,static_lti_mh,0.5,2.0
regen_OFDM_s20262105_p-15_Nd4001,OFDM,20262105,-15,linear,0.5,2.0
regen_OFDM_s20262105_p-15_Nd4001,OFDM,20262105,-15,dsh,0.5,2.0
regen_OFDM_s20262105_p-15_Nd4001,OFDM,20262105,-15,atomic,1.0,1.9816443076076546
regen_OFDM_s20262105_p-15_Nd4001,OFDM,20262105,-15,static,1.0,1.9999879622036585
regen_OFDM_s20262105_p-15_Nd4001,OFDM,20262105,-15,static_lti,1.0,1.975785986459722
regen_OFDM_s20262105_p-15_Nd4001,OFDM,20262105,-15,static_mh,1.0,1.9997499642987424
regen_OFDM_s20262105_p-15_Nd4001,OFDM,20262105,-15,static_lti_mh,1.0,1.9777595062640303
regen_OFDM_s20262105_p-15_Nd4001,OFDM,20262105,-15,linear,1.0,1.977043765126171
regen_OFDM_s20262105_p-15_Nd4001,OFDM,20262105,-15,dsh,1.0,1.9787414309193732
regen_OFDM_s20262105_p-15_Nd4001,OFDM,20262105,-15,atomic,2.0,1.6568453240046377
regen_OFDM_s20262105_p-15_Nd4001,OFDM,20262105,-15,static,2.0,1.7964609531034796
regen_OFDM_s20262105_p-15_Nd4001,OFDM,20262105,-15,static_lti,2.0,1.6488375699662088
regen_OFDM_s20262105_p-15_Nd4001,OFDM,20262105,-15,static_mh,2.0,1.780563443036805
regen_OFDM_s20262105_p-15_Nd4001,OFDM,20262105,-15,static_lti_mh,2.0,1.6496973218121318
regen_OFDM_s20262105_p-15_Nd4001,OFDM,20262105,-15,linear,2.0,1.6559812360656498
regen_OFDM_s20262105_p-15_Nd4001,OFDM,20262105,-15,dsh,2.0,1.6534203031420767
regen_OFDM_s20262105_p-15_Nd4001,OFDM,20262105,-15,atomic,4.0,0.5867377969390862
regen_OFDM_s20262105_p-15_Nd4001,OFDM,20262105,-15,static,4.0,0.7993000160945071
regen_OFDM_s20262105_p-15_Nd4001,OFDM,20262105,-15,static_lti,4.0,0.5755713605874223
regen_OFDM_s20262105_p-15_Nd4001,OFDM,20262105,-15,static_mh,4.0,0.7960156065350877
regen_OFDM_s20262105_p-15_Nd4001,OFDM,20262105,-15,static_lti_mh,4.0,0.5739082456434068
regen_OFDM_s20262105_p-15_Nd4001,OFDM,20262105,-15,linear,4.0,0.5848625941118905
regen_OFDM_s20262105_p-15_Nd4001,OFDM,20262105,-15,dsh,4.0,0.578923031348857
regen_OFDM_s20262205_p+00_Nd4001,OFDM,20262205,0,atomic,0.25,1.9579910125201796
regen_OFDM_s20262205_p+00_Nd4001,OFDM,20262205,0,static,0.25,2.0
regen_OFDM_s20262205_p+00_Nd4001,OFDM,20262205,0,static_lti,0.25,2.0
regen_OFDM_s20262205_p+00_Nd4001,OFDM,20262205,0,static_mh,0.25,1.8627891425713141
regen_OFDM_s20262205_p+00_Nd4001,OFDM,20262205,0,static_lti_mh,0.25,2.0
regen_OFDM_s20262205_p+00_Nd4001,OFDM,20262205,0,linear,0.25,2.0
regen_OFDM_s20262205_p+00_Nd4001,OFDM,20262205,0,dsh,0.25,2.0
regen_OFDM_s20262205_p+00_Nd4001,OFDM,20262205,0,atomic,0.5,1.9587128298559504
regen_OFDM_s20262205_p+00_Nd4001,OFDM,20262205,0,static,0.5,2.0
regen_OFDM_s20262205_p+00_Nd4001,OFDM,20262205,0,static_lti,0.5,2.0
regen_OFDM_s20262205_p+00_Nd4001,OFDM,20262205,0,static_mh,0.5,1.8636745910024057
regen_OFDM_s20262205_p+00_Nd4001,OFDM,20262205,0,static_lti_mh,0.5,1.9999999999999996
regen_OFDM_s20262205_p+00_Nd4001,OFDM,20262205,0,linear,0.5,2.0
regen_OFDM_s20262205_p+00_Nd4001,OFDM,20262205,0,dsh,0.5,2.0
regen_OFDM_s20262205_p+00_Nd4001,OFDM,20262205,0,atomic,1.0,1.9598374392624183
regen_OFDM_s20262205_p+00_Nd4001,OFDM,20262205,0,static,1.0,1.9999999999999774
regen_OFDM_s20262205_p+00_Nd4001,OFDM,20262205,0,static_lti,1.0,1.9999999999999953
regen_OFDM_s20262205_p+00_Nd4001,OFDM,20262205,0,static_mh,1.0,1.863992884778229
regen_OFDM_s20262205_p+00_Nd4001,OFDM,20262205,0,static_lti_mh,1.0,1.9999999999994964
regen_OFDM_s20262205_p+00_Nd4001,OFDM,20262205,0,linear,1.0,2.0
regen_OFDM_s20262205_p+00_Nd4001,OFDM,20262205,0,dsh,1.0,2.0
regen_OFDM_s20262205_p+00_Nd4001,OFDM,20262205,0,atomic,2.0,1.959681021225919
regen_OFDM_s20262205_p+00_Nd4001,OFDM,20262205,0,static,2.0,1.9999997063100914
regen_OFDM_s20262205_p+00_Nd4001,OFDM,20262205,0,static_lti,2.0,1.9999999805238584
regen_OFDM_s20262205_p+00_Nd4001,OFDM,20262205,0,static_mh,2.0,1.8580181180264663
regen_OFDM_s20262205_p+00_Nd4001,OFDM,20262205,0,static_lti_mh,2.0,1.9999998490241784
regen_OFDM_s20262205_p+00_Nd4001,OFDM,20262205,0,linear,2.0,2.0
regen_OFDM_s20262205_p+00_Nd4001,OFDM,20262205,0,dsh,2.0,2.0
regen_OFDM_s20262205_p+00_Nd4001,OFDM,20262205,0,atomic,4.0,1.9378343994228278
regen_OFDM_s20262205_p+00_Nd4001,OFDM,20262205,0,static,4.0,1.9819834470804414
regen_OFDM_s20262205_p+00_Nd4001,OFDM,20262205,0,static_lti,4.0,1.972676027728924
regen_OFDM_s20262205_p+00_Nd4001,OFDM,20262205,0,static_mh,4.0,1.8117015157003746
regen_OFDM_s20262205_p+00_Nd4001,OFDM,20262205,0,static_lti_mh,4.0,1.974604347002008
regen_OFDM_s20262205_p+00_Nd4001,OFDM,20262205,0,linear,4.0,1.9999998740999514
regen_OFDM_s20262205_p+00_Nd4001,OFDM,20262205,0,dsh,4.0,1.9962615744991132
regen_OFDM_s20262205_p+03_Nd4001,OFDM,20262205,3,atomic,0.25,1.736797259356583
regen_OFDM_s20262205_p+03_Nd4001,OFDM,20262205,3,static,0.25,1.998347910280398
regen_OFDM_s20262205_p+03_Nd4001,OFDM,20262205,3,static_lti,0.25,1.9989273514111066
regen_OFDM_s20262205_p+03_Nd4001,OFDM,20262205,3,static_mh,0.25,0.9020418724297552
regen_OFDM_s20262205_p+03_Nd4001,OFDM,20262205,3,static_lti_mh,0.25,1.9968834732138598
regen_OFDM_s20262205_p+03_Nd4001,OFDM,20262205,3,linear,0.25,2.0
regen_OFDM_s20262205_p+03_Nd4001,OFDM,20262205,3,dsh,0.25,2.0
regen_OFDM_s20262205_p+03_Nd4001,OFDM,20262205,3,atomic,0.5,1.736207979810225
regen_OFDM_s20262205_p+03_Nd4001,OFDM,20262205,3,static,0.5,1.997267129476693
regen_OFDM_s20262205_p+03_Nd4001,OFDM,20262205,3,static_lti,0.5,1.9984413812600457
regen_OFDM_s20262205_p+03_Nd4001,OFDM,20262205,3,static_mh,0.5,0.9035636965512333
regen_OFDM_s20262205_p+03_Nd4001,OFDM,20262205,3,static_lti_mh,0.5,1.9960385512291583
regen_OFDM_s20262205_p+03_Nd4001,OFDM,20262205,3,linear,0.5,2.0
regen_OFDM_s20262205_p+03_Nd4001,OFDM,20262205,3,dsh,0.5,2.0
regen_OFDM_s20262205_p+03_Nd4001,OFDM,20262205,3,atomic,1.0,1.7335862655589678
regen_OFDM_s20262205_p+03_Nd4001,OFDM,20262205,3,static,1.0,1.9930995583113744
regen_OFDM_s20262205_p+03_Nd4001,OFDM,20262205,3,static_lti,1.0,1.9962772158593824
regen_OFDM_s20262205_p+03_Nd4001,OFDM,20262205,3,static_mh,1.0,0.9056579190854768
regen_OFDM_s20262205_p+03_Nd4001,OFDM,20262205,3,static_lti_mh,1.0,1.9929228886594073
regen_OFDM_s20262205_p+03_Nd4001,OFDM,20262205,3,linear,1.0,2.0
regen_OFDM_s20262205_p+03_Nd4001,OFDM,20262205,3,dsh,1.0,2.0
regen_OFDM_s20262205_p+03_Nd4001,OFDM,20262205,3,atomic,2.0,1.7215442286130787
regen_OFDM_s20262205_p+03_Nd4001,OFDM,20262205,3,static,2.0,1.9810659257710954
regen_OFDM_s20262205_p+03_Nd4001,OFDM,20262205,3,static_lti,2.0,1.9856842025952226
regen_OFDM_s20262205_p+03_Nd4001,OFDM,20262205,3,static_mh,2.0,0.9060553757558174
regen_OFDM_s20262205_p+03_Nd4001,OFDM,20262205,3,static_lti_mh,2.0,1.9818801353601085
regen_OFDM_s20262205_p+03_Nd4001,OFDM,20262205,3,linear,2.0,2.0
regen_OFDM_s20262205_p+03_Nd4001,OFDM,20262205,3,dsh,2.0,2.0
regen_OFDM_s20262205_p+03_Nd4001,OFDM,20262205,3,atomic,4.0,1.655609396141035
regen_OFDM_s20262205_p+03_Nd4001,OFDM,20262205,3,static,4.0,1.943308725845613
regen_OFDM_s20262205_p+03_Nd4001,OFDM,20262205,3,static_lti,4.0,1.9369144383035513
regen_OFDM_s20262205_p+03_Nd4001,OFDM,20262205,3,static_mh,4.0,0.8922477862556578
regen_OFDM_s20262205_p+03_Nd4001,OFDM,20262205,3,static_lti_mh,4.0,1.932559448971412
regen_OFDM_s20262205_p+03_Nd4001,OFDM,20262205,3,linear,4.0,2.0
regen_OFDM_s20262205_p+03_Nd4001,OFDM,20262205,3,dsh,4.0,1.9999999088211393
regen_OFDM_s20262205_p+06_Nd4001,OFDM,20262205,6,atomic,0.25,1.8161098317457525
regen_OFDM_s20262205_p+06_Nd4001,OFDM,20262205,6,static,0.25,1.70127865123796
regen_OFDM_s20262205_p+06_Nd4001,OFDM,20262205,6,static_lti,0.25,1.726085332715316
regen_OFDM_s20262205_p+06_Nd4001,OFDM,20262205,6,static_mh,0.25,0.3666988390766438
regen_OFDM_s20262205_p+06_Nd4001,OFDM,20262205,6,static_lti_mh,0.25,1.6327510370803633
regen_OFDM_s20262205_p+06_Nd4001,OFDM,20262205,6,linear,0.25,2.0
regen_OFDM_s20262205_p+06_Nd4001,OFDM,20262205,6,dsh,0.25,1.9999999999960063
regen_OFDM_s20262205_p+06_Nd4001,OFDM,20262205,6,atomic,0.5,1.8139607713721944
regen_OFDM_s20262205_p+06_Nd4001,OFDM,20262205,6,static,0.5,1.7010922957791643
regen_OFDM_s20262205_p+06_Nd4001,OFDM,20262205,6,static_lti,0.5,1.7270608809965524
regen_OFDM_s20262205_p+06_Nd4001,OFDM,20262205,6,static_mh,0.5,0.3682072828530457
regen_OFDM_s20262205_p+06_Nd4001,OFDM,20262205,6,static_lti_mh,0.5,1.6345242793058108
regen_OFDM_s20262205_p+06_Nd4001,OFDM,20262205,6,linear,0.5,2.0
regen_OFDM_s20262205_p+06_Nd4001,OFDM,20262205,6,dsh,0.5,1.9999999999979978
regen_OFDM_s20262205_p+06_Nd4001,OFDM,20262205,6,atomic,1.0,1.8065540552205985
regen_OFDM_s20262205_p+06_Nd4001,OFDM,20262205,6,static,1.0,1.6988828490834174
regen_OFDM_s20262205_p+06_Nd4001,OFDM,20262205,6,static_lti,1.0,1.7264918554494249
regen_OFDM_s20262205_p+06_Nd4001,OFDM,20262205,6,static_mh,1.0,0.3708215862066859
regen_OFDM_s20262205_p+06_Nd4001,OFDM,20262205,6,static_lti_mh,1.0,1.6357581341540774
regen_OFDM_s20262205_p+06_Nd4001,OFDM,20262205,6,linear,1.0,2.0
regen_OFDM_s20262205_p+06_Nd4001,OFDM,20262205,6,dsh,1.0,1.9999999999943705
regen_OFDM_s20262205_p+06_Nd4001,OFDM,20262205,6,atomic,2.0,1.7816566323616658
regen_OFDM_s20262205_p+06_Nd4001,OFDM,20262205,6,static,2.0,1.686905961334704
regen_OFDM_s20262205_p+06_Nd4001,OFDM,20262205,6,static_lti,2.0,1.715276696687106
regen_OFDM_s20262205_p+06_Nd4001,OFDM,20262205,6,static_mh,2.0,0.37449396429940174
regen_OFDM_s20262205_p+06_Nd4001,OFDM,20262205,6,static_lti_mh,2.0,1.6295014813552477
regen_OFDM_s20262205_p+06_Nd4001,OFDM,20262205,6,linear,2.0,2.0
regen_OFDM_s20262205_p+06_Nd4001,OFDM,20262205,6,dsh,2.0,1.9999999995423356
regen_OFDM_s20262205_p+06_Nd4001,OFDM,20262205,6,atomic,4.0,1.6956267906246985
regen_OFDM_s20262205_p+06_Nd4001,OFDM,20262205,6,static,4.0,1.6336422975428786
regen_OFDM_s20262205_p+06_Nd4001,OFDM,20262205,6,static_lti,4.0,1.655233242658681
regen_OFDM_s20262205_p+06_Nd4001,OFDM,20262205,6,static_mh,4.0,0.3760640085579393
regen_OFDM_s20262205_p+06_Nd4001,OFDM,20262205,6,static_lti_mh,4.0,1.5825450612168237
regen_OFDM_s20262205_p+06_Nd4001,OFDM,20262205,6,linear,4.0,2.0
regen_OFDM_s20262205_p+06_Nd4001,OFDM,20262205,6,dsh,4.0,1.9999985088933168
regen_OFDM_s20262205_p-03_Nd4001,OFDM,20262205,-3,atomic,0.25,2.0
regen_OFDM_s20262205_p-03_Nd4001,OFDM,20262205,-3,static,0.25,2.0
regen_OFDM_s20262205_p-03_Nd4001,OFDM,20262205,-3,static_lti,0.25,2.0
regen_OFDM_s20262205_p-03_Nd4001,OFDM,20262205,-3,static_mh,0.25,1.9947883751028341
regen_OFDM_s20262205_p-03_Nd4001,OFDM,20262205,-3,static_lti_mh,0.25,2.0
regen_OFDM_s20262205_p-03_Nd4001,OFDM,20262205,-3,linear,0.25,2.0
regen_OFDM_s20262205_p-03_Nd4001,OFDM,20262205,-3,dsh,0.25,2.0
regen_OFDM_s20262205_p-03_Nd4001,OFDM,20262205,-3,atomic,0.5,2.0
regen_OFDM_s20262205_p-03_Nd4001,OFDM,20262205,-3,static,0.5,2.0
regen_OFDM_s20262205_p-03_Nd4001,OFDM,20262205,-3,static_lti,0.5,2.0
regen_OFDM_s20262205_p-03_Nd4001,OFDM,20262205,-3,static_mh,0.5,1.9931654488080577
regen_OFDM_s20262205_p-03_Nd4001,OFDM,20262205,-3,static_lti_mh,0.5,2.0
regen_OFDM_s20262205_p-03_Nd4001,OFDM,20262205,-3,linear,0.5,2.0
regen_OFDM_s20262205_p-03_Nd4001,OFDM,20262205,-3,dsh,0.5,2.0
regen_OFDM_s20262205_p-03_Nd4001,OFDM,20262205,-3,atomic,1.0,2.0
regen_OFDM_s20262205_p-03_Nd4001,OFDM,20262205,-3,static,1.0,2.0
regen_OFDM_s20262205_p-03_Nd4001,OFDM,20262205,-3,static_lti,1.0,2.0
regen_OFDM_s20262205_p-03_Nd4001,OFDM,20262205,-3,static_mh,1.0,1.9890803697931367
regen_OFDM_s20262205_p-03_Nd4001,OFDM,20262205,-3,static_lti_mh,1.0,2.0
regen_OFDM_s20262205_p-03_Nd4001,OFDM,20262205,-3,linear,1.0,2.0
regen_OFDM_s20262205_p-03_Nd4001,OFDM,20262205,-3,dsh,1.0,2.0
regen_OFDM_s20262205_p-03_Nd4001,OFDM,20262205,-3,atomic,2.0,1.9999999998293625
regen_OFDM_s20262205_p-03_Nd4001,OFDM,20262205,-3,static,2.0,1.9999999999992824
regen_OFDM_s20262205_p-03_Nd4001,OFDM,20262205,-3,static_lti,2.0,1.9999999999865916
regen_OFDM_s20262205_p-03_Nd4001,OFDM,20262205,-3,static_mh,2.0,1.9774041840263157
regen_OFDM_s20262205_p-03_Nd4001,OFDM,20262205,-3,static_lti_mh,2.0,1.9999999999763538
regen_OFDM_s20262205_p-03_Nd4001,OFDM,20262205,-3,linear,2.0,2.0
regen_OFDM_s20262205_p-03_Nd4001,OFDM,20262205,-3,dsh,2.0,1.9999999999999516
regen_OFDM_s20262205_p-03_Nd4001,OFDM,20262205,-3,atomic,4.0,1.9765116663674458
regen_OFDM_s20262205_p-03_Nd4001,OFDM,20262205,-3,static,4.0,1.9882273619894189
regen_OFDM_s20262205_p-03_Nd4001,OFDM,20262205,-3,static_lti,4.0,1.9395737464253464
regen_OFDM_s20262205_p-03_Nd4001,OFDM,20262205,-3,static_mh,4.0,1.9307828888111043
regen_OFDM_s20262205_p-03_Nd4001,OFDM,20262205,-3,static_lti_mh,4.0,1.9356656951259084
regen_OFDM_s20262205_p-03_Nd4001,OFDM,20262205,-3,linear,4.0,1.9805495476220327
regen_OFDM_s20262205_p-03_Nd4001,OFDM,20262205,-3,dsh,4.0,1.9595220479875828
regen_OFDM_s20262205_p-06_Nd4001,OFDM,20262205,-6,atomic,0.25,2.0
regen_OFDM_s20262205_p-06_Nd4001,OFDM,20262205,-6,static,0.25,2.0
regen_OFDM_s20262205_p-06_Nd4001,OFDM,20262205,-6,static_lti,0.25,2.0
regen_OFDM_s20262205_p-06_Nd4001,OFDM,20262205,-6,static_mh,0.25,1.9392591584818855
regen_OFDM_s20262205_p-06_Nd4001,OFDM,20262205,-6,static_lti_mh,0.25,2.0
regen_OFDM_s20262205_p-06_Nd4001,OFDM,20262205,-6,linear,0.25,2.0
regen_OFDM_s20262205_p-06_Nd4001,OFDM,20262205,-6,dsh,0.25,2.0
regen_OFDM_s20262205_p-06_Nd4001,OFDM,20262205,-6,atomic,0.5,2.0
regen_OFDM_s20262205_p-06_Nd4001,OFDM,20262205,-6,static,0.5,2.0
regen_OFDM_s20262205_p-06_Nd4001,OFDM,20262205,-6,static_lti,0.5,2.0
regen_OFDM_s20262205_p-06_Nd4001,OFDM,20262205,-6,static_mh,0.5,1.9329423413078952
regen_OFDM_s20262205_p-06_Nd4001,OFDM,20262205,-6,static_lti_mh,0.5,2.0
regen_OFDM_s20262205_p-06_Nd4001,OFDM,20262205,-6,linear,0.5,2.0
regen_OFDM_s20262205_p-06_Nd4001,OFDM,20262205,-6,dsh,0.5,2.0
regen_OFDM_s20262205_p-06_Nd4001,OFDM,20262205,-6,atomic,1.0,2.0
regen_OFDM_s20262205_p-06_Nd4001,OFDM,20262205,-6,static,1.0,2.0
regen_OFDM_s20262205_p-06_Nd4001,OFDM,20262205,-6,static_lti,1.0,2.0
regen_OFDM_s20262205_p-06_Nd4001,OFDM,20262205,-6,static_mh,1.0,1.9220095598061582
regen_OFDM_s20262205_p-06_Nd4001,OFDM,20262205,-6,static_lti_mh,1.0,2.0
regen_OFDM_s20262205_p-06_Nd4001,OFDM,20262205,-6,linear,1.0,2.0
regen_OFDM_s20262205_p-06_Nd4001,OFDM,20262205,-6,dsh,1.0,2.0
regen_OFDM_s20262205_p-06_Nd4001,OFDM,20262205,-6,atomic,2.0,1.9999943524433867
regen_OFDM_s20262205_p-06_Nd4001,OFDM,20262205,-6,static,2.0,1.9999999975099887
regen_OFDM_s20262205_p-06_Nd4001,OFDM,20262205,-6,static_lti,2.0,1.9999956451559844
regen_OFDM_s20262205_p-06_Nd4001,OFDM,20262205,-6,static_mh,2.0,1.905764995150821
regen_OFDM_s20262205_p-06_Nd4001,OFDM,20262205,-6,static_lti_mh,2.0,1.9999890639817015
regen_OFDM_s20262205_p-06_Nd4001,OFDM,20262205,-6,linear,2.0,1.9999998898704492
regen_OFDM_s20262205_p-06_Nd4001,OFDM,20262205,-6,dsh,2.0,1.9999960626610502
regen_OFDM_s20262205_p-06_Nd4001,OFDM,20262205,-6,atomic,4.0,1.877025610941968
regen_OFDM_s20262205_p-06_Nd4001,OFDM,20262205,-6,static,4.0,1.9600789005208445
regen_OFDM_s20262205_p-06_Nd4001,OFDM,20262205,-6,static_lti,4.0,1.847956831636866
regen_OFDM_s20262205_p-06_Nd4001,OFDM,20262205,-6,static_mh,4.0,1.8121032525399148
regen_OFDM_s20262205_p-06_Nd4001,OFDM,20262205,-6,static_lti_mh,4.0,1.8515550262739098
regen_OFDM_s20262205_p-06_Nd4001,OFDM,20262205,-6,linear,4.0,1.8843316374707961
regen_OFDM_s20262205_p-06_Nd4001,OFDM,20262205,-6,dsh,4.0,1.8717400970176734
regen_OFDM_s20262205_p-10_Nd4001,OFDM,20262205,-10,atomic,0.25,2.0
regen_OFDM_s20262205_p-10_Nd4001,OFDM,20262205,-10,static,0.25,2.0
regen_OFDM_s20262205_p-10_Nd4001,OFDM,20262205,-10,static_lti,0.25,2.0
regen_OFDM_s20262205_p-10_Nd4001,OFDM,20262205,-10,static_mh,0.25,1.9870226372713693
regen_OFDM_s20262205_p-10_Nd4001,OFDM,20262205,-10,static_lti_mh,0.25,2.0
regen_OFDM_s20262205_p-10_Nd4001,OFDM,20262205,-10,linear,0.25,2.0
regen_OFDM_s20262205_p-10_Nd4001,OFDM,20262205,-10,dsh,0.25,2.0
regen_OFDM_s20262205_p-10_Nd4001,OFDM,20262205,-10,atomic,0.5,2.0
regen_OFDM_s20262205_p-10_Nd4001,OFDM,20262205,-10,static,0.5,2.0
regen_OFDM_s20262205_p-10_Nd4001,OFDM,20262205,-10,static_lti,0.5,2.0
regen_OFDM_s20262205_p-10_Nd4001,OFDM,20262205,-10,static_mh,0.5,1.9779359377594654
regen_OFDM_s20262205_p-10_Nd4001,OFDM,20262205,-10,static_lti_mh,0.5,2.0
regen_OFDM_s20262205_p-10_Nd4001,OFDM,20262205,-10,linear,0.5,2.0
regen_OFDM_s20262205_p-10_Nd4001,OFDM,20262205,-10,dsh,0.5,2.0
regen_OFDM_s20262205_p-10_Nd4001,OFDM,20262205,-10,atomic,1.0,1.999999999999491
regen_OFDM_s20262205_p-10_Nd4001,OFDM,20262205,-10,static,1.0,2.0
regen_OFDM_s20262205_p-10_Nd4001,OFDM,20262205,-10,static_lti,1.0,1.9999999999999678
regen_OFDM_s20262205_p-10_Nd4001,OFDM,20262205,-10,static_mh,1.0,1.9606429276698654
regen_OFDM_s20262205_p-10_Nd4001,OFDM,20262205,-10,static_lti_mh,1.0,1.9999999999998617
regen_OFDM_s20262205_p-10_Nd4001,OFDM,20262205,-10,linear,1.0,1.9999999999999967
regen_OFDM_s20262205_p-10_Nd4001,OFDM,20262205,-10,dsh,1.0,1.9999999999999392
regen_OFDM_s20262205_p-10_Nd4001,OFDM,20262205,-10,atomic,2.0,1.951073933724607
regen_OFDM_s20262205_p-10_Nd4001,OFDM,20262205,-10,static,2.0,1.9987419114837766
regen_OFDM_s20262205_p-10_Nd4001,OFDM,20262205,-10,static_lti,2.0,1.942976280240625
regen_OFDM_s20262205_p-10_Nd4001,OFDM,20262205,-10,static_mh,2.0,1.9265135199903771
regen_OFDM_s20262205_p-10_Nd4001,OFDM,20262205,-10,static_lti_mh,2.0,1.9429334137312246
regen_OFDM_s20262205_p-10_Nd4001,OFDM,20262205,-10,linear,2.0,1.951532842656315
regen_OFDM_s20262205_p-10_Nd4001,OFDM,20262205,-10,dsh,2.0,1.9483411701723372
regen_OFDM_s20262205_p-10_Nd4001,OFDM,20262205,-10,atomic,4.0,1.4950583036502703
regen_OFDM_s20262205_p-10_Nd4001,OFDM,20262205,-10,static,4.0,1.6721523189865781
regen_OFDM_s20262205_p-10_Nd4001,OFDM,20262205,-10,static_lti,4.0,1.4673894709511306
regen_OFDM_s20262205_p-10_Nd4001,OFDM,20262205,-10,static_mh,4.0,1.5289054229511585
regen_OFDM_s20262205_p-10_Nd4001,OFDM,20262205,-10,static_lti_mh,4.0,1.469176059932693
regen_OFDM_s20262205_p-10_Nd4001,OFDM,20262205,-10,linear,4.0,1.5055881766261026
regen_OFDM_s20262205_p-10_Nd4001,OFDM,20262205,-10,dsh,4.0,1.4896690849684031
regen_OFDM_s20262205_p-15_Nd4001,OFDM,20262205,-15,atomic,0.25,2.0
regen_OFDM_s20262205_p-15_Nd4001,OFDM,20262205,-15,static,0.25,2.0
regen_OFDM_s20262205_p-15_Nd4001,OFDM,20262205,-15,static_lti,0.25,2.0
regen_OFDM_s20262205_p-15_Nd4001,OFDM,20262205,-15,static_mh,0.25,1.9999999999676794
regen_OFDM_s20262205_p-15_Nd4001,OFDM,20262205,-15,static_lti_mh,0.25,2.0
regen_OFDM_s20262205_p-15_Nd4001,OFDM,20262205,-15,linear,0.25,2.0
regen_OFDM_s20262205_p-15_Nd4001,OFDM,20262205,-15,dsh,0.25,2.0
regen_OFDM_s20262205_p-15_Nd4001,OFDM,20262205,-15,atomic,0.5,2.0
regen_OFDM_s20262205_p-15_Nd4001,OFDM,20262205,-15,static,0.5,2.0
regen_OFDM_s20262205_p-15_Nd4001,OFDM,20262205,-15,static_lti,0.5,2.0
regen_OFDM_s20262205_p-15_Nd4001,OFDM,20262205,-15,static_mh,0.5,1.9999996247048273
regen_OFDM_s20262205_p-15_Nd4001,OFDM,20262205,-15,static_lti_mh,0.5,2.0
regen_OFDM_s20262205_p-15_Nd4001,OFDM,20262205,-15,linear,0.5,2.0
regen_OFDM_s20262205_p-15_Nd4001,OFDM,20262205,-15,dsh,0.5,2.0
regen_OFDM_s20262205_p-15_Nd4001,OFDM,20262205,-15,atomic,1.0,1.9794183524072708
regen_OFDM_s20262205_p-15_Nd4001,OFDM,20262205,-15,static,1.0,1.9999873140731128
regen_OFDM_s20262205_p-15_Nd4001,OFDM,20262205,-15,static_lti,1.0,1.9791359785072231
regen_OFDM_s20262205_p-15_Nd4001,OFDM,20262205,-15,static_mh,1.0,1.9963375431159627
regen_OFDM_s20262205_p-15_Nd4001,OFDM,20262205,-15,static_lti_mh,1.0,1.9787751599493233
regen_OFDM_s20262205_p-15_Nd4001,OFDM,20262205,-15,linear,1.0,1.981673594820542
regen_OFDM_s20262205_p-15_Nd4001,OFDM,20262205,-15,dsh,1.0,1.9803832081172144
regen_OFDM_s20262205_p-15_Nd4001,OFDM,20262205,-15,atomic,2.0,1.6485114445927078
regen_OFDM_s20262205_p-15_Nd4001,OFDM,20262205,-15,static,2.0,1.815871657969633
regen_OFDM_s20262205_p-15_Nd4001,OFDM,20262205,-15,static_lti,2.0,1.6394057154783763
regen_OFDM_s20262205_p-15_Nd4001,OFDM,20262205,-15,static_mh,2.0,1.7508805216697303
regen_OFDM_s20262205_p-15_Nd4001,OFDM,20262205,-15,static_lti_mh,2.0,1.6407014716842956
regen_OFDM_s20262205_p-15_Nd4001,OFDM,20262205,-15,linear,2.0,1.6480663233857942
regen_OFDM_s20262205_p-15_Nd4001,OFDM,20262205,-15,dsh,2.0,1.6457403405108868
regen_OFDM_s20262205_p-15_Nd4001,OFDM,20262205,-15,atomic,4.0,0.22693741375926835
regen_OFDM_s20262205_p-15_Nd4001,OFDM,20262205,-15,static,4.0,0.7861696250876575
regen_OFDM_s20262205_p-15_Nd4001,OFDM,20262205,-15,static_lti,4.0,0.23303047148048373
regen_OFDM_s20262205_p-15_Nd4001,OFDM,20262205,-15,static_mh,4.0,0.7508961674047525
regen_OFDM_s20262205_p-15_Nd4001,OFDM,20262205,-15,static_lti_mh,4.0,0.23638690620015523
regen_OFDM_s20262205_p-15_Nd4001,OFDM,20262205,-15,linear,4.0,0.2294004709650038
regen_OFDM_s20262205_p-15_Nd4001,OFDM,20262205,-15,dsh,4.0,0.23641630785177428
regen_OFDM_s20262305_p+00_Nd4001,OFDM,20262305,0,atomic,0.25,1.9973442541526645
regen_OFDM_s20262305_p+00_Nd4001,OFDM,20262305,0,static,0.25,2.0
regen_OFDM_s20262305_p+00_Nd4001,OFDM,20262305,0,static_lti,0.25,2.0
regen_OFDM_s20262305_p+00_Nd4001,OFDM,20262305,0,static_mh,0.25,1.699723610032926
regen_OFDM_s20262305_p+00_Nd4001,OFDM,20262305,0,static_lti_mh,0.25,1.999999999999994
regen_OFDM_s20262305_p+00_Nd4001,OFDM,20262305,0,linear,0.25,2.0
regen_OFDM_s20262305_p+00_Nd4001,OFDM,20262305,0,dsh,0.25,2.0
regen_OFDM_s20262305_p+00_Nd4001,OFDM,20262305,0,atomic,0.5,1.995061025047588
regen_OFDM_s20262305_p+00_Nd4001,OFDM,20262305,0,static,0.5,2.0
regen_OFDM_s20262305_p+00_Nd4001,OFDM,20262305,0,static_lti,0.5,1.9999999999999993
regen_OFDM_s20262305_p+00_Nd4001,OFDM,20262305,0,static_mh,0.5,1.6999809409329614
regen_OFDM_s20262305_p+00_Nd4001,OFDM,20262305,0,static_lti_mh,0.5,1.999999999999969
regen_OFDM_s20262305_p+00_Nd4001,OFDM,20262305,0,linear,0.5,2.0
regen_OFDM_s20262305_p+00_Nd4001,OFDM,20262305,0,dsh,0.5,2.0
regen_OFDM_s20262305_p+00_Nd4001,OFDM,20262305,0,atomic,1.0,1.9880045079801696
regen_OFDM_s20262305_p+00_Nd4001,OFDM,20262305,0,static,1.0,1.999999999999996
regen_OFDM_s20262305_p+00_Nd4001,OFDM,20262305,0,static_lti,1.0,1.9999999999999796
regen_OFDM_s20262305_p+00_Nd4001,OFDM,20262305,0,static_mh,1.0,1.6987856848298128
regen_OFDM_s20262305_p+00_Nd4001,OFDM,20262305,0,static_lti_mh,1.0,1.9999999999954279
regen_OFDM_s20262305_p+00_Nd4001,OFDM,20262305,0,linear,1.0,2.0
regen_OFDM_s20262305_p+00_Nd4001,OFDM,20262305,0,dsh,1.0,2.0
regen_OFDM_s20262305_p+00_Nd4001,OFDM,20262305,0,atomic,2.0,1.9627715737518225
regen_OFDM_s20262305_p+00_Nd4001,OFDM,20262305,0,static,2.0,1.9999999999772011
regen_OFDM_s20262305_p+00_Nd4001,OFDM,20262305,0,static_lti,2.0,1.9999999988722232
regen_OFDM_s20262305_p+00_Nd4001,OFDM,20262305,0,static_mh,2.0,1.6898064079393749
regen_OFDM_s20262305_p+00_Nd4001,OFDM,20262305,0,static_lti_mh,2.0,1.9999999367240313
regen_OFDM_s20262305_p+00_Nd4001,OFDM,20262305,0,linear,2.0,2.0
regen_OFDM_s20262305_p+00_Nd4001,OFDM,20262305,0,dsh,2.0,2.0
regen_OFDM_s20262305_p+00_Nd4001,OFDM,20262305,0,atomic,4.0,1.8997231977833928
regen_OFDM_s20262305_p+00_Nd4001,OFDM,20262305,0,static,4.0,1.9999696782300538
regen_OFDM_s20262305_p+00_Nd4001,OFDM,20262305,0,static_lti,4.0,1.99838116604124
regen_OFDM_s20262305_p+00_Nd4001,OFDM,20262305,0,static_mh,4.0,1.645307023759072
regen_OFDM_s20262305_p+00_Nd4001,OFDM,20262305,0,static_lti_mh,4.0,1.9974102438366839
regen_OFDM_s20262305_p+00_Nd4001,OFDM,20262305,0,linear,4.0,1.9999999999149523
regen_OFDM_s20262305_p+00_Nd4001,OFDM,20262305,0,dsh,4.0,1.9999999071012673
regen_OFDM_s20262305_p+03_Nd4001,OFDM,20262305,3,atomic,0.25,1.9290050940545855
regen_OFDM_s20262305_p+03_Nd4001,OFDM,20262305,3,static,0.25,1.9952976152494066
regen_OFDM_s20262305_p+03_Nd4001,OFDM,20262305,3,static_lti,0.25,1.9979461873083009
regen_OFDM_s20262305_p+03_Nd4001,OFDM,20262305,3,static_mh,0.25,0.8828760364386757
regen_OFDM_s20262305_p+03_Nd4001,OFDM,20262305,3,static_lti_mh,0.25,1.996723129593665
regen_OFDM_s20262305_p+03_Nd4001,OFDM,20262305,3,linear,0.25,2.0
regen_OFDM_s20262305_p+03_Nd4001,OFDM,20262305,3,dsh,0.25,2.0
regen_OFDM_s20262305_p+03_Nd4001,OFDM,20262305,3,atomic,0.5,1.9269514822234435
regen_OFDM_s20262305_p+03_Nd4001,OFDM,20262305,3,static,0.5,1.9951165335779304
regen_OFDM_s20262305_p+03_Nd4001,OFDM,20262305,3,static_lti,0.5,1.9977914800768657
regen_OFDM_s20262305_p+03_Nd4001,OFDM,20262305,3,static_mh,0.5,0.883081760058816
regen_OFDM_s20262305_p+03_Nd4001,OFDM,20262305,3,static_lti_mh,0.5,1.9962985560474356
regen_OFDM_s20262305_p+03_Nd4001,OFDM,20262305,3,linear,0.5,2.0
regen_OFDM_s20262305_p+03_Nd4001,OFDM,20262305,3,dsh,0.5,2.0
regen_OFDM_s20262305_p+03_Nd4001,OFDM,20262305,3,atomic,1.0,1.9200623654964883
regen_OFDM_s20262305_p+03_Nd4001,OFDM,20262305,3,static,1.0,1.9946315819785776
regen_OFDM_s20262305_p+03_Nd4001,OFDM,20262305,3,static_lti,1.0,1.9972666788003293
regen_OFDM_s20262305_p+03_Nd4001,OFDM,20262305,3,static_mh,1.0,0.8827127680689075
regen_OFDM_s20262305_p+03_Nd4001,OFDM,20262305,3,static_lti_mh,1.0,1.9949008973024132
regen_OFDM_s20262305_p+03_Nd4001,OFDM,20262305,3,linear,1.0,2.0
regen_OFDM_s20262305_p+03_Nd4001,OFDM,20262305,3,dsh,1.0,2.0
regen_OFDM_s20262305_p+03_Nd4001,OFDM,20262305,3,atomic,2.0,1.896147622812641
regen_OFDM_s20262305_p+03_Nd4001,OFDM,20262305,3,static,2.0,1.9928548222670526
regen_OFDM_s20262305_p+03_Nd4001,OFDM,20262305,3,static_lti,2.0,1.9942039577602215
regen_OFDM_s20262305_p+03_Nd4001,OFDM,20262305,3,static_mh,2.0,0.8791344498809125
regen_OFDM_s20262305_p+03_Nd4001,OFDM,20262305,3,static_lti_mh,2.0,1.9892837097469196
regen_OFDM_s20262305_p+03_Nd4001,OFDM,20262305,3,linear,2.0,2.0
regen_OFDM_s20262305_p+03_Nd4001,OFDM,20262305,3,dsh,2.0,2.0
regen_OFDM_s20262305_p+03_Nd4001,OFDM,20262305,3,atomic,4.0,1.8135421370550284
regen_OFDM_s20262305_p+03_Nd4001,OFDM,20262305,3,static,4.0,1.9810904138481433
regen_OFDM_s20262305_p+03_Nd4001,OFDM,20262305,3,static_lti,4.0,1.964985067485773
regen_OFDM_s20262305_p+03_Nd4001,OFDM,20262305,3,static_mh,4.0,0.8622111385932091
regen_OFDM_s20262305_p+03_Nd4001,OFDM,20262305,3,static_lti_mh,4.0,1.9592739359732865
regen_OFDM_s20262305_p+03_Nd4001,OFDM,20262305,3,linear,4.0,2.0
regen_OFDM_s20262305_p+03_Nd4001,OFDM,20262305,3,dsh,4.0,1.9999999999270093
regen_OFDM_s20262305_p+06_Nd4001,OFDM,20262305,6,atomic,0.25,1.775059914701261
regen_OFDM_s20262305_p+06_Nd4001,OFDM,20262305,6,static,0.25,1.7512299541394742
regen_OFDM_s20262305_p+06_Nd4001,OFDM,20262305,6,static_lti,0.25,1.7660283495277374
regen_OFDM_s20262305_p+06_Nd4001,OFDM,20262305,6,static_mh,0.25,0.3645293503533412
regen_OFDM_s20262305_p+06_Nd4001,OFDM,20262305,6,static_lti_mh,0.25,1.690002728212465
regen_OFDM_s20262305_p+06_Nd4001,OFDM,20262305,6,linear,0.25,2.0
regen_OFDM_s20262305_p+06_Nd4001,OFDM,20262305,6,dsh,0.25,1.9999999992914397
regen_OFDM_s20262305_p+06_Nd4001,OFDM,20262305,6,atomic,0.5,1.769502835171337
regen_OFDM_s20262305_p+06_Nd4001,OFDM,20262305,6,static,0.5,1.7511629962658857
regen_OFDM_s20262305_p+06_Nd4001,OFDM,20262305,6,static_lti,0.5,1.7644150950346784
regen_OFDM_s20262305_p+06_Nd4001,OFDM,20262305,6,static_mh,0.5,0.3625978072390208
regen_OFDM_s20262305_p+06_Nd4001,OFDM,20262305,6,static_lti_mh,0.5,1.6901680405067185
regen_OFDM_s20262305_p+06_Nd4001,OFDM,20262305,6,linear,0.5,2.0
regen_OFDM_s20262305_p+06_Nd4001,OFDM,20262305,6,dsh,0.5,1.999999999045868
regen_OFDM_s20262305_p+06_Nd4001,OFDM,20262305,6,atomic,1.0,1.7560843696238542
regen_OFDM_s20262305_p+06_Nd4001,OFDM,20262305,6,static,1.0,1.7491128221066965
regen_OFDM_s20262305_p+06_Nd4001,OFDM,20262305,6,static_lti,1.0,1.759183256279486
regen_OFDM_s20262305_p+06_Nd4001,OFDM,20262305,6,static_mh,1.0,0.35845329028454614
regen_OFDM_s20262305_p+06_Nd4001,OFDM,20262305,6,static_lti_mh,1.0,1.6875722116221756
regen_OFDM_s20262305_p+06_Nd4001,OFDM,20262305,6,linear,1.0,2.0
regen_OFDM_s20262305_p+06_Nd4001,OFDM,20262305,6,dsh,1.0,1.9999999965516257
regen_OFDM_s20262305_p+06_Nd4001,OFDM,20262305,6,atomic,2.0,1.7202406721849202
regen_OFDM_s20262305_p+06_Nd4001,OFDM,20262305,6,static,2.0,1.7372786988703153
regen_OFDM_s20262305_p+06_Nd4001,OFDM,20262305,6,static_lti,2.0,1.740708451902692
regen_OFDM_s20262305_p+06_Nd4001,OFDM,20262305,6,static_mh,2.0,0.3492172456547855
regen_OFDM_s20262305_p+06_Nd4001,OFDM,20262305,6,static_lti_mh,2.0,1.6711377631736963
regen_OFDM_s20262305_p+06_Nd4001,OFDM,20262305,6,linear,2.0,2.0
regen_OFDM_s20262305_p+06_Nd4001,OFDM,20262305,6,dsh,2.0,1.9999999112686928
regen_OFDM_s20262305_p+06_Nd4001,OFDM,20262305,6,atomic,4.0,1.62327239332395
regen_OFDM_s20262305_p+06_Nd4001,OFDM,20262305,6,static,4.0,1.6826707384771251
regen_OFDM_s20262305_p+06_Nd4001,OFDM,20262305,6,static_lti,4.0,1.6722884387810195
regen_OFDM_s20262305_p+06_Nd4001,OFDM,20262305,6,static_mh,4.0,0.3280728134865225
regen_OFDM_s20262305_p+06_Nd4001,OFDM,20262305,6,static_lti_mh,4.0,1.599293994989523
regen_OFDM_s20262305_p+06_Nd4001,OFDM,20262305,6,linear,4.0,2.0
regen_OFDM_s20262305_p+06_Nd4001,OFDM,20262305,6,dsh,4.0,1.9999794985059138
regen_OFDM_s20262305_p-03_Nd4001,OFDM,20262305,-3,atomic,0.25,2.0
regen_OFDM_s20262305_p-03_Nd4001,OFDM,20262305,-3,static,0.25,2.0
regen_OFDM_s20262305_p-03_Nd4001,OFDM,20262305,-3,static_lti,0.25,2.0
regen_OFDM_s20262305_p-03_Nd4001,OFDM,20262305,-3,static_mh,0.25,1.9809841618873778
regen_OFDM_s20262305_p-03_Nd4001,OFDM,20262305,-3,static_lti_mh,0.25,2.0
regen_OFDM_s20262305_p-03_Nd4001,OFDM,20262305,-3,linear,0.25,2.0
regen_OFDM_s20262305_p-03_Nd4001,OFDM,20262305,-3,dsh,0.25,2.0
regen_OFDM_s20262305_p-03_Nd4001,OFDM,20262305,-3,atomic,0.5,2.0
regen_OFDM_s20262305_p-03_Nd4001,OFDM,20262305,-3,static,0.5,2.0
regen_OFDM_s20262305_p-03_Nd4001,OFDM,20262305,-3,static_lti,0.5,2.0
regen_OFDM_s20262305_p-03_Nd4001,OFDM,20262305,-3,static_mh,0.5,1.9815350363052637
regen_OFDM_s20262305_p-03_Nd4001,OFDM,20262305,-3,static_lti_mh,0.5,2.0
regen_OFDM_s20262305_p-03_Nd4001,OFDM,20262305,-3,linear,0.5,2.0
regen_OFDM_s20262305_p-03_Nd4001,OFDM,20262305,-3,dsh,0.5,2.0
regen_OFDM_s20262305_p-03_Nd4001,OFDM,20262305,-3,atomic,1.0,2.0
regen_OFDM_s20262305_p-03_Nd4001,OFDM,20262305,-3,static,1.0,2.0
regen_OFDM_s20262305_p-03_Nd4001,OFDM,20262305,-3,static_lti,1.0,2.0
regen_OFDM_s20262305_p-03_Nd4001,OFDM,20262305,-3,static_mh,1.0,1.9814150748662205
regen_OFDM_s20262305_p-03_Nd4001,OFDM,20262305,-3,static_lti_mh,1.0,2.0
regen_OFDM_s20262305_p-03_Nd4001,OFDM,20262305,-3,linear,1.0,2.0
regen_OFDM_s20262305_p-03_Nd4001,OFDM,20262305,-3,dsh,1.0,2.0
regen_OFDM_s20262305_p-03_Nd4001,OFDM,20262305,-3,atomic,2.0,1.9999999983578856
regen_OFDM_s20262305_p-03_Nd4001,OFDM,20262305,-3,static,2.0,2.0
regen_OFDM_s20262305_p-03_Nd4001,OFDM,20262305,-3,static_lti,2.0,1.999999999999748
regen_OFDM_s20262305_p-03_Nd4001,OFDM,20262305,-3,static_mh,2.0,1.9762623253655427
regen_OFDM_s20262305_p-03_Nd4001,OFDM,20262305,-3,static_lti_mh,2.0,1.9999999999990958
regen_OFDM_s20262305_p-03_Nd4001,OFDM,20262305,-3,linear,2.0,2.0
regen_OFDM_s20262305_p-03_Nd4001,OFDM,20262305,-3,dsh,2.0,2.0
regen_OFDM_s20262305_p-03_Nd4001,OFDM,20262305,-3,atomic,4.0,1.9826514985041928
regen_OFDM_s20262305_p-03_Nd4001,OFDM,20262305,-3,static,4.0,1.9998369104123226
regen_OFDM_s20262305_p-03_Nd4001,OFDM,20262305,-3,static_lti,4.0,1.9946216994105104
regen_OFDM_s20262305_p-03_Nd4001,OFDM,20262305,-3,static_mh,4.0,1.9376900665424186
regen_OFDM_s20262305_p-03_Nd4001,OFDM,20262305,-3,static_lti_mh,4.0,1.9937055359289149
regen_OFDM_s20262305_p-03_Nd4001,OFDM,20262305,-3,linear,4.0,1.9998700215530247
regen_OFDM_s20262305_p-03_Nd4001,OFDM,20262305,-3,dsh,4.0,1.999202549523509
regen_OFDM_s20262305_p-06_Nd4001,OFDM,20262305,-6,atomic,0.25,2.0
regen_OFDM_s20262305_p-06_Nd4001,OFDM,20262305,-6,static,0.25,2.0
regen_OFDM_s20262305_p-06_Nd4001,OFDM,20262305,-6,static_lti,0.25,2.0
regen_OFDM_s20262305_p-06_Nd4001,OFDM,20262305,-6,static_mh,0.25,1.9505193546077468
regen_OFDM_s20262305_p-06_Nd4001,OFDM,20262305,-6,static_lti_mh,0.25,2.0
regen_OFDM_s20262305_p-06_Nd4001,OFDM,20262305,-6,linear,0.25,2.0
regen_OFDM_s20262305_p-06_Nd4001,OFDM,20262305,-6,dsh,0.25,2.0
regen_OFDM_s20262305_p-06_Nd4001,OFDM,20262305,-6,atomic,0.5,2.0
regen_OFDM_s20262305_p-06_Nd4001,OFDM,20262305,-6,static,0.5,2.0
regen_OFDM_s20262305_p-06_Nd4001,OFDM,20262305,-6,static_lti,0.5,2.0
regen_OFDM_s20262305_p-06_Nd4001,OFDM,20262305,-6,static_mh,0.5,1.9536875215689513
regen_OFDM_s20262305_p-06_Nd4001,OFDM,20262305,-6,static_lti_mh,0.5,2.0
regen_OFDM_s20262305_p-06_Nd4001,OFDM,20262305,-6,linear,0.5,2.0
regen_OFDM_s20262305_p-06_Nd4001,OFDM,20262305,-6,dsh,0.5,2.0
regen_OFDM_s20262305_p-06_Nd4001,OFDM,20262305,-6,atomic,1.0,2.0
regen_OFDM_s20262305_p-06_Nd4001,OFDM,20262305,-6,static,1.0,2.0
regen_OFDM_s20262305_p-06_Nd4001,OFDM,20262305,-6,static_lti,1.0,2.0
regen_OFDM_s20262305_p-06_Nd4001,OFDM,20262305,-6,static_mh,1.0,1.9585241153802322
regen_OFDM_s20262305_p-06_Nd4001,OFDM,20262305,-6,static_lti_mh,1.0,2.0
regen_OFDM_s20262305_p-06_Nd4001,OFDM,20262305,-6,linear,1.0,2.0
regen_OFDM_s20262305_p-06_Nd4001,OFDM,20262305,-6,dsh,1.0,2.0
regen_OFDM_s20262305_p-06_Nd4001,OFDM,20262305,-6,atomic,2.0,1.9999999956258712
regen_OFDM_s20262305_p-06_Nd4001,OFDM,20262305,-6,static,2.0,1.9999999999972913
regen_OFDM_s20262305_p-06_Nd4001,OFDM,20262305,-6,static_lti,2.0,1.999999988069081
regen_OFDM_s20262305_p-06_Nd4001,OFDM,20262305,-6,static_mh,2.0,1.9549133383279855
regen_OFDM_s20262305_p-06_Nd4001,OFDM,20262305,-6,static_lti_mh,2.0,1.9999999823180916
regen_OFDM_s20262305_p-06_Nd4001,OFDM,20262305,-6,linear,2.0,1.9999999999258795
regen_OFDM_s20262305_p-06_Nd4001,OFDM,20262305,-6,dsh,2.0,1.9999999995987812
regen_OFDM_s20262305_p-06_Nd4001,OFDM,20262305,-6,atomic,4.0,1.919010213639118
regen_OFDM_s20262305_p-06_Nd4001,OFDM,20262305,-6,static,4.0,1.9852557235807506
regen_OFDM_s20262305_p-06_Nd4001,OFDM,20262305,-6,static_lti,4.0,1.9127976176992996
regen_OFDM_s20262305_p-06_Nd4001,OFDM,20262305,-6,static_mh,4.0,1.8562134515197795
regen_OFDM_s20262305_p-06_Nd4001,OFDM,20262305,-6,static_lti_mh,4.0,1.9092301934495621
regen_OFDM_s20262305_p-06_Nd4001,OFDM,20262305,-6,linear,4.0,1.9427574087021673
regen_OFDM_s20262305_p-06_Nd4001,OFDM,20262305,-6,dsh,4.0,1.92250497974515
regen_OFDM_s20262305_p-10_Nd4001,OFDM,20262305,-10,atomic,0.25,2.0
regen_OFDM_s20262305_p-10_Nd4001,OFDM,20262305,-10,static,0.25,2.0
regen_OFDM_s20262305_p-10_Nd4001,OFDM,20262305,-10,static_lti,0.25,2.0
regen_OFDM_s20262305_p-10_Nd4001,OFDM,20262305,-10,static_mh,0.25,1.995371959551802
regen_OFDM_s20262305_p-10_Nd4001,OFDM,20262305,-10,static_lti_mh,0.25,2.0
regen_OFDM_s20262305_p-10_Nd4001,OFDM,20262305,-10,linear,0.25,2.0
regen_OFDM_s20262305_p-10_Nd4001,OFDM,20262305,-10,dsh,0.25,2.0
regen_OFDM_s20262305_p-10_Nd4001,OFDM,20262305,-10,atomic,0.5,2.0
regen_OFDM_s20262305_p-10_Nd4001,OFDM,20262305,-10,static,0.5,2.0
regen_OFDM_s20262305_p-10_Nd4001,OFDM,20262305,-10,static_lti,0.5,2.0
regen_OFDM_s20262305_p-10_Nd4001,OFDM,20262305,-10,static_mh,0.5,1.9979515514747943
regen_OFDM_s20262305_p-10_Nd4001,OFDM,20262305,-10,static_lti_mh,0.5,2.0
regen_OFDM_s20262305_p-10_Nd4001,OFDM,20262305,-10,linear,0.5,2.0
regen_OFDM_s20262305_p-10_Nd4001,OFDM,20262305,-10,dsh,0.5,2.0
regen_OFDM_s20262305_p-10_Nd4001,OFDM,20262305,-10,atomic,1.0,2.0
regen_OFDM_s20262305_p-10_Nd4001,OFDM,20262305,-10,static,1.0,2.0
regen_OFDM_s20262305_p-10_Nd4001,OFDM,20262305,-10,static_lti,1.0,2.0
regen_OFDM_s20262305_p-10_Nd4001,OFDM,20262305,-10,static_mh,1.0,1.9975558959212445
regen_OFDM_s20262305_p-10_Nd4001,OFDM,20262305,-10,static_lti_mh,1.0,2.0
regen_OFDM_s20262305_p-10_Nd4001,OFDM,20262305,-10,linear,1.0,2.0
regen_OFDM_s20262305_p-10_Nd4001,OFDM,20262305,-10,dsh,1.0,2.0
regen_OFDM_s20262305_p-10_Nd4001,OFDM,20262305,-10,atomic,2.0,1.9975122222850907
regen_OFDM_s20262305_p-10_Nd4001,OFDM,20262305,-10,static,2.0,1.9999161878274154
regen_OFDM_s20262305_p-10_Nd4001,OFDM,20262305,-10,static_lti,2.0,1.9964165107062084
regen_OFDM_s20262305_p-10_Nd4001,OFDM,20262305,-10,static_mh,2.0,1.9637830812213595
regen_OFDM_s20262305_p-10_Nd4001,OFDM,20262305,-10,static_lti_mh,2.0,1.9962249211661331
regen_OFDM_s20262305_p-10_Nd4001,OFDM,20262305,-10,linear,2.0,1.9979573294910298
regen_OFDM_s20262305_p-10_Nd4001,OFDM,20262305,-10,dsh,2.0,1.9972631630956257
regen_OFDM_s20262305_p-10_Nd4001,OFDM,20262305,-10,atomic,4.0,1.587463666815737
regen_OFDM_s20262305_p-10_Nd4001,OFDM,20262305,-10,static,4.0,1.7336008517502344
regen_OFDM_s20262305_p-10_Nd4001,OFDM,20262305,-10,static_lti,4.0,1.5766896294319723
regen_OFDM_s20262305_p-10_Nd4001,OFDM,20262305,-10,static_mh,4.0,1.6188056624736398
regen_OFDM_s20262305_p-10_Nd4001,OFDM,20262305,-10,static_lti_mh,4.0,1.575395687960909
regen_OFDM_s20262305_p-10_Nd4001,OFDM,20262305,-10,linear,4.0,1.5995275283137262
regen_OFDM_s20262305_p-10_Nd4001,OFDM,20262305,-10,dsh,4.0,1.5857335559940242
regen_OFDM_s20262305_p-15_Nd4001,OFDM,20262305,-15,atomic,0.25,2.0
regen_OFDM_s20262305_p-15_Nd4001,OFDM,20262305,-15,static,0.25,2.0
regen_OFDM_s20262305_p-15_Nd4001,OFDM,20262305,-15,static_lti,0.25,2.0
regen_OFDM_s20262305_p-15_Nd4001,OFDM,20262305,-15,static_mh,0.25,1.999999999999986
regen_OFDM_s20262305_p-15_Nd4001,OFDM,20262305,-15,static_lti_mh,0.25,2.0
regen_OFDM_s20262305_p-15_Nd4001,OFDM,20262305,-15,linear,0.25,2.0
regen_OFDM_s20262305_p-15_Nd4001,OFDM,20262305,-15,dsh,0.25,2.0
regen_OFDM_s20262305_p-15_Nd4001,OFDM,20262305,-15,atomic,0.5,2.0
regen_OFDM_s20262305_p-15_Nd4001,OFDM,20262305,-15,static,0.5,2.0
regen_OFDM_s20262305_p-15_Nd4001,OFDM,20262305,-15,static_lti,0.5,2.0
regen_OFDM_s20262305_p-15_Nd4001,OFDM,20262305,-15,static_mh,0.5,1.9999999993074395
regen_OFDM_s20262305_p-15_Nd4001,OFDM,20262305,-15,static_lti_mh,0.5,2.0
regen_OFDM_s20262305_p-15_Nd4001,OFDM,20262305,-15,linear,0.5,2.0
regen_OFDM_s20262305_p-15_Nd4001,OFDM,20262305,-15,dsh,0.5,2.0
regen_OFDM_s20262305_p-15_Nd4001,OFDM,20262305,-15,atomic,1.0,1.9998846162265662
regen_OFDM_s20262305_p-15_Nd4001,OFDM,20262305,-15,static,1.0,1.999998914400471
regen_OFDM_s20262305_p-15_Nd4001,OFDM,20262305,-15,static_lti,1.0,1.9998545591904953
regen_OFDM_s20262305_p-15_Nd4001,OFDM,20262305,-15,static_mh,1.0,1.9995501270239402
regen_OFDM_s20262305_p-15_Nd4001,OFDM,20262305,-15,static_lti_mh,1.0,1.9998452322733569
regen_OFDM_s20262305_p-15_Nd4001,OFDM,20262305,-15,linear,1.0,1.9998861254928322
regen_OFDM_s20262305_p-15_Nd4001,OFDM,20262305,-15,dsh,1.0,1.9998699752567524
regen_OFDM_s20262305_p-15_Nd4001,OFDM,20262305,-15,atomic,2.0,1.7095469627934965
regen_OFDM_s20262305_p-15_Nd4001,OFDM,20262305,-15,static,2.0,1.8601444310075634
regen_OFDM_s20262305_p-15_Nd4001,OFDM,20262305,-15,static_lti,2.0,1.7072270251298067
regen_OFDM_s20262305_p-15_Nd4001,OFDM,20262305,-15,static_mh,2.0,1.8136544732502096
regen_OFDM_s20262305_p-15_Nd4001,OFDM,20262305,-15,static_lti_mh,2.0,1.7061484417935577
regen_OFDM_s20262305_p-15_Nd4001,OFDM,20262305,-15,linear,2.0,1.7126587899630201
regen_OFDM_s20262305_p-15_Nd4001,OFDM,20262305,-15,dsh,2.0,1.708705464472233
regen_OFDM_s20262305_p-15_Nd4001,OFDM,20262305,-15,atomic,4.0,0.7357780441479649
regen_OFDM_s20262305_p-15_Nd4001,OFDM,20262305,-15,static,4.0,0.8894998923155267
regen_OFDM_s20262305_p-15_Nd4001,OFDM,20262305,-15,static_lti,4.0,0.7252275923104958
regen_OFDM_s20262305_p-15_Nd4001,OFDM,20262305,-15,static_mh,4.0,0.8786411601761457
regen_OFDM_s20262305_p-15_Nd4001,OFDM,20262305,-15,static_lti_mh,4.0,0.7263061477449385
regen_OFDM_s20262305_p-15_Nd4001,OFDM,20262305,-15,linear,4.0,0.7364760355111774
regen_OFDM_s20262305_p-15_Nd4001,OFDM,20262305,-15,dsh,4.0,0.7323375236868127
regen_OFDM_s20262405_p+00_Nd4001,OFDM,20262405,0,atomic,0.25,1.9852130691595415
regen_OFDM_s20262405_p+00_Nd4001,OFDM,20262405,0,static,0.25,2.0
regen_OFDM_s20262405_p+00_Nd4001,OFDM,20262405,0,static_lti,0.25,2.0
regen_OFDM_s20262405_p+00_Nd4001,OFDM,20262405,0,static_mh,0.25,1.873969503840039
regen_OFDM_s20262405_p+00_Nd4001,OFDM,20262405,0,static_lti_mh,0.25,1.9999999999999365
regen_OFDM_s20262405_p+00_Nd4001,OFDM,20262405,0,linear,0.25,2.0
regen_OFDM_s20262405_p+00_Nd4001,OFDM,20262405,0,dsh,0.25,2.0
regen_OFDM_s20262405_p+00_Nd4001,OFDM,20262405,0,atomic,0.5,1.9837600507506536
regen_OFDM_s20262405_p+00_Nd4001,OFDM,20262405,0,static,0.5,2.0
regen_OFDM_s20262405_p+00_Nd4001,OFDM,20262405,0,static_lti,0.5,2.0
regen_OFDM_s20262405_p+00_Nd4001,OFDM,20262405,0,static_mh,0.5,1.874499580996036
regen_OFDM_s20262405_p+00_Nd4001,OFDM,20262405,0,static_lti_mh,0.5,1.999999999999949
regen_OFDM_s20262405_p+00_Nd4001,OFDM,20262405,0,linear,0.5,2.0
regen_OFDM_s20262405_p+00_Nd4001,OFDM,20262405,0,dsh,0.5,2.0
regen_OFDM_s20262405_p+00_Nd4001,OFDM,20262405,0,atomic,1.0,1.9802131470538604
regen_OFDM_s20262405_p+00_Nd4001,OFDM,20262405,0,static,1.0,1.999999999999998
regen_OFDM_s20262405_p+00_Nd4001,OFDM,20262405,0,static_lti,1.0,1.999999999999998
regen_OFDM_s20262405_p+00_Nd4001,OFDM,20262405,0,static_mh,1.0,1.8740787057854862
regen_OFDM_s20262405_p+00_Nd4001,OFDM,20262405,0,static_lti_mh,1.0,1.9999999999998963
regen_OFDM_s20262405_p+00_Nd4001,OFDM,20262405,0,linear,1.0,2.0
regen_OFDM_s20262405_p+00_Nd4001,OFDM,20262405,0,dsh,1.0,2.0
regen_OFDM_s20262405_p+00_Nd4001,OFDM,20262405,0,atomic,2.0,1.9690194680883808
regen_OFDM_s20262405_p+00_Nd4001,OFDM,20262405,0,static,2.0,1.9999999998963924
regen_OFDM_s20262405_p+00_Nd4001,OFDM,20262405,0,static_lti,2.0,1.9999999999262892
regen_OFDM_s20262405_p+00_Nd4001,OFDM,20262405,0,static_mh,2.0,1.867850162566425
regen_OFDM_s20262405_p+00_Nd4001,OFDM,20262405,0,static_lti_mh,2.0,1.9999999997420546
regen_OFDM_s20262405_p+00_Nd4001,OFDM,20262405,0,linear,2.0,2.0
regen_OFDM_s20262405_p+00_Nd4001,OFDM,20262405,0,dsh,2.0,2.0
regen_OFDM_s20262405_p+00_Nd4001,OFDM,20262405,0,atomic,4.0,1.8860368504169696
regen_OFDM_s20262405_p+00_Nd4001,OFDM,20262405,0,static,4.0,1.9998473408138084
regen_OFDM_s20262405_p+00_Nd4001,OFDM,20262405,0,static_lti,4.0,1.9974295224356053
regen_OFDM_s20262405_p+00_Nd4001,OFDM,20262405,0,static_mh,4.0,1.8328176221383745
regen_OFDM_s20262405_p+00_Nd4001,OFDM,20262405,0,static_lti_mh,4.0,1.9915863415056245
regen_OFDM_s20262405_p+00_Nd4001,OFDM,20262405,0,linear,4.0,1.9999999911171713
regen_OFDM_s20262405_p+00_Nd4001,OFDM,20262405,0,dsh,4.0,1.9950230208009303
regen_OFDM_s20262405_p+03_Nd4001,OFDM,20262405,3,atomic,0.25,1.9442725911953276
regen_OFDM_s20262405_p+03_Nd4001,OFDM,20262405,3,static,0.25,1.998068762954183
regen_OFDM_s20262405_p+03_Nd4001,OFDM,20262405,3,static_lti,0.25,1.998690906299818
regen_OFDM_s20262405_p+03_Nd4001,OFDM,20262405,3,static_mh,0.25,1.0788064446560799
regen_OFDM_s20262405_p+03_Nd4001,OFDM,20262405,3,static_lti_mh,0.25,1.9961168888330905
regen_OFDM_s20262405_p+03_Nd4001,OFDM,20262405,3,linear,0.25,2.0
regen_OFDM_s20262405_p+03_Nd4001,OFDM,20262405,3,dsh,0.25,2.0
regen_OFDM_s20262405_p+03_Nd4001,OFDM,20262405,3,atomic,0.5,1.9453171782273575
regen_OFDM_s20262405_p+03_Nd4001,OFDM,20262405,3,static,0.5,1.998176475598171
regen_OFDM_s20262405_p+03_Nd4001,OFDM,20262405,3,static_lti,0.5,1.9987037223376574
regen_OFDM_s20262405_p+03_Nd4001,OFDM,20262405,3,static_mh,0.5,1.0797485175060868
regen_OFDM_s20262405_p+03_Nd4001,OFDM,20262405,3,static_lti_mh,0.5,1.9961369934639177
regen_OFDM_s20262405_p+03_Nd4001,OFDM,20262405,3,linear,0.5,2.0
regen_OFDM_s20262405_p+03_Nd4001,OFDM,20262405,3,dsh,0.5,2.0
regen_OFDM_s20262405_p+03_Nd4001,OFDM,20262405,3,atomic,1.0,1.946079243895884
regen_OFDM_s20262405_p+03_Nd4001,OFDM,20262405,3,static,1.0,1.9980706837967044
regen_OFDM_s20262405_p+03_Nd4001,OFDM,20262405,3,static_lti,1.0,1.9985258089673252
regen_OFDM_s20262405_p+03_Nd4001,OFDM,20262405,3,static_mh,1.0,1.0805137244336482
regen_OFDM_s20262405_p+03_Nd4001,OFDM,20262405,3,static_lti_mh,1.0,1.9958686193312267
regen_OFDM_s20262405_p+03_Nd4001,OFDM,20262405,3,linear,1.0,2.0
regen_OFDM_s20262405_p+03_Nd4001,OFDM,20262405,3,dsh,1.0,2.0
regen_OFDM_s20262405_p+03_Nd4001,OFDM,20262405,3,atomic,2.0,1.9407597313407303
regen_OFDM_s20262405_p+03_Nd4001,OFDM,20262405,3,static,2.0,1.996122609463066
regen_OFDM_s20262405_p+03_Nd4001,OFDM,20262405,3,static_lti,2.0,1.9971996789600874
regen_OFDM_s20262405_p+03_Nd4001,OFDM,20262405,3,static_mh,2.0,1.0777846845127994
regen_OFDM_s20262405_p+03_Nd4001,OFDM,20262405,3,static_lti_mh,2.0,1.9937959317653755
regen_OFDM_s20262405_p+03_Nd4001,OFDM,20262405,3,linear,2.0,2.0
regen_OFDM_s20262405_p+03_Nd4001,OFDM,20262405,3,dsh,2.0,2.0
regen_OFDM_s20262405_p+03_Nd4001,OFDM,20262405,3,atomic,4.0,1.8969237393061844
regen_OFDM_s20262405_p+03_Nd4001,OFDM,20262405,3,static,4.0,1.9814541361477775
regen_OFDM_s20262405_p+03_Nd4001,OFDM,20262405,3,static_lti,4.0,1.980493404974959
regen_OFDM_s20262405_p+03_Nd4001,OFDM,20262405,3,static_mh,4.0,1.0567826721407372
regen_OFDM_s20262405_p+03_Nd4001,OFDM,20262405,3,static_lti_mh,4.0,1.9713318663177901
regen_OFDM_s20262405_p+03_Nd4001,OFDM,20262405,3,linear,4.0,2.0
regen_OFDM_s20262405_p+03_Nd4001,OFDM,20262405,3,dsh,4.0,1.9999999724696282
regen_OFDM_s20262405_p+06_Nd4001,OFDM,20262405,6,atomic,0.25,1.811753081408861
regen_OFDM_s20262405_p+06_Nd4001,OFDM,20262405,6,static,0.25,1.7869473366191695
regen_OFDM_s20262405_p+06_Nd4001,OFDM,20262405,6,static_lti,0.25,1.7758387843318684
regen_OFDM_s20262405_p+06_Nd4001,OFDM,20262405,6,static_mh,0.25,0.19898214260575964
regen_OFDM_s20262405_p+06_Nd4001,OFDM,20262405,6,static_lti_mh,0.25,1.6547371067835959
regen_OFDM_s20262405_p+06_Nd4001,OFDM,20262405,6,linear,0.25,2.0
regen_OFDM_s20262405_p+06_Nd4001,OFDM,20262405,6,dsh,0.25,1.9999999998236875
regen_OFDM_s20262405_p+06_Nd4001,OFDM,20262405,6,atomic,0.5,1.8134326149329498
regen_OFDM_s20262405_p+06_Nd4001,OFDM,20262405,6,static,0.5,1.7878488305771472
regen_OFDM_s20262405_p+06_Nd4001,OFDM,20262405,6,static_lti,0.5,1.7761459503996786
regen_OFDM_s20262405_p+06_Nd4001,OFDM,20262405,6,static_mh,0.5,0.20345258843511557
regen_OFDM_s20262405_p+06_Nd4001,OFDM,20262405,6,static_lti_mh,0.5,1.6562484751396622
regen_OFDM_s20262405_p+06_Nd4001,OFDM,20262405,6,linear,0.5,2.0
regen_OFDM_s20262405_p+06_Nd4001,OFDM,20262405,6,dsh,0.5,1.9999999996600777
regen_OFDM_s20262405_p+06_Nd4001,OFDM,20262405,6,atomic,1.0,1.8149810141193057
regen_OFDM_s20262405_p+06_Nd4001,OFDM,20262405,6,static,1.0,1.7879194766167557
regen_OFDM_s20262405_p+06_Nd4001,OFDM,20262405,6,static_lti,1.0,1.7748043462228642
regen_OFDM_s20262405_p+06_Nd4001,OFDM,20262405,6,static_mh,1.0,0.2132636980966134
regen_OFDM_s20262405_p+06_Nd4001,OFDM,20262405,6,static_lti_mh,1.0,1.6565589376334868
regen_OFDM_s20262405_p+06_Nd4001,OFDM,20262405,6,linear,1.0,2.0
regen_OFDM_s20262405_p+06_Nd4001,OFDM,20262405,6,dsh,1.0,1.9999999979706886
regen_OFDM_s20262405_p+06_Nd4001,OFDM,20262405,6,atomic,2.0,1.811940917471186
regen_OFDM_s20262405_p+06_Nd4001,OFDM,20262405,6,static,2.0,1.781169654202663
regen_OFDM_s20262405_p+06_Nd4001,OFDM,20262405,6,static_lti,2.0,1.7638905393520017
regen_OFDM_s20262405_p+06_Nd4001,OFDM,20262405,6,static_mh,2.0,0.23464469929984458
regen_OFDM_s20262405_p+06_Nd4001,OFDM,20262405,6,static_lti_mh,2.0,1.6459835169892563
regen_OFDM_s20262405_p+06_Nd4001,OFDM,20262405,6,linear,2.0,2.0
regen_OFDM_s20262405_p+06_Nd4001,OFDM,20262405,6,dsh,2.0,1.9999993294232943
regen_OFDM_s20262405_p+06_Nd4001,OFDM,20262405,6,atomic,4.0,1.78583171417559
regen_OFDM_s20262405_p+06_Nd4001,OFDM,20262405,6,static,4.0,1.7403091704402471
regen_OFDM_s20262405_p+06_Nd4001,OFDM,20262405,6,static_lti,4.0,1.7056835786702562
regen_OFDM_s20262405_p+06_Nd4001,OFDM,20262405,6,static_mh,4.0,0.27271205846020613
regen_OFDM_s20262405_p+06_Nd4001,OFDM,20262405,6,static_lti_mh,4.0,1.5847014858322155
regen_OFDM_s20262405_p+06_Nd4001,OFDM,20262405,6,linear,4.0,2.0
regen_OFDM_s20262405_p+06_Nd4001,OFDM,20262405,6,dsh,4.0,1.996428774162554
regen_OFDM_s20262405_p-03_Nd4001,OFDM,20262405,-3,atomic,0.25,2.0
regen_OFDM_s20262405_p-03_Nd4001,OFDM,20262405,-3,static,0.25,2.0
regen_OFDM_s20262405_p-03_Nd4001,OFDM,20262405,-3,static_lti,0.25,2.0
regen_OFDM_s20262405_p-03_Nd4001,OFDM,20262405,-3,static_mh,0.25,1.995704293701407
regen_OFDM_s20262405_p-03_Nd4001,OFDM,20262405,-3,static_lti_mh,0.25,2.0
regen_OFDM_s20262405_p-03_Nd4001,OFDM,20262405,-3,linear,0.25,2.0
regen_OFDM_s20262405_p-03_Nd4001,OFDM,20262405,-3,dsh,0.25,2.0
regen_OFDM_s20262405_p-03_Nd4001,OFDM,20262405,-3,atomic,0.5,2.0
regen_OFDM_s20262405_p-03_Nd4001,OFDM,20262405,-3,static,0.5,2.0
regen_OFDM_s20262405_p-03_Nd4001,OFDM,20262405,-3,static_lti,0.5,2.0
regen_OFDM_s20262405_p-03_Nd4001,OFDM,20262405,-3,static_mh,0.5,1.9942702878225953
regen_OFDM_s20262405_p-03_Nd4001,OFDM,20262405,-3,static_lti_mh,0.5,2.0
regen_OFDM_s20262405_p-03_Nd4001,OFDM,20262405,-3,linear,0.5,2.0
regen_OFDM_s20262405_p-03_Nd4001,OFDM,20262405,-3,dsh,0.5,2.0
regen_OFDM_s20262405_p-03_Nd4001,OFDM,20262405,-3,atomic,1.0,1.999999999999998
regen_OFDM_s20262405_p-03_Nd4001,OFDM,20262405,-3,static,1.0,2.0
regen_OFDM_s20262405_p-03_Nd4001,OFDM,20262405,-3,static_lti,1.0,2.0
regen_OFDM_s20262405_p-03_Nd4001,OFDM,20262405,-3,static_mh,1.0,1.9907653179109943
regen_OFDM_s20262405_p-03_Nd4001,OFDM,20262405,-3,static_lti_mh,1.0,2.0
regen_OFDM_s20262405_p-03_Nd4001,OFDM,20262405,-3,linear,1.0,2.0
regen_OFDM_s20262405_p-03_Nd4001,OFDM,20262405,-3,dsh,1.0,2.0
regen_OFDM_s20262405_p-03_Nd4001,OFDM,20262405,-3,atomic,2.0,1.9999998614285444
regen_OFDM_s20262405_p-03_Nd4001,OFDM,20262405,-3,static,2.0,2.0
regen_OFDM_s20262405_p-03_Nd4001,OFDM,20262405,-3,static_lti,2.0,1.9999999999999933
regen_OFDM_s20262405_p-03_Nd4001,OFDM,20262405,-3,static_mh,2.0,1.9832596241009572
regen_OFDM_s20262405_p-03_Nd4001,OFDM,20262405,-3,static_lti_mh,2.0,1.9999999999963123
regen_OFDM_s20262405_p-03_Nd4001,OFDM,20262405,-3,linear,2.0,2.0
regen_OFDM_s20262405_p-03_Nd4001,OFDM,20262405,-3,dsh,2.0,1.9999999999999996
regen_OFDM_s20262405_p-03_Nd4001,OFDM,20262405,-3,atomic,4.0,1.9014511388092288
regen_OFDM_s20262405_p-03_Nd4001,OFDM,20262405,-3,static,4.0,1.9997933341318845
regen_OFDM_s20262405_p-03_Nd4001,OFDM,20262405,-3,static_lti,4.0,1.9541989010795793
regen_OFDM_s20262405_p-03_Nd4001,OFDM,20262405,-3,static_mh,4.0,1.9620152299789773
regen_OFDM_s20262405_p-03_Nd4001,OFDM,20262405,-3,static_lti_mh,4.0,1.949983907136778
regen_OFDM_s20262405_p-03_Nd4001,OFDM,20262405,-3,linear,4.0,1.983655032839526
regen_OFDM_s20262405_p-03_Nd4001,OFDM,20262405,-3,dsh,4.0,1.9423307629081181
regen_OFDM_s20262405_p-06_Nd4001,OFDM,20262405,-6,atomic,0.25,2.0
regen_OFDM_s20262405_p-06_Nd4001,OFDM,20262405,-6,static,0.25,2.0
regen_OFDM_s20262405_p-06_Nd4001,OFDM,20262405,-6,static_lti,0.25,2.0
regen_OFDM_s20262405_p-06_Nd4001,OFDM,20262405,-6,static_mh,0.25,1.9855178692155027
regen_OFDM_s20262405_p-06_Nd4001,OFDM,20262405,-6,static_lti_mh,0.25,2.0
regen_OFDM_s20262405_p-06_Nd4001,OFDM,20262405,-6,linear,0.25,2.0
regen_OFDM_s20262405_p-06_Nd4001,OFDM,20262405,-6,dsh,0.25,2.0
regen_OFDM_s20262405_p-06_Nd4001,OFDM,20262405,-6,atomic,0.5,2.0
regen_OFDM_s20262405_p-06_Nd4001,OFDM,20262405,-6,static,0.5,2.0
regen_OFDM_s20262405_p-06_Nd4001,OFDM,20262405,-6,static_lti,0.5,2.0
regen_OFDM_s20262405_p-06_Nd4001,OFDM,20262405,-6,static_mh,0.5,1.9826878117930218
regen_OFDM_s20262405_p-06_Nd4001,OFDM,20262405,-6,static_lti_mh,0.5,2.0
regen_OFDM_s20262405_p-06_Nd4001,OFDM,20262405,-6,linear,0.5,2.0
regen_OFDM_s20262405_p-06_Nd4001,OFDM,20262405,-6,dsh,0.5,2.0
regen_OFDM_s20262405_p-06_Nd4001,OFDM,20262405,-6,atomic,1.0,2.0
regen_OFDM_s20262405_p-06_Nd4001,OFDM,20262405,-6,static,1.0,2.0
regen_OFDM_s20262405_p-06_Nd4001,OFDM,20262405,-6,static_lti,1.0,2.0
regen_OFDM_s20262405_p-06_Nd4001,OFDM,20262405,-6,static_mh,1.0,1.9736886542809216
regen_OFDM_s20262405_p-06_Nd4001,OFDM,20262405,-6,static_lti_mh,1.0,2.0
regen_OFDM_s20262405_p-06_Nd4001,OFDM,20262405,-6,linear,1.0,2.0
regen_OFDM_s20262405_p-06_Nd4001,OFDM,20262405,-6,dsh,1.0,2.0
regen_OFDM_s20262405_p-06_Nd4001,OFDM,20262405,-6,atomic,2.0,1.9999100076864946
regen_OFDM_s20262405_p-06_Nd4001,OFDM,20262405,-6,static,2.0,1.999999999999846
regen_OFDM_s20262405_p-06_Nd4001,OFDM,20262405,-6,static_lti,2.0,1.9999997055032448
regen_OFDM_s20262405_p-06_Nd4001,OFDM,20262405,-6,static_mh,2.0,1.9487159187476417
regen_OFDM_s20262405_p-06_Nd4001,OFDM,20262405,-6,static_lti_mh,2.0,1.9999940016806363
regen_OFDM_s20262405_p-06_Nd4001,OFDM,20262405,-6,linear,2.0,1.9999999924749399
regen_OFDM_s20262405_p-06_Nd4001,OFDM,20262405,-6,dsh,2.0,1.9999976738610798
regen_OFDM_s20262405_p-06_Nd4001,OFDM,20262405,-6,atomic,4.0,1.7578134344090766
regen_OFDM_s20262405_p-06_Nd4001,OFDM,20262405,-6,static,4.0,1.974046800043043
regen_OFDM_s20262405_p-06_Nd4001,OFDM,20262405,-6,static_lti,4.0,1.7593154230211263
regen_OFDM_s20262405_p-06_Nd4001,OFDM,20262405,-6,static_mh,4.0,1.887463277913776
regen_OFDM_s20262405_p-06_Nd4001,OFDM,20262405,-6,static_lti_mh,4.0,1.7565439576542985
regen_OFDM_s20262405_p-06_Nd4001,OFDM,20262405,-6,linear,4.0,1.7906111942228204
regen_OFDM_s20262405_p-06_Nd4001,OFDM,20262405,-6,dsh,4.0,1.764380617226242
regen_OFDM_s20262505_p+00_Nd4001,OFDM,20262505,0,atomic,0.25,1.999998167639912
regen_OFDM_s20262505_p+00_Nd4001,OFDM,20262505,0,static,0.25,2.0
regen_OFDM_s20262505_p+00_Nd4001,OFDM,20262505,0,static_lti,0.25,2.0
regen_OFDM_s20262505_p+00_Nd4001,OFDM,20262505,0,static_mh,0.25,1.906429823895797
regen_OFDM_s20262505_p+00_Nd4001,OFDM,20262505,0,static_lti_mh,0.25,1.9999999999999993
regen_OFDM_s20262505_p+00_Nd4001,OFDM,20262505,0,linear,0.25,2.0
regen_OFDM_s20262505_p+00_Nd4001,OFDM,20262505,0,dsh,0.25,2.0
regen_OFDM_s20262505_p+00_Nd4001,OFDM,20262505,0,atomic,0.5,1.9999983699411492
regen_OFDM_s20262505_p+00_Nd4001,OFDM,20262505,0,static,0.5,2.0
regen_OFDM_s20262505_p+00_Nd4001,OFDM,20262505,0,static_lti,0.5,2.0
regen_OFDM_s20262505_p+00_Nd4001,OFDM,20262505,0,static_mh,0.5,1.9027690957194856
regen_OFDM_s20262505_p+00_Nd4001,OFDM,20262505,0,static_lti_mh,0.5,1.9999999999999893
regen_OFDM_s20262505_p+00_Nd4001,OFDM,20262505,0,linear,0.5,2.0
regen_OFDM_s20262505_p+00_Nd4001,OFDM,20262505,0,dsh,0.5,2.0
regen_OFDM_s20262505_p+00_Nd4001,OFDM,20262505,0,atomic,1.0,1.999998238758096
regen_OFDM_s20262505_p+00_Nd4001,OFDM,20262505,0,static,1.0,2.0
regen_OFDM_s20262505_p+00_Nd4001,OFDM,20262505,0,static_lti,1.0,2.0
regen_OFDM_s20262505_p+00_Nd4001,OFDM,20262505,0,static_mh,1.0,1.8936223812036979
regen_OFDM_s20262505_p+00_Nd4001,OFDM,20262505,0,static_lti_mh,1.0,1.999999999993867
regen_OFDM_s20262505_p+00_Nd4001,OFDM,20262505,0,linear,1.0,2.0
regen_OFDM_s20262505_p+00_Nd4001,OFDM,20262505,0,dsh,1.0,2.0
regen_OFDM_s20262505_p+00_Nd4001,OFDM,20262505,0,atomic,2.0,1.9999934982020744
regen_OFDM_s20262505_p+00_Nd4001,OFDM,20262505,0,static,2.0,1.9999999999992855
regen_OFDM_s20262505_p+00_Nd4001,OFDM,20262505,0,static_lti,2.0,1.999999999946659
regen_OFDM_s20262505_p+00_Nd4001,OFDM,20262505,0,static_mh,2.0,1.867834788784166
regen_OFDM_s20262505_p+00_Nd4001,OFDM,20262505,0,static_lti_mh,2.0,1.999999497972454
regen_OFDM_s20262505_p+00_Nd4001,OFDM,20262505,0,linear,2.0,2.0
regen_OFDM_s20262505_p+00_Nd4001,OFDM,20262505,0,dsh,2.0,2.0
regen_OFDM_s20262505_p+00_Nd4001,OFDM,20262505,0,atomic,4.0,1.9895176855007275
regen_OFDM_s20262505_p+00_Nd4001,OFDM,20262505,0,static,4.0,1.9999792247346306
regen_OFDM_s20262505_p+00_Nd4001,OFDM,20262505,0,static_lti,4.0,1.9990337980851538
regen_OFDM_s20262505_p+00_Nd4001,OFDM,20262505,0,static_mh,4.0,1.7845268150759979
regen_OFDM_s20262505_p+00_Nd4001,OFDM,20262505,0,static_lti_mh,4.0,1.9926896451022156
regen_OFDM_s20262505_p+00_Nd4001,OFDM,20262505,0,linear,4.0,1.9999999811212372
regen_OFDM_s20262505_p+00_Nd4001,OFDM,20262505,0,dsh,4.0,1.999995889543122
regen_OFDM_s20262505_p+03_Nd4001,OFDM,20262505,3,atomic,0.25,1.885280737142371
regen_OFDM_s20262505_p+03_Nd4001,OFDM,20262505,3,static,0.25,1.999694719555345
regen_OFDM_s20262505_p+03_Nd4001,OFDM,20262505,3,static_lti,0.25,1.9995986269572847
regen_OFDM_s20262505_p+03_Nd4001,OFDM,20262505,3,static_mh,0.25,0.8583350345454854
regen_OFDM_s20262505_p+03_Nd4001,OFDM,20262505,3,static_lti_mh,0.25,1.9994884981617664
regen_OFDM_s20262505_p+03_Nd4001,OFDM,20262505,3,linear,0.25,2.0
regen_OFDM_s20262505_p+03_Nd4001,OFDM,20262505,3,dsh,0.25,2.0
regen_OFDM_s20262505_p+03_Nd4001,OFDM,20262505,3,atomic,0.5,1.8851346712509456
regen_OFDM_s20262505_p+03_Nd4001,OFDM,20262505,3,static,0.5,1.9996742970554022
regen_OFDM_s20262505_p+03_Nd4001,OFDM,20262505,3,static_lti,0.5,1.9995896142978689
regen_OFDM_s20262505_p+03_Nd4001,OFDM,20262505,3,static_mh,0.5,0.8524020486280667
regen_OFDM_s20262505_p+03_Nd4001,OFDM,20262505,3,static_lti_mh,0.5,1.9994553642884287
regen_OFDM_s20262505_p+03_Nd4001,OFDM,20262505,3,linear,0.5,2.0
regen_OFDM_s20262505_p+03_Nd4001,OFDM,20262505,3,dsh,0.5,2.0
regen_OFDM_s20262505_p+03_Nd4001,OFDM,20262505,3,atomic,1.0,1.8821876746937498
regen_OFDM_s20262505_p+03_Nd4001,OFDM,20262505,3,static,1.0,1.9995514700140518
regen_OFDM_s20262505_p+03_Nd4001,OFDM,20262505,3,static_lti,1.0,1.9994890571741475
regen_OFDM_s20262505_p+03_Nd4001,OFDM,20262505,3,static_mh,1.0,0.8388257963115744
regen_OFDM_s20262505_p+03_Nd4001,OFDM,20262505,3,static_lti_mh,1.0,1.9992645304446408
regen_OFDM_s20262505_p+03_Nd4001,OFDM,20262505,3,linear,1.0,2.0
regen_OFDM_s20262505_p+03_Nd4001,OFDM,20262505,3,dsh,1.0,2.0
regen_OFDM_s20262505_p+03_Nd4001,OFDM,20262505,3,atomic,2.0,1.8633649827565886
regen_OFDM_s20262505_p+03_Nd4001,OFDM,20262505,3,static,2.0,1.998426844844801
regen_OFDM_s20262505_p+03_Nd4001,OFDM,20262505,3,static_lti,2.0,1.9983538145153439
regen_OFDM_s20262505_p+03_Nd4001,OFDM,20262505,3,static_mh,2.0,0.8047570936434133
regen_OFDM_s20262505_p+03_Nd4001,OFDM,20262505,3,static_lti_mh,2.0,1.9970925358645155
regen_OFDM_s20262505_p+03_Nd4001,OFDM,20262505,3,linear,2.0,2.0
regen_OFDM_s20262505_p+03_Nd4001,OFDM,20262505,3,dsh,2.0,2.0
regen_OFDM_s20262505_p+03_Nd4001,OFDM,20262505,3,atomic,4.0,1.7769905529731498
regen_OFDM_s20262505_p+03_Nd4001,OFDM,20262505,3,static,4.0,1.9814527189758413
regen_OFDM_s20262505_p+03_Nd4001,OFDM,20262505,3,static_lti,4.0,1.9731086233750836
regen_OFDM_s20262505_p+03_Nd4001,OFDM,20262505,3,static_mh,4.0,0.7093055637483691
regen_OFDM_s20262505_p+03_Nd4001,OFDM,20262505,3,static_lti_mh,4.0,1.970838211476627
regen_OFDM_s20262505_p+03_Nd4001,OFDM,20262505,3,linear,4.0,2.0
regen_OFDM_s20262505_p+03_Nd4001,OFDM,20262505,3,dsh,4.0,1.9999999998735882
regen_OFDM_s20262505_p+06_Nd4001,OFDM,20262505,6,atomic,0.25,1.740059740486221
regen_OFDM_s20262505_p+06_Nd4001,OFDM,20262505,6,static,0.25,1.7516785452622559
regen_OFDM_s20262505_p+06_Nd4001,OFDM,20262505,6,static_lti,0.25,1.75635498041492
regen_OFDM_s20262505_p+06_Nd4001,OFDM,20262505,6,static_mh,0.25,0.2787845926909641
regen_OFDM_s20262505_p+06_Nd4001,OFDM,20262505,6,static_lti_mh,0.25,1.718430274107069
regen_OFDM_s20262505_p+06_Nd4001,OFDM,20262505,6,linear,0.25,2.0
regen_OFDM_s20262505_p+06_Nd4001,OFDM,20262505,6,dsh,0.25,1.9999999928093009
regen_OFDM_s20262505_p+06_Nd4001,OFDM,20262505,6,atomic,0.5,1.7359676010901715
regen_OFDM_s20262505_p+06_Nd4001,OFDM,20262505,6,static,0.5,1.7489006236599487
regen_OFDM_s20262505_p+06_Nd4001,OFDM,20262505,6,static_lti,0.5,1.7523904776888792
regen_OFDM_s20262505_p+06_Nd4001,OFDM,20262505,6,static_mh,0.5,0.2759713774086909
regen_OFDM_s20262505_p+06_Nd4001,OFDM,20262505,6,static_lti_mh,0.5,1.7152370548242803
regen_OFDM_s20262505_p+06_Nd4001,OFDM,20262505,6,linear,0.5,2.0
regen_OFDM_s20262505_p+06_Nd4001,OFDM,20262505,6,dsh,0.5,1.9999999837198117
regen_OFDM_s20262505_p+06_Nd4001,OFDM,20262505,6,atomic,1.0,1.725949285313819
regen_OFDM_s20262505_p+06_Nd4001,OFDM,20262505,6,static,1.0,1.741868300523324
regen_OFDM_s20262505_p+06_Nd4001,OFDM,20262505,6,static_lti,1.0,1.7428308563560517
regen_OFDM_s20262505_p+06_Nd4001,OFDM,20262505,6,static_mh,1.0,0.2695600947826167
regen_OFDM_s20262505_p+06_Nd4001,OFDM,20262505,6,static_lti_mh,1.0,1.7071587838775386
regen_OFDM_s20262505_p+06_Nd4001,OFDM,20262505,6,linear,1.0,2.0
regen_OFDM_s20262505_p+06_Nd4001,OFDM,20262505,6,dsh,1.0,1.9999999022636001
regen_OFDM_s20262505_p+06_Nd4001,OFDM,20262505,6,atomic,2.0,1.699462965211535
regen_OFDM_s20262505_p+06_Nd4001,OFDM,20262505,6,static,2.0,1.7221842939502283
regen_OFDM_s20262505_p+06_Nd4001,OFDM,20262505,6,static_lti,2.0,1.7172797453585062
regen_OFDM_s20262505_p+06_Nd4001,OFDM,20262505,6,static_mh,2.0,0.25330656468023466
regen_OFDM_s20262505_p+06_Nd4001,OFDM,20262505,6,static_lti_mh,2.0,1.6838978688750779
regen_OFDM_s20262505_p+06_Nd4001,OFDM,20262505,6,linear,2.0,2.0
regen_OFDM_s20262505_p+06_Nd4001,OFDM,20262505,6,dsh,2.0,1.9999958052655713
regen_OFDM_s20262505_p+06_Nd4001,OFDM,20262505,6,atomic,4.0,1.623421141144042
regen_OFDM_s20262505_p+06_Nd4001,OFDM,20262505,6,static,4.0,1.6601442368328359
regen_OFDM_s20262505_p+06_Nd4001,OFDM,20262505,6,static_lti,4.0,1.6392742291871092
regen_OFDM_s20262505_p+06_Nd4001,OFDM,20262505,6,static_mh,4.0,0.19452099585548627
regen_OFDM_s20262505_p+06_Nd4001,OFDM,20262505,6,static_lti_mh,4.0,1.6047492633314309
regen_OFDM_s20262505_p+06_Nd4001,OFDM,20262505,6,linear,4.0,2.0
regen_OFDM_s20262505_p+06_Nd4001,OFDM,20262505,6,dsh,4.0,1.9987505076613254
regen_OFDM_s20262505_p-03_Nd4001,OFDM,20262505,-3,atomic,0.25,2.0
regen_OFDM_s20262505_p-03_Nd4001,OFDM,20262505,-3,static,0.25,2.0
regen_OFDM_s20262505_p-03_Nd4001,OFDM,20262505,-3,static_lti,0.25,2.0
regen_OFDM_s20262505_p-03_Nd4001,OFDM,20262505,-3,static_mh,0.25,1.9863229519020114
regen_OFDM_s20262505_p-03_Nd4001,OFDM,20262505,-3,static_lti_mh,0.25,2.0
regen_OFDM_s20262505_p-03_Nd4001,OFDM,20262505,-3,linear,0.25,2.0
regen_OFDM_s20262505_p-03_Nd4001,OFDM,20262505,-3,dsh,0.25,2.0
regen_OFDM_s20262505_p-03_Nd4001,OFDM,20262505,-3,atomic,0.5,2.0
regen_OFDM_s20262505_p-03_Nd4001,OFDM,20262505,-3,static,0.5,2.0
regen_OFDM_s20262505_p-03_Nd4001,OFDM,20262505,-3,static_lti,0.5,2.0
regen_OFDM_s20262505_p-03_Nd4001,OFDM,20262505,-3,static_mh,0.5,1.9842081268190759
regen_OFDM_s20262505_p-03_Nd4001,OFDM,20262505,-3,static_lti_mh,0.5,2.0
regen_OFDM_s20262505_p-03_Nd4001,OFDM,20262505,-3,linear,0.5,2.0
regen_OFDM_s20262505_p-03_Nd4001,OFDM,20262505,-3,dsh,0.5,2.0
regen_OFDM_s20262505_p-03_Nd4001,OFDM,20262505,-3,atomic,1.0,2.0
regen_OFDM_s20262505_p-03_Nd4001,OFDM,20262505,-3,static,1.0,2.0
regen_OFDM_s20262505_p-03_Nd4001,OFDM,20262505,-3,static_lti,1.0,2.0
regen_OFDM_s20262505_p-03_Nd4001,OFDM,20262505,-3,static_mh,1.0,1.9791561544296836
regen_OFDM_s20262505_p-03_Nd4001,OFDM,20262505,-3,static_lti_mh,1.0,2.0
regen_OFDM_s20262505_p-03_Nd4001,OFDM,20262505,-3,linear,1.0,2.0
regen_OFDM_s20262505_p-03_Nd4001,OFDM,20262505,-3,dsh,1.0,2.0
regen_OFDM_s20262505_p-03_Nd4001,OFDM,20262505,-3,atomic,2.0,1.999999999989805
regen_OFDM_s20262505_p-03_Nd4001,OFDM,20262505,-3,static,2.0,2.0
regen_OFDM_s20262505_p-03_Nd4001,OFDM,20262505,-3,static_lti,2.0,1.9999999999999558
regen_OFDM_s20262505_p-03_Nd4001,OFDM,20262505,-3,static_mh,2.0,1.9676206654229313
regen_OFDM_s20262505_p-03_Nd4001,OFDM,20262505,-3,static_lti_mh,2.0,1.9999999999915543
regen_OFDM_s20262505_p-03_Nd4001,OFDM,20262505,-3,linear,2.0,2.0
regen_OFDM_s20262505_p-03_Nd4001,OFDM,20262505,-3,dsh,2.0,2.0
regen_OFDM_s20262505_p-03_Nd4001,OFDM,20262505,-3,atomic,4.0,1.9852189309380235
regen_OFDM_s20262505_p-03_Nd4001,OFDM,20262505,-3,static,4.0,1.9999615037092755
regen_OFDM_s20262505_p-03_Nd4001,OFDM,20262505,-3,static_lti,4.0,1.982883728385267
regen_OFDM_s20262505_p-03_Nd4001,OFDM,20262505,-3,static_mh,4.0,1.934025665601913
regen_OFDM_s20262505_p-03_Nd4001,OFDM,20262505,-3,static_lti_mh,4.0,1.9823966529863037
regen_OFDM_s20262505_p-03_Nd4001,OFDM,20262505,-3,linear,4.0,1.9956014479142021
regen_OFDM_s20262505_p-03_Nd4001,OFDM,20262505,-3,dsh,4.0,1.9906838806227884
regen_OFDM_s20262505_p-06_Nd4001,OFDM,20262505,-6,atomic,0.25,2.0
regen_OFDM_s20262505_p-06_Nd4001,OFDM,20262505,-6,static,0.25,2.0
regen_OFDM_s20262505_p-06_Nd4001,OFDM,20262505,-6,static_lti,0.25,2.0
regen_OFDM_s20262505_p-06_Nd4001,OFDM,20262505,-6,static_mh,0.25,1.932396136033363
regen_OFDM_s20262505_p-06_Nd4001,OFDM,20262505,-6,static_lti_mh,0.25,2.0
regen_OFDM_s20262505_p-06_Nd4001,OFDM,20262505,-6,linear,0.25,2.0
regen_OFDM_s20262505_p-06_Nd4001,OFDM,20262505,-6,dsh,0.25,2.0
regen_OFDM_s20262505_p-06_Nd4001,OFDM,20262505,-6,atomic,0.5,2.0
regen_OFDM_s20262505_p-06_Nd4001,OFDM,20262505,-6,static,0.5,2.0
regen_OFDM_s20262505_p-06_Nd4001,OFDM,20262505,-6,static_lti,0.5,2.0
regen_OFDM_s20262505_p-06_Nd4001,OFDM,20262505,-6,static_mh,0.5,1.9259316878359078
regen_OFDM_s20262505_p-06_Nd4001,OFDM,20262505,-6,static_lti_mh,0.5,2.0
regen_OFDM_s20262505_p-06_Nd4001,OFDM,20262505,-6,linear,0.5,2.0
regen_OFDM_s20262505_p-06_Nd4001,OFDM,20262505,-6,dsh,0.5,2.0
regen_OFDM_s20262505_p-06_Nd4001,OFDM,20262505,-6,atomic,1.0,2.0
regen_OFDM_s20262505_p-06_Nd4001,OFDM,20262505,-6,static,1.0,2.0
regen_OFDM_s20262505_p-06_Nd4001,OFDM,20262505,-6,static_lti,1.0,2.0
regen_OFDM_s20262505_p-06_Nd4001,OFDM,20262505,-6,static_mh,1.0,1.9162954938801036
regen_OFDM_s20262505_p-06_Nd4001,OFDM,20262505,-6,static_lti_mh,1.0,2.0
regen_OFDM_s20262505_p-06_Nd4001,OFDM,20262505,-6,linear,1.0,2.0
regen_OFDM_s20262505_p-06_Nd4001,OFDM,20262505,-6,dsh,1.0,2.0
regen_OFDM_s20262505_p-06_Nd4001,OFDM,20262505,-6,atomic,2.0,1.999999970154224
regen_OFDM_s20262505_p-06_Nd4001,OFDM,20262505,-6,static,2.0,1.999999999999974
regen_OFDM_s20262505_p-06_Nd4001,OFDM,20262505,-6,static_lti,2.0,1.9999996759192527
regen_OFDM_s20262505_p-06_Nd4001,OFDM,20262505,-6,static_mh,2.0,1.9096342385507836
regen_OFDM_s20262505_p-06_Nd4001,OFDM,20262505,-6,static_lti_mh,2.0,1.9999998673754509
regen_OFDM_s20262505_p-06_Nd4001,OFDM,20262505,-6,linear,2.0,1.9999999834661855
regen_OFDM_s20262505_p-06_Nd4001,OFDM,20262505,-6,dsh,2.0,1.9999999435503129
regen_OFDM_s20262505_p-06_Nd4001,OFDM,20262505,-6,atomic,4.0,1.9007083096107984
regen_OFDM_s20262505_p-06_Nd4001,OFDM,20262505,-6,static,4.0,1.9889272529313637
regen_OFDM_s20262505_p-06_Nd4001,OFDM,20262505,-6,static_lti,4.0,1.8889611645580966
regen_OFDM_s20262505_p-06_Nd4001,OFDM,20262505,-6,static_mh,4.0,1.8821333291999773
regen_OFDM_s20262505_p-06_Nd4001,OFDM,20262505,-6,static_lti_mh,4.0,1.887901233430292
regen_OFDM_s20262505_p-06_Nd4001,OFDM,20262505,-6,linear,4.0,1.914587430809678
regen_OFDM_s20262505_p-06_Nd4001,OFDM,20262505,-6,dsh,4.0,1.901069933735075
regen_OFDM_s20262605_p+00_Nd4001,OFDM,20262605,0,atomic,0.25,1.9999862836105593
regen_OFDM_s20262605_p+00_Nd4001,OFDM,20262605,0,static,0.25,2.0
regen_OFDM_s20262605_p+00_Nd4001,OFDM,20262605,0,static_lti,0.25,2.0
regen_OFDM_s20262605_p+00_Nd4001,OFDM,20262605,0,static_mh,0.25,1.7380531630885476
regen_OFDM_s20262605_p+00_Nd4001,OFDM,20262605,0,static_lti_mh,0.25,1.9999999999949494
regen_OFDM_s20262605_p+00_Nd4001,OFDM,20262605,0,linear,0.25,2.0
regen_OFDM_s20262605_p+00_Nd4001,OFDM,20262605,0,dsh,0.25,2.0
regen_OFDM_s20262605_p+00_Nd4001,OFDM,20262605,0,atomic,0.5,1.9999839508864752
regen_OFDM_s20262605_p+00_Nd4001,OFDM,20262605,0,static,0.5,2.0
regen_OFDM_s20262605_p+00_Nd4001,OFDM,20262605,0,static_lti,0.5,2.0
regen_OFDM_s20262605_p+00_Nd4001,OFDM,20262605,0,static_mh,0.5,1.7372249599429992
regen_OFDM_s20262605_p+00_Nd4001,OFDM,20262605,0,static_lti_mh,0.5,1.9999999999946105
regen_OFDM_s20262605_p+00_Nd4001,OFDM,20262605,0,linear,0.5,2.0
regen_OFDM_s20262605_p+00_Nd4001,OFDM,20262605,0,dsh,0.5,2.0
regen_OFDM_s20262605_p+00_Nd4001,OFDM,20262605,0,atomic,1.0,1.9999739049860716
regen_OFDM_s20262605_p+00_Nd4001,OFDM,20262605,0,static,1.0,1.9999999999999947
regen_OFDM_s20262605_p+00_Nd4001,OFDM,20262605,0,static_lti,1.0,1.9999999999999976
regen_OFDM_s20262605_p+00_Nd4001,OFDM,20262605,0,static_mh,1.0,1.7344555180202894
regen_OFDM_s20262605_p+00_Nd4001,OFDM,20262605,0,static_lti_mh,1.0,1.999999999986185
regen_OFDM_s20262605_p+00_Nd4001,OFDM,20262605,0,linear,1.0,2.0
regen_OFDM_s20262605_p+00_Nd4001,OFDM,20262605,0,dsh,1.0,2.0
regen_OFDM_s20262605_p+00_Nd4001,OFDM,20262605,0,atomic,2.0,1.9998871858769556
regen_OFDM_s20262605_p+00_Nd4001,OFDM,20262605,0,static,2.0,1.9999999998995497
regen_OFDM_s20262605_p+00_Nd4001,OFDM,20262605,0,static_lti,2.0,1.999999999952094
regen_OFDM_s20262605_p+00_Nd4001,OFDM,20262605,0,static_mh,2.0,1.724766873964013
regen_OFDM_s20262605_p+00_Nd4001,OFDM,20262605,0,static_lti_mh,2.0,1.9999999991180442
regen_OFDM_s20262605_p+00_Nd4001,OFDM,20262605,0,linear,2.0,2.0
regen_OFDM_s20262605_p+00_Nd4001,OFDM,20262605,0,dsh,2.0,2.0
regen_OFDM_s20262605_p+00_Nd4001,OFDM,20262605,0,atomic,4.0,1.9945334389598326
regen_OFDM_s20262605_p+00_Nd4001,OFDM,20262605,0,static,4.0,1.9999662102875106
regen_OFDM_s20262605_p+00_Nd4001,OFDM,20262605,0,static_lti,4.0,1.9997210089302093
regen_OFDM_s20262605_p+00_Nd4001,OFDM,20262605,0,static_mh,4.0,1.684185264514255
regen_OFDM_s20262605_p+00_Nd4001,OFDM,20262605,0,static_lti_mh,4.0,1.999657041369614
regen_OFDM_s20262605_p+00_Nd4001,OFDM,20262605,0,linear,4.0,1.999999999471072
regen_OFDM_s20262605_p+00_Nd4001,OFDM,20262605,0,dsh,4.0,1.9999997759990324
regen_OFDM_s20262605_p+03_Nd4001,OFDM,20262605,3,atomic,0.25,1.9583784298670006
regen_OFDM_s20262605_p+03_Nd4001,OFDM,20262605,3,static,0.25,1.9965627088421858
regen_OFDM_s20262605_p+03_Nd4001,OFDM,20262605,3,static_lti,0.25,1.997762649044683
regen_OFDM_s20262605_p+03_Nd4001,OFDM,20262605,3,static_mh,0.25,1.0570747648892105
regen_OFDM_s20262605_p+03_Nd4001,OFDM,20262605,3,static_lti_mh,0.25,1.9922414069810896
regen_OFDM_s20262605_p+03_Nd4001,OFDM,20262605,3,linear,0.25,2.0
regen_OFDM_s20262605_p+03_Nd4001,OFDM,20262605,3,dsh,0.25,2.0
regen_OFDM_s20262605_p+03_Nd4001,OFDM,20262605,3,atomic,0.5,1.9591393658123255
regen_OFDM_s20262605_p+03_Nd4001,OFDM,20262605,3,static,0.5,1.9960319301485918
regen_OFDM_s20262605_p+03_Nd4001,OFDM,20262605,3,static_lti,0.5,1.9975856327877188
regen_OFDM_s20262605_p+03_Nd4001,OFDM,20262605,3,static_mh,0.5,1.0551396795046977
regen_OFDM_s20262605_p+03_Nd4001,OFDM,20262605,3,static_lti_mh,0.5,1.9923039262340814
regen_OFDM_s20262605_p+03_Nd4001,OFDM,20262605,3,linear,0.5,2.0
regen_OFDM_s20262605_p+03_Nd4001,OFDM,20262605,3,dsh,0.5,2.0
regen_OFDM_s20262605_p+03_Nd4001,OFDM,20262605,3,atomic,1.0,1.959327959249283
regen_OFDM_s20262605_p+03_Nd4001,OFDM,20262605,3,static,1.0,1.994652390364163
regen_OFDM_s20262605_p+03_Nd4001,OFDM,20262605,3,static_lti,1.0,1.9970027723066008
regen_OFDM_s20262605_p+03_Nd4001,OFDM,20262605,3,static_mh,1.0,1.0503823873221592
regen_OFDM_s20262605_p+03_Nd4001,OFDM,20262605,3,static_lti_mh,1.0,1.992159584996462
regen_OFDM_s20262605_p+03_Nd4001,OFDM,20262605,3,linear,1.0,2.0
regen_OFDM_s20262605_p+03_Nd4001,OFDM,20262605,3,dsh,1.0,2.0
regen_OFDM_s20262605_p+03_Nd4001,OFDM,20262605,3,atomic,2.0,1.9549317376807702
regen_OFDM_s20262605_p+03_Nd4001,OFDM,20262605,3,static,2.0,1.9906159834668722
regen_OFDM_s20262605_p+03_Nd4001,OFDM,20262605,3,static_lti,2.0,1.9946763241309287
regen_OFDM_s20262605_p+03_Nd4001,OFDM,20262605,3,static_mh,2.0,1.0373628164253579
regen_OFDM_s20262605_p+03_Nd4001,OFDM,20262605,3,static_lti_mh,2.0,1.990292022923477
regen_OFDM_s20262605_p+03_Nd4001,OFDM,20262605,3,linear,2.0,2.0
regen_OFDM_s20262605_p+03_Nd4001,OFDM,20262605,3,dsh,2.0,2.0
regen_OFDM_s20262605_p+03_Nd4001,OFDM,20262605,3,atomic,4.0,1.924152237616436
regen_OFDM_s20262605_p+03_Nd4001,OFDM,20262605,3,static,4.0,1.973714084849766
regen_OFDM_s20262605_p+03_Nd4001,OFDM,20262605,3,static_lti,4.0,1.9766696028993478
regen_OFDM_s20262605_p+03_Nd4001,OFDM,20262605,3,static_mh,4.0,0.9975778251939877
regen_OFDM_s20262605_p+03_Nd4001,OFDM,20262605,3,static_lti_mh,4.0,1.970743336078525
regen_OFDM_s20262605_p+03_Nd4001,OFDM,20262605,3,linear,4.0,2.0
regen_OFDM_s20262605_p+03_Nd4001,OFDM,20262605,3,dsh,4.0,1.9999999733760654
regen_OFDM_s20262605_p+06_Nd4001,OFDM,20262605,6,atomic,0.25,1.8272220520017113
regen_OFDM_s20262605_p+06_Nd4001,OFDM,20262605,6,static,0.25,1.724567319031706
regen_OFDM_s20262605_p+06_Nd4001,OFDM,20262605,6,static_lti,0.25,1.7270921748541341
regen_OFDM_s20262605_p+06_Nd4001,OFDM,20262605,6,static_mh,0.25,0.5009360646279963
regen_OFDM_s20262605_p+06_Nd4001,OFDM,20262605,6,static_lti_mh,0.25,1.634694304153335
regen_OFDM_s20262605_p+06_Nd4001,OFDM,20262605,6,linear,0.25,2.0
regen_OFDM_s20262605_p+06_Nd4001,OFDM,20262605,6,dsh,0.25,1.9999999999889544
regen_OFDM_s20262605_p+06_Nd4001,OFDM,20262605,6,atomic,0.5,1.8242628987053886
regen_OFDM_s20262605_p+06_Nd4001,OFDM,20262605,6,static,0.5,1.7223890690770731
regen_OFDM_s20262605_p+06_Nd4001,OFDM,20262605,6,static_lti,0.5,1.7249452085289427
regen_OFDM_s20262605_p+06_Nd4001,OFDM,20262605,6,static_mh,0.5,0.5013164793985945
regen_OFDM_s20262605_p+06_Nd4001,OFDM,20262605,6,static_lti_mh,0.5,1.6325359927335101
regen_OFDM_s20262605_p+06_Nd4001,OFDM,20262605,6,linear,0.5,2.0
regen_OFDM_s20262605_p+06_Nd4001,OFDM,20262605,6,dsh,0.5,1.9999999999804827
regen_OFDM_s20262605_p+06_Nd4001,OFDM,20262605,6,atomic,1.0,1.8171488383970533
regen_OFDM_s20262605_p+06_Nd4001,OFDM,20262605,6,static,1.0,1.7162083988288028
regen_OFDM_s20262605_p+06_Nd4001,OFDM,20262605,6,static_lti,1.0,1.7187276845164738
regen_OFDM_s20262605_p+06_Nd4001,OFDM,20262605,6,static_mh,1.0,0.5015170091655148
regen_OFDM_s20262605_p+06_Nd4001,OFDM,20262605,6,static_lti_mh,1.0,1.626371554240461
regen_OFDM_s20262605_p+06_Nd4001,OFDM,20262605,6,linear,1.0,2.0
regen_OFDM_s20262605_p+06_Nd4001,OFDM,20262605,6,dsh,1.0,1.9999999999070985
regen_OFDM_s20262605_p+06_Nd4001,OFDM,20262605,6,atomic,2.0,1.7987535880102943
regen_OFDM_s20262605_p+06_Nd4001,OFDM,20262605,6,static,2.0,1.6967906730698588
regen_OFDM_s20262605_p+06_Nd4001,OFDM,20262605,6,static_lti,2.0,1.6989724385489187
regen_OFDM_s20262605_p+06_Nd4001,OFDM,20262605,6,static_mh,2.0,0.4995901139971279
regen_OFDM_s20262605_p+06_Nd4001,OFDM,20262605,6,static_lti_mh,2.0,1.6068169707748068
regen_OFDM_s20262605_p+06_Nd4001,OFDM,20262605,6,linear,2.0,2.0
regen_OFDM_s20262605_p+06_Nd4001,OFDM,20262605,6,dsh,2.0,1.9999999930309236
regen_OFDM_s20262605_p+06_Nd4001,OFDM,20262605,6,atomic,4.0,1.7419610899054643
regen_OFDM_s20262605_p+06_Nd4001,OFDM,20262605,6,static,4.0,1.631263956909932
regen_OFDM_s20262605_p+06_Nd4001,OFDM,20262605,6,static_lti,4.0,1.6314867212455257
regen_OFDM_s20262605_p+06_Nd4001,OFDM,20262605,6,static_mh,4.0,0.48622917518192943
regen_OFDM_s20262605_p+06_Nd4001,OFDM,20262605,6,static_lti_mh,4.0,1.5392501742438112
regen_OFDM_s20262605_p+06_Nd4001,OFDM,20262605,6,linear,4.0,2.0
regen_OFDM_s20262605_p+06_Nd4001,OFDM,20262605,6,dsh,4.0,1.9999565368075043
regen_OFDM_s20262605_p-03_Nd4001,OFDM,20262605,-3,atomic,0.25,2.0
regen_OFDM_s20262605_p-03_Nd4001,OFDM,20262605,-3,static,0.25,2.0
regen_OFDM_s20262605_p-03_Nd4001,OFDM,20262605,-3,static_lti,0.25,2.0
regen_OFDM_s20262605_p-03_Nd4001,OFDM,20262605,-3,static_mh,0.25,1.9483484200796561
regen_OFDM_s20262605_p-03_Nd4001,OFDM,20262605,-3,static_lti_mh,0.25,2.0
regen_OFDM_s20262605_p-03_Nd4001,OFDM,20262605,-3,linear,0.25,2.0
regen_OFDM_s20262605_p-03_Nd4001,OFDM,20262605,-3,dsh,0.25,2.0
regen_OFDM_s20262605_p-03_Nd4001,OFDM,20262605,-3,atomic,0.5,2.0
regen_OFDM_s20262605_p-03_Nd4001,OFDM,20262605,-3,static,0.5,2.0
regen_OFDM_s20262605_p-03_Nd4001,OFDM,20262605,-3,static_lti,0.5,2.0
regen_OFDM_s20262605_p-03_Nd4001,OFDM,20262605,-3,static_mh,0.5,1.9495978018384519
regen_OFDM_s20262605_p-03_Nd4001,OFDM,20262605,-3,static_lti_mh,0.5,2.0
regen_OFDM_s20262605_p-03_Nd4001,OFDM,20262605,-3,linear,0.5,2.0
regen_OFDM_s20262605_p-03_Nd4001,OFDM,20262605,-3,dsh,0.5,2.0
regen_OFDM_s20262605_p-03_Nd4001,OFDM,20262605,-3,atomic,1.0,1.9999999999999665
regen_OFDM_s20262605_p-03_Nd4001,OFDM,20262605,-3,static,1.0,2.0
regen_OFDM_s20262605_p-03_Nd4001,OFDM,20262605,-3,static_lti,1.0,2.0
regen_OFDM_s20262605_p-03_Nd4001,OFDM,20262605,-3,static_mh,1.0,1.950462957888601
regen_OFDM_s20262605_p-03_Nd4001,OFDM,20262605,-3,static_lti_mh,1.0,2.0
regen_OFDM_s20262605_p-03_Nd4001,OFDM,20262605,-3,linear,1.0,2.0
regen_OFDM_s20262605_p-03_Nd4001,OFDM,20262605,-3,dsh,1.0,2.0
regen_OFDM_s20262605_p-03_Nd4001,OFDM,20262605,-3,atomic,2.0,1.9999999963438704
regen_OFDM_s20262605_p-03_Nd4001,OFDM,20262605,-3,static,2.0,2.0
regen_OFDM_s20262605_p-03_Nd4001,OFDM,20262605,-3,static_lti,2.0,1.9999999999999896
regen_OFDM_s20262605_p-03_Nd4001,OFDM,20262605,-3,static_mh,2.0,1.9448387328267391
regen_OFDM_s20262605_p-03_Nd4001,OFDM,20262605,-3,static_lti_mh,2.0,1.9999999999999893
regen_OFDM_s20262605_p-03_Nd4001,OFDM,20262605,-3,linear,2.0,2.0
regen_OFDM_s20262605_p-03_Nd4001,OFDM,20262605,-3,dsh,2.0,2.0
regen_OFDM_s20262605_p-03_Nd4001,OFDM,20262605,-3,atomic,4.0,1.9935793230579664
regen_OFDM_s20262605_p-03_Nd4001,OFDM,20262605,-3,static,4.0,1.9998499816234083
regen_OFDM_s20262605_p-03_Nd4001,OFDM,20262605,-3,static_lti,4.0,1.9959174196504943
regen_OFDM_s20262605_p-03_Nd4001,OFDM,20262605,-3,static_mh,4.0,1.8897414686007086
regen_OFDM_s20262605_p-03_Nd4001,OFDM,20262605,-3,static_lti_mh,4.0,1.996140872528354
regen_OFDM_s20262605_p-03_Nd4001,OFDM,20262605,-3,linear,4.0,1.9993894200042182
regen_OFDM_s20262605_p-03_Nd4001,OFDM,20262605,-3,dsh,4.0,1.9983724298689394
regen_OFDM_s20262605_p-06_Nd4001,OFDM,20262605,-6,atomic,0.25,2.0
regen_OFDM_s20262605_p-06_Nd4001,OFDM,20262605,-6,static,0.25,2.0
regen_OFDM_s20262605_p-06_Nd4001,OFDM,20262605,-6,static_lti,0.25,2.0
regen_OFDM_s20262605_p-06_Nd4001,OFDM,20262605,-6,static_mh,0.25,1.8981417769609152
regen_OFDM_s20262605_p-06_Nd4001,OFDM,20262605,-6,static_lti_mh,0.25,2.0
regen_OFDM_s20262605_p-06_Nd4001,OFDM,20262605,-6,linear,0.25,2.0
regen_OFDM_s20262605_p-06_Nd4001,OFDM,20262605,-6,dsh,0.25,2.0
regen_OFDM_s20262605_p-06_Nd4001,OFDM,20262605,-6,atomic,0.5,2.0
regen_OFDM_s20262605_p-06_Nd4001,OFDM,20262605,-6,static,0.5,2.0
regen_OFDM_s20262605_p-06_Nd4001,OFDM,20262605,-6,static_lti,0.5,2.0
regen_OFDM_s20262605_p-06_Nd4001,OFDM,20262605,-6,static_mh,0.5,1.8957077745448236
regen_OFDM_s20262605_p-06_Nd4001,OFDM,20262605,-6,static_lti_mh,0.5,2.0
regen_OFDM_s20262605_p-06_Nd4001,OFDM,20262605,-6,linear,0.5,2.0
regen_OFDM_s20262605_p-06_Nd4001,OFDM,20262605,-6,dsh,0.5,2.0
regen_OFDM_s20262605_p-06_Nd4001,OFDM,20262605,-6,atomic,1.0,2.0
regen_OFDM_s20262605_p-06_Nd4001,OFDM,20262605,-6,static,1.0,2.0
regen_OFDM_s20262605_p-06_Nd4001,OFDM,20262605,-6,static_lti,1.0,2.0
regen_OFDM_s20262605_p-06_Nd4001,OFDM,20262605,-6,static_mh,1.0,1.8884482481793488
regen_OFDM_s20262605_p-06_Nd4001,OFDM,20262605,-6,static_lti_mh,1.0,2.0
regen_OFDM_s20262605_p-06_Nd4001,OFDM,20262605,-6,linear,1.0,2.0
regen_OFDM_s20262605_p-06_Nd4001,OFDM,20262605,-6,dsh,1.0,2.0
regen_OFDM_s20262605_p-06_Nd4001,OFDM,20262605,-6,atomic,2.0,1.9999999865318159
regen_OFDM_s20262605_p-06_Nd4001,OFDM,20262605,-6,static,2.0,1.999999999996699
regen_OFDM_s20262605_p-06_Nd4001,OFDM,20262605,-6,static_lti,2.0,1.9999999944677451
regen_OFDM_s20262605_p-06_Nd4001,OFDM,20262605,-6,static_mh,2.0,1.876613570341258
regen_OFDM_s20262605_p-06_Nd4001,OFDM,20262605,-6,static_lti_mh,2.0,1.9999999932914307
regen_OFDM_s20262605_p-06_Nd4001,OFDM,20262605,-6,linear,2.0,1.9999999995403277
regen_OFDM_s20262605_p-06_Nd4001,OFDM,20262605,-6,dsh,2.0,1.9999999967286786
regen_OFDM_s20262605_p-06_Nd4001,OFDM,20262605,-6,atomic,4.0,1.930141292120211
regen_OFDM_s20262605_p-06_Nd4001,OFDM,20262605,-6,static,4.0,1.984427376570128
regen_OFDM_s20262605_p-06_Nd4001,OFDM,20262605,-6,static_lti,4.0,1.9200200907673273
regen_OFDM_s20262605_p-06_Nd4001,OFDM,20262605,-6,static_mh,4.0,1.7940052450053001
regen_OFDM_s20262605_p-06_Nd4001,OFDM,20262605,-6,static_lti_mh,4.0,1.9191637728228148
regen_OFDM_s20262605_p-06_Nd4001,OFDM,20262605,-6,linear,4.0,1.9339913775942632
regen_OFDM_s20262605_p-06_Nd4001,OFDM,20262605,-6,dsh,4.0,1.9241186136078348
regen_OFDM_s20262705_p+00_Nd4001,OFDM,20262705,0,atomic,0.25,1.9903604992065866
regen_OFDM_s20262705_p+00_Nd4001,OFDM,20262705,0,static,0.25,2.0
regen_OFDM_s20262705_p+00_Nd4001,OFDM,20262705,0,static_lti,0.25,2.0
regen_OFDM_s20262705_p+00_Nd4001,OFDM,20262705,0,static_mh,0.25,1.883202697913542
regen_OFDM_s20262705_p+00_Nd4001,OFDM,20262705,0,static_lti_mh,0.25,1.9999999999998554
regen_OFDM_s20262705_p+00_Nd4001,OFDM,20262705,0,linear,0.25,2.0
regen_OFDM_s20262705_p+00_Nd4001,OFDM,20262705,0,dsh,0.25,2.0
regen_OFDM_s20262705_p+00_Nd4001,OFDM,20262705,0,atomic,0.5,1.9910072009022242
regen_OFDM_s20262705_p+00_Nd4001,OFDM,20262705,0,static,0.5,2.0
regen_OFDM_s20262705_p+00_Nd4001,OFDM,20262705,0,static_lti,0.5,2.0
regen_OFDM_s20262705_p+00_Nd4001,OFDM,20262705,0,static_mh,0.5,1.881512445023109
regen_OFDM_s20262705_p+00_Nd4001,OFDM,20262705,0,static_lti_mh,0.5,1.9999999999993636
regen_OFDM_s20262705_p+00_Nd4001,OFDM,20262705,0,linear,0.5,2.0
regen_OFDM_s20262705_p+00_Nd4001,OFDM,20262705,0,dsh,0.5,2.0
regen_OFDM_s20262705_p+00_Nd4001,OFDM,20262705,0,atomic,1.0,1.9923280841916873
regen_OFDM_s20262705_p+00_Nd4001,OFDM,20262705,0,static,1.0,1.9999999999999996
regen_OFDM_s20262705_p+00_Nd4001,OFDM,20262705,0,static_lti,1.0,1.9999999999999942
regen_OFDM_s20262705_p+00_Nd4001,OFDM,20262705,0,static_mh,1.0,1.8770645314737167
regen_OFDM_s20262705_p+00_Nd4001,OFDM,20262705,0,static_lti_mh,1.0,1.9999999999402134
regen_OFDM_s20262705_p+00_Nd4001,OFDM,20262705,0,linear,1.0,2.0
regen_OFDM_s20262705_p+00_Nd4001,OFDM,20262705,0,dsh,1.0,2.0
regen_OFDM_s20262705_p+00_Nd4001,OFDM,20262705,0,atomic,2.0,1.9934489349641136
regen_OFDM_s20262705_p+00_Nd4001,OFDM,20262705,0,static,2.0,1.9999999999966072
regen_OFDM_s20262705_p+00_Nd4001,OFDM,20262705,0,static_lti,2.0,1.9999999998515503
regen_OFDM_s20262705_p+00_Nd4001,OFDM,20262705,0,static_mh,2.0,1.8640507021479396
regen_OFDM_s20262705_p+00_Nd4001,OFDM,20262705,0,static_lti_mh,2.0,1.9999991927167637
regen_OFDM_s20262705_p+00_Nd4001,OFDM,20262705,0,linear,2.0,2.0
regen_OFDM_s20262705_p+00_Nd4001,OFDM,20262705,0,dsh,2.0,2.0
regen_OFDM_s20262705_p+00_Nd4001,OFDM,20262705,0,atomic,4.0,1.9574406799968722
regen_OFDM_s20262705_p+00_Nd4001,OFDM,20262705,0,static,4.0,1.9999809877190147
regen_OFDM_s20262705_p+00_Nd4001,OFDM,20262705,0,static_lti,4.0,1.998399407604683
regen_OFDM_s20262705_p+00_Nd4001,OFDM,20262705,0,static_mh,4.0,1.8199557072117463
regen_OFDM_s20262705_p+00_Nd4001,OFDM,20262705,0,static_lti_mh,4.0,1.9907551517576527
regen_OFDM_s20262705_p+00_Nd4001,OFDM,20262705,0,linear,4.0,1.999999999971401
regen_OFDM_s20262705_p+00_Nd4001,OFDM,20262705,0,dsh,4.0,1.9999998063249396
regen_OFDM_s20262705_p+03_Nd4001,OFDM,20262705,3,atomic,0.25,1.913654004560091
regen_OFDM_s20262705_p+03_Nd4001,OFDM,20262705,3,static,0.25,1.9955243735168564
regen_OFDM_s20262705_p+03_Nd4001,OFDM,20262705,3,static_lti,0.25,1.998036427492674
regen_OFDM_s20262705_p+03_Nd4001,OFDM,20262705,3,static_mh,0.25,1.1523865090427001
regen_OFDM_s20262705_p+03_Nd4001,OFDM,20262705,3,static_lti_mh,0.25,1.9921897233595105
regen_OFDM_s20262705_p+03_Nd4001,OFDM,20262705,3,linear,0.25,2.0
regen_OFDM_s20262705_p+03_Nd4001,OFDM,20262705,3,dsh,0.25,2.0
regen_OFDM_s20262705_p+03_Nd4001,OFDM,20262705,3,atomic,0.5,1.9118444471403082
regen_OFDM_s20262705_p+03_Nd4001,OFDM,20262705,3,static,0.5,1.9948779593912735
regen_OFDM_s20262705_p+03_Nd4001,OFDM,20262705,3,static_lti,0.5,1.9978783108910456
regen_OFDM_s20262705_p+03_Nd4001,OFDM,20262705,3,static_mh,0.5,1.1534906350962668
regen_OFDM_s20262705_p+03_Nd4001,OFDM,20262705,3,static_lti_mh,0.5,1.9915215594174338
regen_OFDM_s20262705_p+03_Nd4001,OFDM,20262705,3,linear,0.5,2.0
regen_OFDM_s20262705_p+03_Nd4001,OFDM,20262705,3,dsh,0.5,2.0
regen_OFDM_s20262705_p+03_Nd4001,OFDM,20262705,3,atomic,1.0,1.9064521157372751
regen_OFDM_s20262705_p+03_Nd4001,OFDM,20262705,3,static,1.0,1.9933047407271054
regen_OFDM_s20262705_p+03_Nd4001,OFDM,20262705,3,static_lti,1.0,1.9973661956381654
regen_OFDM_s20262705_p+03_Nd4001,OFDM,20262705,3,static_mh,1.0,1.154748278539886
regen_OFDM_s20262705_p+03_Nd4001,OFDM,20262705,3,static_lti_mh,1.0,1.9890329655098677
regen_OFDM_s20262705_p+03_Nd4001,OFDM,20262705,3,linear,1.0,2.0
regen_OFDM_s20262705_p+03_Nd4001,OFDM,20262705,3,dsh,1.0,2.0
regen_OFDM_s20262705_p+03_Nd4001,OFDM,20262705,3,atomic,2.0,1.8876272746797487
regen_OFDM_s20262705_p+03_Nd4001,OFDM,20262705,3,static,2.0,1.9891597951863467
regen_OFDM_s20262705_p+03_Nd4001,OFDM,20262705,3,static_lti,2.0,1.9942218844753965
regen_OFDM_s20262705_p+03_Nd4001,OFDM,20262705,3,static_mh,2.0,1.153539502288182
regen_OFDM_s20262705_p+03_Nd4001,OFDM,20262705,3,static_lti_mh,2.0,1.9780856564129294
regen_OFDM_s20262705_p+03_Nd4001,OFDM,20262705,3,linear,2.0,2.0
regen_OFDM_s20262705_p+03_Nd4001,OFDM,20262705,3,dsh,2.0,2.0
regen_OFDM_s20262705_p+03_Nd4001,OFDM,20262705,3,atomic,4.0,1.824904293424386
regen_OFDM_s20262705_p+03_Nd4001,OFDM,20262705,3,static,4.0,1.9714067703170326
regen_OFDM_s20262705_p+03_Nd4001,OFDM,20262705,3,static_lti,4.0,1.9550836316368168
regen_OFDM_s20262705_p+03_Nd4001,OFDM,20262705,3,static_mh,4.0,1.1368422456954403
regen_OFDM_s20262705_p+03_Nd4001,OFDM,20262705,3,static_lti_mh,4.0,1.923193945649584
regen_OFDM_s20262705_p+03_Nd4001,OFDM,20262705,3,linear,4.0,2.0
regen_OFDM_s20262705_p+03_Nd4001,OFDM,20262705,3,dsh,4.0,1.9999999999865163
regen_OFDM_s20262705_p+06_Nd4001,OFDM,20262705,6,atomic,0.25,1.7202442574192052
regen_OFDM_s20262705_p+06_Nd4001,OFDM,20262705,6,static,0.25,1.7752706745744578
regen_OFDM_s20262705_p+06_Nd4001,OFDM,20262705,6,static_lti,0.25,1.7803529043623831
regen_OFDM_s20262705_p+06_Nd4001,OFDM,20262705,6,static_mh,0.25,0.09026184991665179
regen_OFDM_s20262705_p+06_Nd4001,OFDM,20262705,6,static_lti_mh,0.25,1.709446701389549
regen_OFDM_s20262705_p+06_Nd4001,OFDM,20262705,6,linear,0.25,2.0
regen_OFDM_s20262705_p+06_Nd4001,OFDM,20262705,6,dsh,0.25,1.9999999999963205
regen_OFDM_s20262705_p+06_Nd4001,OFDM,20262705,6,atomic,0.5,1.7189770874330674
regen_OFDM_s20262705_p+06_Nd4001,OFDM,20262705,6,static,0.5,1.7733298666040038
regen_OFDM_s20262705_p+06_Nd4001,OFDM,20262705,6,static_lti,0.5,1.7783633766089377
regen_OFDM_s20262705_p+06_Nd4001,OFDM,20262705,6,static_mh,0.5,0.10360125596160413
regen_OFDM_s20262705_p+06_Nd4001,OFDM,20262705,6,static_lti_mh,0.5,1.7077750496394297
regen_OFDM_s20262705_p+06_Nd4001,OFDM,20262705,6,linear,0.5,2.0
regen_OFDM_s20262705_p+06_Nd4001,OFDM,20262705,6,dsh,0.5,1.9999999999971914
regen_OFDM_s20262705_p+06_Nd4001,OFDM,20262705,6,atomic,1.0,1.7136167077569875
regen_OFDM_s20262705_p+06_Nd4001,OFDM,20262705,6,static,1.0,1.767607968458974
regen_OFDM_s20262705_p+06_Nd4001,OFDM,20262705,6,static_lti,1.0,1.7717775020369566
regen_OFDM_s20262705_p+06_Nd4001,OFDM,20262705,6,static_mh,1.0,0.13035748298076527
regen_OFDM_s20262705_p+06_Nd4001,OFDM,20262705,6,static_lti_mh,1.0,1.7020484322890486
regen_OFDM_s20262705_p+06_Nd4001,OFDM,20262705,6,linear,1.0,2.0
regen_OFDM_s20262705_p+06_Nd4001,OFDM,20262705,6,dsh,1.0,1.9999999999966012
regen_OFDM_s20262705_p+06_Nd4001,OFDM,20262705,6,atomic,2.0,1.6938243111979754
regen_OFDM_s20262705_p+06_Nd4001,OFDM,20262705,6,static,2.0,1.7489647623432967
regen_OFDM_s20262705_p+06_Nd4001,OFDM,20262705,6,static_lti,2.0,1.748521148725715
regen_OFDM_s20262705_p+06_Nd4001,OFDM,20262705,6,static_mh,2.0,0.18075894182468158
regen_OFDM_s20262705_p+06_Nd4001,OFDM,20262705,6,static_lti_mh,2.0,1.6814675494414326
regen_OFDM_s20262705_p+06_Nd4001,OFDM,20262705,6,linear,2.0,2.0
regen_OFDM_s20262705_p+06_Nd4001,OFDM,20262705,6,dsh,2.0,1.9999999998400038
regen_OFDM_s20262705_p+06_Nd4001,OFDM,20262705,6,atomic,4.0,1.6322184138017446
regen_OFDM_s20262705_p+06_Nd4001,OFDM,20262705,6,static,4.0,1.6832608306705903
regen_OFDM_s20262705_p+06_Nd4001,OFDM,20262705,6,static_lti,4.0,1.6692778835506943
regen_OFDM_s20262705_p+06_Nd4001,OFDM,20262705,6,static_mh,4.0,0.2555241992627323
regen_OFDM_s20262705_p+06_Nd4001,OFDM,20262705,6,static_lti_mh,4.0,1.6097036909170053
regen_OFDM_s20262705_p+06_Nd4001,OFDM,20262705,6,linear,4.0,2.0
regen_OFDM_s20262705_p+06_Nd4001,OFDM,20262705,6,dsh,4.0,1.9999863060803431
regen_OFDM_s20262705_p-03_Nd4001,OFDM,20262705,-3,atomic,0.25,2.0
regen_OFDM_s20262705_p-03_Nd4001,OFDM,20262705,-3,static,0.25,2.0
regen_OFDM_s20262705_p-03_Nd4001,OFDM,20262705,-3,static_lti,0.25,2.0
regen_OFDM_s20262705_p-03_Nd4001,OFDM,20262705,-3,static_mh,0.25,1.9768088821733676
regen_OFDM_s20262705_p-03_Nd4001,OFDM,20262705,-3,static_lti_mh,0.25,2.0
regen_OFDM_s20262705_p-03_Nd4001,OFDM,20262705,-3,linear,0.25,2.0
regen_OFDM_s20262705_p-03_Nd4001,OFDM,20262705,-3,dsh,0.25,2.0
regen_OFDM_s20262705_p-03_Nd4001,OFDM,20262705,-3,atomic,0.5,2.0
regen_OFDM_s20262705_p-03_Nd4001,OFDM,20262705,-3,static,0.5,2.0
regen_OFDM_s20262705_p-03_Nd4001,OFDM,20262705,-3,static_lti,0.5,2.0
regen_OFDM_s20262705_p-03_Nd4001,OFDM,20262705,-3,static_mh,0.5,1.9709435394742474
regen_OFDM_s20262705_p-03_Nd4001,OFDM,20262705,-3,static_lti_mh,0.5,2.0
regen_OFDM_s20262705_p-03_Nd4001,OFDM,20262705,-3,linear,0.5,2.0
regen_OFDM_s20262705_p-03_Nd4001,OFDM,20262705,-3,dsh,0.5,2.0
regen_OFDM_s20262705_p-03_Nd4001,OFDM,20262705,-3,atomic,1.0,2.0
regen_OFDM_s20262705_p-03_Nd4001,OFDM,20262705,-3,static,1.0,2.0
regen_OFDM_s20262705_p-03_Nd4001,OFDM,20262705,-3,static_lti,1.0,2.0
regen_OFDM_s20262705_p-03_Nd4001,OFDM,20262705,-3,static_mh,1.0,1.956091330231079
regen_OFDM_s20262705_p-03_Nd4001,OFDM,20262705,-3,static_lti_mh,1.0,2.0
regen_OFDM_s20262705_p-03_Nd4001,OFDM,20262705,-3,linear,1.0,2.0
regen_OFDM_s20262705_p-03_Nd4001,OFDM,20262705,-3,dsh,1.0,2.0
regen_OFDM_s20262705_p-03_Nd4001,OFDM,20262705,-3,atomic,2.0,1.9999999990971165
regen_OFDM_s20262705_p-03_Nd4001,OFDM,20262705,-3,static,2.0,2.0
regen_OFDM_s20262705_p-03_Nd4001,OFDM,20262705,-3,static_lti,2.0,1.9999999999999913
regen_OFDM_s20262705_p-03_Nd4001,OFDM,20262705,-3,static_mh,2.0,1.9238561374595495
regen_OFDM_s20262705_p-03_Nd4001,OFDM,20262705,-3,static_lti_mh,2.0,1.999999999999863
regen_OFDM_s20262705_p-03_Nd4001,OFDM,20262705,-3,linear,2.0,2.0
regen_OFDM_s20262705_p-03_Nd4001,OFDM,20262705,-3,dsh,2.0,2.0
regen_OFDM_s20262705_p-03_Nd4001,OFDM,20262705,-3,atomic,4.0,1.9909550612978628
regen_OFDM_s20262705_p-03_Nd4001,OFDM,20262705,-3,static,4.0,1.9999166135074915
regen_OFDM_s20262705_p-03_Nd4001,OFDM,20262705,-3,static_lti,4.0,1.996593510962738
regen_OFDM_s20262705_p-03_Nd4001,OFDM,20262705,-3,static_mh,4.0,1.8701136637642695
regen_OFDM_s20262705_p-03_Nd4001,OFDM,20262705,-3,static_lti_mh,4.0,1.9939888419948992
regen_OFDM_s20262705_p-03_Nd4001,OFDM,20262705,-3,linear,4.0,1.9998945343311414
regen_OFDM_s20262705_p-03_Nd4001,OFDM,20262705,-3,dsh,4.0,1.999117804781472
regen_OFDM_s20262705_p-06_Nd4001,OFDM,20262705,-6,atomic,0.25,2.0
regen_OFDM_s20262705_p-06_Nd4001,OFDM,20262705,-6,static,0.25,2.0
regen_OFDM_s20262705_p-06_Nd4001,OFDM,20262705,-6,static_lti,0.25,2.0
regen_OFDM_s20262705_p-06_Nd4001,OFDM,20262705,-6,static_mh,0.25,1.9036503927641433
regen_OFDM_s20262705_p-06_Nd4001,OFDM,20262705,-6,static_lti_mh,0.25,2.0
regen_OFDM_s20262705_p-06_Nd4001,OFDM,20262705,-6,linear,0.25,2.0
regen_OFDM_s20262705_p-06_Nd4001,OFDM,20262705,-6,dsh,0.25,2.0
regen_OFDM_s20262705_p-06_Nd4001,OFDM,20262705,-6,atomic,0.5,2.0
regen_OFDM_s20262705_p-06_Nd4001,OFDM,20262705,-6,static,0.5,2.0
regen_OFDM_s20262705_p-06_Nd4001,OFDM,20262705,-6,static_lti,0.5,2.0
regen_OFDM_s20262705_p-06_Nd4001,OFDM,20262705,-6,static_mh,0.5,1.8948770821380219
regen_OFDM_s20262705_p-06_Nd4001,OFDM,20262705,-6,static_lti_mh,0.5,2.0
regen_OFDM_s20262705_p-06_Nd4001,OFDM,20262705,-6,linear,0.5,2.0
regen_OFDM_s20262705_p-06_Nd4001,OFDM,20262705,-6,dsh,0.5,2.0
regen_OFDM_s20262705_p-06_Nd4001,OFDM,20262705,-6,atomic,1.0,2.0
regen_OFDM_s20262705_p-06_Nd4001,OFDM,20262705,-6,static,1.0,2.0
regen_OFDM_s20262705_p-06_Nd4001,OFDM,20262705,-6,static_lti,1.0,2.0
regen_OFDM_s20262705_p-06_Nd4001,OFDM,20262705,-6,static_mh,1.0,1.8788423834925405
regen_OFDM_s20262705_p-06_Nd4001,OFDM,20262705,-6,static_lti_mh,1.0,2.0
regen_OFDM_s20262705_p-06_Nd4001,OFDM,20262705,-6,linear,1.0,2.0
regen_OFDM_s20262705_p-06_Nd4001,OFDM,20262705,-6,dsh,1.0,2.0
regen_OFDM_s20262705_p-06_Nd4001,OFDM,20262705,-6,atomic,2.0,1.9999999718274044
regen_OFDM_s20262705_p-06_Nd4001,OFDM,20262705,-6,static,2.0,1.9999999999999643
regen_OFDM_s20262705_p-06_Nd4001,OFDM,20262705,-6,static_lti,2.0,1.9999999992157464
regen_OFDM_s20262705_p-06_Nd4001,OFDM,20262705,-6,static_mh,2.0,1.844258584114031
regen_OFDM_s20262705_p-06_Nd4001,OFDM,20262705,-6,static_lti_mh,2.0,1.999999997330169
regen_OFDM_s20262705_p-06_Nd4001,OFDM,20262705,-6,linear,2.0,1.9999999999754001
regen_OFDM_s20262705_p-06_Nd4001,OFDM,20262705,-6,dsh,2.0,1.999999999659247
regen_OFDM_s20262705_p-06_Nd4001,OFDM,20262705,-6,atomic,4.0,1.9370606717950616
regen_OFDM_s20262705_p-06_Nd4001,OFDM,20262705,-6,static,4.0,1.9897406912255473
regen_OFDM_s20262705_p-06_Nd4001,OFDM,20262705,-6,static_lti,4.0,1.9411386967261646
regen_OFDM_s20262705_p-06_Nd4001,OFDM,20262705,-6,static_mh,4.0,1.7378093224479811
regen_OFDM_s20262705_p-06_Nd4001,OFDM,20262705,-6,static_lti_mh,4.0,1.9324249352479983
regen_OFDM_s20262705_p-06_Nd4001,OFDM,20262705,-6,linear,4.0,1.96186211588074
regen_OFDM_s20262705_p-06_Nd4001,OFDM,20262705,-6,dsh,4.0,1.9445987795097435
regen_QPSK_s20262003_p+00_Nd4001,QPSK,20262003,0,atomic,0.25,1.8452875945694263
regen_QPSK_s20262003_p+00_Nd4001,QPSK,20262003,0,static,0.25,2.0
regen_QPSK_s20262003_p+00_Nd4001,QPSK,20262003,0,static_lti,0.25,1.9494035165694568
regen_QPSK_s20262003_p+00_Nd4001,QPSK,20262003,0,static_mh,0.25,1.999999999999902
regen_QPSK_s20262003_p+00_Nd4001,QPSK,20262003,0,static_lti_mh,0.25,1.9499828264191663
regen_QPSK_s20262003_p+00_Nd4001,QPSK,20262003,0,linear,0.25,1.9488815744607568
regen_QPSK_s20262003_p+00_Nd4001,QPSK,20262003,0,dsh,0.25,1.9490041487340817
regen_QPSK_s20262003_p+00_Nd4001,QPSK,20262003,0,atomic,0.5,1.8434489540124739
regen_QPSK_s20262003_p+00_Nd4001,QPSK,20262003,0,static,0.5,2.0
regen_QPSK_s20262003_p+00_Nd4001,QPSK,20262003,0,static_lti,0.5,1.9472274713261164
regen_QPSK_s20262003_p+00_Nd4001,QPSK,20262003,0,static_mh,0.5,1.9999999999999343
regen_QPSK_s20262003_p+00_Nd4001,QPSK,20262003,0,static_lti_mh,0.5,1.9478505218020021
regen_QPSK_s20262003_p+00_Nd4001,QPSK,20262003,0,linear,0.5,1.9471047032756887
regen_QPSK_s20262003_p+00_Nd4001,QPSK,20262003,0,dsh,0.5,1.9469231123965376
regen_QPSK_s20262003_p+00_Nd4001,QPSK,20262003,0,atomic,1.0,1.8382496872688654
regen_QPSK_s20262003_p+00_Nd4001,QPSK,20262003,0,static,1.0,2.0
regen_QPSK_s20262003_p+00_Nd4001,QPSK,20262003,0,static_lti,1.0,1.9416241174386095
regen_QPSK_s20262003_p+00_Nd4001,QPSK,20262003,0,static_mh,1.0,1.999999999999918
regen_QPSK_s20262003_p+00_Nd4001,QPSK,20262003,0,static_lti_mh,1.0,1.9423389714003665
regen_QPSK_s20262003_p+00_Nd4001,QPSK,20262003,0,linear,1.0,1.9425552501987757
regen_QPSK_s20262003_p+00_Nd4001,QPSK,20262003,0,dsh,1.0,1.9415048636636452
regen_QPSK_s20262003_p+00_Nd4001,QPSK,20262003,0,atomic,2.0,1.821751586682082
regen_QPSK_s20262003_p+00_Nd4001,QPSK,20262003,0,static,2.0,2.0
regen_QPSK_s20262003_p+00_Nd4001,QPSK,20262003,0,static_lti,2.0,1.925633813879772
regen_QPSK_s20262003_p+00_Nd4001,QPSK,20262003,0,static_mh,2.0,1.999999999993543
regen_QPSK_s20262003_p+00_Nd4001,QPSK,20262003,0,static_lti_mh,2.0,1.9265298175316643
regen_QPSK_s20262003_p+00_Nd4001,QPSK,20262003,0,linear,2.0,1.929619808907849
regen_QPSK_s20262003_p+00_Nd4001,QPSK,20262003,0,dsh,2.0,1.925814646636697
regen_QPSK_s20262003_p+00_Nd4001,QPSK,20262003,0,atomic,4.0,1.7650729157510605
regen_QPSK_s20262003_p+00_Nd4001,QPSK,20262003,0,static,4.0,1.9999999691919597
regen_QPSK_s20262003_p+00_Nd4001,QPSK,20262003,0,static_lti,4.0,1.874770076439759
regen_QPSK_s20262003_p+00_Nd4001,QPSK,20262003,0,static_mh,4.0,1.9999997948092754
regen_QPSK_s20262003_p+00_Nd4001,QPSK,20262003,0,static_lti_mh,4.0,1.875931158287001
regen_QPSK_s20262003_p+00_Nd4001,QPSK,20262003,0,linear,4.0,1.8888128407414178
regen_QPSK_s20262003_p+00_Nd4001,QPSK,20262003,0,dsh,4.0,1.8753233943553411
regen_QPSK_s20262003_p+03_Nd4001,QPSK,20262003,3,atomic,0.25,1.5354033597906418
regen_QPSK_s20262003_p+03_Nd4001,QPSK,20262003,3,static,0.25,2.0
regen_QPSK_s20262003_p+03_Nd4001,QPSK,20262003,3,static_lti,0.25,1.947176366511625
regen_QPSK_s20262003_p+03_Nd4001,QPSK,20262003,3,static_mh,0.25,1.9643352276595678
regen_QPSK_s20262003_p+03_Nd4001,QPSK,20262003,3,static_lti_mh,0.25,1.9426758582544312
regen_QPSK_s20262003_p+03_Nd4001,QPSK,20262003,3,linear,0.25,1.949336631487564
regen_QPSK_s20262003_p+03_Nd4001,QPSK,20262003,3,dsh,0.25,1.9429253590186486
regen_QPSK_s20262003_p+03_Nd4001,QPSK,20262003,3,atomic,0.5,1.5335774413459136
regen_QPSK_s20262003_p+03_Nd4001,QPSK,20262003,3,static,0.5,2.0
regen_QPSK_s20262003_p+03_Nd4001,QPSK,20262003,3,static_lti,0.5,1.9455721794061702
regen_QPSK_s20262003_p+03_Nd4001,QPSK,20262003,3,static_mh,0.5,1.963992894067093
regen_QPSK_s20262003_p+03_Nd4001,QPSK,20262003,3,static_lti_mh,0.5,1.9407931100168134
regen_QPSK_s20262003_p+03_Nd4001,QPSK,20262003,3,linear,0.5,1.9481834721211009
regen_QPSK_s20262003_p+03_Nd4001,QPSK,20262003,3,dsh,0.5,1.9410987547429985
regen_QPSK_s20262003_p+03_Nd4001,QPSK,20262003,3,atomic,1.0,1.5290217536725441
regen_QPSK_s20262003_p+03_Nd4001,QPSK,20262003,3,static,1.0,2.0
regen_QPSK_s20262003_p+03_Nd4001,QPSK,20262003,3,static_lti,1.0,1.9415125803401818
regen_QPSK_s20262003_p+03_Nd4001,QPSK,20262003,3,static_mh,1.0,1.9628072578507103
regen_QPSK_s20262003_p+03_Nd4001,QPSK,20262003,3,static_lti_mh,1.0,1.936179574967362
regen_QPSK_s20262003_p+03_Nd4001,QPSK,20262003,3,linear,1.0,1.945372067288527
regen_QPSK_s20262003_p+03_Nd4001,QPSK,20262003,3,dsh,1.0,1.9366626038448729
regen_QPSK_s20262003_p+03_Nd4001,QPSK,20262003,3,atomic,2.0,1.5163328072754814
regen_QPSK_s20262003_p+03_Nd4001,QPSK,20262003,3,static,2.0,1.9999999999999936
regen_QPSK_s20262003_p+03_Nd4001,QPSK,20262003,3,static_lti,2.0,1.9301445580676575
regen_QPSK_s20262003_p+03_Nd4001,QPSK,20262003,3,static_mh,2.0,1.9583317620944132
regen_QPSK_s20262003_p+03_Nd4001,QPSK,20262003,3,static_lti_mh,2.0,1.923762061151022
regen_QPSK_s20262003_p+03_Nd4001,QPSK,20262003,3,linear,2.0,1.9377865017135725
regen_QPSK_s20262003_p+03_Nd4001,QPSK,20262003,3,dsh,2.0,1.924795243790235
regen_QPSK_s20262003_p+03_Nd4001,QPSK,20262003,3,atomic,4.0,1.4773975725921642
regen_QPSK_s20262003_p+03_Nd4001,QPSK,20262003,3,static,4.0,1.9999999220271272
regen_QPSK_s20262003_p+03_Nd4001,QPSK,20262003,3,static_lti,4.0,1.8951319839311314
regen_QPSK_s20262003_p+03_Nd4001,QPSK,20262003,3,static_mh,4.0,1.9409138759950924
regen_QPSK_s20262003_p+03_Nd4001,QPSK,20262003,3,static_lti_mh,4.0,1.8876425148084581
regen_QPSK_s20262003_p+03_Nd4001,QPSK,20262003,3,linear,4.0,1.9150670766774214
regen_QPSK_s20262003_p+03_Nd4001,QPSK,20262003,3,dsh,4.0,1.8898009570927385
regen_QPSK_s20262003_p+06_Nd4001,QPSK,20262003,6,atomic,0.25,1.0966167359047094
regen_QPSK_s20262003_p+06_Nd4001,QPSK,20262003,6,static,0.25,1.99999999655198
regen_QPSK_s20262003_p+06_Nd4001,QPSK,20262003,6,static_lti,0.25,1.9325788962832142
regen_QPSK_s20262003_p+06_Nd4001,QPSK,20262003,6,static_mh,0.25,1.1785848498944975
regen_QPSK_s20262003_p+06_Nd4001,QPSK,20262003,6,static_lti_mh,0.25,1.91511545169425
regen_QPSK_s20262003_p+06_Nd4001,QPSK,20262003,6,linear,0.25,1.9496411976444685
regen_QPSK_s20262003_p+06_Nd4001,QPSK,20262003,6,dsh,0.25,1.935289635197128
regen_QPSK_s20262003_p+06_Nd4001,QPSK,20262003,6,atomic,0.5,1.0955274953534881
regen_QPSK_s20262003_p+06_Nd4001,QPSK,20262003,6,static,0.5,1.9999999907336534
regen_QPSK_s20262003_p+06_Nd4001,QPSK,20262003,6,static_lti,0.5,1.9313385769145401
regen_QPSK_s20262003_p+06_Nd4001,QPSK,20262003,6,static_mh,0.5,1.1784920129411904
regen_QPSK_s20262003_p+06_Nd4001,QPSK,20262003,6,static_lti_mh,0.5,1.9133856861212453
regen_QPSK_s20262003_p+06_Nd4001,QPSK,20262003,6,linear,0.5,1.9488776713409348
regen_QPSK_s20262003_p+06_Nd4001,QPSK,20262003,6,dsh,0.5,1.9333285108224176
regen_QPSK_s20262003_p+06_Nd4001,QPSK,20262003,6,atomic,1.0,1.0928510343709654
regen_QPSK_s20262003_p+06_Nd4001,QPSK,20262003,6,static,1.0,1.9999999274306546
regen_QPSK_s20262003_p+06_Nd4001,QPSK,20262003,6,static_lti,1.0,1.9280068300801279
regen_QPSK_s20262003_p+06_Nd4001,QPSK,20262003,6,static_mh,1.0,1.1778659748308062
regen_QPSK_s20262003_p+06_Nd4001,QPSK,20262003,6,static_lti_mh,1.0,1.9091140065877703
regen_QPSK_s20262003_p+06_Nd4001,QPSK,20262003,6,linear,1.0,1.9470953776330977
regen_QPSK_s20262003_p+06_Nd4001,QPSK,20262003,6,dsh,1.0,1.928733857570164
regen_QPSK_s20262003_p+06_Nd4001,QPSK,20262003,6,atomic,2.0,1.085544794964781
regen_QPSK_s20262003_p+06_Nd4001,QPSK,20262003,6,static,2.0,1.9999958175255894
regen_QPSK_s20262003_p+06_Nd4001,QPSK,20262003,6,static_lti,2.0,1.9181341477265366
regen_QPSK_s20262003_p+06_Nd4001,QPSK,20262003,6,static_mh,2.0,1.1748680328860923
regen_QPSK_s20262003_p+06_Nd4001,QPSK,20262003,6,static_lti_mh,2.0,1.8976246184260361
regen_QPSK_s20262003_p+06_Nd4001,QPSK,20262003,6,linear,2.0,1.9425304423924605
regen_QPSK_s20262003_p+06_Nd4001,QPSK,20262003,6,dsh,2.0,1.9169952488211965
regen_QPSK_s20262003_p+06_Nd4001,QPSK,20262003,6,atomic,4.0,1.063568882972823
regen_QPSK_s20262003_p+06_Nd4001,QPSK,20262003,6,static,4.0,1.9982265512896384
regen_QPSK_s20262003_p+06_Nd4001,QPSK,20262003,6,static_lti,4.0,1.8870394470974314
regen_QPSK_s20262003_p+06_Nd4001,QPSK,20262003,6,static_mh,4.0,1.1620973803749304
regen_QPSK_s20262003_p+06_Nd4001,QPSK,20262003,6,static_lti_mh,4.0,1.8649214271520327
regen_QPSK_s20262003_p+06_Nd4001,QPSK,20262003,6,linear,4.0,1.9295463494137188
regen_QPSK_s20262003_p+06_Nd4001,QPSK,20262003,6,dsh,4.0,1.8842219499658392
regen_QPSK_s20262003_p-03_Nd4001,QPSK,20262003,-3,atomic,0.25,1.9163923357595136
regen_QPSK_s20262003_p-03_Nd4001,QPSK,20262003,-3,static,0.25,2.0
regen_QPSK_s20262003_p-03_Nd4001,QPSK,20262003,-3,static_lti,0.25,1.9492200652461913
regen_QPSK_s20262003_p-03_Nd4001,QPSK,20262003,-3,static_mh,0.25,1.99999998013405
regen_QPSK_s20262003_p-03_Nd4001,QPSK,20262003,-3,static_lti_mh,0.25,1.950359175616028
regen_QPSK_s20262003_p-03_Nd4001,QPSK,20262003,-3,linear,0.25,1.9481894554800243
regen_QPSK_s20262003_p-03_Nd4001,QPSK,20262003,-3,dsh,0.25,1.949483257911395
regen_QPSK_s20262003_p-03_Nd4001,QPSK,20262003,-3,atomic,0.5,1.913346020964557
regen_QPSK_s20262003_p-03_Nd4001,QPSK,20262003,-3,static,0.5,2.0
regen_QPSK_s20262003_p-03_Nd4001,QPSK,20262003,-3,static_lti,0.5,1.9460857260382862
regen_QPSK_s20262003_p-03_Nd4001,QPSK,20262003,-3,static_mh,0.5,1.9999999691799433
regen_QPSK_s20262003_p-03_Nd4001,QPSK,20262003,-3,static_lti_mh,0.5,1.9474333893915055
regen_QPSK_s20262003_p-03_Nd4001,QPSK,20262003,-3,linear,0.5,1.9453870793873542
regen_QPSK_s20262003_p-03_Nd4001,QPSK,20262003,-3,dsh,0.5,1.946600468622443
regen_QPSK_s20262003_p-03_Nd4001,QPSK,20262003,-3,atomic,1.0,1.904916129744319
regen_QPSK_s20262003_p-03_Nd4001,QPSK,20262003,-3,static,1.0,2.0
regen_QPSK_s20262003_p-03_Nd4001,QPSK,20262003,-3,static_lti,1.0,1.9376433753008426
regen_QPSK_s20262003_p-03_Nd4001,QPSK,20262003,-3,static_mh,1.0,1.9999998955941547
regen_QPSK_s20262003_p-03_Nd4001,QPSK,20262003,-3,static_lti_mh,1.0,1.9394000296402605
regen_QPSK_s20262003_p-03_Nd4001,QPSK,20262003,-3,linear,1.0,1.9378286065184886
regen_QPSK_s20262003_p-03_Nd4001,QPSK,20262003,-3,dsh,1.0,1.9386139817094175
regen_QPSK_s20262003_p-03_Nd4001,QPSK,20262003,-3,atomic,2.0,1.8790450880051472
regen_QPSK_s20262003_p-03_Nd4001,QPSK,20262003,-3,static,2.0,1.9999999999999996
regen_QPSK_s20262003_p-03_Nd4001,QPSK,20262003,-3,static_lti,2.0,1.9123985364771567
regen_QPSK_s20262003_p-03_Nd4001,QPSK,20262003,-3,static_mh,2.0,1.999996751435337
regen_QPSK_s20262003_p-03_Nd4001,QPSK,20262003,-3,static_lti_mh,2.0,1.9147805085829859
regen_QPSK_s20262003_p-03_Nd4001,QPSK,20262003,-3,linear,2.0,1.9151983499749243
regen_QPSK_s20262003_p-03_Nd4001,QPSK,20262003,-3,dsh,2.0,1.9139553219060998
regen_QPSK_s20262003_p-03_Nd4001,QPSK,20262003,-3,atomic,4.0,1.7948564712642814
regen_QPSK_s20262003_p-03_Nd4001,QPSK,20262003,-3,static,4.0,1.9999877008828604
regen_QPSK_s20262003_p-03_Nd4001,QPSK,20262003,-3,static_lti,4.0,1.8286442776893952
regen_QPSK_s20262003_p-03_Nd4001,QPSK,20262003,-3,static_mh,4.0,1.996912726351373
regen_QPSK_s20262003_p-03_Nd4001,QPSK,20262003,-3,static_lti_mh,4.0,1.8310192489506778
regen_QPSK_s20262003_p-03_Nd4001,QPSK,20262003,-3,linear,4.0,1.8404713711909095
regen_QPSK_s20262003_p-03_Nd4001,QPSK,20262003,-3,dsh,4.0,1.8304960744785355
regen_QPSK_s20262003_p-06_Nd4001,QPSK,20262003,-6,atomic,0.25,1.9391452712201784
regen_QPSK_s20262003_p-06_Nd4001,QPSK,20262003,-6,static,0.25,2.0
regen_QPSK_s20262003_p-06_Nd4001,QPSK,20262003,-6,static_lti,0.25,1.9478792090591392
regen_QPSK_s20262003_p-06_Nd4001,QPSK,20262003,-6,static_mh,0.25,1.9999999966453066
regen_QPSK_s20262003_p-06_Nd4001,QPSK,20262003,-6,static_lti_mh,0.25,1.9491291736309986
regen_QPSK_s20262003_p-06_Nd4001,QPSK,20262003,-6,linear,0.25,1.9471140851959372
regen_QPSK_s20262003_p-06_Nd4001,QPSK,20262003,-6,dsh,0.25,1.948455812003688
regen_QPSK_s20262003_p-06_Nd4001,QPSK,20262003,-6,atomic,0.5,1.9343239582310032
regen_QPSK_s20262003_p-06_Nd4001,QPSK,20262003,-6,static,0.5,2.0
regen_QPSK_s20262003_p-06_Nd4001,QPSK,20262003,-6,static_lti,0.5,1.9430746468294828
regen_QPSK_s20262003_p-06_Nd4001,QPSK,20262003,-6,static_mh,0.5,1.999999989606974
regen_QPSK_s20262003_p-06_Nd4001,QPSK,20262003,-6,static_lti_mh,0.5,1.9446008416438367
regen_QPSK_s20262003_p-06_Nd4001,QPSK,20262003,-6,linear,0.5,1.9425800615350177
regen_QPSK_s20262003_p-06_Nd4001,QPSK,20262003,-6,dsh,0.5,1.943957201333251
regen_QPSK_s20262003_p-06_Nd4001,QPSK,20262003,-6,atomic,1.0,1.9204906630113059
regen_QPSK_s20262003_p-06_Nd4001,QPSK,20262003,-6,static,1.0,2.0
regen_QPSK_s20262003_p-06_Nd4001,QPSK,20262003,-6,static_lti,1.0,1.9294465904219567
regen_QPSK_s20262003_p-06_Nd4001,QPSK,20262003,-6,static_mh,1.0,1.9999997473760736
regen_QPSK_s20262003_p-06_Nd4001,QPSK,20262003,-6,static_lti_mh,1.0,1.9314733747422266
regen_QPSK_s20262003_p-06_Nd4001,QPSK,20262003,-6,linear,1.0,1.9296930890666573
regen_QPSK_s20262003_p-06_Nd4001,QPSK,20262003,-6,dsh,1.0,1.9308438450680994
regen_QPSK_s20262003_p-06_Nd4001,QPSK,20262003,-6,atomic,2.0,1.8769842123376013
regen_QPSK_s20262003_p-06_Nd4001,QPSK,20262003,-6,static,2.0,1.9999999999757139
regen_QPSK_s20262003_p-06_Nd4001,QPSK,20262003,-6,static_lti,2.0,1.8864678049742425
regen_QPSK_s20262003_p-06_Nd4001,QPSK,20262003,-6,static_mh,2.0,1.9998494448839716
regen_QPSK_s20262003_p-06_Nd4001,QPSK,20262003,-6,static_lti_mh,2.0,1.888948647370029
regen_QPSK_s20262003_p-06_Nd4001,QPSK,20262003,-6,linear,2.0,1.8890533738445243
regen_QPSK_s20262003_p-06_Nd4001,QPSK,20262003,-6,dsh,2.0,1.888279370225812
regen_QPSK_s20262003_p-06_Nd4001,QPSK,20262003,-6,atomic,4.0,1.7370456077734742
regen_QPSK_s20262003_p-06_Nd4001,QPSK,20262003,-6,static,4.0,1.9951192863317384
regen_QPSK_s20262003_p-06_Nd4001,QPSK,20262003,-6,static_lti,4.0,1.7444389522254133
regen_QPSK_s20262003_p-06_Nd4001,QPSK,20262003,-6,static_mh,4.0,1.9618041401765443
regen_QPSK_s20262003_p-06_Nd4001,QPSK,20262003,-6,static_lti_mh,4.0,1.7466936294363549
regen_QPSK_s20262003_p-06_Nd4001,QPSK,20262003,-6,linear,4.0,1.7544981273163485
regen_QPSK_s20262003_p-06_Nd4001,QPSK,20262003,-6,dsh,4.0,1.7466592472373663
regen_QPSK_s20262003_p-10_Nd4001,QPSK,20262003,-10,atomic,0.25,1.942972476319423
regen_QPSK_s20262003_p-10_Nd4001,QPSK,20262003,-10,static,0.25,2.0
regen_QPSK_s20262003_p-10_Nd4001,QPSK,20262003,-10,static_lti,0.25,1.9449722533445999
regen_QPSK_s20262003_p-10_Nd4001,QPSK,20262003,-10,static_mh,0.25,1.9999999999999356
regen_QPSK_s20262003_p-10_Nd4001,QPSK,20262003,-10,static_lti_mh,0.25,1.9461982879754682
regen_QPSK_s20262003_p-10_Nd4001,QPSK,20262003,-10,linear,0.25,1.9446207280695649
regen_QPSK_s20262003_p-10_Nd4001,QPSK,20262003,-10,dsh,0.25,1.9458272595549941
regen_QPSK_s20262003_p-10_Nd4001,QPSK,20262003,-10,atomic,0.5,1.9337902246287113
regen_QPSK_s20262003_p-10_Nd4001,QPSK,20262003,-10,static,0.5,2.0
regen_QPSK_s20262003_p-10_Nd4001,QPSK,20262003,-10,static_lti,0.5,1.9358013316659362
regen_QPSK_s20262003_p-10_Nd4001,QPSK,20262003,-10,static_mh,0.5,1.9999999999922895
regen_QPSK_s20262003_p-10_Nd4001,QPSK,20262003,-10,static_lti_mh,0.5,1.9373156531297928
regen_QPSK_s20262003_p-10_Nd4001,QPSK,20262003,-10,linear,0.5,1.935649326204183
regen_QPSK_s20262003_p-10_Nd4001,QPSK,20262003,-10,dsh,0.5,1.9369571350709807
regen_QPSK_s20262003_p-10_Nd4001,QPSK,20262003,-10,atomic,1.0,1.9058032673099514
regen_QPSK_s20262003_p-10_Nd4001,QPSK,20262003,-10,static,1.0,2.0
regen_QPSK_s20262003_p-10_Nd4001,QPSK,20262003,-10,static_lti,1.0,1.9078934276655326
regen_QPSK_s20262003_p-10_Nd4001,QPSK,20262003,-10,static_mh,1.0,1.9999999137582432
regen_QPSK_s20262003_p-10_Nd4001,QPSK,20262003,-10,static_lti_mh,1.0,1.9097989170993757
regen_QPSK_s20262003_p-10_Nd4001,QPSK,20262003,-10,linear,1.0,1.9083307485239156
regen_QPSK_s20262003_p-10_Nd4001,QPSK,20262003,-10,dsh,1.0,1.9094339567970255
regen_QPSK_s20262003_p-10_Nd4001,QPSK,20262003,-10,atomic,2.0,1.8137128407619973
regen_QPSK_s20262003_p-10_Nd4001,QPSK,20262003,-10,static,2.0,1.9999713376680186
regen_QPSK_s20262003_p-10_Nd4001,QPSK,20262003,-10,static_lti,2.0,1.8148818229563861
regen_QPSK_s20262003_p-10_Nd4001,QPSK,20262003,-10,static_mh,2.0,1.9976215870530138
regen_QPSK_s20262003_p-10_Nd4001,QPSK,20262003,-10,static_lti_mh,2.0,1.8166523456083739
regen_QPSK_s20262003_p-10_Nd4001,QPSK,20262003,-10,linear,2.0,1.817346989610477
regen_QPSK_s20262003_p-10_Nd4001,QPSK,20262003,-10,dsh,2.0,1.8163941593911481
regen_QPSK_s20262003_p-10_Nd4001,QPSK,20262003,-10,atomic,4.0,1.5444203499126352
regen_QPSK_s20262003_p-10_Nd4001,QPSK,20262003,-10,static,4.0,1.8271563561445379
regen_QPSK_s20262003_p-10_Nd4001,QPSK,20262003,-10,static_lti,4.0,1.5455084219224646
regen_QPSK_s20262003_p-10_Nd4001,QPSK,20262003,-10,static_mh,4.0,1.7960535618595699
regen_QPSK_s20262003_p-10_Nd4001,QPSK,20262003,-10,static_lti_mh,4.0,1.5475158549981896
regen_QPSK_s20262003_p-10_Nd4001,QPSK,20262003,-10,linear,4.0,1.552560616014501
regen_QPSK_s20262003_p-10_Nd4001,QPSK,20262003,-10,dsh,4.0,1.5479968424318844
regen_QPSK_s20262003_p-15_Nd4001,QPSK,20262003,-15,atomic,0.25,1.93709368927357
regen_QPSK_s20262003_p-15_Nd4001,QPSK,20262003,-15,static,0.25,2.0
regen_QPSK_s20262003_p-15_Nd4001,QPSK,20262003,-15,static_lti,0.25,1.9379845616885336
regen_QPSK_s20262003_p-15_Nd4001,QPSK,20262003,-15,static_mh,0.25,2.0
regen_QPSK_s20262003_p-15_Nd4001,QPSK,20262003,-15,static_lti_mh,0.25,1.9390035253616473
regen_QPSK_s20262003_p-15_Nd4001,QPSK,20262003,-15,linear,0.25,1.9379128940033947
regen_QPSK_s20262003_p-15_Nd4001,QPSK,20262003,-15,dsh,0.25,1.9388851738478035
regen_QPSK_s20262003_p-15_Nd4001,QPSK,20262003,-15,atomic,0.5,1.9144134300712141
regen_QPSK_s20262003_p-15_Nd4001,QPSK,20262003,-15,static,0.5,2.0
regen_QPSK_s20262003_p-15_Nd4001,QPSK,20262003,-15,static_lti,0.5,1.9154016383342267
regen_QPSK_s20262003_p-15_Nd4001,QPSK,20262003,-15,static_mh,0.5,1.9999999999995144
regen_QPSK_s20262003_p-15_Nd4001,QPSK,20262003,-15,static_lti_mh,0.5,1.9166519314936645
regen_QPSK_s20262003_p-15_Nd4001,QPSK,20262003,-15,linear,0.5,1.915459975116494
regen_QPSK_s20262003_p-15_Nd4001,QPSK,20262003,-15,dsh,0.5,1.916536522814725
regen_QPSK_s20262003_p-15_Nd4001,QPSK,20262003,-15,atomic,1.0,1.8400436486281473
regen_QPSK_s20262003_p-15_Nd4001,QPSK,20262003,-15,static,1.0,1.999999165926458
regen_QPSK_s20262003_p-15_Nd4001,QPSK,20262003,-15,static_lti,1.0,1.8408642916571136
regen_QPSK_s20262003_p-15_Nd4001,QPSK,20262003,-15,static_mh,1.0,1.9999761654898713
regen_QPSK_s20262003_p-15_Nd4001,QPSK,20262003,-15,static_lti_mh,1.0,1.8420790052441425
regen_QPSK_s20262003_p-15_Nd4001,QPSK,20262003,-15,linear,1.0,1.8413529966473339
regen_QPSK_s20262003_p-15_Nd4001,QPSK,20262003,-15,dsh,1.0,1.841975730611737
regen_QPSK_s20262003_p-15_Nd4001,QPSK,20262003,-15,atomic,2.0,1.6131417544570716
regen_QPSK_s20262003_p-15_Nd4001,QPSK,20262003,-15,static,2.0,1.9103764679587283
regen_QPSK_s20262003_p-15_Nd4001,QPSK,20262003,-15,static_lti,2.0,1.6140077370824537
regen_QPSK_s20262003_p-15_Nd4001,QPSK,20262003,-15,static_mh,2.0,1.8971066296069041
regen_QPSK_s20262003_p-15_Nd4001,QPSK,20262003,-15,static_lti_mh,2.0,1.615327920689316
regen_QPSK_s20262003_p-15_Nd4001,QPSK,20262003,-15,linear,2.0,1.6155883247366483
regen_QPSK_s20262003_p-15_Nd4001,QPSK,20262003,-15,dsh,2.0,1.6153958705742897
regen_QPSK_s20262003_p-15_Nd4001,QPSK,20262003,-15,atomic,4.0,1.1091175343994208
regen_QPSK_s20262003_p-15_Nd4001,QPSK,20262003,-15,static,4.0,1.153973136000173
regen_QPSK_s20262003_p-15_Nd4001,QPSK,20262003,-15,static_lti,4.0,1.1083657223081191
regen_QPSK_s20262003_p-15_Nd4001,QPSK,20262003,-15,static_mh,4.0,1.1446658828417975
regen_QPSK_s20262003_p-15_Nd4001,QPSK,20262003,-15,static_lti_mh,4.0,1.109277189863558
regen_QPSK_s20262003_p-15_Nd4001,QPSK,20262003,-15,linear,4.0,1.1116229704760134
regen_QPSK_s20262003_p-15_Nd4001,QPSK,20262003,-15,dsh,4.0,1.1098783902514078
regen_QPSK_s20262103_p+00_Nd4001,QPSK,20262103,0,atomic,0.25,1.8420756050945966
regen_QPSK_s20262103_p+00_Nd4001,QPSK,20262103,0,static,0.25,2.0
regen_QPSK_s20262103_p+00_Nd4001,QPSK,20262103,0,static_lti,0.25,1.9484313771991901
regen_QPSK_s20262103_p+00_Nd4001,QPSK,20262103,0,static_mh,0.25,1.9999999999999887
regen_QPSK_s20262103_p+00_Nd4001,QPSK,20262103,0,static_lti_mh,0.25,1.9480386925423137
regen_QPSK_s20262103_p+00_Nd4001,QPSK,20262103,0,linear,0.25,1.9487058731715998
regen_QPSK_s20262103_p+00_Nd4001,QPSK,20262103,0,dsh,0.25,1.948360279584118
regen_QPSK_s20262103_p+00_Nd4001,QPSK,20262103,0,atomic,0.5,1.8406415205087652
regen_QPSK_s20262103_p+00_Nd4001,QPSK,20262103,0,static,0.5,2.0
regen_QPSK_s20262103_p+00_Nd4001,QPSK,20262103,0,static_lti,0.5,1.9471957093061911
regen_QPSK_s20262103_p+00_Nd4001,QPSK,20262103,0,static_mh,0.5,1.999999999999984
regen_QPSK_s20262103_p+00_Nd4001,QPSK,20262103,0,static_lti_mh,0.5,1.9467664573006107
regen_QPSK_s20262103_p+00_Nd4001,QPSK,20262103,0,linear,0.5,1.9478259927224177
regen_QPSK_s20262103_p+00_Nd4001,QPSK,20262103,0,dsh,0.5,1.9473465489840187
regen_QPSK_s20262103_p+00_Nd4001,QPSK,20262103,0,atomic,1.0,1.8365103141416184
regen_QPSK_s20262103_p+00_Nd4001,QPSK,20262103,0,static,1.0,2.0
regen_QPSK_s20262103_p+00_Nd4001,QPSK,20262103,0,static_lti,1.0,1.9437716955579976
regen_QPSK_s20262103_p+00_Nd4001,QPSK,20262103,0,static_mh,1.0,1.9999999999999436
regen_QPSK_s20262103_p+00_Nd4001,QPSK,20262103,0,static_lti_mh,1.0,1.9432827698363018
regen_QPSK_s20262103_p+00_Nd4001,QPSK,20262103,0,linear,1.0,1.9453054598549893
regen_QPSK_s20262103_p+00_Nd4001,QPSK,20262103,0,dsh,1.0,1.944375645475666
regen_QPSK_s20262103_p+00_Nd4001,QPSK,20262103,0,atomic,2.0,1.8232068639035854
regen_QPSK_s20262103_p+00_Nd4001,QPSK,20262103,0,static,2.0,2.0
regen_QPSK_s20262103_p+00_Nd4001,QPSK,20262103,0,static_lti,2.0,1.9328137869359872
regen_QPSK_s20262103_p+00_Nd4001,QPSK,20262103,0,static_mh,2.0,1.9999999999960192
regen_QPSK_s20262103_p+00_Nd4001,QPSK,20262103,0,static_lti_mh,2.0,1.9322812421538424
regen_QPSK_s20262103_p+00_Nd4001,QPSK,20262103,0,linear,2.0,1.9370117753032725
regen_QPSK_s20262103_p+00_Nd4001,QPSK,20262103,0,dsh,2.0,1.9343887777666713
regen_QPSK_s20262103_p+00_Nd4001,QPSK,20262103,0,atomic,4.0,1.7771085016869825
regen_QPSK_s20262103_p+00_Nd4001,QPSK,20262103,0,static,4.0,1.9999999520184097
regen_QPSK_s20262103_p+00_Nd4001,QPSK,20262103,0,static_lti,4.0,1.8928319201391344
regen_QPSK_s20262103_p+00_Nd4001,QPSK,20262103,0,static_mh,4.0,1.9999982546203936
regen_QPSK_s20262103_p+00_Nd4001,QPSK,20262103,0,static_lti_mh,4.0,1.8926260095331007
regen_QPSK_s20262103_p+00_Nd4001,QPSK,20262103,0,linear,4.0,1.9061745387985896
regen_QPSK_s20262103_p+00_Nd4001,QPSK,20262103,0,dsh,4.0,1.8967685792945277
regen_QPSK_s20262103_p+03_Nd4001,QPSK,20262103,3,atomic,0.25,1.5175908472365798
regen_QPSK_s20262103_p+03_Nd4001,QPSK,20262103,3,static,0.25,2.0
regen_QPSK_s20262103_p+03_Nd4001,QPSK,20262103,3,static_lti,0.25,1.9430953310878887
regen_QPSK_s20262103_p+03_Nd4001,QPSK,20262103,3,static_mh,0.25,1.8986247524404598
regen_QPSK_s20262103_p+03_Nd4001,QPSK,20262103,3,static_lti_mh,0.25,1.9375697114760273
regen_QPSK_s20262103_p+03_Nd4001,QPSK,20262103,3,linear,0.25,1.9489164434086927
regen_QPSK_s20262103_p+03_Nd4001,QPSK,20262103,3,dsh,0.25,1.9454788991460008
regen_QPSK_s20262103_p+03_Nd4001,QPSK,20262103,3,atomic,0.5,1.5166011756426587
regen_QPSK_s20262103_p+03_Nd4001,QPSK,20262103,3,static,0.5,2.0
regen_QPSK_s20262103_p+03_Nd4001,QPSK,20262103,3,static_lti,0.5,1.9420492829183917
regen_QPSK_s20262103_p+03_Nd4001,QPSK,20262103,3,static_mh,0.5,1.897494975123395
regen_QPSK_s20262103_p+03_Nd4001,QPSK,20262103,3,static_lti_mh,0.5,1.9365006365016233
regen_QPSK_s20262103_p+03_Nd4001,QPSK,20262103,3,linear,0.5,1.9483699742836762
regen_QPSK_s20262103_p+03_Nd4001,QPSK,20262103,3,dsh,0.5,1.944838315180776
regen_QPSK_s20262103_p+03_Nd4001,QPSK,20262103,3,atomic,1.0,1.513787691179584
regen_QPSK_s20262103_p+03_Nd4001,QPSK,20262103,3,static,1.0,2.0
regen_QPSK_s20262103_p+03_Nd4001,QPSK,20262103,3,static_lti,1.0,1.9393453879904894
regen_QPSK_s20262103_p+03_Nd4001,QPSK,20262103,3,static_mh,1.0,1.8947379703802119
regen_QPSK_s20262103_p+03_Nd4001,QPSK,20262103,3,static_lti_mh,1.0,1.9337741645058257
regen_QPSK_s20262103_p+03_Nd4001,QPSK,20262103,3,linear,1.0,1.9469030699853531
regen_QPSK_s20262103_p+03_Nd4001,QPSK,20262103,3,dsh,1.0,1.9429988551874355
regen_QPSK_s20262103_p+03_Nd4001,QPSK,20262103,3,atomic,2.0,1.504845785469385
regen_QPSK_s20262103_p+03_Nd4001,QPSK,20262103,3,static,2.0,1.9999999999999993
regen_QPSK_s20262103_p+03_Nd4001,QPSK,20262103,3,static_lti,2.0,1.9313430912735485
regen_QPSK_s20262103_p+03_Nd4001,QPSK,20262103,3,static_mh,2.0,1.886940503837468
regen_QPSK_s20262103_p+03_Nd4001,QPSK,20262103,3,static_lti_mh,2.0,1.9258479937134376
regen_QPSK_s20262103_p+03_Nd4001,QPSK,20262103,3,linear,2.0,1.9424008516409217
regen_QPSK_s20262103_p+03_Nd4001,QPSK,20262103,3,dsh,2.0,1.9369786411674297
regen_QPSK_s20262103_p+03_Nd4001,QPSK,20262103,3,atomic,4.0,1.4742214204596795
regen_QPSK_s20262103_p+03_Nd4001,QPSK,20262103,3,static,4.0,1.9999999797975807
regen_QPSK_s20262103_p+03_Nd4001,QPSK,20262103,3,static_lti,4.0,1.9039061025859598
regen_QPSK_s20262103_p+03_Nd4001,QPSK,20262103,3,static_mh,4.0,1.86098352435802
regen_QPSK_s20262103_p+03_Nd4001,QPSK,20262103,3,static_lti_mh,4.0,1.89900247311043
regen_QPSK_s20262103_p+03_Nd4001,QPSK,20262103,3,linear,4.0,1.9265506414333557
regen_QPSK_s20262103_p+03_Nd4001,QPSK,20262103,3,dsh,4.0,1.9144703938672658
regen_QPSK_s20262103_p+06_Nd4001,QPSK,20262103,6,atomic,0.25,1.1637278637181598
regen_QPSK_s20262103_p+06_Nd4001,QPSK,20262103,6,static,0.25,1.9999997868868802
regen_QPSK_s20262103_p+06_Nd4001,QPSK,20262103,6,static_lti,0.25,1.9204309965394442
regen_QPSK_s20262103_p+06_Nd4001,QPSK,20262103,6,static_mh,0.25,1.0315517656709914
regen_QPSK_s20262103_p+06_Nd4001,QPSK,20262103,6,static_lti_mh,0.25,1.89145605729686
regen_QPSK_s20262103_p+06_Nd4001,QPSK,20262103,6,linear,0.25,1.949053010939061
regen_QPSK_s20262103_p+06_Nd4001,QPSK,20262103,6,dsh,0.25,1.9342977319985997
regen_QPSK_s20262103_p+06_Nd4001,QPSK,20262103,6,atomic,0.5,1.1630646113221588
regen_QPSK_s20262103_p+06_Nd4001,QPSK,20262103,6,static,0.5,1.9999998116887558
regen_QPSK_s20262103_p+06_Nd4001,QPSK,20262103,6,static_lti,0.5,1.9191295755118973
regen_QPSK_s20262103_p+06_Nd4001,QPSK,20262103,6,static_mh,0.5,1.0308177674643024
regen_QPSK_s20262103_p+06_Nd4001,QPSK,20262103,6,static_lti_mh,0.5,1.8901362586671975
regen_QPSK_s20262103_p+06_Nd4001,QPSK,20262103,6,linear,0.5,1.9487040428384514
regen_QPSK_s20262103_p+06_Nd4001,QPSK,20262103,6,dsh,0.5,1.9338997321429792
regen_QPSK_s20262103_p+06_Nd4001,QPSK,20262103,6,atomic,1.0,1.1612646588545843
regen_QPSK_s20262103_p+06_Nd4001,QPSK,20262103,6,static,1.0,1.9999998257241407
regen_QPSK_s20262103_p+06_Nd4001,QPSK,20262103,6,static_lti,1.0,1.9159285160303685
regen_QPSK_s20262103_p+06_Nd4001,QPSK,20262103,6,static_mh,1.0,1.0289688945832465
regen_QPSK_s20262103_p+06_Nd4001,QPSK,20262103,6,static_lti_mh,1.0,1.8868895839249198
regen_QPSK_s20262103_p+06_Nd4001,QPSK,20262103,6,linear,1.0,1.9478211891636323
regen_QPSK_s20262103_p+06_Nd4001,QPSK,20262103,6,dsh,1.0,1.9326281313691418
regen_QPSK_s20262103_p+06_Nd4001,QPSK,20262103,6,atomic,2.0,1.1558161454303804
regen_QPSK_s20262103_p+06_Nd4001,QPSK,20262103,6,static,2.0,1.999999610239206
regen_QPSK_s20262103_p+06_Nd4001,QPSK,20262103,6,static_lti,2.0,1.9070507390538203
regen_QPSK_s20262103_p+06_Nd4001,QPSK,20262103,6,static_mh,2.0,1.02379249396808
regen_QPSK_s20262103_p+06_Nd4001,QPSK,20262103,6,static_lti_mh,2.0,1.8779438099104324
regen_QPSK_s20262103_p+06_Nd4001,QPSK,20262103,6,linear,2.0,1.9452909689201952
regen_QPSK_s20262103_p+06_Nd4001,QPSK,20262103,6,dsh,2.0,1.9281010576341988
regen_QPSK_s20262103_p+06_Nd4001,QPSK,20262103,6,atomic,4.0,1.1380107349416515
regen_QPSK_s20262103_p+06_Nd4001,QPSK,20262103,6,static,4.0,1.9998566183148978
regen_QPSK_s20262103_p+06_Nd4001,QPSK,20262103,6,static_lti,4.0,1.8788807138223864
regen_QPSK_s20262103_p+06_Nd4001,QPSK,20262103,6,static_mh,4.0,1.0079932957471693
regen_QPSK_s20262103_p+06_Nd4001,QPSK,20262103,6,static_lti_mh,4.0,1.8501977911388028
regen_QPSK_s20262103_p+06_Nd4001,QPSK,20262103,6,linear,4.0,1.936961437386406
regen_QPSK_s20262103_p+06_Nd4001,QPSK,20262103,6,dsh,4.0,1.9102382126933795
regen_QPSK_s20262103_p-03_Nd4001,QPSK,20262103,-3,atomic,0.25,1.923726083664949
regen_QPSK_s20262103_p-03_Nd4001,QPSK,20262103,-3,static,0.25,2.0
regen_QPSK_s20262103_p-03_Nd4001,QPSK,20262103,-3,static_lti,0.25,1.9491160196912005
regen_QPSK_s20262103_p-03_Nd4001,QPSK,20262103,-3,static_mh,0.25,1.9999999776406485
regen_QPSK_s20262103_p-03_Nd4001,QPSK,20262103,-3,static_lti_mh,0.25,1.9484846927792767
regen_QPSK_s20262103_p-03_Nd4001,QPSK,20262103,-3,linear,0.25,1.9483728989386273
regen_QPSK_s20262103_p-03_Nd4001,QPSK,20262103,-3,dsh,0.25,1.9473106185136622
regen_QPSK_s20262103_p-03_Nd4001,QPSK,20262103,-3,atomic,0.5,1.921931023050415
regen_QPSK_s20262103_p-03_Nd4001,QPSK,20262103,-3,static,0.5,2.0
regen_QPSK_s20262103_p-03_Nd4001,QPSK,20262103,-3,static_lti,0.5,1.947378315430744
regen_QPSK_s20262103_p-03_Nd4001,QPSK,20262103,-3,static_mh,0.5,1.9999999727082935
regen_QPSK_s20262103_p-03_Nd4001,QPSK,20262103,-3,static_lti_mh,0.5,1.9466970042277547
regen_QPSK_s20262103_p-03_Nd4001,QPSK,20262103,-3,linear,0.5,1.9469112623199631
regen_QPSK_s20262103_p-03_Nd4001,QPSK,20262103,-3,dsh,0.5,1.9456988698581266
regen_QPSK_s20262103_p-03_Nd4001,QPSK,20262103,-3,atomic,1.0,1.9164806137999575
regen_QPSK_s20262103_p-03_Nd4001,QPSK,20262103,-3,static,1.0,2.0
regen_QPSK_s20262103_p-03_Nd4001,QPSK,20262103,-3,static_lti,1.0,1.9421575012914547
regen_QPSK_s20262103_p-03_Nd4001,QPSK,20262103,-3,static_mh,1.0,1.9999999283180068
regen_QPSK_s20262103_p-03_Nd4001,QPSK,20262103,-3,static_lti_mh,1.0,1.941348419603141
regen_QPSK_s20262103_p-03_Nd4001,QPSK,20262103,-3,linear,1.0,1.942427360311841
regen_QPSK_s20262103_p-03_Nd4001,QPSK,20262103,-3,dsh,1.0,1.9407002709293113
regen_QPSK_s20262103_p-03_Nd4001,QPSK,20262103,-3,atomic,2.0,1.897709410411316
regen_QPSK_s20262103_p-03_Nd4001,QPSK,20262103,-3,static,2.0,2.0
regen_QPSK_s20262103_p-03_Nd4001,QPSK,20262103,-3,static_lti,2.0,1.924054952817618
regen_QPSK_s20262103_p-03_Nd4001,QPSK,20262103,-3,static_mh,2.0,1.9999957354864994
regen_QPSK_s20262103_p-03_Nd4001,QPSK,20262103,-3,static_lti_mh,2.0,1.922969193789998
regen_QPSK_s20262103_p-03_Nd4001,QPSK,20262103,-3,linear,2.0,1.9266485427143463
regen_QPSK_s20262103_p-03_Nd4001,QPSK,20262103,-3,dsh,2.0,1.9230122826595484
regen_QPSK_s20262103_p-03_Nd4001,QPSK,20262103,-3,atomic,4.0,1.8280202353610928
regen_QPSK_s20262103_p-03_Nd4001,QPSK,20262103,-3,static,4.0,1.9999348899876448
regen_QPSK_s20262103_p-03_Nd4001,QPSK,20262103,-3,static_lti,4.0,1.855723705980611
regen_QPSK_s20262103_p-03_Nd4001,QPSK,20262103,-3,static_mh,4.0,1.9955136330819978
regen_QPSK_s20262103_p-03_Nd4001,QPSK,20262103,-3,static_lti_mh,4.0,1.855184164144484
regen_QPSK_s20262103_p-03_Nd4001,QPSK,20262103,-3,linear,4.0,1.8665574847623088
regen_QPSK_s20262103_p-03_Nd4001,QPSK,20262103,-3,dsh,4.0,1.8566200508077753
regen_QPSK_s20262103_p-06_Nd4001,QPSK,20262103,-6,atomic,0.25,1.942198832494951
regen_QPSK_s20262103_p-06_Nd4001,QPSK,20262103,-6,static,0.25,2.0
regen_QPSK_s20262103_p-06_Nd4001,QPSK,20262103,-6,static_lti,0.25,1.948435239003269
regen_QPSK_s20262103_p-06_Nd4001,QPSK,20262103,-6,static_mh,0.25,1.9999999917173008
regen_QPSK_s20262103_p-06_Nd4001,QPSK,20262103,-6,static_lti_mh,0.25,1.9475349745525186
regen_QPSK_s20262103_p-06_Nd4001,QPSK,20262103,-6,linear,0.25,1.9478308106640967
regen_QPSK_s20262103_p-06_Nd4001,QPSK,20262103,-6,dsh,0.25,1.9466361688571907
regen_QPSK_s20262103_p-06_Nd4001,QPSK,20262103,-6,atomic,0.5,1.9397556136534826
regen_QPSK_s20262103_p-06_Nd4001,QPSK,20262103,-6,static,0.5,2.0
regen_QPSK_s20262103_p-06_Nd4001,QPSK,20262103,-6,static_lti,0.5,1.945704278935927
regen_QPSK_s20262103_p-06_Nd4001,QPSK,20262103,-6,static_mh,0.5,1.9999999887789455
regen_QPSK_s20262103_p-06_Nd4001,QPSK,20262103,-6,static_lti_mh,0.5,1.944737322618409
regen_QPSK_s20262103_p-06_Nd4001,QPSK,20262103,-6,linear,0.5,1.9453199230827791
regen_QPSK_s20262103_p-06_Nd4001,QPSK,20262103,-6,dsh,0.5,1.9439624389301926
regen_QPSK_s20262103_p-06_Nd4001,QPSK,20262103,-6,atomic,1.0,1.931574371346122
regen_QPSK_s20262103_p-06_Nd4001,QPSK,20262103,-6,static,1.0,2.0
regen_QPSK_s20262103_p-06_Nd4001,QPSK,20262103,-6,static_lti,1.0,1.936816413377509
regen_QPSK_s20262103_p-06_Nd4001,QPSK,20262103,-6,static_mh,1.0,1.9999999294718238
regen_QPSK_s20262103_p-06_Nd4001,QPSK,20262103,-6,static_lti_mh,1.0,1.9356574317236113
regen_QPSK_s20262103_p-06_Nd4001,QPSK,20262103,-6,linear,1.0,1.9370619275175298
regen_QPSK_s20262103_p-06_Nd4001,QPSK,20262103,-6,dsh,1.0,1.935130450708926
regen_QPSK_s20262103_p-06_Nd4001,QPSK,20262103,-6,atomic,2.0,1.900713039698863
regen_QPSK_s20262103_p-06_Nd4001,QPSK,20262103,-6,static,2.0,1.9999999998917644
regen_QPSK_s20262103_p-06_Nd4001,QPSK,20262103,-6,static_lti,2.0,1.904004271675232
regen_QPSK_s20262103_p-06_Nd4001,QPSK,20262103,-6,static_mh,2.0,1.9999478790371295
regen_QPSK_s20262103_p-06_Nd4001,QPSK,20262103,-6,static_lti_mh,2.0,1.9026136749506037
regen_QPSK_s20262103_p-06_Nd4001,QPSK,20262103,-6,linear,2.0,1.9063663647038065
regen_QPSK_s20262103_p-06_Nd4001,QPSK,20262103,-6,dsh,2.0,1.90256853206357
regen_QPSK_s20262103_p-06_Nd4001,QPSK,20262103,-6,atomic,4.0,1.781126315629726
regen_QPSK_s20262103_p-06_Nd4001,QPSK,20262103,-6,static,4.0,1.990297300898789
regen_QPSK_s20262103_p-06_Nd4001,QPSK,20262103,-6,static_lti,4.0,1.7820135482588786
regen_QPSK_s20262103_p-06_Nd4001,QPSK,20262103,-6,static_mh,4.0,1.9765419975763603
regen_QPSK_s20262103_p-06_Nd4001,QPSK,20262103,-6,static_lti_mh,4.0,1.7818796313565974
regen_QPSK_s20262103_p-06_Nd4001,QPSK,20262103,-6,linear,4.0,1.7918072476695552
regen_QPSK_s20262103_p-06_Nd4001,QPSK,20262103,-6,dsh,4.0,1.7830626817877087
regen_QPSK_s20262103_p-10_Nd4001,QPSK,20262103,-10,atomic,0.25,1.9452405881191126
regen_QPSK_s20262103_p-10_Nd4001,QPSK,20262103,-10,static,0.25,2.0
regen_QPSK_s20262103_p-10_Nd4001,QPSK,20262103,-10,static_lti,0.25,1.9467660957142883
regen_QPSK_s20262103_p-10_Nd4001,QPSK,20262103,-10,static_mh,0.25,1.9999999999999496
regen_QPSK_s20262103_p-10_Nd4001,QPSK,20262103,-10,static_lti_mh,0.25,1.9460655235821922
regen_QPSK_s20262103_p-10_Nd4001,QPSK,20262103,-10,linear,0.25,1.946487361865687
regen_QPSK_s20262103_p-10_Nd4001,QPSK,20262103,-10,dsh,0.25,1.9456720621771515
regen_QPSK_s20262103_p-10_Nd4001,QPSK,20262103,-10,atomic,0.5,1.9400333369219063
regen_QPSK_s20262103_p-10_Nd4001,QPSK,20262103,-10,static,0.5,2.0
regen_QPSK_s20262103_p-10_Nd4001,QPSK,20262103,-10,static_lti,0.5,1.9411459953385872
regen_QPSK_s20262103_p-10_Nd4001,QPSK,20262103,-10,static_mh,0.5,1.9999999999993785
regen_QPSK_s20262103_p-10_Nd4001,QPSK,20262103,-10,static_lti_mh,0.5,1.9403556937842628
regen_QPSK_s20262103_p-10_Nd4001,QPSK,20262103,-10,linear,0.5,1.941034763835847
regen_QPSK_s20262103_p-10_Nd4001,QPSK,20262103,-10,dsh,0.5,1.9400417091695878
regen_QPSK_s20262103_p-10_Nd4001,QPSK,20262103,-10,atomic,1.0,1.920938398611963
regen_QPSK_s20262103_p-10_Nd4001,QPSK,20262103,-10,static,1.0,1.9999999999999996
regen_QPSK_s20262103_p-10_Nd4001,QPSK,20262103,-10,static_lti,1.0,1.9210364351027078
regen_QPSK_s20262103_p-10_Nd4001,QPSK,20262103,-10,static_mh,1.0,1.9999999907669526
regen_QPSK_s20262103_p-10_Nd4001,QPSK,20262103,-10,static_lti_mh,1.0,1.92002914011129
regen_QPSK_s20262103_p-10_Nd4001,QPSK,20262103,-10,linear,1.0,1.9214586861782468
regen_QPSK_s20262103_p-10_Nd4001,QPSK,20262103,-10,dsh,1.0,1.919875820927279
regen_QPSK_s20262103_p-10_Nd4001,QPSK,20262103,-10,atomic,2.0,1.846660139399989
regen_QPSK_s20262103_p-10_Nd4001,QPSK,20262103,-10,static,2.0,1.9998523137484356
regen_QPSK_s20262103_p-10_Nd4001,QPSK,20262103,-10,static_lti,2.0,1.8446718934598296
regen_QPSK_s20262103_p-10_Nd4001,QPSK,20262103,-10,static_mh,2.0,1.9989256141822296
regen_QPSK_s20262103_p-10_Nd4001,QPSK,20262103,-10,static_lti_mh,2.0,1.8440876568527262
regen_QPSK_s20262103_p-10_Nd4001,QPSK,20262103,-10,linear,2.0,1.8469774332165307
regen_QPSK_s20262103_p-10_Nd4001,QPSK,20262103,-10,dsh,2.0,1.8442701437783506
regen_QPSK_s20262103_p-10_Nd4001,QPSK,20262103,-10,atomic,4.0,1.596946040820963
regen_QPSK_s20262103_p-10_Nd4001,QPSK,20262103,-10,static,4.0,1.8323845956278975
regen_QPSK_s20262103_p-10_Nd4001,QPSK,20262103,-10,static_lti,4.0,1.5962876334378822
regen_QPSK_s20262103_p-10_Nd4001,QPSK,20262103,-10,static_mh,4.0,1.8328445667184077
regen_QPSK_s20262103_p-10_Nd4001,QPSK,20262103,-10,static_lti_mh,4.0,1.596220989236701
regen_QPSK_s20262103_p-10_Nd4001,QPSK,20262103,-10,linear,4.0,1.6038329863090832
regen_QPSK_s20262103_p-10_Nd4001,QPSK,20262103,-10,dsh,4.0,1.597459634591035
regen_QPSK_s20262103_p-15_Nd4001,QPSK,20262103,-15,atomic,0.25,1.9419357571191362
regen_QPSK_s20262103_p-15_Nd4001,QPSK,20262103,-15,static,0.25,2.0
regen_QPSK_s20262103_p-15_Nd4001,QPSK,20262103,-15,static_lti,0.25,1.942546991063442
regen_QPSK_s20262103_p-15_Nd4001,QPSK,20262103,-15,static_mh,0.25,2.0
regen_QPSK_s20262103_p-15_Nd4001,QPSK,20262103,-15,static_lti_mh,0.25,1.942115703362774
regen_QPSK_s20262103_p-15_Nd4001,QPSK,20262103,-15,linear,0.25,1.9424802223270963
regen_QPSK_s20262103_p-15_Nd4001,QPSK,20262103,-15,dsh,0.25,1.9420124684638138
regen_QPSK_s20262103_p-15_Nd4001,QPSK,20262103,-15,atomic,0.5,1.9266081639704995
regen_QPSK_s20262103_p-15_Nd4001,QPSK,20262103,-15,static,0.5,2.0
regen_QPSK_s20262103_p-15_Nd4001,QPSK,20262103,-15,static_lti,0.5,1.9267922121186858
regen_QPSK_s20262103_p-15_Nd4001,QPSK,20262103,-15,static_mh,0.5,1.9999999999998737
regen_QPSK_s20262103_p-15_Nd4001,QPSK,20262103,-15,static_lti_mh,0.5,1.9262286695192483
regen_QPSK_s20262103_p-15_Nd4001,QPSK,20262103,-15,linear,0.5,1.9268433189890917
regen_QPSK_s20262103_p-15_Nd4001,QPSK,20262103,-15,dsh,0.5,1.9261708047901136
regen_QPSK_s20262103_p-15_Nd4001,QPSK,20262103,-15,atomic,1.0,1.8673993452883413
regen_QPSK_s20262103_p-15_Nd4001,QPSK,20262103,-15,static,1.0,1.9999950898092953
regen_QPSK_s20262103_p-15_Nd4001,QPSK,20262103,-15,static_lti,1.0,1.8668463132411155
regen_QPSK_s20262103_p-15_Nd4001,QPSK,20262103,-15,static_mh,1.0,1.9999850962040777
regen_QPSK_s20262103_p-15_Nd4001,QPSK,20262103,-15,static_lti_mh,1.0,1.8663719449162455
regen_QPSK_s20262103_p-15_Nd4001,QPSK,20262103,-15,linear,1.0,1.8672962637931307
regen_QPSK_s20262103_p-15_Nd4001,QPSK,20262103,-15,dsh,1.0,1.8664015521484842
regen_QPSK_s20262103_p-15_Nd4001,QPSK,20262103,-15,atomic,2.0,1.6622301988337436
regen_QPSK_s20262103_p-15_Nd4001,QPSK,20262103,-15,static,2.0,1.9099973504056063
regen_QPSK_s20262103_p-15_Nd4001,QPSK,20262103,-15,static_lti,2.0,1.6619552540914233
regen_QPSK_s20262103_p-15_Nd4001,QPSK,20262103,-15,static_mh,2.0,1.9182884087199854
regen_QPSK_s20262103_p-15_Nd4001,QPSK,20262103,-15,static_lti_mh,2.0,1.6619670920793717
regen_QPSK_s20262103_p-15_Nd4001,QPSK,20262103,-15,linear,2.0,1.6636294007228016
regen_QPSK_s20262103_p-15_Nd4001,QPSK,20262103,-15,dsh,2.0,1.6622557255628014
regen_QPSK_s20262103_p-15_Nd4001,QPSK,20262103,-15,atomic,4.0,1.1736345514344177
regen_QPSK_s20262103_p-15_Nd4001,QPSK,20262103,-15,static,4.0,1.2010988401701486
regen_QPSK_s20262103_p-15_Nd4001,QPSK,20262103,-15,static_lti,4.0,1.1722773310478594
regen_QPSK_s20262103_p-15_Nd4001,QPSK,20262103,-15,static_mh,4.0,1.2041128641531766
regen_QPSK_s20262103_p-15_Nd4001,QPSK,20262103,-15,static_lti_mh,4.0,1.1722131072759228
regen_QPSK_s20262103_p-15_Nd4001,QPSK,20262103,-15,linear,4.0,1.175606803274963
regen_QPSK_s20262103_p-15_Nd4001,QPSK,20262103,-15,dsh,4.0,1.1729171711878186
regen_QPSK_s20262203_p+00_Nd4001,QPSK,20262203,0,atomic,0.25,1.8392489997304968
regen_QPSK_s20262203_p+00_Nd4001,QPSK,20262203,0,static,0.25,2.0
regen_QPSK_s20262203_p+00_Nd4001,QPSK,20262203,0,static_lti,0.25,1.9559757581769748
regen_QPSK_s20262203_p+00_Nd4001,QPSK,20262203,0,static_mh,0.25,1.9999999999791835
regen_QPSK_s20262203_p+00_Nd4001,QPSK,20262203,0,static_lti_mh,0.25,1.9548572090978498
regen_QPSK_s20262203_p+00_Nd4001,QPSK,20262203,0,linear,0.25,1.9547870792608144
regen_QPSK_s20262203_p+00_Nd4001,QPSK,20262203,0,dsh,0.25,1.9543916399424892
regen_QPSK_s20262203_p+00_Nd4001,QPSK,20262203,0,atomic,0.5,1.8376126809962687
regen_QPSK_s20262203_p+00_Nd4001,QPSK,20262203,0,static,0.5,2.0
regen_QPSK_s20262203_p+00_Nd4001,QPSK,20262203,0,static_lti,0.5,1.956233673247402
regen_QPSK_s20262203_p+00_Nd4001,QPSK,20262203,0,static_mh,0.5,1.9999999999905955
regen_QPSK_s20262203_p+00_Nd4001,QPSK,20262203,0,static_lti_mh,0.5,1.9551163741888173
regen_QPSK_s20262203_p+00_Nd4001,QPSK,20262203,0,linear,0.5,1.9550655327515416
regen_QPSK_s20262203_p+00_Nd4001,QPSK,20262203,0,dsh,0.5,1.9546708249328983
regen_QPSK_s20262203_p+00_Nd4001,QPSK,20262203,0,atomic,1.0,1.8327615412397817
regen_QPSK_s20262203_p+00_Nd4001,QPSK,20262203,0,static,1.0,2.0
regen_QPSK_s20262203_p+00_Nd4001,QPSK,20262203,0,static_lti,1.0,1.9553476459598476
regen_QPSK_s20262203_p+00_Nd4001,QPSK,20262203,0,static_mh,1.0,1.999999999991168
regen_QPSK_s20262203_p+00_Nd4001,QPSK,20262203,0,static_lti_mh,1.0,1.9542457200414105
regen_QPSK_s20262203_p+00_Nd4001,QPSK,20262203,0,linear,1.0,1.9546191120402812
regen_QPSK_s20262203_p+00_Nd4001,QPSK,20262203,0,dsh,1.0,1.953900934978063
regen_QPSK_s20262203_p+00_Nd4001,QPSK,20262203,0,atomic,2.0,1.8167004687166788
regen_QPSK_s20262203_p+00_Nd4001,QPSK,20262203,0,static,2.0,2.0
regen_QPSK_s20262203_p+00_Nd4001,QPSK,20262203,0,static_lti,2.0,1.9475213198531272
regen_QPSK_s20262203_p+00_Nd4001,QPSK,20262203,0,static_mh,2.0,1.9999999865638034
regen_QPSK_s20262203_p+00_Nd4001,QPSK,20262203,0,static_lti_mh,2.0,1.9464828555564175
regen_QPSK_s20262203_p+00_Nd4001,QPSK,20262203,0,linear,2.0,1.9494744783867475
regen_QPSK_s20262203_p+00_Nd4001,QPSK,20262203,0,dsh,2.0,1.9467100812559253
regen_QPSK_s20262203_p+00_Nd4001,QPSK,20262203,0,atomic,4.0,1.759067021578788
regen_QPSK_s20262203_p+00_Nd4001,QPSK,20262203,0,static,4.0,1.9999999964803983
regen_QPSK_s20262203_p+00_Nd4001,QPSK,20262203,0,static_lti,4.0,1.9066560996798447
regen_QPSK_s20262203_p+00_Nd4001,QPSK,20262203,0,static_mh,4.0,1.999217219734985
regen_QPSK_s20262203_p+00_Nd4001,QPSK,20262203,0,static_lti_mh,4.0,1.9057443777597693
regen_QPSK_s20262203_p+00_Nd4001,QPSK,20262203,0,linear,4.0,1.9209977560527969
regen_QPSK_s20262203_p+00_Nd4001,QPSK,20262203,0,dsh,4.0,1.9084551070655307
regen_QPSK_s20262203_p+03_Nd4001,QPSK,20262203,3,atomic,0.25,1.564668488941624
regen_QPSK_s20262203_p+03_Nd4001,QPSK,20262203,3,static,0.25,2.0
regen_QPSK_s20262203_p+03_Nd4001,QPSK,20262203,3,static_lti,0.25,1.9520449924490046
regen_QPSK_s20262203_p+03_Nd4001,QPSK,20262203,3,static_mh,0.25,1.9469958246791736
regen_QPSK_s20262203_p+03_Nd4001,QPSK,20262203,3,static_lti_mh,0.25,1.9480679363392934
regen_QPSK_s20262203_p+03_Nd4001,QPSK,20262203,3,linear,0.25,1.954644409967927
regen_QPSK_s20262203_p+03_Nd4001,QPSK,20262203,3,dsh,0.25,1.951070337096791
regen_QPSK_s20262203_p+03_Nd4001,QPSK,20262203,3,atomic,0.5,1.5626367192227868
regen_QPSK_s20262203_p+03_Nd4001,QPSK,20262203,3,static,0.5,2.0
regen_QPSK_s20262203_p+03_Nd4001,QPSK,20262203,3,static_lti,0.5,1.9521470161777554
regen_QPSK_s20262203_p+03_Nd4001,QPSK,20262203,3,static_mh,0.5,1.9471840223507892
regen_QPSK_s20262203_p+03_Nd4001,QPSK,20262203,3,static_lti_mh,0.5,1.9483838590903237
regen_QPSK_s20262203_p+03_Nd4001,QPSK,20262203,3,linear,0.5,1.954942623363484
regen_QPSK_s20262203_p+03_Nd4001,QPSK,20262203,3,dsh,0.5,1.9515908975441856
regen_QPSK_s20262203_p+03_Nd4001,QPSK,20262203,3,atomic,1.0,1.5575751671158324
regen_QPSK_s20262203_p+03_Nd4001,QPSK,20262203,3,static,1.0,2.0
regen_QPSK_s20262203_p+03_Nd4001,QPSK,20262203,3,static_lti,1.0,1.9513859696687539
regen_QPSK_s20262203_p+03_Nd4001,QPSK,20262203,3,static_mh,1.0,1.9468768014130948
regen_QPSK_s20262203_p+03_Nd4001,QPSK,20262203,3,static_lti_mh,1.0,1.948106856596055
regen_QPSK_s20262203_p+03_Nd4001,QPSK,20262203,3,linear,1.0,1.9550449054893393
regen_QPSK_s20262203_p+03_Nd4001,QPSK,20262203,3,dsh,1.0,1.951820264616315
regen_QPSK_s20262203_p+03_Nd4001,QPSK,20262203,3,atomic,2.0,1.5434075446669675
regen_QPSK_s20262203_p+03_Nd4001,QPSK,20262203,3,static,2.0,2.0
regen_QPSK_s20262203_p+03_Nd4001,QPSK,20262203,3,static_lti,2.0,1.9457603211103291
regen_QPSK_s20262203_p+03_Nd4001,QPSK,20262203,3,static_mh,2.0,1.9431639384506165
regen_QPSK_s20262203_p+03_Nd4001,QPSK,20262203,3,static_lti_mh,2.0,1.943599794636047
regen_QPSK_s20262203_p+03_Nd4001,QPSK,20262203,3,linear,2.0,1.953187812427462
regen_QPSK_s20262203_p+03_Nd4001,QPSK,20262203,3,dsh,2.0,1.9488045109700656
regen_QPSK_s20262203_p+03_Nd4001,QPSK,20262203,3,atomic,4.0,1.4988440734461337
regen_QPSK_s20262203_p+03_Nd4001,QPSK,20262203,3,static,4.0,1.999999998179256
regen_QPSK_s20262203_p+03_Nd4001,QPSK,20262203,3,static_lti,4.0,1.9173590635593467
regen_QPSK_s20262203_p+03_Nd4001,QPSK,20262203,3,static_mh,4.0,1.9217120752468675
regen_QPSK_s20262203_p+03_Nd4001,QPSK,20262203,3,static_lti_mh,4.0,1.9173584984368617
regen_QPSK_s20262203_p+03_Nd4001,QPSK,20262203,3,linear,4.0,1.9406133247345905
regen_QPSK_s20262203_p+03_Nd4001,QPSK,20262203,3,dsh,4.0,1.9273902143267672
regen_QPSK_s20262203_p+06_Nd4001,QPSK,20262203,6,atomic,0.25,1.0821062217950599
regen_QPSK_s20262203_p+06_Nd4001,QPSK,20262203,6,static,0.25,1.9999999812920621
regen_QPSK_s20262203_p+06_Nd4001,QPSK,20262203,6,static_lti,0.25,1.936222009782883
regen_QPSK_s20262203_p+06_Nd4001,QPSK,20262203,6,static_mh,0.25,1.1778115448365145
regen_QPSK_s20262203_p+06_Nd4001,QPSK,20262203,6,static_lti_mh,0.25,1.9341190310907108
regen_QPSK_s20262203_p+06_Nd4001,QPSK,20262203,6,linear,0.25,1.9545268552275885
regen_QPSK_s20262203_p+06_Nd4001,QPSK,20262203,6,dsh,0.25,1.9479649021241117
regen_QPSK_s20262203_p+06_Nd4001,QPSK,20262203,6,atomic,0.5,1.0800871624227748
regen_QPSK_s20262203_p+06_Nd4001,QPSK,20262203,6,static,0.5,1.9999999847783436
regen_QPSK_s20262203_p+06_Nd4001,QPSK,20262203,6,static_lti,0.5,1.9360583329264607
regen_QPSK_s20262203_p+06_Nd4001,QPSK,20262203,6,static_mh,0.5,1.1760571270212083
regen_QPSK_s20262203_p+06_Nd4001,QPSK,20262203,6,static_lti_mh,0.5,1.9340987493766564
regen_QPSK_s20262203_p+06_Nd4001,QPSK,20262203,6,linear,0.5,1.9547881312321764
regen_QPSK_s20262203_p+06_Nd4001,QPSK,20262203,6,dsh,0.5,1.948469164575262
regen_QPSK_s20262203_p+06_Nd4001,QPSK,20262203,6,atomic,1.0,1.0754935888251915
regen_QPSK_s20262203_p+06_Nd4001,QPSK,20262203,6,static,1.0,1.9999999832076483
regen_QPSK_s20262203_p+06_Nd4001,QPSK,20262203,6,static_lti,1.0,1.9348187837515953
regen_QPSK_s20262203_p+06_Nd4001,QPSK,20262203,6,static_mh,1.0,1.1720945683120712
regen_QPSK_s20262203_p+06_Nd4001,QPSK,20262203,6,static_lti_mh,1.0,1.9331858392514405
regen_QPSK_s20262203_p+06_Nd4001,QPSK,20262203,6,linear,1.0,1.9550660804479225
regen_QPSK_s20262203_p+06_Nd4001,QPSK,20262203,6,dsh,1.0,1.9487579726856685
regen_QPSK_s20262203_p+06_Nd4001,QPSK,20262203,6,atomic,2.0,1.064120948837096
regen_QPSK_s20262203_p+06_Nd4001,QPSK,20262203,6,static,2.0,1.999999843013046
regen_QPSK_s20262203_p+06_Nd4001,QPSK,20262203,6,static_lti,2.0,1.9284424674779548
regen_QPSK_s20262203_p+06_Nd4001,QPSK,20262203,6,static_mh,2.0,1.1623854658688042
regen_QPSK_s20262203_p+06_Nd4001,QPSK,20262203,6,static_lti_mh,2.0,1.927590681946376
regen_QPSK_s20262203_p+06_Nd4001,QPSK,20262203,6,linear,2.0,1.9546137380258637
regen_QPSK_s20262203_p+06_Nd4001,QPSK,20262203,6,dsh,2.0,1.9462830992809714
regen_QPSK_s20262203_p+06_Nd4001,QPSK,20262203,6,atomic,4.0,1.0330778085504448
regen_QPSK_s20262203_p+06_Nd4001,QPSK,20262203,6,static,4.0,1.9998922467487092
regen_QPSK_s20262203_p+06_Nd4001,QPSK,20262203,6,static_lti,4.0,1.8992210752675605
regen_QPSK_s20262203_p+06_Nd4001,QPSK,20262203,6,static_mh,4.0,1.1361740676881507
regen_QPSK_s20262203_p+06_Nd4001,QPSK,20262203,6,static_lti_mh,4.0,1.900141784229041
regen_QPSK_s20262203_p+06_Nd4001,QPSK,20262203,6,linear,4.0,1.94943595384676
regen_QPSK_s20262203_p+06_Nd4001,QPSK,20262203,6,dsh,4.0,1.9279536501355312
regen_QPSK_s20262203_p-03_Nd4001,QPSK,20262203,-3,atomic,0.25,1.912965926344439
regen_QPSK_s20262203_p-03_Nd4001,QPSK,20262203,-3,static,0.25,2.0
regen_QPSK_s20262203_p-03_Nd4001,QPSK,20262203,-3,static_lti,0.25,1.9565556380324052
regen_QPSK_s20262203_p-03_Nd4001,QPSK,20262203,-3,static_mh,0.25,1.9999998213062673
regen_QPSK_s20262203_p-03_Nd4001,QPSK,20262203,-3,static_lti_mh,0.25,1.956084489987632
regen_QPSK_s20262203_p-03_Nd4001,QPSK,20262203,-3,linear,0.25,1.9549415846412574
regen_QPSK_s20262203_p-03_Nd4001,QPSK,20262203,-3,dsh,0.25,1.9548663101004455
regen_QPSK_s20262203_p-03_Nd4001,QPSK,20262203,-3,atomic,0.5,1.9115130714875517
regen_QPSK_s20262203_p-03_Nd4001,QPSK,20262203,-3,static,0.5,2.0
regen_QPSK_s20262203_p-03_Nd4001,QPSK,20262203,-3,static_lti,0.5,1.9566655248192035
regen_QPSK_s20262203_p-03_Nd4001,QPSK,20262203,-3,static_mh,0.5,1.999999585773162
regen_QPSK_s20262203_p-03_Nd4001,QPSK,20262203,-3,static_lti_mh,0.5,1.9559921067081
regen_QPSK_s20262203_p-03_Nd4001,QPSK,20262203,-3,linear,0.5,1.955045982829506
regen_QPSK_s20262203_p-03_Nd4001,QPSK,20262203,-3,dsh,0.5,1.9547352581882793
regen_QPSK_s20262203_p-03_Nd4001,QPSK,20262203,-3,atomic,1.0,1.9060059942816443
regen_QPSK_s20262203_p-03_Nd4001,QPSK,20262203,-3,static,1.0,2.0
regen_QPSK_s20262203_p-03_Nd4001,QPSK,20262203,-3,static_lti,1.0,1.9544426425623498
regen_QPSK_s20262203_p-03_Nd4001,QPSK,20262203,-3,static_mh,1.0,1.9999959752689
regen_QPSK_s20262203_p-03_Nd4001,QPSK,20262203,-3,static_lti_mh,1.0,1.953327202360733
regen_QPSK_s20262203_p-03_Nd4001,QPSK,20262203,-3,linear,1.0,1.9532032826838588
regen_QPSK_s20262203_p-03_Nd4001,QPSK,20262203,-3,dsh,1.0,1.9520575256780393
regen_QPSK_s20262203_p-03_Nd4001,QPSK,20262203,-3,atomic,2.0,1.8848806898039685
regen_QPSK_s20262203_p-03_Nd4001,QPSK,20262203,-3,static,2.0,2.0
regen_QPSK_s20262203_p-03_Nd4001,QPSK,20262203,-3,static_lti,2.0,1.9394137982419974
regen_QPSK_s20262203_p-03_Nd4001,QPSK,20262203,-3,static_mh,2.0,1.999621255613227
regen_QPSK_s20262203_p-03_Nd4001,QPSK,20262203,-3,static_lti_mh,2.0,1.9374260342764893
regen_QPSK_s20262203_p-03_Nd4001,QPSK,20262203,-3,linear,2.0,1.9407017794179005
regen_QPSK_s20262203_p-03_Nd4001,QPSK,20262203,-3,dsh,2.0,1.936480976127635
regen_QPSK_s20262203_p-03_Nd4001,QPSK,20262203,-3,atomic,4.0,1.8035170080302545
regen_QPSK_s20262203_p-03_Nd4001,QPSK,20262203,-3,static,4.0,1.9999853946107664
regen_QPSK_s20262203_p-03_Nd4001,QPSK,20262203,-3,static_lti,4.0,1.8669905767317645
regen_QPSK_s20262203_p-03_Nd4001,QPSK,20262203,-3,static_mh,4.0,1.9797672659362255
regen_QPSK_s20262203_p-03_Nd4001,QPSK,20262203,-3,static_lti_mh,4.0,1.8640270747683465
regen_QPSK_s20262203_p-03_Nd4001,QPSK,20262203,-3,linear,4.0,1.8795950422870975
regen_QPSK_s20262203_p-03_Nd4001,QPSK,20262203,-3,dsh,4.0,1.86496165639039
regen_QPSK_s20262203_p-06_Nd4001,QPSK,20262203,-6,atomic,0.25,1.9378621489853052
regen_QPSK_s20262203_p-06_Nd4001,QPSK,20262203,-6,static,0.25,2.0
regen_QPSK_s20262203_p-06_Nd4001,QPSK,20262203,-6,static_lti,0.25,1.9562027714444576
regen_QPSK_s20262203_p-06_Nd4001,QPSK,20262203,-6,static_mh,0.25,1.999999971621232
regen_QPSK_s20262203_p-06_Nd4001,QPSK,20262203,-6,static_lti_mh,0.25,1.9558651309936552
regen_QPSK_s20262203_p-06_Nd4001,QPSK,20262203,-6,linear,0.25,1.9550649692756246
regen_QPSK_s20262203_p-06_Nd4001,QPSK,20262203,-6,dsh,0.25,1.9548951402410422
regen_QPSK_s20262203_p-06_Nd4001,QPSK,20262203,-6,atomic,0.5,1.9360415794289962
regen_QPSK_s20262203_p-06_Nd4001,QPSK,20262203,-6,static,0.5,2.0
regen_QPSK_s20262203_p-06_Nd4001,QPSK,20262203,-6,static_lti,0.5,1.9557374438937951
regen_QPSK_s20262203_p-06_Nd4001,QPSK,20262203,-6,static_mh,0.5,1.9999999376992443
regen_QPSK_s20262203_p-06_Nd4001,QPSK,20262203,-6,static_lti_mh,0.5,1.9550676440626988
regen_QPSK_s20262203_p-06_Nd4001,QPSK,20262203,-6,linear,0.5,1.9546244222690508
regen_QPSK_s20262203_p-06_Nd4001,QPSK,20262203,-6,dsh,0.5,1.9540585639034629
regen_QPSK_s20262203_p-06_Nd4001,QPSK,20262203,-6,atomic,1.0,1.927704437239793
regen_QPSK_s20262203_p-06_Nd4001,QPSK,20262203,-6,static,1.0,2.0
regen_QPSK_s20262203_p-06_Nd4001,QPSK,20262203,-6,static_lti,1.0,1.950170755250933
regen_QPSK_s20262203_p-06_Nd4001,QPSK,20262203,-6,static_mh,1.0,1.999998633627959
regen_QPSK_s20262203_p-06_Nd4001,QPSK,20262203,-6,static_lti_mh,1.0,1.9487797404278826
regen_QPSK_s20262203_p-06_Nd4001,QPSK,20262203,-6,linear,1.0,1.949512739212523
regen_QPSK_s20262203_p-06_Nd4001,QPSK,20262203,-6,dsh,1.0,1.9477668600115359
regen_QPSK_s20262203_p-06_Nd4001,QPSK,20262203,-6,atomic,2.0,1.892842834063376
regen_QPSK_s20262203_p-06_Nd4001,QPSK,20262203,-6,static,2.0,1.9999999999945182
regen_QPSK_s20262203_p-06_Nd4001,QPSK,20262203,-6,static_lti,2.0,1.9192507878108171
regen_QPSK_s20262203_p-06_Nd4001,QPSK,20262203,-6,static_mh,2.0,1.999415682804404
regen_QPSK_s20262203_p-06_Nd4001,QPSK,20262203,-6,static_lti_mh,2.0,1.9166505779302514
regen_QPSK_s20262203_p-06_Nd4001,QPSK,20262203,-6,linear,2.0,1.9211899131048453
regen_QPSK_s20262203_p-06_Nd4001,QPSK,20262203,-6,dsh,2.0,1.9159519546493275
regen_QPSK_s20262203_p-06_Nd4001,QPSK,20262203,-6,atomic,4.0,1.7530369983833036
regen_QPSK_s20262203_p-06_Nd4001,QPSK,20262203,-6,static,4.0,1.9799549814906143
regen_QPSK_s20262203_p-06_Nd4001,QPSK,20262203,-6,static_lti,4.0,1.7827994188885592
regen_QPSK_s20262203_p-06_Nd4001,QPSK,20262203,-6,static_mh,4.0,1.9383784623045492
regen_QPSK_s20262203_p-06_Nd4001,QPSK,20262203,-6,static_lti_mh,4.0,1.7794522366685086
regen_QPSK_s20262203_p-06_Nd4001,QPSK,20262203,-6,linear,4.0,1.7954974079220498
regen_QPSK_s20262203_p-06_Nd4001,QPSK,20262203,-6,dsh,4.0,1.7806614290072997
regen_QPSK_s20262203_p-10_Nd4001,QPSK,20262203,-10,atomic,0.25,1.9486052128509268
regen_QPSK_s20262203_p-10_Nd4001,QPSK,20262203,-10,static,0.25,2.0
regen_QPSK_s20262203_p-10_Nd4001,QPSK,20262203,-10,static_lti,0.25,1.9555109518708076
regen_QPSK_s20262203_p-10_Nd4001,QPSK,20262203,-10,static_mh,0.25,1.999999999999896
regen_QPSK_s20262203_p-10_Nd4001,QPSK,20262203,-10,static_lti_mh,0.25,1.9552749599635009
regen_QPSK_s20262203_p-10_Nd4001,QPSK,20262203,-10,linear,0.25,1.9549718565905783
regen_QPSK_s20262203_p-10_Nd4001,QPSK,20262203,-10,dsh,0.25,1.9547860914094952
regen_QPSK_s20262203_p-10_Nd4001,QPSK,20262203,-10,atomic,0.5,1.9447492105335697
regen_QPSK_s20262203_p-10_Nd4001,QPSK,20262203,-10,static,0.5,2.0
regen_QPSK_s20262203_p-10_Nd4001,QPSK,20262203,-10,static_lti,0.5,1.9528045204018973
regen_QPSK_s20262203_p-10_Nd4001,QPSK,20262203,-10,static_mh,0.5,1.9999999999957077
regen_QPSK_s20262203_p-10_Nd4001,QPSK,20262203,-10,static_lti_mh,0.5,1.9521426311698151
regen_QPSK_s20262203_p-10_Nd4001,QPSK,20262203,-10,linear,0.5,1.9523422675746478
regen_QPSK_s20262203_p-10_Nd4001,QPSK,20262203,-10,dsh,0.5,1.95163618716861
regen_QPSK_s20262203_p-10_Nd4001,QPSK,20262203,-10,atomic,1.0,1.9258398848320688
regen_QPSK_s20262203_p-10_Nd4001,QPSK,20262203,-10,static,1.0,2.0
regen_QPSK_s20262203_p-10_Nd4001,QPSK,20262203,-10,static_lti,1.0,1.9358053625564877
regen_QPSK_s20262203_p-10_Nd4001,QPSK,20262203,-10,static_mh,1.0,1.999999956688702
regen_QPSK_s20262203_p-10_Nd4001,QPSK,20262203,-10,static_lti_mh,1.0,1.934301280383274
regen_QPSK_s20262203_p-10_Nd4001,QPSK,20262203,-10,linear,1.0,1.9359084204968313
regen_QPSK_s20262203_p-10_Nd4001,QPSK,20262203,-10,dsh,1.0,1.9338446964030847
regen_QPSK_s20262203_p-10_Nd4001,QPSK,20262203,-10,atomic,2.0,1.8445133310730708
regen_QPSK_s20262203_p-10_Nd4001,QPSK,20262203,-10,static,2.0,1.9999185303116307
regen_QPSK_s20262203_p-10_Nd4001,QPSK,20262203,-10,static_lti,2.0,1.8556097862275924
regen_QPSK_s20262203_p-10_Nd4001,QPSK,20262203,-10,static_mh,2.0,1.9962323978133627
regen_QPSK_s20262203_p-10_Nd4001,QPSK,20262203,-10,static_lti_mh,2.0,1.8532409885693988
regen_QPSK_s20262203_p-10_Nd4001,QPSK,20262203,-10,linear,2.0,1.8582920032321175
regen_QPSK_s20262203_p-10_Nd4001,QPSK,20262203,-10,dsh,2.0,1.8532101637888805
regen_QPSK_s20262203_p-10_Nd4001,QPSK,20262203,-10,atomic,4.0,1.5329105902215643
regen_QPSK_s20262203_p-10_Nd4001,QPSK,20262203,-10,static,4.0,1.734721192495754
regen_QPSK_s20262203_p-10_Nd4001,QPSK,20262203,-10,static_lti,4.0,1.5438212146024803
regen_QPSK_s20262203_p-10_Nd4001,QPSK,20262203,-10,static_mh,4.0,1.713202664692798
regen_QPSK_s20262203_p-10_Nd4001,QPSK,20262203,-10,static_lti_mh,4.0,1.5416313702869835
regen_QPSK_s20262203_p-10_Nd4001,QPSK,20262203,-10,linear,4.0,1.5541429510941132
regen_QPSK_s20262203_p-10_Nd4001,QPSK,20262203,-10,dsh,4.0,1.543024954794036
regen_QPSK_s20262203_p-15_Nd4001,QPSK,20262203,-15,atomic,0.25,1.95027764433761
regen_QPSK_s20262203_p-15_Nd4001,QPSK,20262203,-15,static,0.25,2.0
regen_QPSK_s20262203_p-15_Nd4001,QPSK,20262203,-15,static_lti,0.25,1.9534097976001923
regen_QPSK_s20262203_p-15_Nd4001,QPSK,20262203,-15,static_mh,0.25,2.0
regen_QPSK_s20262203_p-15_Nd4001,QPSK,20262203,-15,static_lti_mh,0.25,1.9531649885605946
regen_QPSK_s20262203_p-15_Nd4001,QPSK,20262203,-15,linear,0.25,1.9532337641292463
regen_QPSK_s20262203_p-15_Nd4001,QPSK,20262203,-15,dsh,0.25,1.9529860079243493
regen_QPSK_s20262203_p-15_Nd4001,QPSK,20262203,-15,atomic,0.5,1.9368631727194896
regen_QPSK_s20262203_p-15_Nd4001,QPSK,20262203,-15,static,0.5,2.0
regen_QPSK_s20262203_p-15_Nd4001,QPSK,20262203,-15,static_lti,0.5,1.9409395888383991
regen_QPSK_s20262203_p-15_Nd4001,QPSK,20262203,-15,static_mh,0.5,1.9999999999999625
regen_QPSK_s20262203_p-15_Nd4001,QPSK,20262203,-15,static_lti_mh,0.5,1.9402117577555515
regen_QPSK_s20262203_p-15_Nd4001,QPSK,20262203,-15,linear,0.5,1.9408769818091405
regen_QPSK_s20262203_p-15_Nd4001,QPSK,20262203,-15,dsh,0.5,1.9400422148806713
regen_QPSK_s20262203_p-15_Nd4001,QPSK,20262203,-15,atomic,1.0,1.8753155176773297
regen_QPSK_s20262203_p-15_Nd4001,QPSK,20262203,-15,static,1.0,1.99999867704966
regen_QPSK_s20262203_p-15_Nd4001,QPSK,20262203,-15,static_lti,1.0,1.8798988912135979
regen_QPSK_s20262203_p-15_Nd4001,QPSK,20262203,-15,static_mh,1.0,1.9999813123252812
regen_QPSK_s20262203_p-15_Nd4001,QPSK,20262203,-15,static_lti_mh,1.0,1.8785850147106316
regen_QPSK_s20262203_p-15_Nd4001,QPSK,20262203,-15,linear,1.0,1.8803878122386213
regen_QPSK_s20262203_p-15_Nd4001,QPSK,20262203,-15,dsh,1.0,1.8785132541053269
regen_QPSK_s20262203_p-15_Nd4001,QPSK,20262203,-15,atomic,2.0,1.6261093752238154
regen_QPSK_s20262203_p-15_Nd4001,QPSK,20262203,-15,static,2.0,1.837939735235371
regen_QPSK_s20262203_p-15_Nd4001,QPSK,20262203,-15,static_lti,2.0,1.6304301281701794
regen_QPSK_s20262203_p-15_Nd4001,QPSK,20262203,-15,static_mh,2.0,1.8332822911922233
regen_QPSK_s20262203_p-15_Nd4001,QPSK,20262203,-15,static_lti_mh,2.0,1.6290703402661417
regen_QPSK_s20262203_p-15_Nd4001,QPSK,20262203,-15,linear,2.0,1.632816694206273
regen_QPSK_s20262203_p-15_Nd4001,QPSK,20262203,-15,dsh,2.0,1.629407866059152
regen_QPSK_s20262203_p-15_Nd4001,QPSK,20262203,-15,atomic,4.0,1.0167668842318922
regen_QPSK_s20262203_p-15_Nd4001,QPSK,20262203,-15,static,4.0,1.01950515829478
regen_QPSK_s20262203_p-15_Nd4001,QPSK,20262203,-15,static_lti,4.0,1.019298621382871
regen_QPSK_s20262203_p-15_Nd4001,QPSK,20262203,-15,static_mh,4.0,1.0125109808856296
regen_QPSK_s20262203_p-15_Nd4001,QPSK,20262203,-15,static_lti_mh,4.0,1.0189468756415774
regen_QPSK_s20262203_p-15_Nd4001,QPSK,20262203,-15,linear,4.0,1.0234952633935543
regen_QPSK_s20262203_p-15_Nd4001,QPSK,20262203,-15,dsh,4.0,1.0197628795392168
regen_QPSK_s20262303_p+00_Nd4001,QPSK,20262303,0,atomic,0.25,1.8570810513119238
regen_QPSK_s20262303_p+00_Nd4001,QPSK,20262303,0,static,0.25,2.0
regen_QPSK_s20262303_p+00_Nd4001,QPSK,20262303,0,static_lti,0.25,1.9524980260604714
regen_QPSK_s20262303_p+00_Nd4001,QPSK,20262303,0,static_mh,0.25,1.9999999999999778
regen_QPSK_s20262303_p+00_Nd4001,QPSK,20262303,0,static_lti_mh,0.25,1.9522993893954543
regen_QPSK_s20262303_p+00_Nd4001,QPSK,20262303,0,linear,0.25,1.9511663816581344
regen_QPSK_s20262303_p+00_Nd4001,QPSK,20262303,0,dsh,0.25,1.9506726990741996
regen_QPSK_s20262303_p+00_Nd4001,QPSK,20262303,0,atomic,0.5,1.8573621955789201
regen_QPSK_s20262303_p+00_Nd4001,QPSK,20262303,0,static,0.5,2.0
regen_QPSK_s20262303_p+00_Nd4001,QPSK,20262303,0,static_lti,0.5,1.952691799224895
regen_QPSK_s20262303_p+00_Nd4001,QPSK,20262303,0,static_mh,0.5,1.9999999999999731
regen_QPSK_s20262303_p+00_Nd4001,QPSK,20262303,0,static_lti_mh,0.5,1.9524782419380238
regen_QPSK_s20262303_p+00_Nd4001,QPSK,20262303,0,linear,0.5,1.9516266495887369
regen_QPSK_s20262303_p+00_Nd4001,QPSK,20262303,0,dsh,0.5,1.9511708058783117
regen_QPSK_s20262303_p+00_Nd4001,QPSK,20262303,0,atomic,1.0,1.8567185912131314
regen_QPSK_s20262303_p+00_Nd4001,QPSK,20262303,0,static,1.0,2.0
regen_QPSK_s20262303_p+00_Nd4001,QPSK,20262303,0,static_lti,1.0,1.9520923586025325
regen_QPSK_s20262303_p+00_Nd4001,QPSK,20262303,0,static_mh,1.0,1.999999999999933
regen_QPSK_s20262303_p+00_Nd4001,QPSK,20262303,0,static_lti_mh,1.0,1.9518576428714673
regen_QPSK_s20262303_p+00_Nd4001,QPSK,20262303,0,linear,1.0,1.9517827647301842
regen_QPSK_s20262303_p+00_Nd4001,QPSK,20262303,0,dsh,1.0,1.9512121957435815
regen_QPSK_s20262303_p+00_Nd4001,QPSK,20262303,0,atomic,2.0,1.8507579037697568
regen_QPSK_s20262303_p+00_Nd4001,QPSK,20262303,0,static,2.0,2.0
regen_QPSK_s20262303_p+00_Nd4001,QPSK,20262303,0,static_lti,2.0,1.946941075763334
regen_QPSK_s20262303_p+00_Nd4001,QPSK,20262303,0,static_mh,2.0,1.9999999999937947
regen_QPSK_s20262303_p+00_Nd4001,QPSK,20262303,0,static_lti_mh,2.0,1.9467052828457836
regen_QPSK_s20262303_p+00_Nd4001,QPSK,20262303,0,linear,2.0,1.9490331373672147
regen_QPSK_s20262303_p+00_Nd4001,QPSK,20262303,0,dsh,2.0,1.947455864827838
regen_QPSK_s20262303_p+00_Nd4001,QPSK,20262303,0,atomic,4.0,1.8214246156767218
regen_QPSK_s20262303_p+00_Nd4001,QPSK,20262303,0,static,4.0,1.999999996639371
regen_QPSK_s20262303_p+00_Nd4001,QPSK,20262303,0,static_lti,4.0,1.920341451392416
regen_QPSK_s20262303_p+00_Nd4001,QPSK,20262303,0,static_mh,4.0,1.9999981461539733
regen_QPSK_s20262303_p+00_Nd4001,QPSK,20262303,0,static_lti_mh,4.0,1.920157253153746
regen_QPSK_s20262303_p+00_Nd4001,QPSK,20262303,0,linear,4.0,1.9309434224484985
regen_QPSK_s20262303_p+00_Nd4001,QPSK,20262303,0,dsh,4.0,1.9239311094571063
regen_QPSK_s20262303_p+03_Nd4001,QPSK,20262303,3,atomic,0.25,1.6123670876106442
regen_QPSK_s20262303_p+03_Nd4001,QPSK,20262303,3,static,0.25,2.0
regen_QPSK_s20262303_p+03_Nd4001,QPSK,20262303,3,static_lti,0.25,1.9500107642081703
regen_QPSK_s20262303_p+03_Nd4001,QPSK,20262303,3,static_mh,0.25,1.9256262673382702
regen_QPSK_s20262303_p+03_Nd4001,QPSK,20262303,3,static_lti_mh,0.25,1.9537398504885197
regen_QPSK_s20262303_p+03_Nd4001,QPSK,20262303,3,linear,0.25,1.950983870850614
regen_QPSK_s20262303_p+03_Nd4001,QPSK,20262303,3,dsh,0.25,1.9516489027674382
regen_QPSK_s20262303_p+03_Nd4001,QPSK,20262303,3,atomic,0.5,1.613830424970304
regen_QPSK_s20262303_p+03_Nd4001,QPSK,20262303,3,static,0.5,2.0
regen_QPSK_s20262303_p+03_Nd4001,QPSK,20262303,3,static_lti,0.5,1.9501106184623356
regen_QPSK_s20262303_p+03_Nd4001,QPSK,20262303,3,static_mh,0.5,1.9285396750321724
regen_QPSK_s20262303_p+03_Nd4001,QPSK,20262303,3,static_lti_mh,0.5,1.9537840085315479
regen_QPSK_s20262303_p+03_Nd4001,QPSK,20262303,3,linear,0.5,1.951388812020208
regen_QPSK_s20262303_p+03_Nd4001,QPSK,20262303,3,dsh,0.5,1.95215619563943
regen_QPSK_s20262303_p+03_Nd4001,QPSK,20262303,3,atomic,1.0,1.6159761653136104
regen_QPSK_s20262303_p+03_Nd4001,QPSK,20262303,3,static,1.0,2.0
regen_QPSK_s20262303_p+03_Nd4001,QPSK,20262303,3,static_lti,1.0,1.9496318283230654
regen_QPSK_s20262303_p+03_Nd4001,QPSK,20262303,3,static_mh,1.0,1.933054683530313
regen_QPSK_s20262303_p+03_Nd4001,QPSK,20262303,3,static_lti_mh,1.0,1.953204972853655
regen_QPSK_s20262303_p+03_Nd4001,QPSK,20262303,3,linear,1.0,1.951815358464094
regen_QPSK_s20262303_p+03_Nd4001,QPSK,20262303,3,dsh,1.0,1.9525886547770086
regen_QPSK_s20262303_p+03_Nd4001,QPSK,20262303,3,atomic,2.0,1.6171128643897645
regen_QPSK_s20262303_p+03_Nd4001,QPSK,20262303,3,static,2.0,2.0
regen_QPSK_s20262303_p+03_Nd4001,QPSK,20262303,3,static_lti,2.0,1.9459913284808186
regen_QPSK_s20262303_p+03_Nd4001,QPSK,20262303,3,static_mh,2.0,1.9370986589093748
regen_QPSK_s20262303_p+03_Nd4001,QPSK,20262303,3,static_lti_mh,2.0,1.9494062904935623
regen_QPSK_s20262303_p+03_Nd4001,QPSK,20262303,3,linear,2.0,1.9511362759096709
regen_QPSK_s20262303_p+03_Nd4001,QPSK,20262303,3,dsh,2.0,1.9510818694898184
regen_QPSK_s20262303_p+03_Nd4001,QPSK,20262303,3,atomic,4.0,1.606782133429738
regen_QPSK_s20262303_p+03_Nd4001,QPSK,20262303,3,static,4.0,1.9999999999168445
regen_QPSK_s20262303_p+03_Nd4001,QPSK,20262303,3,static_lti,4.0,1.9280701050832478
regen_QPSK_s20262303_p+03_Nd4001,QPSK,20262303,3,static_mh,4.0,1.9281508771330786
regen_QPSK_s20262303_p+03_Nd4001,QPSK,20262303,3,static_lti_mh,4.0,1.9311387700614904
regen_QPSK_s20262303_p+03_Nd4001,QPSK,20262303,3,linear,4.0,1.9435953394983363
regen_QPSK_s20262303_p+03_Nd4001,QPSK,20262303,3,dsh,4.0,1.9380756966320667
regen_QPSK_s20262303_p+06_Nd4001,QPSK,20262303,6,atomic,0.25,1.2232948101136336
regen_QPSK_s20262303_p+06_Nd4001,QPSK,20262303,6,static,0.25,1.999999799371178
regen_QPSK_s20262303_p+06_Nd4001,QPSK,20262303,6,static_lti,0.25,1.9341125307950342
regen_QPSK_s20262303_p+06_Nd4001,QPSK,20262303,6,static_mh,0.25,1.145068899215358
regen_QPSK_s20262303_p+06_Nd4001,QPSK,20262303,6,static_lti_mh,0.25,1.932042887276723
regen_QPSK_s20262303_p+06_Nd4001,QPSK,20262303,6,linear,0.25,1.9508415018188927
regen_QPSK_s20262303_p+06_Nd4001,QPSK,20262303,6,dsh,0.25,1.946946966003657
regen_QPSK_s20262303_p+06_Nd4001,QPSK,20262303,6,atomic,0.5,1.2248766809741856
regen_QPSK_s20262303_p+06_Nd4001,QPSK,20262303,6,static,0.5,1.9999998665869942
regen_QPSK_s20262303_p+06_Nd4001,QPSK,20262303,6,static_lti,0.5,1.933927193889512
regen_QPSK_s20262303_p+06_Nd4001,QPSK,20262303,6,static_mh,0.5,1.146029078493685
regen_QPSK_s20262303_p+06_Nd4001,QPSK,20262303,6,static_lti_mh,0.5,1.9317067996565305
regen_QPSK_s20262303_p+06_Nd4001,QPSK,20262303,6,linear,0.5,1.9511678401678936
regen_QPSK_s20262303_p+06_Nd4001,QPSK,20262303,6,dsh,0.5,1.947455251509011
regen_QPSK_s20262303_p+06_Nd4001,QPSK,20262303,6,atomic,1.0,1.2275756631787205
regen_QPSK_s20262303_p+06_Nd4001,QPSK,20262303,6,static,1.0,1.9999999317825108
regen_QPSK_s20262303_p+06_Nd4001,QPSK,20262303,6,static_lti,1.0,1.9328857512484972
regen_QPSK_s20262303_p+06_Nd4001,QPSK,20262303,6,static_mh,1.0,1.1475418642186477
regen_QPSK_s20262303_p+06_Nd4001,QPSK,20262303,6,static_lti_mh,1.0,1.9303493792077064
regen_QPSK_s20262303_p+06_Nd4001,QPSK,20262303,6,linear,1.0,1.9516282871263493
regen_QPSK_s20262303_p+06_Nd4001,QPSK,20262303,6,dsh,1.0,1.947951002054731
regen_QPSK_s20262303_p+06_Nd4001,QPSK,20262303,6,atomic,2.0,1.2310939068928501
regen_QPSK_s20262303_p+06_Nd4001,QPSK,20262303,6,static,2.0,1.999999963758991
regen_QPSK_s20262303_p+06_Nd4001,QPSK,20262303,6,static_lti,2.0,1.9281757047501547
regen_QPSK_s20262303_p+06_Nd4001,QPSK,20262303,6,static_mh,2.0,1.1489331334374266
regen_QPSK_s20262303_p+06_Nd4001,QPSK,20262303,6,static_lti_mh,2.0,1.9249321350523383
regen_QPSK_s20262303_p+06_Nd4001,QPSK,20262303,6,linear,2.0,1.9517811285359237
regen_QPSK_s20262303_p+06_Nd4001,QPSK,20262303,6,dsh,2.0,1.946818146428194
regen_QPSK_s20262303_p+06_Nd4001,QPSK,20262303,6,atomic,4.0,1.2305672012757634
regen_QPSK_s20262303_p+06_Nd4001,QPSK,20262303,6,static,4.0,1.999999258937643
regen_QPSK_s20262303_p+06_Nd4001,QPSK,20262303,6,static_lti,4.0,1.9084968365881645
regen_QPSK_s20262303_p+06_Nd4001,QPSK,20262303,6,static_mh,4.0,1.1452542558451861
regen_QPSK_s20262303_p+06_Nd4001,QPSK,20262303,6,static_lti_mh,4.0,1.9034027993084894
regen_QPSK_s20262303_p+06_Nd4001,QPSK,20262303,6,linear,4.0,1.9490103236728582
regen_QPSK_s20262303_p+06_Nd4001,QPSK,20262303,6,dsh,4.0,1.9357234481163663
regen_QPSK_s20262303_p-03_Nd4001,QPSK,20262303,-3,atomic,0.25,1.9211738166497856
regen_QPSK_s20262303_p-03_Nd4001,QPSK,20262303,-3,static,0.25,2.0
regen_QPSK_s20262303_p-03_Nd4001,QPSK,20262303,-3,static_lti,0.25,1.9527201878784026
regen_QPSK_s20262303_p-03_Nd4001,QPSK,20262303,-3,static_mh,0.25,1.9999999505109631
regen_QPSK_s20262303_p-03_Nd4001,QPSK,20262303,-3,static_lti_mh,0.25,1.949571327014914
regen_QPSK_s20262303_p-03_Nd4001,QPSK,20262303,-3,linear,0.25,1.9513871072561657
regen_QPSK_s20262303_p-03_Nd4001,QPSK,20262303,-3,dsh,0.25,1.9484268143191281
regen_QPSK_s20262303_p-03_Nd4001,QPSK,20262303,-3,atomic,0.5,1.9215561068881128
regen_QPSK_s20262303_p-03_Nd4001,QPSK,20262303,-3,static,0.5,2.0
regen_QPSK_s20262303_p-03_Nd4001,QPSK,20262303,-3,static_lti,0.5,1.9529169126050572
regen_QPSK_s20262303_p-03_Nd4001,QPSK,20262303,-3,static_mh,0.5,1.9999999274744054
regen_QPSK_s20262303_p-03_Nd4001,QPSK,20262303,-3,static_lti_mh,0.5,1.949759006549222
regen_QPSK_s20262303_p-03_Nd4001,QPSK,20262303,-3,linear,0.5,1.9518144611909019
regen_QPSK_s20262303_p-03_Nd4001,QPSK,20262303,-3,dsh,0.5,1.9488545726260984
regen_QPSK_s20262303_p-03_Nd4001,QPSK,20262303,-3,atomic,1.0,1.9204115592411402
regen_QPSK_s20262303_p-03_Nd4001,QPSK,20262303,-3,static,1.0,2.0
regen_QPSK_s20262303_p-03_Nd4001,QPSK,20262303,-3,static_lti,1.0,1.9515835399100219
regen_QPSK_s20262303_p-03_Nd4001,QPSK,20262303,-3,static_mh,1.0,1.9999996377659324
regen_QPSK_s20262303_p-03_Nd4001,QPSK,20262303,-3,static_lti_mh,1.0,1.9484071695485266
regen_QPSK_s20262303_p-03_Nd4001,QPSK,20262303,-3,linear,1.0,1.951144247019366
regen_QPSK_s20262303_p-03_Nd4001,QPSK,20262303,-3,dsh,1.0,1.947984110729773
regen_QPSK_s20262303_p-03_Nd4001,QPSK,20262303,-3,atomic,2.0,1.9105419847734924
regen_QPSK_s20262303_p-03_Nd4001,QPSK,20262303,-3,static,2.0,2.0
regen_QPSK_s20262303_p-03_Nd4001,QPSK,20262303,-3,static_lti,2.0,1.941935223596053
regen_QPSK_s20262303_p-03_Nd4001,QPSK,20262303,-3,static_mh,2.0,1.9999858473133076
regen_QPSK_s20262303_p-03_Nd4001,QPSK,20262303,-3,static_lti_mh,2.0,1.9387903282960857
regen_QPSK_s20262303_p-03_Nd4001,QPSK,20262303,-3,linear,2.0,1.9436508213976171
regen_QPSK_s20262303_p-03_Nd4001,QPSK,20262303,-3,dsh,2.0,1.9393439208250238
regen_QPSK_s20262303_p-03_Nd4001,QPSK,20262303,-3,atomic,4.0,1.8611279021745928
regen_QPSK_s20262303_p-03_Nd4001,QPSK,20262303,-3,static,4.0,1.9999909239535112
regen_QPSK_s20262303_p-03_Nd4001,QPSK,20262303,-3,static_lti,4.0,1.8928053030050662
regen_QPSK_s20262303_p-03_Nd4001,QPSK,20262303,-3,static_mh,4.0,1.9965225346825726
regen_QPSK_s20262303_p-03_Nd4001,QPSK,20262303,-3,static_lti_mh,4.0,1.890006232431906
regen_QPSK_s20262303_p-03_Nd4001,QPSK,20262303,-3,linear,4.0,1.902526090888418
regen_QPSK_s20262303_p-03_Nd4001,QPSK,20262303,-3,dsh,4.0,1.89278435477906
regen_QPSK_s20262303_p-06_Nd4001,QPSK,20262303,-6,atomic,0.25,1.9364383853431004
regen_QPSK_s20262303_p-06_Nd4001,QPSK,20262303,-6,static,0.25,2.0
regen_QPSK_s20262303_p-06_Nd4001,QPSK,20262303,-6,static_lti,0.25,1.9525027545262896
regen_QPSK_s20262303_p-06_Nd4001,QPSK,20262303,-6,static_mh,0.25,1.99999998119999
regen_QPSK_s20262303_p-06_Nd4001,QPSK,20262303,-6,static_lti_mh,0.25,1.9490537525667018
regen_QPSK_s20262303_p-06_Nd4001,QPSK,20262303,-6,linear,0.25,1.9516249502924083
regen_QPSK_s20262303_p-06_Nd4001,QPSK,20262303,-6,dsh,0.25,1.948317829224796
regen_QPSK_s20262303_p-06_Nd4001,QPSK,20262303,-6,atomic,0.5,1.9366695098903284
regen_QPSK_s20262303_p-06_Nd4001,QPSK,20262303,-6,static,0.5,2.0
regen_QPSK_s20262303_p-06_Nd4001,QPSK,20262303,-6,static_lti,0.5,1.9524676174680615
regen_QPSK_s20262303_p-06_Nd4001,QPSK,20262303,-6,static_mh,0.5,1.9999999593678999
regen_QPSK_s20262303_p-06_Nd4001,QPSK,20262303,-6,static_lti_mh,0.5,1.9490155968396037
regen_QPSK_s20262303_p-06_Nd4001,QPSK,20262303,-6,linear,0.5,1.9517843211959371
regen_QPSK_s20262303_p-06_Nd4001,QPSK,20262303,-6,dsh,0.5,1.9484555820386646
regen_QPSK_s20262303_p-06_Nd4001,QPSK,20262303,-6,atomic,1.0,1.9337766301308574
regen_QPSK_s20262303_p-06_Nd4001,QPSK,20262303,-6,static,1.0,2.0
regen_QPSK_s20262303_p-06_Nd4001,QPSK,20262303,-6,static_lti,1.0,1.949155027866974
regen_QPSK_s20262303_p-06_Nd4001,QPSK,20262303,-6,static_mh,1.0,1.9999994681066202
regen_QPSK_s20262303_p-06_Nd4001,QPSK,20262303,-6,static_lti_mh,1.0,1.9456949258582579
regen_QPSK_s20262303_p-06_Nd4001,QPSK,20262303,-6,linear,1.0,1.9490557649429798
regen_QPSK_s20262303_p-06_Nd4001,QPSK,20262303,-6,dsh,1.0,1.945483575374443
regen_QPSK_s20262303_p-06_Nd4001,QPSK,20262303,-6,atomic,2.0,1.9145047006726006
regen_QPSK_s20262303_p-06_Nd4001,QPSK,20262303,-6,static,2.0,1.9999999999757394
regen_QPSK_s20262303_p-06_Nd4001,QPSK,20262303,-6,static_lti,2.0,1.9291711597349617
regen_QPSK_s20262303_p-06_Nd4001,QPSK,20262303,-6,static_mh,2.0,1.9999247712348964
regen_QPSK_s20262303_p-06_Nd4001,QPSK,20262303,-6,static_lti_mh,2.0,1.9258541915439495
regen_QPSK_s20262303_p-06_Nd4001,QPSK,20262303,-6,linear,2.0,1.9310703351017555
regen_QPSK_s20262303_p-06_Nd4001,QPSK,20262303,-6,dsh,2.0,1.9263555184145638
regen_QPSK_s20262303_p-06_Nd4001,QPSK,20262303,-6,atomic,4.0,1.8203023788628128
regen_QPSK_s20262303_p-06_Nd4001,QPSK,20262303,-6,static,4.0,1.99502071963337
regen_QPSK_s20262303_p-06_Nd4001,QPSK,20262303,-6,static_lti,4.0,1.832011778063021
regen_QPSK_s20262303_p-06_Nd4001,QPSK,20262303,-6,static_mh,4.0,1.9725582407010884
regen_QPSK_s20262303_p-06_Nd4001,QPSK,20262303,-6,static_lti_mh,4.0,1.8293747685610144
regen_QPSK_s20262303_p-06_Nd4001,QPSK,20262303,-6,linear,4.0,1.8413376656550635
regen_QPSK_s20262303_p-06_Nd4001,QPSK,20262303,-6,dsh,4.0,1.831676256058506
regen_QPSK_s20262303_p-10_Nd4001,QPSK,20262303,-10,atomic,0.25,1.9442654197509879
regen_QPSK_s20262303_p-10_Nd4001,QPSK,20262303,-10,static,0.25,2.0
regen_QPSK_s20262303_p-10_Nd4001,QPSK,20262303,-10,static_lti,0.25,1.9522290806077678
regen_QPSK_s20262303_p-10_Nd4001,QPSK,20262303,-10,static_mh,0.25,1.9999999999996976
regen_QPSK_s20262303_p-10_Nd4001,QPSK,20262303,-10,static_lti_mh,0.25,1.9497356015778575
regen_QPSK_s20262303_p-10_Nd4001,QPSK,20262303,-10,linear,0.25,1.9518411260917319
regen_QPSK_s20262303_p-10_Nd4001,QPSK,20262303,-10,dsh,0.25,1.9494013865027775
regen_QPSK_s20262303_p-10_Nd4001,QPSK,20262303,-10,atomic,0.5,1.9432455695107902
regen_QPSK_s20262303_p-10_Nd4001,QPSK,20262303,-10,static,0.5,2.0
regen_QPSK_s20262303_p-10_Nd4001,QPSK,20262303,-10,static_lti,0.5,1.9509150734807785
regen_QPSK_s20262303_p-10_Nd4001,QPSK,20262303,-10,static_mh,0.5,1.9999999999923055
regen_QPSK_s20262303_p-10_Nd4001,QPSK,20262303,-10,static_lti_mh,0.5,1.948421511506205
regen_QPSK_s20262303_p-10_Nd4001,QPSK,20262303,-10,linear,0.5,1.9506830724991215
regen_QPSK_s20262303_p-10_Nd4001,QPSK,20262303,-10,dsh,0.5,1.9482009508138916
regen_QPSK_s20262303_p-10_Nd4001,QPSK,20262303,-10,atomic,1.0,1.9332022955650174
regen_QPSK_s20262303_p-10_Nd4001,QPSK,20262303,-10,static,1.0,1.9999999999999996
regen_QPSK_s20262303_p-10_Nd4001,QPSK,20262303,-10,static_lti,1.0,1.9403533551071486
regen_QPSK_s20262303_p-10_Nd4001,QPSK,20262303,-10,static_mh,1.0,1.9999999868258498
regen_QPSK_s20262303_p-10_Nd4001,QPSK,20262303,-10,static_lti_mh,1.0,1.9378917088865208
regen_QPSK_s20262303_p-10_Nd4001,QPSK,20262303,-10,linear,1.0,1.9406209020088967
regen_QPSK_s20262303_p-10_Nd4001,QPSK,20262303,-10,dsh,1.0,1.9378977074613013
regen_QPSK_s20262303_p-10_Nd4001,QPSK,20262303,-10,atomic,2.0,1.8792843983250294
regen_QPSK_s20262303_p-10_Nd4001,QPSK,20262303,-10,static,2.0,1.9999677663343285
regen_QPSK_s20262303_p-10_Nd4001,QPSK,20262303,-10,static_lti,2.0,1.8851292626613534
regen_QPSK_s20262303_p-10_Nd4001,QPSK,20262303,-10,static_mh,2.0,1.9993726424645382
regen_QPSK_s20262303_p-10_Nd4001,QPSK,20262303,-10,static_lti_mh,2.0,1.8829927492854548
regen_QPSK_s20262303_p-10_Nd4001,QPSK,20262303,-10,linear,2.0,1.8872540033788048
regen_QPSK_s20262303_p-10_Nd4001,QPSK,20262303,-10,dsh,2.0,1.8835208010114848
regen_QPSK_s20262303_p-10_Nd4001,QPSK,20262303,-10,atomic,4.0,1.6656596833309774
regen_QPSK_s20262303_p-10_Nd4001,QPSK,20262303,-10,static,4.0,1.8438188457141744
regen_QPSK_s20262303_p-10_Nd4001,QPSK,20262303,-10,static_lti,4.0,1.6680623648276707
regen_QPSK_s20262303_p-10_Nd4001,QPSK,20262303,-10,static_mh,4.0,1.8122915657054264
regen_QPSK_s20262303_p-10_Nd4001,QPSK,20262303,-10,static_lti_mh,4.0,1.6668188133994073
regen_QPSK_s20262303_p-10_Nd4001,QPSK,20262303,-10,linear,4.0,1.6747071900690833
regen_QPSK_s20262303_p-10_Nd4001,QPSK,20262303,-10,dsh,4.0,1.6683043737851735
regen_QPSK_s20262303_p-15_Nd4001,QPSK,20262303,-15,atomic,0.25,1.9473302844736147
regen_QPSK_s20262303_p-15_Nd4001,QPSK,20262303,-15,static,0.25,2.0
regen_QPSK_s20262303_p-15_Nd4001,QPSK,20262303,-15,static_lti,0.25,1.951274567996067
regen_QPSK_s20262303_p-15_Nd4001,QPSK,20262303,-15,static_mh,0.25,2.0
regen_QPSK_s20262303_p-15_Nd4001,QPSK,20262303,-15,static_lti_mh,0.25,1.9498148933147654
regen_QPSK_s20262303_p-15_Nd4001,QPSK,20262303,-15,linear,0.25,1.9511597286911617
regen_QPSK_s20262303_p-15_Nd4001,QPSK,20262303,-15,dsh,0.25,1.9497086252161777
regen_QPSK_s20262303_p-15_Nd4001,QPSK,20262303,-15,atomic,0.5,1.9401367923055293
regen_QPSK_s20262303_p-15_Nd4001,QPSK,20262303,-15,static,0.5,2.0
regen_QPSK_s20262303_p-15_Nd4001,QPSK,20262303,-15,static_lti,0.5,1.9437616464666565
regen_QPSK_s20262303_p-15_Nd4001,QPSK,20262303,-15,static_mh,0.5,1.9999999999999702
regen_QPSK_s20262303_p-15_Nd4001,QPSK,20262303,-15,static_lti_mh,0.5,1.9423094594639423
regen_QPSK_s20262303_p-15_Nd4001,QPSK,20262303,-15,linear,0.5,1.94376066146757
regen_QPSK_s20262303_p-15_Nd4001,QPSK,20262303,-15,dsh,0.5,1.9422664398736433
regen_QPSK_s20262303_p-15_Nd4001,QPSK,20262303,-15,atomic,1.0,1.8997563284857564
regen_QPSK_s20262303_p-15_Nd4001,QPSK,20262303,-15,static,1.0,1.9999989581502413
regen_QPSK_s20262303_p-15_Nd4001,QPSK,20262303,-15,static_lti,1.0,1.9026886221127324
regen_QPSK_s20262303_p-15_Nd4001,QPSK,20262303,-15,static_mh,1.0,1.9999963629902555
regen_QPSK_s20262303_p-15_Nd4001,QPSK,20262303,-15,static_lti_mh,1.0,1.9013804000154608
regen_QPSK_s20262303_p-15_Nd4001,QPSK,20262303,-15,linear,1.0,1.903087900104527
regen_QPSK_s20262303_p-15_Nd4001,QPSK,20262303,-15,dsh,1.0,1.9014762667449892
regen_QPSK_s20262303_p-15_Nd4001,QPSK,20262303,-15,atomic,2.0,1.7250102285357152
regen_QPSK_s20262303_p-15_Nd4001,QPSK,20262303,-15,static,2.0,1.9184839000293559
regen_QPSK_s20262303_p-15_Nd4001,QPSK,20262303,-15,static_lti,2.0,1.7262427398455142
regen_QPSK_s20262303_p-15_Nd4001,QPSK,20262303,-15,static_mh,2.0,1.9079715147470218
regen_QPSK_s20262303_p-15_Nd4001,QPSK,20262303,-15,static_lti_mh,2.0,1.7253850369863364
regen_QPSK_s20262303_p-15_Nd4001,QPSK,20262303,-15,linear,2.0,1.7277785814283764
regen_QPSK_s20262303_p-15_Nd4001,QPSK,20262303,-15,dsh,2.0,1.7257854636540735
regen_QPSK_s20262303_p-15_Nd4001,QPSK,20262303,-15,atomic,4.0,1.2742814578973547
regen_QPSK_s20262303_p-15_Nd4001,QPSK,20262303,-15,static,4.0,1.2135934302819522
regen_QPSK_s20262303_p-15_Nd4001,QPSK,20262303,-15,static_lti,4.0,1.273104541690226
regen_QPSK_s20262303_p-15_Nd4001,QPSK,20262303,-15,static_mh,4.0,1.2042949538112908
regen_QPSK_s20262303_p-15_Nd4001,QPSK,20262303,-15,static_lti_mh,4.0,1.272583443849762
regen_QPSK_s20262303_p-15_Nd4001,QPSK,20262303,-15,linear,4.0,1.2762497821705456
regen_QPSK_s20262303_p-15_Nd4001,QPSK,20262303,-15,dsh,4.0,1.2733214828489274
regen_QPSK_s20262403_p+00_Nd4001,QPSK,20262403,0,atomic,0.25,1.8038057688018179
regen_QPSK_s20262403_p+00_Nd4001,QPSK,20262403,0,static,0.25,2.0
regen_QPSK_s20262403_p+00_Nd4001,QPSK,20262403,0,static_lti,0.25,1.944324346349474
regen_QPSK_s20262403_p+00_Nd4001,QPSK,20262403,0,static_mh,0.25,1.9999999999999094
regen_QPSK_s20262403_p+00_Nd4001,QPSK,20262403,0,static_lti_mh,0.25,1.9427248183647128
regen_QPSK_s20262403_p+00_Nd4001,QPSK,20262403,0,linear,0.25,1.940892400331865
regen_QPSK_s20262403_p+00_Nd4001,QPSK,20262403,0,dsh,0.25,1.9390450158413173
regen_QPSK_s20262403_p+00_Nd4001,QPSK,20262403,0,atomic,0.5,1.800079571962393
regen_QPSK_s20262403_p+00_Nd4001,QPSK,20262403,0,static,0.5,2.0
regen_QPSK_s20262403_p+00_Nd4001,QPSK,20262403,0,static_lti,0.5,1.9423120571206698
regen_QPSK_s20262403_p+00_Nd4001,QPSK,20262403,0,static_mh,0.5,1.9999999999999585
regen_QPSK_s20262403_p+00_Nd4001,QPSK,20262403,0,static_lti_mh,0.5,1.9407244473117407
regen_QPSK_s20262403_p+00_Nd4001,QPSK,20262403,0,linear,0.5,1.9392587372077357
regen_QPSK_s20262403_p+00_Nd4001,QPSK,20262403,0,dsh,0.5,1.937124586974237
regen_QPSK_s20262403_p+00_Nd4001,QPSK,20262403,0,atomic,1.0,1.7914104135834115
regen_QPSK_s20262403_p+00_Nd4001,QPSK,20262403,0,static,1.0,2.0
regen_QPSK_s20262403_p+00_Nd4001,QPSK,20262403,0,static_lti,1.0,1.9372123517912267
regen_QPSK_s20262403_p+00_Nd4001,QPSK,20262403,0,static_mh,1.0,1.9999999999999818
regen_QPSK_s20262403_p+00_Nd4001,QPSK,20262403,0,static_lti_mh,1.0,1.9356560008603747
regen_QPSK_s20262403_p+00_Nd4001,QPSK,20262403,0,linear,1.0,1.9351363231485317
regen_QPSK_s20262403_p+00_Nd4001,QPSK,20262403,0,dsh,1.0,1.9321813634740437
regen_QPSK_s20262403_p+00_Nd4001,QPSK,20262403,0,atomic,2.0,1.7695423887374018
regen_QPSK_s20262403_p+00_Nd4001,QPSK,20262403,0,static,2.0,2.0
regen_QPSK_s20262403_p+00_Nd4001,QPSK,20262403,0,static_lti,2.0,1.9225662050055499
regen_QPSK_s20262403_p+00_Nd4001,QPSK,20262403,0,static_mh,2.0,1.9999999999973732
regen_QPSK_s20262403_p+00_Nd4001,QPSK,20262403,0,static_lti_mh,2.0,1.9210835563239228
regen_QPSK_s20262403_p+00_Nd4001,QPSK,20262403,0,linear,2.0,1.923312487809481
regen_QPSK_s20262403_p+00_Nd4001,QPSK,20262403,0,dsh,2.0,1.9176654953884715
regen_QPSK_s20262403_p+00_Nd4001,QPSK,20262403,0,atomic,4.0,1.7105693884534343
regen_QPSK_s20262403_p+00_Nd4001,QPSK,20262403,0,static,4.0,1.9999999863670648
regen_QPSK_s20262403_p+00_Nd4001,QPSK,20262403,0,static_lti,4.0,1.874180539026918
regen_QPSK_s20262403_p+00_Nd4001,QPSK,20262403,0,static_mh,4.0,1.9999936640831801
regen_QPSK_s20262403_p+00_Nd4001,QPSK,20262403,0,static_lti_mh,4.0,1.8728657750409177
regen_QPSK_s20262403_p+00_Nd4001,QPSK,20262403,0,linear,4.0,1.8842341466965755
regen_QPSK_s20262403_p+00_Nd4001,QPSK,20262403,0,dsh,4.0,1.8690243150127557
regen_QPSK_s20262403_p+03_Nd4001,QPSK,20262403,3,atomic,0.25,1.5072372452088036
regen_QPSK_s20262403_p+03_Nd4001,QPSK,20262403,3,static,0.25,2.0
regen_QPSK_s20262403_p+03_Nd4001,QPSK,20262403,3,static_lti,0.25,1.9396336497556117
regen_QPSK_s20262403_p+03_Nd4001,QPSK,20262403,3,static_mh,0.25,1.9436361268057096
regen_QPSK_s20262403_p+03_Nd4001,QPSK,20262403,3,static_lti_mh,0.25,1.9369352208120205
regen_QPSK_s20262403_p+03_Nd4001,QPSK,20262403,3,linear,0.25,1.941316871883168
regen_QPSK_s20262403_p+03_Nd4001,QPSK,20262403,3,dsh,0.25,1.934993398788139
regen_QPSK_s20262403_p+03_Nd4001,QPSK,20262403,3,atomic,0.5,1.5048295330235324
regen_QPSK_s20262403_p+03_Nd4001,QPSK,20262403,3,static,0.5,2.0
regen_QPSK_s20262403_p+03_Nd4001,QPSK,20262403,3,static_lti,0.5,1.93812276875132
regen_QPSK_s20262403_p+03_Nd4001,QPSK,20262403,3,static_mh,0.5,1.943723481101384
regen_QPSK_s20262403_p+03_Nd4001,QPSK,20262403,3,static_lti_mh,0.5,1.9354208124262502
regen_QPSK_s20262403_p+03_Nd4001,QPSK,20262403,3,linear,0.5,1.940247036677787
regen_QPSK_s20262403_p+03_Nd4001,QPSK,20262403,3,dsh,0.5,1.9335161973316162
regen_QPSK_s20262403_p+03_Nd4001,QPSK,20262403,3,atomic,1.0,1.499264249263061
regen_QPSK_s20262403_p+03_Nd4001,QPSK,20262403,3,static,1.0,2.0
regen_QPSK_s20262403_p+03_Nd4001,QPSK,20262403,3,static_lti,1.0,1.9343762379388851
regen_QPSK_s20262403_p+03_Nd4001,QPSK,20262403,3,static_mh,1.0,1.9431642677021765
regen_QPSK_s20262403_p+03_Nd4001,QPSK,20262403,3,static_lti_mh,1.0,1.931696932542562
regen_QPSK_s20262403_p+03_Nd4001,QPSK,20262403,3,linear,1.0,1.9376843744207837
regen_QPSK_s20262403_p+03_Nd4001,QPSK,20262403,3,dsh,1.0,1.9298911384926436
regen_QPSK_s20262403_p+03_Nd4001,QPSK,20262403,3,atomic,2.0,1.4852963115992812
regen_QPSK_s20262403_p+03_Nd4001,QPSK,20262403,3,static,2.0,1.999999999999992
regen_QPSK_s20262403_p+03_Nd4001,QPSK,20262403,3,static_lti,2.0,1.9239002464018586
regen_QPSK_s20262403_p+03_Nd4001,QPSK,20262403,3,static_mh,2.0,1.9391075608474235
regen_QPSK_s20262403_p+03_Nd4001,QPSK,20262403,3,static_lti_mh,2.0,1.921414771675255
regen_QPSK_s20262403_p+03_Nd4001,QPSK,20262403,3,linear,2.0,1.9308124559233522
regen_QPSK_s20262403_p+03_Nd4001,QPSK,20262403,3,dsh,2.0,1.9198756804829828
regen_QPSK_s20262403_p+03_Nd4001,QPSK,20262403,3,atomic,4.0,1.4474205526775827
regen_QPSK_s20262403_p+03_Nd4001,QPSK,20262403,3,static,4.0,1.999999974804833
regen_QPSK_s20262403_p+03_Nd4001,QPSK,20262403,3,static_lti,4.0,1.8903547192877797
regen_QPSK_s20262403_p+03_Nd4001,QPSK,20262403,3,static_mh,4.0,1.9184378044309414
regen_QPSK_s20262403_p+03_Nd4001,QPSK,20262403,3,static_lti_mh,4.0,1.8886426202535964
regen_QPSK_s20262403_p+03_Nd4001,QPSK,20262403,3,linear,4.0,1.9096230252271453
regen_QPSK_s20262403_p+03_Nd4001,QPSK,20262403,3,dsh,4.0,1.8878965086077983
regen_QPSK_s20262403_p+06_Nd4001,QPSK,20262403,6,atomic,0.25,1.1221516713727524
regen_QPSK_s20262403_p+06_Nd4001,QPSK,20262403,6,static,0.25,1.9999994788369273
regen_QPSK_s20262403_p+06_Nd4001,QPSK,20262403,6,static_lti,0.25,1.9177030379568818
regen_QPSK_s20262403_p+06_Nd4001,QPSK,20262403,6,static_mh,0.25,1.0240799987767524
regen_QPSK_s20262403_p+06_Nd4001,QPSK,20262403,6,static_lti_mh,0.25,1.9189670741181828
regen_QPSK_s20262403_p+06_Nd4001,QPSK,20262403,6,linear,0.25,1.9416031215171055
regen_QPSK_s20262403_p+06_Nd4001,QPSK,20262403,6,dsh,0.25,1.9302815919865959
regen_QPSK_s20262403_p+06_Nd4001,QPSK,20262403,6,atomic,0.5,1.1212010416735618
regen_QPSK_s20262403_p+06_Nd4001,QPSK,20262403,6,static,0.5,1.9999993246722898
regen_QPSK_s20262403_p+06_Nd4001,QPSK,20262403,6,static_lti,0.5,1.9167665975798538
regen_QPSK_s20262403_p+06_Nd4001,QPSK,20262403,6,static_mh,0.5,1.0237345686169166
regen_QPSK_s20262403_p+06_Nd4001,QPSK,20262403,6,static_lti_mh,0.5,1.9177997295952256
regen_QPSK_s20262403_p+06_Nd4001,QPSK,20262403,6,linear,0.5,1.9408888688090618
regen_QPSK_s20262403_p+06_Nd4001,QPSK,20262403,6,dsh,0.5,1.9287301537000745
regen_QPSK_s20262403_p+06_Nd4001,QPSK,20262403,6,atomic,1.0,1.1188619162961153
regen_QPSK_s20262403_p+06_Nd4001,QPSK,20262403,6,static,1.0,1.999998021196602
regen_QPSK_s20262403_p+06_Nd4001,QPSK,20262403,6,static_lti,1.0,1.9141371172903274
regen_QPSK_s20262403_p+06_Nd4001,QPSK,20262403,6,static_mh,1.0,1.0226848208816195
regen_QPSK_s20262403_p+06_Nd4001,QPSK,20262403,6,static_lti_mh,1.0,1.9146939870237865
regen_QPSK_s20262403_p+06_Nd4001,QPSK,20262403,6,linear,1.0,1.9392503279097464
regen_QPSK_s20262403_p+06_Nd4001,QPSK,20262403,6,dsh,1.0,1.9250337918615534
regen_QPSK_s20262403_p+06_Nd4001,QPSK,20262403,6,atomic,2.0,1.112485884195522
regen_QPSK_s20262403_p+06_Nd4001,QPSK,20262403,6,static,2.0,1.9999698795200787
regen_QPSK_s20262403_p+06_Nd4001,QPSK,20262403,6,static_lti,2.0,1.9057137013032528
regen_QPSK_s20262403_p+06_Nd4001,QPSK,20262403,6,static_mh,2.0,1.019181529173892
regen_QPSK_s20262403_p+06_Nd4001,QPSK,20262403,6,static_lti_mh,2.0,1.9053591871636741
regen_QPSK_s20262403_p+06_Nd4001,QPSK,20262403,6,linear,2.0,1.9351140000860194
regen_QPSK_s20262403_p+06_Nd4001,QPSK,20262403,6,dsh,2.0,1.9151981394533246
regen_QPSK_s20262403_p+06_Nd4001,QPSK,20262403,6,atomic,4.0,1.093437469937196
regen_QPSK_s20262403_p+06_Nd4001,QPSK,20262403,6,static,4.0,1.998030234245394
regen_QPSK_s20262403_p+06_Nd4001,QPSK,20262403,6,static_lti,4.0,1.8754843566749873
regen_QPSK_s20262403_p+06_Nd4001,QPSK,20262403,6,static_mh,4.0,1.0068720275140268
regen_QPSK_s20262403_p+06_Nd4001,QPSK,20262403,6,static_lti_mh,4.0,1.874013988028663
regen_QPSK_s20262403_p+06_Nd4001,QPSK,20262403,6,linear,4.0,1.9232445317808735
regen_QPSK_s20262403_p+06_Nd4001,QPSK,20262403,6,dsh,4.0,1.8851548479207896
regen_QPSK_s20262403_p-03_Nd4001,QPSK,20262403,-3,atomic,0.25,1.905836106463898
regen_QPSK_s20262403_p-03_Nd4001,QPSK,20262403,-3,static,0.25,2.0
regen_QPSK_s20262403_p-03_Nd4001,QPSK,20262403,-3,static_lti,0.25,1.9435629215908492
regen_QPSK_s20262403_p-03_Nd4001,QPSK,20262403,-3,static_mh,0.25,1.9999991550244658
regen_QPSK_s20262403_p-03_Nd4001,QPSK,20262403,-3,static_lti_mh,0.25,1.9417570101660648
regen_QPSK_s20262403_p-03_Nd4001,QPSK,20262403,-3,linear,0.25,1.940252409177114
regen_QPSK_s20262403_p-03_Nd4001,QPSK,20262403,-3,dsh,0.25,1.938704501911554
regen_QPSK_s20262403_p-03_Nd4001,QPSK,20262403,-3,atomic,0.5,1.901176169614794
regen_QPSK_s20262403_p-03_Nd4001,QPSK,20262403,-3,static,0.5,2.0
regen_QPSK_s20262403_p-03_Nd4001,QPSK,20262403,-3,static_lti,0.5,1.940698386895001
regen_QPSK_s20262403_p-03_Nd4001,QPSK,20262403,-3,static_mh,0.5,1.9999991772471448
regen_QPSK_s20262403_p-03_Nd4001,QPSK,20262403,-3,static_lti_mh,0.5,1.938830845947715
regen_QPSK_s20262403_p-03_Nd4001,QPSK,20262403,-3,linear,0.5,1.9376978306170003
regen_QPSK_s20262403_p-03_Nd4001,QPSK,20262403,-3,dsh,0.5,1.935838839659296
regen_QPSK_s20262403_p-03_Nd4001,QPSK,20262403,-3,atomic,1.0,1.8896220970958884
regen_QPSK_s20262403_p-03_Nd4001,QPSK,20262403,-3,static,1.0,2.0
regen_QPSK_s20262403_p-03_Nd4001,QPSK,20262403,-3,static_lti,1.0,1.9330391656223411
regen_QPSK_s20262403_p-03_Nd4001,QPSK,20262403,-3,static_mh,1.0,1.9999989760599675
regen_QPSK_s20262403_p-03_Nd4001,QPSK,20262403,-3,static_lti_mh,1.0,1.9310057681134112
regen_QPSK_s20262403_p-03_Nd4001,QPSK,20262403,-3,linear,1.0,1.9308506122999158
regen_QPSK_s20262403_p-03_Nd4001,QPSK,20262403,-3,dsh,1.0,1.9280833568757991
regen_QPSK_s20262403_p-03_Nd4001,QPSK,20262403,-3,atomic,2.0,1.8582072802093732
regen_QPSK_s20262403_p-03_Nd4001,QPSK,20262403,-3,static,2.0,2.0
regen_QPSK_s20262403_p-03_Nd4001,QPSK,20262403,-3,static_lti,2.0,1.9095419454283622
regen_QPSK_s20262403_p-03_Nd4001,QPSK,20262403,-3,static_mh,2.0,1.9999922056180397
regen_QPSK_s20262403_p-03_Nd4001,QPSK,20262403,-3,static_lti_mh,2.0,1.9070278892153434
regen_QPSK_s20262403_p-03_Nd4001,QPSK,20262403,-3,linear,2.0,1.9097479149363468
regen_QPSK_s20262403_p-03_Nd4001,QPSK,20262403,-3,dsh,2.0,1.9039991596379535
regen_QPSK_s20262403_p-03_Nd4001,QPSK,20262403,-3,atomic,4.0,1.7700025335964313
regen_QPSK_s20262403_p-03_Nd4001,QPSK,20262403,-3,static,4.0,1.999955839056975
regen_QPSK_s20262403_p-03_Nd4001,QPSK,20262403,-3,static_lti,4.0,1.829017286731131
regen_QPSK_s20262403_p-03_Nd4001,QPSK,20262403,-3,static_mh,4.0,1.9947004739859326
regen_QPSK_s20262403_p-03_Nd4001,QPSK,20262403,-3,static_lti_mh,4.0,1.826043077607001
regen_QPSK_s20262403_p-03_Nd4001,QPSK,20262403,-3,linear,4.0,1.8369786711064233
regen_QPSK_s20262403_p-03_Nd4001,QPSK,20262403,-3,dsh,4.0,1.822661798783658
regen_QPSK_s20262403_p-06_Nd4001,QPSK,20262403,-6,atomic,0.25,1.9276172068126212
regen_QPSK_s20262403_p-06_Nd4001,QPSK,20262403,-6,static,0.25,2.0
regen_QPSK_s20262403_p-06_Nd4001,QPSK,20262403,-6,static_lti,0.25,1.941396698449212
regen_QPSK_s20262403_p-06_Nd4001,QPSK,20262403,-6,static_mh,0.25,1.9999999030190365
regen_QPSK_s20262403_p-06_Nd4001,QPSK,20262403,-6,static_lti_mh,0.25,1.9399197238980643
regen_QPSK_s20262403_p-06_Nd4001,QPSK,20262403,-6,linear,0.25,1.9392671000720267
regen_QPSK_s20262403_p-06_Nd4001,QPSK,20262403,-6,dsh,0.25,1.9379138529754383
regen_QPSK_s20262403_p-06_Nd4001,QPSK,20262403,-6,atomic,0.5,1.9217909475026225
regen_QPSK_s20262403_p-06_Nd4001,QPSK,20262403,-6,static,0.5,2.0
regen_QPSK_s20262403_p-06_Nd4001,QPSK,20262403,-6,static_lti,0.5,1.9370371375495805
regen_QPSK_s20262403_p-06_Nd4001,QPSK,20262403,-6,static_mh,0.5,1.999999882814817
regen_QPSK_s20262403_p-06_Nd4001,QPSK,20262403,-6,static_lti_mh,0.5,1.935429187124101
regen_QPSK_s20262403_p-06_Nd4001,QPSK,20262403,-6,linear,0.5,1.9351585403690819
regen_QPSK_s20262403_p-06_Nd4001,QPSK,20262403,-6,dsh,0.5,1.9334674995146008
regen_QPSK_s20262403_p-06_Nd4001,QPSK,20262403,-6,atomic,1.0,1.9058805048442466
regen_QPSK_s20262403_p-06_Nd4001,QPSK,20262403,-6,static,1.0,2.0
regen_QPSK_s20262403_p-06_Nd4001,QPSK,20262403,-6,static_lti,1.0,1.924577062383492
regen_QPSK_s20262403_p-06_Nd4001,QPSK,20262403,-6,static_mh,1.0,1.9999994712160136
regen_QPSK_s20262403_p-06_Nd4001,QPSK,20262403,-6,static_lti_mh,1.0,1.922613371978025
regen_QPSK_s20262403_p-06_Nd4001,QPSK,20262403,-6,linear,1.0,1.9233801356275633
regen_QPSK_s20262403_p-06_Nd4001,QPSK,20262403,-6,dsh,1.0,1.920678943124341
regen_QPSK_s20262403_p-06_Nd4001,QPSK,20262403,-6,atomic,2.0,1.8579670984518168
regen_QPSK_s20262403_p-06_Nd4001,QPSK,20262403,-6,static,2.0,1.9999999999302431
regen_QPSK_s20262403_p-06_Nd4001,QPSK,20262403,-6,static_lti,2.0,1.8835475731569198
regen_QPSK_s20262403_p-06_Nd4001,QPSK,20262403,-6,static_mh,2.0,1.999907847548214
regen_QPSK_s20262403_p-06_Nd4001,QPSK,20262403,-6,static_lti_mh,2.0,1.880808872398125
regen_QPSK_s20262403_p-06_Nd4001,QPSK,20262403,-6,linear,2.0,1.8844686568714972
regen_QPSK_s20262403_p-06_Nd4001,QPSK,20262403,-6,dsh,2.0,1.87872072804962
regen_QPSK_s20262403_p-06_Nd4001,QPSK,20262403,-6,atomic,4.0,1.71913599689364
regen_QPSK_s20262403_p-06_Nd4001,QPSK,20262403,-6,static,4.0,1.9899780001247787
regen_QPSK_s20262403_p-06_Nd4001,QPSK,20262403,-6,static_lti,4.0,1.7464811902129895
regen_QPSK_s20262403_p-06_Nd4001,QPSK,20262403,-6,static_mh,4.0,1.9535893504951256
regen_QPSK_s20262403_p-06_Nd4001,QPSK,20262403,-6,static_lti_mh,4.0,1.74376880482303
regen_QPSK_s20262403_p-06_Nd4001,QPSK,20262403,-6,linear,4.0,1.7537614982905023
regen_QPSK_s20262403_p-06_Nd4001,QPSK,20262403,-6,dsh,4.0,1.7420044865177102
regen_QPSK_s20262503_p+00_Nd4001,QPSK,20262503,0,atomic,0.25,1.82615768982015
regen_QPSK_s20262503_p+00_Nd4001,QPSK,20262503,0,static,0.25,2.0
regen_QPSK_s20262503_p+00_Nd4001,QPSK,20262503,0,static_lti,0.25,1.9507286059351596
regen_QPSK_s20262503_p+00_Nd4001,QPSK,20262503,0,static_mh,0.25,1.9999999999999725
regen_QPSK_s20262503_p+00_Nd4001,QPSK,20262503,0,static_lti_mh,0.25,1.9508938536609668
regen_QPSK_s20262503_p+00_Nd4001,QPSK,20262503,0,linear,0.25,1.9518368319585377
regen_QPSK_s20262503_p+00_Nd4001,QPSK,20262503,0,dsh,0.25,1.952474736807011
regen_QPSK_s20262503_p+00_Nd4001,QPSK,20262503,0,atomic,0.5,1.8265813250016751
regen_QPSK_s20262503_p+00_Nd4001,QPSK,20262503,0,static,0.5,2.0
regen_QPSK_s20262503_p+00_Nd4001,QPSK,20262503,0,static_lti,0.5,1.9509452523929591
regen_QPSK_s20262503_p+00_Nd4001,QPSK,20262503,0,static_mh,0.5,1.999999999999971
regen_QPSK_s20262503_p+00_Nd4001,QPSK,20262503,0,static_lti_mh,0.5,1.9512198876272564
regen_QPSK_s20262503_p+00_Nd4001,QPSK,20262503,0,linear,0.5,1.9518621071679376
regen_QPSK_s20262503_p+00_Nd4001,QPSK,20262503,0,dsh,0.5,1.9525824058825068
regen_QPSK_s20262503_p+00_Nd4001,QPSK,20262503,0,atomic,1.0,1.8260894198312927
regen_QPSK_s20262503_p+00_Nd4001,QPSK,20262503,0,static,1.0,2.0
regen_QPSK_s20262503_p+00_Nd4001,QPSK,20262503,0,static_lti,1.0,1.950490987588812
regen_QPSK_s20262503_p+00_Nd4001,QPSK,20262503,0,static_mh,1.0,1.9999999999999376
regen_QPSK_s20262503_p+00_Nd4001,QPSK,20262503,0,static_lti_mh,1.0,1.950974797103616
regen_QPSK_s20262503_p+00_Nd4001,QPSK,20262503,0,linear,1.0,1.9512186829217069
regen_QPSK_s20262503_p+00_Nd4001,QPSK,20262503,0,dsh,1.0,1.951891758494163
regen_QPSK_s20262503_p+00_Nd4001,QPSK,20262503,0,atomic,2.0,1.819604930014874
regen_QPSK_s20262503_p+00_Nd4001,QPSK,20262503,0,static,2.0,2.0
regen_QPSK_s20262503_p+00_Nd4001,QPSK,20262503,0,static_lti,2.0,1.9461579869121919
regen_QPSK_s20262503_p+00_Nd4001,QPSK,20262503,0,static_mh,2.0,1.9999999998454905
regen_QPSK_s20262503_p+00_Nd4001,QPSK,20262503,0,static_lti_mh,2.0,1.947031464791292
regen_QPSK_s20262503_p+00_Nd4001,QPSK,20262503,0,linear,2.0,1.9472651796199667
regen_QPSK_s20262503_p+00_Nd4001,QPSK,20262503,0,dsh,2.0,1.9470715568033807
regen_QPSK_s20262503_p+00_Nd4001,QPSK,20262503,0,atomic,4.0,1.7837742519063262
regen_QPSK_s20262503_p+00_Nd4001,QPSK,20262503,0,static,4.0,1.99990754218987
regen_QPSK_s20262503_p+00_Nd4001,QPSK,20262503,0,static_lti,4.0,1.9239328402113867
regen_QPSK_s20262503_p+00_Nd4001,QPSK,20262503,0,static_mh,4.0,1.9948059824767197
regen_QPSK_s20262503_p+00_Nd4001,QPSK,20262503,0,static_lti_mh,4.0,1.9254667076607241
regen_QPSK_s20262503_p+00_Nd4001,QPSK,20262503,0,linear,4.0,1.9291396563876206
regen_QPSK_s20262503_p+00_Nd4001,QPSK,20262503,0,dsh,4.0,1.9243693969873061
regen_QPSK_s20262503_p+03_Nd4001,QPSK,20262503,3,atomic,0.25,1.5210570169393463
regen_QPSK_s20262503_p+03_Nd4001,QPSK,20262503,3,static,0.25,2.0
regen_QPSK_s20262503_p+03_Nd4001,QPSK,20262503,3,static_lti,0.25,1.9459644229886492
regen_QPSK_s20262503_p+03_Nd4001,QPSK,20262503,3,static_mh,0.25,1.9379881192306587
regen_QPSK_s20262503_p+03_Nd4001,QPSK,20262503,3,static_lti_mh,0.25,1.942765269163995
regen_QPSK_s20262503_p+03_Nd4001,QPSK,20262503,3,linear,0.25,1.9517848255020533
regen_QPSK_s20262503_p+03_Nd4001,QPSK,20262503,3,dsh,0.25,1.951486478704689
regen_QPSK_s20262503_p+03_Nd4001,QPSK,20262503,3,atomic,0.5,1.5210319706733841
regen_QPSK_s20262503_p+03_Nd4001,QPSK,20262503,3,static,0.5,2.0
regen_QPSK_s20262503_p+03_Nd4001,QPSK,20262503,3,static_lti,0.5,1.946325891918726
regen_QPSK_s20262503_p+03_Nd4001,QPSK,20262503,3,static_mh,0.5,1.9389875909729681
regen_QPSK_s20262503_p+03_Nd4001,QPSK,20262503,3,static_lti_mh,0.5,1.9432800194253284
regen_QPSK_s20262503_p+03_Nd4001,QPSK,20262503,3,linear,0.5,1.951875991991152
regen_QPSK_s20262503_p+03_Nd4001,QPSK,20262503,3,dsh,0.5,1.9516913283766952
regen_QPSK_s20262503_p+03_Nd4001,QPSK,20262503,3,atomic,1.0,1.5200822252135804
regen_QPSK_s20262503_p+03_Nd4001,QPSK,20262503,3,static,1.0,2.0
regen_QPSK_s20262503_p+03_Nd4001,QPSK,20262503,3,static_lti,1.0,1.94643509065564
regen_QPSK_s20262503_p+03_Nd4001,QPSK,20262503,3,static_mh,1.0,1.9402398041222044
regen_QPSK_s20262503_p+03_Nd4001,QPSK,20262503,3,static_lti_mh,1.0,1.9436949871684108
regen_QPSK_s20262503_p+03_Nd4001,QPSK,20262503,3,linear,1.0,1.9517055801919343
regen_QPSK_s20262503_p+03_Nd4001,QPSK,20262503,3,dsh,1.0,1.9515155152313026
regen_QPSK_s20262503_p+03_Nd4001,QPSK,20262503,3,atomic,2.0,1.5147057379653295
regen_QPSK_s20262503_p+03_Nd4001,QPSK,20262503,3,static,2.0,2.0
regen_QPSK_s20262503_p+03_Nd4001,QPSK,20262503,3,static_lti,2.0,1.9443193446237022
regen_QPSK_s20262503_p+03_Nd4001,QPSK,20262503,3,static_mh,2.0,1.9399926231262221
regen_QPSK_s20262503_p+03_Nd4001,QPSK,20262503,3,static_lti_mh,2.0,1.942159966087214
regen_QPSK_s20262503_p+03_Nd4001,QPSK,20262503,3,linear,2.0,1.9499984959279502
regen_QPSK_s20262503_p+03_Nd4001,QPSK,20262503,3,dsh,2.0,1.9489099508591896
regen_QPSK_s20262503_p+03_Nd4001,QPSK,20262503,3,atomic,4.0,1.49103004074894
regen_QPSK_s20262503_p+03_Nd4001,QPSK,20262503,3,static,4.0,1.9999992721296527
regen_QPSK_s20262503_p+03_Nd4001,QPSK,20262503,3,static_lti,4.0,1.9311008633457825
regen_QPSK_s20262503_p+03_Nd4001,QPSK,20262503,3,static_mh,4.0,1.9278778192317418
regen_QPSK_s20262503_p+03_Nd4001,QPSK,20262503,3,static_lti_mh,4.0,1.9298866663106682
regen_QPSK_s20262503_p+03_Nd4001,QPSK,20262503,3,linear,4.0,1.9413690481955288
regen_QPSK_s20262503_p+03_Nd4001,QPSK,20262503,3,dsh,4.0,1.9351794490859404
regen_QPSK_s20262503_p+06_Nd4001,QPSK,20262503,6,atomic,0.25,1.0966781106837893
regen_QPSK_s20262503_p+06_Nd4001,QPSK,20262503,6,static,0.25,1.9999999980272414
regen_QPSK_s20262503_p+06_Nd4001,QPSK,20262503,6,static_lti,0.25,1.9262268428923504
regen_QPSK_s20262503_p+06_Nd4001,QPSK,20262503,6,static_mh,0.25,1.0562047690166652
regen_QPSK_s20262503_p+06_Nd4001,QPSK,20262503,6,static_lti_mh,0.25,1.913244933069956
regen_QPSK_s20262503_p+06_Nd4001,QPSK,20262503,6,linear,0.25,1.951735655483735
regen_QPSK_s20262503_p+06_Nd4001,QPSK,20262503,6,dsh,0.25,1.9458903667047873
regen_QPSK_s20262503_p+06_Nd4001,QPSK,20262503,6,atomic,0.5,1.0960961232016118
regen_QPSK_s20262503_p+06_Nd4001,QPSK,20262503,6,static,0.5,1.999999998475357
regen_QPSK_s20262503_p+06_Nd4001,QPSK,20262503,6,static_lti,0.5,1.9270499173175673
regen_QPSK_s20262503_p+06_Nd4001,QPSK,20262503,6,static_mh,0.5,1.057072500792848
regen_QPSK_s20262503_p+06_Nd4001,QPSK,20262503,6,static_lti_mh,0.5,1.914105412332373
regen_QPSK_s20262503_p+06_Nd4001,QPSK,20262503,6,linear,0.5,1.9518372501308774
regen_QPSK_s20262503_p+06_Nd4001,QPSK,20262503,6,dsh,0.5,1.9459127824174731
regen_QPSK_s20262503_p+06_Nd4001,QPSK,20262503,6,atomic,1.0,1.094426328485194
regen_QPSK_s20262503_p+06_Nd4001,QPSK,20262503,6,static,1.0,1.9999999986041739
regen_QPSK_s20262503_p+06_Nd4001,QPSK,20262503,6,static_lti,1.0,1.9280295428641554
regen_QPSK_s20262503_p+06_Nd4001,QPSK,20262503,6,static_mh,1.0,1.058327923965688
regen_QPSK_s20262503_p+06_Nd4001,QPSK,20262503,6,static_lti_mh,1.0,1.9152341723406705
regen_QPSK_s20262503_p+06_Nd4001,QPSK,20262503,6,linear,1.0,1.9518617439295076
regen_QPSK_s20262503_p+06_Nd4001,QPSK,20262503,6,dsh,1.0,1.9454561146285407
regen_QPSK_s20262503_p+06_Nd4001,QPSK,20262503,6,atomic,2.0,1.0891040282961637
regen_QPSK_s20262503_p+06_Nd4001,QPSK,20262503,6,static,2.0,1.9999999874646488
regen_QPSK_s20262503_p+06_Nd4001,QPSK,20262503,6,static_lti,2.0,1.9275004483866256
regen_QPSK_s20262503_p+06_Nd4001,QPSK,20262503,6,static_mh,2.0,1.058915969027673
regen_QPSK_s20262503_p+06_Nd4001,QPSK,20262503,6,static_lti_mh,2.0,1.9151575541299546
regen_QPSK_s20262503_p+06_Nd4001,QPSK,20262503,6,linear,2.0,1.9512135332715081
regen_QPSK_s20262503_p+06_Nd4001,QPSK,20262503,6,dsh,2.0,1.9426278913405726
regen_QPSK_s20262503_p+06_Nd4001,QPSK,20262503,6,atomic,4.0,1.0709701015458006
regen_QPSK_s20262503_p+06_Nd4001,QPSK,20262503,6,static,4.0,1.9998085281799884
regen_QPSK_s20262503_p+06_Nd4001,QPSK,20262503,6,static_lti,4.0,1.9171935353054512
regen_QPSK_s20262503_p+06_Nd4001,QPSK,20262503,6,static_mh,4.0,1.0524902782059398
regen_QPSK_s20262503_p+06_Nd4001,QPSK,20262503,6,static_lti_mh,4.0,1.9052359329149036
regen_QPSK_s20262503_p+06_Nd4001,QPSK,20262503,6,linear,4.0,1.9472382145527223
regen_QPSK_s20262503_p+06_Nd4001,QPSK,20262503,6,dsh,4.0,1.9297480873893524
regen_QPSK_s20262503_p-03_Nd4001,QPSK,20262503,-3,atomic,0.25,1.9231191240923937
regen_QPSK_s20262503_p-03_Nd4001,QPSK,20262503,-3,static,0.25,2.0
regen_QPSK_s20262503_p-03_Nd4001,QPSK,20262503,-3,static_lti,0.25,1.9520978083100047
regen_QPSK_s20262503_p-03_Nd4001,QPSK,20262503,-3,static_mh,0.25,1.999999945996941
regen_QPSK_s20262503_p-03_Nd4001,QPSK,20262503,-3,static_lti_mh,0.25,1.95181295530099
regen_QPSK_s20262503_p-03_Nd4001,QPSK,20262503,-3,linear,0.25,1.9518757307430479
regen_QPSK_s20262503_p-03_Nd4001,QPSK,20262503,-3,dsh,0.25,1.9513916323015115
regen_QPSK_s20262503_p-03_Nd4001,QPSK,20262503,-3,atomic,0.5,1.9224233508658053
regen_QPSK_s20262503_p-03_Nd4001,QPSK,20262503,-3,static,0.5,2.0
regen_QPSK_s20262503_p-03_Nd4001,QPSK,20262503,-3,static_lti,0.5,1.9520594222050427
regen_QPSK_s20262503_p-03_Nd4001,QPSK,20262503,-3,static_mh,0.5,1.9999999398689485
regen_QPSK_s20262503_p-03_Nd4001,QPSK,20262503,-3,static_lti_mh,0.5,1.9518234239182517
regen_QPSK_s20262503_p-03_Nd4001,QPSK,20262503,-3,linear,0.5,1.951707375191558
regen_QPSK_s20262503_p-03_Nd4001,QPSK,20262503,-3,dsh,0.5,1.951243109552034
regen_QPSK_s20262503_p-03_Nd4001,QPSK,20262503,-3,atomic,1.0,1.9191143747179802
regen_QPSK_s20262503_p-03_Nd4001,QPSK,20262503,-3,static,1.0,2.0
regen_QPSK_s20262503_p-03_Nd4001,QPSK,20262503,-3,static_lti,1.0,1.9504468497983876
regen_QPSK_s20262503_p-03_Nd4001,QPSK,20262503,-3,static_mh,1.0,1.9999998564703774
regen_QPSK_s20262503_p-03_Nd4001,QPSK,20262503,-3,static_lti_mh,1.0,1.950298556073986
regen_QPSK_s20262503_p-03_Nd4001,QPSK,20262503,-3,linear,1.0,1.950010682990268
regen_QPSK_s20262503_p-03_Nd4001,QPSK,20262503,-3,dsh,1.0,1.9493999449854182
regen_QPSK_s20262503_p-03_Nd4001,QPSK,20262503,-3,atomic,2.0,1.9054153358701393
regen_QPSK_s20262503_p-03_Nd4001,QPSK,20262503,-3,static,2.0,1.9999999999978197
regen_QPSK_s20262503_p-03_Nd4001,QPSK,20262503,-3,static_lti,2.0,1.9412990469165419
regen_QPSK_s20262503_p-03_Nd4001,QPSK,20262503,-3,static_mh,2.0,1.9998584130187231
regen_QPSK_s20262503_p-03_Nd4001,QPSK,20262503,-3,static_lti_mh,2.0,1.9413528559222135
regen_QPSK_s20262503_p-03_Nd4001,QPSK,20262503,-3,linear,2.0,1.9414258419791999
regen_QPSK_s20262503_p-03_Nd4001,QPSK,20262503,-3,dsh,2.0,1.9398956878738856
regen_QPSK_s20262503_p-03_Nd4001,QPSK,20262503,-3,atomic,4.0,1.8499836904865719
regen_QPSK_s20262503_p-03_Nd4001,QPSK,20262503,-3,static,4.0,1.986647611982307
regen_QPSK_s20262503_p-03_Nd4001,QPSK,20262503,-3,static_lti,4.0,1.8983665802842336
regen_QPSK_s20262503_p-03_Nd4001,QPSK,20262503,-3,static_mh,4.0,1.9679850498325047
regen_QPSK_s20262503_p-03_Nd4001,QPSK,20262503,-3,static_lti_mh,4.0,1.8989217248211767
regen_QPSK_s20262503_p-03_Nd4001,QPSK,20262503,-3,linear,4.0,1.9033537019993023
regen_QPSK_s20262503_p-03_Nd4001,QPSK,20262503,-3,dsh,4.0,1.8972054115791783
regen_QPSK_s20262503_p-06_Nd4001,QPSK,20262503,-6,atomic,0.25,1.945332169608895
regen_QPSK_s20262503_p-06_Nd4001,QPSK,20262503,-6,static,0.25,2.0
regen_QPSK_s20262503_p-06_Nd4001,QPSK,20262503,-6,static_lti,0.25,1.9522928416162737
regen_QPSK_s20262503_p-06_Nd4001,QPSK,20262503,-6,static_mh,0.25,1.9999999816968232
regen_QPSK_s20262503_p-06_Nd4001,QPSK,20262503,-6,static_lti_mh,0.25,1.9516442711366815
regen_QPSK_s20262503_p-06_Nd4001,QPSK,20262503,-6,linear,0.25,1.951862388310036
regen_QPSK_s20262503_p-06_Nd4001,QPSK,20262503,-6,dsh,0.25,1.9510419247380173
regen_QPSK_s20262503_p-06_Nd4001,QPSK,20262503,-6,atomic,0.5,1.9441504451419507
regen_QPSK_s20262503_p-06_Nd4001,QPSK,20262503,-6,static,0.5,2.0
regen_QPSK_s20262503_p-06_Nd4001,QPSK,20262503,-6,static_lti,0.5,1.9517268836624821
regen_QPSK_s20262503_p-06_Nd4001,QPSK,20262503,-6,static_mh,0.5,1.9999999714258636
regen_QPSK_s20262503_p-06_Nd4001,QPSK,20262503,-6,static_lti_mh,0.5,1.9511005208555798
regen_QPSK_s20262503_p-06_Nd4001,QPSK,20262503,-6,linear,0.5,1.951223729173373
regen_QPSK_s20262503_p-06_Nd4001,QPSK,20262503,-6,dsh,0.5,1.9503868762430063
regen_QPSK_s20262503_p-06_Nd4001,QPSK,20262503,-6,atomic,1.0,1.9387027841177131
regen_QPSK_s20262503_p-06_Nd4001,QPSK,20262503,-6,static,1.0,2.0
regen_QPSK_s20262503_p-06_Nd4001,QPSK,20262503,-6,static_lti,1.0,1.9477680544455185
regen_QPSK_s20262503_p-06_Nd4001,QPSK,20262503,-6,static_mh,1.0,1.9999996193736296
regen_QPSK_s20262503_p-06_Nd4001,QPSK,20262503,-6,static_lti_mh,1.0,1.9472014256327463
regen_QPSK_s20262503_p-06_Nd4001,QPSK,20262503,-6,linear,1.0,1.9472919452356428
regen_QPSK_s20262503_p-06_Nd4001,QPSK,20262503,-6,dsh,1.0,1.946274567973587
regen_QPSK_s20262503_p-06_Nd4001,QPSK,20262503,-6,atomic,2.0,1.916126830267733
regen_QPSK_s20262503_p-06_Nd4001,QPSK,20262503,-6,static,2.0,1.999999017717068
regen_QPSK_s20262503_p-06_Nd4001,QPSK,20262503,-6,static_lti,2.0,1.9289201453302747
regen_QPSK_s20262503_p-06_Nd4001,QPSK,20262503,-6,static_mh,2.0,1.9944619017840284
regen_QPSK_s20262503_p-06_Nd4001,QPSK,20262503,-6,static_lti_mh,2.0,1.9286007177969948
regen_QPSK_s20262503_p-06_Nd4001,QPSK,20262503,-6,linear,2.0,1.9292577553091776
regen_QPSK_s20262503_p-06_Nd4001,QPSK,20262503,-6,dsh,2.0,1.9273682989141252
regen_QPSK_s20262503_p-06_Nd4001,QPSK,20262503,-6,atomic,4.0,1.8177713608307113
regen_QPSK_s20262503_p-06_Nd4001,QPSK,20262503,-6,static,4.0,1.9603846044625168
regen_QPSK_s20262503_p-06_Nd4001,QPSK,20262503,-6,static_lti,4.0,1.839272663602307
regen_QPSK_s20262503_p-06_Nd4001,QPSK,20262503,-6,static_mh,4.0,1.9386050044919594
regen_QPSK_s20262503_p-06_Nd4001,QPSK,20262503,-6,static_lti_mh,4.0,1.839513770356411
regen_QPSK_s20262503_p-06_Nd4001,QPSK,20262503,-6,linear,4.0,1.8457393246464904
regen_QPSK_s20262503_p-06_Nd4001,QPSK,20262503,-6,dsh,4.0,1.8388706079175399
regen_QPSK_s20262603_p+00_Nd4001,QPSK,20262603,0,atomic,0.25,1.8130811214967757
regen_QPSK_s20262603_p+00_Nd4001,QPSK,20262603,0,static,0.25,2.0
regen_QPSK_s20262603_p+00_Nd4001,QPSK,20262603,0,static_lti,0.25,1.941567997893095
regen_QPSK_s20262603_p+00_Nd4001,QPSK,20262603,0,static_mh,0.25,1.9999999999999916
regen_QPSK_s20262603_p+00_Nd4001,QPSK,20262603,0,static_lti_mh,0.25,1.942564640586808
regen_QPSK_s20262603_p+00_Nd4001,QPSK,20262603,0,linear,0.25,1.9365408114550504
regen_QPSK_s20262603_p+00_Nd4001,QPSK,20262603,0,dsh,0.25,1.9372380527656177
regen_QPSK_s20262603_p+00_Nd4001,QPSK,20262603,0,atomic,0.5,1.8128358510462699
regen_QPSK_s20262603_p+00_Nd4001,QPSK,20262603,0,static,0.5,2.0
regen_QPSK_s20262603_p+00_Nd4001,QPSK,20262603,0,static_lti,0.5,1.9402565062188475
regen_QPSK_s20262603_p+00_Nd4001,QPSK,20262603,0,static_mh,0.5,1.9999999999999913
regen_QPSK_s20262603_p+00_Nd4001,QPSK,20262603,0,static_lti_mh,0.5,1.9412881591122382
regen_QPSK_s20262603_p+00_Nd4001,QPSK,20262603,0,linear,0.5,1.9355713474639127
regen_QPSK_s20262603_p+00_Nd4001,QPSK,20262603,0,dsh,0.5,1.9361722525354872
regen_QPSK_s20262603_p+00_Nd4001,QPSK,20262603,0,atomic,1.0,1.8111824522237074
regen_QPSK_s20262603_p+00_Nd4001,QPSK,20262603,0,static,1.0,2.0
regen_QPSK_s20262603_p+00_Nd4001,QPSK,20262603,0,static_lti,1.0,1.9368195055426152
regen_QPSK_s20262603_p+00_Nd4001,QPSK,20262603,0,static_mh,1.0,1.9999999999999771
regen_QPSK_s20262603_p+00_Nd4001,QPSK,20262603,0,static_lti_mh,1.0,1.9379167419879164
regen_QPSK_s20262603_p+00_Nd4001,QPSK,20262603,0,linear,1.0,1.9329623832981353
regen_QPSK_s20262603_p+00_Nd4001,QPSK,20262603,0,dsh,1.0,1.9332199007246968
regen_QPSK_s20262603_p+00_Nd4001,QPSK,20262603,0,atomic,2.0,1.8031361383546283
regen_QPSK_s20262603_p+00_Nd4001,QPSK,20262603,0,static,2.0,2.0
regen_QPSK_s20262603_p+00_Nd4001,QPSK,20262603,0,static_lti,2.0,1.9267274757351145
regen_QPSK_s20262603_p+00_Nd4001,QPSK,20262603,0,static_mh,2.0,1.9999999999952338
regen_QPSK_s20262603_p+00_Nd4001,QPSK,20262603,0,static_lti_mh,2.0,1.9279309452392897
regen_QPSK_s20262603_p+00_Nd4001,QPSK,20262603,0,linear,2.0,1.925070665934601
regen_QPSK_s20262603_p+00_Nd4001,QPSK,20262603,0,dsh,2.0,1.9240432796667692
regen_QPSK_s20262603_p+00_Nd4001,QPSK,20262603,0,atomic,4.0,1.7678437593578047
regen_QPSK_s20262603_p+00_Nd4001,QPSK,20262603,0,static,4.0,1.9999999983597525
regen_QPSK_s20262603_p+00_Nd4001,QPSK,20262603,0,static_lti,4.0,1.8933899336332904
regen_QPSK_s20262603_p+00_Nd4001,QPSK,20262603,0,static_mh,4.0,1.9999988166115832
regen_QPSK_s20262603_p+00_Nd4001,QPSK,20262603,0,static_lti_mh,4.0,1.8946140454615747
regen_QPSK_s20262603_p+00_Nd4001,QPSK,20262603,0,linear,4.0,1.8986214900601723
regen_QPSK_s20262603_p+00_Nd4001,QPSK,20262603,0,dsh,4.0,1.8923931326461454
regen_QPSK_s20262603_p+03_Nd4001,QPSK,20262603,3,atomic,0.25,1.5389269860185444
regen_QPSK_s20262603_p+03_Nd4001,QPSK,20262603,3,static,0.25,2.0
regen_QPSK_s20262603_p+03_Nd4001,QPSK,20262603,3,static_lti,0.25,1.9408988339171116
regen_QPSK_s20262603_p+03_Nd4001,QPSK,20262603,3,static_mh,0.25,1.960221456874777
regen_QPSK_s20262603_p+03_Nd4001,QPSK,20262603,3,static_lti_mh,0.25,1.9375045113744174
regen_QPSK_s20262603_p+03_Nd4001,QPSK,20262603,3,linear,0.25,1.9367816383265144
regen_QPSK_s20262603_p+03_Nd4001,QPSK,20262603,3,dsh,0.25,1.9319734462238825
regen_QPSK_s20262603_p+03_Nd4001,QPSK,20262603,3,atomic,0.5,1.5385829053104303
regen_QPSK_s20262603_p+03_Nd4001,QPSK,20262603,3,static,0.5,2.0
regen_QPSK_s20262603_p+03_Nd4001,QPSK,20262603,3,static_lti,0.5,1.93976095751781
regen_QPSK_s20262603_p+03_Nd4001,QPSK,20262603,3,static_mh,0.5,1.9601175467329162
regen_QPSK_s20262603_p+03_Nd4001,QPSK,20262603,3,static_lti_mh,0.5,1.9361080326475608
regen_QPSK_s20262603_p+03_Nd4001,QPSK,20262603,3,linear,0.5,1.9361647066807064
regen_QPSK_s20262603_p+03_Nd4001,QPSK,20262603,3,dsh,0.5,1.9309266502347626
regen_QPSK_s20262603_p+03_Nd4001,QPSK,20262603,3,atomic,1.0,1.5370727081502638
regen_QPSK_s20262603_p+03_Nd4001,QPSK,20262603,3,static,1.0,2.0
regen_QPSK_s20262603_p+03_Nd4001,QPSK,20262603,3,static_lti,1.0,1.9369291239910913
regen_QPSK_s20262603_p+03_Nd4001,QPSK,20262603,3,static_mh,1.0,1.9593347884578478
regen_QPSK_s20262603_p+03_Nd4001,QPSK,20262603,3,static_lti_mh,1.0,1.9327614561682085
regen_QPSK_s20262603_p+03_Nd4001,QPSK,20262603,3,linear,1.0,1.9345946215872702
regen_QPSK_s20262603_p+03_Nd4001,QPSK,20262603,3,dsh,1.0,1.9283277592513963
regen_QPSK_s20262603_p+03_Nd4001,QPSK,20262603,3,atomic,2.0,1.5307938898389462
regen_QPSK_s20262603_p+03_Nd4001,QPSK,20262603,3,static,2.0,2.0
regen_QPSK_s20262603_p+03_Nd4001,QPSK,20262603,3,static_lti,2.0,1.9290707235185602
regen_QPSK_s20262603_p+03_Nd4001,QPSK,20262603,3,static_mh,2.0,1.9553514964347947
regen_QPSK_s20262603_p+03_Nd4001,QPSK,20262603,3,static_lti_mh,2.0,1.923924921477632
regen_QPSK_s20262603_p+03_Nd4001,QPSK,20262603,3,linear,2.0,1.9301128946583657
regen_QPSK_s20262603_p+03_Nd4001,QPSK,20262603,3,dsh,2.0,1.9211629510325425
regen_QPSK_s20262603_p+03_Nd4001,QPSK,20262603,3,atomic,4.0,1.5056983317064392
regen_QPSK_s20262603_p+03_Nd4001,QPSK,20262603,3,static,4.0,1.9999999991255233
regen_QPSK_s20262603_p+03_Nd4001,QPSK,20262603,3,static_lti,4.0,1.9045859827409997
regen_QPSK_s20262603_p+03_Nd4001,QPSK,20262603,3,static_mh,4.0,1.9362971481059235
regen_QPSK_s20262603_p+03_Nd4001,QPSK,20262603,3,static_lti_mh,4.0,1.8980889643346783
regen_QPSK_s20262603_p+03_Nd4001,QPSK,20262603,3,linear,4.0,1.915795016713177
regen_QPSK_s20262603_p+03_Nd4001,QPSK,20262603,3,dsh,4.0,1.8992362207917382
regen_QPSK_s20262603_p+06_Nd4001,QPSK,20262603,6,atomic,0.25,1.0664775848641777
regen_QPSK_s20262603_p+06_Nd4001,QPSK,20262603,6,static,0.25,1.9999998956451646
regen_QPSK_s20262603_p+06_Nd4001,QPSK,20262603,6,static_lti,0.25,1.9269996585038769
regen_QPSK_s20262603_p+06_Nd4001,QPSK,20262603,6,static_mh,0.25,1.144741760849871
regen_QPSK_s20262603_p+06_Nd4001,QPSK,20262603,6,static_lti_mh,0.25,1.9190048836551723
regen_QPSK_s20262603_p+06_Nd4001,QPSK,20262603,6,linear,0.25,1.9369405761867193
regen_QPSK_s20262603_p+06_Nd4001,QPSK,20262603,6,dsh,0.25,1.9239212147079692
regen_QPSK_s20262603_p+06_Nd4001,QPSK,20262603,6,atomic,0.5,1.0662753156122255
regen_QPSK_s20262603_p+06_Nd4001,QPSK,20262603,6,static,0.5,1.9999998870393052
regen_QPSK_s20262603_p+06_Nd4001,QPSK,20262603,6,static_lti,0.5,1.9258451300754371
regen_QPSK_s20262603_p+06_Nd4001,QPSK,20262603,6,static_mh,0.5,1.1444706383733823
regen_QPSK_s20262603_p+06_Nd4001,QPSK,20262603,6,static_lti_mh,0.5,1.9174512907036556
regen_QPSK_s20262603_p+06_Nd4001,QPSK,20262603,6,linear,0.5,1.93653863441604
regen_QPSK_s20262603_p+06_Nd4001,QPSK,20262603,6,dsh,0.5,1.9228596635750344
regen_QPSK_s20262603_p+06_Nd4001,QPSK,20262603,6,atomic,1.0,1.0654275512273128
regen_QPSK_s20262603_p+06_Nd4001,QPSK,20262603,6,static,1.0,1.9999998508046253
regen_QPSK_s20262603_p+06_Nd4001,QPSK,20262603,6,static_lti,1.0,1.9229694515576978
regen_QPSK_s20262603_p+06_Nd4001,QPSK,20262603,6,static_mh,1.0,1.14352382575325
regen_QPSK_s20262603_p+06_Nd4001,QPSK,20262603,6,static_lti_mh,1.0,1.9138178267657715
regen_QPSK_s20262603_p+06_Nd4001,QPSK,20262603,6,linear,1.0,1.9355660654333349
regen_QPSK_s20262603_p+06_Nd4001,QPSK,20262603,6,dsh,1.0,1.920337007434595
regen_QPSK_s20262603_p+06_Nd4001,QPSK,20262603,6,atomic,2.0,1.0619767972736975
regen_QPSK_s20262603_p+06_Nd4001,QPSK,20262603,6,static,2.0,1.9999996142801966
regen_QPSK_s20262603_p+06_Nd4001,QPSK,20262603,6,static_lti,2.0,1.9149589115476204
regen_QPSK_s20262603_p+06_Nd4001,QPSK,20262603,6,static_mh,2.0,1.140035290207511
regen_QPSK_s20262603_p+06_Nd4001,QPSK,20262603,6,static_lti_mh,2.0,1.9045314922586984
regen_QPSK_s20262603_p+06_Nd4001,QPSK,20262603,6,linear,2.0,1.9329477106366368
regen_QPSK_s20262603_p+06_Nd4001,QPSK,20262603,6,dsh,2.0,1.9137533132950078
regen_QPSK_s20262603_p+06_Nd4001,QPSK,20262603,6,atomic,4.0,1.0483098333064322
regen_QPSK_s20262603_p+06_Nd4001,QPSK,20262603,6,static,4.0,1.9999914823881721
regen_QPSK_s20262603_p+06_Nd4001,QPSK,20262603,6,static_lti,4.0,1.8898126577560301
regen_QPSK_s20262603_p+06_Nd4001,QPSK,20262603,6,static_mh,4.0,1.126930840630209
regen_QPSK_s20262603_p+06_Nd4001,QPSK,20262603,6,static_lti_mh,4.0,1.8783058882400092
regen_QPSK_s20262603_p+06_Nd4001,QPSK,20262603,6,linear,4.0,1.9250245158694126
regen_QPSK_s20262603_p+06_Nd4001,QPSK,20262603,6,dsh,4.0,1.8946891749104213
regen_QPSK_s20262603_p-03_Nd4001,QPSK,20262603,-3,atomic,0.25,1.9051565221704625
regen_QPSK_s20262603_p-03_Nd4001,QPSK,20262603,-3,static,0.25,2.0
regen_QPSK_s20262603_p-03_Nd4001,QPSK,20262603,-3,static_lti,0.25,1.9398638259570782
regen_QPSK_s20262603_p-03_Nd4001,QPSK,20262603,-3,static_mh,0.25,1.9999997736321218
regen_QPSK_s20262603_p-03_Nd4001,QPSK,20262603,-3,static_lti_mh,0.25,1.9411828836493534
regen_QPSK_s20262603_p-03_Nd4001,QPSK,20262603,-3,linear,0.25,1.9361680944828885
regen_QPSK_s20262603_p-03_Nd4001,QPSK,20262603,-3,dsh,0.25,1.9376875748064126
regen_QPSK_s20262603_p-03_Nd4001,QPSK,20262603,-3,atomic,0.5,1.904116866282058
regen_QPSK_s20262603_p-03_Nd4001,QPSK,20262603,-3,static,0.5,2.0
regen_QPSK_s20262603_p-03_Nd4001,QPSK,20262603,-3,static_lti,0.5,1.938051837483929
regen_QPSK_s20262603_p-03_Nd4001,QPSK,20262603,-3,static_mh,0.5,1.999999759875677
regen_QPSK_s20262603_p-03_Nd4001,QPSK,20262603,-3,static_lti_mh,0.5,1.9396372918469844
regen_QPSK_s20262603_p-03_Nd4001,QPSK,20262603,-3,linear,0.5,1.9346033255351784
regen_QPSK_s20262603_p-03_Nd4001,QPSK,20262603,-3,dsh,0.5,1.9362945446110285
regen_QPSK_s20262603_p-03_Nd4001,QPSK,20262603,-3,atomic,1.0,1.9003387111611965
regen_QPSK_s20262603_p-03_Nd4001,QPSK,20262603,-3,static,1.0,2.0
regen_QPSK_s20262603_p-03_Nd4001,QPSK,20262603,-3,static_lti,1.0,1.9329787914034864
regen_QPSK_s20262603_p-03_Nd4001,QPSK,20262603,-3,static_mh,1.0,1.999999541814957
regen_QPSK_s20262603_p-03_Nd4001,QPSK,20262603,-3,static_lti_mh,1.0,1.9350961710114996
regen_QPSK_s20262603_p-03_Nd4001,QPSK,20262603,-3,linear,1.0,1.9301385700517877
regen_QPSK_s20262603_p-03_Nd4001,QPSK,20262603,-3,dsh,1.0,1.9320389493546777
regen_QPSK_s20262603_p-03_Nd4001,QPSK,20262603,-3,atomic,2.0,1.8859095162241601
regen_QPSK_s20262603_p-03_Nd4001,QPSK,20262603,-3,static,2.0,2.0
regen_QPSK_s20262603_p-03_Nd4001,QPSK,20262603,-3,static_lti,2.0,1.9170632057125423
regen_QPSK_s20262603_p-03_Nd4001,QPSK,20262603,-3,static_mh,2.0,1.9999893557649384
regen_QPSK_s20262603_p-03_Nd4001,QPSK,20262603,-3,static_lti_mh,2.0,1.920162322778044
regen_QPSK_s20262603_p-03_Nd4001,QPSK,20262603,-3,linear,2.0,1.9158799286366546
regen_QPSK_s20262603_p-03_Nd4001,QPSK,20262603,-3,dsh,2.0,1.9175583361113544
regen_QPSK_s20262603_p-03_Nd4001,QPSK,20262603,-3,atomic,4.0,1.828651832148576
regen_QPSK_s20262603_p-03_Nd4001,QPSK,20262603,-3,static,4.0,1.9999939175498591
regen_QPSK_s20262603_p-03_Nd4001,QPSK,20262603,-3,static_lti,4.0,1.8612871553608308
regen_QPSK_s20262603_p-03_Nd4001,QPSK,20262603,-3,static_mh,4.0,1.994523024028824
regen_QPSK_s20262603_p-03_Nd4001,QPSK,20262603,-3,static_lti_mh,4.0,1.8652521613183175
regen_QPSK_s20262603_p-03_Nd4001,QPSK,20262603,-3,linear,4.0,1.8660681090230071
regen_QPSK_s20262603_p-03_Nd4001,QPSK,20262603,-3,dsh,4.0,1.8635265033689574
regen_QPSK_s20262603_p-06_Nd4001,QPSK,20262603,-6,atomic,0.25,1.9263896544913117
regen_QPSK_s20262603_p-06_Nd4001,QPSK,20262603,-6,static,0.25,2.0
regen_QPSK_s20262603_p-06_Nd4001,QPSK,20262603,-6,static_lti,0.25,1.9377866600853912
regen_QPSK_s20262603_p-06_Nd4001,QPSK,20262603,-6,static_mh,0.25,1.9999999627352327
regen_QPSK_s20262603_p-06_Nd4001,QPSK,20262603,-6,static_lti_mh,0.25,1.9391358199142787
regen_QPSK_s20262603_p-06_Nd4001,QPSK,20262603,-6,linear,0.25,1.9355767561765183
regen_QPSK_s20262603_p-06_Nd4001,QPSK,20262603,-6,dsh,0.25,1.9370651443386229
regen_QPSK_s20262603_p-06_Nd4001,QPSK,20262603,-6,atomic,0.5,1.9242246991496594
regen_QPSK_s20262603_p-06_Nd4001,QPSK,20262603,-6,static,0.5,2.0
regen_QPSK_s20262603_p-06_Nd4001,QPSK,20262603,-6,static_lti,0.5,1.9350024498074936
regen_QPSK_s20262603_p-06_Nd4001,QPSK,20262603,-6,static_mh,0.5,1.9999999445980081
regen_QPSK_s20262603_p-06_Nd4001,QPSK,20262603,-6,static_lti_mh,0.5,1.9367561881465476
regen_QPSK_s20262603_p-06_Nd4001,QPSK,20262603,-6,linear,0.5,1.9329771551309092
regen_QPSK_s20262603_p-06_Nd4001,QPSK,20262603,-6,dsh,0.5,1.9347886056567278
regen_QPSK_s20262603_p-06_Nd4001,QPSK,20262603,-6,atomic,1.0,1.9170710827917423
regen_QPSK_s20262603_p-06_Nd4001,QPSK,20262603,-6,static,1.0,2.0
regen_QPSK_s20262603_p-06_Nd4001,QPSK,20262603,-6,static_lti,1.0,1.9266749980494429
regen_QPSK_s20262603_p-06_Nd4001,QPSK,20262603,-6,static_mh,1.0,1.9999992944790697
regen_QPSK_s20262603_p-06_Nd4001,QPSK,20262603,-6,static_lti_mh,1.0,1.9292342827156697
regen_QPSK_s20262603_p-06_Nd4001,QPSK,20262603,-6,linear,1.0,1.9251168022822138
regen_QPSK_s20262603_p-06_Nd4001,QPSK,20262603,-6,dsh,1.0,1.9274408630279476
regen_QPSK_s20262603_p-06_Nd4001,QPSK,20262603,-6,atomic,2.0,1.8910310631702059
regen_QPSK_s20262603_p-06_Nd4001,QPSK,20262603,-6,static,2.0,1.999999999995969
regen_QPSK_s20262603_p-06_Nd4001,QPSK,20262603,-6,static_lti,2.0,1.898952289445806
regen_QPSK_s20262603_p-06_Nd4001,QPSK,20262603,-6,static_mh,2.0,1.9997296654370014
regen_QPSK_s20262603_p-06_Nd4001,QPSK,20262603,-6,static_lti_mh,2.0,1.9028184052602037
regen_QPSK_s20262603_p-06_Nd4001,QPSK,20262603,-6,linear,2.0,1.8987807076238674
regen_QPSK_s20262603_p-06_Nd4001,QPSK,20262603,-6,dsh,2.0,1.9012454337231763
regen_QPSK_s20262603_p-06_Nd4001,QPSK,20262603,-6,atomic,4.0,1.7894879592336395
regen_QPSK_s20262603_p-06_Nd4001,QPSK,20262603,-6,static,4.0,1.992297620717928
regen_QPSK_s20262603_p-06_Nd4001,QPSK,20262603,-6,static_lti,4.0,1.7974894369833956
regen_QPSK_s20262603_p-06_Nd4001,QPSK,20262603,-6,static_mh,4.0,1.9441082334323574
regen_QPSK_s20262603_p-06_Nd4001,QPSK,20262603,-6,static_lti_mh,4.0,1.8016530204539365
regen_QPSK_s20262603_p-06_Nd4001,QPSK,20262603,-6,linear,4.0,1.8032736352264247
regen_QPSK_s20262603_p-06_Nd4001,QPSK,20262603,-6,dsh,4.0,1.8008725759677608
regen_QPSK_s20262703_p+00_Nd4001,QPSK,20262703,0,atomic,0.25,1.8367506657880353
regen_QPSK_s20262703_p+00_Nd4001,QPSK,20262703,0,static,0.25,2.0
regen_QPSK_s20262703_p+00_Nd4001,QPSK,20262703,0,static_lti,0.25,1.9499702366236753
regen_QPSK_s20262703_p+00_Nd4001,QPSK,20262703,0,static_mh,0.25,1.9999999999999993
regen_QPSK_s20262703_p+00_Nd4001,QPSK,20262703,0,static_lti_mh,0.25,1.9499121858640331
regen_QPSK_s20262703_p+00_Nd4001,QPSK,20262703,0,linear,0.25,1.949319208049098
regen_QPSK_s20262703_p+00_Nd4001,QPSK,20262703,0,dsh,0.25,1.9490699624108996
regen_QPSK_s20262703_p+00_Nd4001,QPSK,20262703,0,atomic,0.5,1.8360758829214445
regen_QPSK_s20262703_p+00_Nd4001,QPSK,20262703,0,static,0.5,2.0
regen_QPSK_s20262703_p+00_Nd4001,QPSK,20262703,0,static_lti,0.5,1.9493580770906318
regen_QPSK_s20262703_p+00_Nd4001,QPSK,20262703,0,static_mh,0.5,1.9999999999999987
regen_QPSK_s20262703_p+00_Nd4001,QPSK,20262703,0,static_lti_mh,0.5,1.9492986344243992
regen_QPSK_s20262703_p+00_Nd4001,QPSK,20262703,0,linear,0.5,1.9486883868302056
regen_QPSK_s20262703_p+00_Nd4001,QPSK,20262703,0,dsh,0.5,1.9482874402063841
regen_QPSK_s20262703_p+00_Nd4001,QPSK,20262703,0,atomic,1.0,1.833482020794414
regen_QPSK_s20262703_p+00_Nd4001,QPSK,20262703,0,static,1.0,2.0
regen_QPSK_s20262703_p+00_Nd4001,QPSK,20262703,0,static_lti,1.0,1.94696340903289
regen_QPSK_s20262703_p+00_Nd4001,QPSK,20262703,0,static_mh,1.0,1.9999999999999927
regen_QPSK_s20262703_p+00_Nd4001,QPSK,20262703,0,static_lti_mh,1.0,1.9469081587287327
regen_QPSK_s20262703_p+00_Nd4001,QPSK,20262703,0,linear,1.0,1.946592922272157
regen_QPSK_s20262703_p+00_Nd4001,QPSK,20262703,0,dsh,1.0,1.945690210117531
regen_QPSK_s20262703_p+00_Nd4001,QPSK,20262703,0,atomic,2.0,1.8231492691680211
regen_QPSK_s20262703_p+00_Nd4001,QPSK,20262703,0,static,2.0,2.0
regen_QPSK_s20262703_p+00_Nd4001,QPSK,20262703,0,static_lti,2.0,1.9374273969988536
regen_QPSK_s20262703_p+00_Nd4001,QPSK,20262703,0,static_mh,2.0,1.999999999997476
regen_QPSK_s20262703_p+00_Nd4001,QPSK,20262703,0,static_lti_mh,2.0,1.9374061590721894
regen_QPSK_s20262703_p+00_Nd4001,QPSK,20262703,0,linear,2.0,1.9390750980057143
regen_QPSK_s20262703_p+00_Nd4001,QPSK,20262703,0,dsh,2.0,1.9363922047240556
regen_QPSK_s20262703_p+00_Nd4001,QPSK,20262703,0,atomic,4.0,1.781814358410961
regen_QPSK_s20262703_p+00_Nd4001,QPSK,20262703,0,static,4.0,1.9999973968662614
regen_QPSK_s20262703_p+00_Nd4001,QPSK,20262703,0,static_lti,4.0,1.8997817646342594
regen_QPSK_s20262703_p+00_Nd4001,QPSK,20262703,0,static_mh,4.0,1.9999985810473433
regen_QPSK_s20262703_p+00_Nd4001,QPSK,20262703,0,static_lti_mh,4.0,1.8998670972467382
regen_QPSK_s20262703_p+00_Nd4001,QPSK,20262703,0,linear,4.0,1.9105997671721007
regen_QPSK_s20262703_p+00_Nd4001,QPSK,20262703,0,dsh,4.0,1.9010250240491378
regen_QPSK_s20262703_p+03_Nd4001,QPSK,20262703,3,atomic,0.25,1.4921267068907595
regen_QPSK_s20262703_p+03_Nd4001,QPSK,20262703,3,static,0.25,2.0
regen_QPSK_s20262703_p+03_Nd4001,QPSK,20262703,3,static_lti,0.25,1.944241571367164
regen_QPSK_s20262703_p+03_Nd4001,QPSK,20262703,3,static_mh,0.25,1.933925526494258
regen_QPSK_s20262703_p+03_Nd4001,QPSK,20262703,3,static_lti_mh,0.25,1.9459701188439193
regen_QPSK_s20262703_p+03_Nd4001,QPSK,20262703,3,linear,0.25,1.9494516377227553
regen_QPSK_s20262703_p+03_Nd4001,QPSK,20262703,3,dsh,0.25,1.9485700017336758
regen_QPSK_s20262703_p+03_Nd4001,QPSK,20262703,3,atomic,0.5,1.4915982712128546
regen_QPSK_s20262703_p+03_Nd4001,QPSK,20262703,3,static,0.5,2.0
regen_QPSK_s20262703_p+03_Nd4001,QPSK,20262703,3,static_lti,0.5,1.943838509581468
regen_QPSK_s20262703_p+03_Nd4001,QPSK,20262703,3,static_mh,0.5,1.9331343354250188
regen_QPSK_s20262703_p+03_Nd4001,QPSK,20262703,3,static_lti_mh,0.5,1.9457104963173342
regen_QPSK_s20262703_p+03_Nd4001,QPSK,20262703,3,linear,0.5,1.9490903258961056
regen_QPSK_s20262703_p+03_Nd4001,QPSK,20262703,3,dsh,0.5,1.9481437445438683
regen_QPSK_s20262703_p+03_Nd4001,QPSK,20262703,3,atomic,1.0,1.4895100735983051
regen_QPSK_s20262703_p+03_Nd4001,QPSK,20262703,3,static,1.0,2.0
regen_QPSK_s20262703_p+03_Nd4001,QPSK,20262703,3,static_lti,1.0,1.9422352128964318
regen_QPSK_s20262703_p+03_Nd4001,QPSK,20262703,3,static_mh,1.0,1.9305410878562301
regen_QPSK_s20262703_p+03_Nd4001,QPSK,20262703,3,static_lti_mh,1.0,1.9443817216415593
regen_QPSK_s20262703_p+03_Nd4001,QPSK,20262703,3,linear,1.0,1.9479524061677858
regen_QPSK_s20262703_p+03_Nd4001,QPSK,20262703,3,dsh,1.0,1.9466437357514228
regen_QPSK_s20262703_p+03_Nd4001,QPSK,20262703,3,atomic,2.0,1.4811902753076474
regen_QPSK_s20262703_p+03_Nd4001,QPSK,20262703,3,static,2.0,1.9999999999998552
regen_QPSK_s20262703_p+03_Nd4001,QPSK,20262703,3,static_lti,2.0,1.9357706116043114
regen_QPSK_s20262703_p+03_Nd4001,QPSK,20262703,3,static_mh,2.0,1.9208360825392108
regen_QPSK_s20262703_p+03_Nd4001,QPSK,20262703,3,static_lti_mh,2.0,1.938384802576073
regen_QPSK_s20262703_p+03_Nd4001,QPSK,20262703,3,linear,2.0,1.9440020630349806
regen_QPSK_s20262703_p+03_Nd4001,QPSK,20262703,3,dsh,2.0,1.941048285718117
regen_QPSK_s20262703_p+03_Nd4001,QPSK,20262703,3,atomic,4.0,1.448807985250734
regen_QPSK_s20262703_p+03_Nd4001,QPSK,20262703,3,static,4.0,1.9999928583819877
regen_QPSK_s20262703_p+03_Nd4001,QPSK,20262703,3,static_lti,4.0,1.910260026889492
regen_QPSK_s20262703_p+03_Nd4001,QPSK,20262703,3,static_mh,4.0,1.8910852584969955
regen_QPSK_s20262703_p+03_Nd4001,QPSK,20262703,3,static_lti_mh,4.0,1.9136075383651807
regen_QPSK_s20262703_p+03_Nd4001,QPSK,20262703,3,linear,4.0,1.929452204599963
regen_QPSK_s20262703_p+03_Nd4001,QPSK,20262703,3,dsh,4.0,1.9196485876793832
regen_QPSK_s20262703_p+06_Nd4001,QPSK,20262703,6,atomic,0.25,0.9490451810995513
regen_QPSK_s20262703_p+06_Nd4001,QPSK,20262703,6,static,0.25,1.9999999965579744
regen_QPSK_s20262703_p+06_Nd4001,QPSK,20262703,6,static_lti,0.25,1.911307072689777
regen_QPSK_s20262703_p+06_Nd4001,QPSK,20262703,6,static_mh,0.25,1.135336273269481
regen_QPSK_s20262703_p+06_Nd4001,QPSK,20262703,6,static_lti_mh,0.25,1.9047606068594702
regen_QPSK_s20262703_p+06_Nd4001,QPSK,20262703,6,linear,0.25,1.9495313869935664
regen_QPSK_s20262703_p+06_Nd4001,QPSK,20262703,6,dsh,0.25,1.9435707572847711
regen_QPSK_s20262703_p+06_Nd4001,QPSK,20262703,6,atomic,0.5,0.9479685324835402
regen_QPSK_s20262703_p+06_Nd4001,QPSK,20262703,6,static,0.5,1.999999990624201
regen_QPSK_s20262703_p+06_Nd4001,QPSK,20262703,6,static_lti,0.5,1.910582610384931
regen_QPSK_s20262703_p+06_Nd4001,QPSK,20262703,6,static_mh,0.5,1.1345535004417502
regen_QPSK_s20262703_p+06_Nd4001,QPSK,20262703,6,static_lti_mh,0.5,1.9042226667543554
regen_QPSK_s20262703_p+06_Nd4001,QPSK,20262703,6,linear,0.5,1.9493180081786103
regen_QPSK_s20262703_p+06_Nd4001,QPSK,20262703,6,dsh,0.5,1.9432042702875174
regen_QPSK_s20262703_p+06_Nd4001,QPSK,20262703,6,atomic,1.0,0.9453522799793042
regen_QPSK_s20262703_p+06_Nd4001,QPSK,20262703,6,static,1.0,1.999999886499983
regen_QPSK_s20262703_p+06_Nd4001,QPSK,20262703,6,static_lti,1.0,1.9083977655125335
regen_QPSK_s20262703_p+06_Nd4001,QPSK,20262703,6,static_mh,1.0,1.1325765300023611
regen_QPSK_s20262703_p+06_Nd4001,QPSK,20262703,6,static_lti_mh,1.0,1.9023582282543954
regen_QPSK_s20262703_p+06_Nd4001,QPSK,20262703,6,linear,1.0,1.9486847089974728
regen_QPSK_s20262703_p+06_Nd4001,QPSK,20262703,6,dsh,1.0,1.941905036871042
regen_QPSK_s20262703_p+06_Nd4001,QPSK,20262703,6,atomic,2.0,0.9382928134652383
regen_QPSK_s20262703_p+06_Nd4001,QPSK,20262703,6,static,2.0,1.9999812261699468
regen_QPSK_s20262703_p+06_Nd4001,QPSK,20262703,6,static_lti,2.0,1.9010548917584482
regen_QPSK_s20262703_p+06_Nd4001,QPSK,20262703,6,static_mh,2.0,1.1270172669796423
regen_QPSK_s20262703_p+06_Nd4001,QPSK,20262703,6,static_lti_mh,2.0,1.8954137116232757
regen_QPSK_s20262703_p+06_Nd4001,QPSK,20262703,6,linear,2.0,1.9465802986178533
regen_QPSK_s20262703_p+06_Nd4001,QPSK,20262703,6,dsh,2.0,1.9370327806584176
regen_QPSK_s20262703_p+06_Nd4001,QPSK,20262703,6,atomic,4.0,0.9172293559180218
regen_QPSK_s20262703_p+06_Nd4001,QPSK,20262703,6,static,4.0,1.990780512098977
regen_QPSK_s20262703_p+06_Nd4001,QPSK,20262703,6,static_lti,4.0,1.87539615343994
regen_QPSK_s20262703_p+06_Nd4001,QPSK,20262703,6,static_mh,4.0,1.1098521864430198
regen_QPSK_s20262703_p+06_Nd4001,QPSK,20262703,6,static_lti_mh,4.0,1.8698122529691046
regen_QPSK_s20262703_p+06_Nd4001,QPSK,20262703,6,linear,4.0,1.939028902742927
regen_QPSK_s20262703_p+06_Nd4001,QPSK,20262703,6,dsh,4.0,1.9184478209090525
regen_QPSK_s20262703_p-03_Nd4001,QPSK,20262703,-3,atomic,0.25,1.9220475129666974
regen_QPSK_s20262703_p-03_Nd4001,QPSK,20262703,-3,static,0.25,2.0
regen_QPSK_s20262703_p-03_Nd4001,QPSK,20262703,-3,static_lti,0.25,1.9506657635637088
regen_QPSK_s20262703_p-03_Nd4001,QPSK,20262703,-3,static_mh,0.25,1.9999999963919306
regen_QPSK_s20262703_p-03_Nd4001,QPSK,20262703,-3,static_lti_mh,0.25,1.9486228088334607
regen_QPSK_s20262703_p-03_Nd4001,QPSK,20262703,-3,linear,0.25,1.9490923978953272
regen_QPSK_s20262703_p-03_Nd4001,QPSK,20262703,-3,dsh,0.25,1.9476799004825034
regen_QPSK_s20262703_p-03_Nd4001,QPSK,20262703,-3,atomic,0.5,1.9211002862825461
regen_QPSK_s20262703_p-03_Nd4001,QPSK,20262703,-3,static,0.5,2.0
regen_QPSK_s20262703_p-03_Nd4001,QPSK,20262703,-3,static_lti,0.5,1.949527413392526
regen_QPSK_s20262703_p-03_Nd4001,QPSK,20262703,-3,static_mh,0.5,1.9999999962386474
regen_QPSK_s20262703_p-03_Nd4001,QPSK,20262703,-3,static_lti_mh,0.5,1.9473484148294289
regen_QPSK_s20262703_p-03_Nd4001,QPSK,20262703,-3,linear,0.5,1.9479591383406503
regen_QPSK_s20262703_p-03_Nd4001,QPSK,20262703,-3,dsh,0.5,1.9462822373912305
regen_QPSK_s20262703_p-03_Nd4001,QPSK,20262703,-3,atomic,1.0,1.9171527233740353
regen_QPSK_s20262703_p-03_Nd4001,QPSK,20262703,-3,static,1.0,2.0
regen_QPSK_s20262703_p-03_Nd4001,QPSK,20262703,-3,static_lti,1.0,1.9452419789554705
regen_QPSK_s20262703_p-03_Nd4001,QPSK,20262703,-3,static_mh,1.0,1.9999999928015129
regen_QPSK_s20262703_p-03_Nd4001,QPSK,20262703,-3,static_lti_mh,1.0,1.9427834609725463
regen_QPSK_s20262703_p-03_Nd4001,QPSK,20262703,-3,linear,1.0,1.9440260210269853
regen_QPSK_s20262703_p-03_Nd4001,QPSK,20262703,-3,dsh,1.0,1.941609061823711
regen_QPSK_s20262703_p-03_Nd4001,QPSK,20262703,-3,atomic,2.0,1.9004712557110826
regen_QPSK_s20262703_p-03_Nd4001,QPSK,20262703,-3,static,2.0,1.9999999999999927
regen_QPSK_s20262703_p-03_Nd4001,QPSK,20262703,-3,static_lti,2.0,1.928706208449361
regen_QPSK_s20262703_p-03_Nd4001,QPSK,20262703,-3,static_mh,2.0,1.999999756058672
regen_QPSK_s20262703_p-03_Nd4001,QPSK,20262703,-3,static_lti_mh,2.0,1.9257045992965802
regen_QPSK_s20262703_p-03_Nd4001,QPSK,20262703,-3,linear,2.0,1.9295422005707532
regen_QPSK_s20262703_p-03_Nd4001,QPSK,20262703,-3,dsh,2.0,1.9248424756972926
regen_QPSK_s20262703_p-03_Nd4001,QPSK,20262703,-3,atomic,4.0,1.8350436189288402
regen_QPSK_s20262703_p-03_Nd4001,QPSK,20262703,-3,static,4.0,1.997114904003019
regen_QPSK_s20262703_p-03_Nd4001,QPSK,20262703,-3,static_lti,4.0,1.8635445131050676
regen_QPSK_s20262703_p-03_Nd4001,QPSK,20262703,-3,static_mh,4.0,1.998905168917781
regen_QPSK_s20262703_p-03_Nd4001,QPSK,20262703,-3,static_lti_mh,4.0,1.8599610562517628
regen_QPSK_s20262703_p-03_Nd4001,QPSK,20262703,-3,linear,4.0,1.8730140674669624
regen_QPSK_s20262703_p-03_Nd4001,QPSK,20262703,-3,dsh,4.0,1.8608475560912805
regen_QPSK_s20262703_p-06_Nd4001,QPSK,20262703,-6,atomic,0.25,1.941329678383019
regen_QPSK_s20262703_p-06_Nd4001,QPSK,20262703,-6,static,0.25,2.0
regen_QPSK_s20262703_p-06_Nd4001,QPSK,20262703,-6,static_lti,0.25,1.9499262978875993
regen_QPSK_s20262703_p-06_Nd4001,QPSK,20262703,-6,static_mh,0.25,1.999999998175756
regen_QPSK_s20262703_p-06_Nd4001,QPSK,20262703,-6,static_lti_mh,0.25,1.9478480028329967
regen_QPSK_s20262703_p-06_Nd4001,QPSK,20262703,-6,linear,0.25,1.948692072201541
regen_QPSK_s20262703_p-06_Nd4001,QPSK,20262703,-6,dsh,0.25,1.9470107240262227
regen_QPSK_s20262703_p-06_Nd4001,QPSK,20262703,-6,atomic,0.5,1.9392857901923
regen_QPSK_s20262703_p-06_Nd4001,QPSK,20262703,-6,static,0.5,2.0
regen_QPSK_s20262703_p-06_Nd4001,QPSK,20262703,-6,static_lti,0.5,1.9477968799856165
regen_QPSK_s20262703_p-06_Nd4001,QPSK,20262703,-6,static_mh,0.5,1.9999999972541618
regen_QPSK_s20262703_p-06_Nd4001,QPSK,20262703,-6,static_lti_mh,0.5,1.9455063239545287
regen_QPSK_s20262703_p-06_Nd4001,QPSK,20262703,-6,linear,0.5,1.9466055024830589
regen_QPSK_s20262703_p-06_Nd4001,QPSK,20262703,-6,dsh,0.5,1.9445937089591785
regen_QPSK_s20262703_p-06_Nd4001,QPSK,20262703,-6,atomic,1.0,1.9312534363010287
regen_QPSK_s20262703_p-06_Nd4001,QPSK,20262703,-6,static,1.0,2.0
regen_QPSK_s20262703_p-06_Nd4001,QPSK,20262703,-6,static_lti,1.0,1.9398850051839234
regen_QPSK_s20262703_p-06_Nd4001,QPSK,20262703,-6,static_mh,1.0,1.999999968482245
regen_QPSK_s20262703_p-06_Nd4001,QPSK,20262703,-6,static_lti_mh,1.0,1.9371358685141968
regen_QPSK_s20262703_p-06_Nd4001,QPSK,20262703,-6,linear,1.0,1.9391210719384988
regen_QPSK_s20262703_p-06_Nd4001,QPSK,20262703,-6,dsh,1.0,1.9362184463320766
regen_QPSK_s20262703_p-06_Nd4001,QPSK,20262703,-6,atomic,2.0,1.899616421708817
regen_QPSK_s20262703_p-06_Nd4001,QPSK,20262703,-6,static,2.0,1.999999987061568
regen_QPSK_s20262703_p-06_Nd4001,QPSK,20262703,-6,static_lti,2.0,1.9094571477818696
regen_QPSK_s20262703_p-06_Nd4001,QPSK,20262703,-6,static_mh,2.0,1.9999700384269137
regen_QPSK_s20262703_p-06_Nd4001,QPSK,20262703,-6,static_lti_mh,2.0,1.9058272768285291
regen_QPSK_s20262703_p-06_Nd4001,QPSK,20262703,-6,linear,2.0,1.9107782384775993
regen_QPSK_s20262703_p-06_Nd4001,QPSK,20262703,-6,dsh,2.0,1.905298989055202
regen_QPSK_s20262703_p-06_Nd4001,QPSK,20262703,-6,atomic,4.0,1.7829188396419882
regen_QPSK_s20262703_p-06_Nd4001,QPSK,20262703,-6,static,4.0,1.9704236355111364
regen_QPSK_s20262703_p-06_Nd4001,QPSK,20262703,-6,static_lti,4.0,1.7895812582845898
regen_QPSK_s20262703_p-06_Nd4001,QPSK,20262703,-6,static_mh,4.0,1.971123262978486
regen_QPSK_s20262703_p-06_Nd4001,QPSK,20262703,-6,static_lti_mh,4.0,1.7861767778539177
regen_QPSK_s20262703_p-06_Nd4001,QPSK,20262703,-6,linear,4.0,1.7987685132007556
regen_QPSK_s20262703_p-06_Nd4001,QPSK,20262703,-6,dsh,4.0,1.7871662030473212
