family,id,split,variant,p,model,nmse_vs_full,gain_rel,D_ref,mod,seed,AIR,case,g_med,g_mag,g_coh,level
dwell,dwell_r4_xi_0.05_p+0,test,xi_0.05,0.0,full,,0.6498577049527942,0.07829287230979037,,,,,,,,
dwell,dwell_r4_xi_0.05_p+0,test,xi_0.05,0.0,gmp,0.10367824307036942,0.6111332883721596,0.023315886391930843,,,,,,,,
dwell,dwell_r4_xi_0.05_p+0,test,xi_0.05,0.0,static_mh,0.5232071006108479,0.7455139695327264,0.05754672646061888,,,,,,,,
dwell,dwell_r4_xi_0.05_p+0,test,xi_0.05,0.0,static_lti_mh,0.27651048445305937,0.765325731189032,0.00947312573149635,,,,,,,,
dwell,dwell_r4_xi_0.05_p+0,test,xi_0.05,0.0,dsh,0.280967866145407,0.8901922481407032,0.009339251913200827,,,,,,,,
dwell,dwell_r4_xi_0.05_p+3,test,xi_0.05,3.0,full,,0.470506538968652,0.08168116428785353,,,,,,,,
dwell,dwell_r4_xi_0.05_p+3,test,xi_0.05,3.0,gmp,0.13136113029530577,0.49280847564492974,0.035842230491754605,,,,,,,,
dwell,dwell_r4_xi_0.05_p+3,test,xi_0.05,3.0,static_mh,2.3092365424284207,0.5633112569518982,0.4823703371693174,,,,,,,,
dwell,dwell_r4_xi_0.05_p+3,test,xi_0.05,3.0,static_lti_mh,0.752054266187876,0.5669683247837328,0.022309140526085743,,,,,,,,
dwell,dwell_r4_xi_0.05_p+3,test,xi_0.05,3.0,dsh,0.7060145499079782,0.7907237275660352,0.014439934692657022,,,,,,,,
dwell,dwell_r4_xi_0.05_p+6,test,xi_0.05,6.0,full,,0.30311524090199504,0.07218198764215437,,,,,,,,
dwell,dwell_r4_xi_0.05_p+6,test,xi_0.05,6.0,gmp,0.13867725883528964,0.3551454784817376,0.05323810887396739,,,,,,,,
dwell,dwell_r4_xi_0.05_p+6,test,xi_0.05,6.0,static_mh,2.7761747958504404,0.39043827762505223,0.26809595695213984,,,,,,,,
dwell,dwell_r4_xi_0.05_p+6,test,xi_0.05,6.0,static_lti_mh,1.6211875676693024,0.3704958235010899,0.03303954362033354,,,,,,,,
dwell,dwell_r4_xi_0.05_p+6,test,xi_0.05,6.0,dsh,1.1027006975237272,0.5992914407604343,0.01206412642673475,,,,,,,,
dwell,dwell_r4_xi_0.1_p+0,test,xi_0.1,0.0,full,,0.6499846795036457,0.06253585121489717,,,,,,,,
dwell,dwell_r4_xi_0.1_p+0,test,xi_0.1,0.0,gmp,0.11053285295519145,0.5982332619375205,0.015498497212928234,,,,,,,,
dwell,dwell_r4_xi_0.1_p+0,test,xi_0.1,0.0,static_mh,0.36773658961410366,0.7466700885167452,0.030454584319542906,,,,,,,,
dwell,dwell_r4_xi_0.1_p+0,test,xi_0.1,0.0,static_lti_mh,0.22172428367697927,0.7588925764848028,0.012633640930302418,,,,,,,,
dwell,dwell_r4_xi_0.1_p+0,test,xi_0.1,0.0,dsh,0.25596637889039314,0.8879722510818892,0.008952082890226639,,,,,,,,
dwell,dwell_r4_xi_0.1_p+3,test,xi_0.1,3.0,full,,0.4341323927917582,0.05871071218849576,,,,,,,,
dwell,dwell_r4_xi_0.1_p+3,test,xi_0.1,3.0,gmp,0.17245815491204144,0.48679387162904375,0.023169443586066794,,,,,,,,
dwell,dwell_r4_xi_0.1_p+3,test,xi_0.1,3.0,static_mh,1.5360933249166675,0.5455717571075425,0.21844583209295348,,,,,,,,
dwell,dwell_r4_xi_0.1_p+3,test,xi_0.1,3.0,static_lti_mh,0.7105546156379324,0.5533101571050779,0.030139433332417455,,,,,,,,
dwell,dwell_r4_xi_0.1_p+3,test,xi_0.1,3.0,dsh,0.8152836155004051,0.7868872204236125,0.01182566520531318,,,,,,,,
dwell,dwell_r4_xi_0.25_p+3,test,xi_0.25,3.0,full,,0.3701210410243931,0.04896524995656175,,,,,,,,
dwell,dwell_r4_xi_0.25_p+3,test,xi_0.25,3.0,gmp,0.22112435458588645,0.4453913164365121,0.020125941517448603,,,,,,,,
dwell,dwell_r4_xi_0.25_p+3,test,xi_0.25,3.0,static_mh,1.2267491725166242,0.5520984414349235,0.11865661877757752,,,,,,,,
dwell,dwell_r4_xi_0.25_p+3,test,xi_0.25,3.0,static_lti_mh,0.7555528973808442,0.5575226968457373,0.042151494597424934,,,,,,,,
dwell,dwell_r4_xi_0.25_p+3,test,xi_0.25,3.0,dsh,1.137365809403755,0.7722689177932143,0.010748100022104015,,,,,,,,
dwell,dwell_r4_xi_0.5_p+3,test,xi_0.5,3.0,full,,0.37013772129864597,0.06759712637137803,,,,,,,,
dwell,dwell_r4_xi_0.5_p+3,test,xi_0.5,3.0,gmp,0.23176609503122464,0.42879053450701005,0.022682995734135743,,,,,,,,
dwell,dwell_r4_xi_0.5_p+3,test,xi_0.5,3.0,static_mh,0.9053922421763043,0.5582647664904237,0.0891295636343026,,,,,,,,
dwell,dwell_r4_xi_0.5_p+3,test,xi_0.5,3.0,static_lti_mh,0.6609583047145099,0.5613446937836213,0.049125337384337116,,,,,,,,
dwell,dwell_r4_xi_0.5_p+3,test,xi_0.5,3.0,dsh,1.007344302451744,0.7501108128257745,0.013782729734082733,,,,,,,,
dwell,dwell_r4_xi_1_p+3,test,xi_1,3.0,full,,0.36794748042209335,0.08728956574581456,,,,,,,,
dwell,dwell_r4_xi_1_p+3,test,xi_1,3.0,gmp,0.21952502161376572,0.4051537451011942,0.02761906365565993,,,,,,,,
dwell,dwell_r4_xi_1_p+3,test,xi_1,3.0,static_mh,0.7008260657001609,0.5629018081848884,0.07453787539130195,,,,,,,,
dwell,dwell_r4_xi_1_p+3,test,xi_1,3.0,static_lti_mh,0.5493275344820797,0.562747307925727,0.05165608890013285,,,,,,,,
dwell,dwell_r4_xi_1_p+3,test,xi_1,3.0,dsh,0.8286522452762888,0.7145378267264557,0.021976251193239406,,,,,,,,
dwell,dwell_r4_xi_2_p+3,test,xi_2,3.0,full,,0.3681791460941123,0.10061055059150778,,,,,,,,
dwell,dwell_r4_xi_2_p+3,test,xi_2,3.0,gmp,0.20499945439944994,0.375370446714944,0.034001831208964904,,,,,,,,
dwell,dwell_r4_xi_2_p+3,test,xi_2,3.0,static_mh,0.5552900792854447,0.5593529234867058,0.06535252060480212,,,,,,,,
dwell,dwell_r4_xi_2_p+3,test,xi_2,3.0,static_lti_mh,0.46678484290261857,0.5596651785041603,0.05149429661728942,,,,,,,,
dwell,dwell_r4_xi_2_p+3,test,xi_2,3.0,dsh,0.6449237376682497,0.669201280636151,0.03336787547897739,,,,,,,,
dwell,dwell_r4_xi_4_p+0,test,xi_4,0.0,full,,0.5296332651620327,0.09669596593476001,,,,,,,,
dwell,dwell_r4_xi_4_p+0,test,xi_4,0.0,gmp,0.1401900401617121,0.4876842777786195,0.026530725285755192,,,,,,,,
dwell,dwell_r4_xi_4_p+0,test,xi_4,0.0,static_mh,0.37819245419318115,0.7691310816811631,0.018375958525217135,,,,,,,,
dwell,dwell_r4_xi_4_p+0,test,xi_4,0.0,static_lti_mh,0.3228271448512432,0.764046187939876,0.019180880710903382,,,,,,,,
dwell,dwell_r4_xi_4_p+0,test,xi_4,0.0,dsh,0.36767039240741173,0.8041474807936226,0.016986796303420298,,,,,,,,
dwell,dwell_r4_xi_4_p+3,test,xi_4,3.0,full,,0.3547229058333487,0.10339528938635648,,,,,,,,
dwell,dwell_r4_xi_4_p+3,test,xi_4,3.0,gmp,0.16428792305162335,0.35547618233346173,0.0381894475002093,,,,,,,,
dwell,dwell_r4_xi_4_p+3,test,xi_4,3.0,static_mh,0.5067418478725255,0.5616847666521774,0.062405777925648394,,,,,,,,
dwell,dwell_r4_xi_4_p+3,test,xi_4,3.0,static_lti_mh,0.4259680681673012,0.5603736697253558,0.052141512207478355,,,,,,,,
dwell,dwell_r4_xi_4_p+3,test,xi_4,3.0,dsh,0.5456537152157369,0.629430200414475,0.04405310464875587,,,,,,,,
dwell,dwell_r4_xi_4_p+6,test,xi_4,6.0,full,,0.25931575619909375,0.07135949080571154,,,,,,,,
dwell,dwell_r4_xi_4_p+6,test,xi_4,6.0,gmp,0.1651759012589883,0.22914294073506913,0.045813957766367784,,,,,,,,
dwell,dwell_r4_xi_4_p+6,test,xi_4,6.0,static_mh,0.5761851143972204,0.3682719968636981,0.10249051809498239,,,,,,,,
dwell,dwell_r4_xi_4_p+6,test,xi_4,6.0,static_lti_mh,0.4936631596987077,0.36561879962471894,0.09204470770124304,,,,,,,,
dwell,dwell_r4_xi_4_p+6,test,xi_4,6.0,dsh,0.47632887335570673,0.41890010498705915,0.07881151593806529,,,,,,,,
dwell,dwell_r5_xi_0.05_p+0,test,xi_0.05,0.0,full,,0.6445069439154708,0.07909515379184918,,,,,,,,
dwell,dwell_r5_xi_0.05_p+0,test,xi_0.05,0.0,gmp,0.10347659295355412,0.612762730925485,0.023496363649089472,,,,,,,,
dwell,dwell_r5_xi_0.05_p+0,test,xi_0.05,0.0,static_mh,0.5263850756082971,0.7554211260973547,0.05664182953051922,,,,,,,,
dwell,dwell_r5_xi_0.05_p+0,test,xi_0.05,0.0,static_lti_mh,0.2789374717748503,0.7657913853339856,0.009481412589502027,,,,,,,,
dwell,dwell_r5_xi_0.05_p+0,test,xi_0.05,0.0,dsh,0.2884531527696807,0.8904278901850097,0.009368380338982263,,,,,,,,
dwell,dwell_r5_xi_0.05_p+3,test,xi_0.05,3.0,full,,0.4673923017953007,0.08064803663805219,,,,,,,,
dwell,dwell_r5_xi_0.05_p+3,test,xi_0.05,3.0,gmp,0.13070929245039115,0.49472112506617005,0.036026222949208375,,,,,,,,
dwell,dwell_r5_xi_0.05_p+3,test,xi_0.05,3.0,static_mh,2.332475916208377,0.5835392030869342,0.48121637630370173,,,,,,,,
dwell,dwell_r5_xi_0.05_p+3,test,xi_0.05,3.0,static_lti_mh,0.7528321300129087,0.5675271011523269,0.02223643065353808,,,,,,,,
dwell,dwell_r5_xi_0.05_p+3,test,xi_0.05,3.0,dsh,0.7155291621052737,0.7908769327904267,0.014688446017369704,,,,,,,,
dwell,dwell_r5_xi_0.05_p+6,test,xi_0.05,6.0,full,,0.3080946696142787,0.07290317355243557,,,,,,,,
dwell,dwell_r5_xi_0.05_p+6,test,xi_0.05,6.0,gmp,0.13900102458804864,0.3574312799728354,0.05350406684846802,,,,,,,,
dwell,dwell_r5_xi_0.05_p+6,test,xi_0.05,6.0,static_mh,2.73569354330348,0.40341123746063573,0.2669819357980105,,,,,,,,
dwell,dwell_r5_xi_0.05_p+6,test,xi_0.05,6.0,static_lti_mh,1.596329500399117,0.3713736808802436,0.03277657382711897,,,,,,,,
dwell,dwell_r5_xi_0.05_p+6,test,xi_0.05,6.0,dsh,1.0821181943114617,0.5997975416924106,0.012419473744994393,,,,,,,,
dwell,dwell_r5_xi_0.1_p+0,test,xi_0.1,0.0,full,,0.6687764087857013,0.06152184550372997,,,,,,,,
dwell,dwell_r5_xi_0.1_p+0,test,xi_0.1,0.0,gmp,0.10713276452535711,0.5976866186148603,0.0157774383451734,,,,,,,,
dwell,dwell_r5_xi_0.1_p+0,test,xi_0.1,0.0,static_mh,0.3527664730130378,0.7479284257423848,0.030348620491437186,,,,,,,,
dwell,dwell_r5_xi_0.1_p+0,test,xi_0.1,0.0,static_lti_mh,0.20016644961127594,0.7588490680769557,0.012695531990133126,,,,,,,,
dwell,dwell_r5_xi_0.1_p+0,test,xi_0.1,0.0,dsh,0.2210686591411525,0.887595457191457,0.00896149007003172,,,,,,,,
dwell,dwell_r5_xi_0.1_p+3,test,xi_0.1,3.0,full,,0.4490401968474283,0.060874357791246045,,,,,,,,
dwell,dwell_r5_xi_0.1_p+3,test,xi_0.1,3.0,gmp,0.15792418472679456,0.48628978661757566,0.023480908970026065,,,,,,,,
dwell,dwell_r5_xi_0.1_p+3,test,xi_0.1,3.0,static_mh,1.4835913105881833,0.551804924866363,0.21922760764500326,,,,,,,,
dwell,dwell_r5_xi_0.1_p+3,test,xi_0.1,3.0,static_lti_mh,0.6636418550396227,0.5530673668235248,0.030167099850013434,,,,,,,,
dwell,dwell_r5_xi_0.1_p+3,test,xi_0.1,3.0,dsh,0.7355210290421449,0.7859733196464993,0.011845808662683876,,,,,,,,
dwell,dwell_r5_xi_0.25_p+3,test,xi_0.25,3.0,full,,0.37292436820596303,0.051327910201695304,,,,,,,,
dwell,dwell_r5_xi_0.25_p+3,test,xi_0.25,3.0,gmp,0.22356895872289348,0.44451943721807885,0.020300317483832528,,,,,,,,
dwell,dwell_r5_xi_0.25_p+3,test,xi_0.25,3.0,static_mh,1.2303238967222694,0.5495498769744952,0.11807342845270817,,,,,,,,
dwell,dwell_r5_xi_0.25_p+3,test,xi_0.25,3.0,static_lti_mh,0.7448806372843059,0.5579598706037459,0.04201916256560021,,,,,,,,
dwell,dwell_r5_xi_0.25_p+3,test,xi_0.25,3.0,dsh,1.1184801862589182,0.7723003058778686,0.010168945329016838,,,,,,,,
dwell,dwell_r5_xi_0.5_p+3,test,xi_0.5,3.0,full,,0.36841702020210804,0.06973910961279475,,,,,,,,
dwell,dwell_r5_xi_0.5_p+3,test,xi_0.5,3.0,gmp,0.2420381272588053,0.4279002772363855,0.023087931432352177,,,,,,,,
dwell,dwell_r5_xi_0.5_p+3,test,xi_0.5,3.0,static_mh,0.9368330477258732,0.5608565876611791,0.08887900719762995,,,,,,,,
dwell,dwell_r5_xi_0.5_p+3,test,xi_0.5,3.0,static_lti_mh,0.6707534181327932,0.5610168961725942,0.04937471156564654,,,,,,,,
dwell,dwell_r5_xi_0.5_p+3,test,xi_0.5,3.0,dsh,1.0256340106619994,0.7505077448230209,0.013614131385597502,,,,,,,,
dwell,dwell_r5_xi_1_p+3,test,xi_1,3.0,full,,0.39960986249523156,0.08655997686510741,,,,,,,,
dwell,dwell_r5_xi_1_p+3,test,xi_1,3.0,gmp,0.21283715185810087,0.4058556486469096,0.02672380056068112,,,,,,,,
dwell,dwell_r5_xi_1_p+3,test,xi_1,3.0,static_mh,0.6069933849702477,0.5571297763820888,0.0730629748955322,,,,,,,,
dwell,dwell_r5_xi_1_p+3,test,xi_1,3.0,static_lti_mh,0.4697889840139292,0.559629113979204,0.05086506029560951,,,,,,,,
dwell,dwell_r5_xi_1_p+3,test,xi_1,3.0,dsh,0.6913895239109284,0.7186181822673696,0.020053946140318468,,,,,,,,
dwell,dwell_r5_xi_2_p+3,test,xi_2,3.0,full,,0.39015579870094297,0.09880611075187463,,,,,,,,
dwell,dwell_r5_xi_2_p+3,test,xi_2,3.0,gmp,0.1988303050967272,0.37772335477779584,0.03347578732991442,,,,,,,,
dwell,dwell_r5_xi_2_p+3,test,xi_2,3.0,static_mh,0.5202818435443773,0.5599809395708049,0.06569318820112979,,,,,,,,
dwell,dwell_r5_xi_2_p+3,test,xi_2,3.0,static_lti_mh,0.41624117854125586,0.5604745137842091,0.05110067405118772,,,,,,,,
dwell,dwell_r5_xi_2_p+3,test,xi_2,3.0,dsh,0.5832683896180898,0.6761106754083769,0.03157374681688258,,,,,,,,
dwell,dwell_r5_xi_4_p+0,test,xi_4,0.0,full,,0.5149506580135474,0.10976829309854988,,,,,,,,
dwell,dwell_r5_xi_4_p+0,test,xi_4,0.0,gmp,0.15984782219560975,0.4858572154816733,0.026300617338247265,,,,,,,,
dwell,dwell_r5_xi_4_p+0,test,xi_4,0.0,static_mh,0.42100272644742776,0.7657068581729449,0.01809686976193973,,,,,,,,
dwell,dwell_r5_xi_4_p+0,test,xi_4,0.0,static_lti_mh,0.370806873154493,0.7634454650552541,0.018975540466271156,,,,,,,,
dwell,dwell_r5_xi_4_p+0,test,xi_4,0.0,dsh,0.4098893592365269,0.8028069121668566,0.016931583864502126,,,,,,,,
dwell,dwell_r5_xi_4_p+3,test,xi_4,3.0,full,,0.37129084561533937,0.10509392351954475,,,,,,,,
dwell,dwell_r5_xi_4_p+3,test,xi_4,3.0,gmp,0.16895826778059703,0.35297940475270995,0.0378960387265323,,,,,,,,
dwell,dwell_r5_xi_4_p+3,test,xi_4,3.0,static_mh,0.46196392217409427,0.5591744166807184,0.06170173202262007,,,,,,,,
dwell,dwell_r5_xi_4_p+3,test,xi_4,3.0,static_lti_mh,0.3812363293754046,0.559434886312363,0.05151821778321602,,,,,,,,
dwell,dwell_r5_xi_4_p+3,test,xi_4,3.0,dsh,0.4820994647054894,0.6270855066135494,0.04405115954102726,,,,,,,,
dwell,dwell_r5_xi_4_p+6,test,xi_4,6.0,full,,0.2604952978169109,0.07060931002682086,,,,,,,,
dwell,dwell_r5_xi_4_p+6,test,xi_4,6.0,gmp,0.1653571757980185,0.22585235059890849,0.04540989706337602,,,,,,,,
dwell,dwell_r5_xi_4_p+6,test,xi_4,6.0,static_mh,0.5636214909760481,0.36765653157963163,0.10163626795154823,,,,,,,,
dwell,dwell_r5_xi_4_p+6,test,xi_4,6.0,static_lti_mh,0.46787659748459415,0.3644410386802553,0.09099706112485713,,,,,,,,
dwell,dwell_r5_xi_4_p+6,test,xi_4,6.0,dsh,0.4630551801554221,0.41634952172212314,0.07894779548605949,,,,,,,,
dwell,dwell_r6_xi_0.05_p+0,test,xi_0.05,0.0,full,,0.6621742613114411,0.07901869849976473,,,,,,,,
dwell,dwell_r6_xi_0.05_p+0,test,xi_0.05,0.0,gmp,0.1025036117676402,0.6074112847494936,0.023624429104819197,,,,,,,,
dwell,dwell_r6_xi_0.05_p+0,test,xi_0.05,0.0,static_mh,0.5021766324984003,0.748301392305447,0.05700374009004067,,,,,,,,
dwell,dwell_r6_xi_0.05_p+0,test,xi_0.05,0.0,static_lti_mh,0.25907605950888646,0.7658711700782795,0.009524951191646112,,,,,,,,
dwell,dwell_r6_xi_0.05_p+0,test,xi_0.05,0.0,dsh,0.2650251810889194,0.8900849536327073,0.009346220512663877,,,,,,,,
dwell,dwell_r6_xi_0.05_p+3,test,xi_0.05,3.0,full,,0.4822839555290865,0.08245466402758742,,,,,,,,
dwell,dwell_r6_xi_0.05_p+3,test,xi_0.05,3.0,gmp,0.12880027843089334,0.48793307471155306,0.03639815802989213,,,,,,,,
dwell,dwell_r6_xi_0.05_p+3,test,xi_0.05,3.0,static_mh,2.2722383964467427,0.5670712060820071,0.4804330874132891,,,,,,,,
dwell,dwell_r6_xi_0.05_p+3,test,xi_0.05,3.0,static_lti_mh,0.7064253164821186,0.5700224195535927,0.022276777107265888,,,,,,,,
dwell,dwell_r6_xi_0.05_p+3,test,xi_0.05,3.0,dsh,0.6826148068030623,0.7929579590519973,0.014706516931551334,,,,,,,,
dwell,dwell_r6_xi_0.05_p+6,test,xi_0.05,6.0,full,,0.3030322156241777,0.07253350586796257,,,,,,,,
dwell,dwell_r6_xi_0.05_p+6,test,xi_0.05,6.0,gmp,0.14408183274847805,0.3493312152379917,0.05418858684577221,,,,,,,,
dwell,dwell_r6_xi_0.05_p+6,test,xi_0.05,6.0,static_mh,2.8282100573474196,0.396867049276461,0.26645762023012215,,,,,,,,
dwell,dwell_r6_xi_0.05_p+6,test,xi_0.05,6.0,static_lti_mh,1.599662188032029,0.37541561186848155,0.03256422870780742,,,,,,,,
dwell,dwell_r6_xi_0.05_p+6,test,xi_0.05,6.0,dsh,1.1450503457716832,0.6033802562477297,0.012601027456896223,,,,,,,,
dwell,dwell_r6_xi_0.1_p+0,test,xi_0.1,0.0,full,,0.666970627483858,0.06306825126802854,,,,,,,,
dwell,dwell_r6_xi_0.1_p+0,test,xi_0.1,0.0,gmp,0.11221409311196948,0.5972754271211663,0.015824597593685066,,,,,,,,
dwell,dwell_r6_xi_0.1_p+0,test,xi_0.1,0.0,static_mh,0.3564674824310368,0.7518647244900133,0.030581965926070223,,,,,,,,
dwell,dwell_r6_xi_0.1_p+0,test,xi_0.1,0.0,static_lti_mh,0.20643226924595087,0.7594600093024367,0.012803089054879264,,,,,,,,
dwell,dwell_r6_xi_0.1_p+0,test,xi_0.1,0.0,dsh,0.22846789331641523,0.8883001926208183,0.00920715596367294,,,,,,,,
dwell,dwell_r6_xi_0.1_p+3,test,xi_0.1,3.0,full,,0.44513715456893016,0.05914570201137656,,,,,,,,
dwell,dwell_r6_xi_0.1_p+3,test,xi_0.1,3.0,gmp,0.1618726042780143,0.4858800112793172,0.02356221643487709,,,,,,,,
dwell,dwell_r6_xi_0.1_p+3,test,xi_0.1,3.0,static_mh,1.4901677546042087,0.5553066547823062,0.2205200618285708,,,,,,,,
dwell,dwell_r6_xi_0.1_p+3,test,xi_0.1,3.0,static_lti_mh,0.6781075814291405,0.5537889870247136,0.03002020205921604,,,,,,,,
dwell,dwell_r6_xi_0.1_p+3,test,xi_0.1,3.0,dsh,0.757754412094912,0.7875024601183744,0.012125729185585202,,,,,,,,
dwell,dwell_r6_xi_0.25_p+3,test,xi_0.25,3.0,full,,0.38840622079132064,0.051071409099093815,,,,,,,,
dwell,dwell_r6_xi_0.25_p+3,test,xi_0.25,3.0,gmp,0.21179219191577067,0.4489747540758367,0.019783768200380972,,,,,,,,
dwell,dwell_r6_xi_0.25_p+3,test,xi_0.25,3.0,static_mh,1.158577034062251,0.5584748406184186,0.12017476471625442,,,,,,,,
dwell,dwell_r6_xi_0.25_p+3,test,xi_0.25,3.0,static_lti_mh,0.704369236799891,0.5601492609301058,0.042571286890631714,,,,,,,,
dwell,dwell_r6_xi_0.25_p+3,test,xi_0.25,3.0,dsh,1.0315512267487812,0.7748517173292392,0.010645500014801674,,,,,,,,
dwell,dwell_r6_xi_0.5_p+3,test,xi_0.5,3.0,full,,0.3731605714368331,0.06697708659150634,,,,,,,,
dwell,dwell_r6_xi_0.5_p+3,test,xi_0.5,3.0,gmp,0.22871995321482771,0.43039576031032317,0.022263355079265326,,,,,,,,
dwell,dwell_r6_xi_0.5_p+3,test,xi_0.5,3.0,static_mh,0.900350214960274,0.5619231474326191,0.08922316199772429,,,,,,,,
dwell,dwell_r6_xi_0.5_p+3,test,xi_0.5,3.0,static_lti_mh,0.6408597116708272,0.5614798091541533,0.04963219868345384,,,,,,,,
dwell,dwell_r6_xi_0.5_p+3,test,xi_0.5,3.0,dsh,1.004133031830415,0.7528230231402107,0.01300005665586602,,,,,,,,
dwell,dwell_r6_xi_1_p+3,test,xi_1,3.0,full,,0.3839208687538812,0.08552455132419477,,,,,,,,
dwell,dwell_r6_xi_1_p+3,test,xi_1,3.0,gmp,0.21499131747315667,0.40714320142838,0.026854088839700974,,,,,,,,
dwell,dwell_r6_xi_1_p+3,test,xi_1,3.0,static_mh,0.6440306643826224,0.5632545162719605,0.07255106610150401,,,,,,,,
dwell,dwell_r6_xi_1_p+3,test,xi_1,3.0,static_lti_mh,0.5005239345359989,0.5607442778291634,0.05052137470884359,,,,,,,,
dwell,dwell_r6_xi_1_p+3,test,xi_1,3.0,dsh,0.7645540928875035,0.7195201439326084,0.020469065125523253,,,,,,,,
dwell,dwell_r6_xi_2_p+3,test,xi_2,3.0,full,,0.38504973741480014,0.09828176078511756,,,,,,,,
dwell,dwell_r6_xi_2_p+3,test,xi_2,3.0,gmp,0.18807073224706194,0.3761979454722632,0.03414462049069801,,,,,,,,
dwell,dwell_r6_xi_2_p+3,test,xi_2,3.0,static_mh,0.5144945091311827,0.5651428432100678,0.06713179486127052,,,,,,,,
dwell,dwell_r6_xi_2_p+3,test,xi_2,3.0,static_lti_mh,0.40861325739237503,0.5634007243743746,0.05214726242148498,,,,,,,,
dwell,dwell_r6_xi_2_p+3,test,xi_2,3.0,dsh,0.5706401000043847,0.6686404023523489,0.033775119033365636,,,,,,,,
dwell,dwell_r6_xi_4_p+0,test,xi_4,0.0,full,,0.5444010316101262,0.09676988603751777,,,,,,,,
dwell,dwell_r6_xi_4_p+0,test,xi_4,0.0,gmp,0.13876597798106202,0.48705886019096195,0.026258443173476052,,,,,,,,
dwell,dwell_r6_xi_4_p+0,test,xi_4,0.0,static_mh,0.348992773466061,0.7707417500763387,0.01820099369260911,,,,,,,,
dwell,dwell_r6_xi_4_p+0,test,xi_4,0.0,static_lti_mh,0.2945545964242426,0.764024210591902,0.019317323056900784,,,,,,,,
dwell,dwell_r6_xi_4_p+0,test,xi_4,0.0,dsh,0.3307575923601821,0.8026572731952465,0.017283007618399366,,,,,,,,
dwell,dwell_r6_xi_4_p+3,test,xi_4,3.0,full,,0.36459971345579134,0.10488503403857637,,,,,,,,
dwell,dwell_r6_xi_4_p+3,test,xi_4,3.0,gmp,0.15975679618633307,0.35495835491003347,0.03795319953465253,,,,,,,,
dwell,dwell_r6_xi_4_p+3,test,xi_4,3.0,static_mh,0.48380133847185913,0.5636907121904893,0.06206335875880663,,,,,,,,
dwell,dwell_r6_xi_4_p+3,test,xi_4,3.0,static_lti_mh,0.3946227496840345,0.5604822538455914,0.052017452020964534,,,,,,,,
dwell,dwell_r6_xi_4_p+3,test,xi_4,3.0,dsh,0.49777125721599164,0.6268096595805238,0.04471825153297054,,,,,,,,
dwell,dwell_r6_xi_4_p+6,test,xi_4,6.0,full,,0.2587972649375319,0.07027592750695136,,,,,,,,
dwell,dwell_r6_xi_4_p+6,test,xi_4,6.0,gmp,0.16007355006449364,0.22831956071193787,0.04574435120936537,,,,,,,,
dwell,dwell_r6_xi_4_p+6,test,xi_4,6.0,static_mh,0.5735523723318064,0.3705786986038104,0.10236360221459734,,,,,,,,
dwell,dwell_r6_xi_4_p+6,test,xi_4,6.0,static_lti_mh,0.47612570156102724,0.3655351010581255,0.09145391290663663,,,,,,,,
dwell,dwell_r6_xi_4_p+6,test,xi_4,6.0,dsh,0.469890870459335,0.41605541224014253,0.07979242907459384,,,,,,,,
dwell,dwell_r7_xi_0.05_p+0,test,xi_0.05,0.0,full,,0.6402675290901805,0.08032170843312973,,,,,,,,
dwell,dwell_r7_xi_0.05_p+0,test,xi_0.05,0.0,gmp,0.10292590062344092,0.611838511695761,0.02381793686491342,,,,,,,,
dwell,dwell_r7_xi_0.05_p+0,test,xi_0.05,0.0,static_mh,0.5487219051594396,0.7475194529088178,0.057084996727102114,,,,,,,,
dwell,dwell_r7_xi_0.05_p+0,test,xi_0.05,0.0,static_lti_mh,0.288153075308602,0.7656222664096972,0.009533883522966245,,,,,,,,
dwell,dwell_r7_xi_0.05_p+0,test,xi_0.05,0.0,dsh,0.2984080193336579,0.8902085040935769,0.009263618944890023,,,,,,,,
dwell,dwell_r7_xi_0.05_p+3,test,xi_0.05,3.0,full,,0.44767145231785843,0.08163224997164696,,,,,,,,
dwell,dwell_r7_xi_0.05_p+3,test,xi_0.05,3.0,gmp,0.13646070834000265,0.4929440443889707,0.0366922560718168,,,,,,,,
dwell,dwell_r7_xi_0.05_p+3,test,xi_0.05,3.0,static_mh,2.493029117955195,0.5614798660848923,0.4795220630533339,,,,,,,,
dwell,dwell_r7_xi_0.05_p+3,test,xi_0.05,3.0,static_lti_mh,0.8116929924143037,0.5677436448177628,0.022091600861636525,,,,,,,,
dwell,dwell_r7_xi_0.05_p+3,test,xi_0.05,3.0,dsh,0.8024764718986845,0.7913486361106444,0.014479737191105041,,,,,,,,
dwell,dwell_r7_xi_0.05_p+6,test,xi_0.05,6.0,full,,0.2979725104261278,0.07343179785882098,,,,,,,,
dwell,dwell_r7_xi_0.05_p+6,test,xi_0.05,6.0,gmp,0.14144486786677468,0.35505100069222917,0.05454245400378906,,,,,,,,
dwell,dwell_r7_xi_0.05_p+6,test,xi_0.05,6.0,static_mh,2.8437759400911196,0.3896649203183855,0.2662463685309275,,,,,,,,
dwell,dwell_r7_xi_0.05_p+6,test,xi_0.05,6.0,static_lti_mh,1.6406769226713454,0.37185704106507755,0.0324917046463808,,,,,,,,
dwell,dwell_r7_xi_0.05_p+6,test,xi_0.05,6.0,dsh,1.1514149005900507,0.6007744000767693,0.012374901129051017,,,,,,,,
dwell,dwell_r7_xi_0.1_p+0,test,xi_0.1,0.0,full,,0.6635952870165601,0.06134133890942651,,,,,,,,
dwell,dwell_r7_xi_0.1_p+0,test,xi_0.1,0.0,gmp,0.1052428668144043,0.5964329426974493,0.015767422591192782,,,,,,,,
dwell,dwell_r7_xi_0.1_p+0,test,xi_0.1,0.0,static_mh,0.3604609950416189,0.7490929687010516,0.03036918630610483,,,,,,,,
dwell,dwell_r7_xi_0.1_p+0,test,xi_0.1,0.0,static_lti_mh,0.2072893570293702,0.7586153191110554,0.012676484405387696,,,,,,,,
dwell,dwell_r7_xi_0.1_p+0,test,xi_0.1,0.0,dsh,0.23210770916679724,0.8873713348073073,0.009124435992929407,,,,,,,,
dwell,dwell_r7_xi_0.1_p+3,test,xi_0.1,3.0,full,,0.4476630495841637,0.05939975927782567,,,,,,,,
dwell,dwell_r7_xi_0.1_p+3,test,xi_0.1,3.0,gmp,0.1524525249673926,0.48442328230025383,0.023495385027622398,,,,,,,,
dwell,dwell_r7_xi_0.1_p+3,test,xi_0.1,3.0,static_mh,1.5176215078571467,0.5542938128013313,0.21823574071503832,,,,,,,,
dwell,dwell_r7_xi_0.1_p+3,test,xi_0.1,3.0,static_lti_mh,0.6646755441058845,0.5528030981197742,0.030227105078877978,,,,,,,,
dwell,dwell_r7_xi_0.1_p+3,test,xi_0.1,3.0,dsh,0.7501606988041416,0.7855934990694167,0.01206634130588058,,,,,,,,
dwell,dwell_r7_xi_0.25_p+3,test,xi_0.25,3.0,full,,0.38273421245133427,0.0522215691714137,,,,,,,,
dwell,dwell_r7_xi_0.25_p+3,test,xi_0.25,3.0,gmp,0.22334931081159942,0.4461652498805431,0.021004201453610566,,,,,,,,
dwell,dwell_r7_xi_0.25_p+3,test,xi_0.25,3.0,static_mh,1.198168089417891,0.5608312138174989,0.12060414619720451,,,,,,,,
dwell,dwell_r7_xi_0.25_p+3,test,xi_0.25,3.0,static_lti_mh,0.7292764502571297,0.5597740620519635,0.04366921839674011,,,,,,,,
dwell,dwell_r7_xi_0.25_p+3,test,xi_0.25,3.0,dsh,1.0774205267445838,0.7725566950872319,0.0108396032862761,,,,,,,,
dwell,dwell_r7_xi_0.5_p+3,test,xi_0.5,3.0,full,,0.3800193368941474,0.06714592247823041,,,,,,,,
dwell,dwell_r7_xi_0.5_p+3,test,xi_0.5,3.0,gmp,0.2319409379672839,0.4319332869269133,0.02209517113056101,,,,,,,,
dwell,dwell_r7_xi_0.5_p+3,test,xi_0.5,3.0,static_mh,0.8828160165361755,0.5664215272936661,0.08940502083606457,,,,,,,,
dwell,dwell_r7_xi_0.5_p+3,test,xi_0.5,3.0,static_lti_mh,0.6355998898697764,0.5615618632448075,0.04937001174017267,,,,,,,,
dwell,dwell_r7_xi_0.5_p+3,test,xi_0.5,3.0,dsh,0.972345982676938,0.7561324397506151,0.012716111604556215,,,,,,,,
dwell,dwell_r7_xi_1_p+3,test,xi_1,3.0,full,,0.3785526495175838,0.08718241950265435,,,,,,,,
dwell,dwell_r7_xi_1_p+3,test,xi_1,3.0,gmp,0.2210919493246265,0.4077462664986093,0.027138738925406546,,,,,,,,
dwell,dwell_r7_xi_1_p+3,test,xi_1,3.0,static_mh,0.6806199094395998,0.567454562383581,0.07454338796257352,,,,,,,,
dwell,dwell_r7_xi_1_p+3,test,xi_1,3.0,static_lti_mh,0.5367628433727207,0.5623597255420325,0.05173858982566799,,,,,,,,
dwell,dwell_r7_xi_1_p+3,test,xi_1,3.0,dsh,0.8001021665524436,0.7218653545624575,0.019632690429879147,,,,,,,,
dwell,dwell_r7_xi_2_p+3,test,xi_2,3.0,full,,0.37345654839412123,0.09995853552601731,,,,,,,,
dwell,dwell_r7_xi_2_p+3,test,xi_2,3.0,gmp,0.19225080385645976,0.3727507569792834,0.034074546669741156,,,,,,,,
dwell,dwell_r7_xi_2_p+3,test,xi_2,3.0,static_mh,0.5507495744764608,0.5622399740948739,0.06576983596963126,,,,,,,,
dwell,dwell_r7_xi_2_p+3,test,xi_2,3.0,static_lti_mh,0.44366893928067486,0.5601189700950481,0.051572142118943454,,,,,,,,
dwell,dwell_r7_xi_2_p+3,test,xi_2,3.0,dsh,0.6090835405602674,0.668650313140518,0.0335441370689568,,,,,,,,
dwell,dwell_r7_xi_4_p+0,test,xi_4,0.0,full,,0.5129115363991118,0.10082902604866105,,,,,,,,
dwell,dwell_r7_xi_4_p+0,test,xi_4,0.0,gmp,0.13807002483152575,0.4838324821327142,0.026791558503589493,,,,,,,,
dwell,dwell_r7_xi_4_p+0,test,xi_4,0.0,static_mh,0.41759146856856777,0.7706882448392368,0.018327302732093795,,,,,,,,
dwell,dwell_r7_xi_4_p+0,test,xi_4,0.0,static_lti_mh,0.35431821731694035,0.763963245133662,0.019196932898784328,,,,,,,,
dwell,dwell_r7_xi_4_p+0,test,xi_4,0.0,dsh,0.4010862598072416,0.7996239834432226,0.01783479303835332,,,,,,,,
dwell,dwell_r7_xi_4_p+3,test,xi_4,3.0,full,,0.3519898352727858,0.09943153190107837,,,,,,,,
dwell,dwell_r7_xi_4_p+3,test,xi_4,3.0,gmp,0.1531687854053378,0.35048801157312914,0.038632663552854614,,,,,,,,
dwell,dwell_r7_xi_4_p+3,test,xi_4,3.0,static_mh,0.5128644654058819,0.5624705531972289,0.06237161517339657,,,,,,,,
dwell,dwell_r7_xi_4_p+3,test,xi_4,3.0,static_lti_mh,0.42101023260901355,0.5604119536751178,0.051976114974458046,,,,,,,,
dwell,dwell_r7_xi_4_p+3,test,xi_4,3.0,dsh,0.5353991992659771,0.6215096264089686,0.04647989074531363,,,,,,,,
dwell,dwell_r7_xi_4_p+6,test,xi_4,6.0,full,,0.2500323698029321,0.0680056677439333,,,,,,,,
dwell,dwell_r7_xi_4_p+6,test,xi_4,6.0,gmp,0.16462783080217333,0.22429070654987246,0.046188352112043675,,,,,,,,
dwell,dwell_r7_xi_4_p+6,test,xi_4,6.0,static_mh,0.611361203888153,0.3697098202342427,0.10298999414263814,,,,,,,,
dwell,dwell_r7_xi_4_p+6,test,xi_4,6.0,static_lti_mh,0.5139326537397035,0.36566562889685617,0.09170063903808867,,,,,,,,
dwell,dwell_r7_xi_4_p+6,test,xi_4,6.0,dsh,0.5147619073725649,0.41323999838022557,0.08262986570186776,,,,,,,,
shuffle,shuffle_r4_BLOCK_SHUFFLED_CYCLES_p+3,test,BLOCK_SHUFFLED_CYCLES,3.0,full,,0.35239786309212245,0.09725632220259714,,,,,,,,
shuffle,shuffle_r4_BLOCK_SHUFFLED_CYCLES_p+3,test,BLOCK_SHUFFLED_CYCLES,3.0,gmp,0.2512374414215301,0.38985340446474087,0.04253795148736009,,,,,,,,
shuffle,shuffle_r4_BLOCK_SHUFFLED_CYCLES_p+3,test,BLOCK_SHUFFLED_CYCLES,3.0,static_mh,0.6324340842790198,0.40259511991337704,0.15529359392029948,,,,,,,,
shuffle,shuffle_r4_BLOCK_SHUFFLED_CYCLES_p+3,test,BLOCK_SHUFFLED_CYCLES,3.0,static_lti_mh,0.49847711844905473,0.39820848546679743,0.13315475485908743,,,,,,,,
shuffle,shuffle_r4_BLOCK_SHUFFLED_CYCLES_p+3,test,BLOCK_SHUFFLED_CYCLES,3.0,dsh,0.584212890285483,0.5459130048605192,0.11130914925589787,,,,,,,,
shuffle,shuffle_r4_BLOCK_SHUFFLED_CYCLES_p+6,test,BLOCK_SHUFFLED_CYCLES,6.0,full,,0.24959481458391403,0.0649579102115617,,,,,,,,
shuffle,shuffle_r4_BLOCK_SHUFFLED_CYCLES_p+6,test,BLOCK_SHUFFLED_CYCLES,6.0,gmp,28.356403868913677,0.3187598699541353,3.456300639240414,,,,,,,,
shuffle,shuffle_r4_BLOCK_SHUFFLED_CYCLES_p+6,test,BLOCK_SHUFFLED_CYCLES,6.0,static_mh,1.0236630887269353,0.2779009713914931,0.1487462934349692,,,,,,,,
shuffle,shuffle_r4_BLOCK_SHUFFLED_CYCLES_p+6,test,BLOCK_SHUFFLED_CYCLES,6.0,static_lti_mh,0.7631922086230827,0.2888450374826014,0.11065171241808902,,,,,,,,
shuffle,shuffle_r4_BLOCK_SHUFFLED_CYCLES_p+6,test,BLOCK_SHUFFLED_CYCLES,6.0,dsh,0.8209316040920054,0.3994423284405003,0.10455485333856429,,,,,,,,
shuffle,shuffle_r4_ORIGINAL_p+3,test,ORIGINAL,3.0,full,,0.3275752741743889,0.09878627702032118,,,,,,,,
shuffle,shuffle_r4_ORIGINAL_p+3,test,ORIGINAL,3.0,gmp,0.1926683310595579,0.3371673322938265,0.051241495959963766,,,,,,,,
shuffle,shuffle_r4_ORIGINAL_p+3,test,ORIGINAL,3.0,static_mh,0.6125663355670343,0.40105417171244845,0.15461473612121263,,,,,,,,
shuffle,shuffle_r4_ORIGINAL_p+3,test,ORIGINAL,3.0,static_lti_mh,0.47753449084196664,0.4029761077966448,0.12672516406529719,,,,,,,,
shuffle,shuffle_r4_ORIGINAL_p+3,test,ORIGINAL,3.0,dsh,0.515147139888196,0.4997813498600957,0.1181689307047229,,,,,,,,
shuffle,shuffle_r4_ORIGINAL_p+6,test,ORIGINAL,6.0,full,,0.23018398757362032,0.06768876851484544,,,,,,,,
shuffle,shuffle_r4_ORIGINAL_p+6,test,ORIGINAL,6.0,gmp,29.885422063660968,0.3132484889621661,3.5532113373604752,,,,,,,,
shuffle,shuffle_r4_ORIGINAL_p+6,test,ORIGINAL,6.0,static_mh,0.9470567284256776,0.28204461713837486,0.14149730564407714,,,,,,,,
shuffle,shuffle_r4_ORIGINAL_p+6,test,ORIGINAL,6.0,static_lti_mh,0.7032794654687747,0.29010273776418277,0.10817508222556466,,,,,,,,
shuffle,shuffle_r4_ORIGINAL_p+6,test,ORIGINAL,6.0,dsh,0.6939502150024476,0.3657259827184015,0.11019441037617556,,,,,,,,
shuffle,shuffle_r5_BLOCK_SHUFFLED_CYCLES_p+3,test,BLOCK_SHUFFLED_CYCLES,3.0,full,,0.34309051310546446,0.08094432278775547,,,,,,,,
shuffle,shuffle_r5_BLOCK_SHUFFLED_CYCLES_p+3,test,BLOCK_SHUFFLED_CYCLES,3.0,gmp,0.2417720910282059,0.3827986036872353,0.035960011750173736,,,,,,,,
shuffle,shuffle_r5_BLOCK_SHUFFLED_CYCLES_p+3,test,BLOCK_SHUFFLED_CYCLES,3.0,static_mh,0.7243822356390345,0.427977467738135,0.1336510854634306,,,,,,,,
shuffle,shuffle_r5_BLOCK_SHUFFLED_CYCLES_p+3,test,BLOCK_SHUFFLED_CYCLES,3.0,static_lti_mh,0.6255517535581985,0.4244074410566084,0.11939601162474846,,,,,,,,
shuffle,shuffle_r5_BLOCK_SHUFFLED_CYCLES_p+3,test,BLOCK_SHUFFLED_CYCLES,3.0,dsh,0.7694980619182504,0.5930796850355191,0.07915724940843098,,,,,,,,
shuffle,shuffle_r5_BLOCK_SHUFFLED_CYCLES_p+6,test,BLOCK_SHUFFLED_CYCLES,6.0,full,,0.251265401566312,0.05363323213132329,,,,,,,,
shuffle,shuffle_r5_BLOCK_SHUFFLED_CYCLES_p+6,test,BLOCK_SHUFFLED_CYCLES,6.0,gmp,0.28642799635066607,0.3034046101351093,0.030865924935315526,,,,,,,,
shuffle,shuffle_r5_BLOCK_SHUFFLED_CYCLES_p+6,test,BLOCK_SHUFFLED_CYCLES,6.0,static_mh,1.101129052720732,0.2958582139289953,0.13354593192719288,,,,,,,,
shuffle,shuffle_r5_BLOCK_SHUFFLED_CYCLES_p+6,test,BLOCK_SHUFFLED_CYCLES,6.0,static_lti_mh,0.8852510739349784,0.29735586716607926,0.10431377820297714,,,,,,,,
shuffle,shuffle_r5_BLOCK_SHUFFLED_CYCLES_p+6,test,BLOCK_SHUFFLED_CYCLES,6.0,dsh,0.882926954002392,0.41676648190883864,0.0885088578013855,,,,,,,,
shuffle,shuffle_r5_ORIGINAL_p+3,test,ORIGINAL,3.0,full,,0.34244775134134237,0.08875501703729129,,,,,,,,
shuffle,shuffle_r5_ORIGINAL_p+3,test,ORIGINAL,3.0,gmp,0.18359885455269623,0.3455810477428923,0.04426210674443376,,,,,,,,
shuffle,shuffle_r5_ORIGINAL_p+3,test,ORIGINAL,3.0,static_mh,0.6181504386633544,0.426017727546717,0.13050866246038384,,,,,,,,
shuffle,shuffle_r5_ORIGINAL_p+3,test,ORIGINAL,3.0,static_lti_mh,0.5205916377681941,0.42274681130340774,0.11843353036388381,,,,,,,,
shuffle,shuffle_r5_ORIGINAL_p+3,test,ORIGINAL,3.0,dsh,0.5815697834402939,0.5548569757039405,0.0887417904682534,,,,,,,,
shuffle,shuffle_r5_ORIGINAL_p+6,test,ORIGINAL,6.0,full,,0.24767811591389532,0.05878196317740656,,,,,,,,
shuffle,shuffle_r5_ORIGINAL_p+6,test,ORIGINAL,6.0,gmp,0.2158237121974738,0.2609361113320706,0.03871172485868623,,,,,,,,
shuffle,shuffle_r5_ORIGINAL_p+6,test,ORIGINAL,6.0,static_mh,0.9829339495253187,0.2960731025279526,0.1336570016045298,,,,,,,,
shuffle,shuffle_r5_ORIGINAL_p+6,test,ORIGINAL,6.0,static_lti_mh,0.7613578958980723,0.2966405093707645,0.10505593796438292,,,,,,,,
shuffle,shuffle_r5_ORIGINAL_p+6,test,ORIGINAL,6.0,dsh,0.7330143049635582,0.38492132975619425,0.09399707546214253,,,,,,,,
shuffle,shuffle_r6_BLOCK_SHUFFLED_CYCLES_p+3,test,BLOCK_SHUFFLED_CYCLES,3.0,full,,0.362054024435669,0.08492195588434842,,,,,,,,
shuffle,shuffle_r6_BLOCK_SHUFFLED_CYCLES_p+3,test,BLOCK_SHUFFLED_CYCLES,3.0,gmp,0.20926897499544242,0.3734245567280236,0.0382909317193544,,,,,,,,
shuffle,shuffle_r6_BLOCK_SHUFFLED_CYCLES_p+3,test,BLOCK_SHUFFLED_CYCLES,3.0,static_mh,0.6590742724854347,0.4528785465220816,0.12723274524407394,,,,,,,,
shuffle,shuffle_r6_BLOCK_SHUFFLED_CYCLES_p+3,test,BLOCK_SHUFFLED_CYCLES,3.0,static_lti_mh,0.5742966659217903,0.44538079151157994,0.11655859790811787,,,,,,,,
shuffle,shuffle_r6_BLOCK_SHUFFLED_CYCLES_p+3,test,BLOCK_SHUFFLED_CYCLES,3.0,dsh,0.6699308031658818,0.6060894628327274,0.07082631177730953,,,,,,,,
shuffle,shuffle_r6_BLOCK_SHUFFLED_CYCLES_p+6,test,BLOCK_SHUFFLED_CYCLES,6.0,full,,0.2663036734252689,0.05156806095776259,,,,,,,,
shuffle,shuffle_r6_BLOCK_SHUFFLED_CYCLES_p+6,test,BLOCK_SHUFFLED_CYCLES,6.0,gmp,0.22693796724064788,0.28581403397456867,0.03429143855295186,,,,,,,,
shuffle,shuffle_r6_BLOCK_SHUFFLED_CYCLES_p+6,test,BLOCK_SHUFFLED_CYCLES,6.0,static_mh,1.0232637757035976,0.31203854492410127,0.12866377873246315,,,,,,,,
shuffle,shuffle_r6_BLOCK_SHUFFLED_CYCLES_p+6,test,BLOCK_SHUFFLED_CYCLES,6.0,static_lti_mh,0.818230560767031,0.30990635271371275,0.10152846324049247,,,,,,,,
shuffle,shuffle_r6_BLOCK_SHUFFLED_CYCLES_p+6,test,BLOCK_SHUFFLED_CYCLES,6.0,dsh,0.8087233314430875,0.42335942683552136,0.08235812245219,,,,,,,,
shuffle,shuffle_r6_ORIGINAL_p+3,test,ORIGINAL,3.0,full,,0.3370253770938676,0.08043719827457219,,,,,,,,
shuffle,shuffle_r6_ORIGINAL_p+3,test,ORIGINAL,3.0,gmp,0.1930845978008001,0.35221660171535485,0.040142443398636735,,,,,,,,
shuffle,shuffle_r6_ORIGINAL_p+3,test,ORIGINAL,3.0,static_mh,0.7024080847371464,0.44567572565027924,0.12740589138987904,,,,,,,,
shuffle,shuffle_r6_ORIGINAL_p+3,test,ORIGINAL,3.0,static_lti_mh,0.5942502026727312,0.4440213150845865,0.11617562466997128,,,,,,,,
shuffle,shuffle_r6_ORIGINAL_p+3,test,ORIGINAL,3.0,dsh,0.6501064826990642,0.5742005774859914,0.07758532667361084,,,,,,,,
shuffle,shuffle_r6_ORIGINAL_p+6,test,ORIGINAL,6.0,full,,0.24762301192680736,0.05025700678640888,,,,,,,,
shuffle,shuffle_r6_ORIGINAL_p+6,test,ORIGINAL,6.0,gmp,0.2175528138661771,0.26193763341263426,0.03556567449685076,,,,,,,,
shuffle,shuffle_r6_ORIGINAL_p+6,test,ORIGINAL,6.0,static_mh,1.0529975947907493,0.310437099848675,0.12438639586438513,,,,,,,,
shuffle,shuffle_r6_ORIGINAL_p+6,test,ORIGINAL,6.0,static_lti_mh,0.8436357492662621,0.30813410880225,0.0995734296759226,,,,,,,,
shuffle,shuffle_r6_ORIGINAL_p+6,test,ORIGINAL,6.0,dsh,0.7815725876451584,0.3990220341424428,0.08704702054290503,,,,,,,,
shuffle,shuffle_r7_BLOCK_SHUFFLED_CYCLES_p+3,test,BLOCK_SHUFFLED_CYCLES,3.0,full,,0.34428414032052607,0.08189603570008093,,,,,,,,
shuffle,shuffle_r7_BLOCK_SHUFFLED_CYCLES_p+3,test,BLOCK_SHUFFLED_CYCLES,3.0,gmp,0.2190875961602671,0.3629209378136238,0.04234262445928805,,,,,,,,
shuffle,shuffle_r7_BLOCK_SHUFFLED_CYCLES_p+3,test,BLOCK_SHUFFLED_CYCLES,3.0,static_mh,0.6879955990030148,0.4205919898608792,0.1335686077861715,,,,,,,,
shuffle,shuffle_r7_BLOCK_SHUFFLED_CYCLES_p+3,test,BLOCK_SHUFFLED_CYCLES,3.0,static_lti_mh,0.6152445577725045,0.4189332861958498,0.12586098347086538,,,,,,,,
shuffle,shuffle_r7_BLOCK_SHUFFLED_CYCLES_p+3,test,BLOCK_SHUFFLED_CYCLES,3.0,dsh,0.7038566075115814,0.5789692811407127,0.0846853721257638,,,,,,,,
shuffle,shuffle_r7_BLOCK_SHUFFLED_CYCLES_p+6,test,BLOCK_SHUFFLED_CYCLES,6.0,full,,0.2567547122128477,0.05029873646996923,,,,,,,,
shuffle,shuffle_r7_BLOCK_SHUFFLED_CYCLES_p+6,test,BLOCK_SHUFFLED_CYCLES,6.0,gmp,0.251436031513765,0.28644085654134493,0.035156790472268815,,,,,,,,
shuffle,shuffle_r7_BLOCK_SHUFFLED_CYCLES_p+6,test,BLOCK_SHUFFLED_CYCLES,6.0,static_mh,1.0756439987163227,0.2942322617547548,0.129777925684778,,,,,,,,
shuffle,shuffle_r7_BLOCK_SHUFFLED_CYCLES_p+6,test,BLOCK_SHUFFLED_CYCLES,6.0,static_lti_mh,0.9057400382333033,0.2947897568203351,0.1079108224503118,,,,,,,,
shuffle,shuffle_r7_BLOCK_SHUFFLED_CYCLES_p+6,test,BLOCK_SHUFFLED_CYCLES,6.0,dsh,0.9309415221908376,0.41245863590897974,0.09604197235631105,,,,,,,,
shuffle,shuffle_r7_ORIGINAL_p+3,test,ORIGINAL,3.0,full,,0.3476071064583108,0.08752702768852112,,,,,,,,
shuffle,shuffle_r7_ORIGINAL_p+3,test,ORIGINAL,3.0,gmp,0.18400137039041792,0.3401925483032981,0.04642184595044442,,,,,,,,
shuffle,shuffle_r7_ORIGINAL_p+3,test,ORIGINAL,3.0,static_mh,0.5799121041559937,0.42275873973415146,0.12982749401456353,,,,,,,,
shuffle,shuffle_r7_ORIGINAL_p+3,test,ORIGINAL,3.0,static_lti_mh,0.5127760399156921,0.42063664567472314,0.1207791315755857,,,,,,,,
shuffle,shuffle_r7_ORIGINAL_p+3,test,ORIGINAL,3.0,dsh,0.5400377909599297,0.5484885944056747,0.0898992291630335,,,,,,,,
shuffle,shuffle_r7_ORIGINAL_p+6,test,ORIGINAL,6.0,full,,0.2511162371862711,0.056782957588616526,,,,,,,,
shuffle,shuffle_r7_ORIGINAL_p+6,test,ORIGINAL,6.0,gmp,0.19842080379890395,0.25741148082654103,0.03958636141407686,,,,,,,,
shuffle,shuffle_r7_ORIGINAL_p+6,test,ORIGINAL,6.0,static_mh,0.9427598303627438,0.29701416826871346,0.1258370292144525,,,,,,,,
shuffle,shuffle_r7_ORIGINAL_p+6,test,ORIGINAL,6.0,static_lti_mh,0.7645918556310412,0.2960521772438793,0.10431024101216661,,,,,,,,
shuffle,shuffle_r7_ORIGINAL_p+6,test,ORIGINAL,6.0,dsh,0.7268391744311556,0.3868283912826402,0.09977293984561082,,,,,,,,
fair,regen_16QAM_s20262404_p+00_Nd4001,test,,0.0,full,,0.8159291980468623,0.02601894696291278,16QAM,20262404.0,2.096213445027252,,,,,
fair,regen_16QAM_s20262404_p+00_Nd4001,test,,0.0,gmp,0.048897682143458576,0.6992548206128368,0.007853204214019381,16QAM,20262404.0,1.8275707107411838,,,,,
fair,regen_16QAM_s20262404_p+00_Nd4001,test,,0.0,static_mh,0.29381754660886766,0.7137716096075558,0.020771794219755828,16QAM,20262404.0,3.5595333452011966,,,,,
fair,regen_16QAM_s20262404_p+00_Nd4001,test,,0.0,static_lti_mh,0.060838372568566244,0.8429388421339474,0.005422485945444272,16QAM,20262404.0,2.375595195832698,,,,,
fair,regen_16QAM_s20262404_p+00_Nd4001,test,,0.0,dsh,0.05980915506992343,0.8898678444325752,0.0007899200160043814,16QAM,20262404.0,2.4009821929187205,,,,,
fair,regen_16QAM_s20262404_p+03_Nd4001,test,,3.0,full,,0.6348798120177814,0.03893004459338017,16QAM,20262404.0,1.6747638646369467,,,,,
fair,regen_16QAM_s20262404_p+03_Nd4001,test,,3.0,gmp,0.06661013002002333,0.5853820078799098,0.012141312432538959,16QAM,20262404.0,1.6045315635958677,,,,,
fair,regen_16QAM_s20262404_p+03_Nd4001,test,,3.0,static_mh,0.5969984372739411,0.5909796447725822,0.09657214921092652,16QAM,20262404.0,2.0646940028778267,,,,,
fair,regen_16QAM_s20262404_p+03_Nd4001,test,,3.0,static_lti_mh,0.20462484379997223,0.7002277210917036,0.016832067706882427,16QAM,20262404.0,2.318394140712639,,,,,
fair,regen_16QAM_s20262404_p+03_Nd4001,test,,3.0,dsh,0.2155684227685201,0.7902956122679864,0.002443010950914735,16QAM,20262404.0,2.406509314279779,,,,,
fair,regen_16QAM_s20262404_p+06_Nd4001,test,,6.0,full,,0.44116178111898247,0.03256740689711455,16QAM,20262404.0,1.1748926392249308,,,,,
fair,regen_16QAM_s20262404_p+06_Nd4001,test,,6.0,gmp,0.08352985766096767,0.4487450897146378,0.018212530489238293,16QAM,20262404.0,1.2637325887725603,,,,,
fair,regen_16QAM_s20262404_p+06_Nd4001,test,,6.0,static_mh,1.1713314952092506,0.40066361092650155,0.1538998190773579,16QAM,20262404.0,0.8634246606437245,,,,,
fair,regen_16QAM_s20262404_p+06_Nd4001,test,,6.0,static_lti_mh,0.46439034591857015,0.47416039696152223,0.03338135191704874,16QAM,20262404.0,2.0249908930130114,,,,,
fair,regen_16QAM_s20262404_p+06_Nd4001,test,,6.0,dsh,0.44518255789088884,0.598475144396959,0.0048566878539627635,16QAM,20262404.0,2.375053164828692,,,,,
fair,regen_16QAM_s20262404_p-03_Nd4001,test,,-3.0,full,,0.9227708440559393,0.011111751052554006,16QAM,20262404.0,2.2915687495545387,,,,,
fair,regen_16QAM_s20262404_p-03_Nd4001,test,,-3.0,gmp,0.032076779524663195,0.7881342479183266,0.005090620746378909,16QAM,20262404.0,1.9559332875807116,,,,,
fair,regen_16QAM_s20262404_p-03_Nd4001,test,,-3.0,static_mh,0.26709896307055897,0.7785617997963137,0.02717229104372781,16QAM,20262404.0,3.5989835002280817,,,,,
fair,regen_16QAM_s20262404_p-03_Nd4001,test,,-3.0,static_lti_mh,0.01586000891367976,0.9181232962893174,0.0022007551175036357,16QAM,20262404.0,2.3785092983462572,,,,,
fair,regen_16QAM_s20262404_p-03_Nd4001,test,,-3.0,dsh,0.014239434643847765,0.9429059777528862,0.0007833882500994589,16QAM,20262404.0,2.3880424578454402,,,,,
fair,regen_16QAM_s20262404_p-06_Nd4001,test,,-6.0,full,,0.9674898286106657,0.00449524250288704,16QAM,20262404.0,2.338483507294499,,,,,
fair,regen_16QAM_s20262404_p-06_Nd4001,test,,-6.0,gmp,0.0188826071150851,0.8548641479552515,0.00344418788026904,16QAM,20262404.0,2.020291754413255,,,,,
fair,regen_16QAM_s20262404_p-06_Nd4001,test,,-6.0,static_mh,0.2662461096494116,0.8122720188556487,0.030353786596769995,16QAM,20262404.0,3.5522482362869243,,,,,
fair,regen_16QAM_s20262404_p-06_Nd4001,test,,-6.0,static_lti_mh,0.004564751108572171,0.9579730032570747,0.0011513848860858719,16QAM,20262404.0,2.369136006626032,,,,,
fair,regen_16QAM_s20262404_p-06_Nd4001,test,,-6.0,dsh,0.003921630988165364,0.9711195028655628,0.000740698457872618,16QAM,20262404.0,2.372940717764896,,,,,
fair,regen_16QAM_s20262504_p+00_Nd4001,test,,0.0,full,,0.7943251701784495,0.027012013201975108,16QAM,20262504.0,2.071993833830862,,,,,
fair,regen_16QAM_s20262504_p+00_Nd4001,test,,0.0,gmp,0.044224532441093235,0.7043852019112918,0.008086999385442727,16QAM,20262504.0,1.8580879562177535,,,,,
fair,regen_16QAM_s20262504_p+00_Nd4001,test,,0.0,static_mh,0.29419128472921585,0.7023133614192981,0.020493812341119647,16QAM,20262504.0,3.5391779878054432,,,,,
fair,regen_16QAM_s20262504_p+00_Nd4001,test,,0.0,static_lti_mh,0.07057571969005577,0.8436808573481864,0.005547674465956674,16QAM,20262504.0,2.4273747052582197,,,,,
fair,regen_16QAM_s20262504_p+00_Nd4001,test,,0.0,dsh,0.07312049178670621,0.8904549228561953,0.0008717527993170393,16QAM,20262504.0,2.4522655062795606,,,,,
fair,regen_16QAM_s20262504_p+03_Nd4001,test,,3.0,full,,0.609970149287321,0.03720058073713895,16QAM,20262504.0,1.5774750094946506,,,,,
fair,regen_16QAM_s20262504_p+03_Nd4001,test,,3.0,gmp,0.0647880214376004,0.5911650315142952,0.012423078099593206,16QAM,20262504.0,1.6101148556198899,,,,,
fair,regen_16QAM_s20262504_p+03_Nd4001,test,,3.0,static_mh,0.5987104177893408,0.5741492271383759,0.09213108825162664,16QAM,20262504.0,2.1312595737499684,,,,,
fair,regen_16QAM_s20262504_p+03_Nd4001,test,,3.0,static_lti_mh,0.22991865723449137,0.7007775653888512,0.016201431049431548,16QAM,20262504.0,2.334363159110995,,,,,
fair,regen_16QAM_s20262504_p+03_Nd4001,test,,3.0,dsh,0.2533277675637443,0.7904766583957737,0.0023696718105626928,16QAM,20262504.0,2.438187622718677,,,,,
fair,regen_16QAM_s20262504_p+06_Nd4001,test,,6.0,full,,0.4172462544769935,0.029099868640172517,16QAM,20262504.0,1.0418968983507664,,,,,
fair,regen_16QAM_s20262504_p+06_Nd4001,test,,6.0,gmp,0.08694616828605015,0.45468197786712133,0.018531795224082194,16QAM,20262504.0,1.245106475471996,,,,,
fair,regen_16QAM_s20262504_p+06_Nd4001,test,,6.0,static_mh,1.226950033354174,0.3858353828770485,0.14981265533353066,16QAM,20262504.0,1.059318467989059,,,,,
fair,regen_16QAM_s20262504_p+06_Nd4001,test,,6.0,static_lti_mh,0.5113510083045119,0.47376725395763775,0.03175221474690006,16QAM,20262504.0,2.003839593341132,,,,,
fair,regen_16QAM_s20262504_p+06_Nd4001,test,,6.0,dsh,0.5194602781548999,0.5972417436529716,0.004723658687920509,16QAM,20262504.0,2.4065378314381474,,,,,
fair,regen_16QAM_s20262504_p-03_Nd4001,test,,-3.0,full,,0.9138898102924334,0.011947554006520637,16QAM,20262504.0,2.329985893329243,,,,,
fair,regen_16QAM_s20262504_p-03_Nd4001,test,,-3.0,gmp,0.029433820910447377,0.7925119748706195,0.005272044123351008,16QAM,20262504.0,2.0077744040759837,,,,,
fair,regen_16QAM_s20262504_p-03_Nd4001,test,,-3.0,static_mh,0.2649705652932143,0.7700398852156858,0.026133336003333972,16QAM,20262504.0,3.562265688710163,,,,,
fair,regen_16QAM_s20262504_p-03_Nd4001,test,,-3.0,static_lti_mh,0.017220112017147484,0.9187949701282647,0.0023490907075133776,16QAM,20262504.0,2.446929064421681,,,,,
fair,regen_16QAM_s20262504_p-03_Nd4001,test,,-3.0,dsh,0.016424555482934873,0.9434826946537999,0.0008364475426283779,16QAM,20262504.0,2.4539968005577055,,,,,
fair,regen_16QAM_s20262504_p-06_Nd4001,test,,-6.0,full,,0.964694322170541,0.004741014652759141,16QAM,20262504.0,2.4067295600403544,,,,,
fair,regen_16QAM_s20262504_p-06_Nd4001,test,,-6.0,gmp,0.017658071409387497,0.8585510332816783,0.0035746782761074923,16QAM,20262504.0,2.0898810711910154,,,,,
fair,regen_16QAM_s20262504_p-06_Nd4001,test,,-6.0,static_mh,0.2640533565710381,0.8039668986577581,0.028825824269955634,16QAM,20262504.0,3.583447518226926,,,,,
fair,regen_16QAM_s20262504_p-06_Nd4001,test,,-6.0,static_lti_mh,0.00480829184891707,0.9585238198615362,0.0012438857759076098,16QAM,20262504.0,2.4463424811442485,,,,,
fair,regen_16QAM_s20262504_p-06_Nd4001,test,,-6.0,dsh,0.004362840807774902,0.9716130868436348,0.0007735791553722695,16QAM,20262504.0,2.448565592257835,,,,,
fair,regen_16QAM_s20262604_p+00_Nd4001,test,,0.0,full,,0.8089110372415934,0.02596144813878735,16QAM,20262604.0,2.087062720859309,,,,,
fair,regen_16QAM_s20262604_p+00_Nd4001,test,,0.0,gmp,0.04915897388427849,0.6983952831646985,0.008401716499273517,16QAM,20262604.0,1.8170164817874948,,,,,
fair,regen_16QAM_s20262604_p+00_Nd4001,test,,0.0,static_mh,0.29387845625862646,0.7102466664378713,0.02139511249140216,16QAM,20262604.0,3.4028440576881773,,,,,
fair,regen_16QAM_s20262604_p+00_Nd4001,test,,0.0,static_lti_mh,0.06478751325573005,0.8415946541483424,0.0058572699953404065,16QAM,20262604.0,2.356301645539429,,,,,
fair,regen_16QAM_s20262604_p+00_Nd4001,test,,0.0,dsh,0.06378483699055543,0.8900508849778626,0.000872853611560614,16QAM,20262604.0,2.396426222048907,,,,,
fair,regen_16QAM_s20262604_p+03_Nd4001,test,,3.0,full,,0.6262324408450828,0.035552880902755005,16QAM,20262604.0,1.592940641155678,,,,,
fair,regen_16QAM_s20262604_p+03_Nd4001,test,,3.0,gmp,0.06829202860505629,0.5845625467061325,0.012766827170050348,16QAM,20262604.0,1.5776015718994798,,,,,
fair,regen_16QAM_s20262604_p+03_Nd4001,test,,3.0,static_mh,0.6016782820494848,0.5852329044583993,0.09897391163128956,16QAM,20262604.0,1.9167226949439369,,,,,
fair,regen_16QAM_s20262604_p+03_Nd4001,test,,3.0,static_lti_mh,0.21157275347250515,0.6980753678424647,0.017773506025087808,16QAM,20262604.0,2.2437429303302787,,,,,
fair,regen_16QAM_s20262604_p+03_Nd4001,test,,3.0,dsh,0.21983187890244169,0.7908553666070759,0.00253603857073389,16QAM,20262604.0,2.380174383862379,,,,,
fair,regen_16QAM_s20262604_p+06_Nd4001,test,,6.0,full,,0.4214370626267229,0.030150436988771016,16QAM,20262604.0,1.0401878889394665,,,,,
fair,regen_16QAM_s20262604_p+06_Nd4001,test,,6.0,gmp,0.08474596153299802,0.44755833341787665,0.018889258779352946,16QAM,20262604.0,1.2229855785324097,,,,,
fair,regen_16QAM_s20262604_p+06_Nd4001,test,,6.0,static_mh,1.2393793910458757,0.39472557639554967,0.15124849781198385,16QAM,20262604.0,0.9838730946444578,,,,,
fair,regen_16QAM_s20262604_p+06_Nd4001,test,,6.0,static_lti_mh,0.5151284562114523,0.4724202110699371,0.035096834557941894,16QAM,20262604.0,1.8989103891255443,,,,,
fair,regen_16QAM_s20262604_p+06_Nd4001,test,,6.0,dsh,0.503045552948763,0.5992357846394982,0.00487123565167858,16QAM,20262604.0,2.349755430455337,,,,,
fair,regen_16QAM_s20262604_p-03_Nd4001,test,,-3.0,full,,0.9186744723066436,0.011383111830534264,16QAM,20262604.0,2.3022849517409947,,,,,
fair,regen_16QAM_s20262604_p-03_Nd4001,test,,-3.0,gmp,0.0321037641030333,0.7870245930688712,0.005539124802677746,16QAM,20262604.0,1.9656074605440033,,,,,
fair,regen_16QAM_s20262604_p-03_Nd4001,test,,-3.0,static_mh,0.26347183644946315,0.7766544217019479,0.026930630672689,16QAM,20262604.0,3.3649328888940913,,,,,
fair,regen_16QAM_s20262604_p-03_Nd4001,test,,-3.0,static_lti_mh,0.016740371326018574,0.9173513179552435,0.0024340765563068615,16QAM,20262604.0,2.382273871251575,,,,,
fair,regen_16QAM_s20262604_p-03_Nd4001,test,,-3.0,dsh,0.014980669757574158,0.9429366232319665,0.000856687421449806,16QAM,20262604.0,2.396519243954927,,,,,
fair,regen_16QAM_s20262604_p-06_Nd4001,test,,-6.0,full,,0.967211944192599,0.004547510680177791,16QAM,20262604.0,2.3588022553721446,,,,,
fair,regen_16QAM_s20262604_p-06_Nd4001,test,,-6.0,gmp,0.019128511009337427,0.8534270905622362,0.0037901383960108424,16QAM,20262604.0,2.0519826337971128,,,,,
fair,regen_16QAM_s20262604_p-06_Nd4001,test,,-6.0,static_mh,0.2628510791716627,0.8109528353456925,0.030527954443925316,16QAM,20262604.0,3.359164417779142,,,,,
fair,regen_16QAM_s20262604_p-06_Nd4001,test,,-6.0,static_lti_mh,0.004707747458684253,0.9575299605759907,0.0012992600895568467,16QAM,20262604.0,2.385515290719137,,,,,
fair,regen_16QAM_s20262604_p-06_Nd4001,test,,-6.0,dsh,0.003932448737908016,0.971106774554105,0.0008274154177991833,16QAM,20262604.0,2.3911855973667198,,,,,
fair,regen_16QAM_s20262704_p+00_Nd4001,test,,0.0,full,,0.8120012509785715,0.02685153715312361,16QAM,20262704.0,2.0996575435119524,,,,,
fair,regen_16QAM_s20262704_p+00_Nd4001,test,,0.0,gmp,0.04942398528907874,0.6986902877323452,0.008345139571435057,16QAM,20262704.0,1.89007661684215,,,,,
fair,regen_16QAM_s20262704_p+00_Nd4001,test,,0.0,static_mh,0.2883996805870986,0.7169334676488708,0.021219228849370428,16QAM,20262704.0,3.5285301345849547,,,,,
fair,regen_16QAM_s20262704_p+00_Nd4001,test,,0.0,static_lti_mh,0.062485441159794944,0.841214430967113,0.005854595748911374,16QAM,20262704.0,2.363090357192219,,,,,
fair,regen_16QAM_s20262704_p+00_Nd4001,test,,0.0,dsh,0.0638693929219654,0.889968914177811,0.0008340774668600309,16QAM,20262704.0,2.4020119065404497,,,,,
fair,regen_16QAM_s20262704_p+03_Nd4001,test,,3.0,full,,0.6192096886781703,0.038621029095998426,16QAM,20262704.0,1.691690529726167,,,,,
fair,regen_16QAM_s20262704_p+03_Nd4001,test,,3.0,gmp,0.0697451185199129,0.5844618144514854,0.0128197104774316,16QAM,20262704.0,1.6610457144040853,,,,,
fair,regen_16QAM_s20262704_p+03_Nd4001,test,,3.0,static_mh,0.5775491686979654,0.6060975998511784,0.09217280624331926,16QAM,20262704.0,2.1874959653205273,,,,,
fair,regen_16QAM_s20262704_p+03_Nd4001,test,,3.0,static_lti_mh,0.2128026604493543,0.6984285146799013,0.01753152775935609,16QAM,20262704.0,2.2674270526480966,,,,,
fair,regen_16QAM_s20262704_p+03_Nd4001,test,,3.0,dsh,0.23383351727134316,0.7918050294153512,0.002436383721003698,16QAM,20262704.0,2.3890668259642776,,,,,
fair,regen_16QAM_s20262704_p+06_Nd4001,test,,6.0,full,,0.41730727120834665,0.028987258780106145,16QAM,20262704.0,1.1285332840665743,,,,,
fair,regen_16QAM_s20262704_p+06_Nd4001,test,,6.0,gmp,0.08075533228791253,0.4477820867107841,0.01919786288029845,16QAM,20262704.0,1.313633187079194,,,,,
fair,regen_16QAM_s20262704_p+06_Nd4001,test,,6.0,static_mh,1.183208788923079,0.4040662246864703,0.1488411078863223,16QAM,20262704.0,1.0321794268522295,,,,,
fair,regen_16QAM_s20262704_p+06_Nd4001,test,,6.0,static_lti_mh,0.5106179666578314,0.4737661843170184,0.03464629759697484,16QAM,20262704.0,1.965580960280292,,,,,
fair,regen_16QAM_s20262704_p+06_Nd4001,test,,6.0,dsh,0.5139441946733734,0.6021121345492222,0.004859147978391136,16QAM,20262704.0,2.3635589559309516,,,,,
fair,regen_16QAM_s20262704_p-03_Nd4001,test,,-3.0,full,,0.9151256098074774,0.012094151772760388,16QAM,20262704.0,2.3140312741529723,,,,,
fair,regen_16QAM_s20262704_p-03_Nd4001,test,,-3.0,gmp,0.031546556181167945,0.7880428132896663,0.005449050104130824,16QAM,20262704.0,2.0240410189365523,,,,,
fair,regen_16QAM_s20262704_p-03_Nd4001,test,,-3.0,static_mh,0.2714805804865583,0.7701385755170518,0.02719089228418642,16QAM,20262704.0,3.487462694677657,,,,,
fair,regen_16QAM_s20262704_p-03_Nd4001,test,,-3.0,static_lti_mh,0.01685743676213438,0.9167311683991811,0.0024921079505486176,16QAM,20262704.0,2.389892402184295,,,,,
fair,regen_16QAM_s20262704_p-03_Nd4001,test,,-3.0,dsh,0.016259299135856636,0.9424795801645826,0.0008301371895077926,16QAM,20262704.0,2.404414290879383,,,,,
fair,regen_16QAM_s20262704_p-06_Nd4001,test,,-6.0,full,,0.9629514423991631,0.004754852435130577,16QAM,20262704.0,2.3805982431215376,,,,,
fair,regen_16QAM_s20262704_p-06_Nd4001,test,,-6.0,gmp,0.018303593637476405,0.8552455635758861,0.003706477879450249,16QAM,20262704.0,2.094582232689806,,,,,
fair,regen_16QAM_s20262704_p-06_Nd4001,test,,-6.0,static_mh,0.27366810678456344,0.8001235944320795,0.03005714770954818,16QAM,20262704.0,3.507497186696878,,,,,
fair,regen_16QAM_s20262704_p-06_Nd4001,test,,-6.0,static_lti_mh,0.004677498208296836,0.9569120490680104,0.0013255890532818415,16QAM,20262704.0,2.393976112990285,,,,,
fair,regen_16QAM_s20262704_p-06_Nd4001,test,,-6.0,dsh,0.004307829761918171,0.9705349922527151,0.0007956361547917965,16QAM,20262704.0,2.399833668940264,,,,,
fair,regen_CE_s20262402_p+00_Nd4001,test,,0.0,full,,0.8428673227848782,0.013441659836311487,CE,20262402.0,0.7528497873669289,,,,,
fair,regen_CE_s20262402_p+00_Nd4001,test,,0.0,gmp,0.06544038377926663,0.6566274159326533,0.0011536020082052163,CE,20262402.0,0.9999179449283886,,,,,
fair,regen_CE_s20262402_p+00_Nd4001,test,,0.0,static_mh,0.1696216904107027,0.822037389446498,0.0005231100449649215,CE,20262402.0,0.9891558581439636,,,,,
fair,regen_CE_s20262402_p+00_Nd4001,test,,0.0,static_lti_mh,0.03597922581086613,0.8912192053897325,0.0007729522889689472,CE,20262402.0,0.6640949391313268,,,,,
fair,regen_CE_s20262402_p+00_Nd4001,test,,0.0,dsh,0.03597922581086691,0.8912192053897352,0.0007729522889688683,CE,20262402.0,0.6640949391312214,,,,,
fair,regen_CE_s20262402_p+03_Nd4001,test,,3.0,full,,0.6886597403097642,0.023723622564302743,CE,20262402.0,0.1921489960885145,,,,,
fair,regen_CE_s20262402_p+03_Nd4001,test,,3.0,gmp,0.08893157055426115,0.5364121464357385,0.0016986906159034434,CE,20262402.0,-0.264345901042873,,,,,
fair,regen_CE_s20262402_p+03_Nd4001,test,,3.0,static_mh,0.2287545865301192,0.7313701977590163,0.0007832020330759728,CE,20262402.0,0.9889446764746311,,,,,
fair,regen_CE_s20262402_p+03_Nd4001,test,,3.0,static_lti_mh,0.12344452270096112,0.7930029644003483,0.0009783413690104617,CE,20262402.0,0.6661726382844368,,,,,
fair,regen_CE_s20262402_p+03_Nd4001,test,,3.0,dsh,0.12344452270096427,0.7930029644003503,0.0009783413690103205,CE,20262402.0,0.6661726382843774,,,,,
fair,regen_CE_s20262402_p+06_Nd4001,test,,6.0,full,,0.45284035082993906,0.02777115523238537,CE,20262402.0,-0.10426557492881866,,,,,
fair,regen_CE_s20262402_p+06_Nd4001,test,,6.0,gmp,0.10500391962429503,0.3915984651244121,0.0029770965133032127,CE,20262402.0,0.05365224202921741,,,,,
fair,regen_CE_s20262402_p+06_Nd4001,test,,6.0,static_mh,0.4380127795883298,0.5560072387197179,0.0011308520062683822,CE,20262402.0,0.9857882109107392,,,,,
fair,regen_CE_s20262402_p+06_Nd4001,test,,6.0,static_lti_mh,0.37397691944906153,0.6030723404391303,0.0012415954546740582,CE,20262402.0,0.6539489051171626,,,,,
fair,regen_CE_s20262402_p+06_Nd4001,test,,6.0,dsh,0.3739769194490663,0.603072340439132,0.0012415954546741523,CE,20262402.0,0.6539489051171768,,,,,
fair,regen_CE_s20262402_p-03_Nd4001,test,,-3.0,full,,0.9258745318785184,0.0056460754979933934,CE,20262402.0,0.8799265545302537,,,,,
fair,regen_CE_s20262402_p-03_Nd4001,test,,-3.0,gmp,0.04299829607965102,0.7496990475911316,0.0010933799381525455,CE,20262402.0,0.9447875428597355,,,,,
fair,regen_CE_s20262402_p-03_Nd4001,test,,-3.0,static_mh,0.15327438599683788,0.8706435479367124,0.0003601020871147181,CE,20262402.0,0.9878052023679249,,,,,
fair,regen_CE_s20262402_p-03_Nd4001,test,,-3.0,static_lti_mh,0.009919912185506525,0.9436556886699347,0.0006432112038424889,CE,20262402.0,0.656053850181185,,,,,
fair,regen_CE_s20262402_p-03_Nd4001,test,,-3.0,dsh,0.009919912185506672,0.943655688669937,0.000643211203842545,CE,20262402.0,0.6560538501811556,,,,,
fair,regen_CE_s20262402_p-06_Nd4001,test,,-6.0,full,,0.9659909580109957,0.0024043388463651522,CE,20262402.0,0.7715068625951996,,,,,
fair,regen_CE_s20262402_p-06_Nd4001,test,,-6.0,gmp,0.027461885496783696,0.819157874502153,0.0012087827069698187,CE,20262402.0,0.7768377369163729,,,,,
fair,regen_CE_s20262402_p-06_Nd4001,test,,-6.0,static_mh,0.14977685569024643,0.8959985921304021,0.0002206629553292438,CE,20262402.0,0.9845214346456537,,,,,
fair,regen_CE_s20262402_p-06_Nd4001,test,,-6.0,static_lti_mh,0.002980640474267767,0.9713802211421999,0.0005231493500102391,CE,20262402.0,0.6413588782920053,,,,,
fair,regen_CE_s20262402_p-06_Nd4001,test,,-6.0,dsh,0.0029806404742678872,0.9713802211422007,0.000523149350010307,CE,20262402.0,0.6413588782919681,,,,,
fair,regen_CE_s20262502_p+00_Nd4001,test,,0.0,full,,0.8455114532010104,0.012109419792872248,CE,20262502.0,0.754844933180066,,,,,
fair,regen_CE_s20262502_p+00_Nd4001,test,,0.0,gmp,0.06263946996508518,0.6586148728713447,0.0010671820607129913,CE,20262502.0,0.99999983064069,,,,,
fair,regen_CE_s20262502_p+00_Nd4001,test,,0.0,static_mh,0.16424077082275326,0.808506254959163,0.0005261279677797239,CE,20262502.0,0.9903716816398336,,,,,
fair,regen_CE_s20262502_p+00_Nd4001,test,,0.0,static_lti_mh,0.03400034679749578,0.8912147790702458,0.0006299324183745531,CE,20262502.0,0.6569735953357445,,,,,
fair,regen_CE_s20262502_p+00_Nd4001,test,,0.0,dsh,0.03400034679749519,0.8912147790702435,0.0006299324183745369,CE,20262502.0,0.6569735953358083,,,,,
fair,regen_CE_s20262502_p+03_Nd4001,test,,3.0,full,,0.6852233926702392,0.0273142157705884,CE,20262502.0,0.3671510469066375,,,,,
fair,regen_CE_s20262502_p+03_Nd4001,test,,3.0,gmp,0.09170887922604462,0.5379267715386584,0.0016512823801914074,CE,20262502.0,-0.8342915684091806,,,,,
fair,regen_CE_s20262502_p+03_Nd4001,test,,3.0,static_mh,0.23320545671730572,0.7193058864737774,0.0008015148497456022,CE,20262502.0,0.9892520171725178,,,,,
fair,regen_CE_s20262502_p+03_Nd4001,test,,3.0,static_lti_mh,0.13448993260993997,0.7929828274869539,0.0008893678467897161,CE,20262502.0,0.6516035800791433,,,,,
fair,regen_CE_s20262502_p+03_Nd4001,test,,3.0,dsh,0.13448993260994127,0.7929828274869557,0.000889367846789744,CE,20262502.0,0.6516035800790884,,,,,
fair,regen_CE_s20262502_p+06_Nd4001,test,,6.0,full,,0.4357558423952349,0.025690463516268688,CE,20262502.0,0.05600212590360924,,,,,
fair,regen_CE_s20262502_p+06_Nd4001,test,,6.0,gmp,0.09829297145712745,0.3925746095334813,0.0029671043343089424,CE,20262502.0,-0.12742604833717644,,,,,
fair,regen_CE_s20262502_p+06_Nd4001,test,,6.0,static_mh,0.45358479538744784,0.5467967705647847,0.0011529530947249499,CE,20262502.0,0.9860617643370779,,,,,
fair,regen_CE_s20262502_p+06_Nd4001,test,,6.0,static_lti_mh,0.4161637259571454,0.6030275039617414,0.0012153583732292157,CE,20262502.0,0.6475762708781433,,,,,
fair,regen_CE_s20262502_p+06_Nd4001,test,,6.0,dsh,0.4161637259571526,0.6030275039617438,0.0012153583732292398,CE,20262502.0,0.6475762708781971,,,,,
fair,regen_CE_s20262502_p-03_Nd4001,test,,-3.0,full,,0.9312081364501065,0.004239878043410634,CE,20262502.0,0.8631148245882392,,,,,
fair,regen_CE_s20262502_p-03_Nd4001,test,,-3.0,gmp,0.04153146739889599,0.7522187702554523,0.0009593302442918965,CE,20262502.0,0.9228942685380574,,,,,
fair,regen_CE_s20262502_p-03_Nd4001,test,,-3.0,static_mh,0.15051398539546204,0.8563248750639623,0.0003587637812148353,CE,20262502.0,0.9894838896343273,,,,,
fair,regen_CE_s20262502_p-03_Nd4001,test,,-3.0,static_lti_mh,0.008110363039396279,0.9436575511289624,0.0004770747058045976,CE,20262502.0,0.6544384239464837,,,,,
fair,regen_CE_s20262502_p-03_Nd4001,test,,-3.0,dsh,0.008110363039396327,0.9436575511289642,0.00047707470580452227,CE,20262502.0,0.6544384239464212,,,,,
fair,regen_CE_s20262502_p-06_Nd4001,test,,-6.0,full,,0.9679747585387151,0.0017963608323544517,CE,20262502.0,0.7544239276108619,,,,,
fair,regen_CE_s20262502_p-06_Nd4001,test,,-6.0,gmp,0.02585955227265772,0.8222130990237869,0.0010238189193254492,CE,20262502.0,0.7391432067198078,,,,,
fair,regen_CE_s20262502_p-06_Nd4001,test,,-6.0,static_mh,0.149331355842026,0.8812676657711715,0.00021925849320808023,CE,20262502.0,0.9861506364225832,,,,,
fair,regen_CE_s20262502_p-06_Nd4001,test,,-6.0,static_lti_mh,0.0025001419036244075,0.971383463760162,0.0003486525756819084,CE,20262502.0,0.6407644064786696,,,,,
fair,regen_CE_s20262502_p-06_Nd4001,test,,-6.0,dsh,0.0025001419036243936,0.9713834637601624,0.000348652575681881,CE,20262502.0,0.6407644064786843,,,,,
fair,regen_CE_s20262602_p+00_Nd4001,test,,0.0,full,,0.8407637010660183,0.013431743727536782,CE,20262602.0,0.8609960631152941,,,,,
fair,regen_CE_s20262602_p+00_Nd4001,test,,0.0,gmp,0.06465917636742431,0.6564905105408284,0.001112068521883769,CE,20262602.0,0.9999998614877444,,,,,
fair,regen_CE_s20262602_p+00_Nd4001,test,,0.0,static_mh,0.17026840666505502,0.8040192376906091,0.0005137571411680808,CE,20262602.0,0.9833784557451447,,,,,
fair,regen_CE_s20262602_p+00_Nd4001,test,,0.0,static_lti_mh,0.03615857116009972,0.8912666660081295,0.0007004851183601376,CE,20262602.0,0.6696771627030474,,,,,
fair,regen_CE_s20262602_p+00_Nd4001,test,,0.0,dsh,0.03615857116010157,0.891266666008132,0.0007004851183601359,CE,20262602.0,0.6696771627030478,,,,,
fair,regen_CE_s20262602_p+03_Nd4001,test,,3.0,full,,0.6673123597028919,0.027314746362386066,CE,20262602.0,-0.1346528378386778,,,,,
fair,regen_CE_s20262602_p+03_Nd4001,test,,3.0,gmp,0.08693920690093669,0.5356683278376804,0.0016816733469620794,CE,20262602.0,0.7520204726403646,,,,,
fair,regen_CE_s20262602_p+03_Nd4001,test,,3.0,static_mh,0.24930761722121855,0.7153998873046501,0.0007752303663677946,CE,20262602.0,0.9825818064851028,,,,,
fair,regen_CE_s20262602_p+03_Nd4001,test,,3.0,static_lti_mh,0.1460484700659797,0.7931211683359578,0.0009343683020039291,CE,20262602.0,0.6715981851113749,,,,,
fair,regen_CE_s20262602_p+03_Nd4001,test,,3.0,dsh,0.14604847006598237,0.7931211683359591,0.0009343683020038101,CE,20262602.0,0.671598185111395,,,,,
fair,regen_CE_s20262602_p+06_Nd4001,test,,6.0,full,,0.4396206979577093,0.026365937378913108,CE,20262602.0,0.044992419036353704,,,,,
fair,regen_CE_s20262602_p+06_Nd4001,test,,6.0,gmp,0.098307713693387,0.39020039112069665,0.002967368615196409,CE,20262602.0,0.20002796488442887,,,,,
fair,regen_CE_s20262602_p+06_Nd4001,test,,6.0,static_mh,0.45003906634191554,0.5439868474267483,0.0011097316637520903,CE,20262602.0,0.9804726654518021,,,,,
fair,regen_CE_s20262602_p+06_Nd4001,test,,6.0,static_lti_mh,0.39946417863278566,0.6032966800675184,0.0012177636841425171,CE,20262602.0,0.6763381945271022,,,,,
fair,regen_CE_s20262602_p+06_Nd4001,test,,6.0,dsh,0.39946417863278383,0.603296680067518,0.001217763684142613,CE,20262602.0,0.6763381945271059,,,,,
fair,regen_CE_s20262602_p-03_Nd4001,test,,-3.0,full,,0.9303601786301048,0.004868904430444141,CE,20262602.0,0.8413086659728592,,,,,
fair,regen_CE_s20262602_p-03_Nd4001,test,,-3.0,gmp,0.04385357933235048,0.7503382017202122,0.0010244476528725474,CE,20262602.0,0.9762043270564975,,,,,
fair,regen_CE_s20262602_p-03_Nd4001,test,,-3.0,static_mh,0.1529982572601803,0.8515321389602916,0.000351802282185748,CE,20262602.0,0.981855477665729,,,,,
fair,regen_CE_s20262602_p-03_Nd4001,test,,-3.0,static_lti_mh,0.008818532567973224,0.9436668389443328,0.0005616362212860523,CE,20262602.0,0.6663731740655359,,,,,
fair,regen_CE_s20262602_p-03_Nd4001,test,,-3.0,dsh,0.008818532567973426,0.9436668389443338,0.0005616362212860696,CE,20262602.0,0.6663731740655321,,,,,
fair,regen_CE_s20262602_p-06_Nd4001,test,,-6.0,full,,0.9682459799100054,0.0020452246916350496,CE,20262602.0,0.7555639710474872,,,,,
fair,regen_CE_s20262602_p-06_Nd4001,test,,-6.0,gmp,0.028066400062684523,0.8206308037702242,0.0011193964508878708,CE,20262602.0,0.7546068690169541,,,,,
fair,regen_CE_s20262602_p-06_Nd4001,test,,-6.0,static_mh,0.1503010183457997,0.876321444721951,0.0002152342535785613,CE,20262602.0,0.9774865852022072,,,,,
fair,regen_CE_s20262602_p-06_Nd4001,test,,-6.0,static_lti_mh,0.0026758992893056626,0.9713762219407679,0.0004434594279948046,CE,20262602.0,0.6576958699127652,,,,,
fair,regen_CE_s20262602_p-06_Nd4001,test,,-6.0,dsh,0.002675899289305779,0.9713762219407696,0.00044345942799481293,CE,20262602.0,0.6576958699127594,,,,,
fair,regen_CE_s20262702_p+00_Nd4001,test,,0.0,full,,0.848234138967303,0.012031157765755585,CE,20262702.0,0.9519939933324274,,,,,
fair,regen_CE_s20262702_p+00_Nd4001,test,,0.0,gmp,0.06242979113613741,0.6608732902359369,0.0012284905521777552,CE,20262702.0,0.9999962372726935,,,,,
fair,regen_CE_s20262702_p+00_Nd4001,test,,0.0,static_mh,0.16648943905517694,0.8114726108480065,0.0005298842579879311,CE,20262702.0,0.9921077737961846,,,,,
fair,regen_CE_s20262702_p+00_Nd4001,test,,0.0,static_lti_mh,0.0326853760470458,0.8912122568014628,0.0008095352875809778,CE,20262702.0,0.7419328187617525,,,,,
fair,regen_CE_s20262702_p+00_Nd4001,test,,0.0,dsh,0.03268537604704495,0.8912122568014617,0.0008095352875810684,CE,20262702.0,0.7419328187617185,,,,,
fair,regen_CE_s20262702_p+03_Nd4001,test,,3.0,full,,0.6859194105182845,0.02512465442416825,CE,20262702.0,0.12573771970436592,,,,,
fair,regen_CE_s20262702_p+03_Nd4001,test,,3.0,gmp,0.08585530025416765,0.5401351013192329,0.0018103964785891543,CE,20262702.0,0.796983733958592,,,,,
fair,regen_CE_s20262702_p+03_Nd4001,test,,3.0,static_mh,0.23301051707201512,0.7219672960777026,0.0008109258762017799,CE,20262702.0,0.9914872569263141,,,,,
fair,regen_CE_s20262702_p+03_Nd4001,test,,3.0,static_lti_mh,0.12880144495367568,0.79299103097715,0.001034318988073678,CE,20262702.0,0.7378067553610199,,,,,
fair,regen_CE_s20262702_p+03_Nd4001,test,,3.0,dsh,0.12880144495367812,0.7929910309771527,0.0010343189880736155,CE,20262702.0,0.7378067553610429,,,,,
fair,regen_CE_s20262702_p+06_Nd4001,test,,6.0,full,,0.479140078231247,0.02835622515622288,CE,20262702.0,-0.18356722608655293,,,,,
fair,regen_CE_s20262702_p+06_Nd4001,test,,6.0,gmp,0.1084155357570521,0.39451349203556035,0.0031257924441343474,CE,20262702.0,0.19976281229646844,,,,,
fair,regen_CE_s20262702_p+06_Nd4001,test,,6.0,static_mh,0.39231243715587094,0.5488522774563523,0.0011649574236539013,CE,20262702.0,0.9882039812476919,,,,,
fair,regen_CE_s20262702_p+06_Nd4001,test,,6.0,static_lti_mh,0.32619830723258947,0.603054970316906,0.0012905765670398047,CE,20262702.0,0.7159585090206952,,,,,
fair,regen_CE_s20262702_p+06_Nd4001,test,,6.0,dsh,0.3261983072325876,0.6030549703169066,0.001290576567039862,CE,20262702.0,0.7159585090207108,,,,,
fair,regen_CE_s20262702_p-03_Nd4001,test,,-3.0,full,,0.9294603657175015,0.005001254184068378,CE,20262702.0,0.8883701868946468,,,,,
fair,regen_CE_s20262702_p-03_Nd4001,test,,-3.0,gmp,0.04117978563086165,0.7543504950150706,0.001123603423297979,CE,20262702.0,0.9285818614474833,,,,,
fair,regen_CE_s20262702_p-03_Nd4001,test,,-3.0,static_mh,0.15292583358774584,0.8594553617350681,0.00036021993719379447,CE,20262702.0,0.9907547815838764,,,,,
fair,regen_CE_s20262702_p-03_Nd4001,test,,-3.0,static_lti_mh,0.00890895551482831,0.9436513861396169,0.0006698927937045774,CE,20262702.0,0.732845228455145,,,,,
fair,regen_CE_s20262702_p-03_Nd4001,test,,-3.0,dsh,0.008908955514828691,0.9436513861396167,0.0006698927937045749,CE,20262702.0,0.7328452284550873,,,,,
fair,regen_CE_s20262702_p-06_Nd4001,test,,-6.0,full,,0.9671211468976142,0.0021105802818877674,CE,20262702.0,0.7947580495957692,,,,,
fair,regen_CE_s20262702_p-06_Nd4001,test,,-6.0,gmp,0.025493118321133077,0.8241345901444447,0.0011901641713600861,CE,20262702.0,0.8283280358532413,,,,,
fair,regen_CE_s20262702_p-06_Nd4001,test,,-6.0,static_mh,0.1501726517064178,0.8844853243362534,0.00021973465235353108,CE,20262702.0,0.9866110433851465,,,,,
fair,regen_CE_s20262702_p-06_Nd4001,test,,-6.0,static_lti_mh,0.0026935055739883413,0.9713773960823096,0.0005440835424777739,CE,20262702.0,0.7115613212820575,,,,,
fair,regen_CE_s20262702_p-06_Nd4001,test,,-6.0,dsh,0.0026935055739882212,0.9713773960823106,0.0005440835424777758,CE,20262702.0,0.7115613212820608,,,,,
fair,regen_OFDM_s20262405_p+00_Nd4001,test,,0.0,full,,0.7537128829228182,0.03520316373214236,OFDM,20262405.0,1.9802131470538604,,,,,
fair,regen_OFDM_s20262405_p+00_Nd4001,test,,0.0,gmp,0.05033609333235187,0.7108836993576706,0.011640618206743085,OFDM,20262405.0,1.9999999999933733,,,,,
fair,regen_OFDM_s20262405_p+00_Nd4001,test,,0.0,static_mh,0.42158674084324127,0.6457205598692253,0.05543287803713787,OFDM,20262405.0,1.8740787057854862,,,,,
fair,regen_OFDM_s20262405_p+00_Nd4001,test,,0.0,static_lti_mh,0.11513764426720338,0.7970938063952469,0.01759477769509297,OFDM,20262405.0,1.9999999999998963,,,,,
fair,regen_OFDM_s20262405_p+00_Nd4001,test,,0.0,dsh,0.11285374825479823,0.8867804166191883,0.0014927306567057183,OFDM,20262405.0,2.0,,,,,
fair,regen_OFDM_s20262405_p+03_Nd4001,test,,3.0,full,,0.5617786884016647,0.037092876116031785,OFDM,20262405.0,1.946079243895884,,,,,
fair,regen_OFDM_s20262405_p+03_Nd4001,test,,3.0,gmp,0.08114441893896132,0.599945568139122,0.017255355447921096,OFDM,20262405.0,1.9999936280314528,,,,,
fair,regen_OFDM_s20262405_p+03_Nd4001,test,,3.0,static_mh,0.8171919636057835,0.49123390169074704,0.13480354251086135,OFDM,20262405.0,1.0805137244336482,,,,,
fair,regen_OFDM_s20262405_p+03_Nd4001,test,,3.0,static_lti_mh,0.3288429605066226,0.6309696632573963,0.04177932638522216,OFDM,20262405.0,1.9958686193312267,,,,,
fair,regen_OFDM_s20262405_p+03_Nd4001,test,,3.0,dsh,0.34566852539863685,0.7847864230072215,0.003359674594594613,OFDM,20262405.0,2.0,,,,,
fair,regen_OFDM_s20262405_p+06_Nd4001,test,,6.0,full,,0.43232100066182844,0.03126794113176768,OFDM,20262405.0,1.8149810141193057,,,,,
fair,regen_OFDM_s20262405_p+06_Nd4001,test,,6.0,gmp,0.08652221084844902,0.46821304913852946,0.024791368087840597,OFDM,20262405.0,1.982688199487226,,,,,
fair,regen_OFDM_s20262405_p+06_Nd4001,test,,6.0,static_mh,1.1849025711594965,0.3365315927768779,0.16571993333942295,OFDM,20262405.0,0.2132636980966134,,,,,
fair,regen_OFDM_s20262405_p+06_Nd4001,test,,6.0,static_lti_mh,0.5700232835066403,0.428580172481868,0.05567803794743473,OFDM,20262405.0,1.6565589376334868,,,,,
fair,regen_OFDM_s20262405_p+06_Nd4001,test,,6.0,dsh,0.4672068088672502,0.5944280058070476,0.006064428708038158,OFDM,20262405.0,1.9999999979706886,,,,,
fair,regen_OFDM_s20262405_p-03_Nd4001,test,,-3.0,full,,0.8953079629431719,0.018398231996661615,OFDM,20262405.0,1.999999999999998,,,,,
fair,regen_OFDM_s20262405_p-03_Nd4001,test,,-3.0,gmp,0.03144898286187992,0.7983212224816376,0.0076264158568494595,OFDM,20262405.0,2.0,,,,,
fair,regen_OFDM_s20262405_p-03_Nd4001,test,,-3.0,static_mh,0.2960641807369489,0.7367021021758294,0.029971962804604017,OFDM,20262405.0,1.9907653179109943,,,,,
fair,regen_OFDM_s20262405_p-03_Nd4001,test,,-3.0,static_lti_mh,0.030916411970889186,0.8950622075675282,0.0056844579724638945,OFDM,20262405.0,2.0,,,,,
fair,regen_OFDM_s20262405_p-03_Nd4001,test,,-3.0,dsh,0.02711229972908704,0.9424209447311053,0.0008803114919369882,OFDM,20262405.0,2.0,,,,,
fair,regen_OFDM_s20262405_p-06_Nd4001,test,,-6.0,full,,0.9611653851577024,0.007356464955932451,OFDM,20262405.0,2.0,,,,,
fair,regen_OFDM_s20262405_p-06_Nd4001,test,,-6.0,gmp,0.01863928122621029,0.8643150269362759,0.00501340480669621,OFDM,20262405.0,2.0,,,,,
fair,regen_OFDM_s20262405_p-06_Nd4001,test,,-6.0,static_mh,0.28359870042644675,0.779497218205481,0.034716243930339175,OFDM,20262405.0,1.9736886542809216,,,,,
fair,regen_OFDM_s20262405_p-06_Nd4001,test,,-6.0,static_lti_mh,0.008121684073376075,0.9468175144278932,0.002133163162817947,OFDM,20262405.0,2.0,,,,,
fair,regen_OFDM_s20262405_p-06_Nd4001,test,,-6.0,dsh,0.006553138735845446,0.9718930005805233,0.000880889512987647,OFDM,20262405.0,2.0,,,,,
fair,regen_OFDM_s20262505_p+00_Nd4001,test,,0.0,full,,0.7830682798266597,0.03378808520238394,OFDM,20262505.0,1.999998238758096,,,,,
fair,regen_OFDM_s20262505_p+00_Nd4001,test,,0.0,gmp,0.049468318883448006,0.6970020046834104,0.013392074182968092,OFDM,20262505.0,1.9999999996542195,,,,,
fair,regen_OFDM_s20262505_p+00_Nd4001,test,,0.0,static_mh,0.39391756489383667,0.6536032103266295,0.05688300153008372,OFDM,20262505.0,1.8936223812036979,,,,,
fair,regen_OFDM_s20262505_p+00_Nd4001,test,,0.0,static_lti_mh,0.0904351934354617,0.7982934890018879,0.01492441887304218,OFDM,20262505.0,1.999999999993867,,,,,
fair,regen_OFDM_s20262505_p+00_Nd4001,test,,0.0,dsh,0.09304843657609256,0.8891894500711667,0.0014502755856215324,OFDM,20262505.0,2.0,,,,,
fair,regen_OFDM_s20262505_p+03_Nd4001,test,,3.0,full,,0.5872917525850133,0.047479934512269104,OFDM,20262505.0,1.8821876746937498,,,,,
fair,regen_OFDM_s20262505_p+03_Nd4001,test,,3.0,gmp,0.0771106326043238,0.5838222025138599,0.019622799842431347,OFDM,20262505.0,1.999962056186489,,,,,
fair,regen_OFDM_s20262505_p+03_Nd4001,test,,3.0,static_mh,0.7796765739084451,0.5119538709300094,0.13209952972864292,OFDM,20262505.0,0.8388257963115744,,,,,
fair,regen_OFDM_s20262505_p+03_Nd4001,test,,3.0,static_lti_mh,0.28306713582123794,0.6333053538301532,0.0369604667260797,OFDM,20262505.0,1.9992645304446408,,,,,
fair,regen_OFDM_s20262505_p+03_Nd4001,test,,3.0,dsh,0.3175751067743358,0.7896166357308333,0.0035291004082396815,OFDM,20262505.0,2.0,,,,,
fair,regen_OFDM_s20262505_p+06_Nd4001,test,,6.0,full,,0.4221861312688845,0.03403982757145768,OFDM,20262505.0,1.725949285313819,,,,,
fair,regen_OFDM_s20262505_p+06_Nd4001,test,,6.0,gmp,0.08447263493213154,0.4500915537476914,0.027663846130556568,OFDM,20262505.0,1.9633484566644968,,,,,
fair,regen_OFDM_s20262505_p+06_Nd4001,test,,6.0,static_mh,1.2288065191036683,0.34138207390109543,0.16357056712301687,OFDM,20262505.0,0.2695600947826167,,,,,
fair,regen_OFDM_s20262505_p+06_Nd4001,test,,6.0,static_lti_mh,0.5676835525852091,0.4263874288941739,0.05352298508688809,OFDM,20262505.0,1.7071587838775386,,,,,
fair,regen_OFDM_s20262505_p+06_Nd4001,test,,6.0,dsh,0.5022129837038135,0.5952511478079275,0.0069994264649886825,OFDM,20262505.0,1.9999999022636001,,,,,
fair,regen_OFDM_s20262505_p-03_Nd4001,test,,-3.0,full,,0.9069794010393729,0.01572726518590633,OFDM,20262505.0,2.0,,,,,
fair,regen_OFDM_s20262505_p-03_Nd4001,test,,-3.0,gmp,0.03210145046212591,0.7867365305173778,0.008824822439303506,OFDM,20262505.0,2.0,,,,,
fair,regen_OFDM_s20262505_p-03_Nd4001,test,,-3.0,static_mh,0.2942156678656414,0.734788811331433,0.03141968268042224,OFDM,20262505.0,1.9791561544296836,,,,,
fair,regen_OFDM_s20262505_p-03_Nd4001,test,,-3.0,static_lti_mh,0.02460033379385741,0.8936342996184484,0.005440250705242212,OFDM,20262505.0,2.0,,,,,
fair,regen_OFDM_s20262505_p-03_Nd4001,test,,-3.0,dsh,0.021831765895636165,0.941532730998586,0.0009134759502599629,OFDM,20262505.0,2.0,,,,,
fair,regen_OFDM_s20262505_p-06_Nd4001,test,,-6.0,full,,0.9601320827933337,0.006499511471626506,OFDM,20262505.0,2.0,,,,,
fair,regen_OFDM_s20262505_p-06_Nd4001,test,,-6.0,gmp,0.01893046275959526,0.8548564792095942,0.0058009767900561145,OFDM,20262505.0,2.0,,,,,
fair,regen_OFDM_s20262505_p-06_Nd4001,test,,-6.0,static_mh,0.2919477181938413,0.7766815766569956,0.034575792551424823,OFDM,20262505.0,1.9162954938801036,,,,,
fair,regen_OFDM_s20262505_p-06_Nd4001,test,,-6.0,static_lti_mh,0.00705462606569805,0.9442460566598314,0.0024252874051179383,OFDM,20262505.0,2.0,,,,,
fair,regen_OFDM_s20262505_p-06_Nd4001,test,,-6.0,dsh,0.0056427103742207425,0.9696181688459691,0.0009173238075408526,OFDM,20262505.0,2.0,,,,,
fair,regen_OFDM_s20262605_p+00_Nd4001,test,,0.0,full,,0.7705359523798242,0.03582916200829034,OFDM,20262605.0,1.9999739049860716,,,,,
fair,regen_OFDM_s20262605_p+00_Nd4001,test,,0.0,gmp,0.05058619261100631,0.7034708035377192,0.012667352648932503,OFDM,20262605.0,1.9999999999035587,,,,,
fair,regen_OFDM_s20262605_p+00_Nd4001,test,,0.0,static_mh,0.4301264370971486,0.650075767796882,0.060572147100451564,OFDM,20262605.0,1.7344555180202894,,,,,
fair,regen_OFDM_s20262605_p+00_Nd4001,test,,0.0,static_lti_mh,0.10729744766695883,0.791647699244623,0.017758384851757705,OFDM,20262605.0,1.999999999986185,,,,,
fair,regen_OFDM_s20262605_p+00_Nd4001,test,,0.0,dsh,0.10132584385541452,0.8877233353526903,0.0016661686201872826,OFDM,20262605.0,2.0,,,,,
fair,regen_OFDM_s20262605_p+03_Nd4001,test,,3.0,full,,0.5878684815447275,0.04174033154449629,OFDM,20262605.0,1.959327959249283,,,,,
fair,regen_OFDM_s20262605_p+03_Nd4001,test,,3.0,gmp,0.07255976839905488,0.5925226756006589,0.01843178702828541,OFDM,20262605.0,1.999605467317888,,,,,
fair,regen_OFDM_s20262605_p+03_Nd4001,test,,3.0,static_mh,0.7871056418281603,0.5180521990456222,0.13587470436292926,OFDM,20262605.0,1.0503823873221592,,,,,
fair,regen_OFDM_s20262605_p+03_Nd4001,test,,3.0,static_lti_mh,0.30011226933964213,0.6210875643689586,0.04193202302654837,OFDM,20262605.0,1.992159584996462,,,,,
fair,regen_OFDM_s20262605_p+03_Nd4001,test,,3.0,dsh,0.2980232654197705,0.785907525935089,0.00383925108324671,OFDM,20262605.0,2.0,,,,,
fair,regen_OFDM_s20262605_p+06_Nd4001,test,,6.0,full,,0.43480601263593577,0.03372620972783134,OFDM,20262605.0,1.8171488383970533,,,,,
fair,regen_OFDM_s20262605_p+06_Nd4001,test,,6.0,gmp,0.08388090134257631,0.4613131655749858,0.025949311099859537,OFDM,20262605.0,1.9600806946582192,,,,,
fair,regen_OFDM_s20262605_p+06_Nd4001,test,,6.0,static_mh,1.142491230980879,0.35027074330765207,0.15817322777712142,OFDM,20262605.0,0.5015170091655148,,,,,
fair,regen_OFDM_s20262605_p+06_Nd4001,test,,6.0,static_lti_mh,0.5685489620146575,0.41640837109044476,0.0556407994577894,OFDM,20262605.0,1.626371554240461,,,,,
fair,regen_OFDM_s20262605_p+06_Nd4001,test,,6.0,dsh,0.4521624254810583,0.5930278883507195,0.007084425256435408,OFDM,20262605.0,1.9999999999070985,,,,,
fair,regen_OFDM_s20262605_p-03_Nd4001,test,,-3.0,full,,0.8948641637266992,0.01822586229976345,OFDM,20262605.0,1.9999999999999665,,,,,
fair,regen_OFDM_s20262605_p-03_Nd4001,test,,-3.0,gmp,0.03137596166921516,0.7915085961417885,0.008427222891752855,OFDM,20262605.0,2.0,,,,,
fair,regen_OFDM_s20262605_p-03_Nd4001,test,,-3.0,static_mh,0.3097939529001264,0.7268775089385905,0.03189612247380097,OFDM,20262605.0,1.950462957888601,,,,,
fair,regen_OFDM_s20262605_p-03_Nd4001,test,,-3.0,static_lti_mh,0.031235514316857768,0.8918926714111348,0.006195360723142849,OFDM,20262605.0,2.0,,,,,
fair,regen_OFDM_s20262605_p-03_Nd4001,test,,-3.0,dsh,0.026792014914573982,0.9424919093838456,0.0010283129802621312,OFDM,20262605.0,2.0,,,,,
fair,regen_OFDM_s20262605_p-06_Nd4001,test,,-6.0,full,,0.9561739698133046,0.007721040055924798,OFDM,20262605.0,2.0,,,,,
fair,regen_OFDM_s20262605_p-06_Nd4001,test,,-6.0,gmp,0.018717935062607816,0.8583615261179209,0.005617271735861341,OFDM,20262605.0,2.0,,,,,
fair,regen_OFDM_s20262605_p-06_Nd4001,test,,-6.0,static_mh,0.2958222654283706,0.7695162446225868,0.035764845945568544,OFDM,20262605.0,1.8884482481793488,,,,,
fair,regen_OFDM_s20262605_p-06_Nd4001,test,,-6.0,static_lti_mh,0.0088415778466668,0.9446668564377461,0.002545814700527312,OFDM,20262605.0,2.0,,,,,
fair,regen_OFDM_s20262605_p-06_Nd4001,test,,-6.0,dsh,0.006995054165595034,0.9714996111397881,0.0010478239633615626,OFDM,20262605.0,2.0,,,,,
fair,regen_OFDM_s20262705_p+00_Nd4001,test,,0.0,full,,0.7777158694284587,0.0343539506316956,OFDM,20262705.0,1.9923280841916873,,,,,
fair,regen_OFDM_s20262705_p+00_Nd4001,test,,0.0,gmp,0.0497392664800723,0.7035491803834534,0.01271684255141875,OFDM,20262705.0,1.9999999999731946,,,,,
fair,regen_OFDM_s20262705_p+00_Nd4001,test,,0.0,static_mh,0.39368954590480987,0.6609664574071746,0.05622431279708194,OFDM,20262705.0,1.8770645314737167,,,,,
fair,regen_OFDM_s20262705_p+00_Nd4001,test,,0.0,static_lti_mh,0.09875002192742224,0.7933782823366456,0.017523854428684982,OFDM,20262705.0,1.9999999999402134,,,,,
fair,regen_OFDM_s20262705_p+00_Nd4001,test,,0.0,dsh,0.09701506371226495,0.8884096033956334,0.0015994821079445291,OFDM,20262705.0,2.0,,,,,
fair,regen_OFDM_s20262705_p+03_Nd4001,test,,3.0,full,,0.5993763971700206,0.03902320977866286,OFDM,20262705.0,1.9064521157372751,,,,,
fair,regen_OFDM_s20262705_p+03_Nd4001,test,,3.0,gmp,0.0677683577493715,0.5924752345907255,0.01862486093589725,OFDM,20262705.0,1.9991740988251603,,,,,
fair,regen_OFDM_s20262705_p+03_Nd4001,test,,3.0,static_mh,0.7276480049740381,0.5171042209843872,0.12959717653919336,OFDM,20262705.0,1.154748278539886,,,,,
fair,regen_OFDM_s20262705_p+03_Nd4001,test,,3.0,static_lti_mh,0.28406555199012523,0.6250932083369415,0.041934475356097116,OFDM,20262705.0,1.9890329655098677,,,,,
fair,regen_OFDM_s20262705_p+03_Nd4001,test,,3.0,dsh,0.279394208617036,0.7877511157676591,0.0035616319987679924,OFDM,20262705.0,2.0,,,,,
fair,regen_OFDM_s20262705_p+06_Nd4001,test,,6.0,full,,0.4341161212655444,0.031789666663598976,OFDM,20262705.0,1.7136167077569875,,,,,
fair,regen_OFDM_s20262705_p+06_Nd4001,test,,6.0,gmp,0.08696983959421181,0.4618937610957813,0.026454921449797903,OFDM,20262705.0,1.9351916312783766,,,,,
fair,regen_OFDM_s20262705_p+06_Nd4001,test,,6.0,static_mh,1.1731880791921458,0.32929530196163553,0.164095348431473,OFDM,20262705.0,0.13035748298076527,,,,,
fair,regen_OFDM_s20262705_p+06_Nd4001,test,,6.0,static_lti_mh,0.5521870534285339,0.4226126072189817,0.05565837137874029,OFDM,20262705.0,1.7020484322890486,,,,,
fair,regen_OFDM_s20262705_p+06_Nd4001,test,,6.0,dsh,0.45622019915545287,0.5967349520693946,0.006307590447989767,OFDM,20262705.0,1.9999999999966012,,,,,
fair,regen_OFDM_s20262705_p-03_Nd4001,test,,-3.0,full,,0.8987196038134025,0.018024970020579942,OFDM,20262705.0,2.0,,,,,
fair,regen_OFDM_s20262705_p-03_Nd4001,test,,-3.0,gmp,0.0320069279467411,0.7916715807368919,0.008431211812717145,OFDM,20262705.0,1.9999999999999996,,,,,
fair,regen_OFDM_s20262705_p-03_Nd4001,test,,-3.0,static_mh,0.3050395363374786,0.7322770111728658,0.0302150961093324,OFDM,20262705.0,1.956091330231079,,,,,
fair,regen_OFDM_s20262705_p-03_Nd4001,test,,-3.0,static_lti_mh,0.0279205809491038,0.8924151571368083,0.0059646104022265944,OFDM,20262705.0,2.0,,,,,
fair,regen_OFDM_s20262705_p-03_Nd4001,test,,-3.0,dsh,0.025967062083897176,0.9424468819644096,0.0009351633601728547,OFDM,20262705.0,2.0,,,,,
fair,regen_OFDM_s20262705_p-06_Nd4001,test,,-6.0,full,,0.9585214253322286,0.007348728118801039,OFDM,20262705.0,2.0,,,,,
fair,regen_OFDM_s20262705_p-06_Nd4001,test,,-6.0,gmp,0.018844320672837287,0.8584874241845764,0.0055942215873628,OFDM,20262705.0,2.0,,,,,
fair,regen_OFDM_s20262705_p-06_Nd4001,test,,-6.0,static_mh,0.30286663163648253,0.7666098755453038,0.03404533980596,OFDM,20262705.0,1.8788423834925405,,,,,
fair,regen_OFDM_s20262705_p-06_Nd4001,test,,-6.0,static_lti_mh,0.007532878273987811,0.9446961237714225,0.0024947498411796035,OFDM,20262705.0,2.0,,,,,
fair,regen_OFDM_s20262705_p-06_Nd4001,test,,-6.0,dsh,0.006529202628069925,0.9711789366603072,0.0009401165824052623,OFDM,20262705.0,2.0,,,,,
fair,regen_QPSK_s20262403_p+00_Nd4001,test,,0.0,full,,0.8275772186097374,0.021879775385425865,QPSK,20262403.0,1.7914104135834115,,,,,
fair,regen_QPSK_s20262403_p+00_Nd4001,test,,0.0,gmp,0.04520147855830529,0.7078523376470729,0.00513438225370733,QPSK,20262403.0,1.6284270523718307,,,,,
fair,regen_QPSK_s20262403_p+00_Nd4001,test,,0.0,static_mh,0.26675446817821646,0.732541391121974,0.008960120299819203,QPSK,20262403.0,1.9999999999999818,,,,,
fair,regen_QPSK_s20262403_p+00_Nd4001,test,,0.0,static_lti_mh,0.04988956759879633,0.864743126999639,0.0025401052740181016,QPSK,20262403.0,1.9356560008603747,,,,,
fair,regen_QPSK_s20262403_p+00_Nd4001,test,,0.0,dsh,0.05010429513368148,0.8910655706854275,0.0005821775628284996,QPSK,20262403.0,1.9321813634740437,,,,,
fair,regen_QPSK_s20262403_p+03_Nd4001,test,,3.0,full,,0.64484262142159,0.035918561079900484,QPSK,20262403.0,1.499264249263061,,,,,
fair,regen_QPSK_s20262403_p+03_Nd4001,test,,3.0,gmp,0.06714304027516849,0.5934618480717357,0.007997029117262047,QPSK,20262403.0,1.4719991740299332,,,,,
fair,regen_QPSK_s20262403_p+03_Nd4001,test,,3.0,static_mh,0.4739087158634534,0.621796090171684,0.05550998054876026,QPSK,20262403.0,1.9431642677021765,,,,,
fair,regen_QPSK_s20262403_p+03_Nd4001,test,,3.0,static_lti_mh,0.18627315006648332,0.7418042105572787,0.0075057007915848495,QPSK,20262403.0,1.931696932542562,,,,,
fair,regen_QPSK_s20262403_p+03_Nd4001,test,,3.0,dsh,0.19890101929633744,0.7929808600290688,0.0014456439017510748,QPSK,20262403.0,1.9298911384926436,,,,,
fair,regen_QPSK_s20262403_p+06_Nd4001,test,,6.0,full,,0.44561342771412027,0.02794488599255879,QPSK,20262403.0,1.1188619162961153,,,,,
fair,regen_QPSK_s20262403_p+06_Nd4001,test,,6.0,gmp,0.07569978239103815,0.4531749056294769,0.012541385542358369,QPSK,20262403.0,1.1759190759211229,,,,,
fair,regen_QPSK_s20262403_p+06_Nd4001,test,,6.0,static_mh,1.1226802217951937,0.43212722746503335,0.14503405251844456,QPSK,20262403.0,1.0226848208816195,,,,,
fair,regen_QPSK_s20262403_p+06_Nd4001,test,,6.0,static_lti_mh,0.4269986491218124,0.5244303409683679,0.017413897768144167,QPSK,20262403.0,1.9146939870237865,,,,,
fair,regen_QPSK_s20262403_p+06_Nd4001,test,,6.0,dsh,0.4333857348650975,0.6032131611848287,0.0029097776197713403,QPSK,20262403.0,1.9250337918615534,,,,,
fair,regen_QPSK_s20262403_p-03_Nd4001,test,,-3.0,full,,0.9298605437562946,0.009157349044354625,QPSK,20262403.0,1.8896220970958884,,,,,
fair,regen_QPSK_s20262403_p-03_Nd4001,test,,-3.0,gmp,0.029360330386256704,0.7959032050458418,0.0034705134536347406,QPSK,20262403.0,1.710646239298657,,,,,
fair,regen_QPSK_s20262403_p-03_Nd4001,test,,-3.0,static_mh,0.26043946723641564,0.7895848771289036,0.024600960773243395,QPSK,20262403.0,1.9999989760599675,,,,,
fair,regen_QPSK_s20262403_p-03_Nd4001,test,,-3.0,static_lti_mh,0.012483454673806373,0.9294135990438821,0.0013674499177906225,QPSK,20262403.0,1.9310057681134112,,,,,
fair,regen_QPSK_s20262403_p-03_Nd4001,test,,-3.0,dsh,0.011709692713774455,0.9434882616423437,0.0007543758051134146,QPSK,20262403.0,1.9280833568757991,,,,,
fair,regen_QPSK_s20262403_p-06_Nd4001,test,,-6.0,full,,0.9707819041901691,0.003710067302337727,QPSK,20262403.0,1.9058805048442466,,,,,
fair,regen_QPSK_s20262403_p-06_Nd4001,test,,-6.0,gmp,0.016938094257375674,0.8614560602326121,0.00254827318886737,QPSK,20262403.0,1.751283381857728,,,,,
fair,regen_QPSK_s20262403_p-06_Nd4001,test,,-6.0,static_mh,0.2589573165087111,0.8183989989220651,0.02557786558874464,QPSK,20262403.0,1.9999994712160136,,,,,
fair,regen_QPSK_s20262403_p-06_Nd4001,test,,-6.0,static_lti_mh,0.003639593773839647,0.9639095364134453,0.0008747921398954099,QPSK,20262403.0,1.922613371978025,,,,,
fair,regen_QPSK_s20262403_p-06_Nd4001,test,,-6.0,dsh,0.0033151638845308287,0.9712575722635549,0.0006973102857755691,QPSK,20262403.0,1.920678943124341,,,,,
fair,regen_QPSK_s20262503_p+00_Nd4001,test,,0.0,full,,0.8345999063281346,0.0218690287931353,QPSK,20262503.0,1.8260894198312927,,,,,
fair,regen_QPSK_s20262503_p+00_Nd4001,test,,0.0,gmp,0.04503000695152288,0.7120954342693945,0.004792652822295601,QPSK,20262503.0,1.6961447489419323,,,,,
fair,regen_QPSK_s20262503_p+00_Nd4001,test,,0.0,static_mh,0.2710271463608574,0.7211803653778586,0.008179630559056213,QPSK,20262503.0,1.9999999999999376,,,,,
fair,regen_QPSK_s20262503_p+00_Nd4001,test,,0.0,static_lti_mh,0.05025044003397966,0.8679878467235006,0.002484623642330978,QPSK,20262503.0,1.950974797103616,,,,,
fair,regen_QPSK_s20262503_p+00_Nd4001,test,,0.0,dsh,0.0488924550018458,0.891651745779946,0.0005559916986355379,QPSK,20262503.0,1.951891758494163,,,,,
fair,regen_QPSK_s20262503_p+03_Nd4001,test,,3.0,full,,0.6444834804376294,0.03479498225450807,QPSK,20262503.0,1.5200822252135804,,,,,
fair,regen_QPSK_s20262503_p+03_Nd4001,test,,3.0,gmp,0.06320205708320115,0.5984850013481396,0.00745297750329474,QPSK,20262503.0,1.5257614540110978,,,,,
fair,regen_QPSK_s20262503_p+03_Nd4001,test,,3.0,static_mh,0.45802919287271293,0.6212953138921133,0.0491600380029131,QPSK,20262503.0,1.9402398041222044,,,,,
fair,regen_QPSK_s20262503_p+03_Nd4001,test,,3.0,static_lti_mh,0.1885054070672275,0.7462835170569849,0.007350426881706926,QPSK,20262503.0,1.9436949871684108,,,,,
fair,regen_QPSK_s20262503_p+03_Nd4001,test,,3.0,dsh,0.1954428377658052,0.7922121713146,0.0013000851846358967,QPSK,20262503.0,1.9515155152313026,,,,,
fair,regen_QPSK_s20262503_p+06_Nd4001,test,,6.0,full,,0.4577906953406612,0.028543085003269353,QPSK,20262503.0,1.0944263284851938,,,,,
fair,regen_QPSK_s20262503_p+06_Nd4001,test,,6.0,gmp,0.07618780762796841,0.45863914146863266,0.011640506096014528,QPSK,20262503.0,1.193140696844635,,,,,
fair,regen_QPSK_s20262503_p+06_Nd4001,test,,6.0,static_mh,1.0172464982988985,0.4423365445282537,0.1359948361246394,QPSK,20262503.0,1.058327923965688,,,,,
fair,regen_QPSK_s20262503_p+06_Nd4001,test,,6.0,static_lti_mh,0.4058838136210205,0.5294213537859512,0.016724185827654156,QPSK,20262503.0,1.9152341723406705,,,,,
fair,regen_QPSK_s20262503_p+06_Nd4001,test,,6.0,dsh,0.4033047527758908,0.6006429008193696,0.0027174340505362695,QPSK,20262503.0,1.9454561146285407,,,,,
fair,regen_QPSK_s20262503_p-03_Nd4001,test,,-3.0,full,,0.9274597684057586,0.009568009251782266,QPSK,20262503.0,1.9191143747179802,,,,,
fair,regen_QPSK_s20262503_p-03_Nd4001,test,,-3.0,gmp,0.028261030062925192,0.799225805271025,0.003248469901802493,QPSK,20262503.0,1.7799762804054007,,,,,
fair,regen_QPSK_s20262503_p-03_Nd4001,test,,-3.0,static_mh,0.26132848872183523,0.7737966521011567,0.022399324395670474,QPSK,20262503.0,1.9999998564703774,,,,,
fair,regen_QPSK_s20262503_p-03_Nd4001,test,,-3.0,static_lti_mh,0.013728880384012652,0.9317947515250548,0.0012774106718396426,QPSK,20262503.0,1.950298556073986,,,,,
fair,regen_QPSK_s20262503_p-03_Nd4001,test,,-3.0,dsh,0.012936023762383193,0.9444996239121145,0.0007122536512444614,QPSK,20262503.0,1.9493999449854182,,,,,
fair,regen_QPSK_s20262503_p-06_Nd4001,test,,-6.0,full,,0.9697043360426354,0.003762602286161273,QPSK,20262503.0,1.9387027841177131,,,,,
fair,regen_QPSK_s20262503_p-06_Nd4001,test,,-6.0,gmp,0.01642608524895236,0.863889803013637,0.002396325791202064,QPSK,20262503.0,1.8205115686639544,,,,,
fair,regen_QPSK_s20262503_p-06_Nd4001,test,,-6.0,static_mh,0.25861844745803886,0.8019548384210171,0.02293202046349476,QPSK,20262503.0,1.9999996193736296,,,,,
fair,regen_QPSK_s20262503_p-06_Nd4001,test,,-6.0,static_lti_mh,0.0038349957046984245,0.9655968763224356,0.0007950476111222559,QPSK,20262503.0,1.9472014256327463,,,,,
fair,regen_QPSK_s20262503_p-06_Nd4001,test,,-6.0,dsh,0.003549504319841055,0.9722237224301767,0.0006441387871776987,QPSK,20262503.0,1.9462745679735876,,,,,
fair,regen_QPSK_s20262603_p+00_Nd4001,test,,0.0,full,,0.8318268468597755,0.01937753589140507,QPSK,20262603.0,1.8111824522237074,,,,,
fair,regen_QPSK_s20262603_p+00_Nd4001,test,,0.0,gmp,0.04403172916652614,0.7080998441334448,0.004928130860729022,QPSK,20262603.0,1.6723681567530992,,,,,
fair,regen_QPSK_s20262603_p+00_Nd4001,test,,0.0,static_mh,0.2726712502958838,0.7134371556215682,0.008045963748430826,QPSK,20262603.0,1.9999999999999771,,,,,
fair,regen_QPSK_s20262603_p+00_Nd4001,test,,0.0,static_lti_mh,0.0454094527394687,0.8666995762701823,0.0022909383735406387,QPSK,20262603.0,1.9379167419879164,,,,,
fair,regen_QPSK_s20262603_p+00_Nd4001,test,,0.0,dsh,0.0446547922831577,0.8910231670352605,0.0005348179862966424,QPSK,20262603.0,1.9332199007246968,,,,,
fair,regen_QPSK_s20262603_p+03_Nd4001,test,,3.0,full,,0.659457794928787,0.031539437580220056,QPSK,20262603.0,1.5370727081502638,,,,,
fair,regen_QPSK_s20262603_p+03_Nd4001,test,,3.0,gmp,0.06351805501934886,0.593720357101505,0.007753723443340352,QPSK,20262603.0,1.5173908940352514,,,,,
fair,regen_QPSK_s20262603_p+03_Nd4001,test,,3.0,static_mh,0.4126724221572938,0.6236516954370319,0.0481077532820634,QPSK,20262603.0,1.9593347884578478,,,,,
fair,regen_QPSK_s20262603_p+03_Nd4001,test,,3.0,static_lti_mh,0.16251012872265774,0.7459131217974523,0.006455707645778737,QPSK,20262603.0,1.932761456168209,,,,,
fair,regen_QPSK_s20262603_p+03_Nd4001,test,,3.0,dsh,0.16939733075459878,0.7932135867901096,0.0012998562077010392,QPSK,20262603.0,1.9283277592513963,,,,,
fair,regen_QPSK_s20262603_p+06_Nd4001,test,,6.0,full,,0.4649245488760182,0.028102468246317975,QPSK,20262603.0,1.0654275512273128,,,,,
fair,regen_QPSK_s20262603_p+06_Nd4001,test,,6.0,gmp,0.07534602004843435,0.4534238069049548,0.012201212910378897,QPSK,20262603.0,1.2044228855075156,,,,,
fair,regen_QPSK_s20262603_p+06_Nd4001,test,,6.0,static_mh,0.969381398272499,0.45012947524394226,0.1313667967321145,QPSK,20262603.0,1.14352382575325,,,,,
fair,regen_QPSK_s20262603_p+06_Nd4001,test,,6.0,static_lti_mh,0.3792682837088693,0.5306163793099561,0.01523889166546276,QPSK,20262603.0,1.9138178267657715,,,,,
fair,regen_QPSK_s20262603_p+06_Nd4001,test,,6.0,dsh,0.38289303938010166,0.6038428863114005,0.0026353716193240648,QPSK,20262603.0,1.920337007434595,,,,,
fair,regen_QPSK_s20262603_p-03_Nd4001,test,,-3.0,full,,0.9233291061419892,0.008420028629356766,QPSK,20262603.0,1.9003387111611965,,,,,
fair,regen_QPSK_s20262603_p-03_Nd4001,test,,-3.0,gmp,0.027369881482874284,0.7961705714882433,0.003286034160485248,QPSK,20262603.0,1.7467888772059468,,,,,
fair,regen_QPSK_s20262603_p-03_Nd4001,test,,-3.0,static_mh,0.2791589490381851,0.761283184146966,0.022118829008061922,QPSK,20262603.0,1.999999541814957,,,,,
fair,regen_QPSK_s20262603_p-03_Nd4001,test,,-3.0,static_lti_mh,0.012356532519796841,0.9302612611032843,0.0012745742488196661,QPSK,20262603.0,1.9350961710114996,,,,,
fair,regen_QPSK_s20262603_p-03_Nd4001,test,,-3.0,dsh,0.011618040401910968,0.9432878636997768,0.0006624656296901971,QPSK,20262603.0,1.9320389493546777,,,,,
fair,regen_QPSK_s20262603_p-06_Nd4001,test,,-6.0,full,,0.9648810855521858,0.003447529276890317,QPSK,20262603.0,1.9170710827917423,,,,,
fair,regen_QPSK_s20262603_p-06_Nd4001,test,,-6.0,gmp,0.01579027330963322,0.8617733528717318,0.0023799024832903597,QPSK,20262603.0,1.7814248440549107,,,,,
fair,regen_QPSK_s20262603_p-06_Nd4001,test,,-6.0,static_mh,0.27695038077067485,0.7887977842478645,0.022670474881297895,QPSK,20262603.0,1.9999992944790697,,,,,
fair,regen_QPSK_s20262603_p-06_Nd4001,test,,-6.0,static_lti_mh,0.0036158131831411544,0.9642188587896557,0.0007890003301448839,QPSK,20262603.0,1.9292342827156697,,,,,
fair,regen_QPSK_s20262603_p-06_Nd4001,test,,-6.0,dsh,0.003364590193813315,0.9710098512551887,0.0005885309947648798,QPSK,20262603.0,1.9274408630279476,,,,,
fair,regen_QPSK_s20262703_p+00_Nd4001,test,,0.0,full,,0.8235418967736551,0.02134875111736308,QPSK,20262703.0,1.833482020794414,,,,,
fair,regen_QPSK_s20262703_p+00_Nd4001,test,,0.0,gmp,0.045740841578005974,0.7038258374140918,0.004890345623321257,QPSK,20262703.0,1.6802123247985037,,,,,
fair,regen_QPSK_s20262703_p+00_Nd4001,test,,0.0,static_mh,0.2735011892404936,0.7400721593252645,0.008300680967220987,QPSK,20262703.0,1.9999999999999927,,,,,
fair,regen_QPSK_s20262703_p+00_Nd4001,test,,0.0,static_lti_mh,0.05099869402447313,0.8666566410281015,0.0024872140920213044,QPSK,20262703.0,1.9469081587287327,,,,,
fair,regen_QPSK_s20262703_p+00_Nd4001,test,,0.0,dsh,0.04986515094855857,0.8910059313196321,0.0005661541733967123,QPSK,20262703.0,1.945690210117531,,,,,
fair,regen_QPSK_s20262703_p+03_Nd4001,test,,3.0,full,,0.6385246242543218,0.03350864556279648,QPSK,20262703.0,1.4895100735983051,,,,,
fair,regen_QPSK_s20262703_p+03_Nd4001,test,,3.0,gmp,0.06486326798863438,0.5896003220913139,0.007608819247844014,QPSK,20262703.0,1.507831454449828,,,,,
fair,regen_QPSK_s20262703_p+03_Nd4001,test,,3.0,static_mh,0.4561506048427347,0.6429233591515483,0.04954103990784102,QPSK,20262703.0,1.9305410878562301,,,,,
fair,regen_QPSK_s20262703_p+03_Nd4001,test,,3.0,static_lti_mh,0.18717021822467472,0.7452999400472091,0.007603240581312233,QPSK,20262703.0,1.9443817216415593,,,,,
fair,regen_QPSK_s20262703_p+03_Nd4001,test,,3.0,dsh,0.1949770109984169,0.7923661341076677,0.0013169819932643207,QPSK,20262703.0,1.9466437357514228,,,,,
fair,regen_QPSK_s20262703_p+06_Nd4001,test,,6.0,full,,0.4292764196283626,0.025863714501202378,QPSK,20262703.0,0.9453522799793042,,,,,
fair,regen_QPSK_s20262703_p+06_Nd4001,test,,6.0,gmp,0.08513130862579442,0.4501511774896004,0.01187136588095305,QPSK,20262703.0,1.1878875026702713,,,,,
fair,regen_QPSK_s20262703_p+06_Nd4001,test,,6.0,static_mh,1.1328257990520845,0.4607170548265537,0.1368586273863548,QPSK,20262703.0,1.1325765300023611,,,,,
fair,regen_QPSK_s20262703_p+06_Nd4001,test,,6.0,static_lti_mh,0.46198694831348563,0.5296658127907173,0.01739490472273792,QPSK,20262703.0,1.9023582282543954,,,,,
fair,regen_QPSK_s20262703_p+06_Nd4001,test,,6.0,dsh,0.4681367922839885,0.6022965857756455,0.0026641119382998127,QPSK,20262703.0,1.941905036871042,,,,,
fair,regen_QPSK_s20262703_p-03_Nd4001,test,,-3.0,full,,0.9232469821874174,0.009261244743923387,QPSK,20262703.0,1.9171527233740353,,,,,
fair,regen_QPSK_s20262703_p-03_Nd4001,test,,-3.0,gmp,0.029448709512570344,0.7919123036229644,0.0033094941404379894,QPSK,20262703.0,1.7635060925455723,,,,,
fair,regen_QPSK_s20262703_p-03_Nd4001,test,,-3.0,static_mh,0.2717355015334402,0.7902033197477475,0.02295298062634867,QPSK,20262703.0,1.9999999928015129,,,,,
fair,regen_QPSK_s20262703_p-03_Nd4001,test,,-3.0,static_lti_mh,0.013467724064073783,0.9306373981510979,0.0012833503458543358,QPSK,20262703.0,1.9427834609725463,,,,,
fair,regen_QPSK_s20262703_p-03_Nd4001,test,,-3.0,dsh,0.012561961166910924,0.9437009006761804,0.0007132707603411473,QPSK,20262703.0,1.941609061823711,,,,,
fair,regen_QPSK_s20262703_p-06_Nd4001,test,,-6.0,full,,0.9668535249409288,0.0035802106143476586,QPSK,20262703.0,1.9312534363010287,,,,,
fair,regen_QPSK_s20262703_p-06_Nd4001,test,,-6.0,gmp,0.017035550206461275,0.857548825288871,0.0024345346045748983,QPSK,20262703.0,1.800962770716312,,,,,
fair,regen_QPSK_s20262703_p-06_Nd4001,test,,-6.0,static_mh,0.2676227037676343,0.8180248138520806,0.023502051123774972,QPSK,20262703.0,1.999999968482245,,,,,
fair,regen_QPSK_s20262703_p-06_Nd4001,test,,-6.0,static_lti_mh,0.0037822531326097805,0.9647026951064238,0.0008070057389048431,QPSK,20262703.0,1.9371358685141968,,,,,
fair,regen_QPSK_s20262703_p-06_Nd4001,test,,-6.0,dsh,0.0034598162255389947,0.9715184294261762,0.0006477341134340796,QPSK,20262703.0,1.9362184463320766,,,,,
phase,OP1_CW_H,reference,,,full,,0.43256152120587926,32781.77238315746,,0.0,,CW,0.43320529839887856,0.43282995312465733,0.4324659267804303,
phase,OP1_CW_H,reference,,,gmp,48.871348821530646,0.26404871323888995,30709.109762814347,,0.0,,CW,0.2649958035786,0.26452002403669655,0.26397816512472505,
phase,OP1_CW_H,reference,,,static_mh,0.006990369039956541,0.4306872543995638,30776.940982907796,,0.0,,CW,0.4312888127254828,0.43093436460911344,0.43059182559414694,
phase,OP1_CW_H,reference,,,static_lti_mh,0.016904281747119432,0.43562919066984823,30776.888142166354,,0.0,,CW,0.43629617295458073,0.43594513890663833,0.43560662455280447,
phase,OP1_CW_H,reference,,,dsh,0.016904281747119432,0.43562919066984823,30776.888142166354,,0.0,,CW,0.43629617295458073,0.43594513890663833,0.43560662455280447,
phase,OP1_REF_s20260701_H,test,,,full,,0.1983899133862096,0.010961713059425764,,20260701.0,,REF,0.2080832902816251,0.23051538479734732,0.19525700971679574,
phase,OP1_REF_s20260701_H,test,,,gmp,0.17749802043415808,0.23417482323307195,0.0024171663899431005,,20260701.0,,REF,0.2188479358962243,0.25547658216508146,0.22362061239047026,
phase,OP1_REF_s20260701_H,test,,,static_mh,1.2263649956531155,0.41900340971087663,0.0005827558781350103,,20260701.0,,REF,0.4302566285501833,0.41845040157286356,0.41486952953912287,
phase,OP1_REF_s20260701_H,test,,,static_lti_mh,1.2517253535936903,0.4356657839211655,0.0007357155676449338,,20260701.0,,REF,0.43574685613464825,0.43575274156168303,0.43539324589802486,
phase,OP1_REF_s20260701_H,test,,,dsh,1.25172535359368,0.43566578392116173,0.0007357155676449241,,20260701.0,,REF,0.43574685613462993,0.43575274156167754,0.4353932458980193,
phase,OP1_REF_s20260702_H,test,,,full,,0.1944386149743741,0.011531427759591572,,20260702.0,,REF,0.21470300187593677,0.23023263900022245,0.1952860239796168,
phase,OP1_REF_s20260702_H,test,,,gmp,0.16437036631202412,0.229608110587092,0.0023149141068653897,,20260702.0,,REF,0.2301747278328286,0.2505717004078339,0.22681419657467805,
phase,OP1_REF_s20260702_H,test,,,static_mh,1.310806218760935,0.42165642435439965,0.0005978121200473188,,20260702.0,,REF,0.42991663008940173,0.4231974596827092,0.4205570461146897,
phase,OP1_REF_s20260702_H,test,,,static_lti_mh,1.3065983519296789,0.43571118209161774,0.000737348812398952,,20260702.0,,REF,0.436190479313383,0.4358492391446569,0.4354868880550544,
phase,OP1_REF_s20260702_H,test,,,dsh,1.3065983519296742,0.4357111820916176,0.0007373488123989694,,20260702.0,,REF,0.436190479313386,0.43584923914465656,0.435486888055054,
phase,OP1_REF_s20260703_H,test,,,full,,0.20315284149582438,0.01209814701944331,,20260703.0,,REF,0.22322275279435808,0.24774946674380852,0.2045643096286555,
phase,OP1_REF_s20260703_H,test,,,gmp,0.17976923648885673,0.23629550811393632,0.00259818635597023,,20260703.0,,REF,0.23316955293587627,0.2704555163469456,0.23860432086209693,
phase,OP1_REF_s20260703_H,test,,,static_mh,1.1704825305167916,0.41849606453218524,0.0005931069218817733,,20260703.0,,REF,0.42946548073504,0.41472711265168694,0.4106139819656243,
phase,OP1_REF_s20260703_H,test,,,static_lti_mh,1.2123547434577455,0.4355031380854885,0.0008044116807633461,,20260703.0,,REF,0.43602376973829315,0.4358914114714343,0.435501318604548,
phase,OP1_REF_s20260703_H,test,,,dsh,1.2123547434577788,0.4355031380854938,0.0008044116807632901,,20260703.0,,REF,0.43602376973826107,0.435891411471439,0.4355013186045526,
phase,OP1_FAST_s20260701_H,test,,,full,,0.24652703418720148,0.015249874718849208,,20260701.0,,FAST,0.2668502782255563,0.302137277829793,0.23164877032319925,
phase,OP1_FAST_s20260701_H,test,,,gmp,0.12706798649015244,0.25986467384387835,0.0034405863708922776,,20260701.0,,FAST,0.25460220527866095,0.318067690117886,0.25851972003106977,
phase,OP1_FAST_s20260701_H,test,,,static_mh,0.7803766091919137,0.41017269813992085,0.0005853199868369933,,20260701.0,,FAST,0.4282129117346697,0.4029950283955555,0.39574384226291487,
phase,OP1_FAST_s20260701_H,test,,,static_lti_mh,0.7794666766977396,0.43553644850491424,0.0007783526044640013,,20260701.0,,FAST,0.4364818686528029,0.43605894093055575,0.4356464842348714,
phase,OP1_FAST_s20260701_H,test,,,dsh,0.7794666766977372,0.4355364485049128,0.000778352604464102,,20260701.0,,FAST,0.43648186865279825,0.4360589409305531,0.4356464842348687,
phase,OP1_FAST_s20260702_H,test,,,full,,0.23113243553445004,0.01418538691675733,,20260702.0,,FAST,0.2515877827144518,0.28699327765050625,0.21544661894027903,
phase,OP1_FAST_s20260702_H,test,,,gmp,0.11568882593267159,0.25356452240892485,0.003533363971970547,,20260702.0,,FAST,0.25272382609844724,0.30794308669963943,0.2550218539892362,
phase,OP1_FAST_s20260702_H,test,,,static_mh,0.8775918670839931,0.4099875879479542,0.0005785549230668698,,20260702.0,,FAST,0.42927001476624493,0.3996198204361519,0.39301938183758034,
phase,OP1_FAST_s20260702_H,test,,,static_lti_mh,0.8752129174757569,0.4356150323094236,0.000799842994173852,,20260702.0,,FAST,0.4354366246098883,0.4360556773401853,0.43567390283529306,
phase,OP1_FAST_s20260702_H,test,,,dsh,0.8752129174757741,0.43561503230942555,0.0007998429941737921,,20260702.0,,FAST,0.43543662460985,0.4360556773401849,0.43567390283529267,
phase,OP1_FAST_s20260703_H,test,,,full,,0.23156148432687235,0.015064636060722027,,20260703.0,,FAST,0.2705338186423111,0.30239643294290636,0.2284901874441091,
phase,OP1_FAST_s20260703_H,test,,,gmp,0.13096749618459838,0.2632663063027016,0.00354042356506401,,20260703.0,,FAST,0.2653624674623483,0.3092678098035422,0.25546127830879656,
phase,OP1_FAST_s20260703_H,test,,,static_mh,0.9014452423267721,0.41304329563230585,0.0005872404393899789,,20260703.0,,FAST,0.4295314192084469,0.4101135093173436,0.4043229463132291,
phase,OP1_FAST_s20260703_H,test,,,static_lti_mh,0.893183296232907,0.43555916848528,0.0008114553995933055,,20260703.0,,FAST,0.4364072340500882,0.4361630356302738,0.43575203663050455,
phase,OP1_FAST_s20260703_H,test,,,dsh,0.8931832962329067,0.4355591684852792,0.0008114553995934036,,20260703.0,,FAST,0.4364072340501034,0.4361630356302763,0.4357520366305069,
phase,OP1_SLOW_s20260701_H,test,,,full,,0.3215041733321664,0.017146421499002452,,20260701.0,,SLOW,0.35483963179132666,0.32385343370459363,0.30869388535748066,
phase,OP1_SLOW_s20260701_H,test,,,gmp,0.19953564489197423,0.23395839180569383,0.0016333703246360792,,20260701.0,,SLOW,0.25573877265226064,0.2506585004577081,0.24724729537268045,
phase,OP1_SLOW_s20260701_H,test,,,static_mh,0.31604492512043253,0.42860359154854516,0.0006252753184569665,,20260701.0,,SLOW,0.43014148663642304,0.4292593279849193,0.42846429939175923,
phase,OP1_SLOW_s20260701_H,test,,,static_lti_mh,0.305532311279436,0.43566442006003137,0.0007643389965657568,,20260701.0,,SLOW,0.4364445516288269,0.43605411933983756,0.4357115197780319,
phase,OP1_SLOW_s20260701_H,test,,,dsh,0.30553231127943825,0.435664420060032,0.000764338996565795,,20260701.0,,SLOW,0.43644455162880647,0.4360541193398357,0.43571151977803,
phase,OP1_SLOW_s20260702_H,test,,,full,,0.267706621780554,0.017753425476718532,,20260702.0,,SLOW,0.3732384174641054,0.3649293511426539,0.3509385521058529,
phase,OP1_SLOW_s20260702_H,test,,,gmp,0.20052641688329045,0.23064745603484102,0.0016140089024870275,,20260702.0,,SLOW,0.23221610590345848,0.239069649134495,0.22741943987832575,
phase,OP1_SLOW_s20260702_H,test,,,static_mh,0.5546110216520493,0.4288610354889284,0.0005943842997094809,,20260702.0,,SLOW,0.43008999759290434,0.42265066520092615,0.42095932172252226,
phase,OP1_SLOW_s20260702_H,test,,,static_lti_mh,0.5440862590058785,0.4357050057789405,0.0007267269303580577,,20260702.0,,SLOW,0.43627836452210184,0.43627698834370676,0.43593470806491535,
phase,OP1_SLOW_s20260702_H,test,,,dsh,0.5440862590058846,0.4357050057789413,0.000726726930358032,,20260702.0,,SLOW,0.4362783645221091,0.4362769883437059,0.4359347080649145,
phase,OP1_SLOW_s20260703_H,test,,,full,,0.28574030479488477,0.019500502981119747,,20260703.0,,SLOW,0.3323185810515566,0.33080720698278837,0.3146418959412801,
phase,OP1_SLOW_s20260703_H,test,,,gmp,0.22233143361647864,0.23086773569155855,0.0018345089169947977,,20260703.0,,SLOW,0.23225715614788575,0.23636354696174225,0.22648109706780206,
phase,OP1_SLOW_s20260703_H,test,,,static_mh,0.43879446374917697,0.4265916343551724,0.000634271096832755,,20260703.0,,SLOW,0.4302215057892642,0.42932399457877235,0.428018044208814,
phase,OP1_SLOW_s20260703_H,test,,,static_lti_mh,0.4527204772636156,0.43561338255343424,0.0007638716103518276,,20260703.0,,SLOW,0.43625403078525626,0.4360958379701991,0.4357563411864414,
phase,OP1_SLOW_s20260703_H,test,,,dsh,0.45272047726361264,0.43561338255343357,0.0007638716103517725,,20260703.0,,SLOW,0.43625403078524994,0.4360958379701988,0.4357563411864412,
phase,OP1_JUMP_s20260701_H,test,,,full,,0.2159993526143291,0.019671288530442563,,20260701.0,,JUMP,0.21317661490803713,0.23054299546819457,0.1900555260265376,
phase,OP1_JUMP_s20260701_H,test,,,gmp,0.2517582478888059,0.22582976269774407,0.0034628879770621603,,20260701.0,,JUMP,0.21517884313718816,0.24148389122411051,0.21275227081174336,
phase,OP1_JUMP_s20260701_H,test,,,static_mh,1.036610594165069,0.41733646422078535,0.0011313090830635977,,20260701.0,,JUMP,0.42108520484564793,0.4130329571851923,0.4021542778276976,
phase,OP1_JUMP_s20260701_H,test,,,static_lti_mh,0.9737301157323657,0.43632087015523197,0.0026490662559312357,,20260701.0,,JUMP,0.43771824721212793,0.43810169443629354,0.43686409727250713,
phase,OP1_JUMP_s20260701_H,test,,,dsh,0.9737301157323657,0.43632087015523197,0.0026490662559312357,,20260701.0,,JUMP,0.43771824721212793,0.43810169443629354,0.43686409727250713,
phase,OP1_JUMP_s20260702_H,test,,,full,,0.18236512188878234,0.013124572684598119,,20260702.0,,JUMP,0.1849223959139515,0.21096052714223162,0.1719862436929107,
phase,OP1_JUMP_s20260702_H,test,,,gmp,0.22104733416087158,0.2247746753931892,0.0032767724730274096,,20260702.0,,JUMP,0.22475879212642225,0.24281778908838067,0.2193720868615502,
phase,OP1_JUMP_s20260702_H,test,,,static_mh,1.4920262541382343,0.41765849009678585,0.0010763302703437345,,20260702.0,,JUMP,0.42626162357830016,0.41035509875137577,0.3988213768563173,
phase,OP1_JUMP_s20260702_H,test,,,static_lti_mh,1.4685765638065413,0.4364144528270371,0.002491024724753912,,20260702.0,,JUMP,0.4355435550795615,0.43638159509251695,0.4355089175299143,
phase,OP1_JUMP_s20260702_H,test,,,dsh,1.4685765638065413,0.4364144528270371,0.002491024724753912,,20260702.0,,JUMP,0.4355435550795615,0.43638159509251695,0.4355089175299143,
phase,OP1_JUMP_s20260703_H,test,,,full,,0.20420285011981396,0.01584233018353433,,20260703.0,,JUMP,0.20097325622295306,0.2468635910397555,0.1983923470619527,
phase,OP1_JUMP_s20260703_H,test,,,gmp,0.20790452860803332,0.2275816401662543,0.003425780995049938,,20260703.0,,JUMP,0.22109573695928147,0.2504146759259936,0.2229831737348192,
phase,OP1_JUMP_s20260703_H,test,,,static_mh,1.157914906601595,0.4173517822020627,0.0011962621818349824,,20260703.0,,JUMP,0.4227968261136082,0.4041578690677441,0.38924626157219033,
phase,OP1_JUMP_s20260703_H,test,,,static_lti_mh,1.1300119545065357,0.43600201213009293,0.0027468333601418033,,20260703.0,,JUMP,0.4347312509356956,0.4339149057775109,0.4326243431588895,
phase,OP1_JUMP_s20260703_H,test,,,dsh,1.1300119545065357,0.43600201213009293,0.0027468333601418033,,20260703.0,,JUMP,0.4347312509356956,0.4339149057775109,0.4326243431588895,
phase,OP1_LONGRAMP_s20260701_H,test,,,full,,0.1977515986521482,0.00968894672729907,,20260701.0,,LONGRAMP,0.21288981093401374,0.21788978980351048,0.1868678502027776,
phase,OP1_LONGRAMP_s20260701_H,test,,,gmp,0.25321731148540044,0.2216272417382804,0.0014007262090973336,,20260701.0,,LONGRAMP,0.2273982542714427,0.23599654337290027,0.21633349747489689,
phase,OP1_LONGRAMP_s20260701_H,test,,,static_mh,1.3648444013734424,0.42473363495171745,0.0005790948802557868,,20260701.0,,LONGRAMP,0.43206896292601454,0.4270505921223276,0.42650915759715285,
phase,OP1_LONGRAMP_s20260701_H,test,,,static_lti_mh,1.4869693359628258,0.4355994541512404,0.0006386291113800057,,20260701.0,,LONGRAMP,0.43629602277207874,0.43589262156413633,0.4355418737962291,
phase,OP1_LONGRAMP_s20260701_H,test,,,dsh,1.486969335962824,0.4355994541512397,0.0006386291113799979,,20260701.0,,LONGRAMP,0.43629602277206475,0.43589262156413927,0.4355418737962318,
phase,OP1_LONGRAMP_s20260702_H,test,,,full,,0.19473616302886093,0.010157217981844395,,20260702.0,,LONGRAMP,0.19308463990679342,0.19127561805860535,0.17167928148111944,
phase,OP1_LONGRAMP_s20260702_H,test,,,gmp,0.25674136483644433,0.21713739129334683,0.001464683244559848,,20260702.0,,LONGRAMP,0.23100990930881002,0.23358850366562325,0.22003984584264719,
phase,OP1_LONGRAMP_s20260702_H,test,,,static_mh,1.4782991989702599,0.42709695163476374,0.0005977977939663345,,20260702.0,,LONGRAMP,0.43064292571247875,0.42930104061191304,0.42883628229519777,
phase,OP1_LONGRAMP_s20260702_H,test,,,static_lti_mh,1.574861596173341,0.4356267334458943,0.0006602013993245704,,20260702.0,,LONGRAMP,0.43718988072281595,0.4360326089457728,0.4356835971226924,
phase,OP1_LONGRAMP_s20260702_H,test,,,dsh,1.574861596173338,0.4356267334458946,0.0006602013993245292,,20260702.0,,LONGRAMP,0.43718988072280984,0.4360326089457745,0.43568359712269406,
phase,OP1_LONGRAMP_s20260703_H,test,,,full,,0.21103780958399534,0.012895941618656174,,20260703.0,,LONGRAMP,0.23540890814383164,0.23215400103128542,0.20710776457070634,
phase,OP1_LONGRAMP_s20260703_H,test,,,gmp,0.2640154152253965,0.2237646669617843,0.00145152496020907,,20260703.0,,LONGRAMP,0.24383847471891446,0.24789665652590512,0.22604944246560665,
phase,OP1_LONGRAMP_s20260703_H,test,,,static_mh,1.1117997576062701,0.42496981382022175,0.0005813057558750124,,20260703.0,,LONGRAMP,0.4321927661716525,0.424712706361738,0.4241422491993387,
phase,OP1_LONGRAMP_s20260703_H,test,,,static_lti_mh,1.2059537737171047,0.4356202762594585,0.0006526973193896363,,20260703.0,,LONGRAMP,0.4367810581468785,0.4359806687542329,0.4356303766859479,
phase,OP1_LONGRAMP_s20260703_H,test,,,dsh,1.2059537737171118,0.43562027625945915,0.0006526973193896655,,20260703.0,,LONGRAMP,0.4367810581468824,0.4359806687542348,0.4356303766859498,
phase_level,OP1_CW_p-6,heldout_level,,,full,,0.9719688419877568,9744.34590117723,,0.0,,CW,0.9719084354925857,0.9718629157271711,0.9718143828219941,-6.0
phase_level,OP1_CW_p-6,heldout_level,,,gmp,357.64432551634064,0.7108748977010357,30259.287933632964,,0.0,,CW,0.7112047923195977,0.7109827589280792,0.7107705822560318,-6.0
phase_level,OP1_CW_p-6,heldout_level,,,static_mh,0.014627183309955036,0.9706463631697909,9860.54218562421,,0.0,,CW,0.9705857292828478,0.9705407552868532,0.9704915714362515,-6.0
phase_level,OP1_CW_p-6,heldout_level,,,static_lti_mh,0.002895873360287886,0.9713865620966852,9866.643339762728,,0.0,,CW,0.9714896150840883,0.9714447842370246,0.9713956429232851,-6.0
phase_level,OP1_CW_p-6,heldout_level,,,dsh,0.0028958733603032197,0.9713865620966808,9866.64333976214,,0.0,,CW,0.9714896150841053,0.9714447842370217,0.9713956429232821,-6.0
phase_level,OP1_REF_s20260701_p-6,heldout_level,,,full,,0.9515338035805083,0.004843058200453168,,20260701.0,,REF,0.9603830743263806,0.9555113153274262,0.9543450603716883,-6.0
phase_level,OP1_REF_s20260701_p-6,heldout_level,,,gmp,0.044457528234367966,0.7642163526069321,0.0022726580477032713,,20260701.0,,REF,0.7565723181128281,0.7685266902066924,0.7660552447403517,-6.0
phase_level,OP1_REF_s20260701_p-6,heldout_level,,,static_mh,0.056927470682405355,0.9442588017661236,0.00019335342670184668,,20260701.0,,REF,0.96913281441853,0.9424170403817395,0.9351908382080817,-6.0
phase_level,OP1_REF_s20260701_p-6,heldout_level,,,static_lti_mh,0.0052548758399429685,0.971418943830365,0.0010926196717743132,,20260701.0,,REF,0.9714080140561718,0.9711371495684809,0.9710885161455847,-6.0
phase_level,OP1_REF_s20260701_p-6,heldout_level,,,dsh,0.005254875839943187,0.9714189438303609,0.0010926196717743102,,20260701.0,,REF,0.9714080140561452,0.971137149568479,0.9710885161455826,-6.0
phase_level,OP1_REF_s20260702_p-6,heldout_level,,,full,,0.9591338472392296,0.003758987427294051,,20260702.0,,REF,0.9628920221882689,0.9604885990299276,0.9598330264144634,-6.0
phase_level,OP1_REF_s20260702_p-6,heldout_level,,,gmp,0.049825787140828186,0.7633367044015912,0.002371734787359645,,20260702.0,,REF,0.7444972108308052,0.7537326229815975,0.7512184615364623,-6.0
phase_level,OP1_REF_s20260702_p-6,heldout_level,,,static_mh,0.049303457678196286,0.9501031011548676,0.00019726363581713203,,20260702.0,,REF,0.9667281983845226,0.9533083928091362,0.9480710265101615,-6.0
phase_level,OP1_REF_s20260702_p-6,heldout_level,,,static_lti_mh,0.0032703198615647304,0.9713786268499777,0.0011352864890159199,,20260702.0,,REF,0.9712142331053869,0.9713240736402736,0.9712737280612298,-6.0
phase_level,OP1_REF_s20260702_p-6,heldout_level,,,dsh,0.0032703198615644407,0.9713786268499691,0.0011352864890160597,,20260702.0,,REF,0.9712142331054125,0.9713240736402685,0.9712737280612248,-6.0
phase_level,OP1_REF_s20260703_p-6,heldout_level,,,full,,0.9583749733854403,0.004342011403625429,,20260703.0,,REF,0.9622431161607192,0.9601775165321318,0.9590862883847237,-6.0
phase_level,OP1_REF_s20260703_p-6,heldout_level,,,gmp,0.050297155915750624,0.7607870092228451,0.002191683007068895,,20260703.0,,REF,0.7521445629051053,0.7703575710598836,0.7682791312375148,-6.0
phase_level,OP1_REF_s20260703_p-6,heldout_level,,,static_mh,0.05892004367715618,0.9434368123876872,0.00019588597994667478,,20260703.0,,REF,0.9678603649098969,0.9345251091940077,0.9258275442467535,-6.0
phase_level,OP1_REF_s20260703_p-6,heldout_level,,,static_lti_mh,0.00443500602151217,0.9713829587144137,0.000983592462910663,,20260703.0,,REF,0.9716516259364089,0.9715846734703389,0.971535117954379,-6.0
phase_level,OP1_REF_s20260703_p-6,heldout_level,,,dsh,0.004435006021512562,0.9713829587144176,0.000983592462910488,,20260703.0,,REF,0.9716516259363996,0.9715846734703395,0.9715351179543793,-6.0
phase_level,OP1_CW_p-3,heldout_level,,,full,,0.9440986557696377,14727.431458243209,,0.0,,CW,0.9440980410956417,0.944026039447784,0.943950470493659,-3.0
phase_level,OP1_CW_p-3,heldout_level,,,gmp,281.53757604771766,0.6602429135293043,23822.31164453284,,0.0,,CW,0.6605243462439025,0.6603273544949763,0.6601461365204119,-3.0
phase_level,OP1_CW_p-3,heldout_level,,,static_mh,0.004111105938833361,0.9431937982016702,14642.758844378855,,0.0,,CW,0.9431923334527434,0.9431212768109152,0.943046066809486,-3.0
phase_level,OP1_CW_p-3,heldout_level,,,static_lti_mh,0.0011120341707521603,0.943674968871518,14648.569140920212,,0.0,,CW,0.943832581342693,0.9437616506306877,0.9436864876261821,-3.0
phase_level,OP1_CW_p-3,heldout_level,,,dsh,0.0011120341707247187,0.9436749688715221,14648.56914092008,,0.0,,CW,0.9438325813426833,0.943761650630693,0.9436864876261875,-3.0
phase_level,OP1_REF_s20260701_p-3,heldout_level,,,full,,0.8898100852928178,0.010250327219561442,,20260701.0,,REF,0.9031187638472531,0.8910318154017932,0.8876769852526978,-3.0
phase_level,OP1_REF_s20260701_p-3,heldout_level,,,gmp,0.06145734093436043,0.6915549055802389,0.0015388518983538175,,20260701.0,,REF,0.6778347213951172,0.694308634173362,0.6913272428095141,-3.0
phase_level,OP1_REF_s20260701_p-3,heldout_level,,,static_mh,0.0681873647998945,0.9175678536937353,0.00029225473707297024,,20260701.0,,REF,0.9423067030060129,0.9157096625923739,0.9086161671201267,-3.0
phase_level,OP1_REF_s20260701_p-3,heldout_level,,,static_lti_mh,0.01755553716260185,0.9437222965648251,0.0011498033539168594,,20260701.0,,REF,0.9435898568238157,0.9433336507511675,0.9432582493508088,-3.0
phase_level,OP1_REF_s20260701_p-3,heldout_level,,,dsh,0.01755553716260184,0.9437222965648255,0.0011498033539164355,,20260701.0,,REF,0.9435898568238215,0.943333650751172,0.9432582493508134,-3.0
phase_level,OP1_REF_s20260702_p-3,heldout_level,,,full,,0.9018219797393592,0.008930276480023768,,20260702.0,,REF,0.9125314925397567,0.9042414130375767,0.9020485780299264,-3.0
phase_level,OP1_REF_s20260702_p-3,heldout_level,,,gmp,0.06837228401785926,0.689469695252769,0.0015494114460123368,,20260702.0,,REF,0.6697829374227664,0.6829871804779142,0.6803975831416056,-3.0
phase_level,OP1_REF_s20260702_p-3,heldout_level,,,static_mh,0.05771761082694396,0.923234413213601,0.00029730073801519796,,20260702.0,,REF,0.9399911114050967,0.9263259105369128,0.92119841108985,-3.0
phase_level,OP1_REF_s20260702_p-3,heldout_level,,,static_lti_mh,0.01275063612237903,0.9436713054749861,0.001194770025135298,,20260702.0,,REF,0.9433300901767129,0.9435926897844348,0.9435148980435973,-3.0
phase_level,OP1_REF_s20260702_p-3,heldout_level,,,dsh,0.0127506361223809,0.9436713054749925,0.00119477002513511,,20260702.0,,REF,0.9433300901766692,0.9435926897844368,0.9435148980435992,-3.0
phase_level,OP1_REF_s20260703_p-3,heldout_level,,,full,,0.9059421836399144,0.008937984235296095,,20260703.0,,REF,0.9119787096336085,0.9049420558904062,0.90162882002446,-3.0
phase_level,OP1_REF_s20260703_p-3,heldout_level,,,gmp,0.06938427535424611,0.6896449290067282,0.0014609685196500424,,20260703.0,,REF,0.6768515838372811,0.699342077317703,0.6964235398652237,-3.0
phase_level,OP1_REF_s20260703_p-3,heldout_level,,,static_mh,0.06725444649771065,0.916743503984882,0.0002957092192140574,,20260703.0,,REF,0.9402032729180683,0.9081679450556487,0.8996895003946767,-3.0
phase_level,OP1_REF_s20260703_p-3,heldout_level,,,static_lti_mh,0.013360990593022579,0.9436615878666895,0.001028265454960285,,20260703.0,,REF,0.9447399202888646,0.9439460145778227,0.9438688449700549,-3.0
phase_level,OP1_REF_s20260703_p-3,heldout_level,,,dsh,0.013360990593023259,0.9436615878666933,0.0010282654549610352,,20260703.0,,REF,0.9447399202888294,0.9439460145778249,0.9438688449700569,-3.0
phase_level,OP1_CW_p+0,heldout_level,,,full,,0.8917864351438367,14703.007798269822,,0.0,,CW,0.8918081154921362,0.891727949166625,0.8916481145118746,0.0
phase_level,OP1_CW_p+0,heldout_level,,,gmp,320.41083959127684,0.5901618750263884,9151.115381605108,,0.0,,CW,0.5902541280458885,0.5901518334491171,0.5900719737109577,0.0
phase_level,OP1_CW_p+0,heldout_level,,,static_mh,0.0065158422945231316,0.8905708465365361,14370.985341295578,,0.0,,CW,0.8905907586472137,0.8905109535181156,0.8904328120474396,0.0
phase_level,OP1_CW_p+0,heldout_level,,,static_lti_mh,0.0014863017824332649,0.8912669089125727,14376.461972549421,,0.0,,CW,0.8914369770416111,0.8913573329854098,0.8912792576077371,0.0
phase_level,OP1_CW_p+0,heldout_level,,,dsh,0.0014863017824147014,0.8912669089125799,14376.461972548412,,0.0,,CW,0.8914369770417151,0.8913573329854211,0.8912792576077484,0.0
phase_level,OP1_REF_s20260701_p+0,heldout_level,,,full,,0.7539918607647256,0.021733595495730517,,20260701.0,,REF,0.7418551670431643,0.7271048928956904,0.7165009891006582,0.0
phase_level,OP1_REF_s20260701_p+0,heldout_level,,,gmp,0.07998354363648026,0.594934422499081,0.0010618051207344976,,20260701.0,,REF,0.5743033704871063,0.5967955586629781,0.5919388332417036,0.0
phase_level,OP1_REF_s20260701_p+0,heldout_level,,,static_mh,0.12017279783392658,0.8664014569061915,0.0003238692293259596,,20260701.0,,REF,0.889261183967728,0.8644967675331334,0.8577158445316406,0.0
phase_level,OP1_REF_s20260701_p+0,heldout_level,,,static_lti_mh,0.07560417161674844,0.8913390388672734,0.00109060377093181,,20260701.0,,REF,0.8912705247055038,0.8907459376005303,0.8906621569961464,0.0
phase_level,OP1_REF_s20260701_p+0,heldout_level,,,dsh,0.07560417161674826,0.8913390388672765,0.0010906037709319078,,20260701.0,,REF,0.8912705247055468,0.8907459376005361,0.8906621569961519,0.0
phase_level,OP1_REF_s20260702_p+0,heldout_level,,,full,,0.784868841702662,0.020003572432975198,,20260702.0,,REF,0.8078155532026917,0.7942264719846194,0.7874866242315156,0.0
phase_level,OP1_REF_s20260702_p+0,heldout_level,,,gmp,0.09153126600360992,0.5915694943042018,0.0010181713054603977,,20260702.0,,REF,0.5741134199319788,0.5893512019186989,0.5855326800949678,0.0
phase_level,OP1_REF_s20260702_p+0,heldout_level,,,static_mh,0.09498258069564547,0.8717392369204567,0.00032324877537742,,20260702.0,,REF,0.8869853643033525,0.8745685285021417,0.8697053437239376,0.0
phase_level,OP1_REF_s20260702_p+0,heldout_level,,,static_lti_mh,0.05278485559578613,0.8912792965469735,0.001126966867422434,,20260702.0,,REF,0.8906475157545264,0.891116240961327,0.8910312673652954,0.0
phase_level,OP1_REF_s20260702_p+0,heldout_level,,,dsh,0.05278485559578648,0.8912792965469715,0.0011269668674225434,,20260702.0,,REF,0.8906475157545339,0.8911162409613239,0.8910312673652923,0.0
phase_level,OP1_REF_s20260703_p+0,heldout_level,,,full,,0.7811002026663079,0.021007769549884498,,20260703.0,,REF,0.7738562924838661,0.7590335957269035,0.7476758828536655,0.0
phase_level,OP1_REF_s20260703_p+0,heldout_level,,,gmp,0.09230250411333721,0.5946336015342779,0.0010181823416583568,,20260703.0,,REF,0.58166260710979,0.606216284019481,0.6011260584996934,0.0
phase_level,OP1_REF_s20260703_p+0,heldout_level,,,static_mh,0.10918961756060545,0.8655679947971642,0.0003298947185547259,,20260703.0,,REF,0.888002527404923,0.8575605689204218,0.849554838167071,0.0
phase_level,OP1_REF_s20260703_p+0,heldout_level,,,static_lti_mh,0.05858961151836,0.8912263514466986,0.0009803765696584825,,20260703.0,,REF,0.8914066705374097,0.8916033037618156,0.8915148853012406,0.0
phase_level,OP1_REF_s20260703_p+0,heldout_level,,,dsh,0.058589611518360035,0.8912263514466986,0.0009803765696585335,,20260703.0,,REF,0.8914066705374095,0.8916033037618126,0.8915148853012376,0.0
phase_level,OP1_CW_p+3,heldout_level,,,full,,0.7936594554629273,2768.9586377322985,,0.0,,CW,0.7935786502308904,0.7935486581212114,0.7935320662807421,3.0
phase_level,OP1_CW_p+3,heldout_level,,,gmp,1712.867824115968,0.4913678929625817,23.901779331671165,,0.0,,CW,0.4912800531092998,0.491285543406143,0.49128507156981516,3.0
phase_level,OP1_CW_p+3,heldout_level,,,static_mh,0.03006285607091454,0.7924111666577414,2637.0141073885693,,0.0,,CW,0.7923286546325392,0.7922996598224723,0.7922838367866344,3.0
phase_level,OP1_CW_p+3,heldout_level,,,static_lti_mh,0.009248074827421276,0.7931036184542427,2641.57671593442,,0.0,,CW,0.7931548874303758,0.7931259468050614,0.7931101354300759,3.0
phase_level,OP1_CW_p+3,heldout_level,,,dsh,0.009248074827421276,0.7931036184542427,2641.57671593442,,0.0,,CW,0.7931548874303758,0.7931259468050614,0.7931101354300759,3.0
phase_level,OP1_REF_s20260701_p+3,heldout_level,,,full,,0.5212053126047486,0.03493140556362446,,20260701.0,,REF,0.4964712114428334,0.4792717450800875,0.4511379598742438,3.0
phase_level,OP1_REF_s20260701_p+3,heldout_level,,,gmp,0.12284785314366861,0.4712339180038532,0.0011532233739604718,,20260701.0,,REF,0.45167130039914377,0.4747646854367806,0.46515485877432217,3.0
phase_level,OP1_REF_s20260701_p+3,heldout_level,,,static_mh,0.3916308793481354,0.7709513992979868,0.00021181648820883586,,20260701.0,,REF,0.7911866577959837,0.7689422789776994,0.7628177974941317,3.0
phase_level,OP1_REF_s20260701_p+3,heldout_level,,,static_lti_mh,0.371509626525868,0.7932129593161747,0.0008035705974030786,,20260701.0,,REF,0.7930921238140323,0.7922447152765528,0.7921978742650599,3.0
phase_level,OP1_REF_s20260701_p+3,heldout_level,,,dsh,0.3715096265258715,0.7932129593161749,0.0008035705974031582,,20260701.0,,REF,0.7930921238140387,0.7922447152765557,0.7921978742650627,3.0
phase_level,OP1_REF_s20260702_p+3,heldout_level,,,full,,0.5624778851287716,0.02730699779428295,,20260702.0,,REF,0.5661552139902499,0.5586495499084636,0.5425367985550325,3.0
phase_level,OP1_REF_s20260702_p+3,heldout_level,,,gmp,0.10699878231462993,0.4667498609201522,0.0010962919429068796,,20260702.0,,REF,0.4579220942505713,0.47067588295555446,0.463305389051238,3.0
phase_level,OP1_REF_s20260702_p+3,heldout_level,,,static_mh,0.2874353913174808,0.7756920643975935,0.00018873331961695035,,20260702.0,,REF,0.7899703859281877,0.7779847552963612,0.7736893771381105,3.0
phase_level,OP1_REF_s20260702_p+3,heldout_level,,,static_lti_mh,0.246268929319102,0.7931521198413275,0.000803872217065398,,20260702.0,,REF,0.7930794218274042,0.7927933909682701,0.7927530071697695,3.0
phase_level,OP1_REF_s20260702_p+3,heldout_level,,,dsh,0.24626892931910288,0.7931521198413242,0.0008038722170655062,,20260702.0,,REF,0.7930794218273595,0.7927933909682706,0.7927530071697699,3.0
phase_level,OP1_REF_s20260703_p+3,heldout_level,,,full,,0.5375268762895737,0.03122855069350253,,20260703.0,,REF,0.5593463469801417,0.5552427594991642,0.5302879210873568,3.0
phase_level,OP1_REF_s20260703_p+3,heldout_level,,,gmp,0.11510112730318563,0.4723662832015209,0.0011797953183933319,,20260703.0,,REF,0.46329815138702146,0.4885079968492248,0.4784294250792476,3.0
phase_level,OP1_REF_s20260703_p+3,heldout_level,,,static_mh,0.35465490832088487,0.770099358337476,0.00022591992882265506,,20260703.0,,REF,0.7899132570765424,0.7630588208000312,0.7560026487310686,3.0
phase_level,OP1_REF_s20260703_p+3,heldout_level,,,static_lti_mh,0.3224614184235503,0.7930027217747623,0.0007628204355199505,,20260703.0,,REF,0.7931787294507932,0.7934808369276595,0.7934152892141433,3.0
phase_level,OP1_REF_s20260703_p+3,heldout_level,,,dsh,0.3224614184235442,0.7930027217747599,0.0007628204355197782,,20260703.0,,REF,0.7931787294507374,0.7934808369276576,0.7934152892141414,3.0
phase_level,OP1_CW_p+6,heldout_level,,,full,,0.6036210631393945,10439.18906090725,,0.0,,CW,0.6036981066677845,0.6035934586773708,0.6035082111839954,6.0
phase_level,OP1_CW_p+6,heldout_level,,,gmp,307.40830931988825,0.3570886886332291,11964.820365782483,,0.0,,CW,0.35733011883572263,0.3571663740814504,0.35701372555477223,6.0
phase_level,OP1_CW_p+6,heldout_level,,,static_mh,0.006025518479433554,0.6025095712856094,10464.132326474917,,0.0,,CW,0.6025869445041772,0.6024822677078175,0.6023966985949449,6.0
phase_level,OP1_CW_p+6,heldout_level,,,static_lti_mh,0.001389302088220799,0.6032331879892486,10465.93667145733,,0.0,,CW,0.6034121261685065,0.6033075714460531,0.6032221304835914,6.0
phase_level,OP1_CW_p+6,heldout_level,,,dsh,0.0013893020882228563,0.6032331879892477,10465.936671457823,,0.0,,CW,0.6034121261685031,0.6033075714460551,0.6032221304835934,6.0
phase_level,OP1_REF_s20260701_p+6,heldout_level,,,full,,0.27371437933167625,0.02001655330361521,,20260701.0,,REF,0.24025472271252174,0.2715773813585552,0.23991006155479674,6.0
phase_level,OP1_REF_s20260701_p+6,heldout_level,,,gmp,0.20929718097463762,0.32403886528132014,0.0018533203895190972,,20260701.0,,REF,0.3061263964414074,0.335787252983067,0.31505470264617946,6.0
phase_level,OP1_REF_s20260701_p+6,heldout_level,,,static_mh,1.2444178738565583,0.5862314488724988,0.00039783132870262335,,20260701.0,,REF,0.6011878498752012,0.5846053909580987,0.5797319420947518,6.0
phase_level,OP1_REF_s20260701_p+6,heldout_level,,,static_lti_mh,1.275450403663814,0.6033528978379039,0.0007140788339644077,,20260701.0,,REF,0.6035519962113727,0.6024200889440339,0.6022581431599847,6.0
phase_level,OP1_REF_s20260701_p+6,heldout_level,,,dsh,1.275450403663811,0.603352897837903,0.0007140788339644785,,20260701.0,,REF,0.603551996211366,0.6024200889440307,0.6022581431599815,6.0
phase_level,OP1_REF_s20260702_p+6,heldout_level,,,full,,0.27891109712632856,0.020192651218030825,,20260702.0,,REF,0.277074984955553,0.2825927728397802,0.25195047023268363,6.0
phase_level,OP1_REF_s20260702_p+6,heldout_level,,,gmp,0.18520498216658132,0.3190669649495346,0.0017854787471270996,,20260702.0,,REF,0.31715743486464154,0.3324318216490651,0.31680504605810234,6.0
phase_level,OP1_REF_s20260702_p+6,heldout_level,,,static_mh,1.2205404989137878,0.5898560367680046,0.0003725159659224537,,20260702.0,,REF,0.6005499699987351,0.5915086333556681,0.5881397844246977,6.0
phase_level,OP1_REF_s20260702_p+6,heldout_level,,,static_lti_mh,1.1915895852075782,0.6033273613132151,0.0006863669659364799,,20260702.0,,REF,0.6037838318211333,0.602988019184495,0.6028399447294239,6.0
phase_level,OP1_REF_s20260702_p+6,heldout_level,,,dsh,1.1915895852075795,0.6033273613132157,0.0006863669659366135,,20260702.0,,REF,0.6037838318211542,0.6029880191844935,0.6028399447294226,6.0
phase_level,OP1_REF_s20260703_p+6,heldout_level,,,full,,0.2842566421919733,0.022797150512108198,,20260703.0,,REF,0.3369737755567301,0.3353254268686346,0.294412017659623,6.0
phase_level,OP1_REF_s20260703_p+6,heldout_level,,,gmp,0.21203519712451363,0.3260392523189659,0.001977001262809106,,20260703.0,,REF,0.3191758553781904,0.3515053250711506,0.33058279108204136,6.0
phase_level,OP1_REF_s20260703_p+6,heldout_level,,,static_mh,1.1404320503608678,0.5854548627170294,0.00042015087068959724,,20260703.0,,REF,0.6007232951675539,0.5802562785043526,0.5748146098576481,6.0
phase_level,OP1_REF_s20260703_p+6,heldout_level,,,static_lti_mh,1.1603127283986785,0.603064460567706,0.0007769757410518827,,20260703.0,,REF,0.6036354810121183,0.6036727234723881,0.6034580209372198,6.0
phase_level,OP1_REF_s20260703_p+6,heldout_level,,,dsh,1.160312728398657,0.6030644605677029,0.0007769757410517799,,20260703.0,,REF,0.6036354810121161,0.6036727234723818,0.6034580209372136,6.0
phase_level,OP1_CW_p+8,heldout_level,,,full,,0.40938841451841423,34812.63501900169,,0.0,,CW,0.4101161706745975,0.4097015321698457,0.40929506532543425,8.0
phase_level,OP1_CW_p+8,heldout_level,,,gmp,40.929962456084,0.2518421220012288,33520.874581279655,,0.0,,CW,0.2529178974518503,0.25239352741980275,0.2517720553790564,8.0
phase_level,OP1_CW_p+8,heldout_level,,,static_mh,0.006745964360918012,0.4075982360448525,32408.846837497917,,0.0,,CW,0.40827275755531167,0.40788463693248117,0.4075055892935686,8.0
phase_level,OP1_CW_p+8,heldout_level,,,static_lti_mh,0.024532541005415267,0.413231185805139,32408.617706976813,,0.0,,CW,0.41396502216408254,0.41358126475953444,0.41320752086788604,8.0
phase_level,OP1_CW_p+8,heldout_level,,,dsh,0.024532541005403995,0.4132311858051382,32408.617706977067,,0.0,,CW,0.4139650221640631,0.41358126475953705,0.41320752086788864,8.0
phase_level,OP1_REF_s20260701_p+8,heldout_level,,,full,,0.19250266418598472,0.01016238676840754,,20260701.0,,REF,0.2033116303341443,0.22708502189594795,0.19112117108340834,8.0
phase_level,OP1_REF_s20260701_p+8,heldout_level,,,gmp,0.16653014731390828,0.22310975873977126,0.002490303378273035,,20260701.0,,REF,0.2082481262758254,0.2459659736700469,0.2123547865713381,8.0
phase_level,OP1_REF_s20260701_p+8,heldout_level,,,static_mh,1.1672803982206743,0.3965262309773252,0.0006011222659402555,,20260701.0,,REF,0.40754089351144374,0.39616416978537533,0.3927686986064394,8.0
phase_level,OP1_REF_s20260701_p+8,heldout_level,,,static_lti_mh,1.1896243321640492,0.41325108175414343,0.0007374124144081326,,20260701.0,,REF,0.41338997699879987,0.41353350240327136,0.4131480742038113,8.0
phase_level,OP1_REF_s20260701_p+8,heldout_level,,,dsh,1.1896243321640232,0.4132510817541409,0.0007374124144081182,,20260701.0,,REF,0.41338997699879826,0.41353350240327047,0.4131480742038105,8.0
phase_level,OP1_REF_s20260702_p+8,heldout_level,,,full,,0.18660497151898628,0.010449779534027882,,20260702.0,,REF,0.2045655987566913,0.22242409590957207,0.18753835498642726,8.0
phase_level,OP1_REF_s20260702_p+8,heldout_level,,,gmp,0.1563690245691222,0.21866106080954342,0.0023813425644594005,,20260702.0,,REF,0.21895443886674887,0.24075202786235955,0.2157177934525567,8.0
phase_level,OP1_REF_s20260702_p+8,heldout_level,,,static_mh,1.2817825593760124,0.3990516823819605,0.0006190718496565522,,20260702.0,,REF,0.4076620921040256,0.40059951240121366,0.3980554531977666,8.0
phase_level,OP1_REF_s20260702_p+8,heldout_level,,,static_lti_mh,1.2818387216175415,0.41330904850882316,0.0007412947071406222,,20260702.0,,REF,0.41417661906117786,0.41352931624888206,0.4131398722608187,8.0
phase_level,OP1_REF_s20260702_p+8,heldout_level,,,dsh,1.2818387216175537,0.41330904850882505,0.0007412947071406286,,20260702.0,,REF,0.4141766190611643,0.4135293162488778,0.4131398722608144,8.0
phase_level,OP1_REF_s20260703_p+8,heldout_level,,,full,,0.19759310705188107,0.011676097315932384,,20260703.0,,REF,0.2183069200092573,0.24246073125762727,0.19877251498744933,8.0
phase_level,OP1_REF_s20260703_p+8,heldout_level,,,gmp,0.17371000868490805,0.2252262172753912,0.002678061243111699,,20260703.0,,REF,0.22333888486393233,0.26069183287891573,0.22711491027676087,8.0
phase_level,OP1_REF_s20260703_p+8,heldout_level,,,static_mh,1.1050685412819787,0.39606692258997495,0.0006101774918930645,,20260703.0,,REF,0.4063362017803742,0.3924724750248918,0.38852910076934194,8.0
phase_level,OP1_REF_s20260703_p+8,heldout_level,,,static_lti_mh,1.1497463503672158,0.41311701500235015,0.0008035882850392373,,20260703.0,,REF,0.4140743225288897,0.41344432219367866,0.41303517825191705,8.0
phase_level,OP1_REF_s20260703_p+8,heldout_level,,,dsh,1.1497463503672063,0.41311701500234976,0.0008035882850391966,,20260703.0,,REF,0.41407432252891874,0.4134443221936773,0.41303517825191566,8.0
