Pavg_over_P1dB_dB,variant,reference,metric,model,Delta_mean,Delta_sd,Delta_ci_lo,Delta_ci_hi,n,full_minus_static_mh_mean,full_minus_static_mh_ci_lo,full_minus_static_mh_ci_hi,full_minus_static_lti_mh_mean,full_minus_static_lti_mh_ci_lo,full_minus_static_lti_mh_ci_hi,full_minus_static_mean,full_minus_static_ci_lo,full_minus_static_ci_hi,full_minus_static_lti_mean,full_minus_static_lti_ci_lo,full_minus_static_lti_ci_hi,T_dwell_over_tau_B_mean
-6,xi_0.1,xi_0.05,D_BLA,atomic,-0.023758397927171288,0.002641020977239335,-0.025966346718606318,-0.02155044913573626,8,0.07479531111670965,0.07216547943092914,0.07742514280249015,-0.023296414404318486,-0.025435511812060496,-0.021157316996576477,-0.02076950715194715,-0.02292849862237143,-0.018610515681522867,-0.02425544968465905,-0.02638798930748086,-0.02212291006183724,0.1003578856015779
-6,xi_0.1,xi_0.05,D_BLA,static_mh,-0.09855370904388094,0.0020990937735752063,-0.10030859535505247,-0.09679882273270941,8,,,,,,,,,,,,,0.1003578856015779
-6,xi_0.1,xi_0.05,D_BLA,static_lti_mh,-0.00046198352285280013,0.00019034452812675045,-0.0006211155306844985,-0.00030285151502110175,8,,,,,,,,,,,,,0.1003578856015779
-6,xi_0.1,xi_0.05,D_BLA,static,-0.0029888907752241376,7.519007453683889e-05,-0.0030517512506358325,-0.0029260302998124427,8,,,,,,,,,,,,,0.1003578856015779
-6,xi_0.1,xi_0.05,D_BLA,static_lti,0.0004970517574877629,0.0001651322856542675,0.0003589977118442615,0.0006351058031312644,8,,,,,,,,,,,,,0.1003578856015779
-6,xi_0.1,xi_0.05,D_BLA,linear,0.00013247387733563722,0.00019200886424024512,-2.8049550307566594e-05,0.00029299730497884104,8,,,,,,,,,,,,,0.1003578856015779
-6,xi_0.1,xi_0.05,AIR,atomic,0.3437666629819214,0.11407321066695163,0.2483990722668763,0.43913425369696646,8,0.24999581365749288,0.1588339078929471,0.34115771942203865,0.1358028726132143,0.0843255603223903,0.1872801849040383,0.34371293365391364,0.2483803085787158,0.4390455587291115,0.13413196366921365,0.0820705993514306,0.1861933279869967,0.1003578856015779
-6,xi_0.1,xi_0.05,AIR,static_mh,0.09377084932442847,0.008755949586972192,0.08645069228098469,0.10109100636787226,8,,,,,,,,,,,,,0.1003578856015779
-6,xi_0.1,xi_0.05,AIR,static_lti_mh,0.20796379036870705,0.06354851896083717,0.1548358989788648,0.2610916817585493,8,,,,,,,,,,,,,0.1003578856015779
-6,xi_0.1,xi_0.05,AIR,static,5.3729328007734445e-05,7.084475132590362e-05,-5.498366288375194e-06,0.00011295702230384408,8,,,,,,,,,,,,,0.1003578856015779
-6,xi_0.1,xi_0.05,AIR,static_lti,0.2096346993127077,0.06382201960541178,0.15627815566192185,0.2629912429634936,8,,,,,,,,,,,,,0.1003578856015779
-6,xi_0.1,xi_0.05,AIR,linear,0.24669049330223194,0.07302982821100386,0.18563602901480902,0.30774495758965487,8,,,,,,,,,,,,,0.1003578856015779
-6,xi_0.1,xi_0.05,EVM,atomic,-0.13425338312399382,0.040985963616236874,-0.168518506200322,-0.09998826004766566,8,0.014511895056206647,-0.02158571012071881,0.050609500233132106,-0.046280934581701696,-0.05810886162037493,-0.03445300754302846,-0.11684867442309496,-0.14803218610704358,-0.08566516273914633,-0.04799105605924015,-0.05876029368428455,-0.03722181843419575,0.1003578856015779
-6,xi_0.1,xi_0.05,EVM,static_mh,-0.1487652781802005,0.017962234138300844,-0.1637820817190314,-0.13374847464136957,8,,,,,,,,,,,,,0.1003578856015779
-6,xi_0.1,xi_0.05,EVM,static_lti_mh,-0.08797244854229214,0.027947583442411,-0.11133721300913983,-0.06460768407544444,8,,,,,,,,,,,,,0.1003578856015779
-6,xi_0.1,xi_0.05,EVM,static,-0.01740470870089887,0.00550248113796403,-0.02200489805310966,-0.012804519348688082,8,,,,,,,,,,,,,0.1003578856015779
-6,xi_0.1,xi_0.05,EVM,static_lti,-0.08626232706475367,0.029012138836713018,-0.11051708211347164,-0.06200757201603572,8,,,,,,,,,,,,,0.1003578856015779
-6,xi_0.1,xi_0.05,EVM,linear,-0.091516659347221,0.029964331435937266,-0.1165674673303114,-0.06646585136413061,8,,,,,,,,,,,,,0.1003578856015779
-6,xi_0.1,xi_0.05,SER,atomic,-0.11226415094339623,0.0385755628306809,-0.1445141285334869,-0.08001417335330555,8,-0.10707547169811321,-0.14240506130718425,-0.07174588208904217,-0.02877358490566037,-0.04677350564704309,-0.010773664164277646,-0.11226415094339623,-0.1445141285334869,-0.08001417335330555,-0.032075471698113193,-0.052865689723232384,-0.011285253672994003,0.1003578856015779
-6,xi_0.1,xi_0.05,SER,static_mh,-0.0051886792452830255,0.006969101603152512,-0.011014993990481687,0.000637635499915635,8,,,,,,,,,,,,,0.1003578856015779
-6,xi_0.1,xi_0.05,SER,static_lti_mh,-0.08349056603773587,0.025147684621141624,-0.104514556511556,-0.06246657556391574,8,,,,,,,,,,,,,0.1003578856015779
-6,xi_0.1,xi_0.05,SER,static,0.0,0.0,0.0,0.0,8,,,,,,,,,,,,,0.1003578856015779
-6,xi_0.1,xi_0.05,SER,static_lti,-0.08018867924528304,0.03219416757070865,-0.10710367688884825,-0.05327368160171783,8,,,,,,,,,,,,,0.1003578856015779
-6,xi_0.1,xi_0.05,SER,linear,-0.09811320754716982,0.03458547694306297,-0.12702738985611245,-0.06919902523822719,8,,,,,,,,,,,,,0.1003578856015779
-6,xi_0.1,xi_0.05,loss_vs_linear,atomic,-0.09707616967968935,0.05378296015577606,-0.14203984959709529,-0.05211248976228341,8,-0.24999581365749268,-0.34115771942203843,-0.15883390789294694,-0.13580287261321422,-0.1872801849040384,-0.08432556032239005,-0.34371293365391375,-0.4390455587291116,-0.2483803085787159,-0.13413196366921362,-0.1861933279869967,-0.08207059935143055,0.1003578856015779
-6,xi_0.1,xi_0.05,loss_vs_linear,static_mh,0.15291964397780336,0.06981952864836269,0.09454905728944717,0.21129023066615954,8,,,,,,,,,,,,,0.1003578856015779
-6,xi_0.1,xi_0.05,loss_vs_linear,static_lti_mh,0.03872670293352485,0.0158969341619506,0.02543653338436407,0.05201687248268563,8,,,,,,,,,,,,,0.1003578856015779
-6,xi_0.1,xi_0.05,loss_vs_linear,static,0.24663676397422438,0.07298039156648646,0.18562362975591318,0.3076498981925356,8,,,,,,,,,,,,,0.1003578856015779
-6,xi_0.1,xi_0.05,loss_vs_linear,static_lti,0.03705579398952427,0.012960273005177336,0.02622073460716325,0.0478908533718853,8,,,,,,,,,,,,,0.1003578856015779
-6,xi_0.1,xi_0.05,loss_vs_linear,linear,0.0,0.0,0.0,0.0,8,,,,,,,,,,,,,0.1003578856015779
-6,xi_0.25,xi_0.05,D_BLA,atomic,-0.026875968974995824,0.003655908666266356,-0.02993238510756187,-0.023819552842429776,8,0.10834074218014006,0.10512753025801343,0.11155395410226669,-0.02447944841185392,-0.02746446644874179,-0.02149443037496605,-0.023078712054658324,-0.0261058961129155,-0.02005152799640115,-0.026241406840821185,-0.029252038091455157,-0.023230775590187214,0.23901645364891516
-6,xi_0.25,xi_0.05,D_BLA,static_mh,-0.13521671115513587,0.002055197167049258,-0.13693489898486316,-0.13349852332540857,8,,,,,,,,,,,,,0.23901645364891516
-6,xi_0.25,xi_0.05,D_BLA,static_lti_mh,-0.0023965205631419004,0.0002734907559680518,-0.0026251645570035172,-0.0021678765692802835,8,,,,,,,,,,,,,0.23901645364891516
-6,xi_0.25,xi_0.05,D_BLA,static,-0.0037972569203375,5.225918012046311e-05,-0.0038409466882654225,-0.0037535671524095773,8,,,,,,,,,,,,,0.23901645364891516
-6,xi_0.25,xi_0.05,D_BLA,static_lti,-0.0006345621341746373,0.00019061547635954563,-0.000793920660397631,-0.00047520360795164356,8,,,,,,,,,,,,,0.23901645364891516
-6,xi_0.25,xi_0.05,D_BLA,linear,-0.0018033014144802127,0.00017581668996023995,-0.0019502878456586577,-0.0016563149833017678,8,,,,,,,,,,,,,0.23901645364891516
-6,xi_0.25,xi_0.05,AIR,atomic,0.49217150586184943,0.12635157158394025,0.3865389485368813,0.5978040631868176,8,0.36972767748810026,0.2677666297376047,0.47168872523859584,0.1699066066957295,0.12302383105875322,0.21678938233270575,0.49211764085588805,0.38650583289106616,0.59772944882071,0.1726948631441654,0.12860622852221673,0.21678349776611408,0.23901645364891516
-6,xi_0.25,xi_0.05,AIR,static_mh,0.12244382837374915,0.014228477495185188,0.11054852350483682,0.13433913324266147,8,,,,,,,,,,,,,0.23901645364891516
-6,xi_0.25,xi_0.05,AIR,static_lti_mh,0.3222648991661199,0.0771802788464113,0.257740571313305,0.38678922701893476,8,,,,,,,,,,,,,0.23901645364891516
-6,xi_0.25,xi_0.05,AIR,static,5.386500596135657e-05,7.09908736100988e-05,-5.484849621456567e-06,0.00011321486154416971,8,,,,,,,,,,,,,0.23901645364891516
-6,xi_0.25,xi_0.05,AIR,static_lti,0.319476642717684,0.08354215749050503,0.2496336512175375,0.3893196342178305,8,,,,,,,,,,,,,0.23901645364891516
-6,xi_0.25,xi_0.05,AIR,linear,0.38440428191637166,0.09968108240553364,0.30106881153465026,0.46773975229809306,8,,,,,,,,,,,,,0.23901645364891516
-6,xi_0.25,xi_0.05,EVM,atomic,-0.2203113225683799,0.035359813962562305,-0.24987286682601637,-0.19074977831074344,8,0.007704632833438991,-0.024021231882831357,0.03943049754970934,-0.03847481368298924,-0.05264190414292151,-0.02430772322305696,-0.19618857478920623,-0.2205141104262704,-0.17186303915214207,-0.04099441820540957,-0.05506613903042357,-0.026922697380395565,0.23901645364891516
-6,xi_0.25,xi_0.05,EVM,static_mh,-0.2280159554018189,0.01254659681605929,-0.23850517283529718,-0.21752673796834063,8,,,,,,,,,,,,,0.23901645364891516
-6,xi_0.25,xi_0.05,EVM,static_lti_mh,-0.18183650888539066,0.026534306516182576,-0.20401974427385486,-0.15965327349692646,8,,,,,,,,,,,,,0.23901645364891516
-6,xi_0.25,xi_0.05,EVM,static,-0.024122747779173663,0.0074653406180604735,-0.030363928722964298,-0.017881566835383028,8,,,,,,,,,,,,,0.23901645364891516
-6,xi_0.25,xi_0.05,EVM,static_lti,-0.17931690436297032,0.026834300958323246,-0.20175094138143676,-0.15688286734450388,8,,,,,,,,,,,,,0.23901645364891516
-6,xi_0.25,xi_0.05,EVM,linear,-0.19208822360444666,0.025969688270424913,-0.2137994263267236,-0.17037702088216972,8,,,,,,,,,,,,,0.23901645364891516
-6,xi_0.25,xi_0.05,SER,atomic,-0.16698113207547174,0.038785928741248595,-0.1994069799679947,-0.1345552841829488,8,-0.15660377358490574,-0.19087362927439427,-0.12233391789541721,-0.04009433962264152,-0.054396937230257375,-0.025791742015025664,-0.16698113207547174,-0.1994069799679947,-0.1345552841829488,-0.04009433962264153,-0.05378749349031761,-0.026401185754965445,0.23901645364891516
-6,xi_0.25,xi_0.05,SER,static_mh,-0.010377358490566,0.003906031467975613,-0.013642882518337627,-0.007111834462794375,8,,,,,,,,,,,,,0.23901645364891516
-6,xi_0.25,xi_0.05,SER,static_lti_mh,-0.12688679245283022,0.029640405338703237,-0.1516667914415711,-0.10210679346408932,8,,,,,,,,,,,,,0.23901645364891516
-6,xi_0.25,xi_0.05,SER,static,0.0,0.0,0.0,0.0,8,,,,,,,,,,,,,0.23901645364891516
-6,xi_0.25,xi_0.05,SER,static_lti,-0.12688679245283022,0.032015958742465565,-0.15365280378756507,-0.10012078111809534,8,,,,,,,,,,,,,0.23901645364891516
-6,xi_0.25,xi_0.05,SER,linear,-0.1547169811320755,0.03641907440227394,-0.18516408927876557,-0.12426987298538542,8,,,,,,,,,,,,,0.23901645364891516
-6,xi_0.25,xi_0.05,loss_vs_linear,atomic,-0.10776722394547776,0.036027588905424686,-0.13788704202628727,-0.07764740586466826,8,-0.3697276774881002,-0.4716887252385957,-0.26776662973760473,-0.16990660669572938,-0.2167893823327055,-0.12302383105875324,-0.4921176408558881,-0.59772944882071,-0.3865058328910662,-0.17269486314416538,-0.21678349776611402,-0.12860622852221673,0.23901645364891516
-6,xi_0.25,xi_0.05,loss_vs_linear,static_mh,0.26196045354262243,0.09407821849744646,0.18330909460910588,0.340611812476139,8,,,,,,,,,,,,,0.23901645364891516
-6,xi_0.25,xi_0.05,loss_vs_linear,static_lti_mh,0.06213938275025164,0.02579105714078905,0.04057751938960463,0.08370124611089864,8,,,,,,,,,,,,,0.23901645364891516
-6,xi_0.25,xi_0.05,loss_vs_linear,static,0.38435041691041033,0.09965185409326648,0.3010393820092482,0.4676614518115725,8,,,,,,,,,,,,,0.23901645364891516
-6,xi_0.25,xi_0.05,loss_vs_linear,static_lti,0.0649276391986876,0.021114723192269813,0.04727528885552996,0.08257998954184526,8,,,,,,,,,,,,,0.23901645364891516
-6,xi_0.25,xi_0.05,loss_vs_linear,linear,0.0,0.0,0.0,0.0,8,,,,,,,,,,,,,0.23901645364891516
-6,xi_0.5,xi_0.05,D_BLA,atomic,-0.03189194271793881,0.003614806592004982,-0.034913996656499975,-0.028869888779377652,8,0.11506026325339735,0.11124537906633847,0.11887514744045624,-0.027604288021059537,-0.03055723628542349,-0.024651339756695586,-0.02776022713753356,-0.030758753460530648,-0.02476170081453647,-0.029565215969353596,-0.03256526669967067,-0.02656516523903652,0.47201599605522676
-6,xi_0.5,xi_0.05,D_BLA,static_mh,-0.14695220597133618,0.0022360556014906765,-0.1488215952361097,-0.14508281670656267,8,,,,,,,,,,,,,0.47201599605522676
-6,xi_0.5,xi_0.05,D_BLA,static_lti_mh,-0.004287654696879275,0.0002687036784567829,-0.004512296593788008,-0.004063012799970542,8,,,,,,,,,,,,,0.47201599605522676
-6,xi_0.5,xi_0.05,D_BLA,static,-0.004131715580405249,4.321372292663397e-05,-0.004167843156873425,-0.004095588003937074,8,,,,,,,,,,,,,0.47201599605522676
-6,xi_0.5,xi_0.05,D_BLA,static_lti,-0.0023267267485852124,0.00017888433494172497,-0.002476277795148311,-0.0021771757020221136,8,,,,,,,,,,,,,0.47201599605522676
-6,xi_0.5,xi_0.05,D_BLA,linear,-0.004047206724515275,0.0001924767081342149,-0.0042081212794418945,-0.003886292169588656,8,,,,,,,,,,,,,0.47201599605522676
-6,xi_0.5,xi_0.05,AIR,atomic,0.5298092552707062,0.15354451834448646,0.4014428255331586,0.6581756850082539,8,0.40704527880556485,0.2867168743444658,0.5273736832666639,0.1968168559768829,0.1306470940324806,0.2629866179212852,0.529755365026487,0.40140834585293417,0.6581023842000399,0.20331781497695375,0.14100637025485563,0.2656292596990519,0.47201599605522676
-6,xi_0.5,xi_0.05,AIR,static_mh,0.12276397646514137,0.014448307811902346,0.110684888852245,0.13484306407803773,8,,,,,,,,,,,,,0.47201599605522676
-6,xi_0.5,xi_0.05,AIR,static_lti_mh,0.3329923992938233,0.08200966316689794,0.2644306051104911,0.4015541934771555,8,,,,,,,,,,,,,0.47201599605522676
-6,xi_0.5,xi_0.05,AIR,static,5.38902442192013e-05,7.102608738697367e-05,-5.4890508178088244e-06,0.00011326953925621142,8,,,,,,,,,,,,,0.47201599605522676
-6,xi_0.5,xi_0.05,AIR,static_lti,0.32649144029375243,0.08954283988566007,0.25163175276720123,0.40135112782030363,8,,,,,,,,,,,,,0.47201599605522676
-6,xi_0.5,xi_0.05,AIR,linear,0.39988175714119856,0.11188839695054512,0.30634071640293287,0.49342279787946425,8,,,,,,,,,,,,,0.47201599605522676
-6,xi_0.5,xi_0.05,EVM,atomic,-0.2552603381149927,0.03933284870393062,-0.2881434225387748,-0.22237725369121064,8,0.0010726994700208346,-0.03235613884236968,0.03450153778241136,-0.04192392416253559,-0.05154080387639369,-0.03230704444867749,-0.2311084328764523,-0.26025496600441744,-0.2019618997484872,-0.04458229068654447,-0.05351985749648172,-0.03564472387660722,0.47201599605522676
-6,xi_0.5,xi_0.05,EVM,static_mh,-0.2563330375850136,0.01168302629043728,-0.2661002919917691,-0.24656578317825806,8,,,,,,,,,,,,,0.47201599605522676
-6,xi_0.5,xi_0.05,EVM,static_lti_mh,-0.21333641395245712,0.030211919201555592,-0.23859421048754398,-0.18807861741737025,8,,,,,,,,,,,,,0.47201599605522676
-6,xi_0.5,xi_0.05,EVM,static,-0.02415190523854041,0.006423043168523831,-0.029521703707957123,-0.0187821067691237,8,,,,,,,,,,,,,0.47201599605522676
-6,xi_0.5,xi_0.05,EVM,static_lti,-0.21067804742844826,0.030484565196315778,-0.23616378171935318,-0.18519231313754334,8,,,,,,,,,,,,,0.47201599605522676
-6,xi_0.5,xi_0.05,EVM,linear,-0.22990843341573575,0.031291072894082256,-0.25606842501542887,-0.20374844181604262,8,,,,,,,,,,,,,0.47201599605522676
-6,xi_0.5,xi_0.05,SER,atomic,-0.17783018867924533,0.040464047807023146,-0.2116589792197415,-0.14400139813874915,8,-0.16745283018867932,-0.20326209676743562,-0.13164356360992302,-0.04339622641509436,-0.06163645097209352,-0.025156001858095196,-0.17783018867924533,-0.2116589792197415,-0.14400139813874915,-0.044811320754717006,-0.06162691998922855,-0.027995721520205463,0.47201599605522676
-6,xi_0.5,xi_0.05,SER,static_mh,-0.010377358490566,0.003906031467975613,-0.013642882518337627,-0.007111834462794375,8,,,,,,,,,,,,,0.47201599605522676
-6,xi_0.5,xi_0.05,SER,static_lti_mh,-0.13443396226415097,0.02558872984642523,-0.15582667577369308,-0.11304124875460886,8,,,,,,,,,,,,,0.47201599605522676
-6,xi_0.5,xi_0.05,SER,static,0.0,0.0,0.0,0.0,8,,,,,,,,,,,,,0.47201599605522676
-6,xi_0.5,xi_0.05,SER,static_lti,-0.13301886792452833,0.031361970737890627,-0.15923813160494368,-0.10679960424411297,8,,,,,,,,,,,,,0.47201599605522676
-6,xi_0.5,xi_0.05,SER,linear,-0.16226415094339625,0.03735658466645912,-0.19349503728518774,-0.13103326460160475,8,,,,,,,,,,,,,0.47201599605522676
-6,xi_0.5,xi_0.05,loss_vs_linear,atomic,-0.12992749812950755,0.05445667216860455,-0.17545441538479137,-0.08440058087422372,8,-0.4070452788055646,-0.5273736832666636,-0.28671687434446563,-0.19681685597688264,-0.2629866179212849,-0.13064709403248037,-0.529755365026487,-0.6581023842000399,-0.40140834585293417,-0.20331781497695364,-0.2656292596990518,-0.14100637025485546,0.47201599605522676
-6,xi_0.5,xi_0.05,loss_vs_linear,static_mh,0.2771177806760571,0.1008357934544232,0.19281694769902702,0.36141861365308714,8,,,,,,,,,,,,,0.47201599605522676
-6,xi_0.5,xi_0.05,loss_vs_linear,static_lti_mh,0.06688935784737514,0.03149604176883348,0.0405580079801071,0.09322070771464318,8,,,,,,,,,,,,,0.47201599605522676
-6,xi_0.5,xi_0.05,loss_vs_linear,static,0.39982786689697947,0.11186351492092236,0.306307628056051,0.49334810573790794,8,,,,,,,,,,,,,0.47201599605522676
-6,xi_0.5,xi_0.05,loss_vs_linear,static_lti,0.07339031684744612,0.024322623513288285,0.05305609472141437,0.09372453897347788,8,,,,,,,,,,,,,0.47201599605522676
-6,xi_0.5,xi_0.05,loss_vs_linear,linear,0.0,0.0,0.0,0.0,8,,,,,,,,,,,,,0.47201599605522676
-6,xi_1,xi_0.05,D_BLA,atomic,-0.03211480823662659,0.0028240394366601997,-0.0344757642891819,-0.029753852184071276,8,0.11968228965477079,0.11702277193578775,0.12234180737375383,-0.02683468467843165,-0.029146210112066483,-0.024523159244796814,-0.027769634643207138,-0.03011386309548845,-0.025425406190925825,-0.028877379053784773,-0.031214279303559862,-0.026540478804009685,0.9364301972386587
-6,xi_1,xi_0.05,D_BLA,static_mh,-0.1517970978913974,0.0022031280394043313,-0.15363895902536845,-0.14995523675742634,8,,,,,,,,,,,,,0.9364301972386587
-6,xi_1,xi_0.05,D_BLA,static_lti_mh,-0.005280123558194938,0.0002892979937532829,-0.005521982733558184,-0.0050382643828316915,8,,,,,,,,,,,,,0.9364301972386587
-6,xi_1,xi_0.05,D_BLA,static,-0.00434517359341945,2.5872093244746735e-05,-0.0043668032046584124,-0.004323543982180487,8,,,,,,,,,,,,,0.9364301972386587
-6,xi_1,xi_0.05,D_BLA,static_lti,-0.003237429182841812,0.00023810485772349712,-0.003436489825440321,-0.003038368540243303,8,,,,,,,,,,,,,0.9364301972386587
-6,xi_1,xi_0.05,D_BLA,linear,-0.00516301145583345,0.00018098759734779972,-0.005314320873771705,-0.0050117020378951955,8,,,,,,,,,,,,,0.9364301972386587
-6,xi_1,xi_0.05,AIR,atomic,0.5641366758952465,0.11111839792388385,0.47123937045290415,0.657033981337589,8,0.4412355966423729,0.35468264483041956,0.5277885484543262,0.207691388252569,0.17171515040861932,0.24366762609651868,0.5640827856488358,0.47122537452632907,0.6569401967713426,0.21322360831071413,0.17849612749996913,0.24795108912145913,0.9364301972386587
-6,xi_1,xi_0.05,AIR,static_mh,0.12290107925287361,0.014353145872197505,0.11090154901251337,0.13490060949323385,8,,,,,,,,,,,,,0.9364301972386587
-6,xi_1,xi_0.05,AIR,static_lti_mh,0.3564452876426775,0.07915735648585262,0.2902680815196034,0.4226224937657516,8,,,,,,,,,,,,,0.9364301972386587
-6,xi_1,xi_0.05,AIR,static,5.389024641072604e-05,7.102608720752361e-05,-5.489048476260096e-06,0.00011326954129771218,8,,,,,,,,,,,,,0.9364301972386587
-6,xi_1,xi_0.05,AIR,static_lti,0.3509130675845324,0.08107972771878497,0.28312871889158775,0.41869741627747703,8,,,,,,,,,,,,,0.9364301972386587
-6,xi_1,xi_0.05,AIR,linear,0.42750247302258515,0.09654654497312071,0.34678754151399244,0.5082174045311779,8,,,,,,,,,,,,,0.9364301972386587
-6,xi_1,xi_0.05,EVM,atomic,-0.27177645647946397,0.02869451382670641,-0.29576567037458357,-0.2477872425843444,8,0.00013696283291477276,-0.02788450600574399,0.028158431671573534,-0.03571264627768376,-0.044891365309660834,-0.026533927245706683,-0.24649127477795996,-0.2697570491308881,-0.2232255004250318,-0.038312317839339874,-0.04663207522715142,-0.029992560451528327,0.9364301972386587
-6,xi_1,xi_0.05,EVM,static_mh,-0.27191341931237867,0.006889656052613999,-0.27767331591519673,-0.2661535227095606,8,,,,,,,,,,,,,0.9364301972386587
-6,xi_1,xi_0.05,EVM,static_lti_mh,-0.2360638102017802,0.023294201487184654,-0.2555382499977245,-0.2165893704058359,8,,,,,,,,,,,,,0.9364301972386587
-6,xi_1,xi_0.05,EVM,static,-0.025285181701503984,0.0036776352719252886,-0.028359761730956896,-0.02221060167205107,8,,,,,,,,,,,,,0.9364301972386587
-6,xi_1,xi_0.05,EVM,static_lti,-0.23346413864012405,0.022970005420490675,-0.2526675437416021,-0.21426073353864597,8,,,,,,,,,,,,,0.9364301972386587
-6,xi_1,xi_0.05,EVM,linear,-0.25658906828419314,0.022972088953701987,-0.2757942152630268,-0.2373839213053595,8,,,,,,,,,,,,,0.9364301972386587
-6,xi_1,xi_0.05,SER,atomic,-0.18443396226415093,0.03431606668147465,-0.213122911957904,-0.15574501257039786,8,-0.17405660377358495,-0.20452413545350237,-0.14358907209366753,-0.04669811320754719,-0.06321512384057283,-0.03018110257452154,-0.18443396226415093,-0.213122911957904,-0.15574501257039786,-0.04905660377358492,-0.06666219032769855,-0.03145101721947129,0.9364301972386587
-6,xi_1,xi_0.05,SER,static_mh,-0.010377358490566,0.003906031467975613,-0.013642882518337627,-0.007111834462794375,8,,,,,,,,,,,,,0.9364301972386587
-6,xi_1,xi_0.05,SER,static_lti_mh,-0.13773584905660374,0.025112268892403464,-0.15873023124024402,-0.11674146687296347,8,,,,,,,,,,,,,0.9364301972386587
-6,xi_1,xi_0.05,SER,static,0.0,0.0,0.0,0.0,8,,,,,,,,,,,,,0.9364301972386587
-6,xi_1,xi_0.05,SER,static_lti,-0.13537735849056604,0.03028539091061826,-0.16069657891157718,-0.11005813806955488,8,,,,,,,,,,,,,0.9364301972386587
-6,xi_1,xi_0.05,SER,linear,-0.16509433962264153,0.035557045915184125,-0.19482077391908373,-0.13536790532619933,8,,,,,,,,,,,,,0.9364301972386587
-6,xi_1,xi_0.05,loss_vs_linear,atomic,-0.1366342028726614,0.030427682965560195,-0.16207238242858568,-0.1111960233167371,8,-0.44123559664237294,-0.5277885484543263,-0.3546826448304196,-0.207691388252569,-0.24366762609651865,-0.17171515040861934,-0.564082785648836,-0.6569401967713425,-0.4712253745263294,-0.21322360831071413,-0.24795108912145913,-0.17849612749996913,0.9364301972386587
-6,xi_1,xi_0.05,loss_vs_linear,static_mh,0.30460139376971157,0.08791828147129137,0.2310998710659822,0.37810291647344096,8,,,,,,,,,,,,,0.9364301972386587
-6,xi_1,xi_0.05,loss_vs_linear,static_lti_mh,0.07105718537990759,0.019267758941124532,0.05494893579220955,0.08716543496760562,8,,,,,,,,,,,,,0.9364301972386587
-6,xi_1,xi_0.05,loss_vs_linear,static,0.4274485827761746,0.096489742806022,0.3467811390676703,0.5081160264846789,8,,,,,,,,,,,,,0.9364301972386587
-6,xi_1,xi_0.05,loss_vs_linear,static_lti,0.07658940543805276,0.017996448856375625,0.061543997679083653,0.09163481319702187,8,,,,,,,,,,,,,0.9364301972386587
-6,xi_1,xi_0.05,loss_vs_linear,linear,0.0,0.0,0.0,0.0,8,,,,,,,,,,,,,0.9364301972386587
-6,xi_2,xi_0.05,D_BLA,atomic,-0.02885030779126661,0.0022712146275214312,-0.030749090737385958,-0.026951524845147262,8,0.12564116292447824,0.12316009337538056,0.12812223247357593,-0.023052454274168646,-0.0248313455536559,-0.021273562994681392,-0.024372804001319297,-0.026254032000773687,-0.022491576001864907,-0.025096177192922887,-0.026919519334041075,-0.023272835051804698,1.840155120315582
-6,xi_2,xi_0.05,D_BLA,static_mh,-0.15449147071574484,0.0021615249124050297,-0.15629855076513927,-0.15268439066635042,8,,,,,,,,,,,,,1.840155120315582
-6,xi_2,xi_0.05,D_BLA,static_lti_mh,-0.005797853517097962,0.00026514532242057006,-0.006019520553913814,-0.00557618648028211,8,,,,,,,,,,,,,1.840155120315582
-6,xi_2,xi_0.05,D_BLA,static,-0.004477503789947312,4.195603287390843e-05,-0.0045125799112184835,-0.004442427668676141,8,,,,,,,,,,,,,1.840155120315582
-6,xi_2,xi_0.05,D_BLA,static_lti,-0.0037541305983437244,0.00019339526219777628,-0.003915813083685129,-0.00359244811300232,8,,,,,,,,,,,,,1.840155120315582
-6,xi_2,xi_0.05,D_BLA,linear,-0.005753689542119738,0.0001832346257510913,-0.005906877522814641,-0.005600501561424835,8,,,,,,,,,,,,,1.840155120315582
-6,xi_2,xi_0.05,AIR,atomic,0.5766411466694521,0.07825896160389366,0.5112150174635808,0.6420672758753234,8,0.45375668761872834,0.3932635871593307,0.514249788078126,0.21434954348609175,0.17770046878964169,0.2509986181825418,0.5765872564226108,0.5111838019950846,0.6419907108501369,0.21842144914264097,0.18243018415167447,0.25441271413360744,1.840155120315582
-6,xi_2,xi_0.05,AIR,static_mh,0.12288445905072376,0.014352605663879572,0.11088538043581934,0.13488353766562816,8,,,,,,,,,,,,,1.840155120315582
-6,xi_2,xi_0.05,AIR,static_lti_mh,0.3622916031833604,0.06035983324642984,0.31182951976326445,0.41275368660345635,8,,,,,,,,,,,,,1.840155120315582
-6,xi_2,xi_0.05,AIR,static,5.3890246841353795e-05,7.102608672633759e-05,-5.4890476433507525e-06,0.00011326954132605835,8,,,,,,,,,,,,,1.840155120315582
-6,xi_2,xi_0.05,AIR,static_lti,0.35821969752681115,0.06396720345001884,0.30474177714445116,0.41169761790917114,8,,,,,,,,,,,,,1.840155120315582
-6,xi_2,xi_0.05,AIR,linear,0.44037599312432174,0.06754517533839535,0.383906813386276,0.49684517286236746,8,,,,,,,,,,,,,1.840155120315582
-6,xi_2,xi_0.05,EVM,atomic,-0.27475464251985393,0.03033867009545977,-0.30011840545408,-0.2493908795856279,8,0.0123108889652596,-0.01717882657729618,0.04180060450781538,-0.020494186649496586,-0.03179483747338786,-0.009193535825605306,-0.246427853560271,-0.2689596670456072,-0.22389604007493477,-0.023181557372049043,-0.033713699934009876,-0.012649414810088208,1.840155120315582
-6,xi_2,xi_0.05,EVM,static_mh,-0.2870655314851136,0.012096762419843298,-0.29717867795208663,-0.27695238501814057,8,,,,,,,,,,,,,1.840155120315582
-6,xi_2,xi_0.05,EVM,static_lti_mh,-0.2542604558703574,0.024015260856510647,-0.27433771638479537,-0.23418319535591944,8,,,,,,,,,,,,,1.840155120315582
-6,xi_2,xi_0.05,EVM,static,-0.028326788959582974,0.00399158877638753,-0.031663840687185286,-0.024989737231980662,8,,,,,,,,,,,,,1.840155120315582
-6,xi_2,xi_0.05,EVM,static_lti,-0.2515730851478049,0.02441486610021692,-0.27198442400637424,-0.23116174628923558,8,,,,,,,,,,,,,1.840155120315582
-6,xi_2,xi_0.05,EVM,linear,-0.2768553705564449,0.024188539479941335,-0.2970774956253421,-0.2566332454875477,8,,,,,,,,,,,,,1.840155120315582
-6,xi_2,xi_0.05,SER,atomic,-0.18726415094339627,0.031696669200840424,-0.21376322954127497,-0.16076507234551757,8,-0.17688679245283023,-0.20532686344950832,-0.14844672145615215,-0.049056603773584936,-0.06591969734185106,-0.03219351020531881,-0.18726415094339627,-0.21376322954127497,-0.16076507234551757,-0.050471698113207585,-0.06690240111108814,-0.03404099511532704,1.840155120315582
-6,xi_2,xi_0.05,SER,static_mh,-0.010377358490566,0.003906031467975613,-0.013642882518337627,-0.007111834462794375,8,,,,,,,,,,,,,1.840155120315582
-6,xi_2,xi_0.05,SER,static_lti_mh,-0.13820754716981132,0.024698764917612265,-0.1588562313793491,-0.11755886296027354,8,,,,,,,,,,,,,1.840155120315582
-6,xi_2,xi_0.05,SER,static,0.0,0.0,0.0,0.0,8,,,,,,,,,,,,,1.840155120315582
-6,xi_2,xi_0.05,SER,static_lti,-0.1367924528301887,0.029764540729866625,-0.16167623160305689,-0.11190867405732054,8,,,,,,,,,,,,,1.840155120315582
-6,xi_2,xi_0.05,SER,linear,-0.1669811320754717,0.03355551577560073,-0.19503424529994973,-0.13892801885099365,8,,,,,,,,,,,,,1.840155120315582
-6,xi_2,xi_0.05,loss_vs_linear,atomic,-0.13626515354513036,0.03951889735673514,-0.16930377853509804,-0.10322652855516269,8,-0.4537566876187283,-0.5142497880781259,-0.3932635871593306,-0.21434954348609164,-0.2509986181825417,-0.17770046878964157,-0.5765872564226109,-0.6419907108501371,-0.5111838019950846,-0.21842144914264083,-0.25441271413360733,-0.18243018415167436,1.840155120315582
-6,xi_2,xi_0.05,loss_vs_linear,static_mh,0.31749153407359787,0.06305610523698439,0.26477531085899414,0.3702077572882016,8,,,,,,,,,,,,,1.840155120315582
-6,xi_2,xi_0.05,loss_vs_linear,static_lti_mh,0.07808438994096129,0.017005141401373363,0.06386773595414157,0.092301043927781,8,,,,,,,,,,,,,1.840155120315582
-6,xi_2,xi_0.05,loss_vs_linear,static,0.4403221028774804,0.06750428614456455,0.38388710736094583,0.496757098394015,8,,,,,,,,,,,,,1.840155120315582
-6,xi_2,xi_0.05,loss_vs_linear,static_lti,0.08215629559751048,0.011647049845036329,0.07241911825179602,0.09189347294322493,8,,,,,,,,,,,,,1.840155120315582
-6,xi_2,xi_0.05,loss_vs_linear,linear,0.0,0.0,0.0,0.0,8,,,,,,,,,,,,,1.840155120315582
-6,xi_4,xi_0.05,D_BLA,atomic,-0.02599614078976676,0.004322132361440433,-0.02960953386998379,-0.02238274770954973,8,0.12985099998972002,0.12634476594755975,0.1333572340318803,-0.019895323863002648,-0.02355092279612294,-0.016239724929882356,-0.021463763505596423,-0.025052217525344256,-0.01787530948584859,-0.02196989237942546,-0.025624453202282595,-0.018315331556568327,3.7745169822485205
-6,xi_4,xi_0.05,D_BLA,static_mh,-0.15584714077948678,0.0020820014145423228,-0.15758773752090682,-0.15410654403806673,8,,,,,,,,,,,,,3.7745169822485205
-6,xi_4,xi_0.05,D_BLA,static_lti_mh,-0.006100816926764112,0.0001980626767470541,-0.006266401468318632,-0.005935232385209592,8,,,,,,,,,,,,,3.7745169822485205
-6,xi_4,xi_0.05,D_BLA,static,-0.004532377284170337,4.103807928421776e-05,-0.004566685977035442,-0.004498068591305232,8,,,,,,,,,,,,,3.7745169822485205
-6,xi_4,xi_0.05,D_BLA,static_lti,-0.0040262484103413,0.0001478848001521207,-0.004149883197259501,-0.003902613623423098,8,,,,,,,,,,,,,3.7745169822485205
-6,xi_4,xi_0.05,D_BLA,linear,-0.006099086695008575,0.00013840483992590206,-0.00621479603684144,-0.00598337735317571,8,,,,,,,,,,,,,3.7745169822485205
-6,xi_4,xi_0.05,AIR,atomic,0.5982629593505071,0.09534586776553562,0.5185518191075794,0.6779740995934348,8,0.47536151165587737,0.4004836768095349,0.5502393465022198,0.22604810027577865,0.18697938474833764,0.26511681580321966,0.5982090691031721,0.518527146406633,0.6778909917997111,0.2306362590977344,0.1928351107445841,0.2684374074508847,3.7745169822485205
-6,xi_4,xi_0.05,AIR,static_mh,0.12290144769462968,0.014352971548474112,0.11090206319254933,0.13490083219671004,8,,,,,,,,,,,,,3.7745169822485205
-6,xi_4,xi_0.05,AIR,static_lti_mh,0.3722148590747284,0.06571503536803293,0.31727571464141646,0.42715400350804034,8,,,,,,,,,,,,,3.7745169822485205
-6,xi_4,xi_0.05,AIR,static,5.389024733501446e-05,7.102608641510841e-05,-5.489046889495976e-06,0.0001132695415595249,8,,,,,,,,,,,,,3.7745169822485205
-6,xi_4,xi_0.05,AIR,static_lti,0.36762670025277266,0.06928325121702221,0.30970445271681496,0.42554894778873037,8,,,,,,,,,,,,,3.7745169822485205
-6,xi_4,xi_0.05,AIR,linear,0.4528980585799288,0.07808776201924764,0.38761505580859584,0.5181810613512617,8,,,,,,,,,,,,,3.7745169822485205
-6,xi_4,xi_0.05,EVM,atomic,-0.2711445732781328,0.03613874116011073,-0.30135731696934615,-0.24093182958691944,8,0.020322746194385746,-0.011775777939592419,0.05242127032836391,-0.01530610412171051,-0.02747344618426703,-0.0031387620591539905,-0.24390585655980318,-0.2728262412033688,-0.21498547191623757,-0.01807532868618687,-0.03004543463310696,-0.00610522273926678,3.7745169822485205
-6,xi_4,xi_0.05,EVM,static_mh,-0.2914673194725185,0.009448145353407848,-0.299366166658566,-0.28356847228647103,8,,,,,,,,,,,,,3.7745169822485205
-6,xi_4,xi_0.05,EVM,static_lti_mh,-0.2558384691564223,0.026062475385249154,-0.27762724384794996,-0.23404969446489463,8,,,,,,,,,,,,,3.7745169822485205
-6,xi_4,xi_0.05,EVM,static,-0.027238716718329586,0.0031325745182897535,-0.029857614554183936,-0.024619818882475237,8,,,,,,,,,,,,,3.7745169822485205
-6,xi_4,xi_0.05,EVM,static_lti,-0.2530692445919459,0.026266165766146925,-0.2750283087034388,-0.23111018048045298,8,,,,,,,,,,,,,3.7745169822485205
-6,xi_4,xi_0.05,EVM,linear,-0.2803355813997068,0.025772157424412856,-0.30188164420205044,-0.2587895185973632,8,,,,,,,,,,,,,3.7745169822485205
-6,xi_4,xi_0.05,SER,atomic,-0.1877358490566038,0.032383176049206826,-0.21480886174255887,-0.1606628363706487,8,-0.17735849056603778,-0.20632180491094126,-0.1483951762211343,-0.04858490566037739,-0.06398835169251482,-0.033181459628239963,-0.1877358490566038,-0.21480886174255887,-0.1606628363706487,-0.05000000000000003,-0.06624030603627662,-0.03375969396372345,3.7745169822485205
-6,xi_4,xi_0.05,SER,static_mh,-0.010377358490566,0.003906031467975613,-0.013642882518337627,-0.007111834462794375,8,,,,,,,,,,,,,3.7745169822485205
-6,xi_4,xi_0.05,SER,static_lti_mh,-0.13915094339622638,0.024903822524691897,-0.15997106005542205,-0.1183308267370307,8,,,,,,,,,,,,,3.7745169822485205
-6,xi_4,xi_0.05,SER,static,0.0,0.0,0.0,0.0,8,,,,,,,,,,,,,3.7745169822485205
-6,xi_4,xi_0.05,SER,static_lti,-0.13773584905660374,0.030255989650463125,-0.16303048940900294,-0.11244120870420456,8,,,,,,,,,,,,,3.7745169822485205
-6,xi_4,xi_0.05,SER,linear,-0.16698113207547166,0.03445288037714479,-0.19578446088117044,-0.1381778032697729,8,,,,,,,,,,,,,3.7745169822485205
-6,xi_4,xi_0.05,loss_vs_linear,atomic,-0.1453649007705782,0.03704805837284494,-0.17633785267603536,-0.11439194886512105,8,-0.4753615116558775,-0.5502393465022202,-0.40048367680953484,-0.22604810027577854,-0.2651168158032195,-0.18697938474833758,-0.5982090691031721,-0.6778909917997112,-0.5185271464066329,-0.23063625909773425,-0.2684374074508846,-0.19283511074458387,3.7745169822485205
-6,xi_4,xi_0.05,loss_vs_linear,static_mh,0.3299966108852992,0.07057109286449727,0.27099770078830626,0.3889955209822921,8,,,,,,,,,,,,,3.7745169822485205
-6,xi_4,xi_0.05,loss_vs_linear,static_lti_mh,0.08068319950520038,0.019092862826293334,0.06472116672861297,0.09664523228178779,8,,,,,,,,,,,,,3.7745169822485205
-6,xi_4,xi_0.05,loss_vs_linear,static,0.45284416833259394,0.07804107178992901,0.38760019956980707,0.5180881370953808,8,,,,,,,,,,,,,3.7745169822485205
-6,xi_4,xi_0.05,loss_vs_linear,static_lti,0.08527135832715607,0.013816437830721793,0.07372052723827643,0.09682218941603571,8,,,,,,,,,,,,,3.7745169822485205
-6,xi_4,xi_0.05,loss_vs_linear,linear,0.0,0.0,0.0,0.0,8,,,,,,,,,,,,,3.7745169822485205
0,xi_0.1,xi_0.05,D_BLA,atomic,-0.039840099962187105,0.009950505940023422,-0.048158931108847405,-0.031521268815526804,8,0.017965641416653078,0.00941225400242585,0.026519028830880306,-0.045437711537394426,-0.05369427432033319,-0.03718114875445566,-0.04462723816939056,-0.052924443121031194,-0.03633003321774992,-0.04657609782112111,-0.054800599685085195,-0.03835159595715703,0.1003578856015779
0,xi_0.1,xi_0.05,D_BLA,static_mh,-0.05780574137884018,0.0013581910468655283,-0.05894121750958992,-0.05667026524809044,8,,,,,,,,,,,,,0.1003578856015779
0,xi_0.1,xi_0.05,D_BLA,static_lti_mh,0.005597611575207325,0.00034937809791390026,0.005305524175792111,0.005889698974622539,8,,,,,,,,,,,,,0.1003578856015779
0,xi_0.1,xi_0.05,D_BLA,static,0.00478713820720345,0.0003236293154152869,0.004516577328663569,0.005057699085743331,8,,,,,,,,,,,,,0.1003578856015779
0,xi_0.1,xi_0.05,D_BLA,static_lti,0.006735997858934013,0.0003714996866576026,0.006425416348509375,0.007046579369358651,8,,,,,,,,,,,,,0.1003578856015779
0,xi_0.1,xi_0.05,D_BLA,linear,0.0001324738773367624,0.00019200886424004438,-2.8049550306273575e-05,0.0002929973049797984,8,,,,,,,,,,,,,0.1003578856015779
0,xi_0.1,xi_0.05,AIR,atomic,0.37688162966586614,0.10433014106238732,0.28965944898113133,0.46410381035060094,8,0.34720494619353437,0.2678872013321125,0.4265226910549562,0.2782288445822886,0.20950003183019458,0.34695765733438255,0.3768732794548539,0.2896501382883352,0.4640964206213726,0.2809318319511155,0.2121166017418401,0.34974706216039086,0.1003578856015779
0,xi_0.1,xi_0.05,AIR,static_mh,0.029676683472331766,0.011199258271594546,0.02031386925054413,0.03903949769411941,8,,,,,,,,,,,,,0.1003578856015779
0,xi_0.1,xi_0.05,AIR,static_lti_mh,0.09865278508357755,0.029861690888863025,0.07368778674524874,0.12361778342190637,8,,,,,,,,,,,,,0.1003578856015779
0,xi_0.1,xi_0.05,AIR,static,8.350211012225772e-06,9.833193631652957e-06,1.2945540972786104e-07,1.6570966614723683e-05,8,,,,,,,,,,,,,0.1003578856015779
0,xi_0.1,xi_0.05,AIR,static_lti,0.09594979771475068,0.02795651762566959,0.07257756408378113,0.11932203134572023,8,,,,,,,,,,,,,0.1003578856015779
0,xi_0.1,xi_0.05,AIR,linear,0.24118044626956808,0.06903565248706502,0.18346519645202353,0.29889569608711264,8,,,,,,,,,,,,,0.1003578856015779
0,xi_0.1,xi_0.05,EVM,atomic,-0.1518536785899482,0.04954743732751009,-0.19327637280888355,-0.11043098437101286,8,-0.057862487039196574,-0.08559392329710802,-0.03013105078128513,-0.09037765992770064,-0.11470183577602859,-0.06605348407937268,-0.15897352850167695,-0.19542505971099539,-0.12252199729235852,-0.09120903582866424,-0.11600937317081611,-0.06640869848651237,0.1003578856015779
0,xi_0.1,xi_0.05,EVM,static_mh,-0.09399119155075161,0.01780709363654043,-0.1088782943843187,-0.07910408871718452,8,,,,,,,,,,,,,0.1003578856015779
0,xi_0.1,xi_0.05,EVM,static_lti_mh,-0.06147601866224754,0.028142665956009626,-0.0850038761919078,-0.037948161132587276,8,,,,,,,,,,,,,0.1003578856015779
0,xi_0.1,xi_0.05,EVM,static,0.00711984991172878,0.01109719302124085,-0.0021576356253917937,0.016397335448849353,8,,,,,,,,,,,,,0.1003578856015779
0,xi_0.1,xi_0.05,EVM,static_lti,-0.06064464276128394,0.02730007514118499,-0.08346807674137778,-0.037821208781190094,8,,,,,,,,,,,,,0.1003578856015779
0,xi_0.1,xi_0.05,EVM,linear,-0.0931210274513116,0.029717928523461418,-0.11796583744442168,-0.0682762174582015,8,,,,,,,,,,,,,0.1003578856015779
0,xi_0.1,xi_0.05,SER,atomic,-0.13066037735849062,0.043632895016707654,-0.167138390463731,-0.09418236425325024,8,-0.13066037735849062,-0.167138390463731,-0.09418236425325024,-0.09386792452830192,-0.12175264447633002,-0.06598320458027382,-0.13066037735849062,-0.167138390463731,-0.09418236425325024,-0.09292452830188681,-0.12021657394233606,-0.06563248266143756,0.1003578856015779
0,xi_0.1,xi_0.05,SER,static_mh,0.0,0.0,0.0,0.0,8,,,,,,,,,,,,,0.1003578856015779
0,xi_0.1,xi_0.05,SER,static_lti_mh,-0.03679245283018867,0.014227108593419538,-0.048686613268585255,-0.024898292391792087,8,,,,,,,,,,,,,0.1003578856015779
0,xi_0.1,xi_0.05,SER,static,0.0,0.0,0.0,0.0,8,,,,,,,,,,,,,0.1003578856015779
0,xi_0.1,xi_0.05,SER,static_lti,-0.037735849056603786,0.01291552404389318,-0.048533497371110054,-0.026938200742097518,8,,,,,,,,,,,,,0.1003578856015779
0,xi_0.1,xi_0.05,SER,linear,-0.10235849056603777,0.03329304724508482,-0.1301921746077351,-0.07452480652434045,8,,,,,,,,,,,,,0.1003578856015779
0,xi_0.1,xi_0.05,loss_vs_linear,atomic,-0.1357011833962981,0.06712708162870981,-0.19182082804584494,-0.07958153874675128,8,-0.3472049461935345,-0.4265226910549563,-0.26788720133211263,-0.2782288445822887,-0.3469576573343828,-0.2095000318301946,-0.3768732794548538,-0.4640964206213725,-0.28965013828833513,-0.28093183195111543,-0.349747062160391,-0.2121166017418399,0.1003578856015779
0,xi_0.1,xi_0.05,loss_vs_linear,static_mh,0.2115037627972364,0.06040363539818169,0.1610050598618635,0.2620024657326093,8,,,,,,,,,,,,,0.1003578856015779
0,xi_0.1,xi_0.05,loss_vs_linear,static_lti_mh,0.14252766118599058,0.04686973814549622,0.1033435795050496,0.18171174286693156,8,,,,,,,,,,,,,0.1003578856015779
0,xi_0.1,xi_0.05,loss_vs_linear,static,0.24117209605855572,0.0690325026492288,0.18345947957134198,0.2988847125457695,8,,,,,,,,,,,,,0.1003578856015779
0,xi_0.1,xi_0.05,loss_vs_linear,static_lti,0.14523064855481732,0.04647552705795367,0.10637613559060032,0.1840851615190343,8,,,,,,,,,,,,,0.1003578856015779
0,xi_0.1,xi_0.05,loss_vs_linear,linear,0.0,0.0,0.0,0.0,8,,,,,,,,,,,,,0.1003578856015779
0,xi_0.25,xi_0.05,D_BLA,atomic,-0.013542886628911201,0.010337128699815998,-0.02218494249153631,-0.004900830766286094,8,0.06314786081298387,0.05439315805656457,0.07190256356940318,-0.02638858763484929,-0.034816366620859865,-0.017960808648838714,-0.02632031002783535,-0.034930665812016704,-0.017709954243653996,-0.028403056599835927,-0.03678945244038872,-0.020016660759283135,0.23901645364891516
0,xi_0.25,xi_0.05,D_BLA,static_mh,-0.07669074744189508,0.0014733332616243037,-0.07792248487314594,-0.07545901001064421,8,,,,,,,,,,,,,0.23901645364891516
0,xi_0.25,xi_0.05,D_BLA,static_lti_mh,0.012845701005938088,0.0004181251246879847,0.0124961396538399,0.013195262358036275,8,,,,,,,,,,,,,0.23901645364891516
0,xi_0.25,xi_0.05,D_BLA,static,0.01277742339892415,0.00017144578422047146,0.012634091136390623,0.012920755661457678,8,,,,,,,,,,,,,0.23901645364891516
0,xi_0.25,xi_0.05,D_BLA,static_lti,0.014860169970924725,0.00044852376861803986,0.014485194716511841,0.01523514522533761,8,,,,,,,,,,,,,0.23901645364891516
0,xi_0.25,xi_0.05,D_BLA,linear,-0.0018033014144798623,0.0001758166899613557,-0.00195028784565924,-0.0016563149833004845,8,,,,,,,,,,,,,0.23901645364891516
0,xi_0.25,xi_0.05,AIR,atomic,0.5867123130418241,0.09837996583992209,0.504464603330433,0.6689600227532153,8,0.5532946456311435,0.4787160667474566,0.6278732245148304,0.4514942299514757,0.38870169454735964,0.5142867653555917,0.5867026184518529,0.5044549265190912,0.6689503103846146,0.4558790926237126,0.39258371078370435,0.5191744744637209,0.23901645364891516
0,xi_0.25,xi_0.05,AIR,static_mh,0.033417667410680696,0.011729051154839753,0.02361193525436954,0.04322339956699185,8,,,,,,,,,,,,,0.23901645364891516
0,xi_0.25,xi_0.05,AIR,static_lti_mh,0.1352180830903485,0.03374013577148564,0.10701062368675948,0.1634255424939375,8,,,,,,,,,,,,,0.23901645364891516
0,xi_0.25,xi_0.05,AIR,static,9.694589971215306e-06,1.0319238440006899e-05,1.0674907400839963e-06,1.8321689202346618e-05,8,,,,,,,,,,,,,0.23901645364891516
0,xi_0.25,xi_0.05,AIR,static_lti,0.13083322041811155,0.031714292647420386,0.10431940825018078,0.15734703258604232,8,,,,,,,,,,,,,0.23901645364891516
0,xi_0.25,xi_0.05,AIR,linear,0.37575005942049206,0.10159762656089813,0.2908123180276588,0.46068780081332533,8,,,,,,,,,,,,,0.23901645364891516
0,xi_0.25,xi_0.05,EVM,atomic,-0.182737346612717,0.04166336259309098,-0.21756878940598576,-0.14790590381944826,8,-0.039363306996904074,-0.06742357797846055,-0.011303036015347604,-0.059760799070694454,-0.08281815399764904,-0.03670344414373987,-0.19020670539832873,-0.21924641010463172,-0.16116700069202575,-0.06254415577101427,-0.08562686679765374,-0.03946144474437479,0.23901645364891516
0,xi_0.25,xi_0.05,EVM,static_mh,-0.14337403961581294,0.017477010026185538,-0.15798518564523628,-0.1287628935863896,8,,,,,,,,,,,,,0.23901645364891516
0,xi_0.25,xi_0.05,EVM,static_lti_mh,-0.12297654754202254,0.02873819618415935,-0.14700228080187888,-0.09895081428216619,8,,,,,,,,,,,,,0.23901645364891516
0,xi_0.25,xi_0.05,EVM,static,0.007469358785611755,0.010127200409143992,-0.000997192633969593,0.015935910205193103,8,,,,,,,,,,,,,0.23901645364891516
0,xi_0.25,xi_0.05,EVM,static_lti,-0.12019319084170274,0.028551050637928833,-0.14406246650952056,-0.09632391517388493,8,,,,,,,,,,,,,0.23901645364891516
0,xi_0.25,xi_0.05,EVM,linear,-0.19910721969291864,0.026304344033382908,-0.22109820163457242,-0.17711623775126487,8,,,,,,,,,,,,,0.23901645364891516
0,xi_0.25,xi_0.05,SER,atomic,-0.19056603773584907,0.04029086132842005,-0.2242500407568897,-0.15688203471480844,8,-0.19056603773584907,-0.2242500407568897,-0.15688203471480844,-0.14575471698113213,-0.17203829758859251,-0.11947113637367172,-0.19056603773584907,-0.2242500407568897,-0.15688203471480844,-0.1452830188679246,-0.1691905801954862,-0.12137545754036302,0.23901645364891516
0,xi_0.25,xi_0.05,SER,static_mh,0.0,0.0,0.0,0.0,8,,,,,,,,,,,,,0.23901645364891516
0,xi_0.25,xi_0.05,SER,static_lti_mh,-0.04481132075471695,0.016065458835779613,-0.05824238045700961,-0.031380261052424294,8,,,,,,,,,,,,,0.23901645364891516
0,xi_0.25,xi_0.05,SER,static,0.0,0.0,0.0,0.0,8,,,,,,,,,,,,,0.23901645364891516
0,xi_0.25,xi_0.05,SER,static_lti,-0.04528301886792449,0.017584373509757483,-0.05998392301583302,-0.030582114720015964,8,,,,,,,,,,,,,0.23901645364891516
0,xi_0.25,xi_0.05,SER,linear,-0.1537735849056604,0.03679418062153625,-0.18453428969948718,-0.1230128801118336,8,,,,,,,,,,,,,0.23901645364891516
0,xi_0.25,xi_0.05,loss_vs_linear,atomic,-0.21096225362133225,0.028630307394873808,-0.23489778959613658,-0.18702671764652792,8,-0.5532946456311437,-0.6278732245148307,-0.47871606674745676,-0.4514942299514757,-0.5142867653555918,-0.38870169454735964,-0.5867026184518529,-0.6689503103846146,-0.5044549265190912,-0.45587909262371273,-0.519174474463721,-0.39258371078370446,0.23901645364891516
0,xi_0.25,xi_0.05,loss_vs_linear,static_mh,0.34233239200981147,0.09198408204242689,0.2654317749654388,0.41923300905418415,8,,,,,,,,,,,,,0.23901645364891516
0,xi_0.25,xi_0.05,loss_vs_linear,static_lti_mh,0.24053197633014345,0.07579180589949197,0.17716844091007,0.3038955117502169,8,,,,,,,,,,,,,0.23901645364891516
0,xi_0.25,xi_0.05,loss_vs_linear,static,0.37574036483052065,0.10159743189712196,0.2908027861806769,0.4606779434803644,8,,,,,,,,,,,,,0.23901645364891516
0,xi_0.25,xi_0.05,loss_vs_linear,static_lti,0.24491683900238048,0.07791385359906089,0.17977922730877122,0.31005445069598975,8,,,,,,,,,,,,,0.23901645364891516
0,xi_0.25,xi_0.05,loss_vs_linear,linear,0.0,0.0,0.0,0.0,8,,,,,,,,,,,,,0.23901645364891516
0,xi_0.5,xi_0.05,D_BLA,atomic,0.009509512608048908,0.011566644633359576,-0.0001604442984957169,0.019179469514593532,8,0.09015357533141227,0.08011459422536947,0.10019255643745507,-0.006224757592433881,-0.015881139154030065,0.003431623969162304,-0.007314154879457667,-0.016973764356337597,0.002345454597422262,-0.008466130254709915,-0.018044013334002316,0.0011117528245824845,0.47201599605522676
0,xi_0.5,xi_0.05,D_BLA,static_mh,-0.08064406272336337,0.001380033474986921,-0.08179779958100179,-0.07949032586572495,8,,,,,,,,,,,,,0.47201599605522676
0,xi_0.5,xi_0.05,D_BLA,static_lti_mh,0.015734270200482788,0.00039648021891756664,0.015402804442455375,0.016065735958510203,8,,,,,,,,,,,,,0.47201599605522676
0,xi_0.5,xi_0.05,D_BLA,static,0.016823667487506574,0.00023052171648682888,0.016630946509633593,0.017016388465379555,8,,,,,,,,,,,,,0.47201599605522676
0,xi_0.5,xi_0.05,D_BLA,static_lti,0.017975642862758826,0.0004671950551435291,0.01758505802217689,0.018366227703340763,8,,,,,,,,,,,,,0.47201599605522676
0,xi_0.5,xi_0.05,D_BLA,linear,-0.004047206724515962,0.00019247670813426652,-0.004208121279442625,-0.0038862921695892996,8,,,,,,,,,,,,,0.47201599605522676
0,xi_0.5,xi_0.05,AIR,atomic,0.6027143655448295,0.115624959307805,0.5060494805009205,0.6993792505887385,8,0.5692382375025639,0.47943468935262,0.6590417856525077,0.46511942722360233,0.3895893780836839,0.5406494763635208,0.6027042259353999,0.5060419628342481,0.6993664890365516,0.4700454745096055,0.3919088992366228,0.5481820497825882,0.47201599605522676
0,xi_0.5,xi_0.05,AIR,static_mh,0.03347612804226563,0.011689333916535594,0.0237036003281261,0.04324865575640516,8,,,,,,,,,,,,,0.47201599605522676
0,xi_0.5,xi_0.05,AIR,static_lti_mh,0.13759493832122716,0.033127751026229064,0.10989944537675952,0.1652904312656948,8,,,,,,,,,,,,,0.47201599605522676
0,xi_0.5,xi_0.05,AIR,static,1.0139609429637986e-05,1.0897495718052186e-05,1.0290750159761662e-06,1.9250143843299807e-05,8,,,,,,,,,,,,,0.47201599605522676
0,xi_0.5,xi_0.05,AIR,static_lti,0.13266889103522397,0.030286558634624993,0.1073486943725125,0.15798908769793546,8,,,,,,,,,,,,,0.47201599605522676
0,xi_0.5,xi_0.05,AIR,linear,0.3950083482370692,0.1110290654727048,0.302185726592893,0.4878309698812454,8,,,,,,,,,,,,,0.47201599605522676
0,xi_0.5,xi_0.05,EVM,atomic,-0.1642982274814377,0.04149946008028405,-0.19899264434489217,-0.1296038106179832,8,-0.0067477521020630135,-0.028965682912590614,0.015470178708464587,-0.029860716783932,-0.050709134062305296,-0.009012299505558707,-0.1762225132603807,-0.20350657833630506,-0.1489384481844563,-0.03362976610843456,-0.054798190236180294,-0.012461341980688826,0.47201599605522676
0,xi_0.5,xi_0.05,EVM,static_mh,-0.15755047537937467,0.018900281078027784,-0.17335150578528805,-0.14174944497346129,8,,,,,,,,,,,,,0.47201599605522676
0,xi_0.5,xi_0.05,EVM,static_lti_mh,-0.1344375106975057,0.028363794051549665,-0.15815023594139757,-0.11072478545361383,8,,,,,,,,,,,,,0.47201599605522676
0,xi_0.5,xi_0.05,EVM,static,0.011924285778943021,0.01090369418701456,0.002808569315546584,0.021040002242339456,8,,,,,,,,,,,,,0.47201599605522676
0,xi_0.5,xi_0.05,EVM,static_lti,-0.13066846137300314,0.029072354375289693,-0.1549735578717784,-0.10636336487422789,8,,,,,,,,,,,,,0.47201599605522676
0,xi_0.5,xi_0.05,EVM,linear,-0.2409880149988792,0.03180672554573672,-0.2675791030036493,-0.21439692699410912,8,,,,,,,,,,,,,0.47201599605522676
0,xi_0.5,xi_0.05,SER,atomic,-0.20283018867924532,0.03971878977385296,-0.23603592791199862,-0.16962444944649202,8,-0.20283018867924532,-0.23603592791199862,-0.16962444944649202,-0.15801886792452838,-0.18271265036083448,-0.13332508548822228,-0.20283018867924532,-0.23603592791199862,-0.16962444944649202,-0.15801886792452835,-0.1828275391808746,-0.1332101966681821,0.47201599605522676
0,xi_0.5,xi_0.05,SER,static_mh,0.0,0.0,0.0,0.0,8,,,,,,,,,,,,,0.47201599605522676
0,xi_0.5,xi_0.05,SER,static_lti_mh,-0.04481132075471695,0.017285384553073633,-0.059262263879501544,-0.030360377629932357,8,,,,,,,,,,,,,0.47201599605522676
0,xi_0.5,xi_0.05,SER,static,0.0,0.0,0.0,0.0,8,,,,,,,,,,,,,0.47201599605522676
0,xi_0.5,xi_0.05,SER,static_lti,-0.04481132075471695,0.016440943800986058,-0.0585562937436796,-0.0310663477657543,8,,,,,,,,,,,,,0.47201599605522676
0,xi_0.5,xi_0.05,SER,linear,-0.16320754716981134,0.035499788155144874,-0.19288611278093507,-0.13352898155868761,8,,,,,,,,,,,,,0.47201599605522676
0,xi_0.5,xi_0.05,loss_vs_linear,atomic,-0.20770601730776025,0.09276225847316044,-0.28525720612894534,-0.13015482848657517,8,-0.569238237502564,-0.659041785652508,-0.47943468935261996,-0.46511942722360233,-0.5406494763635207,-0.389589378083684,-0.6027042259353996,-0.6993664890365514,-0.5060419628342478,-0.4700454745096054,-0.5481820497825882,-0.3919088992366226,0.47201599605522676
0,xi_0.5,xi_0.05,loss_vs_linear,static_mh,0.36153222019480374,0.10298999979199076,0.2754304256500599,0.4476340147395476,8,,,,,,,,,,,,,0.47201599605522676
0,xi_0.5,xi_0.05,loss_vs_linear,static_lti_mh,0.25741340991584205,0.08328232859123383,0.1877876408115303,0.3270391790201538,8,,,,,,,,,,,,,0.47201599605522676
0,xi_0.5,xi_0.05,loss_vs_linear,static,0.39499820862763946,0.1110269017198085,0.3021773959261538,0.48781902132912514,8,,,,,,,,,,,,,0.47201599605522676
0,xi_0.5,xi_0.05,loss_vs_linear,static_lti,0.2623394572018451,0.08729873856421487,0.18935588533027897,0.3353230290734112,8,,,,,,,,,,,,,0.47201599605522676
0,xi_0.5,xi_0.05,loss_vs_linear,linear,0.0,0.0,0.0,0.0,8,,,,,,,,,,,,,0.47201599605522676
0,xi_1,xi_0.05,D_BLA,atomic,0.07368445618673682,0.019473074271745522,0.05740455868710831,0.08996435368636532,8,0.1567342497371428,0.14056798745332086,0.17290051202096476,0.057559455458325276,0.04133999347087261,0.07377891744577794,0.05554205380528042,0.03918475864770879,0.07189934896285205,0.05522589120946318,0.039042751690763655,0.07140903072816271,0.9364301972386587
0,xi_1,xi_0.05,D_BLA,static_mh,-0.08304979355040601,0.0014422893333392351,-0.08425557760812098,-0.08184400949269104,8,,,,,,,,,,,,,0.9364301972386587
0,xi_1,xi_0.05,D_BLA,static_lti_mh,0.01612500072841154,0.0004962249688658898,0.015710146272604603,0.016539855184218476,8,,,,,,,,,,,,,0.9364301972386587
0,xi_1,xi_0.05,D_BLA,static,0.01814240238145639,0.00018746184151362708,0.017985680359943763,0.018299124402969016,8,,,,,,,,,,,,,0.9364301972386587
0,xi_1,xi_0.05,D_BLA,static_lti,0.018458564977273623,0.0005602437914525144,0.01799018944640617,0.018926940508141078,8,,,,,,,,,,,,,0.9364301972386587
0,xi_1,xi_0.05,D_BLA,linear,-0.005163011455833288,0.00018098759734781007,-0.005314320873771552,-0.005011702037895025,8,,,,,,,,,,,,,0.9364301972386587
0,xi_1,xi_0.05,AIR,atomic,0.4633296919868799,0.1592007479267927,0.33023453598098335,0.5964248479927765,8,0.42985110662867787,0.30328091261216816,0.5564213006451876,0.3251723479486618,0.2035113377252436,0.44683335817208,0.46331947387843236,0.3302258946327723,0.5964130531240924,0.3294979860605449,0.20980847656819673,0.4491874955528931,0.9364301972386587
0,xi_1,xi_0.05,AIR,static_mh,0.033478585358202,0.011690523733294994,0.02370506293235871,0.04325210778404529,8,,,,,,,,,,,,,0.9364301972386587
0,xi_1,xi_0.05,AIR,static_lti_mh,0.1381573440382181,0.033092635329473485,0.11049120855091575,0.16582347952552048,8,,,,,,,,,,,,,0.9364301972386587
0,xi_1,xi_0.05,AIR,static,1.0218108447507257e-05,1.0873947656295259e-05,1.1272607061380568e-06,1.9308956188876455e-05,8,,,,,,,,,,,,,0.9364301972386587
0,xi_1,xi_0.05,AIR,static_lti,0.13383170592633495,0.03149854228875642,0.10749826557209638,0.16016514628057352,8,,,,,,,,,,,,,0.9364301972386587
0,xi_1,xi_0.05,AIR,linear,0.4086089173808921,0.0987967636870762,0.3260127559491899,0.49120507881259434,8,,,,,,,,,,,,,0.9364301972386587
0,xi_1,xi_0.05,EVM,atomic,-0.09748286698689634,0.04841377288398012,-0.13795779401293293,-0.05700793996085977,8,0.06893596089790827,0.031320094667237695,0.10655182712857883,0.04508311263380653,0.015913164193307742,0.07425306107430532,-0.11095813586196118,-0.14795534759993625,-0.07396092412398611,0.04124897278734445,0.011642345001397457,0.07085560057329143,0.9364301972386587
0,xi_1,xi_0.05,EVM,static_mh,-0.1664188278848046,0.008887991660374637,-0.1738493748641482,-0.15898828090546102,8,,,,,,,,,,,,,0.9364301972386587
0,xi_1,xi_0.05,EVM,static_lti_mh,-0.1425659796207029,0.021836494115341495,-0.16082174555617246,-0.12431021368523333,8,,,,,,,,,,,,,0.9364301972386587
0,xi_1,xi_0.05,EVM,static,0.013475268875064846,0.005693402534811712,0.008715465240702625,0.018235072509427068,8,,,,,,,,,,,,,0.9364301972386587
0,xi_1,xi_0.05,EVM,static_lti,-0.13873183977424078,0.022429544056333812,-0.15748340786795118,-0.11998027168053038,8,,,,,,,,,,,,,0.9364301972386587
0,xi_1,xi_0.05,EVM,linear,-0.2695467418900718,0.022621440879973018,-0.28845873974313885,-0.2506347440370047,8,,,,,,,,,,,,,0.9364301972386587
0,xi_1,xi_0.05,SER,atomic,-0.20424528301886796,0.03513619507926727,-0.2336198772115983,-0.17487068882613763,8,-0.20424528301886796,-0.2336198772115983,-0.17487068882613763,-0.15896226415094347,-0.1813614739501445,-0.13656305435174246,-0.20424528301886796,-0.2336198772115983,-0.17487068882613763,-0.15896226415094344,-0.17887482168362984,-0.13904970661825705,0.9364301972386587
0,xi_1,xi_0.05,SER,static_mh,0.0,0.0,0.0,0.0,8,,,,,,,,,,,,,0.9364301972386587
0,xi_1,xi_0.05,SER,static_lti_mh,-0.04528301886792449,0.016633152151527216,-0.059188682059251485,-0.031377355676597496,8,,,,,,,,,,,,,0.9364301972386587
0,xi_1,xi_0.05,SER,static,0.0,0.0,0.0,0.0,8,,,,,,,,,,,,,0.9364301972386587
0,xi_1,xi_0.05,SER,static_lti,-0.04528301886792449,0.016875984735847456,-0.059391695180196616,-0.031174342555652365,8,,,,,,,,,,,,,0.9364301972386587
0,xi_1,xi_0.05,SER,linear,-0.16556603773584905,0.033231888897700325,-0.19334859211960065,-0.13778348335209745,8,,,,,,,,,,,,,0.9364301972386587
0,xi_1,xi_0.05,loss_vs_linear,atomic,-0.05472077460598782,0.12772080082937975,-0.16149803622665065,0.052056487014675,8,-0.4298511066286781,-0.5564213006451876,-0.3032809126121686,-0.32517234794866184,-0.44683335817208003,-0.20351133772524369,-0.4633194738784323,-0.5964130531240925,-0.3302258946327721,-0.3294979860605449,-0.4491874955528931,-0.20980847656819673,0.9364301972386587
0,xi_1,xi_0.05,loss_vs_linear,static_mh,0.37513033202269025,0.09017561956324803,0.2997416274468934,0.4505190365984871,8,,,,,,,,,,,,,0.9364301972386587
0,xi_1,xi_0.05,loss_vs_linear,static_lti_mh,0.270451573342674,0.07123384248011314,0.21089859070122416,0.33000455598412387,8,,,,,,,,,,,,,0.9364301972386587
0,xi_1,xi_0.05,loss_vs_linear,static,0.40859869927244447,0.0987909884114162,0.3260073660920222,0.49119003245286674,8,,,,,,,,,,,,,0.9364301972386587
0,xi_1,xi_0.05,loss_vs_linear,static_lti,0.27477721145455714,0.07039048192726705,0.2159292958797638,0.33362512702935043,8,,,,,,,,,,,,,0.9364301972386587
0,xi_1,xi_0.05,loss_vs_linear,linear,0.0,0.0,0.0,0.0,8,,,,,,,,,,,,,0.9364301972386587
0,xi_2,xi_0.05,D_BLA,atomic,0.13879372079455898,0.02593254397498389,0.11711357148038994,0.16047387010872802,8,0.22317331748559638,0.20139955102253318,0.24494708394865958,0.12281078756521101,0.10112000056107898,0.14450157456934304,0.12032007009087206,0.09850434818602594,0.14213579199571819,0.12044465580807406,0.0988214263294937,0.14206788528665443,1.840155120315582
0,xi_2,xi_0.05,D_BLA,static_mh,-0.08437959669103742,0.0014601552287309446,-0.0856003170110835,-0.08315887637099134,8,,,,,,,,,,,,,1.840155120315582
0,xi_2,xi_0.05,D_BLA,static_lti_mh,0.015982933229347962,0.0003376392474035038,0.015700659754555323,0.0162652067041406,8,,,,,,,,,,,,,1.840155120315582
0,xi_2,xi_0.05,D_BLA,static,0.018473650703686915,0.00021884225778551783,0.01829069399764154,0.018656607409732292,8,,,,,,,,,,,,,1.840155120315582
0,xi_2,xi_0.05,D_BLA,static_lti,0.018349064986484913,0.000364332752867888,0.01804447518265241,0.018653654790317414,8,,,,,,,,,,,,,1.840155120315582
0,xi_2,xi_0.05,D_BLA,linear,-0.005753689542119475,0.0001832346257511614,-0.005906877522814436,-0.0056005015614245144,8,,,,,,,,,,,,,1.840155120315582
0,xi_2,xi_0.05,AIR,atomic,0.513442953456515,0.09589636709365115,0.43327158425793966,0.5936143226550904,8,0.47995972058942454,0.40671446075218887,0.5532049804266602,0.3744468647867192,0.3107948142027465,0.43809891537069184,0.5134327066114097,0.43326419337601185,0.5936012198468076,0.37895160257043314,0.31661391135579264,0.44128929378507364,1.840155120315582
0,xi_2,xi_0.05,AIR,static_mh,0.03348323286709054,0.011691014798754958,0.02370929990024883,0.04325716583393225,8,,,,,,,,,,,,,1.840155120315582
0,xi_2,xi_0.05,AIR,static_lti_mh,0.1389960886697959,0.032434566481283365,0.11188011250745325,0.16611206483213856,8,,,,,,,,,,,,,1.840155120315582
0,xi_2,xi_0.05,AIR,static,1.0246845105366109e-05,1.0829985712362146e-05,1.1927504688805053e-06,1.9300939741851713e-05,8,,,,,,,,,,,,,1.840155120315582
0,xi_2,xi_0.05,AIR,static_lti,0.13449135088608197,0.030418855365803295,0.10906055138824221,0.1599221503839217,8,,,,,,,,,,,,,1.840155120315582
0,xi_2,xi_0.05,AIR,linear,0.4281905504557452,0.06682183419754821,0.3723260990449232,0.48405500186656725,8,,,,,,,,,,,,,1.840155120315582
0,xi_2,xi_0.05,EVM,atomic,-0.03837271782839369,0.04310932430707929,-0.07441301486643223,-0.002332420790355151,8,0.1357529693911157,0.10678067312664019,0.1647252656555912,0.11573273931404585,0.09026811312608979,0.1411973655020019,-0.04931965373487247,-0.08240409503989149,-0.016235212429853457,0.11188450842171438,0.08646355516773115,0.13730546167569763,1.840155120315582
0,xi_2,xi_0.05,EVM,static_mh,-0.17412568721950938,0.016644847504649965,-0.18804112797073286,-0.1602102464682859,8,,,,,,,,,,,,,1.840155120315582
0,xi_2,xi_0.05,EVM,static_lti_mh,-0.15410545714243953,0.02473492163559949,-0.1747843691246721,-0.13342654516020697,8,,,,,,,,,,,,,1.840155120315582
0,xi_2,xi_0.05,EVM,static,0.010946935906478782,0.00696954969904518,0.005120246543738955,0.01677362526921861,8,,,,,,,,,,,,,1.840155120315582
0,xi_2,xi_0.05,EVM,static_lti,-0.15025722625010807,0.024937212804162993,-0.17110525788152064,-0.1294091946186955,8,,,,,,,,,,,,,1.840155120315582
0,xi_2,xi_0.05,EVM,linear,-0.29349408362681473,0.024704073348801266,-0.31414720579588756,-0.2728409614577419,8,,,,,,,,,,,,,1.840155120315582
0,xi_2,xi_0.05,SER,atomic,-0.21226415094339623,0.030573690433313722,-0.23782439579707665,-0.18670390608971582,8,-0.21226415094339623,-0.23782439579707665,-0.18670390608971582,-0.16650943396226422,-0.18289681268435096,-0.1501220552401775,-0.21226415094339623,-0.23782439579707665,-0.18670390608971582,-0.16650943396226422,-0.1816334291991124,-0.15138543872541604,1.840155120315582
0,xi_2,xi_0.05,SER,static_mh,0.0,0.0,0.0,0.0,8,,,,,,,,,,,,,1.840155120315582
0,xi_2,xi_0.05,SER,static_lti_mh,-0.045754716981132024,0.01631674225796408,-0.05939585488162961,-0.03211357908063444,8,,,,,,,,,,,,,1.840155120315582
0,xi_2,xi_0.05,SER,static,0.0,0.0,0.0,0.0,8,,,,,,,,,,,,,1.840155120315582
0,xi_2,xi_0.05,SER,static_lti,-0.045754716981132024,0.016928640042383345,-0.05990741423130298,-0.031602019730961065,8,,,,,,,,,,,,,1.840155120315582
0,xi_2,xi_0.05,SER,linear,-0.16603773584905662,0.0327734429187508,-0.1934370198029694,-0.13863845189514384,8,,,,,,,,,,,,,1.840155120315582
0,xi_2,xi_0.05,loss_vs_linear,atomic,-0.08525240300077003,0.07984473872732553,-0.1520042750588722,-0.018500530942667848,8,-0.47995972058942465,-0.5532049804266604,-0.40671446075218887,-0.3744468647867193,-0.43809891537069195,-0.3107948142027466,-0.5134327066114097,-0.5936012198468076,-0.43326419337601185,-0.37895160257043325,-0.4412892937850739,-0.3166139113557926,1.840155120315582
0,xi_2,xi_0.05,loss_vs_linear,static_mh,0.3947073175886546,0.05695077337663535,0.3470952795427951,0.44231935563451413,8,,,,,,,,,,,,,1.840155120315582
0,xi_2,xi_0.05,loss_vs_linear,static_lti_mh,0.2891944617859493,0.045190814673514164,0.2514139952534005,0.3269749283184981,8,,,,,,,,,,,,,1.840155120315582
0,xi_2,xi_0.05,loss_vs_linear,static,0.42818030361063963,0.06682063455910155,0.37231685512265744,0.4840437520986218,8,,,,,,,,,,,,,1.840155120315582
0,xi_2,xi_0.05,loss_vs_linear,static_lti,0.29369919956966317,0.046105349198845916,0.25515416304038435,0.332244236098942,8,,,,,,,,,,,,,1.840155120315582
0,xi_2,xi_0.05,loss_vs_linear,linear,0.0,0.0,0.0,0.0,8,,,,,,,,,,,,,1.840155120315582
0,xi_4,xi_0.05,D_BLA,atomic,0.17819361137948803,0.03308980915825448,0.15052983863045286,0.2058573841285232,8,0.2632826844583069,0.23600621518685022,0.29055915372976354,0.1621622888265451,0.13455766962634572,0.18976690802674448,0.1594863837513626,0.13193077639923798,0.1870419911034872,0.15983218682914258,0.13225151686871128,0.18741285678957387,3.7745169822485205
0,xi_4,xi_0.05,D_BLA,static_mh,-0.08508907307881886,0.0013163896408693418,-0.08618960235960224,-0.08398854379803547,8,,,,,,,,,,,,,3.7745169822485205
0,xi_4,xi_0.05,D_BLA,static_lti_mh,0.016031322552942935,0.00026705881835491056,0.01580805579349252,0.01625458931239335,8,,,,,,,,,,,,,3.7745169822485205
0,xi_4,xi_0.05,D_BLA,static,0.01870722762812545,0.00018487596249257805,0.018552667455575225,0.018861787800675676,8,,,,,,,,,,,,,3.7745169822485205
0,xi_4,xi_0.05,D_BLA,static_lti,0.018361424550345475,0.0003403684837858782,0.0180768693768371,0.018645979723853852,8,,,,,,,,,,,,,3.7745169822485205
0,xi_4,xi_0.05,D_BLA,linear,-0.006099086695008062,0.0001384048399258809,-0.0062147960368409095,-0.005983377353175214,8,,,,,,,,,,,,,3.7745169822485205
0,xi_4,xi_0.05,AIR,atomic,0.5598463242006088,0.08292230221437219,0.4905215446796919,0.6291711037215256,8,0.5263624046466079,0.46250183321676014,0.5902229760764556,0.42060112073603634,0.3582525912595995,0.48294965021247316,0.559836022776797,0.49051346928899053,0.6291585762646035,0.42502023916579246,0.3662706442537278,0.4837698340778571,3.7745169822485205
0,xi_4,xi_0.05,AIR,static_mh,0.0334839195540009,0.011691264160760639,0.02370977811530538,0.043258060992696426,8,,,,,,,,,,,,,3.7745169822485205
0,xi_4,xi_0.05,AIR,static_lti_mh,0.1392452034645724,0.03261381456721352,0.11197937215223006,0.16651103477691473,8,,,,,,,,,,,,,3.7745169822485205
0,xi_4,xi_0.05,AIR,static,1.0301423811753807e-05,1.082648434390592e-05,1.250256392551941e-06,1.9352591230955673e-05,8,,,,,,,,,,,,,3.7745169822485205
0,xi_4,xi_0.05,AIR,static_lti,0.13482608503481633,0.03074321220351205,0.1091241164345784,0.16052805363505426,8,,,,,,,,,,,,,3.7745169822485205
0,xi_4,xi_0.05,AIR,linear,0.4360682411285628,0.07420055493030842,0.37403502481029033,0.49810145744683526,8,,,,,,,,,,,,,3.7745169822485205
0,xi_4,xi_0.05,EVM,atomic,0.006297514496543533,0.06871021046398001,-0.05114565898092447,0.06374068797401153,8,0.1798653494769813,0.12670876291925756,0.23302193603470503,0.15599106801549645,0.1091844304370998,0.2027977055938931,-0.007272032974268868,-0.06146428412577466,0.04692021817723692,0.15227698494715794,0.10520422130910942,0.19934974858520646,3.7745169822485205
0,xi_4,xi_0.05,EVM,static_mh,-0.1735678349804378,0.013395070067632069,-0.1847663938036741,-0.16236927615720148,8,,,,,,,,,,,,,3.7745169822485205
0,xi_4,xi_0.05,EVM,static_lti_mh,-0.14969355351895292,0.025293965042591446,-0.17083983748552992,-0.12854726955237591,8,,,,,,,,,,,,,3.7745169822485205
0,xi_4,xi_0.05,EVM,static,0.0135695474708124,0.007100994695231308,0.007632967341217433,0.019506127600407368,8,,,,,,,,,,,,,3.7745169822485205
0,xi_4,xi_0.05,EVM,static_lti,-0.14597947045061438,0.02587826839210743,-0.16761424424196505,-0.1243446966592637,8,,,,,,,,,,,,,3.7745169822485205
0,xi_4,xi_0.05,EVM,linear,-0.2986997244085332,0.025641889111536465,-0.32013688017588676,-0.27726256864117965,8,,,,,,,,,,,,,3.7745169822485205
0,xi_4,xi_0.05,SER,atomic,-0.21745283018867928,0.0360224209283713,-0.24756832773254966,-0.1873373326448089,8,-0.21745283018867928,-0.24756832773254966,-0.1873373326448089,-0.17169811320754724,-0.19362013484629326,-0.14977609156880123,-0.21745283018867928,-0.24756832773254966,-0.1873373326448089,-0.17169811320754724,-0.1910723326910147,-0.15232389372407978,3.7745169822485205
0,xi_4,xi_0.05,SER,static_mh,0.0,0.0,0.0,0.0,8,,,,,,,,,,,,,3.7745169822485205
0,xi_4,xi_0.05,SER,static_lti_mh,-0.045754716981132024,0.01631674225796408,-0.05939585488162961,-0.03211357908063444,8,,,,,,,,,,,,,3.7745169822485205
0,xi_4,xi_0.05,SER,static,0.0,0.0,0.0,0.0,8,,,,,,,,,,,,,3.7745169822485205
0,xi_4,xi_0.05,SER,static_lti,-0.045754716981132024,0.016928640042383345,-0.05990741423130298,-0.031602019730961065,8,,,,,,,,,,,,,3.7745169822485205
0,xi_4,xi_0.05,SER,linear,-0.16745283018867924,0.033323584327629385,-0.19531204387026935,-0.13959361650708912,8,,,,,,,,,,,,,3.7745169822485205
0,xi_4,xi_0.05,loss_vs_linear,atomic,-0.12377808307204594,0.07728829668037626,-0.18839271609396463,-0.05916345005012723,8,-0.5263624046466081,-0.5902229760764559,-0.46250183321676036,-0.42060112073603634,-0.48294965021247305,-0.35825259125959963,-0.5598360227767969,-0.6291585762646034,-0.4905134692889904,-0.4250202391657924,-0.483769834077857,-0.3662706442537278,3.7745169822485205
0,xi_4,xi_0.05,loss_vs_linear,static_mh,0.40258432157456214,0.06377933652641916,0.3492634618708137,0.4559051812783106,8,,,,,,,,,,,,,3.7745169822485205
0,xi_4,xi_0.05,loss_vs_linear,static_lti_mh,0.2968230376639904,0.04991695276541394,0.25509142080810226,0.3385546545198785,8,,,,,,,,,,,,,3.7745169822485205
0,xi_4,xi_0.05,loss_vs_linear,static,0.436057939704751,0.07419861831408105,0.3740263424381618,0.4980895369713402,8,,,,,,,,,,,,,3.7745169822485205
0,xi_4,xi_0.05,loss_vs_linear,static_lti,0.3012421560937465,0.05079862661602958,0.2587734414526899,0.3437108707348031,8,,,,,,,,,,,,,3.7745169822485205
0,xi_4,xi_0.05,loss_vs_linear,linear,0.0,0.0,0.0,0.0,8,,,,,,,,,,,,,3.7745169822485205
3,xi_0.1,xi_0.05,D_BLA,atomic,-0.04751695239826749,0.016311304233819903,-0.06115354399680821,-0.03388036079972677,8,0.8268127537839716,0.8004671009011486,0.8531584066667945,-0.07344886900752907,-0.08726112196175059,-0.059636616053307556,-0.08392798880488217,-0.09762944372318019,-0.07022653388658415,-0.08450495642919932,-0.09799388531095957,-0.07101602754743908,0.1003578856015779
3,xi_0.1,xi_0.05,D_BLA,static_mh,-0.8743297061822392,0.03252449953629304,-0.901520868260116,-0.8471385441043623,8,,,,,,,,,,,,,0.1003578856015779
3,xi_0.1,xi_0.05,D_BLA,static_lti_mh,0.025931916609261585,0.0015836875056994078,0.024607920721173307,0.027255912497349863,8,,,,,,,,,,,,,0.1003578856015779
3,xi_0.1,xi_0.05,D_BLA,static,0.036411036406614666,0.0014866695146990244,0.03516814958877719,0.03765392322445214,8,,,,,,,,,,,,,0.1003578856015779
3,xi_0.1,xi_0.05,D_BLA,static_lti,0.036988004030931824,0.0016506150215456876,0.035608055339363356,0.03836795272250029,8,,,,,,,,,,,,,0.1003578856015779
3,xi_0.1,xi_0.05,D_BLA,linear,0.0001324738773360746,0.0001920088642405804,-2.8049550307409547e-05,0.0002929973049795587,8,,,,,,,,,,,,,0.1003578856015779
3,xi_0.1,xi_0.05,AIR,atomic,0.2740850022022443,0.1319052138907001,0.16380948371757703,0.38436052068691157,8,-0.30744978282914764,-0.4402497558319703,-0.174649809826325,0.25509300540261215,0.15043337334466128,0.359752637460563,0.275606886714397,0.16574017688044793,0.385473596548346,0.2659781185114907,0.15938132026950017,0.3725749167534813,0.1003578856015779
3,xi_0.1,xi_0.05,AIR,static_mh,0.5815347850313919,0.0627637377918677,0.5290629871177092,0.6340065829450746,8,,,,,,,,,,,,,0.1003578856015779
3,xi_0.1,xi_0.05,AIR,static_lti_mh,0.01899199679963212,0.0091510640713927,0.011341515780773859,0.026642477818490384,8,,,,,,,,,,,,,0.1003578856015779
3,xi_0.1,xi_0.05,AIR,static,-0.0015218845121527103,0.0008703837957607366,-0.0022495435752561675,-0.000794225449049253,8,,,,,,,,,,,,,0.1003578856015779
3,xi_0.1,xi_0.05,AIR,static_lti,0.008106883690753547,0.005967000016552511,0.0031183468375508153,0.01309542054395628,8,,,,,,,,,,,,,0.1003578856015779
3,xi_0.1,xi_0.05,AIR,linear,0.2400126285370961,0.06792159920130875,0.18322875057425408,0.2967965064999381,8,,,,,,,,,,,,,0.1003578856015779
3,xi_0.1,xi_0.05,EVM,atomic,-0.13906614169238923,0.07441746471795155,-0.20128069913123758,-0.07685158425354087,8,0.2704224778832186,0.21813780001648098,0.32270715574995623,-0.12882617158543974,-0.1774963457110953,-0.08015599745978418,-0.18593631196811253,-0.24029968421916645,-0.1315729397170586,-0.1422173137621425,-0.19162030387839057,-0.09281432364589444,0.1003578856015779
3,xi_0.1,xi_0.05,EVM,static_mh,-0.4094886195756078,0.09666750618534081,-0.4903046771883222,-0.32867256196289335,8,,,,,,,,,,,,,0.1003578856015779
3,xi_0.1,xi_0.05,EVM,static_lti_mh,-0.010239970106949506,0.03851425788888598,-0.042438695483100336,0.021958755269201324,8,,,,,,,,,,,,,0.1003578856015779
3,xi_0.1,xi_0.05,EVM,static,0.046870170275723294,0.02854044588489049,0.02300976040331425,0.07073058014813234,8,,,,,,,,,,,,,0.1003578856015779
3,xi_0.1,xi_0.05,EVM,static_lti,0.0031511720697532664,0.03376157882650193,-0.02507421417645302,0.03137655831595955,8,,,,,,,,,,,,,0.1003578856015779
3,xi_0.1,xi_0.05,EVM,linear,-0.0934786155892787,0.029661858365545246,-0.1182765497572918,-0.0686806814212656,8,,,,,,,,,,,,,0.1003578856015779
3,xi_0.1,xi_0.05,SER,atomic,-0.12122641509433965,0.052344222334065924,-0.16498728009205596,-0.07746555009662334,8,0.03962264150943391,-0.008162736120941178,0.087408019139809,-0.12028301886792457,-0.1641736541143645,-0.07639238362148465,-0.12122641509433965,-0.16498728009205596,-0.07746555009662334,-0.12122641509433965,-0.16498728009205596,-0.07746555009662334,0.1003578856015779
3,xi_0.1,xi_0.05,SER,static_mh,-0.16084905660377358,0.014536525834225168,-0.1730018963289966,-0.14869621687855056,8,,,,,,,,,,,,,0.1003578856015779
3,xi_0.1,xi_0.05,SER,static_lti_mh,-0.000943396226415075,0.0017468303769293066,-0.0024037829680662896,0.0005169905152361397,8,,,,,,,,,,,,,0.1003578856015779
3,xi_0.1,xi_0.05,SER,static,0.0,0.0,0.0,0.0,8,,,,,,,,,,,,,0.1003578856015779
3,xi_0.1,xi_0.05,SER,static_lti,0.0,0.0,0.0,0.0,8,,,,,,,,,,,,,0.1003578856015779
3,xi_0.1,xi_0.05,SER,linear,-0.10471698113207548,0.03306696535413826,-0.13236165598293986,-0.07707230628121109,8,,,,,,,,,,,,,0.1003578856015779
3,xi_0.1,xi_0.05,loss_vs_linear,atomic,-0.034072373665148314,0.10961520906822936,-0.1257129817750029,0.05756823444470627,8,0.3074497828291477,0.1746498098263251,0.4402497558319703,-0.25509300540261226,-0.3597526374605633,-0.15043337334466123,-0.27560688671439704,-0.3854735965483461,-0.16574017688044795,-0.26597811851149056,-0.3725749167534811,-0.15938132026950003,0.1003578856015779
3,xi_0.1,xi_0.05,loss_vs_linear,static_mh,-0.34152215649429596,0.10231915133236413,-0.4270631076915489,-0.255981205297043,8,,,,,,,,,,,,,0.1003578856015779
3,xi_0.1,xi_0.05,loss_vs_linear,static_lti_mh,0.22102063173746392,0.06199695920668393,0.16918987676325242,0.2728513867116754,8,,,,,,,,,,,,,0.1003578856015779
3,xi_0.1,xi_0.05,loss_vs_linear,static,0.24153451304924867,0.06728640669237479,0.18528166931313794,0.2977873567853594,8,,,,,,,,,,,,,0.1003578856015779
3,xi_0.1,xi_0.05,loss_vs_linear,static_lti,0.2319057448463423,0.06364008478299268,0.1787013025134718,0.28511018717921277,8,,,,,,,,,,,,,0.1003578856015779
3,xi_0.1,xi_0.05,loss_vs_linear,linear,0.0,0.0,0.0,0.0,8,,,,,,,,,,,,,0.1003578856015779
3,xi_0.25,xi_0.05,D_BLA,atomic,-0.002995097558040734,0.01405145682989682,-0.014742409447211172,0.008752214331129705,8,1.2175900046131742,1.1889190331005863,1.2462609761257621,-0.06857285315409728,-0.08058425035671693,-0.056561455951477636,-0.08994160881076088,-0.10164675001736688,-0.07823646760415488,-0.08965653161475137,-0.10113605383906804,-0.0781770093904347,0.23901645364891516
3,xi_0.25,xi_0.05,D_BLA,static_mh,-1.2205851021712149,0.03473838115384636,-1.2496271155993777,-1.191543088743052,8,,,,,,,,,,,,,0.23901645364891516
3,xi_0.25,xi_0.05,D_BLA,static_lti_mh,0.06557775559605654,0.0016004954916752597,0.06423970788004199,0.06691580331207109,8,,,,,,,,,,,,,0.23901645364891516
3,xi_0.25,xi_0.05,D_BLA,static,0.08694651125272014,0.001112098640997309,0.08601677352193042,0.08787624898350986,8,,,,,,,,,,,,,0.23901645364891516
3,xi_0.25,xi_0.05,D_BLA,static_lti,0.08666143405671063,0.0014441463761007854,0.08545409747239464,0.08786877064102662,8,,,,,,,,,,,,,0.23901645364891516
3,xi_0.25,xi_0.05,D_BLA,linear,-0.0018033014144795128,0.00017581668996095545,-0.001950287845658556,-0.0016563149833004696,8,,,,,,,,,,,,,0.23901645364891516
3,xi_0.25,xi_0.05,AIR,atomic,0.45639670157271395,0.1492799400081644,0.33159554854626033,0.5811978545991675,8,-0.6198667987984067,-0.7591261304136881,-0.4806074671831252,0.4216498012911144,0.3011849305119494,0.5421146720702794,0.45697291829859055,0.3324993150800652,0.5814465215171158,0.43871897078249655,0.31658284788613966,0.5608550936788534,0.23901645364891516
3,xi_0.25,xi_0.05,AIR,static_mh,1.0762635003711205,0.055332255941237495,1.0300045767632762,1.1225224239789648,8,,,,,,,,,,,,,0.23901645364891516
3,xi_0.25,xi_0.05,AIR,static_lti_mh,0.03474690028159946,0.010003874641215169,0.026383451784182662,0.04311034877901626,8,,,,,,,,,,,,,0.23901645364891516
3,xi_0.25,xi_0.05,AIR,static,-0.0005762167258766826,0.0017091981318392933,-0.002005142123304749,0.0008527086715513837,8,,,,,,,,,,,,,0.23901645364891516
3,xi_0.25,xi_0.05,AIR,static_lti,0.017677730790217366,0.006833542626032082,0.011964746186006108,0.023390715394428625,8,,,,,,,,,,,,,0.23901645364891516
3,xi_0.25,xi_0.05,AIR,linear,0.3737745604074909,0.10257090386419755,0.28802313882655195,0.45952598198842987,8,,,,,,,,,,,,,0.23901645364891516
3,xi_0.25,xi_0.05,EVM,atomic,-0.16058992626971547,0.07249371024448684,-0.2211961847206686,-0.09998366781876233,8,0.5157417962978185,0.4386854433952869,0.59279814920035,-0.12117845666322327,-0.17094580744297483,-0.07141110588347171,-0.21068503313484055,-0.2625813225243422,-0.15878874374533894,-0.14658881845990787,-0.19845395647912897,-0.09472368044068677,0.23901645364891516
3,xi_0.25,xi_0.05,EVM,static_mh,-0.6763317225675338,0.10327177684708087,-0.7626690886255683,-0.5899943565094994,8,,,,,,,,,,,,,0.23901645364891516
3,xi_0.25,xi_0.05,EVM,static_lti_mh,-0.0394114696064922,0.03575233203182533,-0.06930116718215026,-0.009521772030834142,8,,,,,,,,,,,,,0.23901645364891516
3,xi_0.25,xi_0.05,EVM,static,0.050095106865125104,0.023111286584299017,0.03077358775487106,0.06941662597537915,8,,,,,,,,,,,,,0.23901645364891516
3,xi_0.25,xi_0.05,EVM,static_lti,-0.01400110780980758,0.033283785125006106,-0.04182704852534046,0.013824832905725292,8,,,,,,,,,,,,,0.23901645364891516
3,xi_0.25,xi_0.05,EVM,linear,-0.20055179667170175,0.02644036736645744,-0.22265649696563564,-0.17844709637776787,8,,,,,,,,,,,,,0.23901645364891516
3,xi_0.25,xi_0.05,SER,atomic,-0.18207547169811322,0.04594086401363696,-0.22048299517125922,-0.14366794822496723,8,0.09481132075471699,0.05167219513009575,0.13795044637933823,-0.18113207547169813,-0.21921430250649354,-0.14304984843690272,-0.18207547169811322,-0.22048299517125922,-0.14366794822496723,-0.18207547169811322,-0.22048299517125922,-0.14366794822496723,0.23901645364891516
3,xi_0.25,xi_0.05,SER,static_mh,-0.2768867924528302,0.03130922400030697,-0.3030619587570779,-0.2507116261485825,8,,,,,,,,,,,,,0.23901645364891516
3,xi_0.25,xi_0.05,SER,static_lti_mh,-0.000943396226415075,0.0017468303769293066,-0.0024037829680662896,0.0005169905152361397,8,,,,,,,,,,,,,0.23901645364891516
3,xi_0.25,xi_0.05,SER,static,0.0,0.0,0.0,0.0,8,,,,,,,,,,,,,0.23901645364891516
3,xi_0.25,xi_0.05,SER,static_lti,0.0,0.0,0.0,0.0,8,,,,,,,,,,,,,0.23901645364891516
3,xi_0.25,xi_0.05,SER,linear,-0.1556603773584906,0.037014672067001146,-0.18660541761376642,-0.12471533710321477,8,,,,,,,,,,,,,0.23901645364891516
3,xi_0.25,xi_0.05,loss_vs_linear,atomic,-0.08262214116522296,0.1390227005032477,-0.1988480273673994,0.033603745036953486,8,0.6198667987984066,0.48060746718312497,0.7591261304136881,-0.4216498012911145,-0.5421146720702797,-0.3011849305119493,-0.45697291829859066,-0.5814465215171161,-0.3324993150800653,-0.4387189707824965,-0.5608550936788536,-0.31658284788613944,0.23901645364891516
3,xi_0.25,xi_0.05,loss_vs_linear,static_mh,-0.7024889399636296,0.11157358463147106,-0.7957667910167626,-0.6092110889104966,8,,,,,,,,,,,,,0.23901645364891516
3,xi_0.25,xi_0.05,loss_vs_linear,static_lti_mh,0.3390276601258916,0.09462261939345154,0.25992117065356085,0.4181341495982223,8,,,,,,,,,,,,,0.23901645364891516
3,xi_0.25,xi_0.05,loss_vs_linear,static,0.37435077713336773,0.10150470255511745,0.28949072215348876,0.4592108321132467,8,,,,,,,,,,,,,0.23901645364891516
3,xi_0.25,xi_0.05,loss_vs_linear,static_lti,0.3560968296172735,0.09785119520739385,0.2742911832174193,0.43790247601712773,8,,,,,,,,,,,,,0.23901645364891516
3,xi_0.25,xi_0.05,loss_vs_linear,linear,0.0,0.0,0.0,0.0,8,,,,,,,,,,,,,0.23901645364891516
3,xi_0.5,xi_0.05,D_BLA,atomic,0.10800477553223947,0.021972590312174127,0.0896352303288636,0.12637432073561536,8,1.4313267832735972,1.4066284358392167,1.4560251307079777,0.020959195342439473,0.0025863640522041237,0.03933202663267482,-0.005767737342752049,-0.023579156015099675,0.012043681329595579,-0.002454251471761374,-0.020293738550027647,0.015385235606504899,0.47201599605522676
3,xi_0.5,xi_0.05,D_BLA,static_mh,-1.3233220077413579,0.03259593914237274,-1.3505728948245503,-1.2960711206581654,8,,,,,,,,,,,,,0.47201599605522676
3,xi_0.5,xi_0.05,D_BLA,static_lti_mh,0.08704558018979999,0.0021037589212507873,0.08528679371756918,0.0888043666620308,8,,,,,,,,,,,,,0.47201599605522676
3,xi_0.5,xi_0.05,D_BLA,static,0.11377251287499152,0.0015530124630960642,0.11247416196429151,0.11507086378569152,8,,,,,,,,,,,,,0.47201599605522676
3,xi_0.5,xi_0.05,D_BLA,static_lti,0.11045902700400084,0.002393545992675716,0.10845797247724098,0.1124600815307607,8,,,,,,,,,,,,,0.47201599605522676
3,xi_0.5,xi_0.05,D_BLA,linear,-0.004047206724515551,0.0001924767081342826,-0.004208121279442227,-0.0038862921695888755,8,,,,,,,,,,,,,0.47201599605522676
3,xi_0.5,xi_0.05,AIR,atomic,0.4944641110641676,0.11129425342769791,0.40141978674145296,0.5875084353868822,8,-0.7780817129384192,-0.9195771367101356,-0.6365862891667028,0.45793521949851024,0.3693940143811685,0.546476424615852,0.4952492986194692,0.4025593350152308,0.5879392622237076,0.4757265095786913,0.3857240298748327,0.5657289892825499,0.47201599605522676
3,xi_0.5,xi_0.05,AIR,static_mh,1.2725458240025866,0.07572088146933105,1.2092415828899823,1.335850065115191,8,,,,,,,,,,,,,0.47201599605522676
3,xi_0.5,xi_0.05,AIR,static_lti_mh,0.03652889156565736,0.009699349196164376,0.028420032711471623,0.0446377504198431,8,,,,,,,,,,,,,0.47201599605522676
3,xi_0.5,xi_0.05,AIR,static,-0.0007851875553015752,0.001484381687594335,-0.0020261617018144575,0.0004557865912113068,8,,,,,,,,,,,,,0.47201599605522676
3,xi_0.5,xi_0.05,AIR,static_lti,0.01873760148547629,0.005992125354313989,0.01372805932424195,0.02374714364671063,8,,,,,,,,,,,,,0.47201599605522676
3,xi_0.5,xi_0.05,AIR,linear,0.3954709956491426,0.11024831424452708,0.3033010983663111,0.48764089293197416,8,,,,,,,,,,,,,0.47201599605522676
3,xi_0.5,xi_0.05,EVM,atomic,-0.10653816967661357,0.07425879662893001,-0.1686200772734449,-0.044456262079782226,8,0.6580432678099977,0.5922432715348452,0.7238432640851501,-0.07445274056524895,-0.12193671244175114,-0.026968768688746765,-0.1707996064343993,-0.22278197018056448,-0.1188172426882341,-0.103521801324562,-0.15216875798695936,-0.05487484466216464,0.47201599605522676
3,xi_0.5,xi_0.05,EVM,static_mh,-0.7645814374866111,0.10371243669610179,-0.8512872043977492,-0.677875670575473,8,,,,,,,,,,,,,0.47201599605522676
3,xi_0.5,xi_0.05,EVM,static_lti_mh,-0.03208542911136463,0.0344250369050977,-0.06086548019190123,-0.0033053780308280357,8,,,,,,,,,,,,,0.47201599605522676
3,xi_0.5,xi_0.05,EVM,static,0.0642614367577857,0.024799213111400445,0.04352877575670108,0.08499409775887032,8,,,,,,,,,,,,,0.47201599605522676
3,xi_0.5,xi_0.05,EVM,static_lti,-0.003016368352051574,0.03266750367643311,-0.030327084882965163,0.024294348178862016,8,,,,,,,,,,,,,0.47201599605522676
3,xi_0.5,xi_0.05,EVM,linear,-0.2433035307921337,0.031955757678241645,-0.270019212777673,-0.2165878488065944,8,,,,,,,,,,,,,0.47201599605522676
3,xi_0.5,xi_0.05,SER,atomic,-0.20518867924528303,0.04647739775700803,-0.24404475615304755,-0.1663326023375185,8,0.10330188679245282,0.058624632804706464,0.1479791407801992,-0.20424528301886796,-0.2429363457601648,-0.16555422027757113,-0.20518867924528303,-0.24404475615304755,-0.1663326023375185,-0.20518867924528303,-0.24404475615304755,-0.1663326023375185,0.47201599605522676
3,xi_0.5,xi_0.05,SER,static_mh,-0.30849056603773584,0.024600763793217517,-0.3290573192569364,-0.2879238128185353,8,,,,,,,,,,,,,0.47201599605522676
3,xi_0.5,xi_0.05,SER,static_lti_mh,-0.000943396226415075,0.0017468303769293066,-0.0024037829680662896,0.0005169905152361397,8,,,,,,,,,,,,,0.47201599605522676
3,xi_0.5,xi_0.05,SER,static,0.0,0.0,0.0,0.0,8,,,,,,,,,,,,,0.47201599605522676
3,xi_0.5,xi_0.05,SER,static_lti,0.0,0.0,0.0,0.0,8,,,,,,,,,,,,,0.47201599605522676
3,xi_0.5,xi_0.05,SER,linear,-0.1660377358490566,0.034994786775455484,-0.19529410974130812,-0.13678136195680507,8,,,,,,,,,,,,,0.47201599605522676
3,xi_0.5,xi_0.05,loss_vs_linear,atomic,-0.09899311541502495,0.1153274853530472,-0.1954093060091165,-0.002576924820933413,8,0.7780817129384192,0.6365862891667027,0.9195771367101357,-0.4579352194985102,-0.546476424615852,-0.36939401438116837,-0.49524929861946915,-0.5879392622237075,-0.40255933501523083,-0.47572650957869117,-0.5657289892825497,-0.3857240298748327,0.47201599605522676
3,xi_0.5,xi_0.05,loss_vs_linear,static_mh,-0.8770748283534442,0.15636711200314765,-1.007801005442892,-0.7463486512639964,8,,,,,,,,,,,,,0.47201599605522676
3,xi_0.5,xi_0.05,loss_vs_linear,static_lti_mh,0.35894210408348526,0.10162051072655981,0.27398523104938477,0.44389897711758575,8,,,,,,,,,,,,,0.47201599605522676
3,xi_0.5,xi_0.05,loss_vs_linear,static,0.3962561832044442,0.10897131278013486,0.30515388586279635,0.4873584805460921,8,,,,,,,,,,,,,0.47201599605522676
3,xi_0.5,xi_0.05,loss_vs_linear,static_lti,0.3767333941636662,0.10549229203756778,0.2885396309495881,0.46492715737774426,8,,,,,,,,,,,,,0.47201599605522676
3,xi_0.5,xi_0.05,loss_vs_linear,linear,0.0,0.0,0.0,0.0,8,,,,,,,,,,,,,0.47201599605522676
3,xi_1,xi_0.05,D_BLA,atomic,0.23436353075379127,0.041817565186067704,0.19940317136662442,0.2693238901409581,8,1.6084861737777565,1.5549348004552994,1.6620375471002136,0.1417064804874203,0.10748562510145604,0.17592733587338455,0.11078933218927144,0.07630195834054646,0.14527670603799642,0.1174956648836463,0.08325195731050947,0.15173937245678312,0.9364301972386587
3,xi_1,xi_0.05,D_BLA,static_mh,-1.3741226430239653,0.03406968089032692,-1.4026056090415264,-1.345639677006404,8,,,,,,,,,,,,,0.9364301972386587
3,xi_1,xi_0.05,D_BLA,static_lti_mh,0.09265705026637099,0.0015642654786276655,0.09134929159925514,0.09396480893348683,8,,,,,,,,,,,,,0.9364301972386587
3,xi_1,xi_0.05,D_BLA,static,0.12357419856451982,0.0013642466017626067,0.12243365986318404,0.1247147372658556,8,,,,,,,,,,,,,0.9364301972386587
3,xi_1,xi_0.05,D_BLA,static_lti,0.11686786587014497,0.0016273996115632957,0.11550732574702599,0.11822840599326395,8,,,,,,,,,,,,,0.9364301972386587
3,xi_1,xi_0.05,D_BLA,linear,-0.005163011455832863,0.0001809875973482585,-0.005314320873771501,-0.005011702037894225,8,,,,,,,,,,,,,0.9364301972386587
3,xi_1,xi_0.05,AIR,atomic,0.4106343908847931,0.12796956690205413,0.30364915562278283,0.5176196261468033,8,-0.9653531918149434,-1.1085808534941122,-0.8221255301357746,0.3738736338912506,0.27073865431461885,0.47700861346788237,0.4119370663094056,0.30516642593948573,0.5187077066793254,0.39188472869683333,0.28696233813375654,0.4968071192599101,0.9364301972386587
3,xi_1,xi_0.05,AIR,static_mh,1.3759875826997363,0.06401423458481174,1.3224703433047216,1.429504822094751,8,,,,,,,,,,,,,0.9364301972386587
3,xi_1,xi_0.05,AIR,static_lti_mh,0.036760756993542476,0.009272749327266122,0.02900854455492017,0.04451296943216478,8,,,,,,,,,,,,,0.9364301972386587
3,xi_1,xi_0.05,AIR,static,-0.0013026754246124872,0.00129572697294918,-0.0023859302827179364,-0.000219420566507038,8,,,,,,,,,,,,,0.9364301972386587
3,xi_1,xi_0.05,AIR,static_lti,0.01874966218795976,0.006513088734650608,0.013304583741361068,0.02419474063455845,8,,,,,,,,,,,,,0.9364301972386587
3,xi_1,xi_0.05,AIR,linear,0.4045598702296534,0.09891296718626108,0.32186656024146604,0.48725318021784075,8,,,,,,,,,,,,,0.9364301972386587
3,xi_1,xi_0.05,EVM,atomic,-0.034693346762078525,0.0616719183430194,-0.08625236077388189,0.01686566724972484,8,0.7829899917421146,0.7003256203107618,0.8656543631734673,-0.007791016617669351,-0.059536646503479,0.0439546132681403,-0.10937098235760931,-0.15867516682143223,-0.060066797893786376,-0.03920354289314981,-0.0927964159259733,0.014389330139673681,0.9364301972386587
3,xi_1,xi_0.05,EVM,static_mh,-0.8176833385041931,0.06944084931683635,-0.8757373413488044,-0.7596293356595817,8,,,,,,,,,,,,,0.9364301972386587
3,xi_1,xi_0.05,EVM,static_lti_mh,-0.026902330144409174,0.02551650234362556,-0.0482346599504937,-0.005570000338324652,8,,,,,,,,,,,,,0.9364301972386587
3,xi_1,xi_0.05,EVM,static,0.07467763559553078,0.013866083623374352,0.06308529958532272,0.08626997160573885,8,,,,,,,,,,,,,0.9364301972386587
3,xi_1,xi_0.05,EVM,static_lti,0.004510196131071287,0.022785316766653952,-0.014538805391811658,0.02355919765395423,8,,,,,,,,,,,,,0.9364301972386587
3,xi_1,xi_0.05,EVM,linear,-0.2720251500789396,0.02243579860477937,-0.29078194710600586,-0.2532683530518734,8,,,,,,,,,,,,,0.9364301972386587
3,xi_1,xi_0.05,SER,atomic,-0.22735849056603774,0.04746538124487955,-0.26704054233988755,-0.18767643879218793,8,0.10188679245283018,0.05925950683924098,0.1445140780664194,-0.2264150943396227,-0.2663204571155173,-0.18650973156372813,-0.22735849056603774,-0.26704054233988755,-0.18767643879218793,-0.22735849056603774,-0.26704054233988755,-0.18767643879218793,0.9364301972386587
3,xi_1,xi_0.05,SER,static_mh,-0.3292452830188679,0.026587806567455952,-0.35147324556950493,-0.3070173204682309,8,,,,,,,,,,,,,0.9364301972386587
3,xi_1,xi_0.05,SER,static_lti_mh,-0.000943396226415075,0.0017468303769293066,-0.0024037829680662896,0.0005169905152361397,8,,,,,,,,,,,,,0.9364301972386587
3,xi_1,xi_0.05,SER,static,0.0,0.0,0.0,0.0,8,,,,,,,,,,,,,0.9364301972386587
3,xi_1,xi_0.05,SER,static_lti,0.0,0.0,0.0,0.0,8,,,,,,,,,,,,,0.9364301972386587
3,xi_1,xi_0.05,SER,linear,-0.16839622641509433,0.03356688089557959,-0.19645884111765152,-0.14033361171253714,8,,,,,,,,,,,,,0.9364301972386587
3,xi_1,xi_0.05,loss_vs_linear,atomic,-0.0060745206551398034,0.10933472043997113,-0.09748063440349128,0.08533159309321167,8,0.9653531918149434,0.8221255301357746,1.1085808534941122,-0.3738736338912505,-0.47700861346788237,-0.27073865431461863,-0.41193706630940563,-0.5187077066793256,-0.3051664259394856,-0.3918847286968332,-0.49680711925991017,-0.28696233813375627,0.9364301972386587
3,xi_1,xi_0.05,loss_vs_linear,static_mh,-0.971427712470083,0.14953033395944923,-1.0964382000784603,-0.8464172248617057,8,,,,,,,,,,,,,0.9364301972386587
3,xi_1,xi_0.05,loss_vs_linear,static_lti_mh,0.3677991132361107,0.09218683861276986,0.29072898745693343,0.44486923901528796,8,,,,,,,,,,,,,0.9364301972386587
3,xi_1,xi_0.05,loss_vs_linear,static,0.4058625456542658,0.0979972275598787,0.3239348131524995,0.48779027815603215,8,,,,,,,,,,,,,0.9364301972386587
3,xi_1,xi_0.05,loss_vs_linear,static_lti,0.3858102080416934,0.09289984011406889,0.3081439980902767,0.4634764179931101,8,,,,,,,,,,,,,0.9364301972386587
3,xi_1,xi_0.05,loss_vs_linear,linear,0.0,0.0,0.0,0.0,8,,,,,,,,,,,,,0.9364301972386587
3,xi_2,xi_0.05,D_BLA,atomic,0.30605893739926004,0.03283839083499691,0.27860535562854927,0.3335125191699708,8,1.7052455405169673,1.6579610644984908,1.7525300165354438,0.21265075331093616,0.18452595242569642,0.2407755541961759,0.17942541932782818,0.15131379235793171,0.20753704629772465,0.18803557786767552,0.16003086483587647,0.21604029089947457,1.840155120315582
3,xi_2,xi_0.05,D_BLA,static_mh,-1.3991866031177072,0.03361163607046317,-1.4272866340828183,-1.371086572152596,8,,,,,,,,,,,,,1.840155120315582
3,xi_2,xi_0.05,D_BLA,static_lti_mh,0.09340818408832392,0.001744027631892167,0.09195014050016175,0.0948662276764861,8,,,,,,,,,,,,,1.840155120315582
3,xi_2,xi_0.05,D_BLA,static,0.1266335180714319,0.001398297698603318,0.12546451194073283,0.12780252420213095,8,,,,,,,,,,,,,1.840155120315582
3,xi_2,xi_0.05,D_BLA,static_lti,0.11802335953158455,0.001324817521799461,0.11691578436601857,0.11913093469715053,8,,,,,,,,,,,,,1.840155120315582
3,xi_2,xi_0.05,D_BLA,linear,-0.005753689542119851,0.00018323462575159797,-0.005906877522815177,-0.005600501561424525,8,,,,,,,,,,,,,1.840155120315582
3,xi_2,xi_0.05,AIR,atomic,0.5254825625498705,0.08793830348825045,0.4519643010210701,0.5990008240786708,8,-0.8917673031340605,-0.9706297388230695,-0.8129048674450515,0.48860022773586986,0.41861952020447823,0.5585809352672615,0.5267753592324074,0.4535382797708484,0.6000124386939664,0.5066575490951749,0.43570654519325064,0.5776085529970991,1.840155120315582
3,xi_2,xi_0.05,AIR,static_mh,1.417249865683931,0.028146863915289245,1.3937184985724849,1.440781232795377,8,,,,,,,,,,,,,1.840155120315582
3,xi_2,xi_0.05,AIR,static_lti_mh,0.03688233481400058,0.00915832024004426,0.02922578748633874,0.04453888214166242,8,,,,,,,,,,,,,1.840155120315582
3,xi_2,xi_0.05,AIR,static,-0.0012927966825369563,0.0011708097610616656,-0.002271618138032792,-0.0003139752270411207,8,,,,,,,,,,,,,1.840155120315582
3,xi_2,xi_0.05,AIR,static_lti,0.018825013454695505,0.005731142496896153,0.014033658422449179,0.023616368486941833,8,,,,,,,,,,,,,1.840155120315582
3,xi_2,xi_0.05,AIR,linear,0.4256968732465455,0.06737295784568555,0.3693716709354758,0.48202207555761517,8,,,,,,,,,,,,,1.840155120315582
3,xi_2,xi_0.05,EVM,atomic,0.0024365280670351763,0.060161456252170134,-0.04785970803548965,0.05273276416956,8,0.860230082673227,0.8014221157934381,0.9190380495530158,0.03796690121053667,0.00870050814275361,0.06723329427831973,-0.06642381075570675,-0.10513637330407793,-0.02771124820733556,0.007159907309401428,-0.025808596967336984,0.04012841158613984,1.840155120315582
3,xi_2,xi_0.05,EVM,static_mh,-0.8577935546061918,0.09419775228719908,-0.9365448462887832,-0.7790422629236003,8,,,,,,,,,,,,,1.840155120315582
3,xi_2,xi_0.05,EVM,static_lti_mh,-0.03553037314350149,0.03090421061014703,-0.06136693978003531,-0.009693806506967672,8,,,,,,,,,,,,,1.840155120315582
3,xi_2,xi_0.05,EVM,static,0.06886033882274192,0.016126099741770705,0.05537858205433413,0.08234209559114972,8,,,,,,,,,,,,,1.840155120315582
3,xi_2,xi_0.05,EVM,static_lti,-0.004723379242366252,0.026661265445672915,-0.027012754952072095,0.01756599646733959,8,,,,,,,,,,,,,1.840155120315582
3,xi_2,xi_0.05,EVM,linear,-0.2969110323111296,0.024902238339527226,-0.3177298245583839,-0.2760922400638753,8,,,,,,,,,,,,,1.840155120315582
3,xi_2,xi_0.05,SER,atomic,-0.2485849056603774,0.03633169226570228,-0.27895896051271685,-0.21821085080803793,8,0.0863207547169811,0.04897604527693044,0.12366546415703175,-0.2476415094339623,-0.2781323655434622,-0.21715065332446237,-0.2485849056603774,-0.27895896051271685,-0.21821085080803793,-0.2485849056603774,-0.27895896051271685,-0.21821085080803793,1.840155120315582
3,xi_2,xi_0.05,SER,static_mh,-0.33490566037735847,0.02620245565394013,-0.3568114615021271,-0.31299985925258983,8,,,,,,,,,,,,,1.840155120315582
3,xi_2,xi_0.05,SER,static_lti_mh,-0.000943396226415075,0.0017468303769293066,-0.0024037829680662896,0.0005169905152361397,8,,,,,,,,,,,,,1.840155120315582
3,xi_2,xi_0.05,SER,static,0.0,0.0,0.0,0.0,8,,,,,,,,,,,,,1.840155120315582
3,xi_2,xi_0.05,SER,static_lti,0.0,0.0,0.0,0.0,8,,,,,,,,,,,,,1.840155120315582
3,xi_2,xi_0.05,SER,linear,-0.16933962264150942,0.0329243931445569,-0.19686510414232083,-0.141814141140698,8,,,,,,,,,,,,,1.840155120315582
3,xi_2,xi_0.05,loss_vs_linear,atomic,-0.09978568930332496,0.08580104503960863,-0.17151715805413092,-0.028054220552518994,8,0.8917673031340606,0.8129048674450516,0.9706297388230696,-0.4886002277358697,-0.5585809352672615,-0.4186195202044779,-0.5267753592324076,-0.6000124386939666,-0.4535382797708486,-0.5066575490951748,-0.577608552997099,-0.4357065451932505,1.840155120315582
3,xi_2,xi_0.05,loss_vs_linear,static_mh,-0.9915529924373856,0.06843219823383506,-1.0487637418739835,-0.9343422430007877,8,,,,,,,,,,,,,1.840155120315582
3,xi_2,xi_0.05,loss_vs_linear,static_lti_mh,0.38881453843254477,0.05985342179722799,0.3387758255789344,0.43885325128615515,8,,,,,,,,,,,,,1.840155120315582
3,xi_2,xi_0.05,loss_vs_linear,static,0.4269896699290826,0.06631087998340107,0.37155238693128245,0.48242695292688276,8,,,,,,,,,,,,,1.840155120315582
3,xi_2,xi_0.05,loss_vs_linear,static_lti,0.40687185979184987,0.06289581627327186,0.3542896415044161,0.4594540780792836,8,,,,,,,,,,,,,1.840155120315582
3,xi_2,xi_0.05,loss_vs_linear,linear,0.0,0.0,0.0,0.0,8,,,,,,,,,,,,,1.840155120315582
3,xi_4,xi_0.05,D_BLA,atomic,0.3887906947104196,0.025382124334343226,0.3675707077315021,0.41001068168933713,8,1.8017931309545887,1.7630609741644854,1.840525287744692,0.2944406410969048,0.27353903078843883,0.3153422514053708,0.26024064595090207,0.2394662198438015,0.28101507205800264,0.2701182948552964,0.24930908082555514,0.2909275088850377,3.7745169822485205
3,xi_4,xi_0.05,D_BLA,static_mh,-1.4130024362441689,0.032648261485838534,-1.4402970659011674,-1.3857078065871704,8,,,,,,,,,,,,,3.7745169822485205
3,xi_4,xi_0.05,D_BLA,static_lti_mh,0.09435005361351481,0.0012778394968715973,0.09328175305964537,0.09541835416738426,8,,,,,,,,,,,,,3.7745169822485205
3,xi_4,xi_0.05,D_BLA,static,0.12855004875951756,0.0010621967758993871,0.12766203003197804,0.12943806748705708,8,,,,,,,,,,,,,3.7745169822485205
3,xi_4,xi_0.05,D_BLA,static_lti,0.11867239985512322,0.0013831228679057814,0.1175160802003695,0.11982871950987695,8,,,,,,,,,,,,,3.7745169822485205
3,xi_4,xi_0.05,D_BLA,linear,-0.0060990866950082255,0.00013840483992627012,-0.006214796036841399,-0.005983377353175052,8,,,,,,,,,,,,,3.7745169822485205
3,xi_4,xi_0.05,AIR,atomic,0.5958340627614062,0.10676764658103644,0.5065740764664928,0.6850940490563195,8,-0.8571452699646614,-0.9348205468244016,-0.7794699931049213,0.5589860486542111,0.47457004841292555,0.6434020488954966,0.5976174625615013,0.5086851341631587,0.6865497909598438,0.5771616019750213,0.49082773824051484,0.6634954657095278,3.7745169822485205
3,xi_4,xi_0.05,AIR,static_mh,1.4529793327260676,0.04141933613393067,1.418351901158088,1.4876067642940471,8,,,,,,,,,,,,,3.7745169822485205
3,xi_4,xi_0.05,AIR,static_lti_mh,0.03684801410719504,0.008690153819413926,0.02958286370198466,0.04411316451240543,8,,,,,,,,,,,,,3.7745169822485205
3,xi_4,xi_0.05,AIR,static,-0.0017833998000951479,0.0010089898111827406,-0.002626936391955131,-0.0009398632082351648,8,,,,,,,,,,,,,3.7745169822485205
3,xi_4,xi_0.05,AIR,static_lti,0.018672460786384876,0.005659363078924563,0.013941114849305204,0.023403806723464548,8,,,,,,,,,,,,,3.7745169822485205
3,xi_4,xi_0.05,AIR,linear,0.4313789034291297,0.07494455476082873,0.3687236876868533,0.4940341191714061,8,,,,,,,,,,,,,3.7745169822485205
3,xi_4,xi_0.05,EVM,atomic,0.06157087794633381,0.06577071394372436,0.0065851850588572874,0.11655657083381034,8,0.9262113796001821,0.8683336833584997,0.9840890758418644,0.08698261603954197,0.04168622525909672,0.13227900681998722,-0.015331103521218553,-0.06326659860046499,0.03260439155802788,0.055771173959883784,0.010164096372683576,0.10137825154708399,3.7745169822485205
3,xi_4,xi_0.05,EVM,static_mh,-0.8646405016538482,0.07929287598953351,-0.9309310049172884,-0.798349998390408,8,,,,,,,,,,,,,3.7745169822485205
3,xi_4,xi_0.05,EVM,static_lti_mh,-0.025411738093208153,0.029302057502458963,-0.04990887121206069,-0.0009146049743556164,8,,,,,,,,,,,,,3.7745169822485205
3,xi_4,xi_0.05,EVM,static,0.07690198146755237,0.017548107904171165,0.06223139612464957,0.09157256681045517,8,,,,,,,,,,,,,3.7745169822485205
3,xi_4,xi_0.05,EVM,static_lti,0.005799703986450029,0.025808578948756693,-0.015776807972242703,0.02737621594514276,8,,,,,,,,,,,,,3.7745169822485205
3,xi_4,xi_0.05,EVM,linear,-0.30255452250395626,0.025579686956581547,-0.32393967596839707,-0.28116936903951545,8,,,,,,,,,,,,,3.7745169822485205
3,xi_4,xi_0.05,SER,atomic,-0.2608490566037736,0.049343449161786554,-0.3021012124483992,-0.219596900759148,8,0.07877358490566036,0.0360317963528424,0.12151537345847832,-0.2599056603773585,-0.30132979051987185,-0.21848153023484518,-0.2608490566037736,-0.3021012124483992,-0.219596900759148,-0.2608490566037736,-0.3021012124483992,-0.219596900759148,3.7745169822485205
3,xi_4,xi_0.05,SER,static_mh,-0.339622641509434,0.029090539219907348,-0.3639429409187662,-0.3153023421001018,8,,,,,,,,,,,,,3.7745169822485205
3,xi_4,xi_0.05,SER,static_lti_mh,-0.000943396226415075,0.0017468303769293066,-0.0024037829680662896,0.0005169905152361397,8,,,,,,,,,,,,,3.7745169822485205
3,xi_4,xi_0.05,SER,static,0.0,0.0,0.0,0.0,8,,,,,,,,,,,,,3.7745169822485205
3,xi_4,xi_0.05,SER,static_lti,0.0,0.0,0.0,0.0,8,,,,,,,,,,,,,3.7745169822485205
3,xi_4,xi_0.05,SER,linear,-0.17028301886792452,0.033536565350089934,-0.19832028914020175,-0.1422457485956473,8,,,,,,,,,,,,,3.7745169822485205
3,xi_4,xi_0.05,loss_vs_linear,atomic,-0.1644551593322765,0.06157869594894421,-0.2159362374722686,-0.1129740811922844,8,0.8571452699646614,0.7794699931049212,0.9348205468244017,-0.5589860486542111,-0.6434020488954967,-0.4745700484129255,-0.5976174625615014,-0.6865497909598439,-0.5086851341631589,-0.5771616019750212,-0.6634954657095278,-0.4908277382405147,3.7745169822485205
3,xi_4,xi_0.05,loss_vs_linear,static_mh,-1.0216004292969378,0.06644776965462844,-1.077152154923839,-0.9660487036700366,8,,,,,,,,,,,,,3.7745169822485205
3,xi_4,xi_0.05,loss_vs_linear,static_lti_mh,0.3945308893219346,0.06801281728526554,0.33767075113247375,0.4513910275113954,8,,,,,,,,,,,,,3.7745169822485205
3,xi_4,xi_0.05,loss_vs_linear,static,0.43316230322922494,0.0743803801798519,0.3709787492400969,0.495345857218353,8,,,,,,,,,,,,,3.7745169822485205
3,xi_4,xi_0.05,loss_vs_linear,static_lti,0.41270644264274464,0.07087682491648341,0.3534519341538785,0.4719609511316108,8,,,,,,,,,,,,,3.7745169822485205
3,xi_4,xi_0.05,loss_vs_linear,linear,0.0,0.0,0.0,0.0,8,,,,,,,,,,,,,3.7745169822485205
6,xi_0.1,xi_0.05,D_BLA,atomic,-0.15723162061599044,0.017049846280984753,-0.17148564881746423,-0.14297759241451666,8,0.5189050813065808,0.4865698488861635,0.551240313726998,-0.27189380570090993,-0.2867459722102728,-0.25704163919154704,-0.28308352283801963,-0.29798036723387095,-0.2681866784421683,-0.2894921869005076,-0.30462536570341986,-0.27435900809759534,0.1003578856015779
6,xi_0.1,xi_0.05,D_BLA,static_mh,-0.6761367019225711,0.026980001735354628,-0.6986925478389335,-0.6535808560062087,8,,,,,,,,,,,,,0.1003578856015779
6,xi_0.1,xi_0.05,D_BLA,static_lti_mh,0.11466218508491947,0.0070542471485969226,0.10876468688234571,0.12055968328749324,8,,,,,,,,,,,,,0.1003578856015779
6,xi_0.1,xi_0.05,D_BLA,static,0.1258519022220292,0.005187407152495117,0.12151512131353166,0.1301886831305267,8,,,,,,,,,,,,,0.1003578856015779
6,xi_0.1,xi_0.05,D_BLA,static_lti,0.13226056628451718,0.00672998643234436,0.1266341568247932,0.13788697574424116,8,,,,,,,,,,,,,0.1003578856015779
6,xi_0.1,xi_0.05,D_BLA,linear,0.00013247387733554962,0.00019200886423968461,-2.8049550307185605e-05,0.00029299730497828484,8,,,,,,,,,,,,,0.1003578856015779
6,xi_0.1,xi_0.05,AIR,atomic,0.2122457799734351,0.1156387683267306,0.11556935030079714,0.3089222096460731,8,-0.18366763878194664,-0.3090588023752723,-0.058276475188620974,0.2983949750932618,0.20012545466095316,0.3966644955255704,0.3305062126316832,0.24080293021990412,0.42020949504346233,0.3509289207044746,0.2582119750907562,0.443645866318193,0.1003578856015779
6,xi_0.1,xi_0.05,AIR,static_mh,0.39591341875538166,0.07675738369655011,0.33174264009550647,0.46008419741525686,8,,,,,,,,,,,,,0.1003578856015779
6,xi_0.1,xi_0.05,AIR,static_lti_mh,-0.08614919511982672,0.03642253751863446,-0.11659919850424823,-0.055699191735405204,8,,,,,,,,,,,,,0.1003578856015779
6,xi_0.1,xi_0.05,AIR,static,-0.11826043265824818,0.01943085588936581,-0.13450503470692987,-0.10201583060956647,8,,,,,,,,,,,,,0.1003578856015779
6,xi_0.1,xi_0.05,AIR,static_lti,-0.13868314073103952,0.027321404492029452,-0.1615244064946841,-0.11584187496739493,8,,,,,,,,,,,,,0.1003578856015779
6,xi_0.1,xi_0.05,AIR,linear,0.23935141178131894,0.06716499653444699,0.18320006947733422,0.2955027540853037,8,,,,,,,,,,,,,0.1003578856015779
6,xi_0.1,xi_0.05,EVM,atomic,-0.21073464555747828,0.1336819230393746,-0.32249553006208836,-0.09897376105286822,8,0.08798231086401999,-0.043363020707997205,0.2193276424360372,-0.23072682562417035,-0.371528984263796,-0.08992466698454468,-0.329526364720997,-0.4554348302229711,-0.2036178992190229,-0.24916290522069479,-0.38118710729298555,-0.11713870314840405,0.1003578856015779
6,xi_0.1,xi_0.05,EVM,static_mh,-0.2987169564214983,0.12435971435529677,-0.4026842794304212,-0.19474963341257548,8,,,,,,,,,,,,,0.1003578856015779
6,xi_0.1,xi_0.05,EVM,static_lti_mh,0.019992180066692053,0.08884732921357161,-0.05428604598677644,0.09427040612016055,8,,,,,,,,,,,,,0.1003578856015779
6,xi_0.1,xi_0.05,EVM,static,0.11879171916351869,0.06518704245499136,0.0642939878519817,0.17328945047505567,8,,,,,,,,,,,,,0.1003578856015779
6,xi_0.1,xi_0.05,EVM,static_lti,0.038428259663216474,0.07981932057443843,-0.028302362287282903,0.10515888161371585,8,,,,,,,,,,,,,0.1003578856015779
6,xi_0.1,xi_0.05,EVM,linear,-0.09369743541028847,0.02962655456075229,-0.11846585485888152,-0.06892901596169541,8,,,,,,,,,,,,,0.1003578856015779
6,xi_0.1,xi_0.05,SER,atomic,-0.1377358490566038,0.07027962690127122,-0.19649108751039682,-0.07898061060281078,8,-0.021698113207547175,-0.09492647321841487,0.05153024680332051,-0.1400943396226415,-0.20371621275240004,-0.07647246649288299,-0.1377358490566038,-0.19649108751039682,-0.07898061060281078,-0.1495283018867924,-0.2080395309444693,-0.09101707282911549,0.1003578856015779
6,xi_0.1,xi_0.05,SER,static_mh,-0.1160377358490566,0.024847600380574653,-0.1368108496195114,-0.09526462207860183,8,,,,,,,,,,,,,0.1003578856015779
6,xi_0.1,xi_0.05,SER,static_lti_mh,0.002358490566037724,0.019128922583209584,-0.013633688921760544,0.018350670053835994,8,,,,,,,,,,,,,0.1003578856015779
6,xi_0.1,xi_0.05,SER,static,0.0,0.0,0.0,0.0,8,,,,,,,,,,,,,0.1003578856015779
6,xi_0.1,xi_0.05,SER,static_lti,0.011792452830188625,0.009765078669938991,0.003628642760759594,0.019956262899617654,8,,,,,,,,,,,,,0.1003578856015779
6,xi_0.1,xi_0.05,SER,linear,-0.10424528301886793,0.03207943530291029,-0.13106436208616767,-0.07742620395156818,8,,,,,,,,,,,,,0.1003578856015779
6,xi_0.1,xi_0.05,loss_vs_linear,atomic,0.027105631807883848,0.07823619615859467,-0.03830146500942734,0.09251272862519504,8,0.1836676387819467,0.058276475188620974,0.3090588023752724,-0.2983949750932618,-0.3966644955255704,-0.20012545466095316,-0.3305062126316832,-0.4202094950434624,-0.24080293021990407,-0.35092892070447457,-0.44364586631819286,-0.2582119750907563,0.1003578856015779
6,xi_0.1,xi_0.05,loss_vs_linear,static_mh,-0.15656200697406283,0.11541901551745072,-0.2530547187005559,-0.06006929524756975,8,,,,,,,,,,,,,0.1003578856015779
6,xi_0.1,xi_0.05,loss_vs_linear,static_lti_mh,0.32550060690114563,0.06612662329297347,0.27021736635149324,0.380783847450798,8,,,,,,,,,,,,,0.1003578856015779
6,xi_0.1,xi_0.05,loss_vs_linear,static,0.35761184443956706,0.062026606058642776,0.3057563040768575,0.4094673848022766,8,,,,,,,,,,,,,0.1003578856015779
6,xi_0.1,xi_0.05,loss_vs_linear,static_lti,0.3780345525123584,0.06200638269703322,0.32619591930306013,0.42987318572165667,8,,,,,,,,,,,,,0.1003578856015779
6,xi_0.1,xi_0.05,loss_vs_linear,linear,0.0,0.0,0.0,0.0,8,,,,,,,,,,,,,0.1003578856015779
6,xi_0.25,xi_0.05,D_BLA,atomic,-0.15689591658483062,0.01704195894923781,-0.17114335081194812,-0.14264848235771313,8,0.6375355322589727,0.6021764148745264,0.672894649643419,-0.4849016888145632,-0.49854903160998226,-0.4712543460191441,-0.49493193980350414,-0.5092177281845368,-0.4806461514224715,-0.515784580003426,-0.5286917649678589,-0.5028773950389931,0.23901645364891516
6,xi_0.25,xi_0.05,D_BLA,static_mh,-0.7944314488438033,0.03400955397719076,-0.8228641475040298,-0.7659987501835769,8,,,,,,,,,,,,,0.23901645364891516
6,xi_0.25,xi_0.05,D_BLA,static_lti_mh,0.3280057722297326,0.0064468646870991944,0.3226160584724019,0.3333954859870633,8,,,,,,,,,,,,,0.23901645364891516
6,xi_0.25,xi_0.05,D_BLA,static,0.33803602321867354,0.005917170139066886,0.33308914518557103,0.34298290125177605,8,,,,,,,,,,,,,0.23901645364891516
6,xi_0.25,xi_0.05,D_BLA,static_lti,0.35888866341859527,0.006310752418082792,0.3536127423658528,0.36416458447133776,8,,,,,,,,,,,,,0.23901645364891516
6,xi_0.25,xi_0.05,D_BLA,linear,-0.0018033014144794375,0.00017581668996151286,-0.0019502878456589467,-0.0016563149832999283,8,,,,,,,,,,,,,0.23901645364891516
6,xi_0.25,xi_0.05,AIR,atomic,0.4130749804505339,0.1442351024102203,0.29249141720218574,0.5336585436988821,8,-0.3600472613669558,-0.4872468456130359,-0.23284767712087576,0.34721095454811823,0.24874229166666337,0.44567961742957307,0.5394646762738394,0.440558970181792,0.6383703823658868,0.4339908630521047,0.3343963053594268,0.5335854207447827,0.23901645364891516
6,xi_0.25,xi_0.05,AIR,static_mh,0.7731222418174897,0.04072943812502458,0.7390715794187463,0.807172904216233,8,,,,,,,,,,,,,0.23901645364891516
6,xi_0.25,xi_0.05,AIR,static_lti_mh,0.06586402590241561,0.03801120876231676,0.034085860120684194,0.09764219168414702,8,,,,,,,,,,,,,0.23901645364891516
6,xi_0.25,xi_0.05,AIR,static,-0.12638969582330553,0.04007274597137118,-0.15989134984252457,-0.0928880418040865,8,,,,,,,,,,,,,0.23901645364891516
6,xi_0.25,xi_0.05,AIR,static_lti,-0.020915882601570845,0.04201332530010814,-0.05603990153969611,0.01420813633655442,8,,,,,,,,,,,,,0.23901645364891516
6,xi_0.25,xi_0.05,AIR,linear,0.37261790392869926,0.10335311445831968,0.2862125379259538,0.4590232699314447,8,,,,,,,,,,,,,0.23901645364891516
6,xi_0.25,xi_0.05,EVM,atomic,-0.320025437096384,0.10257922116924195,-0.40578381211835163,-0.23426706207441633,8,0.19848757132550116,0.06690174925500755,0.33007339339599473,-0.24354093209307548,-0.3312585939217895,-0.15582327026436144,-0.43508167372259793,-0.5146177200764402,-0.3555456273687556,-0.27155325048753204,-0.3581536276633973,-0.1849528733116668,0.23901645364891516
6,xi_0.25,xi_0.05,EVM,static_mh,-0.5185130084218852,0.14102373304349541,-0.6364117996925706,-0.4006142171511998,8,,,,,,,,,,,,,0.23901645364891516
6,xi_0.25,xi_0.05,EVM,static_lti_mh,-0.07648450500330854,0.07676977515379567,-0.1406656431806905,-0.012303366825926587,8,,,,,,,,,,,,,0.23901645364891516
6,xi_0.25,xi_0.05,EVM,static,0.11505623662621389,0.05515926023541394,0.06894194104779006,0.16117053220463773,8,,,,,,,,,,,,,0.23901645364891516
6,xi_0.25,xi_0.05,EVM,static_lti,-0.048472186608852,0.07604469680247564,-0.11204714411470963,0.015102770897005638,8,,,,,,,,,,,,,0.23901645364891516
6,xi_0.25,xi_0.05,EVM,linear,-0.20138085005180267,0.02654270679906369,-0.2235711082525031,-0.17919059185110225,8,,,,,,,,,,,,,0.23901645364891516
6,xi_0.25,xi_0.05,SER,atomic,-0.2033018867924528,0.06962348153972084,-0.2615085739963594,-0.14509519958854622,8,0.02594339622641514,-0.04854945083230168,0.10043624328513197,-0.19009433962264152,-0.24935407926512126,-0.13083459998016178,-0.2033018867924528,-0.2615085739963594,-0.14509519958854622,-0.210377358490566,-0.2714056839112652,-0.14934903306986677,0.23901645364891516
6,xi_0.25,xi_0.05,SER,static_mh,-0.22924528301886793,0.032194167570708664,-0.2561602806624331,-0.2023302853753027,8,,,,,,,,,,,,,0.23901645364891516
6,xi_0.25,xi_0.05,SER,static_lti_mh,-0.0132075471698113,0.009881564840875115,-0.021468742115223465,-0.004946352224399136,8,,,,,,,,,,,,,0.23901645364891516
6,xi_0.25,xi_0.05,SER,static,0.0,0.0,0.0,0.0,8,,,,,,,,,,,,,0.23901645364891516
6,xi_0.25,xi_0.05,SER,static_lti,0.007075471698113175,0.0055008980140049965,0.0024766058706536696,0.011674337525572679,8,,,,,,,,,,,,,0.23901645364891516
6,xi_0.25,xi_0.05,SER,linear,-0.1556603773584906,0.03646094344204668,-0.18614248889839924,-0.12517826581858194,8,,,,,,,,,,,,,0.23901645364891516
6,xi_0.25,xi_0.05,loss_vs_linear,atomic,-0.04045707652183449,0.08221577180039151,-0.10919118183489582,0.028277028791226844,8,0.3600472613669558,0.2328476771208757,0.4872468456130359,-0.34721095454811823,-0.4456796174295732,-0.2487422916666633,-0.5394646762738392,-0.6383703823658866,-0.4405589701817918,-0.43399086305210455,-0.5335854207447823,-0.3343963053594267,0.23901645364891516
6,xi_0.25,xi_0.05,loss_vs_linear,static_mh,-0.4005043378887903,0.09598718892737702,-0.48075163604050125,-0.32025703973707936,8,,,,,,,,,,,,,0.23901645364891516
6,xi_0.25,xi_0.05,loss_vs_linear,static_lti_mh,0.30675387802628373,0.071944430506264,0.2466068289283122,0.36690092712425526,8,,,,,,,,,,,,,0.23901645364891516
6,xi_0.25,xi_0.05,loss_vs_linear,static,0.4990075997520047,0.0811526766166001,0.4311622642542768,0.5668529352497327,8,,,,,,,,,,,,,0.23901645364891516
6,xi_0.25,xi_0.05,loss_vs_linear,static_lti,0.3935337865302701,0.07950023718158586,0.3270699249719401,0.4599976480886001,8,,,,,,,,,,,,,0.23901645364891516
6,xi_0.25,xi_0.05,loss_vs_linear,linear,0.0,0.0,0.0,0.0,8,,,,,,,,,,,,,0.23901645364891516
6,xi_0.5,xi_0.05,D_BLA,atomic,-0.03429696087963613,0.02169290395020319,-0.0524326824329098,-0.01616123932636246,8,0.7530129494938551,0.7208361239932953,0.7851897749944149,-0.485668946952176,-0.5061170356275548,-0.46522085827679716,-0.505581646764311,-0.5240531036539834,-0.48711018987463867,-0.5207174298159956,-0.5397970115583555,-0.5016378480736357,0.47201599605522676
6,xi_0.5,xi_0.05,D_BLA,static_mh,-0.7873099103734913,0.028950273541710418,-0.8115129447412642,-0.7631068760057184,8,,,,,,,,,,,,,0.47201599605522676
6,xi_0.5,xi_0.05,D_BLA,static_lti_mh,0.4513719860725399,0.011409800963198852,0.44183315375567483,0.460910818389405,8,,,,,,,,,,,,,0.47201599605522676
6,xi_0.5,xi_0.05,D_BLA,static,0.471284685884675,0.00830985379326094,0.46433747425782484,0.4782318975115251,8,,,,,,,,,,,,,0.47201599605522676
6,xi_0.5,xi_0.05,D_BLA,static_lti,0.48642046893635943,0.011594439728042978,0.4767272747491408,0.4961136631235781,8,,,,,,,,,,,,,0.47201599605522676
6,xi_0.5,xi_0.05,D_BLA,linear,-0.004047206724515388,0.00019247670813467288,-0.00420812127944239,-0.003886292169588386,8,,,,,,,,,,,,,0.47201599605522676
6,xi_0.5,xi_0.05,AIR,atomic,0.5181088748216198,0.1373081470726865,0.40331639115864454,0.6329013584845951,8,-0.4572097852135507,-0.6088181097540456,-0.3056014606730558,0.43458784531289607,0.30913296175139116,0.560042728874401,0.6729036490509289,0.5542039635507933,0.7916033345510646,0.5319652994616405,0.41248093353042503,0.651449665392856,0.47201599605522676
6,xi_0.5,xi_0.05,AIR,static_mh,0.9753186600351704,0.05458196627485913,0.9296869942857009,1.02095032578464,8,,,,,,,,,,,,,0.47201599605522676
6,xi_0.5,xi_0.05,AIR,static_lti_mh,0.08352102950872375,0.0407586936310967,0.04944590889483125,0.11759615012261626,8,,,,,,,,,,,,,0.47201599605522676
6,xi_0.5,xi_0.05,AIR,static,-0.15479477422930912,0.031360805933450295,-0.18101306410884277,-0.12857648434977548,8,,,,,,,,,,,,,0.47201599605522676
6,xi_0.5,xi_0.05,AIR,static_lti,-0.013856424640020681,0.03539977165383787,-0.04345137436354354,0.01573852508350218,8,,,,,,,,,,,,,0.47201599605522676
6,xi_0.5,xi_0.05,AIR,linear,0.39637926076524,0.10930919961268361,0.3049944829624382,0.4877640385680418,8,,,,,,,,,,,,,0.47201599605522676
6,xi_0.5,xi_0.05,EVM,atomic,-0.32814685780669584,0.11351273426311896,-0.42304587852205705,-0.23324783709133462,8,0.2295649066641586,0.10001529556424019,0.359114517764077,-0.26229592755109254,-0.3608727246732379,-0.1637191304289472,-0.47944061127575455,-0.5718665294778618,-0.38701469307364733,-0.2942527507682745,-0.3867930236347906,-0.2017124779017584,0.47201599605522676
6,xi_0.5,xi_0.05,EVM,static_mh,-0.5577117644708545,0.14661747197369607,-0.6802870385173222,-0.43513649042438673,8,,,,,,,,,,,,,0.47201599605522676
6,xi_0.5,xi_0.05,EVM,static_lti_mh,-0.06585093025560332,0.06779097819222712,-0.1225256063220487,-0.009176254189157941,8,,,,,,,,,,,,,0.47201599605522676
6,xi_0.5,xi_0.05,EVM,static,0.1512937534690587,0.05428454615398283,0.1059107371631554,0.196676769774962,8,,,,,,,,,,,,,0.47201599605522676
6,xi_0.5,xi_0.05,EVM,static_lti,-0.03389410703842129,0.06431611120585866,-0.08766372160438224,0.019875507527539665,8,,,,,,,,,,,,,0.47201599605522676
6,xi_0.5,xi_0.05,EVM,linear,-0.2446280297615953,0.0320502438358658,-0.2714227041517128,-0.21783335537147783,8,,,,,,,,,,,,,0.47201599605522676
6,xi_0.5,xi_0.05,SER,atomic,-0.25566037735849056,0.06342542005272304,-0.3086853554857196,-0.20263539923126148,8,0.019811320754717004,-0.047149176425207384,0.0867718179346414,-0.2325471698113208,-0.29002874144492563,-0.17506559817771594,-0.25566037735849056,-0.3086853554857196,-0.20263539923126148,-0.2584905660377358,-0.3117095916764423,-0.20527154039902928,0.47201599605522676
6,xi_0.5,xi_0.05,SER,static_mh,-0.2754716981132076,0.02964469452262538,-0.3002552829494441,-0.2506881132769711,8,,,,,,,,,,,,,0.47201599605522676
6,xi_0.5,xi_0.05,SER,static_lti_mh,-0.023113207547169775,0.0114879831919817,-0.03271740184299694,-0.013509013251342603,8,,,,,,,,,,,,,0.47201599605522676
6,xi_0.5,xi_0.05,SER,static,0.0,0.0,0.0,0.0,8,,,,,,,,,,,,,0.47201599605522676
6,xi_0.5,xi_0.05,SER,static_lti,0.0028301886792452503,0.0039060314679755723,-0.00043533534852634127,0.006095712707016842,8,,,,,,,,,,,,,0.47201599605522676
6,xi_0.5,xi_0.05,SER,linear,-0.16556603773584905,0.03419729992526765,-0.19415569593661897,-0.13697637953507913,8,,,,,,,,,,,,,0.47201599605522676
6,xi_0.5,xi_0.05,loss_vs_linear,atomic,-0.12172961405637973,0.12639868202868998,-0.22740155669878592,-0.01605767141397353,8,0.4572097852135507,0.30560146067305594,0.6088181097540455,-0.43458784531289596,-0.5600427288744008,-0.30913296175139116,-0.6729036490509288,-0.7916033345510644,-0.5542039635507933,-0.5319652994616404,-0.6514496653928558,-0.41248093353042503,0.47201599605522676
6,xi_0.5,xi_0.05,loss_vs_linear,static_mh,-0.5789393992699304,0.1328751078195977,-0.6900257693709178,-0.4678530291689431,8,,,,,,,,,,,,,0.47201599605522676
6,xi_0.5,xi_0.05,loss_vs_linear,static_lti_mh,0.31285823125651624,0.09298846524670241,0.23511792884003574,0.39059853367299674,8,,,,,,,,,,,,,0.47201599605522676
6,xi_0.5,xi_0.05,loss_vs_linear,static,0.5511740349945491,0.08721022764091263,0.4782644601066564,0.6240836098824418,8,,,,,,,,,,,,,0.47201599605522676
6,xi_0.5,xi_0.05,loss_vs_linear,static_lti,0.4102356854052607,0.09404841877421895,0.3316092396638211,0.48886213114670024,8,,,,,,,,,,,,,0.47201599605522676
6,xi_0.5,xi_0.05,loss_vs_linear,linear,0.0,0.0,0.0,0.0,8,,,,,,,,,,,,,0.47201599605522676
6,xi_1,xi_0.05,D_BLA,atomic,0.0557480157967785,0.0304188468643455,0.030317223406335327,0.08117880818722167,8,0.8546837561042717,0.816974197568604,0.8923933146399394,-0.43634905920462774,-0.4587128568096459,-0.4139852615996096,-0.4696822373459437,-0.49146768053283957,-0.4478967941590479,-0.4729080265197645,-0.49515791550495414,-0.45065813753457484,0.9364301972386587
6,xi_1,xi_0.05,D_BLA,static_mh,-0.7989357403074931,0.030353087354105048,-0.8243115563715792,-0.7735599242434071,8,,,,,,,,,,,,,0.9364301972386587
6,xi_1,xi_0.05,D_BLA,static_lti_mh,0.49209707500140626,0.007272576003789738,0.48601704930809586,0.49817710069471666,8,,,,,,,,,,,,,0.9364301972386587
6,xi_1,xi_0.05,D_BLA,static,0.5254302531427223,0.007860873632529356,0.5188583983236404,0.5320021079618041,8,,,,,,,,,,,,,0.9364301972386587
6,xi_1,xi_0.05,D_BLA,static_lti,0.528656042316543,0.007920444460822195,0.5220343850386895,0.5352776995943964,8,,,,,,,,,,,,,0.9364301972386587
6,xi_1,xi_0.05,D_BLA,linear,-0.005163011455832813,0.00018098759734833344,-0.0053143208737715135,-0.005011702037894112,8,,,,,,,,,,,,,0.9364301972386587
6,xi_1,xi_0.05,AIR,atomic,0.5542333834679318,0.16911250788130325,0.4128517887698929,0.6956149781659707,8,-0.4844099807303892,-0.6399722314570151,-0.32884773000376327,0.4754612815315021,0.34611685745373877,0.6048057056092654,0.7344176108174951,0.6016296610772235,0.8672055605577668,0.5753582729620887,0.4487819169357171,0.7019346289884604,0.9364301972386587
6,xi_1,xi_0.05,AIR,static_mh,1.0386433641983208,0.047950575391826976,0.9985556799665707,1.078731048430071,8,,,,,,,,,,,,,0.9364301972386587
6,xi_1,xi_0.05,AIR,static_lti_mh,0.07877210193642967,0.028642181086241506,0.054826639307224964,0.10271756456563437,8,,,,,,,,,,,,,0.9364301972386587
6,xi_1,xi_0.05,AIR,static,-0.1801842273495633,0.018689970980230033,-0.19580943411368776,-0.16455902058543884,8,,,,,,,,,,,,,0.9364301972386587
6,xi_1,xi_0.05,AIR,static_lti,-0.021124889494156973,0.029863684643255672,-0.04609155465287064,0.0038417756645566896,8,,,,,,,,,,,,,0.9364301972386587
6,xi_1,xi_0.05,AIR,linear,0.40227567396918246,0.09860788112689427,0.3198374223095233,0.48471392562884164,8,,,,,,,,,,,,,0.9364301972386587
6,xi_1,xi_0.05,EVM,atomic,-0.27399582366449393,0.09722545528602046,-0.35527833839858103,-0.19271330893040683,8,0.29639246034526606,0.207840645503288,0.3849442751872441,-0.22801715393853356,-0.30443844616283916,-0.15159586171422795,-0.4584848869589178,-0.5302773236097056,-0.38669245030813,-0.26359907012043804,-0.3307596731144502,-0.1964384671264259,0.9364301972386587
6,xi_1,xi_0.05,EVM,static_mh,-0.5703882840097599,0.07968506261577335,-0.63700666349792,-0.5037699045215999,8,,,,,,,,,,,,,0.9364301972386587
6,xi_1,xi_0.05,EVM,static_lti_mh,-0.0459786697259604,0.04949881947588525,-0.08736071840377269,-0.0045966210481481265,8,,,,,,,,,,,,,0.9364301972386587
6,xi_1,xi_0.05,EVM,static,0.18448906329442388,0.03259482115576916,0.15723911087142214,0.21173901571742562,8,,,,,,,,,,,,,0.9364301972386587
6,xi_1,xi_0.05,EVM,static_lti,-0.01039675354405592,0.04420390448933656,-0.0473521425148628,0.026558635426750958,8,,,,,,,,,,,,,0.9364301972386587
6,xi_1,xi_0.05,EVM,linear,-0.27332296477785883,0.02227740501625693,-0.2919473414510683,-0.25469858810464935,8,,,,,,,,,,,,,0.9364301972386587
6,xi_1,xi_0.05,SER,atomic,-0.2660377358490566,0.07584811789525203,-0.3294483492757242,-0.202627122422389,8,0.030660377358490587,-0.04632915623377026,0.10764991095075144,-0.23962264150943402,-0.30178779039983417,-0.17745749261903385,-0.2660377358490566,-0.3294483492757242,-0.202627122422389,-0.2669811320754717,-0.33036371127581365,-0.2035985528751297,0.9364301972386587
6,xi_1,xi_0.05,SER,static_mh,-0.2966981132075472,0.03276956325695332,-0.3240941536830284,-0.26930207273206597,8,,,,,,,,,,,,,0.9364301972386587
6,xi_1,xi_0.05,SER,static_lti_mh,-0.0264150943396226,0.011587161865339417,-0.0361022040813563,-0.0167279845978889,8,,,,,,,,,,,,,0.9364301972386587
6,xi_1,xi_0.05,SER,static,0.0,0.0,0.0,0.0,8,,,,,,,,,,,,,0.9364301972386587
6,xi_1,xi_0.05,SER,static_lti,0.000943396226415075,0.0017468303769293066,-0.0005169905152361397,0.0024037829680662896,8,,,,,,,,,,,,,0.9364301972386587
6,xi_1,xi_0.05,SER,linear,-0.16745283018867924,0.03289348546992499,-0.19495247222685944,-0.13995318815049904,8,,,,,,,,,,,,,0.9364301972386587
6,xi_1,xi_0.05,loss_vs_linear,atomic,-0.15195770949874932,0.12834510144812658,-0.25925689949807085,-0.04465851949942777,8,0.48440998073038916,0.32884773000376327,0.6399722314570151,-0.4754612815315019,-0.6048057056092652,-0.34611685745373866,-0.7344176108174949,-0.8672055605577664,-0.6016296610772234,-0.5753582729620886,-0.7019346289884603,-0.448781916935717,0.9364301972386587
6,xi_1,xi_0.05,loss_vs_linear,static_mh,-0.6363676902291384,0.12150645809737173,-0.737949631311665,-0.5347857491466118,8,,,,,,,,,,,,,0.9364301972386587
6,xi_1,xi_0.05,loss_vs_linear,static_lti_mh,0.3235035720327526,0.08725893942618616,0.25055327307324127,0.3964538709922639,8,,,,,,,,,,,,,0.9364301972386587
6,xi_1,xi_0.05,loss_vs_linear,static,0.5824599013187456,0.08512928320793729,0.5112900395135691,0.6536297631239221,8,,,,,,,,,,,,,0.9364301972386587
6,xi_1,xi_0.05,loss_vs_linear,static_lti,0.4234005634633393,0.07596126159601206,0.35989535953568574,0.4869057673909929,8,,,,,,,,,,,,,0.9364301972386587
6,xi_1,xi_0.05,loss_vs_linear,linear,0.0,0.0,0.0,0.0,8,,,,,,,,,,,,,0.9364301972386587
6,xi_2,xi_0.05,D_BLA,atomic,0.1676486468298077,0.034903065340853065,0.1384689539758457,0.19682833968376973,8,0.9781168643246125,0.9419575934480519,1.014276135201173,-0.3321449982150232,-0.36184981702458313,-0.30244017940546325,-0.37650392240293473,-0.40552840166695353,-0.34747944313891593,-0.3702575656783443,-0.3992413101987993,-0.34127382115788923,1.840155120315582
6,xi_2,xi_0.05,D_BLA,static_mh,-0.8104682174948048,0.027477430537838653,-0.833439924297065,-0.7874965106925446,8,,,,,,,,,,,,,1.840155120315582
6,xi_2,xi_0.05,D_BLA,static_lti_mh,0.4997936450448309,0.007883195309809566,0.49320312883653694,0.5063841612531249,8,,,,,,,,,,,,,1.840155120315582
6,xi_2,xi_0.05,D_BLA,static,0.5441525692327425,0.00715070973437571,0.5381744262903031,0.5501307121751818,8,,,,,,,,,,,,,1.840155120315582
6,xi_2,xi_0.05,D_BLA,static_lti,0.537906212508152,0.007370890434561198,0.5317439938938184,0.5440684311224855,8,,,,,,,,,,,,,1.840155120315582
6,xi_2,xi_0.05,D_BLA,linear,-0.005753689542119125,0.00018323462575092083,-0.005906877522813885,-0.005600501561424365,8,,,,,,,,,,,,,1.840155120315582
6,xi_2,xi_0.05,AIR,atomic,0.6745912817474113,0.11452870748580306,0.5788428861620707,0.770339677332752,8,-0.39738338791413974,-0.5037432283632644,-0.2910235474650152,0.5862955801634706,0.487300413562997,0.6852907467639442,0.8545969713139826,0.7667489420435882,0.942445000584377,0.6893195569295363,0.6002987915202993,0.7783403223387733,1.840155120315582
6,xi_2,xi_0.05,AIR,static_mh,1.071974669661551,0.05058197141642968,1.02968708330014,1.1142622560229622,8,,,,,,,,,,,,,1.840155120315582
6,xi_2,xi_0.05,AIR,static_lti_mh,0.08829570158394068,0.04086019582011372,0.054135723016438736,0.12245568015144262,8,,,,,,,,,,,,,1.840155120315582
6,xi_2,xi_0.05,AIR,static,-0.18000568956657131,0.0277150982181829,-0.20317609152199456,-0.15683528761114807,8,,,,,,,,,,,,,1.840155120315582
6,xi_2,xi_0.05,AIR,static_lti,-0.014728275182125022,0.03595157878997287,-0.04478454721616132,0.01532799685191127,8,,,,,,,,,,,,,1.840155120315582
6,xi_2,xi_0.05,AIR,linear,0.42419220229905724,0.06793093658447845,0.36740051808853214,0.48098388650958235,8,,,,,,,,,,,,,1.840155120315582
6,xi_2,xi_0.05,EVM,atomic,-0.25024131330080934,0.09875819025364405,-0.3328052265351432,-0.1676774000664755,8,0.3515344523231787,0.2598180005735411,0.4432509040728163,-0.18219162787832238,-0.2534963816385799,-0.11088687411806487,-0.4188236629287524,-0.4851573688192967,-0.35248995703820807,-0.2165177416500883,-0.27695681065350686,-0.15607867264666972,1.840155120315582
6,xi_2,xi_0.05,EVM,static_mh,-0.6017757656239879,0.11950698871960841,-0.7016861084745465,-0.5018654227734294,8,,,,,,,,,,,,,1.840155120315582
6,xi_2,xi_0.05,EVM,static_lti_mh,-0.06804968542248692,0.05819225316730443,-0.11669962654712625,-0.01939974429784759,8,,,,,,,,,,,,,1.840155120315582
6,xi_2,xi_0.05,EVM,static,0.16858234962794308,0.03977518336883691,0.1353294641699373,0.20183523508594886,8,,,,,,,,,,,,,1.840155120315582
6,xi_2,xi_0.05,EVM,static_lti,-0.03372357165072101,0.05237492717584662,-0.0775101065385613,0.010062963237119284,8,,,,,,,,,,,,,1.840155120315582
6,xi_2,xi_0.05,EVM,linear,-0.29876540749760905,0.025039685008471594,-0.3196991080357091,-0.277831706959509,8,,,,,,,,,,,,,1.840155120315582
6,xi_2,xi_0.05,SER,atomic,-0.3075471698113208,0.04953118975023253,-0.3489562807157263,-0.2661380589069153,8,-0.0004716981132075332,-0.05988718765591406,0.058943791429498994,-0.28018867924528307,-0.32460460800458557,-0.2357727504859806,-0.3075471698113208,-0.3489562807157263,-0.2661380589069153,-0.30849056603773584,-0.34999399329166736,-0.2669871387838043,1.840155120315582
6,xi_2,xi_0.05,SER,static_mh,-0.3070754716981132,0.0305195813478689,-0.33259048022431154,-0.2815604631719149,8,,,,,,,,,,,,,1.840155120315582
6,xi_2,xi_0.05,SER,static_lti_mh,-0.027358490566037712,0.008734151884646714,-0.03466042427429394,-0.020056556857781488,8,,,,,,,,,,,,,1.840155120315582
6,xi_2,xi_0.05,SER,static,0.0,0.0,0.0,0.0,8,,,,,,,,,,,,,1.840155120315582
6,xi_2,xi_0.05,SER,static_lti,0.000943396226415075,0.0017468303769293066,-0.0005169905152361397,0.0024037829680662896,8,,,,,,,,,,,,,1.840155120315582
6,xi_2,xi_0.05,SER,linear,-0.16886792452830188,0.03206754301879345,-0.19567706139727398,-0.14205878765932978,8,,,,,,,,,,,,,1.840155120315582
6,xi_2,xi_0.05,loss_vs_linear,atomic,-0.2503990794483539,0.10421771738819922,-0.33752727158938095,-0.1632708873073268,8,0.3973833879141398,0.2910235474650152,0.5037432283632644,-0.5862955801634705,-0.6852907467639442,-0.48730041356299686,-0.8545969713139824,-0.9424450005843769,-0.7667489420435879,-0.6893195569295363,-0.7783403223387733,-0.6002987915202993,1.840155120315582
6,xi_2,xi_0.05,loss_vs_linear,static_mh,-0.6477824673624937,0.059178465159121896,-0.6972569023454545,-0.5983080323795329,8,,,,,,,,,,,,,1.840155120315582
6,xi_2,xi_0.05,loss_vs_linear,static_lti_mh,0.33589650071511656,0.0477653200348862,0.2959636938376129,0.37582930759262023,8,,,,,,,,,,,,,1.840155120315582
6,xi_2,xi_0.05,loss_vs_linear,static,0.6041978918656286,0.05026414188944466,0.5621760176382885,0.6462197660929686,8,,,,,,,,,,,,,1.840155120315582
6,xi_2,xi_0.05,loss_vs_linear,static_lti,0.43892047748118224,0.051197684866007565,0.3961181417941951,0.4817228131681694,8,,,,,,,,,,,,,1.840155120315582
6,xi_2,xi_0.05,loss_vs_linear,linear,0.0,0.0,0.0,0.0,8,,,,,,,,,,,,,1.840155120315582
6,xi_4,xi_0.05,D_BLA,atomic,0.28324588043476717,0.027931453853675858,0.25989460064155934,0.306597160227975,8,1.102128883860432,1.062639640812647,1.1416181269082168,-0.22031358413128627,-0.24179141693959794,-0.1988357513229746,-0.27233671877748633,-0.2948354581005596,-0.24983797945441305,-0.2586118994158173,-0.27937812991478006,-0.23784566891685452,3.7745169822485205
6,xi_4,xi_0.05,D_BLA,static_mh,-0.8188830034256646,0.027908487544579478,-0.8422150829039752,-0.7955509239473539,8,,,,,,,,,,,,,3.7745169822485205
6,xi_4,xi_0.05,D_BLA,static_lti_mh,0.5035594645660535,0.007625458186709976,0.4971844219849514,0.5099345071471556,8,,,,,,,,,,,,,3.7745169822485205
6,xi_4,xi_0.05,D_BLA,static,0.5555825992122536,0.004972110703205525,0.5514258106397147,0.5597393877847925,8,,,,,,,,,,,,,3.7745169822485205
6,xi_4,xi_0.05,D_BLA,static_lti,0.5418577798505846,0.007473437621012155,0.5356098296429238,0.5481057300582454,8,,,,,,,,,,,,,3.7745169822485205
6,xi_4,xi_0.05,D_BLA,linear,-0.006099086695008425,0.00013840483992548616,-0.0062147960368409425,-0.005983377353175908,8,,,,,,,,,,,,,3.7745169822485205
6,xi_4,xi_0.05,AIR,atomic,0.7039355291220868,0.1353366184410878,0.59079128464272,0.8170797736014536,8,-0.409333072914014,-0.5184488170936268,-0.30021732873440116,0.6239463816608076,0.5177803925774238,0.7301123707441914,0.8973300022047792,0.7872008516440804,1.007459152765478,0.7283764849733363,0.621249891159265,0.8355030787874076,3.7745169822485205
6,xi_4,xi_0.05,AIR,static_mh,1.1132686020361007,0.046163320962530785,1.0746750998995176,1.1518621041726838,8,,,,,,,,,,,,,3.7745169822485205
6,xi_4,xi_0.05,AIR,static_lti_mh,0.07998914746127914,0.024663585589235048,0.05936987390627359,0.10060842101628469,8,,,,,,,,,,,,,3.7745169822485205
6,xi_4,xi_0.05,AIR,static,-0.19339447308269248,0.020868633033587807,-0.21084108690458478,-0.17594785926080017,8,,,,,,,,,,,,,3.7745169822485205
6,xi_4,xi_0.05,AIR,static_lti,-0.02444095585124953,0.030282553178180658,-0.04975780386857286,0.0008758921660738037,8,,,,,,,,,,,,,3.7745169822485205
6,xi_4,xi_0.05,AIR,linear,0.42833131587218465,0.07627210511189594,0.3645662402618992,0.4920963914824701,8,,,,,,,,,,,,,3.7745169822485205
6,xi_4,xi_0.05,EVM,atomic,-0.15753768866468426,0.1085462515043451,-0.24828462588679728,-0.06679075144257124,8,0.43492727096857153,0.34252693555641683,0.5273276063807262,-0.10945905452030696,-0.19853625036883055,-0.02038185867178338,-0.3464243615323172,-0.4322183706559685,-0.2606303524086659,-0.14467722281729628,-0.22393565856285347,-0.06541878707173908,3.7745169822485205
6,xi_4,xi_0.05,EVM,static_mh,-0.5924649596332558,0.09050727379432794,-0.6681309340849825,-0.5167989851815292,8,,,,,,,,,,,,,3.7745169822485205
6,xi_4,xi_0.05,EVM,static_lti_mh,-0.0480786341443773,0.058906372351790415,-0.09732559384778405,0.0011683255590294664,8,,,,,,,,,,,,,3.7745169822485205
6,xi_4,xi_0.05,EVM,static,0.18888667286763292,0.043856680224031414,0.15222157064711864,0.2255517750881472,8,,,,,,,,,,,,,3.7745169822485205
6,xi_4,xi_0.05,EVM,static_lti,-0.012860465847387995,0.051149847478657175,-0.05562280847771412,0.029901876782938132,8,,,,,,,,,,,,,3.7745169822485205
6,xi_4,xi_0.05,EVM,linear,-0.3046675131979961,0.02551161411919016,-0.32599575634618305,-0.2833392700498092,8,,,,,,,,,,,,,3.7745169822485205
6,xi_4,xi_0.05,SER,atomic,-0.3061320754716981,0.06008817200405749,-0.35636704440957484,-0.2558971065338213,8,0.008962264150943398,-0.048395498019792024,0.06632002632167881,-0.2783018867924528,-0.33016104044709244,-0.2264427331378132,-0.3061320754716981,-0.35636704440957484,-0.2558971065338213,-0.3061320754716981,-0.35636704440957484,-0.2558971065338213,3.7745169822485205
6,xi_4,xi_0.05,SER,static_mh,-0.31509433962264155,0.03227305562716067,-0.34207528933186737,-0.28811338991341573,8,,,,,,,,,,,,,3.7745169822485205
6,xi_4,xi_0.05,SER,static_lti_mh,-0.02783018867924525,0.010272689487956583,-0.03641837201258256,-0.01924200534590794,8,,,,,,,,,,,,,3.7745169822485205
6,xi_4,xi_0.05,SER,static,0.0,0.0,0.0,0.0,8,,,,,,,,,,,,,3.7745169822485205
6,xi_4,xi_0.05,SER,static_lti,0.0,0.0,0.0,0.0,8,,,,,,,,,,,,,3.7745169822485205
6,xi_4,xi_0.05,SER,linear,-0.16981132075471694,0.03264906507757783,-0.19710662223122197,-0.14251601927821192,8,,,,,,,,,,,,,3.7745169822485205
6,xi_4,xi_0.05,loss_vs_linear,atomic,-0.27560421324990214,0.09824585646575568,-0.3577398047187035,-0.19346862178110077,8,0.4093330729140141,0.3002173287344013,0.5184488170936269,-0.6239463816608075,-0.7301123707441913,-0.5177803925774237,-0.8973300022047791,-1.0074591527654777,-0.7872008516440804,-0.7283764849733361,-0.8355030787874074,-0.6212498911592648,3.7745169822485205
6,xi_4,xi_0.05,loss_vs_linear,static_mh,-0.6849372861639162,0.07305261932104845,-0.7460108042961636,-0.6238637680316689,8,,,,,,,,,,,,,3.7745169822485205
6,xi_4,xi_0.05,loss_vs_linear,static_lti_mh,0.3483421684109053,0.06865626783285622,0.2909440921016246,0.40574024472018605,8,,,,,,,,,,,,,3.7745169822485205
6,xi_4,xi_0.05,loss_vs_linear,static,0.621725788954877,0.07260415133120299,0.5610271994448216,0.6824243784649323,8,,,,,,,,,,,,,3.7745169822485205
6,xi_4,xi_0.05,loss_vs_linear,static_lti,0.452772271723434,0.07524454447222712,0.3898662583061549,0.5156782851407131,8,,,,,,,,,,,,,3.7745169822485205
6,xi_4,xi_0.05,loss_vs_linear,linear,0.0,0.0,0.0,0.0,8,,,,,,,,,,,,,3.7745169822485205
