job_id,tag,design,realization,variant,Pavg_over_P1dB_dB,Nd,dt_ns,tau_atom_s,E1dB_Vpm,runtime_atomic_s,meta_n_events,meta_n_plateaus,meta_n_spikes,meta_plateau_len_samples,meta_tw_dwell_samples,meta_spike_share_of_high_time,meta_xi_nominal,model,D_gain,D_BLA,gain_abs,gain_phase,out_bb_rms,dc_shift_mean,dc_shift_std,AIR,SER,EVM,cal_var,NMSE_full_vs_static,NMSE_full_vs_static_lti,NMSE_full_vs_static_mh,NMSE_full_vs_static_lti_mh,AIR_linear_ref,loss_vs_linear
dwell_r0_xi_0.05_p+3_Nd4001_dt1,fu_cwcarrier,dwell,0,xi_0.05,3,4001,1.0,2.5350000000000003e-06,0.07321886766113006,77.67139435799982,1459,1459,0,127.08019191226867,137.08073,0.0,0.05,atomic,0.9420023374743404,0.41618155318910877,0.0017737998062737955,1.63788903764011,0.00013665802605043265,-5.285597614406575e-06,0.00022904722599867872,1.8427544785955732,0.03018867924528302,0.33003944555708986,0.001007241112926871,0.4261958166158619,0.3948817092743768,0.8140400738608758,0.4699234464281255,1.9226166031877796,0.07986212459220643
dwell_r0_xi_0.05_p+3_Nd4001_dt1,fu_cwcarrier,dwell,0,xi_0.05,3,4001,1.0,2.5350000000000003e-06,0.07321886766113006,77.67139435799982,1459,1459,0,127.08019191226867,137.08073,0.0,0.05,static,0.05339817904725028,0.05306141805652823,0.00043556075258519467,2.1400405723240787,0.00010779701795002543,-1.0940799519301527e-07,7.239053150380005e-06,1.9962139301035406,0.0,0.15992209764341697,0.00023274713512749125,,,,,1.9226166031877796,-0.07359732691576104
dwell_r0_xi_0.05_p+3_Nd4001_dt1,fu_cwcarrier,dwell,0,xi_0.05,3,4001,1.0,2.5350000000000003e-06,0.07321886766113006,77.67139435799982,1459,1459,0,127.08019191226867,137.08073,0.0,0.05,static_lti,0.4392623255494791,0.029418096939264157,0.0006110060397258913,2.4320133866577094,0.00011037333790625802,1.375227608777418e-06,4.733511175350475e-05,1.9052717239820078,0.018867924528301886,0.28980401797670413,0.0008422852662512029,,,,,1.9226166031877796,0.017344879205771768
dwell_r0_xi_0.05_p+3_Nd4001_dt1,fu_cwcarrier,dwell,0,xi_0.05,3,4001,1.0,2.5350000000000003e-06,0.07321886766113006,77.67139435799982,1459,1459,0,127.08019191226867,137.08073,0.0,0.05,static_mh,70.25385972593538,60.735091123049756,0.00039955130183936155,2.1726986017674466,0.00017013627087886896,2.9997063371131982e-05,6.592291345284323e-05,0.7267785539750825,0.2792452830188679,0.8452231521295607,0.0069871275975878664,,,,,1.9226166031877796,1.1958380492126972
dwell_r0_xi_0.05_p+3_Nd4001_dt1,fu_cwcarrier,dwell,0,xi_0.05,3,4001,1.0,2.5350000000000003e-06,0.07321886766113006,77.67139435799982,1459,1459,0,127.08019191226867,137.08073,0.0,0.05,static_lti_mh,0.9565348387788919,0.39165520100781914,0.0006135549502135101,2.440786580310215,0.00011177811957507735,3.149712366835133e-05,5.2514909028770354e-05,1.974294869995494,0.007547169811320755,0.19763044244992203,0.0004022169260903809,,,,,1.9226166031877796,-0.05167826680771448
dwell_r0_xi_0.05_p+3_Nd4001_dt1,fu_cwcarrier,dwell,0,xi_0.05,3,4001,1.0,2.5350000000000003e-06,0.07321886766113006,77.67139435799982,1459,1459,0,127.08019191226867,137.08073,0.0,0.05,linear,0.4390119114448554,0.023657224406226886,0.0024291322621270922,1.523159890191174,0.000194830519939404,-1.9592558043913057e-06,0.0002123689761008166,1.9226166031877796,0.0,0.277948836072618,0.0007224211520262854,,,,,1.9226166031877796,0.0
dwell_r0_xi_0.1_p+3_Nd4001_dt1,fu_cwcarrier,dwell,0,xi_0.1,3,4001,1.0,2.5350000000000003e-06,0.07321886766113006,31.90091744000165,1459,731,728,253.6388508891929,254.40724,0.0364,0.1,atomic,0.9440319642383085,0.4199109100773852,0.0011899387847958422,1.6220730577410405,0.00011048880064330795,9.999997487881107e-06,0.0002015878094817365,1.723425708780069,0.09811320754716982,0.3519084543188463,0.001609546872458356,0.3992664016961851,0.3880520977344428,0.6796488218186296,0.4317128767905357,1.9607644971023659,0.23733878832229682
dwell_r0_xi_0.1_p+3_Nd4001_dt1,fu_cwcarrier,dwell,0,xi_0.1,3,4001,1.0,2.5350000000000003e-06,0.07321886766113006,31.90091744000165,1459,731,728,253.6388508891929,254.40724,0.0364,0.1,static,0.027903535337950137,0.02775574012590803,0.0004226498311461892,2.1686657151765383,0.0001080888219789689,-9.575360486961909e-08,5.099111419338871e-06,1.999978523128495,0.0,0.14990866694598867,0.00023996215043667346,,,,,1.9607644971023659,-0.03921402602612911
dwell_r0_xi_0.1_p+3_Nd4001_dt1,fu_cwcarrier,dwell,0,xi_0.1,3,4001,1.0,2.5350000000000003e-06,0.07321886766113006,31.90091744000165,1459,731,728,253.6388508891929,254.40724,0.0364,0.1,static_lti,0.29614449797104164,0.03682488172921105,0.0005185652929809612,2.316783136198678,0.00011013076949677048,2.7817160859686324e-06,3.715940769142584e-05,1.893776820248905,0.026415094339622643,0.271247830763853,0.0009232573647810166,,,,,1.9607644971023659,0.06698767685346096
dwell_r0_xi_0.1_p+3_Nd4001_dt1,fu_cwcarrier,dwell,0,xi_0.1,3,4001,1.0,2.5350000000000003e-06,0.07321886766113006,31.90091744000165,1459,731,728,253.6388508891929,254.40724,0.0364,0.1,static_mh,18.723714197914592,16.89758393095705,0.000419035230455245,2.170912162541777,0.00013654609321020928,2.9990540415388752e-05,0.00013295855024331488,0.5890248582400882,0.2641509433962264,1.1481310417496626,0.018132073292242656,,,,,1.9607644971023659,1.3717396388622776
dwell_r0_xi_0.1_p+3_Nd4001_dt1,fu_cwcarrier,dwell,0,xi_0.1,3,4001,1.0,2.5350000000000003e-06,0.07321886766113006,31.90091744000165,1459,731,728,253.6388508891929,254.40724,0.0364,0.1,static_lti_mh,0.5691599635902828,0.26977034791392973,0.000517070027023994,2.3145431128720815,0.00011083858873868374,3.284168611669527e-05,5.933250544263704e-05,1.6387810824072209,0.09056603773584905,0.24902832458228608,0.0007113630349665876,,,,,1.9607644971023659,0.321983414695145
dwell_r0_xi_0.1_p+3_Nd4001_dt1,fu_cwcarrier,dwell,0,xi_0.1,3,4001,1.0,2.5350000000000003e-06,0.07321886766113006,31.90091744000165,1459,731,728,253.6388508891929,254.40724,0.0364,0.1,linear,0.287367719066032,0.02703440777249747,0.0021079470728747637,1.390178025563508,0.00019308302005732717,4.299052795735249e-06,0.0001370594143920968,1.9607644971023659,0.011320754716981131,0.24811220406282958,0.0007032843945926853,,,,,1.9607644971023659,0.0
dwell_r0_xi_0.25_p+3_Nd4001_dt1,fu_cwcarrier,dwell,0,xi_0.25,3,4001,1.0,2.5350000000000003e-06,0.07321886766113006,54.37913558999935,1459,293,1166,632.7986348122867,605.90671,0.0583,0.25,atomic,1.6872873915349529,0.6506392979178165,0.0006936472271262402,1.8745833303429014,8.062049106059762e-05,9.099651086536593e-05,0.00026339170063719683,1.5137586393736753,0.10566037735849057,0.5222178037780391,0.0022074342490849912,0.3763924828202656,0.3731360967033462,0.542120093411227,0.3904172752685887,1.8764114192457992,0.36265277987212396
dwell_r0_xi_0.25_p+3_Nd4001_dt1,fu_cwcarrier,dwell,0,xi_0.25,3,4001,1.0,2.5350000000000003e-06,0.07321886766113006,54.37913558999935,1459,293,1166,632.7986348122867,605.90671,0.0583,0.25,static,0.022605768699981578,0.022422333290829946,0.0004193772755469873,2.1765989476910326,0.00010812143109140729,1.9483821059314978e-08,3.4236381004426563e-06,1.9999518400091454,0.0,0.14380594816289283,0.00022646463907702473,,,,,1.8764114192457992,-0.12354042076334615
dwell_r0_xi_0.25_p+3_Nd4001_dt1,fu_cwcarrier,dwell,0,xi_0.25,3,4001,1.0,2.5350000000000003e-06,0.07321886766113006,54.37913558999935,1459,293,1166,632.7986348122867,605.90671,0.0583,0.25,static_lti,0.17384125244340878,0.04844972213112086,0.00045938518443992555,2.214968491265846,0.00010927376954612266,4.1315942319326444e-07,2.343227333344566e-05,1.9591161579275584,0.011320754716981131,0.21758979759080901,0.0005816248257035069,,,,,1.8764114192457992,-0.0827047386817592
dwell_r0_xi_0.25_p+3_Nd4001_dt1,fu_cwcarrier,dwell,0,xi_0.25,3,4001,1.0,2.5350000000000003e-06,0.07321886766113006,54.37913558999935,1459,293,1166,632.7986348122867,605.90671,0.0583,0.25,static_mh,6.8504229491853295,6.790830487896307,0.00041931777755421584,2.1766629704071345,0.00012024888275382484,2.987018766350711e-05,0.00021079706598895454,0.5776528008304358,0.20754716981132076,1.1811880092036007,0.014078701724232858,,,,,1.8764114192457992,1.2987586184153634
dwell_r0_xi_0.25_p+3_Nd4001_dt1,fu_cwcarrier,dwell,0,xi_0.25,3,4001,1.0,2.5350000000000003e-06,0.07321886766113006,54.37913558999935,1459,293,1166,632.7986348122867,605.90671,0.0583,0.25,static_lti_mh,0.2832582184958554,0.1495345364133964,0.00045899241240256725,2.2156023106073857,0.0001095219748702503,3.026477933265212e-05,8.368696864277666e-05,1.7793707833508776,0.04905660377358491,0.2422257596750544,0.0006774453379287586,,,,,1.8764114192457992,0.09704063589492162
dwell_r0_xi_0.25_p+3_Nd4001_dt1,fu_cwcarrier,dwell,0,xi_0.25,3,4001,1.0,2.5350000000000003e-06,0.07321886766113006,54.37913558999935,1459,293,1166,632.7986348122867,605.90671,0.0583,0.25,linear,0.1505286568265286,0.030623464629817673,0.0018741362462378307,1.2807808023456269,0.0001847700891525947,2.316012738422403e-06,8.233489253774631e-05,1.8764114192457992,0.026415094339622643,0.19581236969052362,0.00034454155399965563,,,,,1.8764114192457992,0.0
dwell_r0_xi_0.5_p+3_Nd4001_dt1,fu_cwcarrier,dwell,0,xi_0.5,3,4001,1.0,2.5350000000000003e-06,0.07321886766113006,26.6494816480008,1459,146,1313,1269.9315068493152,1196.56055,0.06565,0.5,atomic,1.2610255580708871,0.462566269369231,0.000780704630513684,2.0251522903549812,0.00010072735916865547,0.00025492737308378946,0.000329952145412901,1.4425030054037018,0.07924528301886792,0.580113392027526,0.004313053201369391,0.23176960868611357,0.21909825809780903,0.33320856123876236,0.22597082623011577,1.8974425130508796,0.45493950764717783
dwell_r0_xi_0.5_p+3_Nd4001_dt1,fu_cwcarrier,dwell,0,xi_0.5,3,4001,1.0,2.5350000000000003e-06,0.07321886766113006,26.6494816480008,1459,146,1313,1269.9315068493152,1196.56055,0.06565,0.5,static,0.020585033141587893,0.020179859258469726,0.00041806208907270675,2.180686205494813,0.00010821292294828468,3.976753075859286e-08,2.9418876406169553e-06,1.9999973016971118,0.0,0.1415019085758698,0.00021343646290765368,,,,,1.8974425130508796,-0.10255478864623213
dwell_r0_xi_0.5_p+3_Nd4001_dt1,fu_cwcarrier,dwell,0,xi_0.5,3,4001,1.0,2.5350000000000003e-06,0.07321886766113006,26.6494816480008,1459,146,1313,1269.9315068493152,1196.56055,0.06565,0.5,static_lti,0.12025633992465443,0.043059947721538774,0.00044404335941515815,2.1850642092349886,0.00010897284338342241,1.257692868529679e-06,2.109098228121726e-05,1.945839230757251,0.011320754716981131,0.19216460372792157,0.00045998757284033764,,,,,1.8974425130508796,-0.04839671770637133
dwell_r0_xi_0.5_p+3_Nd4001_dt1,fu_cwcarrier,dwell,0,xi_0.5,3,4001,1.0,2.5350000000000003e-06,0.07321886766113006,26.6494816480008,1459,146,1313,1269.9315068493152,1196.56055,0.06565,0.5,static_mh,3.4912939979423885,3.4236331485421894,0.00041617695466260475,2.1952690124227696,0.00011431980567093634,2.9471159480668207e-05,0.0002239988406176252,0.7440259320271051,0.20754716981132076,0.8634931711504893,0.010470103755072598,,,,,1.8974425130508796,1.1534165810237744
dwell_r0_xi_0.5_p+3_Nd4001_dt1,fu_cwcarrier,dwell,0,xi_0.5,3,4001,1.0,2.5350000000000003e-06,0.07321886766113006,26.6494816480008,1459,146,1313,1269.9315068493152,1196.56055,0.06565,0.5,static_lti_mh,0.17857636485561634,0.09862269906921375,0.00044417506675901113,2.184991616509395,0.00010911045499185233,3.1118452578282816e-05,0.00010144774052029231,1.878456925983261,0.018867924528301886,0.2165827025273707,0.000618180641625629,,,,,1.8974425130508796,0.018985587067618548
dwell_r0_xi_0.5_p+3_Nd4001_dt1,fu_cwcarrier,dwell,0,xi_0.5,3,4001,1.0,2.5350000000000003e-06,0.07321886766113006,26.6494816480008,1459,146,1313,1269.9315068493152,1196.56055,0.06565,0.5,linear,0.0885573418473005,0.022771181757932326,0.0018140101667773261,1.250617785196341,0.0001820408650564527,5.28485521470562e-06,7.42333942065801e-05,1.8974425130508796,0.011320754716981131,0.1297417129972266,0.0002377147812580135,,,,,1.8974425130508796,0.0
dwell_r0_xi_1_p+3_Nd4001_dt1,fu_cwcarrier,dwell,0,xi_1,3,4001,1.0,2.5350000000000003e-06,0.07321886766113006,27.313606072002585,1459,73,1386,2539.8630136986303,2373.85055,0.0693,1,atomic,1.2893336285311254,0.5346656328773494,0.0007226961690493951,2.0100430063515535,0.00010165016814431495,0.0001258142178749263,0.0003044111181730208,1.3841811885049924,0.1320754716981132,0.5680647161402125,0.004015042438785191,0.19601274043643815,0.18644366410316157,0.24539704169165755,0.18797570038513778,1.86648587091131,0.4823046824063175
dwell_r0_xi_1_p+3_Nd4001_dt1,fu_cwcarrier,dwell,0,xi_1,3,4001,1.0,2.5350000000000003e-06,0.07321886766113006,27.313606072002585,1459,73,1386,2539.8630136986303,2373.85055,0.0693,1,static,0.018098454808891162,0.0177965400995883,0.000418183321614004,2.1804562060150143,0.0001081697334064689,1.2904902119116353e-07,2.546228945648198e-06,1.9999997451637146,0.0,0.1438819491826145,0.00022507036310017675,,,,,1.86648587091131,-0.13351387425240469
dwell_r0_xi_1_p+3_Nd4001_dt1,fu_cwcarrier,dwell,0,xi_1,3,4001,1.0,2.5350000000000003e-06,0.07321886766113006,27.313606072002585,1459,73,1386,2539.8630136986303,2373.85055,0.0693,1,static_lti,0.08376587739878676,0.04193384783016412,0.00043657189653283204,2.1721711875486567,0.00010897571366694395,-5.721311842216745e-07,1.6676637895030134e-05,1.9915451809712115,0.0037735849056603774,0.1836968683876987,0.0003566488299162174,,,,,1.86648587091131,-0.12505931005990156
dwell_r0_xi_1_p+3_Nd4001_dt1,fu_cwcarrier,dwell,0,xi_1,3,4001,1.0,2.5350000000000003e-06,0.07321886766113006,27.313606072002585,1459,73,1386,2539.8630136986303,2373.85055,0.0693,1,static_mh,1.7663075443342087,1.6007568109074521,0.00043728369725521625,2.174287921555239,0.00011256599423391682,3.0341068598741765e-05,0.0002314044593002013,1.1181252703015767,0.12075471698113208,0.7492111932471479,0.00508621060365856,,,,,1.86648587091131,0.7483606006097332
dwell_r0_xi_1_p+3_Nd4001_dt1,fu_cwcarrier,dwell,0,xi_1,3,4001,1.0,2.5350000000000003e-06,0.07321886766113006,27.313606072002585,1459,73,1386,2539.8630136986303,2373.85055,0.0693,1,static_lti_mh,0.12120872717617,0.08228675585407103,0.0004361900308740252,2.1664284202875104,0.00010906703746183056,2.91472447193102e-05,0.00013563389415564565,1.8679609398329307,0.01509433962264151,0.20044438236569742,0.00039671199635235945,,,,,1.86648587091131,-0.001475068921620748
dwell_r0_xi_1_p+3_Nd4001_dt1,fu_cwcarrier,dwell,0,xi_1,3,4001,1.0,2.5350000000000003e-06,0.07321886766113006,27.313606072002585,1459,73,1386,2539.8630136986303,2373.85055,0.0693,1,linear,0.055931738112774056,0.018807966481145095,0.0017860282599534327,1.2348832306479824,0.00018167883579457667,5.6564182980703485e-06,5.240497498093978e-05,1.86648587091131,0.007547169811320755,0.13274700701262915,0.00015235369930344968,,,,,1.86648587091131,0.0
dwell_r0_xi_2_p+3_Nd4001_dt1,fu_cwcarrier,dwell,0,xi_2,3,4001,1.0,2.5350000000000003e-06,0.07321886766113006,27.68675592999716,1459,37,1422,5011.081081081081,4664.79323,0.0711,2,atomic,1.068063734438444,0.5169019390206759,0.0006668957794764834,1.9691679250683416,0.00010999401533960703,0.00012157974996474715,0.00028847240106326627,1.552946252613781,0.0830188679245283,0.5837037327082203,0.00319499400965053,0.11657605427586157,0.1077207219900179,0.1585108327282403,0.10884944237663442,1.9253572160119723,0.37241096339819135
dwell_r0_xi_2_p+3_Nd4001_dt1,fu_cwcarrier,dwell,0,xi_2,3,4001,1.0,2.5350000000000003e-06,0.07321886766113006,27.68675592999716,1459,37,1422,5011.081081081081,4664.79323,0.0711,2,static,0.017783015128675448,0.017212046901208044,0.00041783290030494695,2.1804626977097388,0.00010827776717035279,-4.482410252155055e-08,2.3760227221000886e-06,1.9999997984045914,0.0,0.14208041321444742,0.00023473046108341507,,,,,1.9253572160119723,-0.07464258239261912
dwell_r0_xi_2_p+3_Nd4001_dt1,fu_cwcarrier,dwell,0,xi_2,3,4001,1.0,2.5350000000000003e-06,0.07321886766113006,27.68675592999716,1459,37,1422,5011.081081081081,4664.79323,0.0711,2,static_lti,0.06763438503035213,0.040055695559634126,0.00043352221118255206,2.1659590024927664,0.00010895384278820996,1.0329916060106842e-06,1.5507916384324918e-05,1.9736116078656423,0.0037735849056603774,0.17942009970927567,0.00037390494355719385,,,,,1.9253572160119723,-0.048254391853669976
dwell_r0_xi_2_p+3_Nd4001_dt1,fu_cwcarrier,dwell,0,xi_2,3,4001,1.0,2.5350000000000003e-06,0.07321886766113006,27.68675592999716,1459,37,1422,5011.081081081081,4664.79323,0.0711,2,static_mh,1.22468990628656,1.2119468328322658,0.00041892133618413207,2.1774547137270965,0.00011049169506004253,3.115621706578029e-05,0.0002351263932951231,0.9646229362441978,0.10943396226415095,0.5476550505828148,0.0031415431670186603,,,,,1.9253572160119723,0.9607342797677745
dwell_r0_xi_2_p+3_Nd4001_dt1,fu_cwcarrier,dwell,0,xi_2,3,4001,1.0,2.5350000000000003e-06,0.07321886766113006,27.68675592999716,1459,37,1422,5011.081081081081,4664.79323,0.0711,2,static_lti_mh,0.10322830966259304,0.07313067270668774,0.0004335789552004722,2.165433098620609,0.00010903534886732383,3.222399278977885e-05,0.00016776812588323824,1.9626847461672665,0.007547169811320755,0.19183709771087737,0.00044949934195378117,,,,,1.9253572160119723,-0.03732753015529422
dwell_r0_xi_2_p+3_Nd4001_dt1,fu_cwcarrier,dwell,0,xi_2,3,4001,1.0,2.5350000000000003e-06,0.07321886766113006,27.68675592999716,1459,37,1422,5011.081081081081,4664.79323,0.0711,2,linear,0.03622413016342183,0.016807898830569275,0.0017720308004400152,1.2275427105542338,0.0001813463480001295,1.4625787967550574e-06,4.638687331706087e-05,1.9253572160119723,0.0037735849056603774,0.10473172062438739,0.0001074658989499139,,,,,1.9253572160119723,0.0
dwell_r0_xi_4_p+3_Nd4001_dt1,fu_cwcarrier,dwell,0,xi_4,3,4001,1.0,2.5350000000000003e-06,0.07321886766113006,29.89922141200077,1459,18,1441,10300.555555555555,9568.40055,0.07205,4,atomic,1.013847495380005,0.5048159038883014,0.000576025761296355,2.0403860903786537,0.00010965378442373215,6.90448785274992e-05,0.00027224627638268683,1.5018317575656654,0.09811320754716982,0.47968164827626836,0.002548052722207486,0.07893520074161872,0.06882861204231058,0.10623841121314592,0.06913015435433742,1.9052310662141942,0.4033993086485288
dwell_r0_xi_4_p+3_Nd4001_dt1,fu_cwcarrier,dwell,0,xi_4,3,4001,1.0,2.5350000000000003e-06,0.07321886766113006,29.89922141200077,1459,18,1441,10300.555555555555,9568.40055,0.07205,4,static,0.017340280371166035,0.016606462989249515,0.0004182969060967562,2.181940174497521,0.00010829053744749243,1.105726830512784e-07,2.2737338594884797e-06,1.9999995458251287,0.0,0.14546625124223383,0.0002033815660707183,,,,,1.9052310662141942,-0.09476847961093449
dwell_r0_xi_4_p+3_Nd4001_dt1,fu_cwcarrier,dwell,0,xi_4,3,4001,1.0,2.5350000000000003e-06,0.07321886766113006,29.89922141200077,1459,18,1441,10300.555555555555,9568.40055,0.07205,4,static_lti,0.06021480197532219,0.03925930781556487,0.0004301109597693535,2.1620793607685034,0.00010896510093252639,-7.53008624266838e-07,1.5251370299608532e-05,1.999125740700981,0.0,0.17991844990402184,0.00031295159607167596,,,,,1.9052310662141942,-0.09389467448678679
dwell_r0_xi_4_p+3_Nd4001_dt1,fu_cwcarrier,dwell,0,xi_4,3,4001,1.0,2.5350000000000003e-06,0.07321886766113006,29.89922141200077,1459,18,1441,10300.555555555555,9568.40055,0.07205,4,static_mh,0.8685118875105734,0.8638204538647163,0.0004181415527989938,2.181738312917888,0.0001102928239408914,3.135717412891038e-05,0.00023664901802942788,1.5485738526219255,0.052830188679245285,0.46926772576519593,0.0017987248731271706,,,,,1.9052310662141942,0.35665721359226876
dwell_r0_xi_4_p+3_Nd4001_dt1,fu_cwcarrier,dwell,0,xi_4,3,4001,1.0,2.5350000000000003e-06,0.07321886766113006,29.89922141200077,1459,18,1441,10300.555555555555,9568.40055,0.07205,4,static_lti_mh,0.09613627907547895,0.07516744845444158,0.0004302107840566352,2.162199092852533,0.00010904184866389015,3.023454291091061e-05,0.00020156089442081352,1.9176943134441355,0.011320754716981131,0.18838947565559883,0.00037517418865217703,,,,,1.9052310662141942,-0.012463247229941299
dwell_r0_xi_4_p+3_Nd4001_dt1,fu_cwcarrier,dwell,0,xi_4,3,4001,1.0,2.5350000000000003e-06,0.07321886766113006,29.89922141200077,1459,18,1441,10300.555555555555,9568.40055,0.07205,4,linear,0.028198189606262514,0.015700212269543254,0.0017619428827553212,1.2223181620392902,0.0001809872261407657,1.1346425017224497e-06,4.1532560141562096e-05,1.9052310662141942,0.0037735849056603774,0.09559171002349559,8.380821099527096e-05,,,,,1.9052310662141942,0.0
dwell_r0_xi_0.05_p+0_Nd4001_dt1,fu_cwcarrier,dwell,0,xi_0.05,0,4001,1.0,2.5350000000000003e-06,0.07321886766113006,26.72741990099894,1459,1459,0,127.08019191226867,137.08073,0.0,0.05,atomic,0.7825843020736337,0.2980941405476519,0.0019977879337885226,1.5933154734496624,0.00010961900300331027,-9.897287831038918e-05,0.000178753354105849,1.8903335384070865,0.022641509433962263,0.31036557800349385,0.00046933505408116807,0.28968685133851496,0.16838072594626904,0.38899103804532476,0.18227783315386065,1.921926027655583,0.03159248924849645
dwell_r0_xi_0.05_p+0_Nd4001_dt1,fu_cwcarrier,dwell,0,xi_0.05,0,4001,1.0,2.5350000000000003e-06,0.07321886766113006,26.72741990099894,1459,1459,0,127.08019191226867,137.08073,0.0,0.05,static,0.050985299311599244,0.05076060399254402,0.0010210125822955997,1.5891530360622168,9.67630021387917e-05,-2.270958988383428e-07,1.2513378340844822e-05,1.9999960444235005,0.0,0.11952355615518469,6.78568821490633e-05,,,,,1.921926027655583,-0.07807001676791758
dwell_r0_xi_0.05_p+0_Nd4001_dt1,fu_cwcarrier,dwell,0,xi_0.05,0,4001,1.0,2.5350000000000003e-06,0.07321886766113006,26.72741990099894,1459,1459,0,127.08019191226867,137.08073,0.0,0.05,static_lti,0.4391883848523572,0.024795280941148412,0.0014080513018751427,1.892879084770054,0.00010344024311425067,5.200689561292574e-07,8.413522707979454e-05,1.9244945709762324,0.007547169811320755,0.2818552545010103,0.0003874448447417475,,,,,1.921926027655583,-0.0025685433206494857
dwell_r0_xi_0.05_p+0_Nd4001_dt1,fu_cwcarrier,dwell,0,xi_0.05,0,4001,1.0,2.5350000000000003e-06,0.07321886766113006,26.72741990099894,1459,1459,0,127.08019191226867,137.08073,0.0,0.05,static_mh,1.2580920580918515,1.2505193716534773,0.0010094718955412176,1.5879043540844195,0.00010138080252856981,-3.687033387641635e-05,1.9351362956167794e-05,1.3423656821795702,0.10943396226415095,0.6217587955924199,0.0019832709413705085,,,,,1.921926027655583,0.5795603454760128
dwell_r0_xi_0.05_p+0_Nd4001_dt1,fu_cwcarrier,dwell,0,xi_0.05,0,4001,1.0,2.5350000000000003e-06,0.07321886766113006,26.72741990099894,1459,1459,0,127.08019191226867,137.08073,0.0,0.05,static_lti_mh,0.4554525821613956,0.03695304744199822,0.0014093782332377553,1.8948445092477053,0.00010359611472412355,-3.6119767135363254e-05,8.445668163578347e-05,1.9235636806679266,0.007547169811320755,0.2764083409473431,0.0003766849523512995,,,,,1.921926027655583,-0.0016376530123436428
dwell_r0_xi_0.05_p+0_Nd4001_dt1,fu_cwcarrier,dwell,0,xi_0.05,0,4001,1.0,2.5350000000000003e-06,0.07321886766113006,26.72741990099894,1459,1459,0,127.08019191226867,137.08073,0.0,0.05,linear,0.4390119114449082,0.02365722440622915,0.002429132262129472,1.5231598901912542,0.00013792944526047106,-1.3870468872498302e-06,0.00015034572136455134,1.921926027655583,0.0,0.2785964805195603,0.0003650025047732844,,,,,1.921926027655583,0.0
dwell_r0_xi_0.1_p+0_Nd4001_dt1,fu_cwcarrier,dwell,0,xi_0.1,0,4001,1.0,2.5350000000000003e-06,0.07321886766113006,28.183236701999704,1459,731,728,253.6388508891929,254.40724,0.0364,0.1,atomic,0.5330173157249155,0.21689844018638238,0.0015951080535162286,1.521364978241359,0.00010470135654375009,-9.59401353429793e-05,0.00013695556777239842,1.8578822771371484,0.04150943396226415,0.28242991524796207,0.0004750744151132603,0.18892134868092847,0.11782913829207284,0.24199701309886265,0.12500910155957373,1.9595038870369912,0.10162160989984281
dwell_r0_xi_0.1_p+0_Nd4001_dt1,fu_cwcarrier,dwell,0,xi_0.1,0,4001,1.0,2.5350000000000003e-06,0.07321886766113006,28.183236701999704,1459,731,728,253.6388508891929,254.40724,0.0364,0.1,static,0.021386826419782005,0.02134401628098467,0.0010090372805474307,1.5893035054811677,9.808782025527229e-05,-2.765888230659105e-07,8.225242574152595e-06,1.9999999999784406,0.0,0.09862954745867827,5.6009973740028305e-05,,,,,1.9595038870369912,-0.04049611294144939
dwell_r0_xi_0.1_p+0_Nd4001_dt1,fu_cwcarrier,dwell,0,xi_0.1,0,4001,1.0,2.5350000000000003e-06,0.07321886766113006,28.183236701999704,1459,731,728,253.6388508891929,254.40724,0.0364,0.1,static_lti,0.2876647344497065,0.028752003059316838,0.0012147231452673852,1.7618820742774313,0.00010284471277507471,3.2756410397268283e-06,5.819387960719936e-05,1.9628084496184741,0.0037735849056603774,0.2557583037155908,0.00038896306874823604,,,,,1.9595038870369912,-0.0033045625814829283
dwell_r0_xi_0.1_p+0_Nd4001_dt1,fu_cwcarrier,dwell,0,xi_0.1,0,4001,1.0,2.5350000000000003e-06,0.07321886766113006,28.183236701999704,1459,731,728,253.6388508891929,254.40724,0.0364,0.1,static_mh,0.37708269789113813,0.3745018071555757,0.0010087596258366229,1.5888225671916876,9.985041370022386e-05,-3.6866441905122266e-05,3.1646395499285416e-05,1.9423668060895107,0.0037735849056603774,0.3174767215416249,0.000688721064779152,,,,,1.9595038870369912,0.017137080947480454
dwell_r0_xi_0.1_p+0_Nd4001_dt1,fu_cwcarrier,dwell,0,xi_0.1,0,4001,1.0,2.5350000000000003e-06,0.07321886766113006,28.183236701999704,1459,731,728,253.6388508891929,254.40724,0.0364,0.1,static_lti_mh,0.29487407889190415,0.03605124737301225,0.0012146351095414258,1.7614398770502564,0.00010289627022384207,-3.331944980829017e-05,5.873807633160548e-05,1.9232659240162882,0.022641509433962263,0.26108955119809957,0.00039794979507093697,,,,,1.9595038870369912,0.036237963020703035
dwell_r0_xi_0.1_p+0_Nd4001_dt1,fu_cwcarrier,dwell,0,xi_0.1,0,4001,1.0,2.5350000000000003e-06,0.07321886766113006,28.183236701999704,1459,731,728,253.6388508891929,254.40724,0.0364,0.1,linear,0.2873677190660795,0.027034407772497895,0.0021079470728772257,1.3901780255636467,0.00013669231008574178,3.0434963035872327e-06,9.703063462904372e-05,1.9595038870369912,0.011320754716981131,0.2500249747024252,0.00036198559159185097,,,,,1.9595038870369912,0.0
dwell_r0_xi_0.25_p+0_Nd4001_dt1,fu_cwcarrier,dwell,0,xi_0.25,0,4001,1.0,2.5350000000000003e-06,0.07321886766113006,30.7124500730024,1459,293,1166,632.7986348122867,605.90671,0.0583,0.25,atomic,0.697003481613279,0.36220410281238,0.001123549973915156,1.6152289872264454,8.619328564252647e-05,-9.250128532917728e-05,0.00015183808673798895,1.8357005203372634,0.045283018867924525,0.3334051613137552,0.0005435907471670729,0.1632738124917737,0.13221314754425575,0.18625753016265686,0.1350069479752532,1.8809414021486701,0.04524088181140673
dwell_r0_xi_0.25_p+0_Nd4001_dt1,fu_cwcarrier,dwell,0,xi_0.25,0,4001,1.0,2.5350000000000003e-06,0.07321886766113006,30.7124500730024,1459,293,1166,632.7986348122867,605.90671,0.0583,0.25,static,0.014504340369113978,0.014474301876798235,0.0010066197500525973,1.5900391959547817,9.83017454714778e-05,-1.6438232574060965e-09,5.378360294780191e-06,1.9999999999999991,0.0,0.09275341267532007,4.879582464425596e-05,,,,,1.8809414021486701,-0.119058597851329
dwell_r0_xi_0.25_p+0_Nd4001_dt1,fu_cwcarrier,dwell,0,xi_0.25,0,4001,1.0,2.5350000000000003e-06,0.07321886766113006,30.7124500730024,1459,293,1166,632.7986348122867,605.90671,0.0583,0.25,static_lti,0.15512685206937563,0.03416119612499019,0.0010785186371850195,1.6541012428712327,0.000100282294325347,9.172689687118581e-07,3.5153919020095085e-05,1.9439510184323678,0.018867924528301886,0.19669032097333156,0.00021211666295953852,,,,,1.8809414021486701,-0.06300961628369772
dwell_r0_xi_0.25_p+0_Nd4001_dt1,fu_cwcarrier,dwell,0,xi_0.25,0,4001,1.0,2.5350000000000003e-06,0.07321886766113006,30.7124500730024,1459,293,1166,632.7986348122867,605.90671,0.0583,0.25,static_mh,0.13662984734563488,0.1364514832442383,0.001006371046636229,1.5897695428824588,9.899692421284148e-05,-3.663377715984128e-05,4.9766735539325246e-05,1.9999940486882761,0.0,0.18524655560617584,0.00019013727083458626,,,,,1.8809414021486701,-0.11905264653960601
dwell_r0_xi_0.25_p+0_Nd4001_dt1,fu_cwcarrier,dwell,0,xi_0.25,0,4001,1.0,2.5350000000000003e-06,0.07321886766113006,30.7124500730024,1459,293,1166,632.7986348122867,605.90671,0.0583,0.25,static_lti_mh,0.15902943825691787,0.03845493467209993,0.0010779745659452247,1.6540100548757417,0.00010028948233322595,-3.571427031580515e-05,4.004089061582741e-05,1.9181336884657065,0.022641509433962263,0.20552303001066685,0.0002315638933608076,,,,,1.8809414021486701,-0.037192286317036416
dwell_r0_xi_0.25_p+0_Nd4001_dt1,fu_cwcarrier,dwell,0,xi_0.25,0,4001,1.0,2.5350000000000003e-06,0.07321886766113006,30.7124500730024,1459,293,1166,632.7986348122867,605.90671,0.0583,0.25,linear,0.15052865682654767,0.030623464629816202,0.0018741362462401574,1.2807808023456853,0.00013080720569586085,1.6396114547472948e-06,5.828864007981711e-05,1.8809414021486701,0.026415094339622643,0.19756625975431769,0.00017818358942179292,,,,,1.8809414021486701,0.0
dwell_r0_xi_0.5_p+0_Nd4001_dt1,fu_cwcarrier,dwell,0,xi_0.5,0,4001,1.0,2.5350000000000003e-06,0.07321886766113006,33.80938550299834,1459,146,1313,1269.9315068493152,1196.56055,0.06565,0.5,atomic,0.2909577799637751,0.14676396964760346,0.0013396492779133055,1.6307004374534908,9.966162278186474e-05,2.2186476269112697e-05,0.0001329838352886259,1.8699938185343001,0.018867924528301886,0.2692597076617569,0.00043963812052665334,0.08650972653299271,0.06002670818606438,0.09586699517248128,0.061305970023272434,1.8922615421042033,0.02226772356990314
dwell_r0_xi_0.5_p+0_Nd4001_dt1,fu_cwcarrier,dwell,0,xi_0.5,0,4001,1.0,2.5350000000000003e-06,0.07321886766113006,33.80938550299834,1459,146,1313,1269.9315068493152,1196.56055,0.06565,0.5,static,0.011491873583812684,0.011421935492640438,0.0010046858479115831,1.5904612883953941,9.846229054235036e-05,-3.872041377543516e-08,4.350006697547633e-06,1.9999999999988038,0.0,0.08870561284171716,4.364939245291887e-05,,,,,1.8922615421042033,-0.10773845789460057
dwell_r0_xi_0.5_p+0_Nd4001_dt1,fu_cwcarrier,dwell,0,xi_0.5,0,4001,1.0,2.5350000000000003e-06,0.07321886766113006,33.80938550299834,1459,146,1313,1269.9315068493152,1196.56055,0.06565,0.5,static_lti,0.09710802734299916,0.026822127525966463,0.0010439704153552153,1.6238525818950706,9.944070440894743e-05,2.3799837306030897e-06,3.169480128875776e-05,1.8868774390649374,0.011320754716981131,0.15150934522375142,0.00015039980046138398,,,,,1.8922615421042033,0.005384103039265842
dwell_r0_xi_0.5_p+0_Nd4001_dt1,fu_cwcarrier,dwell,0,xi_0.5,0,4001,1.0,2.5350000000000003e-06,0.07321886766113006,33.80938550299834,1459,146,1313,1269.9315068493152,1196.56055,0.06565,0.5,static_mh,0.06899651281719227,0.06863831321740078,0.0010035202724443307,1.5919193950195685,9.869471955861044e-05,-3.678060177298258e-05,5.281253452222076e-05,1.9999994766020541,0.0,0.13441062909227516,0.00012394393120361365,,,,,1.8922615421042033,-0.10773793449785085
dwell_r0_xi_0.5_p+0_Nd4001_dt1,fu_cwcarrier,dwell,0,xi_0.5,0,4001,1.0,2.5350000000000003e-06,0.07321886766113006,33.80938550299834,1459,146,1313,1269.9315068493152,1196.56055,0.06565,0.5,static_lti_mh,0.09925490418186556,0.029233059767946695,0.0010440111671661235,1.6240260320428483,9.944510715998144e-05,-3.426056413782411e-05,4.0299181185833e-05,1.8794098443114582,0.011320754716981131,0.15798570121141725,0.00016702320428295853,,,,,1.8922615421042033,0.012851697792745087
dwell_r0_xi_0.5_p+0_Nd4001_dt1,fu_cwcarrier,dwell,0,xi_0.5,0,4001,1.0,2.5350000000000003e-06,0.07321886766113006,33.80938550299834,1459,146,1313,1269.9315068493152,1196.56055,0.06565,0.5,linear,0.08855734184731029,0.022771181757933672,0.0018140101667796615,1.2506177851963745,0.00012887506300235719,3.7413909703307722e-06,5.2553218489072995e-05,1.8922615421042033,0.011320754716981131,0.13296745068748841,0.0001234284578478906,,,,,1.8922615421042033,0.0
dwell_r0_xi_1_p+0_Nd4001_dt1,fu_cwcarrier,dwell,0,xi_1,0,4001,1.0,2.5350000000000003e-06,0.07321886766113006,30.46777618499982,1459,73,1386,2539.8630136986303,2373.85055,0.0693,1,atomic,0.24443669355835596,0.13384498847627618,0.0012618342050910209,1.6092003082098267,9.946791018283762e-05,-2.993561492884368e-05,9.755055991142616e-05,1.905982388497386,0.01509433962264151,0.2516950735585878,0.0003768001277256607,0.06375675823434465,0.04681055542787319,0.06552536493088075,0.047139573877989296,1.8778419767870136,-0.028140411710372515
dwell_r0_xi_1_p+0_Nd4001_dt1,fu_cwcarrier,dwell,0,xi_1,0,4001,1.0,2.5350000000000003e-06,0.07321886766113006,30.46777618499982,1459,73,1386,2539.8630136986303,2373.85055,0.0693,1,static,0.009717474304371827,0.00968993587409796,0.0010054871229651587,1.5908349893788967,9.851475301495023e-05,1.9349437074465736e-07,3.545212315669626e-06,2.0,0.0,0.08961416674233925,4.432201683495098e-05,,,,,1.8778419767870136,-0.12215802321298641
dwell_r0_xi_1_p+0_Nd4001_dt1,fu_cwcarrier,dwell,0,xi_1,0,4001,1.0,2.5350000000000003e-06,0.07321886766113006,30.46777618499982,1459,73,1386,2539.8630136986303,2373.85055,0.0693,1,static_lti,0.062274771023597554,0.02365260273824226,0.0010269694040334317,1.608735409887459,9.936400378030512e-05,1.0350578210646526e-06,2.3037463833290173e-05,1.9553994316323862,0.007547169811320755,0.14746908211281765,0.000101438660925941,,,,,1.8778419767870136,-0.07755745484537258
dwell_r0_xi_1_p+0_Nd4001_dt1,fu_cwcarrier,dwell,0,xi_1,0,4001,1.0,2.5350000000000003e-06,0.07321886766113006,30.46777618499982,1459,73,1386,2539.8630136986303,2373.85055,0.0693,1,static_mh,0.03505245436517623,0.03369998212670097,0.001010955209632585,1.593572571470645,9.88579820051268e-05,-3.635087131056276e-05,5.477465952920444e-05,1.999999999999995,0.0,0.11975094236893032,7.290734118551693e-05,,,,,1.8778419767870136,-0.1221580232129813
dwell_r0_xi_1_p+0_Nd4001_dt1,fu_cwcarrier,dwell,0,xi_1,0,4001,1.0,2.5350000000000003e-06,0.07321886766113006,30.46777618499982,1459,73,1386,2539.8630136986303,2373.85055,0.0693,1,static_lti_mh,0.06451017362409757,0.024938245710317726,0.0010268233777790713,1.607680635037251,9.93581274753711e-05,-3.562579728450956e-05,3.9552698551184227e-05,1.9256064950132183,0.007547169811320755,0.15291481275607438,0.00010459743566658126,,,,,1.8778419767870136,-0.047764518226204755
dwell_r0_xi_1_p+0_Nd4001_dt1,fu_cwcarrier,dwell,0,xi_1,0,4001,1.0,2.5350000000000003e-06,0.07321886766113006,30.46777618499982,1459,73,1386,2539.8630136986303,2373.85055,0.0693,1,linear,0.0559317381127847,0.018807966481142226,0.0017860282599556378,1.2348832306479944,0.0001286187659125888,4.004437488831357e-06,3.709988111851339e-05,1.8778419767870136,0.007547169811320755,0.13585704924644212,8.078178201492888e-05,,,,,1.8778419767870136,0.0
dwell_r0_xi_2_p+0_Nd4001_dt1,fu_cwcarrier,dwell,0,xi_2,0,4001,1.0,2.5350000000000003e-06,0.07321886766113006,23.76552561399876,1459,37,1422,5011.081081081081,4664.79323,0.0711,2,atomic,0.15868451640950157,0.09680904141350243,0.0012335058420710505,1.5830323476581831,0.00010295091751123896,2.730560223579567e-06,7.951648087745266e-05,1.9515053334807264,0.0037735849056603774,0.22866110340717882,0.00024569465681593754,0.03819640866854026,0.02571193666179613,0.04102189197524971,0.026044955083627672,1.937759597643045,-0.01374573583768135
dwell_r0_xi_2_p+0_Nd4001_dt1,fu_cwcarrier,dwell,0,xi_2,0,4001,1.0,2.5350000000000003e-06,0.07321886766113006,23.76552561399876,1459,37,1422,5011.081081081081,4664.79323,0.0711,2,static,0.008981138659448763,0.008917751374421252,0.0010056917894964142,1.5906169494496236,9.874274110728012e-05,-7.13784314574783e-08,3.1659690061487554e-06,2.0,0.0,0.08569874934748888,4.294293009007568e-05,,,,,1.937759597643045,-0.06224040235695494
dwell_r0_xi_2_p+0_Nd4001_dt1,fu_cwcarrier,dwell,0,xi_2,0,4001,1.0,2.5350000000000003e-06,0.07321886766113006,23.76552561399876,1459,37,1422,5011.081081081081,4664.79323,0.0711,2,static_lti,0.04381738546960419,0.021780449515531777,0.0010191507124870961,1.6020601319548755,9.928356386152144e-05,1.0083331479802103e-06,2.0724546546465465e-05,1.9966932939610709,0.0,0.12931193055469498,9.34479938268575e-05,,,,,1.937759597643045,-0.05893369631802581
dwell_r0_xi_2_p+0_Nd4001_dt1,fu_cwcarrier,dwell,0,xi_2,0,4001,1.0,2.5350000000000003e-06,0.07321886766113006,23.76552561399876,1459,37,1422,5011.081081081081,4664.79323,0.0711,2,static_mh,0.024203873153206705,0.024068068394894455,0.0010057883635671606,1.5908616955351524,9.883617510976587e-05,-3.6402540527443315e-05,5.5535683742436024e-05,2.0,0.0,0.1092206028875106,6.509185959911649e-05,,,,,1.937759597643045,-0.06224040235695494
dwell_r0_xi_2_p+0_Nd4001_dt1,fu_cwcarrier,dwell,0,xi_2,0,4001,1.0,2.5350000000000003e-06,0.07321886766113006,23.76552561399876,1459,37,1422,5011.081081081081,4664.79323,0.0711,2,static_lti_mh,0.045468622513600794,0.02287380270535169,0.0010191829406853215,1.601938606783281,9.929575435436455e-05,-3.532314936704718e-05,4.387878392861399e-05,1.9840987208296927,0.0037735849056603774,0.13480457604881865,0.00010360998241170367,,,,,1.937759597643045,-0.04633912318664768
dwell_r0_xi_2_p+0_Nd4001_dt1,fu_cwcarrier,dwell,0,xi_2,0,4001,1.0,2.5350000000000003e-06,0.07321886766113006,23.76552561399876,1459,37,1422,5011.081081081081,4664.79323,0.0711,2,linear,0.036224130163424545,0.016807898830565902,0.0017720308004414208,1.2275427105542405,0.00012838338258015048,1.035426493492524e-06,3.283939141557418e-05,1.937759597643045,0.0037735849056603774,0.10927431426116652,5.902018767468769e-05,,,,,1.937759597643045,0.0
dwell_r0_xi_4_p+0_Nd4001_dt1,fu_cwcarrier,dwell,0,xi_4,0,4001,1.0,2.5350000000000003e-06,0.07321886766113006,28.338114221998694,1459,18,1441,10300.555555555555,9568.40055,0.07205,4,atomic,0.13662054960225917,0.08438159424008468,0.0011501063025389157,1.5953043614978795,0.00010139611364293095,-2.4596187197937496e-05,6.837849465410687e-05,1.9109964830270836,0.007547169811320755,0.1904495864437106,0.00020667974351996015,0.028709422929484696,0.016551534922164494,0.029801155139013144,0.016673427501405002,1.9304244066080258,0.019427923580942252
dwell_r0_xi_4_p+0_Nd4001_dt1,fu_cwcarrier,dwell,0,xi_4,0,4001,1.0,2.5350000000000003e-06,0.07321886766113006,28.338114221998694,1459,18,1441,10300.555555555555,9568.40055,0.07205,4,static,0.008633419980435573,0.008563386430973107,0.0010055965717839434,1.5919918375144542,9.88009404512211e-05,1.4612888407829435e-07,2.965138387806914e-06,2.0,0.0,0.08959034659967167,3.8848318714953095e-05,,,,,1.9304244066080258,-0.06957559339197417
dwell_r0_xi_4_p+0_Nd4001_dt1,fu_cwcarrier,dwell,0,xi_4,0,4001,1.0,2.5350000000000003e-06,0.07321886766113006,28.338114221998694,1459,18,1441,10300.555555555555,9568.40055,0.07205,4,static_lti,0.03581978377273369,0.020840057555142052,0.0010124091517873953,1.596925295716905,9.91994231365119e-05,-2.2000344201684058e-07,1.935797817528776e-05,1.9789132044989757,0.0037735849056603774,0.12817650614288265,7.375564164242615e-05,,,,,1.9304244066080258,-0.04848879789094984
dwell_r0_xi_4_p+0_Nd4001_dt1,fu_cwcarrier,dwell,0,xi_4,0,4001,1.0,2.5350000000000003e-06,0.07321886766113006,28.338114221998694,1459,18,1441,10300.555555555555,9568.40055,0.07205,4,static_mh,0.01664463592518722,0.01654724998444563,0.0010062188393697375,1.5921225838616138,9.889034890628458e-05,-3.615851580101373e-05,5.5839989657251174e-05,2.0,0.0,0.10145994499736392,4.5773812907694647e-05,,,,,1.9304244066080258,-0.06957559339197417
dwell_r0_xi_4_p+0_Nd4001_dt1,fu_cwcarrier,dwell,0,xi_4,0,4001,1.0,2.5350000000000003e-06,0.07321886766113006,28.338114221998694,1459,18,1441,10300.555555555555,9568.40055,0.07205,4,static_lti_mh,0.037223885964675234,0.022287880125013464,0.0010124272430434983,1.5969460180674766,9.92045225202436e-05,-3.658581208092113e-05,5.1385375733011073e-05,1.9563258482954484,0.0037735849056603774,0.13240183783665058,7.997156135935471e-05,,,,,1.9304244066080258,-0.02590144168742259
dwell_r0_xi_4_p+0_Nd4001_dt1,fu_cwcarrier,dwell,0,xi_4,0,4001,1.0,2.5350000000000003e-06,0.07321886766113006,28.338114221998694,1459,18,1441,10300.555555555555,9568.40055,0.07205,4,linear,0.028198189606268843,0.015700212269544014,0.0017619428827561011,1.222318162039278,0.00012812914377373358,8.032653758774889e-07,2.940280086689886e-05,1.9304244066080258,0.0037735849056603774,0.10009475887463501,4.7029325332105913e-05,,,,,1.9304244066080258,0.0
dwell_r1_xi_0.05_p+3_Nd4001_dt1,fu_cwcarrier,dwell,1,xi_0.05,3,4001,1.0,2.5350000000000003e-06,0.07321886766113006,26.614569842000492,1459,1459,0,127.08019191226867,137.08073,0.0,0.05,atomic,1.0002048474705494,0.45438236574468643,0.0017208267081792999,1.6599488606831894,0.00013265038224417427,-2.2652073837410676e-05,0.00021919229420065697,1.8581891597147098,0.026415094339622643,0.32916231929870055,0.00102803527117882,0.4419611988579934,0.4087045290451347,0.8032875119357097,0.4838358170297566,1.9452693827344572,0.08708022301974738
dwell_r1_xi_0.05_p+3_Nd4001_dt1,fu_cwcarrier,dwell,1,xi_0.05,3,4001,1.0,2.5350000000000003e-06,0.07321886766113006,26.614569842000492,1459,1459,0,127.08019191226867,137.08073,0.0,0.05,static,0.0541220950436698,0.053873381763136344,0.0004326938702883932,2.136383647379924,0.000107748060567678,1.0232308052052873e-07,7.391844829625781e-06,1.9991979845192505,0.0,0.15916659857146653,0.0002364647810534009,,,,,1.9452693827344572,-0.053928601784793306
dwell_r1_xi_0.05_p+3_Nd4001_dt1,fu_cwcarrier,dwell,1,xi_0.05,3,4001,1.0,2.5350000000000003e-06,0.07321886766113006,26.614569842000492,1459,1459,0,127.08019191226867,137.08073,0.0,0.05,static_lti,0.4386079422484547,0.029409960536912083,0.0006162397950018283,2.4332989279375647,0.00011056481488311157,-7.497847414728272e-07,4.6791641026382616e-05,1.9358458438612804,0.007547169811320755,0.28387343326867454,0.0007241081455144297,,,,,1.9452693827344572,0.009423538873176707
dwell_r1_xi_0.05_p+3_Nd4001_dt1,fu_cwcarrier,dwell,1,xi_0.05,3,4001,1.0,2.5350000000000003e-06,0.07321886766113006,26.614569842000492,1459,1459,0,127.08019191226867,137.08073,0.0,0.05,static_mh,52.935500078858794,47.0937144857809,0.0004620634432761516,2.1081343880311945,0.0001715541647435646,3.04214288691879e-05,6.790130080347802e-05,0.8985948625299782,0.27547169811320754,0.7846191249260128,0.00584210822027524,,,,,1.9452693827344572,1.046674520204479
dwell_r1_xi_0.05_p+3_Nd4001_dt1,fu_cwcarrier,dwell,1,xi_0.05,3,4001,1.0,2.5350000000000003e-06,0.07321886766113006,26.614569842000492,1459,1459,0,127.08019191226867,137.08073,0.0,0.05,static_lti_mh,0.9505715271328047,0.4024610257350143,0.0006129938752959578,2.427257955518411,0.00011188900587710574,2.946419870513767e-05,5.212975149935879e-05,1.995092677159523,0.0,0.2002088704131296,0.0003528494184174814,,,,,1.9452693827344572,-0.049823294425065834
dwell_r1_xi_0.05_p+3_Nd4001_dt1,fu_cwcarrier,dwell,1,xi_0.05,3,4001,1.0,2.5350000000000003e-06,0.07321886766113006,26.614569842000492,1459,1459,0,127.08019191226867,137.08073,0.0,0.05,linear,0.4405751362891229,0.024070297894325448,0.0024338497696674397,1.5307939938742992,0.00019506976279442945,2.7778938461301606e-06,0.00020145310232305239,1.9452693827344572,0.007547169811320755,0.27034720424404846,0.0006475133689224315,,,,,1.9452693827344572,0.0
dwell_r1_xi_0.1_p+3_Nd4001_dt1,fu_cwcarrier,dwell,1,xi_0.1,3,4001,1.0,2.5350000000000003e-06,0.07321886766113006,30.937641503998748,1459,731,728,253.6388508891929,254.40724,0.0364,0.1,atomic,0.8810165762243649,0.4115027016757595,0.0012204631794278714,1.6198409434585606,0.00011238772647558851,3.9757600988780945e-06,0.00019933055166012327,1.7645450048849192,0.06792452830188679,0.359825252327242,0.0014882860553874686,0.3899867505044162,0.3769276979059546,0.6717344241693615,0.4194580596105017,1.951544856146474,0.18699985126155494
dwell_r1_xi_0.1_p+3_Nd4001_dt1,fu_cwcarrier,dwell,1,xi_0.1,3,4001,1.0,2.5350000000000003e-06,0.07321886766113006,30.937641503998748,1459,731,728,253.6388508891929,254.40724,0.0364,0.1,static,0.028221115246878807,0.02803648494505896,0.00042225789136067954,2.1691803508637344,0.00010809051950518542,-3.1814422612784966e-07,5.119637475206013e-06,1.999993919265527,0.0,0.1375471013495229,0.0002021523230543703,,,,,1.951544856146474,-0.04844906311905284
dwell_r1_xi_0.1_p+3_Nd4001_dt1,fu_cwcarrier,dwell,1,xi_0.1,3,4001,1.0,2.5350000000000003e-06,0.07321886766113006,30.937641503998748,1459,731,728,253.6388508891929,254.40724,0.0364,0.1,static_lti,0.29740665823545764,0.03574946066387301,0.0005186624745696286,2.315398697669794,0.00011012182177730998,3.103111734249512e-06,3.7840804665958584e-05,1.9434193232116332,0.011320754716981131,0.2644262029055063,0.0007732731831845048,,,,,1.951544856146474,0.008125532934840862
dwell_r1_xi_0.1_p+3_Nd4001_dt1,fu_cwcarrier,dwell,1,xi_0.1,3,4001,1.0,2.5350000000000003e-06,0.07321886766113006,30.937641503998748,1459,731,728,253.6388508891929,254.40724,0.0364,0.1,static_mh,18.411470352451072,15.811699751114059,0.0004223435922280333,2.176070649532429,0.00013601054663519484,2.946901080259849e-05,0.0001340367585793709,0.672655287790147,0.26037735849056604,0.9480844955199507,0.009665385590152526,,,,,1.951544856146474,1.278889568356327
dwell_r1_xi_0.1_p+3_Nd4001_dt1,fu_cwcarrier,dwell,1,xi_0.1,3,4001,1.0,2.5350000000000003e-06,0.07321886766113006,30.937641503998748,1459,731,728,253.6388508891929,254.40724,0.0364,0.1,static_lti_mh,0.5662955802657721,0.26932473628050835,0.0005178747889059968,2.308555274041976,0.00011079323373799622,3.2861177591122034e-05,6.189537561610227e-05,1.7724262472057644,0.06037735849056604,0.23956381677026667,0.000642036989730219,,,,,1.951544856146474,0.17911860894070974
dwell_r1_xi_0.1_p+3_Nd4001_dt1,fu_cwcarrier,dwell,1,xi_0.1,3,4001,1.0,2.5350000000000003e-06,0.07321886766113006,30.937641503998748,1459,731,728,253.6388508891929,254.40724,0.0364,0.1,linear,0.28844614774340926,0.026477487444874954,0.0021075249510275973,1.3907358598598598,0.00019297353561771748,-5.099707838314057e-06,0.00013542272084995162,1.951544856146474,0.011320754716981131,0.24013978344876055,0.000644367638791794,,,,,1.951544856146474,0.0
dwell_r1_xi_0.25_p+3_Nd4001_dt1,fu_cwcarrier,dwell,1,xi_0.25,3,4001,1.0,2.5350000000000003e-06,0.07321886766113006,29.97010221399978,1459,293,1166,632.7986348122867,605.90671,0.0583,0.25,atomic,1.744558831712407,0.670126110308111,0.0006843849863335994,1.8946001840929054,8.008024970326062e-05,8.644998679442913e-05,0.0002623196423770031,1.3423674217950794,0.10943396226415095,0.6840584773603386,0.004416662660740737,0.3803022105221145,0.3771889166759817,0.5512809079233778,0.39467101938701127,1.9596584644532542,0.6172910426581748
dwell_r1_xi_0.25_p+3_Nd4001_dt1,fu_cwcarrier,dwell,1,xi_0.25,3,4001,1.0,2.5350000000000003e-06,0.07321886766113006,29.97010221399978,1459,293,1166,632.7986348122867,605.90671,0.0583,0.25,static,0.022856719259592716,0.0225778493058686,0.00041963601623433536,2.178229743974877,0.0001081444046166114,6.187488231584033e-08,3.46940560566282e-06,1.9999999264935948,0.0,0.14617224214427518,0.0002181142476407563,,,,,1.9596584644532542,-0.040341462040340614
dwell_r1_xi_0.25_p+3_Nd4001_dt1,fu_cwcarrier,dwell,1,xi_0.25,3,4001,1.0,2.5350000000000003e-06,0.07321886766113006,29.97010221399978,1459,293,1166,632.7986348122867,605.90671,0.0583,0.25,static_lti,0.17631031978744838,0.048240161732123206,0.00045875354319179363,2.2145769462957237,0.00010928165063605846,-2.1549462899512515e-06,2.3053582453433243e-05,1.9736188878571137,0.0037735849056603774,0.22612829093761957,0.0006009188448655334,,,,,1.9596584644532542,-0.013960423403859501
dwell_r1_xi_0.25_p+3_Nd4001_dt1,fu_cwcarrier,dwell,1,xi_0.25,3,4001,1.0,2.5350000000000003e-06,0.07321886766113006,29.97010221399978,1459,293,1166,632.7986348122867,605.90671,0.0583,0.25,static_mh,6.892567656896162,6.6158499674656275,0.00041899162746843036,2.1868641894560934,0.00012075225013069366,2.9977145447498248e-05,0.00021124717413172238,0.5294435720049981,0.24528301886792453,1.1499700606786567,0.016760426340870577,,,,,1.9596584644532542,1.430214892448256
dwell_r1_xi_0.25_p+3_Nd4001_dt1,fu_cwcarrier,dwell,1,xi_0.25,3,4001,1.0,2.5350000000000003e-06,0.07321886766113006,29.97010221399978,1459,293,1166,632.7986348122867,605.90671,0.0583,0.25,static_lti_mh,0.2868382648753619,0.14196868699007584,0.0004596618884595728,2.2146292945483634,0.0001095231901929174,2.795009966569004e-05,8.202731855065834e-05,1.8627886995930727,0.03773584905660377,0.2473301596004569,0.0006917237607040412,,,,,1.9596584644532542,0.0968697648601815
dwell_r1_xi_0.25_p+3_Nd4001_dt1,fu_cwcarrier,dwell,1,xi_0.25,3,4001,1.0,2.5350000000000003e-06,0.07321886766113006,29.97010221399978,1459,293,1166,632.7986348122867,605.90671,0.0583,0.25,linear,0.15105021856258583,0.03060529891050583,0.0018738220996487942,1.2802061561818394,0.00018482333858245022,-4.752209074636294e-06,8.110057585690072e-05,1.9596584644532542,0.011320754716981131,0.19318518872578175,0.00041147283874055186,,,,,1.9596584644532542,0.0
dwell_r1_xi_0.5_p+3_Nd4001_dt1,fu_cwcarrier,dwell,1,xi_0.5,3,4001,1.0,2.5350000000000003e-06,0.07321886766113006,26.796483693000482,1459,146,1313,1269.9315068493152,1196.56055,0.06565,0.5,atomic,1.3595437655717195,0.49828199072503104,0.0007634922516306247,2.0218382112515307,9.9240136671327e-05,0.00022084016866365003,0.0003175364900408336,1.520947342001413,0.1018867924528302,0.5315261367561472,0.0025949416037918628,0.24383281851769348,0.23098353346566264,0.34123981127728537,0.23763528557569005,1.9929604186174874,0.4720130766160744
dwell_r1_xi_0.5_p+3_Nd4001_dt1,fu_cwcarrier,dwell,1,xi_0.5,3,4001,1.0,2.5350000000000003e-06,0.07321886766113006,26.796483693000482,1459,146,1313,1269.9315068493152,1196.56055,0.06565,0.5,static,0.020101331339059253,0.01975160187527429,0.00041842272257369966,2.180405381335156,0.00010822381097851321,-1.4389153645316838e-08,2.875020097839509e-06,1.9999228232248267,0.0,0.1367538582470817,0.00019610529163239797,,,,,1.9929604186174874,-0.006962404607339323
dwell_r1_xi_0.5_p+3_Nd4001_dt1,fu_cwcarrier,dwell,1,xi_0.5,3,4001,1.0,2.5350000000000003e-06,0.07321886766113006,26.796483693000482,1459,146,1313,1269.9315068493152,1196.56055,0.06565,0.5,static_lti,0.11732186957737528,0.044751898816062,0.0004437506278815162,2.1844628479343213,0.00010908797511790334,-2.2194866906148556e-06,2.2045578899190276e-05,1.9448498299645294,0.01509433962264151,0.2034191343248382,0.00038399573586480554,,,,,1.9929604186174874,0.04811058865295803
dwell_r1_xi_0.5_p+3_Nd4001_dt1,fu_cwcarrier,dwell,1,xi_0.5,3,4001,1.0,2.5350000000000003e-06,0.07321886766113006,26.796483693000482,1459,146,1313,1269.9315068493152,1196.56055,0.06565,0.5,static_mh,3.505239496608707,3.4599171363014545,0.00041514272549526225,2.173625043748268,0.00011490744444077321,3.053669986902683e-05,0.00022475630352762122,0.7522673255608822,0.22641509433962265,0.8381808474737085,0.011134664514248785,,,,,1.9929604186174874,1.2406930930566054
dwell_r1_xi_0.5_p+3_Nd4001_dt1,fu_cwcarrier,dwell,1,xi_0.5,3,4001,1.0,2.5350000000000003e-06,0.07321886766113006,26.796483693000482,1459,146,1313,1269.9315068493152,1196.56055,0.06565,0.5,static_lti_mh,0.17618673482482003,0.09811422214570319,0.00044394487526013584,2.184698409405712,0.00010917889910750929,2.879477403273328e-05,9.964294443504004e-05,1.7067416288136537,0.026415094339622643,0.22833022808701373,0.00047751574327137,,,,,1.9929604186174874,0.28621878980383375
dwell_r1_xi_0.5_p+3_Nd4001_dt1,fu_cwcarrier,dwell,1,xi_0.5,3,4001,1.0,2.5350000000000003e-06,0.07321886766113006,26.796483693000482,1459,146,1313,1269.9315068493152,1196.56055,0.06565,0.5,linear,0.0911243710398179,0.02321837357153211,0.0018152899105921497,1.2502860917484009,0.00018274107029327225,-8.957614480770882e-06,7.562285221677052e-05,1.9929604186174874,0.0037735849056603774,0.1412201950684088,0.000286702840389849,,,,,1.9929604186174874,0.0
dwell_r1_xi_1_p+3_Nd4001_dt1,fu_cwcarrier,dwell,1,xi_1,3,4001,1.0,2.5350000000000003e-06,0.07321886766113006,28.84473510299722,1459,73,1386,2539.8630136986303,2373.85055,0.0693,1,atomic,1.8494467459215003,0.7253828716180472,0.0006442722092058424,2.081171445685595,9.919664635159528e-05,0.00012331285127130785,0.00031222997205794707,1.246582042720931,0.15849056603773584,0.6519939480653897,0.003933656141457234,0.21655061698208675,0.20771674087659037,0.2842895750528064,0.2098876112860159,1.8307928106637068,0.5842107679427757
dwell_r1_xi_1_p+3_Nd4001_dt1,fu_cwcarrier,dwell,1,xi_1,3,4001,1.0,2.5350000000000003e-06,0.07321886766113006,28.84473510299722,1459,73,1386,2539.8630136986303,2373.85055,0.0693,1,static,0.018627996078251458,0.01832559173330995,0.00041851061818516525,2.180925666667006,0.00010823640103115953,1.230772278505035e-08,2.541460529369194e-06,1.9999897012397931,0.0,0.143446124881822,0.00019783112948407446,,,,,1.8307928106637068,-0.16919689057608633
dwell_r1_xi_1_p+3_Nd4001_dt1,fu_cwcarrier,dwell,1,xi_1,3,4001,1.0,2.5350000000000003e-06,0.07321886766113006,28.84473510299722,1459,73,1386,2539.8630136986303,2373.85055,0.0693,1,static_lti,0.08273459052621551,0.04187447343869781,0.0004358831572922042,2.172242160937525,0.00010897310459095736,1.8829340792720588e-06,1.7135629680013525e-05,1.972076304409035,0.007547169811320755,0.2031058590056546,0.00032459304909986586,,,,,1.8307928106637068,-0.14128349374532823
dwell_r1_xi_1_p+3_Nd4001_dt1,fu_cwcarrier,dwell,1,xi_1,3,4001,1.0,2.5350000000000003e-06,0.07321886766113006,28.84473510299722,1459,73,1386,2539.8630136986303,2373.85055,0.0693,1,static_mh,1.907621809474527,1.780459331996825,0.00042068614866139773,2.2187104288423627,0.00011143903115854935,3.052537142350579e-05,0.0002314966589850948,0.9350694527000942,0.2037735849056604,0.7900997113394626,0.004297828980668622,,,,,1.8307928106637068,0.8957233579636126
dwell_r1_xi_1_p+3_Nd4001_dt1,fu_cwcarrier,dwell,1,xi_1,3,4001,1.0,2.5350000000000003e-06,0.07321886766113006,28.84473510299722,1459,73,1386,2539.8630136986303,2373.85055,0.0693,1,static_lti_mh,0.1261127361141113,0.07380230817622536,0.0004373435396862487,2.1712987483766755,0.00010911571421489331,3.177889360143628e-05,0.00013881903658149658,1.7639512130549992,0.03018867924528302,0.21464691802431443,0.00034516279459010187,,,,,1.8307928106637068,0.06684159760870756
dwell_r1_xi_1_p+3_Nd4001_dt1,fu_cwcarrier,dwell,1,xi_1,3,4001,1.0,2.5350000000000003e-06,0.07321886766113006,28.84473510299722,1459,73,1386,2539.8630136986303,2373.85055,0.0693,1,linear,0.05485431485131885,0.01905732044471092,0.0017849870489115213,1.233759043334441,0.0001816541632095052,7.552371805302948e-06,5.1619047859786055e-05,1.8307928106637068,0.007547169811320755,0.13235284117369508,0.00011455336904050898,,,,,1.8307928106637068,0.0
dwell_r1_xi_2_p+3_Nd4001_dt1,fu_cwcarrier,dwell,1,xi_2,3,4001,1.0,2.5350000000000003e-06,0.07321886766113006,28.860019780000584,1459,37,1422,5011.081081081081,4664.79323,0.0711,2,atomic,1.0729351701033882,0.5074972100598338,0.0006558758342856511,1.9833759196542022,0.00011056614980058876,0.00011797489406368377,0.0002852326204975048,1.639533265598169,0.07547169811320754,0.483235931515012,0.0021611340478571196,0.11095086323663707,0.10189877709946667,0.14978613036101385,0.10302907643984381,1.999999999995748,0.36046673439757915
dwell_r1_xi_2_p+3_Nd4001_dt1,fu_cwcarrier,dwell,1,xi_2,3,4001,1.0,2.5350000000000003e-06,0.07321886766113006,28.860019780000584,1459,37,1422,5011.081081081081,4664.79323,0.0711,2,static,0.01767586037871715,0.01711554479626816,0.00041799053397286297,2.180267896167598,0.0001082593180211659,1.0648368208928958e-08,2.433926736130639e-06,1.9999989822761408,0.0,0.13256294276586778,0.00021448748972312142,,,,,1.999999999995748,1.017719607254719e-06
dwell_r1_xi_2_p+3_Nd4001_dt1,fu_cwcarrier,dwell,1,xi_2,3,4001,1.0,2.5350000000000003e-06,0.07321886766113006,28.860019780000584,1459,37,1422,5011.081081081081,4664.79323,0.0711,2,static_lti,0.0647816360963351,0.04036010303475434,0.00043299725314524144,2.1662048001316614,0.00010898258448202438,2.044328404687855e-07,1.5659260029042295e-05,1.9781279510795804,0.007547169811320755,0.1592228613812541,0.0002694950883215329,,,,,1.999999999995748,0.021872048916167675
dwell_r1_xi_2_p+3_Nd4001_dt1,fu_cwcarrier,dwell,1,xi_2,3,4001,1.0,2.5350000000000003e-06,0.07321886766113006,28.860019780000584,1459,37,1422,5011.081081081081,4664.79323,0.0711,2,static_mh,1.228994221726983,1.194783768943888,0.00041827906009324356,2.177047960119278,0.00011061110703321142,3.1227681763705526e-05,0.00023501743393610405,1.3695010472513423,0.12830188679245283,0.503641486047777,0.004206923736761847,,,,,1.999999999995748,0.6304989527444058
dwell_r1_xi_2_p+3_Nd4001_dt1,fu_cwcarrier,dwell,1,xi_2,3,4001,1.0,2.5350000000000003e-06,0.07321886766113006,28.860019780000584,1459,37,1422,5011.081081081081,4664.79323,0.0711,2,static_lti_mh,0.0986824216296738,0.07770337182838594,0.0004326833979891266,2.165987805771172,0.00010905554844432528,3.142270602692825e-05,0.00017273604485745596,1.9469228601385506,0.007547169811320755,0.16880958571998642,0.0003111189084506636,,,,,1.999999999995748,0.05307713985719742
dwell_r1_xi_2_p+3_Nd4001_dt1,fu_cwcarrier,dwell,1,xi_2,3,4001,1.0,2.5350000000000003e-06,0.07321886766113006,28.860019780000584,1459,37,1422,5011.081081081081,4664.79323,0.0711,2,linear,0.03597236990385711,0.016491381106274076,0.0017717814071844448,1.2265909958471166,0.00018137282239352894,7.793530207497776e-07,4.489319148252539e-05,1.999999999995748,0.0,0.08090481838792685,0.00010087174564596837,,,,,1.999999999995748,0.0
dwell_r1_xi_4_p+3_Nd4001_dt1,fu_cwcarrier,dwell,1,xi_4,3,4001,1.0,2.5350000000000003e-06,0.07321886766113006,29.206947654998658,1459,18,1441,10300.555555555555,9568.40055,0.07205,4,atomic,0.8634555252885608,0.42054848987150484,0.0006107164648045053,2.006122732075717,0.00011057208121823331,7.302015659996599e-05,0.00027320684019522395,1.5416513619640537,0.07924528301886792,0.5347282480259973,0.002662037161589097,0.0775958873022608,0.06750784783599802,0.10594503803294181,0.06778439121562946,2.0,0.4583486380359463
dwell_r1_xi_4_p+3_Nd4001_dt1,fu_cwcarrier,dwell,1,xi_4,3,4001,1.0,2.5350000000000003e-06,0.07321886766113006,29.206947654998658,1459,18,1441,10300.555555555555,9568.40055,0.07205,4,static,0.01735145734316724,0.016578273464397046,0.0004180270861483741,2.1815490716008448,0.00010829800981339989,9.314687910580388e-08,2.202035076649668e-06,1.9999999840547886,0.0,0.13594243530438163,0.00019185037789045642,,,,,2.0,1.5945211373491475e-08
dwell_r1_xi_4_p+3_Nd4001_dt1,fu_cwcarrier,dwell,1,xi_4,3,4001,1.0,2.5350000000000003e-06,0.07321886766113006,29.206947654998658,1459,18,1441,10300.555555555555,9568.40055,0.07205,4,static_lti,0.06015160022989716,0.03794617069881301,0.00043071994253854237,2.16146400984079,0.00010892871554884835,-2.3157361568988744e-07,1.5123532275680524e-05,1.9999526202642735,0.0,0.16338287764162082,0.00025708829438983097,,,,,2.0,4.73797357265493e-05
dwell_r1_xi_4_p+3_Nd4001_dt1,fu_cwcarrier,dwell,1,xi_4,3,4001,1.0,2.5350000000000003e-06,0.07321886766113006,29.206947654998658,1459,18,1441,10300.555555555555,9568.40055,0.07205,4,static_mh,0.8785588048093375,0.8742967997776093,0.00041591240614172225,2.1791096658862177,0.00011020741236924082,3.129406106136586e-05,0.0002366465034193799,1.6438112063279953,0.052830188679245285,0.44842177028893526,0.0015773360744677596,,,,,2.0,0.35618879367200473
dwell_r1_xi_4_p+3_Nd4001_dt1,fu_cwcarrier,dwell,1,xi_4,3,4001,1.0,2.5350000000000003e-06,0.07321886766113006,29.206947654998658,1459,18,1441,10300.555555555555,9568.40055,0.07205,4,static_lti_mh,0.09544759635487685,0.07256025322384524,0.0004308337684151063,2.1620609196862945,0.00010900955960177365,3.0904895388278754e-05,0.00019971217788547802,1.9998681642148493,0.0,0.17564200844936106,0.0002890123951765181,,,,,2.0,0.0001318357851507468
dwell_r1_xi_4_p+3_Nd4001_dt1,fu_cwcarrier,dwell,1,xi_4,3,4001,1.0,2.5350000000000003e-06,0.07321886766113006,29.206947654998658,1459,18,1441,10300.555555555555,9568.40055,0.07205,4,linear,0.029496888884849814,0.015558684670614734,0.0017626751451118527,1.2234183167651616,0.00018100093289508316,1.5887652207637804e-06,4.2081056755956704e-05,2.0,0.0,0.09305531809444266,6.494278082517871e-05,,,,,2.0,0.0
dwell_r1_xi_0.05_p+0_Nd4001_dt1,fu_cwcarrier,dwell,1,xi_0.05,0,4001,1.0,2.5350000000000003e-06,0.07321886766113006,29.75502946800043,1459,1459,0,127.08019191226867,137.08073,0.0,0.05,atomic,0.7912933460225133,0.3049133882087462,0.0019673551275119334,1.6148298375453258,0.00010809924904401723,-0.00010598755509997979,0.00016883548323275805,1.8952932709721573,0.01509433962264151,0.310825310569938,0.000453478243319382,0.29168399464169553,0.16771622143117915,0.38119080579856995,0.18156998321337142,1.9443512787929185,0.049058007820761196
dwell_r1_xi_0.05_p+0_Nd4001_dt1,fu_cwcarrier,dwell,1,xi_0.05,0,4001,1.0,2.5350000000000003e-06,0.07321886766113006,29.75502946800043,1459,1459,0,127.08019191226867,137.08073,0.0,0.05,static,0.05094410617748674,0.05082636977879193,0.001021255552911364,1.5818511317549522,9.6839202678033e-05,1.5203429298275285e-07,1.255556235923636e-05,1.9999944164153793,0.0,0.11900872157981668,6.850337810361144e-05,,,,,1.9443512787929185,-0.05564313762246087
dwell_r1_xi_0.05_p+0_Nd4001_dt1,fu_cwcarrier,dwell,1,xi_0.05,0,4001,1.0,2.5350000000000003e-06,0.07321886766113006,29.75502946800043,1459,1459,0,127.08019191226867,137.08073,0.0,0.05,static_lti,0.43776498712351974,0.025051413236382245,0.0014162181756761595,1.8993506017086053,0.00010367130895425595,1.8301632408319858e-07,8.102190390994655e-05,1.9467397762562928,0.007547169811320755,0.27543786471963183,0.0003341607582926981,,,,,1.9443512787929185,-0.0023884974633743283
dwell_r1_xi_0.05_p+0_Nd4001_dt1,fu_cwcarrier,dwell,1,xi_0.05,0,4001,1.0,2.5350000000000003e-06,0.07321886766113006,29.75502946800043,1459,1459,0,127.08019191226867,137.08073,0.0,0.05,static_mh,1.206612345255348,1.2007573665122622,0.0010311208402989868,1.5827392688591482,0.00010186596347569089,-3.638419578692968e-05,1.972173599092607e-05,1.220635875231562,0.22264150943396227,0.7240011171045506,0.002488257397339637,,,,,1.9443512787929185,0.7237154035613564
dwell_r1_xi_0.05_p+0_Nd4001_dt1,fu_cwcarrier,dwell,1,xi_0.05,0,4001,1.0,2.5350000000000003e-06,0.07321886766113006,29.75502946800043,1459,1459,0,127.08019191226867,137.08073,0.0,0.05,static_lti_mh,0.45560229882274744,0.03744975984182677,0.0014150898933813212,1.897914003524828,0.00010377778608533286,-3.637645220858324e-05,8.102221794993109e-05,1.950619901976074,0.0037735849056603774,0.27134190094346694,0.00031517082821710225,,,,,1.9443512787929185,-0.006268623183155464
dwell_r1_xi_0.05_p+0_Nd4001_dt1,fu_cwcarrier,dwell,1,xi_0.05,0,4001,1.0,2.5350000000000003e-06,0.07321886766113006,29.75502946800043,1459,1459,0,127.08019191226867,137.08073,0.0,0.05,linear,0.44057513628916517,0.024070297894322665,0.0024338497696698444,1.5307939938743804,0.0001380988162311304,1.966598237833099e-06,0.00014261787454071566,1.9443512787929185,0.007547169811320755,0.27143973834348983,0.00032818715765782686,,,,,1.9443512787929185,0.0
dwell_r1_xi_0.1_p+0_Nd4001_dt1,fu_cwcarrier,dwell,1,xi_0.1,0,4001,1.0,2.5350000000000003e-06,0.07321886766113006,28.99508353300189,1459,731,728,253.6388508891929,254.40724,0.0364,0.1,atomic,0.5088517681186195,0.2088207703707875,0.0016169271411660801,1.525019542585276,0.00010574387987153135,-0.00010328907504951584,0.00013448791799976055,1.9127514945363022,0.018867924528301886,0.27100999400573095,0.0004170649896929189,0.18457275378905105,0.11154663670803554,0.23460942464843973,0.11846466478953258,1.9527258857819385,0.03997439124563629
dwell_r1_xi_0.1_p+0_Nd4001_dt1,fu_cwcarrier,dwell,1,xi_0.1,0,4001,1.0,2.5350000000000003e-06,0.07321886766113006,28.99508353300189,1459,731,728,253.6388508891929,254.40724,0.0364,0.1,static,0.021443865141404752,0.021397455229282727,0.0010083275602679543,1.588754104897013,9.808517298206813e-05,-5.441431719077226e-07,8.28309960212004e-06,1.9999999999947506,0.0,0.09286849776116562,4.841540318299461e-05,,,,,1.9527258857819385,-0.047274114212812135
dwell_r1_xi_0.1_p+0_Nd4001_dt1,fu_cwcarrier,dwell,1,xi_0.1,0,4001,1.0,2.5350000000000003e-06,0.07321886766113006,28.99508353300189,1459,731,728,253.6388508891929,254.40724,0.0364,0.1,static_lti,0.2892264533207272,0.028012981001065456,0.0012151604896315222,1.7617895672973716,0.00010282632909074774,9.49506008056359e-07,5.791911424895427e-05,1.972490486053091,0.0,0.2492549461768589,0.00034986887729475044,,,,,1.9527258857819385,-0.019764600271152455
dwell_r1_xi_0.1_p+0_Nd4001_dt1,fu_cwcarrier,dwell,1,xi_0.1,0,4001,1.0,2.5350000000000003e-06,0.07321886766113006,28.99508353300189,1459,731,728,253.6388508891929,254.40724,0.0364,0.1,static_mh,0.37638531352038773,0.3721552076773207,0.0010084289474402677,1.5894647980674181,9.976936189338817e-05,-3.719877176143638e-05,3.175115639256493e-05,1.950546851694255,0.0037735849056603774,0.33909255544473893,0.0005820306341936615,,,,,1.9527258857819385,0.0021790340876834957
dwell_r1_xi_0.1_p+0_Nd4001_dt1,fu_cwcarrier,dwell,1,xi_0.1,0,4001,1.0,2.5350000000000003e-06,0.07321886766113006,28.99508353300189,1459,731,728,253.6388508891929,254.40724,0.0364,0.1,static_lti_mh,0.2974927486276811,0.034925849311197896,0.001215548657675988,1.760684585859901,0.00010290785195561343,-3.571134031124979e-05,5.898849731874105e-05,1.9501001062785956,0.007547169811320755,0.25320418505176084,0.0003671857669014869,,,,,1.9527258857819385,0.002625779503342862
dwell_r1_xi_0.1_p+0_Nd4001_dt1,fu_cwcarrier,dwell,1,xi_0.1,0,4001,1.0,2.5350000000000003e-06,0.07321886766113006,28.99508353300189,1459,731,728,253.6388508891929,254.40724,0.0364,0.1,linear,0.2884461477434742,0.02647748744487254,0.0021075249510300806,1.3907358598599924,0.000136614801038265,-3.6103166657222936e-06,9.587194433555244e-05,1.9527258857819385,0.011320754716981131,0.24159508764300391,0.0003261513955403798,,,,,1.9527258857819385,0.0
dwell_r1_xi_0.25_p+0_Nd4001_dt1,fu_cwcarrier,dwell,1,xi_0.25,0,4001,1.0,2.5350000000000003e-06,0.07321886766113006,32.252519629000744,1459,293,1166,632.7986348122867,605.90671,0.0583,0.25,atomic,0.6682477393957219,0.34486981168667546,0.0011346064321664283,1.6123691003199891,8.671622572703018e-05,-8.67294276886458e-05,0.00014042596510147227,1.8271554691047318,0.033962264150943396,0.4185707074450496,0.0008988981638570495,0.1588641255275641,0.12814599965573187,0.18430934640255522,0.13100769361160952,1.9622573094063682,0.1351018403016364
dwell_r1_xi_0.25_p+0_Nd4001_dt1,fu_cwcarrier,dwell,1,xi_0.25,0,4001,1.0,2.5350000000000003e-06,0.07321886766113006,32.252519629000744,1459,293,1166,632.7986348122867,605.90671,0.0583,0.25,static,0.01463591289249997,0.01458700465272501,0.0010057718541238746,1.591181442374193,9.832057394290493e-05,1.42666475167042e-07,5.47039838638531e-06,1.9999999999999825,0.0,0.0935232507619863,4.433509686470269e-05,,,,,1.9622573094063682,-0.037742690593614237
dwell_r1_xi_0.25_p+0_Nd4001_dt1,fu_cwcarrier,dwell,1,xi_0.25,0,4001,1.0,2.5350000000000003e-06,0.07321886766113006,32.252519629000744,1459,293,1166,632.7986348122867,605.90671,0.0583,0.25,static_lti,0.15716570833098545,0.03404387157053536,0.0010778205249947163,1.6534414239072386,0.0001003069070043954,-2.6801489229199987e-06,3.446617992912548e-05,1.9784370113350835,0.007547169811320755,0.20528419896323571,0.00023844116890800414,,,,,1.9622573094063682,-0.016179701928715318
dwell_r1_xi_0.25_p+0_Nd4001_dt1,fu_cwcarrier,dwell,1,xi_0.25,0,4001,1.0,2.5350000000000003e-06,0.07321886766113006,32.252519629000744,1459,293,1166,632.7986348122867,605.90671,0.0583,0.25,static_mh,0.13961721224041335,0.13886035160310292,0.001005208888178484,1.5917379642589136,9.911588998937814e-05,-3.647886959044325e-05,4.9834411746049756e-05,1.9999078575284819,0.0,0.186425573497029,0.00024535785192951795,,,,,1.9622573094063682,-0.03765054812211366
dwell_r1_xi_0.25_p+0_Nd4001_dt1,fu_cwcarrier,dwell,1,xi_0.25,0,4001,1.0,2.5350000000000003e-06,0.07321886766113006,32.252519629000744,1459,293,1166,632.7986348122867,605.90671,0.0583,0.25,static_lti_mh,0.16208852841496785,0.037386586210115036,0.0010779614148250262,1.6535638023626646,0.00010034979396975955,-3.925611819439065e-05,3.949797588869964e-05,1.9696833288614888,0.007547169811320755,0.2131583463382357,0.00025809821712418675,,,,,1.9622573094063682,-0.007426019455120558
dwell_r1_xi_0.25_p+0_Nd4001_dt1,fu_cwcarrier,dwell,1,xi_0.25,0,4001,1.0,2.5350000000000003e-06,0.07321886766113006,32.252519629000744,1459,293,1166,632.7986348122867,605.90671,0.0583,0.25,linear,0.15105021856260212,0.030605298910500636,0.0018738220996511268,1.280206156181896,0.00013084490340524747,-3.3643063809006416e-06,5.741481078901841e-05,1.9622573094063682,0.011320754716981131,0.19462771087827316,0.00021058885569407264,,,,,1.9622573094063682,0.0
dwell_r1_xi_0.5_p+0_Nd4001_dt1,fu_cwcarrier,dwell,1,xi_0.5,0,4001,1.0,2.5350000000000003e-06,0.07321886766113006,28.40762254299989,1459,146,1313,1269.9315068493152,1196.56055,0.06565,0.5,atomic,0.34180786064834096,0.17723468085699026,0.0013002670980744172,1.630869734397347,9.808200551095503e-05,-6.599856939132238e-06,0.00013201400189461816,1.8937914314795248,0.022641509433962263,0.27228085971677163,0.0004049337114263514,0.09503675571531563,0.06698077606517058,0.1040885304763107,0.06824390940143653,1.9908320046590633,0.09704057317953851
dwell_r1_xi_0.5_p+0_Nd4001_dt1,fu_cwcarrier,dwell,1,xi_0.5,0,4001,1.0,2.5350000000000003e-06,0.07321886766113006,28.40762254299989,1459,146,1313,1269.9315068493152,1196.56055,0.06565,0.5,static,0.011396300233353003,0.011336438794996982,0.0010050588027983671,1.5907247165374405,9.855587271718474e-05,7.429325551838958e-08,4.285810009936615e-06,1.9999999999999973,0.0,0.0874535597735974,4.0718927063354976e-05,,,,,1.9908320046590633,-0.009167995340934043
dwell_r1_xi_0.5_p+0_Nd4001_dt1,fu_cwcarrier,dwell,1,xi_0.5,0,4001,1.0,2.5350000000000003e-06,0.07321886766113006,28.40762254299989,1459,146,1313,1269.9315068493152,1196.56055,0.06565,0.5,static_lti,0.09755229469371463,0.027470559030146977,0.0010443134185282306,1.623027965060242,9.969930574100324e-05,-3.885106351397573e-06,3.286693305655508e-05,1.976331430403935,0.007547169811320755,0.16475743997515233,0.0001585024706618821,,,,,1.9908320046590633,0.014500574255128296
dwell_r1_xi_0.5_p+0_Nd4001_dt1,fu_cwcarrier,dwell,1,xi_0.5,0,4001,1.0,2.5350000000000003e-06,0.07321886766113006,28.40762254299989,1459,146,1313,1269.9315068493152,1196.56055,0.06565,0.5,static_mh,0.06940787717283885,0.06917546452811305,0.0010051791325495288,1.58897634502242,9.896063394169078e-05,-3.639546785894868e-05,5.306347595149514e-05,1.9999999990143462,0.0,0.13236202861054486,0.00010784231666559705,,,,,1.9908320046590633,-0.009167994355282927
dwell_r1_xi_0.5_p+0_Nd4001_dt1,fu_cwcarrier,dwell,1,xi_0.5,0,4001,1.0,2.5350000000000003e-06,0.07321886766113006,28.40762254299989,1459,146,1313,1269.9315068493152,1196.56055,0.06565,0.5,static_lti_mh,0.10054320171263235,0.029347681820997177,0.0010445184443487593,1.6229603196145284,9.972342892542768e-05,-4.024614746449086e-05,3.875058846396182e-05,1.9686163207644338,0.007547169811320755,0.17322055928354718,0.0001697092237655662,,,,,1.9908320046590633,0.022215683894629468
dwell_r1_xi_0.5_p+0_Nd4001_dt1,fu_cwcarrier,dwell,1,xi_0.5,0,4001,1.0,2.5350000000000003e-06,0.07321886766113006,28.40762254299989,1459,146,1313,1269.9315068493152,1196.56055,0.06565,0.5,linear,0.09112437103981813,0.023218373571533644,0.0018152899105944808,1.2502860917484317,0.00012937077034796748,-6.341505409801221e-06,5.353687942996734e-05,1.9908320046590633,0.0037735849056603774,0.1446314072735748,0.00014667653789379763,,,,,1.9908320046590633,0.0
dwell_r1_xi_1_p+0_Nd4001_dt1,fu_cwcarrier,dwell,1,xi_1,0,4001,1.0,2.5350000000000003e-06,0.07321886766113006,28.47567228800108,1459,73,1386,2539.8630136986303,2373.85055,0.0693,1,atomic,0.32350171580894976,0.1817579868081023,0.0011901694651387659,1.6252355127212497,9.74567579029748e-05,-3.480768288577671e-05,0.00010683420035442195,1.9125476572337459,0.011320754716981131,0.2773644988883815,0.00039765577249296354,0.0719179527954536,0.055436514847291785,0.07847684081464242,0.055841468652085,1.8398488252486866,-0.07269883198505922
dwell_r1_xi_1_p+0_Nd4001_dt1,fu_cwcarrier,dwell,1,xi_1,0,4001,1.0,2.5350000000000003e-06,0.07321886766113006,28.47567228800108,1459,73,1386,2539.8630136986303,2373.85055,0.0693,1,static,0.009847892906421803,0.00982646766613615,0.0010056480152454126,1.5916998112638083,9.86223176448542e-05,-1.0886895218905404e-07,3.580994239114268e-06,2.0,0.0,0.09007744412874383,3.663711136723647e-05,,,,,1.8398488252486866,-0.16015117475131335
dwell_r1_xi_1_p+0_Nd4001_dt1,fu_cwcarrier,dwell,1,xi_1,0,4001,1.0,2.5350000000000003e-06,0.07321886766113006,28.47567228800108,1459,73,1386,2539.8630136986303,2373.85055,0.0693,1,static_lti,0.061349569106302994,0.023827060965961412,0.0010258004374489296,1.6079189085258268,9.935138785661189e-05,3.484084230716101e-06,2.3129902838106263e-05,1.9115963377923868,0.007547169811320755,0.15842085305066098,8.68065307835919e-05,,,,,1.8398488252486866,-0.07174751254370015
dwell_r1_xi_1_p+0_Nd4001_dt1,fu_cwcarrier,dwell,1,xi_1,0,4001,1.0,2.5350000000000003e-06,0.07321886766113006,28.47567228800108,1459,73,1386,2539.8630136986303,2373.85055,0.0693,1,static_mh,0.04024233455492567,0.03963567074723594,0.0010027255046937003,1.5970812265491043,9.864101951481569e-05,-3.659840991267195e-05,5.45773895016927e-05,1.9999999999999962,0.0,0.12928286451358348,6.299316196208015e-05,,,,,1.8398488252486866,-0.16015117475130958
dwell_r1_xi_1_p+0_Nd4001_dt1,fu_cwcarrier,dwell,1,xi_1,0,4001,1.0,2.5350000000000003e-06,0.07321886766113006,28.47567228800108,1459,73,1386,2539.8630136986303,2373.85055,0.0693,1,static_lti_mh,0.06377854958302283,0.024474838793185186,0.0010259392155296042,1.6084835152627555,9.936323082581409e-05,-3.314920319375663e-05,4.1968149848712454e-05,1.880812859743759,0.007547169811320755,0.16546089573259784,8.886323910473674e-05,,,,,1.8398488252486866,-0.040964034495072355
dwell_r1_xi_1_p+0_Nd4001_dt1,fu_cwcarrier,dwell,1,xi_1,0,4001,1.0,2.5350000000000003e-06,0.07321886766113006,28.47567228800108,1459,73,1386,2539.8630136986303,2373.85055,0.0693,1,linear,0.05485431485133026,0.019057320444707426,0.0017849870489137281,1.2337590433344643,0.00012860129905999717,5.3466697816662875e-06,3.6543487326258705e-05,1.8398488252486866,0.007547169811320755,0.1358159254929006,6.1781699640668e-05,,,,,1.8398488252486866,0.0
dwell_r1_xi_2_p+0_Nd4001_dt1,fu_cwcarrier,dwell,1,xi_2,0,4001,1.0,2.5350000000000003e-06,0.07321886766113006,29.58788007199837,1459,37,1422,5011.081081081081,4664.79323,0.0711,2,atomic,0.1629641056186063,0.09629170338596325,0.001217854899382576,1.5869838089558042,0.00010280644341354399,-1.4075519595096904e-06,7.570056599651659e-05,1.9578011612748216,0.007547169811320755,0.19570295466076285,0.00020980576004881463,0.03765155552740713,0.024740546773247156,0.039662058087186126,0.0250470268047488,1.9999999999925804,0.04219883871775876
dwell_r1_xi_2_p+0_Nd4001_dt1,fu_cwcarrier,dwell,1,xi_2,0,4001,1.0,2.5350000000000003e-06,0.07321886766113006,29.58788007199837,1459,37,1422,5011.081081081081,4664.79323,0.0711,2,static,0.00894815882020204,0.008874147224996536,0.001005973827362476,1.5907414136471325,9.874353907136677e-05,1.5294816856731562e-09,3.217224077804532e-06,2.0,0.0,0.08205958970167758,4.095783644383331e-05,,,,,1.9999999999925804,-7.419620473569921e-12
dwell_r1_xi_2_p+0_Nd4001_dt1,fu_cwcarrier,dwell,1,xi_2,0,4001,1.0,2.5350000000000003e-06,0.07321886766113006,29.58788007199837,1459,37,1422,5011.081081081081,4664.79323,0.0711,2,static_lti,0.04136523123263497,0.021520874713203984,0.0010183038610134967,1.6012651076899913,9.929455531708277e-05,3.438039387922404e-07,2.016817077227716e-05,1.999997687782868,0.0,0.10877322081174041,7.251791122047749e-05,,,,,1.9999999999925804,2.3122097123629004e-06
dwell_r1_xi_2_p+0_Nd4001_dt1,fu_cwcarrier,dwell,1,xi_2,0,4001,1.0,2.5350000000000003e-06,0.07321886766113006,29.58788007199837,1459,37,1422,5011.081081081081,4664.79323,0.0711,2,static_mh,0.023216217425445624,0.022874428667706198,0.0010064852743429666,1.5904218116570255,9.88319235755917e-05,-3.6313691173185854e-05,5.547266509701075e-05,2.0,0.0,0.09091931504542985,5.798753565992425e-05,,,,,1.9999999999925804,-7.419620473569921e-12
dwell_r1_xi_2_p+0_Nd4001_dt1,fu_cwcarrier,dwell,1,xi_2,0,4001,1.0,2.5350000000000003e-06,0.07321886766113006,29.58788007199837,1459,37,1422,5011.081081081081,4664.79323,0.0711,2,static_lti_mh,0.04239560546802165,0.023026344486383094,0.0010181895230904558,1.6011772897691958,9.930021824450342e-05,-3.5971378109301164e-05,4.525546378870556e-05,1.999985136551795,0.0,0.11190166938149568,7.50337146561467e-05,,,,,1.9999999999925804,1.4863440785273241e-05
dwell_r1_xi_2_p+0_Nd4001_dt1,fu_cwcarrier,dwell,1,xi_2,0,4001,1.0,2.5350000000000003e-06,0.07321886766113006,29.58788007199837,1459,37,1422,5011.081081081081,4664.79323,0.0711,2,linear,0.03597236990386533,0.016491381106270252,0.001771781407185789,1.226590995847117,0.00012840212501535176,5.517396855868441e-07,3.178194565760277e-05,1.9999999999925804,0.0,0.08563728215639406,5.449488499494144e-05,,,,,1.9999999999925804,0.0
dwell_r1_xi_4_p+0_Nd4001_dt1,fu_cwcarrier,dwell,1,xi_4,0,4001,1.0,2.5350000000000003e-06,0.07321886766113006,28.642907646000822,1459,18,1441,10300.555555555555,9568.40055,0.07205,4,atomic,0.12895620025647336,0.07651885396625334,0.0011638521335819814,1.5936736100851958,0.00010164132226770623,-2.5371300328134484e-05,7.055275579925388e-05,1.9994319433500731,0.0,0.19482639167968957,0.0001854812479182196,0.028158006141726782,0.015892883223351854,0.0294098162507373,0.016014486175196116,2.0,0.0005680566499268735
dwell_r1_xi_4_p+0_Nd4001_dt1,fu_cwcarrier,dwell,1,xi_4,0,4001,1.0,2.5350000000000003e-06,0.07321886766113006,28.642907646000822,1459,18,1441,10300.555555555555,9568.40055,0.07205,4,static,0.008561237332522427,0.00845556977978455,0.0010054743445161234,1.5913788651727654,9.879214656731354e-05,1.143363460794823e-07,2.9029569609358394e-06,2.0,0.0,0.08427430173425687,3.636422401223579e-05,,,,,2.0,0.0
dwell_r1_xi_4_p+0_Nd4001_dt1,fu_cwcarrier,dwell,1,xi_4,0,4001,1.0,2.5350000000000003e-06,0.07321886766113006,28.642907646000822,1459,18,1441,10300.555555555555,9568.40055,0.07205,4,static_lti,0.037534022148216446,0.020521836443600807,0.001013547135418766,1.5975814500811536,9.918872332296623e-05,2.110999584988352e-07,1.9610117492982883e-05,1.9999999999999631,0.0,0.11864974707202035,6.201009308500655e-05,,,,,2.0,3.68594044175552e-14
dwell_r1_xi_4_p+0_Nd4001_dt1,fu_cwcarrier,dwell,1,xi_4,0,4001,1.0,2.5350000000000003e-06,0.07321886766113006,28.642907646000822,1459,18,1441,10300.555555555555,9568.40055,0.07205,4,static_mh,0.016988357949369422,0.016860946669174835,0.0010057634419093655,1.5911791935109723,9.887186864383611e-05,-3.6208708153242036e-05,5.582764967973583e-05,2.0,0.0,0.09191180624020967,4.0805062727706526e-05,,,,,2.0,0.0
dwell_r1_xi_4_p+0_Nd4001_dt1,fu_cwcarrier,dwell,1,xi_4,0,4001,1.0,2.5350000000000003e-06,0.07321886766113006,28.642907646000822,1459,18,1441,10300.555555555555,9568.40055,0.07205,4,static_lti_mh,0.038919518944823206,0.021818648272646728,0.0010136080849939026,1.5977180357003167,9.919753387281994e-05,-3.6128056031891445e-05,5.0414410651926826e-05,1.9999999999997473,0.0,0.12312457979951075,6.585252900035172e-05,,,,,2.0,2.5268676040468563e-13
dwell_r1_xi_4_p+0_Nd4001_dt1,fu_cwcarrier,dwell,1,xi_4,0,4001,1.0,2.5350000000000003e-06,0.07321886766113006,28.642907646000822,1459,18,1441,10300.555555555555,9568.40055,0.07205,4,linear,0.0294968888848569,0.015558684670614966,0.0017626751451126433,1.2234183167651553,0.00012813884741267044,1.1247596404160913e-06,2.9791106732809355e-05,2.0,0.0,0.09711998958867969,3.681857203827191e-05,,,,,2.0,0.0
dwell_r2_xi_0.05_p+3_Nd4001_dt1,fu_cwcarrier,dwell,2,xi_0.05,3,4001,1.0,2.5350000000000003e-06,0.07321886766113006,33.30520531399816,1459,1459,0,127.08019191226867,137.08073,0.0,0.05,atomic,1.0102546165918826,0.45970005694210236,0.0017079323773494907,1.652529889220955,0.00013222545853280152,-2.0379707176403512e-05,0.00022911979864079698,1.8563736216606608,0.04150943396226415,0.31006557213611124,0.0010001978947374516,0.435661820754093,0.4043835619963102,0.7981542293307861,0.47887853956982834,1.9624330994934343,0.10605947783277347
dwell_r2_xi_0.05_p+3_Nd4001_dt1,fu_cwcarrier,dwell,2,xi_0.05,3,4001,1.0,2.5350000000000003e-06,0.07321886766113006,33.30520531399816,1459,1459,0,127.08019191226867,137.08073,0.0,0.05,static,0.05458360185149221,0.05428877993634699,0.00043263856791069167,2.136191624442551,0.0001077239572818921,-4.1299503091995014e-08,7.3890077238578725e-06,1.9924813290604613,0.0037735849056603774,0.1606403731027862,0.00021529072655655053,,,,,1.9624330994934343,-0.03004822956702702
dwell_r2_xi_0.05_p+3_Nd4001_dt1,fu_cwcarrier,dwell,2,xi_0.05,3,4001,1.0,2.5350000000000003e-06,0.07321886766113006,33.30520531399816,1459,1459,0,127.08019191226867,137.08073,0.0,0.05,static_lti,0.4391828972084476,0.030424467558597384,0.0006122120564818509,2.428556419625897,0.00011046412392523415,-1.6281614609191393e-06,4.779011510833761e-05,1.9384721165097705,0.007547169811320755,0.2651002531022889,0.000721969383305532,,,,,1.9624330994934343,0.02396098298366378
dwell_r2_xi_0.05_p+3_Nd4001_dt1,fu_cwcarrier,dwell,2,xi_0.05,3,4001,1.0,2.5350000000000003e-06,0.07321886766113006,33.30520531399816,1459,1459,0,127.08019191226867,137.08073,0.0,0.05,static_mh,58.93709762277964,52.353893602925176,0.00043831797334539525,2.0756519972365104,0.00017100303537318686,3.012780031585037e-05,7.00189960429321e-05,0.7805870626305219,0.30943396226415093,0.8868285979068533,0.007331190397795423,,,,,1.9624330994934343,1.1818460368629125
dwell_r2_xi_0.05_p+3_Nd4001_dt1,fu_cwcarrier,dwell,2,xi_0.05,3,4001,1.0,2.5350000000000003e-06,0.07321886766113006,33.30520531399816,1459,1459,0,127.08019191226867,137.08073,0.0,0.05,static_lti_mh,0.9527869412032072,0.4012015066350114,0.0006104103420799326,2.4280360759712023,0.00011173765064554541,2.8539114353644913e-05,5.250702299402285e-05,1.9813271288605303,0.007547169811320755,0.19116177860314057,0.0003560206967817736,,,,,1.9624330994934343,-0.018894029367096055
dwell_r2_xi_0.05_p+3_Nd4001_dt1,fu_cwcarrier,dwell,2,xi_0.05,3,4001,1.0,2.5350000000000003e-06,0.07321886766113006,33.30520531399816,1459,1459,0,127.08019191226867,137.08073,0.0,0.05,linear,0.4416297580377605,0.024850862785572775,0.0024220300414781464,1.5266758883078262,0.00019434072265969384,-8.963657925878114e-06,0.00020743952682304647,1.9624330994934343,0.0,0.25329528122505846,0.000619508172350823,,,,,1.9624330994934343,0.0
dwell_r2_xi_0.1_p+3_Nd4001_dt1,fu_cwcarrier,dwell,2,xi_0.1,3,4001,1.0,2.5350000000000003e-06,0.07321886766113006,26.633729249999305,1459,731,728,253.6388508891929,254.40724,0.0364,0.1,atomic,0.8860595852238832,0.40234291543742173,0.0012192833833968176,1.621530856210817,0.00011146524405979988,8.141749619405244e-07,0.00020945218106159676,1.5991523856142456,0.09433962264150944,0.3450112266324228,0.0012506017017028753,0.3993314835843421,0.3873881767844192,0.6805024316876438,0.4319976778425949,1.9751703551934232,0.37601796957917766
dwell_r2_xi_0.1_p+3_Nd4001_dt1,fu_cwcarrier,dwell,2,xi_0.1,3,4001,1.0,2.5350000000000003e-06,0.07321886766113006,26.633729249999305,1459,731,728,253.6388508891929,254.40724,0.0364,0.1,static,0.028270143836081778,0.02809270764828685,0.00042253272290673126,2.169220243564623,0.0001081231121484704,2.1631660720313806e-08,5.053269594607109e-06,1.9999970010453871,0.0,0.13892152977375305,0.00021044934508017023,,,,,1.9751703551934232,-0.024826645851963924
dwell_r2_xi_0.1_p+3_Nd4001_dt1,fu_cwcarrier,dwell,2,xi_0.1,3,4001,1.0,2.5350000000000003e-06,0.07321886766113006,26.633729249999305,1459,731,728,253.6388508891929,254.40724,0.0364,0.1,static_lti,0.2962175951106449,0.03654182399109047,0.0005181058655670666,2.3155712651930807,0.00011014247511882006,1.724018101823043e-06,3.668670661928946e-05,1.9309550556085122,0.018867924528301886,0.2555044852348215,0.0007543526048446602,,,,,1.9751703551934232,0.044215299584910994
dwell_r2_xi_0.1_p+3_Nd4001_dt1,fu_cwcarrier,dwell,2,xi_0.1,3,4001,1.0,2.5350000000000003e-06,0.07321886766113006,26.633729249999305,1459,731,728,253.6388508891929,254.40724,0.0364,0.1,static_mh,18.29018121588891,16.802672655802787,0.0004226112513421596,2.1663474557341527,0.00013699245605052116,3.032083610185135e-05,0.00013353217553554295,0.5854559730037346,0.27169811320754716,1.149989779199922,0.01461517990094415,,,,,1.9751703551934232,1.3897143821896885
dwell_r2_xi_0.1_p+3_Nd4001_dt1,fu_cwcarrier,dwell,2,xi_0.1,3,4001,1.0,2.5350000000000003e-06,0.07321886766113006,26.633729249999305,1459,731,728,253.6388508891929,254.40724,0.0364,0.1,static_lti_mh,0.5752728757322575,0.2632181578495963,0.0005165250995320657,2.316023797685491,0.00011088502854166809,3.207386031752223e-05,6.016061253142721e-05,1.7877292764579218,0.05660377358490566,0.22054724230119582,0.0006604392023028096,,,,,1.9751703551934232,0.18744107873550142
dwell_r2_xi_0.1_p+3_Nd4001_dt1,fu_cwcarrier,dwell,2,xi_0.1,3,4001,1.0,2.5350000000000003e-06,0.07321886766113006,26.633729249999305,1459,731,728,253.6388508891929,254.40724,0.0364,0.1,linear,0.2872388849479043,0.027103608178275417,0.002106822371711928,1.3896661917464612,0.0001931512394350932,7.220726732811583e-06,0.00014106229358008997,1.9751703551934232,0.0037735849056603774,0.24566870493319767,0.0005755786609521828,,,,,1.9751703551934232,0.0
dwell_r2_xi_0.25_p+3_Nd4001_dt1,fu_cwcarrier,dwell,2,xi_0.25,3,4001,1.0,2.5350000000000003e-06,0.07321886766113006,27.504986852000002,1459,293,1166,632.7986348122867,605.90671,0.0583,0.25,atomic,1.7961260253857725,0.670487746184098,0.0006787707394774832,1.8868955951503563,8.07165788884946e-05,8.149033911557114e-05,0.0002567482195792475,1.4084042315617755,0.12830188679245283,0.5787304725356827,0.0031399769913249696,0.3760737650356016,0.3737887134114767,0.5397846152763022,0.39068905421248995,1.9640236822564257,0.5556194506946501
dwell_r2_xi_0.25_p+3_Nd4001_dt1,fu_cwcarrier,dwell,2,xi_0.25,3,4001,1.0,2.5350000000000003e-06,0.07321886766113006,27.504986852000002,1459,293,1166,632.7986348122867,605.90671,0.0583,0.25,static,0.02242774037095256,0.02224519954519902,0.00041947771921353337,2.177140276332963,0.00010813836143604663,-1.8509384924194152e-08,3.452895328523866e-06,1.9999988753865388,0.0,0.1337736489753791,0.00021897810352447476,,,,,1.9640236822564257,-0.0359751931301131
dwell_r2_xi_0.25_p+3_Nd4001_dt1,fu_cwcarrier,dwell,2,xi_0.25,3,4001,1.0,2.5350000000000003e-06,0.07321886766113006,27.504986852000002,1459,293,1166,632.7986348122867,605.90671,0.0583,0.25,static_lti,0.1737102034611873,0.04853351517534771,0.0004589406162470464,2.214884705743533,0.0001093550972757193,1.2506188694909882e-06,2.2403895480940642e-05,1.9636349729511369,0.011320754716981131,0.22901347064593328,0.0005140989447245767,,,,,1.9640236822564257,0.00038870930528878134
dwell_r2_xi_0.25_p+3_Nd4001_dt1,fu_cwcarrier,dwell,2,xi_0.25,3,4001,1.0,2.5350000000000003e-06,0.07321886766113006,27.504986852000002,1459,293,1166,632.7986348122867,605.90671,0.0583,0.25,static_mh,6.817226557732477,6.613681185800329,0.0004198845737372522,2.172019000237184,0.0001201778693133089,3.03282427588742e-05,0.00021135018583387323,0.5602245159107019,0.2641509433962264,1.2751845598784117,0.02038479663436811,,,,,1.9640236822564257,1.4037991663457237
dwell_r2_xi_0.25_p+3_Nd4001_dt1,fu_cwcarrier,dwell,2,xi_0.25,3,4001,1.0,2.5350000000000003e-06,0.07321886766113006,27.504986852000002,1459,293,1166,632.7986348122867,605.90671,0.0583,0.25,static_lti_mh,0.28167633905846984,0.1464183493482923,0.0004589622130039802,2.2142780035114447,0.00010959322450007508,3.1643690768650256e-05,8.624369683263265e-05,1.743940365985647,0.052830188679245285,0.25466953389698377,0.0006244046335359801,,,,,1.9640236822564257,0.2200833162707787
dwell_r2_xi_0.25_p+3_Nd4001_dt1,fu_cwcarrier,dwell,2,xi_0.25,3,4001,1.0,2.5350000000000003e-06,0.07321886766113006,27.504986852000002,1459,293,1166,632.7986348122867,605.90671,0.0583,0.25,linear,0.1509565323453938,0.03041115666017611,0.0018731710298521295,1.2802849551741757,0.00018495590183030837,2.643263842968735e-06,8.110352029251842e-05,1.9640236822564257,0.01509433962264151,0.1695346879818727,0.00037706909546245267,,,,,1.9640236822564257,0.0
dwell_r2_xi_0.5_p+3_Nd4001_dt1,fu_cwcarrier,dwell,2,xi_0.5,3,4001,1.0,2.5350000000000003e-06,0.07321886766113006,28.050016687000607,1459,146,1313,1269.9315068493152,1196.56055,0.06565,0.5,atomic,1.6395889411292055,0.5493209326578796,0.0007066615885823578,2.0865256772441443,9.968287269906252e-05,0.00025021052414265994,0.00031706427959185676,1.2711758858918065,0.12830188679245283,0.5920605675076036,0.003564904544095494,0.2339790521965275,0.2234952019465746,0.33264151723960406,0.23030555844581893,1.8671533841501475,0.595977498258341
dwell_r2_xi_0.5_p+3_Nd4001_dt1,fu_cwcarrier,dwell,2,xi_0.5,3,4001,1.0,2.5350000000000003e-06,0.07321886766113006,28.050016687000607,1459,146,1313,1269.9315068493152,1196.56055,0.06565,0.5,static,0.01982682866251157,0.019453898977104804,0.0004188690445800763,2.1783315614005994,0.00010820462180526653,-1.9936265010385731e-07,2.945015541739622e-06,1.9999992602991472,0.0,0.14256909815073412,0.00020508909878717453,,,,,1.8671533841501475,-0.13284587614899968
dwell_r2_xi_0.5_p+3_Nd4001_dt1,fu_cwcarrier,dwell,2,xi_0.5,3,4001,1.0,2.5350000000000003e-06,0.07321886766113006,28.050016687000607,1459,146,1313,1269.9315068493152,1196.56055,0.06565,0.5,static_lti,0.11614121264958122,0.044094560309569715,0.00044348612968291283,2.1884813820254982,0.0001090714708496315,3.714668554011508e-06,2.0855637759564512e-05,1.9640201233320478,0.01509433962264151,0.2101790203259406,0.0003286678200162928,,,,,1.8671533841501475,-0.09686673918190025
dwell_r2_xi_0.5_p+3_Nd4001_dt1,fu_cwcarrier,dwell,2,xi_0.5,3,4001,1.0,2.5350000000000003e-06,0.07321886766113006,28.050016687000607,1459,146,1313,1269.9315068493152,1196.56055,0.06565,0.5,static_mh,3.4209266585662976,3.3375504957679056,0.00041715505367517883,2.181713245432248,0.00011351351226209254,3.0148566480273415e-05,0.00022455989454310267,0.6541665717628109,0.15849056603773584,1.0530223254390865,0.005970710337994263,,,,,1.8671533841501475,1.2129868123873366
dwell_r2_xi_0.5_p+3_Nd4001_dt1,fu_cwcarrier,dwell,2,xi_0.5,3,4001,1.0,2.5350000000000003e-06,0.07321886766113006,28.050016687000607,1459,146,1313,1269.9315068493152,1196.56055,0.06565,0.5,static_lti_mh,0.17443227028080457,0.1020959060796354,0.0004434675254913123,2.1878780833671008,0.0001092021264587131,3.40276950568483e-05,0.0001055905386427096,1.6916603255155072,0.03018867924528302,0.22859530347696358,0.0003875382725523119,,,,,1.8671533841501475,0.17549305863464038
dwell_r2_xi_0.5_p+3_Nd4001_dt1,fu_cwcarrier,dwell,2,xi_0.5,3,4001,1.0,2.5350000000000003e-06,0.07321886766113006,28.050016687000607,1459,146,1313,1269.9315068493152,1196.56055,0.06565,0.5,linear,0.08446456778467822,0.022657055714327887,0.0018089234984240057,1.2487936451461303,0.0001823845629079864,4.278470034205267e-06,7.040165298062106e-05,1.8671533841501475,0.011320754716981131,0.15081300532486175,0.0001353990713829132,,,,,1.8671533841501475,0.0
dwell_r2_xi_1_p+3_Nd4001_dt1,fu_cwcarrier,dwell,2,xi_1,3,4001,1.0,2.5350000000000003e-06,0.07321886766113006,31.95520898200266,1459,73,1386,2539.8630136986303,2373.85055,0.0693,1,atomic,1.4829370887004758,0.620858698969246,0.0006987239474369074,2.017929734440395,0.00010069159563817233,0.00011459492319974268,0.0003115803887144182,1.4914236021489355,0.12452830188679245,0.5493967618890644,0.003674396837180616,0.2092381763178361,0.20061390348691138,0.27472101107225283,0.20311704653885257,1.8779138912822615,0.38649028913332595
dwell_r2_xi_1_p+3_Nd4001_dt1,fu_cwcarrier,dwell,2,xi_1,3,4001,1.0,2.5350000000000003e-06,0.07321886766113006,31.95520898200266,1459,73,1386,2539.8630136986303,2373.85055,0.0693,1,static,0.018626817124340275,0.018267405511589757,0.00041800944666045683,2.1798357292980235,0.00010830350995834501,-7.188015972586142e-08,2.6044378690486667e-06,1.9999997381236911,0.0,0.1400919816055625,0.00020975749927970645,,,,,1.8779138912822615,-0.12208584684142965
dwell_r2_xi_1_p+3_Nd4001_dt1,fu_cwcarrier,dwell,2,xi_1,3,4001,1.0,2.5350000000000003e-06,0.07321886766113006,31.95520898200266,1459,73,1386,2539.8630136986303,2373.85055,0.0693,1,static_lti,0.08379303864708913,0.041719550368811316,0.0004366611324691959,2.172715350134753,0.00010901256905712973,-4.7855332762472054e-08,1.6217630953629063e-05,1.9778754424438496,0.007547169811320755,0.16836594139897312,0.0003140468776788437,,,,,1.8779138912822615,-0.09996155116158811
dwell_r2_xi_1_p+3_Nd4001_dt1,fu_cwcarrier,dwell,2,xi_1,3,4001,1.0,2.5350000000000003e-06,0.07321886766113006,31.95520898200266,1459,73,1386,2539.8630136986303,2373.85055,0.0693,1,static_mh,1.9542529369176542,1.9293500697932953,0.0004180054315580117,2.1977787989267124,0.00011173235210052515,3.114982931373478e-05,0.0002319464913334133,1.193096908298651,0.0830188679245283,0.6314255362437183,0.003946110643073986,,,,,1.8779138912822615,0.6848169829836106
dwell_r2_xi_1_p+3_Nd4001_dt1,fu_cwcarrier,dwell,2,xi_1,3,4001,1.0,2.5350000000000003e-06,0.07321886766113006,31.95520898200266,1459,73,1386,2539.8630136986303,2373.85055,0.0693,1,static_lti_mh,0.12702290631398186,0.07802584244804264,0.0004372174755804185,2.1729412370095744,0.00010911323053652575,3.092106363739179e-05,0.00013720276564357798,1.8464653751803854,0.01509433962264151,0.18176335333020793,0.00035369027489032544,,,,,1.8779138912822615,0.031448516101876045
dwell_r2_xi_1_p+3_Nd4001_dt1,fu_cwcarrier,dwell,2,xi_1,3,4001,1.0,2.5350000000000003e-06,0.07321886766113006,31.95520898200266,1459,73,1386,2539.8630136986303,2373.85055,0.0693,1,linear,0.055026224846774226,0.018951440624213736,0.0017844466369813152,1.2349600795062647,0.00018178021831517923,-1.668195825415095e-06,5.1872733675875276e-05,1.8779138912822615,0.007547169811320755,0.11347833562726392,0.00012831860982731233,,,,,1.8779138912822615,0.0
dwell_r2_xi_2_p+3_Nd4001_dt1,fu_cwcarrier,dwell,2,xi_2,3,4001,1.0,2.5350000000000003e-06,0.07321886766113006,30.851457078002568,1459,37,1422,5011.081081081081,4664.79323,0.0711,2,atomic,1.0054396887047923,0.4811188945400055,0.0006806454410372867,1.955504484913539,0.00011050551302874531,0.00011919668999892725,0.0002935169553170511,1.585987321566119,0.07924528301886792,0.5359778252155224,0.002832212144381527,0.11557487194896907,0.106377653015938,0.15558528489153126,0.10755731550637349,1.9999999999610087,0.41401267839488964
dwell_r2_xi_2_p+3_Nd4001_dt1,fu_cwcarrier,dwell,2,xi_2,3,4001,1.0,2.5350000000000003e-06,0.07321886766113006,30.851457078002568,1459,37,1422,5011.081081081081,4664.79323,0.0711,2,static,0.017834320302001785,0.017275974692040456,0.00041784768070619833,2.181169582898484,0.0001083082079570014,-4.234549101322349e-08,2.4295373500001626e-06,1.999999983614653,0.0,0.1404099564167414,0.00021924342855564506,,,,,1.9999999999610087,1.6346355824481407e-08
dwell_r2_xi_2_p+3_Nd4001_dt1,fu_cwcarrier,dwell,2,xi_2,3,4001,1.0,2.5350000000000003e-06,0.07321886766113006,30.851457078002568,1459,37,1422,5011.081081081081,4664.79323,0.0711,2,static_lti,0.0648070561575466,0.03966314185515105,0.00043317310812801416,2.165044787230622,0.0001089401902923079,3.1021181788666424e-07,1.5562367822413882e-05,1.9995111291222785,0.0,0.16994031962566186,0.0003191738492148886,,,,,1.9999999999610087,0.000488870838730282
dwell_r2_xi_2_p+3_Nd4001_dt1,fu_cwcarrier,dwell,2,xi_2,3,4001,1.0,2.5350000000000003e-06,0.07321886766113006,30.851457078002568,1459,37,1422,5011.081081081081,4664.79323,0.0711,2,static_mh,1.21767446069732,1.2070401765674785,0.0004191900773433541,2.178135671960969,0.0001105481240927332,3.1163609349941334e-05,0.00023511420880021963,1.1331419338605138,0.2,0.6361997561494583,0.00464062886990796,,,,,1.9999999999610087,0.866858066100495
dwell_r2_xi_2_p+3_Nd4001_dt1,fu_cwcarrier,dwell,2,xi_2,3,4001,1.0,2.5350000000000003e-06,0.07321886766113006,30.851457078002568,1459,37,1422,5011.081081081081,4664.79323,0.0711,2,static_lti_mh,0.0989935934109562,0.07454837580657905,0.00043292358719235674,2.1644615780876446,0.00010900963078994087,3.152005549655015e-05,0.0001683805460352471,1.9401275162536629,0.0037735849056603774,0.18326284885267105,0.00035052824447578474,,,,,1.9999999999610087,0.05987248370734588
dwell_r2_xi_2_p+3_Nd4001_dt1,fu_cwcarrier,dwell,2,xi_2,3,4001,1.0,2.5350000000000003e-06,0.07321886766113006,30.851457078002568,1459,37,1422,5011.081081081081,4664.79323,0.0711,2,linear,0.03683153441026086,0.016518108705613297,0.0017737988168910319,1.226939271109859,0.00018131040853277736,-1.9828490344895218e-07,4.5360744864895986e-05,1.9999999999610087,0.0,0.08718289757861304,9.691654142079381e-05,,,,,1.9999999999610087,0.0
dwell_r2_xi_4_p+3_Nd4001_dt1,fu_cwcarrier,dwell,2,xi_4,3,4001,1.0,2.5350000000000003e-06,0.07321886766113006,26.801643513997988,1459,18,1441,10300.555555555555,9568.40055,0.07205,4,atomic,0.91365395189946,0.445230174413685,0.0006023135797569522,2.021396386116921,0.00011027958191960497,7.019373843719884e-05,0.0002756604873771965,1.5061346686127912,0.08679245283018867,0.48891439943382614,0.002606039749404607,0.07922873146128871,0.06966869381128339,0.10489648915865768,0.0698927506622072,1.9497806746608415,0.44364600604805027
dwell_r2_xi_4_p+3_Nd4001_dt1,fu_cwcarrier,dwell,2,xi_4,3,4001,1.0,2.5350000000000003e-06,0.07321886766113006,26.801643513997988,1459,18,1441,10300.555555555555,9568.40055,0.07205,4,static,0.017683216923463644,0.016934823012234843,0.0004180661862961648,2.1821425169312856,0.00010832003932940397,-5.1874263383615696e-08,2.299300928247019e-06,1.9999999913343023,0.0,0.1360039319852775,0.0002002766796971619,,,,,1.9497806746608415,-0.0502193166734608
dwell_r2_xi_4_p+3_Nd4001_dt1,fu_cwcarrier,dwell,2,xi_4,3,4001,1.0,2.5350000000000003e-06,0.07321886766113006,26.801643513997988,1459,18,1441,10300.555555555555,9568.40055,0.07205,4,static_lti,0.057017795673253054,0.03870550063912165,0.0004300957129239868,2.1611217257754944,0.00010892847154377184,-2.821742811164143e-07,1.5289993748241033e-05,1.999976394983056,0.0,0.16699183941894777,0.00025460185728214634,,,,,1.9497806746608415,-0.05019572032221453
dwell_r2_xi_4_p+3_Nd4001_dt1,fu_cwcarrier,dwell,2,xi_4,3,4001,1.0,2.5350000000000003e-06,0.07321886766113006,26.801643513997988,1459,18,1441,10300.555555555555,9568.40055,0.07205,4,static_mh,0.8299910427730826,0.8255143333212918,0.00042387381850874224,2.186492283675685,0.0001099366655063027,3.119276427920864e-05,0.00023676561554820567,1.7541171887001825,0.07924528301886792,0.4179128748076879,0.001618469569430214,,,,,1.9497806746608415,0.19566348596065897
dwell_r2_xi_4_p+3_Nd4001_dt1,fu_cwcarrier,dwell,2,xi_4,3,4001,1.0,2.5350000000000003e-06,0.07321886766113006,26.801643513997988,1459,18,1441,10300.555555555555,9568.40055,0.07205,4,static_lti_mh,0.09203216409743402,0.07335157739362695,0.00043003424230258477,2.1599338725346886,0.00010899963590284512,3.0128545175282875e-05,0.00019993826543655702,1.982618539546648,0.0037735849056603774,0.17474634064066796,0.0002961929029163338,,,,,1.9497806746608415,-0.032837864885806534
dwell_r2_xi_4_p+3_Nd4001_dt1,fu_cwcarrier,dwell,2,xi_4,3,4001,1.0,2.5350000000000003e-06,0.07321886766113006,26.801643513997988,1459,18,1441,10300.555555555555,9568.40055,0.07205,4,linear,0.028219253764590255,0.015465523387135397,0.0017632790684518269,1.2221429862853073,0.00018095194198906785,-6.143402581804965e-07,4.198954237835392e-05,1.9497806746608415,0.0037735849056603774,0.08007480792245894,6.373520785651948e-05,,,,,1.9497806746608415,0.0
dwell_r2_xi_0.05_p+0_Nd4001_dt1,fu_cwcarrier,dwell,2,xi_0.05,0,4001,1.0,2.5350000000000003e-06,0.07321886766113006,26.363380426999356,1459,1459,0,127.08019191226867,137.08073,0.0,0.05,atomic,0.8328456202862371,0.3280483778687967,0.001933079624682017,1.605775433268673,0.00010675896381893738,-0.00011392201670269614,0.00017935230310694617,1.9132109594692421,0.022641509433962263,0.30390747658316797,0.0004478320060500945,0.295756655870241,0.17566239980488366,0.3846139807073457,0.18915877503008058,1.960615844427935,0.04740488495869277
dwell_r2_xi_0.05_p+0_Nd4001_dt1,fu_cwcarrier,dwell,2,xi_0.05,0,4001,1.0,2.5350000000000003e-06,0.07321886766113006,26.363380426999356,1459,1459,0,127.08019191226867,137.08073,0.0,0.05,static,0.05136314152248134,0.051174127837529636,0.0010212263348312925,1.5814901533929324,9.677828250887576e-05,8.324824029256027e-08,1.2623768305120312e-05,1.999952390323345,0.0,0.12414285847562874,6.341817647750943e-05,,,,,1.960615844427935,-0.039336545895410024
dwell_r2_xi_0.05_p+0_Nd4001_dt1,fu_cwcarrier,dwell,2,xi_0.05,0,4001,1.0,2.5350000000000003e-06,0.07321886766113006,26.363380426999356,1459,1459,0,127.08019191226867,137.08073,0.0,0.05,static_lti,0.43762324545598863,0.025902755804475645,0.0014086754986193128,1.8945993515589394,0.0001034137836842715,-3.6960566433755e-06,8.257458819873788e-05,1.956269146190509,0.007547169811320755,0.25372591615458495,0.00032411093735343176,,,,,1.960615844427935,0.004346698237425839
dwell_r2_xi_0.05_p+0_Nd4001_dt1,fu_cwcarrier,dwell,2,xi_0.05,0,4001,1.0,2.5350000000000003e-06,0.07321886766113006,26.363380426999356,1459,1459,0,127.08019191226867,137.08073,0.0,0.05,static_mh,1.2173581455680635,1.2117067603643767,0.001027681178736114,1.5738141332704905,0.00010177655393015201,-3.6483507630689616e-05,1.992009759709337e-05,1.336064802065506,0.1169811320754717,0.7092048521189688,0.002417848055512254,,,,,1.960615844427935,0.624551042362429
dwell_r2_xi_0.05_p+0_Nd4001_dt1,fu_cwcarrier,dwell,2,xi_0.05,0,4001,1.0,2.5350000000000003e-06,0.07321886766113006,26.363380426999356,1459,1459,0,127.08019191226867,137.08073,0.0,0.05,static_lti_mh,0.45539147634195415,0.038724561044230464,0.0014082794174875124,1.8937344652445869,0.00010354467863347763,-4.02631951429585e-05,8.274490436198453e-05,1.956985776019767,0.007547169811320755,0.24879543794494458,0.0003127047987554736,,,,,1.960615844427935,0.003630068408167819
dwell_r2_xi_0.05_p+0_Nd4001_dt1,fu_cwcarrier,dwell,2,xi_0.05,0,4001,1.0,2.5350000000000003e-06,0.07321886766113006,26.363380426999356,1459,1459,0,127.08019191226867,137.08073,0.0,0.05,linear,0.44162975803779986,0.0248508627855741,0.002422030041480511,1.5266758883079024,0.00013758269534109736,-6.345783841289537e-06,0.00014685593852902006,1.960615844427935,0.0,0.2536251202685479,0.0003133527051726738,,,,,1.960615844427935,0.0
dwell_r2_xi_0.1_p+0_Nd4001_dt1,fu_cwcarrier,dwell,2,xi_0.1,0,4001,1.0,2.5350000000000003e-06,0.07321886766113006,31.894153559002007,1459,731,728,253.6388508891929,254.40724,0.0364,0.1,atomic,0.5060306979048467,0.2054379355114922,0.0016248387614916453,1.526103842025285,0.00010570547427976453,-9.929145277925706e-05,0.0001404331011237974,1.832617033243835,0.045283018867924525,0.27280627769486,0.000341843109479271,0.18679845466768494,0.11327037259535039,0.24096206092831388,0.12055986192513164,1.9736285996517458,0.1410115664079108
dwell_r2_xi_0.1_p+0_Nd4001_dt1,fu_cwcarrier,dwell,2,xi_0.1,0,4001,1.0,2.5350000000000003e-06,0.07321886766113006,31.894153559002007,1459,731,728,253.6388508891929,254.40724,0.0364,0.1,static,0.021548894811601625,0.021500592409437767,0.0010085386403903694,1.5892974867472194,9.8148224059732e-05,-6.876508343478437e-08,8.13455142793978e-06,1.9999999999996876,0.0,0.0952596127405014,4.6418846045860874e-05,,,,,1.9736285996517458,-0.02637140034794183
dwell_r2_xi_0.1_p+0_Nd4001_dt1,fu_cwcarrier,dwell,2,xi_0.1,0,4001,1.0,2.5350000000000003e-06,0.07321886766113006,31.894153559002007,1459,731,728,253.6388508891929,254.40724,0.0364,0.1,static_lti,0.28794237917284143,0.028741722478764237,0.001214055342761133,1.7610845513021691,0.00010288027006434703,3.1961987016374023e-06,5.887335940817351e-05,1.9802876063739452,0.0,0.2506473431873888,0.00031279798928235695,,,,,1.9736285996517458,-0.006659006722199434
dwell_r2_xi_0.1_p+0_Nd4001_dt1,fu_cwcarrier,dwell,2,xi_0.1,0,4001,1.0,2.5350000000000003e-06,0.07321886766113006,31.894153559002007,1459,731,728,253.6388508891929,254.40724,0.0364,0.1,static_mh,0.3763598359777981,0.3741658715314332,0.0010087808220072393,1.5889307269843247,0.00010006892567722857,-3.66094488698531e-05,3.199461119001353e-05,1.9311480800980285,0.007547169811320755,0.3399531688625284,0.0006372159273833308,,,,,1.9736285996517458,0.04248051955371723
dwell_r2_xi_0.1_p+0_Nd4001_dt1,fu_cwcarrier,dwell,2,xi_0.1,0,4001,1.0,2.5350000000000003e-06,0.07321886766113006,31.894153559002007,1459,731,728,253.6388508891929,254.40724,0.0364,0.1,static_lti_mh,0.2957011473672941,0.03575962849507258,0.0012135756137020722,1.7609785974822674,0.00010292829799017117,-3.333255902706779e-05,6.021441042895955e-05,1.9558646494783614,0.011320754716981131,0.25513215727091887,0.0003267397664177232,,,,,1.9736285996517458,0.01776395017338439
dwell_r2_xi_0.1_p+0_Nd4001_dt1,fu_cwcarrier,dwell,2,xi_0.1,0,4001,1.0,2.5350000000000003e-06,0.07321886766113006,31.894153559002007,1459,731,728,253.6388508891929,254.40724,0.0364,0.1,linear,0.28723888494795363,0.027103608178276714,0.0021068223717144365,1.3896661917465847,0.00013674060570664578,5.111883050683214e-06,9.986445607558141e-05,1.9736285996517458,0.0037735849056603774,0.24740451974094474,0.00029363134011228874,,,,,1.9736285996517458,0.0
dwell_r2_xi_0.25_p+0_Nd4001_dt1,fu_cwcarrier,dwell,2,xi_0.25,0,4001,1.0,2.5350000000000003e-06,0.07321886766113006,27.575018521998572,1459,293,1166,632.7986348122867,605.90671,0.0583,0.25,atomic,0.6903441633734004,0.3329798599505992,0.001105278202512665,1.614094828952091,8.60352852047073e-05,-9.19585417372998e-05,0.00014018922551278405,1.8419390089521523,0.05660377358490566,0.36002740767464647,0.0005842710563403273,0.15595366409004874,0.12670688713686873,0.17944964511209197,0.12938461391589462,1.9666121077795287,0.12467309882737632
dwell_r2_xi_0.25_p+0_Nd4001_dt1,fu_cwcarrier,dwell,2,xi_0.25,0,4001,1.0,2.5350000000000003e-06,0.07321886766113006,27.575018521998572,1459,293,1166,632.7986348122867,605.90671,0.0583,0.25,static,0.014524264111713842,0.014500175425438838,0.0010066274137543424,1.590316420226655,9.839206921114027e-05,-5.1630421628101154e-08,5.388909549865428e-06,2.0,0.0,0.088337300204981,4.819235137473929e-05,,,,,1.9666121077795287,-0.03338789222047134
dwell_r2_xi_0.25_p+0_Nd4001_dt1,fu_cwcarrier,dwell,2,xi_0.25,0,4001,1.0,2.5350000000000003e-06,0.07321886766113006,27.575018521998572,1459,293,1166,632.7986348122867,605.90671,0.0583,0.25,static_lti,0.15512103127482146,0.03386373200260374,0.0010777512705102456,1.653706725421701,0.00010038702493204,1.4472070804373173e-06,3.417386279152816e-05,1.9647121801722056,0.01509433962264151,0.1871302993362885,0.00021012033702552934,,,,,1.9666121077795287,0.0018999276073230487
dwell_r2_xi_0.25_p+0_Nd4001_dt1,fu_cwcarrier,dwell,2,xi_0.25,0,4001,1.0,2.5350000000000003e-06,0.07321886766113006,27.575018521998572,1459,293,1166,632.7986348122867,605.90671,0.0583,0.25,static_mh,0.1365706302752795,0.13602641639383606,0.0010068438108950543,1.5904891850597607,9.909814096377687e-05,-3.655364773608445e-05,4.989632105412776e-05,1.9999726872517578,0.0,0.18621114767149238,0.0002017455968916694,,,,,1.9666121077795287,-0.033360579472229146
dwell_r2_xi_0.25_p+0_Nd4001_dt1,fu_cwcarrier,dwell,2,xi_0.25,0,4001,1.0,2.5350000000000003e-06,0.07321886766113006,27.575018521998572,1459,293,1166,632.7986348122867,605.90671,0.0583,0.25,static_lti_mh,0.15904474057479057,0.03747329551264726,0.001077728680002815,1.6536798909410835,0.00010039733964696978,-3.504441055055211e-05,3.925079644265414e-05,1.94456130097931,0.022641509433962263,0.19650427733853607,0.00022513926612707205,,,,,1.9666121077795287,0.02205080680021876
dwell_r2_xi_0.25_p+0_Nd4001_dt1,fu_cwcarrier,dwell,2,xi_0.25,0,4001,1.0,2.5350000000000003e-06,0.07321886766113006,27.575018521998572,1459,293,1166,632.7986348122867,605.90671,0.0583,0.25,linear,0.15095653234540157,0.03041115666017438,0.001873171029854486,1.2802849551742348,0.00013093875099773282,1.8712874946440478e-06,5.741689528980142e-05,1.9666121077795287,0.011320754716981131,0.1713286328234828,0.00019150633506348456,,,,,1.9666121077795287,0.0
dwell_r2_xi_0.5_p+0_Nd4001_dt1,fu_cwcarrier,dwell,2,xi_0.5,0,4001,1.0,2.5350000000000003e-06,0.07321886766113006,30.1129442929996,1459,146,1313,1269.9315068493152,1196.56055,0.06565,0.5,atomic,0.37232730674877607,0.18762936353079768,0.0012545318446046262,1.650323562844126,9.776904167489055e-05,1.8363484478636283e-05,0.00012745702735172918,1.8256045298123182,0.026415094339622643,0.2851261548962396,0.00039593145418165694,0.09200835189599706,0.06744623595946754,0.10057269167599725,0.06880454106089019,1.8825929235165495,0.056988393704231255
dwell_r2_xi_0.5_p+0_Nd4001_dt1,fu_cwcarrier,dwell,2,xi_0.5,0,4001,1.0,2.5350000000000003e-06,0.07321886766113006,30.1129442929996,1459,146,1313,1269.9315068493152,1196.56055,0.06565,0.5,static,0.01134501790499739,0.011276638648775372,0.0010070884955418072,1.5909466342094056,9.854596729472743e-05,-3.703156686932274e-07,4.403527209818782e-06,2.0,0.0,0.08953441050597398,3.973217250958211e-05,,,,,1.8825929235165495,-0.1174070764834505
dwell_r2_xi_0.5_p+0_Nd4001_dt1,fu_cwcarrier,dwell,2,xi_0.5,0,4001,1.0,2.5350000000000003e-06,0.07321886766113006,30.1129442929996,1459,146,1313,1269.9315068493152,1196.56055,0.06565,0.5,static_lti,0.09149754536211976,0.027095635106372633,0.001040431309830944,1.6242854725126246,9.95759427874281e-05,3.6431090897431233e-06,2.9783141339440517e-05,1.9453786146595464,0.011320754716981131,0.1679236187905788,9.387161595251777e-05,,,,,1.8825929235165495,-0.06278569114299692
dwell_r2_xi_0.5_p+0_Nd4001_dt1,fu_cwcarrier,dwell,2,xi_0.5,0,4001,1.0,2.5350000000000003e-06,0.07321886766113006,30.1129442929996,1459,146,1313,1269.9315068493152,1196.56055,0.06565,0.5,static_mh,0.06737160922598036,0.06688590608546854,0.0010055468240919027,1.5916176288958686,9.871076408885115e-05,-3.6904315032283e-05,5.299618813988868e-05,1.9999999999755527,0.0,0.15726737821863285,7.7260975599914e-05,,,,,1.8825929235165495,-0.11740707645900317
dwell_r2_xi_0.5_p+0_Nd4001_dt1,fu_cwcarrier,dwell,2,xi_0.5,0,4001,1.0,2.5350000000000003e-06,0.07321886766113006,30.1129442929996,1459,146,1313,1269.9315068493152,1196.56055,0.06565,0.5,static_lti_mh,0.09342765313536842,0.02944894799559413,0.0010405775483843462,1.6243815556110943,9.958920341901889e-05,-3.2898183597786926e-05,3.790494867033694e-05,1.9129123862207207,0.01509433962264151,0.174859528021853,0.0001004598723546139,,,,,1.8825929235165495,-0.030319462704171185
dwell_r2_xi_0.5_p+0_Nd4001_dt1,fu_cwcarrier,dwell,2,xi_0.5,0,4001,1.0,2.5350000000000003e-06,0.07321886766113006,30.1129442929996,1459,146,1313,1269.9315068493152,1196.56055,0.06565,0.5,linear,0.08446456778467756,0.022657055714328588,0.0018089234984263445,1.2487936451461616,0.0001291183824474524,3.0289248243294206e-06,4.9840553441305016e-05,1.8825929235165495,0.011320754716981131,0.15359673090682363,7.156426683908831e-05,,,,,1.8825929235165495,0.0
dwell_r2_xi_1_p+0_Nd4001_dt1,fu_cwcarrier,dwell,2,xi_1,0,4001,1.0,2.5350000000000003e-06,0.07321886766113006,27.694621562000975,1459,73,1386,2539.8630136986303,2373.85055,0.0693,1,atomic,0.27320828179491813,0.1554205864322652,0.001237367020785114,1.6089111902912974,9.894412535205448e-05,-3.805567469020588e-05,0.00010336320325238384,1.9421525238557096,0.011320754716981131,0.25072330074636007,0.00040665413842456543,0.06685417183849243,0.05093727621701237,0.07302607849070683,0.051316543303746395,1.8697265442405284,-0.07242597961518116
dwell_r2_xi_1_p+0_Nd4001_dt1,fu_cwcarrier,dwell,2,xi_1,0,4001,1.0,2.5350000000000003e-06,0.07321886766113006,27.694621562000975,1459,73,1386,2539.8630136986303,2373.85055,0.0693,1,static,0.009759933729999032,0.009728854652722005,0.0010060354650712766,1.5904123463866326,9.878617454585847e-05,-1.0652220421399365e-07,3.5956706828833663e-06,2.0,0.0,0.08663921139757504,4.019865438489246e-05,,,,,1.8697265442405284,-0.13027345575947158
dwell_r2_xi_1_p+0_Nd4001_dt1,fu_cwcarrier,dwell,2,xi_1,0,4001,1.0,2.5350000000000003e-06,0.07321886766113006,27.694621562000975,1459,73,1386,2539.8630136986303,2373.85055,0.0693,1,static_lti,0.061322451724812,0.023596636706848126,0.0010264099692379447,1.6092434964848477,9.941843589716088e-05,-3.094542364866545e-07,2.2536559028854572e-05,1.9310676190810026,0.007547169811320755,0.132648279114961,8.823709287672251e-05,,,,,1.8697265442405284,-0.06134107484047413
dwell_r2_xi_1_p+0_Nd4001_dt1,fu_cwcarrier,dwell,2,xi_1,0,4001,1.0,2.5350000000000003e-06,0.07321886766113006,27.694621562000975,1459,73,1386,2539.8630136986303,2373.85055,0.0693,1,static_mh,0.03976074176618779,0.039635611132964724,0.0010041251384672548,1.5921282017240614,9.889158452662136e-05,-3.642733825447202e-05,5.474125589145123e-05,1.9999999999999982,0.0,0.11363061092573304,6.916749242256492e-05,,,,,1.8697265442405284,-0.1302734557594698
dwell_r2_xi_1_p+0_Nd4001_dt1,fu_cwcarrier,dwell,2,xi_1,0,4001,1.0,2.5350000000000003e-06,0.07321886766113006,27.694621562000975,1459,73,1386,2539.8630136986303,2373.85055,0.0693,1,static_lti_mh,0.06333216936433529,0.02499844859379247,0.0010263846323430243,1.609631626784329,9.94370688140402e-05,-3.6689149391717096e-05,4.016038502572904e-05,1.8896065336925423,0.007547169811320755,0.136554197477762,9.428736619156573e-05,,,,,1.8697265442405284,-0.019879989452013858
dwell_r2_xi_1_p+0_Nd4001_dt1,fu_cwcarrier,dwell,2,xi_1,0,4001,1.0,2.5350000000000003e-06,0.07321886766113006,27.694621562000975,1459,73,1386,2539.8630136986303,2373.85055,0.0693,1,linear,0.0550262248467857,0.018951440624209007,0.0017844466369835086,1.2349600795062825,0.00012869053924065936,-1.1809922021296558e-06,3.6723083130317104e-05,1.8697265442405284,0.007547169811320755,0.11657550278143108,6.791315593873345e-05,,,,,1.8697265442405284,0.0
dwell_r2_xi_2_p+0_Nd4001_dt1,fu_cwcarrier,dwell,2,xi_2,0,4001,1.0,2.5350000000000003e-06,0.07321886766113006,29.939238037000905,1459,37,1422,5011.081081081081,4664.79323,0.0711,2,atomic,0.15281184812457868,0.08961876557167012,0.0012445540419741838,1.5804145241412524,0.00010326884655644163,2.113616129217305e-06,8.084371651384192e-05,1.9799235590152533,0.0037735849056603774,0.19672006360732835,0.00020099042217233855,0.03802751003721265,0.024917348006299328,0.04045141451441265,0.025214063602456357,1.9999999997469602,0.02007644073170689
dwell_r2_xi_2_p+0_Nd4001_dt1,fu_cwcarrier,dwell,2,xi_2,0,4001,1.0,2.5350000000000003e-06,0.07321886766113006,29.939238037000905,1459,37,1422,5011.081081081081,4664.79323,0.0711,2,static,0.00897794167216355,0.008938889502824232,0.0010052754012969574,1.5909523897571882,9.878929270576444e-05,-5.63944652117768e-08,3.198546545333688e-06,2.0,0.0,0.08702071722140024,4.2795625626823e-05,,,,,1.9999999997469602,-2.5303981132651643e-10
dwell_r2_xi_2_p+0_Nd4001_dt1,fu_cwcarrier,dwell,2,xi_2,0,4001,1.0,2.5350000000000003e-06,0.07321886766113006,29.939238037000905,1459,37,1422,5011.081081081081,4664.79323,0.0711,2,static_lti,0.042617512004056474,0.021346152910750888,0.0010195293831708207,1.6009536384774048,9.925465440124638e-05,1.5231810826932325e-07,2.0431693238262793e-05,1.999999999203259,0.0,0.11236173862258382,7.746574266101208e-05,,,,,1.9999999997469602,5.437010841546908e-10
dwell_r2_xi_2_p+0_Nd4001_dt1,fu_cwcarrier,dwell,2,xi_2,0,4001,1.0,2.5350000000000003e-06,0.07321886766113006,29.939238037000905,1459,37,1422,5011.081081081081,4664.79323,0.0711,2,static_mh,0.023672477746614733,0.0235376130827224,0.0010056370644277474,1.5908134629400912,9.888035768839575e-05,-3.638134382157364e-05,5.5527349560317675e-05,1.9999999999999991,0.0,0.10711567814350403,6.253756714663962e-05,,,,,1.9999999997469602,-2.5303892314809673e-10
dwell_r2_xi_2_p+0_Nd4001_dt1,fu_cwcarrier,dwell,2,xi_2,0,4001,1.0,2.5350000000000003e-06,0.07321886766113006,29.939238037000905,1459,37,1422,5011.081081081081,4664.79323,0.0711,2,static_lti_mh,0.04398660140366401,0.0227480199515942,0.001019509154932191,1.6007661886859728,9.926550280200003e-05,-3.617256464968463e-05,4.426788812611253e-05,1.9999993045665847,0.0,0.11585990805698466,8.123021063427897e-05,,,,,1.9999999997469602,6.951803754873254e-07
dwell_r2_xi_2_p+0_Nd4001_dt1,fu_cwcarrier,dwell,2,xi_2,0,4001,1.0,2.5350000000000003e-06,0.07321886766113006,29.939238037000905,1459,37,1422,5011.081081081081,4664.79323,0.0711,2,linear,0.03683153441026701,0.016518108705608575,0.0017737988168923847,1.2269392711098606,0.00012835793938574565,-1.4037496150295705e-07,3.21129481036282e-05,1.9999999997469602,0.0,0.09135736888430288,5.239290966073486e-05,,,,,1.9999999997469602,0.0
dwell_r2_xi_4_p+0_Nd4001_dt1,fu_cwcarrier,dwell,2,xi_4,0,4001,1.0,2.5350000000000003e-06,0.07321886766113006,36.32915781200063,1459,18,1441,10300.555555555555,9568.40055,0.07205,4,atomic,0.13236607202086234,0.07965061334017878,0.0011617202365170251,1.5955540050961923,0.00010163853471465224,-2.3413935898575294e-05,7.119008975546589e-05,1.9295876269605305,0.007547169811320755,0.18891029011141613,0.0001935301645926863,0.02881894299663886,0.01679475036421058,0.029850583984812554,0.016896595206995477,1.9604404894395662,0.030852862479035625
dwell_r2_xi_4_p+0_Nd4001_dt1,fu_cwcarrier,dwell,2,xi_4,0,4001,1.0,2.5350000000000003e-06,0.07321886766113006,36.32915781200063,1459,18,1441,10300.555555555555,9568.40055,0.07205,4,static,0.008663864067842026,0.00860631593859366,0.0010051707668604216,1.5917736706638719,9.882656836159456e-05,-4.9242739672182675e-08,2.9957479031496497e-06,2.0,0.0,0.08296139187728266,3.7686777735363956e-05,,,,,1.9604404894395662,-0.03955951056043383
dwell_r2_xi_4_p+0_Nd4001_dt1,fu_cwcarrier,dwell,2,xi_4,0,4001,1.0,2.5350000000000003e-06,0.07321886766113006,36.32915781200063,1459,18,1441,10300.555555555555,9568.40055,0.07205,4,static_lti,0.03437870366464377,0.020428831338344736,0.001012977632262643,1.5962832094197301,9.916035442535502e-05,-2.737484770912809e-07,1.9390327565338067e-05,1.999999956932857,0.0,0.11092778581810704,5.8255986833889314e-05,,,,,1.9604404894395662,-0.03955946749329087
dwell_r2_xi_4_p+0_Nd4001_dt1,fu_cwcarrier,dwell,2,xi_4,0,4001,1.0,2.5350000000000003e-06,0.07321886766113006,36.32915781200063,1459,18,1441,10300.555555555555,9568.40055,0.07205,4,static_mh,0.016588356035016277,0.01651316362090715,0.0010056234497041996,1.5927997866734758,9.88860817833461e-05,-3.635756199060763e-05,5.5938230601767105e-05,2.0,0.0,0.09168608680342438,4.389726945419492e-05,,,,,1.9604404894395662,-0.03955951056043383
dwell_r2_xi_4_p+0_Nd4001_dt1,fu_cwcarrier,dwell,2,xi_4,0,4001,1.0,2.5350000000000003e-06,0.07321886766113006,36.32915781200063,1459,18,1441,10300.555555555555,9568.40055,0.07205,4,static_lti_mh,0.03566042026915191,0.021730331387114356,0.0010128302402016816,1.5961868492008617,9.916368400632495e-05,-3.6776771425870436e-05,5.199451867973334e-05,1.999933714099172,0.0,0.11390017668756422,6.172540779327388e-05,,,,,1.9604404894395662,-0.03949322465960581
dwell_r2_xi_4_p+0_Nd4001_dt1,fu_cwcarrier,dwell,2,xi_4,0,4001,1.0,2.5350000000000003e-06,0.07321886766113006,36.32915781200063,1459,18,1441,10300.555555555555,9568.40055,0.07205,4,linear,0.02821925376459794,0.015465523387133653,0.0017632790684526205,1.2221429862853093,0.00012810416450728467,-4.3491959595703166e-07,2.9726319514974045e-05,1.9604404894395662,0.0037735849056603774,0.0853416608077724,3.55807114436448e-05,,,,,1.9604404894395662,0.0
dwell_r3_xi_0.05_p+3_Nd4001_dt1,fu_cwcarrier,dwell,3,xi_0.05,3,4001,1.0,2.5350000000000003e-06,0.07321886766113006,40.6182603299967,1459,1459,0,127.08019191226867,137.08073,0.0,0.05,atomic,0.9382063586415045,0.4150791816779535,0.0017902212721743237,1.644882345232327,0.0001374656579815021,-3.0601653533331985e-05,0.00022127801364222848,1.850380494680352,0.03018867924528302,0.3059758338567287,0.0010500802411468567,0.42937029579077907,0.39405424440438225,0.8002468626734028,0.47091313200079826,1.935774895438495,0.08539440075814309
dwell_r3_xi_0.05_p+3_Nd4001_dt1,fu_cwcarrier,dwell,3,xi_0.05,3,4001,1.0,2.5350000000000003e-06,0.07321886766113006,40.6182603299967,1459,1459,0,127.08019191226867,137.08073,0.0,0.05,static,0.05371459628905625,0.05351349570102966,0.00043350998394734607,2.1463587069124292,0.00010763504119848062,1.200717762003358e-08,7.2204824824996295e-06,1.9975245682609515,0.0,0.16200830200114227,0.00023697614260342746,,,,,1.935774895438495,-0.06174967282245647
dwell_r3_xi_0.05_p+3_Nd4001_dt1,fu_cwcarrier,dwell,3,xi_0.05,3,4001,1.0,2.5350000000000003e-06,0.07321886766113006,40.6182603299967,1459,1459,0,127.08019191226867,137.08073,0.0,0.05,static_lti,0.44614914216556517,0.029518005151892505,0.0006124614427224863,2.4281326911435537,0.0001105112792510085,-3.2488255560431026e-06,4.9935918459617546e-05,1.9235906704308885,0.007547169811320755,0.28210157661630914,0.0008107195757848841,,,,,1.935774895438495,0.01218422500760652
dwell_r3_xi_0.05_p+3_Nd4001_dt1,fu_cwcarrier,dwell,3,xi_0.05,3,4001,1.0,2.5350000000000003e-06,0.07321886766113006,40.6182603299967,1459,1459,0,127.08019191226867,137.08073,0.0,0.05,static_mh,61.14081373478484,49.77340031592884,0.0004297944115959406,2.0027834849382247,0.00017168652348682962,3.016879793853164e-05,6.633788227525158e-05,0.8188002445214934,0.27547169811320754,0.8426533649554828,0.007914560076151426,,,,,1.935774895438495,1.1169746509170015
dwell_r3_xi_0.05_p+3_Nd4001_dt1,fu_cwcarrier,dwell,3,xi_0.05,3,4001,1.0,2.5350000000000003e-06,0.07321886766113006,40.6182603299967,1459,1459,0,127.08019191226867,137.08073,0.0,0.05,static_lti_mh,0.9730040805627184,0.41000535181435105,0.0006049687320269258,2.4331806278338752,0.0001117446799535873,2.694530264421077e-05,5.3905966939327855e-05,1.9731439280742673,0.0037735849056603774,0.20557568795224326,0.0004097489606712899,,,,,1.935774895438495,-0.03736903263577229
dwell_r3_xi_0.05_p+3_Nd4001_dt1,fu_cwcarrier,dwell,3,xi_0.05,3,4001,1.0,2.5350000000000003e-06,0.07321886766113006,40.6182603299967,1459,1459,0,127.08019191226867,137.08073,0.0,0.05,linear,0.4345284414177741,0.023637275176815586,0.0024461372455676835,1.525304723932849,0.00019571422507888765,-1.1299075849014974e-05,0.0002034642415776354,1.935774895438495,0.0,0.26824517889329874,0.000772816982195836,,,,,1.935774895438495,0.0
dwell_r3_xi_0.1_p+3_Nd4001_dt1,fu_cwcarrier,dwell,3,xi_0.1,3,4001,1.0,2.5350000000000003e-06,0.07321886766113006,26.349059232998115,1459,731,728,253.6388508891929,254.40724,0.0364,0.1,atomic,0.8508955916607017,0.3930007547464823,0.0012275863864821038,1.6226995854189774,0.00011130331526459728,-1.2824561971089087e-05,0.00020911812048128085,1.6519781992257823,0.09811320754716982,0.3622803795445713,0.0013816591723078264,0.3963910979691417,0.3857432659720803,0.6876076984388017,0.4291573701169053,1.9200614230518251,0.2680832238260429
dwell_r3_xi_0.1_p+3_Nd4001_dt1,fu_cwcarrier,dwell,3,xi_0.1,3,4001,1.0,2.5350000000000003e-06,0.07321886766113006,26.349059232998115,1459,731,728,253.6388508891929,254.40724,0.0364,0.1,static,0.028277168197853305,0.02802365579423669,0.0004215089346877758,2.1680260992649565,0.00010808299503732178,8.309952271509545e-09,5.009634323422621e-06,1.9999098138595628,0.0,0.1615691940862546,0.00022420519881390514,,,,,1.9200614230518251,-0.07984839080773765
dwell_r3_xi_0.1_p+3_Nd4001_dt1,fu_cwcarrier,dwell,3,xi_0.1,3,4001,1.0,2.5350000000000003e-06,0.07321886766113006,26.349059232998115,1459,731,728,253.6388508891929,254.40724,0.0364,0.1,static_lti,0.2987148852621503,0.03657869872106892,0.000520253127508082,2.3150112360728134,0.00011022205758606237,-1.2000805885330493e-06,3.8479803824086234e-05,1.8941056788518862,0.026415094339622643,0.28972787730560895,0.0009128425272758168,,,,,1.9200614230518251,0.025955744199938957
dwell_r3_xi_0.1_p+3_Nd4001_dt1,fu_cwcarrier,dwell,3,xi_0.1,3,4001,1.0,2.5350000000000003e-06,0.07321886766113006,26.349059232998115,1459,731,728,253.6388508891929,254.40724,0.0364,0.1,static_mh,18.54462487792648,17.5060258486177,0.00042007615921165414,2.161900537706534,0.000137607380234353,3.0284943861516522e-05,0.0001340153268824848,0.3278669853611309,0.35094339622641507,1.4795090932006898,0.023150028302540447,,,,,1.9200614230518251,1.5921944376906942
dwell_r3_xi_0.1_p+3_Nd4001_dt1,fu_cwcarrier,dwell,3,xi_0.1,3,4001,1.0,2.5350000000000003e-06,0.07321886766113006,26.349059232998115,1459,731,728,253.6388508891929,254.40724,0.0364,0.1,static_lti_mh,0.5901577831278148,0.2577876134549711,0.0005214067717166384,2.316852279980505,0.00011099201991287937,2.909437547590833e-05,5.906062616536958e-05,1.4510115703453466,0.13584905660377358,0.29143874576174383,0.0007389160605971806,,,,,1.9200614230518251,0.4690498527064786
dwell_r3_xi_0.1_p+3_Nd4001_dt1,fu_cwcarrier,dwell,3,xi_0.1,3,4001,1.0,2.5350000000000003e-06,0.07321886766113006,26.349059232998115,1459,731,728,253.6388508891929,254.40724,0.0364,0.1,linear,0.28658143913573814,0.02741339087410258,0.0021064362346174363,1.3931410653113308,0.0001930282284220416,-4.364898234103214e-06,0.00014038978451411913,1.9200614230518251,0.03773584905660377,0.26248809845727433,0.0007911875433058666,,,,,1.9200614230518251,0.0
dwell_r3_xi_0.25_p+3_Nd4001_dt1,fu_cwcarrier,dwell,3,xi_0.25,3,4001,1.0,2.5350000000000003e-06,0.07321886766113006,32.74203043400121,1459,293,1166,632.7986348122867,605.90671,0.0583,0.25,atomic,1.6489589059464196,0.6134390722944829,0.0006934900673164813,1.87889522106454,7.9038472389143e-05,7.261573497153277e-05,0.00026264776239030266,1.441297185585915,0.1169811320754717,0.5816219240427025,0.0035787531942399952,0.388496016466063,0.38588436840113466,0.5561631064447414,0.4041422834949385,1.9099941953654864,0.4686970097795715
dwell_r3_xi_0.25_p+3_Nd4001_dt1,fu_cwcarrier,dwell,3,xi_0.25,3,4001,1.0,2.5350000000000003e-06,0.07321886766113006,32.74203043400121,1459,293,1166,632.7986348122867,605.90671,0.0583,0.25,static,0.022748002350021255,0.022438443320729824,0.00041930479077623297,2.177293877282306,0.00010822549332142923,4.6837148071292055e-08,3.544543884935397e-06,1.999997730169685,0.0,0.1441500726379627,0.00022825724147168693,,,,,1.9099941953654864,-0.09000353480419854
dwell_r3_xi_0.25_p+3_Nd4001_dt1,fu_cwcarrier,dwell,3,xi_0.25,3,4001,1.0,2.5350000000000003e-06,0.07321886766113006,32.74203043400121,1459,293,1166,632.7986348122867,605.90671,0.0583,0.25,static_lti,0.17349939035937326,0.047680013475191484,0.0004591902872040184,2.214331262128661,0.0001093216769478924,-8.004403065091213e-07,2.313293263964182e-05,1.9085521985850247,0.022641509433962263,0.24117232412438616,0.00052280582353689,,,,,1.9099941953654864,0.0014419967804617517
dwell_r3_xi_0.25_p+3_Nd4001_dt1,fu_cwcarrier,dwell,3,xi_0.25,3,4001,1.0,2.5350000000000003e-06,0.07321886766113006,32.74203043400121,1459,293,1166,632.7986348122867,605.90671,0.0583,0.25,static_mh,6.935640144909933,6.550792018935484,0.00041719758221199846,2.1766528299407915,0.00012081936986446274,3.081779111588335e-05,0.00021176986916431246,0.5823918772310555,0.22264150943396227,1.1720475717141337,0.01930855931462961,,,,,1.9099941953654864,1.327602318134431
dwell_r3_xi_0.25_p+3_Nd4001_dt1,fu_cwcarrier,dwell,3,xi_0.25,3,4001,1.0,2.5350000000000003e-06,0.07321886766113006,32.74203043400121,1459,293,1166,632.7986348122867,605.90671,0.0583,0.25,static_lti_mh,0.2884659667670071,0.13845318488591857,0.00045979651291926923,2.216686232627778,0.00010957637934733278,3.0024817948005994e-05,8.32229332278134e-05,1.5593182093021367,0.07169811320754717,0.27487628533885644,0.0006465939047582023,,,,,1.9099941953654864,0.3506759860633497
dwell_r3_xi_0.25_p+3_Nd4001_dt1,fu_cwcarrier,dwell,3,xi_0.25,3,4001,1.0,2.5350000000000003e-06,0.07321886766113006,32.74203043400121,1459,293,1166,632.7986348122867,605.90671,0.0583,0.25,linear,0.15167872844675062,0.030558545074205513,0.0018743858371544238,1.2806454336908533,0.00018507549227647047,-3.3421405576499084e-07,8.080151601829031e-05,1.9099941953654864,0.022641509433962263,0.16923311565074323,0.0003190422666480839,,,,,1.9099941953654864,0.0
dwell_r3_xi_0.5_p+3_Nd4001_dt1,fu_cwcarrier,dwell,3,xi_0.5,3,4001,1.0,2.5350000000000003e-06,0.07321886766113006,43.42347562899886,1459,146,1313,1269.9315068493152,1196.56055,0.06565,0.5,atomic,1.4521856383379725,0.4940493254961799,0.0007441810226832351,2.0527585210689963,9.913270837592001e-05,0.00023156467612024656,0.0003203125214395627,1.4033240526340316,0.09811320754716982,0.5941430126059307,0.0034891794252620355,0.240984362063153,0.22899476337533708,0.34057661783486437,0.23568634129522556,1.9682746486335543,0.5649505959995227
dwell_r3_xi_0.5_p+3_Nd4001_dt1,fu_cwcarrier,dwell,3,xi_0.5,3,4001,1.0,2.5350000000000003e-06,0.07321886766113006,43.42347562899886,1459,146,1313,1269.9315068493152,1196.56055,0.06565,0.5,static,0.02039072754003178,0.0200412637548144,0.00041803561002645636,2.1799148759041627,0.00010819557570258054,4.9031138556480366e-08,2.9070242683701837e-06,1.9999986703302186,0.0,0.1418525651914631,0.0002000646234407219,,,,,1.9682746486335543,-0.03172402169666433
dwell_r3_xi_0.5_p+3_Nd4001_dt1,fu_cwcarrier,dwell,3,xi_0.5,3,4001,1.0,2.5350000000000003e-06,0.07321886766113006,43.42347562899886,1459,146,1313,1269.9315068493152,1196.56055,0.06565,0.5,static_lti,0.11774329936090545,0.04257434028969987,0.00044428360658459485,2.185296779787306,0.00010896714678804315,7.13438304329115e-07,2.1170260874647665e-05,1.95578675483424,0.011320754716981131,0.20519734064538092,0.00037289172813766917,,,,,1.9682746486335543,0.012487893799314254
dwell_r3_xi_0.5_p+3_Nd4001_dt1,fu_cwcarrier,dwell,3,xi_0.5,3,4001,1.0,2.5350000000000003e-06,0.07321886766113006,43.42347562899886,1459,146,1313,1269.9315068493152,1196.56055,0.06565,0.5,static_mh,3.3764407899625133,3.3402222582140695,0.00042101165525253544,2.168275060459316,0.00011479301625036059,2.94582501047595e-05,0.00022408132219200522,0.7888322231027874,0.1811320754716981,1.0081909252009924,0.007998902188618068,,,,,1.9682746486335543,1.179442425530767
dwell_r3_xi_0.5_p+3_Nd4001_dt1,fu_cwcarrier,dwell,3,xi_0.5,3,4001,1.0,2.5350000000000003e-06,0.07321886766113006,43.42347562899886,1459,146,1313,1269.9315068493152,1196.56055,0.06565,0.5,static_lti_mh,0.17963442398716142,0.0980079309942323,0.0004441957357672965,2.1854431953546345,0.0001091022498988297,3.0357536339215435e-05,0.00010340297081140129,1.8040482568711538,0.022641509433962263,0.22649524511012412,0.0004730570078732451,,,,,1.9682746486335543,0.1642263917624005
dwell_r3_xi_0.5_p+3_Nd4001_dt1,fu_cwcarrier,dwell,3,xi_0.5,3,4001,1.0,2.5350000000000003e-06,0.07321886766113006,43.42347562899886,1459,146,1313,1269.9315068493152,1196.56055,0.06565,0.5,linear,0.08746486069763933,0.022502722409006987,0.0018131011196892302,1.2508268932223614,0.00018201804892993635,4.356416532831991e-06,7.311545614334946e-05,1.9682746486335543,0.0037735849056603774,0.158594847016379,0.0001778036892217146,,,,,1.9682746486335543,0.0
dwell_r3_xi_1_p+3_Nd4001_dt1,fu_cwcarrier,dwell,3,xi_1,3,4001,1.0,2.5350000000000003e-06,0.07321886766113006,61.107392318001075,1459,73,1386,2539.8630136986303,2373.85055,0.0693,1,atomic,1.2333024467441736,0.531580543695134,0.0007419369632817962,1.9913622480858981,0.00010062240757735202,0.00011303187176973678,0.0003075902940246456,1.6634679175303793,0.07924528301886792,0.5108184859438993,0.0021743074339300957,0.20753515395517624,0.1988869852960923,0.26284654373646066,0.2013167176139196,1.999999906898955,0.33653198936857565
dwell_r3_xi_1_p+3_Nd4001_dt1,fu_cwcarrier,dwell,3,xi_1,3,4001,1.0,2.5350000000000003e-06,0.07321886766113006,61.107392318001075,1459,73,1386,2539.8630136986303,2373.85055,0.0693,1,static,0.018510331604077827,0.018206163669554777,0.000418083644833819,2.180457261174908,0.00010826918258752559,-1.1294839167966354e-07,2.548616412764881e-06,1.9999998173491786,0.0,0.1382252472371366,0.0001896148021777664,,,,,1.999999906898955,8.95497762609665e-08
dwell_r3_xi_1_p+3_Nd4001_dt1,fu_cwcarrier,dwell,3,xi_1,3,4001,1.0,2.5350000000000003e-06,0.07321886766113006,61.107392318001075,1459,73,1386,2539.8630136986303,2373.85055,0.0693,1,static_lti,0.08389679914178717,0.04178678637742634,0.0004364975029724922,2.1720020274576477,0.00010904823553029549,1.1952403879994107e-06,1.6988511196237285e-05,1.9960798634331645,0.0,0.18479371852875223,0.00033212065332779105,,,,,1.999999906898955,0.003920043465790446
dwell_r3_xi_1_p+3_Nd4001_dt1,fu_cwcarrier,dwell,3,xi_1,3,4001,1.0,2.5350000000000003e-06,0.07321886766113006,61.107392318001075,1459,73,1386,2539.8630136986303,2373.85055,0.0693,1,static_mh,1.8859134154073416,1.8769000361469401,0.0004232927740670385,2.1699656530439366,0.0001117729426597042,3.111163402459699e-05,0.0002320824412582025,1.0083514543235188,0.15849056603773584,0.7133580526344769,0.004710102367957465,,,,,1.999999906898955,0.9916484525754361
dwell_r3_xi_1_p+3_Nd4001_dt1,fu_cwcarrier,dwell,3,xi_1,3,4001,1.0,2.5350000000000003e-06,0.07321886766113006,61.107392318001075,1459,73,1386,2539.8630136986303,2373.85055,0.0693,1,static_lti_mh,0.12575234229918905,0.08206912906504307,0.0004359475959037402,2.170829911827682,0.0001091395744586728,3.222471208188933e-05,0.0001313493058648097,1.8983786426437426,0.011320754716981131,0.19364434059532004,0.0003639416311514527,,,,,1.999999906898955,0.10162126425521234
dwell_r3_xi_1_p+3_Nd4001_dt1,fu_cwcarrier,dwell,3,xi_1,3,4001,1.0,2.5350000000000003e-06,0.07321886766113006,61.107392318001075,1459,73,1386,2539.8630136986303,2373.85055,0.0693,1,linear,0.054604976818865836,0.018699673454265348,0.0017849282820812894,1.234676996087058,0.00018188598262634733,1.0362931628961915e-06,5.417767392621295e-05,1.999999906898955,0.0,0.11584396193484892,0.00013001922127577542,,,,,1.999999906898955,0.0
dwell_r3_xi_2_p+3_Nd4001_dt1,fu_cwcarrier,dwell,3,xi_2,3,4001,1.0,2.5350000000000003e-06,0.07321886766113006,68.88824944999942,1459,37,1422,5011.081081081081,4664.79323,0.0711,2,atomic,0.9576609699696016,0.44461241579318256,0.0006931235714912057,1.9495108178637297,0.00011126912905455046,0.00013071189668407694,0.0002854969952120216,1.6234759905107277,0.06792452830188679,0.4867854515736444,0.002256735507342064,0.11421614662970103,0.10486286399567282,0.1555645125321572,0.10656034941980845,1.9999769384810784,0.3765009479703507
dwell_r3_xi_2_p+3_Nd4001_dt1,fu_cwcarrier,dwell,3,xi_2,3,4001,1.0,2.5350000000000003e-06,0.07321886766113006,68.88824944999942,1459,37,1422,5011.081081081081,4664.79323,0.0711,2,static,0.017977165133614702,0.0174001017131283,0.0004180946064620384,2.1823462420041673,0.00010831804377564693,2.9598249054801243e-08,2.3727027923888073e-06,1.999999557073096,0.0,0.14404935559922352,0.00019557541013060732,,,,,1.9999769384810784,-2.2618592017575878e-05
dwell_r3_xi_2_p+3_Nd4001_dt1,fu_cwcarrier,dwell,3,xi_2,3,4001,1.0,2.5350000000000003e-06,0.07321886766113006,68.88824944999942,1459,37,1422,5011.081081081081,4664.79323,0.0711,2,static_lti,0.06969414943035561,0.039837997474278956,0.00043286777018977207,2.1654372612739996,0.00010897900755788817,1.4980650873905455e-06,1.5277409866312595e-05,1.9957423896044346,0.0,0.1692165482997999,0.0002949227045262742,,,,,1.9999769384810784,0.004234548876643762
dwell_r3_xi_2_p+3_Nd4001_dt1,fu_cwcarrier,dwell,3,xi_2,3,4001,1.0,2.5350000000000003e-06,0.07321886766113006,68.88824944999942,1459,37,1422,5011.081081081081,4664.79323,0.0711,2,static_mh,1.274149743098028,1.1991502542008996,0.0004145962006637951,2.1734694638685426,0.00011062498736589223,3.1260459422133375e-05,0.0002350877296601467,1.1955711867414862,0.16981132075471697,0.5450949237421671,0.00267310180670883,,,,,1.9999769384810784,0.8044057517395922
dwell_r3_xi_2_p+3_Nd4001_dt1,fu_cwcarrier,dwell,3,xi_2,3,4001,1.0,2.5350000000000003e-06,0.07321886766113006,68.88824944999942,1459,37,1422,5011.081081081081,4664.79323,0.0711,2,static_lti_mh,0.1058144065396274,0.07615752918305582,0.0004324158374171085,2.1671099704838017,0.00010906702136361421,3.27231857182542e-05,0.00016606445717539607,1.9346542153450323,0.007547169811320755,0.17638000884828436,0.0003311680605258576,,,,,1.9999769384810784,0.06532272313604603
dwell_r3_xi_2_p+3_Nd4001_dt1,fu_cwcarrier,dwell,3,xi_2,3,4001,1.0,2.5350000000000003e-06,0.07321886766113006,68.88824944999942,1459,37,1422,5011.081081081081,4664.79323,0.0711,2,linear,0.036636127526394245,0.01670431057543351,0.0017733054703552497,1.2264821621053263,0.00018129342407012219,5.125190012231344e-06,4.364415805895554e-05,1.9999769384810784,0.0,0.08556727789972671,7.0061273984254e-05,,,,,1.9999769384810784,0.0
dwell_r3_xi_4_p+3_Nd4001_dt1,fu_cwcarrier,dwell,3,xi_4,3,4001,1.0,2.5350000000000003e-06,0.07321886766113006,44.516213241000514,1459,18,1441,10300.555555555555,9568.40055,0.07205,4,atomic,0.931226645003803,0.46302227710150734,0.0005893399623654885,2.022105246731577,0.00011020938702691716,7.059385040071842e-05,0.0002727292914365256,1.540364870256151,0.08679245283018867,0.4409563784099825,0.003397641984391135,0.07644573264466946,0.0677189603334111,0.10476345821349586,0.06789849553720907,2.0,0.459635129743849
dwell_r3_xi_4_p+3_Nd4001_dt1,fu_cwcarrier,dwell,3,xi_4,3,4001,1.0,2.5350000000000003e-06,0.07321886766113006,44.516213241000514,1459,18,1441,10300.555555555555,9568.40055,0.07205,4,static,0.017487879653270266,0.016628105467324048,0.00041783886912883755,2.181604808430685,0.00010831020087673496,-1.613420937881964e-08,2.3589628824634164e-06,1.9999999871958505,0.0,0.13919571229801414,0.00019555818287121465,,,,,2.0,1.2804149518430563e-08
dwell_r3_xi_4_p+3_Nd4001_dt1,fu_cwcarrier,dwell,3,xi_4,3,4001,1.0,2.5350000000000003e-06,0.07321886766113006,44.516213241000514,1459,18,1441,10300.555555555555,9568.40055,0.07205,4,static_lti,0.055579491412522136,0.03811947858480706,0.00043032115472778305,2.1616949359752753,0.00010891396668431821,-8.772801935384462e-07,1.5752076675882685e-05,1.999848914170627,0.0,0.1695341990227864,0.00029148278288516216,,,,,2.0,0.00015108582937295445
dwell_r3_xi_4_p+3_Nd4001_dt1,fu_cwcarrier,dwell,3,xi_4,3,4001,1.0,2.5350000000000003e-06,0.07321886766113006,44.516213241000514,1459,18,1441,10300.555555555555,9568.40055,0.07205,4,static_mh,0.8718645182979697,0.866859275486242,0.000416318156432716,2.1876329368412426,0.00010993726664811193,3.121040566282996e-05,0.00023667340095444785,1.5683461385909039,0.06415094339622641,0.38195654373154453,0.0018160075068645609,,,,,2.0,0.4316538614090961
dwell_r3_xi_4_p+3_Nd4001_dt1,fu_cwcarrier,dwell,3,xi_4,3,4001,1.0,2.5350000000000003e-06,0.07321886766113006,44.516213241000514,1459,18,1441,10300.555555555555,9568.40055,0.07205,4,static_lti_mh,0.09123406468132184,0.0733673574308206,0.00043037564688357653,2.161917022811637,0.00010898245115631247,3.0342608227634723e-05,0.00020151752423388866,1.9997333980888616,0.0,0.17632307095159913,0.00032746546018104115,,,,,2.0,0.0002666019111383644
dwell_r3_xi_4_p+3_Nd4001_dt1,fu_cwcarrier,dwell,3,xi_4,3,4001,1.0,2.5350000000000003e-06,0.07321886766113006,44.516213241000514,1459,18,1441,10300.555555555555,9568.40055,0.07205,4,linear,0.026209115255041476,0.01512176454730352,0.0017627321369084817,1.2222952486296286,0.00018091518304861793,-3.4064731706521546e-06,4.107070767357686e-05,2.0,0.0,0.08137693386763262,7.419814882996971e-05,,,,,2.0,0.0
dwell_r3_xi_0.05_p+0_Nd4001_dt1,fu_cwcarrier,dwell,3,xi_0.05,0,4001,1.0,2.5350000000000003e-06,0.07321886766113006,53.50151534500037,1459,1459,0,127.08019191226867,137.08073,0.0,0.05,atomic,0.7866544594380076,0.30181225364629416,0.0019993311543556685,1.599183817375966,0.00010963651642920737,-0.00012181170969494184,0.00016374354989572807,1.8508788685789526,0.03773584905660377,0.30599066618631526,0.000487700823548983,0.29202870940937203,0.16768066253026942,0.38318374219637386,0.18177024673717437,1.933669456271799,0.08279058769284653
dwell_r3_xi_0.05_p+0_Nd4001_dt1,fu_cwcarrier,dwell,3,xi_0.05,0,4001,1.0,2.5350000000000003e-06,0.07321886766113006,53.50151534500037,1459,1459,0,127.08019191226867,137.08073,0.0,0.05,static,0.05154313708043104,0.0514130567810335,0.001013518975733836,1.5881719103642595,9.648255448618356e-05,2.3075082985707623e-07,1.2771151923445929e-05,1.9999972060248286,0.0,0.12039848728879546,7.073941563001778e-05,,,,,1.933669456271799,-0.06632774975302946
dwell_r3_xi_0.05_p+0_Nd4001_dt1,fu_cwcarrier,dwell,3,xi_0.05,0,4001,1.0,2.5350000000000003e-06,0.07321886766113006,53.50151534500037,1459,1459,0,127.08019191226867,137.08073,0.0,0.05,static_lti,0.43863389068728975,0.024817965155075217,0.001416845172991371,1.8918401439321493,0.00010379180034807462,-5.576672203799368e-06,8.356588628637695e-05,1.9376155419533663,0.0,0.273428732342287,0.0003936071744892411,,,,,1.933669456271799,-0.00394608568156718
dwell_r3_xi_0.05_p+0_Nd4001_dt1,fu_cwcarrier,dwell,3,xi_0.05,0,4001,1.0,2.5350000000000003e-06,0.07321886766113006,53.50151534500037,1459,1459,0,127.08019191226867,137.08073,0.0,0.05,static_mh,1.2195068839202874,1.2102695602816997,0.0010241539044641326,1.5680980604237285,0.00010168987612447598,-3.6358507113522513e-05,1.948400028879145e-05,1.2273523034814724,0.1811320754716981,0.6833741142223961,0.002582718323436734,,,,,1.933669456271799,0.7063171527903267
dwell_r3_xi_0.05_p+0_Nd4001_dt1,fu_cwcarrier,dwell,3,xi_0.05,0,4001,1.0,2.5350000000000003e-06,0.07321886766113006,53.50151534500037,1459,1459,0,127.08019191226867,137.08073,0.0,0.05,static_lti_mh,0.4543895925404097,0.03763421754383173,0.0014151642834223164,1.8900221179074008,0.00010389942030173512,-4.2157668119921905e-05,8.326168792541069e-05,1.9345000601460753,0.007547169811320755,0.2706309431834599,0.0003789664932788977,,,,,1.933669456271799,-0.0008306038742762478
dwell_r3_xi_0.05_p+0_Nd4001_dt1,fu_cwcarrier,dwell,3,xi_0.05,0,4001,1.0,2.5350000000000003e-06,0.07321886766113006,53.50151534500037,1459,1459,0,127.08019191226867,137.08073,0.0,0.05,linear,0.4345284414178242,0.023637275176815603,0.002446137245570096,1.5253047239329338,0.00013855506058860724,-7.999133114744246e-06,0.0001440416520978009,1.933669456271799,0.0,0.2694764571499332,0.00038977659485207606,,,,,1.933669456271799,0.0
dwell_r3_xi_0.1_p+0_Nd4001_dt1,fu_cwcarrier,dwell,3,xi_0.1,0,4001,1.0,2.5350000000000003e-06,0.07321886766113006,28.477089141997567,1459,731,728,253.6388508891929,254.40724,0.0364,0.1,atomic,0.4928842432588518,0.20535970402508671,0.0016319324895267486,1.5276034670735086,0.00010593945852808175,-0.00010733185539594958,0.0001378389925281227,1.797126710603798,0.05660377358490566,0.29511925358188096,0.0004432951757964696,0.1838163687966948,0.11302102557583692,0.24198707173722128,0.12027927627118427,1.9184012041950151,0.12127449359121711
dwell_r3_xi_0.1_p+0_Nd4001_dt1,fu_cwcarrier,dwell,3,xi_0.1,0,4001,1.0,2.5350000000000003e-06,0.07321886766113006,28.477089141997567,1459,731,728,253.6388508891929,254.40724,0.0364,0.1,static,0.02154457895689406,0.02142922701647078,0.0010086531928622433,1.586534764300328,9.816146938242156e-05,1.1170957768275808e-07,8.252726507274758e-06,1.9999999999134057,0.0,0.10924277508475815,5.3947421276971075e-05,,,,,1.9184012041950151,-0.08159879571839057
dwell_r3_xi_0.1_p+0_Nd4001_dt1,fu_cwcarrier,dwell,3,xi_0.1,0,4001,1.0,2.5350000000000003e-06,0.07321886766113006,28.477089141997567,1459,731,728,253.6388508891929,254.40724,0.0364,0.1,static_lti,0.28762078879447234,0.028910310030556524,0.001216911718664826,1.7638557072363465,0.00010293655484025015,-2.1767577599254e-06,6.036354854149809e-05,1.9308295496485746,0.01509433962264151,0.270842154609705,0.0004241793501981693,,,,,1.9184012041950151,-0.01242834545355942
dwell_r3_xi_0.1_p+0_Nd4001_dt1,fu_cwcarrier,dwell,3,xi_0.1,0,4001,1.0,2.5350000000000003e-06,0.07321886766113006,28.477089141997567,1459,731,728,253.6388508891929,254.40724,0.0364,0.1,static_mh,0.3776371735776703,0.3758516170339103,0.00100836594597671,1.5859676674813294,0.0001002840338801787,-3.640108461443299e-05,3.24818884000207e-05,1.9518537142713825,0.0,0.35903452583866713,0.0006991250773151275,,,,,1.9184012041950151,-0.0334525100763674
dwell_r3_xi_0.1_p+0_Nd4001_dt1,fu_cwcarrier,dwell,3,xi_0.1,0,4001,1.0,2.5350000000000003e-06,0.07321886766113006,28.477089141997567,1459,731,728,253.6388508891929,254.40724,0.0364,0.1,static_lti_mh,0.2986401932629862,0.035784189939391614,0.0012171052443318,1.7641979068135396,0.00010302229375009191,-3.8685488241306115e-05,6.071734346773311e-05,1.8741389690993582,0.045283018867924525,0.28293894030739225,0.0004451317518018256,,,,,1.9184012041950151,0.044262235095656965
dwell_r3_xi_0.1_p+0_Nd4001_dt1,fu_cwcarrier,dwell,3,xi_0.1,0,4001,1.0,2.5350000000000003e-06,0.07321886766113006,28.477089141997567,1459,731,728,253.6388508891929,254.40724,0.0364,0.1,linear,0.28658143913578604,0.02741339087410305,0.0021064362346199495,1.393141065311457,0.00013665352057852303,-3.0901113041010326e-06,9.93883561173682e-05,1.9184012041950151,0.03773584905660377,0.2637829766452858,0.00040208896329921805,,,,,1.9184012041950151,0.0
dwell_r3_xi_0.25_p+0_Nd4001_dt1,fu_cwcarrier,dwell,3,xi_0.25,0,4001,1.0,2.5350000000000003e-06,0.07321886766113006,29.33346030300163,1459,293,1166,632.7986348122867,605.90671,0.0583,0.25,atomic,0.6582418947344412,0.3218914992482223,0.0011300397839945696,1.6154633038981658,8.585212028883964e-05,-9.557228398455173e-05,0.00014314233985969913,1.7788536285981957,0.052830188679245285,0.3868948571038482,0.0006541666737727938,0.1601178698260769,0.12886527399963416,0.18762925859164292,0.13150845448622897,1.9059002458389411,0.1270466172407454
dwell_r3_xi_0.25_p+0_Nd4001_dt1,fu_cwcarrier,dwell,3,xi_0.25,0,4001,1.0,2.5350000000000003e-06,0.07321886766113006,29.33346030300163,1459,293,1166,632.7986348122867,605.90671,0.0583,0.25,static,0.014553059259760685,0.014507538639484181,0.0010062260897627452,1.5902812785181633,9.8507769672076e-05,1.1640721624017469e-07,5.511599873699163e-06,1.9999999999999991,0.0,0.09212797533861666,4.8393134233165025e-05,,,,,1.9059002458389411,-0.09409975416105798
dwell_r3_xi_0.25_p+0_Nd4001_dt1,fu_cwcarrier,dwell,3,xi_0.25,0,4001,1.0,2.5350000000000003e-06,0.07321886766113006,29.33346030300163,1459,293,1166,632.7986348122867,605.90671,0.0583,0.25,static_lti,0.15623664850698166,0.03389837041954368,0.0010785825821633972,1.653721406907024,0.00010040113988032796,-7.648004111203566e-07,3.4160684515829623e-05,1.902454521553452,0.022641509433962263,0.19744155883069442,0.00018052378816622874,,,,,1.9059002458389411,0.00344572428548906
dwell_r3_xi_0.25_p+0_Nd4001_dt1,fu_cwcarrier,dwell,3,xi_0.25,0,4001,1.0,2.5350000000000003e-06,0.07321886766113006,29.33346030300163,1459,293,1166,632.7986348122867,605.90671,0.0583,0.25,static_mh,0.1412127567059485,0.14000886196398632,0.0010052093686652086,1.5900601433878294,9.934923633021416e-05,-3.630617548530468e-05,5.0164360735326236e-05,1.9999783342908166,0.0,0.18596654131560392,0.00019952952997920597,,,,,1.9059002458389411,-0.09407808845187549
dwell_r3_xi_0.25_p+0_Nd4001_dt1,fu_cwcarrier,dwell,3,xi_0.25,0,4001,1.0,2.5350000000000003e-06,0.07321886766113006,29.33346030300163,1459,293,1166,632.7986348122867,605.90671,0.0583,0.25,static_lti_mh,0.16072355931749702,0.0370859375321525,0.0010787272161503784,1.6539939719229977,0.00010042945617496081,-3.717460572562142e-05,3.8985708407104265e-05,1.8733098569400914,0.022641509433962263,0.20880798695846473,0.00019751213652975986,,,,,1.9059002458389411,0.03259038889884969
dwell_r3_xi_0.25_p+0_Nd4001_dt1,fu_cwcarrier,dwell,3,xi_0.25,0,4001,1.0,2.5350000000000003e-06,0.07321886766113006,29.33346030300163,1459,293,1166,632.7986348122867,605.90671,0.0583,0.25,linear,0.1516787284467758,0.030558545074208816,0.0018743858371567477,1.280645433690905,0.0001310234145499466,-2.3660543186111224e-07,5.72030926369955e-05,1.9059002458389411,0.022641509433962263,0.17227023662227922,0.00016254290902694235,,,,,1.9059002458389411,0.0
dwell_r3_xi_0.5_p+0_Nd4001_dt1,fu_cwcarrier,dwell,3,xi_0.5,0,4001,1.0,2.5350000000000003e-06,0.07321886766113006,28.537420618999022,1459,146,1313,1269.9315068493152,1196.56055,0.06565,0.5,atomic,0.3328123910185311,0.16860643528921254,0.0012974111952411798,1.6372476407691952,9.806714251963668e-05,7.2730208101536e-06,0.00013166283959628938,1.8856203703920293,0.018867924528301886,0.27602012150683114,0.0004362417413738688,0.0915547809733589,0.06496300590242889,0.10150151117187725,0.06619094171068364,1.9698268654161688,0.08420649502413946
dwell_r3_xi_0.5_p+0_Nd4001_dt1,fu_cwcarrier,dwell,3,xi_0.5,0,4001,1.0,2.5350000000000003e-06,0.07321886766113006,28.537420618999022,1459,146,1313,1269.9315068493152,1196.56055,0.06565,0.5,static,0.011388477468977708,0.011324282033448324,0.001005190523123612,1.5901105218567175,9.844321010314634e-05,7.093668710654195e-08,4.34561985754453e-06,2.0,0.0,0.08929716411372607,3.836519989138963e-05,,,,,1.9698268654161688,-0.030173134583831196
dwell_r3_xi_0.5_p+0_Nd4001_dt1,fu_cwcarrier,dwell,3,xi_0.5,0,4001,1.0,2.5350000000000003e-06,0.07321886766113006,28.537420618999022,1459,146,1313,1269.9315068493152,1196.56055,0.06565,0.5,static_lti,0.09538912220543329,0.026551408924275748,0.001043809726823905,1.6242952446111731,9.943072423196345e-05,1.437657950661559e-06,3.154982303521184e-05,1.9659891116209822,0.0037735849056603774,0.17492943648979786,0.00011761451761935516,,,,,1.9698268654161688,0.0038377537951865826
dwell_r3_xi_0.5_p+0_Nd4001_dt1,fu_cwcarrier,dwell,3,xi_0.5,0,4001,1.0,2.5350000000000003e-06,0.07321886766113006,28.537420618999022,1459,146,1313,1269.9315068493152,1196.56055,0.06565,0.5,static_mh,0.068802498127118,0.06855648142593607,0.0010064240960647784,1.5898660533264435,9.888435013556149e-05,-3.667759107335972e-05,5.303083000745879e-05,1.9999999891396902,0.0,0.14489276285990568,9.99955622801065e-05,,,,,1.9698268654161688,-0.030173123723521433
dwell_r3_xi_0.5_p+0_Nd4001_dt1,fu_cwcarrier,dwell,3,xi_0.5,0,4001,1.0,2.5350000000000003e-06,0.07321886766113006,28.537420618999022,1459,146,1313,1269.9315068493152,1196.56055,0.06565,0.5,static_lti_mh,0.09794912222179167,0.028624295288847346,0.0010437396683884452,1.6241826835533777,9.943679714076724e-05,-3.525626968498961e-05,3.9223368915937614e-05,1.95644632677461,0.007547169811320755,0.1815707978325468,0.00012697265446866952,,,,,1.9698268654161688,0.013380538641558859
dwell_r3_xi_0.5_p+0_Nd4001_dt1,fu_cwcarrier,dwell,3,xi_0.5,0,4001,1.0,2.5350000000000003e-06,0.07321886766113006,28.537420618999022,1459,146,1313,1269.9315068493152,1196.56055,0.06565,0.5,linear,0.08746486069764518,0.022502722409005298,0.0018131011196915547,1.2508268932223912,0.00012885891042177365,3.0841067194395116e-06,5.176177895000782e-05,1.9698268654161688,0.0037735849056603774,0.16140386935627835,9.32980837807806e-05,,,,,1.9698268654161688,0.0
dwell_r3_xi_1_p+0_Nd4001_dt1,fu_cwcarrier,dwell,3,xi_1,0,4001,1.0,2.5350000000000003e-06,0.07321886766113006,62.36840236599892,1459,73,1386,2539.8630136986303,2373.85055,0.0693,1,atomic,0.23847695706575678,0.1364907002936191,0.0012724311636462629,1.6038727589490296,9.960851033371001e-05,-3.9050694248023904e-05,9.809906791628487e-05,1.9907907431026486,0.0,0.24152245255589974,0.00023889480455731142,0.06428152652963115,0.04813738236960506,0.06854582217261058,0.0485048061697191,1.999999882564736,0.009209139462087457
dwell_r3_xi_1_p+0_Nd4001_dt1,fu_cwcarrier,dwell,3,xi_1,0,4001,1.0,2.5350000000000003e-06,0.07321886766113006,62.36840236599892,1459,73,1386,2539.8630136986303,2373.85055,0.0693,1,static,0.009785491523573176,0.00976555063659905,0.0010056228745367413,1.5906331482320293,9.874369544949472e-05,-1.368478693539518e-07,3.5759576115172638e-06,2.0,0.0,0.08634256098757583,3.78947123572172e-05,,,,,1.999999882564736,-1.1743526395768811e-07
dwell_r3_xi_1_p+0_Nd4001_dt1,fu_cwcarrier,dwell,3,xi_1,0,4001,1.0,2.5350000000000003e-06,0.07321886766113006,62.36840236599892,1459,73,1386,2539.8630136986303,2373.85055,0.0693,1,static_lti,0.06112394857967307,0.023428746235834724,0.0010265375596366462,1.608675849573715,9.947398352711584e-05,9.712462737304053e-07,2.3555060778045042e-05,1.999999978674578,0.0,0.1403765024525218,9.40445259096977e-05,,,,,1.999999882564736,-9.610984186281257e-08
dwell_r3_xi_1_p+0_Nd4001_dt1,fu_cwcarrier,dwell,3,xi_1,0,4001,1.0,2.5350000000000003e-06,0.07321886766113006,62.36840236599892,1459,73,1386,2539.8630136986303,2373.85055,0.0693,1,static_mh,0.03781866361989308,0.0377400353814388,0.00100679769766463,1.590288561052601,9.895613958743785e-05,-3.6445697233407505e-05,5.4916767997707246e-05,1.9999999999999545,0.0,0.12022625975364047,6.535716675666532e-05,,,,,1.999999882564736,-1.174352184385441e-07
dwell_r3_xi_1_p+0_Nd4001_dt1,fu_cwcarrier,dwell,3,xi_1,0,4001,1.0,2.5350000000000003e-06,0.07321886766113006,62.36840236599892,1459,73,1386,2539.8630136986303,2373.85055,0.0693,1,static_lti_mh,0.06277696630713056,0.025040348059404888,0.0010263972107189675,1.6082074611216683,9.948330549586829e-05,-3.538340878715111e-05,3.857232991414462e-05,1.9999998719853584,0.0,0.1458019016167346,9.870849731631972e-05,,,,,1.999999882564736,1.05793775961871e-08
dwell_r3_xi_1_p+0_Nd4001_dt1,fu_cwcarrier,dwell,3,xi_1,0,4001,1.0,2.5350000000000003e-06,0.07321886766113006,62.36840236599892,1459,73,1386,2539.8630136986303,2373.85055,0.0693,1,linear,0.05460497681887953,0.018699673454263214,0.0017849282820835042,1.2346769960870712,0.00012876541463888944,7.33639376057405e-07,3.835485586380067e-05,1.999999882564736,0.0,0.11971349263066133,7.008286330367933e-05,,,,,1.999999882564736,0.0
dwell_r3_xi_2_p+0_Nd4001_dt1,fu_cwcarrier,dwell,3,xi_2,0,4001,1.0,2.5350000000000003e-06,0.07321886766113006,47.83850569099741,1459,37,1422,5011.081081081081,4664.79323,0.0711,2,atomic,0.14883481481810623,0.08477330331928024,0.0012557037758346072,1.5783328069218285,0.00010368880048046882,4.334313182313852e-06,7.585812903965188e-05,1.9352306409119082,0.011320754716981131,0.19530491944582323,0.00017836872774521325,0.037839409504704456,0.024571137764316867,0.04110426370983805,0.02493439975175152,1.9998962942896392,0.064665653377731
dwell_r3_xi_2_p+0_Nd4001_dt1,fu_cwcarrier,dwell,3,xi_2,0,4001,1.0,2.5350000000000003e-06,0.07321886766113006,47.83850569099741,1459,37,1422,5011.081081081081,4664.79323,0.0711,2,static,0.009077666194999907,0.009010166008280505,0.0010049139577700881,1.5918438196608755,9.881034449951665e-05,-1.0531206818349748e-08,3.211496541700574e-06,2.0,0.0,0.08997134165817679,3.886660968869293e-05,,,,,1.9998962942896392,-0.00010370571036077969
dwell_r3_xi_2_p+0_Nd4001_dt1,fu_cwcarrier,dwell,3,xi_2,0,4001,1.0,2.5350000000000003e-06,0.07321886766113006,47.83850569099741,1459,37,1422,5011.081081081081,4664.79323,0.0711,2,static_lti,0.04454040942005281,0.021573238400388814,0.001018961646626334,1.6008020568259278,9.928090105612207e-05,2.2528166389587594e-06,1.9873692561569848e-05,1.9999999115425848,0.0,0.11500916788333154,6.84510487834024e-05,,,,,1.9998962942896392,-0.0001036172529456092
dwell_r3_xi_2_p+0_Nd4001_dt1,fu_cwcarrier,dwell,3,xi_2,0,4001,1.0,2.5350000000000003e-06,0.07321886766113006,47.83850569099741,1459,37,1422,5011.081081081081,4664.79323,0.0711,2,static_mh,0.025003858630594674,0.024215274697150825,0.0010046025978664712,1.59061474725899,9.890054187925842e-05,-3.632811683738656e-05,5.551316405239219e-05,2.0,0.0,0.10732041723413256,5.1184340021140675e-05,,,,,1.9998962942896392,-0.00010370571036077969
dwell_r3_xi_2_p+0_Nd4001_dt1,fu_cwcarrier,dwell,3,xi_2,0,4001,1.0,2.5350000000000003e-06,0.07321886766113006,47.83850569099741,1459,37,1422,5011.081081081081,4664.79323,0.0711,2,static_lti_mh,0.04524104626444197,0.023192996932251766,0.0010188607925976135,1.600816310566882,9.928028133106127e-05,-3.4064961061292334e-05,4.285610639151853e-05,1.9999280867967482,0.0,0.11642673357316362,6.990244406662735e-05,,,,,1.9998962942896392,-3.179250710894088e-05
dwell_r3_xi_2_p+0_Nd4001_dt1,fu_cwcarrier,dwell,3,xi_2,0,4001,1.0,2.5350000000000003e-06,0.07321886766113006,47.83850569099741,1459,37,1422,5011.081081081081,4664.79323,0.0711,2,linear,0.036636127526401226,0.01670431057543506,0.0017733054703566152,1.2264821621053206,0.00012834591530700958,3.628356663327253e-06,3.089769771083295e-05,1.9998962942896392,0.0,0.09032685010609129,3.9531193508650616e-05,,,,,1.9998962942896392,0.0
dwell_r3_xi_4_p+0_Nd4001_dt1,fu_cwcarrier,dwell,3,xi_4,0,4001,1.0,2.5350000000000003e-06,0.07321886766113006,43.83964333900076,1459,18,1441,10300.555555555555,9568.40055,0.07205,4,atomic,0.12919753146338137,0.08081215409887196,0.0011521139561098482,1.5934184878557476,0.00010145421652410962,-2.567696930334831e-05,6.94200244833849e-05,1.9744190953813239,0.0037735849056603774,0.18624314833216776,0.0002385246593674417,0.027533295420867313,0.016274824898119294,0.02891660067553705,0.016368323670597283,2.0,0.025580904618676126
dwell_r3_xi_4_p+0_Nd4001_dt1,fu_cwcarrier,dwell,3,xi_4,0,4001,1.0,2.5350000000000003e-06,0.07321886766113006,43.83964333900076,1459,18,1441,10300.555555555555,9568.40055,0.07205,4,static,0.008567146845154633,0.00848092882024427,0.0010052698137740224,1.5912521326266016,9.880627405265232e-05,-4.32301498522496e-09,3.055076877858138e-06,2.0,0.0,0.08483465580324448,3.8110905918987076e-05,,,,,2.0,0.0
dwell_r3_xi_4_p+0_Nd4001_dt1,fu_cwcarrier,dwell,3,xi_4,0,4001,1.0,2.5350000000000003e-06,0.07321886766113006,43.83964333900076,1459,18,1441,10300.555555555555,9568.40055,0.07205,4,static_lti,0.032184941970078026,0.020095264779418386,0.0010128339526028164,1.5967455218704703,9.91400363592879e-05,-1.3899787383606166e-06,1.925904238911281e-05,1.9999999883135464,0.0,0.1151121581085631,6.706991171163152e-05,,,,,2.0,1.1686453582626655e-08
dwell_r3_xi_4_p+0_Nd4001_dt1,fu_cwcarrier,dwell,3,xi_4,0,4001,1.0,2.5350000000000003e-06,0.07321886766113006,43.83964333900076,1459,18,1441,10300.555555555555,9568.40055,0.07205,4,static_mh,0.016808954492134022,0.01671874761812692,0.0010045302820883462,1.591141136678618,9.88259586529328e-05,-3.63258443094846e-05,5.5831313201927245e-05,2.0,0.0,0.09283995832992996,4.780762601643867e-05,,,,,2.0,0.0
dwell_r3_xi_4_p+0_Nd4001_dt1,fu_cwcarrier,dwell,3,xi_4,0,4001,1.0,2.5350000000000003e-06,0.07321886766113006,43.83964333900076,1459,18,1441,10300.555555555555,9568.40055,0.07205,4,static_lti_mh,0.03349800717904614,0.021457482293575914,0.001012795960015641,1.5968045833530085,9.915059953401302e-05,-3.7711714941768824e-05,5.1573958909773047e-05,1.9999997152980087,0.0,0.11839630357055606,7.287455620977388e-05,,,,,2.0,2.8470199131547247e-07
dwell_r3_xi_4_p+0_Nd4001_dt1,fu_cwcarrier,dwell,3,xi_4,0,4001,1.0,2.5350000000000003e-06,0.07321886766113006,43.83964333900076,1459,18,1441,10300.555555555555,9568.40055,0.07205,4,linear,0.0262091152550479,0.01512176454730529,0.0017627321369092634,1.2222952486296168,0.00012807814117035397,-2.411598320780865e-06,2.9075834359182563e-05,2.0,0.0,0.0875451187320784,4.086725290468645e-05,,,,,2.0,0.0
