job_id,tag,design,realization,variant,Pavg_over_P1dB_dB,model,D_gain,D_BLA,gain_abs,gain_phase,out_bb_rms,dc_shift_mean,dc_shift_std,AIR,SER,EVM,cal_var,NMSE_vs_full_trace,NMSE_vs_full_trace_static_lti_mh,NMSE_vs_full_trace_static_mh,NMSE_vs_full_trace_static_lti,NMSE_vs_full_trace_static
shuffle_r0_ORIGINAL_p-6_Nd4001_dt1,main,shuffle,0,ORIGINAL,-6,dsh_tau2.535us,0.09292208624447304,0.04748194630824686,0.0014614622699903443,1.3290138177147244,5.594178744509192e-05,-2.1007992769602197e-05,2.9553163265552675e-05,1.7467416234913,0.04150943396226415,0.26683988171562295,8.119892396593805e-05,0.18130172480812762,0.16842373225960436,0.21157752504895683,0.16832504960657918,0.2036208564120541
shuffle_r0_ORIGINAL_p-6_Nd4001_dt1,main,shuffle,0,ORIGINAL,-6,dsh_tau1.940us,0.10151481916178894,0.055319720521910073,0.001440004037957717,1.33278927904813,5.533578037279663e-05,-2.1005050954563732e-05,2.961108299631924e-05,1.7169008505467112,0.04150943396226415,0.27945167075316374,9.798421648400972e-05,0.17352570383277235,,,,
shuffle_r0_ORIGINAL_p-6_Nd4001_dt1,main,shuffle,0,ORIGINAL,-6,dsh_tau4.000us,0.07828392804386258,0.03408997499386923,0.0015033012792027738,1.3211815621953287,5.715809294369737e-05,-2.1015205177646514e-05,2.9421287524224165e-05,1.7857987906967583,0.04150943396226415,0.2401332950112811,5.8851644807467236e-05,0.19872168910547808,,,,
shuffle_r0_ORIGINAL_p+0_Nd4001_dt1,main,shuffle,0,ORIGINAL,0,dsh_tau2.535us,0.43644282057774336,0.366608903878581,0.00101421450435594,1.4526787480471866,8.878978987158943e-05,-4.214820754865891e-05,9.398381982643716e-05,0.9430779975385903,0.03018867924528302,0.6043307869301304,0.0022678955464828956,0.19264911018810602,0.24239880493273874,0.30488155548913337,0.24105822494787857,0.26046323950051614
shuffle_r0_ORIGINAL_p+0_Nd4001_dt1,main,shuffle,0,ORIGINAL,0,dsh_tau1.940us,0.47775051823239634,0.4053118641797337,0.0009860611609985984,1.464986831323832,8.755755042688779e-05,-4.216666478834903e-05,9.363727543965756e-05,0.9133521743432499,0.026415094339622643,0.6339668546780953,0.00252481642176594,0.18560749796430603,,,,
shuffle_r0_ORIGINAL_p+0_Nd4001_dt1,main,shuffle,0,ORIGINAL,0,dsh_tau4.000us,0.35916966919588034,0.29453898769428705,0.00107353504314829,1.4296627302488707,9.142042853827082e-05,-4.2073382602031297e-05,9.443615992254292e-05,1.0369221527374684,0.03018867924528302,0.5467686759065652,0.0017747880546870709,0.21345866815929165,,,,
shuffle_r0_ORIGINAL_p+3_Nd4001_dt1,main,shuffle,0,ORIGINAL,3,dsh_tau2.535us,0.7823562553865854,0.6920435508776343,0.0007888283791484945,1.5876779583519909,0.00010864720054588916,-6.810931729864532e-05,0.00024035014128336328,0.7286100042282029,0.045283018867924525,0.7927629877629958,0.007590504284136274,0.2844325921866333,0.35669163973306606,0.43259590964582084,0.3519724257840973,0.35734363495918964
shuffle_r0_ORIGINAL_p+3_Nd4001_dt1,main,shuffle,0,ORIGINAL,3,dsh_tau1.940us,0.8352263274852197,0.740277123214509,0.0007666397597910941,1.5996989419707397,0.00010714513068092293,-6.813126355773059e-05,0.00023973180039663908,0.6985392047515099,0.04905660377358491,0.8167759434531802,0.008008735846615668,0.27992975086613797,,,,
shuffle_r0_ORIGINAL_p+3_Nd4001_dt1,main,shuffle,0,ORIGINAL,3,dsh_tau4.000us,0.6727249753589155,0.5904747655369379,0.0008374297789608136,1.5621502514975407,0.00011173952991469795,-6.79743421236408e-05,0.0002405678267110096,0.7399246543683926,0.04150943396226415,0.742341216893021,0.006408002440680032,0.2982577103295639,,,,
shuffle_r0_ORIGINAL_p+6_Nd4001_dt1,main,shuffle,0,ORIGINAL,6,dsh_tau2.535us,1.209301497096581,1.0879123167074525,0.0005811184367392495,1.6903891501795305,0.00012585902319148798,-0.000117123387371209,0.0005160678460994802,0.8139116662299334,0.07547169811320754,0.9202775197146409,0.02091434637955353,0.36027496712484536,0.4626710975944892,0.5444780731537846,0.45961855400674384,0.45333112198073894
shuffle_r0_ORIGINAL_p+6_Nd4001_dt1,main,shuffle,0,ORIGINAL,6,dsh_tau1.940us,1.282589893801668,1.158021414087614,0.0005645199439670468,1.7016468212021052,0.00012427553738321987,-0.00011725640838671804,0.000516109211649449,0.7922586528452321,0.07169811320754717,0.945659040317323,0.021600297136465697,0.35576121421369605,,,,
shuffle_r0_ORIGINAL_p+6_Nd4001_dt1,main,shuffle,0,ORIGINAL,6,dsh_tau4.000us,1.0665589162534246,0.9562297602749029,0.0006157190760503177,1.6758042826395332,0.00012897495349228246,-0.00011682614823399695,0.000515288247990528,0.891410490641539,0.06792452830188679,0.8686205607413088,0.02018788089975248,0.3747246971348941,,,,
shuffle_r0_BLOCK_SHUFFLED_CYCLES_p-6_Nd4001_dt1,main,shuffle,0,BLOCK_SHUFFLED_CYCLES,-6,dsh_tau2.535us,0.07265800167682648,0.03574944673843017,0.0015220945012241198,1.317632428602413,5.7760462265930296e-05,-2.1204096490134664e-05,2.7064961365007113e-05,1.768078996678679,0.033962264150943396,0.2284699374075299,7.169399653038654e-05,0.12486274266381191,0.12533896021513147,0.16938051625253991,0.12504673862303822,0.15712971793841
shuffle_r0_BLOCK_SHUFFLED_CYCLES_p-6_Nd4001_dt1,main,shuffle,0,BLOCK_SHUFFLED_CYCLES,-6,dsh_tau1.940us,0.08119082612039234,0.04427089360500791,0.0014955536856113426,1.322379734854355,5.69774923758496e-05,-2.1194062689294705e-05,2.7101165772021493e-05,1.7456983828474615,0.033962264150943396,0.25351055797792815,8.338756301904184e-05,0.11620744877828329,,,,
shuffle_r0_BLOCK_SHUFFLED_CYCLES_p-6_Nd4001_dt1,main,shuffle,0,BLOCK_SHUFFLED_CYCLES,-6,dsh_tau4.000us,0.06021557064464535,0.022778177040884164,0.0015672425107966551,1.3091026710020475,5.9129294260812896e-05,-2.1225841059904076e-05,2.7000421803145945e-05,1.802671654305834,0.033962264150943396,0.18993570789717745,5.442216047585483e-05,0.14181992009072722,,,,
shuffle_r0_BLOCK_SHUFFLED_CYCLES_p+0_Nd4001_dt1,main,shuffle,0,BLOCK_SHUFFLED_CYCLES,0,dsh_tau2.535us,0.3306327859145357,0.28917770398113724,0.0010983631332031644,1.4226234963062214,9.259869604248963e-05,-4.232870281704999e-05,9.11488044338888e-05,1.1748805850254758,0.03018867924528302,0.5770053988650614,0.001619978292053415,0.22685957646419086,0.2731009560967027,0.3244871085600312,0.26687495315161175,0.2849791349304598
shuffle_r0_BLOCK_SHUFFLED_CYCLES_p+0_Nd4001_dt1,main,shuffle,0,BLOCK_SHUFFLED_CYCLES,0,dsh_tau1.940us,0.3791433572308493,0.33614074090943763,0.0010591245191601116,1.435840146278529,9.089913580809822e-05,-4.2309310134694656e-05,9.118052980445789e-05,0.9224907515815823,0.033962264150943396,0.6201859956102543,0.0018581951713765549,0.22162811444654265,,,,
shuffle_r0_BLOCK_SHUFFLED_CYCLES_p+0_Nd4001_dt1,main,shuffle,0,BLOCK_SHUFFLED_CYCLES,0,dsh_tau4.000us,0.25128970380029914,0.21295585476544954,0.001170929861646213,1.402162990358731,9.573749293792593e-05,-4.2392549171509927e-05,9.108092674972781e-05,1.438721258534303,0.022641509433962263,0.49674122286852807,0.0011835280563245653,0.24228831045412375,,,,
shuffle_r0_BLOCK_SHUFFLED_CYCLES_p+3_Nd4001_dt1,main,shuffle,0,BLOCK_SHUFFLED_CYCLES,3,dsh_tau2.535us,0.6303050797061285,0.5756911373368059,0.0008571487886067894,1.5435807160660928,0.00011297699585269807,-6.817189678472609e-05,0.00021985553916017527,0.18656740459907364,0.03773584905660377,0.7881539212874634,0.006385101176276535,0.3250481437559293,0.3920748449972577,0.4533141015713058,0.38519084410269755,0.3929162352478449
shuffle_r0_BLOCK_SHUFFLED_CYCLES_p+3_Nd4001_dt1,main,shuffle,0,BLOCK_SHUFFLED_CYCLES,3,dsh_tau1.940us,0.7016852780742087,0.6445995287736084,0.0008252458964907305,1.5592630902574653,0.00011112548285001909,-6.811959856505083e-05,0.00021995401231086033,0.1863724138349831,0.033962264150943396,0.8161483382579302,0.007015753479555681,0.3242544815122441,,,,
shuffle_r0_BLOCK_SHUFFLED_CYCLES_p+3_Nd4001_dt1,main,shuffle,0,BLOCK_SHUFFLED_CYCLES,3,dsh_tau4.000us,0.5080476222664954,0.4571743125162494,0.0009166655678950228,1.516107218976797,0.00011620711827605661,-6.831057452711477e-05,0.00022054410789542746,0.3407673993113255,0.03773584905660377,0.7175116195850648,0.005251223224739682,0.33108877411817894,,,,
shuffle_r0_BLOCK_SHUFFLED_CYCLES_p+6_Nd4001_dt1,main,shuffle,0,BLOCK_SHUFFLED_CYCLES,6,dsh_tau2.535us,0.9938671096366151,0.9109401268499059,0.0006342328094643665,1.6734373999502574,0.00013059643266616732,-0.00011686161102331744,0.0004578975924525514,0.7127657638252027,0.045283018867924525,0.8268327130741806,0.017767488790069345,0.39677220543375724,0.5138091414140333,0.591804345908495,0.5109179256594167,0.5088694023584508
shuffle_r0_BLOCK_SHUFFLED_CYCLES_p+6_Nd4001_dt1,main,shuffle,0,BLOCK_SHUFFLED_CYCLES,6,dsh_tau1.940us,1.0781066870873652,0.9895811784587399,0.0006134088692956812,1.6832284992582949,0.00012893940587965165,-0.00011686412141622241,0.00045823334735214585,0.8326098587764648,0.04905660377358491,0.8385205541148775,0.019000743714520756,0.3947036822853666,,,,
shuffle_r0_BLOCK_SHUFFLED_CYCLES_p+6_Nd4001_dt1,main,shuffle,0,BLOCK_SHUFFLED_CYCLES,6,dsh_tau4.000us,0.8505654798431957,0.7789097486516047,0.0006710261816092145,1.6610895333082691,0.00013311792087170398,-0.00011695077208799025,0.0004583397699107221,0.5743440469753561,0.04150943396226415,0.7921067620681045,0.015493590254561873,0.4046542091924385,,,,
shuffle_r0_BLOCK_SHUFFLED_FIXED_p-6_Nd4001_dt1,main,shuffle,0,BLOCK_SHUFFLED_FIXED,-6,dsh_tau2.535us,0.0959698932675254,0.014663833831730888,0.0016878220879216548,1.3022113626225957,6.376543017333636e-05,-2.0776248675072317e-05,3.95717584062729e-05,1.591534404776303,0.09811320754716982,0.2785389701761567,0.00010246551526857992,0.1387767038288116,0.13671129222332692,0.24439880655466167,0.13370369904253407,0.20075242408087274
shuffle_r0_BLOCK_SHUFFLED_FIXED_p-6_Nd4001_dt1,main,shuffle,0,BLOCK_SHUFFLED_FIXED,-6,dsh_tau1.940us,0.09629955802993584,0.016903475539950506,0.0016710913826144314,1.306231481361005,6.314265650936452e-05,-2.079760848272795e-05,3.911762749865832e-05,1.5908520907276624,0.09811320754716982,0.2837414151100731,0.00010673738913960978,0.13138648511784953,,,,
shuffle_r0_BLOCK_SHUFFLED_FIXED_p-6_Nd4001_dt1,main,shuffle,0,BLOCK_SHUFFLED_FIXED,-6,dsh_tau4.000us,0.09650922652046363,0.012458394478597387,0.0017093424584405745,1.2964131992950565,6.459470139126848e-05,-2.0765100469636498e-05,4.0161709684349885e-05,1.5921132376782268,0.09433962264150944,0.2743237850355343,9.867047060074776e-05,0.14948267769583287,,,,
shuffle_r0_BLOCK_SHUFFLED_FIXED_p+0_Nd4001_dt1,main,shuffle,0,BLOCK_SHUFFLED_FIXED,0,dsh_tau2.535us,0.1472030603132497,0.07820325864117263,0.00139342166543992,1.3703122658036073,0.00010745709019908706,-4.1598747651971465e-05,8.575539056188658e-05,1.5331734460271838,0.0830188679245283,0.4077943591657117,0.0008809578901775957,0.25685715042135426,0.3836258753393515,0.4957932832976166,0.3799032170401527,0.4014910287546355
shuffle_r0_BLOCK_SHUFFLED_FIXED_p+0_Nd4001_dt1,main,shuffle,0,BLOCK_SHUFFLED_FIXED,0,dsh_tau1.940us,0.16878505934956037,0.10354976514598867,0.0013485895781052,1.3743513907716043,0.00010497341294305006,-4.201478005503945e-05,8.497057946048526e-05,1.474287348805583,0.08679245283018867,0.47720983119631916,0.0012158943782957232,0.24794908779369765,,,,
shuffle_r0_BLOCK_SHUFFLED_FIXED_p+0_Nd4001_dt1,main,shuffle,0,BLOCK_SHUFFLED_FIXED,0,dsh_tau4.000us,0.12371411927146664,0.04938729177934427,0.001458360973542094,1.3646830527988494,0.00011130897094674054,-4.1111394213316165e-05,8.746346496375958e-05,1.580432194987672,0.0830188679245283,0.3347562523553698,0.0005905986616193695,0.27447904626315067,,,,
shuffle_r0_BLOCK_SHUFFLED_FIXED_p+3_Nd4001_dt1,main,shuffle,0,BLOCK_SHUFFLED_FIXED,3,dsh_tau2.535us,0.27581671186653134,0.2125697766713505,0.001120790678380383,1.4393573673405535,0.00012874936096390018,-6.745824771695615e-05,0.00016094764349554495,1.2126849192005615,0.09433962264150944,0.7280978817617582,0.0056699503688647035,0.36433733511068095,0.5396763336606699,0.6792517851913362,0.53672835200908,0.5342503787122767
shuffle_r0_BLOCK_SHUFFLED_FIXED_p+3_Nd4001_dt1,main,shuffle,0,BLOCK_SHUFFLED_FIXED,3,dsh_tau1.940us,0.33068169050608026,0.27132192866315413,0.0010730692661873264,1.4489188702415117,0.00012589254522111203,-6.839974904598513e-05,0.00016265383867643076,1.0933051290394125,0.09056603773584905,0.8711638878465168,0.008166831490603531,0.3610572281153328,,,,
shuffle_r0_BLOCK_SHUFFLED_FIXED_p+3_Nd4001_dt1,main,shuffle,0,BLOCK_SHUFFLED_FIXED,3,dsh_tau4.000us,0.2089873411821487,0.13772883462743915,0.0011969014151359102,1.429239980957546,0.00013384167782183975,-6.606195820845704e-05,0.00015942792494914046,1.384605465543029,0.08679245283018867,0.5385672755200729,0.003030969589085524,0.3748260504167197,,,,
shuffle_r0_BLOCK_SHUFFLED_FIXED_p+6_Nd4001_dt1,main,shuffle,0,BLOCK_SHUFFLED_FIXED,6,dsh_tau2.535us,0.551998982154419,0.48970047612123735,0.0008060215940661451,1.5778951487066912,0.00014426217086619466,-0.00011690987128833131,0.0002981123255166704,0.818868630039066,0.16981132075471697,1.1244979725635742,0.02783327459966861,0.4412823748467987,0.6696062307753791,0.8013664336588164,0.6808788059371248,0.6616124498157658
shuffle_r0_BLOCK_SHUFFLED_FIXED_p+6_Nd4001_dt1,main,shuffle,0,BLOCK_SHUFFLED_FIXED,6,dsh_tau1.940us,0.6456105426815429,0.5811401269991826,0.0007732740071640167,1.5954778664797764,0.00014252197669244,-0.0001180966668234784,0.00030085075451019165,0.7184490779397031,0.1811320754716981,1.2669757884686643,0.035321647165373976,0.4426551329982981,,,,
shuffle_r0_BLOCK_SHUFFLED_FIXED_p+6_Nd4001_dt1,main,shuffle,0,BLOCK_SHUFFLED_FIXED,6,dsh_tau4.000us,0.41705870945051454,0.34989373181388267,0.0008616707725464528,1.5508052911816284,0.00014735517152291537,-0.00011507321212273854,0.0002948421165475165,0.9937445827653284,0.1320754716981132,0.8869298958939132,0.016911772382241244,0.44492178945270905,,,,
shuffle_r0_SHUFFLED_p-6_Nd4001_dt1,main,shuffle,0,SHUFFLED,-6,dsh_tau2.535us,0.05691843032004198,0.01631777996313026,0.0016901881270728763,1.2622995483683936,4.3253927817016156e-05,-1.9713674040074768e-05,2.0545738692708585e-05,1.999999906610815,0.0,0.19580359567074768,2.553470300394974e-05,0.005486697533693389,0.014539402517769862,0.08737019524622248,0.014387144685542719,0.07667985492479996
shuffle_r0_SHUFFLED_p-6_Nd4001_dt1,main,shuffle,0,SHUFFLED,-6,dsh_tau1.940us,0.0569008595323417,0.016313888305758223,0.001690167601000234,1.2623025336072906,4.325304296870593e-05,-1.971490684487254e-05,2.0540425026959204e-05,1.9999999080631734,0.0,0.1957622702614336,2.5524022837849543e-05,0.005487711417502333,,,,
shuffle_r0_SHUFFLED_p-6_Nd4001_dt1,main,shuffle,0,SHUFFLED,-6,dsh_tau4.000us,0.056940057991763715,0.01632259491975379,0.0016902116837779774,1.262296644074966,4.325497431953012e-05,-1.9712120092473587e-05,2.055201795536641e-05,1.999999904518948,0.0,0.19586170941983722,2.5545220385218576e-05,0.005485698837478783,,,,
shuffle_r0_SHUFFLED_p+0_Nd4001_dt1,main,shuffle,0,SHUFFLED,0,dsh_tau2.535us,0.057415330673315085,0.01704722217567185,0.001551193415407735,1.3258845169333153,7.922392666808043e-05,-3.975156082611503e-05,3.725005446567295e-05,1.999999999997214,0.0,0.16818599638773526,7.057968960867396e-05,0.026964201583935022,0.05301632579674317,0.1461089261108174,0.052388637845947945,0.09758665124896722
shuffle_r0_SHUFFLED_p+0_Nd4001_dt1,main,shuffle,0,SHUFFLED,0,dsh_tau1.940us,0.05736140148273561,0.017043458709312797,0.0015511078889484649,1.3258944630378535,7.92175370993168e-05,-3.9760548670917055e-05,3.721450669742828e-05,1.9999999999974762,0.0,0.16802330247795982,7.044307730285012e-05,0.026980170149396337,,,,
shuffle_r0_SHUFFLED_p+0_Nd4001_dt1,main,shuffle,0,SHUFFLED,0,dsh_tau4.000us,0.057483163606074465,0.017052974858765953,0.001551289279957206,1.3258751835138556,7.923137194239582e-05,-3.9740471710872154e-05,3.7292030356223796e-05,1.9999999999968112,0.0,0.16841386553972704,7.072168595756559e-05,0.02694522668945733,,,,
shuffle_r0_SHUFFLED_p+3_Nd4001_dt1,main,shuffle,0,SHUFFLED,3,dsh_tau2.535us,0.05826373273982014,0.017998257922275437,0.0013805927960034857,1.3973202555345363,9.963930536588208e-05,-6.446001277498256e-05,4.668554175184483e-05,1.999999999999976,0.0,0.16591303899052412,0.00013263766503000682,0.06957373836322081,0.1057369369079738,0.26105101058290286,0.10530866350115871,0.14284265738393034
shuffle_r0_SHUFFLED_p+3_Nd4001_dt1,main,shuffle,0,SHUFFLED,3,dsh_tau1.940us,0.05820408329127564,0.0180217483580477,0.0013804269924361859,1.397314809270578,9.962452314017583e-05,-6.447995602768039e-05,4.661315899780496e-05,1.9999999999999798,0.0,0.1656883034043524,0.0001322457407461808,0.06962456285357524,,,,
shuffle_r0_SHUFFLED_p+3_Nd4001_dt1,main,shuffle,0,SHUFFLED,3,dsh_tau4.000us,0.0583429910786261,0.017974308059805696,0.0013807770650866938,1.397326459523099,9.965635957676455e-05,-6.443613045937089e-05,4.67707882091137e-05,1.99999999999997,0.0,0.16624324622498698,0.00013302667032845896,0.069507942144674,,,,
shuffle_r0_SHUFFLED_p+6_Nd4001_dt1,main,shuffle,0,SHUFFLED,6,dsh_tau2.535us,0.06155666716519477,0.021496959182666534,0.0010495261097203264,1.4997020006436865,0.0001071596401774536,-0.00011165600388104238,5.0314204985249694e-05,1.9999999999999485,0.0,0.1733960594041934,0.0002878259717106802,0.18198046316644867,0.23137060455659716,0.47553658291210293,0.23179563515156654,0.25867603647814863
shuffle_r0_SHUFFLED_p+6_Nd4001_dt1,main,shuffle,0,SHUFFLED,6,dsh_tau1.940us,0.06166658452876666,0.02173496516862194,0.0010492196362309567,1.4996041374518683,0.00010713385516203498,-0.00011169928212695677,5.0199652887798476e-05,1.9999999999999558,0.0,0.17356525991574637,0.0002880832683038538,0.1820288350981102,,,,
shuffle_r0_SHUFFLED_p+6_Nd4001_dt1,main,shuffle,0,SHUFFLED,6,dsh_tau4.000us,0.061456195779214365,0.021232090403430322,0.001049875107639485,1.4998146064440299,0.00010719026111699655,-0.00011160922404313834,5.045186902030951e-05,1.9999999999999416,0.0,0.17335133422663154,0.0002872089993378315,0.181900245530923,,,,
shuffle_r1_ORIGINAL_p-6_Nd4001_dt1,main,shuffle,1,ORIGINAL,-6,dsh_tau2.535us,0.04781138413422226,0.006749086437143008,0.0016267347505871143,1.2966428193855641,6.112837420711884e-05,-2.8647660843000543e-05,2.160286265863884e-05,1.8415909264273271,0.026415094339622643,0.15566171965591405,3.126417862302671e-05,,,,,
shuffle_r1_ORIGINAL_p-6_Nd4001_dt1,main,shuffle,1,ORIGINAL,-6,dsh_tau1.940us,0.04893285676835597,0.008258564240890167,0.0016157788513767961,1.2999770963103576,6.074807424189378e-05,-2.8649006707574244e-05,2.1599561070059378e-05,1.842252045591437,0.026415094339622643,0.16178957207130973,3.286335094430285e-05,,,,,
shuffle_r1_ORIGINAL_p-6_Nd4001_dt1,main,shuffle,1,ORIGINAL,-6,dsh_tau4.000us,0.046238945722017276,0.004652851876453822,0.00164469236657964,1.2906537112748402,6.175806573306016e-05,-2.864703715104072e-05,2.1607912531042224e-05,1.839256411385976,0.026415094339622643,0.1467219491063804,2.9318826479671894e-05,,,,,
shuffle_r1_ORIGINAL_p+0_Nd4001_dt1,main,shuffle,1,ORIGINAL,0,dsh_tau2.535us,0.1373720309985975,0.09331502514079293,0.0012762215577794727,1.3866316581686033,9.96731402488784e-05,-2.9341395824285735e-05,6.462108868732931e-05,1.6999427506539044,0.01509433962264151,0.3517622185336604,0.0006205468923369048,,,,,
shuffle_r1_ORIGINAL_p+0_Nd4001_dt1,main,shuffle,1,ORIGINAL,0,dsh_tau1.940us,0.15567137690543784,0.11234722420513057,0.0012464250789121485,1.390980085554633,9.811874210262256e-05,-2.9365028696629346e-05,6.453956198391676e-05,1.6675384942787652,0.01509433962264151,0.3798369270738323,0.0007279638043892616,,,,,
shuffle_r1_ORIGINAL_p+0_Nd4001_dt1,main,shuffle,1,ORIGINAL,0,dsh_tau4.000us,0.10808943177596084,0.06362089981938608,0.0013312925040808497,1.3792572077094047,0.00010263755517193848,-2.931487966049931e-05,6.484680383851632e-05,1.764868137673032,0.01509433962264151,0.2980956070250072,0.0004347191439684172,,,,,
shuffle_r1_ORIGINAL_p+3_Nd4001_dt1,main,shuffle,1,ORIGINAL,3,dsh_tau2.535us,0.3309275174597317,0.2828192814777764,0.0009781481716973856,1.4739537173997752,0.00011670550455965422,-3.1581995378252615e-05,9.557352147066678e-05,1.2426686092166066,0.018867924528301886,0.5739231880715387,0.00327182312258119,,,,,
shuffle_r1_ORIGINAL_p+3_Nd4001_dt1,main,shuffle,1,ORIGINAL,3,dsh_tau1.940us,0.366520179918286,0.31976835400576914,0.000951577286408476,1.485359213013851,0.00011503345692859494,-3.1632352265793546e-05,9.543744627151181e-05,1.14519978980065,0.018867924528301886,0.6063914565103816,0.0036799449705388794,,,,,
shuffle_r1_ORIGINAL_p+3_Nd4001_dt1,main,shuffle,1,ORIGINAL,3,dsh_tau4.000us,0.26933055739998296,0.2192679858099261,0.001030287174565601,1.4560757182261994,0.00012006507086773545,-3.150548597417942e-05,9.585561855382586e-05,1.478257556475512,0.018867924528301886,0.5123782760015781,0.002586248091791479,,,,,
shuffle_r1_ORIGINAL_p+6_Nd4001_dt1,main,shuffle,1,ORIGINAL,6,dsh_tau2.535us,0.7125852716323571,0.6590102521905032,0.0006898481712221487,1.6772754657316549,0.0001318798351011074,-6.521285640495166e-05,0.00027482138099265026,0.6203653147996554,0.052830188679245285,0.8188029176689547,0.01303521892767332,,,,,
shuffle_r1_ORIGINAL_p+6_Nd4001_dt1,main,shuffle,1,ORIGINAL,6,dsh_tau1.940us,0.7677522852073453,0.7144312894639433,0.0006720359668654302,1.6953234386549427,0.00013051976785246483,-6.535444711595605e-05,0.0002749927068788846,0.6059083783330418,0.06037735849056604,0.8455193010630907,0.014317640779456069,,,,,
shuffle_r1_ORIGINAL_p+6_Nd4001_dt1,main,shuffle,1,ORIGINAL,6,dsh_tau4.000us,0.6060307390781837,0.5507574893945557,0.000724194345278246,1.638216938542854,0.00013408388813902785,-6.504532178839844e-05,0.00027494126739375667,0.7823429723885957,0.045283018867924525,0.7499747920948764,0.01067651886410507,,,,,
shuffle_r1_BLOCK_SHUFFLED_CYCLES_p-6_Nd4001_dt1,main,shuffle,1,BLOCK_SHUFFLED_CYCLES,-6,dsh_tau2.535us,0.04483998033341191,0.006412923107548127,0.001647453333957224,1.2896999376225524,6.181994963430748e-05,-2.9252515497554898e-05,2.1628786817401946e-05,1.879136743955187,0.026415094339622643,0.15269203479818602,3.466396276661913e-05,,,,,
shuffle_r1_BLOCK_SHUFFLED_CYCLES_p-6_Nd4001_dt1,main,shuffle,1,BLOCK_SHUFFLED_CYCLES,-6,dsh_tau1.940us,0.045892646551010385,0.008054866945015048,0.0016349421471037566,1.2936215844728873,6.138056707307922e-05,-2.9262917898654778e-05,2.158046469459671e-05,1.8737833627638611,0.026415094339622643,0.1571748880748513,3.794339746020834e-05,,,,,
shuffle_r1_BLOCK_SHUFFLED_CYCLES_p-6_Nd4001_dt1,main,shuffle,1,BLOCK_SHUFFLED_CYCLES,-6,dsh_tau4.000us,0.043467818805624676,0.004175910832887026,0.0016665822495632767,1.2833053100390635,6.249829650319387e-05,-2.9230981254688923e-05,2.1695581753464393e-05,1.8858086453719982,0.026415094339622643,0.14590408415779382,3.0499918876621345e-05,,,,,
shuffle_r1_BLOCK_SHUFFLED_CYCLES_p+0_Nd4001_dt1,main,shuffle,1,BLOCK_SHUFFLED_CYCLES,0,dsh_tau2.535us,0.11830288287080883,0.08341883510465108,0.001333140836321587,1.3727916599697312,0.00010325119552900579,-3.0812130801591545e-05,6.065285443855788e-05,1.6634313470781381,0.026415094339622643,0.3024643839732526,0.0008105445937510956,,,,,
shuffle_r1_BLOCK_SHUFFLED_CYCLES_p+0_Nd4001_dt1,main,shuffle,1,BLOCK_SHUFFLED_CYCLES,0,dsh_tau1.940us,0.1377172522247255,0.1030002078811354,0.0012978966253506703,1.3785359015109515,0.00010139076797050199,-3.083197328624371e-05,6.0556458340257384e-05,1.6234198611290562,0.026415094339622643,0.3363697025400899,0.0009870921659726089,,,,,
shuffle_r1_BLOCK_SHUFFLED_CYCLES_p+0_Nd4001_dt1,main,shuffle,1,BLOCK_SHUFFLED_CYCLES,0,dsh_tau4.000us,0.08949403662404948,0.05383878599257746,0.0013924356126199873,1.3642808445051695,0.00010644618107860445,-3.0740094634784066e-05,6.076383806832334e-05,1.7393869144149057,0.026415094339622643,0.2491330372408669,0.0005401507506447501,,,,,
shuffle_r1_BLOCK_SHUFFLED_CYCLES_p+3_Nd4001_dt1,main,shuffle,1,BLOCK_SHUFFLED_CYCLES,3,dsh_tau2.535us,0.2640639588047131,0.22511433046138504,0.0010611874156790755,1.4559755902213616,0.00012342241018131379,-3.37586111021693e-05,9.40168146476598e-05,1.4216435693284126,0.03018867924528302,0.5187437770000987,0.003938421829630437,,,,,
shuffle_r1_BLOCK_SHUFFLED_CYCLES_p+3_Nd4001_dt1,main,shuffle,1,BLOCK_SHUFFLED_CYCLES,3,dsh_tau1.940us,0.3047772734645049,0.2647473585641263,0.0010241441731300978,1.4678405571269728,0.00012101782437187833,-3.376568409029966e-05,9.407815716215779e-05,1.3770940482773972,0.026415094339622643,0.5757309746720263,0.004626926691276314,,,,,
shuffle_r1_BLOCK_SHUFFLED_CYCLES_p+3_Nd4001_dt1,main,shuffle,1,BLOCK_SHUFFLED_CYCLES,3,dsh_tau4.000us,0.20139197775122109,0.16372664425572722,0.0011247903026771775,1.4390632200443942,0.0001275336761551387,-3.3645011111167115e-05,9.356668877022803e-05,1.517737704913907,0.022641509433962263,0.42302739566167624,0.002891006937132314,,,,,
shuffle_r1_BLOCK_SHUFFLED_CYCLES_p+6_Nd4001_dt1,main,shuffle,1,BLOCK_SHUFFLED_CYCLES,6,dsh_tau2.535us,0.5476632652243155,0.5010495181071221,0.0007579982297542757,1.626308920752701,0.00013776688125123946,-6.814740778781705e-05,0.0002745816969555274,1.0610375149167348,0.04150943396226415,0.7997073561612223,0.017148417754125733,,,,,
shuffle_r1_BLOCK_SHUFFLED_CYCLES_p+6_Nd4001_dt1,main,shuffle,1,BLOCK_SHUFFLED_CYCLES,6,dsh_tau1.940us,0.6148979365436775,0.5668847255471727,0.0007309534396531543,1.6452846404354118,0.00013570680070552595,-6.814725452972542e-05,0.0002749318787722232,1.0105741937727177,0.045283018867924525,0.863669792655694,0.019238373472473307,,,,,
shuffle_r1_BLOCK_SHUFFLED_CYCLES_p+6_Nd4001_dt1,main,shuffle,1,BLOCK_SHUFFLED_CYCLES,6,dsh_tau4.000us,0.4324556503169552,0.38868191326555623,0.0008048426978557704,1.5911359071354236,0.00014072964409358806,-6.803262850771918e-05,0.0002741058871980861,1.125907300497106,0.04150943396226415,0.6829801036888746,0.013566571365886036,,,,,
shuffle_r1_BLOCK_SHUFFLED_FIXED_p-6_Nd4001_dt1,main,shuffle,1,BLOCK_SHUFFLED_FIXED,-6,dsh_tau2.535us,0.08544076048989276,0.009213055443708814,0.001724148403587129,1.2878768806587007,6.498148306637526e-05,-2.8997440435456962e-05,3.546301826119828e-05,1.7154790461530214,0.05660377358490566,0.22789949696141595,9.555663892869202e-05,,,,,
shuffle_r1_BLOCK_SHUFFLED_FIXED_p-6_Nd4001_dt1,main,shuffle,1,BLOCK_SHUFFLED_FIXED,-6,dsh_tau1.940us,0.08508380431365209,0.009642110699444961,0.0017175447208270904,1.2899636121019782,6.472198646936524e-05,-2.8993338062024123e-05,3.535889232475229e-05,1.7178282134962854,0.05660377358490566,0.22767623059472908,9.552693402558884e-05,,,,,
shuffle_r1_BLOCK_SHUFFLED_FIXED_p-6_Nd4001_dt1,main,shuffle,1,BLOCK_SHUFFLED_FIXED,-6,dsh_tau4.000us,0.08606334521933903,0.008773663231427692,0.0017323856604065796,1.285234276920079,6.531060927462009e-05,-2.9008887942794854e-05,3.5591605639074345e-05,1.7124702415898896,0.05660377358490566,0.22826210007831685,9.571077207115247e-05,,,,,
shuffle_r1_BLOCK_SHUFFLED_FIXED_p+0_Nd4001_dt1,main,shuffle,1,BLOCK_SHUFFLED_FIXED,0,dsh_tau2.535us,0.09499232404627544,0.02283369872786857,0.001525551324016465,1.3616020808116809,0.0001152249490889238,-3.091399686484605e-05,7.18694917265003e-05,1.73688008287541,0.04905660377358491,0.22968751887589456,0.0004234671425877974,,,,,
shuffle_r1_BLOCK_SHUFFLED_FIXED_p+0_Nd4001_dt1,main,shuffle,1,BLOCK_SHUFFLED_FIXED,0,dsh_tau1.940us,0.09934152161873229,0.028667659111843203,0.001502716661641897,1.364643625048037,0.00011372573454628987,-3.084803439546203e-05,7.083762625462373e-05,1.7356794698764029,0.045283018867924525,0.23757587977526748,0.00045194035781919307,,,,,
shuffle_r1_BLOCK_SHUFFLED_FIXED_p+0_Nd4001_dt1,main,shuffle,1,BLOCK_SHUFFLED_FIXED,0,dsh_tau4.000us,0.0914378392326092,0.01682994940514795,0.0015542945213969615,1.357083607333778,0.00011720486228716154,-3.100420954163273e-05,7.329493010940297e-05,1.7339990129918856,0.04905660377358491,0.22190378646305264,0.0004003821120434495,,,,,
shuffle_r1_BLOCK_SHUFFLED_FIXED_p+3_Nd4001_dt1,main,shuffle,1,BLOCK_SHUFFLED_FIXED,3,dsh_tau2.535us,0.13278273560377496,0.06463477172134487,0.0012895418296498449,1.4248957060442893,0.00013993619478723935,-3.40245402002718e-05,0.00010677791696716164,1.674673868746128,0.045283018867924525,0.29432383565077724,0.001312358832872835,,,,,
shuffle_r1_BLOCK_SHUFFLED_FIXED_p+3_Nd4001_dt1,main,shuffle,1,BLOCK_SHUFFLED_FIXED,3,dsh_tau1.940us,0.15215620256063916,0.08439207205079473,0.001254789648880471,1.4270980180137367,0.00013732558868237026,-3.398762056227608e-05,0.00010587747491581904,1.6307064464300445,0.045283018867924525,0.31840746068961984,0.0015769391362709447,,,,,
shuffle_r1_BLOCK_SHUFFLED_FIXED_p+3_Nd4001_dt1,main,shuffle,1,BLOCK_SHUFFLED_FIXED,3,dsh_tau4.000us,0.11178223066009683,0.04183556235601794,0.0013373045848472705,1.4225812129589546,0.000143766383910996,-3.419716359618148e-05,0.00010870749829644995,1.704987430457964,0.045283018867924525,0.26363182552058684,0.0010420167343377583,,,,,
shuffle_r1_BLOCK_SHUFFLED_FIXED_p+6_Nd4001_dt1,main,shuffle,1,BLOCK_SHUFFLED_FIXED,6,dsh_tau2.535us,0.2782323348185311,0.20612568157613761,0.0009228775400285233,1.52987608456963,0.00015027567374132887,-6.816861994570363e-05,0.00020442784661702868,1.394617586380394,0.06415094339622641,0.45153177376134773,0.005998083488449327,,,,,
shuffle_r1_BLOCK_SHUFFLED_FIXED_p+6_Nd4001_dt1,main,shuffle,1,BLOCK_SHUFFLED_FIXED,6,dsh_tau1.940us,0.3284396174650886,0.2548474139892945,0.0008923140098502726,1.5385768800154818,0.0001481268195831067,-6.804119186073778e-05,0.00020426965457332467,1.346826857512341,0.06415094339622641,0.4954252872949016,0.007065141558912347,,,,,
shuffle_r1_BLOCK_SHUFFLED_FIXED_p+6_Nd4001_dt1,main,shuffle,1,BLOCK_SHUFFLED_FIXED,6,dsh_tau4.000us,0.21239629699972742,0.14184975598006253,0.0009689495248426465,1.521824720512162,0.0001536582313511552,-6.842643870541255e-05,0.00020494109476337435,1.4755679703530944,0.06037735849056604,0.3912599333881269,0.004447712244288556,,,,,
shuffle_r1_SHUFFLED_p-6_Nd4001_dt1,main,shuffle,1,SHUFFLED,-6,dsh_tau2.535us,0.04568225824164827,0.010966321767181444,0.001689142631282138,1.2582457606069222,4.73692549446928e-05,-2.973420241222532e-05,1.8039798883040746e-05,2.0,0.0,0.15859732472692448,2.1550732499979477e-05,,,,,
shuffle_r1_SHUFFLED_p-6_Nd4001_dt1,main,shuffle,1,SHUFFLED,-6,dsh_tau1.940us,0.04567471483257615,0.010964201302538876,0.0016891306292585097,1.2582487147176271,4.736874221774621e-05,-2.973376182178932e-05,1.8036199558594792e-05,2.0,0.0,0.1585845639835278,2.154246221129459e-05,,,,,
shuffle_r1_SHUFFLED_p-6_Nd4001_dt1,main,shuffle,1,SHUFFLED,-6,dsh_tau4.000us,0.04569152728775724,0.010968738563048497,0.0016891569918743993,1.2582419777046794,4.7369876612803844e-05,-2.973470599046994e-05,1.8044065747108294e-05,2.0,0.0,0.158612008569546,2.1557754252833852e-05,,,,,
shuffle_r1_SHUFFLED_p+0_Nd4001_dt1,main,shuffle,1,SHUFFLED,0,dsh_tau2.535us,0.045766715888211906,0.011210154209407462,0.0015496244594644995,1.3221674017115026,8.671053744772553e-05,-3.188531083687856e-05,3.282668701159273e-05,2.0,0.0,0.13436496793005495,6.12631928371613e-05,,,,,
shuffle_r1_SHUFFLED_p+0_Nd4001_dt1,main,shuffle,1,SHUFFLED,0,dsh_tau1.940us,0.045744594909890815,0.011207541688318194,0.0015495795987594799,1.322177172672187,8.670707634497722e-05,-3.188232117831855e-05,3.280250427782694e-05,2.0,0.0,0.13432832757082377,6.115896967802345e-05,,,,,
shuffle_r1_SHUFFLED_p+0_Nd4001_dt1,main,shuffle,1,SHUFFLED,0,dsh_tau4.000us,0.045794739049527335,0.01121330478424042,0.0015496774497889404,1.3221549208134908,8.67147233679108e-05,-3.188863397828592e-05,3.285541605766655e-05,2.0,0.0,0.1344057198031748,6.135999895099314e-05,,,,,
shuffle_r1_SHUFFLED_p+3_Nd4001_dt1,main,shuffle,1,SHUFFLED,3,dsh_tau2.535us,0.04640036690428571,0.011909282450365509,0.001378673634810625,1.393309819574404,0.00010900216508750516,-3.5019843450241004e-05,4.1329115080158934e-05,2.0,0.0,0.13265937758947252,0.00012040687818767578,,,,,
shuffle_r1_SHUFFLED_p+3_Nd4001_dt1,main,shuffle,1,SHUFFLED,3,dsh_tau1.940us,0.04638044089178214,0.011919582981141371,0.0013785896725841613,1.393318512897802,0.00010899442192709754,-3.5013052939058646e-05,4.127881022122949e-05,2.0,0.0,0.1326407940864812,0.0001201812023577407,,,,,
shuffle_r1_SHUFFLED_p+3_Nd4001_dt1,main,shuffle,1,SHUFFLED,3,dsh_tau4.000us,0.04642736337150676,0.011897547317334944,0.0013787712065904075,1.3932970994528655,0.00010901140247087906,-3.5026581557943485e-05,4.138875680722473e-05,2.0,0.0,0.13268613625996814,0.00012060938385779922,,,,,
shuffle_r1_SHUFFLED_p+6_Nd4001_dt1,main,shuffle,1,SHUFFLED,6,dsh_tau2.535us,0.048818235143226356,0.01425481970584647,0.0010483307088974391,1.4966537975242187,0.0001172102980080129,-6.87917251988847e-05,4.5090359520513265e-05,2.0,0.0,0.1358115842104618,0.00027022966982378815,,,,,
shuffle_r1_SHUFFLED_p+6_Nd4001_dt1,main,shuffle,1,SHUFFLED,6,dsh_tau1.940us,0.04888628284127775,0.014361207687553798,0.0010481766112685434,1.496631697630793,0.00011719676711828757,-6.877887498416437e-05,4.500723424747975e-05,2.0,0.0,0.13612713378726302,0.00027073831330434327,,,,,
shuffle_r1_SHUFFLED_p+6_Nd4001_dt1,main,shuffle,1,SHUFFLED,6,dsh_tau4.000us,0.048748324233521025,0.014131255048224623,0.001048508225938647,1.496668207649912,0.00011722642949370814,-6.880215658976906e-05,4.5191020871834495e-05,2.0,0.0,0.13547581192866054,0.00026972664699782725,,,,,
shuffle_r2_ORIGINAL_p-6_Nd4001_dt1,main,shuffle,2,ORIGINAL,-6,dsh_tau2.535us,0.05154748984010896,0.014100232390037264,0.0015554411747635607,1.3065915231567948,5.854773220829574e-05,-2.532892740554755e-05,2.306687326023897e-05,1.816181118918268,0.045283018867924525,0.17987576899210694,3.881101056548068e-05,,,,,
shuffle_r2_ORIGINAL_p-6_Nd4001_dt1,main,shuffle,2,ORIGINAL,-6,dsh_tau1.940us,0.05562441984920629,0.017699931199623285,0.0015383433164784391,1.3106434479664308,5.801605804265897e-05,-2.5327371328304317e-05,2.3059625418904783e-05,1.8079812270131765,0.045283018867924525,0.19059827181231986,4.447323166923487e-05,,,,,
shuffle_r2_ORIGINAL_p-6_Nd4001_dt1,main,shuffle,2,ORIGINAL,-6,dsh_tau4.000us,0.046074451049250745,0.009252346662726847,0.0015840763661143548,1.2985166739210885,5.947064536188031e-05,-2.53286310146791e-05,2.308082958969923e-05,1.822785234301868,0.045283018867924525,0.16224370930971158,3.237568048026177e-05,,,,,
shuffle_r2_ORIGINAL_p+0_Nd4001_dt1,main,shuffle,2,ORIGINAL,0,dsh_tau2.535us,0.2324090944861401,0.17737844959011453,0.0011434480417385202,1.399307319760856,9.296979143661427e-05,-3.759428079808785e-05,6.680259828581325e-05,1.5366896471201574,0.022641509433962263,0.4442855041095964,0.0010703266570067805,,,,,
shuffle_r2_ORIGINAL_p+0_Nd4001_dt1,main,shuffle,2,ORIGINAL,0,dsh_tau1.940us,0.26550600488457543,0.20743140010452615,0.0011111012395562663,1.4071103403117913,9.154649295935456e-05,-3.752922738633484e-05,6.670652630788014e-05,1.4537850448681697,0.026415094339622643,0.4765934451417987,0.0013130808324854604,,,,,
shuffle_r2_ORIGINAL_p+0_Nd4001_dt1,main,shuffle,2,ORIGINAL,0,dsh_tau4.000us,0.17472527405187163,0.12528877724255458,0.0012099205706082832,1.3872081360174575,9.60429400976714e-05,-3.757395747619917e-05,6.679491115871445e-05,1.6292244638706992,0.022641509433962263,0.3831328616388097,0.0007072465917291476,,,,,
shuffle_r2_ORIGINAL_p+3_Nd4001_dt1,main,shuffle,2,ORIGINAL,3,dsh_tau2.535us,0.5204004086758908,0.4473947630079935,0.0008745978996833858,1.5145990787552062,0.00011158860871592431,-5.1906143373441755e-05,0.00013746701659397744,0.9970413000545477,0.03773584905660377,0.6842859917069809,0.004789120306893483,,,,,
shuffle_r2_ORIGINAL_p+3_Nd4001_dt1,main,shuffle,2,ORIGINAL,3,dsh_tau1.940us,0.5749703001424954,0.49779305459498596,0.0008494684556740182,1.5322156881037428,0.0001103129171386039,-5.19284482240419e-05,0.0001375225830289406,0.8871264581278595,0.03018867924528302,0.7291534209583417,0.005490425667868114,,,,,
shuffle_r2_ORIGINAL_p+3_Nd4001_dt1,main,shuffle,2,ORIGINAL,3,dsh_tau4.000us,0.4174749140908327,0.35168394626486194,0.0009278828662232925,1.4826433158856576,0.00011430298348902684,-5.1912050039554986e-05,0.00013742808981452803,1.2013949064441347,0.033962264150943396,0.6006124583317655,0.0036373675035204483,,,,,
shuffle_r2_ORIGINAL_p+6_Nd4001_dt1,main,shuffle,2,ORIGINAL,6,dsh_tau2.535us,0.9315544127346196,0.8349141279557027,0.0006445528804156323,1.7245274993770576,0.00013096174899566938,-9.060317565355161e-05,0.0003524921303065728,0.6666292958230368,0.0830188679245283,0.8919838662181737,0.01832239453640139,,,,,
shuffle_r2_ORIGINAL_p+6_Nd4001_dt1,main,shuffle,2,ORIGINAL,6,dsh_tau1.940us,0.9910161117902379,0.8863041677979933,0.0006270973709319928,1.7307145198406375,0.00012935166216878805,-9.049050894739718e-05,0.00035224530119593543,0.6245755017512221,0.07924528301886792,0.9299349716461428,0.01894616028689952,,,,,
shuffle_r2_ORIGINAL_p+6_Nd4001_dt1,main,shuffle,2,ORIGINAL,6,dsh_tau4.000us,0.8129619524276456,0.7272619767095361,0.0006783925834945878,1.6931911465542666,0.00013354117115216738,-9.059396075613539e-05,0.0003526735325385986,0.7489284357275898,0.07169811320754717,0.8135660230161547,0.01605733944270084,,,,,
shuffle_r2_BLOCK_SHUFFLED_CYCLES_p-6_Nd4001_dt1,main,shuffle,2,BLOCK_SHUFFLED_CYCLES,-6,dsh_tau2.535us,0.050460872332042495,0.012909509019606085,0.001589970486547304,1.3011042606613745,5.970875133835117e-05,-2.497856113689722e-05,2.4045851376085975e-05,1.8697383882206386,0.033962264150943396,0.1654701401271377,4.168143513556732e-05,,,,,
shuffle_r2_BLOCK_SHUFFLED_CYCLES_p-6_Nd4001_dt1,main,shuffle,2,BLOCK_SHUFFLED_CYCLES,-6,dsh_tau1.940us,0.05412621847026176,0.016922446887618733,0.001570116001873612,1.3061231568101586,5.9066086530831715e-05,-2.4984750919713204e-05,2.3995437456081453e-05,1.8563901723722673,0.033962264150943396,0.1740448219200235,4.9326468362000776e-05,,,,,
shuffle_r2_BLOCK_SHUFFLED_CYCLES_p-6_Nd4001_dt1,main,shuffle,2,BLOCK_SHUFFLED_CYCLES,-6,dsh_tau4.000us,0.0458835016061783,0.00787596990385657,0.0016205575408705334,1.2922494461604834,6.072451922757281e-05,-2.4964903185325663e-05,2.4120886852459155e-05,1.8837700643232405,0.033962264150943396,0.1534523199070873,3.2788072130134465e-05,,,,,
shuffle_r2_BLOCK_SHUFFLED_CYCLES_p+0_Nd4001_dt1,main,shuffle,2,BLOCK_SHUFFLED_CYCLES,0,dsh_tau2.535us,0.1992142877449968,0.15159790996788847,0.0012102303330569842,1.3879848650111986,9.688372759138101e-05,-3.714788117501163e-05,6.40937864476548e-05,1.5116087388357697,0.018867924528301886,0.3524079298568614,0.0012066710207443265,,,,,
shuffle_r2_BLOCK_SHUFFLED_CYCLES_p+0_Nd4001_dt1,main,shuffle,2,BLOCK_SHUFFLED_CYCLES,0,dsh_tau1.940us,0.23351179643471603,0.1856442452660342,0.0011684893626935629,1.396764722008694,9.487008968821582e-05,-3.713222697896403e-05,6.404593077150376e-05,1.4053213870373875,0.026415094339622643,0.3849662812734836,0.0015712017906864082,,,,,
shuffle_r2_BLOCK_SHUFFLED_CYCLES_p+0_Nd4001_dt1,main,shuffle,2,BLOCK_SHUFFLED_CYCLES,0,dsh_tau4.000us,0.14525740192599598,0.09923033828761396,0.0012865483072539007,1.3755175891975395,0.00010064947145502562,-3.708646375880416e-05,6.404310077035548e-05,1.6489864635267368,0.018867924528301886,0.29633500548686104,0.000738144164698438,,,,,
shuffle_r2_BLOCK_SHUFFLED_CYCLES_p+3_Nd4001_dt1,main,shuffle,2,BLOCK_SHUFFLED_CYCLES,3,dsh_tau2.535us,0.4266012741673392,0.3719678478632492,0.000943611187258831,1.490001873740943,0.00011637774163143952,-5.1855126669425265e-05,0.00013813997900462705,1.0480711446560695,0.033962264150943396,0.5652222628617803,0.005773473694018951,,,,,
shuffle_r2_BLOCK_SHUFFLED_CYCLES_p+3_Nd4001_dt1,main,shuffle,2,BLOCK_SHUFFLED_CYCLES,3,dsh_tau1.940us,0.4900070486382725,0.43582603872177544,0.0009068772699648001,1.5090973918014834,0.00011430617126195411,-5.19053548039482e-05,0.00013836579846564969,0.9938610261030147,0.033962264150943396,0.6090898077185616,0.006746278672515625,,,,,
shuffle_r2_BLOCK_SHUFFLED_CYCLES_p+3_Nd4001_dt1,main,shuffle,2,BLOCK_SHUFFLED_CYCLES,3,dsh_tau4.000us,0.32224767736675103,0.2678538576234659,0.001013453699327913,1.4606865210287978,0.00012033111486349688,-5.175653551740888e-05,0.00013781869294621335,1.1906366755066167,0.026415094339622643,0.4857856958864456,0.004026179288793795,,,,,
shuffle_r2_BLOCK_SHUFFLED_CYCLES_p+6_Nd4001_dt1,main,shuffle,2,BLOCK_SHUFFLED_CYCLES,6,dsh_tau2.535us,0.7763102313388689,0.7140982139852385,0.0006883960939768632,1.6758529640891602,0.0001338351818266603,-9.111731283193268e-05,0.0003439755109586849,0.8068718977390179,0.05660377358490566,0.7504192792527327,0.01883369573975492,,,,,
shuffle_r2_BLOCK_SHUFFLED_CYCLES_p+6_Nd4001_dt1,main,shuffle,2,BLOCK_SHUFFLED_CYCLES,6,dsh_tau1.940us,0.8562677855977039,0.790523280258908,0.000663763803887383,1.688803583399567,0.00013192567637665493,-9.114981128902979e-05,0.00034453336723908853,0.7706205324955834,0.05660377358490566,0.7865448245892446,0.02049262210883402,,,,,
shuffle_r2_BLOCK_SHUFFLED_CYCLES_p+6_Nd4001_dt1,main,shuffle,2,BLOCK_SHUFFLED_CYCLES,6,dsh_tau4.000us,0.6320529618392754,0.5722889786288732,0.0007332199446962861,1.6406951832504604,0.0001366259632195973,-9.101189191203828e-05,0.00034381726613848235,0.8887615818690594,0.052830188679245285,0.6811233436754589,0.015056990168096683,,,,,
shuffle_r2_BLOCK_SHUFFLED_FIXED_p-6_Nd4001_dt1,main,shuffle,2,BLOCK_SHUFFLED_FIXED,-6,dsh_tau2.535us,0.09613873986583821,0.011450877962816177,0.0016963321870684996,1.2979334456241436,6.388549083017906e-05,-2.3274874211361275e-05,4.0152481376983106e-05,1.758592510403451,0.06037735849056604,0.2503693722308745,7.641333166869666e-05,,,,,
shuffle_r2_BLOCK_SHUFFLED_FIXED_p-6_Nd4001_dt1,main,shuffle,2,BLOCK_SHUFFLED_FIXED,-6,dsh_tau1.940us,0.09570075440836712,0.012719526828941242,0.0016855144796713482,1.300830241074599,6.346546472147626e-05,-2.333936640103201e-05,3.978910493651285e-05,1.7627385780688039,0.05660377358490566,0.2499984285787176,7.513343417736768e-05,,,,,
shuffle_r2_BLOCK_SHUFFLED_FIXED_p-6_Nd4001_dt1,main,shuffle,2,BLOCK_SHUFFLED_FIXED,-6,dsh_tau4.000us,0.09724457731361993,0.01013679121995875,0.0017103654602397555,1.2938713359480758,6.444632010429112e-05,-2.3199778717598857e-05,4.063392608413004e-05,1.752772436201664,0.05660377358490566,0.2511608761991835,7.843417992068186e-05,,,,,
shuffle_r2_BLOCK_SHUFFLED_FIXED_p+0_Nd4001_dt1,main,shuffle,2,BLOCK_SHUFFLED_FIXED,0,dsh_tau2.535us,0.1193189651748492,0.04901142983016715,0.0014601936853131314,1.3671316244481722,0.00011087845691647275,-3.53027084668219e-05,8.140531242724023e-05,1.5388724305025472,0.03773584905660377,0.27704988547745957,0.00026142714881474064,,,,,
shuffle_r2_BLOCK_SHUFFLED_FIXED_p+0_Nd4001_dt1,main,shuffle,2,BLOCK_SHUFFLED_FIXED,0,dsh_tau1.940us,0.13144645792215495,0.06366512109491256,0.0014281908854291369,1.3702528546590995,0.00010903460537778935,-3.5585729919200324e-05,8.056805083112856e-05,1.5495842454746596,0.03773584905660377,0.2898707288626782,0.00027568808384572513,,,,,
shuffle_r2_BLOCK_SHUFFLED_FIXED_p+0_Nd4001_dt1,main,shuffle,2,BLOCK_SHUFFLED_FIXED,0,dsh_tau4.000us,0.1066294762269066,0.031520011998922695,0.0015052776768463328,1.362698653195227,0.00011365142091225107,-3.484360148319036e-05,8.266857970375703e-05,1.531263551863684,0.03773584905660377,0.26451260978071545,0.00025518336940635037,,,,,
shuffle_r2_BLOCK_SHUFFLED_FIXED_p+3_Nd4001_dt1,main,shuffle,2,BLOCK_SHUFFLED_FIXED,3,dsh_tau2.535us,0.20052826329176826,0.132730845536993,0.0012104452180198564,1.4324407892607027,0.00013446181032215413,-4.974237825527906e-05,0.0001383708750283315,1.507003499323677,0.045283018867924525,0.35743865061710334,0.0007950744830776009,,,,,
shuffle_r2_BLOCK_SHUFFLED_FIXED_p+3_Nd4001_dt1,main,shuffle,2,BLOCK_SHUFFLED_FIXED,3,dsh_tau1.940us,0.23317682017524838,0.16542040102218536,0.001171651075792473,1.4379552083811131,0.00013191198992437933,-4.998807642180276e-05,0.00013792427908189533,1.4998255264693485,0.045283018867924525,0.39226676945961025,0.0009566887393802974,,,,,
shuffle_r2_BLOCK_SHUFFLED_FIXED_p+3_Nd4001_dt1,main,shuffle,2,BLOCK_SHUFFLED_FIXED,3,dsh_tau4.000us,0.15836296999695107,0.08857281087800871,0.0012693266051079398,1.4265919472479978,0.00013850114105679542,-4.915768444241245e-05,0.00013845444307488696,1.5046349843196585,0.03773584905660377,0.3150967818274969,0.0006349307679073455,,,,,
shuffle_r2_BLOCK_SHUFFLED_FIXED_p+6_Nd4001_dt1,main,shuffle,2,BLOCK_SHUFFLED_FIXED,6,dsh_tau2.535us,0.40053086450603304,0.32455371738864885,0.000870292789386652,1.5534740675931333,0.0001475040422466932,-8.776486662490047e-05,0.000256980451034802,1.394303558052735,0.052830188679245285,0.562549820156854,0.004061965132163142,,,,,
shuffle_r2_BLOCK_SHUFFLED_FIXED_p+6_Nd4001_dt1,main,shuffle,2,BLOCK_SHUFFLED_FIXED,6,dsh_tau1.940us,0.463385567079082,0.3839479559395857,0.000839553581232314,1.5654629112194802,0.00014545588284370798,-8.788234909065612e-05,0.0002575088504914179,1.3784524955735944,0.04905660377358491,0.6192683340019048,0.004923475005133762,,,,,
shuffle_r2_BLOCK_SHUFFLED_FIXED_p+6_Nd4001_dt1,main,shuffle,2,BLOCK_SHUFFLED_FIXED,6,dsh_tau4.000us,0.30859824510469813,0.2354672958168832,0.0009188743022865846,1.536193410471292,0.00015053169726871073,-8.74764060852729e-05,0.0002567432799475334,1.414050446036681,0.04905660377358491,0.4787294696990467,0.0030218929935447616,,,,,
shuffle_r2_SHUFFLED_p-6_Nd4001_dt1,main,shuffle,2,SHUFFLED,-6,dsh_tau2.535us,0.0499468964337382,0.01370780039625107,0.0016925690002003438,1.2594174244724365,4.565652759934614e-05,-2.517313410447235e-05,1.882560087101119e-05,1.999999999997818,0.0,0.17969501201564186,2.4975479059419928e-05,,,,,
shuffle_r2_SHUFFLED_p-6_Nd4001_dt1,main,shuffle,2,SHUFFLED,-6,dsh_tau1.940us,0.049933587911823514,0.013703199768990539,0.0016925479989709803,1.2594220787498007,4.565567270872079e-05,-2.5172736481081336e-05,1.88214065413073e-05,1.9999999999978413,0.0,0.17965358966087394,2.496750010329544e-05,,,,,
shuffle_r2_SHUFFLED_p-6_Nd4001_dt1,main,shuffle,2,SHUFFLED,-6,dsh_tau4.000us,0.04996277255598718,0.013712941395364341,0.001692595544500912,1.2594111480624886,4.565758460199928e-05,-2.5173818696128768e-05,1.8830712262419364e-05,1.999999999997787,0.0,0.1797452722607629,2.498576467956743e-05,,,,,
shuffle_r2_SHUFFLED_p+0_Nd4001_dt1,main,shuffle,2,SHUFFLED,0,dsh_tau2.535us,0.05030709815368133,0.01416386395039406,0.001553045345606518,1.323734097212299,8.360153008258956e-05,-3.7463261075320397e-05,3.448492268668211e-05,2.0,0.0,0.1551052411002808,7.492293164159232e-05,,,,,
shuffle_r2_SHUFFLED_p+0_Nd4001_dt1,main,shuffle,2,SHUFFLED,0,dsh_tau1.940us,0.050263672934858276,0.014152310832735394,0.0015529636624452895,1.3237507519342806,8.359540922614187e-05,-3.7460422965570856e-05,3.44569499940495e-05,2.0,0.0,0.15493650049291416,7.483253555539554e-05,,,,,
shuffle_r2_SHUFFLED_p+0_Nd4001_dt1,main,shuffle,2,SHUFFLED,0,dsh_tau4.000us,0.050359097677784494,0.014176362855473815,0.0015531481249394412,1.3237117566424206,8.360910654707697e-05,-3.746789858103123e-05,3.4519456868892584e-05,2.0,0.0,0.15530657754002686,7.502613341709136e-05,,,,,
shuffle_r2_SHUFFLED_p+3_Nd4001_dt1,main,shuffle,2,SHUFFLED,3,dsh_tau2.535us,0.051090968970009795,0.015035653447542744,0.0013816969171700517,1.3951491916713896,0.00010510111452536378,-5.179926884336764e-05,4.3525557887190276e-05,1.9999999999999991,0.0,0.15181085814509296,0.00014882341115620025,,,,,
shuffle_r2_SHUFFLED_p+3_Nd4001_dt1,main,shuffle,2,SHUFFLED,3,dsh_tau1.940us,0.0510381894612927,0.015034521012591054,0.001381544704707063,1.395165371317264,0.00010508689123068417,-5.179252357989854e-05,4.3469100756142036e-05,1.9999999999999991,0.0,0.15157317594631908,0.0001487123973829332,,,,,
shuffle_r2_SHUFFLED_p+3_Nd4001_dt1,main,shuffle,2,SHUFFLED,3,dsh_tau4.000us,0.05115419819220112,0.015034188063394016,0.0013818848864467078,1.395125327908337,0.00010511854290329077,-5.1809655994584396e-05,4.3596988179007915e-05,1.9999999999999991,0.0,0.15208742436820244,0.00014892103207513012,,,,,
shuffle_r2_SHUFFLED_p+6_Nd4001_dt1,main,shuffle,2,SHUFFLED,6,dsh_tau2.535us,0.05415972062859244,0.018067301965844076,0.0010508198920259402,1.4981305588474512,0.0001130699632548632,-9.010088276542935e-05,4.7717297578139746e-05,1.9999999999999825,0.0,0.1574548747643107,0.00033007134162819034,,,,,
shuffle_r2_SHUFFLED_p+6_Nd4001_dt1,main,shuffle,2,SHUFFLED,6,dsh_tau1.940us,0.05421197406426123,0.01819306883924315,0.0010505378711044141,1.4980952813351212,0.00011304232042629779,-9.008626946711978e-05,4.763041349849241e-05,1.9999999999999793,0.0,0.15745558154958672,0.0003319267398176557,,,,,
shuffle_r2_SHUFFLED_p+6_Nd4001_dt1,main,shuffle,2,SHUFFLED,6,dsh_tau4.000us,0.05409910825858927,0.01791076562381485,0.0010511635680698688,1.4981552667293103,0.00011310374593479956,-9.012030237202973e-05,4.783512066785275e-05,1.9999999999999862,0.0,0.1574407295516146,0.00032775143553898876,,,,,
shuffle_r3_ORIGINAL_p-6_Nd4001_dt1,main,shuffle,3,ORIGINAL,-6,dsh_tau2.535us,0.04744145693238119,0.006696048759827458,0.0016202824319495517,1.2918079614320224,6.0643518267135786e-05,-3.187712363383386e-05,2.5056451445082162e-05,1.8530446263028524,0.03018867924528302,0.157624750459657,3.387363758993267e-05,,,,,
shuffle_r3_ORIGINAL_p-6_Nd4001_dt1,main,shuffle,3,ORIGINAL,-6,dsh_tau1.940us,0.04925787549843559,0.008659305364931454,0.001607844081844241,1.2954550494192638,6.02308109299542e-05,-3.187196021149063e-05,2.504342818633594e-05,1.8497942049238847,0.03018867924528302,0.1629450379468514,3.7488779635454954e-05,,,,,
shuffle_r3_ORIGINAL_p-6_Nd4001_dt1,main,shuffle,3,ORIGINAL,-6,dsh_tau4.000us,0.04515392666557609,0.004119712678439644,0.0016401609608491022,1.2853090324447956,6.131944476806579e-05,-3.188143220288604e-05,2.5082602362940785e-05,1.8561177848433004,0.033962264150943396,0.1490790568858291,2.9364087610441067e-05,,,,,
shuffle_r3_ORIGINAL_p+0_Nd4001_dt1,main,shuffle,3,ORIGINAL,0,dsh_tau2.535us,0.12438392718178372,0.08263519659000101,0.0013034108519158541,1.3796063436300412,0.0001008588837637203,-3.05410282436599e-05,5.9946632440484225e-05,1.696459317054149,0.026415094339622643,0.3375925431813404,0.0007131299336830131,,,,,
shuffle_r3_ORIGINAL_p+0_Nd4001_dt1,main,shuffle,3,ORIGINAL,0,dsh_tau1.940us,0.14372508515370364,0.10146160861621688,0.0012715074684299867,1.3854082969690613,9.923444788007257e-05,-3.0535441257562625e-05,5.9954023784268624e-05,1.6518499333232834,0.026415094339622643,0.3766621755957104,0.000907486452336633,,,,,
shuffle_r3_ORIGINAL_p+0_Nd4001_dt1,main,shuffle,3,ORIGINAL,0,dsh_tau4.000us,0.09382244525586875,0.052803856070837485,0.0013616576176777725,1.3702712700501045,0.00010392121340715865,-3.056807903551618e-05,6.00212658637822e-05,1.7781122949146615,0.022641509433962263,0.27264006398516877,0.00043111206931754274,,,,,
shuffle_r3_ORIGINAL_p+3_Nd4001_dt1,main,shuffle,3,ORIGINAL,3,dsh_tau2.535us,0.2719785019922424,0.22634315978600278,0.0010232178159003897,1.4664997197349936,0.00011896841431750113,-1.3678260613867724e-05,0.00011761277189707696,1.431613352885288,0.033962264150943396,0.5673576090839636,0.003746199933194223,,,,,
shuffle_r3_ORIGINAL_p+3_Nd4001_dt1,main,shuffle,3,ORIGINAL,3,dsh_tau1.940us,0.31027164991643574,0.2635533117658991,0.0009908280751114841,1.478719711072774,0.00011692303220535301,-1.3638979019486415e-05,0.00011728960493006921,1.3894079651527507,0.03773584905660377,0.6142119021519454,0.004336809538158296,,,,,
shuffle_r3_ORIGINAL_p+3_Nd4001_dt1,main,shuffle,3,ORIGINAL,3,dsh_tau4.000us,0.2088016204760183,0.16439662299269744,0.0010850030201410568,1.4471580420370418,0.00012297767562069825,-1.3659686649451586e-05,0.00011772047743094099,1.5432100190352827,0.03018867924528302,0.47659516394979046,0.002690317228986362,,,,,
shuffle_r3_ORIGINAL_p+6_Nd4001_dt1,main,shuffle,3,ORIGINAL,6,dsh_tau2.535us,0.5724828295369404,0.5219357479125474,0.0007132845838640245,1.6410920062551135,0.0001302406034077379,-3.421798631664178e-05,0.00026384900903374806,1.0634664562703509,0.06792452830188679,0.8526696893193684,0.015956314528725583,,,,,
shuffle_r3_ORIGINAL_p+6_Nd4001_dt1,main,shuffle,3,ORIGINAL,6,dsh_tau1.940us,0.633777902441285,0.5797273268532372,0.0006894145417099051,1.6579347589174245,0.00012830215491980036,-3.4273713810519585e-05,0.0002644069284503533,1.022341165377417,0.06792452830188679,0.8983405884150925,0.017176886748980203,,,,,
shuffle_r3_ORIGINAL_p+6_Nd4001_dt1,main,shuffle,3,ORIGINAL,6,dsh_tau4.000us,0.46277531705402414,0.416165102961345,0.0007589495918225426,1.6057523558614337,0.00013367268740049662,-3.427047479449442e-05,0.00026471720657477793,1.1464308724888663,0.05660377358490566,0.7564895662866815,0.01305097163751715,,,,,
shuffle_r3_BLOCK_SHUFFLED_CYCLES_p-6_Nd4001_dt1,main,shuffle,3,BLOCK_SHUFFLED_CYCLES,-6,dsh_tau2.535us,0.04767991153936408,0.0060466559511871435,0.0016355422816527753,1.2885184777369085,6.134012711539589e-05,-3.257621803042067e-05,2.4261506831491452e-05,1.8792132042579872,0.022641509433962263,0.1554758897003478,3.6107022117332974e-05,,,,,
shuffle_r3_BLOCK_SHUFFLED_CYCLES_p-6_Nd4001_dt1,main,shuffle,3,BLOCK_SHUFFLED_CYCLES,-6,dsh_tau1.940us,0.04886835424704884,0.007872389322377977,0.0016237363956519931,1.292012916777612,6.0932471923710436e-05,-3.256996656396987e-05,2.4266014182391248e-05,1.8753107189508327,0.022641509433962263,0.1639602110463596,3.787277709936501e-05,,,,,
shuffle_r3_BLOCK_SHUFFLED_CYCLES_p-6_Nd4001_dt1,main,shuffle,3,BLOCK_SHUFFLED_CYCLES,-6,dsh_tau4.000us,0.046362044597894225,0.0037957559420900237,0.0016526824698648932,1.2830031902747925,6.194362260954354e-05,-3.2588030144957264e-05,2.4258304195178145e-05,1.884877737197708,0.022641509433962263,0.1440137927101961,3.353156105948592e-05,,,,,
shuffle_r3_BLOCK_SHUFFLED_CYCLES_p+0_Nd4001_dt1,main,shuffle,3,BLOCK_SHUFFLED_CYCLES,0,dsh_tau2.535us,0.10536429541221345,0.0679464335195334,0.0013481568806323497,1.3718290518207317,0.0001036110685154387,-3.1827650058531674e-05,5.781894755298898e-05,1.7714750128116563,0.01509433962264151,0.2917798303940298,0.00038957238544384256,,,,,
shuffle_r3_BLOCK_SHUFFLED_CYCLES_p+0_Nd4001_dt1,main,shuffle,3,BLOCK_SHUFFLED_CYCLES,0,dsh_tau1.940us,0.1217756260742988,0.08464245101711193,0.0013158117462221902,1.3772878939845217,0.00010187510699811157,-3.1818295208011945e-05,5.7829593637655415e-05,1.7400127868141428,0.01509433962264151,0.31633526607987883,0.00046308027511544496,,,,,
shuffle_r3_BLOCK_SHUFFLED_CYCLES_p+0_Nd4001_dt1,main,shuffle,3,BLOCK_SHUFFLED_CYCLES,0,dsh_tau4.000us,0.08276188772176335,0.04454011723775153,0.0013994098858208022,1.3635259698260316,0.00010644624673258642,-3.18878544561173e-05,5.814845616259104e-05,1.820613332428337,0.007547169811320755,0.2469018643587555,0.0002866473959234264,,,,,
shuffle_r3_BLOCK_SHUFFLED_CYCLES_p+3_Nd4001_dt1,main,shuffle,3,BLOCK_SHUFFLED_CYCLES,3,dsh_tau2.535us,0.22728096272177575,0.18960122162408186,0.0010745123574085601,1.451117880168463,0.00012290218378973594,-1.5098572979463631e-05,0.00011761924067576579,1.2298363993263866,0.026415094339622643,0.44042227847400167,0.002079856428440706,,,,,
shuffle_r3_BLOCK_SHUFFLED_CYCLES_p+3_Nd4001_dt1,main,shuffle,3,BLOCK_SHUFFLED_CYCLES,3,dsh_tau1.940us,0.26213701807731565,0.2246474649835025,0.0010386350788040035,1.461495768667497,0.00012047885845804678,-1.5023961607504217e-05,0.00011734477142041754,1.1389066261594611,0.03018867924528302,0.4689298145657047,0.0023891960092231874,,,,,
shuffle_r3_BLOCK_SHUFFLED_CYCLES_p+3_Nd4001_dt1,main,shuffle,3,BLOCK_SHUFFLED_CYCLES,3,dsh_tau4.000us,0.17594953351337567,0.13800099115955614,0.001134457976228879,1.4363117597817296,0.0001270146348659737,-1.5127236687957163e-05,0.00011788361981568053,1.4272817338484165,0.01509433962264151,0.3915697245492593,0.0015567924901098156,,,,,
shuffle_r3_BLOCK_SHUFFLED_CYCLES_p+6_Nd4001_dt1,main,shuffle,3,BLOCK_SHUFFLED_CYCLES,6,dsh_tau2.535us,0.48931528490109577,0.44673456177989235,0.000752802525114538,1.6062938234095974,0.00013397514155450758,-3.504571604063128e-05,0.0002552313767375884,1.0144924550890175,0.04905660377358491,0.606872030003529,0.009045788039823848,,,,,
shuffle_r3_BLOCK_SHUFFLED_CYCLES_p+6_Nd4001_dt1,main,shuffle,3,BLOCK_SHUFFLED_CYCLES,6,dsh_tau1.940us,0.551713409294471,0.5081192932593417,0.000725106005595185,1.623917469475799,0.00013172425272877842,-3.513411269855089e-05,0.00025568511334907884,1.0003689826383628,0.04905660377358491,0.6313571100720389,0.010043726665815258,,,,,
shuffle_r3_BLOCK_SHUFFLED_CYCLES_p+6_Nd4001_dt1,main,shuffle,3,BLOCK_SHUFFLED_CYCLES,6,dsh_tau4.000us,0.39317499288248053,0.35170396868963244,0.0008010920838704811,1.5765111989899532,0.00013788821947988402,-3.503984918039422e-05,0.0002552957998957746,1.1006341628951468,0.04150943396226415,0.5589786052651586,0.007372584985275426,,,,,
shuffle_r3_BLOCK_SHUFFLED_FIXED_p-6_Nd4001_dt1,main,shuffle,3,BLOCK_SHUFFLED_FIXED,-6,dsh_tau2.535us,0.08880076566794852,0.009294581901457077,0.0017055966079086793,1.28917937513539,6.434026414751077e-05,-3.3348975979996995e-05,3.784235075967605e-05,1.6996356961068597,0.06792452830188679,0.23300421483418826,6.954308682198242e-05,,,,,
shuffle_r3_BLOCK_SHUFFLED_FIXED_p-6_Nd4001_dt1,main,shuffle,3,BLOCK_SHUFFLED_FIXED,-6,dsh_tau1.940us,0.08873208568203331,0.009846497439696292,0.0016992177325555013,1.2911372707535695,6.409804898214056e-05,-3.335214292809483e-05,3.7657763313675446e-05,1.7014976794374927,0.06792452830188679,0.23348397712976596,6.924497481275496e-05,,,,,
shuffle_r3_BLOCK_SHUFFLED_FIXED_p-6_Nd4001_dt1,main,shuffle,3,BLOCK_SHUFFLED_FIXED,-6,dsh_tau4.000us,0.08909436054284395,0.00874504829820716,0.0017135743240789627,1.2866263319745637,6.464934318127208e-05,-3.33441585350699e-05,3.809897948649502e-05,1.6971318550822423,0.06792452830188679,0.23251055997679418,7.004484084498921e-05,,,,,
shuffle_r3_BLOCK_SHUFFLED_FIXED_p+0_Nd4001_dt1,main,shuffle,3,BLOCK_SHUFFLED_FIXED,0,dsh_tau2.535us,0.10101344491554595,0.025751212222230806,0.0015089155376339447,1.3604074066174456,0.0001142052782913779,-3.362490068190382e-05,6.891999342188907e-05,1.7179146837259291,0.06792452830188679,0.2434002487108842,0.0002797326590410912,,,,,
shuffle_r3_BLOCK_SHUFFLED_FIXED_p+0_Nd4001_dt1,main,shuffle,3,BLOCK_SHUFFLED_FIXED,0,dsh_tau1.940us,0.10715265557524073,0.032627186365727326,0.0014878846316194495,1.363103320998283,0.00011292873412664488,-3.3575833006739206e-05,6.872212400127143e-05,1.7206265270514816,0.06792452830188679,0.24837294024419834,0.00028507861050791145,,,,,
shuffle_r3_BLOCK_SHUFFLED_FIXED_p+0_Nd4001_dt1,main,shuffle,3,BLOCK_SHUFFLED_FIXED,0,dsh_tau4.000us,0.09480522546199097,0.01825705495925746,0.001536220058992066,1.35658412789891,0.00011594132498006859,-3.3668293495814854e-05,6.924463901824563e-05,1.7147778622935315,0.06792452830188679,0.23750469027969964,0.0002741086264864696,,,,,
shuffle_r3_BLOCK_SHUFFLED_FIXED_p+3_Nd4001_dt1,main,shuffle,3,BLOCK_SHUFFLED_FIXED,3,dsh_tau2.535us,0.1431961980280193,0.06696244345324459,0.001280149843131119,1.4284169526371664,0.00013944923402451882,-1.698480689934197e-05,0.00011536372395012165,1.704043272072471,0.06415094339622641,0.2861031947272097,0.0006871619292838984,,,,,
shuffle_r3_BLOCK_SHUFFLED_FIXED_p+3_Nd4001_dt1,main,shuffle,3,BLOCK_SHUFFLED_FIXED,3,dsh_tau1.940us,0.16087566427390204,0.08438834380102414,0.0012503530599568698,1.431231078594113,0.00013725462726459612,-1.6777598579944233e-05,0.00011534840094847206,1.7015615704083487,0.06037735849056604,0.30131193805309736,0.000745724037553612,,,,,
shuffle_r3_BLOCK_SHUFFLED_FIXED_p+3_Nd4001_dt1,main,shuffle,3,BLOCK_SHUFFLED_FIXED,3,dsh_tau4.000us,0.12116652178475187,0.04480636173940688,0.001321833271515745,1.4254301475004136,0.0001425919917064686,-1.7281305298479042e-05,0.00011563878663142144,1.7080174295653308,0.06792452830188679,0.26886393745387954,0.0006229183364235231,,,,,
shuffle_r3_BLOCK_SHUFFLED_FIXED_p+6_Nd4001_dt1,main,shuffle,3,BLOCK_SHUFFLED_FIXED,6,dsh_tau2.535us,0.27782884514831535,0.19658459853587215,0.0009193248272842624,1.5345494432388969,0.0001495336527551015,-3.504850254972214e-05,0.0002043914675272145,1.5989747279685016,0.0830188679245283,0.416758637927968,0.0026901049010650963,,,,,
shuffle_r3_BLOCK_SHUFFLED_FIXED_p+6_Nd4001_dt1,main,shuffle,3,BLOCK_SHUFFLED_FIXED,6,dsh_tau1.940us,0.32221713551153014,0.23821134753888695,0.0008918810683306227,1.541860193913193,0.00014757129172692486,-3.433940004333015e-05,0.00020371147834090438,1.5735988336577469,0.09056603773584905,0.45759460083580245,0.0032197184519702315,,,,,
shuffle_r3_BLOCK_SHUFFLED_FIXED_p+6_Nd4001_dt1,main,shuffle,3,BLOCK_SHUFFLED_FIXED,6,dsh_tau4.000us,0.21834742786344447,0.14020806960483115,0.0009598959167557491,1.526369617025058,0.00015244871840476822,-3.595620606081761e-05,0.00020479124777815364,1.6358865817892667,0.08679245283018867,0.3674502741672297,0.002096616011344351,,,,,
shuffle_r3_SHUFFLED_p-6_Nd4001_dt1,main,shuffle,3,SHUFFLED,-6,dsh_tau2.535us,0.04760581666620643,0.011086369527326301,0.0016901065161667647,1.2606481473020028,4.7693783289975286e-05,-3.130523962343623e-05,1.8547883947310416e-05,2.0,0.0,0.1611210370363044,2.0261949593220752e-05,,,,,
shuffle_r3_SHUFFLED_p-6_Nd4001_dt1,main,shuffle,3,SHUFFLED,-6,dsh_tau1.940us,0.04759442171637977,0.011084513437621677,0.0016900934593015399,1.2606516185019758,4.769315322786749e-05,-3.130583455665779e-05,1.854465876500108e-05,2.0,0.0,0.1610971350087656,2.0252792109117368e-05,,,,,
shuffle_r3_SHUFFLED_p-6_Nd4001_dt1,main,shuffle,3,SHUFFLED,-6,dsh_tau4.000us,0.04761950485761454,0.011088570552482063,0.0016901214800967709,1.2606439057093877,4.76945108263426e-05,-3.130448844086833e-05,1.8551633804312977e-05,2.0,0.0,0.16114797944187845,2.0273413728769225e-05,,,,,
shuffle_r3_SHUFFLED_p+0_Nd4001_dt1,main,shuffle,3,SHUFFLED,0,dsh_tau2.535us,0.047759714860158925,0.011276567191308555,0.0015509586452735417,1.3249637853133236,8.733485382372159e-05,-2.950309890586337e-05,3.383877608082061e-05,2.0,0.0,0.1325387442684422,5.457105697037185e-05,,,,,
shuffle_r3_SHUFFLED_p+0_Nd4001_dt1,main,shuffle,3,SHUFFLED,0,dsh_tau1.940us,0.04772167418132584,0.011275028440996596,0.0015509099564780442,1.3249756184591293,8.733051280890185e-05,-2.9507825160588547e-05,3.381723801838951e-05,2.0,0.0,0.13245036477734604,5.4459826161860076e-05,,,,,
shuffle_r3_SHUFFLED_p+0_Nd4001_dt1,main,shuffle,3,SHUFFLED,0,dsh_tau4.000us,0.04780498451930104,0.011277976425485746,0.0015510138418414695,1.3249493237006993,8.733979172960853e-05,-2.949715870068968e-05,3.3863732229024936e-05,2.0,0.0,0.13263676997915597,5.470733678630076e-05,,,,,
shuffle_r3_SHUFFLED_p+3_Nd4001_dt1,main,shuffle,3,SHUFFLED,3,dsh_tau2.535us,0.04837372221823458,0.011774996291122036,0.0013801332087997988,1.396204238815192,0.00010981055247916224,-1.1939005419144856e-05,4.2262442628717834e-05,2.0,0.0,0.12837938460774928,0.00010403441237104046,,,,,
shuffle_r3_SHUFFLED_p+3_Nd4001_dt1,main,shuffle,3,SHUFFLED,3,dsh_tau1.940us,0.04832069337995649,0.011788008530155748,0.0013800412551365224,1.3962167246610495,0.00010980043269996252,-1.1952105587035282e-05,4.2219225293776185e-05,2.0,0.0,0.12828838541061624,0.00010375391919123106,,,,,
shuffle_r3_SHUFFLED_p+3_Nd4001_dt1,main,shuffle,3,SHUFFLED,3,dsh_tau4.000us,0.04843553603448412,0.011758141237724059,0.0013802347608477983,1.3961871148268434,0.00010982167329020979,-1.1922593915715846e-05,4.231212945034887e-05,2.0,0.0,0.12846164003584282,0.00010437417041895869,,,,,
shuffle_r3_SHUFFLED_p+6_Nd4001_dt1,main,shuffle,3,SHUFFLED,6,dsh_tau2.535us,0.05073816176637613,0.013923698624885798,0.0010493993084900169,1.4987326900780498,0.0001180792500262923,-3.108498705154654e-05,4.581865881155696e-05,2.0,0.0,0.1340061349397993,0.0002222875037403685,,,,,
shuffle_r3_SHUFFLED_p+6_Nd4001_dt1,main,shuffle,3,SHUFFLED,6,dsh_tau1.940us,0.050726272312723766,0.014038204872206642,0.001049229249599254,1.4987165719731554,0.00011805942292261326,-3.1119359456321545e-05,4.575379213206839e-05,2.0,0.0,0.1341168518897496,0.00022251767111671492,,,,,
shuffle_r3_SHUFFLED_p+6_Nd4001_dt1,main,shuffle,3,SHUFFLED,6,dsh_tau4.000us,0.05075199641774172,0.01378751332405813,0.0010495881012360477,1.4987411799361643,0.00011810060114597645,-3.104234148645009e-05,4.589236320852897e-05,2.0,0.0,0.1338011941744561,0.00022215872593590313,,,,,
shuffle_r4_ORIGINAL_p-6_Nd4001_dt1,main,shuffle,4,ORIGINAL,-6,dsh_tau2.535us,0.10453027622360814,0.044628746550923526,0.0014663096901398364,1.3140424045960817,5.6463227382849763e-05,-2.5103731267748924e-05,2.2930608287337207e-05,1.7190101155492319,0.022641509433962263,0.22786712936525758,8.983298247413333e-05,,,,,
shuffle_r4_ORIGINAL_p-6_Nd4001_dt1,main,shuffle,4,ORIGINAL,-6,dsh_tau1.940us,0.11434977034118902,0.05214396171415432,0.0014475983344015184,1.3171011596320592,5.5990028001547076e-05,-2.5122409454888724e-05,2.2984759742986434e-05,1.7018126540590957,0.022641509433962263,0.23427554918037713,0.00010019556527168266,,,,,
shuffle_r4_ORIGINAL_p-6_Nd4001_dt1,main,shuffle,4,ORIGINAL,-6,dsh_tau4.000us,0.08760416283830187,0.0318950905081016,0.0015015886215952554,1.3084659781133265,5.7376430587459596e-05,-2.5081025500972003e-05,2.2887208220118915e-05,1.751377712031492,0.022641509433962263,0.21231963102537027,7.178120957725228e-05,,,,,
shuffle_r4_ORIGINAL_p+0_Nd4001_dt1,main,shuffle,4,ORIGINAL,0,dsh_tau2.535us,0.3508220571682922,0.24688501798591958,0.0010907022690589542,1.4266325678390408,9.270254138621409e-05,-4.100905997588617e-05,0.0001115431606747003,1.2537164500538898,0.026415094339622643,0.5559452853521456,0.002156079772074389,,,,,
shuffle_r4_ORIGINAL_p+0_Nd4001_dt1,main,shuffle,4,ORIGINAL,0,dsh_tau1.940us,0.3785967815380031,0.26902768323550474,0.0010648520769146821,1.433542023246857,9.143039902815603e-05,-4.107084052329227e-05,0.0001115673990563113,1.2272015409964803,0.026415094339622643,0.5852154143282419,0.002389048580883922,,,,,
shuffle_r4_ORIGINAL_p+0_Nd4001_dt1,main,shuffle,4,ORIGINAL,0,dsh_tau4.000us,0.2983198153966942,0.20446366293946086,0.0011403248161571925,1.4108071532104391,9.50196146393251e-05,-4.0942439650319604e-05,0.00011173843120101892,1.3188635269437967,0.026415094339622643,0.5005515615389633,0.0017057982671088842,,,,,
shuffle_r4_ORIGINAL_p+3_Nd4001_dt1,main,shuffle,4,ORIGINAL,3,dsh_tau2.535us,0.5966724858248083,0.44690209100326095,0.000858024983654329,1.514990786752055,0.00011203486574314611,-5.26758158961927e-05,0.0002150697681086496,1.1104761207097846,0.04905660377358491,0.7985417999756268,0.008074111851061718,,,,,
shuffle_r4_ORIGINAL_p+3_Nd4001_dt1,main,shuffle,4,ORIGINAL,3,dsh_tau1.940us,0.638151219124644,0.47892892158996475,0.0008350120152792541,1.5200814495879746,0.00011042854316973206,-5.276126934379925e-05,0.00021488909674892155,1.0894497773007834,0.04905660377358491,0.8312183991793587,0.008816850104749575,,,,,
shuffle_r4_ORIGINAL_p+3_Nd4001_dt1,main,shuffle,4,ORIGINAL,3,dsh_tau4.000us,0.5214459091697725,0.3862105547586214,0.0009040664337535254,1.5075987160264221,0.00011524048688519148,-5.252215386171584e-05,0.00021524542016654807,1.1484948047528694,0.052830188679245285,0.7256783859431009,0.006794208138074478,,,,,
shuffle_r4_ORIGINAL_p+6_Nd4001_dt1,main,shuffle,4,ORIGINAL,6,dsh_tau2.535us,0.9755140126641613,0.7690475591011802,0.0006278786321893778,1.6466160025741547,0.00012884309161086932,-8.382251146172376e-05,0.00042330632200774363,0.8909800499108812,0.07169811320754717,1.0848601495828598,0.027399337178721516,,,,,
shuffle_r4_ORIGINAL_p+6_Nd4001_dt1,main,shuffle,4,ORIGINAL,6,dsh_tau1.940us,1.0376865574478455,0.8218262768748625,0.0006115123990170739,1.6602578897324833,0.00012743002798689396,-8.390332486882455e-05,0.00042230329983951385,0.8715834459220645,0.07547169811320754,1.1217570577365763,0.028826441526006292,,,,,
shuffle_r4_ORIGINAL_p+6_Nd4001_dt1,main,shuffle,4,ORIGINAL,6,dsh_tau4.000us,0.8615425827648379,0.6709020242408115,0.000660575585853138,1.6279261735833452,0.00013160148134838868,-8.3514648949207e-05,0.0004221957127413164,0.9218069776090263,0.07924528301886792,1.0028965036918644,0.02445868973118891,,,,,
shuffle_r4_BLOCK_SHUFFLED_CYCLES_p-6_Nd4001_dt1,main,shuffle,4,BLOCK_SHUFFLED_CYCLES,-6,dsh_tau2.535us,0.07261712010377663,0.02312563852207695,0.0015453519007740707,1.30279676551653,5.8537507739249366e-05,-2.5840283884455064e-05,2.2689519872453767e-05,1.8298778695610138,0.04150943396226415,0.153499213523799,5.3787262083264086e-05,,,,,
shuffle_r4_BLOCK_SHUFFLED_CYCLES_p-6_Nd4001_dt1,main,shuffle,4,BLOCK_SHUFFLED_CYCLES,-6,dsh_tau1.940us,0.08420426944385564,0.032127526033194985,0.0015174421015751007,1.3072014055254733,5.778935580942167e-05,-2.5822651588804964e-05,2.2594636043120347e-05,1.8056562386783315,0.04150943396226415,0.1618873459178926,6.897530353397157e-05,,,,,
shuffle_r4_BLOCK_SHUFFLED_CYCLES_p-6_Nd4001_dt1,main,shuffle,4,BLOCK_SHUFFLED_CYCLES,-6,dsh_tau4.000us,0.05886821515723721,0.012540631046618702,0.0015870602640574813,1.2948267081079665,5.973124091579988e-05,-2.5870522790706418e-05,2.281822764856997e-05,1.853215049109669,0.045283018867924525,0.14204196234412195,3.741159429392937e-05,,,,,
shuffle_r4_BLOCK_SHUFFLED_CYCLES_p+0_Nd4001_dt1,main,shuffle,4,BLOCK_SHUFFLED_CYCLES,0,dsh_tau2.535us,0.23750725265023526,0.1709056295761833,0.0011950101410016989,1.3946395287801883,9.700850724649417e-05,-4.1692167786998935e-05,0.00010235951182097455,1.5198847736044778,0.03773584905660377,0.3209468529601675,0.0012256201421572963,,,,,
shuffle_r4_BLOCK_SHUFFLED_CYCLES_p+0_Nd4001_dt1,main,shuffle,4,BLOCK_SHUFFLED_CYCLES,0,dsh_tau1.940us,0.2795538414694695,0.20794475704239487,0.0011528778137872254,1.4070805711500205,9.516543148492041e-05,-4.166314951458917e-05,0.00010279435844616747,1.474150645392897,0.03018867924528302,0.3594261084832737,0.0014645122768401349,,,,,
shuffle_r4_BLOCK_SHUFFLED_CYCLES_p+0_Nd4001_dt1,main,shuffle,4,BLOCK_SHUFFLED_CYCLES,0,dsh_tau4.000us,0.1730379851703357,0.11361238735211444,0.0012700916376807577,1.3766526421120566,0.00010038340017362008,-4.176241496171571e-05,0.000102273551612637,1.6142389373884511,0.033962264150943396,0.266410528531949,0.0008411133798469885,,,,,
shuffle_r4_BLOCK_SHUFFLED_CYCLES_p+3_Nd4001_dt1,main,shuffle,4,BLOCK_SHUFFLED_CYCLES,3,dsh_tau2.535us,0.45325447199291136,0.36665723225124475,0.0009439206520567775,1.4896233069098532,0.00011728969496952647,-5.311901777238943e-05,0.00018499140120315505,1.3064431082618437,0.03773584905660377,0.5340824345203679,0.005185552986176612,,,,,
shuffle_r4_BLOCK_SHUFFLED_CYCLES_p+3_Nd4001_dt1,main,shuffle,4,BLOCK_SHUFFLED_CYCLES,3,dsh_tau1.940us,0.5125201459043653,0.4190964407128978,0.0009065641872092966,1.4993861622450577,0.00011492252437540914,-5.288550252069334e-05,0.0001829854230039411,1.2778772989841365,0.03773584905660377,0.6054962988115423,0.005897740353378388,,,,,
shuffle_r4_BLOCK_SHUFFLED_CYCLES_p+3_Nd4001_dt1,main,shuffle,4,BLOCK_SHUFFLED_CYCLES,3,dsh_tau4.000us,0.3428762859319963,0.26835464625432953,0.0010154338730496751,1.465444314069795,0.00012128872904763682,-5.319057292600947e-05,0.00018428010323941215,1.3886817283906716,0.04150943396226415,0.4231955348391156,0.00377255551582016,,,,,
shuffle_r4_BLOCK_SHUFFLED_CYCLES_p+6_Nd4001_dt1,main,shuffle,4,BLOCK_SHUFFLED_CYCLES,6,dsh_tau2.535us,0.7549692652156395,0.6387660076071087,0.0006906629073930228,1.627918767410374,0.00013319771360877382,-8.403168102239215e-05,0.00035033601782710484,1.1100661097208189,0.06037735849056604,0.8315390035908244,0.015197305907652203,,,,,
shuffle_r4_BLOCK_SHUFFLED_CYCLES_p+6_Nd4001_dt1,main,shuffle,4,BLOCK_SHUFFLED_CYCLES,6,dsh_tau1.940us,0.8368584587995208,0.7131001135252756,0.0006648527069504055,1.6386787368812858,0.0001311801457648427,-8.401513844221201e-05,0.0003507633574271905,0.8572282694948477,0.06792452830188679,0.9197191400157375,0.016238468532925033,,,,,
shuffle_r4_BLOCK_SHUFFLED_CYCLES_p+6_Nd4001_dt1,main,shuffle,4,BLOCK_SHUFFLED_CYCLES,6,dsh_tau4.000us,0.6209045536431793,0.5240487825472854,0.0007365670652053928,1.607620591399374,0.00013651831710769115,-8.419944400101292e-05,0.0003498880792390046,1.1794328861572105,0.06415094339622641,0.6795064462957645,0.01314928411763364,,,,,
shuffle_r4_BLOCK_SHUFFLED_FIXED_p-6_Nd4001_dt1,main,shuffle,4,BLOCK_SHUFFLED_FIXED,-6,dsh_tau2.535us,0.08931596903061681,0.017254216182457142,0.0016694626230163573,1.2944052315032657,6.299032113541811e-05,-2.7084140927095386e-05,3.619135993572227e-05,1.681837904921734,0.06792452830188679,0.2758032810456914,8.204036316841866e-05,,,,,
shuffle_r4_BLOCK_SHUFFLED_FIXED_p-6_Nd4001_dt1,main,shuffle,4,BLOCK_SHUFFLED_FIXED,-6,dsh_tau1.940us,0.0923679802503705,0.021292705687244725,0.0016519976471371905,1.2971756840934627,6.241974758220546e-05,-2.718893773697444e-05,3.5944871288463944e-05,1.6829789217073252,0.06792452830188679,0.31270287518790485,8.143829500775183e-05,,,,,
shuffle_r4_BLOCK_SHUFFLED_FIXED_p-6_Nd4001_dt1,main,shuffle,4,BLOCK_SHUFFLED_FIXED,-6,dsh_tau4.000us,0.08724049116977454,0.013453850610493426,0.0016917420488978333,1.2899427271794992,6.376848827613796e-05,-2.693996391615542e-05,3.65863556951547e-05,1.6800950437511488,0.06792452830188679,0.2404475628096482,8.348929435675819e-05,,,,,
shuffle_r4_BLOCK_SHUFFLED_FIXED_p+0_Nd4001_dt1,main,shuffle,4,BLOCK_SHUFFLED_FIXED,0,dsh_tau2.535us,0.1623469698947578,0.09288113921608779,0.0013941181623818317,1.3634762944098362,0.00010842050528600916,-4.52216266588066e-05,0.00010119339737378028,1.3927300599657608,0.06415094339622641,0.583535675935558,0.00047107940161886746,,,,,
shuffle_r4_BLOCK_SHUFFLED_FIXED_p+0_Nd4001_dt1,main,shuffle,4,BLOCK_SHUFFLED_FIXED,0,dsh_tau1.940us,0.18611939345926098,0.11604547928420757,0.0013597174951254585,1.3688585082065365,0.00010682307511732228,-4.5303999937708626e-05,0.0001014501711429177,0.5595114515796332,0.06792452830188679,0.6222472967292997,0.000549466392964062,,,,,
shuffle_r4_BLOCK_SHUFFLED_FIXED_p+0_Nd4001_dt1,main,shuffle,4,BLOCK_SHUFFLED_FIXED,0,dsh_tau4.000us,0.12946748503409786,0.06086074128952991,0.0014477355191019959,1.3577097619903276,0.00011098287193365263,-4.5008695067053853e-05,0.00010073302959564377,1.6700495818487708,0.06037735849056604,0.4838266651401898,0.00040406246247729193,,,,,
shuffle_r4_BLOCK_SHUFFLED_FIXED_p+3_Nd4001_dt1,main,shuffle,4,BLOCK_SHUFFLED_FIXED,3,dsh_tau2.535us,0.27123016930594895,0.20267641002219017,0.001151145868088759,1.4418401565448578,0.00013224671233766567,-5.778753508660247e-05,0.0001689164620800303,-0.5083067728711278,0.07169811320754717,0.683241839308816,0.001965835059839615,,,,,
shuffle_r4_BLOCK_SHUFFLED_FIXED_p+3_Nd4001_dt1,main,shuffle,4,BLOCK_SHUFFLED_FIXED,3,dsh_tau1.940us,0.30917266637736335,0.23870258057192686,0.0011159262290483614,1.4499711744067036,0.0001301051212833414,-5.789044227164581e-05,0.00017023332937656573,-0.22878135852550555,0.07169811320754717,0.693312420390174,0.0024991579236239773,,,,,
shuffle_r4_BLOCK_SHUFFLED_FIXED_p+3_Nd4001_dt1,main,shuffle,4,BLOCK_SHUFFLED_FIXED,3,dsh_tau4.000us,0.2155141403651493,0.14804182774817823,0.001206185472596148,1.429697246446975,0.00013549108465251238,-5.758159378617683e-05,0.00016779806076553023,0.3493179241645705,0.07169811320754717,0.6367135714329726,0.0013721524642813555,,,,,
shuffle_r4_BLOCK_SHUFFLED_FIXED_p+6_Nd4001_dt1,main,shuffle,4,BLOCK_SHUFFLED_FIXED,6,dsh_tau2.535us,0.4819857231137842,0.4039732811943973,0.0008379826710382632,1.5679749231401623,0.0001468387436466739,-8.914115674059206e-05,0.0002764181149921427,1.0325984384383295,0.07169811320754717,0.7408089848852516,0.010338912453110501,,,,,
shuffle_r4_BLOCK_SHUFFLED_FIXED_p+6_Nd4001_dt1,main,shuffle,4,BLOCK_SHUFFLED_FIXED,6,dsh_tau1.940us,0.5356157439081997,0.4510060202590534,0.0008119913868513172,1.571915668155581,0.00014484307609776892,-8.882358235253353e-05,0.00027508022509207164,1.1808914103903116,0.06792452830188679,0.7264391609830538,0.012570229459855373,,,,,
shuffle_r4_BLOCK_SHUFFLED_FIXED_p+6_Nd4001_dt1,main,shuffle,4,BLOCK_SHUFFLED_FIXED,6,dsh_tau4.000us,0.3995751821716944,0.3297494514478461,0.0008787788585637536,1.5568246162069002,0.0001496245653671775,-8.952266193606229e-05,0.0002773930277358735,0.04768483107852411,0.07169811320754717,0.7688885606437293,0.007362260038583423,,,,,
shuffle_r4_SHUFFLED_p-6_Nd4001_dt1,main,shuffle,4,SHUFFLED,-6,dsh_tau2.535us,0.05189547434178879,0.014531155554637782,0.001692847835825423,1.2581356232415364,4.474740063623214e-05,-2.589502230022605e-05,1.82649581750153e-05,1.9999999094056489,0.0,0.18805502238345742,2.227185243184726e-05,,,,,
shuffle_r4_SHUFFLED_p-6_Nd4001_dt1,main,shuffle,4,SHUFFLED,-6,dsh_tau1.940us,0.051875578494401935,0.01452611892390333,0.0016928211811568091,1.2581415770646112,4.474629262922158e-05,-2.589520040908466e-05,1.825929781990938e-05,1.9999999110991211,0.0,0.1880168202974971,2.2258635075433857e-05,,,,,
shuffle_r4_SHUFFLED_p-6_Nd4001_dt1,main,shuffle,4,SHUFFLED,-6,dsh_tau4.000us,0.05191878981966071,0.01453732402758502,0.0016928800001982812,1.25812915081001,4.474869571064821e-05,-2.589464787429095e-05,1.827160230873183e-05,1.9999999080839437,0.0,0.18810258109010672,2.2288257522170503e-05,,,,,
shuffle_r4_SHUFFLED_p+0_Nd4001_dt1,main,shuffle,4,SHUFFLED,0,dsh_tau2.535us,0.05221964470514316,0.0150912592818377,0.001552355397075668,1.322027515651472,8.188374568990991e-05,-4.228520402324858e-05,3.357544545054675e-05,1.9999999999606928,0.0,0.15830147518769677,6.48678308881543e-05,,,,,
shuffle_r4_SHUFFLED_p+0_Nd4001_dt1,main,shuffle,4,SHUFFLED,0,dsh_tau1.940us,0.05216155923251773,0.015087979863868013,0.0015522422507805323,1.3220480702695627,8.18756429264305e-05,-4.228676610407016e-05,3.3537429675322206e-05,1.999999999963476,0.0,0.15818591804966062,6.472163642289692e-05,,,,,
shuffle_r4_SHUFFLED_p+0_Nd4001_dt1,main,shuffle,4,SHUFFLED,0,dsh_tau4.000us,0.052288197417376246,0.015096154351870388,0.0015524884664794734,1.3220046597416863,8.18930823354792e-05,-4.2281784844456715e-05,3.3620106523568734e-05,1.9999999999586051,0.0,0.15845657721644243,6.50666308357776e-05,,,,,
shuffle_r4_SHUFFLED_p+3_Nd4001_dt1,main,shuffle,4,SHUFFLED,3,dsh_tau2.535us,0.052726385559319536,0.015852195182916935,0.0013804848497981778,1.3937268290578648,0.00010288184232275208,-5.3869700511803684e-05,4.2511284539292105e-05,1.9999999999999074,0.0,0.15211098663255015,0.00012504585796628854,,,,,
shuffle_r4_SHUFFLED_p+3_Nd4001_dt1,main,shuffle,4,SHUFFLED,3,dsh_tau1.940us,0.05267185321851083,0.0158919409908152,0.0013802622283697035,1.3937259423049624,0.00010286280892133311,-5.387569020082863e-05,4.2429466956598425e-05,1.9999999999999019,0.0,0.15212203250373776,0.00012482710788936006,,,,,
shuffle_r4_SHUFFLED_p+3_Nd4001_dt1,main,shuffle,4,SHUFFLED,3,dsh_tau4.000us,0.05279137129462006,0.01580980156709269,0.0013807475918428667,1.393724697474951,0.00010290388105596739,-5.3859079468192356e-05,4.2607988193791296e-05,1.9999999999999176,0.0,0.15213395330694507,0.00012539671113635835,,,,,
shuffle_r4_SHUFFLED_p+6_Nd4001_dt1,main,shuffle,4,SHUFFLED,6,dsh_tau2.535us,0.055290025194124175,0.01884453041125508,0.0010494227928911455,1.4975030635877227,0.00011060772246744723,-8.484171929287352e-05,4.689155274772655e-05,1.999999999989271,0.0,0.15869087769843826,0.00026782914802176783,,,,,
shuffle_r4_SHUFFLED_p+6_Nd4001_dt1,main,shuffle,4,SHUFFLED,6,dsh_tau1.940us,0.05547671940380646,0.019187849725440027,0.0010490386433144852,1.497393354493014,0.00011057716848013492,-8.485852116330945e-05,4.6749209951959304e-05,1.9999999999696796,0.0,0.15991633010658646,0.0002700745397898185,,,,,
shuffle_r4_SHUFFLED_p+6_Nd4001_dt1,main,shuffle,4,SHUFFLED,6,dsh_tau4.000us,0.0550724294537287,0.018453258733280492,0.001049892155869657,1.4976351271625354,0.00011064456647430597,-8.480861048405155e-05,4.706608712482642e-05,1.999999999997082,0.0,0.1573157714540477,0.00026529189545146603,,,,,
shuffle_r5_ORIGINAL_p-6_Nd4001_dt1,main,shuffle,5,ORIGINAL,-6,dsh_tau2.535us,0.0542579979402046,0.011902352862522891,0.0015914421828308362,1.298072208311823,5.970684378674251e-05,-2.8610939019707666e-05,2.764652791899049e-05,1.8507257073370016,0.03773584905660377,0.16957510180215535,3.5057178770446193e-05,,,,,
shuffle_r5_ORIGINAL_p-6_Nd4001_dt1,main,shuffle,5,ORIGINAL,-6,dsh_tau1.940us,0.057269580913105245,0.0146735897289914,0.001577585717964054,1.3014945963139049,5.92718662431863e-05,-2.860961302744245e-05,2.764343743193922e-05,1.8452056720785506,0.04150943396226415,0.17689372602831888,3.902938154373123e-05,,,,,
shuffle_r5_ORIGINAL_p-6_Nd4001_dt1,main,shuffle,5,ORIGINAL,-6,dsh_tau4.000us,0.0499987453429595,0.007980636164619017,0.0016143701612541714,1.2918204284980253,6.0443968069606544e-05,-2.861270665990447e-05,2.764563064680941e-05,1.8581075211025773,0.03773584905660377,0.15817449734297595,2.94329602452813e-05,,,,,
shuffle_r5_ORIGINAL_p+0_Nd4001_dt1,main,shuffle,5,ORIGINAL,0,dsh_tau2.535us,0.16496206171758254,0.11549915255189203,0.0012479998398750023,1.3909386098561476,9.82021548564175e-05,-2.9600905870541744e-05,6.719033256756517e-05,1.6359774881187583,0.011320754716981131,0.38409878317095053,0.0007671717516761005,,,,,
shuffle_r5_ORIGINAL_p+0_Nd4001_dt1,main,shuffle,5,ORIGINAL,0,dsh_tau1.940us,0.18384609862753395,0.13419266582318753,0.0012181784474050658,1.3980524501870322,9.662870824822175e-05,-2.957525588661989e-05,6.689307250183206e-05,1.6003934689631234,0.01509433962264151,0.4207232773684485,0.0008973400500512133,,,,,
shuffle_r5_ORIGINAL_p+0_Nd4001_dt1,main,shuffle,5,ORIGINAL,0,dsh_tau4.000us,0.13379366267415557,0.08523575935095547,0.0013020664677959736,1.3791267278472,0.00010107766629383987,-2.9582126913829376e-05,6.735912226022258e-05,1.7240499395549527,0.01509433962264151,0.32509816080441184,0.0005581886118836961,,,,,
shuffle_r5_ORIGINAL_p+3_Nd4001_dt1,main,shuffle,5,ORIGINAL,3,dsh_tau2.535us,0.3398977563906432,0.2887234827347936,0.0009675594773080906,1.4882215010379287,0.00011532540531113812,-2.5060671038541815e-05,0.00014703023329198074,1.4007143277376113,0.033962264150943396,0.6089766615222879,0.003580669255852259,,,,,
shuffle_r5_ORIGINAL_p+3_Nd4001_dt1,main,shuffle,5,ORIGINAL,3,dsh_tau1.940us,0.37986560577184214,0.3281751806602881,0.0009358911121192799,1.4995696015093727,0.00011320142863570411,-2.5018150959448e-05,0.0001470364913209122,1.3764700921577357,0.04150943396226415,0.6507698174281475,0.004075592870380729,,,,,
shuffle_r5_ORIGINAL_p+3_Nd4001_dt1,main,shuffle,5,ORIGINAL,3,dsh_tau4.000us,0.2719063215036007,0.22135317191955547,0.0010275120861638208,1.467490772125838,0.00011932570512799588,-2.498819379225108e-05,0.00014683250194572363,1.4571016808895594,0.03018867924528302,0.5332320435939153,0.0027419194217217844,,,,,
shuffle_r5_ORIGINAL_p+6_Nd4001_dt1,main,shuffle,5,ORIGINAL,6,dsh_tau2.535us,0.694550483607019,0.6390528394268653,0.0006712257337147799,1.6519608598213997,0.00012711894103662225,-6.047129756813444e-05,0.0003242719363941697,1.022407068968834,0.07924528301886792,0.8827674253987453,0.01516899622578828,,,,,
shuffle_r5_ORIGINAL_p+6_Nd4001_dt1,main,shuffle,5,ORIGINAL,6,dsh_tau1.940us,0.7598995067604821,0.7032301346619874,0.0006494069416719298,1.6657027561417677,0.00012534040367805956,-6.054818047541661e-05,0.00032457743393754556,0.9693845869244436,0.09056603773584905,0.923511861970057,0.01636961153147794,,,,,
shuffle_r5_ORIGINAL_p+6_Nd4001_dt1,main,shuffle,5,ORIGINAL,6,dsh_tau4.000us,0.5803964965384613,0.5266381808206012,0.0007136863123763299,1.6273062263479796,0.0001305110350416694,-6.0358320530222644e-05,0.00032366448804954277,1.1574163638554904,0.05660377358490566,0.8134939433902959,0.012798295870059135,,,,,
shuffle_r5_BLOCK_SHUFFLED_CYCLES_p-6_Nd4001_dt1,main,shuffle,5,BLOCK_SHUFFLED_CYCLES,-6,dsh_tau2.535us,0.044894097054741566,0.008069186604618236,0.001619056930824102,1.2891999736603537,6.0594954632586214e-05,-2.9247866946275758e-05,2.5922668171718052e-05,1.8639919659338537,0.033962264150943396,0.1597715647926683,2.9032094470936346e-05,,,,,
shuffle_r5_BLOCK_SHUFFLED_CYCLES_p-6_Nd4001_dt1,main,shuffle,5,BLOCK_SHUFFLED_CYCLES,-6,dsh_tau1.940us,0.0472554731280563,0.010523217482317904,0.0016044111754483263,1.2933573084807408,6.011440290853887e-05,-2.9250535832387124e-05,2.5891632345037857e-05,1.8597999053358676,0.033962264150943396,0.1667809129720152,3.1386451381819536e-05,,,,,
shuffle_r5_BLOCK_SHUFFLED_CYCLES_p-6_Nd4001_dt1,main,shuffle,5,BLOCK_SHUFFLED_CYCLES,-6,dsh_tau4.000us,0.0421208108367676,0.005014780585774355,0.0016407164357498901,1.2824168673835064,6.132429075518117e-05,-2.92397632565152e-05,2.597698030964098e-05,1.8695756599374407,0.033962264150943396,0.15135423049306973,2.583346863250787e-05,,,,,
shuffle_r5_BLOCK_SHUFFLED_CYCLES_p+0_Nd4001_dt1,main,shuffle,5,BLOCK_SHUFFLED_CYCLES,0,dsh_tau2.535us,0.1290413255635962,0.08773897169184741,0.00130652098601939,1.3742105659636923,0.00010141860441886061,-3.0555105978843676e-05,6.346753853945552e-05,1.7481600748543649,0.018867924528301886,0.3160168638284186,0.0004534455323213389,,,,,
shuffle_r5_BLOCK_SHUFFLED_CYCLES_p+0_Nd4001_dt1,main,shuffle,5,BLOCK_SHUFFLED_CYCLES,0,dsh_tau1.940us,0.1504928638285715,0.10815492640298995,0.001270579988649138,1.3814495321732185,9.956157178572221e-05,-3.0565071753690185e-05,6.349609796146375e-05,1.723924389168351,0.018867924528301886,0.3506696033887526,0.000536145916206025,,,,,
shuffle_r5_BLOCK_SHUFFLED_CYCLES_p+0_Nd4001_dt1,main,shuffle,5,BLOCK_SHUFFLED_CYCLES,0,dsh_tau4.000us,0.09734847271157485,0.05754892330389091,0.001366502029921587,1.3636065979644003,0.00010457563142452587,-3.053559025555386e-05,6.355433825423664e-05,1.7897625190967972,0.018867924528301886,0.2603807027011556,0.0003310204063891069,,,,,
shuffle_r5_BLOCK_SHUFFLED_CYCLES_p+3_Nd4001_dt1,main,shuffle,5,BLOCK_SHUFFLED_CYCLES,3,dsh_tau2.535us,0.273555308021746,0.2246880699689318,0.0010355745339371966,1.4608568020608368,0.0001206082186946478,-2.5736679148212456e-05,0.0001326424500958501,1.5171419627575171,0.026415094339622643,0.49581919105539596,0.002301788402554045,,,,,
shuffle_r5_BLOCK_SHUFFLED_CYCLES_p+3_Nd4001_dt1,main,shuffle,5,BLOCK_SHUFFLED_CYCLES,3,dsh_tau1.940us,0.3173746978837273,0.26689420125534813,0.0009966182566156939,1.4747053949439548,0.00011805556676028452,-2.5717442626422966e-05,0.00013245479812816442,1.3438080457447052,0.033962264150943396,0.5430101437136664,0.0027590591180006656,,,,,
shuffle_r5_BLOCK_SHUFFLED_CYCLES_p+3_Nd4001_dt1,main,shuffle,5,BLOCK_SHUFFLED_CYCLES,3,dsh_tau4.000us,0.20851588077670585,0.16209350307471826,0.0011024555733091122,1.4405760597750863,0.00012507058584170598,-2.571272516337658e-05,0.0001325496747274204,1.6107326904464265,0.03018867924528302,0.42486561180960136,0.0016639154597788389,,,,,
shuffle_r5_BLOCK_SHUFFLED_CYCLES_p+6_Nd4001_dt1,main,shuffle,5,BLOCK_SHUFFLED_CYCLES,6,dsh_tau2.535us,0.5681992986041767,0.5091399357628245,0.0007277146160174853,1.6232076118585514,0.00013287698810643723,-6.035610709967329e-05,0.0002897364902287073,1.0929606134069423,0.045283018867924525,0.7419392216090083,0.012633744337770047,,,,,
shuffle_r5_BLOCK_SHUFFLED_CYCLES_p+6_Nd4001_dt1,main,shuffle,5,BLOCK_SHUFFLED_CYCLES,6,dsh_tau1.940us,0.6391487003873029,0.576495148309687,0.0006982082323709041,1.6399338363601483,0.00013034921929667062,-6.032082507655835e-05,0.00029070029401136004,1.0956809136924113,0.04905660377358491,0.7962562337927808,0.014372357426016254,,,,,
shuffle_r5_BLOCK_SHUFFLED_CYCLES_p+6_Nd4001_dt1,main,shuffle,5,BLOCK_SHUFFLED_CYCLES,6,dsh_tau4.000us,0.4507896643072808,0.39602459746448565,0.0007807621277936136,1.5904969146507586,0.0001371099291232345,-6.0358382063352114e-05,0.00028964155117979233,1.235497264845903,0.04150943396226415,0.6300749474236865,0.009692240510926986,,,,,
shuffle_r5_BLOCK_SHUFFLED_FIXED_p-6_Nd4001_dt1,main,shuffle,5,BLOCK_SHUFFLED_FIXED,-6,dsh_tau2.535us,0.0871319700670568,0.010644360600952118,0.0016963477904595882,1.2894149151150953,6.363676888681347e-05,-3.120797594064031e-05,3.481782512380178e-05,1.5528094683454252,0.06037735849056604,0.24840973950390002,9.359031503500883e-05,,,,,
shuffle_r5_BLOCK_SHUFFLED_FIXED_p-6_Nd4001_dt1,main,shuffle,5,BLOCK_SHUFFLED_FIXED,-6,dsh_tau1.940us,0.08767796917593203,0.011556667443270122,0.0016881990472132572,1.2918156217628212,6.334752449048394e-05,-3.1175763397124654e-05,3.4685643086427484e-05,1.5537294446265382,0.06037735849056604,0.2463733028284477,9.371405470041801e-05,,,,,
shuffle_r5_BLOCK_SHUFFLED_FIXED_p-6_Nd4001_dt1,main,shuffle,5,BLOCK_SHUFFLED_FIXED,-6,dsh_tau4.000us,0.08669619990452872,0.009705391744426332,0.0017067336593269962,1.2861490415534096,6.40130155380817e-05,-3.125132429650874e-05,3.501045297465815e-05,1.551020454905864,0.06037735849056604,0.2514588969446634,9.359638592085125e-05,,,,,
shuffle_r5_BLOCK_SHUFFLED_FIXED_p+0_Nd4001_dt1,main,shuffle,5,BLOCK_SHUFFLED_FIXED,0,dsh_tau2.535us,0.10937353083858237,0.03270762007057343,0.0014836407672696164,1.362269892374473,0.00011218390472994868,-3.3922037197373564e-05,8.593521748394765e-05,1.5208041487946897,0.052830188679245285,0.25393231900985636,0.0004030912157924547,,,,,
shuffle_r5_BLOCK_SHUFFLED_FIXED_p+0_Nd4001_dt1,main,shuffle,5,BLOCK_SHUFFLED_FIXED,0,dsh_tau1.940us,0.11848298492552503,0.041883647571888574,0.001457940177139622,1.3653983616390597,0.00011069544816699358,-3.386550510316713e-05,8.508928151507212e-05,1.5062163239913282,0.052830188679245285,0.2647996242932507,0.000423896297217186,,,,,
shuffle_r5_BLOCK_SHUFFLED_FIXED_p+0_Nd4001_dt1,main,shuffle,5,BLOCK_SHUFFLED_FIXED,0,dsh_tau4.000us,0.09907899047820076,0.02229338984808494,0.001518271609620424,1.3577559676223103,0.00011426503336042788,-3.4031180408049014e-05,8.739741439436613e-05,1.552681188362989,0.052830188679245285,0.2446516623223116,0.0003787027737696591,,,,,
shuffle_r5_BLOCK_SHUFFLED_FIXED_p+3_Nd4001_dt1,main,shuffle,5,BLOCK_SHUFFLED_FIXED,3,dsh_tau2.535us,0.16923569465438712,0.08576477450554094,0.001245901825241372,1.4281600991535073,0.00013661972598195466,-2.902470689830617e-05,0.00012993402290193779,1.49259527727709,0.04905660377358491,0.343898911018478,0.0013103147554260836,,,,,
shuffle_r5_BLOCK_SHUFFLED_FIXED_p+3_Nd4001_dt1,main,shuffle,5,BLOCK_SHUFFLED_FIXED,3,dsh_tau1.940us,0.1936758186558298,0.10900784574476761,0.0012111895668567053,1.4321205636059076,0.00013419816000237336,-2.909832751415045e-05,0.00012884163443396902,1.4755429866471796,0.04905660377358491,0.38222898068322053,0.0014721305665582863,,,,,
shuffle_r5_BLOCK_SHUFFLED_FIXED_p+3_Nd4001_dt1,main,shuffle,5,BLOCK_SHUFFLED_FIXED,3,dsh_tau4.000us,0.13848871016821188,0.056202805445496454,0.0012966575876154564,1.423994568793757,0.0001402982416695046,-2.8978776673014272e-05,0.00013177968184860123,1.5246095634997463,0.04905660377358491,0.3016874679759307,0.0011090266552094155,,,,,
shuffle_r5_BLOCK_SHUFFLED_FIXED_p+6_Nd4001_dt1,main,shuffle,5,BLOCK_SHUFFLED_FIXED,6,dsh_tau2.535us,0.3290817741229454,0.2320136289221064,0.0009000248758122461,1.540745397550661,0.00014862784717704035,-6.304372634744375e-05,0.00022892294483665062,1.3032734149530552,0.06792452830188679,0.5487942998392065,0.006173528628756144,,,,,
shuffle_r5_BLOCK_SHUFFLED_FIXED_p+6_Nd4001_dt1,main,shuffle,5,BLOCK_SHUFFLED_FIXED,6,dsh_tau1.940us,0.3804631813576888,0.2802873583081403,0.0008711964958196767,1.5507705355947912,0.00014662324333993031,-6.31814639254066e-05,0.00022725204264341782,1.2274430536033225,0.06792452830188679,0.6042505676970299,0.007046247460204483,,,,,
shuffle_r5_BLOCK_SHUFFLED_FIXED_p+6_Nd4001_dt1,main,shuffle,5,BLOCK_SHUFFLED_FIXED,6,dsh_tau4.000us,0.2585555669552634,0.16543288197670264,0.0009446240442703664,1.5283402335735305,0.00015179761887774024,-6.249868722702176e-05,0.0002305866248321521,1.3312131624062862,0.06037735849056604,0.46606102255606546,0.004932548222843327,,,,,
shuffle_r5_SHUFFLED_p-6_Nd4001_dt1,main,shuffle,5,SHUFFLED,-6,dsh_tau2.535us,0.04829529331455369,0.011899225504800595,0.0016910258955298032,1.259095776032752,4.676321361071504e-05,-3.0880587853804964e-05,1.8513434561059602e-05,1.9999999999999973,0.0,0.17067502865468126,2.0974609932531252e-05,,,,,
shuffle_r5_SHUFFLED_p-6_Nd4001_dt1,main,shuffle,5,SHUFFLED,-6,dsh_tau1.940us,0.04828537317720105,0.011895983209756928,0.0016910126251258558,1.2590989905713914,4.676261632464344e-05,-3.0880327959809194e-05,1.8509549976681396e-05,1.9999999999999973,0.0,0.17065158247058695,2.0963330076258713e-05,,,,,
shuffle_r5_SHUFFLED_p-6_Nd4001_dt1,main,shuffle,5,SHUFFLED,-6,dsh_tau4.000us,0.048307118892900666,0.01190325516909774,0.0016910417980894672,1.2590921738057983,4.676392399902314e-05,-3.0881068006519996e-05,1.851799009431827e-05,1.9999999999999973,0.0,0.17070273653473234,2.0988173898540444e-05,,,,,
shuffle_r5_SHUFFLED_p+0_Nd4001_dt1,main,shuffle,5,SHUFFLED,0,dsh_tau2.535us,0.04847142233191297,0.012144538734928309,0.0015510378435556983,1.323573764406217,8.558760039940785e-05,-3.365112699114278e-05,3.4051373722423643e-05,2.0,0.0,0.14091813645495552,6.135276428914557e-05,,,,,
shuffle_r5_SHUFFLED_p+0_Nd4001_dt1,main,shuffle,5,SHUFFLED,0,dsh_tau1.940us,0.04844084465400224,0.012138415257759062,0.001550986117255202,1.3235849520328347,8.558343898402305e-05,-3.3649290898663464e-05,3.402519582158273e-05,2.0,0.0,0.1408150769644765,6.121033406377414e-05,,,,,
shuffle_r5_SHUFFLED_p+0_Nd4001_dt1,main,shuffle,5,SHUFFLED,0,dsh_tau4.000us,0.04850786005442166,0.012152436899470273,0.0015510981717864348,1.3235614141868175,8.55924570544348e-05,-3.365469849077706e-05,3.4082060354988785e-05,2.0,0.0,0.1410476129359673,6.152815663596945e-05,,,,,
shuffle_r5_SHUFFLED_p+3_Nd4001_dt1,main,shuffle,5,SHUFFLED,3,dsh_tau2.535us,0.04911966381063509,0.01277449378984062,0.0013792994131676362,1.3950968955946041,0.0001075432704075419,-2.905935418120975e-05,4.3308789239214326e-05,2.0,0.0,0.13822413038147602,0.00012007797752700636,,,,,
shuffle_r5_SHUFFLED_p+3_Nd4001_dt1,main,shuffle,5,SHUFFLED,3,dsh_tau1.940us,0.049088523475879664,0.012783008572552882,0.0013792008573561285,1.3951067144672775,0.00010753387276946591,-2.9055227437327766e-05,4.325493737741116e-05,2.0,0.0,0.1380954086206947,0.00011971016656100227,,,,,
shuffle_r5_SHUFFLED_p+3_Nd4001_dt1,main,shuffle,5,SHUFFLED,3,dsh_tau4.000us,0.04915603260174979,0.012765125611218776,0.0013794138073076425,1.395085016942412,0.00010755410488498292,-2.906799722052896e-05,4.337205768950464e-05,2.0,0.0,0.13838131274610646,0.00012050710277707316,,,,,
shuffle_r5_SHUFFLED_p+6_Nd4001_dt1,main,shuffle,5,SHUFFLED,6,dsh_tau2.535us,0.05179974403193052,0.015393065792479744,0.0010483248134883067,1.497918751348884,0.00011560461642052687,-6.258978337790193e-05,4.791244864217382e-05,2.0,0.0,0.14441372342326605,0.00027109865895601145,,,,,
shuffle_r5_SHUFFLED_p+6_Nd4001_dt1,main,shuffle,5,SHUFFLED,6,dsh_tau1.940us,0.051879611872261394,0.015528363612632188,0.0010481379479056736,1.497889094079355,0.0001155882455761226,-6.258024613262817e-05,4.7822274467075814e-05,2.0,0.0,0.14460189211519212,0.00027127134110688944,,,,,
shuffle_r5_SHUFFLED_p+6_Nd4001_dt1,main,shuffle,5,SHUFFLED,6,dsh_tau4.000us,0.051702037404198216,0.01523214272506224,0.001048543711370694,1.497950215243971,0.00011562329606680303,-6.26108763293237e-05,4.801973939753059e-05,2.0,0.0,0.1441550145915382,0.0002704888273404908,,,,,
shuffle_r6_ORIGINAL_p-6_Nd4001_dt1,main,shuffle,6,ORIGINAL,-6,dsh_tau2.535us,0.04469778621380367,0.006621988598837776,0.0016253323517191063,1.291769286256473,6.097273197494527e-05,-3.2095329645257505e-05,2.573504359389333e-05,1.892297655676866,0.022641509433962263,0.1361737334989297,2.9291260566342907e-05,,,,,
shuffle_r6_ORIGINAL_p-6_Nd4001_dt1,main,shuffle,6,ORIGINAL,-6,dsh_tau1.940us,0.04601004200967936,0.008054787764446514,0.0016147749623793397,1.2950146780755079,6.061481152482822e-05,-3.208910047825744e-05,2.5723997252290862e-05,1.8906912664483004,0.022641509433962263,0.14104785684369747,3.018505624566897e-05,,,,,
shuffle_r6_ORIGINAL_p-6_Nd4001_dt1,main,shuffle,6,ORIGINAL,-6,dsh_tau4.000us,0.04284906258529488,0.0046401249104531415,0.0016428578278031153,1.2858834650231004,6.157557496340935e-05,-3.2102397914686924e-05,2.5751041762813573e-05,1.8948338368898086,0.022641509433962263,0.12841561988517838,2.7893248748310963e-05,,,,,
shuffle_r6_ORIGINAL_p+0_Nd4001_dt1,main,shuffle,6,ORIGINAL,0,dsh_tau2.535us,0.12489154075540318,0.08022451776145789,0.001298255861190629,1.3828693981843156,0.0001008241675456254,-3.2712252970868836e-05,5.9792329901544755e-05,1.7748655674998963,0.007547169811320755,0.3117677792736548,0.0004185556088802752,,,,,
shuffle_r6_ORIGINAL_p+0_Nd4001_dt1,main,shuffle,6,ORIGINAL,0,dsh_tau1.940us,0.14029276489131587,0.0948867080705181,0.0012693106085931956,1.3881517740020561,9.925024625983734e-05,-3.267762695832196e-05,5.994600482058329e-05,1.7550479192156758,0.007547169811320755,0.33520583751834143,0.000480621155049913,,,,,
shuffle_r6_ORIGINAL_p+0_Nd4001_dt1,main,shuffle,6,ORIGINAL,0,dsh_tau4.000us,0.10039973146219995,0.057363891227856054,0.0013508378559680513,1.373508353884111,0.0001037576583900813,-3.278683759996888e-05,5.968403347588125e-05,1.808262704631889,0.007547169811320755,0.2689268096561162,0.0003240742976970008,,,,,
shuffle_r6_ORIGINAL_p+3_Nd4001_dt1,main,shuffle,6,ORIGINAL,3,dsh_tau2.535us,0.2880683857785221,0.23420697205989713,0.0010072351186695939,1.4710736579398955,0.00011823652172195342,-2.0093354693658612e-05,0.0001052496826563708,1.3894447863243575,0.007547169811320755,0.5179991358848354,0.002440471294587274,,,,,
shuffle_r6_ORIGINAL_p+3_Nd4001_dt1,main,shuffle,6,ORIGINAL,3,dsh_tau1.940us,0.3208785542392536,0.2661521195777565,0.0009767889511432032,1.4819058891253059,0.00011611706962474885,-1.9983428776599406e-05,0.00010499465872087776,1.292341344353775,0.007547169811320755,0.5431025451120556,0.002767402267576217,,,,,
shuffle_r6_ORIGINAL_p+3_Nd4001_dt1,main,shuffle,6,ORIGINAL,3,dsh_tau4.000us,0.2308751201018681,0.17943063870106377,0.0010663344884899784,1.4534391019072548,0.00012235575565338464,-2.018317135302799e-05,0.0001052778122418535,1.6231047602761612,0.0037735849056603774,0.4681707038198652,0.0019039938799869456,,,,,
shuffle_r6_ORIGINAL_p+6_Nd4001_dt1,main,shuffle,6,ORIGINAL,6,dsh_tau2.535us,0.6087889633508031,0.5455654875927215,0.0006999453181863967,1.6547201567454886,0.00012971031201807802,-3.646954528248493e-05,0.00026398891544522597,1.0038636459439454,0.04150943396226415,0.7366021533390321,0.012386508667476575,,,,,
shuffle_r6_ORIGINAL_p+6_Nd4001_dt1,main,shuffle,6,ORIGINAL,6,dsh_tau1.940us,0.6670754435134254,0.6033162115539039,0.0006776663674127343,1.6741834741365484,0.00012783832409538455,-3.650617047611757e-05,0.00026398285373414063,1.0093491594968538,0.045283018867924525,0.763887739501008,0.013650828500647812,,,,,
shuffle_r6_ORIGINAL_p+6_Nd4001_dt1,main,shuffle,6,ORIGINAL,6,dsh_tau4.000us,0.504333262241242,0.44280325156842815,0.0007443856143734616,1.6177699375981,0.0001333826330028826,-3.658938169473203e-05,0.00026442162314026436,1.0749428341179417,0.03773584905660377,0.6767716268442016,0.010050778370452238,,,,,
shuffle_r6_BLOCK_SHUFFLED_CYCLES_p-6_Nd4001_dt1,main,shuffle,6,BLOCK_SHUFFLED_CYCLES,-6,dsh_tau2.535us,0.04358748407062051,0.005927522744717094,0.0016194410702735607,1.286858385254537,6.045409277786222e-05,-3.149844263723244e-05,2.3544078835954136e-05,1.8494849166910532,0.026415094339622643,0.1407143597550784,2.885746953918209e-05,,,,,
shuffle_r6_BLOCK_SHUFFLED_CYCLES_p-6_Nd4001_dt1,main,shuffle,6,BLOCK_SHUFFLED_CYCLES,-6,dsh_tau1.940us,0.04489073599036133,0.007531091937501718,0.001608004881200361,1.290432609264641,6.006495178875453e-05,-3.149360416684026e-05,2.353585348667364e-05,1.84659506695163,0.022641509433962263,0.1428050940137998,3.0745901828068174e-05,,,,,
shuffle_r6_BLOCK_SHUFFLED_CYCLES_p-6_Nd4001_dt1,main,shuffle,6,BLOCK_SHUFFLED_CYCLES,-6,dsh_tau4.000us,0.04196954136625839,0.003867232660013946,0.0016368379586210232,1.2810060205494154,6.105567117289739e-05,-3.150580924366118e-05,2.3554255531647794e-05,1.8531738288054367,0.026415094339622643,0.1382301253088818,2.6117527555594246e-05,,,,,
shuffle_r6_BLOCK_SHUFFLED_CYCLES_p+0_Nd4001_dt1,main,shuffle,6,BLOCK_SHUFFLED_CYCLES,0,dsh_tau2.535us,0.1050907668723639,0.0673816543435028,0.0013263449112910907,1.37192300214505,0.00010168035503877342,-3.2039223470070176e-05,5.7652258267563534e-05,1.6713460282723391,0.022641509433962263,0.20743862828012014,0.000556287776413604,,,,,
shuffle_r6_BLOCK_SHUFFLED_CYCLES_p+0_Nd4001_dt1,main,shuffle,6,BLOCK_SHUFFLED_CYCLES,0,dsh_tau1.940us,0.1207209930468029,0.08331117454106485,0.0012941543911725634,1.3775689386940109,9.991159894291569e-05,-3.204833398413771e-05,5.771149503785148e-05,1.637880319751034,0.022641509433962263,0.22783244378078132,0.0006652658763175881,,,,,
shuffle_r6_BLOCK_SHUFFLED_CYCLES_p+0_Nd4001_dt1,main,shuffle,6,BLOCK_SHUFFLED_CYCLES,0,dsh_tau4.000us,0.08305605645856193,0.044864159731928296,0.0013793241352829473,1.3627294293044407,0.00010468157614639734,-3.2087762199110304e-05,5.779992400086007e-05,1.7262066074103506,0.022641509433962263,0.18005153870965662,0.0003967855513132205,,,,,
shuffle_r6_BLOCK_SHUFFLED_CYCLES_p+3_Nd4001_dt1,main,shuffle,6,BLOCK_SHUFFLED_CYCLES,3,dsh_tau2.535us,0.23249560958443774,0.19416468407439447,0.0010512872188830603,1.453027950880731,0.00012023979520771204,-2.0474806987064443e-05,0.00010445000415986637,1.4398318719785612,0.018867924528301886,0.34726084086430575,0.00290385541049991,,,,,
shuffle_r6_BLOCK_SHUFFLED_CYCLES_p+3_Nd4001_dt1,main,shuffle,6,BLOCK_SHUFFLED_CYCLES,3,dsh_tau1.940us,0.269026954571131,0.22978987351499647,0.0010153521010513114,1.4637650445394763,0.00011783560377301891,-2.0373875795577142e-05,0.00010411290617264786,1.4146383592949883,0.026415094339622643,0.38385417405002537,0.00323626033121055,,,,,
shuffle_r6_BLOCK_SHUFFLED_CYCLES_p+3_Nd4001_dt1,main,shuffle,6,BLOCK_SHUFFLED_CYCLES,3,dsh_tau4.000us,0.17735695728924136,0.139055858131936,0.0011145915132506207,1.4374053099196502,0.00012460137665276096,-2.04516308553992e-05,0.00010438282135806711,1.494177488571428,0.018867924528301886,0.29396667906188606,0.0022922984101940154,,,,,
shuffle_r6_BLOCK_SHUFFLED_CYCLES_p+6_Nd4001_dt1,main,shuffle,6,BLOCK_SHUFFLED_CYCLES,6,dsh_tau2.535us,0.5094574106712354,0.46284512145800366,0.0007343344204429403,1.6140158316596651,0.000131299565146715,-3.8182338106793825e-05,0.0002558814688830422,1.203712804486576,0.045283018867924525,0.5714802280807553,0.011609148826258874,,,,,
shuffle_r6_BLOCK_SHUFFLED_CYCLES_p+6_Nd4001_dt1,main,shuffle,6,BLOCK_SHUFFLED_CYCLES,6,dsh_tau1.940us,0.5778264008545451,0.5270987781286752,0.00070703476531921,1.633818043970404,0.00012924250069858522,-3.811986553654486e-05,0.00025588049093442847,1.1705585073728764,0.05660377358490566,0.6149929867461194,0.012714848309894285,,,,,
shuffle_r6_BLOCK_SHUFFLED_CYCLES_p+6_Nd4001_dt1,main,shuffle,6,BLOCK_SHUFFLED_CYCLES,6,dsh_tau4.000us,0.39931444412255895,0.3574326844226427,0.0007844190187178076,1.5809028191208527,0.0001350565809851999,-3.83253211435061e-05,0.0002563455665894554,1.255668540857754,0.04150943396226415,0.5054205305776654,0.009590818843511572,,,,,
shuffle_r6_BLOCK_SHUFFLED_FIXED_p-6_Nd4001_dt1,main,shuffle,6,BLOCK_SHUFFLED_FIXED,-6,dsh_tau2.535us,0.08246171519068911,0.009882876136356097,0.001692638989830425,1.2864314969666304,6.378945217892398e-05,-3.42942591529337e-05,3.589135318342165e-05,1.649333888378958,0.07547169811320754,0.21502446160756591,7.494962117507403e-05,,,,,
shuffle_r6_BLOCK_SHUFFLED_FIXED_p-6_Nd4001_dt1,main,shuffle,6,BLOCK_SHUFFLED_FIXED,-6,dsh_tau1.940us,0.08275613836358339,0.01064815581727195,0.001685735017254083,1.2885291257012836,6.353790666882167e-05,-3.429468003015751e-05,3.578997700352858e-05,1.6491474797209231,0.07547169811320754,0.21689507154218846,7.511467492982554e-05,,,,,
shuffle_r6_BLOCK_SHUFFLED_FIXED_p-6_Nd4001_dt1,main,shuffle,6,BLOCK_SHUFFLED_FIXED,-6,dsh_tau4.000us,0.08230590716761774,0.009038730857812727,0.0017014849323158502,1.283610129873591,6.411819214684489e-05,-3.430772800344881e-05,3.600551171963967e-05,1.6495091237351327,0.07547169811320754,0.2126115848260173,7.487772706881818e-05,,,,,
shuffle_r6_BLOCK_SHUFFLED_FIXED_p+0_Nd4001_dt1,main,shuffle,6,BLOCK_SHUFFLED_FIXED,0,dsh_tau2.535us,0.10066929712957258,0.029976610972297497,0.001484235839034473,1.3581475404788477,0.00011254040207514816,-3.6187725360496844e-05,6.823402713285332e-05,1.7100062261298061,0.05660377358490566,0.269009143399674,0.0003242601927827911,,,,,
shuffle_r6_BLOCK_SHUFFLED_FIXED_p+0_Nd4001_dt1,main,shuffle,6,BLOCK_SHUFFLED_FIXED,0,dsh_tau1.940us,0.10757185773208613,0.03729818107962664,0.0014623935927447792,1.3613245263411875,0.00011123171519330485,-3.621426338774474e-05,6.757830259430428e-05,1.7077482862094042,0.05660377358490566,0.2833332413033069,0.0003539009128689417,,,,,
shuffle_r6_BLOCK_SHUFFLED_FIXED_p+0_Nd4001_dt1,main,shuffle,6,BLOCK_SHUFFLED_FIXED,0,dsh_tau4.000us,0.09273694263694984,0.02116822046128035,0.0015135184205455024,1.353858054630549,0.00011434604439226382,-3.620051518783461e-05,6.91789323793053e-05,1.7112919904881936,0.06037735849056604,0.24995928421608707,0.0002947517336605811,,,,,
shuffle_r6_BLOCK_SHUFFLED_FIXED_p+3_Nd4001_dt1,main,shuffle,6,BLOCK_SHUFFLED_FIXED,3,dsh_tau2.535us,0.15282871874879603,0.0800841716930724,0.0012496540684763403,1.4250261561058402,0.00013698092058968793,-2.3902267180037605e-05,0.00010995887849433046,1.5699411476985863,0.05660377358490566,0.35012299601946,0.001014578387221819,,,,,
shuffle_r6_BLOCK_SHUFFLED_FIXED_p+3_Nd4001_dt1,main,shuffle,6,BLOCK_SHUFFLED_FIXED,3,dsh_tau1.940us,0.17310618089718718,0.09965175025589021,0.0012189132968648544,1.4285207131392605,0.00013478315817351275,-2.3991184859595416e-05,0.00010969028605327083,1.5314461691636734,0.05660377358490566,0.3778175558417628,0.0011930357387240412,,,,,
shuffle_r6_BLOCK_SHUFFLED_FIXED_p+3_Nd4001_dt1,main,shuffle,6,BLOCK_SHUFFLED_FIXED,3,dsh_tau4.000us,0.1283252078812647,0.05585239338222083,0.001292679748804223,1.421021297235536,0.00014018077482976743,-2.3909105987834904e-05,0.0001109072117496188,1.6524010997963954,0.052830188679245285,0.3114926571974697,0.0008191259465065906,,,,,
shuffle_r6_BLOCK_SHUFFLED_FIXED_p+6_Nd4001_dt1,main,shuffle,6,BLOCK_SHUFFLED_FIXED,6,dsh_tau2.535us,0.3031821127999501,0.22171372729386468,0.0009005789971918105,1.535272396683849,0.00014826985471195407,-3.968892928120968e-05,0.00020731511270189362,1.2440354995096292,0.06792452830188679,0.5351592887036257,0.005220045098204734,,,,,
shuffle_r6_BLOCK_SHUFFLED_FIXED_p+6_Nd4001_dt1,main,shuffle,6,BLOCK_SHUFFLED_FIXED,6,dsh_tau1.940us,0.34903461926027657,0.26443912292170646,0.000873898079135044,1.5429090948298805,0.0001463901549638231,-3.994632439324227e-05,0.00020772190893973385,1.23321152844679,0.06792452830188679,0.5914068320080416,0.006536690489077795,,,,,
shuffle_r6_BLOCK_SHUFFLED_FIXED_p+6_Nd4001_dt1,main,shuffle,6,BLOCK_SHUFFLED_FIXED,6,dsh_tau4.000us,0.24050452082432283,0.16260125790822205,0.000940071963170169,1.5256829868820254,0.00015099809032136956,-3.953111490186222e-05,0.00020654585705189948,1.2765284555319507,0.06792452830188679,0.4637729894678586,0.0037789485785620107,,,,,
shuffle_r6_SHUFFLED_p-6_Nd4001_dt1,main,shuffle,6,SHUFFLED,-6,dsh_tau2.535us,0.046272881989171746,0.011228722805696163,0.0016848408907013254,1.2594942350697635,4.751681373202711e-05,-3.10936725900603e-05,1.8339493965205895e-05,2.0,0.0,0.16192817684810856,2.1249782160038526e-05,,,,,
shuffle_r6_SHUFFLED_p-6_Nd4001_dt1,main,shuffle,6,SHUFFLED,-6,dsh_tau1.940us,0.04626326731991168,0.011225629246024922,0.001684826617832797,1.2594973514640757,4.751619108181181e-05,-3.109302612861275e-05,1.8336357401785354e-05,2.0,0.0,0.16189577139359948,2.1242681482108755e-05,,,,,
shuffle_r6_SHUFFLED_p-6_Nd4001_dt1,main,shuffle,6,SHUFFLED,-6,dsh_tau4.000us,0.04628438097405222,0.011232585273585389,0.0016848595862413386,1.2594899527731267,4.751760147864968e-05,-3.109448622769669e-05,1.8343086816970222e-05,2.0,0.0,0.16196831797501626,2.1257843248016826e-05,,,,,
shuffle_r6_SHUFFLED_p+0_Nd4001_dt1,main,shuffle,6,SHUFFLED,0,dsh_tau2.535us,0.046409553449439124,0.01140552989371111,0.001545852560213399,1.323591882259054,8.699315441715253e-05,-3.147730831263851e-05,3.34256970070015e-05,2.0,0.0,0.1367501526635855,5.8394592165256314e-05,,,,,
shuffle_r6_SHUFFLED_p+0_Nd4001_dt1,main,shuffle,6,SHUFFLED,0,dsh_tau1.940us,0.046378954394039794,0.011399134541738848,0.0015457988322678416,1.3236024990542326,8.698884463096208e-05,-3.147248375206881e-05,3.340451606643832e-05,2.0,0.0,0.1366438228047083,5.8309281693061266e-05,,,,,
shuffle_r6_SHUFFLED_p+0_Nd4001_dt1,main,shuffle,6,SHUFFLED,0,dsh_tau4.000us,0.046446280817251634,0.011413943045617728,0.001545922377040482,1.323577219180229,8.699860860166842e-05,-3.1483381386088336e-05,3.344987999202305e-05,2.0,0.0,0.1368877617673002,5.849915491363786e-05,,,,,
shuffle_r6_SHUFFLED_p+3_Nd4001_dt1,main,shuffle,6,SHUFFLED,3,dsh_tau2.535us,0.04706187610667824,0.011916732909411478,0.0013753244823980723,1.3950923648742979,0.00010936084284452467,-1.9164913533197373e-05,4.220687596453335e-05,2.0,0.0,0.13400568604860377,0.00011275160532603498,,,,,
shuffle_r6_SHUFFLED_p+3_Nd4001_dt1,main,shuffle,6,SHUFFLED,3,dsh_tau1.940us,0.04702397852310052,0.011920050072530514,0.001375223858264262,1.3951034732665213,0.00010935081820706187,-1.91531143708759e-05,4.2163963291443034e-05,2.0,0.0,0.13387660743947663,0.000112601246031424,,,,,
shuffle_r6_SHUFFLED_p+3_Nd4001_dt1,main,shuffle,6,SHUFFLED,3,dsh_tau4.000us,0.04710720683248783,0.011914336107719727,0.001375453587154553,1.3950751385101123,0.0001093734924091159,-1.9179969161457932e-05,4.2255930075204246e-05,2.0,0.0,0.13417865079756972,0.00011295404156353591,,,,,
shuffle_r6_SHUFFLED_p+6_Nd4001_dt1,main,shuffle,6,SHUFFLED,6,dsh_tau2.535us,0.04928185746728918,0.01391869205099977,0.001046021730109998,1.4985645833846943,0.00011761374238351531,-3.58678529292915e-05,4.6289998647163164e-05,2.0,0.0,0.14001216887755516,0.0002510247510304136,,,,,
shuffle_r6_SHUFFLED_p+6_Nd4001_dt1,main,shuffle,6,SHUFFLED,6,dsh_tau1.940us,0.04930471087880121,0.014011003509941023,0.0010458314389490866,1.4985462211750245,0.00011759348612430602,-3.5840453704661415e-05,4.622256300413371e-05,2.0,0.0,0.14008866125844424,0.00025190593433568664,,,,,
shuffle_r6_SHUFFLED_p+6_Nd4001_dt1,main,shuffle,6,SHUFFLED,6,dsh_tau4.000us,0.0492566674308586,0.0138137711712894,0.0010462634674098911,1.4985747175909025,0.00011763961571300283,-3.590342861471703e-05,4.6367887769768484e-05,2.0,0.0,0.13997651024218513,0.00025015610019293156,,,,,
shuffle_r7_ORIGINAL_p-6_Nd4001_dt1,main,shuffle,7,ORIGINAL,-6,dsh_tau2.535us,0.04845884896509379,0.007978479424930419,0.0016194328367298096,1.2987010588841097,6.013949633627067e-05,-2.7771741399142056e-05,2.4198181203804865e-05,1.8343248947480504,0.04150943396226415,0.14220528066500052,3.187625127156056e-05,,,,,
shuffle_r7_ORIGINAL_p-6_Nd4001_dt1,main,shuffle,7,ORIGINAL,-6,dsh_tau1.940us,0.04978187313531186,0.0096353911417777,0.001606882889022521,1.3026164545662742,5.9711914739783165e-05,-2.7779402574369215e-05,2.416831516321356e-05,1.8305127677622952,0.04150943396226415,0.14765618279932186,3.4393591824183445e-05,,,,,
shuffle_r7_ORIGINAL_p-6_Nd4001_dt1,main,shuffle,7,ORIGINAL,-6,dsh_tau4.000us,0.04659829115525904,0.005522250846722815,0.0016403688286828662,1.2917208217358047,6.0861364110798775e-05,-2.7761019794720985e-05,2.4245219619259962e-05,1.8390547641365231,0.04150943396226415,0.13387220232766675,2.85290115275638e-05,,,,,
shuffle_r7_ORIGINAL_p+0_Nd4001_dt1,main,shuffle,7,ORIGINAL,0,dsh_tau2.535us,0.14319849056871525,0.10438605994461468,0.001259940257613601,1.3880590349420967,9.749896319114665e-05,-2.686827144938673e-05,5.908706740169664e-05,1.6780379371468066,0.03018867924528302,0.32637247836023725,0.0006686947368716336,,,,,
shuffle_r7_ORIGINAL_p+0_Nd4001_dt1,main,shuffle,7,ORIGINAL,0,dsh_tau1.940us,0.16434948901035323,0.12561643551741175,0.0012256343177539375,1.3936607526237834,9.571979801602068e-05,-2.6897105886552127e-05,5.897431431656772e-05,1.6469522856878631,0.026415094339622643,0.3532667577045613,0.0007952008335590292,,,,,
shuffle_r7_ORIGINAL_p+0_Nd4001_dt1,main,shuffle,7,ORIGINAL,0,dsh_tau4.000us,0.1095362116434347,0.07031849901187807,0.001322987645785996,1.3788631207941047,0.00010085672766692766,-2.6813817318522475e-05,5.9337513431163725e-05,1.7346853235242787,0.03018867924528302,0.2763688966062899,0.0004614634917115225,,,,,
shuffle_r7_ORIGINAL_p+3_Nd4001_dt1,main,shuffle,7,ORIGINAL,3,dsh_tau2.535us,0.3449907175593447,0.3017118578785746,0.0009657015963947711,1.4798791877820308,0.0001145165970278132,-3.231051417966987e-05,0.00010708791056927497,1.2447181124012243,0.045283018867924525,0.5416078010287032,0.003488143426726867,,,,,
shuffle_r7_ORIGINAL_p+3_Nd4001_dt1,main,shuffle,7,ORIGINAL,3,dsh_tau1.940us,0.38830027926446864,0.3447439450642038,0.000933240469573595,1.4937427184339196,0.00011244255895354773,-3.224932103225835e-05,0.00010700683329013352,1.1829740441955068,0.052830188679245285,0.5745978693227701,0.0038978849286645818,,,,,
shuffle_r7_ORIGINAL_p+3_Nd4001_dt1,main,shuffle,7,ORIGINAL,3,dsh_tau4.000us,0.27065550789533577,0.22800270193899136,0.0010277137522752586,1.458441248483908,0.00011844437215625169,-3.228210985032392e-05,0.0001069620602315955,1.4210592412718226,0.04150943396226415,0.47788121766869596,0.002740228848593966,,,,,
shuffle_r7_ORIGINAL_p+6_Nd4001_dt1,main,shuffle,7,ORIGINAL,6,dsh_tau2.535us,0.7289259628647885,0.6731467756161587,0.0006810730410852905,1.6862588838073946,0.0001294081746727811,-7.056599208126343e-05,0.0002870025878530636,0.8238566748740389,0.07169811320754717,0.774967316472386,0.015106397238393954,,,,,
shuffle_r7_ORIGINAL_p+6_Nd4001_dt1,main,shuffle,7,ORIGINAL,6,dsh_tau1.940us,0.7968735024483492,0.7401679530400046,0.0006590123902649901,1.7073805003421467,0.0001276569309129428,-7.060089100126379e-05,0.00028713313336128644,0.7756465204128651,0.07924528301886792,0.8126005511071208,0.016014220926158815,,,,,
shuffle_r7_ORIGINAL_p+6_Nd4001_dt1,main,shuffle,7,ORIGINAL,6,dsh_tau4.000us,0.602588625747104,0.5495993617555941,0.0007224781696115545,1.6423960824575248,0.00013215072425199034,-7.050359082019156e-05,0.0002868298204601927,0.9102155071958424,0.07547169811320754,0.709507465171063,0.012497098457394912,,,,,
shuffle_r7_BLOCK_SHUFFLED_CYCLES_p-6_Nd4001_dt1,main,shuffle,7,BLOCK_SHUFFLED_CYCLES,-6,dsh_tau2.535us,0.04228888308825568,0.006632922376497983,0.0016296237496781485,1.2910203022649318,6.077177566594734e-05,-2.8109530745231162e-05,2.048988308831377e-05,1.8483275838519484,0.04905660377358491,0.13919593810466427,3.097924026938754e-05,,,,,
shuffle_r7_BLOCK_SHUFFLED_CYCLES_p-6_Nd4001_dt1,main,shuffle,7,BLOCK_SHUFFLED_CYCLES,-6,dsh_tau1.940us,0.04366106842939618,0.008425718049388312,0.001615765586827234,1.2954995129887965,6.029439776740873e-05,-2.809949475695436e-05,2.048517334232652e-05,1.8438395158691714,0.04905660377358491,0.14334692876884852,3.388696750508456e-05,,,,,
shuffle_r7_BLOCK_SHUFFLED_CYCLES_p-6_Nd4001_dt1,main,shuffle,7,BLOCK_SHUFFLED_CYCLES,-6,dsh_tau4.000us,0.04057611702238973,0.004234573613460421,0.0016508642250369755,1.2837067574714713,6.151398700448996e-05,-2.8119612445783568e-05,2.0500308014913326e-05,1.8532940782375515,0.04905660377358491,0.13217728650413116,2.7292188498879156e-05,,,,,
shuffle_r7_BLOCK_SHUFFLED_CYCLES_p+0_Nd4001_dt1,main,shuffle,7,BLOCK_SHUFFLED_CYCLES,0,dsh_tau2.535us,0.12021398057179762,0.0880239233453865,0.0013002770065652257,1.3766349129777062,0.00010029931805743103,-2.6606168849134004e-05,5.5917362374277246e-05,1.6822440082995158,0.026415094339622643,0.28951062089139284,0.0006467572041759493,,,,,
shuffle_r7_BLOCK_SHUFFLED_CYCLES_p+0_Nd4001_dt1,main,shuffle,7,BLOCK_SHUFFLED_CYCLES,0,dsh_tau1.940us,0.14270562888836905,0.11098204675055685,0.001260966648648018,1.3829893803886224,9.82366577306588e-05,-2.6556472255628163e-05,5.597292622678445e-05,1.642067316797856,0.026415094339622643,0.31854174328919416,0.0008065386448566783,,,,,
shuffle_r7_BLOCK_SHUFFLED_CYCLES_p+0_Nd4001_dt1,main,shuffle,7,BLOCK_SHUFFLED_CYCLES,0,dsh_tau4.000us,0.08796063113460678,0.05493972165185234,0.0013667261367288454,1.3667537917930306,0.0001039028222378213,-2.6687598619301156e-05,5.584680797643942e-05,1.7509371526737394,0.022641509433962263,0.23671046988437508,0.0004209883999933069,,,,,
shuffle_r7_BLOCK_SHUFFLED_CYCLES_p+3_Nd4001_dt1,main,shuffle,7,BLOCK_SHUFFLED_CYCLES,3,dsh_tau2.535us,0.287885075510775,0.2558189068726181,0.001017198428920351,1.4609241000139732,0.00011884210627968638,-3.169314570511164e-05,0.00010603023173939414,1.3878535823740223,0.022641509433962263,0.46676962387869736,0.003409220045512526,,,,,
shuffle_r7_BLOCK_SHUFFLED_CYCLES_p+3_Nd4001_dt1,main,shuffle,7,BLOCK_SHUFFLED_CYCLES,3,dsh_tau1.940us,0.3351153880911104,0.3027812179037134,0.0009783090424705268,1.4753405423967039,0.00011637200159493088,-3.1702348368071046e-05,0.00010597401609448509,1.3190721378594428,0.022641509433962263,0.5121839214842461,0.003989978168530341,,,,,
shuffle_r7_BLOCK_SHUFFLED_CYCLES_p+3_Nd4001_dt1,main,shuffle,7,BLOCK_SHUFFLED_CYCLES,3,dsh_tau4.000us,0.21526646323817047,0.18318667234599367,0.001086640853907031,1.440409029245674,0.00012333494325015255,-3.18513423920087e-05,0.00010659222245749882,1.5286750551322994,0.01509433962264151,0.3913145100420849,0.0024704841157535823,,,,,
shuffle_r7_BLOCK_SHUFFLED_CYCLES_p+6_Nd4001_dt1,main,shuffle,7,BLOCK_SHUFFLED_CYCLES,6,dsh_tau2.535us,0.6090972863731505,0.5731607513947578,0.0007246537771652126,1.647021720083126,0.00013368838735236264,-7.033161613659274e-05,0.0002794430372765821,1.0091887526106693,0.04905660377358491,0.6843022832043602,0.013674581018237403,,,,,
shuffle_r7_BLOCK_SHUFFLED_CYCLES_p+6_Nd4001_dt1,main,shuffle,7,BLOCK_SHUFFLED_CYCLES,6,dsh_tau1.940us,0.6877478425262218,0.6498585482645028,0.0006966756464272141,1.6703949918592675,0.00013161700176367408,-7.015807905468165e-05,0.0002788957098642657,0.9818613401189948,0.06037735849056604,0.7405471098757554,0.01570338235650398,,,,,
shuffle_r7_BLOCK_SHUFFLED_CYCLES_p+6_Nd4001_dt1,main,shuffle,7,BLOCK_SHUFFLED_CYCLES,6,dsh_tau4.000us,0.47668891713087086,0.44279585879599814,0.0007750029944491152,1.6024750000708023,0.00013699324692479658,-7.054446598793806e-05,0.0002799029926626039,1.0902453308093902,0.052830188679245285,0.5849267536604505,0.01060199322486686,,,,,
shuffle_r7_BLOCK_SHUFFLED_FIXED_p-6_Nd4001_dt1,main,shuffle,7,BLOCK_SHUFFLED_FIXED,-6,dsh_tau2.535us,0.08297508404234447,0.009406374944312004,0.001694946839430327,1.289757844520052,6.378858821002255e-05,-2.846726226379293e-05,3.5354233379775995e-05,1.7139703994976923,0.06792452830188679,0.21101634353940982,6.918252536043662e-05,,,,,
shuffle_r7_BLOCK_SHUFFLED_FIXED_p-6_Nd4001_dt1,main,shuffle,7,BLOCK_SHUFFLED_FIXED,-6,dsh_tau1.940us,0.08308003160148027,0.009975012996932747,0.0016879179239777569,1.2920449855230367,6.352740779298348e-05,-2.8485469874604512e-05,3.5233760825345684e-05,1.715395003031614,0.06792452830188679,0.21261370373503927,6.859941653066536e-05,,,,,
shuffle_r7_BLOCK_SHUFFLED_FIXED_p-6_Nd4001_dt1,main,shuffle,7,BLOCK_SHUFFLED_FIXED,-6,dsh_tau4.000us,0.0830464699676848,0.008818366179128258,0.001703785960783559,1.2867898747033424,6.412303872192471e-05,-2.8434194989593322e-05,3.5520563842624987e-05,1.7122111569653906,0.06792452830188679,0.20958374016250952,6.997405350673385e-05,,,,,
shuffle_r7_BLOCK_SHUFFLED_FIXED_p+0_Nd4001_dt1,main,shuffle,7,BLOCK_SHUFFLED_FIXED,0,dsh_tau2.535us,0.09771298044778574,0.02627836172230508,0.0014875611328987114,1.3641116441736074,0.00011246052833192543,-2.797784893191221e-05,7.200864793374849e-05,1.7466449643049133,0.06415094339622641,0.24733999395606918,0.00027197486227305485,,,,,
shuffle_r7_BLOCK_SHUFFLED_FIXED_p+0_Nd4001_dt1,main,shuffle,7,BLOCK_SHUFFLED_FIXED,0,dsh_tau1.940us,0.10473322838855947,0.033374462846410824,0.00146349414198079,1.3671188328351176,0.00011099560915048857,-2.7984788361709663e-05,7.143684163410019e-05,1.7474420053386277,0.06792452830188679,0.26754056186983644,0.00028465087492760135,,,,,
shuffle_r7_BLOCK_SHUFFLED_FIXED_p+0_Nd4001_dt1,main,shuffle,7,BLOCK_SHUFFLED_FIXED,0,dsh_tau4.000us,0.09088785249186858,0.018786132849530814,0.0015185446352225594,1.3595140404590844,0.00011444448435145919,-2.7926643161103446e-05,7.276837028640922e-05,1.7439791342027757,0.06792452830188679,0.2260354842114314,0.00026276925843670703,,,,,
shuffle_r7_BLOCK_SHUFFLED_FIXED_p+3_Nd4001_dt1,main,shuffle,7,BLOCK_SHUFFLED_FIXED,3,dsh_tau2.535us,0.15409595511441124,0.07882904801489081,0.0012439457827188643,1.4290282732663941,0.00013621349878476858,-3.336238506658719e-05,0.00011297540927673029,1.6997725233413652,0.06415094339622641,0.3583995543336344,0.0009602814956958032,,,,,
shuffle_r7_BLOCK_SHUFFLED_FIXED_p+3_Nd4001_dt1,main,shuffle,7,BLOCK_SHUFFLED_FIXED,3,dsh_tau1.940us,0.1776084813541472,0.10049413226168971,0.00121007824554325,1.4318077649166863,0.0001338531031155743,-3.3469336977203995e-05,0.00011236122005632676,1.6792105381089415,0.06415094339622641,0.39589344753549616,0.00113110677403392,,,,,
shuffle_r7_BLOCK_SHUFFLED_FIXED_p+3_Nd4001_dt1,main,shuffle,7,BLOCK_SHUFFLED_FIXED,3,dsh_tau4.000us,0.12605972439195795,0.0525219437448489,0.0012922947424011825,1.4259914689332105,0.0001397735699675979,-3.3348619833693676e-05,0.00011411683982026372,1.720002638359952,0.06792452830188679,0.3016883111154114,0.0007760794795764261,,,,,
shuffle_r7_BLOCK_SHUFFLED_FIXED_p+6_Nd4001_dt1,main,shuffle,7,BLOCK_SHUFFLED_FIXED,6,dsh_tau2.535us,0.3314053221763724,0.24400829829524925,0.0008898332879415255,1.539988844579775,0.00014784023888684674,-7.220567109365002e-05,0.00021222992837787228,1.4183930426796922,0.07924528301886792,0.5331909928713247,0.005033542007383059,,,,,
shuffle_r7_BLOCK_SHUFFLED_FIXED_p+6_Nd4001_dt1,main,shuffle,7,BLOCK_SHUFFLED_FIXED,6,dsh_tau1.940us,0.3823248503349158,0.2917394551672341,0.0008626979187078718,1.5501573450374286,0.00014605450363125124,-7.242701782299246e-05,0.00021237615398128512,1.1592740129533772,0.0830188679245283,0.5729594160821064,0.00582139601425787,,,,,
shuffle_r7_BLOCK_SHUFFLED_FIXED_p+6_Nd4001_dt1,main,shuffle,7,BLOCK_SHUFFLED_FIXED,6,dsh_tau4.000us,0.26091096891782384,0.1783706053304004,0.0009317850565536542,1.5289720025851583,0.00015064845288139493,-7.173292908941236e-05,0.00021166435192566848,1.538765823659731,0.06415094339622641,0.46930849018042076,0.0039848820192455395,,,,,
shuffle_r7_SHUFFLED_p-6_Nd4001_dt1,main,shuffle,7,SHUFFLED,-6,dsh_tau2.535us,0.047822459241964786,0.011787323888179971,0.0016841148846205877,1.2579588018982057,4.6545641145493436e-05,-2.7834451473784276e-05,1.9045682047359828e-05,1.99999999999997,0.0,0.1759353255489515,1.9708948239398665e-05,,,,,
shuffle_r7_SHUFFLED_p-6_Nd4001_dt1,main,shuffle,7,SHUFFLED,-6,dsh_tau1.940us,0.047810248784562234,0.011784800221284936,0.0016841002419515673,1.257962006332662,4.6544960171423314e-05,-2.7834259682137486e-05,1.9042017970799885e-05,1.999999999999971,0.0,0.17590085134851552,1.969998309331094e-05,,,,,
shuffle_r7_SHUFFLED_p-6_Nd4001_dt1,main,shuffle,7,SHUFFLED,-6,dsh_tau4.000us,0.04783707425525545,0.01179044655353284,0.001684133109343243,1.2579550850815364,4.654647196261775e-05,-2.783473210139487e-05,1.904987627578257e-05,1.9999999999999691,0.0,0.17597626775958713,1.9721527288243487e-05,,,,,
shuffle_r7_SHUFFLED_p+0_Nd4001_dt1,main,shuffle,7,SHUFFLED,0,dsh_tau2.535us,0.048031008043898454,0.012018411803823055,0.0015449893002412072,1.3224453640824065,8.52071960973571e-05,-2.6089679477281522e-05,3.494370747980915e-05,2.0,0.0,0.147639122823863,5.898697396348439e-05,,,,,
shuffle_r7_SHUFFLED_p+0_Nd4001_dt1,main,shuffle,7,SHUFFLED,0,dsh_tau1.940us,0.04798993788999515,0.012014155599233843,0.0015449332651318373,1.3224558870608887,8.520239903135207e-05,-2.6088127896381777e-05,3.491907966710469e-05,2.0,0.0,0.1474865662545874,5.884133948650077e-05,,,,,
shuffle_r7_SHUFFLED_p+0_Nd4001_dt1,main,shuffle,7,SHUFFLED,0,dsh_tau4.000us,0.048080304015969674,0.01202412632165146,0.0015450581609314893,1.3224334119397632,8.521301881907176e-05,-2.6091810393939957e-05,3.497188117526309e-05,2.0,0.0,0.14782112217763674,5.919234267966029e-05,,,,,
shuffle_r7_SHUFFLED_p+3_Nd4001_dt1,main,shuffle,7,SHUFFLED,3,dsh_tau2.535us,0.04881124133242072,0.012756955609510255,0.0013741582387927593,1.3940503032056575,0.00010709071048945838,-3.122711099034216e-05,4.433970197180732e-05,2.0,0.0,0.1449504054628337,0.00011793549294208151,,,,,
shuffle_r7_SHUFFLED_p+3_Nd4001_dt1,main,shuffle,7,SHUFFLED,3,dsh_tau1.940us,0.04875032718884415,0.012761974321903189,0.0013740524545860595,1.3940581593336612,0.00010707925957918013,-3.122282656420104e-05,4.428983887306274e-05,2.0,0.0,0.14469932194477755,0.00011748492998547164,,,,,
shuffle_r7_SHUFFLED_p+3_Nd4001_dt1,main,shuffle,7,SHUFFLED,3,dsh_tau4.000us,0.04888502939239869,0.01275309613811727,0.0013742879343395817,1.3940411944997455,0.0001071046467053877,-3.123325064640861e-05,4.4395724637982476e-05,2.0,0.0,0.14526308903101123,0.00011863150299317368,,,,,
shuffle_r7_SHUFFLED_p+6_Nd4001_dt1,main,shuffle,7,SHUFFLED,6,dsh_tau2.535us,0.05137058887586009,0.015315144830236462,0.0010443482938584214,1.4982706382806568,0.00011510546970740611,-7.050328463739169e-05,4.855989447887668e-05,2.0,0.0,0.1514660893576748,0.00026214547017841745,,,,,
shuffle_r7_SHUFFLED_p+6_Nd4001_dt1,main,shuffle,7,SHUFFLED,6,dsh_tau1.940us,0.0513425636762941,0.015410424308053927,0.0010441500660308396,1.4982388427280675,0.00011508182835233073,-7.049032392429744e-05,4.8484039547232424e-05,2.0,0.0,0.1512011314578434,0.00026177348983180747,,,,,
shuffle_r7_SHUFFLED_p+6_Nd4001_dt1,main,shuffle,7,SHUFFLED,6,dsh_tau4.000us,0.05140944906180259,0.01520900641166764,0.001044589663418575,1.4983029514698618,0.00011513439164675052,-7.051991235752695e-05,4.864372904805522e-05,2.0,0.0,0.15184599759981315,0.0002633457078693551,,,,,
