job_id,tag,design,realization,variant,Pavg_over_P1dB_dB,Nd,dt_ns,tau_atom_s,E1dB_Vpm,runtime_atomic_s,meta_n_cycles,meta_block_len_samples,model,D_gain,D_BLA,gain_abs,gain_phase,out_bb_rms,dc_shift_mean,dc_shift_std,AIR,SER,EVM,cal_var,NMSE_full_vs_static,NMSE_full_vs_static_lti,NMSE_full_vs_static_mh,NMSE_full_vs_static_lti_mh,AIR_linear_ref,loss_vs_linear
shuffle_r0_ORIGINAL_p+3_Nd4001_dt1,main,shuffle,0,ORIGINAL,3,4001,1.0,2.5350000000000003e-06,0.07321886766113006,29.02804559099968,319,634,atomic,1.245335973873278,0.8777866259325768,0.0005387804170136687,1.7304274417381704,8.328566127509154e-05,1.8813817662756608e-06,0.00028551397727455955,0.7600347020313071,0.10943396226415095,0.9234727742755794,0.009851139227188475,0.35734363495918964,0.35197242578409726,0.43259590964582084,0.356691639733066,1.9099209281928278,1.1498862261615206
shuffle_r0_ORIGINAL_p+3_Nd4001_dt1,main,shuffle,0,ORIGINAL,3,4001,1.0,2.5350000000000003e-06,0.07321886766113006,29.02804559099968,319,634,static,1.0590179095040244,1.012714260940609,0.0006337769198016893,1.6250276312315197,9.381113893267144e-05,3.5726745361888615e-09,2.2436504890403366e-06,0.6915501917034658,0.033962264150943396,0.9268598644551941,0.01078921642685649,,,,,1.9099209281928278,1.2183707364893621
shuffle_r0_ORIGINAL_p+3_Nd4001_dt1,main,shuffle,0,ORIGINAL,3,4001,1.0,2.5350000000000003e-06,0.07321886766113006,29.02804559099968,319,634,static_lti,1.1739044283038542,1.04320535120023,0.0006323439600703683,1.6476732045509057,9.617393518201131e-05,-1.3294427149758784e-07,1.3833459914862665e-05,0.6581957022922779,0.04905660377358491,0.9638092894292597,0.011295400216916182,,,,,1.9099209281928278,1.2517252259005498
shuffle_r0_ORIGINAL_p+3_Nd4001_dt1,main,shuffle,0,ORIGINAL,3,4001,1.0,2.5350000000000003e-06,0.07321886766113006,29.02804559099968,319,634,static_mh,1.3533539940998458,1.268533013742231,0.0006312156005119626,1.619348342588159,9.988722065398217e-05,-6.801424734350015e-05,0.0004135078595233491,0.315467973517463,0.045283018867924525,1.041804602991839,0.009209519801909078,,,,,1.9099209281928278,1.5944529546753647
shuffle_r0_ORIGINAL_p+3_Nd4001_dt1,main,shuffle,0,ORIGINAL,3,4001,1.0,2.5350000000000003e-06,0.07321886766113006,29.02804559099968,319,634,static_lti_mh,1.193208270045644,1.0591215060608226,0.0006323183403380931,1.6467919133374767,9.659544444159246e-05,-6.81899746682219e-05,0.00023919871363239456,0.6873326245568186,0.05660377358490566,0.9395961656001601,0.010445704997494221,,,,,1.9099209281928278,1.2225883036360092
shuffle_r0_ORIGINAL_p+3_Nd4001_dt1,main,shuffle,0,ORIGINAL,3,4001,1.0,2.5350000000000003e-06,0.07321886766113006,29.02804559099968,319,634,linear,0.042078648611449894,5.426992933240793e-05,0.0017461199460256619,1.2405964261441516,0.0001839621730833392,-4.375046121556858e-07,2.5589126914349745e-05,1.9099209281928278,0.01509433962264151,0.10126253129709506,9.053461891036528e-05,,,,,1.9099209281928278,0.0
shuffle_r0_BLOCK_SHUFFLED_CYCLES_p+3_Nd4001_dt1,main,shuffle,0,BLOCK_SHUFFLED_CYCLES,3,4001,1.0,2.5350000000000003e-06,0.07321886766113006,26.129305066000597,319,634,atomic,1.0297231823163353,0.7365288274297761,0.0005682137774815803,1.7409433809440409,8.353679916054729e-05,-5.987260083173321e-06,0.0003014943999303301,0.6063893680501871,0.16226415094339622,0.9377906585751986,0.010569950030066435,0.3929162352478449,0.38519084410269744,0.4533141015713058,0.3920748449972577,1.9275172657711468,1.3211278977209597
shuffle_r0_BLOCK_SHUFFLED_CYCLES_p+3_Nd4001_dt1,main,shuffle,0,BLOCK_SHUFFLED_CYCLES,3,4001,1.0,2.5350000000000003e-06,0.07321886766113006,26.129305066000597,319,634,static,1.0623027950794646,1.0219957874096175,0.0006333911010648476,1.6242231391265356,9.387794906927729e-05,-6.178167651011172e-08,2.5263973619810947e-06,0.8720200984105776,0.026415094339622643,0.8503973330737302,0.009028355980531989,,,,,1.9275172657711468,1.0554971673605693
shuffle_r0_BLOCK_SHUFFLED_CYCLES_p+3_Nd4001_dt1,main,shuffle,0,BLOCK_SHUFFLED_CYCLES,3,4001,1.0,2.5350000000000003e-06,0.07321886766113006,26.129305066000597,319,634,static_lti,1.1777904073858305,1.0805668808808155,0.0006330024010106004,1.6490889439158771,9.640957598260222e-05,-7.084401451053601e-08,1.4634161668305227e-05,0.7445530633338026,0.045283018867924525,0.8786727413551582,0.009427260404082767,,,,,1.9275172657711468,1.1829642024373443
shuffle_r0_BLOCK_SHUFFLED_CYCLES_p+3_Nd4001_dt1,main,shuffle,0,BLOCK_SHUFFLED_CYCLES,3,4001,1.0,2.5350000000000003e-06,0.07321886766113006,26.129305066000597,319,634,static_mh,1.3069037118667184,1.2470303116378005,0.0006374395916056624,1.6308993559850404,9.991605357014868e-05,-6.806002670267515e-05,0.0004129488962342814,0.17630583007282324,0.045283018867924525,1.017910640521615,0.012230936546989202,,,,,1.9275172657711468,1.7512114356983235
shuffle_r0_BLOCK_SHUFFLED_CYCLES_p+3_Nd4001_dt1,main,shuffle,0,BLOCK_SHUFFLED_CYCLES,3,4001,1.0,2.5350000000000003e-06,0.07321886766113006,26.129305066000597,319,634,static_lti_mh,1.1974593613249405,1.0986905162359784,0.0006331917682566937,1.6484644229814485,9.687092435925006e-05,-6.813417054672901e-05,0.00021754377819906479,0.5223730033679255,0.045283018867924525,0.9151834194326764,0.009770817851802178,,,,,1.9275172657711468,1.4051442624032213
shuffle_r0_BLOCK_SHUFFLED_CYCLES_p+3_Nd4001_dt1,main,shuffle,0,BLOCK_SHUFFLED_CYCLES,3,4001,1.0,2.5350000000000003e-06,0.07321886766113006,26.129305066000597,319,634,linear,0.043662104395910326,7.226392908561574e-05,0.0017642030717608319,1.2412894147855031,0.00018613219901032654,-1.022990749889443e-06,2.439099437657518e-05,1.9275172657711468,0.011320754716981131,0.0839131172893908,0.00010947334954464789,,,,,1.9275172657711468,0.0
shuffle_r0_BLOCK_SHUFFLED_FIXED_p+3_Nd4001_dt1,main,shuffle,0,BLOCK_SHUFFLED_FIXED,3,4001,1.0,2.5350000000000003e-06,0.07321886766113006,28.167005150000477,319,634,atomic,0.8986881226877472,0.5763762801768216,0.000675347251959516,1.715310582101314,9.465599448055652e-05,1.086258770492851e-05,0.0003462299200711203,0.601698068026372,0.3018867924528302,1.039778148186139,0.011182457367180387,0.5342503787122765,0.53672835200908,0.6792517851913361,0.5396763336606698,1.636134183558495,1.034436115532123
shuffle_r0_BLOCK_SHUFFLED_FIXED_p+3_Nd4001_dt1,main,shuffle,0,BLOCK_SHUFFLED_FIXED,3,4001,1.0,2.5350000000000003e-06,0.07321886766113006,28.167005150000477,319,634,static,1.0128626452038405,0.8505401542047141,0.0006473941119482922,1.612690447558955,9.342096270449351e-05,7.091784903251813e-08,6.347191536772758e-06,0.7088138761789414,0.033962264150943396,1.786617555294351,0.028417411683585005,,,,,1.636134183558495,0.9273203073795536
shuffle_r0_BLOCK_SHUFFLED_FIXED_p+3_Nd4001_dt1,main,shuffle,0,BLOCK_SHUFFLED_FIXED,3,4001,1.0,2.5350000000000003e-06,0.07321886766113006,28.167005150000477,319,634,static_lti,1.209081160710419,0.9593218175967464,0.0006449184947570303,1.651960889741102,9.749379489001614e-05,-2.440265680308596e-06,3.799196493865012e-05,0.6366645831795473,0.12452830188679245,1.9282516896405661,0.03236792071372132,,,,,1.636134183558495,0.9994696003789477
shuffle_r0_BLOCK_SHUFFLED_FIXED_p+3_Nd4001_dt1,main,shuffle,0,BLOCK_SHUFFLED_FIXED,3,4001,1.0,2.5350000000000003e-06,0.07321886766113006,28.167005150000477,319,634,static_mh,2.394960866503744,2.052104360141875,0.0006860959095795434,1.5223644477450178,0.00012856457334195322,-6.811377518411026e-05,0.00036666708629644204,0.20707683305219593,0.1471698113207547,5.72983129290999,0.3942089675116699,,,,,1.636134183558495,1.4290573505062991
shuffle_r0_BLOCK_SHUFFLED_FIXED_p+3_Nd4001_dt1,main,shuffle,0,BLOCK_SHUFFLED_FIXED,3,4001,1.0,2.5350000000000003e-06,0.07321886766113006,28.167005150000477,319,634,static_lti_mh,1.3132066518579026,1.0452050673520763,0.0006380639368642551,1.6459789772239515,9.870407978602326e-05,-6.978674880594898e-05,0.00015664602490454333,0.6201777823780218,0.21132075471698114,1.9722435381773267,0.0353396338618017,,,,,1.636134183558495,1.0159564011804734
shuffle_r0_BLOCK_SHUFFLED_FIXED_p+3_Nd4001_dt1,main,shuffle,0,BLOCK_SHUFFLED_FIXED,3,4001,1.0,2.5350000000000003e-06,0.07321886766113006,28.167005150000477,319,634,linear,0.09832005273367296,0.008734981812829922,0.0018012356484018294,1.2606178859276482,0.0001920029306233626,3.377722372767683e-07,0.00010524873984539833,1.636134183558495,0.06415094339622641,0.2618697749423967,0.0006682295042186143,,,,,1.636134183558495,0.0
shuffle_r0_SHUFFLED_p+3_Nd4001_dt1,main,shuffle,0,SHUFFLED,3,4001,1.0,2.5350000000000003e-06,0.07321886766113006,27.56793344000107,319,634,atomic,0.14723629397307125,0.08872851221266041,0.0012560643571645459,1.350749916866562,9.438394513164609e-05,-0.00014053762992376057,0.00011299482070055305,1.9988232685872867,0.0,0.2921727088919812,0.0004189991366257599,0.14284265738393034,0.10530866350115871,0.26105101058290286,0.1057369369079738,1.9999999999999902,0.00117673141270358
shuffle_r0_SHUFFLED_p+3_Nd4001_dt1,main,shuffle,0,SHUFFLED,3,4001,1.0,2.5350000000000003e-06,0.07321886766113006,27.56793344000107,319,634,static,0.00946255464519968,0.008828945922704374,0.0011368823449172472,1.384070772857226,8.01387317173742e-05,6.088967202478763e-09,3.528878775679954e-06,2.0,0.0,0.11417295738251793,6.561776341987118e-05,,,,,1.9999999999999902,-9.769962616701378e-15
shuffle_r0_SHUFFLED_p+3_Nd4001_dt1,main,shuffle,0,SHUFFLED,3,4001,1.0,2.5350000000000003e-06,0.07321886766113006,27.56793344000107,319,634,static_lti,0.04993834143660192,0.018277327225352257,0.0011288383679099038,1.402467163911073,8.114930647016724e-05,-3.494901294403905e-07,2.2560060117722162e-05,2.0,0.0,0.136733840145814,0.00010682787020755395,,,,,1.9999999999999902,-9.769962616701378e-15
shuffle_r0_SHUFFLED_p+3_Nd4001_dt1,main,shuffle,0,SHUFFLED,3,4001,1.0,2.5350000000000003e-06,0.07321886766113006,27.56793344000107,319,634,static_mh,0.17666357562313723,0.17544382782397544,0.0011444375811432675,1.3830634738767233,8.709566423390565e-05,-6.810936188367371e-05,1.9750480707010997e-05,1.8869366534678045,0.03018867924528302,0.3908478149874361,0.000837485953860411,,,,,1.9999999999999902,0.11306334653218575
shuffle_r0_SHUFFLED_p+3_Nd4001_dt1,main,shuffle,0,SHUFFLED,3,4001,1.0,2.5350000000000003e-06,0.07321886766113006,27.56793344000107,319,634,static_lti_mh,0.05309824616985387,0.021405980483464367,0.0011291189604072612,1.4014241127131946,8.129175046408336e-05,-6.846651336158068e-05,2.3329132087157696e-05,2.0,0.0,0.14110064701700634,0.00012004963011539926,,,,,1.9999999999999902,-9.769962616701378e-15
shuffle_r0_SHUFFLED_p+3_Nd4001_dt1,main,shuffle,0,SHUFFLED,3,4001,1.0,2.5350000000000003e-06,0.07321886766113006,27.56793344000107,319,634,linear,0.056690109547336366,0.01607193424903595,0.001740353063424614,1.2388398492228654,0.00012551059486874339,3.4504346290225596e-06,5.958805922541644e-05,1.9999999999999902,0.0,0.159677274227877,0.00012089624332354975,,,,,1.9999999999999902,0.0
shuffle_r0_ORIGINAL_p+0_Nd4001_dt1,main,shuffle,0,ORIGINAL,0,4001,1.0,2.5350000000000003e-06,0.07321886766113006,30.25722048100033,319,634,atomic,0.8458835923347103,0.6540504186635832,0.0007443403104821735,1.5910920637400991,7.386708268493845e-05,-1.5150093372999032e-05,0.00018926197740941583,0.6633532723698063,0.06792452830188679,0.8650953208009516,0.0035004128797279884,0.26046323950051614,0.24105822494787857,0.30488155548913337,0.24239880493273872,1.8933558949455482,1.2300026225757419
shuffle_r0_ORIGINAL_p+0_Nd4001_dt1,main,shuffle,0,ORIGINAL,0,4001,1.0,2.5350000000000003e-06,0.07321886766113006,30.25722048100033,319,634,static,0.6558359631748955,0.633634569723715,0.0008316254126318175,1.51503950276281,7.814703208809491e-05,-1.1123426476540534e-08,1.8316926195771039e-06,0.6629270465789517,0.022641509433962263,0.7475199204842518,0.0036739282982723932,,,,,1.8933558949455482,1.2304288483665964
shuffle_r0_ORIGINAL_p+0_Nd4001_dt1,main,shuffle,0,ORIGINAL,0,4001,1.0,2.5350000000000003e-06,0.07321886766113006,30.25722048100033,319,634,static_lti,0.730660922048383,0.6454212073236711,0.0008304451231252015,1.534279162250165,7.977934565930279e-05,-2.541429238069157e-07,1.02898464816353e-05,0.6628169389298486,0.03773584905660377,0.7581973501197403,0.003841140166916779,,,,,1.8933558949455482,1.2305389560156996
shuffle_r0_ORIGINAL_p+0_Nd4001_dt1,main,shuffle,0,ORIGINAL,0,4001,1.0,2.5350000000000003e-06,0.07321886766113006,30.25722048100033,319,634,static_mh,0.752495936613619,0.7237515307145319,0.0008363746373333373,1.515388950113595,8.085425920592206e-05,-4.2038889761007724e-05,0.00019431149542522107,0.5089626398297693,0.033962264150943396,0.7822645533625779,0.003663254551488709,,,,,1.8933558949455482,1.384393255115779
shuffle_r0_ORIGINAL_p+0_Nd4001_dt1,main,shuffle,0,ORIGINAL,0,4001,1.0,2.5350000000000003e-06,0.07321886766113006,30.25722048100033,319,634,static_lti_mh,0.7399852481830064,0.6518173195497287,0.0008298860045736141,1.534446723963399,7.993981471785425e-05,-4.23382623349352e-05,9.211048918391848e-05,0.6445529620427941,0.03773584905660377,0.7517520739700014,0.0036736534627433183,,,,,1.8933558949455482,1.2488029329027541
shuffle_r0_ORIGINAL_p+0_Nd4001_dt1,main,shuffle,0,ORIGINAL,0,4001,1.0,2.5350000000000003e-06,0.07321886766113006,30.25722048100033,319,634,linear,0.04207864861145143,5.4269929332448065e-05,0.001746119946025662,1.2405964261441447,0.00013023524492049526,-3.097295458242524e-07,1.8115714525082824e-05,1.8933558949455482,0.01509433962264151,0.10456963709768032,5.011188992181882e-05,,,,,1.8933558949455482,0.0
shuffle_r0_BLOCK_SHUFFLED_CYCLES_p+0_Nd4001_dt1,main,shuffle,0,BLOCK_SHUFFLED_CYCLES,0,4001,1.0,2.5350000000000003e-06,0.07321886766113006,28.786377737000294,319,634,atomic,0.7694153802795426,0.5905446229531736,0.0007796490035173899,1.5985911911018014,7.580690334410195e-05,-2.6249983070883543e-05,0.00021155876541716987,0.8735721142972084,0.05660377358490566,0.647749301079325,0.0053338246314721515,0.2849791349304598,0.2668749531516117,0.3244871085600312,0.2731009560967027,1.9141964140796914,1.040624299782483
shuffle_r0_BLOCK_SHUFFLED_CYCLES_p+0_Nd4001_dt1,main,shuffle,0,BLOCK_SHUFFLED_CYCLES,0,4001,1.0,2.5350000000000003e-06,0.07321886766113006,28.786377737000294,319,634,static,0.6598313353575516,0.6379923757484959,0.0008306890376678194,1.5148914665914393,7.820813078421436e-05,-3.9164062449870844e-08,1.990226748431846e-06,1.1095042843645133,0.01509433962264151,0.7047539436029038,0.0032158826842725694,,,,,1.9141964140796914,0.8046921297151781
shuffle_r0_BLOCK_SHUFFLED_CYCLES_p+0_Nd4001_dt1,main,shuffle,0,BLOCK_SHUFFLED_CYCLES,0,4001,1.0,2.5350000000000003e-06,0.07321886766113006,28.786377737000294,319,634,static_lti,0.7499772065290446,0.6818668869522867,0.0008293262508694561,1.5413301505756334,8.016984065192149e-05,-8.090957934805347e-08,1.1251346016338852e-05,1.078182898033945,0.033962264150943396,0.6951220196478601,0.0033073980087633048,,,,,1.9141964140796914,0.8360135160457465
shuffle_r0_BLOCK_SHUFFLED_CYCLES_p+0_Nd4001_dt1,main,shuffle,0,BLOCK_SHUFFLED_CYCLES,0,4001,1.0,2.5350000000000003e-06,0.07321886766113006,28.786377737000294,319,634,static_mh,0.7631234862314823,0.7316633172120094,0.0008321941307897417,1.5148305749481732,8.074658546961151e-05,-4.2136813854017515e-05,0.00019422275071798276,0.7979509776801544,0.01509433962264151,0.7686102283358716,0.004253333997806016,,,,,1.9141964140796914,1.116245436399537
shuffle_r0_BLOCK_SHUFFLED_CYCLES_p+0_Nd4001_dt1,main,shuffle,0,BLOCK_SHUFFLED_CYCLES,0,4001,1.0,2.5350000000000003e-06,0.07321886766113006,28.786377737000294,319,634,static_lti_mh,0.7592414713704712,0.6921451374618167,0.0008292287326307957,1.5405903944554014,8.037143422359756e-05,-4.216826332913928e-05,8.894919861042715e-05,1.0648473461246268,0.033962264150943396,0.7226868993159046,0.0033247686519807763,,,,,1.9141964140796914,0.8493490679550646
shuffle_r0_BLOCK_SHUFFLED_CYCLES_p+0_Nd4001_dt1,main,shuffle,0,BLOCK_SHUFFLED_CYCLES,0,4001,1.0,2.5350000000000003e-06,0.07321886766113006,28.786377737000294,319,634,linear,0.04366210439591834,7.226392908603559e-05,0.0017642030717608295,1.2412894147855116,0.00013177150562751025,-7.242219888481824e-07,1.7267501645833528e-05,1.9141964140796914,0.018867924528301886,0.08738641954648078,6.021755237809862e-05,,,,,1.9141964140796914,0.0
shuffle_r0_BLOCK_SHUFFLED_FIXED_p+0_Nd4001_dt1,main,shuffle,0,BLOCK_SHUFFLED_FIXED,0,4001,1.0,2.5350000000000003e-06,0.07321886766113006,25.726519964000545,319,634,atomic,0.5985991538744281,0.41810864976359835,0.0009025940279286741,1.5898286666385795,8.216711298305099e-05,-3.6217493808102e-05,0.0002604686858479442,0.680418264155085,0.27169811320754716,1.012419829737409,0.006362182854908757,0.4014910287546355,0.3799032170401526,0.4957932832976166,0.3836258753393515,1.63550037971859,0.9550821155635051
shuffle_r0_BLOCK_SHUFFLED_FIXED_p+0_Nd4001_dt1,main,shuffle,0,BLOCK_SHUFFLED_FIXED,0,4001,1.0,2.5350000000000003e-06,0.07321886766113006,25.726519964000545,319,634,static,0.636281989223724,0.5598621675029752,0.0008438902869452662,1.5086401094016824,7.772667677491825e-05,3.86414394454445e-08,5.503568443959892e-06,0.9755990503468143,0.022641509433962263,1.3307839072704832,0.009373532701893554,,,,,1.63550037971859,0.6599013293717758
shuffle_r0_BLOCK_SHUFFLED_FIXED_p+0_Nd4001_dt1,main,shuffle,0,BLOCK_SHUFFLED_FIXED,0,4001,1.0,2.5350000000000003e-06,0.07321886766113006,25.726519964000545,319,634,static_lti,0.7965863590919479,0.6382534760092832,0.000843898112684265,1.55176380291241,8.144548974457301e-05,-1.1584667318627578e-06,3.327837399688525e-05,0.9064224063967946,0.1018867924528302,1.4036089842934425,0.009906989197641767,,,,,1.63550037971859,0.7290779733217955
shuffle_r0_BLOCK_SHUFFLED_FIXED_p+0_Nd4001_dt1,main,shuffle,0,BLOCK_SHUFFLED_FIXED,0,4001,1.0,2.5350000000000003e-06,0.07321886766113006,25.726519964000545,319,634,static_mh,1.0691875418424766,0.9439950625061391,0.0008695683051532115,1.4788123039604055,9.00651816727158e-05,-4.2410953348869414e-05,0.00017168144347990314,0.4344594222415069,0.07169811320754717,2.5213827438172327,0.05369818897583981,,,,,1.63550037971859,1.2010409574770833
shuffle_r0_BLOCK_SHUFFLED_FIXED_p+0_Nd4001_dt1,main,shuffle,0,BLOCK_SHUFFLED_FIXED,0,4001,1.0,2.5350000000000003e-06,0.07321886766113006,25.726519964000545,319,634,static_lti_mh,0.8300847990183644,0.675393519185108,0.0008387359736047188,1.5448293488321563,8.169813100055391e-05,-4.3532858838759295e-05,7.600773046570415e-05,0.8311192745801221,0.14339622641509434,1.4205049888435126,0.010475366273023898,,,,,1.63550037971859,0.8043811051384679
shuffle_r0_BLOCK_SHUFFLED_FIXED_p+0_Nd4001_dt1,main,shuffle,0,BLOCK_SHUFFLED_FIXED,0,4001,1.0,2.5350000000000003e-06,0.07321886766113006,25.726519964000545,319,634,linear,0.0983200527336687,0.008734981812832512,0.0018012356484018127,1.260617885927643,0.00013592766532420837,2.3912443146158226e-07,7.451040168529062e-05,1.63550037971859,0.06415094339622641,0.2621545148839822,0.00033822618066556054,,,,,1.63550037971859,0.0
shuffle_r0_SHUFFLED_p+0_Nd4001_dt1,main,shuffle,0,SHUFFLED,0,4001,1.0,2.5350000000000003e-06,0.07321886766113006,30.316096590000598,319,634,atomic,0.08986432006185047,0.04415493021464949,0.0015118726523217392,1.2924129476180435,7.838849628424156e-05,-9.144859076971805e-05,6.087940047226658e-05,1.9999988528087695,0.0,0.2227792480361992,0.00013146263055230207,0.09758665124896723,0.052388637845947945,0.1461089261108174,0.05301632579674317,1.9999999999994835,1.1471907139792847e-06
shuffle_r0_SHUFFLED_p+0_Nd4001_dt1,main,shuffle,0,SHUFFLED,0,4001,1.0,2.5350000000000003e-06,0.07321886766113006,30.316096590000598,319,634,static,0.008005850471582681,0.007564720397645438,0.001311648089520928,1.3329306742960805,6.540824559517504e-05,-5.764326476328949e-08,2.999923662765465e-06,2.0,0.0,0.11856850082260324,3.476799289902859e-05,,,,,1.9999999999994835,-5.164757510556228e-13
shuffle_r0_SHUFFLED_p+0_Nd4001_dt1,main,shuffle,0,SHUFFLED,0,4001,1.0,2.5350000000000003e-06,0.07321886766113006,30.316096590000598,319,634,static_lti,0.04855445019034129,0.016052420200564858,0.0013022035353926422,1.3520594353083912,6.622890859341091e-05,6.19925291729199e-07,1.9728190754487518e-05,2.0,0.0,0.14227958400041155,5.494916150450441e-05,,,,,1.9999999999994835,-5.164757510556228e-13
shuffle_r0_SHUFFLED_p+0_Nd4001_dt1,main,shuffle,0,SHUFFLED,0,4001,1.0,2.5350000000000003e-06,0.07321886766113006,30.316096590000598,319,634,static_mh,0.06803136432751493,0.06742198505375961,0.0013167169273729,1.3350050594550669,6.758468593008806e-05,-4.238771252762788e-05,9.793176208825232e-06,1.9984878515020252,0.0,0.2573807923236484,0.00019235144277253947,,,,,1.9999999999994835,0.0015121484974582877
shuffle_r0_SHUFFLED_p+0_Nd4001_dt1,main,shuffle,0,SHUFFLED,0,4001,1.0,2.5350000000000003e-06,0.07321886766113006,30.316096590000598,319,634,static_lti_mh,0.05003795994963785,0.017542841228146325,0.001302186195853321,1.3511521392767003,6.627477541642825e-05,-4.1722122950900266e-05,1.9879225758704226e-05,2.0,0.0,0.14408248992171557,5.745933658457975e-05,,,,,1.9999999999994835,-5.164757510556228e-13
shuffle_r0_SHUFFLED_p+0_Nd4001_dt1,main,shuffle,0,SHUFFLED,0,4001,1.0,2.5350000000000003e-06,0.07321886766113006,30.316096590000598,319,634,linear,0.05669010954733874,0.016071934249036166,0.0017403530634246087,1.238839849222865,8.88546965328723e-05,2.442720649908841e-06,4.218511532826675e-05,1.9999999999994835,0.0,0.164744395289059,6.63625222757156e-05,,,,,1.9999999999994835,0.0
shuffle_r0_ORIGINAL_p+6_Nd4001_dt1,main,shuffle,0,ORIGINAL,6,4001,1.0,2.5350000000000003e-06,0.07321886766113006,30.034775802001604,319,634,atomic,1.676087486283647,1.080264666693033,0.0003768180323805571,1.8936639219809857,8.983559637694605e-05,4.416027961122037e-05,0.0004900636363567237,0.5832579961162913,0.2037735849056604,1.096720437187234,0.034027967179359374,0.45333112198073894,0.45961855400674373,0.5444780731537846,0.4626710975944892,1.9210625851850518,1.3378045890687607
shuffle_r0_ORIGINAL_p+6_Nd4001_dt1,main,shuffle,0,ORIGINAL,6,4001,1.0,2.5350000000000003e-06,0.07321886766113006,30.034775802001604,319,634,static,1.589791357554936,1.50760495545993,0.00045948844458504714,1.7477492057202335,0.00010775407063734305,2.235826311964079e-08,3.025604336856766e-06,0.751011395838717,0.04905660377358491,1.0965494487584866,0.030218803520217028,,,,,1.9210625851850518,1.1700511893463348
shuffle_r0_ORIGINAL_p+6_Nd4001_dt1,main,shuffle,0,ORIGINAL,6,4001,1.0,2.5350000000000003e-06,0.07321886766113006,30.034775802001604,319,634,static_lti,1.736576553191786,1.5333877673143173,0.0004601172823628436,1.7772100385676195,0.00011091465273732094,-1.2680124514116402e-06,1.8871041073122926e-05,0.7090645743882625,0.0830188679245283,1.128155469236171,0.03159066944630892,,,,,1.9210625851850518,1.2119980107967891
shuffle_r0_ORIGINAL_p+6_Nd4001_dt1,main,shuffle,0,ORIGINAL,6,4001,1.0,2.5350000000000003e-06,0.07321886766113006,30.034775802001604,319,634,static_mh,2.3905279943290156,2.1819355239581593,0.0004488038977574037,1.7316382642801564,0.00012042242122377512,-0.00011710304636559891,0.0007788851677291779,0.4770708360196727,0.24150943396226415,1.208084929029631,0.05581657374154207,,,,,1.9210625851850518,1.443991749165379
shuffle_r0_ORIGINAL_p+6_Nd4001_dt1,main,shuffle,0,ORIGINAL,6,4001,1.0,2.5350000000000003e-06,0.07321886766113006,30.034775802001604,319,634,static_lti_mh,1.8016022074386568,1.5978262114058932,0.00045887087560385836,1.7783845747338567,0.0001119182612170227,-0.00011831025276516986,0.0005194514649160734,0.8041737126555786,0.12830188679245283,1.0692828408931179,0.030182960928396833,,,,,1.9210625851850518,1.1168888725294732
shuffle_r0_ORIGINAL_p+6_Nd4001_dt1,main,shuffle,0,ORIGINAL,6,4001,1.0,2.5350000000000003e-06,0.07321886766113006,30.034775802001604,319,634,linear,0.042078648611448326,5.426992933229942e-05,0.0017461199460256642,1.2405964261441575,0.0002598534762706067,-6.179916906156584e-07,3.614560250063493e-05,1.9210625851850518,0.01509433962264151,0.09967401690227976,0.00017115200885819425,,,,,1.9210625851850518,0.0
shuffle_r0_BLOCK_SHUFFLED_CYCLES_p+6_Nd4001_dt1,main,shuffle,0,BLOCK_SHUFFLED_CYCLES,6,4001,1.0,2.5350000000000003e-06,0.07321886766113006,29.740253800000573,319,634,atomic,1.3983675380310518,0.8767933908718174,0.00039892499592132543,1.906361205582334,9.004414525376687e-05,5.099234428051222e-05,0.0004810522717429,0.375643807090667,0.23773584905660378,0.949569432972448,0.02121173130760841,0.5088694023584508,0.5109179256594166,0.591804345908495,0.5138091414140333,1.934827518919556,1.5591837118288892
shuffle_r0_BLOCK_SHUFFLED_CYCLES_p+6_Nd4001_dt1,main,shuffle,0,BLOCK_SHUFFLED_CYCLES,6,4001,1.0,2.5350000000000003e-06,0.07321886766113006,29.740253800000573,319,634,static,1.5941629330943137,1.5006877239372696,0.00045912408680623987,1.745872065235001,0.00010777727404623507,-2.028949725304175e-08,3.1052561647421245e-06,0.6485289283018456,0.052830188679245285,1.0493172452524764,0.025712622225417023,,,,,1.934827518919556,1.2862985906177105
shuffle_r0_BLOCK_SHUFFLED_CYCLES_p+6_Nd4001_dt1,main,shuffle,0,BLOCK_SHUFFLED_CYCLES,6,4001,1.0,2.5350000000000003e-06,0.07321886766113006,29.740253800000573,319,634,static_lti,1.7340645009763727,1.5682028404927235,0.000459734475565992,1.7740875254374653,0.00011079235221420412,-3.794072548461751e-07,1.848886640841072e-05,0.5928901349832667,0.06792452830188679,1.0581370115958153,0.025519509251574583,,,,,1.934827518919556,1.3419373839362894
shuffle_r0_BLOCK_SHUFFLED_CYCLES_p+6_Nd4001_dt1,main,shuffle,0,BLOCK_SHUFFLED_CYCLES,6,4001,1.0,2.5350000000000003e-06,0.07321886766113006,29.740253800000573,319,634,static_mh,2.38360250777524,2.150292238954007,0.0004493397842174192,1.727264920592689,0.00012046016480863737,-0.00011692061666381462,0.0007781088123827424,0.38926971387769355,0.0830188679245283,1.3708492331548032,0.038783157788028,,,,,1.934827518919556,1.5455578050418626
shuffle_r0_BLOCK_SHUFFLED_CYCLES_p+6_Nd4001_dt1,main,shuffle,0,BLOCK_SHUFFLED_CYCLES,6,4001,1.0,2.5350000000000003e-06,0.07321886766113006,29.740253800000573,319,634,static_lti_mh,1.77674674832682,1.5942626438753966,0.0004603985717252866,1.7748351010337406,0.00011181501172288326,-0.00011747311048787897,0.00046138616111123047,0.596760971728437,0.06792452830188679,1.047768386193608,0.02502272437125235,,,,,1.934827518919556,1.338066547191119
shuffle_r0_BLOCK_SHUFFLED_CYCLES_p+6_Nd4001_dt1,main,shuffle,0,BLOCK_SHUFFLED_CYCLES,6,4001,1.0,2.5350000000000003e-06,0.07321886766113006,29.740253800000573,319,634,linear,0.043662104395922385,7.226392908606325e-05,0.0017642030717608366,1.2412894147855078,0.0002629187193652827,-1.4450128420202504e-06,3.445319530759416e-05,1.934827518919556,0.007547169811320755,0.08231850106219014,0.0002071120837072468,,,,,1.934827518919556,0.0
shuffle_r0_BLOCK_SHUFFLED_FIXED_p+6_Nd4001_dt1,main,shuffle,0,BLOCK_SHUFFLED_FIXED,6,4001,1.0,2.5350000000000003e-06,0.07321886766113006,27.46232896299989,319,634,atomic,1.1467997635163993,0.7038041138509441,0.0005019008903874417,1.8259426162420938,0.00010565379579788968,7.723739671123916e-05,0.0004930665111797164,0.40977477698047554,0.4679245283018868,1.5061039405879761,0.04360050536494405,0.6616124498157657,0.6808788059371248,0.8013664336588164,0.6696062307753791,1.6359579684053183,1.2261831914248427
shuffle_r0_BLOCK_SHUFFLED_FIXED_p+6_Nd4001_dt1,main,shuffle,0,BLOCK_SHUFFLED_FIXED,6,4001,1.0,2.5350000000000003e-06,0.07321886766113006,27.46232896299989,319,634,static,1.5040891606282671,1.1706968611137178,0.00047160354146423463,1.7263558242564576,0.00010722663141314576,-1.0567898923264606e-07,7.538376404966311e-06,0.7067067539108275,0.045283018867924525,2.0221009097442706,0.07063009701043081,,,,,1.6359579684053183,0.9292512144944908
shuffle_r0_BLOCK_SHUFFLED_FIXED_p+6_Nd4001_dt1,main,shuffle,0,BLOCK_SHUFFLED_FIXED,6,4001,1.0,2.5350000000000003e-06,0.07321886766113006,27.46232896299989,319,634,static_lti,1.7787930258290778,1.30945867896374,0.0004682447971231417,1.7714970938092822,0.00011214901337035835,1.8947545322164403e-07,4.5799220619829087e-05,0.6323701613479418,0.17358490566037735,2.1474217704234215,0.08047985778744877,,,,,1.6359579684053183,1.0035878070573765
shuffle_r0_BLOCK_SHUFFLED_FIXED_p+6_Nd4001_dt1,main,shuffle,0,BLOCK_SHUFFLED_FIXED,6,4001,1.0,2.5350000000000003e-06,0.07321886766113006,27.46232896299989,319,634,static_mh,5.057903635635402,4.272999300203502,0.0005298111512060737,1.674472264977169,0.00018732861650119182,-0.00011615023625723359,0.0007048188333593448,0.00854200514292307,0.939622641509434,5.36877322125709,1.2234054277401485,,,,,1.6359579684053183,1.6274159632623952
shuffle_r0_BLOCK_SHUFFLED_FIXED_p+6_Nd4001_dt1,main,shuffle,0,BLOCK_SHUFFLED_FIXED,6,4001,1.0,2.5350000000000003e-06,0.07321886766113006,27.46232896299989,319,634,static_lti_mh,1.9523212478140424,1.4513801611403274,0.00046465999336011516,1.756195137694569,0.00011471418210244211,-0.00011455311263760314,0.00029143287782724855,0.565494062962472,0.5056603773584906,2.0218814746543186,0.07448840980920218,,,,,1.6359579684053183,1.0704639054428462
shuffle_r0_BLOCK_SHUFFLED_FIXED_p+6_Nd4001_dt1,main,shuffle,0,BLOCK_SHUFFLED_FIXED,6,4001,1.0,2.5350000000000003e-06,0.07321886766113006,27.46232896299989,319,634,linear,0.09832005273367496,0.008734981812827886,0.0018012356484018233,1.26061788592764,0.00027121134818309676,4.77115966683044e-07,0.00014866779655585663,1.6359579684053183,0.06037735849056604,0.26203501197916745,0.0013274688686875358,,,,,1.6359579684053183,0.0
shuffle_r0_SHUFFLED_p+6_Nd4001_dt1,main,shuffle,0,SHUFFLED,6,4001,1.0,2.5350000000000003e-06,0.07321886766113006,27.693755243999476,319,634,atomic,0.3230783230102162,0.1987679073063026,0.0008271656531482833,1.4876728676229511,9.429347434785497e-05,-9.740906475199473e-05,0.00013671306263694641,1.8847087980957977,0.033962264150943396,0.43401677245896714,0.001766588161992602,0.25867603647814863,0.23179563515156654,0.47553658291210305,0.23137060455659716,1.9999999999999991,0.11529120190420139
shuffle_r0_SHUFFLED_p+6_Nd4001_dt1,main,shuffle,0,SHUFFLED,6,4001,1.0,2.5350000000000003e-06,0.07321886766113006,27.693755243999476,319,634,static,0.011052268866564926,0.010231128121886375,0.0009337926485627812,1.449728746114486,9.305023415725114e-05,1.0690212714159732e-07,3.976016600457203e-06,2.0,0.0,0.11365298974077646,0.00013768230090370598,,,,,1.9999999999999991,-8.881784197001252e-16
shuffle_r0_SHUFFLED_p+6_Nd4001_dt1,main,shuffle,0,SHUFFLED,6,4001,1.0,2.5350000000000003e-06,0.07321886766113006,27.693755243999476,319,634,static_lti,0.05187059847985276,0.020515641836221694,0.0009280034820519585,1.4687558846083215,9.431960151730885e-05,-1.335064902535341e-06,2.5193858470330925e-05,2.0,0.0,0.135878551979729,0.00022168538659157947,,,,,1.9999999999999991,-8.881784197001252e-16
shuffle_r0_SHUFFLED_p+6_Nd4001_dt1,main,shuffle,0,SHUFFLED,6,4001,1.0,2.5350000000000003e-06,0.07321886766113006,27.693755243999476,319,634,static_mh,0.43886946622837464,0.43610832138013694,0.0009456456316271297,1.4384821955115816,0.00011241319215961504,-0.00011601543920324421,3.635931943018444e-05,1.51548603863701,0.10943396226415095,0.626183136191281,0.003922425434683186,,,,,1.9999999999999991,0.4845139613629892
shuffle_r0_SHUFFLED_p+6_Nd4001_dt1,main,shuffle,0,SHUFFLED,6,4001,1.0,2.5350000000000003e-06,0.07321886766113006,27.693755243999476,319,634,static_lti_mh,0.05861670698571685,0.02714342118724854,0.0009280426477238043,1.4668569772473539,9.462566831149491e-05,-0.00011746729758724425,2.779792395147105e-05,2.0,0.0,0.1484270424153998,0.0002828619615498153,,,,,1.9999999999999991,-8.881784197001252e-16
shuffle_r0_SHUFFLED_p+6_Nd4001_dt1,main,shuffle,0,SHUFFLED,6,4001,1.0,2.5350000000000003e-06,0.07321886766113006,27.693755243999476,319,634,linear,0.05669010954733682,0.01607193424903333,0.0017403530634246087,1.2388398492228654,0.00017728842750003556,4.873868458758676e-06,8.41703708671053e-05,1.9999999999999991,0.0,0.15720430486459153,0.00022885150005882483,,,,,1.9999999999999991,0.0
shuffle_r1_ORIGINAL_p+3_Nd4001_dt1,main,shuffle,1,ORIGINAL,3,4001,1.0,2.5350000000000003e-06,0.07321886766113006,29.66973438200148,349,634,atomic,0.9013916483434274,0.6654099960175613,0.0006120197135433308,1.6829931324599368,8.727951733680849e-05,5.231854829875989e-05,0.00028675335404601435,0.9370690432631169,0.12452830188679245,0.8079205874763218,0.008007612546728427,0.36117647187942564,0.35310475709886446,0.4117160875024597,0.355655820561356,1.8875944996795162,0.9505254564163993
shuffle_r1_ORIGINAL_p+3_Nd4001_dt1,main,shuffle,1,ORIGINAL,3,4001,1.0,2.5350000000000003e-06,0.07321886766113006,29.66973438200148,349,634,static,0.6529719957339939,0.6143740072616468,0.0007593364422656667,1.58739245715929,0.00010093183588213205,6.310939846208046e-08,2.52164477496973e-06,0.7913026879680547,0.026415094339622643,0.8094861693614167,0.006420573932010356,,,,,1.8875944996795162,1.0962918117114615
shuffle_r1_ORIGINAL_p+3_Nd4001_dt1,main,shuffle,1,ORIGINAL,3,4001,1.0,2.5350000000000003e-06,0.07321886766113006,29.66973438200148,349,634,static_lti,0.7350432251506493,0.6465601430642816,0.0007583665278766039,1.6104424186964141,0.00010327397378207074,8.405911792890971e-07,1.5865033710644693e-05,0.7995232735804515,0.06037735849056604,0.8175132083374819,0.006831615175355781,,,,,1.8875944996795162,1.0880712260990646
shuffle_r1_ORIGINAL_p+3_Nd4001_dt1,main,shuffle,1,ORIGINAL,3,4001,1.0,2.5350000000000003e-06,0.07321886766113006,29.66973438200148,349,634,static_mh,0.804956586038378,0.7591109365945604,0.0007587688084793907,1.5835349126009124,0.00010538944427840361,-3.272945002475005e-05,0.00022850330494186401,0.7169275719243469,0.03018867924528302,0.9036764285739811,0.009365024884295066,,,,,1.8875944996795162,1.1706669277551693
shuffle_r1_ORIGINAL_p+3_Nd4001_dt1,main,shuffle,1,ORIGINAL,3,4001,1.0,2.5350000000000003e-06,0.07321886766113006,29.66973438200148,349,634,static_lti_mh,0.7425662181875671,0.653492770120228,0.0007582350623103729,1.6100457312341316,0.00010347915735118094,-3.197406703072751e-05,9.509534120267851e-05,0.7571412148480333,0.05660377358490566,0.828413537031047,0.007214292239104046,,,,,1.8875944996795162,1.130453284831483
shuffle_r1_ORIGINAL_p+3_Nd4001_dt1,main,shuffle,1,ORIGINAL,3,4001,1.0,2.5350000000000003e-06,0.07321886766113006,29.66973438200148,349,634,linear,0.042429246503698205,5.389455084149128e-05,0.001762772153516052,1.240409441205967,0.0001862161490796444,1.4456762774596687e-06,2.3006322832889534e-05,1.8875944996795162,0.01509433962264151,0.10560016845133977,0.00014147363533774274,,,,,1.8875944996795162,0.0
shuffle_r1_BLOCK_SHUFFLED_CYCLES_p+3_Nd4001_dt1,main,shuffle,1,BLOCK_SHUFFLED_CYCLES,3,4001,1.0,2.5350000000000003e-06,0.07321886766113006,34.100841088999005,349,634,atomic,0.771223442524861,0.5644902290412309,0.000633770526605603,1.699172964683539,8.72342885143946e-05,5.280608496731792e-05,0.00029407519674694483,0.7979228217547302,0.14339622641509434,0.9417015187831872,0.011269187702125056,0.4063253265572544,0.39707083208110494,0.45596111543232115,0.4010533074191569,1.9322468425622108,1.1343240208074805
shuffle_r1_BLOCK_SHUFFLED_CYCLES_p+3_Nd4001_dt1,main,shuffle,1,BLOCK_SHUFFLED_CYCLES,3,4001,1.0,2.5350000000000003e-06,0.07321886766113006,34.100841088999005,349,634,static,0.652579650175632,0.6108629931299093,0.0007591078705454062,1.5887478598835427,0.00010094138505754426,4.820197027324031e-08,2.573513434698247e-06,1.0457513683887418,0.022641509433962263,0.9340751803537795,0.010032364981062804,,,,,1.9322468425622108,0.886495474173469
shuffle_r1_BLOCK_SHUFFLED_CYCLES_p+3_Nd4001_dt1,main,shuffle,1,BLOCK_SHUFFLED_CYCLES,3,4001,1.0,2.5350000000000003e-06,0.07321886766113006,34.100841088999005,349,634,static_lti,0.7351412224716734,0.6677159325420666,0.0007585215326210026,1.61480560945745,0.00010335121308455276,-8.316409405629704e-07,1.6403659351528358e-05,1.0261736380442992,0.04150943396226415,0.9414750785221917,0.010762852562981987,,,,,1.9322468425622108,0.9060732045179116
shuffle_r1_BLOCK_SHUFFLED_CYCLES_p+3_Nd4001_dt1,main,shuffle,1,BLOCK_SHUFFLED_CYCLES,3,4001,1.0,2.5350000000000003e-06,0.07321886766113006,34.100841088999005,349,634,static_mh,0.8189302365839547,0.7665626601491478,0.0007565510335546465,1.5907211947122668,0.0001055406213024784,-3.2753975867645606e-05,0.000228891213727774,0.932198118499127,0.045283018867924525,0.9543861046541251,0.012986170187598083,,,,,1.9322468425622108,1.0000487240630838
shuffle_r1_BLOCK_SHUFFLED_CYCLES_p+3_Nd4001_dt1,main,shuffle,1,BLOCK_SHUFFLED_CYCLES,3,4001,1.0,2.5350000000000003e-06,0.07321886766113006,34.100841088999005,349,634,static_lti_mh,0.7441997491828558,0.674372255381324,0.0007589110725804555,1.615366245400289,0.00010367344702008518,-3.366658021175675e-05,9.477046232027915e-05,1.0023080568858902,0.045283018867924525,0.946655045655905,0.011300108800537216,,,,,1.9322468425622108,0.9299387856763206
shuffle_r1_BLOCK_SHUFFLED_CYCLES_p+3_Nd4001_dt1,main,shuffle,1,BLOCK_SHUFFLED_CYCLES,3,4001,1.0,2.5350000000000003e-06,0.07321886766113006,34.100841088999005,349,634,linear,0.04161991099680354,6.458083291380998e-05,0.001769449110066631,1.2400453357565748,0.00018686998142566113,6.71714745267162e-08,2.469364507391532e-05,1.9322468425622108,0.011320754716981131,0.10603454320960559,0.0001504557173608377,,,,,1.9322468425622108,0.0
shuffle_r1_BLOCK_SHUFFLED_FIXED_p+3_Nd4001_dt1,main,shuffle,1,BLOCK_SHUFFLED_FIXED,3,4001,1.0,2.5350000000000003e-06,0.07321886766113006,30.890290299999833,349,634,atomic,0.7770856840307306,0.4449927649451937,0.0006812285258650087,1.6888626720519064,9.259460583569749e-05,7.124144701916582e-05,0.00032589820281805904,0.5581226368359716,0.22641509433962265,0.8422515293698225,0.008694531905010522,0.5233536512394908,0.5184458363925063,0.6652148171143873,0.5196830977510631,1.7216778655627696,1.163555228726798
shuffle_r1_BLOCK_SHUFFLED_FIXED_p+3_Nd4001_dt1,main,shuffle,1,BLOCK_SHUFFLED_FIXED,3,4001,1.0,2.5350000000000003e-06,0.07321886766113006,30.890290299999833,349,634,static,0.6254955422220276,0.520044132456848,0.0007703234778884182,1.5787056121201763,0.00010014528512508837,7.415397345328727e-08,6.549785302484659e-06,1.0041018453159012,0.033962264150943396,0.8080459148197565,0.008246937112091006,,,,,1.7216778655627696,0.7175760202468684
shuffle_r1_BLOCK_SHUFFLED_FIXED_p+3_Nd4001_dt1,main,shuffle,1,BLOCK_SHUFFLED_FIXED,3,4001,1.0,2.5350000000000003e-06,0.07321886766113006,30.890290299999833,349,634,static_lti,0.7740972506782244,0.594848665635187,0.0007722895524882959,1.6163149873036804,0.0001048890377539522,-1.1433329572573802e-06,4.143729664323463e-05,0.9253627894823779,0.06037735849056604,0.8459073942680532,0.008982880709488706,,,,,1.7216778655627696,0.7963150760803916
shuffle_r1_BLOCK_SHUFFLED_FIXED_p+3_Nd4001_dt1,main,shuffle,1,BLOCK_SHUFFLED_FIXED,3,4001,1.0,2.5350000000000003e-06,0.07321886766113006,30.890290299999833,349,634,static_mh,1.2945354685531065,1.1064539270174956,0.0007539177543816232,1.589670620327589,0.00011645256656938497,-3.288293643425816e-05,0.00020240603086651299,0.6678626422246581,0.07547169811320754,1.3869166474393224,0.023026855376337807,,,,,1.7216778655627696,1.0538152233381115
shuffle_r1_BLOCK_SHUFFLED_FIXED_p+3_Nd4001_dt1,main,shuffle,1,BLOCK_SHUFFLED_FIXED,3,4001,1.0,2.5350000000000003e-06,0.07321886766113006,30.890290299999833,349,634,static_lti_mh,0.7830667300884429,0.600937782909713,0.0007751566197077783,1.6177024596616614,0.00010554358966690001,-3.447051584737748e-05,8.926638553644871e-05,0.9848457003445074,0.07169811320754717,0.8518623411463144,0.008951940906970036,,,,,1.7216778655627696,0.7368321652182622
shuffle_r1_BLOCK_SHUFFLED_FIXED_p+3_Nd4001_dt1,main,shuffle,1,BLOCK_SHUFFLED_FIXED,3,4001,1.0,2.5350000000000003e-06,0.07321886766113006,30.890290299999833,349,634,linear,0.08743063072098528,0.007592083368590083,0.0017979542567095738,1.257873980433325,0.00019115688404121463,2.4797490363528653e-07,9.796548605764106e-05,1.7216778655627696,0.04905660377358491,0.21483300048165838,0.0006791643076586408,,,,,1.7216778655627696,0.0
shuffle_r1_SHUFFLED_p+3_Nd4001_dt1,main,shuffle,1,SHUFFLED,3,4001,1.0,2.5350000000000003e-06,0.07321886766113006,28.37434343899986,349,634,atomic,0.13980043359602382,0.08468166088742766,0.0012012506702312382,1.3708918193926427,9.913352013297388e-05,-0.00014969775098296908,0.00010473289724658783,1.9888973049663405,0.0037735849056603774,0.27036982737714116,0.0005010923897694341,0.13380062619253402,0.09864005805354205,0.1757149316692477,0.09969385188724261,2.0,0.01110269503365946
shuffle_r1_SHUFFLED_p+3_Nd4001_dt1,main,shuffle,1,SHUFFLED,3,4001,1.0,2.5350000000000003e-06,0.07321886766113006,28.37434343899986,349,634,static,0.006530833969587966,0.006201166027491579,0.0011360974762920889,1.3964778735608308,8.809288156303168e-05,1.1609365294581552e-07,3.6521683347111355e-06,2.0,0.0,0.09892780669729402,5.7560834615285715e-05,,,,,2.0,0.0
shuffle_r1_SHUFFLED_p+3_Nd4001_dt1,main,shuffle,1,SHUFFLED,3,4001,1.0,2.5350000000000003e-06,0.07321886766113006,28.37434343899986,349,634,static_lti,0.04318535065102377,0.013446659934610257,0.0011285918541886646,1.413468951941097,8.908963073645684e-05,5.02433689714126e-07,2.321125676277248e-05,2.0,0.0,0.12938875121768773,0.0001008044981932808,,,,,2.0,0.0
shuffle_r1_SHUFFLED_p+3_Nd4001_dt1,main,shuffle,1,SHUFFLED,3,4001,1.0,2.5350000000000003e-06,0.07321886766113006,28.37434343899986,349,634,static_mh,0.058421644274385016,0.05786875599049595,0.0011383242775023718,1.3962433388135036,9.050693818835257e-05,-3.2817716738230996e-05,1.216543067446478e-05,1.999999048475729,0.0,0.2549996470733179,0.00040879950377781124,,,,,2.0,9.515242709312588e-07
shuffle_r1_SHUFFLED_p+3_Nd4001_dt1,main,shuffle,1,SHUFFLED,3,4001,1.0,2.5350000000000003e-06,0.07321886766113006,28.37434343899986,349,634,static_lti_mh,0.044678283589779655,0.014802231291465216,0.0011284618280820457,1.4126742373232386,8.914354238683e-05,-3.2446372346325994e-05,2.344197982105691e-05,2.0,0.0,0.13535194650576818,0.00010495095020782464,,,,,2.0,0.0
shuffle_r1_SHUFFLED_p+3_Nd4001_dt1,main,shuffle,1,SHUFFLED,3,4001,1.0,2.5350000000000003e-06,0.07321886766113006,28.37434343899986,349,634,linear,0.04557386885658567,0.010794612900237954,0.0017390075410078682,1.2347706087351562,0.0001374392502804673,-1.775050075038201e-06,5.224449750344171e-05,2.0,0.0,0.12287833599530244,0.00010721820570612209,,,,,2.0,0.0
shuffle_r1_ORIGINAL_p+0_Nd4001_dt1,main,shuffle,1,ORIGINAL,0,4001,1.0,2.5350000000000003e-06,0.07321886766113006,26.147370196998963,349,634,atomic,0.5576261677983827,0.4311488175153355,0.0008505826594640594,1.5299299237016615,7.771788202775467e-05,-9.758137373399876e-06,0.0002187300941127865,1.1760655265389088,0.08679245283018867,0.6508109153160542,0.0027688964778521735,0.2556499514157284,0.23661574540208785,0.28373813255830355,0.23846543347218474,1.8803706832727036,0.7043051567337948
shuffle_r1_ORIGINAL_p+0_Nd4001_dt1,main,shuffle,1,ORIGINAL,0,4001,1.0,2.5350000000000003e-06,0.07321886766113006,26.147370196998963,349,634,static,0.31897954652919264,0.30248513460250476,0.0010142895171053404,1.438791267758314,8.526583915541953e-05,1.3850485082628215e-08,1.929506919853925e-06,0.9507478512080242,0.01509433962264151,0.6206179679072111,0.001568157978474286,,,,,1.8803706832727036,0.9296228320646794
shuffle_r1_ORIGINAL_p+0_Nd4001_dt1,main,shuffle,1,ORIGINAL,0,4001,1.0,2.5350000000000003e-06,0.07321886766113006,26.147370196998963,349,634,static_lti,0.38248538063322224,0.32386393272561415,0.0010151861340711892,1.4629427809110567,8.737046983680274e-05,8.270924317811302e-07,1.2006663939013732e-05,0.8950735360023496,0.033962264150943396,0.6453300006137426,0.0016594686531757532,,,,,1.8803706832727036,0.985297147270354
shuffle_r1_ORIGINAL_p+0_Nd4001_dt1,main,shuffle,1,ORIGINAL,0,4001,1.0,2.5350000000000003e-06,0.07321886766113006,26.147370196998963,349,634,static_mh,0.36770414616892705,0.3478531630670273,0.0010131613364394885,1.4382732508212603,8.672877063163469e-05,-3.0422877714222823e-05,0.0001212223716116184,0.4310546885008023,0.026415094339622643,0.6912562821393202,0.0015902932784123303,,,,,1.8803706832727036,1.4493159947719012
shuffle_r1_ORIGINAL_p+0_Nd4001_dt1,main,shuffle,1,ORIGINAL,0,4001,1.0,2.5350000000000003e-06,0.07321886766113006,26.147370196998963,349,634,static_lti_mh,0.3859851691486463,0.32699214108211894,0.0010151734061322017,1.463069901222767,8.747949563290758e-05,-2.9517322227290198e-05,6.440550462813891e-05,0.8334226198677547,0.033962264150943396,0.6476795545696866,0.0016966607918666565,,,,,1.8803706832727036,1.0469480634049488
shuffle_r1_ORIGINAL_p+0_Nd4001_dt1,main,shuffle,1,ORIGINAL,0,4001,1.0,2.5350000000000003e-06,0.07321886766113006,26.147370196998963,349,634,linear,0.04242924650369915,5.389455084167049e-05,0.0017627721535160498,1.2404094412059619,0.00013183093772518213,1.0234604262116628e-06,1.62872292637242e-05,1.8803706832727036,0.01509433962264151,0.10899944445912294,7.598606920712096e-05,,,,,1.8803706832727036,0.0
shuffle_r1_BLOCK_SHUFFLED_CYCLES_p+0_Nd4001_dt1,main,shuffle,1,BLOCK_SHUFFLED_CYCLES,0,4001,1.0,2.5350000000000003e-06,0.07321886766113006,29.762092412998754,349,634,atomic,0.5675741509972587,0.4380601775313597,0.0008563226598893504,1.5431474236340446,7.850982157759205e-05,-1.4006958052385246e-05,0.0002369376281269262,1.01431585113767,0.07924528301886792,0.9034957412419848,0.004765200103478479,0.29106320467109015,0.2707231221335414,0.3134757212601399,0.27246354820318613,1.9294298747513867,0.9151140236137167
shuffle_r1_BLOCK_SHUFFLED_CYCLES_p+0_Nd4001_dt1,main,shuffle,1,BLOCK_SHUFFLED_CYCLES,0,4001,1.0,2.5350000000000003e-06,0.07321886766113006,29.762092412998754,349,634,static,0.3190791863255009,0.3016062732692452,0.0010134296492351313,1.439883209956361,8.525739015748035e-05,5.1125383006427216e-08,2.0593652563037815e-06,1.3742746801818535,0.01509433962264151,0.6920237444357235,0.002727600227156635,,,,,1.9294298747513867,0.5551551945695332
shuffle_r1_BLOCK_SHUFFLED_CYCLES_p+0_Nd4001_dt1,main,shuffle,1,BLOCK_SHUFFLED_CYCLES,0,4001,1.0,2.5350000000000003e-06,0.07321886766113006,29.762092412998754,349,634,static_lti,0.3765988493959728,0.3344483819480292,0.001015143184273966,1.4645602927584103,8.72418079945382e-05,-3.7638681957179944e-07,1.2513368294219966e-05,1.318968786999763,0.026415094339622643,0.7321924964251728,0.002950774333395555,,,,,1.9294298747513867,0.6104610877516237
shuffle_r1_BLOCK_SHUFFLED_CYCLES_p+0_Nd4001_dt1,main,shuffle,1,BLOCK_SHUFFLED_CYCLES,0,4001,1.0,2.5350000000000003e-06,0.07321886766113006,29.762092412998754,349,634,static_mh,0.3635848764654225,0.34292823038625553,0.0010132465845807256,1.439039669583606,8.666611232306047e-05,-3.040815919939632e-05,0.00012118815598743563,1.2651055169559327,0.03018867924528302,0.7043329417191072,0.002731955259676722,,,,,1.9294298747513867,0.6643243577954541
shuffle_r1_BLOCK_SHUFFLED_CYCLES_p+0_Nd4001_dt1,main,shuffle,1,BLOCK_SHUFFLED_CYCLES,0,4001,1.0,2.5350000000000003e-06,0.07321886766113006,29.762092412998754,349,634,static_lti_mh,0.3794775647291959,0.33790276419037246,0.0010151365253191459,1.464810275410291,8.733219723832616e-05,-3.0702562235955247e-05,6.0962857957568613e-05,1.3040346741602717,0.026415094339622643,0.7326528098944531,0.0030333563233814705,,,,,1.9294298747513867,0.625395200591115
shuffle_r1_BLOCK_SHUFFLED_CYCLES_p+0_Nd4001_dt1,main,shuffle,1,BLOCK_SHUFFLED_CYCLES,0,4001,1.0,2.5350000000000003e-06,0.07321886766113006,29.762092412998754,349,634,linear,0.04161991099680429,6.458083291389345e-05,0.0017694491100666463,1.2400453357565724,0.00013229381557824043,4.7553762222337374e-08,1.748176193115664e-05,1.9294298747513867,0.018867924528301886,0.10967720234820233,7.870236784714907e-05,,,,,1.9294298747513867,0.0
shuffle_r1_BLOCK_SHUFFLED_FIXED_p+0_Nd4001_dt1,main,shuffle,1,BLOCK_SHUFFLED_FIXED,0,4001,1.0,2.5350000000000003e-06,0.07321886766113006,26.379503398999077,349,634,atomic,0.5336477906805147,0.3411298688160022,0.0009171927562157033,1.5509477392571323,8.19894390653259e-05,-2.643526464475058e-05,0.0002575898916043304,0.8345863651819457,0.15849056603773584,0.7134043557594851,0.0030914396810698577,0.36734470520007134,0.3348706268991961,0.4865594126026658,0.34144122105272867,1.7212266556747045,0.8866402904927587
shuffle_r1_BLOCK_SHUFFLED_FIXED_p+0_Nd4001_dt1,main,shuffle,1,BLOCK_SHUFFLED_FIXED,0,4001,1.0,2.5350000000000003e-06,0.07321886766113006,26.379503398999077,349,634,static,0.3074091138833792,0.27057425665484686,0.0010247441611557476,1.4342956538664111,8.457980671199095e-05,7.640133548876184e-08,5.7070970145694394e-06,1.4590360739391384,0.018867924528301886,0.5572571600356623,0.002053332742077712,,,,,1.7212266556747045,0.2621905817355661
shuffle_r1_BLOCK_SHUFFLED_FIXED_p+0_Nd4001_dt1,main,shuffle,1,BLOCK_SHUFFLED_FIXED,0,4001,1.0,2.5350000000000003e-06,0.07321886766113006,26.379503398999077,349,634,static_lti,0.4083476901822248,0.3137235623036185,0.0010352205935252217,1.4707643110189652,8.86823153357467e-05,-1.0041519606679559e-06,3.536036371759012e-05,1.39140879751106,0.045283018867924525,0.5985171938245019,0.002316005997744426,,,,,1.7212266556747045,0.3298178581636444
shuffle_r1_BLOCK_SHUFFLED_FIXED_p+0_Nd4001_dt1,main,shuffle,1,BLOCK_SHUFFLED_FIXED,0,4001,1.0,2.5350000000000003e-06,0.07321886766113006,26.379503398999077,349,634,static_mh,0.5532446173951343,0.48546826148397315,0.0010073851669666534,1.4420574482836224,9.062798777040842e-05,-3.0161116149929377e-05,0.00010673448574880623,1.1302286803564945,0.03018867924528302,0.7396333703847241,0.0038229871864919303,,,,,1.7212266556747045,0.59099797531821
shuffle_r1_BLOCK_SHUFFLED_FIXED_p+0_Nd4001_dt1,main,shuffle,1,BLOCK_SHUFFLED_FIXED,0,4001,1.0,2.5350000000000003e-06,0.07321886766113006,26.379503398999077,349,634,static_lti_mh,0.4164146015091198,0.3174562332740072,0.0010366083796214541,1.4734012038160127,8.905479058743947e-05,-3.173626249122887e-05,5.518122115525576e-05,1.3843860018997896,0.052830188679245285,0.6087525766639469,0.002379133454643924,,,,,1.7212266556747045,0.3368406537749149
shuffle_r1_BLOCK_SHUFFLED_FIXED_p+0_Nd4001_dt1,main,shuffle,1,BLOCK_SHUFFLED_FIXED,0,4001,1.0,2.5350000000000003e-06,0.07321886766113006,26.379503398999077,349,634,linear,0.08743063072098717,0.007592083368591142,0.0017979542567095651,1.25787398043333,0.0001353287102129846,1.7555278766119072e-07,6.935425286964973e-05,1.7212266556747045,0.04905660377358491,0.21587596157465014,0.0003456761646632338,,,,,1.7212266556747045,0.0
shuffle_r1_SHUFFLED_p+0_Nd4001_dt1,main,shuffle,1,SHUFFLED,0,4001,1.0,2.5350000000000003e-06,0.07321886766113006,25.39605117999963,349,634,atomic,0.07942497221651343,0.03893659405517993,0.0014887566699033922,1.3005472030233547,8.463956147159914e-05,-0.00010515002800718001,5.8734506539829304e-05,1.9999999889874631,0.0,0.19784875304170138,0.00013663123699819487,0.08494102344312304,0.04117646730403418,0.10222523733156075,0.04170798542311037,2.0,1.1012536882404333e-08
shuffle_r1_SHUFFLED_p+0_Nd4001_dt1,main,shuffle,1,SHUFFLED,0,4001,1.0,2.5350000000000003e-06,0.07321886766113006,25.39605117999963,349,634,static,0.00479303781556593,0.004616033540157516,0.0013423063823276172,1.3317985667799328,7.361982254334014e-05,1.3227472462850733e-07,3.1740719912368558e-06,2.0,0.0,0.09770406544356777,2.9017621966008004e-05,,,,,2.0,0.0
shuffle_r1_SHUFFLED_p+0_Nd4001_dt1,main,shuffle,1,SHUFFLED,0,4001,1.0,2.5350000000000003e-06,0.07321886766113006,25.39605117999963,349,634,static_lti,0.04084059825023981,0.010257987595127478,0.0013326784071744765,1.3488643436470267,7.439315665433889e-05,-8.604978719764255e-08,2.0295576600901138e-05,2.0,0.0,0.12292088257017648,4.890206960238783e-05,,,,,2.0,0.0
shuffle_r1_SHUFFLED_p+0_Nd4001_dt1,main,shuffle,1,SHUFFLED,0,4001,1.0,2.5350000000000003e-06,0.07321886766113006,25.39605117999963,349,634,static_mh,0.025359908476734562,0.025108188339145597,0.0013418855462487135,1.3308275822409157,7.434481922137035e-05,-3.033192681611839e-05,6.841425292171664e-06,1.99999999999994,0.0,0.16551105577274197,0.0001013777483869534,,,,,2.0,5.995204332975845e-14
shuffle_r1_SHUFFLED_p+0_Nd4001_dt1,main,shuffle,1,SHUFFLED,0,4001,1.0,2.5350000000000003e-06,0.07321886766113006,25.39605117999963,349,634,static_lti_mh,0.04131149678985532,0.0107251913386966,0.0013326092578735999,1.348518985920382,7.440630484891946e-05,-3.0558806761033244e-05,2.022430946616391e-05,2.0,0.0,0.12659714702211874,4.925062148641231e-05,,,,,2.0,0.0
shuffle_r1_SHUFFLED_p+0_Nd4001_dt1,main,shuffle,1,SHUFFLED,0,4001,1.0,2.5350000000000003e-06,0.07321886766113006,25.39605117999963,349,634,linear,0.045573868856586396,0.010794612900236679,0.001739007541007871,1.234770608735158,9.729953784497321e-05,-1.2566392176929037e-06,3.69862717648286e-05,2.0,0.0,0.128243684903303,5.80323963874671e-05,,,,,2.0,0.0
shuffle_r1_ORIGINAL_p+6_Nd4001_dt1,main,shuffle,1,ORIGINAL,6,4001,1.0,2.5350000000000003e-06,0.07321886766113006,25.186523682999905,349,634,atomic,1.1524483262535605,0.748329845959478,0.0004423915903342078,1.86576789963628,9.481232937105587e-05,0.00013646337339703318,0.0003699160495361459,0.8216473882059137,0.17358490566037735,0.8654116937002473,0.018208027970124704,0.4745103200482767,0.48571869973511705,0.5708074255983079,0.49200836833484585,1.8918637568479486,1.070216368642035
shuffle_r1_ORIGINAL_p+6_Nd4001_dt1,main,shuffle,1,ORIGINAL,6,4001,1.0,2.5350000000000003e-06,0.07321886766113006,25.186523682999905,349,634,static,1.1069205012001715,1.0299359982145022,0.0005384798153170105,1.7737934554371702,0.00011414102990077609,1.0678812439443807e-07,3.5200222973827946e-06,0.9312286738952286,0.05660377358490566,0.9914591165402383,0.020505192521605247,,,,,1.8918637568479486,0.96063508295272
shuffle_r1_ORIGINAL_p+6_Nd4001_dt1,main,shuffle,1,ORIGINAL,6,4001,1.0,2.5350000000000003e-06,0.07321886766113006,25.186523682999905,349,634,static_lti,1.2319525699053981,1.0956091247991042,0.0005366232900280358,1.7979200081295035,0.00011707302843455,1.2660210738373858e-06,2.1256046754565617e-05,0.9061029227272802,0.09056603773584905,0.997727195957369,0.021144915345976904,,,,,1.8918637568479486,0.9857608341206684
shuffle_r1_ORIGINAL_p+6_Nd4001_dt1,main,shuffle,1,ORIGINAL,6,4001,1.0,2.5350000000000003e-06,0.07321886766113006,25.186523682999905,349,634,static_mh,1.6347136803315807,1.49304691021917,0.0005346017624174415,1.762872850585056,0.00012671697154060285,-6.605652718841068e-05,0.0005417018561083099,-0.04016280998284009,0.09056603773584905,1.3746042380110077,0.02978163320188841,,,,,1.8918637568479486,1.9320265668307888
shuffle_r1_ORIGINAL_p+6_Nd4001_dt1,main,shuffle,1,ORIGINAL,6,4001,1.0,2.5350000000000003e-06,0.07321886766113006,25.186523682999905,349,634,static_lti_mh,1.2665610937829244,1.1242209724191845,0.0005356137425265443,1.797650365103735,0.00011775409266079944,-6.518136021105936e-05,0.0002741295542554352,0.7869059357037426,0.09433962264150944,1.0130801421059532,0.02079732804147248,,,,,1.8918637568479486,1.1049578211442062
shuffle_r1_ORIGINAL_p+6_Nd4001_dt1,main,shuffle,1,ORIGINAL,6,4001,1.0,2.5350000000000003e-06,0.07321886766113006,25.186523682999905,349,634,linear,0.04242924650369758,5.3894550841576226e-05,0.0017627721535160424,1.24040944120596,0.00026303730199006407,2.0420720192832187e-06,3.249729476516804e-05,1.8918637568479486,0.01509433962264151,0.10384556588995288,0.00027150287709498477,,,,,1.8918637568479486,0.0
shuffle_r1_BLOCK_SHUFFLED_CYCLES_p+6_Nd4001_dt1,main,shuffle,1,BLOCK_SHUFFLED_CYCLES,6,4001,1.0,2.5350000000000003e-06,0.07321886766113006,28.130076817998997,349,634,atomic,0.9560688162768536,0.5737148728963313,0.0004595677656272996,1.8793120168408504,9.389691802206738e-05,0.00015492016349631107,0.0003715102293802957,0.6647773393273808,0.25660377358490566,0.8770952664406277,0.016089047618743524,0.5596245143554074,0.5647924443800378,0.6302823787959569,0.5701244166104685,1.9327543120943214,1.2679769727669405
shuffle_r1_BLOCK_SHUFFLED_CYCLES_p+6_Nd4001_dt1,main,shuffle,1,BLOCK_SHUFFLED_CYCLES,6,4001,1.0,2.5350000000000003e-06,0.07321886766113006,28.130076817998997,349,634,static,1.108484625176943,1.0132826494852487,0.0005381579285472855,1.7752860581694967,0.00011415829937542304,6.379710754686279e-08,3.3190290923466368e-06,0.8832540301758431,0.052830188679245285,1.2141103813913738,0.03438421944172071,,,,,1.9327543120943214,1.0495002819184782
shuffle_r1_BLOCK_SHUFFLED_CYCLES_p+6_Nd4001_dt1,main,shuffle,1,BLOCK_SHUFFLED_CYCLES,6,4001,1.0,2.5350000000000003e-06,0.07321886766113006,28.130076817998997,349,634,static_lti,1.2338007378989253,1.0969775673080038,0.0005366009327992773,1.8028723920480336,0.0001171610988570871,-1.780587491181588e-07,2.044514697108802e-05,0.8563011346700188,0.06037735849056604,1.1827460739221145,0.03449755540922297,,,,,1.9327543120943214,1.0764531774243027
shuffle_r1_BLOCK_SHUFFLED_CYCLES_p+6_Nd4001_dt1,main,shuffle,1,BLOCK_SHUFFLED_CYCLES,6,4001,1.0,2.5350000000000003e-06,0.07321886766113006,28.130076817998997,349,634,static_mh,1.586201993143682,1.4444144499531404,0.0005400305783803244,1.76893190984104,0.00012687042176953296,-6.604002361871866e-05,0.0005414239807840256,0.6786120478254929,0.04905660377358491,1.3839852369376702,0.049678611914185385,,,,,1.9327543120943214,1.2541422642688285
shuffle_r1_BLOCK_SHUFFLED_CYCLES_p+6_Nd4001_dt1,main,shuffle,1,BLOCK_SHUFFLED_CYCLES,6,4001,1.0,2.5350000000000003e-06,0.07321886766113006,28.130076817998997,349,634,static_lti_mh,1.2622308745164248,1.1194461636983863,0.0005371985609882352,1.8019553003720055,0.00011803543968449783,-6.673890385447476e-05,0.0002724056706139008,0.8310717729159305,0.045283018867924525,1.2035694317056111,0.037031431729664485,,,,,1.9327543120943214,1.1016825391783909
shuffle_r1_BLOCK_SHUFFLED_CYCLES_p+6_Nd4001_dt1,main,shuffle,1,BLOCK_SHUFFLED_CYCLES,6,4001,1.0,2.5350000000000003e-06,0.07321886766113006,28.130076817998997,349,634,linear,0.041619910996803774,6.458083291374672e-05,0.001769449110066637,1.2400453357565724,0.00026396086472670435,9.488222969687889e-08,3.488070078049521e-05,1.9327543120943214,0.011320754716981131,0.10419998386638339,0.0002944556144909723,,,,,1.9327543120943214,0.0
shuffle_r1_BLOCK_SHUFFLED_FIXED_p+6_Nd4001_dt1,main,shuffle,1,BLOCK_SHUFFLED_FIXED,6,4001,1.0,2.5350000000000003e-06,0.07321886766113006,24.19766151099975,349,634,atomic,0.9309672379214049,0.5036774269179874,0.0005343794966781426,1.8299088953802174,0.00010694174853993767,0.00021319750493331292,0.00037959729692410945,0.6422324205614832,0.2679245283018868,0.9377549580695641,0.02584606519095715,0.6640796639599406,0.6887178829087452,0.8119916118477241,0.6825021459867519,1.7213604683407089,1.0791280477792258
shuffle_r1_BLOCK_SHUFFLED_FIXED_p+6_Nd4001_dt1,main,shuffle,1,BLOCK_SHUFFLED_FIXED,6,4001,1.0,2.5350000000000003e-06,0.07321886766113006,24.19766151099975,349,634,static,1.0525220562607485,0.8070079414065697,0.0005489579644113148,1.7594022604481543,0.00011327716965875259,1.267303673142442e-07,7.694402859105909e-06,0.8721159403646641,0.052830188679245285,1.005443696540811,0.02429693085705587,,,,,1.7213604683407089,0.8492445279760448
shuffle_r1_BLOCK_SHUFFLED_FIXED_p+6_Nd4001_dt1,main,shuffle,1,BLOCK_SHUFFLED_FIXED,6,4001,1.0,2.5350000000000003e-06,0.07321886766113006,24.19766151099975,349,634,static_lti,1.2891359473459776,0.9159841828656887,0.0005447077635484935,1.800085867133079,0.0001186996535256766,1.71507623028719e-06,5.075191380583756e-05,0.7474986263935912,0.11320754716981132,1.0709463867055493,0.026406647996397737,,,,,1.7213604683407089,0.9738618419471177
shuffle_r1_BLOCK_SHUFFLED_FIXED_p+6_Nd4001_dt1,main,shuffle,1,BLOCK_SHUFFLED_FIXED,6,4001,1.0,2.5350000000000003e-06,0.07321886766113006,24.19766151099975,349,634,static_mh,4.2789067842302595,3.5042106146873118,0.0005233108101907742,1.766162044849884,0.0001731895913870127,-6.704835476559136e-05,0.00047899002184133895,0.09622883738791418,0.8188679245283019,1.7652444937213285,0.06695746208287132,,,,,1.7213604683407089,1.6251316309527948
shuffle_r1_BLOCK_SHUFFLED_FIXED_p+6_Nd4001_dt1,main,shuffle,1,BLOCK_SHUFFLED_FIXED,6,4001,1.0,2.5350000000000003e-06,0.07321886766113006,24.19766151099975,349,634,static_lti_mh,1.3505460451289455,0.9660647294535936,0.000545909136719572,1.802737733174804,0.00012054549526009066,-6.439855212956585e-05,0.0001948487482501769,0.7463491200386119,0.14339622641509434,1.0441412188212345,0.023830244512296612,,,,,1.7213604683407089,0.975011348302097
shuffle_r1_BLOCK_SHUFFLED_FIXED_p+6_Nd4001_dt1,main,shuffle,1,BLOCK_SHUFFLED_FIXED,6,4001,1.0,2.5350000000000003e-06,0.07321886766113006,24.19766151099975,349,634,linear,0.08743063072099097,0.0075920833685918,0.0017979542567095738,1.2578739804333277,0.0002700162756213139,3.502738615066402e-07,0.0001383799271336372,1.7213604683407089,0.04905660377358491,0.2144660287044638,0.0013435280719136342,,,,,1.7213604683407089,0.0
shuffle_r1_SHUFFLED_p+6_Nd4001_dt1,main,shuffle,1,SHUFFLED,6,4001,1.0,2.5350000000000003e-06,0.07321886766113006,23.84365158899891,349,634,atomic,0.3231405824695493,0.19335073467932026,0.000754427769779657,1.5337058676092936,9.475156494165411e-05,-4.117079253465698e-05,0.0001423713517684117,1.8904787794220426,0.026415094339622643,0.424776265422207,0.00215675626260294,0.256266815260859,0.23406406551536538,0.3813398343923666,0.23549246938671517,2.0,0.10952122057795743
shuffle_r1_SHUFFLED_p+6_Nd4001_dt1,main,shuffle,1,SHUFFLED,6,4001,1.0,2.5350000000000003e-06,0.07321886766113006,23.84365158899891,349,634,static,0.008663666004665994,0.008153678737568492,0.000902798652717913,1.4849704847949152,9.898915296627263e-05,5.339081240731584e-08,4.131230468242051e-06,2.0,0.0,0.10571342806174128,0.00012915176682552472,,,,,2.0,0.0
shuffle_r1_SHUFFLED_p+6_Nd4001_dt1,main,shuffle,1,SHUFFLED,6,4001,1.0,2.5350000000000003e-06,0.07321886766113006,23.84365158899891,349,634,static_lti,0.04679025877705423,0.017408626728643326,0.0008976682305423519,1.5025282732661407,0.00010026502357700868,5.105825156059998e-07,2.6710040735214176e-05,2.0,0.0,0.13963264115900167,0.00023177513982066333,,,,,2.0,0.0
shuffle_r1_SHUFFLED_p+6_Nd4001_dt1,main,shuffle,1,SHUFFLED,6,4001,1.0,2.5350000000000003e-06,0.07321886766113006,23.84365158899891,349,634,static_mh,0.2151864395985294,0.21374264054125594,0.0009044235152825831,1.4886894833786715,0.00010884169658394044,-6.604353418553564e-05,2.5973842315763346e-05,1.8998796893744654,0.03018867924528302,0.44587852766426594,0.0025756481148600276,,,,,2.0,0.10012031062553461
shuffle_r1_SHUFFLED_p+6_Nd4001_dt1,main,shuffle,1,SHUFFLED,6,4001,1.0,2.5350000000000003e-06,0.07321886766113006,23.84365158899891,349,634,static_lti_mh,0.05142248964289435,0.021526043296689938,0.0008976820557897048,1.5017813016945754,0.0001004883713805675,-6.560197226091656e-05,2.8548935412546377e-05,2.0,0.0,0.1491546250047742,0.00027599193628750055,,,,,2.0,0.0
shuffle_r1_SHUFFLED_p+6_Nd4001_dt1,main,shuffle,1,SHUFFLED,6,4001,1.0,2.5350000000000003e-06,0.07321886766113006,23.84365158899891,349,634,linear,0.04557386885658606,0.010794612900236781,0.0017390075410078755,1.2347706087351573,0.00019413810112596408,-2.507324874575824e-06,7.379731422355942e-05,2.0,0.0,0.12015312308020769,0.00020537067637957346,,,,,2.0,0.0
shuffle_r2_ORIGINAL_p+3_Nd4001_dt1,main,shuffle,2,ORIGINAL,3,4001,1.0,2.5350000000000003e-06,0.07321886766113006,24.76034161300049,338,634,atomic,1.047689866334558,0.7446067706373899,0.0005844086446147738,1.7028693324211506,8.65159502042508e-05,2.337973499266367e-05,0.00027784208177482914,0.9465825879977319,0.10943396226415095,0.8463687403869968,0.008094256694697103,0.3595243084076432,0.3508559596011154,0.40542156853598077,0.3537865982625342,1.9348967717437549,0.988314183746023
shuffle_r2_ORIGINAL_p+3_Nd4001_dt1,main,shuffle,2,ORIGINAL,3,4001,1.0,2.5350000000000003e-06,0.07321886766113006,24.76034161300049,338,634,static,0.8215529764691039,0.7941083199405167,0.0007035460869073977,1.599750989796564,9.825830167768683e-05,2.1046610752676635e-08,2.330145066111168e-06,0.5812868506794957,0.045283018867924525,0.90867121706769,0.007492866968949499,,,,,1.9348967717437549,1.3536099210642591
shuffle_r2_ORIGINAL_p+3_Nd4001_dt1,main,shuffle,2,ORIGINAL,3,4001,1.0,2.5350000000000003e-06,0.07321886766113006,24.76034161300049,338,634,static_lti,0.9151884253280884,0.8058530746486593,0.0007000429355221916,1.615215450744867,0.00010024843123046672,-5.852069421347219e-07,1.5475819714399857e-05,0.5685546946209293,0.06415094339622641,0.9255878254788071,0.008260185996874642,,,,,1.9348967717437549,1.3663420771228254
shuffle_r2_ORIGINAL_p+3_Nd4001_dt1,main,shuffle,2,ORIGINAL,3,4001,1.0,2.5350000000000003e-06,0.07321886766113006,24.76034161300049,338,634,static_mh,0.9952698529213173,0.9547785590536896,0.0007044910881580606,1.5931858338380251,0.00010296915531459863,-5.1518490659520755e-05,0.0003207410524577842,0.495004741611502,0.04150943396226415,0.8825275473654023,0.0077510679062100995,,,,,1.9348967717437549,1.4398920301322529
shuffle_r2_ORIGINAL_p+3_Nd4001_dt1,main,shuffle,2,ORIGINAL,3,4001,1.0,2.5350000000000003e-06,0.07321886766113006,24.76034161300049,338,634,static_lti_mh,0.922047581673885,0.8144757705350028,0.0007003241866755669,1.6139223582240787,0.00010046746837329157,-5.211135394220134e-05,0.00013787863631888498,0.5340685402836532,0.06415094339622641,0.9432419019818248,0.00823459510118774,,,,,1.9348967717437549,1.4008282314601015
shuffle_r2_ORIGINAL_p+3_Nd4001_dt1,main,shuffle,2,ORIGINAL,3,4001,1.0,2.5350000000000003e-06,0.07321886766113006,24.76034161300049,338,634,linear,0.035827758936883745,7.627864927187525e-05,0.0017345376079399317,1.2369354083834243,0.00018263171634646418,-1.3709480598858725e-07,1.95661138686278e-05,1.9348967717437549,0.011320754716981131,0.09798707546464856,0.00012527427482925726,,,,,1.9348967717437549,0.0
shuffle_r2_BLOCK_SHUFFLED_CYCLES_p+3_Nd4001_dt1,main,shuffle,2,BLOCK_SHUFFLED_CYCLES,3,4001,1.0,2.5350000000000003e-06,0.07321886766113006,25.166025538001122,338,634,atomic,0.8909639525875527,0.6439325961143945,0.0006139409814426722,1.712041262749869,8.717117358578071e-05,2.2863890444323037e-05,0.00028799377880594183,0.8933042173487324,0.07924528301886792,0.7777965771309712,0.008420237147953973,0.39006675202188246,0.38708000518579505,0.43524878471268225,0.39031157801098454,1.9550788119448,1.0617745945960675
shuffle_r2_BLOCK_SHUFFLED_CYCLES_p+3_Nd4001_dt1,main,shuffle,2,BLOCK_SHUFFLED_CYCLES,3,4001,1.0,2.5350000000000003e-06,0.07321886766113006,25.166025538001122,338,634,static,0.8263133570688831,0.7793924780130294,0.000702865646556421,1.6007238415567857,9.806775842188441e-05,-2.4243173373761133e-08,2.422803102808047e-06,0.9641661916813816,0.03018867924528302,0.7108623331763342,0.009126738419891492,,,,,1.9550788119448,0.9909126202634183
shuffle_r2_BLOCK_SHUFFLED_CYCLES_p+3_Nd4001_dt1,main,shuffle,2,BLOCK_SHUFFLED_CYCLES,3,4001,1.0,2.5350000000000003e-06,0.07321886766113006,25.166025538001122,338,634,static_lti,0.9309135819336892,0.8166098915676951,0.0007013971978337424,1.623639489264585,0.00010062521434662547,7.770795764598269e-07,1.4673754982826917e-05,0.9786702224503726,0.03018867924528302,0.7088613920639986,0.008990676365428862,,,,,1.9550788119448,0.9764085894944273
shuffle_r2_BLOCK_SHUFFLED_CYCLES_p+3_Nd4001_dt1,main,shuffle,2,BLOCK_SHUFFLED_CYCLES,3,4001,1.0,2.5350000000000003e-06,0.07321886766113006,25.166025538001122,338,634,static_mh,0.9985790998129884,0.9396170544903939,0.0007054819819970107,1.5970034094963643,0.00010297036610474762,-5.176153155248131e-05,0.0003202503880766863,0.751550920472768,0.03773584905660377,0.777490642397037,0.010270514049018084,,,,,1.9550788119448,1.203527891472032
shuffle_r2_BLOCK_SHUFFLED_CYCLES_p+3_Nd4001_dt1,main,shuffle,2,BLOCK_SHUFFLED_CYCLES,3,4001,1.0,2.5350000000000003e-06,0.07321886766113006,25.166025538001122,338,634,static_lti_mh,0.9405341206013985,0.8252546603695213,0.0007014203022220403,1.6223205153126532,0.00010087887197858838,-5.092300116553483e-05,0.000139130874379676,0.9265182448449969,0.03773584905660377,0.7216015193973507,0.00891738702260503,,,,,1.9550788119448,1.028560567099803
shuffle_r2_BLOCK_SHUFFLED_CYCLES_p+3_Nd4001_dt1,main,shuffle,2,BLOCK_SHUFFLED_CYCLES,3,4001,1.0,2.5350000000000003e-06,0.07321886766113006,25.166025538001122,338,634,linear,0.03848128906549792,5.046964717772464e-05,0.0017534351653801547,1.2384761881497122,0.0001845247292040468,4.4017224615886055e-07,2.1456799753134976e-05,1.9550788119448,0.0037735849056603774,0.10437477041840036,0.00010175543713690505,,,,,1.9550788119448,0.0
shuffle_r2_BLOCK_SHUFFLED_FIXED_p+3_Nd4001_dt1,main,shuffle,2,BLOCK_SHUFFLED_FIXED,3,4001,1.0,2.5350000000000003e-06,0.07321886766113006,27.159426172998792,338,634,atomic,0.9272306466346466,0.5407220859606934,0.0006479131640029052,1.7281955394167985,9.119524456768694e-05,4.3644539396417706e-05,0.00034037890664637794,0.7947226899754251,0.2188679245283019,0.8913386445975552,0.008326998500748388,0.5559576021185465,0.5616911219120344,0.6571322472743214,0.5618125237237176,1.7576403132746876,0.9629176232992626
shuffle_r2_BLOCK_SHUFFLED_FIXED_p+3_Nd4001_dt1,main,shuffle,2,BLOCK_SHUFFLED_FIXED,3,4001,1.0,2.5350000000000003e-06,0.07321886766113006,27.159426172998792,338,634,static,0.7724853408041582,0.593216157609676,0.0007211916241484807,1.5836757762907951,9.739187789771007e-05,4.422684637865828e-08,6.546975303894937e-06,1.0818983119183756,0.03018867924528302,0.8629842921881558,0.006020211250626182,,,,,1.7576403132746876,0.675742001356312
shuffle_r2_BLOCK_SHUFFLED_FIXED_p+3_Nd4001_dt1,main,shuffle,2,BLOCK_SHUFFLED_FIXED,3,4001,1.0,2.5350000000000003e-06,0.07321886766113006,27.159426172998792,338,634,static_lti,0.952203961003471,0.6920196721881348,0.0007160569069969194,1.6194184055536591,0.00010147839359422627,-6.540272195988336e-07,4.181411670196192e-05,1.0620934281803736,0.07924528301886792,0.9161048076115543,0.007389771502565649,,,,,1.7576403132746876,0.6955468850943141
shuffle_r2_BLOCK_SHUFFLED_FIXED_p+3_Nd4001_dt1,main,shuffle,2,BLOCK_SHUFFLED_FIXED,3,4001,1.0,2.5350000000000003e-06,0.07321886766113006,27.159426172998792,338,634,static_mh,1.7490800825741994,1.469944163538515,0.0007183670947660674,1.5757145212236214,0.00012078888728198746,-5.106024814414393e-05,0.00028764609146945535,-0.24884525738689928,0.09056603773584905,1.5532734914183726,0.013722929908468056,,,,,1.7576403132746876,2.006485570661587
shuffle_r2_BLOCK_SHUFFLED_FIXED_p+3_Nd4001_dt1,main,shuffle,2,BLOCK_SHUFFLED_FIXED,3,4001,1.0,2.5350000000000003e-06,0.07321886766113006,27.159426172998792,338,634,static_lti_mh,0.9853683843877579,0.7231034081699381,0.0007151893825767777,1.6154896858199175,0.00010221204024811821,-5.179877235199654e-05,0.00012164353920480112,1.0395967737109193,0.07547169811320754,0.9223228422390755,0.007430678990862232,,,,,1.7576403132746876,0.7180435395637683
shuffle_r2_BLOCK_SHUFFLED_FIXED_p+3_Nd4001_dt1,main,shuffle,2,BLOCK_SHUFFLED_FIXED,3,4001,1.0,2.5350000000000003e-06,0.07321886766113006,27.159426172998792,338,634,linear,0.10095016884870733,0.008277321162075824,0.0017866570749519234,1.2620324929605613,0.00019005601046743418,6.177270276491517e-06,0.00010498400539021659,1.7576403132746876,0.04150943396226415,0.24455632850540857,0.0005505505851342325,,,,,1.7576403132746876,0.0
shuffle_r2_SHUFFLED_p+3_Nd4001_dt1,main,shuffle,2,SHUFFLED,3,4001,1.0,2.5350000000000003e-06,0.07321886766113006,24.761246814001424,338,634,atomic,0.1342975689438403,0.08158380200477132,0.0012575290830223313,1.3568640673073846,9.936015398751914e-05,-0.000136293842792588,0.00010079605584237395,1.964450876322547,0.007547169811320755,0.2903655490783454,0.0004824878902504746,0.1299279331049379,0.09617101429316072,0.20616131502055884,0.09677245835721107,2.0,0.035549123677453
shuffle_r2_SHUFFLED_p+3_Nd4001_dt1,main,shuffle,2,SHUFFLED,3,4001,1.0,2.5350000000000003e-06,0.07321886766113006,24.761246814001424,338,634,static,0.007760219943899907,0.007302328272834682,0.0011384290978299191,1.390209019352402,8.47931830345686e-05,-2.7107357085137148e-08,3.5885144949893877e-06,2.0,0.0,0.10036097632089597,6.28839366616863e-05,,,,,2.0,0.0
shuffle_r2_SHUFFLED_p+3_Nd4001_dt1,main,shuffle,2,SHUFFLED,3,4001,1.0,2.5350000000000003e-06,0.07321886766113006,24.761246814001424,338,634,static_lti,0.04480081630433459,0.015290146304936563,0.001131837458354031,1.4073196580162228,8.583557844802457e-05,1.191813310145579e-06,2.3497825787465286e-05,2.0,0.0,0.13713124051910106,0.00010161397670689671,,,,,2.0,0.0
shuffle_r2_SHUFFLED_p+3_Nd4001_dt1,main,shuffle,2,SHUFFLED,3,4001,1.0,2.5350000000000003e-06,0.07321886766113006,24.761246814001424,338,634,static_mh,0.10811949048488494,0.10740373782400826,0.0011346651163698738,1.3945461058365232,8.861766051501051e-05,-5.155029271115482e-05,1.6052390035592787e-05,1.9890029796295134,0.0037735849056603774,0.3194853402013436,0.0006478215128283029,,,,,2.0,0.010997020370486554
shuffle_r2_SHUFFLED_p+3_Nd4001_dt1,main,shuffle,2,SHUFFLED,3,4001,1.0,2.5350000000000003e-06,0.07321886766113006,24.761246814001424,338,634,static_lti_mh,0.046686013994461074,0.017276918686136816,0.0011318493816063614,1.4074844906421144,8.591506426133068e-05,-5.03003336345959e-05,2.4262447541960382e-05,2.0,0.0,0.142458549668662,0.00011119755517864382,,,,,2.0,0.0
shuffle_r2_SHUFFLED_p+3_Nd4001_dt1,main,shuffle,2,SHUFFLED,3,4001,1.0,2.5350000000000003e-06,0.07321886766113006,24.761246814001424,338,634,linear,0.049670272920184465,0.013493933080999235,0.0017425157077454398,1.235961897019127,0.00013245784337023928,-2.490512282275149e-07,5.451458794153047e-05,2.0,0.0,0.1437693905165319,0.00013289112556629838,,,,,2.0,0.0
shuffle_r2_ORIGINAL_p+0_Nd4001_dt1,main,shuffle,2,ORIGINAL,0,4001,1.0,2.5350000000000003e-06,0.07321886766113006,24.44895709299999,338,634,atomic,0.6697715287369593,0.5188687686747573,0.0008135815010911544,1.5550714923435436,7.701011841071368e-05,-2.512970062223345e-06,0.00020324955438207865,1.040577944632937,0.07924528301886792,0.7264196117728996,0.0024274179879533453,0.2698328389215477,0.24924362071368183,0.3022682954162672,0.25200811236525256,1.9182394750104397,0.8776615303775026
shuffle_r2_ORIGINAL_p+0_Nd4001_dt1,main,shuffle,2,ORIGINAL,0,4001,1.0,2.5350000000000003e-06,0.07321886766113006,24.44895709299999,338,634,static,0.46112730878830643,0.44769534486128537,0.0009316033173801667,1.4752684609494995,8.24847693710947e-05,2.3784418779613063e-08,1.8347584247991268e-06,0.6047068114334422,0.033962264150943396,0.7163202684795104,0.0021940803442514548,,,,,1.9182394750104397,1.3135326635769975
shuffle_r2_ORIGINAL_p+0_Nd4001_dt1,main,shuffle,2,ORIGINAL,0,4001,1.0,2.5350000000000003e-06,0.07321886766113006,24.44895709299999,338,634,static_lti,0.5287596533302543,0.45388267976422225,0.0009264380025971819,1.49193282661548,8.390338718251841e-05,-5.14278255556383e-07,1.1423426685528676e-05,0.40629335259813537,0.03773584905660377,0.7613044661632269,0.0022584854032375633,,,,,1.9182394750104397,1.5119461224123043
shuffle_r2_ORIGINAL_p+0_Nd4001_dt1,main,shuffle,2,ORIGINAL,0,4001,1.0,2.5350000000000003e-06,0.07321886766113006,24.44895709299999,338,634,static_mh,0.5222439584087648,0.5049108115267611,0.000931561752092186,1.4756215960834833,8.418767227764737e-05,-3.7344797579404655e-05,0.0001534264884021396,0.5820254521463548,0.022641509433962263,0.7210043226714872,0.002780466191580858,,,,,1.9182394750104397,1.3362140228640849
shuffle_r2_ORIGINAL_p+0_Nd4001_dt1,main,shuffle,2,ORIGINAL,0,4001,1.0,2.5350000000000003e-06,0.07321886766113006,24.44895709299999,338,634,static_lti_mh,0.5306886888202412,0.45621124999735063,0.000926936578994847,1.4916367110474813,8.400126116453138e-05,-3.788163182123636e-05,6.57540143755778e-05,0.3884104902418065,0.04150943396226415,0.777340856820397,0.002337901595445565,,,,,1.9182394750104397,1.529828984768633
shuffle_r2_ORIGINAL_p+0_Nd4001_dt1,main,shuffle,2,ORIGINAL,0,4001,1.0,2.5350000000000003e-06,0.07321886766113006,24.44895709299999,338,634,linear,0.03582775893688208,7.627864927182019e-05,0.0017345376079399212,1.2369354083834243,0.00012929335368231908,-9.705568996044652e-08,1.3851747830075702e-05,1.9182394750104397,0.018867924528301886,0.10209401023350549,6.666146694166803e-05,,,,,1.9182394750104397,0.0
shuffle_r2_BLOCK_SHUFFLED_CYCLES_p+0_Nd4001_dt1,main,shuffle,2,BLOCK_SHUFFLED_CYCLES,0,4001,1.0,2.5350000000000003e-06,0.07321886766113006,24.7226220499997,338,634,atomic,0.7161464158352966,0.5506593830503891,0.0008185655917356586,1.5770877271808361,7.838779632223983e-05,-2.289392239605137e-05,0.00022708652607278276,0.49718881337831733,0.06415094339622641,0.8123229288760734,0.004057975077593426,0.32024927561893096,0.3014746614516706,0.3498556210609935,0.3018630754552052,1.947024275210908,1.4498354618325906
shuffle_r2_BLOCK_SHUFFLED_CYCLES_p+0_Nd4001_dt1,main,shuffle,2,BLOCK_SHUFFLED_CYCLES,0,4001,1.0,2.5350000000000003e-06,0.07321886766113006,24.7226220499997,338,634,static,0.4636971698285965,0.44294448873412373,0.0009305132899233995,1.4757344703313804,8.228724169456138e-05,-2.433666976734687e-08,1.8805620131444951e-06,0.9532713946673415,0.01509433962264151,0.5504586348219308,0.003645700999079597,,,,,1.947024275210908,0.9937528805435665
shuffle_r2_BLOCK_SHUFFLED_CYCLES_p+0_Nd4001_dt1,main,shuffle,2,BLOCK_SHUFFLED_CYCLES,0,4001,1.0,2.5350000000000003e-06,0.07321886766113006,24.7226220499997,338,634,static_lti,0.5363968532209062,0.4671364217213038,0.0009281942668261674,1.4983082016135758,8.40950755348471e-05,3.63068847821577e-08,1.137912250795801e-05,0.9360229920577072,0.026415094339622643,0.5611359624443546,0.0035834750959091964,,,,,1.947024275210908,1.0110012831532007
shuffle_r2_BLOCK_SHUFFLED_CYCLES_p+0_Nd4001_dt1,main,shuffle,2,BLOCK_SHUFFLED_CYCLES,0,4001,1.0,2.5350000000000003e-06,0.07321886766113006,24.7226220499997,338,634,static_mh,0.5275332329355493,0.5033867055798996,0.0009305517678070391,1.4753523093889775,8.406619244975125e-05,-3.723585970077957e-05,0.0001533754010326477,0.808786820374404,0.011320754716981131,0.5994684759295128,0.0034909717349259507,,,,,1.947024275210908,1.138237454836504
shuffle_r2_BLOCK_SHUFFLED_CYCLES_p+0_Nd4001_dt1,main,shuffle,2,BLOCK_SHUFFLED_CYCLES,0,4001,1.0,2.5350000000000003e-06,0.07321886766113006,24.7226220499997,338,634,static_lti_mh,0.5392342097989677,0.4687125265198657,0.0009287779000435258,1.4980235240767872,8.422552544332234e-05,-3.7116067515607026e-05,6.399402312251428e-05,0.9244717124476695,0.026415094339622643,0.5567211308949844,0.0036605904039584266,,,,,1.947024275210908,1.0225525627632384
shuffle_r2_BLOCK_SHUFFLED_CYCLES_p+0_Nd4001_dt1,main,shuffle,2,BLOCK_SHUFFLED_CYCLES,0,4001,1.0,2.5350000000000003e-06,0.07321886766113006,24.7226220499997,338,634,linear,0.03848128906549951,5.046964717794537e-05,0.0017534351653801582,1.2384761881497104,0.00013063350415462946,3.116180860711419e-07,1.5190250931606613e-05,1.947024275210908,0.007547169811320755,0.10885393868280911,5.567399243001498e-05,,,,,1.947024275210908,0.0
shuffle_r2_BLOCK_SHUFFLED_FIXED_p+0_Nd4001_dt1,main,shuffle,2,BLOCK_SHUFFLED_FIXED,0,4001,1.0,2.5350000000000003e-06,0.07321886766113006,26.138937960000476,338,634,atomic,0.6097789052574785,0.38687067417068494,0.0008938923753231586,1.5884537695088228,8.139315844977054e-05,-3.953291593905259e-05,0.0002679148467258385,1.0262453794860311,0.1471698113207547,0.7097208155982504,0.0025006172693582975,0.42768601329488704,0.40635280818676284,0.5065290003163352,0.41592343586033115,1.7514372929462174,0.7251919134601863
shuffle_r2_BLOCK_SHUFFLED_FIXED_p+0_Nd4001_dt1,main,shuffle,2,BLOCK_SHUFFLED_FIXED,0,4001,1.0,2.5350000000000003e-06,0.07321886766113006,26.138937960000476,338,634,static,0.4384744188705806,0.362935741010126,0.0009492616024521662,1.4670450440690597,8.173167929185852e-05,6.153485292852084e-09,5.63632975434563e-06,0.7179348030549035,0.018867924528301886,0.6797016476479236,0.0013153541812658811,,,,,1.7514372929462174,1.0335024898913139
shuffle_r2_BLOCK_SHUFFLED_FIXED_p+0_Nd4001_dt1,main,shuffle,2,BLOCK_SHUFFLED_FIXED,0,4001,1.0,2.5350000000000003e-06,0.07321886766113006,26.138937960000476,338,634,static_lti,0.5669123804876142,0.42712437365136313,0.0009498879715156272,1.507368327638887,8.535743910570334e-05,4.839709850720608e-07,3.504887280875684e-05,0.798425042413639,0.06037735849056604,0.7107994712063037,0.0016215240840095869,,,,,1.7514372929462174,0.9530122505325784
shuffle_r2_BLOCK_SHUFFLED_FIXED_p+0_Nd4001_dt1,main,shuffle,2,BLOCK_SHUFFLED_FIXED,0,4001,1.0,2.5350000000000003e-06,0.07321886766113006,26.138937960000476,338,634,static_mh,0.7273199383540794,0.6348380864135761,0.0009503175793374057,1.466551005793233,8.96506183066411e-05,-3.7573096793496105e-05,0.00013757265799638064,0.5242409005559517,0.052830188679245285,0.8437130652886446,0.002102694766721026,,,,,1.7514372929462174,1.2271963923902658
shuffle_r2_BLOCK_SHUFFLED_FIXED_p+0_Nd4001_dt1,main,shuffle,2,BLOCK_SHUFFLED_FIXED,0,4001,1.0,2.5350000000000003e-06,0.07321886766113006,26.138937960000476,338,634,static_lti_mh,0.5756883360344878,0.4367672289352879,0.0009502847723712511,1.505151742473796,8.563206286841582e-05,-3.6970626684984715e-05,6.043909542203534e-05,0.6744033320171077,0.052830188679245285,0.7204806741788847,0.0016097548591507745,,,,,1.7514372929462174,1.0770339609291097
shuffle_r2_BLOCK_SHUFFLED_FIXED_p+0_Nd4001_dt1,main,shuffle,2,BLOCK_SHUFFLED_FIXED,0,4001,1.0,2.5350000000000003e-06,0.07321886766113006,26.138937960000476,338,634,linear,0.1009501688487097,0.008277321162080152,0.0017866570749519373,1.2620324929605664,0.0001345493514072884,4.373172451243483e-06,7.43229840437675e-05,1.7514372929462174,0.03773584905660377,0.24580225780664253,0.00028275399321907806,,,,,1.7514372929462174,0.0
shuffle_r2_SHUFFLED_p+0_Nd4001_dt1,main,shuffle,2,SHUFFLED,0,4001,1.0,2.5350000000000003e-06,0.07321886766113006,26.96120327400058,338,634,atomic,0.08443315577680818,0.04301156004901904,0.0015023644667153454,1.295336586953394,8.217418605107909e-05,-0.00010828777177573763,6.225943536992237e-05,1.9999963983278353,0.0,0.22301919026132905,0.00014725967525422486,0.09001155483226723,0.04741589693130821,0.12119682790806575,0.047889029441829885,2.0,3.6016721647325056e-06
shuffle_r2_SHUFFLED_p+0_Nd4001_dt1,main,shuffle,2,SHUFFLED,0,4001,1.0,2.5350000000000003e-06,0.07321886766113006,26.96120327400058,338,634,static,0.006134015121393005,0.005851352285030517,0.0013300291924807238,1.3330384390479009,7.007537087033692e-05,-1.5463359318184485e-08,3.113462360040152e-06,2.0,0.0,0.1042753026675041,3.228797993254175e-05,,,,,2.0,0.0
shuffle_r2_SHUFFLED_p+0_Nd4001_dt1,main,shuffle,2,SHUFFLED,0,4001,1.0,2.5350000000000003e-06,0.07321886766113006,26.96120327400058,338,634,static_lti,0.04348777837640116,0.01287409684311315,0.001321809852575486,1.350403447827,7.09209865525265e-05,8.943369429921263e-07,2.0346102867956366e-05,2.0,0.0,0.13911530148329007,5.3324957645785784e-05,,,,,2.0,0.0
shuffle_r2_SHUFFLED_p+0_Nd4001_dt1,main,shuffle,2,SHUFFLED,0,4001,1.0,2.5350000000000003e-06,0.07321886766113006,26.96120327400058,338,634,static_mh,0.04214175557463481,0.04176437384426159,0.0013262364298214585,1.3332494868627431,7.110920957536075e-05,-3.727876204579373e-05,8.172007228338942e-06,1.9999993540736865,0.0,0.20927007786742038,0.0001307024271912326,,,,,2.0,6.459263135472071e-07
shuffle_r2_SHUFFLED_p+0_Nd4001_dt1,main,shuffle,2,SHUFFLED,0,4001,1.0,2.5350000000000003e-06,0.07321886766113006,26.96120327400058,338,634,static_lti_mh,0.0443545631128045,0.013739206163137787,0.0013219543834781737,1.3505616879191966,7.095819346599745e-05,-3.636211909514698e-05,2.0549018828097358e-05,2.0,0.0,0.1428813450718364,5.402811306132139e-05,,,,,2.0,0.0
shuffle_r2_SHUFFLED_p+0_Nd4001_dt1,main,shuffle,2,SHUFFLED,0,4001,1.0,2.5350000000000003e-06,0.07321886766113006,26.96120327400058,338,634,linear,0.049670272920182654,0.013493933081000413,0.0017425157077454463,1.2359618970191264,9.377297182257533e-05,-1.7631476711885874e-07,3.859337272064384e-05,2.0,0.0,0.1490650699584519,7.113565145024411e-05,,,,,2.0,0.0
shuffle_r2_ORIGINAL_p+6_Nd4001_dt1,main,shuffle,2,ORIGINAL,6,4001,1.0,2.5350000000000003e-06,0.07321886766113006,25.6837266750008,338,634,atomic,1.3553724683565656,0.8660078529134979,0.0004185055606996911,1.8791828017561587,9.385950875913395e-05,9.748444730416169e-05,0.00040842904479753566,0.7802435500122094,0.27547169811320754,0.8839032306507925,0.0190140952104585,0.44738147292018876,0.4487511242525414,0.5416330611973798,0.45224944837239656,1.942678765349446,1.1624352153372366
shuffle_r2_ORIGINAL_p+6_Nd4001_dt1,main,shuffle,2,ORIGINAL,6,4001,1.0,2.5350000000000003e-06,0.07321886766113006,25.6837266750008,338,634,static,1.2941756385436938,1.2422650384426304,0.00050652719950144,1.7522030589917217,0.00011215257890131703,-9.379695158036028e-09,3.1811803026506742e-06,0.8435844361743785,0.07547169811320754,1.0819810576776807,0.023919115964294163,,,,,1.942678765349446,1.0990943291750674
shuffle_r2_ORIGINAL_p+6_Nd4001_dt1,main,shuffle,2,ORIGINAL,6,4001,1.0,2.5350000000000003e-06,0.07321886766113006,25.6837266750008,338,634,static_lti,1.4227181858917148,1.2618811691679797,0.0005052107352454642,1.772352845401619,0.0001149499459152799,-6.40417367571618e-07,1.855334565416732e-05,0.8118213860189926,0.10566037735849057,1.0824321373553627,0.02534888167720286,,,,,1.942678765349446,1.1308573793304535
shuffle_r2_ORIGINAL_p+6_Nd4001_dt1,main,shuffle,2,ORIGINAL,6,4001,1.0,2.5350000000000003e-06,0.07321886766113006,25.6837266750008,338,634,static_mh,1.9179825992819362,1.8401363456424202,0.0004972271643369446,1.7530439258088637,0.00012413975800735304,-9.000383620861228e-05,0.0006650669605709625,0.15071993899863953,0.1169811320754717,1.2643989617613207,0.031933040902819274,,,,,1.942678765349446,1.7919588263508064
shuffle_r2_ORIGINAL_p+6_Nd4001_dt1,main,shuffle,2,ORIGINAL,6,4001,1.0,2.5350000000000003e-06,0.07321886766113006,25.6837266750008,338,634,static_lti_mh,1.4472360102834434,1.283687791783644,0.000505725119628215,1.771902461778057,0.0001156473836881577,-9.057558619215614e-05,0.00035446528135688385,0.7888598556168362,0.10566037735849057,1.0359921838725275,0.025079934160018625,,,,,1.942678765349446,1.1538189097326097
shuffle_r2_ORIGINAL_p+6_Nd4001_dt1,main,shuffle,2,ORIGINAL,6,4001,1.0,2.5350000000000003e-06,0.07321886766113006,25.6837266750008,338,634,linear,0.03582775893688219,7.627864927189469e-05,0.0017345376079399217,1.2369354083834176,0.0002579741561782733,-1.9365156063198344e-07,2.763787044180158e-05,1.942678765349446,0.011320754716981131,0.09571225886863173,0.00024260376889799118,,,,,1.942678765349446,0.0
shuffle_r2_BLOCK_SHUFFLED_CYCLES_p+6_Nd4001_dt1,main,shuffle,2,BLOCK_SHUFFLED_CYCLES,6,4001,1.0,2.5350000000000003e-06,0.07321886766113006,25.62840284699996,338,634,atomic,1.1377069120677714,0.6972546597940124,0.00043260795640267814,1.889978371765948,9.224781363298747e-05,8.515371210363932e-05,0.00042088594234115364,0.7195652719235868,0.15849056603773584,0.8483200420945453,0.018032905007782932,0.5142851898364672,0.5191028545565991,0.5831429112000327,0.5240860704846028,1.959223296616428,1.2396580246928413
shuffle_r2_BLOCK_SHUFFLED_CYCLES_p+6_Nd4001_dt1,main,shuffle,2,BLOCK_SHUFFLED_CYCLES,6,4001,1.0,2.5350000000000003e-06,0.07321886766113006,25.62840284699996,338,634,static,1.2985879492948131,1.2040164055926865,0.000506471273289458,1.752673086743683,0.00011199036089368056,-1.0549618549555407e-07,3.3470362320771495e-06,0.8109716777945608,0.06037735849056604,0.889755282675393,0.023887635184676636,,,,,1.959223296616428,1.1482516188218672
shuffle_r2_BLOCK_SHUFFLED_CYCLES_p+6_Nd4001_dt1,main,shuffle,2,BLOCK_SHUFFLED_CYCLES,6,4001,1.0,2.5350000000000003e-06,0.07321886766113006,25.62840284699996,338,634,static_lti,1.4250271367149216,1.259608868167518,0.0005059037867681279,1.773611433363438,0.00011489859554229958,1.6169800965206584e-06,1.9874424960176894e-05,0.7780723835059499,0.07547169811320754,0.90840237585196,0.02513611239798061,,,,,1.959223296616428,1.181150913110478
shuffle_r2_BLOCK_SHUFFLED_CYCLES_p+6_Nd4001_dt1,main,shuffle,2,BLOCK_SHUFFLED_CYCLES,6,4001,1.0,2.5350000000000003e-06,0.07321886766113006,25.62840284699996,338,634,static_mh,1.9155838050360317,1.7756320925875975,0.0004973329569845944,1.747508831512083,0.0001238379092543283,-9.07606069458212e-05,0.0006645165285284705,0.419904614270461,0.06792452830188679,1.0414244132921502,0.026566658811382128,,,,,1.959223296616428,1.539318682345967
shuffle_r2_BLOCK_SHUFFLED_CYCLES_p+6_Nd4001_dt1,main,shuffle,2,BLOCK_SHUFFLED_CYCLES,6,4001,1.0,2.5350000000000003e-06,0.07321886766113006,25.62840284699996,338,634,static_lti_mh,1.4614731429799492,1.2935402650236096,0.0005051933880745347,1.7726410227071885,0.00011559568729870138,-8.912322411583996e-05,0.00034522798739844467,0.818223417776852,0.06792452830188679,0.9011337057340499,0.024011697642571037,,,,,1.959223296616428,1.140999878839576
shuffle_r2_BLOCK_SHUFFLED_CYCLES_p+6_Nd4001_dt1,main,shuffle,2,BLOCK_SHUFFLED_CYCLES,6,4001,1.0,2.5350000000000003e-06,0.07321886766113006,25.62840284699996,338,634,linear,0.03848128906549765,5.046964717788639e-05,0.001753435165380159,1.2384761881497102,0.00026064810791206285,6.217598238004966e-07,3.0308535238754863e-05,1.959223296616428,0.0037735849056603774,0.10191104347871292,0.00019350416299313054,,,,,1.959223296616428,0.0
shuffle_r2_BLOCK_SHUFFLED_FIXED_p+6_Nd4001_dt1,main,shuffle,2,BLOCK_SHUFFLED_FIXED,6,4001,1.0,2.5350000000000003e-06,0.07321886766113006,24.62868716199955,338,634,atomic,1.0850922417541962,0.6209568014856734,0.0005083381330042621,1.8529423894727755,0.00010511438013324008,0.00015345237105406407,0.00042123108779826344,0.6687322494799977,0.30943396226415093,0.9962343423488824,0.02188959970383971,0.6604625661645016,0.6865174970653403,0.7759303651499408,0.677411594914867,1.7613034624788584,1.0925712129988607
shuffle_r2_BLOCK_SHUFFLED_FIXED_p+6_Nd4001_dt1,main,shuffle,2,BLOCK_SHUFFLED_FIXED,6,4001,1.0,2.5350000000000003e-06,0.07321886766113006,24.62868716199955,338,634,static,1.2090100218178845,0.8689016376651063,0.0005218289403391816,1.7295166562392257,0.000111169171683849,1.0382827860703035e-07,7.490031541841289e-06,0.9905728944459724,0.07169811320754717,1.0349371393127111,0.019615167985627072,,,,,1.7613034624788584,0.770730568032886
shuffle_r2_BLOCK_SHUFFLED_FIXED_p+6_Nd4001_dt1,main,shuffle,2,BLOCK_SHUFFLED_FIXED,6,4001,1.0,2.5350000000000003e-06,0.07321886766113006,24.62868716199955,338,634,static_lti,1.4731956201483558,0.9901076609365755,0.0005168464685081508,1.77076013716283,0.00011649508192009441,-1.5560556985775814e-06,5.1763072050484305e-05,0.8772676791123373,0.16981132075471697,1.1111703183670216,0.023103618514003773,,,,,1.7613034624788584,0.8840357833665211
shuffle_r2_BLOCK_SHUFFLED_FIXED_p+6_Nd4001_dt1,main,shuffle,2,BLOCK_SHUFFLED_FIXED,6,4001,1.0,2.5350000000000003e-06,0.07321886766113006,24.62868716199955,338,634,static_mh,4.324861453494074,3.536303494152069,0.0005343954073999281,1.6811092985370444,0.00017663675501631553,-8.78535301133397e-05,0.0005909176349112922,-0.0762592570523317,0.15849056603773584,2.2662286539821777,0.07815055717156717,,,,,1.7613034624788584,1.83756271953119
shuffle_r2_BLOCK_SHUFFLED_FIXED_p+6_Nd4001_dt1,main,shuffle,2,BLOCK_SHUFFLED_FIXED,6,4001,1.0,2.5350000000000003e-06,0.07321886766113006,24.62868716199955,338,634,static_lti_mh,1.5933265908616427,1.0924344598972766,0.0005141980093805612,1.7626039577818977,0.00011867627546196776,-8.999771776839358e-05,0.00024702695024967676,0.6804475723648994,0.15849056603773584,1.1793568076526726,0.026500379081651815,,,,,1.7613034624788584,1.080855890113959
shuffle_r2_BLOCK_SHUFFLED_FIXED_p+6_Nd4001_dt1,main,shuffle,2,BLOCK_SHUFFLED_FIXED,6,4001,1.0,2.5350000000000003e-06,0.07321886766113006,24.62868716199955,338,634,linear,0.10095016884870855,0.008277321162081484,0.001786657074951923,1.2620324929605617,0.0002684612503664655,8.725626188825187e-06,0.0001482938491985596,1.7613034624788584,0.04150943396226415,0.24396597420395533,0.0010825160155147377,,,,,1.7613034624788584,0.0
shuffle_r2_SHUFFLED_p+6_Nd4001_dt1,main,shuffle,2,SHUFFLED,6,4001,1.0,2.5350000000000003e-06,0.07321886766113006,28.110393880999254,338,634,atomic,0.29353506171630134,0.18024500123922446,0.000833572971237198,1.495312421024778,9.934142055298588e-05,-6.0718962612151824e-05,0.00013488989250622354,1.9210991651652587,0.022641509433962263,0.4182630322029287,0.0022198648095224523,0.24003978671067192,0.21403851092520437,0.4124376054240628,0.2142364849645753,2.0,0.0789008348347413
shuffle_r2_SHUFFLED_p+6_Nd4001_dt1,main,shuffle,2,SHUFFLED,6,4001,1.0,2.5350000000000003e-06,0.07321886766113006,28.110393880999254,338,634,static,0.009577986472593692,0.008929834006549765,0.0009204983732077103,1.468682587941189,9.693166316073879e-05,-1.3871359999758602e-08,4.095493524139311e-06,2.0,0.0,0.10463656434063025,0.00013610223989806493,,,,,2.0,0.0
shuffle_r2_SHUFFLED_p+6_Nd4001_dt1,main,shuffle,2,SHUFFLED,6,4001,1.0,2.5350000000000003e-06,0.07321886766113006,28.110393880999254,338,634,static_lti,0.047241325789245496,0.018247611719907228,0.00091581212666978,1.486411030055384,9.82196876826785e-05,-1.380352310293537e-07,2.6554046964764292e-05,2.0,0.0,0.13958063519754088,0.00021834921801559598,,,,,2.0,0.0
shuffle_r2_SHUFFLED_p+6_Nd4001_dt1,main,shuffle,2,SHUFFLED,6,4001,1.0,2.5350000000000003e-06,0.07321886766113006,28.110393880999254,338,634,static_mh,0.3202035898452175,0.3186894020227067,0.0009166612614490806,1.4760169907059544,0.00011037435235738987,-8.981166873061243e-05,3.1770636539369536e-05,1.7543898435477219,0.06037735849056604,0.5594624213787626,0.003908882434986145,,,,,2.0,0.24561015645227813
shuffle_r2_SHUFFLED_p+6_Nd4001_dt1,main,shuffle,2,SHUFFLED,6,4001,1.0,2.5350000000000003e-06,0.07321886766113006,28.110393880999254,338,634,static_lti_mh,0.05200213959460238,0.02309110965469736,0.0009161681187854816,1.4863622009939346,9.848173124397964e-05,-8.985312464040971e-05,2.882349553533757e-05,2.0,0.0,0.15153710911583643,0.0002809353314072875,,,,,2.0,0.0
shuffle_r2_SHUFFLED_p+6_Nd4001_dt1,main,shuffle,2,SHUFFLED,6,4001,1.0,2.5350000000000003e-06,0.07321886766113006,28.110393880999254,338,634,linear,0.04967027292018551,0.013493933080999597,0.0017425157077454454,1.235961897019129,0.00018710167684022334,-3.517942104051791e-07,7.700390219704664e-05,2.0,0.0,0.14103281285269728,0.0002560000195298736,,,,,2.0,0.0
shuffle_r3_ORIGINAL_p+3_Nd4001_dt1,main,shuffle,3,ORIGINAL,3,4001,1.0,2.5350000000000003e-06,0.07321886766113006,26.54829821599924,322,634,atomic,0.8696979658370133,0.6224692958551552,0.0006216607866476399,1.6999809618446986,8.75704638410007e-05,6.532531307093974e-05,0.000287331583256545,0.8769071772026509,0.12452830188679245,0.9020000032254513,0.009696558430499809,0.3959860280115481,0.388442409350102,0.4334685181838383,0.3915011523425811,1.946207587724394,1.0693004105217432
shuffle_r3_ORIGINAL_p+3_Nd4001_dt1,main,shuffle,3,ORIGINAL,3,4001,1.0,2.5350000000000003e-06,0.07321886766113006,26.54829821599924,322,634,static,0.5491406450688177,0.5192071136617815,0.0007793735831347332,1.5536491122333815,0.00010002199329114866,-4.191628664576231e-08,2.461186328748851e-06,1.1922939877128915,0.026415094339622643,0.8641533947591409,0.00762433006263048,,,,,1.946207587724394,0.7539136000115025
shuffle_r3_ORIGINAL_p+3_Nd4001_dt1,main,shuffle,3,ORIGINAL,3,4001,1.0,2.5350000000000003e-06,0.07321886766113006,26.54829821599924,322,634,static_lti,0.6323069630800348,0.5473539190995184,0.0007745546881923461,1.5749718421002792,0.00010203281020807831,-1.0581105252768013e-06,1.5005784528236615e-05,1.1500192919930765,0.06037735849056604,0.888360470917869,0.008219056227334001,,,,,1.946207587724394,0.7961882957313176
shuffle_r3_ORIGINAL_p+3_Nd4001_dt1,main,shuffle,3,ORIGINAL,3,4001,1.0,2.5350000000000003e-06,0.07321886766113006,26.54829821599924,322,634,static_mh,0.6587956402216603,0.6250120356489351,0.0007828538312198197,1.552536645671547,0.0001039528667043322,-1.2788373174255506e-05,0.00025522060222160864,1.095329079940334,0.03018867924528302,0.8933634460665615,0.009544059740676498,,,,,1.946207587724394,0.8508785077840602
shuffle_r3_ORIGINAL_p+3_Nd4001_dt1,main,shuffle,3,ORIGINAL,3,4001,1.0,2.5350000000000003e-06,0.07321886766113006,26.54829821599924,322,634,static_lti_mh,0.6432949904605428,0.55680120022544,0.0007743116201797088,1.5758814687890157,0.00010234300401072406,-1.3840809922201786e-05,0.00011619778724032389,1.14805825663574,0.052830188679245285,0.8832635684655,0.008277039598844318,,,,,1.946207587724394,0.798149331088654
shuffle_r3_ORIGINAL_p+3_Nd4001_dt1,main,shuffle,3,ORIGINAL,3,4001,1.0,2.5350000000000003e-06,0.07321886766113006,26.54829821599924,322,634,linear,0.042325328442265206,6.623801512206054e-05,0.0017451394219916727,1.240545576699624,0.00018362152271250113,-1.1396338675881615e-06,2.3439974163915e-05,1.946207587724394,0.011320754716981131,0.09969582978550562,0.00012462851017144876,,,,,1.946207587724394,0.0
shuffle_r3_BLOCK_SHUFFLED_CYCLES_p+3_Nd4001_dt1,main,shuffle,3,BLOCK_SHUFFLED_CYCLES,3,4001,1.0,2.5350000000000003e-06,0.07321886766113006,25.56927307800106,322,634,atomic,0.8226255645694429,0.5772999567776695,0.0006177213831153589,1.7348688851614251,8.607164506398814e-05,6.7560626468392e-05,0.00032317098224163087,0.775060298009799,0.1320754716981132,0.7389782155047886,0.00782566064270086,0.43927005604123787,0.4300715550434971,0.47468835509867824,0.43706354829629573,1.9500350225446674,1.1749747245348683
shuffle_r3_BLOCK_SHUFFLED_CYCLES_p+3_Nd4001_dt1,main,shuffle,3,BLOCK_SHUFFLED_CYCLES,3,4001,1.0,2.5350000000000003e-06,0.07321886766113006,25.56927307800106,322,634,static,0.5459291065109707,0.5165057531711335,0.00078144507218632,1.5520100906612377,0.00010039467510675285,2.4781579830122713e-08,2.5010469443834136e-06,1.0918164069325154,0.01509433962264151,0.5943400876701102,0.005941020740198843,,,,,1.9500350225446674,0.8582186156121521
shuffle_r3_BLOCK_SHUFFLED_CYCLES_p+3_Nd4001_dt1,main,shuffle,3,BLOCK_SHUFFLED_CYCLES,3,4001,1.0,2.5350000000000003e-06,0.07321886766113006,25.56927307800106,322,634,static_lti,0.6389836375840849,0.5675308669235756,0.0007745760347061983,1.5762537812683302,0.00010245743181026105,-1.4182879933573092e-06,1.526199003559595e-05,1.0652684443900544,0.033962264150943396,0.6049772699853341,0.006325423070169094,,,,,1.9500350225446674,0.884766578154613
shuffle_r3_BLOCK_SHUFFLED_CYCLES_p+3_Nd4001_dt1,main,shuffle,3,BLOCK_SHUFFLED_CYCLES,3,4001,1.0,2.5350000000000003e-06,0.07321886766113006,25.56927307800106,322,634,static_mh,0.6713979616296204,0.6318882168825312,0.0007784836012009685,1.5458294003870716,0.00010398293215046331,-1.2750594129478415e-05,0.000255262308545221,1.1951984769492938,0.022641509433962263,0.5506810124278817,0.006412846395980085,,,,,1.9500350225446674,0.7548365455953736
shuffle_r3_BLOCK_SHUFFLED_CYCLES_p+3_Nd4001_dt1,main,shuffle,3,BLOCK_SHUFFLED_CYCLES,3,4001,1.0,2.5350000000000003e-06,0.07321886766113006,25.56927307800106,322,634,static_lti_mh,0.6504912612425652,0.578110595086107,0.0007741637304290663,1.5768147725231334,0.00010275970174694045,-1.454938163526264e-05,0.0001167334840647097,1.0670816408813715,0.03773584905660377,0.6153989252419374,0.006415109912581394,,,,,1.9500350225446674,0.882953381663296
shuffle_r3_BLOCK_SHUFFLED_CYCLES_p+3_Nd4001_dt1,main,shuffle,3,BLOCK_SHUFFLED_CYCLES,3,4001,1.0,2.5350000000000003e-06,0.07321886766113006,25.56927307800106,322,634,linear,0.045596417306772934,8.453420291383148e-05,0.0017484120779989723,1.2422351672470742,0.00018462498180311587,-2.950274341794468e-06,2.4916312086194137e-05,1.9500350225446674,0.0037735849056603774,0.10002322362647001,0.00014054491337149778,,,,,1.9500350225446674,0.0
shuffle_r3_BLOCK_SHUFFLED_FIXED_p+3_Nd4001_dt1,main,shuffle,3,BLOCK_SHUFFLED_FIXED,3,4001,1.0,2.5350000000000003e-06,0.07321886766113006,25.360139280999647,322,634,atomic,0.7990900245354111,0.42278930940727244,0.0006741389337742628,1.7090630977282781,9.209161863771848e-05,6.002297814849866e-05,0.0003202506422214752,0.7687052057446148,0.2679245283018868,0.8108727895299749,0.006158450031042418,0.5302255608493551,0.5224044993514424,0.6511255348667093,0.5252110346527155,1.723939617089295,0.9552344113446803
shuffle_r3_BLOCK_SHUFFLED_FIXED_p+3_Nd4001_dt1,main,shuffle,3,BLOCK_SHUFFLED_FIXED,3,4001,1.0,2.5350000000000003e-06,0.07321886766113006,25.360139280999647,322,634,static,0.5257331055163994,0.4470077298988575,0.0007910407722309912,1.5453189930415436,9.961170887797622e-05,-2.469154299036286e-07,6.618673472487974e-06,1.3652482985987404,0.018867924528301886,0.8490984685923576,0.007000563527699923,,,,,1.723939617089295,0.3586913184905547
shuffle_r3_BLOCK_SHUFFLED_FIXED_p+3_Nd4001_dt1,main,shuffle,3,BLOCK_SHUFFLED_FIXED,3,4001,1.0,2.5350000000000003e-06,0.07321886766113006,25.360139280999647,322,634,static_lti,0.6615306559319086,0.5093196237385954,0.000789049456149379,1.5803136304656804,0.0001036730761189841,-1.5151793704718813e-07,3.924098536764996e-05,1.2511244484331787,0.07924528301886792,0.9802217443625889,0.00914473799243261,,,,,1.723939617089295,0.4728151686561164
shuffle_r3_BLOCK_SHUFFLED_FIXED_p+3_Nd4001_dt1,main,shuffle,3,BLOCK_SHUFFLED_FIXED,3,4001,1.0,2.5350000000000003e-06,0.07321886766113006,25.360139280999647,322,634,static_mh,1.1525220107075735,1.0188798039561484,0.0007787217914269064,1.5433359842912702,0.00011641320257802331,-1.3046621495837956e-05,0.00023067795781525426,0.6643230257629119,0.09056603773584905,1.5810474256756766,0.016644333585940155,,,,,1.723939617089295,1.059616591326383
shuffle_r3_BLOCK_SHUFFLED_FIXED_p+3_Nd4001_dt1,main,shuffle,3,BLOCK_SHUFFLED_FIXED,3,4001,1.0,2.5350000000000003e-06,0.07321886766113006,25.360139280999647,322,634,static_lti_mh,0.6729875300322473,0.5228260220391626,0.0007897968802305029,1.582742235557506,0.0001041272111376028,-1.341621421063166e-05,0.00010614076686239669,1.2489999550457767,0.09433962264150944,0.9699230863316308,0.008903574249438379,,,,,1.723939617089295,0.47493966204351845
shuffle_r3_BLOCK_SHUFFLED_FIXED_p+3_Nd4001_dt1,main,shuffle,3,BLOCK_SHUFFLED_FIXED,3,4001,1.0,2.5350000000000003e-06,0.07321886766113006,25.360139280999647,322,634,linear,0.08999419825553615,0.007430726210411107,0.0017785179249055255,1.2590010756245769,0.00018919005899372917,-5.346644958479186e-06,9.650052249561268e-05,1.723939617089295,0.05660377358490566,0.21981778823846762,0.0005085282586535512,,,,,1.723939617089295,0.0
shuffle_r3_SHUFFLED_p+3_Nd4001_dt1,main,shuffle,3,SHUFFLED,3,4001,1.0,2.5350000000000003e-06,0.07321886766113006,25.027022094998756,322,634,atomic,0.14984790040278675,0.09111969942151651,0.0011754984085884622,1.3750765351830023,9.795450207079613e-05,-0.00015284722519642133,0.00010613573754689187,1.9994558461429013,0.0,0.29191877458761534,0.00048467364185625665,0.1420273530713632,0.10346491267090897,0.19073676163687353,0.10450221442358922,2.0,0.000544153857098717
shuffle_r3_SHUFFLED_p+3_Nd4001_dt1,main,shuffle,3,SHUFFLED,3,4001,1.0,2.5350000000000003e-06,0.07321886766113006,25.027022094998756,322,634,static,0.005736283487984391,0.0054814109779059445,0.0011288665217150855,1.394134502106847,8.797688837335123e-05,-8.745440291358475e-08,3.4532361320356305e-06,2.0,0.0,0.09898475414947089,5.2433365363808196e-05,,,,,2.0,0.0
shuffle_r3_SHUFFLED_p+3_Nd4001_dt1,main,shuffle,3,SHUFFLED,3,4001,1.0,2.5350000000000003e-06,0.07321886766113006,25.027022094998756,322,634,static_lti,0.04402024290281815,0.012289127806949043,0.001121912071978376,1.4139563609927424,8.908216961679003e-05,1.8708140042720913e-06,2.4447225697596054e-05,2.0,0.0,0.12242275353197671,9.67035827254483e-05,,,,,2.0,0.0
shuffle_r3_SHUFFLED_p+3_Nd4001_dt1,main,shuffle,3,SHUFFLED,3,4001,1.0,2.5350000000000003e-06,0.07321886766113006,25.027022094998756,322,634,static_mh,0.06474098213664835,0.06425847047897233,0.001127144403604727,1.399755656630191,9.038896204761135e-05,-1.3220616913150425e-05,1.2962785347622238e-05,1.9999862652799458,0.0,0.25764338185307717,0.0004170856091689544,,,,,2.0,1.3734720054170424e-05
shuffle_r3_SHUFFLED_p+3_Nd4001_dt1,main,shuffle,3,SHUFFLED,3,4001,1.0,2.5350000000000003e-06,0.07321886766113006,25.027022094998756,322,634,static_lti_mh,0.04535175561150058,0.013512895309726174,0.0011219295165215812,1.4141493839843824,8.914218689436973e-05,-1.1274421311437197e-05,2.4486097408046648e-05,2.0,0.0,0.1254379315945922,0.0001043977554520059,,,,,2.0,0.0
shuffle_r3_SHUFFLED_p+3_Nd4001_dt1,main,shuffle,3,SHUFFLED,3,4001,1.0,2.5350000000000003e-06,0.07321886766113006,25.027022094998756,322,634,linear,0.04736406832436308,0.010840941656271197,0.0017401668735608942,1.2373845898401086,0.00013838504985095074,5.831991663389522e-07,5.3635758791944686e-05,2.0,0.0,0.12263806020084972,9.015773881949721e-05,,,,,2.0,0.0
shuffle_r3_ORIGINAL_p+0_Nd4001_dt1,main,shuffle,3,ORIGINAL,0,4001,1.0,2.5350000000000003e-06,0.07321886766113006,28.643919995000033,322,634,atomic,0.5503944579800119,0.4266251585425712,0.0008648031438975314,1.53920026401118,7.854008633692084e-05,-1.1141045000553001e-05,0.00021071299635760409,1.0820850309518242,0.08679245283018867,0.7847742810550807,0.003622925318590322,0.27598311421538707,0.25495505273227614,0.29696329354933765,0.2561221871205827,1.9342195178462254,0.8521344868944012
shuffle_r3_ORIGINAL_p+0_Nd4001_dt1,main,shuffle,3,ORIGINAL,0,4001,1.0,2.5350000000000003e-06,0.07321886766113006,28.643919995000033,322,634,static,0.262887674419521,0.25267544612278425,0.0010607826257172635,1.4332154200006872,8.700606010407832e-05,-2.3367579573385738e-08,2.002842086922639e-06,1.5098473430636086,0.01509433962264151,0.5940407053931396,0.0018852332556806002,,,,,1.9342195178462254,0.4243721747826168
shuffle_r3_ORIGINAL_p+0_Nd4001_dt1,main,shuffle,3,ORIGINAL,0,4001,1.0,2.5350000000000003e-06,0.07321886766113006,28.643919995000033,322,634,static_lti,0.32020530002699,0.2672264103449661,0.0010545606154110185,1.455534233392861,8.843425623605958e-05,-6.859335241269573e-07,1.2065789638903334e-05,1.4711159642270477,0.03018867924528302,0.6072155173289183,0.0020027988291298855,,,,,1.9342195178462254,0.46310355361917765
shuffle_r3_ORIGINAL_p+0_Nd4001_dt1,main,shuffle,3,ORIGINAL,0,4001,1.0,2.5350000000000003e-06,0.07321886766113006,28.643919995000033,322,634,static_mh,0.3034164750900234,0.29187103317676255,0.0010608993808247876,1.4336773327496677,8.839722892251597e-05,-2.9655160126702452e-05,0.00012735286351026195,1.4883468112719886,0.01509433962264151,0.5645038426680701,0.001912701404170226,,,,,1.9342195178462254,0.4458727065742367
shuffle_r3_ORIGINAL_p+0_Nd4001_dt1,main,shuffle,3,ORIGINAL,0,4001,1.0,2.5350000000000003e-06,0.07321886766113006,28.643919995000033,322,634,static_lti_mh,0.32334982066912343,0.27058155133615,0.0010544124460813108,1.4561398730175135,8.852759361587042e-05,-3.0577121305261e-05,5.896617101890374e-05,1.4657392416068544,0.03018867924528302,0.6152997545035424,0.002069694472300093,,,,,1.9342195178462254,0.46848027623937094
shuffle_r3_ORIGINAL_p+0_Nd4001_dt1,main,shuffle,3,ORIGINAL,0,4001,1.0,2.5350000000000003e-06,0.07321886766113006,28.643919995000033,322,634,linear,0.0423253284422659,6.623801512200496e-05,0.0017451394219916599,1.240545576699629,0.00012999408292651088,-8.067989923002195e-07,1.659423089541586e-05,1.9342195178462254,0.01509433962264151,0.10395870765763911,6.741926116783546e-05,,,,,1.9342195178462254,0.0
shuffle_r3_BLOCK_SHUFFLED_CYCLES_p+0_Nd4001_dt1,main,shuffle,3,BLOCK_SHUFFLED_CYCLES,0,4001,1.0,2.5350000000000003e-06,0.07321886766113006,25.576367054000002,322,634,atomic,0.5825578587860948,0.4455481719956252,0.0008332201893234743,1.5688113163200588,7.660575325756163e-05,-3.993769755490046e-05,0.00023159895744004385,0.7608427702132153,0.09433962264150944,0.6377706395896212,0.0024036467337126394,0.30804228119739074,0.2899746288175493,0.32491091043306497,0.29178038184545163,1.943934052765924,1.1830912825527085
shuffle_r3_BLOCK_SHUFFLED_CYCLES_p+0_Nd4001_dt1,main,shuffle,3,BLOCK_SHUFFLED_CYCLES,0,4001,1.0,2.5350000000000003e-06,0.07321886766113006,25.576367054000002,322,634,static,0.26191377398917304,0.24989500624987432,0.001062402810737212,1.4319924338540262,8.72973004317561e-05,1.2190956004376258e-08,2.0532656062935823e-06,1.3635652074580698,0.0037735849056603774,0.395229643522419,0.001723234515027484,,,,,1.943934052765924,0.5803688453078542
shuffle_r3_BLOCK_SHUFFLED_CYCLES_p+0_Nd4001_dt1,main,shuffle,3,BLOCK_SHUFFLED_CYCLES,0,4001,1.0,2.5350000000000003e-06,0.07321886766113006,25.576367054000002,322,634,static_lti,0.32933556787412,0.2853099712814306,0.0010516783005574352,1.4568814116348654,8.86903926649817e-05,-1.2607961095015594e-06,1.1757733551019831e-05,1.3009090718254013,0.022641509433962263,0.41007737121297577,0.0018465618758222164,,,,,1.943934052765924,0.6430249809405226
shuffle_r3_BLOCK_SHUFFLED_CYCLES_p+0_Nd4001_dt1,main,shuffle,3,BLOCK_SHUFFLED_CYCLES,0,4001,1.0,2.5350000000000003e-06,0.07321886766113006,25.576367054000002,322,634,static_mh,0.3019601597828704,0.28634995626135995,0.0010636904101131513,1.4327498327522095,8.877372661198556e-05,-3.0048216418831238e-05,0.00012762386428645463,1.3409506151129165,0.01509433962264151,0.39193242060579575,0.0019052717024575325,,,,,1.943934052765924,0.6029834376530074
shuffle_r3_BLOCK_SHUFFLED_CYCLES_p+0_Nd4001_dt1,main,shuffle,3,BLOCK_SHUFFLED_CYCLES,0,4001,1.0,2.5350000000000003e-06,0.07321886766113006,25.576367054000002,322,634,static_lti_mh,0.3317919921437277,0.2877233655656718,0.0010519394034031989,1.4571663999918139,8.879297841667232e-05,-3.149217170014242e-05,5.701857671802418e-05,1.3263414979824957,0.022641509433962263,0.4118402537432629,0.0019089775234631713,,,,,1.943934052765924,0.6175925547834282
shuffle_r3_BLOCK_SHUFFLED_CYCLES_p+0_Nd4001_dt1,main,shuffle,3,BLOCK_SHUFFLED_CYCLES,0,4001,1.0,2.5350000000000003e-06,0.07321886766113006,25.576367054000002,322,634,linear,0.04559641730677257,8.453420291384995e-05,0.0017484120779989887,1.2422351672470746,0.0001307044775595143,-2.0886342830499743e-06,1.7639398103818792e-05,1.943934052765924,0.0037735849056603774,0.10406245219868994,7.577372939092603e-05,,,,,1.943934052765924,0.0
shuffle_r3_BLOCK_SHUFFLED_FIXED_p+0_Nd4001_dt1,main,shuffle,3,BLOCK_SHUFFLED_FIXED,0,4001,1.0,2.5350000000000003e-06,0.07321886766113006,25.261393227001463,322,634,atomic,0.49194015929719614,0.2975706112280924,0.0009587425130802499,1.550244393709038,8.443590388539371e-05,-3.320870538474635e-05,0.00023877850121647987,1.1039321525407175,0.2,0.5750034043810022,0.0015882808490807446,0.36249166226010465,0.32698190123946924,0.42163929224872315,0.32943351979127117,1.718037483130508,0.6141053305897906
shuffle_r3_BLOCK_SHUFFLED_FIXED_p+0_Nd4001_dt1,main,shuffle,3,BLOCK_SHUFFLED_FIXED,0,4001,1.0,2.5350000000000003e-06,0.07321886766113006,25.261393227001463,322,634,static,0.25403294679888083,0.22721794649532326,0.0010710413969516126,1.428169617596566,8.658279429178372e-05,-2.0383197137567856e-07,6.1029004782252446e-06,1.6205803467816915,0.011320754716981131,0.5352655909440469,0.001354416009218375,,,,,1.718037483130508,0.09745713634881659
shuffle_r3_BLOCK_SHUFFLED_FIXED_p+0_Nd4001_dt1,main,shuffle,3,BLOCK_SHUFFLED_FIXED,0,4001,1.0,2.5350000000000003e-06,0.07321886766113006,25.261393227001463,322,634,static_lti,0.35266820192494097,0.2623961346417359,0.0010751763722982872,1.4642652109293308,9.025319858710503e-05,-1.3551082478584068e-06,3.545198736479768e-05,1.4936292246673697,0.0830188679245283,0.6414653340877486,0.001904887445448595,,,,,1.718037483130508,0.2244082584631384
shuffle_r3_BLOCK_SHUFFLED_FIXED_p+0_Nd4001_dt1,main,shuffle,3,BLOCK_SHUFFLED_FIXED,0,4001,1.0,2.5350000000000003e-06,0.07321886766113006,25.261393227001463,322,634,static_mh,0.3898591459021123,0.35846391308051595,0.0010809978350058635,1.427610993824201,9.19745964816033e-05,-3.0095957160000346e-05,0.00011489359531063316,1.4002285881687477,0.026415094339622643,0.6455711909019981,0.0020392623606446487,,,,,1.718037483130508,0.31780889496176035
shuffle_r3_BLOCK_SHUFFLED_FIXED_p+0_Nd4001_dt1,main,shuffle,3,BLOCK_SHUFFLED_FIXED,0,4001,1.0,2.5350000000000003e-06,0.07321886766113006,25.261393227001463,322,634,static_lti_mh,0.3548842600682392,0.2660366678736936,0.0010753268932390076,1.4639954818885408,9.034097577940746e-05,-3.159733729679922e-05,5.902728222565113e-05,1.4905600892194497,0.07547169811320754,0.6343863995789046,0.0018716036674002313,,,,,1.718037483130508,0.22747739391105837
shuffle_r3_BLOCK_SHUFFLED_FIXED_p+0_Nd4001_dt1,main,shuffle,3,BLOCK_SHUFFLED_FIXED,0,4001,1.0,2.5350000000000003e-06,0.07321886766113006,25.261393227001463,322,634,linear,0.08999419825554049,0.00743072621040753,0.001778517924905523,1.2590010756245844,0.00013393630471199693,-3.785134758955402e-06,6.831713809163588e-05,1.718037483130508,0.06037735849056604,0.22149757936612655,0.0002584737063499782,,,,,1.718037483130508,0.0
shuffle_r3_SHUFFLED_p+0_Nd4001_dt1,main,shuffle,3,SHUFFLED,0,4001,1.0,2.5350000000000003e-06,0.07321886766113006,25.721281047000957,322,634,atomic,0.08656695789766633,0.04399899723383827,0.0014640947978368907,1.3050307106809125,8.395795899300812e-05,-0.00011970736636114212,6.550122728571918e-05,1.9999999993223072,0.0,0.21072912523770704,0.00013007895390220004,0.09163186174273637,0.04444593763028478,0.1096083592913969,0.04469624105441308,2.0,6.776927907736763e-10
shuffle_r3_SHUFFLED_p+0_Nd4001_dt1,main,shuffle,3,SHUFFLED,0,4001,1.0,2.5350000000000003e-06,0.07321886766113006,25.721281047000957,322,634,static,0.004509632088219005,0.004383393230254388,0.0013536319753916282,1.333909984640803,7.464003538964155e-05,-1.6334460787375275e-07,3.184151322427285e-06,2.0,0.0,0.09864253573746458,2.5775320760923386e-05,,,,,2.0,0.0
shuffle_r3_SHUFFLED_p+0_Nd4001_dt1,main,shuffle,3,SHUFFLED,0,4001,1.0,2.5350000000000003e-06,0.07321886766113006,25.721281047000957,322,634,static_lti,0.04286088540288037,0.010001864991923355,0.0013459449283385412,1.3543239116583774,7.561567728655861e-05,1.774102601987998e-06,2.1942144237839765e-05,2.0,0.0,0.12373321600878454,4.8076877127341684e-05,,,,,2.0,0.0
shuffle_r3_SHUFFLED_p+0_Nd4001_dt1,main,shuffle,3,SHUFFLED,0,4001,1.0,2.5350000000000003e-06,0.07321886766113006,25.721281047000957,322,634,static_mh,0.02583508162559736,0.02565318642580461,0.0013510288055395086,1.3366065574342387,7.528825248735135e-05,-3.0361520551160258e-05,7.059119288646819e-06,2.0,0.0,0.17632344088992766,9.523080733893336e-05,,,,,2.0,0.0
shuffle_r3_SHUFFLED_p+0_Nd4001_dt1,main,shuffle,3,SHUFFLED,0,4001,1.0,2.5350000000000003e-06,0.07321886766113006,25.721281047000957,322,634,static_lti_mh,0.04329713749091615,0.01047927986225723,0.0013459077335338848,1.354517995338539,7.563017691970186e-05,-2.8429963738340293e-05,2.1978709696761213e-05,2.0,0.0,0.12549648020938062,5.057920955232479e-05,,,,,2.0,0.0
shuffle_r3_SHUFFLED_p+0_Nd4001_dt1,main,shuffle,3,SHUFFLED,0,4001,1.0,2.5350000000000003e-06,0.07321886766113006,25.721281047000957,322,634,linear,0.04736406832436364,0.010840941656270612,0.0017401668735609033,1.2373845898401086,9.796911266376978e-05,4.1287339126586774e-07,3.797120932900187e-05,2.0,0.0,0.12830587288869666,5.0033155059559675e-05,,,,,2.0,0.0
shuffle_r3_ORIGINAL_p+6_Nd4001_dt1,main,shuffle,3,ORIGINAL,6,4001,1.0,2.5350000000000003e-06,0.07321886766113006,26.638324808000107,322,634,atomic,1.0792961201397748,0.6821592047479335,0.000452291591500617,1.8868261926562073,9.491858497459082e-05,0.00017578208526511095,0.0003891979796054817,0.7985470753829591,0.25660377358490566,1.1176072674095594,0.030058665918073563,0.5021432351083296,0.51199631760888,0.5712238919789664,0.5132680460800989,1.9530257341013262,1.154478658718367
shuffle_r3_ORIGINAL_p+6_Nd4001_dt1,main,shuffle,3,ORIGINAL,6,4001,1.0,2.5350000000000003e-06,0.07321886766113006,26.638324808000107,322,634,static,1.0127714635864518,0.9337235004788514,0.00053886261285128,1.7642866310351153,0.00011133796159960755,1.1210202658759466e-09,2.934608852884495e-06,0.8232987719971119,0.06037735849056604,1.2399858909025971,0.030576729060394832,,,,,1.9530257341013262,1.1297269621042143
shuffle_r3_ORIGINAL_p+6_Nd4001_dt1,main,shuffle,3,ORIGINAL,6,4001,1.0,2.5350000000000003e-06,0.07321886766113006,26.638324808000107,322,634,static_lti,1.1427827123988537,0.9867004250857995,0.0005354108155969266,1.7861152426614197,0.00011413652651881307,-1.2674858653640935e-06,1.782438745421743e-05,0.7919983080006887,0.09056603773584905,1.292149835050366,0.03545093232643962,,,,,1.9530257341013262,1.1610274261006375
shuffle_r3_ORIGINAL_p+6_Nd4001_dt1,main,shuffle,3,ORIGINAL,6,4001,1.0,2.5350000000000003e-06,0.07321886766113006,26.638324808000107,322,634,static_mh,1.3691215700501222,1.2645985410815515,0.0005402312055670828,1.7705536426539665,0.00012108547413453563,-3.411314344446698e-05,0.0005254934462676163,0.6053762477947956,0.0830188679245283,1.3486326836652578,0.03822700360258947,,,,,1.9530257341013262,1.3476494863065307
shuffle_r3_ORIGINAL_p+6_Nd4001_dt1,main,shuffle,3,ORIGINAL,6,4001,1.0,2.5350000000000003e-06,0.07321886766113006,26.638324808000107,322,634,static_lti_mh,1.1559845562401052,0.9992019467673439,0.0005366007791204135,1.7860682536670747,0.00011474031307588742,-3.4471316762658735e-05,0.00026147168605866815,0.7788093281295116,0.08679245283018867,1.3231600619086583,0.03748753873119488,,,,,1.9530257341013262,1.1742164059718145
shuffle_r3_ORIGINAL_p+6_Nd4001_dt1,main,shuffle,3,ORIGINAL,6,4001,1.0,2.5350000000000003e-06,0.07321886766113006,26.638324808000107,322,634,linear,0.04232532844226435,6.623801512193754e-05,0.0017451394219916538,1.2405455766996267,0.0002593722948322059,-1.60977562509151e-06,3.310984355151684e-05,1.9530257341013262,0.007547169811320755,0.09750292758004052,0.0002382197385912872,,,,,1.9530257341013262,0.0
shuffle_r3_BLOCK_SHUFFLED_CYCLES_p+6_Nd4001_dt1,main,shuffle,3,BLOCK_SHUFFLED_CYCLES,6,4001,1.0,2.5350000000000003e-06,0.07321886766113006,25.762240584999745,322,634,atomic,1.0622320137773686,0.624522582969155,0.00045124703039368914,1.9278812817521271,9.448483970664054e-05,0.00017983408135462318,0.0003957614825233431,0.8549547555201296,0.2,0.8351425726035953,0.017567879479594043,0.5520785034923863,0.5569756101602601,0.59805993486128,0.5598180610818053,1.952532320062225,1.0975775645420955
shuffle_r3_BLOCK_SHUFFLED_CYCLES_p+6_Nd4001_dt1,main,shuffle,3,BLOCK_SHUFFLED_CYCLES,6,4001,1.0,2.5350000000000003e-06,0.07321886766113006,25.762240584999745,322,634,static,1.0093957386516292,0.9392580200751007,0.0005395107236022401,1.760884728368556,0.00011160315154915195,5.783799515784874e-08,3.063205126594365e-06,0.8410209017587544,0.06415094339622641,0.8298861498870859,0.018004947672026626,,,,,1.952532320062225,1.1115114183034707
shuffle_r3_BLOCK_SHUFFLED_CYCLES_p+6_Nd4001_dt1,main,shuffle,3,BLOCK_SHUFFLED_CYCLES,6,4001,1.0,2.5350000000000003e-06,0.07321886766113006,25.762240584999745,322,634,static_lti,1.1373813949923381,1.0116265310835562,0.0005348774223277565,1.780740012743525,0.00011410820471828705,-1.998380266882425e-06,1.9713939868426917e-05,0.7714420249750895,0.08679245283018867,0.852536449429306,0.018471424718811646,,,,,1.952532320062225,1.1810902950871356
shuffle_r3_BLOCK_SHUFFLED_CYCLES_p+6_Nd4001_dt1,main,shuffle,3,BLOCK_SHUFFLED_CYCLES,6,4001,1.0,2.5350000000000003e-06,0.07321886766113006,25.762240584999745,322,634,static_mh,1.3466290121879136,1.2627170124255764,0.0005434107648464301,1.7710082026325553,0.00012145286306617223,-3.269409199519865e-05,0.0005265619236386737,0.7757474782392842,0.06792452830188679,0.8446622227963437,0.02505726931135786,,,,,1.952532320062225,1.1767848418229407
shuffle_r3_BLOCK_SHUFFLED_CYCLES_p+6_Nd4001_dt1,main,shuffle,3,BLOCK_SHUFFLED_CYCLES,6,4001,1.0,2.5350000000000003e-06,0.07321886766113006,25.762240584999745,322,634,static_lti_mh,1.1617554903919853,1.0357336751976347,0.0005349441711346439,1.78081038285571,0.00011476894881817558,-3.4805694204227404e-05,0.0002559451448755017,0.8174124192864474,0.07547169811320754,0.8429119502570979,0.01772276219132296,,,,,1.952532320062225,1.1351199007757777
shuffle_r3_BLOCK_SHUFFLED_CYCLES_p+6_Nd4001_dt1,main,shuffle,3,BLOCK_SHUFFLED_CYCLES,6,4001,1.0,2.5350000000000003e-06,0.07321886766113006,25.762240584999745,322,634,linear,0.045596417306769874,8.453420291421608e-05,0.001748412077998975,1.2422351672470713,0.00026078971847219253,-4.167373274721716e-06,3.519522629528255e-05,1.952532320062225,0.0037735849056603774,0.09800621009164746,0.00026900906772652297,,,,,1.952532320062225,0.0
shuffle_r3_BLOCK_SHUFFLED_FIXED_p+6_Nd4001_dt1,main,shuffle,3,BLOCK_SHUFFLED_FIXED,6,4001,1.0,2.5350000000000003e-06,0.07321886766113006,27.320418482000605,322,634,atomic,0.9745723918428814,0.48580035997594123,0.0005150745920666222,1.8571398145793168,0.00010411447532123806,0.00021818713111947658,0.0003932175797849131,0.663459790050094,0.2981132075471698,0.9251021640566547,0.018107161059761623,0.6579332333535148,0.6790287539503441,0.8022603175674846,0.6815985595033018,1.7271384020384075,1.0636786119883135
shuffle_r3_BLOCK_SHUFFLED_FIXED_p+6_Nd4001_dt1,main,shuffle,3,BLOCK_SHUFFLED_FIXED,6,4001,1.0,2.5350000000000003e-06,0.07321886766113006,27.320418482000605,322,634,static,0.9640091535298715,0.7635368058919252,0.0005488876737793373,1.7480020207251579,0.00011073634530298424,-3.0748019529736263e-07,7.541526264954119e-06,1.081941722895409,0.04905660377358491,1.1817667416711528,0.026376436654536744,,,,,1.7271384020384075,0.6451966791429986
shuffle_r3_BLOCK_SHUFFLED_FIXED_p+6_Nd4001_dt1,main,shuffle,3,BLOCK_SHUFFLED_FIXED,6,4001,1.0,2.5350000000000003e-06,0.07321886766113006,27.320418482000605,322,634,static_lti,1.1826417313202102,0.853184202775317,0.0005438247115541868,1.7830194750446666,0.00011564719367675013,1.0694603890840126e-06,4.499895640644604e-05,0.9699278614148835,0.1471698113207547,1.3315939679490372,0.03271702294013011,,,,,1.7271384020384075,0.757210540623524
shuffle_r3_BLOCK_SHUFFLED_FIXED_p+6_Nd4001_dt1,main,shuffle,3,BLOCK_SHUFFLED_FIXED,6,4001,1.0,2.5350000000000003e-06,0.07321886766113006,27.320418482000605,322,634,static_mh,3.5782193510658606,3.0191839752197507,0.0005228408075305944,1.7493578265021295,0.00016091298462500775,-3.364076849907744e-05,0.0004731802193558037,0.3021652685130192,0.29056603773584905,3.2788167252967457,0.1625613167339797,,,,,1.7271384020384075,1.4249731335253883
shuffle_r3_BLOCK_SHUFFLED_FIXED_p+6_Nd4001_dt1,main,shuffle,3,BLOCK_SHUFFLED_FIXED,6,4001,1.0,2.5350000000000003e-06,0.07321886766113006,27.320418482000605,322,634,static_lti_mh,1.2536567669783452,0.9240000386921682,0.0005438326691510557,1.7860599135178223,0.00011750796885052223,-3.191899976271504e-05,0.00019704470336743066,0.945376535711721,0.2037735849056604,1.3022788670723466,0.031026369506716545,,,,,1.7271384020384075,0.7817618663266865
shuffle_r3_BLOCK_SHUFFLED_FIXED_p+6_Nd4001_dt1,main,shuffle,3,BLOCK_SHUFFLED_FIXED,6,4001,1.0,2.5350000000000003e-06,0.07321886766113006,27.320418482000605,322,634,linear,0.08999419825553812,0.007430726210408626,0.001778517924905512,1.259001075624581,0.00026723806139803514,-7.552336741623341e-06,0.00013631061110076401,1.7271384020384075,0.052830188679245285,0.21906361623762738,0.001007843886713794,,,,,1.7271384020384075,0.0
shuffle_r3_SHUFFLED_p+6_Nd4001_dt1,main,shuffle,3,SHUFFLED,6,4001,1.0,2.5350000000000003e-06,0.07321886766113006,26.31159799099987,322,634,atomic,0.3458594029746002,0.19899496836160768,0.0007449004230907122,1.5412930934180689,9.483727522293972e-05,-4.049532519882116e-05,0.0001327235702819634,1.8407172852854183,0.04905660377358491,0.4554730633028373,0.002233943698760209,0.27048747407503526,0.24347426977085848,0.3934820616142833,0.24526559103429202,2.0,0.15928271471458166
shuffle_r3_SHUFFLED_p+6_Nd4001_dt1,main,shuffle,3,SHUFFLED,6,4001,1.0,2.5350000000000003e-06,0.07321886766113006,26.31159799099987,322,634,static,0.008008484037782912,0.007599142098497642,0.0008795026055841976,1.4934267211335377,9.692615357894115e-05,1.4736023778841191e-08,3.922435309289037e-06,2.0,0.0,0.1085621926083831,0.00012438502898345495,,,,,2.0,0.0
shuffle_r3_SHUFFLED_p+6_Nd4001_dt1,main,shuffle,3,SHUFFLED,6,4001,1.0,2.5350000000000003e-06,0.07321886766113006,26.31159799099987,322,634,static_lti,0.04758808960586868,0.016422145178575025,0.0008738538939813285,1.5120504431779116,9.817512318825916e-05,9.73041723246424e-07,2.7411700955525922e-05,2.0,0.0,0.1342540609361217,0.00023810648599882842,,,,,2.0,0.0
shuffle_r3_SHUFFLED_p+6_Nd4001_dt1,main,shuffle,3,SHUFFLED,6,4001,1.0,2.5350000000000003e-06,0.07321886766113006,26.31159799099987,322,634,static_mh,0.21062823100183814,0.2096031536946268,0.000879259538637646,1.5018057922988248,0.00010614995408598006,-3.2787680235336534e-05,2.5471020764350553e-05,1.7637438953365612,0.04905660377358491,0.463771195898719,0.002537875590960891,,,,,2.0,0.23625610466343883
shuffle_r3_SHUFFLED_p+6_Nd4001_dt1,main,shuffle,3,SHUFFLED,6,4001,1.0,2.5350000000000003e-06,0.07321886766113006,26.31159799099987,322,634,static_lti_mh,0.05187293117690241,0.020274191755852704,0.0008738146343188111,1.5117114027475795,9.837445661784453e-05,-3.1857785776462334e-05,2.8928707328662884e-05,2.0,0.0,0.14340958914198243,0.00027701022229137596,,,,,2.0,0.0
shuffle_r3_SHUFFLED_p+6_Nd4001_dt1,main,shuffle,3,SHUFFLED,6,4001,1.0,2.5350000000000003e-06,0.07321886766113006,26.31159799099987,322,634,linear,0.04736406832436365,0.01084094165627039,0.0017401668735608938,1.2373845898401108,0.00019547407852895927,8.237907184461897e-07,7.576252302795266e-05,2.0,0.0,0.11977023391147412,0.0001698385802466022,,,,,2.0,0.0
shuffle_r4_ORIGINAL_p+3_Nd4001_dt1,main,shuffle,4,ORIGINAL,3,4001,1.0,2.5350000000000003e-06,0.07321886766113006,28.020636442997784,328,634,atomic,1.1863518231072068,0.7823246876128676,0.0005623814681114486,1.70752154294584,8.588999495408549e-05,1.3754268309507081e-05,0.00030462223368788875,0.8054431122755341,0.15471698113207547,1.1222704235858407,0.012856680289186002,0.3588739568094073,0.347057792380857,0.4194227326917577,0.3489122730954641,1.9352898613440013,1.1298467490684672
shuffle_r4_ORIGINAL_p+3_Nd4001_dt1,main,shuffle,4,ORIGINAL,3,4001,1.0,2.5350000000000003e-06,0.07321886766113006,28.020636442997784,328,634,static,0.8641652554969708,0.7304012034504989,0.0006909884231013762,1.571479103551828,9.746018949133926e-05,6.110795436817167e-08,2.4747871399799752e-06,0.9960768415402589,0.01509433962264151,0.9798334205838344,0.01330220195637404,,,,,1.9352898613440013,0.9392130198037424
shuffle_r4_ORIGINAL_p+3_Nd4001_dt1,main,shuffle,4,ORIGINAL,3,4001,1.0,2.5350000000000003e-06,0.07321886766113006,28.020636442997784,328,634,static_lti,0.9562608408734229,0.7085788549650519,0.0006900574225863582,1.5877229848739347,9.969701859345645e-05,2.0209210334898683e-06,1.4625426468129562e-05,0.9983930076282478,0.045283018867924525,0.9687669189835317,0.012967605640264468,,,,,1.9352898613440013,0.9368968537157535
shuffle_r4_ORIGINAL_p+3_Nd4001_dt1,main,shuffle,4,ORIGINAL,3,4001,1.0,2.5350000000000003e-06,0.07321886766113006,28.020636442997784,328,634,static_mh,1.0839147575170254,0.9262301058354286,0.0006885300926583236,1.5752463241770327,0.00010265491227957561,-5.437827164361475e-05,0.0004071591730935769,0.7901786046326138,0.03773584905660377,1.6173411065511547,0.02999071152611731,,,,,1.9352898613440013,1.1451112567113875
shuffle_r4_ORIGINAL_p+3_Nd4001_dt1,main,shuffle,4,ORIGINAL,3,4001,1.0,2.5350000000000003e-06,0.07321886766113006,28.020636442997784,328,634,static_lti_mh,0.9555203611058376,0.7123132170351916,0.0006918296739205873,1.5871699812467883,9.993318694242783e-05,-5.277336801768594e-05,0.00021592289991533706,1.008519590344888,0.033962264150943396,1.0101427322721497,0.013455091005045458,,,,,1.9352898613440013,0.9267702709991132
shuffle_r4_ORIGINAL_p+3_Nd4001_dt1,main,shuffle,4,ORIGINAL,3,4001,1.0,2.5350000000000003e-06,0.07321886766113006,28.020636442997784,328,634,linear,0.04248929037045529,5.9252927407131946e-05,0.0017168007247459636,1.2408586729274655,0.00018097398155535562,3.7766315046811804e-06,2.276137456858467e-05,1.9352898613440013,0.0037735849056603774,0.10433602472747855,9.659267647525118e-05,,,,,1.9352898613440013,0.0
shuffle_r4_BLOCK_SHUFFLED_CYCLES_p+3_Nd4001_dt1,main,shuffle,4,BLOCK_SHUFFLED_CYCLES,3,4001,1.0,2.5350000000000003e-06,0.07321886766113006,32.893532343001425,328,634,atomic,0.9732287453563928,0.7074067725407275,0.0006093198325588878,1.7049029353761602,8.821923811139451e-05,1.7447164948006304e-05,0.00030408219253315577,0.8153261753426717,0.15849056603773584,0.9734517343572289,0.009267923836026516,0.385179541282319,0.3782505947858109,0.45088442631678893,0.3802557810032198,1.930182981536253,1.1148568061935813
shuffle_r4_BLOCK_SHUFFLED_CYCLES_p+3_Nd4001_dt1,main,shuffle,4,BLOCK_SHUFFLED_CYCLES,3,4001,1.0,2.5350000000000003e-06,0.07321886766113006,32.893532343001425,328,634,static,0.8668401264344047,0.7946715927208776,0.0006898457711198787,1.5738876435080118,9.717241283444973e-05,-8.034925495137194e-09,2.5171884609966845e-06,1.0202918821519202,0.04150943396226415,0.9440239498722842,0.008996556087306127,,,,,1.930182981536253,0.9098910993843328
shuffle_r4_BLOCK_SHUFFLED_CYCLES_p+3_Nd4001_dt1,main,shuffle,4,BLOCK_SHUFFLED_CYCLES,3,4001,1.0,2.5350000000000003e-06,0.07321886766113006,32.893532343001425,328,634,static_lti,0.9572967769705507,0.7843335072803498,0.0006893251704152851,1.5947969662059673,9.942078688032099e-05,1.7306803981876068e-06,1.534667278614776e-05,1.1011595696108603,0.052830188679245285,0.9093822594688528,0.00895849661156692,,,,,1.930182981536253,0.8290234119253928
shuffle_r4_BLOCK_SHUFFLED_CYCLES_p+3_Nd4001_dt1,main,shuffle,4,BLOCK_SHUFFLED_CYCLES,3,4001,1.0,2.5350000000000003e-06,0.07321886766113006,32.893532343001425,328,634,static_mh,1.049625621782491,0.9530414285137911,0.0006961142979193279,1.5719211480814774,0.00010273780098718404,-5.440568080410342e-05,0.00040758519570049647,0.8156510618316033,0.052830188679245285,0.9318238323898334,0.009143477097675884,,,,,1.930182981536253,1.1145319197046497
shuffle_r4_BLOCK_SHUFFLED_CYCLES_p+3_Nd4001_dt1,main,shuffle,4,BLOCK_SHUFFLED_CYCLES,3,4001,1.0,2.5350000000000003e-06,0.07321886766113006,32.893532343001425,328,634,static_lti_mh,0.9744018234085788,0.7984800747535367,0.0006885295091154633,1.5967906480803,9.97397334316787e-05,-5.278175455794855e-05,0.00018366695522127916,1.0744252980385913,0.05660377358490566,0.9037770401023727,0.009416119745102022,,,,,1.930182981536253,0.8557576834976617
shuffle_r4_BLOCK_SHUFFLED_CYCLES_p+3_Nd4001_dt1,main,shuffle,4,BLOCK_SHUFFLED_CYCLES,3,4001,1.0,2.5350000000000003e-06,0.07321886766113006,32.893532343001425,328,634,linear,0.043975776110502914,7.388019302320589e-05,0.0017290678984611262,1.2418861091478954,0.0001821161870011599,1.104377292415041e-06,2.569459512742165e-05,1.930182981536253,0.011320754716981131,0.10526143130790723,9.787301959408866e-05,,,,,1.930182981536253,0.0
shuffle_r4_BLOCK_SHUFFLED_FIXED_p+3_Nd4001_dt1,main,shuffle,4,BLOCK_SHUFFLED_FIXED,3,4001,1.0,2.5350000000000003e-06,0.07321886766113006,27.161997548999352,328,634,atomic,0.8986964325607478,0.5970868103657118,0.0006460574862145791,1.6974853531329441,9.072535891527946e-05,1.344320610231872e-05,0.0003574047546484529,0.7000575744538533,0.24528301886792453,1.0382499726654746,0.009589563807756888,0.5120882092701615,0.5034064922698012,0.6609647924700812,0.50283732989898,1.7117860794755877,1.0117285050217344
shuffle_r4_BLOCK_SHUFFLED_FIXED_p+3_Nd4001_dt1,main,shuffle,4,BLOCK_SHUFFLED_FIXED,3,4001,1.0,2.5350000000000003e-06,0.07321886766113006,27.161997548999352,328,634,static,0.827134428703027,0.6972079414225854,0.0007019065655582927,1.5615356172365698,9.672648569370344e-05,-1.4195890646279433e-07,6.193543029503934e-06,1.1012144597698361,0.022641509433962263,0.976842722833772,0.012001895311320395,,,,,1.7117860794755877,0.6105716197057516
shuffle_r4_BLOCK_SHUFFLED_FIXED_p+3_Nd4001_dt1,main,shuffle,4,BLOCK_SHUFFLED_FIXED,3,4001,1.0,2.5350000000000003e-06,0.07321886766113006,27.161997548999352,328,634,static_lti,1.007592350023487,0.79738545708378,0.000698451698490931,1.5986606065507285,0.00010087232394132857,-1.2174249710144949e-06,4.064569197500745e-05,1.0333034847339153,0.06037735849056604,1.0236567416742013,0.013515084725020506,,,,,1.7117860794755877,0.6784825947416724
shuffle_r4_BLOCK_SHUFFLED_FIXED_p+3_Nd4001_dt1,main,shuffle,4,BLOCK_SHUFFLED_FIXED,3,4001,1.0,2.5350000000000003e-06,0.07321886766113006,27.161997548999352,328,634,static_mh,2.0720796303560673,1.8286237182483296,0.0007130248142287103,1.552328013582167,0.00012730400784483764,-5.4502025017244916e-05,0.0003615327393842792,0.6376510055345335,0.0830188679245283,2.1869333125109764,0.04785601462563285,,,,,1.7117860794755877,1.0741350739410542
shuffle_r4_BLOCK_SHUFFLED_FIXED_p+3_Nd4001_dt1,main,shuffle,4,BLOCK_SHUFFLED_FIXED,3,4001,1.0,2.5350000000000003e-06,0.07321886766113006,27.161997548999352,328,634,static_lti_mh,1.0413818544559752,0.8371104769794038,0.0007003941759460275,1.5965427082107948,0.00010200067918920081,-5.559325509694447e-05,0.00015087800038953466,0.9877034603135939,0.06792452830188679,1.0089163604324434,0.013977791749774877,,,,,1.7117860794755877,0.7240826191619938
shuffle_r4_BLOCK_SHUFFLED_FIXED_p+3_Nd4001_dt1,main,shuffle,4,BLOCK_SHUFFLED_FIXED,3,4001,1.0,2.5350000000000003e-06,0.07321886766113006,27.161997548999352,328,634,linear,0.08735287353657276,0.008477398484708186,0.0017876374196756722,1.2562679017441358,0.0001899189920706673,-9.084907798998591e-07,0.00010200649445735584,1.7117860794755877,0.05660377358490566,0.22883677517929676,0.0005744651515342072,,,,,1.7117860794755877,0.0
shuffle_r4_SHUFFLED_p+3_Nd4001_dt1,main,shuffle,4,SHUFFLED,3,4001,1.0,2.5350000000000003e-06,0.07321886766113006,26.281076439998287,328,634,atomic,0.1495343562062418,0.09146598966188764,0.0012366610029459903,1.3526371038436746,9.628273094116328e-05,-0.00014379344068808755,0.00010276495696483498,1.9545244113928941,0.0037735849056603774,0.2954386708660908,0.00046212667624755447,0.1444797038901755,0.10780636156575824,0.2546570016381276,0.1085460955210556,2.0,0.04547558860710588
shuffle_r4_SHUFFLED_p+3_Nd4001_dt1,main,shuffle,4,SHUFFLED,3,4001,1.0,2.5350000000000003e-06,0.07321886766113006,26.281076439998287,328,634,static,0.008224237837705706,0.00777992080852838,0.001158235582552686,1.3823999047070359,8.44751121010299e-05,9.617789293862996e-08,3.5443640719876973e-06,2.0,0.0,0.09963541681957974,6.846255000422661e-05,,,,,2.0,0.0
shuffle_r4_SHUFFLED_p+3_Nd4001_dt1,main,shuffle,4,SHUFFLED,3,4001,1.0,2.5350000000000003e-06,0.07321886766113006,26.281076439998287,328,634,static_lti,0.0450922768795972,0.01580573136609034,0.0011508019766332971,1.4007294874506013,8.545144958629973e-05,3.297936508964248e-08,2.266011842555816e-05,2.0,0.0,0.12898742549509223,9.674391147054871e-05,,,,,2.0,0.0
shuffle_r4_SHUFFLED_p+3_Nd4001_dt1,main,shuffle,4,SHUFFLED,3,4001,1.0,2.5350000000000003e-06,0.07321886766113006,26.281076439998287,328,634,static_mh,0.15759949440894258,0.15672907654344273,0.001163391477603818,1.3802182037289397,9.091817746547844e-05,-5.421003857304585e-05,1.9367003773739594e-05,1.9216089607419866,0.011320754716981131,0.38442570620765226,0.0008909339693652105,,,,,2.0,0.07839103925801338
shuffle_r4_SHUFFLED_p+3_Nd4001_dt1,main,shuffle,4,SHUFFLED,3,4001,1.0,2.5350000000000003e-06,0.07321886766113006,26.281076439998287,328,634,static_lti_mh,0.0475473277831921,0.01841683931792792,0.001150201501400977,1.40004661465859,8.550478602908646e-05,-5.424536376296863e-05,2.366968960891891e-05,2.0,0.0,0.13289147186573838,0.00011008390471793396,,,,,2.0,0.0
shuffle_r4_SHUFFLED_p+3_Nd4001_dt1,main,shuffle,4,SHUFFLED,3,4001,1.0,2.5350000000000003e-06,0.07321886766113006,26.281076439998287,328,634,linear,0.051642397838584146,0.014137397748909755,0.00174294818203116,1.2348986219859055,0.0001298325633322881,1.1489306025921952e-06,5.311285850319827e-05,2.0,0.0,0.14380681605248047,0.00011627612955558316,,,,,2.0,0.0
shuffle_r4_ORIGINAL_p+0_Nd4001_dt1,main,shuffle,4,ORIGINAL,0,4001,1.0,2.5350000000000003e-06,0.07321886766113006,25.78734488399641,328,634,atomic,0.8097597121380425,0.5496724299974849,0.0007637108603399754,1.5855044567485956,7.513136717121585e-05,-2.850027880345042e-05,0.0002169681532963555,1.0967256306181996,0.08679245283018867,0.9600621026371884,0.004314234996034255,0.2612783880539416,0.24120519875692964,0.2965782169353049,0.2417475922847086,1.927578590433171,0.8308529598149714
shuffle_r4_ORIGINAL_p+0_Nd4001_dt1,main,shuffle,4,ORIGINAL,0,4001,1.0,2.5350000000000003e-06,0.07321886766113006,25.78734488399641,328,634,static,0.5253551702233268,0.4459774963092027,0.0009002043279395686,1.4534334954858164,8.128884584052312e-05,1.9524434969814915e-08,1.8944759909933411e-06,1.1806881753099958,0.0037735849056603774,0.6810018746059588,0.004288222779621006,,,,,1.927578590433171,0.7468904151231752
shuffle_r4_ORIGINAL_p+0_Nd4001_dt1,main,shuffle,4,ORIGINAL,0,4001,1.0,2.5350000000000003e-06,0.07321886766113006,25.78734488399641,328,634,static_lti,0.6002004677179216,0.42428040881901546,0.0008982517445721022,1.4703715607150842,8.307388216934763e-05,1.8127502052473568e-06,1.1943475231567444e-05,1.178072844781116,0.022641509433962263,0.6895151969975497,0.004178679654120476,,,,,1.927578590433171,0.7495057456520551
shuffle_r4_ORIGINAL_p+0_Nd4001_dt1,main,shuffle,4,ORIGINAL,0,4001,1.0,2.5350000000000003e-06,0.07321886766113006,25.78734488399641,328,634,static_mh,0.6180026789638932,0.5300553325741811,0.000897863704479378,1.4430809781648568,8.349803188729315e-05,-4.290172653296693e-05,0.0002372632689583379,1.1214817553116874,0.007547169811320755,0.7575993341021318,0.005533134367181163,,,,,1.927578590433171,0.8060968351214837
shuffle_r4_ORIGINAL_p+0_Nd4001_dt1,main,shuffle,4,ORIGINAL,0,4001,1.0,2.5350000000000003e-06,0.07321886766113006,25.78734488399641,328,634,static_lti_mh,0.6009619553822624,0.4272896041265086,0.0008989951645677223,1.4695519774195933,8.31617733503689e-05,-4.1072685021393636e-05,0.00011116199298333521,1.1726970827704064,0.022641509433962263,0.7376058469835876,0.004436450141758098,,,,,1.927578590433171,0.7548815076627646
shuffle_r4_ORIGINAL_p+0_Nd4001_dt1,main,shuffle,4,ORIGINAL,0,4001,1.0,2.5350000000000003e-06,0.07321886766113006,25.78734488399641,328,634,linear,0.042489290370455006,5.925292740679748e-05,0.0017168007247459517,1.2408586729274598,0.000128119767325326,2.6736503529114767e-06,1.6113819172617383e-05,1.927578590433171,0.0037735849056603774,0.10924457005190714,5.235874430530263e-05,,,,,1.927578590433171,0.0
shuffle_r4_BLOCK_SHUFFLED_CYCLES_p+0_Nd4001_dt1,main,shuffle,4,BLOCK_SHUFFLED_CYCLES,0,4001,1.0,2.5350000000000003e-06,0.07321886766113006,28.399656058998517,328,634,atomic,0.7023822658178868,0.514532354877566,0.0008359404034662332,1.584189716555287,7.958614179458365e-05,-2.4754226121731657e-05,0.00022872761714473855,0.035410978836734844,0.09811320754716982,0.8791472964192086,0.002329022432749943,0.2763407018284683,0.26057574302120795,0.29802936722199336,0.2607750667982596,1.915770914587877,1.880359935751142
shuffle_r4_BLOCK_SHUFFLED_CYCLES_p+0_Nd4001_dt1,main,shuffle,4,BLOCK_SHUFFLED_CYCLES,0,4001,1.0,2.5350000000000003e-06,0.07321886766113006,28.399656058998517,328,634,static,0.5252260460611128,0.4746772566422768,0.0008994098327225961,1.4545975313497654,8.105182688143085e-05,2.0248175973340723e-08,1.983313597543836e-06,0.9927505751706855,0.03018867924528302,0.7572484962839594,0.0029979550168225816,,,,,1.915770914587877,0.9230203394171914
shuffle_r4_BLOCK_SHUFFLED_CYCLES_p+0_Nd4001_dt1,main,shuffle,4,BLOCK_SHUFFLED_CYCLES,0,4001,1.0,2.5350000000000003e-06,0.07321886766113006,28.399656058998517,328,634,static_lti,0.595265811401445,0.4621262997899624,0.0008993093568352128,1.4729020377888957,8.28814624642231e-05,9.668853193749836e-07,1.1861554768920654e-05,0.9622247928978906,0.033962264150943396,0.7441499846235603,0.0030756967419871147,,,,,1.915770914587877,0.9535461216899863
shuffle_r4_BLOCK_SHUFFLED_CYCLES_p+0_Nd4001_dt1,main,shuffle,4,BLOCK_SHUFFLED_CYCLES,0,4001,1.0,2.5350000000000003e-06,0.07321886766113006,28.399656058998517,328,634,static_mh,0.6415717089715555,0.5808191012510389,0.0008925477578996374,1.465020373961197,8.34430958967111e-05,-4.2624170089539096e-05,0.0002379863530088311,-0.03883778550979061,0.033962264150943396,1.07883109746324,0.004244380297956807,,,,,1.915770914587877,1.9546087000976675
shuffle_r4_BLOCK_SHUFFLED_CYCLES_p+0_Nd4001_dt1,main,shuffle,4,BLOCK_SHUFFLED_CYCLES,0,4001,1.0,2.5350000000000003e-06,0.07321886766113006,28.399656058998517,328,634,static_lti_mh,0.5949807225358719,0.46433634348523856,0.0009009458012101873,1.4744895340049966,8.302509420351814e-05,-4.1790917333639244e-05,0.00010347477636609751,0.8895971548910168,0.033962264150943396,0.7389538196239461,0.0031174222461502216,,,,,1.915770914587877,1.02617375969686
shuffle_r4_BLOCK_SHUFFLED_CYCLES_p+0_Nd4001_dt1,main,shuffle,4,BLOCK_SHUFFLED_CYCLES,0,4001,1.0,2.5350000000000003e-06,0.07321886766113006,28.399656058998517,328,634,linear,0.04397577611050249,7.388019302270313e-05,0.0017290678984611184,1.2418861091478937,0.00012892838685558456,7.818392485348616e-07,1.819038030191392e-05,1.915770914587877,0.018867924528301886,0.10945403376280931,5.3879449768843605e-05,,,,,1.915770914587877,0.0
shuffle_r4_BLOCK_SHUFFLED_FIXED_p+0_Nd4001_dt1,main,shuffle,4,BLOCK_SHUFFLED_FIXED,0,4001,1.0,2.5350000000000003e-06,0.07321886766113006,25.320311656996637,328,634,atomic,0.5893686889774584,0.4011245757822116,0.0008907603800251648,1.568497332666504,8.104938016815782e-05,-5.215943564510246e-05,0.0002669875525664576,0.94636953118971,0.17358490566037735,0.7987324006540527,0.00400581693086895,0.3992663286361353,0.37158017033928165,0.4968023970549258,0.37035418440678863,1.7064778133557226,0.7601082821660126
shuffle_r4_BLOCK_SHUFFLED_FIXED_p+0_Nd4001_dt1,main,shuffle,4,BLOCK_SHUFFLED_FIXED,0,4001,1.0,2.5350000000000003e-06,0.07321886766113006,25.320311656996637,328,634,static,0.5065243324244139,0.4495457821609276,0.0009107162591452169,1.4462632711125487,8.066554388579026e-05,-6.217726785661399e-08,5.232374865216286e-06,1.0760903878190131,0.022641509433962263,0.8577876705331406,0.004009206126533273,,,,,1.7064778133557226,0.6303874255367095
shuffle_r4_BLOCK_SHUFFLED_FIXED_p+0_Nd4001_dt1,main,shuffle,4,BLOCK_SHUFFLED_FIXED,0,4001,1.0,2.5350000000000003e-06,0.07321886766113006,25.320311656996637,328,634,static_lti,0.6285908802737739,0.5136780412321688,0.0009124337651379763,1.4822472154268942,8.401228095271855e-05,-1.1633984831008355e-06,3.375904764907334e-05,0.9331001396022818,0.05660377358490566,0.938047942507985,0.004696874038928263,,,,,1.7064778133557226,0.7733776737534408
shuffle_r4_BLOCK_SHUFFLED_FIXED_p+0_Nd4001_dt1,main,shuffle,4,BLOCK_SHUFFLED_FIXED,0,4001,1.0,2.5350000000000003e-06,0.07321886766113006,25.320311656996637,328,634,static_mh,0.998976699020573,0.8871854391601863,0.0009586983291192448,1.435119915992828,9.776937789331102e-05,-4.286079580861684e-05,0.0002074642578325991,0.95677952839739,0.04905660377358491,1.242430567958099,0.00850170209347935,,,,,1.7064778133557226,0.7496982849583326
shuffle_r4_BLOCK_SHUFFLED_FIXED_p+0_Nd4001_dt1,main,shuffle,4,BLOCK_SHUFFLED_FIXED,0,4001,1.0,2.5350000000000003e-06,0.07321886766113006,25.320311656996637,328,634,static_lti_mh,0.6401307874525873,0.5305851808218198,0.0009133512830918673,1.4766473301555278,8.439449760957303e-05,-4.391730413035036e-05,8.95119510074508e-05,1.035207513364505,0.052830188679245285,0.8915970672172172,0.0048474336180045685,,,,,1.7064778133557226,0.6712702999912177
shuffle_r4_BLOCK_SHUFFLED_FIXED_p+0_Nd4001_dt1,main,shuffle,4,BLOCK_SHUFFLED_FIXED,0,4001,1.0,2.5350000000000003e-06,0.07321886766113006,25.320311656996637,328,634,linear,0.08735287353657409,0.00847739848470484,0.0017876374196756667,1.25626790174414,0.0001344523498109138,-6.431622177821655e-07,7.221506773088812e-05,1.7064778133557226,0.052830188679245285,0.2314160812138231,0.0002945113855412542,,,,,1.7064778133557226,0.0
shuffle_r4_SHUFFLED_p+0_Nd4001_dt1,main,shuffle,4,SHUFFLED,0,4001,1.0,2.5350000000000003e-06,0.07321886766113006,23.661688999000035,328,634,atomic,0.09367591912243475,0.049060727890277954,0.0014817688898871415,1.2929554844126445,7.967534787322746e-05,-0.00011445680139825154,7.093436700531246e-05,1.9651169871563396,0.0037735849056603774,0.22903333424389394,0.00013543132582769348,0.09984055399254475,0.054838974873400996,0.162721361190887,0.055463669348106384,1.9999999999999982,0.03488301284365858
shuffle_r4_SHUFFLED_p+0_Nd4001_dt1,main,shuffle,4,SHUFFLED,0,4001,1.0,2.5350000000000003e-06,0.07321886766113006,23.661688999000035,328,634,static,0.006742059545124905,0.006450632750517777,0.0013428960997329622,1.3257888702551224,6.928426912403082e-05,1.4076894210925852e-07,3.0751708710659213e-06,2.0,0.0,0.1031683853511837,3.5790988256541015e-05,,,,,1.9999999999999982,-1.7763568394002505e-15
shuffle_r4_SHUFFLED_p+0_Nd4001_dt1,main,shuffle,4,SHUFFLED,0,4001,1.0,2.5350000000000003e-06,0.07321886766113006,23.661688999000035,328,634,static_lti,0.04352637403534266,0.013485402066560303,0.0013338757801928762,1.3436657738471534,7.006690028304565e-05,-1.7852201949267156e-07,1.9662055490360102e-05,2.0,0.0,0.1341484225662504,5.0526679224185506e-05,,,,,1.9999999999999982,-1.7763568394002505e-15
shuffle_r4_SHUFFLED_p+0_Nd4001_dt1,main,shuffle,4,SHUFFLED,0,4001,1.0,2.5350000000000003e-06,0.07321886766113006,23.661688999000035,328,634,static_mh,0.08344713284365056,0.08282871691743657,0.0013456841065302959,1.3232241944546614,7.202867487416383e-05,-4.268041881144926e-05,1.151026263010393e-05,1.9805296538102242,0.0037735849056603774,0.2834375430007449,0.00025539753390454957,,,,,1.9999999999999982,0.019470346189774057
shuffle_r4_SHUFFLED_p+0_Nd4001_dt1,main,shuffle,4,SHUFFLED,0,4001,1.0,2.5350000000000003e-06,0.07321886766113006,23.661688999000035,328,634,static_lti_mh,0.04484398612765288,0.014940904478193143,0.0013335083580713087,1.3428678037437716,7.009007839229155e-05,-4.297267382884849e-05,2.0114414008873822e-05,2.0,0.0,0.13815464749149828,5.413850327962131e-05,,,,,1.9999999999999982,-1.7763568394002505e-15
shuffle_r4_SHUFFLED_p+0_Nd4001_dt1,main,shuffle,4,SHUFFLED,0,4001,1.0,2.5350000000000003e-06,0.07321886766113006,23.661688999000035,328,634,linear,0.05164239783858484,0.014137397748912126,0.0017429481820311536,1.2348986219859062,9.191441588687985e-05,8.13380576655166e-07,3.760102427393075e-05,1.9999999999999982,0.0,0.15031926469983461,6.19484585746631e-05,,,,,1.9999999999999982,0.0
shuffle_r4_ORIGINAL_p+6_Nd4001_dt1,main,shuffle,4,ORIGINAL,6,4001,1.0,2.5350000000000003e-06,0.07321886766113006,23.57692000500174,328,634,atomic,1.6293930117623836,1.0262338040272387,0.00039518003669130534,1.8755548671600413,9.348293242191202e-05,8.600815060558205e-05,0.00046583981291244207,0.6871316983141881,0.20754716981132076,1.196996835689328,0.03030945343672371,0.4545064463247679,0.45563446574242306,0.5434808873177179,0.45681038722152134,1.9384367932974542,1.251305094983266
shuffle_r4_ORIGINAL_p+6_Nd4001_dt1,main,shuffle,4,ORIGINAL,6,4001,1.0,2.5350000000000003e-06,0.07321886766113006,23.57692000500174,328,634,static,1.3506696442917994,1.131982956202551,0.0004980402515255092,1.743123051577467,0.0001114677009285475,1.1251350729560849e-07,3.122958459794405e-06,0.7943598022688813,0.07924528301886792,1.3026925510560208,0.03937444809718156,,,,,1.9384367932974542,1.144076991028573
shuffle_r4_ORIGINAL_p+6_Nd4001_dt1,main,shuffle,4,ORIGINAL,6,4001,1.0,2.5350000000000003e-06,0.07321886766113006,23.57692000500174,328,634,static_lti,1.470189010140613,1.1155827822859832,0.000498626764958344,1.7654547129209581,0.00011438955136719831,1.9322176163987004e-06,1.771686951376441e-05,0.7561164740389097,0.1169811320754717,1.3406365738201473,0.04123941277831064,,,,,1.9384367932974542,1.1823203192585445
shuffle_r4_ORIGINAL_p+6_Nd4001_dt1,main,shuffle,4,ORIGINAL,6,4001,1.0,2.5350000000000003e-06,0.07321886766113006,23.57692000500174,328,634,static_mh,1.9919161140732136,1.6297743752260887,0.00048421440311385746,1.7171513762983022,0.00012223407050274617,-8.520349833339116e-05,0.0006974104220885164,0.6583000366859435,0.04150943396226415,1.5051079178631315,0.05825311813967233,,,,,1.9384367932974542,1.2801367566115107
shuffle_r4_ORIGINAL_p+6_Nd4001_dt1,main,shuffle,4,ORIGINAL,6,4001,1.0,2.5350000000000003e-06,0.07321886766113006,23.57692000500174,328,634,static_lti_mh,1.5087846408730992,1.1462898022879096,0.0004980485904443349,1.7649743524108465,0.0001151413192512195,-8.409608541065923e-05,0.00042000757037845396,0.7599821619324834,0.11320754716981132,1.4220037752828243,0.04390937291009683,,,,,1.9384367932974542,1.1784546313649709
shuffle_r4_ORIGINAL_p+6_Nd4001_dt1,main,shuffle,4,ORIGINAL,6,4001,1.0,2.5350000000000003e-06,0.07321886766113006,23.57692000500174,328,634,linear,0.04248929037045522,5.9252927407079966e-05,0.0017168007247459554,1.2408586729274647,0.0002556325435468052,5.334633792566976e-06,3.2151296145348666e-05,1.9384367932974542,0.007547169811320755,0.10184517075458667,0.00018544747859792736,,,,,1.9384367932974542,0.0
shuffle_r4_BLOCK_SHUFFLED_CYCLES_p+6_Nd4001_dt1,main,shuffle,4,BLOCK_SHUFFLED_CYCLES,6,4001,1.0,2.5350000000000003e-06,0.07321886766113006,22.828394855001534,328,634,atomic,1.3202440249921414,0.8836711941391735,0.00043156638151939565,1.8754845217444118,9.571377901582301e-05,0.00010757491268706011,0.0004746092316410868,0.6905607450603145,0.22264150943396227,1.0727982061635175,0.02269947324218997,0.5080752188500147,0.5083078438327598,0.6010429068088647,0.5114220485441593,1.9395236071808404,1.2489628621205258
shuffle_r4_BLOCK_SHUFFLED_CYCLES_p+6_Nd4001_dt1,main,shuffle,4,BLOCK_SHUFFLED_CYCLES,6,4001,1.0,2.5350000000000003e-06,0.07321886766113006,22.828394855001534,328,634,static,1.3476939223641196,1.2361249018930693,0.0004983026068912969,1.7467815912069597,0.00011123599132937909,6.74449725117273e-08,2.901215227580862e-06,0.8127227177594145,0.06792452830188679,1.1751373442183248,0.02730919050244741,,,,,1.9395236071808404,1.1268008894214259
shuffle_r4_BLOCK_SHUFFLED_CYCLES_p+6_Nd4001_dt1,main,shuffle,4,BLOCK_SHUFFLED_CYCLES,6,4001,1.0,2.5350000000000003e-06,0.07321886766113006,22.828394855001534,328,634,static_lti,1.463105140179519,1.2305597884078345,0.0004993318785077046,1.7756451541537177,0.00011416487941259494,2.358781806671501e-06,1.964256595410554e-05,0.7873033135998048,0.10943396226415095,1.198234587097425,0.027463356713690653,,,,,1.9395236071808404,1.1522202935810357
shuffle_r4_BLOCK_SHUFFLED_CYCLES_p+6_Nd4001_dt1,main,shuffle,4,BLOCK_SHUFFLED_CYCLES,6,4001,1.0,2.5350000000000003e-06,0.07321886766113006,22.828394855001534,328,634,static_mh,2.0645048318728847,1.9077455496414284,0.00048050964858418674,1.7162568897773895,0.00012251702520551898,-8.586937191919629e-05,0.0006963703766227747,-0.3264233130611469,0.13962264150943396,1.8135224381866164,0.04137911573021537,,,,,1.9395236071808404,2.265946920241987
shuffle_r4_BLOCK_SHUFFLED_CYCLES_p+6_Nd4001_dt1,main,shuffle,4,BLOCK_SHUFFLED_CYCLES,6,4001,1.0,2.5350000000000003e-06,0.07321886766113006,22.828394855001534,328,634,static_lti_mh,1.4882070667957923,1.2543678766121067,0.0004994326819409586,1.7773562210763592,0.00011476591168832109,-8.35769594495362e-05,0.0003534103434603549,0.6445650926759705,0.1320754716981132,1.1700347691200232,0.026367406869124,,,,,1.9395236071808404,1.2949585145048699
shuffle_r4_BLOCK_SHUFFLED_CYCLES_p+6_Nd4001_dt1,main,shuffle,4,BLOCK_SHUFFLED_CYCLES,6,4001,1.0,2.5350000000000003e-06,0.07321886766113006,22.828394855001534,328,634,linear,0.04397577611050645,7.38801930229545e-05,0.001729067898461098,1.2418861091479014,0.00025724595162267456,1.5599743889646894e-06,3.629458031136333e-05,1.9395236071808404,0.011320754716981131,0.10309513187781025,0.00018551476793198318,,,,,1.9395236071808404,0.0
shuffle_r4_BLOCK_SHUFFLED_FIXED_p+6_Nd4001_dt1,main,shuffle,4,BLOCK_SHUFFLED_FIXED,6,4001,1.0,2.5350000000000003e-06,0.07321886766113006,23.41116009899997,328,634,atomic,1.2688678725139961,0.8127735219771816,0.00047487486207314276,1.8535864946745555,0.00010294714774468324,0.00014696580429015147,0.00046359944876658,0.4065967400082622,0.33962264150943394,1.2214950196454823,0.029254945250885223,0.6349838817027941,0.6510218554660491,0.8072572081252861,0.6400250397186621,1.7148743169793237,1.3082775769710615
shuffle_r4_BLOCK_SHUFFLED_FIXED_p+6_Nd4001_dt1,main,shuffle,4,BLOCK_SHUFFLED_FIXED,6,4001,1.0,2.5350000000000003e-06,0.07321886766113006,23.41116009899997,328,634,static,1.2878526064201918,1.015672465208825,0.0005076272041555,1.7274966449249884,0.00011058988142841598,-1.5826721968806638e-07,7.5301147748263956e-06,0.950172640534868,0.033962264150943396,1.1634337386930371,0.03431560759742422,,,,,1.7148743169793237,0.7647016764444556
shuffle_r4_BLOCK_SHUFFLED_FIXED_p+6_Nd4001_dt1,main,shuffle,4,BLOCK_SHUFFLED_FIXED,6,4001,1.0,2.5350000000000003e-06,0.07321886766113006,23.41116009899997,328,634,static_lti,1.5351623053919004,1.1204838989257522,0.0005047330639602832,1.7733699531346152,0.00011573172453845528,-3.7897719069678544e-07,4.6010649897501525e-05,0.858593523999088,0.07924528301886792,1.2080556207403907,0.03791698481801711,,,,,1.7148743169793237,0.8562807929802357
shuffle_r4_BLOCK_SHUFFLED_FIXED_p+6_Nd4001_dt1,main,shuffle,4,BLOCK_SHUFFLED_FIXED,6,4001,1.0,2.5350000000000003e-06,0.07321886766113006,23.41116009899997,328,634,static_mh,5.398464881525731,4.64965551386142,0.0005016541300415571,1.6796439523913174,0.00018252414830393054,-8.561811673502004e-05,0.0006232148139754166,0.08695154120225497,0.6641509433962264,9.504184509337893,2.3470219742618594,,,,,1.7148743169793237,1.6279227757770687
shuffle_r4_BLOCK_SHUFFLED_FIXED_p+6_Nd4001_dt1,main,shuffle,4,BLOCK_SHUFFLED_FIXED,6,4001,1.0,2.5350000000000003e-06,0.07321886766113006,23.41116009899997,328,634,static_lti_mh,1.64303732745596,1.2143582235589847,0.0005052063205978873,1.773579315865373,0.0001182753522435257,-8.596358359063045e-05,0.00025813782223408705,0.8518951672104659,0.09056603773584905,1.2256663567174124,0.04280844877590037,,,,,1.7148743169793237,0.8629791497688578
shuffle_r4_BLOCK_SHUFFLED_FIXED_p+6_Nd4001_dt1,main,shuffle,4,BLOCK_SHUFFLED_FIXED,6,4001,1.0,2.5350000000000003e-06,0.07321886766113006,23.41116009899997,328,634,linear,0.08735287353656489,0.008477398484697054,0.0017876374196756665,1.2562679017441258,0.0002682677067367289,-1.2832773355526955e-06,0.00014408800321635972,1.7148743169793237,0.052830188679245285,0.22734474327691379,0.001131496818862006,,,,,1.7148743169793237,0.0
shuffle_r4_SHUFFLED_p+6_Nd4001_dt1,main,shuffle,4,SHUFFLED,6,4001,1.0,2.5350000000000003e-06,0.07321886766113006,23.892140547002782,328,634,atomic,0.310498498830667,0.19323063820811084,0.0008353861810313875,1.4852930026062092,9.805881648342867e-05,-7.071007437334402e-05,0.00013472140366913883,1.8621937930869634,0.03018867924528302,0.42177825891114173,0.0020741549232796168,0.25248743530492257,0.22724455378291858,0.4336112748575394,0.2273041097991097,2.0,0.13780620691303658
shuffle_r4_SHUFFLED_p+6_Nd4001_dt1,main,shuffle,4,SHUFFLED,6,4001,1.0,2.5350000000000003e-06,0.07321886766113006,23.892140547002782,328,634,static,0.010242660412314314,0.009606785094044628,0.0009363142461918175,1.4613865179720669,9.65624423366676e-05,1.4821181513619157e-08,4.02800597002263e-06,2.0,0.0,0.10204697786434354,0.00014832219224361344,,,,,2.0,0.0
shuffle_r4_SHUFFLED_p+6_Nd4001_dt1,main,shuffle,4,SHUFFLED,6,4001,1.0,2.5350000000000003e-06,0.07321886766113006,23.892140547002782,328,634,static_lti,0.048246186832879845,0.019203936246063653,0.0009315410268823437,1.4811054608884984,9.785254739371496e-05,-4.832784461937181e-07,2.516779598640563e-05,2.0,0.0,0.13422408340958364,0.0002152340580063337,,,,,2.0,0.0
shuffle_r4_SHUFFLED_p+6_Nd4001_dt1,main,shuffle,4,SHUFFLED,6,4001,1.0,2.5350000000000003e-06,0.07321886766113006,23.892140547002782,328,634,static_mh,0.3475424091004574,0.3456369385832468,0.000939209628445976,1.4589014323221654,0.00011182736233211303,-8.486923229603275e-05,3.3469144786958126e-05,1.7418836775731004,0.07169811320754717,0.5628675860765087,0.0033014111530084815,,,,,2.0,0.25811632242689964
shuffle_r4_SHUFFLED_p+6_Nd4001_dt1,main,shuffle,4,SHUFFLED,6,4001,1.0,2.5350000000000003e-06,0.07321886766113006,23.892140547002782,328,634,static_lti_mh,0.05285650679064178,0.024053378823258694,0.0009314384747370859,1.480989073199233,9.80549873067714e-05,-8.537894869228186e-05,2.7573231780186497e-05,2.0,0.0,0.1430111736581481,0.0002667981843545699,,,,,2.0,0.0
shuffle_r4_SHUFFLED_p+6_Nd4001_dt1,main,shuffle,4,SHUFFLED,6,4001,1.0,2.5350000000000003e-06,0.07321886766113006,23.892140547002782,328,634,linear,0.0516423978385851,0.014137397748912107,0.00174294818203116,1.2348986219859066,0.0001833933702214685,1.6229076123279447e-06,7.50239067380045e-05,2.0,0.0,0.14038582257225019,0.0002255507002391646,,,,,2.0,0.0
shuffle_r5_ORIGINAL_p+3_Nd4001_dt1,main,shuffle,5,ORIGINAL,3,4001,1.0,2.5350000000000003e-06,0.07321886766113006,23.555854541998997,327,634,atomic,0.9408369197784109,0.6838121351452869,0.00059716031662537,1.7070492344104735,8.565558444880586e-05,5.3054105146007004e-05,0.0002986752888458545,0.8384360526412327,0.2037735849056604,1.037171948535635,0.011170997557333572,0.3845260868734973,0.37354324099068337,0.42614094400782465,0.37564620239888846,1.938106466987708,1.0996704143464753
shuffle_r5_ORIGINAL_p+3_Nd4001_dt1,main,shuffle,5,ORIGINAL,3,4001,1.0,2.5350000000000003e-06,0.07321886766113006,23.555854541998997,327,634,static,0.6505307683001272,0.6143392200415655,0.0007432257059433202,1.5739768788473145,9.834153473402853e-05,-2.229634787599011e-08,2.2128683887331376e-06,1.1355117589555679,0.01509433962264151,0.9064980211951008,0.008682150249256634,,,,,1.938106466987708,0.8025947080321401
shuffle_r5_ORIGINAL_p+3_Nd4001_dt1,main,shuffle,5,ORIGINAL,3,4001,1.0,2.5350000000000003e-06,0.07321886766113006,23.555854541998997,327,634,static_lti,0.7340563771242214,0.6492131034616223,0.0007374662625352377,1.5960768867857273,0.00010001514312271302,5.376494486820995e-07,1.4937334385152335e-05,1.1374588323253616,0.045283018867924525,0.8935381615477671,0.008441172634074588,,,,,1.938106466987708,0.8006476346623463
shuffle_r5_ORIGINAL_p+3_Nd4001_dt1,main,shuffle,5,ORIGINAL,3,4001,1.0,2.5350000000000003e-06,0.07321886766113006,23.555854541998997,327,634,static_mh,0.7708880623768537,0.7327526468232813,0.0007428896235216871,1.5692018570429582,0.00010181469191266503,-2.558495612273847e-05,0.0002830629771705463,1.1200567840864448,0.045283018867924525,0.9387788677142674,0.009818069389387339,,,,,1.938106466987708,0.8180496829012631
shuffle_r5_ORIGINAL_p+3_Nd4001_dt1,main,shuffle,5,ORIGINAL,3,4001,1.0,2.5350000000000003e-06,0.07321886766113006,23.555854541998997,327,634,static_lti_mh,0.7417153172138492,0.6563034044432156,0.0007371858004658813,1.5960876668807595,0.00010019761942123234,-2.505557323313131e-05,0.00014592324061347598,1.1775007174673089,0.045283018867924525,0.8614565500481062,0.008034965691956351,,,,,1.938106466987708,0.760605749520399
shuffle_r5_ORIGINAL_p+3_Nd4001_dt1,main,shuffle,5,ORIGINAL,3,4001,1.0,2.5350000000000003e-06,0.07321886766113006,23.555854541998997,327,634,linear,0.04149109236229665,6.360047134574194e-05,0.0017437997892710275,1.2401130483101523,0.00018325995335104892,1.0673797026746838e-06,2.3238412440859247e-05,1.938106466987708,0.011320754716981131,0.10258859380352886,9.675144543912198e-05,,,,,1.938106466987708,0.0
shuffle_r5_BLOCK_SHUFFLED_CYCLES_p+3_Nd4001_dt1,main,shuffle,5,BLOCK_SHUFFLED_CYCLES,3,4001,1.0,2.5350000000000003e-06,0.07321886766113006,23.997215827002947,327,634,atomic,0.8710349333360661,0.6170451971687896,0.0005990692434292162,1.7324760031456559,8.460906820131161e-05,4.839868966366516e-05,0.0003102184870960545,0.8965345274279777,0.17735849056603772,1.0034676325382679,0.011435928469724788,0.43772858831584555,0.431669369855872,0.4789692321586259,0.4331782281427302,1.9305635662067229,1.0340290387787452
shuffle_r5_BLOCK_SHUFFLED_CYCLES_p+3_Nd4001_dt1,main,shuffle,5,BLOCK_SHUFFLED_CYCLES,3,4001,1.0,2.5350000000000003e-06,0.07321886766113006,23.997215827002947,327,634,static,0.6470435330795795,0.62957425857058,0.0007442798366942253,1.5728754654449324,9.857924652192677e-05,-4.611424319517772e-08,2.311465869697923e-06,1.1361641298954819,0.022641509433962263,0.8291665533531125,0.008201421400501894,,,,,1.9305635662067229,0.794399436311241
shuffle_r5_BLOCK_SHUFFLED_CYCLES_p+3_Nd4001_dt1,main,shuffle,5,BLOCK_SHUFFLED_CYCLES,3,4001,1.0,2.5350000000000003e-06,0.07321886766113006,23.997215827002947,327,634,static_lti,0.72778761073303,0.6528105663910063,0.0007411525972942997,1.5930217150818764,0.00010054108834437024,-3.364009257467455e-07,1.4963497714222884e-05,1.1320135075424642,0.03773584905660377,0.8418618581433943,0.008455414297935325,,,,,1.9305635662067229,0.7985500586642587
shuffle_r5_BLOCK_SHUFFLED_CYCLES_p+3_Nd4001_dt1,main,shuffle,5,BLOCK_SHUFFLED_CYCLES,3,4001,1.0,2.5350000000000003e-06,0.07321886766113006,23.997215827002947,327,634,static_mh,0.7707977105380459,0.747726999727097,0.00074729008238075,1.5789483493231984,0.0001026279740129039,-2.528287991225577e-05,0.00028428685033235484,1.1209901003013658,0.022641509433962263,0.8983222381077441,0.009495301001060103,,,,,1.9305635662067229,0.8095734659053571
shuffle_r5_BLOCK_SHUFFLED_CYCLES_p+3_Nd4001_dt1,main,shuffle,5,BLOCK_SHUFFLED_CYCLES,3,4001,1.0,2.5350000000000003e-06,0.07321886766113006,23.997215827002947,327,634,static_lti_mh,0.734655964810638,0.6576907629091148,0.0007410564702538334,1.5931721419286426,0.00010072725539888248,-2.5664074895866598e-05,0.00013165577430419574,1.1407028370174273,0.04150943396226415,0.8589137265792751,0.008567555257637562,,,,,1.9305635662067229,0.7898607291892956
shuffle_r5_BLOCK_SHUFFLED_CYCLES_p+3_Nd4001_dt1,main,shuffle,5,BLOCK_SHUFFLED_CYCLES,3,4001,1.0,2.5350000000000003e-06,0.07321886766113006,23.997215827002947,327,634,linear,0.03844664706419717,0.00017604794863636673,0.0017460967894646071,1.2382432360944373,0.00018361024142891883,-4.574558136377017e-07,2.3288625360636177e-05,1.9305635662067229,0.011320754716981131,0.11260592348867315,0.00012124886117173963,,,,,1.9305635662067229,0.0
shuffle_r5_BLOCK_SHUFFLED_FIXED_p+3_Nd4001_dt1,main,shuffle,5,BLOCK_SHUFFLED_FIXED,3,4001,1.0,2.5350000000000003e-06,0.07321886766113006,26.74521878499945,327,634,atomic,0.8217984993103091,0.4441258216332315,0.0006684283485524508,1.7075429530646615,9.148546816009935e-05,4.550992662002217e-05,0.00033014761001700336,0.6604530791017464,0.25660377358490566,0.8077690564319114,0.010285712125381525,0.5478688411574493,0.5484556605433412,0.6661002511097747,0.5524674575063117,1.5921520832550593,0.9316990041533129
shuffle_r5_BLOCK_SHUFFLED_FIXED_p+3_Nd4001_dt1,main,shuffle,5,BLOCK_SHUFFLED_FIXED,3,4001,1.0,2.5350000000000003e-06,0.07321886766113006,26.74521878499945,327,634,static,0.6097836574327052,0.5196541471434166,0.0007609844579599895,1.5618643478018714,9.792166276984431e-05,4.742231424194633e-08,6.537459705111436e-06,0.962926352341756,0.01509433962264151,0.7769676192959438,0.005291196871421494,,,,,1.5921520832550593,0.6292257309133032
shuffle_r5_BLOCK_SHUFFLED_FIXED_p+3_Nd4001_dt1,main,shuffle,5,BLOCK_SHUFFLED_FIXED,3,4001,1.0,2.5350000000000003e-06,0.07321886766113006,26.74521878499945,327,634,static_lti,0.760491906210652,0.5841757476364388,0.0007614843240686133,1.596287867038945,0.00010246456576393925,-1.7259378811664002e-06,4.463226733047795e-05,0.8577720120272291,0.052830188679245285,0.8463426444104637,0.006706904716063463,,,,,1.5921520832550593,0.7343800712278302
shuffle_r5_BLOCK_SHUFFLED_FIXED_p+3_Nd4001_dt1,main,shuffle,5,BLOCK_SHUFFLED_FIXED,3,4001,1.0,2.5350000000000003e-06,0.07321886766113006,26.74521878499945,327,634,static_mh,1.3594511090591823,1.197973277632533,0.0007466879828771685,1.5886420013387854,0.0001163201647204556,-2.4858168694775473e-05,0.00025623034294614563,0.4577569742322645,0.045283018867924525,1.3727316473204474,0.02252849304508353,,,,,1.5921520832550593,1.1343951090227948
shuffle_r5_BLOCK_SHUFFLED_FIXED_p+3_Nd4001_dt1,main,shuffle,5,BLOCK_SHUFFLED_FIXED,3,4001,1.0,2.5350000000000003e-06,0.07321886766113006,26.74521878499945,327,634,static_lti_mh,0.7867085769618547,0.6011208911088142,0.0007607502722227912,1.5986725617846371,0.00010312493244234018,-2.6549921117694393e-05,0.00011014416503343903,0.6938525630819224,0.052830188679245285,0.8966683857140146,0.007138525891397966,,,,,1.5921520832550593,0.8982995201731369
shuffle_r5_BLOCK_SHUFFLED_FIXED_p+3_Nd4001_dt1,main,shuffle,5,BLOCK_SHUFFLED_FIXED,3,4001,1.0,2.5350000000000003e-06,0.07321886766113006,26.74521878499945,327,634,linear,0.08648722294276662,0.007885981071107901,0.0017757071263656778,1.2573490444526751,0.00018768617290901236,-6.2540610139657166e-06,9.71018518367702e-05,1.5921520832550593,0.05660377358490566,0.24061169634120588,0.0006931060690995694,,,,,1.5921520832550593,0.0
shuffle_r5_SHUFFLED_p+3_Nd4001_dt1,main,shuffle,5,SHUFFLED,3,4001,1.0,2.5350000000000003e-06,0.07321886766113006,28.967947107998043,327,634,atomic,0.13658674096683995,0.08005948402064154,0.001234544811795756,1.3613231401947734,0.00010015980683040227,-0.00012826672360894445,9.56692144697021e-05,1.9999738779970118,0.0,0.27650690485534096,0.0004194240448035972,0.1317677944095565,0.09389704477178355,0.19158859368650072,0.09533246527468546,2.0,2.612200298823808e-05
shuffle_r5_SHUFFLED_p+3_Nd4001_dt1,main,shuffle,5,SHUFFLED,3,4001,1.0,2.5350000000000003e-06,0.07321886766113006,28.967947107998043,327,634,static,0.006631888619206991,0.0063437190551690085,0.001125653961813344,1.3933320126837607,8.597059637541238e-05,3.367687386363881e-08,3.5886165832930035e-06,2.0,0.0,0.09719519637389445,6.438438246131191e-05,,,,,2.0,0.0
shuffle_r5_SHUFFLED_p+3_Nd4001_dt1,main,shuffle,5,SHUFFLED,3,4001,1.0,2.5350000000000003e-06,0.07321886766113006,28.967947107998043,327,634,static_lti,0.044168475809302415,0.013298903077440192,0.0011211779389589597,1.4114284470944072,8.721171943404741e-05,-5.843976324525347e-07,2.33425455280842e-05,2.0,0.0,0.12799191334149204,0.0001009502943253985,,,,,2.0,0.0
shuffle_r5_SHUFFLED_p+3_Nd4001_dt1,main,shuffle,5,SHUFFLED,3,4001,1.0,2.5350000000000003e-06,0.07321886766113006,28.967947107998043,327,634,static_mh,0.08116489360421292,0.08063836241619171,0.0011243461656738603,1.3913243403234914,8.899211871470242e-05,-2.509078700499966e-05,1.4124695421697886e-05,1.9974144665198499,0.0,0.2884697989981971,0.0005019927445792295,,,,,2.0,0.002585533480150115
shuffle_r5_SHUFFLED_p+3_Nd4001_dt1,main,shuffle,5,SHUFFLED,3,4001,1.0,2.5350000000000003e-06,0.07321886766113006,28.967947107998043,327,634,static_lti_mh,0.04600501063876478,0.015026586024528332,0.0011205048058739394,1.411666805702283,8.723575396249556e-05,-2.5725203107413356e-05,2.4051590516449603e-05,2.0,0.0,0.1350692609310744,0.00011383624789610943,,,,,2.0,0.0
shuffle_r5_SHUFFLED_p+3_Nd4001_dt1,main,shuffle,5,SHUFFLED,3,4001,1.0,2.5350000000000003e-06,0.07321886766113006,28.967947107998043,327,634,linear,0.04809779471276851,0.011676482545978634,0.0017404983473457564,1.2357973093923644,0.00013563935863033377,-4.9386067314741745e-06,5.386600793235579e-05,2.0,0.0,0.13267349869198375,0.00010876457300683705,,,,,2.0,0.0
shuffle_r5_ORIGINAL_p+0_Nd4001_dt1,main,shuffle,5,ORIGINAL,0,4001,1.0,2.5350000000000003e-06,0.07321886766113006,26.807275523002318,327,634,atomic,0.6598531934112494,0.5148035932480454,0.0008042238628440127,1.5539137514758563,7.551484505544153e-05,-1.3073606929197797e-05,0.00020339000987058955,0.9913478084185429,0.09811320754716982,0.9053761401938188,0.004669840327935752,0.2843143178335059,0.26293816417083904,0.31119638953175965,0.2643447010787041,1.9299986887625462,0.9386508803440033
shuffle_r5_ORIGINAL_p+0_Nd4001_dt1,main,shuffle,5,ORIGINAL,0,4001,1.0,2.5350000000000003e-06,0.07321886766113006,26.807275523002318,327,634,static,0.3291313254069467,0.31248420162815105,0.0010068924754298267,1.447292996020576,8.463135371935862e-05,-4.120187418206165e-08,1.843648544850483e-06,1.1666522222658844,0.011320754716981131,0.6709108653233589,0.002012502909855335,,,,,1.9299986887625462,0.7633464664966618
shuffle_r5_ORIGINAL_p+0_Nd4001_dt1,main,shuffle,5,ORIGINAL,0,4001,1.0,2.5350000000000003e-06,0.07321886766113006,26.807275523002318,327,634,static_lti,0.3857612655074792,0.3255209439844713,0.0010003536195795485,1.4686514846434462,8.585206865519247e-05,4.894597212993217e-07,1.1470874292439874e-05,1.1437261725308072,0.045283018867924525,0.6892178535676254,0.0020980423933197935,,,,,1.9299986887625462,0.786272516231739
shuffle_r5_ORIGINAL_p+0_Nd4001_dt1,main,shuffle,5,ORIGINAL,0,4001,1.0,2.5350000000000003e-06,0.07321886766113006,26.807275523002318,327,634,static_mh,0.37592210436745466,0.3575765167064685,0.0010053147295681106,1.4461565292769711,8.597235522051123e-05,-3.016547372913914e-05,0.00014589507633112545,1.247062918283187,0.03018867924528302,0.6444073396773992,0.00189192651155187,,,,,1.9299986887625462,0.6829357704793593
shuffle_r5_ORIGINAL_p+0_Nd4001_dt1,main,shuffle,5,ORIGINAL,0,4001,1.0,2.5350000000000003e-06,0.07321886766113006,26.807275523002318,327,634,static_lti_mh,0.3879514759395297,0.3267281440525691,0.0010003812494583644,1.4687938954697346,8.592239928740347e-05,-2.9713085779118646e-05,6.704555262546055e-05,1.1390847419532721,0.045283018867924525,0.6799481175179507,0.0020278461431389614,,,,,1.9299986887625462,0.7909139468092741
shuffle_r5_ORIGINAL_p+0_Nd4001_dt1,main,shuffle,5,ORIGINAL,0,4001,1.0,2.5350000000000003e-06,0.07321886766113006,26.807275523002318,327,634,linear,0.04149109236229857,6.360047134587574e-05,0.0017437997892710466,1.240113048310154,0.00012973811142131001,7.556469608459719e-07,1.6451536123286897e-05,1.9299986887625462,0.011320754716981131,0.10687168862791616,5.2783598209402945e-05,,,,,1.9299986887625462,0.0
shuffle_r5_BLOCK_SHUFFLED_CYCLES_p+0_Nd4001_dt1,main,shuffle,5,BLOCK_SHUFFLED_CYCLES,0,4001,1.0,2.5350000000000003e-06,0.07321886766113006,27.425556712001708,327,634,atomic,0.6358985144074917,0.5030341143314202,0.0008057769776169974,1.5716034555224334,7.532750560301984e-05,-1.2931451329778265e-05,0.00024028000452302065,0.8762337282780744,0.1320754716981132,0.929882189563243,0.005269958924921501,0.30764485650978113,0.29256196471982066,0.3202541438557996,0.29510181104750033,1.923042939601384,1.0468092113233096
shuffle_r5_BLOCK_SHUFFLED_CYCLES_p+0_Nd4001_dt1,main,shuffle,5,BLOCK_SHUFFLED_CYCLES,0,4001,1.0,2.5350000000000003e-06,0.07321886766113006,27.425556712001708,327,634,static,0.3281317829731323,0.3234960619096056,0.001007841207504799,1.4468989139182096,8.485163904166322e-05,-3.2303979872722536e-08,1.8434486226577713e-06,1.2268979354399356,0.018867924528301886,0.612478885894723,0.0019489652273313937,,,,,1.923042939601384,0.6961450041614483
shuffle_r5_BLOCK_SHUFFLED_CYCLES_p+0_Nd4001_dt1,main,shuffle,5,BLOCK_SHUFFLED_CYCLES,0,4001,1.0,2.5350000000000003e-06,0.07321886766113006,27.425556712001708,327,634,static_lti,0.3863738259538429,0.3318477717912592,0.0010047369569455903,1.4686920532812318,8.642457536601741e-05,-2.1649218018159677e-07,1.180910793168751e-05,1.2208057087358706,0.033962264150943396,0.627062079612977,0.002061351235208722,,,,,1.923042939601384,0.7022372308655134
shuffle_r5_BLOCK_SHUFFLED_CYCLES_p+0_Nd4001_dt1,main,shuffle,5,BLOCK_SHUFFLED_CYCLES,0,4001,1.0,2.5350000000000003e-06,0.07321886766113006,27.425556712001708,327,634,static_mh,0.3636298158433145,0.3582385179040685,0.001009235633051862,1.4481995614728966,8.609672816144746e-05,-3.0297461903949617e-05,0.0001456546866221097,1.2652494648628345,0.018867924528301886,0.6878419164652497,0.0023930512882200383,,,,,1.923042939601384,0.6577934747385494
shuffle_r5_BLOCK_SHUFFLED_CYCLES_p+0_Nd4001_dt1,main,shuffle,5,BLOCK_SHUFFLED_CYCLES,0,4001,1.0,2.5350000000000003e-06,0.07321886766113006,27.425556712001708,327,634,static_lti_mh,0.3902533013024934,0.33492122651379075,0.0010043358829961045,1.4686766122770352,8.651080410818863e-05,-3.0410918818163147e-05,6.310742721028356e-05,1.254189403981119,0.04150943396226415,0.6195218484116992,0.002018521573619252,,,,,1.923042939601384,0.668853535620265
shuffle_r5_BLOCK_SHUFFLED_CYCLES_p+0_Nd4001_dt1,main,shuffle,5,BLOCK_SHUFFLED_CYCLES,0,4001,1.0,2.5350000000000003e-06,0.07321886766113006,27.425556712001708,327,634,linear,0.038446647064194275,0.00017604794863658368,0.0017460967894646128,1.238243236094429,0.00012998609638935674,-3.2385391480697797e-07,1.6487084148163704e-05,1.923042939601384,0.011320754716981131,0.1173993010222328,6.440674096784042e-05,,,,,1.923042939601384,0.0
shuffle_r5_BLOCK_SHUFFLED_FIXED_p+0_Nd4001_dt1,main,shuffle,5,BLOCK_SHUFFLED_FIXED,0,4001,1.0,2.5350000000000003e-06,0.07321886766113006,25.616860000998713,327,634,atomic,0.5474729294023729,0.33467711069953165,0.0009199147679109645,1.562076827952433,8.215711178134012e-05,-5.416129995163272e-05,0.00024849553381221643,0.5114030415467508,0.18490566037735848,0.7563310852701528,0.002832658007828437,0.36871408664412414,0.33252122649234456,0.45282497010989475,0.34033001928767015,1.5877995524813133,1.0763965109345626
shuffle_r5_BLOCK_SHUFFLED_FIXED_p+0_Nd4001_dt1,main,shuffle,5,BLOCK_SHUFFLED_FIXED,0,4001,1.0,2.5350000000000003e-06,0.07321886766113006,25.616860000998713,327,634,static,0.3120100302251266,0.27889702355338714,0.001023941989634307,1.440790669823706,8.421955675017751e-05,3.402213114369725e-08,5.969427577717509e-06,0.9785526331812906,0.011320754716981131,0.580522115331712,0.0011293644301057157,,,,,1.5877995524813133,0.6092469193000227
shuffle_r5_BLOCK_SHUFFLED_FIXED_p+0_Nd4001_dt1,main,shuffle,5,BLOCK_SHUFFLED_FIXED,0,4001,1.0,2.5350000000000003e-06,0.07321886766113006,25.616860000998713,327,634,static_lti,0.41262305588693626,0.31046665828920306,0.0010311391831743576,1.4743073939721267,8.80006552804109e-05,-1.0114552560474416e-06,3.861900376281947e-05,0.9568893907258619,0.04905660377358491,0.6274907443745795,0.0015141907159807665,,,,,1.5877995524813133,0.6309101617554514
shuffle_r5_BLOCK_SHUFFLED_FIXED_p+0_Nd4001_dt1,main,shuffle,5,BLOCK_SHUFFLED_FIXED,0,4001,1.0,2.5350000000000003e-06,0.07321886766113006,25.616860000998713,327,634,static_mh,0.5489503990230636,0.502324434332707,0.0010128064286551546,1.4477058504754645,9.051361621350011e-05,-3.0744810916591725e-05,0.00013280386159480976,0.5656295793573894,0.033962264150943396,0.7773904983520855,0.0029437216977650136,,,,,1.5877995524813133,1.022169973123924
shuffle_r5_BLOCK_SHUFFLED_FIXED_p+0_Nd4001_dt1,main,shuffle,5,BLOCK_SHUFFLED_FIXED,0,4001,1.0,2.5350000000000003e-06,0.07321886766113006,25.616860000998713,327,634,static_lti_mh,0.4226746424258617,0.31834538599207285,0.0010295203218765841,1.4758010188894177,8.817389092441279e-05,-3.155573120778171e-05,6.731794413376477e-05,0.7792388848268805,0.04905660377358491,0.6449497129492763,0.0016090510665653756,,,,,1.5877995524813133,0.8085606676544328
shuffle_r5_BLOCK_SHUFFLED_FIXED_p+0_Nd4001_dt1,main,shuffle,5,BLOCK_SHUFFLED_FIXED,0,4001,1.0,2.5350000000000003e-06,0.07321886766113006,25.616860000998713,327,634,linear,0.08648722294276781,0.007885981071106048,0.0017757071263656812,1.2573490444526754,0.0001328716348981282,-4.4275361301185464e-06,6.874284666373568e-05,1.5877995524813133,0.052830188679245285,0.24252952115785342,0.00035265825593677204,,,,,1.5877995524813133,0.0
shuffle_r5_SHUFFLED_p+0_Nd4001_dt1,main,shuffle,5,SHUFFLED,0,4001,1.0,2.5350000000000003e-06,0.07321886766113006,38.06028389899802,327,634,atomic,0.08452488084643112,0.041511420306176654,0.001490435682796796,1.29651920985406,8.362810581677196e-05,-0.00010909215652482417,6.715270712517037e-05,1.999999999260151,0.0,0.2101381516329489,0.0001250593781954798,0.08990152167495596,0.044025883112509025,0.11494411238549661,0.044562366619478995,2.0,7.398490708965255e-10
shuffle_r5_SHUFFLED_p+0_Nd4001_dt1,main,shuffle,5,SHUFFLED,0,4001,1.0,2.5350000000000003e-06,0.07321886766113006,38.06028389899802,327,634,static,0.005144414462534521,0.004981718593513039,0.0013401513418474732,1.3341010092383982,7.240786398315973e-05,3.989528214390618e-08,3.2289150559054026e-06,2.0,0.0,0.0972070947438229,3.122213961532558e-05,,,,,2.0,0.0
shuffle_r5_SHUFFLED_p+0_Nd4001_dt1,main,shuffle,5,SHUFFLED,0,4001,1.0,2.5350000000000003e-06,0.07321886766113006,38.06028389899802,327,634,static_lti,0.04282909894108369,0.01075204099218297,0.0013341086854056386,1.3521153961502415,7.34205611530655e-05,-1.1140488151435674e-06,2.1378391191492605e-05,2.0,0.0,0.1299437980352543,4.818431292541748e-05,,,,,2.0,0.0
shuffle_r5_SHUFFLED_p+0_Nd4001_dt1,main,shuffle,5,SHUFFLED,0,4001,1.0,2.5350000000000003e-06,0.07321886766113006,38.06028389899802,327,634,static_mh,0.033183912532239304,0.03288194347375455,0.001340570987832793,1.3314645933263305,7.343328626174017e-05,-3.047443943358186e-05,7.852681855812217e-06,1.999999998490241,0.0,0.19659171386476554,0.00012216435399911533,,,,,2.0,1.5097589844970116e-09
shuffle_r5_SHUFFLED_p+0_Nd4001_dt1,main,shuffle,5,SHUFFLED,0,4001,1.0,2.5350000000000003e-06,0.07321886766113006,38.06028389899802,327,634,static_lti_mh,0.04354847409467156,0.01146528362109909,0.0013341244289123743,1.3522590941148,7.344642641937401e-05,-3.1637484611449184e-05,2.1544689172720874e-05,2.0,0.0,0.13283325928898232,5.040343089006316e-05,,,,,2.0,0.0
shuffle_r5_SHUFFLED_p+0_Nd4001_dt1,main,shuffle,5,SHUFFLED,0,4001,1.0,2.5350000000000003e-06,0.07321886766113006,38.06028389899802,327,634,linear,0.04809779471277201,0.011676482545978936,0.001740498347345749,1.2357973093923689,9.602531213891299e-05,-3.4962658162782202e-06,3.8134213237313973e-05,2.0,0.0,0.13818027796958962,5.83017363972867e-05,,,,,2.0,0.0
shuffle_r5_ORIGINAL_p+6_Nd4001_dt1,main,shuffle,5,ORIGINAL,6,4001,1.0,2.5350000000000003e-06,0.07321886766113006,24.965011180000147,327,634,atomic,1.256170839497053,0.7931043683345709,0.00043190104633769827,1.8915844797069687,9.44066969947407e-05,0.0001282692167000931,0.00040573878115176675,0.6927141615571865,0.2830188679245283,1.204253542629025,0.029792958256607428,0.49615851250626913,0.49871087559764404,0.5723335258207956,0.5024758108921654,1.9418053652760727,1.2490912037188862
shuffle_r5_ORIGINAL_p+6_Nd4001_dt1,main,shuffle,5,ORIGINAL,6,4001,1.0,2.5350000000000003e-06,0.07321886766113006,24.965011180000147,327,634,static,1.1448316187448333,1.0715048708778097,0.0005216778758192017,1.7778411000515013,0.00011115291278852345,-5.284579444604143e-08,3.1307701866455926e-06,0.8862234676642792,0.04905660377358491,1.2267671889661105,0.031267424545537395,,,,,1.9418053652760727,1.0555818976117934
shuffle_r5_ORIGINAL_p+6_Nd4001_dt1,main,shuffle,5,ORIGINAL,6,4001,1.0,2.5350000000000003e-06,0.07321886766113006,24.965011180000147,327,634,static_lti,1.2787245808369572,1.134142633971331,0.0005176002395855717,1.8018388878563285,0.00011366882890679167,-2.0606423436932758e-07,1.917915717452271e-05,0.8390065388173547,0.10566037735849057,1.2437906311248488,0.03286298531238289,,,,,1.9418053652760727,1.102798826458718
shuffle_r5_ORIGINAL_p+6_Nd4001_dt1,main,shuffle,5,ORIGINAL,6,4001,1.0,2.5350000000000003e-06,0.07321886766113006,24.965011180000147,327,634,static_mh,1.634693460982606,1.5169058030306408,0.000516292213797066,1.7836946162665923,0.00012190483930734338,-6.082693061739998e-05,0.0005787158839856713,0.4447996335656643,0.2943396226415094,1.4640173308767304,0.03965850667452507,,,,,1.9418053652760727,1.4970057317104084
shuffle_r5_ORIGINAL_p+6_Nd4001_dt1,main,shuffle,5,ORIGINAL,6,4001,1.0,2.5350000000000003e-06,0.07321886766113006,24.965011180000147,327,634,static_lti_mh,1.3118576895514638,1.1635987883856478,0.0005172816577299924,1.8019652562958521,0.00011442079149586301,-6.076304592063835e-05,0.00032593348353798416,0.8381824378939002,0.12075471698113208,1.181200367848876,0.029958984033841143,,,,,1.9418053652760727,1.1036229273821725
shuffle_r5_ORIGINAL_p+6_Nd4001_dt1,main,shuffle,5,ORIGINAL,6,4001,1.0,2.5350000000000003e-06,0.07321886766113006,24.965011180000147,327,634,linear,0.04149109236229783,6.360047134567369e-05,0.0017437997892710375,1.2401130483101517,0.00025886156453417303,1.5077139043966668e-06,3.282513005014231e-05,1.9418053652760727,0.0,0.1003267095797736,0.00018429609817468252,,,,,1.9418053652760727,0.0
shuffle_r5_BLOCK_SHUFFLED_CYCLES_p+6_Nd4001_dt1,main,shuffle,5,BLOCK_SHUFFLED_CYCLES,6,4001,1.0,2.5350000000000003e-06,0.07321886766113006,24.56238448500153,327,634,atomic,1.1327773362704692,0.7051829110901282,0.00043873371097847354,1.9067878306261246,9.34589583037467e-05,0.0001436456280595462,0.0004264331863310209,0.543350106502895,0.24528301886792453,1.0450125010300086,0.024229342227743127,0.554227812931036,0.560495316031756,0.6230257980553444,0.5620495776920571,1.9341957321570693,1.3908456256541744
shuffle_r5_BLOCK_SHUFFLED_CYCLES_p+6_Nd4001_dt1,main,shuffle,5,BLOCK_SHUFFLED_CYCLES,6,4001,1.0,2.5350000000000003e-06,0.07321886766113006,24.56238448500153,327,634,static,1.134010894455093,1.0744652082238517,0.0005225538921228215,1.7766310732453685,0.0001113180848597623,-1.1555844243247237e-08,3.0676035820533107e-06,0.9339557022526475,0.04905660377358491,1.1338621268239772,0.02851078611740515,,,,,1.9341957321570693,1.0002400299044218
shuffle_r5_BLOCK_SHUFFLED_CYCLES_p+6_Nd4001_dt1,main,shuffle,5,BLOCK_SHUFFLED_CYCLES,6,4001,1.0,2.5350000000000003e-06,0.07321886766113006,24.56238448500153,327,634,static_lti,1.2677911124934766,1.11850682797167,0.0005194398795639665,1.7992401927866613,0.000114066740139229,-1.9002700261174714e-07,1.9612686842916114e-05,0.886897130798601,0.09811320754716982,1.1819086273200465,0.031229100736456357,,,,,1.9341957321570693,1.0472986013584684
shuffle_r5_BLOCK_SHUFFLED_CYCLES_p+6_Nd4001_dt1,main,shuffle,5,BLOCK_SHUFFLED_CYCLES,6,4001,1.0,2.5350000000000003e-06,0.07321886766113006,24.56238448500153,327,634,static_mh,1.6149712225779658,1.5365585794199075,0.0005165970774781527,1.7660033220923483,0.00012181000608700272,-5.9717789602546275e-05,0.0005796573856279728,0.7802546792572909,0.07169811320754717,1.6269103572207586,0.05962099446031062,,,,,1.9341957321570693,1.1539410528997784
shuffle_r5_BLOCK_SHUFFLED_CYCLES_p+6_Nd4001_dt1,main,shuffle,5,BLOCK_SHUFFLED_CYCLES,6,4001,1.0,2.5350000000000003e-06,0.07321886766113006,24.56238448500153,327,634,static_lti_mh,1.2958087362466602,1.1437709810874066,0.0005192121249871563,1.8003042398283209,0.0001147175322813502,-6.026595609327778e-05,0.0002891833033709498,0.9002337565217139,0.09811320754716982,1.181771858303527,0.032095194486732266,,,,,1.9341957321570693,1.0339619756353553
shuffle_r5_BLOCK_SHUFFLED_CYCLES_p+6_Nd4001_dt1,main,shuffle,5,BLOCK_SHUFFLED_CYCLES,6,4001,1.0,2.5350000000000003e-06,0.07321886766113006,24.56238448500153,327,634,linear,0.038446647064196704,0.0001760479486364504,0.0017460967894646108,1.2382432360944386,0.0002593563595955961,-6.461735117695356e-07,3.289605768455319e-05,1.9341957321570693,0.011320754716981131,0.10994928182161674,0.00023502093086606908,,,,,1.9341957321570693,0.0
shuffle_r5_BLOCK_SHUFFLED_FIXED_p+6_Nd4001_dt1,main,shuffle,5,BLOCK_SHUFFLED_FIXED,6,4001,1.0,2.5350000000000003e-06,0.07321886766113006,26.450038369999675,327,634,atomic,0.9799629676954198,0.49904133256046956,0.0005158593146680406,1.8487678162913737,0.00010396806394531046,0.0002092552947149747,0.0004128768058501022,0.5227890617770289,0.2792452830188679,0.851080947071649,0.023825264703553724,0.6630401336506481,0.6865584619929896,0.7942844977169474,0.6766860939579691,1.5949611040264493,1.0721720422494205
shuffle_r5_BLOCK_SHUFFLED_FIXED_p+6_Nd4001_dt1,main,shuffle,5,BLOCK_SHUFFLED_FIXED,6,4001,1.0,2.5350000000000003e-06,0.07321886766113006,26.450038369999675,327,634,static,1.0695758765585222,0.8438731762221258,0.0005355039319585164,1.756316635177345,0.00011035524879446722,6.381153905608474e-08,7.659375449669053e-06,1.0464689355637218,0.04150943396226415,0.9889031651979656,0.019737858641642483,,,,,1.5949611040264493,0.5484921684627275
shuffle_r5_BLOCK_SHUFFLED_FIXED_p+6_Nd4001_dt1,main,shuffle,5,BLOCK_SHUFFLED_FIXED,6,4001,1.0,2.5350000000000003e-06,0.07321886766113006,26.450038369999675,327,634,static_lti,1.3079220237376512,0.9306006759940731,0.0005315735530253357,1.7936798724798466,0.0001156718666751181,-1.9995349226388394e-06,4.9822645791502595e-05,0.9192198330149992,0.09056603773584905,1.0646748745130286,0.02364026545533424,,,,,1.5949611040264493,0.6757412710114501
shuffle_r5_BLOCK_SHUFFLED_FIXED_p+6_Nd4001_dt1,main,shuffle,5,BLOCK_SHUFFLED_FIXED,6,4001,1.0,2.5350000000000003e-06,0.07321886766113006,26.450038369999675,327,634,static_mh,3.889495790613315,3.091816866955865,0.0005262411638064791,1.8202850093775287,0.00016665906570599072,-5.6975862508917026e-05,0.0005189285675461647,0.17374834875237374,0.19622641509433963,2.022711632710953,0.17210818863173988,,,,,1.5949611040264493,1.4212127552740756
shuffle_r5_BLOCK_SHUFFLED_FIXED_p+6_Nd4001_dt1,main,shuffle,5,BLOCK_SHUFFLED_FIXED,6,4001,1.0,2.5350000000000003e-06,0.07321886766113006,26.450038369999675,327,634,static_lti_mh,1.3600058225124712,0.9760649943832779,0.0005332711261428968,1.794535084142272,0.00011734386423439969,-5.983316516319292e-05,0.00021333732229870974,0.7378456907803342,0.10566037735849057,1.126610633031314,0.0240853826772539,,,,,1.5949611040264493,0.8571154132461151
shuffle_r5_BLOCK_SHUFFLED_FIXED_p+6_Nd4001_dt1,main,shuffle,5,BLOCK_SHUFFLED_FIXED,6,4001,1.0,2.5350000000000003e-06,0.07321886766113006,26.450038369999675,327,634,linear,0.08648722294276776,0.007885981071106113,0.0017757071263656621,1.2573490444526745,0.0002651137658405373,-8.834095988589173e-06,0.0001371600113718367,1.5949611040264493,0.052830188679245285,0.23959079409058642,0.0013713118554297523,,,,,1.5949611040264493,0.0
shuffle_r5_SHUFFLED_p+6_Nd4001_dt1,main,shuffle,5,SHUFFLED,6,4001,1.0,2.5350000000000003e-06,0.07321886766113006,25.935179611999047,327,634,atomic,0.33474425190282525,0.19831031592026818,0.0007660436266769699,1.5215992055689167,9.514885004567705e-05,-6.266201699577521e-05,0.00013805930636457694,1.9057196074682388,0.01509433962264151,0.45142519375774276,0.002243317961875321,0.2623153878730416,0.2363467814885979,0.403404673631219,0.2382639242940429,2.0,0.09428039253176124
shuffle_r5_SHUFFLED_p+6_Nd4001_dt1,main,shuffle,5,SHUFFLED,6,4001,1.0,2.5350000000000003e-06,0.07321886766113006,25.935179611999047,327,634,static,0.009013267604746826,0.008551736844409106,0.0008893567597874512,1.4869665587155207,9.605732129241523e-05,-2.4823484843452137e-08,4.0879646192219795e-06,2.0,0.0,0.10419136040175085,0.00015202037299215073,,,,,2.0,0.0
shuffle_r5_SHUFFLED_p+6_Nd4001_dt1,main,shuffle,5,SHUFFLED,6,4001,1.0,2.5350000000000003e-06,0.07321886766113006,25.935179611999047,327,634,static_lti,0.0477317054905968,0.017537823399104535,0.0008858481629059645,1.5053197729087167,9.749547939657932e-05,1.7220574654744333e-07,2.674400178555063e-05,2.0,0.0,0.1339670681276963,0.00024498274978314793,,,,,2.0,0.0
shuffle_r5_SHUFFLED_p+6_Nd4001_dt1,main,shuffle,5,SHUFFLED,6,4001,1.0,2.5350000000000003e-06,0.07321886766113006,25.935179611999047,327,634,static_mh,0.2544499413609682,0.25340067752133016,0.0008868653864727229,1.4889361546631976,0.0001068018832424704,-5.844880970025096e-05,2.783438208595699e-05,1.8258706797244828,0.04905660377358491,0.4667207180868919,0.002923884558660299,,,,,2.0,0.1741293202755172
shuffle_r5_SHUFFLED_p+6_Nd4001_dt1,main,shuffle,5,SHUFFLED,6,4001,1.0,2.5350000000000003e-06,0.07321886766113006,25.935179611999047,327,634,static_lti_mh,0.05286323335588415,0.02233771212106458,0.0008850031965921911,1.5050228951345883,9.763940876622526e-05,-5.827868579705903e-05,2.9045299852143322e-05,2.0,0.0,0.14649252963898787,0.0003112242482991865,,,,,2.0,0.0
shuffle_r5_SHUFFLED_p+6_Nd4001_dt1,main,shuffle,5,SHUFFLED,6,4001,1.0,2.5350000000000003e-06,0.07321886766113006,25.935179611999047,327,634,linear,0.04809779471276978,0.011676482545978615,0.0017404983473457486,1.235797309392364,0.0001915956865938967,-6.975967426332491e-06,7.608775858340077e-05,2.0,0.0,0.12985522156680385,0.0002097713129554939,,,,,2.0,0.0
shuffle_r6_ORIGINAL_p+3_Nd4001_dt1,main,shuffle,6,ORIGINAL,3,4001,1.0,2.5350000000000003e-06,0.07321886766113006,28.806370708996837,280,634,atomic,0.8995492724126568,0.6319587808232552,0.0005911937552868239,1.6994249228525977,8.425750082528127e-05,6.323984073649976e-05,0.000289095327469167,0.8001273453582213,0.14339622641509434,0.869856617137764,0.009479963696960074,0.40378557824186606,0.38934532188101134,0.4455771512650601,0.39194658084435546,1.9411732198636187,1.1410458745053975
shuffle_r6_ORIGINAL_p+3_Nd4001_dt1,main,shuffle,6,ORIGINAL,3,4001,1.0,2.5350000000000003e-06,0.07321886766113006,28.806370708996837,280,634,static,0.5643954420335076,0.5416284243514886,0.0007836216039905543,1.5622012122528726,0.00010137012171000183,4.539781643013921e-09,2.3088722108353645e-06,1.077867615687514,0.026415094339622643,0.7403179737220873,0.005094044288939008,,,,,1.9411732198636187,0.8633056041761047
shuffle_r6_ORIGINAL_p+3_Nd4001_dt1,main,shuffle,6,ORIGINAL,3,4001,1.0,2.5350000000000003e-06,0.07321886766113006,28.806370708996837,280,634,static_lti,0.643122824308353,0.5805569210723706,0.0007790205061067089,1.5862126789139404,0.0001032790629163968,-9.627034518428309e-07,1.4721185986108779e-05,1.015353555397318,0.033962264150943396,0.7469407281322565,0.005373191497300398,,,,,1.9411732198636187,0.9258196644663006
shuffle_r6_ORIGINAL_p+3_Nd4001_dt1,main,shuffle,6,ORIGINAL,3,4001,1.0,2.5350000000000003e-06,0.07321886766113006,28.806370708996837,280,634,static_mh,0.6818244439648339,0.6560645019189658,0.0007817829866680478,1.5582727324344579,0.00010485763848391965,-1.8842335064937564e-05,0.0002475957657296063,0.9565909523727353,0.026415094339622643,0.7763495654786388,0.006239667948595117,,,,,1.9411732198636187,0.9845822674908834
shuffle_r6_ORIGINAL_p+3_Nd4001_dt1,main,shuffle,6,ORIGINAL,3,4001,1.0,2.5350000000000003e-06,0.07321886766113006,28.806370708996837,280,634,static_lti_mh,0.6527550076161428,0.5881515410574767,0.0007788808989868413,1.5875367078547686,0.0001035628379746334,-1.9828092889130846e-05,0.00010765834232342098,1.0173362675116893,0.03018867924528302,0.7447366968460972,0.005531503444126845,,,,,1.9411732198636187,0.9238369523519294
shuffle_r6_ORIGINAL_p+3_Nd4001_dt1,main,shuffle,6,ORIGINAL,3,4001,1.0,2.5350000000000003e-06,0.07321886766113006,28.806370708996837,280,634,linear,0.038773001540329005,5.1237648729333935e-05,0.0017541520474945302,1.2386617705879501,0.000184945224989272,-2.2953624265804975e-06,2.220775135742744e-05,1.9411732198636187,0.0037735849056603774,0.08340149546797501,0.0001340839582241638,,,,,1.9411732198636187,0.0
shuffle_r6_BLOCK_SHUFFLED_CYCLES_p+3_Nd4001_dt1,main,shuffle,6,BLOCK_SHUFFLED_CYCLES,3,4001,1.0,2.5350000000000003e-06,0.07321886766113006,26.55184132299837,280,634,atomic,0.8136680556375836,0.5904987797674631,0.0006279976666405777,1.7206456611505072,8.711348533047172e-05,7.209185033145659e-05,0.00030365862031444933,0.727020340478623,0.15849056603773584,0.8571127503040543,0.008361072415468561,0.4125519561935571,0.4043951240498774,0.44478024103422004,0.4073119799232219,1.8573905388697247,1.1303701983911019
shuffle_r6_BLOCK_SHUFFLED_CYCLES_p+3_Nd4001_dt1,main,shuffle,6,BLOCK_SHUFFLED_CYCLES,3,4001,1.0,2.5350000000000003e-06,0.07321886766113006,26.55184132299837,280,634,static,0.566507041007744,0.5336118622712495,0.0007831614037071749,1.5630851643294246,0.00010096406338590158,7.87852596574522e-08,2.4024105707959553e-06,1.122962355358724,0.018867924528301886,0.6790355455882149,0.006633722332640171,,,,,1.8573905388697247,0.7344281835110007
shuffle_r6_BLOCK_SHUFFLED_CYCLES_p+3_Nd4001_dt1,main,shuffle,6,BLOCK_SHUFFLED_CYCLES,3,4001,1.0,2.5350000000000003e-06,0.07321886766113006,26.55184132299837,280,634,static_lti,0.6534931029070309,0.573921487933574,0.0007729331121143525,1.5825379694757546,0.00010237424136762835,-7.109255668753273e-07,1.4662755360788175e-05,1.0985457248746093,0.04150943396226415,0.7120472664327145,0.006714812655476939,,,,,1.8573905388697247,0.7588448139951154
shuffle_r6_BLOCK_SHUFFLED_CYCLES_p+3_Nd4001_dt1,main,shuffle,6,BLOCK_SHUFFLED_CYCLES,3,4001,1.0,2.5350000000000003e-06,0.07321886766113006,26.55184132299837,280,634,static_mh,0.6680786962353776,0.6300855078044325,0.0007855365533658858,1.5590002981386748,0.00010449697025398306,-1.945687095251822e-05,0.0002471447309146076,1.0243896250510227,0.033962264150943396,0.787994981167371,0.007318580452476715,,,,,1.8573905388697247,0.833000913818702
shuffle_r6_BLOCK_SHUFFLED_CYCLES_p+3_Nd4001_dt1,main,shuffle,6,BLOCK_SHUFFLED_CYCLES,3,4001,1.0,2.5350000000000003e-06,0.07321886766113006,26.55184132299837,280,634,static_lti_mh,0.6611456810133873,0.5814223848639476,0.0007725313874684014,1.5826879627528858,0.00010255749278065073,-2.0191779807626184e-05,0.00010582759318959016,1.1068908924553476,0.045283018867924525,0.7120119862707165,0.007070820564057845,,,,,1.8573905388697247,0.7504996464143772
shuffle_r6_BLOCK_SHUFFLED_CYCLES_p+3_Nd4001_dt1,main,shuffle,6,BLOCK_SHUFFLED_CYCLES,3,4001,1.0,2.5350000000000003e-06,0.07321886766113006,26.55184132299837,280,634,linear,0.039481166133703165,0.00010681448652757772,0.0017345413232719433,1.2390609834619493,0.00018212149416951923,-1.2688837008302424e-06,2.1778856507195203e-05,1.8573905388697247,0.01509433962264151,0.10838646058535892,9.940660718577788e-05,,,,,1.8573905388697247,0.0
shuffle_r6_BLOCK_SHUFFLED_FIXED_p+3_Nd4001_dt1,main,shuffle,6,BLOCK_SHUFFLED_FIXED,3,4001,1.0,2.5350000000000003e-06,0.07321886766113006,28.12550654000006,280,634,atomic,0.7438769166296731,0.4206043872390711,0.0006860617205353013,1.6792680429100333,9.250693792317898e-05,5.6865451237976325e-05,0.0003133047629797795,0.5428527106029868,0.21132075471698114,0.863245890845912,0.007199298177672758,0.5106040258015696,0.5100179309674143,0.6245512481359891,0.5160866806547777,1.6619795963053616,1.1191268857023748
shuffle_r6_BLOCK_SHUFFLED_FIXED_p+3_Nd4001_dt1,main,shuffle,6,BLOCK_SHUFFLED_FIXED,3,4001,1.0,2.5350000000000003e-06,0.07321886766113006,28.12550654000006,280,634,static,0.5388329219575827,0.46643084095213416,0.0007936415833257861,1.555099043565114,0.00010054254943753358,-2.660494953908184e-07,6.430256602010444e-06,0.7463421136424216,0.03773584905660377,0.8699417088484236,0.006499550342042838,,,,,1.6619795963053616,0.91563748266294
shuffle_r6_BLOCK_SHUFFLED_FIXED_p+3_Nd4001_dt1,main,shuffle,6,BLOCK_SHUFFLED_FIXED,3,4001,1.0,2.5350000000000003e-06,0.07321886766113006,28.12550654000006,280,634,static_lti,0.678165463488255,0.5289935626592634,0.0007899412613566932,1.5858719590831232,0.00010450837052754899,4.916272394842727e-07,3.976466767404102e-05,0.6473936167485959,0.07924528301886792,0.9500414824392751,0.008150463860925493,,,,,1.6619795963053616,1.0145859795567658
shuffle_r6_BLOCK_SHUFFLED_FIXED_p+3_Nd4001_dt1,main,shuffle,6,BLOCK_SHUFFLED_FIXED,3,4001,1.0,2.5350000000000003e-06,0.07321886766113006,28.12550654000006,280,634,static_mh,1.0963252699435115,0.9833022571837379,0.0007949955856668111,1.5582725222399112,0.00011752804824405584,-1.908748498039497e-05,0.00022224178180069515,0.5156864456994249,0.0830188679245283,1.0723756654380503,0.016169999348626517,,,,,1.6619795963053616,1.1462931506059366
shuffle_r6_BLOCK_SHUFFLED_FIXED_p+3_Nd4001_dt1,main,shuffle,6,BLOCK_SHUFFLED_FIXED,3,4001,1.0,2.5350000000000003e-06,0.07321886766113006,28.12550654000006,280,634,static_lti_mh,0.7009213281655186,0.5504193019141702,0.0007880539194319976,1.5864078988873334,0.00010496415622051117,-1.8319073243432914e-05,9.929903449376363e-05,0.5905355580882787,0.0830188679245283,0.9739283373101831,0.008854024819438203,,,,,1.6619795963053616,1.071444038217083
shuffle_r6_BLOCK_SHUFFLED_FIXED_p+3_Nd4001_dt1,main,shuffle,6,BLOCK_SHUFFLED_FIXED,3,4001,1.0,2.5350000000000003e-06,0.07321886766113006,28.12550654000006,280,634,linear,0.08234921005611834,0.00716025149803491,0.0017695736270616886,1.2541829058633949,0.00018794534599340387,-9.523836862552697e-06,9.432906654485965e-05,1.6619795963053616,0.052830188679245285,0.1945312731222035,0.00048815110553789373,,,,,1.6619795963053616,0.0
shuffle_r6_SHUFFLED_p+3_Nd4001_dt1,main,shuffle,6,SHUFFLED,3,4001,1.0,2.5350000000000003e-06,0.07321886766113006,25.344710195000516,280,634,atomic,0.14135921077824676,0.08604133222050854,0.001194751468621392,1.3731701046058833,9.917386040275987e-05,-0.00014754727830851826,9.216681263827323e-05,1.9992538379115137,0.0,0.2811548129188766,0.0005147653511002619,0.13508066175625957,0.0966721957923068,0.18141420568616945,0.09768640272389519,2.0,0.000746162088486324
shuffle_r6_SHUFFLED_p+3_Nd4001_dt1,main,shuffle,6,SHUFFLED,3,4001,1.0,2.5350000000000003e-06,0.07321886766113006,25.344710195000516,280,634,static,0.006080035384014478,0.00585156250703751,0.0011347032959422012,1.397358468207807,8.844056943993195e-05,-3.033726030723619e-08,3.55388147732964e-06,2.0,0.0,0.09500596080786534,5.7085826344389454e-05,,,,,2.0,0.0
shuffle_r6_SHUFFLED_p+3_Nd4001_dt1,main,shuffle,6,SHUFFLED,3,4001,1.0,2.5350000000000003e-06,0.07321886766113006,25.344710195000516,280,634,static_lti,0.0430325275278307,0.01263461209301837,0.0011243747860544032,1.4141738448737038,8.923178929916849e-05,1.2387159975735684e-06,2.4340685581524308e-05,2.0,0.0,0.1157054897493001,9.749746696968696e-05,,,,,2.0,0.0
shuffle_r6_SHUFFLED_p+3_Nd4001_dt1,main,shuffle,6,SHUFFLED,3,4001,1.0,2.5350000000000003e-06,0.07321886766113006,25.344710195000516,280,634,static_mh,0.062831162537695,0.06245947130521431,0.0011346734352323375,1.396345899600753,9.090600491136825e-05,-1.9215219222520387e-05,1.2899814342493679e-05,1.9999999781395768,0.0,0.250351708882105,0.00033137798758293746,,,,,2.0,2.1860423249364658e-08
shuffle_r6_SHUFFLED_p+3_Nd4001_dt1,main,shuffle,6,SHUFFLED,3,4001,1.0,2.5350000000000003e-06,0.07321886766113006,25.344710195000516,280,634,static_lti_mh,0.044849398257918234,0.014133239083616925,0.0011241262083702649,1.4138054961631927,8.92903593645351e-05,-1.7972572377730448e-05,2.484594773715489e-05,2.0,0.0,0.12437990986951662,0.00010349878076583643,,,,,2.0,0.0
shuffle_r6_SHUFFLED_p+3_Nd4001_dt1,main,shuffle,6,SHUFFLED,3,4001,1.0,2.5350000000000003e-06,0.07321886766113006,25.344710195000516,280,634,linear,0.04609362607358767,0.011000303325685518,0.0017345367148824135,1.2360490213309787,0.0001378586652751362,1.7875975115670744e-07,5.3086767449191836e-05,2.0,0.0,0.12903823973438183,0.00010297521333635433,,,,,2.0,0.0
shuffle_r6_ORIGINAL_p+0_Nd4001_dt1,main,shuffle,6,ORIGINAL,0,4001,1.0,2.5350000000000003e-06,0.07321886766113006,29.37930686999971,280,634,atomic,0.594161504019039,0.4577472279349332,0.0008278422296065025,1.5375346319321062,7.652330808737973e-05,-2.065408213369184e-05,0.0002081299552879264,1.0723266425644367,0.0830188679245283,0.8003826490614296,0.0037662648019444103,0.29862014327225994,0.2719659761384812,0.3173785292257377,0.2732027646518716,1.9359598172148476,0.8636331746504109
shuffle_r6_ORIGINAL_p+0_Nd4001_dt1,main,shuffle,6,ORIGINAL,0,4001,1.0,2.5350000000000003e-06,0.07321886766113006,29.37930686999971,280,634,static,0.27454263698042397,0.2657932385191503,0.0010542804725085602,1.4298766559926641,8.715741191862331e-05,2.829965132188995e-09,1.8209347580968818e-06,0.731976738731481,0.01509433962264151,0.5753020719832227,0.0011418972174123989,,,,,1.9359598172148476,1.2039830784833665
shuffle_r6_ORIGINAL_p+0_Nd4001_dt1,main,shuffle,6,ORIGINAL,0,4001,1.0,2.5350000000000003e-06,0.07321886766113006,29.37930686999971,280,634,static_lti,0.3269301360344696,0.28740652553067775,0.001049206735535046,1.4524488799226747,8.850209060221693e-05,-9.619694192408009e-07,1.1327036079168204e-05,0.7876262633897186,0.022641509433962263,0.5795976659776252,0.0012644690687631163,,,,,1.9359598172148476,1.148333553825129
shuffle_r6_ORIGINAL_p+0_Nd4001_dt1,main,shuffle,6,ORIGINAL,0,4001,1.0,2.5350000000000003e-06,0.07321886766113006,29.37930686999971,280,634,static_mh,0.309941256104901,0.2999333352229113,0.0010543939374152436,1.4313520532047732,8.836821634940885e-05,-3.149558325584993e-05,0.00012681687410462486,0.7828512732248454,0.01509433962264151,0.5729679143837785,0.0014184590506351614,,,,,1.9359598172148476,1.1531085439900022
shuffle_r6_ORIGINAL_p+0_Nd4001_dt1,main,shuffle,6,ORIGINAL,0,4001,1.0,2.5350000000000003e-06,0.07321886766113006,29.37930686999971,280,634,static_lti_mh,0.3294249670480144,0.28906180593736547,0.0010494355102159722,1.452994262925746,8.860474710175798e-05,-3.247450357034834e-05,6.057837390216868e-05,0.9083325915584826,0.022641509433962263,0.5721174251862541,0.0012760088587756636,,,,,1.9359598172148476,1.027627225656365
shuffle_r6_ORIGINAL_p+0_Nd4001_dt1,main,shuffle,6,ORIGINAL,0,4001,1.0,2.5350000000000003e-06,0.07321886766113006,29.37930686999971,280,634,linear,0.038773001540332766,5.123764872947729e-05,0.0017541520474945215,1.2386617705879508,0.00013093119237313084,-1.624992153531404e-06,1.572188395414293e-05,1.9359598172148476,0.0037735849056603774,0.08715325099646626,7.159633661951146e-05,,,,,1.9359598172148476,0.0
shuffle_r6_BLOCK_SHUFFLED_CYCLES_p+0_Nd4001_dt1,main,shuffle,6,BLOCK_SHUFFLED_CYCLES,0,4001,1.0,2.5350000000000003e-06,0.07321886766113006,25.990656930000114,280,634,atomic,0.5441039579613419,0.42821842075717714,0.0008622601231014903,1.5669186133293627,7.812931987260644e-05,-1.835880261757854e-05,0.00023278280972705722,0.9714535019298736,0.09433962264150944,0.6348504924328514,0.0024145606790693538,0.29144358429870043,0.2712139248129274,0.3088816893296756,0.272812790982894,1.8524722415005508,0.8810187395706772
shuffle_r6_BLOCK_SHUFFLED_CYCLES_p+0_Nd4001_dt1,main,shuffle,6,BLOCK_SHUFFLED_CYCLES,0,4001,1.0,2.5350000000000003e-06,0.07321886766113006,25.990656930000114,280,634,static,0.27587631281244124,0.2641165125630925,0.001052996851246396,1.4307050057309971,8.673099550726151e-05,6.815155770233876e-08,1.8604783669927172e-06,1.3707217200850832,0.011320754716981131,0.43714863130310744,0.0018617958625456103,,,,,1.8524722415005508,0.4817505214154676
shuffle_r6_BLOCK_SHUFFLED_CYCLES_p+0_Nd4001_dt1,main,shuffle,6,BLOCK_SHUFFLED_CYCLES,0,4001,1.0,2.5350000000000003e-06,0.07321886766113006,25.990656930000114,280,634,static_lti,0.333632822296001,0.2858114762181788,0.001038888290294734,1.4511203786148634,8.748393656725581e-05,-5.363474299014826e-07,1.130167021401811e-05,1.3329108235136704,0.026415094339622643,0.45688128098084724,0.0019771446226763277,,,,,1.8524722415005508,0.5195614179868804
shuffle_r6_BLOCK_SHUFFLED_CYCLES_p+0_Nd4001_dt1,main,shuffle,6,BLOCK_SHUFFLED_CYCLES,0,4001,1.0,2.5350000000000003e-06,0.07321886766113006,25.990656930000114,280,634,static_mh,0.3114180088762561,0.29904780158023225,0.0010527122214155922,1.430453281522901,8.790747665413687e-05,-3.117570105461986e-05,0.00012685588209635182,1.269048124446516,0.011320754716981131,0.4878665596296392,0.0022215194931981073,,,,,1.8524722415005508,0.5834241170540349
shuffle_r6_BLOCK_SHUFFLED_CYCLES_p+0_Nd4001_dt1,main,shuffle,6,BLOCK_SHUFFLED_CYCLES,0,4001,1.0,2.5350000000000003e-06,0.07321886766113006,25.990656930000114,280,634,static_lti_mh,0.3356934561703432,0.28769758669647666,0.001038804997443912,1.450913590753948,8.754478610611014e-05,-3.1860614744780156e-05,5.746574818211587e-05,1.3341643571771684,0.026415094339622643,0.4624525842190375,0.00204278431153866,,,,,1.8524722415005508,0.5183078843233824
shuffle_r6_BLOCK_SHUFFLED_CYCLES_p+0_Nd4001_dt1,main,shuffle,6,BLOCK_SHUFFLED_CYCLES,0,4001,1.0,2.5350000000000003e-06,0.07321886766113006,25.990656930000114,280,634,linear,0.03948116613370422,0.00010681448652744088,0.0017345413232719394,1.239060983461949,0.00012893214404305096,-8.983008668764042e-07,1.5418249652975973e-05,1.8524722415005508,0.018867924528301886,0.11240543823647631,5.381971102236165e-05,,,,,1.8524722415005508,0.0
shuffle_r6_BLOCK_SHUFFLED_FIXED_p+0_Nd4001_dt1,main,shuffle,6,BLOCK_SHUFFLED_FIXED,0,4001,1.0,2.5350000000000003e-06,0.07321886766113006,26.05510470000081,280,634,atomic,0.48736999248791807,0.31477858252635654,0.0009562867617410781,1.5294431913535478,8.429622535784975e-05,-4.5932016857176245e-05,0.00023802029556475608,1.0423524654567107,0.14339622641509434,0.6279151948750649,0.00288532581795722,0.3528684407774753,0.32144765533798636,0.43723123766335975,0.3293968995563165,1.657883303331643,0.6155308378749322
shuffle_r6_BLOCK_SHUFFLED_FIXED_p+0_Nd4001_dt1,main,shuffle,6,BLOCK_SHUFFLED_FIXED,0,4001,1.0,2.5350000000000003e-06,0.07321886766113006,26.05510470000081,280,634,static,0.26530906098831947,0.24099649797968184,0.0010628574000310096,1.426491065105425,8.642084986252766e-05,-1.8108020970033051e-07,5.618890730685668e-06,1.390081521750627,0.018867924528301886,0.602859685415702,0.0015534824950557535,,,,,1.657883303331643,0.26780178158101586
shuffle_r6_BLOCK_SHUFFLED_FIXED_p+0_Nd4001_dt1,main,shuffle,6,BLOCK_SHUFFLED_FIXED,0,4001,1.0,2.5350000000000003e-06,0.07321886766113006,26.05510470000081,280,634,static_lti,0.35968962351365313,0.27369314390017274,0.0010645696220939285,1.4578837726508613,8.973136466292396e-05,-6.344427390953904e-07,3.4918191309754585e-05,1.246104341957439,0.07547169811320754,0.6551188967944792,0.0019452419258111243,,,,,1.657883303331643,0.411778961374204
shuffle_r6_BLOCK_SHUFFLED_FIXED_p+0_Nd4001_dt1,main,shuffle,6,BLOCK_SHUFFLED_FIXED,0,4001,1.0,2.5350000000000003e-06,0.07321886766113006,26.05510470000081,280,634,static_mh,0.4119072792560633,0.3822972066180063,0.0010672485326202131,1.4166614662849912,9.166154321950477e-05,-3.141459053562292e-05,0.00011615357069111219,0.9423401729281147,0.06037735849056604,0.7324025824110599,0.002589595609271204,,,,,1.657883303331643,0.7155431304035282
shuffle_r6_BLOCK_SHUFFLED_FIXED_p+0_Nd4001_dt1,main,shuffle,6,BLOCK_SHUFFLED_FIXED,0,4001,1.0,2.5350000000000003e-06,0.07321886766113006,26.05510470000081,280,634,static_lti_mh,0.36644041532702404,0.27923991378961754,0.0010634021554495224,1.457947169819359,8.985511245591242e-05,-3.189810250156493e-05,5.49399203844779e-05,1.2832450421545638,0.07169811320754717,0.6611588256357105,0.002142412399778566,,,,,1.657883303331643,0.3746382611770791
shuffle_r6_BLOCK_SHUFFLED_FIXED_p+0_Nd4001_dt1,main,shuffle,6,BLOCK_SHUFFLED_FIXED,0,4001,1.0,2.5350000000000003e-06,0.07321886766113006,26.05510470000081,280,634,linear,0.08234921005611089,0.00716025149803588,0.001769573627061683,1.2541829058633946,0.00013305511539064762,-6.742360158008635e-06,6.677986500532142e-05,1.657883303331643,0.052830188679245285,0.1967865537096632,0.00024921036271578973,,,,,1.657883303331643,0.0
shuffle_r6_SHUFFLED_p+0_Nd4001_dt1,main,shuffle,6,SHUFFLED,0,4001,1.0,2.5350000000000003e-06,0.07321886766113006,25.34295391499836,280,634,atomic,0.08300628145891473,0.041536085919656414,0.0014755518156460963,1.301609672108949,8.446672970675437e-05,-0.00011052372777858439,5.8257321270019704e-05,1.9999999947601101,0.0,0.20337229472782384,0.00014002427359830147,0.08805362594598809,0.04148723548745805,0.10635874237565235,0.04178527891642758,2.0,5.239889855346291e-09
shuffle_r6_SHUFFLED_p+0_Nd4001_dt1,main,shuffle,6,SHUFFLED,0,4001,1.0,2.5350000000000003e-06,0.07321886766113006,25.34295391499836,280,634,static,0.004676910175434789,0.004562797785922342,0.001354333054042526,1.3341715985389782,7.46782696400812e-05,-1.2631970970037329e-08,3.142399211717999e-06,2.0,0.0,0.09538424362817227,2.9370771143775753e-05,,,,,2.0,0.0
shuffle_r6_SHUFFLED_p+0_Nd4001_dt1,main,shuffle,6,SHUFFLED,0,4001,1.0,2.5350000000000003e-06,0.07321886766113006,25.34295391499836,280,634,static_lti,0.04144979678175893,0.010070579390016423,0.00134146965204769,1.3513232157497594,7.531229138033592e-05,6.876134047332303e-07,2.1912455334140844e-05,2.0,0.0,0.11311474603283374,4.912967342546403e-05,,,,,2.0,0.0
shuffle_r6_SHUFFLED_p+0_Nd4001_dt1,main,shuffle,6,SHUFFLED,0,4001,1.0,2.5350000000000003e-06,0.07321886766113006,25.34295391499836,280,634,static_mh,0.0257381207693001,0.025584756864187274,0.0013558115200563519,1.3327852734327796,7.554016366355288e-05,-3.154865650467714e-05,7.148293230127401e-06,1.9999999999993776,0.0,0.1733967653094172,8.724970720300749e-05,,,,,2.0,6.223910276048628e-13
shuffle_r6_SHUFFLED_p+0_Nd4001_dt1,main,shuffle,6,SHUFFLED,0,4001,1.0,2.5350000000000003e-06,0.07321886766113006,25.34295391499836,280,634,static_lti_mh,0.04202552417634681,0.010601520932126142,0.0013414200890896413,1.3510402531801418,7.533016148657261e-05,-3.085993082811312e-05,2.206047499042759e-05,2.0,0.0,0.11606088765478266,4.9793263893669526e-05,,,,,2.0,0.0
shuffle_r6_SHUFFLED_p+0_Nd4001_dt1,main,shuffle,6,SHUFFLED,0,4001,1.0,2.5350000000000003e-06,0.07321886766113006,25.34295391499836,280,634,linear,0.04609362607358618,0.01100030332568353,0.0017345367148824111,1.2360490213309783,9.759646092235658e-05,1.2655221224879458e-07,3.758255322223711e-05,2.0,0.0,0.13374725840060941,5.615640912485682e-05,,,,,2.0,0.0
shuffle_r6_ORIGINAL_p+6_Nd4001_dt1,main,shuffle,6,ORIGINAL,6,4001,1.0,2.5350000000000003e-06,0.07321886766113006,25.1649982859999,280,634,atomic,1.1351107476788858,0.6631811284706395,0.00043436841337817037,1.9048594219227182,9.270744940410778e-05,0.00014781259108559146,0.00036669279377503415,0.8342614806154053,0.22264150943396227,0.8660991246723418,0.018987682125242666,0.5227107407233218,0.5260531337444841,0.586483298251174,0.528586197788465,1.9435282229723554,1.10926674235695
shuffle_r6_ORIGINAL_p+6_Nd4001_dt1,main,shuffle,6,ORIGINAL,6,4001,1.0,2.5350000000000003e-06,0.07321886766113006,25.1649982859999,280,634,static,1.0114987510408964,0.9574231483563278,0.000543298596173826,1.7573455352514369,0.00011255631210761757,2.7871794934860298e-08,3.0022984571371794e-06,0.977611711957971,0.04905660377358491,0.9555847056109631,0.018206342636084883,,,,,1.9435282229723554,0.9659165110143844
shuffle_r6_ORIGINAL_p+6_Nd4001_dt1,main,shuffle,6,ORIGINAL,6,4001,1.0,2.5350000000000003e-06,0.07321886766113006,25.1649982859999,280,634,static_lti,1.1274004663540365,1.0113926171067307,0.0005401638522132319,1.781882226653747,0.00011508584720830947,7.612981312202785e-08,1.7262818409355695e-05,0.9285269449838297,0.09811320754716982,0.9904461982858447,0.01928142427144384,,,,,1.9435282229723554,1.0150012779885258
shuffle_r6_ORIGINAL_p+6_Nd4001_dt1,main,shuffle,6,ORIGINAL,6,4001,1.0,2.5350000000000003e-06,0.07321886766113006,25.1649982859999,280,634,static_mh,1.3772809868889575,1.2933350175601717,0.0005445538743178157,1.7552695907313294,0.00012264606597175678,-3.546736656722623e-05,0.0005253251994332636,0.842257988063448,0.07169811320754717,1.0081846159614027,0.026803924381711156,,,,,1.9435282229723554,1.1012702349089074
shuffle_r6_ORIGINAL_p+6_Nd4001_dt1,main,shuffle,6,ORIGINAL,6,4001,1.0,2.5350000000000003e-06,0.07321886766113006,25.1649982859999,280,634,static_lti_mh,1.1469329897371592,1.0300127179621237,0.0005405140778583676,1.7818395785863315,0.00011568769745580973,-3.542249465244588e-05,0.00026396285889430037,1.0749284503235421,0.07547169811320754,0.958584917695471,0.02072099883804247,,,,,1.9435282229723554,0.8685997726488133
shuffle_r6_ORIGINAL_p+6_Nd4001_dt1,main,shuffle,6,ORIGINAL,6,4001,1.0,2.5350000000000003e-06,0.07321886766113006,25.1649982859999,280,634,linear,0.03877300154033083,5.123764872940976e-05,0.0017541520474945252,1.23866177058795,0.0002612420739960489,-3.242285606060872e-06,3.1369282574013414e-05,1.9435282229723554,0.0037735849056603774,0.08150882272456197,0.0002586494402068776,,,,,1.9435282229723554,0.0
shuffle_r6_BLOCK_SHUFFLED_CYCLES_p+6_Nd4001_dt1,main,shuffle,6,BLOCK_SHUFFLED_CYCLES,6,4001,1.0,2.5350000000000003e-06,0.07321886766113006,27.668315721999534,280,634,atomic,0.9789001782196459,0.6179145432281999,0.000461914726095247,1.9101735708202403,9.452529141814891e-05,0.00017012453740664524,0.000373246745500266,0.6820096838943008,0.21509433962264152,0.8635658274354444,0.017202858224255248,0.5168593608408026,0.5261636751232233,0.5903024123813952,0.5312762315042598,1.8603551031019514,1.1783454192076506
shuffle_r6_BLOCK_SHUFFLED_CYCLES_p+6_Nd4001_dt1,main,shuffle,6,BLOCK_SHUFFLED_CYCLES,6,4001,1.0,2.5350000000000003e-06,0.07321886766113006,27.668315721999534,280,634,static,1.0135029751579625,0.9385999415073597,0.0005441319762635115,1.7578956168006086,0.00011232644966073399,2.5472772854867313e-08,2.972790739883082e-06,0.9758091050292514,0.045283018867924525,0.9475425487292849,0.021770385724483254,,,,,1.8603551031019514,0.8845459980727
shuffle_r6_BLOCK_SHUFFLED_CYCLES_p+6_Nd4001_dt1,main,shuffle,6,BLOCK_SHUFFLED_CYCLES,6,4001,1.0,2.5350000000000003e-06,0.07321886766113006,27.668315721999534,280,634,static_lti,1.1470893877542194,1.0004900585391334,0.0005377926261429984,1.7765180800024956,0.00011464092238959385,-7.08682795226529e-07,1.703042803005186e-05,0.9120152095354703,0.10943396226415095,1.0092454923017735,0.02373400455896652,,,,,1.8603551031019514,0.9483398935664811
shuffle_r6_BLOCK_SHUFFLED_CYCLES_p+6_Nd4001_dt1,main,shuffle,6,BLOCK_SHUFFLED_CYCLES,6,4001,1.0,2.5350000000000003e-06,0.07321886766113006,27.668315721999534,280,634,static_mh,1.4214640773727159,1.3105067585392312,0.0005412437506245042,1.7652673089109374,0.00012252407191212756,-3.734090887405512e-05,0.0005246066584740258,0.6559581549770521,0.09811320754716982,1.2149287621441096,0.03839173085687841,,,,,1.8603551031019514,1.2043969481248993
shuffle_r6_BLOCK_SHUFFLED_CYCLES_p+6_Nd4001_dt1,main,shuffle,6,BLOCK_SHUFFLED_CYCLES,6,4001,1.0,2.5350000000000003e-06,0.07321886766113006,27.668315721999534,280,634,static_lti_mh,1.1736544237392736,1.0221753621005827,0.0005375453751264268,1.7764583759598942,0.00011529431892875355,-3.7823122966987857e-05,0.00025543471262295085,0.9362286770688086,0.10943396226415095,1.0178889473578092,0.02524086418264103,,,,,1.8603551031019514,0.9241264260331428
shuffle_r6_BLOCK_SHUFFLED_CYCLES_p+6_Nd4001_dt1,main,shuffle,6,BLOCK_SHUFFLED_CYCLES,6,4001,1.0,2.5350000000000003e-06,0.07321886766113006,27.668315721999534,280,634,linear,0.03948116613369956,0.00010681448652724491,0.0017345413232719494,1.2390609834619521,0.0002572534481972397,-1.7923458671822868e-06,3.07634524953636e-05,1.8603551031019514,0.01509433962264151,0.10625057856514619,0.00019052063760617848,,,,,1.8603551031019514,0.0
shuffle_r6_BLOCK_SHUFFLED_FIXED_p+6_Nd4001_dt1,main,shuffle,6,BLOCK_SHUFFLED_FIXED,6,4001,1.0,2.5350000000000003e-06,0.07321886766113006,26.00599390899879,280,634,atomic,0.9488939676195297,0.46774606297714005,0.0005087985960607793,1.8455026801968986,0.00010242898801047541,0.000222316100707729,0.0003900744613506004,0.7192710602471992,0.2490566037735849,0.8830417446941085,0.01738363056049245,0.6594628228101272,0.6916925977322279,0.7806664627476169,0.6869270527534974,1.6644730362776066,0.9452019760304073
shuffle_r6_BLOCK_SHUFFLED_FIXED_p+6_Nd4001_dt1,main,shuffle,6,BLOCK_SHUFFLED_FIXED,6,4001,1.0,2.5350000000000003e-06,0.07321886766113006,26.00599390899879,280,634,static,0.9598329225192279,0.7767676750802935,0.0005526336431575561,1.744400452644394,0.00011160689591407833,-3.1701113090981855e-07,7.4252713926222485e-06,0.9161715438392111,0.052830188679245285,1.1155195606103128,0.02421194497337472,,,,,1.6644730362776066,0.7483014924383955
shuffle_r6_BLOCK_SHUFFLED_FIXED_p+6_Nd4001_dt1,main,shuffle,6,BLOCK_SHUFFLED_FIXED,6,4001,1.0,2.5350000000000003e-06,0.07321886766113006,26.00599390899879,280,634,static_lti,1.1940681539244458,0.8683763640982134,0.0005464388563082312,1.7805540318795385,0.00011676776015112048,1.290075994170541e-06,4.6844842882978224e-05,0.8462712807085805,0.14339622641509434,1.2100540518622989,0.030108843922562648,,,,,1.6644730362776066,0.8182017555690261
shuffle_r6_BLOCK_SHUFFLED_FIXED_p+6_Nd4001_dt1,main,shuffle,6,BLOCK_SHUFFLED_FIXED,6,4001,1.0,2.5350000000000003e-06,0.07321886766113006,26.00599390899879,280,634,static_mh,2.910863047081119,2.5233159975675283,0.0005700839589037001,1.7547097994071936,0.00016259247360382638,-3.666777711222971e-05,0.00047188881309869943,0.14692893781876756,0.1660377358490566,1.7462238073441434,0.06676209484283765,,,,,1.6644730362776066,1.517544098458839
shuffle_r6_BLOCK_SHUFFLED_FIXED_p+6_Nd4001_dt1,main,shuffle,6,BLOCK_SHUFFLED_FIXED,6,4001,1.0,2.5350000000000003e-06,0.07321886766113006,26.00599390899879,280,634,static_lti_mh,1.2638161398749386,0.9304092449669561,0.0005456753030178662,1.7803917634212982,0.00011844531453159407,-3.4858925318859266e-05,0.00019610104293380165,0.6754553120019449,0.13584905660377358,1.3143971502355585,0.03501892246759607,,,,,1.6644730362776066,0.9890177242756617
shuffle_r6_BLOCK_SHUFFLED_FIXED_p+6_Nd4001_dt1,main,shuffle,6,BLOCK_SHUFFLED_FIXED,6,4001,1.0,2.5350000000000003e-06,0.07321886766113006,26.00599390899879,280,634,linear,0.08234921005611712,0.007160251498037441,0.001769573627061679,1.254182905863398,0.00026547985755279543,-1.3452777137218973e-05,0.00013324334804383384,1.6644730362776066,0.052830188679245285,0.19330058458432978,0.000964570095653301,,,,,1.6644730362776066,0.0
shuffle_r6_SHUFFLED_p+6_Nd4001_dt1,main,shuffle,6,SHUFFLED,6,4001,1.0,2.5350000000000003e-06,0.07321886766113006,26.178718557999673,280,634,atomic,0.33760567476777537,0.2041910278128451,0.0007513165473226207,1.538875035389086,9.536222844859932e-05,-4.53421044636442e-05,0.0001312885705984721,1.9042391353198767,0.022641509433962263,0.463148845520072,0.002544602595181164,0.2640147429029215,0.2384468249398836,0.3827426163254789,0.24026052992729674,2.0,0.09576086468012335
shuffle_r6_SHUFFLED_p+6_Nd4001_dt1,main,shuffle,6,SHUFFLED,6,4001,1.0,2.5350000000000003e-06,0.07321886766113006,26.178718557999673,280,634,static,0.008176247456492163,0.007788977879086894,0.0008854256115826808,1.4920184135602634,9.758212419344535e-05,1.990410653113957e-09,4.067419613927057e-06,2.0,0.0,0.10004864877258315,0.00013079677613540407,,,,,2.0,0.0
shuffle_r6_SHUFFLED_p+6_Nd4001_dt1,main,shuffle,6,SHUFFLED,6,4001,1.0,2.5350000000000003e-06,0.07321886766113006,26.178718557999673,280,634,static_lti,0.0465516484812534,0.016637617175385117,0.0008779544315233287,1.5085650104475676,9.858486400652127e-05,7.386506442067782e-07,2.723894612814131e-05,2.0,0.0,0.12843621808756953,0.0002171373642819933,,,,,2.0,0.0
shuffle_r6_SHUFFLED_p+6_Nd4001_dt1,main,shuffle,6,SHUFFLED,6,4001,1.0,2.5350000000000003e-06,0.07321886766113006,26.178718557999673,280,634,static_mh,0.20643016721330668,0.20509475283126818,0.0008818567903021499,1.4931612869019995,0.00010632326122200009,-3.583805942884705e-05,2.626381903594273e-05,1.8610988589298405,0.033962264150943396,0.46372138920943645,0.002190068226277336,,,,,2.0,0.1389011410701595
shuffle_r6_SHUFFLED_p+6_Nd4001_dt1,main,shuffle,6,SHUFFLED,6,4001,1.0,2.5350000000000003e-06,0.07321886766113006,26.178718557999673,280,634,static_lti_mh,0.051333372180755135,0.020770291267104533,0.0008779558370258474,1.508302469162748,9.881083145131124e-05,-3.512676903518699e-05,2.911053494817593e-05,2.0,0.0,0.14472934211824043,0.00024916521133855167,,,,,2.0,0.0
shuffle_r6_SHUFFLED_p+6_Nd4001_dt1,main,shuffle,6,SHUFFLED,6,4001,1.0,2.5350000000000003e-06,0.07321886766113006,26.178718557999673,280,634,linear,0.04609362607358525,0.01100030332568482,0.0017345367148824174,1.236049021330978,0.00019473054055271102,2.5250485997640973e-07,7.498705214464119e-05,2.0,0.0,0.12670769475282204,0.0001961882902657669,,,,,2.0,0.0
shuffle_r7_ORIGINAL_p+3_Nd4001_dt1,main,shuffle,7,ORIGINAL,3,4001,1.0,2.5350000000000003e-06,0.07321886766113006,27.969861947000027,320,634,atomic,0.8999437246174101,0.6604147690035381,0.0006120177175036716,1.692819162334243,8.625540246626182e-05,5.0339883129018726e-05,0.0002816447594000103,0.7669435714340563,0.12075471698113208,0.8626542700913892,0.008114369752477342,0.3721586863257788,0.36833558829903146,0.40703655819457274,0.37084307586257204,1.9102515816924839,1.1433080102584277
shuffle_r7_ORIGINAL_p+3_Nd4001_dt1,main,shuffle,7,ORIGINAL,3,4001,1.0,2.5350000000000003e-06,0.07321886766113006,27.969861947000027,320,634,static,0.6789525270469288,0.6258657345583739,0.0007439801348182183,1.6032380506511394,9.858517364151523e-05,4.9325470592471374e-08,2.2495354641625127e-06,0.7277515704835148,0.04905660377358491,0.7933528094282192,0.00580463825261987,,,,,1.9102515816924839,1.182500011208969
shuffle_r7_ORIGINAL_p+3_Nd4001_dt1,main,shuffle,7,ORIGINAL,3,4001,1.0,2.5350000000000003e-06,0.07321886766113006,27.969861947000027,320,634,static_lti,0.7571478359462924,0.6662830280647114,0.0007407902712074024,1.6278779826695022,0.00010041645958980477,7.986838614053072e-08,1.3437580473221355e-05,0.6695581300754994,0.06415094339622641,0.8057815253688699,0.0059406981354093984,,,,,1.9102515816924839,1.2406934516169845
shuffle_r7_ORIGINAL_p+3_Nd4001_dt1,main,shuffle,7,ORIGINAL,3,4001,1.0,2.5350000000000003e-06,0.07321886766113006,27.969861947000027,320,634,static_mh,0.7920788193931192,0.7326929881524119,0.0007443341466261273,1.6043948003698196,0.00010188730357673173,-3.248826848180384e-05,0.00024226736118212227,0.5469991718796816,0.06415094339622641,0.8679203440899487,0.0074834420792545394,,,,,1.9102515816924839,1.3632524098128023
shuffle_r7_ORIGINAL_p+3_Nd4001_dt1,main,shuffle,7,ORIGINAL,3,4001,1.0,2.5350000000000003e-06,0.07321886766113006,27.969861947000027,320,634,static_lti_mh,0.7678235007336618,0.6745468811769743,0.000740597861784853,1.6282297059640554,0.00010069322959937252,-3.2004143032876464e-05,0.00010663811010682766,0.5696476589037724,0.06792452830188679,0.8228931211073216,0.006203410924708223,,,,,1.9102515816924839,1.3406039227887114
shuffle_r7_ORIGINAL_p+3_Nd4001_dt1,main,shuffle,7,ORIGINAL,3,4001,1.0,2.5350000000000003e-06,0.07321886766113006,27.969861947000027,320,634,linear,0.04372836018599211,0.0004869885480373306,0.001760659394278155,1.241182167773991,0.00018383323970705008,2.6482733314255833e-07,2.4010924300356866e-05,1.9102515816924839,0.011320754716981131,0.09170719215691828,0.0001297766211444521,,,,,1.9102515816924839,0.0
shuffle_r7_BLOCK_SHUFFLED_CYCLES_p+3_Nd4001_dt1,main,shuffle,7,BLOCK_SHUFFLED_CYCLES,3,4001,1.0,2.5350000000000003e-06,0.07321886766113006,30.070252773999528,320,634,atomic,0.860161326856368,0.6279019993217922,0.0006048771464113638,1.7341761446986619,8.489635903081697e-05,4.476019315715911e-05,0.0003116520920754881,0.7203021374586718,0.16226415094339622,0.8290769736247957,0.006976519132238566,0.42829529537204275,0.42095951629899286,0.4624135846025178,0.42582767517264225,1.916242383725386,1.1959402462667141
shuffle_r7_BLOCK_SHUFFLED_CYCLES_p+3_Nd4001_dt1,main,shuffle,7,BLOCK_SHUFFLED_CYCLES,3,4001,1.0,2.5350000000000003e-06,0.07321886766113006,30.070252773999528,320,634,static,0.6866901757638273,0.6529432133039287,0.0007398499172633359,1.611432836223413,9.889571189557245e-05,1.0724310514591456e-08,2.3320017813375548e-06,1.0123890437571057,0.04150943396226415,0.7806931166242729,0.007292787807741789,,,,,1.916242383725386,0.9038533399682802
shuffle_r7_BLOCK_SHUFFLED_CYCLES_p+3_Nd4001_dt1,main,shuffle,7,BLOCK_SHUFFLED_CYCLES,3,4001,1.0,2.5350000000000003e-06,0.07321886766113006,30.070252773999528,320,634,static_lti,0.7720084138950452,0.7043698233790714,0.0007367395883960035,1.635700603198746,0.00010093730705307777,8.720319970258023e-07,1.3734593514896846e-05,0.9887089310524203,0.05660377358490566,0.783328307802029,0.007325946579029599,,,,,1.916242383725386,0.9275334526729656
shuffle_r7_BLOCK_SHUFFLED_CYCLES_p+3_Nd4001_dt1,main,shuffle,7,BLOCK_SHUFFLED_CYCLES,3,4001,1.0,2.5350000000000003e-06,0.07321886766113006,30.070252773999528,320,634,static_mh,0.8056639817111007,0.7675371183983564,0.0007389433692579486,1.6114068222630817,0.0001021885878740724,-3.213879420719325e-05,0.0002431145029981737,0.8414863966715357,0.04150943396226415,0.845520660518146,0.009695315489447315,,,,,1.916242383725386,1.0747559870538503
shuffle_r7_BLOCK_SHUFFLED_CYCLES_p+3_Nd4001_dt1,main,shuffle,7,BLOCK_SHUFFLED_CYCLES,3,4001,1.0,2.5350000000000003e-06,0.07321886766113006,30.070252773999528,320,634,static_lti_mh,0.7844167004837629,0.7162681018261433,0.0007360291718781013,1.6361066147536207,0.0001011922318507848,-3.097083476459914e-05,0.00010489625688612799,1.0211911494385488,0.052830188679245285,0.7831534366717319,0.008015307543762052,,,,,1.916242383725386,0.8950512342868371
shuffle_r7_BLOCK_SHUFFLED_CYCLES_p+3_Nd4001_dt1,main,shuffle,7,BLOCK_SHUFFLED_CYCLES,3,4001,1.0,2.5350000000000003e-06,0.07321886766113006,30.070252773999528,320,634,linear,0.038622106208822865,0.00016623037175408906,0.0017569126066865222,1.2384591103174594,0.0001843271500845503,-3.459664009560838e-07,2.3765192618049213e-05,1.916242383725386,0.007547169811320755,0.09194565234707047,0.00011684832207869288,,,,,1.916242383725386,0.0
shuffle_r7_BLOCK_SHUFFLED_FIXED_p+3_Nd4001_dt1,main,shuffle,7,BLOCK_SHUFFLED_FIXED,3,4001,1.0,2.5350000000000003e-06,0.07321886766113006,26.921444244002487,320,634,atomic,0.8183399876875911,0.4829389264321818,0.0006707834161258523,1.715712965868531,9.213690198299769e-05,6.503234194979533e-05,0.00032233899532004055,0.5811122147716253,0.21132075471698114,0.7151848056040363,0.0071348114214539815,0.5051379367601871,0.5036612571707414,0.6283489491541564,0.5097396856323007,1.758804083047891,1.1776918682762658
shuffle_r7_BLOCK_SHUFFLED_FIXED_p+3_Nd4001_dt1,main,shuffle,7,BLOCK_SHUFFLED_FIXED,3,4001,1.0,2.5350000000000003e-06,0.07321886766113006,26.921444244002487,320,634,static,0.6604034874853397,0.561751187252023,0.0007480229302315767,1.6011261170470776,9.825595749005916e-05,2.861475828362166e-07,6.5370155724152964e-06,0.8275535086100037,0.045283018867924525,0.8351978818339412,0.006328998608608979,,,,,1.758804083047891,0.9312505744378874
shuffle_r7_BLOCK_SHUFFLED_FIXED_p+3_Nd4001_dt1,main,shuffle,7,BLOCK_SHUFFLED_FIXED,3,4001,1.0,2.5350000000000003e-06,0.07321886766113006,26.921444244002487,320,634,static_lti,0.8043901600672624,0.6243963703000529,0.0007468473820111093,1.6339461023928676,0.00010226192116161025,-4.155374933280213e-06,3.940987033856427e-05,0.8291000576815133,0.10566037735849057,0.874061295012243,0.007539642233666756,,,,,1.758804083047891,0.9297040253663778
shuffle_r7_BLOCK_SHUFFLED_FIXED_p+3_Nd4001_dt1,main,shuffle,7,BLOCK_SHUFFLED_FIXED,3,4001,1.0,2.5350000000000003e-06,0.07321886766113006,26.921444244002487,320,634,static_mh,1.2533570225897586,1.1107574704763377,0.0007413632129750571,1.5986073235435705,0.00011341587976299586,-3.150314940105179e-05,0.0002197769201641151,0.5864768090555423,0.052830188679245285,0.8555107114022892,0.007993607745898655,,,,,1.758804083047891,1.1723272739923487
shuffle_r7_BLOCK_SHUFFLED_FIXED_p+3_Nd4001_dt1,main,shuffle,7,BLOCK_SHUFFLED_FIXED,3,4001,1.0,2.5350000000000003e-06,0.07321886766113006,26.921444244002487,320,634,static_lti_mh,0.8208154293099001,0.6393996090543539,0.0007480502482020401,1.6349067828206654,0.00010289218232373782,-3.60407650200667e-05,9.512944736356225e-05,0.8151840998132699,0.09433962264150944,0.8872766941890623,0.008120017316034673,,,,,1.758804083047891,0.9436199832346212
shuffle_r7_BLOCK_SHUFFLED_FIXED_p+3_Nd4001_dt1,main,shuffle,7,BLOCK_SHUFFLED_FIXED,3,4001,1.0,2.5350000000000003e-06,0.07321886766113006,26.921444244002487,320,634,linear,0.08302374864983766,0.007213532121839288,0.001771914687317224,1.2575591816426577,0.0001879468318974033,-1.1314175429474686e-06,9.665600150223137e-05,1.758804083047891,0.06037735849056604,0.19612697058998793,0.0005119607359766767,,,,,1.758804083047891,0.0
shuffle_r7_SHUFFLED_p+3_Nd4001_dt1,main,shuffle,7,SHUFFLED,3,4001,1.0,2.5350000000000003e-06,0.07321886766113006,26.895315739999205,320,634,atomic,0.16195613247891377,0.10177883055141664,0.0011603368297257105,1.3708860019048692,9.514610533099268e-05,-0.00017234915097987243,0.00011141769844689284,1.971895725550395,0.0037735849056603774,0.3090502157174922,0.0005484047607892509,0.15109196092196242,0.11462415389722667,0.19811753274525454,0.11574514985955961,2.0,0.02810427444960495
shuffle_r7_SHUFFLED_p+3_Nd4001_dt1,main,shuffle,7,SHUFFLED,3,4001,1.0,2.5350000000000003e-06,0.07321886766113006,26.895315739999205,320,634,static,0.007198465418566913,0.00682548244815719,0.0011214159140780014,1.4017778906967107,8.564378264870743e-05,1.4536316463807295e-07,3.5079281396882448e-06,2.0,0.0,0.1074820205150687,6.433376140379437e-05,,,,,2.0,0.0
shuffle_r7_SHUFFLED_p+3_Nd4001_dt1,main,shuffle,7,SHUFFLED,3,4001,1.0,2.5350000000000003e-06,0.07321886766113006,26.895315739999205,320,634,static_lti,0.0448639829377302,0.014669324387371445,0.001108791543309204,1.4193571395839264,8.624456761137808e-05,-6.102711868505095e-07,2.2560648399383533e-05,2.0,0.0,0.13223832207390318,0.00010172124674396624,,,,,2.0,0.0
shuffle_r7_SHUFFLED_p+3_Nd4001_dt1,main,shuffle,7,SHUFFLED,3,4001,1.0,2.5350000000000003e-06,0.07321886766113006,26.895315739999205,320,634,static_mh,0.06522721130696728,0.06458586825138161,0.0011248907119172586,1.3986006457909737,8.836591073463822e-05,-3.126895701032836e-05,1.2375503963975085e-05,1.9999880725417567,0.0,0.2518942828630604,0.0004206918698494363,,,,,2.0,1.1927458243299327e-05
shuffle_r7_SHUFFLED_p+3_Nd4001_dt1,main,shuffle,7,SHUFFLED,3,4001,1.0,2.5350000000000003e-06,0.07321886766113006,26.895315739999205,320,634,static_lti_mh,0.04660609355723116,0.01638253390344225,0.0011086112617464535,1.4190777512577606,8.630184294237637e-05,-3.204837692158842e-05,2.3267959967167064e-05,2.0,0.0,0.13861710273529,0.00010931077263560531,,,,,2.0,0.0
shuffle_r7_SHUFFLED_p+3_Nd4001_dt1,main,shuffle,7,SHUFFLED,3,4001,1.0,2.5350000000000003e-06,0.07321886766113006,26.895315739999205,320,634,linear,0.047638911574624465,0.011605030906253604,0.0017339061809258922,1.2346132991679633,0.00013504953157139553,7.457051993856487e-07,5.5210229265569855e-05,2.0,0.0,0.13900379708685587,0.00010344575418758208,,,,,2.0,0.0
shuffle_r7_ORIGINAL_p+0_Nd4001_dt1,main,shuffle,7,ORIGINAL,0,4001,1.0,2.5350000000000003e-06,0.07321886766113006,26.02232333199936,320,634,atomic,0.6952543269997282,0.5299544027301604,0.0007826059732951538,1.553200150385668,7.374210514393529e-05,-1.9905093792891334e-05,0.0002166869254924539,1.0974985650342985,0.09811320754716982,0.7482955071573568,0.0026762575481255302,0.311709355854692,0.2916194311135985,0.32815212519718784,0.29185627265881137,1.8998807417035044,0.8023821766692059
shuffle_r7_ORIGINAL_p+0_Nd4001_dt1,main,shuffle,7,ORIGINAL,0,4001,1.0,2.5350000000000003e-06,0.07321886766113006,26.02232333199936,320,634,static,0.3254752888701667,0.30559063426173033,0.0010012286900307448,1.4422355441580121,8.342650784998877e-05,3.734881376944434e-08,1.8271336347017065e-06,1.4247738678939228,0.011320754716981131,0.5610588521745068,0.0016019784736728772,,,,,1.8998807417035044,0.4751068738095816
shuffle_r7_ORIGINAL_p+0_Nd4001_dt1,main,shuffle,7,ORIGINAL,0,4001,1.0,2.5350000000000003e-06,0.07321886766113006,26.02232333199936,320,634,static_lti,0.3789023362937498,0.3281465500966622,0.0009999844206006,1.4651195687594385,8.498093017815628e-05,2.4377895684130304e-07,1.0637699696995256e-05,1.3803898505793395,0.033962264150943396,0.5680989236543545,0.0016421819643277285,,,,,1.8998807417035044,0.5194908911241649
shuffle_r7_ORIGINAL_p+0_Nd4001_dt1,main,shuffle,7,ORIGINAL,0,4001,1.0,2.5350000000000003e-06,0.07321886766113006,26.02232333199936,320,634,static_mh,0.36045571971832036,0.3399033876611417,0.001001773540558734,1.4427491051313517,8.456197502913045e-05,-2.691673656320037e-05,0.00011160223099820046,1.3066510933722222,0.01509433962264151,0.5631036392209928,0.0018246239489800023,,,,,1.8998807417035044,0.5932296483312822
shuffle_r7_ORIGINAL_p+0_Nd4001_dt1,main,shuffle,7,ORIGINAL,0,4001,1.0,2.5350000000000003e-06,0.07321886766113006,26.02232333199936,320,634,static_lti_mh,0.3817076176001977,0.33079300452382077,0.0009997427711458617,1.4648854815828363,8.504663513040012e-05,-2.6519198704407896e-05,5.98827476215234e-05,1.3518139571861874,0.03773584905660377,0.5678071206051931,0.0016958508197524934,,,,,1.8998807417035044,0.548066784517317
shuffle_r7_ORIGINAL_p+0_Nd4001_dt1,main,shuffle,7,ORIGINAL,0,4001,1.0,2.5350000000000003e-06,0.07321886766113006,26.02232333199936,320,634,linear,0.0437283601859948,0.0004869885480378058,0.0017606593942781613,1.241182167773992,0.00013014396708028515,1.8748339408783428e-07,1.6998432637603686e-05,1.8998807417035044,0.022641509433962263,0.09597296476682154,6.894224625173139e-05,,,,,1.8998807417035044,0.0
shuffle_r7_BLOCK_SHUFFLED_CYCLES_p+0_Nd4001_dt1,main,shuffle,7,BLOCK_SHUFFLED_CYCLES,0,4001,1.0,2.5350000000000003e-06,0.07321886766113006,24.475272684998345,320,634,atomic,0.6249590514162678,0.48936007549804206,0.0008213098789052889,1.5634583642577147,7.62813338657761e-05,-1.7114387609333748e-05,0.0002299953066291244,0.9596254058933729,0.08679245283018867,0.6747465362484599,0.0031215965218045405,0.30080350106773607,0.2812468306769789,0.319481889560423,0.28336928543294365,1.9053743242071102,0.9457489183137373
shuffle_r7_BLOCK_SHUFFLED_CYCLES_p+0_Nd4001_dt1,main,shuffle,7,BLOCK_SHUFFLED_CYCLES,0,4001,1.0,2.5350000000000003e-06,0.07321886766113006,24.475272684998345,320,634,static,0.3306235810424577,0.31596413709277216,0.0009959228928472605,1.4463134065898617,8.371316186388181e-05,2.7831683561135702e-09,1.891417696509245e-06,1.3679772563895607,0.018867924528301886,0.5296305100698755,0.0019432940287455972,,,,,1.9053743242071102,0.5373970678175495
shuffle_r7_BLOCK_SHUFFLED_CYCLES_p+0_Nd4001_dt1,main,shuffle,7,BLOCK_SHUFFLED_CYCLES,0,4001,1.0,2.5350000000000003e-06,0.07321886766113006,24.475272684998345,320,634,static_lti,0.3861385500413213,0.3460095217680489,0.0009921593783801489,1.4682513270616435,8.511665807646464e-05,7.22315070013108e-07,1.1132476020765733e-05,1.311232398061893,0.03018867924528302,0.5455456063318398,0.0019485449313451971,,,,,1.9053743242071102,0.5941419261452172
shuffle_r7_BLOCK_SHUFFLED_CYCLES_p+0_Nd4001_dt1,main,shuffle,7,BLOCK_SHUFFLED_CYCLES,0,4001,1.0,2.5350000000000003e-06,0.07321886766113006,24.475272684998345,320,634,static_mh,0.36352864706837495,0.3475893668652076,0.0009958230750765425,1.4451770279494955,8.473080981529147e-05,-2.6756914621166153e-05,0.00011200767765383909,1.2805241362500912,0.022641509433962263,0.5506639019674211,0.002302619380053363,,,,,1.9053743242071102,0.624850187957019
shuffle_r7_BLOCK_SHUFFLED_CYCLES_p+0_Nd4001_dt1,main,shuffle,7,BLOCK_SHUFFLED_CYCLES,0,4001,1.0,2.5350000000000003e-06,0.07321886766113006,24.475272684998345,320,634,static_lti_mh,0.38933011706742177,0.3495153233203174,0.000991658211513339,1.4683986243640967,8.517163244232722e-05,-2.5853818360550927e-05,5.730757207167098e-05,1.3290648098008038,0.03018867924528302,0.5493571095271795,0.00202019590795513,,,,,1.9053743242071102,0.5763095144063064
shuffle_r7_BLOCK_SHUFFLED_CYCLES_p+0_Nd4001_dt1,main,shuffle,7,BLOCK_SHUFFLED_CYCLES,0,4001,1.0,2.5350000000000003e-06,0.07321886766113006,24.475272684998345,320,634,linear,0.03862210620882497,0.00016623037175412627,0.0017569126066865337,1.2384591103174576,0.00013049362884990008,-2.4492545509479324e-07,1.6824467929023816e-05,1.9053743242071102,0.022641509433962263,0.09620219186609472,6.409313374007903e-05,,,,,1.9053743242071102,0.0
shuffle_r7_BLOCK_SHUFFLED_FIXED_p+0_Nd4001_dt1,main,shuffle,7,BLOCK_SHUFFLED_FIXED,0,4001,1.0,2.5350000000000003e-06,0.07321886766113006,29.375758107002184,320,634,atomic,0.5684830532859577,0.3587664277772342,0.0009069795148917723,1.5684854567915436,8.193727699577884e-05,-4.0539211561368866e-05,0.00025101746726496904,0.4510254934891254,0.1660377358490566,0.6783583968481196,0.0021557751457835336,0.3724711740439377,0.3356654507331907,0.4531051801562621,0.34395236901156134,1.7513601780312256,1.3003346845421002
shuffle_r7_BLOCK_SHUFFLED_FIXED_p+0_Nd4001_dt1,main,shuffle,7,BLOCK_SHUFFLED_FIXED,0,4001,1.0,2.5350000000000003e-06,0.07321886766113006,29.375758107002184,320,634,static,0.31953790122005415,0.28900781124138725,0.0010038326110088237,1.4410751179124712,8.323190454348101e-05,2.77170258106849e-07,5.580246130379113e-06,1.107528919256308,0.026415094339622643,0.6173928313963797,0.0015656831870506241,,,,,1.7513601780312256,0.6438312587749175
shuffle_r7_BLOCK_SHUFFLED_FIXED_p+0_Nd4001_dt1,main,shuffle,7,BLOCK_SHUFFLED_FIXED,0,4001,1.0,2.5350000000000003e-06,0.07321886766113006,29.375758107002184,320,634,static_lti,0.4146831709447617,0.32205855205570627,0.0010092480694564821,1.4745983265305287,8.663974309236228e-05,-2.6958481676755096e-06,3.421389588119501e-05,1.0727627481649473,0.06037735849056604,0.651435493784642,0.0019145500168785442,,,,,1.7513601780312256,0.6785974298662782
shuffle_r7_BLOCK_SHUFFLED_FIXED_p+0_Nd4001_dt1,main,shuffle,7,BLOCK_SHUFFLED_FIXED,0,4001,1.0,2.5350000000000003e-06,0.07321886766113006,29.375758107002184,320,634,static_mh,0.46205613854560607,0.4288784622375331,0.00100634503829447,1.4416711568027054,8.782833554607087e-05,-2.607425796699804e-05,0.0001014655028521258,1.0128740104301834,0.03773584905660377,0.6679605988881369,0.001983455802314871,,,,,1.7513601780312256,0.7384861676010421
shuffle_r7_BLOCK_SHUFFLED_FIXED_p+0_Nd4001_dt1,main,shuffle,7,BLOCK_SHUFFLED_FIXED,0,4001,1.0,2.5350000000000003e-06,0.07321886766113006,29.375758107002184,320,634,static_lti_mh,0.41798089073468453,0.32509851201735274,0.001010230262614676,1.4749551812336281,8.682394605920018e-05,-2.9515066996174543e-05,5.28724654189985e-05,1.0901969924503596,0.07169811320754717,0.6471004403353521,0.00195054396966401,,,,,1.7513601780312256,0.661163185580866
shuffle_r7_BLOCK_SHUFFLED_FIXED_p+0_Nd4001_dt1,main,shuffle,7,BLOCK_SHUFFLED_FIXED,0,4001,1.0,2.5350000000000003e-06,0.07321886766113006,29.375758107002184,320,634,linear,0.08302374864983572,0.007213532121841407,0.0017719146873172186,1.2575591816426592,0.00013305616733012073,-8.009822799090149e-07,6.842720879893107e-05,1.7513601780312256,0.06415094339622641,0.19810759399975456,0.0002599420300214683,,,,,1.7513601780312256,0.0
shuffle_r7_SHUFFLED_p+0_Nd4001_dt1,main,shuffle,7,SHUFFLED,0,4001,1.0,2.5350000000000003e-06,0.07321886766113006,26.691049787998054,320,634,atomic,0.09071818487919145,0.0478507777017938,0.001451641279440171,1.2992722079625205,8.165042739760771e-05,-0.00012333390305678028,7.043973467992948e-05,1.9999969380835616,0.0,0.2297254602519328,0.00014805492533945846,0.09504179086752934,0.04971978330714634,0.10992342802584668,0.05041045605228178,2.0,3.0619164383960396e-06
shuffle_r7_SHUFFLED_p+0_Nd4001_dt1,main,shuffle,7,SHUFFLED,0,4001,1.0,2.5350000000000003e-06,0.07321886766113006,26.691049787998054,320,634,static,0.0052234214222166625,0.005034844699242926,0.0013305432880646824,1.3358285900669982,7.186870259377415e-05,1.4480275057845507e-07,3.042997350269144e-06,2.0,0.0,0.1046833919278707,3.120567403249072e-05,,,,,2.0,0.0
shuffle_r7_SHUFFLED_p+0_Nd4001_dt1,main,shuffle,7,SHUFFLED,0,4001,1.0,2.5350000000000003e-06,0.07321886766113006,26.691049787998054,320,634,static_lti,0.04220375391969473,0.011154984199622273,0.0013155623194303348,1.3522778788587906,7.235019333036628e-05,-5.436105470663403e-07,2.013177417034347e-05,2.0,0.0,0.12852236946256415,4.84249864577776e-05,,,,,2.0,0.0
shuffle_r7_SHUFFLED_p+0_Nd4001_dt1,main,shuffle,7,SHUFFLED,0,4001,1.0,2.5350000000000003e-06,0.07321886766113006,26.691049787998054,320,634,static_mh,0.022807534557874914,0.022564862676443753,0.0013313994860727413,1.3354312250533749,7.25374528757552e-05,-2.624320641380231e-05,6.383203234944494e-06,1.9999999999999476,0.0,0.17055132480659335,8.264312522159672e-05,,,,,2.0,5.240252676230739e-14
shuffle_r7_SHUFFLED_p+0_Nd4001_dt1,main,shuffle,7,SHUFFLED,0,4001,1.0,2.5350000000000003e-06,0.07321886766113006,26.691049787998054,320,634,static_lti_mh,0.042787109677609333,0.011768467505043855,0.0013156896301998084,1.3521408335598382,7.237709899553725e-05,-2.6934936581653517e-05,2.0362001102317164e-05,2.0,0.0,0.13059767196379168,5.0221284501383504e-05,,,,,2.0,0.0
shuffle_r7_SHUFFLED_p+0_Nd4001_dt1,main,shuffle,7,SHUFFLED,0,4001,1.0,2.5350000000000003e-06,0.07321886766113006,26.691049787998054,320,634,linear,0.04763891157462579,0.011605030906254806,0.0017339061809258955,1.2346132991679644,9.560774655902204e-05,5.279188522985562e-07,3.908584906344103e-05,2.0,0.0,0.1442754303212756,5.50407540701592e-05,,,,,2.0,0.0
shuffle_r7_ORIGINAL_p+6_Nd4001_dt1,main,shuffle,7,ORIGINAL,6,4001,1.0,2.5350000000000003e-06,0.07321886766113006,24.443148199999996,320,634,atomic,1.1635646807375828,0.7673613732672233,0.0004421301620577918,1.8661437816903454,9.391575741770113e-05,0.00011781866057675915,0.00036618285740462446,0.6710471697575625,0.19622641509433963,0.9770960805023151,0.020252602380679476,0.4807163757709822,0.49005851244373005,0.557216207719219,0.4985673105748637,1.9155701962725704,1.244523026515008
shuffle_r7_ORIGINAL_p+6_Nd4001_dt1,main,shuffle,7,ORIGINAL,6,4001,1.0,2.5350000000000003e-06,0.07321886766113006,24.443148199999996,320,634,static,1.1640724889301926,1.0613706132518521,0.0005248730127970867,1.7816703875687865,0.00011149676585996639,1.335170166676e-07,2.9796926309973387e-06,0.792499095403809,0.08679245283018867,0.9997323966102194,0.01911295581063924,,,,,1.9155701962725704,1.1230711008687613
shuffle_r7_ORIGINAL_p+6_Nd4001_dt1,main,shuffle,7,ORIGINAL,6,4001,1.0,2.5350000000000003e-06,0.07321886766113006,24.443148199999996,320,634,static_lti,1.2821850777489863,1.1259407386778975,0.0005216020951362178,1.807416853697614,0.00011378130367957794,-1.0235559085885055e-06,1.7306662687987723e-05,0.7277423911858453,0.1169811320754717,1.0092706500952289,0.01904011442333312,,,,,1.9155701962725704,1.1878278050867253
shuffle_r7_ORIGINAL_p+6_Nd4001_dt1,main,shuffle,7,ORIGINAL,6,4001,1.0,2.5350000000000003e-06,0.07321886766113006,24.443148199999996,320,634,static_mh,1.5462529130932645,1.4063032587948436,0.0005229407855960258,1.7739377487213486,0.0001204696679606419,-7.03094522057769e-05,0.0005269732377570707,0.4418196125494353,0.09433962264150944,1.1991498565242475,0.03256887766033754,,,,,1.9155701962725704,1.473750583723135
shuffle_r7_ORIGINAL_p+6_Nd4001_dt1,main,shuffle,7,ORIGINAL,6,4001,1.0,2.5350000000000003e-06,0.07321886766113006,24.443148199999996,320,634,static_lti_mh,1.318458511056738,1.1528963393386282,0.0005212470470609402,1.808113142864985,0.00011460065347362057,-7.130189102629797e-05,0.00028848776497282643,0.6543821112357098,0.1169811320754717,1.0224483282881232,0.019776617710329538,,,,,1.9155701962725704,1.2611880850368606
shuffle_r7_ORIGINAL_p+6_Nd4001_dt1,main,shuffle,7,ORIGINAL,6,4001,1.0,2.5350000000000003e-06,0.07321886766113006,24.443148199999996,320,634,linear,0.04372836018599336,0.0004869885480377331,0.0017606593942781643,1.2411821677739854,0.00025967135303584405,3.74078550906179e-07,3.391633205534829e-05,1.9155701962725704,0.0037735849056603774,0.08953408546512079,0.0002512882472442772,,,,,1.9155701962725704,0.0
shuffle_r7_BLOCK_SHUFFLED_CYCLES_p+6_Nd4001_dt1,main,shuffle,7,BLOCK_SHUFFLED_CYCLES,6,4001,1.0,2.5350000000000003e-06,0.07321886766113006,25.282817704999616,320,634,atomic,1.0074838816307525,0.6520396462998773,0.0004510955907129226,1.9023232432845147,9.287585278095358e-05,0.0001407074101399806,0.0003822328482053966,0.748146204575505,0.22641509433962265,0.7879477697613448,0.014402864118396431,0.5514477320932641,0.5573027499641448,0.611649287859791,0.565506733748885,1.922713027405317,1.174566822829812
shuffle_r7_BLOCK_SHUFFLED_CYCLES_p+6_Nd4001_dt1,main,shuffle,7,BLOCK_SHUFFLED_CYCLES,6,4001,1.0,2.5350000000000003e-06,0.07321886766113006,25.282817704999616,320,634,static,1.1694380496756274,1.1059957020172462,0.0005215023910502116,1.7913727793696366,0.00011166006939412842,-3.2221543451626644e-08,3.0760917208648885e-06,0.8131183143627388,0.07169811320754717,1.029616462639944,0.022777640075559828,,,,,1.922713027405317,1.1095947130425783
shuffle_r7_BLOCK_SHUFFLED_CYCLES_p+6_Nd4001_dt1,main,shuffle,7,BLOCK_SHUFFLED_CYCLES,6,4001,1.0,2.5350000000000003e-06,0.07321886766113006,25.282817704999616,320,634,static_lti,1.2993439623536305,1.1903504304269727,0.0005192103503316964,1.815149053672479,0.00011444606698604638,9.895087820420333e-07,1.757346656518598e-05,0.7933374811560568,0.07924528301886792,1.0609869232444715,0.024950045222119976,,,,,1.922713027405317,1.12937554624926
shuffle_r7_BLOCK_SHUFFLED_CYCLES_p+6_Nd4001_dt1,main,shuffle,7,BLOCK_SHUFFLED_CYCLES,6,4001,1.0,2.5350000000000003e-06,0.07321886766113006,25.282817704999616,320,634,static_mh,1.5940741756650318,1.5006217511701316,0.000516940369970818,1.7836671941282507,0.00012102378743385469,-7.05418684415197e-05,0.0005320641224131271,0.8438443682130982,0.06415094339622641,0.9561315387347569,0.029129779833992085,,,,,1.922713027405317,1.078868659192219
shuffle_r7_BLOCK_SHUFFLED_CYCLES_p+6_Nd4001_dt1,main,shuffle,7,BLOCK_SHUFFLED_CYCLES,6,4001,1.0,2.5350000000000003e-06,0.07321886766113006,25.282817704999616,320,634,static_lti_mh,1.3400627566330412,1.2274641596238967,0.0005179198400797015,1.8169798574716063,0.00011516776978900079,-6.959862215925704e-05,0.00027946285844158183,0.8353040181642462,0.06792452830188679,1.0382662252512223,0.026695518906542925,,,,,1.922713027405317,1.0874090092410709
shuffle_r7_BLOCK_SHUFFLED_CYCLES_p+6_Nd4001_dt1,main,shuffle,7,BLOCK_SHUFFLED_CYCLES,6,4001,1.0,2.5350000000000003e-06,0.07321886766113006,25.282817704999616,320,634,linear,0.03862210620881931,0.0001662303717537861,0.0017569126066865242,1.2384591103174631,0.00026036901998773915,-4.886905305282297e-07,3.356922682818487e-05,1.922713027405317,0.0037735849056603774,0.08974614172656058,0.00022090563008398282,,,,,1.922713027405317,0.0
shuffle_r7_BLOCK_SHUFFLED_FIXED_p+6_Nd4001_dt1,main,shuffle,7,BLOCK_SHUFFLED_FIXED,6,4001,1.0,2.5350000000000003e-06,0.07321886766113006,31.80174549399817,320,634,atomic,0.9313594290559072,0.508465202342232,0.0005207253311140674,1.8581518250580285,0.00010413807154096052,0.0002060749776662127,0.00038684435948258027,0.5704262958761027,0.2490566037735849,0.6836608065117523,0.013040911335796065,0.6564133487131074,0.6828685781487124,0.7880469535504342,0.6783751413593494,1.7632180708422802,1.1927917749661776
shuffle_r7_BLOCK_SHUFFLED_FIXED_p+6_Nd4001_dt1,main,shuffle,7,BLOCK_SHUFFLED_FIXED,6,4001,1.0,2.5350000000000003e-06,0.07321886766113006,31.80174549399817,320,634,static,1.1194463115506077,0.882421068934138,0.0005292352212777035,1.7770600085055142,0.00011093117230451625,1.4682317148889397e-07,7.581099661858968e-06,0.8660780826978344,0.06037735849056604,1.0486562979603562,0.02111552496532296,,,,,1.7632180708422802,0.8971399881444458
shuffle_r7_BLOCK_SHUFFLED_FIXED_p+6_Nd4001_dt1,main,shuffle,7,BLOCK_SHUFFLED_FIXED,6,4001,1.0,2.5350000000000003e-06,0.07321886766113006,31.80174549399817,320,634,static_lti,1.3700694921043879,0.9761071159297172,0.0005230053939017737,1.8127628537379339,0.00011592086946626669,-4.582867400781243e-06,4.783330980090156e-05,0.7661687655940053,0.09811320754716982,1.1208962457958904,0.02540361653270558,,,,,1.7632180708422802,0.997049305248275
shuffle_r7_BLOCK_SHUFFLED_FIXED_p+6_Nd4001_dt1,main,shuffle,7,BLOCK_SHUFFLED_FIXED,6,4001,1.0,2.5350000000000003e-06,0.07321886766113006,31.80174549399817,320,634,static_mh,3.6518548516836407,3.0224589278249043,0.0005181223400328468,1.777255591833478,0.0001607992404204392,-7.111235108766688e-05,0.00047906886930431845,0.33325545884841284,0.12452830188679245,1.1418093834863254,0.04332544100286206,,,,,1.7632180708422802,1.4299626119938673
shuffle_r7_BLOCK_SHUFFLED_FIXED_p+6_Nd4001_dt1,main,shuffle,7,BLOCK_SHUFFLED_FIXED,6,4001,1.0,2.5350000000000003e-06,0.07321886766113006,31.80174549399817,320,634,static_lti_mh,1.4292497863429383,1.0282972136924562,0.0005247094760030004,1.8137744812029053,0.00011774516637409295,-7.42726004433104e-05,0.00020377587404692021,0.6667300644744268,0.10943396226415095,1.1834753655830401,0.02811881489626237,,,,,1.7632180708422802,1.0964880063678533
shuffle_r7_BLOCK_SHUFFLED_FIXED_p+6_Nd4001_dt1,main,shuffle,7,BLOCK_SHUFFLED_FIXED,6,4001,1.0,2.5350000000000003e-06,0.07321886766113006,31.80174549399817,320,634,linear,0.08302374864983773,0.007213532121840446,0.0017719146873172364,1.2575591816426566,0.0002654819564479844,-1.598169758060549e-06,0.00013653023103502016,1.7632180708422802,0.05660377358490566,0.19514388758106327,0.0010152660526812644,,,,,1.7632180708422802,0.0
shuffle_r7_SHUFFLED_p+6_Nd4001_dt1,main,shuffle,7,SHUFFLED,6,4001,1.0,2.5350000000000003e-06,0.07321886766113006,26.92519462099881,320,634,atomic,0.3468231857051887,0.21254059532687106,0.000762029812061922,1.5281229920572488,9.506512472082638e-05,-5.084326154573278e-05,0.0001359606095694843,1.8449930157755552,0.04905660377358491,0.46833800276645654,0.002395262483032548,0.2690248494003907,0.24715258545716096,0.38856379787647305,0.24798182082164588,2.0,0.1550069842244448
shuffle_r7_SHUFFLED_p+6_Nd4001_dt1,main,shuffle,7,SHUFFLED,6,4001,1.0,2.5350000000000003e-06,0.07321886766113006,26.92519462099881,320,634,static,0.009387950632724613,0.008803490147507238,0.0008913404913195119,1.4873710529104718,9.625910917933251e-05,9.284190574175235e-08,4.065161420739135e-06,2.0,0.0,0.1150580540189757,0.0001484229997940191,,,,,2.0,0.0
shuffle_r7_SHUFFLED_p+6_Nd4001_dt1,main,shuffle,7,SHUFFLED,6,4001,1.0,2.5350000000000003e-06,0.07321886766113006,26.92519462099881,320,634,static_lti,0.04843831420583586,0.018672521133425362,0.0008818149196269264,1.5064940599304977,9.705156135586985e-05,-4.242816061768327e-07,2.5485983240396753e-05,2.0,0.0,0.14447896851747813,0.0002326434957962462,,,,,2.0,0.0
shuffle_r7_SHUFFLED_p+6_Nd4001_dt1,main,shuffle,7,SHUFFLED,6,4001,1.0,2.5350000000000003e-06,0.07321886766113006,26.92519462099881,320,634,static_mh,0.21670212007890427,0.21513101305433602,0.0008938542967415623,1.483341162634532,0.00010601005271140184,-7.03663481525427e-05,2.5805802334863994e-05,1.848016194930305,0.04150943396226415,0.46281400537571876,0.002448856313762108,,,,,2.0,0.1519838050696951
shuffle_r7_SHUFFLED_p+6_Nd4001_dt1,main,shuffle,7,SHUFFLED,6,4001,1.0,2.5350000000000003e-06,0.07321886766113006,26.92519462099881,320,634,static_lti_mh,0.05309531221662531,0.023274058242984494,0.0008813788158503913,1.5068935165584716,9.721837987667347e-05,-7.091660763868956e-05,2.758390035707397e-05,2.0,0.0,0.15834236085536393,0.0002738352593103944,,,,,2.0,0.0
shuffle_r7_SHUFFLED_p+6_Nd4001_dt1,main,shuffle,7,SHUFFLED,6,4001,1.0,2.5350000000000003e-06,0.07321886766113006,26.92519462099881,320,634,linear,0.04763891157462595,0.011605030906255491,0.001733906180925887,1.234613299167966,0.00019076253372831176,1.0533365913524917e-06,7.79865216848463e-05,2.0,0.0,0.13637441851084803,0.0002007919344051377,,,,,2.0,0.0
shuffle_r0_ORIGINAL_p-6_Nd4001_dt1,main,shuffle,0,ORIGINAL,-6,4001,1.0,2.5350000000000003e-06,0.07321886766113006,26.92572562600253,319,634,atomic,0.5076173808260419,0.3902071142927434,0.0010532203021510866,1.4234858855267178,4.734707070450715e-05,-2.726141517098366e-05,0.00010427519557846879,0.4112043286023402,0.07169811320754717,0.7580944816267682,0.000536191661360299,0.2036208564120541,0.16832504960657918,0.21157752504895683,0.1684237322596044,1.8324832477983133,1.4212789191959732
shuffle_r0_ORIGINAL_p-6_Nd4001_dt1,main,shuffle,0,ORIGINAL,-6,4001,1.0,2.5350000000000003e-06,0.07321886766113006,26.92572562600253,319,634,static,0.1628270402547258,0.15921067115210416,0.0012759639446706177,1.3459823641688295,5.036559716451207e-05,-5.9081495319945424e-09,1.0467973988167663e-06,1.2858372862757264,0.01509433962264151,0.4143364925875468,0.0004548595485332407,,,,,1.8324832477983133,0.5466459615225869
shuffle_r0_ORIGINAL_p-6_Nd4001_dt1,main,shuffle,0,ORIGINAL,-6,4001,1.0,2.5350000000000003e-06,0.07321886766113006,26.92572562600253,319,634,static_lti,0.21455242367576363,0.1603795365950314,0.0012747304949673507,1.3678472741812933,5.142336986630827e-05,-4.031381721218176e-08,6.972552444411122e-06,1.2537491924668376,0.03018867924528302,0.42681277945191576,0.0004811706756762625,,,,,1.8324832477983133,0.5787340553314757
shuffle_r0_ORIGINAL_p-6_Nd4001_dt1,main,shuffle,0,ORIGINAL,-6,4001,1.0,2.5350000000000003e-06,0.07321886766113006,26.92572562600253,319,634,static_mh,0.17588152854993813,0.17202756804148658,0.0012755122447966713,1.3455260135507026,5.062936895309366e-05,-2.0917152125790012e-05,5.124718875176566e-05,1.321910103853923,0.022641509433962263,0.459336010596678,0.0004045537487056445,,,,,1.8324832477983133,0.5105731439443904
shuffle_r0_ORIGINAL_p-6_Nd4001_dt1,main,shuffle,0,ORIGINAL,-6,4001,1.0,2.5350000000000003e-06,0.07321886766113006,26.92572562600253,319,634,static_lti_mh,0.21570002466263147,0.16142098308155176,0.0012743131422477782,1.3680062276473584,5.14309245885329e-05,-2.097432481794635e-05,2.9796481979434917e-05,1.2642148668760924,0.033962264150943396,0.438020471220475,0.0004696420883565344,,,,,1.8324832477983133,0.5682683809222209
shuffle_r0_ORIGINAL_p-6_Nd4001_dt1,main,shuffle,0,ORIGINAL,-6,4001,1.0,2.5350000000000003e-06,0.07321886766113006,26.92572562600253,319,634,linear,0.04207864861144811,5.426992933224222e-05,0.001746119946025688,1.2405964261441556,6.52722421224737e-05,-1.5523249424432272e-07,9.079364848008344e-06,1.8324832477983133,0.033962264150943396,0.12360835325459366,1.9674812149779748e-05,,,,,1.8324832477983133,0.0
shuffle_r0_BLOCK_SHUFFLED_CYCLES_p-6_Nd4001_dt1,main,shuffle,0,BLOCK_SHUFFLED_CYCLES,-6,4001,1.0,2.5350000000000003e-06,0.07321886766113006,24.122759955997026,319,634,atomic,0.31821363513382384,0.24697852895103356,0.0012263738457140932,1.4035360600343534,5.1567304331758846e-05,-2.250490063453463e-05,0.00010298898263833066,1.1769084218216372,0.07547169811320754,0.5298707759173921,0.000417939053962968,0.15712971793841002,0.12504673862303825,0.16938051625253997,0.1253389602151315,1.8582823368379795,0.6813739150163423
shuffle_r0_BLOCK_SHUFFLED_CYCLES_p-6_Nd4001_dt1,main,shuffle,0,BLOCK_SHUFFLED_CYCLES,-6,4001,1.0,2.5350000000000003e-06,0.07321886766113006,24.122759955997026,319,634,static,0.16354608835688353,0.15726409658003396,0.0012751079176874635,1.3453389661703297,5.038951065048455e-05,-1.7630346611046912e-09,1.0853284553126615e-06,0.7388085007234644,0.033962264150943396,0.5058529113000877,0.0002030971711448364,,,,,1.8582823368379795,1.1194738361145151
shuffle_r0_BLOCK_SHUFFLED_CYCLES_p-6_Nd4001_dt1,main,shuffle,0,BLOCK_SHUFFLED_CYCLES,-6,4001,1.0,2.5350000000000003e-06,0.07321886766113006,24.122759955997026,319,634,static_lti,0.21076218338858932,0.17511853612908337,0.001274960833549689,1.3692187549619963,5.139431982267097e-05,-3.4175423919982357e-07,6.896681663236446e-06,0.5455020116699032,0.045283018867924525,0.5219381057721998,0.0002100572534243047,,,,,1.8582823368379795,1.3127803251680763
shuffle_r0_BLOCK_SHUFFLED_CYCLES_p-6_Nd4001_dt1,main,shuffle,0,BLOCK_SHUFFLED_CYCLES,-6,4001,1.0,2.5350000000000003e-06,0.07321886766113006,24.122759955997026,319,634,static_mh,0.17789303302981657,0.17047419670565536,0.001274549836795031,1.3449616295841236,5.0677029911012194e-05,-2.0950490329149422e-05,5.1248478789417714e-05,-0.09564323234094735,0.03018867924528302,0.6047942248343569,0.00023261959568134655,,,,,1.8582823368379795,1.9539255691789268
shuffle_r0_BLOCK_SHUFFLED_CYCLES_p-6_Nd4001_dt1,main,shuffle,0,BLOCK_SHUFFLED_CYCLES,-6,4001,1.0,2.5350000000000003e-06,0.07321886766113006,24.122759955997026,319,634,static_lti_mh,0.21106992451771814,0.17553928839377478,0.0012753130175494592,1.369064249720567,5.1415331369193615e-05,-2.127286698552378e-05,2.6652068100369102e-05,0.33565745039963224,0.045283018867924525,0.5329293881654282,0.0002198915568111299,,,,,1.8582823368379795,1.5226248864383471
shuffle_r0_BLOCK_SHUFFLED_CYCLES_p-6_Nd4001_dt1,main,shuffle,0,BLOCK_SHUFFLED_CYCLES,-6,4001,1.0,2.5350000000000003e-06,0.07321886766113006,24.122759955997026,319,634,linear,0.04366210439590743,7.226392908607493e-05,0.0017642030717608414,1.2412894147855051,6.604219637635265e-05,-3.629708151227971e-07,8.654251381529176e-06,1.8582823368379795,0.033962264150943396,0.10762947419654952,2.2627751741063454e-05,,,,,1.8582823368379795,0.0
shuffle_r0_BLOCK_SHUFFLED_FIXED_p-6_Nd4001_dt1,main,shuffle,0,BLOCK_SHUFFLED_FIXED,-6,4001,1.0,2.5350000000000003e-06,0.07321886766113006,25.601971093998145,319,634,atomic,0.2876011668597807,0.2015314522824364,0.0013591921403489442,1.4121877721370606,5.56526494914878e-05,-4.764364313950084e-05,0.00012635712092597747,0.9916238990158632,0.18867924528301888,0.756466700029994,0.000840477498974053,0.20075242408087274,0.13370369904253407,0.24439880655466167,0.13671129222332692,1.6254112462692885,0.6337873472534252
shuffle_r0_BLOCK_SHUFFLED_FIXED_p-6_Nd4001_dt1,main,shuffle,0,BLOCK_SHUFFLED_FIXED,-6,4001,1.0,2.5350000000000003e-06,0.07321886766113006,25.601971093998145,319,634,static,0.1607570516007787,0.15050158492814364,0.0012823043289385604,1.3434067481096699,4.985354443534405e-05,-3.9149046140014967e-08,3.943474448228803e-06,1.3320725211262252,0.026415094339622643,0.6833435590928676,0.0006979837840231093,,,,,1.6254112462692885,0.29333872514306325
shuffle_r0_BLOCK_SHUFFLED_FIXED_p-6_Nd4001_dt1,main,shuffle,0,BLOCK_SHUFFLED_FIXED,-6,4001,1.0,2.5350000000000003e-06,0.07321886766113006,25.601971093998145,319,634,static_lti,0.2520624523621207,0.1819598472534605,0.0012983421366031301,1.3843377981692915,5.2424735773893064e-05,-6.454801306337835e-07,2.4378456704318914e-05,1.1964714161184975,0.10943396226415095,0.7809000676012132,0.0008163739451952657,,,,,1.6254112462692885,0.42893983015079096
shuffle_r0_BLOCK_SHUFFLED_FIXED_p-6_Nd4001_dt1,main,shuffle,0,BLOCK_SHUFFLED_FIXED,-6,4001,1.0,2.5350000000000003e-06,0.07321886766113006,25.601971093998145,319,634,static_mh,0.23466294957453548,0.2232766090117146,0.0012702976630418535,1.3396158640826021,5.0935339575992386e-05,-2.105308998466777e-05,4.625413793248955e-05,1.2842176954682765,0.052830188679245285,0.7294576737662485,0.0007962343535426122,,,,,1.6254112462692885,0.341193550801012
shuffle_r0_BLOCK_SHUFFLED_FIXED_p-6_Nd4001_dt1,main,shuffle,0,BLOCK_SHUFFLED_FIXED,-6,4001,1.0,2.5350000000000003e-06,0.07321886766113006,25.601971093998145,319,634,static_lti_mh,0.2532938221336528,0.1830697985393777,0.0012993253695311089,1.3837128512502634,5.249004528580404e-05,-2.1727167906986157e-05,3.0378932934093242e-05,1.1830363343736676,0.11320754716981132,0.7869883549473143,0.0008325749451842874,,,,,1.6254112462692885,0.44237491189562084
shuffle_r0_BLOCK_SHUFFLED_FIXED_p-6_Nd4001_dt1,main,shuffle,0,BLOCK_SHUFFLED_FIXED,-6,4001,1.0,2.5350000000000003e-06,0.07321886766113006,25.601971093998145,319,634,linear,0.09832005273367282,0.008734981812831239,0.0018012356484018303,1.2606178859276405,6.812521055725436e-05,1.198461122976725e-07,3.73436620971098e-05,1.6254112462692885,0.09056603773584905,0.26759222171125757,9.054564863698965e-05,,,,,1.6254112462692885,0.0
shuffle_r0_SHUFFLED_p-6_Nd4001_dt1,main,shuffle,0,SHUFFLED,-6,4001,1.0,2.5350000000000003e-06,0.07321886766113006,26.765586987999995,319,634,atomic,0.06315028748189917,0.021860441347379602,0.0016910072449268533,1.2520052531214225,4.340101090474336e-05,-2.5752008250913357e-05,2.3049101064317172e-05,1.9999994249615929,0.0,0.2076400355245482,2.9603078286848e-05,0.07667985492479996,0.014387144685542719,0.08737019524622248,0.01453940251776986,1.9999999637106822,5.387490893404845e-07
shuffle_r0_SHUFFLED_p-6_Nd4001_dt1,main,shuffle,0,SHUFFLED,-6,4001,1.0,2.5350000000000003e-06,0.07321886766113006,26.765586987999995,319,634,static,0.005809415112764192,0.005680794658487628,0.0015726361022220681,1.2683715073393205,3.926167816306496e-05,-9.855780033762494e-08,2.05946456711852e-06,2.0,0.0,0.1544224101251623,1.4917068902286068e-05,,,,,1.9999999637106822,-3.6289317772997265e-08
shuffle_r0_SHUFFLED_p-6_Nd4001_dt1,main,shuffle,0,SHUFFLED,-6,4001,1.0,2.5350000000000003e-06,0.07321886766113006,26.765586987999995,319,634,static_lti,0.04846810571461876,0.013038052250121952,0.0015607731601565006,1.2884886038874699,3.9782208415923564e-05,9.093898509177207e-07,1.4401733392353627e-05,1.999999999922361,0.0,0.17973335522169312,2.1249792695294034e-05,,,,,1.9999999637106822,-3.62116787666622e-08
shuffle_r0_SHUFFLED_p-6_Nd4001_dt1,main,shuffle,0,SHUFFLED,-6,4001,1.0,2.5350000000000003e-06,0.07321886766113006,26.765586987999995,319,634,static_mh,0.017797959755317137,0.017600059968102027,0.0015696686153192402,1.268503759663985,3.942019758105171e-05,-2.10613125642292e-05,3.243519598830907e-06,1.9999999999995985,0.0,0.19071825414197585,2.1866169915883373e-05,,,,,1.9999999637106822,-3.628891631635156e-08
shuffle_r0_SHUFFLED_p-6_Nd4001_dt1,main,shuffle,0,SHUFFLED,-6,4001,1.0,2.5350000000000003e-06,0.07321886766113006,26.765586987999995,319,634,static_lti_mh,0.04881991312376193,0.013345179805969285,0.0015603806446476919,1.2886187410888104,3.977896331366482e-05,-2.0054869775648146e-05,1.4480304711833496e-05,1.999999999858861,0.0,0.18063653633906573,2.1518636695855143e-05,,,,,1.9999999637106822,-3.614817867259035e-08
shuffle_r0_SHUFFLED_p-6_Nd4001_dt1,main,shuffle,0,SHUFFLED,-6,4001,1.0,2.5350000000000003e-06,0.07321886766113006,26.765586987999995,319,634,linear,0.056690109547336026,0.016071934249034747,0.0017403530634246146,1.2388398492228645,4.4532839550101036e-05,1.2242604050519957e-06,2.1142641251621212e-05,1.9999999637106822,0.0,0.19352238567791066,2.465417361562481e-05,,,,,1.9999999637106822,0.0
shuffle_r1_ORIGINAL_p-6_Nd4001_dt1,main,shuffle,1,ORIGINAL,-6,4001,1.0,2.5350000000000003e-06,0.07321886766113006,28.37410121299763,349,634,atomic,0.2049731295474043,0.15058918679025465,0.001330811595355004,1.3599079375650667,5.362676689136284e-05,-4.293052853088205e-05,7.253468030456094e-05,1.01287290972056,0.04150943396226415,0.4610400770458536,0.0002965063124023166,0.13010511737358726,0.09624578912724073,0.13447709203641145,0.09633004151603791,1.8433593126630992,0.8304864029425392
shuffle_r1_ORIGINAL_p-6_Nd4001_dt1,main,shuffle,1,ORIGINAL,-6,4001,1.0,2.5350000000000003e-06,0.07321886766113006,28.37410121299763,349,634,static,0.04052329844519517,0.03874870236704598,0.001482119911878588,1.3086655936447182,5.549376058223329e-05,-1.5507944017712436e-08,1.1792303023743558e-06,1.8863708563257455,0.011320754716981131,0.28710553643249587,4.906136211218816e-05,,,,,1.8433593126630992,-0.04301154366264637
shuffle_r1_ORIGINAL_p-6_Nd4001_dt1,main,shuffle,1,ORIGINAL,-6,4001,1.0,2.5350000000000003e-06,0.07321886766113006,28.37410121299763,349,634,static_lti,0.08185920388024163,0.04478738935322497,0.0014868264083848636,1.3314959787101202,5.676286176467981e-05,5.772280805276061e-07,7.33794002762869e-06,1.8047745848613583,0.03018867924528302,0.3099804466676056,6.519251752152322e-05,,,,,1.8433593126630992,0.038584727801740826
shuffle_r1_ORIGINAL_p-6_Nd4001_dt1,main,shuffle,1,ORIGINAL,-6,4001,1.0,2.5350000000000003e-06,0.07321886766113006,28.37410121299763,349,634,static_mh,0.046425126215659765,0.04452785620024277,0.0014824961617439685,1.3090008894518377,5.566484763891517e-05,-2.9253248704685067e-05,4.1063462129905e-05,1.8730119035623225,0.01509433962264151,0.2885601248110575,5.21437503382067e-05,,,,,1.8433593126630992,-0.02965259089922334
shuffle_r1_ORIGINAL_p-6_Nd4001_dt1,main,shuffle,1,ORIGINAL,-6,4001,1.0,2.5350000000000003e-06,0.07321886766113006,28.37410121299763,349,634,static_lti_mh,0.08234875454412688,0.04522023669947469,0.0014867825005821557,1.3316427321574078,5.677398539566333e-05,-2.859441806295507e-05,2.1705253961706272e-05,1.8004836041767154,0.026415094339622643,0.3082350760348011,6.341261934067789e-05,,,,,1.8433593126630992,0.04287570848638378
shuffle_r1_ORIGINAL_p-6_Nd4001_dt1,main,shuffle,1,ORIGINAL,-6,4001,1.0,2.5350000000000003e-06,0.07321886766113006,28.37410121299763,349,634,linear,0.042429246503697636,5.389455084160988e-05,0.0017627721535160487,1.2404094412059683,6.607198298497299e-05,5.129452997401834e-07,8.162951378139266e-06,1.8433593126630992,0.03018867924528302,0.12736966349358012,2.6225513362733634e-05,,,,,1.8433593126630992,0.0
shuffle_r1_BLOCK_SHUFFLED_CYCLES_p-6_Nd4001_dt1,main,shuffle,1,BLOCK_SHUFFLED_CYCLES,-6,4001,1.0,2.5350000000000003e-06,0.07321886766113006,24.31607459299994,349,634,atomic,0.21775168934732775,0.17329728425781443,0.001337687436970707,1.3678285641092423,5.4182900790668914e-05,-5.5128444355750666e-05,9.321701895997486e-05,1.3289057525994459,0.045283018867924525,0.42449184672403917,0.0004715307912261084,0.13644488201662602,0.10719879854645242,0.14136908437099607,0.1074124625453793,1.9004944290616697,0.5715886764622238
shuffle_r1_BLOCK_SHUFFLED_CYCLES_p-6_Nd4001_dt1,main,shuffle,1,BLOCK_SHUFFLED_CYCLES,-6,4001,1.0,2.5350000000000003e-06,0.07321886766113006,24.31607459299994,349,634,static,0.040432233701771465,0.03850548361189356,0.001481787429566056,1.3090026555045213,5.549136800399373e-05,3.743632462974201e-08,1.2319369301616585e-06,1.8444262463864158,0.022641509433962263,0.24322413212264518,8.523885013003839e-05,,,,,1.9004944290616697,0.05606818267525382
shuffle_r1_BLOCK_SHUFFLED_CYCLES_p-6_Nd4001_dt1,main,shuffle,1,BLOCK_SHUFFLED_CYCLES,-6,4001,1.0,2.5350000000000003e-06,0.07321886766113006,24.31607459299994,349,634,static_lti,0.07991071837491126,0.04406512026029004,0.0014913744770883041,1.3324586580533302,5.689846155317897e-05,-1.1191142635562308e-07,7.660246276751603e-06,1.7853115585338695,0.026415094339622643,0.27095637540857526,0.0001074584050062525,,,,,1.9004944290616697,0.11518287052780019
shuffle_r1_BLOCK_SHUFFLED_CYCLES_p-6_Nd4001_dt1,main,shuffle,1,BLOCK_SHUFFLED_CYCLES,-6,4001,1.0,2.5350000000000003e-06,0.07321886766113006,24.31607459299994,349,634,static_mh,0.0457049164646957,0.04378602523955533,0.0014826583439020294,1.308882761105551,5.566422225420174e-05,-2.920905136886735e-05,4.1200361633744426e-05,1.8334008089828115,0.018867924528301886,0.24740924720975588,9.312900255395626e-05,,,,,1.9004944290616697,0.06709362007885811
shuffle_r1_BLOCK_SHUFFLED_CYCLES_p-6_Nd4001_dt1,main,shuffle,1,BLOCK_SHUFFLED_CYCLES,-6,4001,1.0,2.5350000000000003e-06,0.07321886766113006,24.31607459299994,349,634,static_lti_mh,0.0800670368102664,0.04411729728448322,0.0014914767704754756,1.3322841417873807,5.690645370162483e-05,-2.927551417046266e-05,2.122627972933112e-05,1.7846048843994171,0.03018867924528302,0.27183208117749863,0.0001056358585668726,,,,,1.9004944290616697,0.11588954466225254
shuffle_r1_BLOCK_SHUFFLED_CYCLES_p-6_Nd4001_dt1,main,shuffle,1,BLOCK_SHUFFLED_CYCLES,-6,4001,1.0,2.5350000000000003e-06,0.07321886766113006,24.31607459299994,349,634,linear,0.04161991099680584,6.458083291365499e-05,0.0017694491100666268,1.2400453357565777,6.630397145565414e-05,2.383333853678449e-08,8.761635901207123e-06,1.9004944290616697,0.022641509433962263,0.12976869913461103,2.5388120460880754e-05,,,,,1.9004944290616697,0.0
shuffle_r1_BLOCK_SHUFFLED_FIXED_p-6_Nd4001_dt1,main,shuffle,1,BLOCK_SHUFFLED_FIXED,-6,4001,1.0,2.5350000000000003e-06,0.07321886766113006,27.407218353000644,349,634,atomic,0.1418925723729094,0.06724792789460718,0.0015362968863742138,1.3558969132431995,5.938805802654958e-05,-5.490158648547553e-05,7.992561032582951e-05,1.5165984782548276,0.06792452830188679,0.32365436772985495,0.00016585286101198791,0.1386451319839238,0.06628595387688188,0.15774263958477586,0.06721318134928125,1.7112898183349234,0.1946913400800958
shuffle_r1_BLOCK_SHUFFLED_FIXED_p-6_Nd4001_dt1,main,shuffle,1,BLOCK_SHUFFLED_FIXED,-6,4001,1.0,2.5350000000000003e-06,0.07321886766113006,27.407218353000644,349,634,static,0.041216820336833666,0.03819647663813556,0.0014873177645541764,1.3073536435886886,5.490241501620202e-05,7.607272797830411e-08,4.289429218281896e-06,1.8713906249350518,0.022641509433962263,0.20004198738659762,6.696946691194714e-05,,,,,1.7112898183349234,-0.16010080660012838
shuffle_r1_BLOCK_SHUFFLED_FIXED_p-6_Nd4001_dt1,main,shuffle,1,BLOCK_SHUFFLED_FIXED,-6,4001,1.0,2.5350000000000003e-06,0.07321886766113006,27.407218353000644,349,634,static_lti,0.11938273846872467,0.04784290893212103,0.001518188073824459,1.3468803624000019,5.8108093810774836e-05,3.903399345690287e-08,2.703114484285171e-05,1.694326125087028,0.052830188679245285,0.27979096808740606,0.00013769787561465353,,,,,1.7112898183349234,0.016963693247895373
shuffle_r1_BLOCK_SHUFFLED_FIXED_p-6_Nd4001_dt1,main,shuffle,1,BLOCK_SHUFFLED_FIXED,-6,4001,1.0,2.5350000000000003e-06,0.07321886766113006,27.407218353000644,349,634,static_mh,0.06596964105455423,0.0630366296920749,0.0014963746908796904,1.3079737403458325,5.588886416271812e-05,-2.9038326545123334e-05,3.680729758013782e-05,1.7562676457380193,0.022641509433962263,0.22983713084386717,0.0001187927109337547,,,,,1.7112898183349234,-0.04497782740309586
shuffle_r1_BLOCK_SHUFFLED_FIXED_p-6_Nd4001_dt1,main,shuffle,1,BLOCK_SHUFFLED_FIXED,-6,4001,1.0,2.5350000000000003e-06,0.07321886766113006,27.407218353000644,349,634,static_lti_mh,0.12017333317907615,0.04897775159099859,0.001517967689862146,1.3465497942394735,5.812021408354501e-05,-2.8992825070694925e-05,3.0322750859822393e-05,1.6908774604554873,0.04905660377358491,0.28232284025766086,0.0001423494188717588,,,,,1.7112898183349234,0.020412357879436183
shuffle_r1_BLOCK_SHUFFLED_FIXED_p-6_Nd4001_dt1,main,shuffle,1,BLOCK_SHUFFLED_FIXED,-6,4001,1.0,2.5350000000000003e-06,0.07321886766113006,27.407218353000644,349,634,linear,0.08743063072098754,0.007592083368591734,0.0017979542567095619,1.257873980433334,6.782502190199225e-05,8.798481600318733e-08,3.475946613602511e-05,1.7112898183349234,0.05660377358490566,0.2239105489162124,9.397022524209594e-05,,,,,1.7112898183349234,0.0
shuffle_r1_SHUFFLED_p-6_Nd4001_dt1,main,shuffle,1,SHUFFLED,-6,4001,1.0,2.5350000000000003e-06,0.07321886766113006,26.404726374999882,349,634,atomic,0.05272285896459741,0.016815860494057467,0.0016843611233116962,1.2514626266287276,4.739574206113883e-05,-3.4511892641388766e-05,2.1383197348719033e-05,1.9999999999999816,0.0,0.17355771938634346,2.62665200447495e-05,0.06337324194265317,0.008073322360899481,0.06845325642425826,0.007966215166163361,2.0,1.84297022087776e-14
shuffle_r1_SHUFFLED_p-6_Nd4001_dt1,main,shuffle,1,SHUFFLED,-6,4001,1.0,2.5350000000000003e-06,0.07321886766113006,26.404726374999882,349,634,static,0.003840833881498096,0.003806515442549639,0.0016191698802727479,1.2651435721196762,4.448616165660108e-05,1.003285977030676e-07,2.2976646246776997e-06,2.0,0.0,0.13249735615772454,1.3427655127007805e-05,,,,,2.0,0.0
shuffle_r1_SHUFFLED_p-6_Nd4001_dt1,main,shuffle,1,SHUFFLED,-6,4001,1.0,2.5350000000000003e-06,0.07321886766113006,26.404726374999882,349,634,static_lti,0.04178732998990922,0.008669135223606224,0.0016068006625060951,1.2819932796702136,4.4975542742274316e-05,-2.9090743499634014e-07,1.4825029030164274e-05,2.0,0.0,0.1541553039396717,2.0095259636704392e-05,,,,,2.0,0.0
shuffle_r1_SHUFFLED_p-6_Nd4001_dt1,main,shuffle,1,SHUFFLED,-6,4001,1.0,2.5350000000000003e-06,0.07321886766113006,26.404726374999882,349,634,static_mh,0.009891210133838885,0.009859058034826583,0.0016171958530079385,1.2643619680711025,4.456623636087843e-05,-2.898165561712667e-05,3.0145151405510356e-06,2.0,0.0,0.15536881098167354,1.7558151650795762e-05,,,,,2.0,0.0
shuffle_r1_SHUFFLED_p-6_Nd4001_dt1,main,shuffle,1,SHUFFLED,-6,4001,1.0,2.5350000000000003e-06,0.07321886766113006,26.404726374999882,349,634,static_lti_mh,0.04199882186461771,0.00888705050953901,0.0016067603963528913,1.282166423053504,4.4978947422056534e-05,-2.9370510104408852e-05,1.4885569898997218e-05,2.0,0.0,0.15372379705046504,2.009941811943041e-05,,,,,2.0,0.0
shuffle_r1_SHUFFLED_p-6_Nd4001_dt1,main,shuffle,1,SHUFFLED,-6,4001,1.0,2.5350000000000003e-06,0.07321886766113006,26.404726374999882,349,634,linear,0.045573868856586444,0.01079461290023845,0.0017390075410078705,1.2347706087351555,4.8765286205734254e-05,-6.298115331831565e-07,1.853704722800103e-05,2.0,0.0,0.1570970693981404,2.10522055586568e-05,,,,,2.0,0.0
shuffle_r2_ORIGINAL_p-6_Nd4001_dt1,main,shuffle,2,ORIGINAL,-6,4001,1.0,2.5350000000000003e-06,0.07321886766113006,26.792039191001095,338,634,atomic,0.34483400062644987,0.2745188277940919,0.0011952214651833853,1.3927111174620719,5.087299243380651e-05,-3.5016103428086826e-05,0.00010371090859352066,1.2402323899649648,0.045283018867924525,0.4827395498398662,0.00059528722842923,0.17048317117606226,0.14060686685789053,0.17579763112625624,0.1407830384084979,1.8292954045846865,0.5890630146197218
shuffle_r2_ORIGINAL_p-6_Nd4001_dt1,main,shuffle,2,ORIGINAL,-6,4001,1.0,2.5350000000000003e-06,0.07321886766113006,26.792039191001095,338,634,static,0.09072116300112876,0.08844376735076205,0.0013880378026126475,1.32255194493383,5.321155406349889e-05,1.2312271080419621e-08,1.0601858441117035e-06,1.560996117057507,0.022641509433962263,0.3340488417843442,0.0002283707396178747,,,,,1.8292954045846865,0.26829928752717946
shuffle_r2_ORIGINAL_p-6_Nd4001_dt1,main,shuffle,2,ORIGINAL,-6,4001,1.0,2.5350000000000003e-06,0.07321886766113006,26.792039191001095,338,634,static_lti,0.1347117698010124,0.09175614671296353,0.00137631710081458,1.341000968725537,5.381545519991163e-05,-1.7823663551907085e-07,6.298846623840974e-06,1.5155187123982528,0.04905660377358491,0.3461738423362883,0.0002473860091858954,,,,,1.8292954045846865,0.3137766921864338
shuffle_r2_ORIGINAL_p-6_Nd4001_dt1,main,shuffle,2,ORIGINAL,-6,4001,1.0,2.5350000000000003e-06,0.07321886766113006,26.792039191001095,338,634,static_mh,0.09762786121015878,0.0952889147320982,0.0013878491037426163,1.3227619286506265,5.337245583632871e-05,-2.5238825464855152e-05,4.837526397172645e-05,1.522377760085365,0.022641509433962263,0.3518336874397358,0.0002671627878812889,,,,,1.8292954045846865,0.3069176444993216
shuffle_r2_ORIGINAL_p-6_Nd4001_dt1,main,shuffle,2,ORIGINAL,-6,4001,1.0,2.5350000000000003e-06,0.07321886766113006,26.792039191001095,338,634,static_lti_mh,0.1354789519522109,0.09225899045952055,0.0013762019911141901,1.3410965180652354,5.3829105121851486e-05,-2.542984685538104e-05,2.2913932788323977e-05,1.5209662139455802,0.04905660377358491,0.3457121607690961,0.000242715227788892,,,,,1.8292954045846865,0.30832919063910635
shuffle_r2_ORIGINAL_p-6_Nd4001_dt1,main,shuffle,2,ORIGINAL,-6,4001,1.0,2.5350000000000003e-06,0.07321886766113006,26.792039191001095,338,634,linear,0.03582775893688264,7.627864927195035e-05,0.0017345376079399173,1.2369354083834296,6.480017825843372e-05,-4.864307275908046e-08,6.942319175858322e-06,1.8292954045846865,0.04150943396226415,0.12237842121434035,2.2861901519107396e-05,,,,,1.8292954045846865,0.0
shuffle_r2_BLOCK_SHUFFLED_CYCLES_p-6_Nd4001_dt1,main,shuffle,2,BLOCK_SHUFFLED_CYCLES,-6,4001,1.0,2.5350000000000003e-06,0.07321886766113006,31.68650026600153,338,634,atomic,0.3541944123753427,0.2782614574439201,0.001226057253513794,1.4012929238495393,5.226821876427895e-05,-3.706484708935897e-05,0.00011180016394973657,1.2565760712346312,0.04905660377358491,0.4688573648132896,0.00047457164257190787,0.1924057531330596,0.1597153831883019,0.1966292217856345,0.15971829680662464,1.9024418076185439,0.6458657363839126
shuffle_r2_BLOCK_SHUFFLED_CYCLES_p-6_Nd4001_dt1,main,shuffle,2,BLOCK_SHUFFLED_CYCLES,-6,4001,1.0,2.5350000000000003e-06,0.07321886766113006,31.68650026600153,338,634,static,0.0911971510840804,0.08815013968765048,0.0013870300165378646,1.3228379501231229,5.308612387137336e-05,-1.0168922892963123e-08,1.154742603534301e-06,1.3855447929202043,0.018867924528301886,0.3006282756567859,0.00040642342414613824,,,,,1.9024418076185439,0.5168970146983396
shuffle_r2_BLOCK_SHUFFLED_CYCLES_p-6_Nd4001_dt1,main,shuffle,2,BLOCK_SHUFFLED_CYCLES,-6,4001,1.0,2.5350000000000003e-06,0.07321886766113006,31.68650026600153,338,634,static_lti,0.13453173745081307,0.09417160040840913,0.0013851728139533392,1.3446453953998747,5.40567450850193e-05,5.387299067734041e-08,6.688194858132207e-06,1.3518008144494271,0.03018867924528302,0.3226485745600376,0.00043126712824327645,,,,,1.9024418076185439,0.5506409931691167
shuffle_r2_BLOCK_SHUFFLED_CYCLES_p-6_Nd4001_dt1,main,shuffle,2,BLOCK_SHUFFLED_CYCLES,-6,4001,1.0,2.5350000000000003e-06,0.07321886766113006,31.68650026600153,338,634,static_mh,0.09762961336194607,0.09432448735961767,0.0013871449707947383,1.3225351496327362,5.3246461683495076e-05,-2.510524759856163e-05,4.834855470267501e-05,1.3496058582066632,0.018867924528301886,0.28802052933702404,0.0004511394176786738,,,,,1.9024418076185439,0.5528359494118806
shuffle_r2_BLOCK_SHUFFLED_CYCLES_p-6_Nd4001_dt1,main,shuffle,2,BLOCK_SHUFFLED_CYCLES,-6,4001,1.0,2.5350000000000003e-06,0.07321886766113006,31.68650026600153,338,634,static_lti_mh,0.13530087599518406,0.09486184893178269,0.001385042193605562,1.3446314759039604,5.406991643544954e-05,-2.5019290199606382e-05,2.3719773910485373e-05,1.3466459351325786,0.033962264150943396,0.3230218602272707,0.00043716507966394183,,,,,1.9024418076185439,0.5557958724859653
shuffle_r2_BLOCK_SHUFFLED_CYCLES_p-6_Nd4001_dt1,main,shuffle,2,BLOCK_SHUFFLED_CYCLES,-6,4001,1.0,2.5350000000000003e-06,0.07321886766113006,31.68650026600153,338,634,linear,0.038481289065500475,5.0469647177722146e-05,0.0017534351653801547,1.238476188149713,6.547184456629529e-05,1.5617900650625998e-07,7.6131598425160455e-06,1.9024418076185439,0.033962264150943396,0.13120372007272904,2.0883509329269756e-05,,,,,1.9024418076185439,0.0
shuffle_r2_BLOCK_SHUFFLED_FIXED_p-6_Nd4001_dt1,main,shuffle,2,BLOCK_SHUFFLED_FIXED,-6,4001,1.0,2.5350000000000003e-06,0.07321886766113006,27.247276509002404,338,634,atomic,0.17035241391633538,0.08362171174760573,0.0014996970099965946,1.3726330991824138,5.835659259637257e-05,-4.835591328324374e-05,9.924263642896423e-05,1.4764109782090633,0.07169811320754717,0.34724867372870294,0.00012348189820784246,0.182040528458094,0.1103547129468457,0.22651799610306442,0.11220416219486463,1.7213358071028868,0.2449248288938235
shuffle_r2_BLOCK_SHUFFLED_FIXED_p-6_Nd4001_dt1,main,shuffle,2,BLOCK_SHUFFLED_FIXED,-6,4001,1.0,2.5350000000000003e-06,0.07321886766113006,27.247276509002404,338,634,static,0.09029923894903862,0.08061300239448395,0.001397547655477296,1.3218411356357975,5.2493962587124206e-05,-3.2338728435471214e-08,4.127360859779186e-06,1.894660188907812,0.018867924528301886,0.35789733509025157,4.042324451345488e-05,,,,,1.7213358071028868,-0.17332438180492526
shuffle_r2_BLOCK_SHUFFLED_FIXED_p-6_Nd4001_dt1,main,shuffle,2,BLOCK_SHUFFLED_FIXED,-6,4001,1.0,2.5350000000000003e-06,0.07321886766113006,27.247276509002404,338,634,static_lti,0.18051302109053494,0.10485904003446464,0.0014079570504771529,1.3624900434997158,5.502948205182838e-05,1.4908996881159248e-06,2.6304678649002955e-05,1.6437115135756606,0.05660377358490566,0.41445428035968435,9.246019231444694e-05,,,,,1.7213358071028868,0.07762429352722622
shuffle_r2_BLOCK_SHUFFLED_FIXED_p-6_Nd4001_dt1,main,shuffle,2,BLOCK_SHUFFLED_FIXED,-6,4001,1.0,2.5350000000000003e-06,0.07321886766113006,27.247276509002404,338,634,static_mh,0.13751381018749992,0.1242568036261798,0.0013971979266845143,1.3217665111860661,5.360459624469936e-05,-2.5211179083491908e-05,4.3785171373304845e-05,1.0630174112052326,0.018867924528301886,0.4322058689233278,8.54248059446949e-05,,,,,1.7213358071028868,0.6583183958976542
shuffle_r2_BLOCK_SHUFFLED_FIXED_p-6_Nd4001_dt1,main,shuffle,2,BLOCK_SHUFFLED_FIXED,-6,4001,1.0,2.5350000000000003e-06,0.07321886766113006,27.247276509002404,338,634,static_lti_mh,0.18150536802618927,0.10587880438494994,0.0014081462197332206,1.3630833548403627,5.506001783961329e-05,-2.3668460665917346e-05,3.329605269730044e-05,1.6780111938444768,0.05660377358490566,0.41223990291696444,9.488301413639912e-05,,,,,1.7213358071028868,0.04332461325840997
shuffle_r2_BLOCK_SHUFFLED_FIXED_p-6_Nd4001_dt1,main,shuffle,2,BLOCK_SHUFFLED_FIXED,-6,4001,1.0,2.5350000000000003e-06,0.07321886766113006,27.247276509002404,338,634,linear,0.10095016884870586,0.008277321162075602,0.0017866570749519232,1.2620324929605702,6.743441721816218e-05,2.191778203014242e-06,3.724973076781925e-05,1.7213358071028868,0.05660377358490566,0.25356368087038106,7.942608314520224e-05,,,,,1.7213358071028868,0.0
shuffle_r2_SHUFFLED_p-6_Nd4001_dt1,main,shuffle,2,SHUFFLED,-6,4001,1.0,2.5350000000000003e-06,0.07321886766113006,28.23128871499648,338,634,atomic,0.05726175878868245,0.02018348577870671,0.001688457608511404,1.2504602179736206,4.570466976507342e-05,-3.3818564463272104e-05,2.2730965938208384e-05,1.999999999829277,0.0,0.19469599893939254,2.9145525032239005e-05,0.06902599024212036,0.011092206521177128,0.07692207482722611,0.011047449126697906,1.9999999999981677,1.6889067921965761e-10
shuffle_r2_SHUFFLED_p-6_Nd4001_dt1,main,shuffle,2,SHUFFLED,-6,4001,1.0,2.5350000000000003e-06,0.07321886766113006,28.23128871499648,338,634,static,0.004652327916292525,0.004579151343161592,0.001597679242180823,1.2660011217798377,4.215785758001947e-05,-1.9140086265416248e-08,2.2556798047737014e-06,2.0,0.0,0.14200768459167798,1.3622544068500431e-05,,,,,1.9999999999981677,-1.8323120798413584e-12
shuffle_r2_SHUFFLED_p-6_Nd4001_dt1,main,shuffle,2,SHUFFLED,-6,4001,1.0,2.5350000000000003e-06,0.07321886766113006,28.23128871499648,338,634,static_lti,0.044286933017002914,0.010667984756107285,0.00158879171493194,1.2840203415245375,4.2740669243181395e-05,3.393177658935462e-07,1.4711003859382385e-05,1.9999999999999991,0.0,0.17142702060898543,2.1641428628469965e-05,,,,,1.9999999999981677,-1.8314239014216582e-12
shuffle_r2_SHUFFLED_p-6_Nd4001_dt1,main,shuffle,2,SHUFFLED,-6,4001,1.0,2.5350000000000003e-06,0.07321886766113006,28.23128871499648,338,634,static_mh,0.013505714746874878,0.013391174617357499,0.001598315926577397,1.2649913103914328,4.2359192431062416e-05,-2.509634693212145e-05,3.254703908017491e-06,1.9999999999999991,0.0,0.1710473509230091,2.072756665014023e-05,,,,,1.9999999999981677,-1.8314239014216582e-12
shuffle_r2_SHUFFLED_p-6_Nd4001_dt1,main,shuffle,2,SHUFFLED,-6,4001,1.0,2.5350000000000003e-06,0.07321886766113006,28.23128871499648,338,634,static_lti_mh,0.04461421775967829,0.010917918607333684,0.0015887358469684012,1.2841898229505815,4.274575672892295e-05,-2.4740589553896818e-05,1.475242518719245e-05,1.9999999999999996,0.0,0.17180118915101106,2.1535201839907997e-05,,,,,1.9999999999981677,-1.8318679906315083e-12
shuffle_r2_SHUFFLED_p-6_Nd4001_dt1,main,shuffle,2,SHUFFLED,-6,4001,1.0,2.5350000000000003e-06,0.07321886766113006,28.23128871499648,338,634,linear,0.04967027292018542,0.013493933081000088,0.0017425157077454395,1.2359618970191257,4.699781633676467e-05,-8.836671037991759e-08,1.9342505710205315e-05,1.9999999999981677,0.0,0.17749056062869076,2.4616309124861287e-05,,,,,1.9999999999981677,0.0
shuffle_r3_ORIGINAL_p-6_Nd4001_dt1,main,shuffle,3,ORIGINAL,-6,4001,1.0,2.5350000000000003e-06,0.07321886766113006,27.288797072000307,322,634,atomic,0.2073123533764236,0.1501082580552756,0.0013641521085682735,1.3588193616748534,5.482347603874106e-05,-3.5611554015674545e-05,8.185709030617068e-05,1.515175613750084,0.06415094339622641,0.4559346115594204,0.0003166839054338967,0.12846267206675183,0.09273880884452881,0.13283787012350506,0.09282995197046079,1.8666612521268364,0.3514856383767524
shuffle_r3_ORIGINAL_p-6_Nd4001_dt1,main,shuffle,3,ORIGINAL,-6,4001,1.0,2.5350000000000003e-06,0.07321886766113006,27.288797072000307,322,634,static,0.045090573638187394,0.04404730823185473,0.0014923562269339968,1.3021002732765872,5.580079055139652e-05,9.528822789190341e-10,1.2010328169650077e-06,1.7989485534560963,0.026415094339622643,0.2670147289324849,0.00010291077380036165,,,,,1.8666612521268364,0.06771269867074015
shuffle_r3_ORIGINAL_p-6_Nd4001_dt1,main,shuffle,3,ORIGINAL,-6,4001,1.0,2.5350000000000003e-06,0.07321886766113006,27.288797072000307,322,634,static_lti,0.08907815329439042,0.04652090114423282,0.001485296670645858,1.3253007719808163,5.66921152331642e-05,-4.044089767308615e-07,7.467209490590706e-06,1.7351021077187594,0.033962264150943396,0.2884488095800939,0.00012922597063903113,,,,,1.8666612521268364,0.13155914440807703
shuffle_r3_ORIGINAL_p-6_Nd4001_dt1,main,shuffle,3,ORIGINAL,-6,4001,1.0,2.5350000000000003e-06,0.07321886766113006,27.288797072000307,322,634,static_mh,0.049540321650760354,0.0482860250594432,0.001492742842683669,1.3019607025832158,5.593389168093165e-05,-3.145018998619694e-05,4.5682075332185443e-05,1.7733314505812845,0.03018867924528302,0.2838044824320813,0.00011994436716648256,,,,,1.8666612521268364,0.09332980154555193
shuffle_r3_ORIGINAL_p-6_Nd4001_dt1,main,shuffle,3,ORIGINAL,-6,4001,1.0,2.5350000000000003e-06,0.07321886766113006,27.288797072000307,322,634,static_lti_mh,0.08922223662018815,0.046643279656858966,0.0014854860763378807,1.3251376668585282,5.6703123094129706e-05,-3.188008607443299e-05,2.5081632166383002e-05,1.7299993439175938,0.033962264150943396,0.2917062186915991,0.0001327746864228851,,,,,1.8666612521268364,0.13666190820924262
shuffle_r3_ORIGINAL_p-6_Nd4001_dt1,main,shuffle,3,ORIGINAL,-6,4001,1.0,2.5350000000000003e-06,0.07321886766113006,27.288797072000307,322,634,linear,0.04232532844226766,6.623801512224448e-05,0.0017451394219916683,1.2405455766996276,6.515137480985239e-05,-4.0435735504429404e-07,8.316816676645628e-06,1.8666612521268364,0.03773584905660377,0.12659175490287894,2.3936146383021653e-05,,,,,1.8666612521268364,0.0
shuffle_r3_BLOCK_SHUFFLED_CYCLES_p-6_Nd4001_dt1,main,shuffle,3,BLOCK_SHUFFLED_CYCLES,-6,4001,1.0,2.5350000000000003e-06,0.07321886766113006,31.333861131999583,322,634,atomic,0.15064931925828448,0.10391981347788279,0.001412083539153393,1.3562661841084296,5.549364374417435e-05,-5.7283578322790976e-05,7.766037052038972e-05,1.5033362188540598,0.04905660377358491,0.3450960910956983,0.00018100864164277597,0.11441533765408157,0.07704869929303793,0.11818313609642891,0.07712337524556323,1.902342555614095,0.39900633676003516
shuffle_r3_BLOCK_SHUFFLED_CYCLES_p-6_Nd4001_dt1,main,shuffle,3,BLOCK_SHUFFLED_CYCLES,-6,4001,1.0,2.5350000000000003e-06,0.07321886766113006,31.333861131999583,322,634,static,0.04488106003255518,0.04311343112037545,0.001493240594082441,1.3016494903181328,5.5940973276469004e-05,8.29567524350979e-09,1.2159583119036793e-06,1.7844202913574696,0.01509433962264151,0.16065098975509384,8.840297015765275e-05,,,,,1.902342555614095,0.11792226425662533
shuffle_r3_BLOCK_SHUFFLED_CYCLES_p-6_Nd4001_dt1,main,shuffle,3,BLOCK_SHUFFLED_CYCLES,-6,4001,1.0,2.5350000000000003e-06,0.07321886766113006,31.333861131999583,322,634,static_lti,0.08631610619495993,0.052548765871576725,0.0014825286404991402,1.325932955417251,5.662851831618928e-05,-8.055149386493108e-07,7.032548913757739e-06,1.7357935320101412,0.022641509433962263,0.18067491769399122,0.00010234501776424718,,,,,1.902342555614095,0.16654902360395374
shuffle_r3_BLOCK_SHUFFLED_CYCLES_p-6_Nd4001_dt1,main,shuffle,3,BLOCK_SHUFFLED_CYCLES,-6,4001,1.0,2.5350000000000003e-06,0.07321886766113006,31.333861131999583,322,634,static_mh,0.049625220155337116,0.04753543397944488,0.0014929289805060931,1.302290981021425,5.605500844021732e-05,-3.1664289985505986e-05,4.569860870566272e-05,1.7439469163477666,0.011320754716981131,0.19229986698917317,0.00010925499310930198,,,,,1.902342555614095,0.15839563926632838
shuffle_r3_BLOCK_SHUFFLED_CYCLES_p-6_Nd4001_dt1,main,shuffle,3,BLOCK_SHUFFLED_CYCLES,-6,4001,1.0,2.5350000000000003e-06,0.07321886766113006,31.333861131999583,322,634,static_lti_mh,0.08678537080398974,0.05314187760359811,0.0014825627358306642,1.3260490043654123,5.6641853742976e-05,-3.2405739355265995e-05,2.4424366852709267e-05,1.7353133542682122,0.022641509433962263,0.18483035780041393,0.0001024946211258819,,,,,1.902342555614095,0.16702920134588273
shuffle_r3_BLOCK_SHUFFLED_CYCLES_p-6_Nd4001_dt1,main,shuffle,3,BLOCK_SHUFFLED_CYCLES,-6,4001,1.0,2.5350000000000003e-06,0.07321886766113006,31.333861131999583,322,634,linear,0.04559641730677312,8.453420291388846e-05,0.0017484120779989619,1.2422351672470766,6.550741553074997e-05,-1.046796838380984e-06,8.840641138503502e-06,1.902342555614095,0.018867924528301886,0.1261745390389149,2.6429315375601597e-05,,,,,1.902342555614095,0.0
shuffle_r3_BLOCK_SHUFFLED_FIXED_p-6_Nd4001_dt1,main,shuffle,3,BLOCK_SHUFFLED_FIXED,-6,4001,1.0,2.5350000000000003e-06,0.07321886766113006,27.49655225099923,322,634,atomic,0.1619012509441396,0.08020174871338853,0.0015189610315515156,1.3583926207681583,5.918382261043021e-05,-5.549039748395894e-05,8.760568641477986e-05,1.5790616586734634,0.10566037735849057,0.2984415539523252,0.00012484194991887166,0.15133781944989555,0.07684462135701546,0.186832997241525,0.07842958090682743,1.686369692011435,0.10730803333797168
shuffle_r3_BLOCK_SHUFFLED_FIXED_p-6_Nd4001_dt1,main,shuffle,3,BLOCK_SHUFFLED_FIXED,-6,4001,1.0,2.5350000000000003e-06,0.07321886766113006,27.49655225099923,322,634,static,0.04537242289819485,0.04243892595038559,0.0014984566214937428,1.300315865040003,5.5418238980289066e-05,-1.782310288838874e-08,4.253354323428581e-06,1.8920434376097723,0.026415094339622643,0.19876167748516627,4.7571299212197264e-05,,,,,1.686369692011435,-0.2056737455983373
shuffle_r3_BLOCK_SHUFFLED_FIXED_p-6_Nd4001_dt1,main,shuffle,3,BLOCK_SHUFFLED_FIXED,-6,4001,1.0,2.5350000000000003e-06,0.07321886766113006,27.49655225099923,322,634,static_lti,0.12363902356969608,0.05171187813728647,0.0015149036370630637,1.3394832594334494,5.807451271524148e-05,-1.803980092807688e-06,2.6312975415809313e-05,1.6775656052017294,0.07547169811320754,0.30559907327543495,0.00011723103669009878,,,,,1.686369692011435,0.00880408680970568
shuffle_r3_BLOCK_SHUFFLED_FIXED_p-6_Nd4001_dt1,main,shuffle,3,BLOCK_SHUFFLED_FIXED,-6,4001,1.0,2.5350000000000003e-06,0.07321886766113006,27.49655225099923,322,634,static_mh,0.07971487176970857,0.07587964546516664,0.0015018185347259456,1.301241231341058,5.644531556341664e-05,-3.1574752423932784e-05,4.1600770960498934e-05,1.742452547914922,0.052830188679245285,0.249509383888204,5.654514332387898e-05,,,,,1.686369692011435,-0.05608285590348694
shuffle_r3_BLOCK_SHUFFLED_FIXED_p-6_Nd4001_dt1,main,shuffle,3,BLOCK_SHUFFLED_FIXED,-6,4001,1.0,2.5350000000000003e-06,0.07321886766113006,27.49655225099923,322,634,static_lti_mh,0.12523575850091323,0.05305543562400602,0.001514771703006401,1.33915151723366,5.8110990578559e-05,-3.3281619197921576e-05,3.209401678686114e-05,1.6781744878360292,0.06792452830188679,0.3048458429290162,0.00011873751575130798,,,,,1.686369692011435,0.008195204175405868
shuffle_r3_BLOCK_SHUFFLED_FIXED_p-6_Nd4001_dt1,main,shuffle,3,BLOCK_SHUFFLED_FIXED,-6,4001,1.0,2.5350000000000003e-06,0.07321886766113006,27.49655225099923,322,634,linear,0.08999419825553336,0.007430726210410384,0.0017785179249055153,1.259001075624578,6.712716604086482e-05,-1.8970612187468422e-06,3.423967744947946e-05,1.686369692011435,0.07924528301886792,0.2323760674736978,7.06490339221598e-05,,,,,1.686369692011435,0.0
shuffle_r3_SHUFFLED_p-6_Nd4001_dt1,main,shuffle,3,SHUFFLED,-6,4001,1.0,2.5350000000000003e-06,0.07321886766113006,27.404126055000233,322,634,atomic,0.055130841581101264,0.017705322597980543,0.0016791152426155855,1.2549814546242242,4.755357649155028e-05,-3.789911955082067e-05,2.3784809833351764e-05,1.9999999999998896,0.0,0.17776364025109803,2.464041257560226e-05,0.06530680636824104,0.008630518194387777,0.0711444473253639,0.008459873522280337,2.0,1.1035616864774056e-13
shuffle_r3_SHUFFLED_p-6_Nd4001_dt1,main,shuffle,3,SHUFFLED,-6,4001,1.0,2.5350000000000003e-06,0.07321886766113006,27.404126055000233,322,634,static,0.00398052983607699,0.003958974566336511,0.0016228154426077104,1.262309967080589,4.48363203711514e-05,-1.2784884898735693e-07,2.3051347344919273e-06,2.0,0.0,0.13431941202816117,1.197083460989716e-05,,,,,2.0,0.0
shuffle_r3_SHUFFLED_p-6_Nd4001_dt1,main,shuffle,3,SHUFFLED,-6,4001,1.0,2.5350000000000003e-06,0.07321886766113006,27.404126055000233,322,634,static_lti,0.044045961584923084,0.009006341208830513,0.0016134818763945556,1.2830596177693432,4.545480014331338e-05,9.122034074158716e-07,1.5385481529280922e-05,2.0,0.0,0.15611831865056228,1.8944038805642117e-05,,,,,2.0,0.0
shuffle_r3_SHUFFLED_p-6_Nd4001_dt1,main,shuffle,3,SHUFFLED,-6,4001,1.0,2.5350000000000003e-06,0.07321886766113006,27.404126055000233,322,634,static_mh,0.010762174874103974,0.010715723745020663,0.0016251142025521241,1.2604099064711578,4.504712695478452e-05,-3.168407131070063e-05,3.1718331518573705e-06,2.0,0.0,0.1557116053780679,1.452503333612235e-05,,,,,2.0,0.0
shuffle_r3_SHUFFLED_p-6_Nd4001_dt1,main,shuffle,3,SHUFFLED,-6,4001,1.0,2.5350000000000003e-06,0.07321886766113006,27.404126055000233,322,634,static_lti_mh,0.04432801447014508,0.009294089109642285,0.0016131819439696978,1.2830900849294442,4.545234311962625e-05,-3.064302964837879e-05,1.5473353671841205e-05,2.0,0.0,0.15617320755182248,1.919780461977588e-05,,,,,2.0,0.0
shuffle_r3_SHUFFLED_p-6_Nd4001_dt1,main,shuffle,3,SHUFFLED,-6,4001,1.0,2.5350000000000003e-06,0.07321886766113006,27.404126055000233,322,634,linear,0.04736406832436266,0.010840941656272071,0.001740166873560896,1.237384589840108,4.91008685568732e-05,2.0692687280692146e-07,1.9030685361085025e-05,2.0,0.0,0.15870748328998893,1.955243392219808e-05,,,,,2.0,0.0
shuffle_r4_ORIGINAL_p-6_Nd4001_dt1,main,shuffle,4,ORIGINAL,-6,4001,1.0,2.5350000000000003e-06,0.07321886766113006,25.617730725,328,634,atomic,0.3227803377116024,0.21425213677266133,0.0012041089432138746,1.4098509214826045,5.0755345751747685e-05,-3.369082884992188e-05,8.296697308796099e-05,1.3265896088019438,0.03773584905660377,0.521638719813375,0.00043991022374840143,0.13963994733132643,0.11144241302431836,0.1462723078092202,0.11088268266817891,1.8801673976032052,0.5535777888012614
shuffle_r4_ORIGINAL_p-6_Nd4001_dt1,main,shuffle,4,ORIGINAL,-6,4001,1.0,2.5350000000000003e-06,0.07321886766113006,25.617730725,328,634,static,0.17800957842135084,0.1533903156934157,0.0013107653519772874,1.342225302121243,5.212233455506345e-05,-8.637799295640937e-09,1.1070712857643103e-06,1.456658418163831,0.018867924528301886,0.32234603660513667,0.00035108047629073784,,,,,1.8801673976032052,0.42350897943937427
shuffle_r4_ORIGINAL_p-6_Nd4001_dt1,main,shuffle,4,ORIGINAL,-6,4001,1.0,2.5350000000000003e-06,0.07321886766113006,25.617730725,328,634,static_lti,0.23600182288140445,0.14748097939629282,0.001297268045366597,1.359185684255688,5.283843786982025e-05,1.1277646821585936e-06,6.7619152086367576e-06,1.4265412742986017,0.026415094339622643,0.350734324941619,0.0003795392968557994,,,,,1.8801673976032052,0.4536261233046035
shuffle_r4_ORIGINAL_p-6_Nd4001_dt1,main,shuffle,4,ORIGINAL,-6,4001,1.0,2.5350000000000003e-06,0.07321886766113006,25.617730725,328,634,static_mh,0.19061835374755856,0.16517946514027013,0.0013106113833864998,1.3423124456771736,5.239366108815275e-05,-2.6411998054849447e-05,4.652226347900527e-05,1.4773246755605933,0.022641509433962263,0.3855327206107676,0.00032982861349113344,,,,,1.8801673976032052,0.40284272204261184
shuffle_r4_ORIGINAL_p-6_Nd4001_dt1,main,shuffle,4,ORIGINAL,-6,4001,1.0,2.5350000000000003e-06,0.07321886766113006,25.617730725,328,634,static_lti_mh,0.2353090881087194,0.1472100669112285,0.001297898198783578,1.3592359907938638,5.284930545398073e-05,-2.514508726475532e-05,2.2985854840490574e-05,1.4263246037944162,0.026415094339622643,0.34630263852608945,0.00037526827543510913,,,,,1.8801673976032052,0.453842793808789
shuffle_r4_ORIGINAL_p-6_Nd4001_dt1,main,shuffle,4,ORIGINAL,-6,4001,1.0,2.5350000000000003e-06,0.07321886766113006,25.617730725,328,634,linear,0.042489290370452126,5.925292740719856e-05,0.0017168007247459665,1.2408586729274589,6.421199175875026e-05,1.3399994240621573e-06,8.076040454294769e-06,1.8801673976032052,0.022641509433962263,0.13551259011528932,1.956328827334408e-05,,,,,1.8801673976032052,0.0
shuffle_r4_BLOCK_SHUFFLED_CYCLES_p-6_Nd4001_dt1,main,shuffle,4,BLOCK_SHUFFLED_CYCLES,-6,4001,1.0,2.5350000000000003e-06,0.07321886766113006,29.373406562001037,328,634,atomic,0.24816547167455905,0.17102534965135993,0.0013229940275698239,1.4017096233450177,5.404828222840834e-05,-2.972300756617098e-05,0.00010050786929740142,1.4381919938258254,0.04905660377358491,0.42968923314999485,0.00035288948754247,0.11117340093921155,0.08790021233095002,0.11785825771023899,0.08866057194962808,1.8672590570851697,0.4290670632593443
shuffle_r4_BLOCK_SHUFFLED_CYCLES_p-6_Nd4001_dt1,main,shuffle,4,BLOCK_SHUFFLED_CYCLES,-6,4001,1.0,2.5350000000000003e-06,0.07321886766113006,29.373406562001037,328,634,static,0.17810772898730218,0.15466201353765022,0.0013105067993636576,1.3423979672396824,5.201576308279445e-05,1.773647545215349e-08,1.1382507219604086e-06,1.4479614765012063,0.04150943396226415,0.45825357178905446,0.0002355097345429096,,,,,1.8672590570851697,0.4192975805839634
shuffle_r4_BLOCK_SHUFFLED_CYCLES_p-6_Nd4001_dt1,main,shuffle,4,BLOCK_SHUFFLED_CYCLES,-6,4001,1.0,2.5350000000000003e-06,0.07321886766113006,29.373406562001037,328,634,static_lti,0.23263383232460488,0.14563029749431677,0.0013070534729153528,1.36027963214618,5.3065221170552665e-05,4.259760645610061e-07,7.43041342441721e-06,1.580684300469701,0.045283018867924525,0.47914316663972406,0.00024680454715608275,,,,,1.8672590570851697,0.2865747566154686
shuffle_r4_BLOCK_SHUFFLED_CYCLES_p-6_Nd4001_dt1,main,shuffle,4,BLOCK_SHUFFLED_CYCLES,-6,4001,1.0,2.5350000000000003e-06,0.07321886766113006,29.373406562001037,328,634,static_mh,0.18920564337065612,0.16531102517641041,0.001311770120863393,1.3434743750480693,5.23106859939924e-05,-2.6241725197202536e-05,4.6464307292408534e-05,1.6016143670555063,0.03773584905660377,0.37779448149733447,0.00021253251772317518,,,,,1.8672590570851697,0.2656446900296634
shuffle_r4_BLOCK_SHUFFLED_CYCLES_p-6_Nd4001_dt1,main,shuffle,4,BLOCK_SHUFFLED_CYCLES,-6,4001,1.0,2.5350000000000003e-06,0.07321886766113006,29.373406562001037,328,634,static_lti_mh,0.23228905745004655,0.14590673148842268,0.0013079810686475208,1.3609091217418468,5.309549723356911e-05,-2.587584366706968e-05,2.2413366577729303e-05,1.5877595992578748,0.045283018867924525,0.47173409098672575,0.0002424500644262524,,,,,1.8672590570851697,0.2794994578272949
shuffle_r4_BLOCK_SHUFFLED_CYCLES_p-6_Nd4001_dt1,main,shuffle,4,BLOCK_SHUFFLED_CYCLES,-6,4001,1.0,2.5350000000000003e-06,0.07321886766113006,29.373406562001037,328,634,linear,0.0439757761105026,7.388019302339493e-05,0.0017290678984611136,1.2418861091478959,6.461726154417707e-05,3.918478501144547e-07,9.116786382144664e-06,1.8672590570851697,0.045283018867924525,0.13171378848105172,2.0660217799611305e-05,,,,,1.8672590570851697,0.0
shuffle_r4_BLOCK_SHUFFLED_FIXED_p-6_Nd4001_dt1,main,shuffle,4,BLOCK_SHUFFLED_FIXED,-6,4001,1.0,2.5350000000000003e-06,0.07321886766113006,26.93554979500186,328,634,atomic,0.30030812715266336,0.20707643206010903,0.001348338955717972,1.4041119024543445,5.5586685835454346e-05,-5.04761221368443e-05,0.00012717623535704684,-2.239690735742867,0.1018867924528302,0.7789548646541832,0.0002322582227854667,0.19817424999926764,0.1423838480043624,0.22720177172517994,0.14174400504803766,1.6803724020071007,3.9200631377499677
shuffle_r4_BLOCK_SHUFFLED_FIXED_p-6_Nd4001_dt1,main,shuffle,4,BLOCK_SHUFFLED_FIXED,-6,4001,1.0,2.5350000000000003e-06,0.07321886766113006,26.93554979500186,328,634,static,0.17772353056886678,0.16794867895453058,0.0013158308358913226,1.3403010912710314,5.164348046898889e-05,3.7565863359477864e-08,3.8947760867032206e-06,-0.08453151716433074,0.026415094339622643,0.6654228227912167,0.00032504652685426996,,,,,1.6803724020071007,1.7649039191714315
shuffle_r4_BLOCK_SHUFFLED_FIXED_p-6_Nd4001_dt1,main,shuffle,4,BLOCK_SHUFFLED_FIXED,-6,4001,1.0,2.5350000000000003e-06,0.07321886766113006,26.93554979500186,328,634,static_lti,0.2724006353734817,0.19415146229750857,0.0013281627058663492,1.37814734280273,5.4169521718788494e-05,-7.703346487822636e-07,2.5107707631864335e-05,0.14669664445205974,0.06415094339622641,0.6983348768011917,0.00039511081119237554,,,,,1.6803724020071007,1.533675757555041
shuffle_r4_BLOCK_SHUFFLED_FIXED_p-6_Nd4001_dt1,main,shuffle,4,BLOCK_SHUFFLED_FIXED,-6,4001,1.0,2.5350000000000003e-06,0.07321886766113006,26.93554979500186,328,634,static_mh,0.22082470867134843,0.2093783460343419,0.0013437018165612766,1.3422605470038733,5.369830011686057e-05,-2.63158834695853e-05,4.072368097272802e-05,-0.6814672080499402,0.03018867924528302,0.722947666613383,0.000423811150624621,,,,,1.6803724020071007,2.361839610057041
shuffle_r4_BLOCK_SHUFFLED_FIXED_p-6_Nd4001_dt1,main,shuffle,4,BLOCK_SHUFFLED_FIXED,-6,4001,1.0,2.5350000000000003e-06,0.07321886766113006,26.93554979500186,328,634,static_lti_mh,0.2732172768070296,0.19479541250726345,0.0013275946423308331,1.3751506816162828,5.416303188336134e-05,-2.708832577387584e-05,2.8696176476122907e-05,0.09215692391967305,0.06415094339622641,0.6864688978253529,0.00038395599614247824,,,,,1.6803724020071007,1.5882154780874276
shuffle_r4_BLOCK_SHUFFLED_FIXED_p-6_Nd4001_dt1,main,shuffle,4,BLOCK_SHUFFLED_FIXED,-6,4001,1.0,2.5350000000000003e-06,0.07321886766113006,26.93554979500186,328,634,linear,0.08735287353657208,0.008477398484701125,0.0017876374196756457,1.256267901744133,6.738580125641775e-05,-3.223446927039319e-07,3.619327002225005e-05,1.6803724020071007,0.06792452830188679,0.24412716573735455,8.26880128392479e-05,,,,,1.6803724020071007,0.0
shuffle_r4_SHUFFLED_p-6_Nd4001_dt1,main,shuffle,4,SHUFFLED,-6,4001,1.0,2.5350000000000003e-06,0.07321886766113006,27.92535060999944,328,634,atomic,0.060208721884686685,0.021575149659331674,0.0016818077168175205,1.24953139776652,4.462895520899924e-05,-3.490036015311182e-05,2.4476212257569354e-05,1.9997706337349423,0.0,0.20335770955998203,2.595643137018388e-05,0.07278272533477811,0.01598863845464616,0.08138942275829578,0.016071853497693103,1.9999999996449969,0.00022936591005451312
shuffle_r4_SHUFFLED_p-6_Nd4001_dt1,main,shuffle,4,SHUFFLED,-6,4001,1.0,2.5350000000000003e-06,0.07321886766113006,27.92535060999944,328,634,static,0.0056485752575158865,0.005541329933268646,0.0015941462311089645,1.2672912784478096,4.1195927771058466e-05,9.300497512259012e-08,2.2221846380322784e-06,2.0,0.0,0.148174685324854,1.6052963916201464e-05,,,,,1.9999999996449969,-3.5500313799730066e-10
shuffle_r4_SHUFFLED_p-6_Nd4001_dt1,main,shuffle,4,SHUFFLED,-6,4001,1.0,2.5350000000000003e-06,0.07321886766113006,27.92535060999944,328,634,static_lti,0.04530675031430373,0.012370820634641547,0.0015838496804541518,1.283948165213707,4.17328028708342e-05,-4.1006605028849354e-09,1.36370044110853e-05,1.9999999999999876,0.0,0.1773224757054222,2.101880394081567e-05,,,,,1.9999999996449969,-3.5499070349942485e-10
shuffle_r4_SHUFFLED_p-6_Nd4001_dt1,main,shuffle,4,SHUFFLED,-6,4001,1.0,2.5350000000000003e-06,0.07321886766113006,27.92535060999944,328,634,static_mh,0.015680194748609363,0.01551293670268524,0.0015932454630957847,1.2664754338852595,4.1376775470423266e-05,-2.61711578595816e-05,3.2810993542602282e-06,1.999999999999982,0.0,0.17074200591965147,2.199677601567016e-05,,,,,1.9999999996449969,-3.5498515238430173e-10
shuffle_r4_SHUFFLED_p-6_Nd4001_dt1,main,shuffle,4,SHUFFLED,-6,4001,1.0,2.5350000000000003e-06,0.07321886766113006,27.92535060999944,328,634,static_lti_mh,0.045684980408802756,0.012842967116938376,0.0015838146033547635,1.2838381079652494,4.173932832852238e-05,-2.6264230164427212e-05,1.3655657315546083e-05,1.999999999999988,0.0,0.17829368433057602,2.1162419756858007e-05,,,,,1.9999999996449969,-3.549911475886347e-10
shuffle_r4_SHUFFLED_p-6_Nd4001_dt1,main,shuffle,4,SHUFFLED,-6,4001,1.0,2.5350000000000003e-06,0.07321886766113006,27.92535060999944,328,634,linear,0.05164239783858414,0.014137397748910051,0.0017429481820311567,1.2348986219859046,4.6066331828811915e-05,4.076559610996499e-07,1.884515333740333e-05,1.9999999996449969,0.0,0.18412780273400778,2.1767981148650664e-05,,,,,1.9999999996449969,0.0
shuffle_r5_ORIGINAL_p-6_Nd4001_dt1,main,shuffle,5,ORIGINAL,-6,4001,1.0,2.5350000000000003e-06,0.07321886766113006,27.933490078998148,327,634,atomic,0.18618297981859405,0.12845057542120197,0.0013598756452405558,1.361029077591757,5.411448620101e-05,-3.9545700166699055e-05,7.409177962460408e-05,1.5969161588788685,0.045283018867924525,0.34344436813707363,0.0002152287588317377,0.12353207754894932,0.08913729109212756,0.12664671937420693,0.0890839310155148,1.8821764796823088,0.2852603208034403
shuffle_r5_ORIGINAL_p-6_Nd4001_dt1,main,shuffle,5,ORIGINAL,-6,4001,1.0,2.5350000000000003e-06,0.07321886766113006,27.933490078998148,327,634,static,0.06178295683412759,0.058630500050013974,0.0014542317809481582,1.3103187286588394,5.4752978799706434e-05,-3.4496338952069495e-08,1.125937772930607e-06,1.7901008546107753,0.022641509433962263,0.3290676417439355,9.542706830502141e-05,,,,,1.8821764796823088,0.09207562507153355
shuffle_r5_ORIGINAL_p-6_Nd4001_dt1,main,shuffle,5,ORIGINAL,-6,4001,1.0,2.5350000000000003e-06,0.07321886766113006,27.933490078998148,327,634,static_lti,0.10343793662420087,0.0594059885385733,0.0014480600401293657,1.3321468515677528,5.557829564447666e-05,3.499476597160024e-07,7.113137512516848e-06,1.749823427266411,0.04150943396226415,0.3540490894035056,0.00011475750722145794,,,,,1.8821764796823088,0.1323530524158978
shuffle_r5_ORIGINAL_p-6_Nd4001_dt1,main,shuffle,5,ORIGINAL,-6,4001,1.0,2.5350000000000003e-06,0.07321886766113006,27.933490078998148,327,634,static_mh,0.0664289558434871,0.06319374576376864,0.0014537865213232223,1.3109520630033444,5.485552822102462e-05,-2.899745636437022e-05,4.580880014144719e-05,1.8014873401685532,0.022641509433962263,0.3138567979856459,8.697337079731182e-05,,,,,1.8821764796823088,0.08068913951375567
shuffle_r5_ORIGINAL_p-6_Nd4001_dt1,main,shuffle,5,ORIGINAL,-6,4001,1.0,2.5350000000000003e-06,0.07321886766113006,27.933490078998148,327,634,static_lti_mh,0.10435748706408665,0.06010007687734272,0.001447769195091008,1.3322798510801321,5.55902376506012e-05,-2.864073567567565e-05,2.7576269761413523e-05,1.743794760433322,0.033962264150943396,0.3571161398690756,0.00011795556137629036,,,,,1.8821764796823088,0.1383817192489869
shuffle_r5_ORIGINAL_p-6_Nd4001_dt1,main,shuffle,5,ORIGINAL,-6,4001,1.0,2.5350000000000003e-06,0.07321886766113006,27.933490078998148,327,634,linear,0.04149109236229727,6.360047134574165e-05,0.001743799789271031,1.2401130483101581,6.502308515927274e-05,3.7872060990520815e-07,8.245299878549252e-06,1.8821764796823088,0.03773584905660377,0.1290966919925115,1.9558562734689777e-05,,,,,1.8821764796823088,0.0
shuffle_r5_BLOCK_SHUFFLED_CYCLES_p-6_Nd4001_dt1,main,shuffle,5,BLOCK_SHUFFLED_CYCLES,-6,4001,1.0,2.5350000000000003e-06,0.07321886766113006,27.258163312999386,327,634,atomic,0.19648993157266795,0.14947683545258286,0.0013445519917689222,1.3717905875904775,5.384933431221013e-05,-4.0623065778246925e-05,0.0001055503615384321,1.3711292770287757,0.07169811320754717,0.4321524545379853,0.0001977585004434017,0.10984099665761692,0.08045573024660768,0.11496350423286668,0.08030682208708455,1.8769038449392834,0.5057745679105077
shuffle_r5_BLOCK_SHUFFLED_CYCLES_p-6_Nd4001_dt1,main,shuffle,5,BLOCK_SHUFFLED_CYCLES,-6,4001,1.0,2.5350000000000003e-06,0.07321886766113006,27.258163312999386,327,634,static,0.06208244562865991,0.061493908317049116,0.001453962565576956,1.3099721638442183,5.485924096594491e-05,-9.362661197296035e-09,1.112764894805906e-06,1.8167135548451894,0.026415094339622643,0.3038220253278865,8.060720671450968e-05,,,,,1.8769038449392834,0.060190290094094046
shuffle_r5_BLOCK_SHUFFLED_CYCLES_p-6_Nd4001_dt1,main,shuffle,5,BLOCK_SHUFFLED_CYCLES,-6,4001,1.0,2.5350000000000003e-06,0.07321886766113006,27.258163312999386,327,634,static_lti,0.10556869017203127,0.0637265554719579,0.0014492116326426498,1.3316918137482823,5.578802282080451e-05,-1.3591680275053113e-07,7.428968905052737e-06,1.7612005239287993,0.033962264150943396,0.33457049765436125,0.00010111781459786879,,,,,1.8769038449392834,0.11570332101048408
shuffle_r5_BLOCK_SHUFFLED_CYCLES_p-6_Nd4001_dt1,main,shuffle,5,BLOCK_SHUFFLED_CYCLES,-6,4001,1.0,2.5350000000000003e-06,0.07321886766113006,27.258163312999386,327,634,static_mh,0.06747428279399802,0.06685459685851514,0.0014535553477240703,1.3095121597512396,5.498294923477841e-05,-2.913933553732145e-05,4.601302938738716e-05,1.811215208508689,0.03018867924528302,0.3104054955231059,7.983935358125631e-05,,,,,1.8769038449392834,0.06568863643059442
shuffle_r5_BLOCK_SHUFFLED_CYCLES_p-6_Nd4001_dt1,main,shuffle,5,BLOCK_SHUFFLED_CYCLES,-6,4001,1.0,2.5350000000000003e-06,0.07321886766113006,27.258163312999386,327,634,static_lti_mh,0.10572191405025076,0.06402768896188765,0.001449294487364039,1.3317122837838875,5.579505445672881e-05,-2.9206766958245202e-05,2.5860716892247717e-05,1.7640195402485854,0.03773584905660377,0.33171772192324006,9.848334273229075e-05,,,,,1.8769038449392834,0.11288430469069799
shuffle_r5_BLOCK_SHUFFLED_CYCLES_p-6_Nd4001_dt1,main,shuffle,5,BLOCK_SHUFFLED_CYCLES,-6,4001,1.0,2.5350000000000003e-06,0.07321886766113006,27.258163312999386,327,634,linear,0.03844664706419688,0.0001760479486362798,0.0017460967894646034,1.2382432360944378,6.514737205938968e-05,-1.6231144766152229e-07,8.2631160947983e-06,1.8769038449392834,0.033962264150943396,0.14106268516414558,2.1928750126934595e-05,,,,,1.8769038449392834,0.0
shuffle_r5_BLOCK_SHUFFLED_FIXED_p-6_Nd4001_dt1,main,shuffle,5,BLOCK_SHUFFLED_FIXED,-6,4001,1.0,2.5350000000000003e-06,0.07321886766113006,31.60663146799925,327,634,atomic,0.17927391211288254,0.08954324885419931,0.0015049909699322973,1.3714706044142564,5.8802296162083915e-05,-5.131806018524447e-05,8.346232010862415e-05,1.0027297287540786,0.07924528301886792,0.38139225253395037,0.0001689437704088238,0.14765381251719112,0.07636463114783618,0.1719599507272706,0.07795147854655099,1.5691959156911461,0.5664661869370675
shuffle_r5_BLOCK_SHUFFLED_FIXED_p-6_Nd4001_dt1,main,shuffle,5,BLOCK_SHUFFLED_FIXED,-6,4001,1.0,2.5350000000000003e-06,0.07321886766113006,31.60663146799925,327,634,static,0.06126814114886882,0.0573027646255496,0.001461739373727996,1.3085084566262473,5.419040566122026e-05,4.00785067627778e-08,4.430129438708031e-06,1.8974452133177286,0.007547169811320755,0.27296352776140537,4.566554539004751e-05,,,,,1.5691959156911461,-0.3282492976265825
shuffle_r5_BLOCK_SHUFFLED_FIXED_p-6_Nd4001_dt1,main,shuffle,5,BLOCK_SHUFFLED_FIXED,-6,4001,1.0,2.5350000000000003e-06,0.07321886766113006,31.60663146799925,327,634,static_lti,0.14388366677153838,0.06434887616825234,0.0014810459803155159,1.345288040437422,5.70026700386112e-05,-1.1531566581710409e-06,2.6932123132712525e-05,1.6126860818847568,0.06037735849056604,0.3256695944628921,0.00013394831498295316,,,,,1.5691959156911461,-0.04349016619361068
shuffle_r5_BLOCK_SHUFFLED_FIXED_p-6_Nd4001_dt1,main,shuffle,5,BLOCK_SHUFFLED_FIXED,-6,4001,1.0,2.5350000000000003e-06,0.07321886766113006,31.60663146799925,327,634,static_mh,0.09175664780276806,0.08734415499473497,0.0014689492147571162,1.3050152240373447,5.52298112576508e-05,-2.9071973066118733e-05,4.15760928287436e-05,1.8390454619209193,0.018867924528301886,0.2914438787117443,6.244206007722361e-05,,,,,1.5691959156911461,-0.2698495462297732
shuffle_r5_BLOCK_SHUFFLED_FIXED_p-6_Nd4001_dt1,main,shuffle,5,BLOCK_SHUFFLED_FIXED,-6,4001,1.0,2.5350000000000003e-06,0.07321886766113006,31.60663146799925,327,634,static_lti_mh,0.1453591420983778,0.06616174553755046,0.0014807250315556437,1.344803507884278,5.702705506999093e-05,-3.0324780080986538e-05,3.106453818263829e-05,1.5981533344250778,0.05660377358490566,0.31736655742311515,0.00013124282229379615,,,,,1.5691959156911461,-0.02895741873393165
shuffle_r5_BLOCK_SHUFFLED_FIXED_p-6_Nd4001_dt1,main,shuffle,5,BLOCK_SHUFFLED_FIXED,-6,4001,1.0,2.5350000000000003e-06,0.07321886766113006,31.60663146799925,327,634,linear,0.08648722294276964,0.007885981071107065,0.00177570712636569,1.2573490444526751,6.659356712212601e-05,-2.2190245848388274e-06,3.4453037151062104e-05,1.5691959156911461,0.06037735849056604,0.2530594866035366,9.56720463530811e-05,,,,,1.5691959156911461,0.0
shuffle_r5_SHUFFLED_p-6_Nd4001_dt1,main,shuffle,5,SHUFFLED,-6,4001,1.0,2.5350000000000003e-06,0.07321886766113006,27.77065517400115,327,634,atomic,0.05564364871698569,0.018304472139215624,0.0016813324236234425,1.250657201873504,4.665275569293208e-05,-3.7701018025618226e-05,2.3852945597262938e-05,1.999999999970622,0.0,0.18404485622461628,2.4828694122818607e-05,0.06658398043693757,0.00969173205618774,0.07366534819724127,0.009521971407768857,1.9999999999999982,2.937627918697672e-11
shuffle_r5_SHUFFLED_p-6_Nd4001_dt1,main,shuffle,5,SHUFFLED,-6,4001,1.0,2.5350000000000003e-06,0.07321886766113006,27.77065517400115,327,634,static,0.004214651256839975,0.004180083647090625,0.0016138395344285701,1.2650464322352402,4.3681264986936945e-05,4.0298933464107845e-08,2.316526635996219e-06,2.0,0.0,0.13206790928957443,1.3438889637138645e-05,,,,,1.9999999999999982,-1.7763568394002505e-15
shuffle_r5_SHUFFLED_p-6_Nd4001_dt1,main,shuffle,5,SHUFFLED,-6,4001,1.0,2.5350000000000003e-06,0.07321886766113006,27.77065517400115,327,634,static_lti,0.04404671041563721,0.009604309968113444,0.0016044336506103513,1.2829629557986726,4.427915241543568e-05,-1.474332582394903e-06,1.535496262755649e-05,2.0,0.0,0.163697407343639,1.851738106431247e-05,,,,,1.9999999999999982,-1.7763568394002505e-15
shuffle_r5_SHUFFLED_p-6_Nd4001_dt1,main,shuffle,5,SHUFFLED,-6,4001,1.0,2.5350000000000003e-06,0.07321886766113006,27.77065517400115,327,634,static_mh,0.011938278273770163,0.011893093349042946,0.0016131591461184445,1.266058149661639,4.382992891790468e-05,-2.9137597736895868e-05,3.066407239398858e-06,2.0,0.0,0.15729072192250562,2.076779017669785e-05,,,,,1.9999999999999982,-1.7763568394002505e-15
shuffle_r5_SHUFFLED_p-6_Nd4001_dt1,main,shuffle,5,SHUFFLED,-6,4001,1.0,2.5350000000000003e-06,0.07321886766113006,27.77065517400115,327,634,static_lti_mh,0.04430344999724158,0.00985907420779975,0.0016048142536486303,1.282955837654584,4.429520617839846e-05,-3.064969749267594e-05,1.5345469620106023e-05,2.0,0.0,0.16459248507540442,1.8505530404662702e-05,,,,,1.9999999999999982,-1.7763568394002505e-15
shuffle_r5_SHUFFLED_p-6_Nd4001_dt1,main,shuffle,5,SHUFFLED,-6,4001,1.0,2.5350000000000003e-06,0.07321886766113006,27.77065517400115,327,634,linear,0.04809779471277004,0.011676482545978969,0.00174049834734575,1.2357973093923635,4.812666054909711e-05,-1.752283792485848e-06,1.911238083896225e-05,1.9999999999999982,0.0,0.16774504750442765,2.0610096557454938e-05,,,,,1.9999999999999982,0.0
shuffle_r6_ORIGINAL_p-6_Nd4001_dt1,main,shuffle,6,ORIGINAL,-6,4001,1.0,2.5350000000000003e-06,0.07321886766113006,26.990782406999642,280,634,atomic,0.14813215031298252,0.10333306057387083,0.0014089149833291725,1.345322558123016,5.539652743250493e-05,-3.980947187032039e-05,6.885414083879003e-05,1.6305324028309485,0.033962264150943396,0.32811558651516703,0.0001473679753452032,0.10434508912433982,0.0689807774349768,0.10801864098490646,0.06886731191053143,1.9027448036397783,0.2722124008088298
shuffle_r6_ORIGINAL_p-6_Nd4001_dt1,main,shuffle,6,ORIGINAL,-6,4001,1.0,2.5350000000000003e-06,0.07321886766113006,26.990782406999642,280,634,static,0.04388533168523204,0.042744811867366186,0.0014925221644881332,1.3032409118822064,5.596970382346178e-05,1.6923043296451386e-08,1.1169141117786097e-06,1.8894406396552605,0.022641509433962263,0.3168514052504505,3.792988952491213e-05,,,,,1.9027448036397783,0.013304163984517725
shuffle_r6_ORIGINAL_p-6_Nd4001_dt1,main,shuffle,6,ORIGINAL,-6,4001,1.0,2.5350000000000003e-06,0.07321886766113006,26.990782406999642,280,634,static_lti,0.0812470079519803,0.046223529952098004,0.001491083906063884,1.3251734503610935,5.690705855159533e-05,-6.96967984357769e-07,7.001429107408928e-06,1.8347766700381456,0.026415094339622643,0.3248557798387324,5.573040427011096e-05,,,,,1.9027448036397783,0.06796813360163267
shuffle_r6_ORIGINAL_p-6_Nd4001_dt1,main,shuffle,6,ORIGINAL,-6,4001,1.0,2.5350000000000003e-06,0.07321886766113006,26.990782406999642,280,634,static_mh,0.048921441793349146,0.047659855574660626,0.0014928814744734381,1.3031267602627168,5.6118043466075296e-05,-3.130650907907752e-05,4.291684615726226e-05,1.8801699943224919,0.018867924528301886,0.3013817769440282,4.085880286425537e-05,,,,,1.9027448036397783,0.022574809317286393
shuffle_r6_ORIGINAL_p-6_Nd4001_dt1,main,shuffle,6,ORIGINAL,-6,4001,1.0,2.5350000000000003e-06,0.07321886766113006,26.990782406999642,280,634,static_lti_mh,0.08148549392680847,0.046524142588247254,0.0014912273801131685,1.3250361050568376,5.691882846029162e-05,-3.2025111933904046e-05,2.550823382447202e-05,1.8363607523176566,0.022641509433962263,0.3280067452025585,5.4962586986537366e-05,,,,,1.9027448036397783,0.06638405132212166
shuffle_r6_ORIGINAL_p-6_Nd4001_dt1,main,shuffle,6,ORIGINAL,-6,4001,1.0,2.5350000000000003e-06,0.07321886766113006,26.990782406999642,280,634,linear,0.038773001540332176,5.1237648729458415e-05,0.0017541520474945265,1.23866177058795,6.562104210100981e-05,-8.144253220944673e-07,7.879607526385675e-06,1.9027448036397783,0.018867924528301886,0.1073728929785302,2.449702059751953e-05,,,,,1.9027448036397783,0.0
shuffle_r6_BLOCK_SHUFFLED_CYCLES_p-6_Nd4001_dt1,main,shuffle,6,BLOCK_SHUFFLED_CYCLES,-6,4001,1.0,2.5350000000000003e-06,0.07321886766113006,26.634214819998306,280,634,atomic,0.11243752023965924,0.07256000980419329,0.0014543194287515377,1.3527626538000772,5.6058196994800705e-05,-3.5899245780353816e-05,7.066118129504958e-05,1.6979174185058188,0.04150943396226415,0.22705825097364998,9.17406004872548e-05,0.08364408776595572,0.05090664859586468,0.08960165825545052,0.05097655710594719,1.8289952654159083,0.1310778469100895
shuffle_r6_BLOCK_SHUFFLED_CYCLES_p-6_Nd4001_dt1,main,shuffle,6,BLOCK_SHUFFLED_CYCLES,-6,4001,1.0,2.5350000000000003e-06,0.07321886766113006,26.634214819998306,280,634,static,0.044063102648728224,0.042716704226892985,0.001491679245194984,1.3036075526154303,5.570087969098528e-05,3.7112379447659844e-08,1.126529426432235e-06,1.7085789361361032,0.018867924528301886,0.16716609366145113,0.00011863323732618883,,,,,1.8289952654159083,0.12041632927980506
shuffle_r6_BLOCK_SHUFFLED_CYCLES_p-6_Nd4001_dt1,main,shuffle,6,BLOCK_SHUFFLED_CYCLES,-6,4001,1.0,2.5350000000000003e-06,0.07321886766113006,26.634214819998306,280,634,static_lti,0.08388772953012318,0.047074192049264094,0.001473883131144304,1.3250875606476535,5.607600236038144e-05,-3.637551102977296e-07,6.887780019311764e-06,1.663511848085802,0.022641509433962263,0.20037061488595057,0.00012649700542185032,,,,,1.8289952654159083,0.1654834173301063
shuffle_r6_BLOCK_SHUFFLED_CYCLES_p-6_Nd4001_dt1,main,shuffle,6,BLOCK_SHUFFLED_CYCLES,-6,4001,1.0,2.5350000000000003e-06,0.07321886766113006,26.634214819998306,280,634,static_mh,0.04946591869523054,0.04796616688172668,0.001491165028578821,1.3037821692778353,5.582552599945247e-05,-3.0972361144507014e-05,4.274314230689116e-05,1.6667699528871742,0.033962264150943396,0.18203038973228633,0.00013103887509646365,,,,,1.8289952654159083,0.16222531252873407
shuffle_r6_BLOCK_SHUFFLED_CYCLES_p-6_Nd4001_dt1,main,shuffle,6,BLOCK_SHUFFLED_CYCLES,-6,4001,1.0,2.5350000000000003e-06,0.07321886766113006,26.634214819998306,280,634,static_lti_mh,0.08442602836649127,0.047607455998967756,0.00147386392103604,1.325131637773595,5.608923093522798e-05,-3.1438735873398606e-05,2.347265607334464e-05,1.6778635853947732,0.026415094339622643,0.20139990896337026,0.00011984146669941171,,,,,1.8289952654159083,0.15113168002113508
shuffle_r6_BLOCK_SHUFFLED_CYCLES_p-6_Nd4001_dt1,main,shuffle,6,BLOCK_SHUFFLED_CYCLES,-6,4001,1.0,2.5350000000000003e-06,0.07321886766113006,26.634214819998306,280,634,linear,0.03948116613370028,0.00010681448652729652,0.0017345413232719349,1.2390609834619468,6.46191445985697e-05,-4.502169264348112e-07,7.727429890949713e-06,1.8289952654159083,0.022641509433962263,0.13324519801303567,1.9626300053032955e-05,,,,,1.8289952654159083,0.0
shuffle_r6_BLOCK_SHUFFLED_FIXED_p-6_Nd4001_dt1,main,shuffle,6,BLOCK_SHUFFLED_FIXED,-6,4001,1.0,2.5350000000000003e-06,0.07321886766113006,30.24267824100025,280,634,atomic,0.15696220525986604,0.08513748327507334,0.0014895713690043276,1.3460160197336615,5.8035847219742145e-05,-6.098018868750869e-05,9.190610951744779e-05,1.4834172807969488,0.08679245283018867,0.3415839629413135,0.0002073299670379444,0.1350325601850701,0.06665866197571678,0.16723452853404497,0.06674501034528114,1.6384916325744785,0.1550743517775297
shuffle_r6_BLOCK_SHUFFLED_FIXED_p-6_Nd4001_dt1,main,shuffle,6,BLOCK_SHUFFLED_FIXED,-6,4001,1.0,2.5350000000000003e-06,0.07321886766113006,30.24267824100025,280,634,static,0.044840328272757905,0.0427661635913668,0.0014956661590753019,1.3026691986963521,5.5378755667551635e-05,-1.1953085438601744e-07,3.966868959928452e-06,1.8205423877149687,0.018867924528301886,0.23721788026332224,7.785867311901476e-05,,,,,1.6384916325744785,-0.18205075514049018
shuffle_r6_BLOCK_SHUFFLED_FIXED_p-6_Nd4001_dt1,main,shuffle,6,BLOCK_SHUFFLED_FIXED,-6,4001,1.0,2.5350000000000003e-06,0.07321886766113006,30.24267824100025,280,634,static_lti,0.12040628077486512,0.050012624030510176,0.001507766579507467,1.3366271318076635,5.781007645357424e-05,-2.3649330141675686e-06,2.573008629279955e-05,1.66740823142454,0.06792452830188679,0.30585464960712644,0.0001455764457571298,,,,,1.6384916325744785,-0.02891659885006148
shuffle_r6_BLOCK_SHUFFLED_FIXED_p-6_Nd4001_dt1,main,shuffle,6,BLOCK_SHUFFLED_FIXED,-6,4001,1.0,2.5350000000000003e-06,0.07321886766113006,30.24267824100025,280,634,static_mh,0.08223061733866806,0.08015801725073213,0.0014934183878714683,1.3028032353269807,5.62769806292275e-05,-3.1311083523718546e-05,3.874885711644601e-05,1.7742321094806408,0.03773584905660377,0.2856596286570472,0.00010116266913035966,,,,,1.6384916325744785,-0.1357404769061623
shuffle_r6_BLOCK_SHUFFLED_FIXED_p-6_Nd4001_dt1,main,shuffle,6,BLOCK_SHUFFLED_FIXED,-6,4001,1.0,2.5350000000000003e-06,0.07321886766113006,30.24267824100025,280,634,static_lti_mh,0.12100638971713547,0.0507698006477792,0.0015080203789980256,1.336717287860478,5.7835289686449786e-05,-3.355810736052979e-05,3.0244048277314885e-05,1.6765364161026277,0.06792452830188679,0.3036154028019947,0.00013550967992531982,,,,,1.6384916325744785,-0.03804478352814922
shuffle_r6_BLOCK_SHUFFLED_FIXED_p-6_Nd4001_dt1,main,shuffle,6,BLOCK_SHUFFLED_FIXED,-6,4001,1.0,2.5350000000000003e-06,0.07321886766113006,30.24267824100025,280,634,linear,0.08234921005611448,0.007160251498037765,0.0017695736270616704,1.2541829058633895,6.668552520259583e-05,-3.379184835709984e-06,3.346921580402154e-05,1.6384916325744785,0.07169811320754717,0.20874518276277695,6.919261634897805e-05,,,,,1.6384916325744785,0.0
shuffle_r6_SHUFFLED_p-6_Nd4001_dt1,main,shuffle,6,SHUFFLED,-6,4001,1.0,2.5350000000000003e-06,0.07321886766113006,26.974811419000616,280,634,atomic,0.054184837394925786,0.017952817323437675,0.0016752047125515573,1.2517507109195858,4.742057530080476e-05,-3.6628265420968565e-05,2.2693638371997612e-05,1.9999999999999074,0.0,0.17151907167450603,2.665140529707972e-05,0.06452147549631666,0.008850492662244518,0.0703433680644623,0.008669167851330763,2.0,9.259260025373806e-14
shuffle_r6_SHUFFLED_p-6_Nd4001_dt1,main,shuffle,6,SHUFFLED,-6,4001,1.0,2.5350000000000003e-06,0.07321886766113006,26.974811419000616,280,634,static,0.0038952558042864524,0.003872821005631103,0.0016249853325150017,1.2640858860155486,4.489034877181981e-05,9.87561527961315e-09,2.266367116007098e-06,2.0,0.0,0.12879388866206198,1.3634884016775391e-05,,,,,2.0,0.0
shuffle_r6_SHUFFLED_p-6_Nd4001_dt1,main,shuffle,6,SHUFFLED,-6,4001,1.0,2.5350000000000003e-06,0.07321886766113006,26.974811419000616,280,634,static_lti,0.04281648168753005,0.009118617007196189,0.0016082643574402426,1.2818322558392787,4.5282088071331604e-05,1.1816773660368906e-07,1.5421916110503846e-05,2.0,0.0,0.15011464827110407,2.0036459243498935e-05,,,,,2.0,0.0
shuffle_r6_SHUFFLED_p-6_Nd4001_dt1,main,shuffle,6,SHUFFLED,-6,4001,1.0,2.5350000000000003e-06,0.07321886766113006,26.974811419000616,280,634,static_mh,0.010257779762655383,0.010217886840630765,0.0016248809280746783,1.2637851219228942,4.502784372973629e-05,-3.1142781092442165e-05,3.1101957144772614e-06,2.0,0.0,0.14789410660364444,1.7755374319846795e-05,,,,,2.0,0.0
shuffle_r6_SHUFFLED_p-6_Nd4001_dt1,main,shuffle,6,SHUFFLED,-6,4001,1.0,2.5350000000000003e-06,0.07321886766113006,26.974811419000616,280,634,static_lti_mh,0.04304385928328572,0.009365470807580274,0.0016082082959002393,1.2819451674249742,4.528546562279249e-05,-3.103085957284074e-05,1.5461171097601094e-05,2.0,0.0,0.1502129608246578,2.0041385498508834e-05,,,,,2.0,0.0
shuffle_r6_SHUFFLED_p-6_Nd4001_dt1,main,shuffle,6,SHUFFLED,-6,4001,1.0,2.5350000000000003e-06,0.07321886766113006,26.974811419000616,280,634,linear,0.046093626073586726,0.011000303325686344,0.001734536714882407,1.2360490213309794,4.8914100261487914e-05,6.342635316662187e-08,1.883589588210141e-05,2.0,0.0,0.15998553545047325,2.078115518137547e-05,,,,,2.0,0.0
shuffle_r7_ORIGINAL_p-6_Nd4001_dt1,main,shuffle,7,ORIGINAL,-6,4001,1.0,2.5350000000000003e-06,0.07321886766113006,25.732485927001107,320,634,atomic,0.23667445446099827,0.17756361139848306,0.0013008345333936455,1.3678481017175765,5.246874212927627e-05,-4.011442287570428e-05,7.254145537236599e-05,1.1160996319278724,0.06792452830188679,0.4291097003996323,0.00023053333592159216,0.1475116611867228,0.11492209917353666,0.15120858388152672,0.11515783903890503,1.846118317220955,0.7300186852930826
shuffle_r7_ORIGINAL_p-6_Nd4001_dt1,main,shuffle,7,ORIGINAL,-6,4001,1.0,2.5350000000000003e-06,0.07321886766113006,25.732485927001107,320,634,static,0.036388640672449624,0.03473475629453255,0.0014807629084189167,1.3100545066550349,5.467405287245914e-05,2.766594772560647e-08,1.2138906732539008e-06,1.7710917360396659,0.03018867924528302,0.20525923008696284,8.565687924553296e-05,,,,,1.846118317220955,0.07502658118128913
shuffle_r7_ORIGINAL_p-6_Nd4001_dt1,main,shuffle,7,ORIGINAL,-6,4001,1.0,2.5350000000000003e-06,0.07321886766113006,25.732485927001107,320,634,static_lti,0.07683162202426028,0.03807497701644295,0.0014852996603832236,1.3335254814856101,5.589853117437836e-05,1.2103603848782158e-07,6.971859925603543e-06,1.7351202709575533,0.04150943396226415,0.22207458208482272,9.88515727078589e-05,,,,,1.846118317220955,0.1109980462634017
shuffle_r7_ORIGINAL_p-6_Nd4001_dt1,main,shuffle,7,ORIGINAL,-6,4001,1.0,2.5350000000000003e-06,0.07321886766113006,25.732485927001107,320,634,static_mh,0.040365064429587955,0.03858302422778405,0.0014803835235401692,1.3097563722840102,5.47644567812585e-05,-2.7725117333952433e-05,4.199388024410501e-05,1.781569743963055,0.03018867924528302,0.20025309399467997,7.91986922617641e-05,,,,,1.846118317220955,0.06454857325790009
shuffle_r7_ORIGINAL_p-6_Nd4001_dt1,main,shuffle,7,ORIGINAL,-6,4001,1.0,2.5350000000000003e-06,0.07321886766113006,25.732485927001107,320,634,static_lti_mh,0.0771289208607071,0.03850158321961921,0.0014852763135079071,1.3335596878532288,5.5905379237251026e-05,-2.7698418558479195e-05,2.3913026628195444e-05,1.7406838713889452,0.04150943396226415,0.2182434546824442,9.504162750662645e-05,,,,,1.846118317220955,0.10543444583200978
shuffle_r7_ORIGINAL_p-6_Nd4001_dt1,main,shuffle,7,ORIGINAL,-6,4001,1.0,2.5350000000000003e-06,0.07321886766113006,25.732485927001107,320,634,linear,0.04372836018599381,0.0004869885480382553,0.0017606593942781574,1.2411821677739825,6.522649483424712e-05,9.396428363403166e-08,8.519397429640046e-06,1.846118317220955,0.045283018867924525,0.11862823037639376,2.3256798953949768e-05,,,,,1.846118317220955,0.0
shuffle_r7_BLOCK_SHUFFLED_CYCLES_p-6_Nd4001_dt1,main,shuffle,7,BLOCK_SHUFFLED_CYCLES,-6,4001,1.0,2.5350000000000003e-06,0.07321886766113006,25.740104751999752,320,634,atomic,0.16593847807407902,0.12399594835667789,0.0013936166032311806,1.3642254853983684,5.4948696795895644e-05,-3.398314989081616e-05,7.607048905607975e-05,1.337520073300567,0.06415094339622641,0.3670576157492637,0.00035060250592425674,0.1109496090177976,0.08126692857184667,0.11458470866142521,0.08140290694583356,1.8535838075165898,0.5160637342160228
shuffle_r7_BLOCK_SHUFFLED_CYCLES_p-6_Nd4001_dt1,main,shuffle,7,BLOCK_SHUFFLED_CYCLES,-6,4001,1.0,2.5350000000000003e-06,0.07321886766113006,25.740104751999752,320,634,static,0.036670387646501074,0.035180375305474444,0.001478712053637302,1.3115091374949106,5.499123288159985e-05,1.0689721242405926e-08,1.1461781722270812e-06,1.789401840328611,0.03773584905660377,0.18716488668557854,7.713518828297046e-05,,,,,1.8535838075165898,0.06418196718797886
shuffle_r7_BLOCK_SHUFFLED_CYCLES_p-6_Nd4001_dt1,main,shuffle,7,BLOCK_SHUFFLED_CYCLES,-6,4001,1.0,2.5350000000000003e-06,0.07321886766113006,25.740104751999752,320,634,static_lti,0.07219576059211802,0.03930131564681638,0.001479374027791023,1.3328440042474106,5.594874187035971e-05,6.178942077051732e-08,7.012083921944498e-06,1.7545733119057079,0.04905660377358491,0.20445738612267442,8.851011757460444e-05,,,,,1.8535838075165898,0.09901049561088193
shuffle_r7_BLOCK_SHUFFLED_CYCLES_p-6_Nd4001_dt1,main,shuffle,7,BLOCK_SHUFFLED_CYCLES,-6,4001,1.0,2.5350000000000003e-06,0.07321886766113006,25.740104751999752,320,634,static_mh,0.04063055064927542,0.039114413868181076,0.0014788213001692234,1.311816319665849,5.509995077620602e-05,-2.7940746183851497e-05,4.222206038987498e-05,1.7926081787274595,0.033962264150943396,0.19459436179490786,7.53033173639033e-05,,,,,1.8535838075165898,0.06097562878913032
shuffle_r7_BLOCK_SHUFFLED_CYCLES_p-6_Nd4001_dt1,main,shuffle,7,BLOCK_SHUFFLED_CYCLES,-6,4001,1.0,2.5350000000000003e-06,0.07321886766113006,25.740104751999752,320,634,static_lti_mh,0.07267830392172994,0.039631357871574666,0.0014795915705590142,1.3328876694257688,5.596951789340616e-05,-2.7949033475178104e-05,2.0522321924387332e-05,1.760889066493055,0.04905660377358491,0.20869115654182374,8.504493927718494e-05,,,,,1.8535838075165898,0.09269474102353481
shuffle_r7_BLOCK_SHUFFLED_CYCLES_p-6_Nd4001_dt1,main,shuffle,7,BLOCK_SHUFFLED_CYCLES,-6,4001,1.0,2.5350000000000003e-06,0.07321886766113006,25.740104751999752,320,634,linear,0.03862210620882231,0.00016623037175402468,0.0017569126066865294,1.2384591103174547,6.54017408492651e-05,-1.2275351128400966e-07,8.43220853859826e-06,1.8535838075165898,0.04905660377358491,0.1184986525617311,2.3432014612432624e-05,,,,,1.8535838075165898,0.0
shuffle_r7_BLOCK_SHUFFLED_FIXED_p-6_Nd4001_dt1,main,shuffle,7,BLOCK_SHUFFLED_FIXED,-6,4001,1.0,2.5350000000000003e-06,0.07321886766113006,24.248650511999585,320,634,atomic,0.14435301022798236,0.07186895753463214,0.001511230599693777,1.356310535418071,5.846380924829172e-05,-5.153795368642691e-05,8.070872651945567e-05,1.620002615274227,0.07924528301886792,0.32586196389605776,0.0001144789344110624,0.13262642522259876,0.06545156109995816,0.15543755350010252,0.0661572477590827,1.7148850542129392,0.09488243893871218
shuffle_r7_BLOCK_SHUFFLED_FIXED_p-6_Nd4001_dt1,main,shuffle,7,BLOCK_SHUFFLED_FIXED,-6,4001,1.0,2.5350000000000003e-06,0.07321886766113006,24.248650511999585,320,634,static,0.037341223982138995,0.035579716671911454,0.0014830620155870534,1.3096398036308847,5.4637642156792156e-05,2.235440341933576e-07,4.20454269295759e-06,1.8758612041792138,0.011320754716981131,0.25441282083089417,5.0166801219572866e-05,,,,,1.7148850542129392,-0.16097614996627452
shuffle_r7_BLOCK_SHUFFLED_FIXED_p-6_Nd4001_dt1,main,shuffle,7,BLOCK_SHUFFLED_FIXED,-6,4001,1.0,2.5350000000000003e-06,0.07321886766113006,24.248650511999585,320,634,static_lti,0.1149224126530455,0.042663132848036904,0.0014973135121914174,1.3486979861688986,5.718290527368162e-05,-1.0287038351993056e-06,2.661739235874053e-05,1.6875151086466496,0.06792452830188679,0.3111827102280031,0.00010545455990380217,,,,,1.7148850542129392,0.02736994556628969
shuffle_r7_BLOCK_SHUFFLED_FIXED_p-6_Nd4001_dt1,main,shuffle,7,BLOCK_SHUFFLED_FIXED,-6,4001,1.0,2.5350000000000003e-06,0.07321886766113006,24.248650511999585,320,634,static_mh,0.06582649644392986,0.06408834397306301,0.0014846870910731995,1.3105821101863437,5.544237148597658e-05,-2.779469363579058e-05,3.839608195296844e-05,1.739510793310488,0.033962264150943396,0.29271837748991936,0.00010932937213974514,,,,,1.7148850542129392,-0.024625739097548838
shuffle_r7_BLOCK_SHUFFLED_FIXED_p-6_Nd4001_dt1,main,shuffle,7,BLOCK_SHUFFLED_FIXED,-6,4001,1.0,2.5350000000000003e-06,0.07321886766113006,24.248650511999585,320,634,static_lti_mh,0.11570478998410157,0.04349884744735837,0.0014972137104902596,1.34838581889586,5.7198834952692134e-05,-2.8991683172992276e-05,2.9603182966676174e-05,1.6857598618777445,0.06415094339622641,0.31107507840902093,0.00010592101010439248,,,,,1.7148850542129392,0.029125192335194727
shuffle_r7_BLOCK_SHUFFLED_FIXED_p-6_Nd4001_dt1,main,shuffle,7,BLOCK_SHUFFLED_FIXED,-6,4001,1.0,2.5350000000000003e-06,0.07321886766113006,24.248650511999585,320,634,linear,0.08302374864983778,0.00721353212183959,0.0017719146873172301,1.257559181642661,6.668605242123096e-05,-4.0144209305176784e-07,3.429484348277218e-05,1.7148850542129392,0.06792452830188679,0.2097255590268999,7.067746478060585e-05,,,,,1.7148850542129392,0.0
shuffle_r7_SHUFFLED_p-6_Nd4001_dt1,main,shuffle,7,SHUFFLED,-6,4001,1.0,2.5350000000000003e-06,0.07321886766113006,29.891656575000525,320,634,atomic,0.055585314605225714,0.018719698028126532,0.001671175131826652,1.2507176775393472,4.635351585902843e-05,-3.6630393889917434e-05,2.3177037360481088e-05,1.9999999999475941,0.0,0.19396468401801858,2.422144690668283e-05,0.06629384893876464,0.008981257213564433,0.07254566495071846,0.008806606051560287,1.9999999999999838,5.238964817522174e-11
shuffle_r7_SHUFFLED_p-6_Nd4001_dt1,main,shuffle,7,SHUFFLED,-6,4001,1.0,2.5350000000000003e-06,0.07321886766113006,29.891656575000525,320,634,static,0.004127210953696293,0.004096380803853818,0.001615303758642362,1.2684283168729222,4.370490261302172e-05,7.942957859004087e-08,2.3306029066676923e-06,2.0,0.0,0.1407028831115673,1.365751861356885e-05,,,,,1.9999999999999838,-1.6209256159527285e-14
shuffle_r7_SHUFFLED_p-6_Nd4001_dt1,main,shuffle,7,SHUFFLED,-6,4001,1.0,2.5350000000000003e-06,0.07321886766113006,29.891656575000525,320,634,static_lti,0.04352611445574737,0.009355591005465173,0.0015977893642855191,1.2836589702196604,4.4068563016257556e-05,-3.3681111997375844e-08,1.563742227357763e-05,2.0,0.0,0.16816032935161682,1.8455210254007308e-05,,,,,1.9999999999999838,-1.6209256159527285e-14
shuffle_r7_SHUFFLED_p-6_Nd4001_dt1,main,shuffle,7,SHUFFLED,-6,4001,1.0,2.5350000000000003e-06,0.07321886766113006,29.891656575000525,320,634,static_mh,0.010951385254444765,0.01088841212216991,0.0016128074510614546,1.2688502735220162,4.378145275199766e-05,-2.7990419118663787e-05,3.1178796656958957e-06,1.9999999999999991,0.0,0.15539286868422253,1.9416918257360142e-05,,,,,1.9999999999999838,-1.532107773982716e-14
shuffle_r7_SHUFFLED_p-6_Nd4001_dt1,main,shuffle,7,SHUFFLED,-6,4001,1.0,2.5350000000000003e-06,0.07321886766113006,29.891656575000525,320,634,static_lti_mh,0.04374186955384276,0.00957118590949139,0.0015977558643673953,1.283628368010697,4.4072283310658266e-05,-2.8100555175141047e-05,1.564266246807559e-05,1.9999999999999996,0.0,0.16857214769547743,1.8539173526371782e-05,,,,,1.9999999999999838,-1.5765166949677223e-14
shuffle_r7_SHUFFLED_p-6_Nd4001_dt1,main,shuffle,7,SHUFFLED,-6,4001,1.0,2.5350000000000003e-06,0.07321886766113006,29.891656575000525,320,634,linear,0.04763891157462473,0.011605030906253826,0.0017339061809258961,1.2346132991679653,4.791738201125367e-05,2.6458618916302235e-07,1.958932856607949e-05,1.9999999999999838,0.0,0.17324538266812856,1.9203432124196684e-05,,,,,1.9999999999999838,0.0
