job_id,tag,design,realization,variant,Pavg_over_P1dB_dB,model,D_gain,D_BLA,gain_abs,gain_phase,out_bb_rms,dc_shift_mean,dc_shift_std,AIR,SER,EVM,cal_var,NMSE_vs_full_trace,NMSE_vs_full_trace_static_lti_mh,NMSE_vs_full_trace_static_mh,NMSE_vs_full_trace_static_lti,NMSE_vs_full_trace_static
dwell_r0_xi_0.05_p-6_Nd4001_dt1,main,dwell,0,xi_0.05,-6,dsh_tau2.535us,0.1765092875274882,0.012055731456448386,0.0017801518412203284,1.3156198907975658,6.687753969706596e-05,-4.304042085133362e-05,6.989387705676465e-05,1.472514020647212,0.19622641509433963,0.4104162719387355,0.00020815910003124828,0.03552304207056261,0.03998232367121263,0.3070165334041916,0.049103127253112736,0.215381823935539
dwell_r0_xi_0.05_p-6_Nd4001_dt1,main,dwell,0,xi_0.05,-6,dsh_tau1.940us,0.17630441873638977,0.012061724923813697,0.001780005348873618,1.315587848208931,6.686621546738514e-05,-4.3040673405181445e-05,6.984964013338418e-05,1.4728297890611246,0.19622641509433963,0.4101227224945186,0.0002078496060970403,0.035512186834286544,,,,
dwell_r0_xi_0.05_p-6_Nd4001_dt1,main,dwell,0,xi_0.05,-6,dsh_tau4.000us,0.17675050168396741,0.012048782854448574,0.001780308004394131,1.3156642498636197,6.689025525520133e-05,-4.303856980011334e-05,6.994603165933894e-05,1.4722389886823146,0.19622641509433963,0.4107513990728416,0.00020852391948126322,0.035538220273061576,,,,
dwell_r0_xi_0.05_p+0_Nd4001_dt1,main,dwell,0,xi_0.05,0,dsh_tau2.535us,0.1741179224174528,0.01186109225248734,0.0016321024000366887,1.3788122295498901,0.00012221508176809222,-3.5602035475170845e-05,0.00012763833492878624,1.4873761615439551,0.19245283018867926,0.40127941107766574,0.0007975776254335103,0.17051941127659836,0.23294449623778735,0.43430082477173765,0.21843159382868846,0.354689598951533
dwell_r0_xi_0.05_p+0_Nd4001_dt1,main,dwell,0,xi_0.05,0,dsh_tau1.940us,0.1734036221368269,0.01190742432484692,0.001631536304249793,1.378674668072267,0.00012213553544564797,-3.5604536056753545e-05,0.00012734553963635053,1.488481441253895,0.19245283018867926,0.4002319485851449,0.0007931753618637784,0.17041597669551256,,,,
dwell_r0_xi_0.05_p+0_Nd4001_dt1,main,dwell,0,xi_0.05,0,dsh_tau4.000us,0.17497568110023473,0.01180960988093097,0.0016327176402189968,1.378994215083289,0.00012230575436063796,-3.5590006177678896e-05,0.0001279844040085226,1.4864321548942754,0.19245283018867926,0.402508480484544,0.0008028749228345403,0.17067069778390032,,,,
dwell_r0_xi_0.05_p+3_Nd4001_dt1,main,dwell,0,xi_0.05,3,dsh_tau2.535us,0.1849475050449846,0.02321111254891246,0.0014514196911663627,1.4490063643270679,0.00015422773654166872,3.060921678395076e-05,0.00016172205627539997,1.4666276185151015,0.1811320754716981,0.4139760422547588,0.0016568574075013658,0.36723638280848586,0.6002893498899033,0.8224256736218006,0.5267966631955544,0.567501844120743
dwell_r0_xi_0.05_p+3_Nd4001_dt1,main,dwell,0,xi_0.05,3,dsh_tau1.940us,0.18381403294836954,0.023389437944568655,0.001450441381952275,1.448572969281471,0.00015405005603347902,3.0613480493131645e-05,0.00016112601122087318,1.467724543724292,0.1811320754716981,0.41233133636671,0.0016425980936928025,0.36689184348052556,,,,
dwell_r0_xi_0.05_p+3_Nd4001_dt1,main,dwell,0,xi_0.05,3,dsh_tau4.000us,0.18633016398347838,0.023017624057519958,0.0014524649903631744,1.449532488065409,0.0001544287432078984,3.0634111564482335e-05,0.00016242523589909472,1.4659474764922342,0.1811320754716981,0.4159423754557897,0.001674325557999952,0.3677311080621413,,,,
dwell_r0_xi_0.05_p+6_Nd4001_dt1,main,dwell,0,xi_0.05,6,dsh_tau2.535us,0.19342872074872106,0.033493969112360196,0.0011026809550872775,1.5502852730701655,0.00016610106759460083,2.0092055222124908e-05,0.0001729373460454529,1.4798566556406494,0.19622641509433963,0.42023803419542854,0.003216784670105399,0.6102480183023079,0.952582528613841,0.8747726433002,0.9143100213508041,0.8351991378680441
dwell_r0_xi_0.05_p+6_Nd4001_dt1,main,dwell,0,xi_0.05,6,dsh_tau1.940us,0.19213226996855592,0.03434700925793879,0.0011012432172542374,1.5489461308537913,0.00016579427344646396,2.011735838767064e-05,0.00017200171961919284,1.479520800566738,0.19622641509433963,0.4182227289499702,0.003181579365014014,0.6089890165546418,,,,
dwell_r0_xi_0.05_p+6_Nd4001_dt1,main,dwell,0,xi_0.05,6,dsh_tau4.000us,0.19510671895627724,0.03254527839538153,0.0011042176032393352,1.5518953875792723,0.00016644938987509658,2.011461227840124e-05,0.0001740266669247536,1.481605618926226,0.19245283018867926,0.42271099750170815,0.0032619367541120528,0.6120306314097628,,,,
dwell_r0_xi_0.1_p-6_Nd4001_dt1,main,dwell,0,xi_0.1,-6,dsh_tau2.535us,0.12095036287495597,0.011251949995029733,0.0017529616107949783,1.2955474180318958,6.630965788072205e-05,-4.419216414731917e-05,4.7813033680421785e-05,1.7365769058780587,0.06792452830188679,0.31295943944013926,0.00015146471282003414,0.01714632756792463,0.019588165344133057,0.1740675586025975,0.02335075682702066,0.1410592393614487
dwell_r0_xi_0.1_p-6_Nd4001_dt1,main,dwell,0,xi_0.1,-6,dsh_tau1.940us,0.12063076246173489,0.011261243049212371,0.0017523776830658331,1.2956275973482771,6.627812489713662e-05,-4.419059345727709e-05,4.779259735143833e-05,1.7373761688718246,0.06792452830188679,0.3125168973398185,0.0001510032923711605,0.017131064367821764,,,,
dwell_r0_xi_0.1_p-6_Nd4001_dt1,main,dwell,0,xi_0.1,-6,dsh_tau4.000us,0.12133250227766812,0.011239345343379155,0.0017536339472170206,1.295462940193854,6.634638243040479e-05,-4.41924552668667e-05,4.783672914398153e-05,1.7356654430801632,0.06792452830188679,0.3135180308689552,0.00015204170060590882,0.01717015187674621,,,,
dwell_r0_xi_0.1_p+0_Nd4001_dt1,main,dwell,0,xi_0.1,0,dsh_tau2.535us,0.1182144193584254,0.011488905024779663,0.0016038054570837632,1.3597658129105783,0.00012089962265961986,-3.735296446144307e-05,8.75048578529407e-05,1.751026341546505,0.07924528301886792,0.2967831378810563,0.0005489239853282455,0.1302645583642378,0.17643318859089238,0.3129901579323771,0.1685784172848832,0.26320805025244615
dwell_r0_xi_0.1_p+0_Nd4001_dt1,main,dwell,0,xi_0.1,0,dsh_tau1.940us,0.11722959100598901,0.011629635413508699,0.0016017641876155228,1.3599153098865997,0.00012069258942291025,-3.734478909862354e-05,8.737088276119473e-05,1.7536772485590224,0.07924528301886792,0.2954581468914727,0.0005431868489334039,0.13001883513136372,,,,
dwell_r0_xi_0.1_p+0_Nd4001_dt1,main,dwell,0,xi_0.1,0,dsh_tau4.000us,0.11940375000113551,0.011306321306755214,0.0016062152599384141,1.3596058873510883,0.00012114556920253816,-3.7358332144156285e-05,8.766678118084513e-05,1.7479689101643818,0.07924528301886792,0.29841384591603404,0.0005561871408811135,0.130684141948387,,,,
dwell_r0_xi_0.1_p+3_Nd4001_dt1,main,dwell,0,xi_0.1,3,dsh_tau2.535us,0.12375559538067918,0.019387879664010642,0.0014212080651762118,1.429656149974775,0.00015170666755302557,2.8941315082954275e-05,0.00011928741030546071,1.7324025222347623,0.09433962264150944,0.30158150313449916,0.0011204155488562086,0.3318255488620256,0.5317604067928935,0.7395520312435727,0.4870988575429628,0.5144980022213099
dwell_r0_xi_0.1_p+3_Nd4001_dt1,main,dwell,0,xi_0.1,3,dsh_tau1.940us,0.12250398381908098,0.02000324986848996,0.0014174370279437453,1.4293633802717782,0.00015121987212369435,2.8951832338045347e-05,0.00011896142309217883,1.7350700378009245,0.09433962264150944,0.30015566291049545,0.0011059599596795046,0.3307434800374882,,,,
dwell_r0_xi_0.1_p+3_Nd4001_dt1,main,dwell,0,xi_0.1,3,dsh_tau4.000us,0.1252606872496525,0.018595928823492175,0.0014256513807854975,1.4300414180074315,0.00015228267784099018,2.8914860327196624e-05,0.00011966513484320144,1.729245564379948,0.09811320754716982,0.30323223034616503,0.001139098349654039,0.33361785396100224,,,,
dwell_r0_xi_0.1_p+6_Nd4001_dt1,main,dwell,0,xi_0.1,6,dsh_tau2.535us,0.13328040751502887,0.032893309736486694,0.0010711965249181428,1.5277691428865892,0.00016220153553872152,1.929312569690614e-05,0.0001261200730938774,1.7393115438034925,0.09811320754716982,0.31775448947460144,0.002324683920125508,0.513357535519441,0.8837985173424585,0.8876563044826801,0.8530983665681802,0.7849458900282307
dwell_r0_xi_0.1_p+6_Nd4001_dt1,main,dwell,0,xi_0.1,6,dsh_tau1.940us,0.13371113705202484,0.036106934225673515,0.001065306778173663,1.5260024008154696,0.00016134032533850475,1.933000381648095e-05,0.00012554845225669193,1.7407647809768347,0.09433962264150944,0.3194580223609609,0.002325916524964266,0.510131908446808,,,,
dwell_r0_xi_0.1_p+6_Nd4001_dt1,main,dwell,0,xi_0.1,6,dsh_tau4.000us,0.13271772427931947,0.028745854150819983,0.0010782178585177467,1.5299923631744548,0.00016322388784408893,1.9217186788505076e-05,0.00012677879397825573,1.737440819112758,0.09811320754716982,0.3149963616822447,0.0023275696091993986,0.5181334823889364,,,,
dwell_r0_xi_0.25_p-6_Nd4001_dt1,main,dwell,0,xi_0.25,-6,dsh_tau2.535us,0.0703135727223948,0.008423820666072515,0.0017103302105828252,1.2728139674761325,6.370800017832382e-05,-4.248941821261861e-05,3.111728397524041e-05,1.8675398752915413,0.03018867924528302,0.2074716085827638,6.15427352852761e-05,0.01630865974460989,0.017492512364510444,0.11188869940989991,0.019159571596438264,0.09213491509326611
dwell_r0_xi_0.25_p-6_Nd4001_dt1,main,dwell,0,xi_0.25,-6,dsh_tau1.940us,0.0701292977396082,0.008457625461082741,0.0017087686101504124,1.2733421348078426,6.364419995239195e-05,-4.2484540669091754e-05,3.109302863138027e-05,1.8689272032049824,0.03018867924528302,0.2070196615036381,6.1372412998736e-05,0.01626770651230204,,,,
dwell_r0_xi_0.25_p-6_Nd4001_dt1,main,dwell,0,xi_0.25,-6,dsh_tau4.000us,0.07055452493889641,0.008384462537340553,0.001712254926918952,1.2721745952672456,6.378703746717904e-05,-4.249824341928322e-05,3.114699012155975e-05,1.865769046685874,0.03018867924528302,0.20809897911815925,6.181013418043874e-05,0.016377113045956567,,,,
dwell_r0_xi_0.25_p+0_Nd4001_dt1,main,dwell,0,xi_0.25,0,dsh_tau2.535us,0.06960203819481475,0.010192086284936492,0.0015556183105821066,1.339845412199441,0.00011557558383960048,-3.393448053259144e-05,5.6099193269590076e-05,1.9098693463517877,0.018867924528301886,0.193274063943901,0.00021504232834046837,0.13818846904551796,0.16283316249253688,0.23446738003398296,0.16013660566732008,0.2195479091205477
dwell_r0_xi_0.25_p+0_Nd4001_dt1,main,dwell,0,xi_0.25,0,dsh_tau1.940us,0.06938405034559308,0.010660149366728851,0.0015501798908241682,1.3412478134214803,0.00011515872061195207,-3.391104853994994e-05,5.597859055956753e-05,1.9134053576870902,0.01509433962264151,0.19264270351711074,0.00021424795776368887,0.1372164821854227,,,,
dwell_r0_xi_0.25_p+0_Nd4001_dt1,main,dwell,0,xi_0.25,0,dsh_tau4.000us,0.06993557377816416,0.009624932055856308,0.0015622808486817905,1.3381332725631303,0.00011608982310225985,-3.398472824069485e-05,5.624539570924779e-05,1.905398862512185,0.018867924528301886,0.19435565864002782,0.0002168060765651594,0.1398528561688491,,,,
dwell_r0_xi_0.25_p+3_Nd4001_dt1,main,dwell,0,xi_0.25,3,dsh_tau2.535us,0.07516823111010702,0.017812683835708283,0.0013652928835362903,1.409813982858743,0.000143649384569572,3.3624833656046534e-05,0.00010569653585915512,1.9306788251377474,0.01509433962264151,0.20302084105973195,0.0004656713837241317,0.3187112204536962,0.43170450307999947,0.5646912481352047,0.4143959400813705,0.4414048011664235
dwell_r0_xi_0.25_p+3_Nd4001_dt1,main,dwell,0,xi_0.25,3,dsh_tau1.940us,0.07624138087769322,0.01980160010422992,0.0013548872271600342,1.4109134150201272,0.00014262281281892254,3.366976430599911e-05,0.00010552433616162027,1.9360997967294018,0.01509433962264151,0.20535106852739818,0.000474694146063855,0.3147045030053838,,,,
dwell_r0_xi_0.25_p+3_Nd4001_dt1,main,dwell,0,xi_0.25,3,dsh_tau4.000us,0.07405862172986788,0.01542414665054365,0.0013780757591932908,1.4084629228772765,0.00014492274968375937,3.3534132271998545e-05,0.00010589001131689889,1.9239569175643343,0.01509433962264151,0.20082527759935975,0.000458159405335427,0.32498102961443914,,,,
dwell_r0_xi_0.25_p+6_Nd4001_dt1,main,dwell,0,xi_0.25,6,dsh_tau2.535us,0.1071414234944147,0.050109995699194845,0.0010082199821563778,1.5068917925350667,0.00015204073979732506,2.5358054541678154e-05,0.0001092287186716459,1.9367870882632223,0.022641509433962263,0.2588821472365583,0.0013626695258330773,0.4494234091446859,0.7104572843302382,0.7451917735659181,0.6932378644521877,0.6638065842189096
dwell_r0_xi_0.25_p+6_Nd4001_dt1,main,dwell,0,xi_0.25,6,dsh_tau1.940us,0.117316963846206,0.06057501467794681,0.0009924404944666417,1.506876370153957,0.00015034138153703275,2.5460832492912978e-05,0.00010910646604564844,1.938889996424209,0.018867924528301886,0.2749569939480926,0.001524745425947879,0.44417615743302835,,,,
dwell_r0_xi_0.25_p+6_Nd4001_dt1,main,dwell,0,xi_0.25,6,dsh_tau4.000us,0.09544424891704541,0.037466764107750086,0.0010281592336166439,1.5071817281389845,0.00015423452130202862,2.515666924414306e-05,0.0001094086941032996,1.9317819516647732,0.022641509433962263,0.23907557751063127,0.0011826179037208184,0.4583074211706667,,,,
dwell_r0_xi_0.5_p-6_Nd4001_dt1,main,dwell,0,xi_0.5,-6,dsh_tau2.535us,0.054461865389154665,0.006244650357262893,0.0016892553023447221,1.2692307587840705,6.257382291224708e-05,-4.448126152321279e-05,2.9240497499027957e-05,1.998586891282094,0.0,0.15535825152070493,3.5985109687647517e-05,0.015990804351388842,0.017033934303737473,0.08404821133482525,0.01799775422439718,0.07462637099894286
dwell_r0_xi_0.5_p-6_Nd4001_dt1,main,dwell,0,xi_0.5,-6,dsh_tau1.940us,0.05441781948837235,0.006336519014511641,0.0016863258732272444,1.2704087169770966,6.246373300688345e-05,-4.447405328969543e-05,2.920740659281386e-05,1.9986639958617252,0.0,0.1554828678387539,3.598617924826816e-05,0.01591920263162503,,,,
dwell_r0_xi_0.5_p-6_Nd4001_dt1,main,dwell,0,xi_0.5,-6,dsh_tau4.000us,0.054548173852187534,0.006136393018346252,0.0016928805933270933,1.2677910224404405,6.271102676887576e-05,-4.448773837812663e-05,2.9284694505311113e-05,1.998475914899501,0.0,0.15521290324883957,3.594229377697057e-05,0.01613755528411357,,,,
dwell_r0_xi_0.5_p+0_Nd4001_dt1,main,dwell,0,xi_0.5,0,dsh_tau2.535us,0.05660444520052904,0.009646509093225257,0.0015249091431057875,1.3402176066482294,0.00011281598218820079,-3.78885318925019e-05,4.77570515115457e-05,1.9981574359870764,0.0,0.1443244225459895,0.00013498427783918126,0.15651172114979348,0.17825007325757766,0.22921249500826302,0.17722167662396243,0.22176841665265998
dwell_r0_xi_0.5_p+0_Nd4001_dt1,main,dwell,0,xi_0.5,0,dsh_tau1.940us,0.05743613562150902,0.010839592085599604,0.0015146210043461082,1.3433010686343636,0.00011209707239511648,-3.784727977899993e-05,4.7548559137706234e-05,1.9984549736118775,0.0,0.14826263971641718,0.00014032774200675924,0.15444966567811913,,,,
dwell_r0_xi_0.5_p+0_Nd4001_dt1,main,dwell,0,xi_0.5,0,dsh_tau4.000us,0.05573518939460105,0.008238338259288812,0.0015376105098785686,1.3363493987420074,0.0001137113870478988,-3.792930642326046e-05,4.804488957193254e-05,1.9976924374646088,0.0,0.13961236708661168,0.0001278205770724333,0.16019811396464623,,,,
dwell_r0_xi_0.5_p+3_Nd4001_dt1,main,dwell,0,xi_0.5,3,dsh_tau2.535us,0.06872612234693967,0.022007613762421732,0.0013213879858788434,1.4109755679495752,0.00013887384758900337,2.8277313298595116e-05,0.0001095460412834531,1.995106516289063,0.0,0.18076922964871053,0.00041756104158275704,0.34825523132078484,0.4253995094071284,0.5100421213034061,0.41718279281834875,0.4391961658956974
dwell_r0_xi_0.5_p+3_Nd4001_dt1,main,dwell,0,xi_0.5,3,dsh_tau1.940us,0.07363595838392163,0.0271483300179015,0.0013015688515903461,1.4137498849740753,0.00013709997498986666,2.8350547466874197e-05,0.00010933139289144404,1.995667263524496,0.0,0.19600828626371988,0.0004737812739273988,0.34024509935564284,,,,
dwell_r0_xi_0.5_p+3_Nd4001_dt1,main,dwell,0,xi_0.5,3,dsh_tau4.000us,0.06335962369808462,0.01613050226886976,0.0013459699424566995,1.4074011284407633,0.00014110848452970892,2.8193817307568713e-05,0.00010987161688768199,1.9940498925221082,0.0037735849056603774,0.16182381748038285,0.00034875641203466244,0.36150444877338195,,,,
dwell_r0_xi_0.5_p+6_Nd4001_dt1,main,dwell,0,xi_0.5,6,dsh_tau2.535us,0.13538752561605852,0.08474334541688228,0.0009540894931469225,1.5097261163691873,0.00014597756570340937,1.870832300309326e-05,0.00011144268162713923,1.9788864901526275,0.007547169811320755,0.320082867606953,0.0024223567245782477,0.4164867816497111,0.5953221180716578,0.6379387124235258,0.5839636716786957,0.5711872997573436
dwell_r0_xi_0.5_p+6_Nd4001_dt1,main,dwell,0,xi_0.5,6,dsh_tau1.940us,0.16203650234943884,0.11009308363637514,0.0009272982237310403,1.5125722511978044,0.00014352309742887156,1.8820306807728308e-05,0.00011139595040838319,1.970243254379965,0.0037735849056603774,0.3622984766671762,0.002995782655376336,0.40736321651488594,,,,
dwell_r0_xi_0.5_p+6_Nd4001_dt1,main,dwell,0,xi_0.5,6,dsh_tau4.000us,0.10484403599764262,0.05526139061213929,0.0009896989823873017,1.5068436123120452,0.0001493921049557357,1.8599728672197887e-05,0.00011168730829751465,1.9853997284643887,0.007547169811320755,0.2616574549382258,0.0017139706617744566,0.434271333792566,,,,
dwell_r0_xi_1_p-6_Nd4001_dt1,main,dwell,0,xi_1,-6,dsh_tau2.535us,0.04535662261251341,0.005551638660422918,0.001672896128979935,1.270587976162783,6.19272914595932e-05,-4.329701873480216e-05,3.0472303495570058e-05,1.999988347606478,0.0,0.14619594510439185,3.0527255243352774e-05,0.01777476638643785,0.01851446842484386,0.07399385514709066,0.01918519232388133,0.06747875246885778
dwell_r0_xi_1_p-6_Nd4001_dt1,main,dwell,0,xi_1,-6,dsh_tau1.940us,0.045445556366073905,0.005718891309919738,0.0016686086468391194,1.2724158948201454,6.177120387109958e-05,-4.3295764661357546e-05,3.0458444693967985e-05,1.999989567642095,0.0,0.14632051024245019,3.0600923725103113e-05,0.017716870555821308,,,,
dwell_r0_xi_1_p-6_Nd4001_dt1,main,dwell,0,xi_1,-6,dsh_tau4.000us,0.04527325266383089,0.005335423053203807,0.0016788245542759034,1.2680646581088357,6.214427455952084e-05,-4.329734812208975e-05,3.0489440386972805e-05,1.9999851106976785,0.0,0.14617710212399562,3.052009025148899e-05,0.01794594553303572,,,,
dwell_r0_xi_1_p+0_Nd4001_dt1,main,dwell,0,xi_1,0,dsh_tau2.535us,0.05202128616077886,0.012817410774588506,0.0014862772166215343,1.3484829880674347,0.000110127650408188,-3.557185937419401e-05,4.647650881360466e-05,1.999999984403207,0.0,0.15222944262602506,0.00012700438142338436,0.19317513048296953,0.20300307199985718,0.24539443866426958,0.2026581139136153,0.2408880374293743
dwell_r0_xi_1_p+0_Nd4001_dt1,main,dwell,0,xi_1,0,dsh_tau1.940us,0.05407670442241764,0.015033674806143834,0.001471037632449125,1.3529351123787736,0.00010910484539942281,-3.556051680437367e-05,4.64192660168248e-05,1.9999999613632125,0.0,0.15763720894247332,0.00013682208804547942,0.18973178101831667,,,,
dwell_r0_xi_1_p+0_Nd4001_dt1,main,dwell,0,xi_1,0,dsh_tau4.000us,0.049529557661278055,0.01001902324913846,0.0015074533462645762,1.3420108547091651,0.00011156440349492533,-3.559144553693675e-05,4.65808611104937e-05,1.999999995013497,0.0,0.1455752983136209,0.00011602609898911141,0.19991895891278025,,,,
dwell_r0_xi_1_p+3_Nd4001_dt1,main,dwell,0,xi_1,3,dsh_tau2.535us,0.0792673130804639,0.03950383933289605,0.0012535317981727245,1.4194523326305952,0.0001328889642142039,3.146356218139068e-05,0.00014117432485348058,1.9999720028352874,0.0,0.21915629857546806,0.000532886197747962,0.3297930135846822,0.3485976579042584,0.41855496863784764,0.3452823917123357,0.3714783398778892
dwell_r0_xi_1_p+3_Nd4001_dt1,main,dwell,0,xi_1,3,dsh_tau1.940us,0.08992128294839447,0.05000971604359429,0.0012245374264371397,1.4233046267433553,0.0001304542162899177,3.1500817627843516e-05,0.00014117080600910113,1.9998856784629355,0.0,0.2398187872596219,0.0006428181490084352,0.3186226013582778,,,,
dwell_r0_xi_1_p+3_Nd4001_dt1,main,dwell,0,xi_1,3,dsh_tau4.000us,0.06662515014207109,0.026840602811349257,0.0012942235708759647,1.4135145870329229,0.000136397056480474,3.1381908605520964e-05,0.0001412256837186412,1.9999980650909492,0.0,0.19243576742123206,0.0004067996739428015,0.34940291959811537,,,,
dwell_r0_xi_1_p+6_Nd4001_dt1,main,dwell,0,xi_1,6,dsh_tau2.535us,0.2189975491967845,0.17398175138433014,0.0008699073173572956,1.5232555112394868,0.0001384454027959538,2.315753517662404e-05,0.0001430445527030967,1.9584729141228823,0.0,0.42560018462321897,0.004275155081207724,0.37171012706604023,0.48501006640997196,0.5303779822766758,0.47858649550501586,0.47476753031742547
dwell_r0_xi_1_p+6_Nd4001_dt1,main,dwell,0,xi_1,6,dsh_tau1.940us,0.2669845518071429,0.22034824567882055,0.0008390077007297913,1.5304973730846687,0.00013613022975345672,2.3242356650261443e-05,0.00014332102824229603,1.9353010391958871,0.0,0.47708866304080383,0.005316324810800961,0.36300198591345556,,,,
dwell_r0_xi_1_p+6_Nd4001_dt1,main,dwell,0,xi_1,6,dsh_tau4.000us,0.15688706342020292,0.11375314248478711,0.000919535021339345,1.5144048233435048,0.00014256725996949783,2.2927316630688854e-05,0.00014270185570957434,1.9855820296192908,0.0,0.3506833870015007,0.0029167369466893463,0.3933172339129335,,,,
dwell_r0_xi_2_p-6_Nd4001_dt1,main,dwell,0,xi_2,-6,dsh_tau2.535us,0.044261312442667115,0.00549960099535328,0.0016595345281548441,1.2743479159729598,6.15696068578482e-05,-4.4848960120777494e-05,3.480408146678701e-05,1.9300704361804888,0.0037735849056603774,0.138160666103362,2.9102983678894877e-05,0.016698604140927432,0.01712786092962221,0.0677371417001259,0.017545927467522822,0.06409495071819457
dwell_r0_xi_2_p-6_Nd4001_dt1,main,dwell,0,xi_2,-6,dsh_tau1.940us,0.04451600672661636,0.005731377553537448,0.001654467801399743,1.276566135417921,6.138883608706432e-05,-4.484318365525315e-05,3.479289627971859e-05,1.931404032748998,0.0037735849056603774,0.1388315619133427,2.946648456203188e-05,0.01661156711814451,,,,
dwell_r0_xi_2_p-6_Nd4001_dt1,main,dwell,0,xi_2,-6,dsh_tau4.000us,0.04388302960899629,0.00513812815873396,0.0016677653023913159,1.270749196663886,6.186394380047938e-05,-4.485902900788789e-05,3.482128821729453e-05,1.92801194404096,0.0037735849056603774,0.13719909305065875,2.858469485160935e-05,0.016911529979221875,,,,
dwell_r0_xi_2_p+0_Nd4001_dt1,main,dwell,0,xi_2,0,dsh_tau2.535us,0.05794153772855596,0.018329243150819775,0.0014453423859602326,1.3591277394750672,0.00010769014932419666,-3.7750686988059345e-05,4.768402000223781e-05,1.9790504287387682,0.0037735849056603774,0.16433861251878415,0.00015416652921831564,0.22684121347172712,0.22832136639405778,0.27042468478344495,0.22841240657433534,0.2682365343238257
dwell_r0_xi_2_p+0_Nd4001_dt1,main,dwell,0,xi_2,0,dsh_tau1.940us,0.06140015498862125,0.021523710290354502,0.001426919086656135,1.364148032821689,0.00010648932348225937,-3.771141183776384e-05,4.773647595383341e-05,1.982482818877628,0.0037735849056603774,0.17361128658114,0.0001727865634834206,0.22143752707755301,,,,
dwell_r0_xi_2_p+0_Nd4001_dt1,main,dwell,0,xi_2,0,dsh_tau4.000us,0.052832132465323124,0.013546837055891834,0.001475078477715548,1.3506388404098513,0.00010964151423041758,-3.782336321994467e-05,4.761767660885981e-05,1.9720642783176383,0.0037735849056603774,0.14951224247952452,0.00012846294236867596,0.23782031336320963,,,,
dwell_r0_xi_2_p+3_Nd4001_dt1,main,dwell,0,xi_2,3,dsh_tau2.535us,0.11097446281452837,0.06797243392483747,0.0011786717331247311,1.429457685489663,0.00012711703594687164,2.9697578381362044e-05,0.00016831207988817558,1.9960480563286334,0.0,0.2818695989010012,0.0008390813283523152,0.3334407278783818,0.32476140717588053,0.38673543106983904,0.3235860614531059,0.3521471106765419
dwell_r0_xi_2_p+3_Nd4001_dt1,main,dwell,0,xi_2,3,dsh_tau1.940us,0.12846651164683653,0.08422221615008643,0.0011451899981249128,1.4339193628290186,0.00012446999688561438,2.9795141669662308e-05,0.00016850851324183105,1.9954817840146337,0.0,0.3103569870660023,0.0010290459549851928,0.31993151219320826,,,,
dwell_r0_xi_2_p+3_Nd4001_dt1,main,dwell,0,xi_2,3,dsh_tau4.000us,0.08607430397742107,0.044692063030528036,0.0012343972332145535,1.4220628967259274,0.00013163078022051532,2.953010674943324e-05,0.00016804462212113288,1.9955645833171078,0.0037735849056603774,0.23526575354082344,0.0005838923359195339,0.35997103914982487,,,,
dwell_r0_xi_2_p+6_Nd4001_dt1,main,dwell,0,xi_2,6,dsh_tau2.535us,0.34808449050119405,0.29214783479690903,0.0007964616942206652,1.5461052779618711,0.00013363765501028224,2.1024629286718187e-05,0.00017011396848340662,1.8878239517552118,0.0,0.5716513167094087,0.0068296260018303485,0.35785208658431783,0.42383305411176564,0.46924947771140135,0.41950269566237364,0.42320424434903764
dwell_r0_xi_2_p+6_Nd4001_dt1,main,dwell,0,xi_2,6,dsh_tau1.940us,0.41162417677013546,0.35170173927755344,0.0007685144377457237,1.5574808902968043,0.0001319400670991453,2.1147648022797165e-05,0.00017059441295192283,1.852554169959802,0.0037735849056603774,0.6225101143766618,0.008330999555207812,0.3480510385289367,,,,
dwell_r0_xi_2_p+6_Nd4001_dt1,main,dwell,0,xi_2,6,dsh_tau4.000us,0.24705284559819662,0.19719026025443664,0.0008504476639354892,1.529917877561914,0.0001372565070140957,2.0758789927625325e-05,0.00016934082011700643,1.9433238065300567,0.0,0.47538725016035305,0.004550974365130695,0.3852105827716211,,,,
dwell_r0_xi_4_p-6_Nd4001_dt1,main,dwell,0,xi_4,-6,dsh_tau2.535us,0.041421803463653824,0.005837563864093693,0.001643321204231888,1.2777665835509424,6.092423178615302e-05,-4.485826085584204e-05,3.749138402952193e-05,1.9933460562143794,0.0037735849056603774,0.13246702486224818,2.4500245766925717e-05,0.020511420181011875,0.02122895684127838,0.06818154809804591,0.021650740152211124,0.06498043316368651
dwell_r0_xi_4_p-6_Nd4001_dt1,main,dwell,0,xi_4,-6,dsh_tau1.940us,0.04160575231554238,0.006000957229131915,0.0016395080219641334,1.279454551300688,6.078826122527917e-05,-4.4854979480328884e-05,3.748997866660421e-05,1.9934861491517195,0.0037735849056603774,0.13325407037191514,2.4709721385084796e-05,0.020449864142717215,,,,
dwell_r0_xi_4_p-6_Nd4001_dt1,main,dwell,0,xi_4,-6,dsh_tau4.000us,0.040997151134743455,0.0054856488173202905,0.0016511094211351305,1.2743345792911742,6.120046402934755e-05,-4.4865314261741194e-05,3.749407966543435e-05,1.9928563061013165,0.0037735849056603774,0.13102189251503285,2.399202621203458e-05,0.020776666579862407,,,,
dwell_r0_xi_4_p+0_Nd4001_dt1,main,dwell,0,xi_4,0,dsh_tau2.535us,0.064632855619596,0.026619531196411788,0.0013949786660398967,1.370089207485646,0.0001043328808564496,-3.789573441206934e-05,5.604330765091069e-05,1.98667370427079,0.0037735849056603774,0.18025346569020986,0.00017959295910925603,0.20285360902599353,0.20908214602065,0.2523728999475348,0.20933976037960073,0.25155701511904294
dwell_r0_xi_4_p+0_Nd4001_dt1,main,dwell,0,xi_4,0,dsh_tau1.940us,0.0672942507193014,0.029064898356162664,0.0013812088020925858,1.3737820512340493,0.00010343233737019964,-3.78808686669517e-05,5.606003064698308e-05,1.9878907145100373,0.0037735849056603774,0.18758749692706855,0.00019172154820833225,0.19930919470413402,,,,
dwell_r0_xi_4_p+0_Nd4001_dt1,main,dwell,0,xi_4,0,dsh_tau4.000us,0.059035260242321606,0.0215675331560187,0.001423178784474048,1.3625568139174582,0.00010616154447006783,-3.793290496395675e-05,5.598124712280737e-05,1.9832448856242673,0.0037735849056603774,0.1651846235920344,0.00015304189065856546,0.21240251486589362,,,,
dwell_r0_xi_4_p+3_Nd4001_dt1,main,dwell,0,xi_4,3,dsh_tau2.535us,0.15731198485104694,0.11194701305611378,0.0010917126920254275,1.4399577669563681,0.0001202518767045007,2.9147255968077382e-05,0.00020489668600626217,1.9921640199470338,0.0037735849056603774,0.34068723366090087,0.0012754159967823134,0.28852539998823296,0.27977509671486134,0.3349111719117565,0.27981692501201927,0.31450760351535595
dwell_r0_xi_4_p+3_Nd4001_dt1,main,dwell,0,xi_4,3,dsh_tau1.940us,0.17193549213492784,0.12554663854638276,0.0010681652141083851,1.443505381552718,0.00011840023025985799,2.9164537406301572e-05,0.0002049114995996915,1.9912626515400784,0.0037735849056603774,0.36160278473540264,0.0014129229090281902,0.2761716041074496,,,,
dwell_r0_xi_4_p+3_Nd4001_dt1,main,dwell,0,xi_4,3,dsh_tau4.000us,0.1283929767477694,0.08535360395111093,0.001140852140391826,1.4329589912434777,0.00012408342211800625,2.9098284070452116e-05,0.00020480786326745868,1.993154580582341,0.0037735849056603774,0.29739575208044383,0.0009923612576707105,0.31633888572961466,,,,
dwell_r0_xi_4_p+6_Nd4001_dt1,main,dwell,0,xi_4,6,dsh_tau2.535us,0.5182595657332831,0.4488909458794063,0.0007272185280235052,1.577587007390318,0.00012960029797302587,1.9681761139731283e-05,0.00020721668973550445,1.8188041954225467,0.0,0.6716697171150737,0.009656816724012128,0.302981823178577,0.3427481208403418,0.38764551782203105,0.34024660678078666,0.3501806887560724
dwell_r0_xi_4_p+6_Nd4001_dt1,main,dwell,0,xi_4,6,dsh_tau1.940us,0.5692532222407299,0.4969799368849718,0.000709799422301191,1.5881137025857048,0.00012860548906189662,1.967529038387923e-05,0.00020729134777604054,1.7969486521391413,0.0,0.7107437386825302,0.0106094763017204,0.2945564697013599,,,,
dwell_r0_xi_4_p+6_Nd4001_dt1,main,dwell,0,xi_4,6,dsh_tau4.000us,0.41777716749323873,0.35513969441490273,0.0007650938796122019,1.5577312501619767,0.00013175816483666222,1.9669349338240008e-05,0.0002069602869020664,1.862988390164998,0.0,0.5921924820080998,0.007768080095827918,0.32849217864276375,,,,
dwell_r1_xi_0.05_p-6_Nd4001_dt1,main,dwell,1,xi_0.05,-6,dsh_tau2.535us,0.1778645900902113,0.011852462613344363,0.0017892231596529987,1.3168067943094015,6.739820267066312e-05,-4.2119489268240256e-05,6.920313905011242e-05,1.518435357376698,0.18867924528301888,0.39881438752764553,0.0001838657900092929,,,,,
dwell_r1_xi_0.05_p-6_Nd4001_dt1,main,dwell,1,xi_0.05,-6,dsh_tau1.940us,0.17764725472180964,0.011857531782725556,0.0017890510033758892,1.3167821591065612,6.738550529742827e-05,-4.2121052148686016e-05,6.916140432015418e-05,1.518828004826369,0.18867924528301888,0.3985253272033737,0.00018366285114595847,,,,,
dwell_r1_xi_0.05_p-6_Nd4001_dt1,main,dwell,1,xi_0.05,-6,dsh_tau4.000us,0.17812243175086645,0.0118466959577521,0.0017894235628551944,1.3168369924178869,6.741311653771599e-05,-4.211743766412177e-05,6.925291362073197e-05,1.5180234519446374,0.18867924528301888,0.3991525206030767,0.0001841138679680166,,,,,
dwell_r1_xi_0.05_p+0_Nd4001_dt1,main,dwell,1,xi_0.05,0,dsh_tau2.535us,0.17559558140469256,0.011643318857997955,0.0016400779365340675,1.3805409313969002,0.00012314883120033738,-3.3285597691999874e-05,0.00012523134979890683,1.4923777922211374,0.19622641509433963,0.3952591673942812,0.0006946049290427378,,,,,
dwell_r1_xi_0.05_p+0_Nd4001_dt1,main,dwell,1,xi_0.05,0,dsh_tau1.940us,0.1748454291225775,0.011693115233974318,0.0016394275712499412,1.3804245607822794,0.00012306075015022767,-3.3298034597157955e-05,0.00012496388770122447,1.494003853225927,0.19622641509433963,0.39429495480872756,0.0006920218443111774,,,,,
dwell_r1_xi_0.05_p+0_Nd4001_dt1,main,dwell,1,xi_0.05,0,dsh_tau4.000us,0.17649520418157347,0.011582522496507628,0.0016408420324896865,1.3806812806380089,0.0001232532548610025,-3.3271751799123566e-05,0.00012555158406371314,1.4906504433129444,0.19622641509433963,0.3963910709361574,0.0006978348651120564,,,,,
dwell_r1_xi_0.05_p+3_Nd4001_dt1,main,dwell,1,xi_0.05,3,dsh_tau2.535us,0.18677990944444126,0.0231222460627027,0.0014580184728065686,1.450721441399626,0.0001553769933831107,3.436754044578531e-05,0.00015733725327131808,1.454237680267141,0.1811320754716981,0.41161421964573963,0.0014824868019743154,,,,,
dwell_r1_xi_0.05_p+3_Nd4001_dt1,main,dwell,1,xi_0.05,3,dsh_tau1.940us,0.1855908527280154,0.023332239324901465,0.0014568756504065902,1.450309244829613,0.00015517746457882614,3.4348465697745256e-05,0.00015681300109818093,1.4565697083981037,0.1811320754716981,0.4102896299648853,0.0014751574779647773,,,,,
dwell_r1_xi_0.05_p+3_Nd4001_dt1,main,dwell,1,xi_0.05,3,dsh_tau4.000us,0.18820825339849856,0.022864587808601317,0.001459364334487502,1.4512039145502278,0.00015561382854890202,3.439241320316432e-05,0.00015797856450563454,1.4518421815823699,0.1811320754716981,0.4131618940272616,0.0014920483005478426,,,,,
dwell_r1_xi_0.05_p+6_Nd4001_dt1,main,dwell,1,xi_0.05,6,dsh_tau2.535us,0.19567923255317732,0.034163826254926755,0.0011070426322854574,1.5503314299426425,0.000167270304590356,2.543627160449881e-05,0.00016725404964159022,1.4771548131211767,0.18867924528301888,0.42929200505855086,0.003095051812729544,,,,,
dwell_r1_xi_0.05_p+6_Nd4001_dt1,main,dwell,1,xi_0.05,6,dsh_tau1.940us,0.19431587583485005,0.0351529637193866,0.0011053112107467984,1.5490057627480036,0.00016691348836529358,2.54123372222584e-05,0.0001664985412120011,1.4790204687567627,0.19245283018867926,0.42835052543658286,0.0030822548305470864,,,,,
dwell_r1_xi_0.05_p+6_Nd4001_dt1,main,dwell,1,xi_0.05,6,dsh_tau4.000us,0.1973421423576138,0.032948934561316125,0.001109107117497288,1.5519106315481892,0.00016769851125054852,2.5447272015154073e-05,0.00016817896223732893,1.4758841515234342,0.18490566037735848,0.43036525835660994,0.0031153959730052428,,,,,
dwell_r1_xi_0.1_p-6_Nd4001_dt1,main,dwell,1,xi_0.1,-6,dsh_tau2.535us,0.11596639484002563,0.010885757774840741,0.001753551031379587,1.2969530537985487,6.62290350751123e-05,-4.333852217747445e-05,4.907893842886546e-05,1.7991676597496868,0.06792452830188679,0.2984381324028465,0.00013328365361368446,,,,,
dwell_r1_xi_0.1_p-6_Nd4001_dt1,main,dwell,1,xi_0.1,-6,dsh_tau1.940us,0.11565700070847147,0.01089694562182533,0.0017529552542689974,1.2970401687044872,6.61973302130461e-05,-4.333138703100959e-05,4.90627268310342e-05,1.7998796705474571,0.06792452830188679,0.297987437856464,0.0001329586956452498,,,,,
dwell_r1_xi_0.1_p-6_Nd4001_dt1,main,dwell,1,xi_0.1,-6,dsh_tau4.000us,0.11634561253030559,0.010873144503696777,0.0017542641467231507,1.2968511386844246,6.626727189986885e-05,-4.334891810717085e-05,4.9097401878530665e-05,1.798337801925358,0.07169811320754717,0.2990195855043971,0.00013359344903082052,,,,,
dwell_r1_xi_0.1_p+0_Nd4001_dt1,main,dwell,1,xi_0.1,0,dsh_tau2.535us,0.11266561439452702,0.01134987267608457,0.0016044830898707162,1.3612991584774223,0.00012073153562811355,-3.541707993106878e-05,8.90449291427735e-05,1.7978479971380792,0.07547169811320754,0.2909964815223908,0.0004963855724022598,,,,,
dwell_r1_xi_0.1_p+0_Nd4001_dt1,main,dwell,1,xi_0.1,0,dsh_tau1.940us,0.11171104442232631,0.01148780114894569,0.0016024092210557425,1.3614652501889717,0.00012052358378921838,-3.5377210770276216e-05,8.893491759025732e-05,1.8005405394205685,0.07547169811320754,0.2894193766270583,0.0004923874224489664,,,,,
dwell_r1_xi_0.1_p+0_Nd4001_dt1,main,dwell,1,xi_0.1,0,dsh_tau4.000us,0.11383217257721412,0.011171809384411946,0.0016070151904557348,1.3610903942741004,0.00012098576397803672,-3.548469257369839e-05,8.917332447301258e-05,1.7946772892212073,0.07547169811320754,0.2929991971076395,0.0005002031602766279,,,,,
dwell_r1_xi_0.1_p+3_Nd4001_dt1,main,dwell,1,xi_0.1,3,dsh_tau2.535us,0.11801677317677604,0.019426519715807174,0.0014217944239446447,1.4309167591566232,0.0001514822845699736,3.187246784114369e-05,0.00012079627361323897,1.7822705953225146,0.06415094339622641,0.2996124803055567,0.0010450042799921221,,,,,
dwell_r1_xi_0.1_p+3_Nd4001_dt1,main,dwell,1,xi_0.1,3,dsh_tau1.940us,0.11681242318099382,0.02001549260126797,0.00141794925942739,1.430652595083973,0.00015099085550476226,3.196203083532282e-05,0.00012051090542787636,1.786317425226567,0.06415094339622641,0.29733353877632324,0.0010354061535623553,,,,,
dwell_r1_xi_0.1_p+3_Nd4001_dt1,main,dwell,1,xi_0.1,3,dsh_tau4.000us,0.1194900541227712,0.018652441426512314,0.0014265198469949204,1.4312380685766113,0.00015208660614986517,3.1718115487254325e-05,0.00012113709293935591,1.7773578525831322,0.06792452830188679,0.30249052459896,0.0010526322376263194,,,,,
dwell_r1_xi_0.1_p+6_Nd4001_dt1,main,dwell,1,xi_0.1,6,dsh_tau2.535us,0.1295334148585966,0.03340312318295855,0.0010711633400082251,1.5281711689850557,0.00016202971805395189,2.3707338686715868e-05,0.00012767952964432366,1.765640694200761,0.06037735849056604,0.31785025851515286,0.0023276645650949423,,,,,
dwell_r1_xi_0.1_p+6_Nd4001_dt1,main,dwell,1,xi_0.1,6,dsh_tau1.940us,0.12999769703544897,0.036519525016271905,0.0010650636733250149,1.5264401507074028,0.00016113937985361222,2.3845029756790293e-05,0.00012706070245955411,1.7714251337492073,0.06037735849056604,0.317291519134607,0.0023544928829745933,,,,,
dwell_r1_xi_0.1_p+6_Nd4001_dt1,main,dwell,1,xi_0.1,6,dsh_tau4.000us,0.12883486311143985,0.029225335593666437,0.0010787274710682792,1.5303163577675722,0.00016312510418942615,2.3402570892424443e-05,0.00012845308101712316,1.759142584326555,0.06037735849056604,0.31816992212146666,0.0022745658733365672,,,,,
dwell_r1_xi_0.25_p-6_Nd4001_dt1,main,dwell,1,xi_0.25,-6,dsh_tau2.535us,0.06705972408212243,0.008739080476500915,0.0017111270910827104,1.2710539906953389,6.365927845086761e-05,-4.381027714435205e-05,3.295128336091077e-05,1.9919506171303514,0.0,0.20487434190431852,6.466698682437987e-05,,,,,
dwell_r1_xi_0.25_p-6_Nd4001_dt1,main,dwell,1,xi_0.25,-6,dsh_tau1.940us,0.06686783798047174,0.008780706484653148,0.0017095285655961776,1.2716024149841765,6.359399502905635e-05,-4.3810096060267605e-05,3.292569508693102e-05,1.9922104033274795,0.0,0.20434202584759772,6.437959061517241e-05,,,,,
dwell_r1_xi_0.25_p-6_Nd4001_dt1,main,dwell,1,xi_0.25,-6,dsh_tau4.000us,0.06730150698397706,0.008690480153632319,0.001713076529257736,1.2703961883612611,6.373919305518646e-05,-4.381188210474356e-05,3.2983815707492165e-05,1.9915782401072415,0.0,0.20564728900599796,6.499003516134467e-05,,,,,
dwell_r1_xi_0.25_p+0_Nd4001_dt1,main,dwell,1,xi_0.25,0,dsh_tau2.535us,0.0668240185955076,0.009912788613890208,0.0015573472923058195,1.3381996503304863,0.0001155827277633404,-3.6445403410273544e-05,5.6028221700120935e-05,1.9920593979541399,0.0037735849056603774,0.19001456820680057,0.00023857330358335028,,,,,
dwell_r1_xi_0.25_p+0_Nd4001_dt1,main,dwell,1,xi_0.25,0,dsh_tau1.940us,0.06657483215677792,0.01041456573690379,0.0015517888464876039,1.3396649338072226,0.00011515612001985037,-3.6447801505142006e-05,5.5857132478698426e-05,1.9930072832525978,0.0037735849056603774,0.1892927512105592,0.00023709362431239913,,,,,
dwell_r1_xi_0.25_p+0_Nd4001_dt1,main,dwell,1,xi_0.25,0,dsh_tau4.000us,0.06716767838056316,0.009309725169489991,0.0015640554314382844,1.3364397509960892,0.00011610045586129236,-3.6454819131959385e-05,5.623919019006708e-05,1.990586955923793,0.0037735849056603774,0.19136397410822914,0.00023998679983306203,,,,,
dwell_r1_xi_0.25_p+3_Nd4001_dt1,main,dwell,1,xi_0.25,3,dsh_tau2.535us,0.07271487314263332,0.016571765669432664,0.001368104067005807,1.4086525498141547,0.00014380956259098585,3.0461879979753086e-05,0.00010108937515508155,1.9895646152185935,0.0037735849056603774,0.20234290116418002,0.0005585668518189147,,,,,
dwell_r1_xi_0.25_p+3_Nd4001_dt1,main,dwell,1,xi_0.25,3,dsh_tau1.940us,0.07371091885472815,0.01862384266296619,0.0013574581904493097,1.4098361457537147,0.00014275515441730273,3.046294584275763e-05,0.00010080103495858477,1.9906119262033706,0.0037735849056603774,0.20532019050575906,0.0005715995640214042,,,,,
dwell_r1_xi_0.25_p+3_Nd4001_dt1,main,dwell,1,xi_0.25,3,dsh_tau4.000us,0.07165466445421646,0.01412609941243855,0.001380998848828868,1.4072398572052014,0.00014509636538393906,3.0422650221309383e-05,0.00010142186110337307,1.987678380384652,0.0037735849056603774,0.19962661516591346,0.000542142394178697,,,,,
dwell_r1_xi_0.25_p+6_Nd4001_dt1,main,dwell,1,xi_0.25,6,dsh_tau2.535us,0.10245419892487878,0.046355837023365105,0.0010115858469581115,1.5063765972340062,0.00015224139146371483,2.1771999501849503e-05,0.00010441560224210571,1.9840160434583285,0.0037735849056603774,0.2716114931546867,0.0018759145935721229,,,,,
dwell_r1_xi_0.25_p+6_Nd4001_dt1,main,dwell,1,xi_0.25,6,dsh_tau1.940us,0.11231962703026109,0.05692995361072266,0.0009952984181420869,1.506393909876903,0.0001504557888707342,2.1827341525966856e-05,0.0001040547923438537,1.9815333075958999,0.0037735849056603774,0.29319605954635164,0.002138534441292492,,,,,
dwell_r1_xi_0.25_p+6_Nd4001_dt1,main,dwell,1,xi_0.25,6,dsh_tau4.000us,0.09100153899320369,0.0336916714399631,0.0010318092379851802,1.506652128505192,0.00015448305759637162,2.1638361203599893e-05,0.00010489149488025254,1.986333044743874,0.0037735849056603774,0.24455701650431916,0.001558103683390232,,,,,
dwell_r1_xi_0.5_p-6_Nd4001_dt1,main,dwell,1,xi_0.5,-6,dsh_tau2.535us,0.05061471335272687,0.006451175535962971,0.0016882368803129266,1.2668564018924826,6.260567688074281e-05,-4.653692425100672e-05,2.9733282487391993e-05,1.9877585651959737,0.0037735849056603774,0.16243200473847427,4.2289247435553324e-05,,,,,
dwell_r1_xi_0.5_p-6_Nd4001_dt1,main,dwell,1,xi_0.5,-6,dsh_tau1.940us,0.050540439643365576,0.006540439754877988,0.0016854410883885527,1.2679729952472854,6.2499783258758e-05,-4.653006452679533e-05,2.9707160171184677e-05,1.9880155280024967,0.0037735849056603774,0.16252430550693303,4.212501257555804e-05,,,,,
dwell_r1_xi_0.5_p-6_Nd4001_dt1,main,dwell,1,xi_0.5,-6,dsh_tau4.000us,0.05073153142334846,0.006347760770820009,0.0016917299968716548,1.2654763052285534,6.273872687224358e-05,-4.6544388604471505e-05,2.9769112423456055e-05,1.9874764465864485,0.0037735849056603774,0.16229636098765884,4.2550850419441184e-05,,,,,
dwell_r1_xi_0.5_p+0_Nd4001_dt1,main,dwell,1,xi_0.5,0,dsh_tau2.535us,0.052454768115042356,0.009610222792988338,0.001522957964573541,1.33818984951532,0.00011278210330674478,-4.094658788232996e-05,4.749823672200583e-05,1.9933670399191339,0.0037735849056603774,0.15807750499952586,0.0001502279003567115,,,,,
dwell_r1_xi_0.5_p+0_Nd4001_dt1,main,dwell,1,xi_0.5,0,dsh_tau1.940us,0.05309765684997588,0.010725960867688941,0.0015131308495104343,1.3411254122393317,0.00011208842647372598,-4.089681390948354e-05,4.73339934931581e-05,1.9939294652479536,0.0037735849056603774,0.16087863525453966,0.00015179774560807423,,,,,
dwell_r1_xi_0.5_p+0_Nd4001_dt1,main,dwell,1,xi_0.5,0,dsh_tau4.000us,0.05180713135690821,0.008306062608351159,0.0015352113525481607,1.3344523748282202,0.00011365486469269115,-4.0998276269563835e-05,4.772681973398918e-05,1.992748165719286,0.0037735849056603774,0.15449472941999048,0.00014954963011444105,,,,,
dwell_r1_xi_0.5_p+3_Nd4001_dt1,main,dwell,1,xi_0.5,3,dsh_tau2.535us,0.06396491832786089,0.021767195386117353,0.0013179951973310755,1.4093004044536834,0.00013861666853710736,2.5475594107135943e-05,0.00010883170247590603,1.9882612243251283,0.0037735849056603774,0.19483880962903688,0.00038618128131043955,,,,,
dwell_r1_xi_0.5_p+3_Nd4001_dt1,main,dwell,1,xi_0.5,3,dsh_tau1.940us,0.06828610330021968,0.026599530592812604,0.0012990842533377731,1.411961062841857,0.00013690447565216943,2.561241018272669e-05,0.00010869189178812323,1.9889658998680295,0.0037735849056603774,0.2064075843815724,0.00042178952171795226,,,,,
dwell_r1_xi_0.5_p+3_Nd4001_dt1,main,dwell,1,xi_0.5,3,dsh_tau4.000us,0.0592650636790209,0.01626535597421335,0.0013416788100446913,1.4057958173439347,0.00014079654168171218,2.534298329418791e-05,0.00010905107038947085,1.9870804234747852,0.0037735849056603774,0.1800971797346968,0.00035145965559534866,,,,,
dwell_r1_xi_0.5_p+6_Nd4001_dt1,main,dwell,1,xi_0.5,6,dsh_tau2.535us,0.12882557363312497,0.08494715831884331,0.0009476182790986837,1.508455091622325,0.00014499717308310634,1.6297849194268686e-05,0.0001113370063432032,1.98138526178738,0.007547169811320755,0.3252924569870051,0.0018544366415407557,,,,,
dwell_r1_xi_0.5_p+6_Nd4001_dt1,main,dwell,1,xi_0.5,6,dsh_tau1.940us,0.15356968015683087,0.10907512030818148,0.0009220325128098302,1.5112358699776942,0.0001426195481404324,1.6521301338822923e-05,0.00011149645449994069,1.978404422751779,0.007547169811320755,0.36206431171545944,0.0023290199989716826,,,,,
dwell_r1_xi_0.5_p+6_Nd4001_dt1,main,dwell,1,xi_0.5,6,dsh_tau4.000us,0.10051859506369258,0.05678912853957964,0.0009821222590741677,1.5055198651301234,0.00014838218389872783,1.6109146229010984e-05,0.00011132964694255846,1.9820658246327356,0.007547169811320755,0.27569259650624917,0.0013359621608839704,,,,,
dwell_r1_xi_1_p-6_Nd4001_dt1,main,dwell,1,xi_1,-6,dsh_tau2.535us,0.04199302353875105,0.005640399104242935,0.0016756393408066108,1.266612343308225,6.202652638931906e-05,-4.4157290110009635e-05,3.0344274328340198e-05,1.87644104454913,0.011320754716981131,0.1659533841656987,2.360264802538813e-05,,,,,
dwell_r1_xi_1_p-6_Nd4001_dt1,main,dwell,1,xi_1,-6,dsh_tau1.940us,0.0420941657309557,0.005818779441017588,0.0016712991729393768,1.2684551720641366,6.186889332158527e-05,-4.415991042780876e-05,3.0328694409931122e-05,1.8796637571734,0.011320754716981131,0.16580424207909764,2.3695527812368023e-05,,,,,
dwell_r1_xi_1_p-6_Nd4001_dt1,main,dwell,1,xi_1,-6,dsh_tau4.000us,0.04189099719941226,0.005404997931191392,0.0016817819210828036,1.2640067577003515,6.225088827532242e-05,-4.4153735740421396e-05,3.0371011414478823e-05,1.871936313791115,0.011320754716981131,0.16637821632179667,2.3608850852429072e-05,,,,,
dwell_r1_xi_1_p+0_Nd4001_dt1,main,dwell,1,xi_1,0,dsh_tau2.535us,0.04859995574464383,0.01297849469316799,0.001487558720913522,1.3447830938838545,0.00011021509036682869,-3.708780708922136e-05,4.857904152618251e-05,1.924999037758207,0.011320754716981131,0.16557425401244688,9.916163495991674e-05,,,,,
dwell_r1_xi_1_p+0_Nd4001_dt1,main,dwell,1,xi_1,0,dsh_tau1.940us,0.05070939940203546,0.015223209575439989,0.0014721370928386871,1.3492755307483437,0.00010918213895838428,-3.7107836657639405e-05,4.846861253882257e-05,1.9402018226832414,0.011320754716981131,0.17063761316866824,0.0001111149008835745,,,,,
dwell_r1_xi_1_p+0_Nd4001_dt1,main,dwell,1,xi_1,0,dsh_tau4.000us,0.04599177887642045,0.010068658251877813,0.0015094494537675072,1.3381050970529555,0.00011169812273653739,-3.706840951616449e-05,4.876449035599237e-05,1.895796097426091,0.011320754716981131,0.15921343758472895,8.533359302118419e-05,,,,,
dwell_r1_xi_1_p+3_Nd4001_dt1,main,dwell,1,xi_1,3,dsh_tau2.535us,0.07603795429646378,0.0398716958116356,0.0012530848802778075,1.4160472083398163,0.00013284671320774535,2.971563672651779e-05,0.00014376249064514232,1.9719491420284783,0.007547169811320755,0.2326916922197272,0.0004789791592475133,,,,,
dwell_r1_xi_1_p+3_Nd4001_dt1,main,dwell,1,xi_1,3,dsh_tau1.940us,0.0868097119778511,0.050409645913595744,0.0012237753546147359,1.419949144493636,0.00013038692754197684,2.9675124519386734e-05,0.00014367140349685312,1.9799933956581273,0.007547169811320755,0.2535667878328657,0.0006032175431454036,,,,,
dwell_r1_xi_1_p+3_Nd4001_dt1,main,dwell,1,xi_1,3,dsh_tau4.000us,0.06299658727999051,0.026853063525261654,0.0012950933068591195,1.4098819714437936,0.000136466825102902,2.9750821167255035e-05,0.00014392211140609786,1.9488206778563613,0.007547169811320755,0.20347503376912282,0.0003324523044413467,,,,,
dwell_r1_xi_1_p+6_Nd4001_dt1,main,dwell,1,xi_1,6,dsh_tau2.535us,0.2176896736679864,0.17587687354394738,0.0008678198672754709,1.5207077054998286,0.00013824361782119055,2.140725782479536e-05,0.00014491014041384678,1.9583512168565063,0.007547169811320755,0.4453359717380404,0.003973660830525714,,,,,
dwell_r1_xi_1_p+6_Nd4001_dt1,main,dwell,1,xi_1,6,dsh_tau1.940us,0.26572436354653295,0.22196135197986946,0.0008366793931021587,1.5281175990425342,0.0001358864608319313,2.1351355983788585e-05,0.0001450486161286321,1.9343216809660606,0.0,0.49536322648806286,0.005108237235307297,,,,,
dwell_r1_xi_1_p+6_Nd4001_dt1,main,dwell,1,xi_1,6,dsh_tau4.000us,0.15412437978035573,0.11456988721613029,0.0009188788698993927,1.5113694023394648,0.00014250659418738425,2.141233290877107e-05,0.00014477105094561047,1.9765747644219058,0.007547169811320755,0.3674716836194641,0.002490347151799459,,,,,
dwell_r1_xi_2_p-6_Nd4001_dt1,main,dwell,1,xi_2,-6,dsh_tau2.535us,0.04084176012614883,0.005559376260156179,0.0016585557218361088,1.272199799867306,6.147653401992639e-05,-4.304847466302475e-05,3.319949328183239e-05,1.9999939157201494,0.0,0.11589417245976115,2.4567048220440157e-05,,,,,
dwell_r1_xi_2_p-6_Nd4001_dt1,main,dwell,1,xi_2,-6,dsh_tau1.940us,0.04106532202999053,0.005786749409750691,0.0016537228524337762,1.2743078818923668,6.13039410558421e-05,-4.305431258778067e-05,3.3204262877032604e-05,1.9999936890888614,0.0,0.1168668511569427,2.497149705804502e-05,,,,,
dwell_r1_xi_2_p-6_Nd4001_dt1,main,dwell,1,xi_2,-6,dsh_tau4.000us,0.04050584779004468,0.00519814144068024,0.0016664977397378574,1.2687377349051725,6.176100613841438e-05,-4.3041475191629484e-05,3.319232593122681e-05,1.9999944233326288,0.0,0.11424468921923414,2.3995480435934268e-05,,,,,
dwell_r1_xi_2_p+0_Nd4001_dt1,main,dwell,1,xi_2,0,dsh_tau2.535us,0.05443888865721792,0.01937348759271678,0.0014392846186726449,1.3579811754808602,0.00010714169563445691,-3.4634260801736836e-05,5.3706136504183916e-05,1.9996511450243764,0.0,0.15304154810001555,0.00014248931342390178,,,,,
dwell_r1_xi_2_p+0_Nd4001_dt1,main,dwell,1,xi_2,0,dsh_tau1.940us,0.057618435264414646,0.022450190751211137,0.0014217122486655201,1.3627282470749238,0.00010599304568874001,-3.465356618916728e-05,5.367742870039252e-05,1.9995631692648927,0.0,0.16221902459931,0.00015969174542636918,,,,,
dwell_r1_xi_2_p+0_Nd4001_dt1,main,dwell,1,xi_2,0,dsh_tau4.000us,0.049675914631495115,0.014691567719063504,0.00146799657808811,1.3498797916243672,0.00010903178804945248,-3.4606840112041844e-05,5.3745971792975275e-05,1.9998183180496774,0.0,0.13763493428352044,0.00011716340264195545,,,,,
dwell_r1_xi_2_p+3_Nd4001_dt1,main,dwell,1,xi_2,3,dsh_tau2.535us,0.10969161070543326,0.07322760321559538,0.0011670452960602133,1.4283103414871174,0.00012590067205180545,3.321430642960306e-05,0.0001787278609441139,1.996086311529152,0.0,0.2757541907559511,0.0008549961726532197,,,,,
dwell_r1_xi_2_p+3_Nd4001_dt1,main,dwell,1,xi_2,3,dsh_tau1.940us,0.1262572932640525,0.08904964111961358,0.001135312019330454,1.4325243323109917,0.0001233887759996817,3.320416566071556e-05,0.00017868980360417753,1.9949695942175205,0.0,0.3016907350005635,0.0010327389353211873,,,,,
dwell_r1_xi_2_p+3_Nd4001_dt1,main,dwell,1,xi_2,3,dsh_tau4.000us,0.0857734706285239,0.050183500945039435,0.0012204509505329294,1.421231019589572,0.00013023303014762634,3.322820953219573e-05,0.00017879004342749404,1.9975519149355512,0.0,0.2325069214597453,0.000600212168889522,,,,,
dwell_r1_xi_2_p+6_Nd4001_dt1,main,dwell,1,xi_2,6,dsh_tau2.535us,0.35895667546212995,0.31311573800416453,0.0007851021911734867,1.5473144446478295,0.00013241602384375846,2.385791744986517e-05,0.00018028076256566695,1.9063330729947099,0.0037735849056603774,0.5526302208832322,0.006795791435279823,,,,,
dwell_r1_xi_2_p+6_Nd4001_dt1,main,dwell,1,xi_2,6,dsh_tau1.940us,0.41999893534536376,0.37098672005802824,0.0007591751518115619,1.5584390352521265,0.00013088665817271049,2.387438109587258e-05,0.00018038317808392236,1.8800999120196424,0.0037735849056603774,0.6015036917850812,0.008054620003631625,,,,,
dwell_r1_xi_2_p+6_Nd4001_dt1,main,dwell,1,xi_2,6,dsh_tau4.000us,0.2611715821013228,0.2201425759863418,0.0008354767011990141,1.5311669214140387,0.0001357434462562715,2.381282882243402e-05,0.00017999555657288393,1.948408874710408,0.0,0.46512225335574375,0.004758191650403478,,,,,
dwell_r1_xi_4_p-6_Nd4001_dt1,main,dwell,1,xi_4,-6,dsh_tau2.535us,0.03883443646550457,0.0057364975879144004,0.0016515878862479072,1.2763628852185758,6.120023298498395e-05,-4.380703713707858e-05,3.6875280510104885e-05,1.9999999999983724,0.0,0.13278053571339984,2.1113338074608902e-05,,,,,
dwell_r1_xi_4_p-6_Nd4001_dt1,main,dwell,1,xi_4,-6,dsh_tau1.940us,0.03900592233758913,0.005914481155715745,0.001647589287229424,1.27812100308653,6.105696963166528e-05,-4.380680797060425e-05,3.6876604217967825e-05,1.999999999998488,0.0,0.13360938190729915,2.1373691684057856e-05,,,,,
dwell_r1_xi_4_p-6_Nd4001_dt1,main,dwell,1,xi_4,-6,dsh_tau4.000us,0.03848807682356081,0.005357048912444035,0.0016596196540378948,1.2728539544834063,6.148783473616387e-05,-4.380615930913809e-05,3.687393329934264e-05,1.9999999999986637,0.0,0.13103125911978497,2.0514407000652483e-05,,,,,
dwell_r1_xi_4_p+0_Nd4001_dt1,main,dwell,1,xi_4,0,dsh_tau2.535us,0.05977596113582567,0.026108424979157337,0.0014024858062446027,1.3685878165888672,0.00010472874404535753,-3.618836699688616e-05,5.635961342219809e-05,1.999999941139824,0.0,0.18654886531520742,0.00017959602274870702,,,,,
dwell_r1_xi_4_p+0_Nd4001_dt1,main,dwell,1,xi_4,0,dsh_tau1.940us,0.06243451251508671,0.02872215094075913,0.001388046922953234,1.3724025697974114,0.00010377973539015933,-3.618265244004021e-05,5.6370758352638814e-05,1.9999998856035386,0.0,0.19422066330850735,0.00019327317593041316,,,,,
dwell_r1_xi_4_p+0_Nd4001_dt1,main,dwell,1,xi_4,0,dsh_tau4.000us,0.05443531311091592,0.02077213969789356,0.001431595166479803,1.3609650136622868,0.00010663422604649097,-3.618460025971426e-05,5.633336607353994e-05,1.9999999909232133,0.0,0.1701576792441685,0.00015051555576761305,,,,,
dwell_r1_xi_4_p+3_Nd4001_dt1,main,dwell,1,xi_4,3,dsh_tau2.535us,0.14699580948701463,0.11021933119414469,0.0010983384098727244,1.4386260479622979,0.00012051809304929158,3.086976303030304e-05,0.00020384125556163548,1.9977554131250832,0.0,0.3522872755760745,0.0013124694333368013,,,,,
dwell_r1_xi_4_p+3_Nd4001_dt1,main,dwell,1,xi_4,3,dsh_tau1.940us,0.16193988871308665,0.12471246820491806,0.0010736366921959754,1.4422148377881885,0.00011857145737065746,3.0900884511915865e-05,0.00020387114529679594,1.996752990210049,0.0,0.373757747461367,0.001463445432980497,,,,,
dwell_r1_xi_4_p+3_Nd4001_dt1,main,dwell,1,xi_4,3,dsh_tau4.000us,0.11845884554167271,0.08228371354255944,0.001149010032121563,1.4316866102587953,0.00012450291306662824,3.087173426271294e-05,0.00020378678592190103,1.9992088927156597,0.0,0.3072020296270063,0.001011434922651888,,,,,
dwell_r1_xi_4_p+6_Nd4001_dt1,main,dwell,1,xi_4,6,dsh_tau2.535us,0.49319729553922587,0.4449459578567812,0.0007309651654229086,1.576314989778107,0.0001292616553817009,2.062667700329745e-05,0.0002056473877306463,1.827484388250475,0.0,0.694346920424663,0.01001920430249498,,,,,
dwell_r1_xi_4_p+6_Nd4001_dt1,main,dwell,1,xi_4,6,dsh_tau1.940us,0.5463892368262525,0.4963276976110093,0.0007129359307508189,1.5871278133454199,0.0001282991738515946,2.068628204462169e-05,0.00020576120787759686,1.8032777568671465,0.0,0.7316989728402217,0.011061010792355323,,,,,
dwell_r1_xi_4_p+6_Nd4001_dt1,main,dwell,1,xi_4,6,dsh_tau4.000us,0.39348325237367504,0.3475899911957329,0.0007691255191476622,1.5561363639602521,0.00013139169298992956,2.0658646896494625e-05,0.00020540366191868436,1.8736607331839699,0.0,0.618085680943533,0.007998853029554219,,,,,
dwell_r2_xi_0.05_p-6_Nd4001_dt1,main,dwell,2,xi_0.05,-6,dsh_tau2.535us,0.17584657175652574,0.01242857085173471,0.00177948435049916,1.3132252684781975,6.683865177091178e-05,-4.7391838734540656e-05,6.868925810490409e-05,1.5548336825397184,0.1660377358490566,0.38414241749228417,0.00018087555714917537,,,,,
dwell_r2_xi_0.05_p-6_Nd4001_dt1,main,dwell,2,xi_0.05,-6,dsh_tau1.940us,0.17563512913179768,0.012433713188829127,0.0017793162996815493,1.3132001668447917,6.682632881090396e-05,-4.738667640652137e-05,6.864398157782344e-05,1.555179984147661,0.1660377358490566,0.38390049720055414,0.00018065750847374513,,,,,
dwell_r2_xi_0.05_p-6_Nd4001_dt1,main,dwell,2,xi_0.05,-6,dsh_tau4.000us,0.17609824064276347,0.012423019267066187,0.0017796730186784072,1.313259709886112,6.685288351869907e-05,-4.739880187562043e-05,6.874251982078956e-05,1.5544418781879599,0.1660377358490566,0.3844372775004814,0.00018114920026893785,,,,,
dwell_r2_xi_0.05_p+0_Nd4001_dt1,main,dwell,2,xi_0.05,0,dsh_tau2.535us,0.17249229285483103,0.011933305798702607,0.0016309897147606662,1.376844856654438,0.00012205733984564522,-4.2870792164530574e-05,0.00012525502217200027,1.587256586363255,0.16226415094339622,0.37227144103582804,0.0006762578684753619,,,,,
dwell_r2_xi_0.05_p+0_Nd4001_dt1,main,dwell,2,xi_0.05,0,dsh_tau1.940us,0.1717700173396372,0.011990752120309795,0.0016303391591244542,1.3767331451050109,0.00012197103679769789,-4.283501553735857e-05,0.00012494699271789253,1.5885831963586825,0.15849056603773584,0.37145730093167406,0.000673283733694366,,,,,
dwell_r2_xi_0.05_p+0_Nd4001_dt1,main,dwell,2,xi_0.05,0,dsh_tau4.000us,0.17336445289855268,0.011866820289924692,0.0016317348201712104,1.3769903729759507,0.0001221584713932986,-4.2918155989889786e-05,0.00012562077637734908,1.5857536760308986,0.16226415094339622,0.3732781210852267,0.0006801044218670542,,,,,
dwell_r2_xi_0.05_p+3_Nd4001_dt1,main,dwell,2,xi_0.05,3,dsh_tau2.535us,0.18255284432470636,0.02310961872348732,0.0014486977389026549,1.447254907122959,0.00015379724472709558,2.2509440818877614e-05,0.00015862972030492408,1.5883570946349823,0.13962264150943396,0.377629904988679,0.0014350186332615041,,,,,
dwell_r2_xi_0.05_p+3_Nd4001_dt1,main,dwell,2,xi_0.05,3,dsh_tau1.940us,0.18143292072895303,0.02334217889241011,0.0014475504655594048,1.4468467894453096,0.00015360253662201687,2.2576849078048568e-05,0.00015798048196242752,1.5899245738148537,0.13962264150943396,0.37648182203109615,0.001425025403820939,,,,,
dwell_r2_xi_0.05_p+3_Nd4001_dt1,main,dwell,2,xi_0.05,3,dsh_tau4.000us,0.18391795048688267,0.02283919149520205,0.0014499847387120933,1.4477362813538177,0.0001540226776608085,2.2414186965072238e-05,0.00015940040428641194,1.5866444309737573,0.14339622641509434,0.37909496976657636,0.0014483677279641344,,,,,
dwell_r2_xi_0.05_p+6_Nd4001_dt1,main,dwell,2,xi_0.05,6,dsh_tau2.535us,0.19203755720384796,0.03439088579790874,0.001097719321001024,1.5481925544170587,0.00016527934682101426,1.3193727705342896e-05,0.00016997133686778967,1.5906565638785437,0.12830188679245283,0.3813908491142474,0.0030298842824592652,,,,,
dwell_r2_xi_0.05_p+6_Nd4001_dt1,main,dwell,2,xi_0.05,6,dsh_tau1.940us,0.19087380405769577,0.03547675447763316,0.0010959791840827783,1.5468560543527905,0.0001649363044842683,1.3300514201445442e-05,0.00016885922280016072,1.591335778422085,0.12830188679245283,0.38053462834261803,0.003004962510852241,,,,,
dwell_r2_xi_0.05_p+6_Nd4001_dt1,main,dwell,2,xi_0.05,6,dsh_tau4.000us,0.1935592174103637,0.033138995686860025,0.0010997135775993258,1.549796494435985,0.00016568538258198519,1.3053510043503668e-05,0.0001712896522406153,1.5903015338934468,0.1320754716981132,0.3828557841810123,0.003068075081872965,,,,,
dwell_r2_xi_0.1_p-6_Nd4001_dt1,main,dwell,2,xi_0.1,-6,dsh_tau2.535us,0.11432243380119422,0.011343745469671762,0.0017497300428570926,1.2952453032579494,6.609405564763481e-05,-4.333089930587709e-05,4.650540960836601e-05,1.808818783535817,0.06037735849056604,0.31016812524688736,0.00012785444485862352,,,,,
dwell_r2_xi_0.1_p-6_Nd4001_dt1,main,dwell,2,xi_0.1,-6,dsh_tau1.940us,0.11401439751540025,0.011354131648614284,0.0017491364755385925,1.2953326940826966,6.606250367220327e-05,-4.332946777896149e-05,4.6492687439149775e-05,1.809518505945717,0.05660377358490566,0.30973635026206203,0.0001275129374320296,,,,,
dwell_r2_xi_0.1_p-6_Nd4001_dt1,main,dwell,2,xi_0.1,-6,dsh_tau4.000us,0.11469681531678436,0.011330478075901174,0.0017504223142737673,1.2951489127800255,6.613131148115307e-05,-4.33342208260429e-05,4.65200699275266e-05,1.8079100181856536,0.06037735849056604,0.31073111189391966,0.00012822916840808017,,,,,
dwell_r2_xi_0.1_p+0_Nd4001_dt1,main,dwell,2,xi_0.1,0,dsh_tau2.535us,0.1121001035508224,0.01124605763580111,0.0016012654226312225,1.3603672473739101,0.00012056439892277211,-3.489102967985742e-05,8.36301204060739e-05,1.840083578850347,0.052830188679245285,0.30668751481647005,0.00048519755748423183,,,,,
dwell_r2_xi_0.1_p+0_Nd4001_dt1,main,dwell,2,xi_0.1,0,dsh_tau1.940us,0.11116696791411301,0.011392178997742657,0.001599188525178704,1.3605410903714268,0.00012035752047600131,-3.48755839161268e-05,8.354950033315926e-05,1.8425321740429037,0.052830188679245285,0.3054171720641001,0.00048090229363968734,,,,,
dwell_r2_xi_0.1_p+0_Nd4001_dt1,main,dwell,2,xi_0.1,0,dsh_tau4.000us,0.1132613759736515,0.011065666353957717,0.0016037576565676925,1.3601586421091132,0.00012081507967647238,-3.4918424930949253e-05,8.372733278998629e-05,1.8368259663668758,0.052830188679245285,0.30840946733828983,0.0004899889401317307,,,,,
dwell_r2_xi_0.1_p+3_Nd4001_dt1,main,dwell,2,xi_0.1,3,dsh_tau2.535us,0.11788479348211507,0.01865717452879654,0.0014196041588690953,1.4306116400164939,0.0001513734430567027,3.325558182099499e-05,0.0001129853816412757,1.831261386030662,0.06792452830188679,0.31987746203511624,0.0010442410737627845,,,,,
dwell_r2_xi_0.1_p+3_Nd4001_dt1,main,dwell,2,xi_0.1,3,dsh_tau1.940us,0.11676269636948758,0.01928457523195973,0.0014157471399956257,1.4303442304351273,0.00015088637380120595,3.33071049862127e-05,0.00011278775702436496,1.8344697536165133,0.06415094339622641,0.318591258393254,0.0010338545614250484,,,,,
dwell_r2_xi_0.1_p+3_Nd4001_dt1,main,dwell,2,xi_0.1,3,dsh_tau4.000us,0.11933698727376905,0.017889811943280338,0.0014242248183130451,1.43092184818425,0.0001519647994760135,3.3185326789657477e-05,0.00011322287039343011,1.8272889203192249,0.06792452830188679,0.3217488293854633,0.0010551811013471376,,,,,
dwell_r2_xi_0.1_p+6_Nd4001_dt1,main,dwell,2,xi_0.1,6,dsh_tau2.535us,0.12637062546725517,0.03137994477999503,0.0010696348208976522,1.5278111420135312,0.00016172083514001586,2.5565039223826268e-05,0.00011945499832377422,1.8236882403034294,0.04150943396226415,0.32628723950037014,0.0022864751059863526,,,,,
dwell_r2_xi_0.1_p+6_Nd4001_dt1,main,dwell,2,xi_0.1,6,dsh_tau1.940us,0.12713884455123517,0.03466911027030897,0.0010635497121413275,1.526044783578199,0.0001608554199944137,2.5736539073234455e-05,0.00011911909589779888,1.826849446902903,0.04150943396226415,0.32857652162902745,0.00231335718059892,,,,,
dwell_r2_xi_0.1_p+6_Nd4001_dt1,main,dwell,2,xi_0.1,6,dsh_tau4.000us,0.12571764458722634,0.027333585326190894,0.0010770800912447013,1.5299690521760438,0.0001627993113055963,2.5325041527697997e-05,0.00011994877842678962,1.8191280038410205,0.03773584905660377,0.32429307797244206,0.0022480214047698233,,,,,
dwell_r2_xi_0.25_p-6_Nd4001_dt1,main,dwell,2,xi_0.25,-6,dsh_tau2.535us,0.06527784591099195,0.008740441417197306,0.0017092800933836223,1.2719083689478659,6.359217291883375e-05,-4.7666912935456975e-05,3.325200231144096e-05,1.896971930943042,0.018867924528301886,0.2016094286432232,5.491944334369162e-05,,,,,
dwell_r2_xi_0.25_p-6_Nd4001_dt1,main,dwell,2,xi_0.25,-6,dsh_tau1.940us,0.06509098151636854,0.008784036584647496,0.0017076897554287064,1.2724510771887418,6.352738957735981e-05,-4.7670775200689044e-05,3.322517955316042e-05,1.8976670143605456,0.018867924528301886,0.20144734934282021,5.473680792674182e-05,,,,,
dwell_r2_xi_0.25_p-6_Nd4001_dt1,main,dwell,2,xi_0.25,-6,dsh_tau4.000us,0.06552801486368647,0.008684875329965959,0.0017113123572854467,1.2712150365144197,6.367528097906052e-05,-4.766299338367215e-05,3.328837900401089e-05,1.8963854041538937,0.018867924528301886,0.20185991559260624,5.517073665989746e-05,,,,,
dwell_r2_xi_0.25_p+0_Nd4001_dt1,main,dwell,2,xi_0.25,0,dsh_tau2.535us,0.06478510563962638,0.010454255693376178,0.0015527395468391565,1.3396595078773126,0.00011523323837015861,-4.380597968994892e-05,5.548807527626319e-05,1.8692950897949228,0.022641509433962263,0.19063813173746078,0.00018746206554846775,,,,,
dwell_r2_xi_0.25_p+0_Nd4001_dt1,main,dwell,2,xi_0.25,0,dsh_tau1.940us,0.06455023721562309,0.010958009413238257,0.0015471994586261537,1.34109894242527,0.00011480923070183177,-4.38348740547637e-05,5.532465548309005e-05,1.873853414764494,0.022641509433962263,0.19092833626017883,0.0001869311955091183,,,,,
dwell_r2_xi_0.25_p+0_Nd4001_dt1,main,dwell,2,xi_0.25,0,dsh_tau4.000us,0.06514994285825161,0.009810426072893702,0.0015597788608643158,1.3378013067443373,0.00011577551575530323,-4.3777612569147463e-05,5.570761074669548e-05,1.8644932219499895,0.022641509433962263,0.19043109268734423,0.0001885174584425304,,,,,
dwell_r2_xi_0.25_p+3_Nd4001_dt1,main,dwell,2,xi_0.25,3,dsh_tau2.535us,0.07097278972326845,0.018179038548408744,0.0013596744669916773,1.4105135187681628,0.00014294087969728142,2.066352508899018e-05,0.00010289162000530957,1.8642932379550765,0.026415094339622643,0.2037809993463389,0.0004234841741589792,,,,,
dwell_r2_xi_0.25_p+3_Nd4001_dt1,main,dwell,2,xi_0.25,3,dsh_tau1.940us,0.07194502122964401,0.020241676218275575,0.0013490671731871463,1.411646240300317,0.00014189008053420974,2.0584677465620767e-05,0.00010265437475222672,1.8763905417922617,0.026415094339622643,0.20702370839381443,0.0004361021185066077,,,,,
dwell_r2_xi_0.25_p+3_Nd4001_dt1,main,dwell,2,xi_0.25,3,dsh_tau4.000us,0.06996717450443118,0.015581292431238706,0.001373192450089967,1.4090048036599112,0.00014429367465468323,2.0749568294797062e-05,0.00010320372478907958,1.8504336641519403,0.026415094339622643,0.19971909434248333,0.00040974392366924847,,,,,
dwell_r2_xi_0.25_p+6_Nd4001_dt1,main,dwell,2,xi_0.25,6,dsh_tau2.535us,0.10482925673752813,0.05291730551479932,0.0009995900802854392,1.5094519845515284,0.00015075197201760578,9.55676030794711e-06,0.00010490040997497228,1.9195419690729012,0.022641509433962263,0.2676505607241926,0.0013988608119798712,,,,,
dwell_r2_xi_0.25_p+6_Nd4001_dt1,main,dwell,2,xi_0.25,6,dsh_tau1.940us,0.11478975299835374,0.06367039644953082,0.0009835841112493637,1.5095046400376202,0.00014900600160887192,9.322897077625137e-06,0.00010461966887749278,1.9303953866065826,0.018867924528301886,0.28371766301406726,0.0016137734696171926,,,,,
dwell_r2_xi_0.25_p+6_Nd4001_dt1,main,dwell,2,xi_0.25,6,dsh_tau4.000us,0.09316291145029337,0.03939485383959396,0.001020553134448618,1.5095034539591374,0.00015309571063527405,9.846463513888104e-06,0.0001053998996939765,1.8996951840004257,0.03018867924528302,0.24553846444901173,0.0011471014399598118,,,,,
dwell_r2_xi_0.5_p-6_Nd4001_dt1,main,dwell,2,xi_0.5,-6,dsh_tau2.535us,0.05055353616488492,0.006412768332409028,0.0016890618606858387,1.2692150208792756,6.258934598671539e-05,-4.3636919158309795e-05,2.8531138860299244e-05,1.8619344607601824,0.011320754716981131,0.17796267631815146,3.1283272015230705e-05,,,,,
dwell_r2_xi_0.5_p-6_Nd4001_dt1,main,dwell,2,xi_0.5,-6,dsh_tau1.940us,0.05049958570208499,0.006507133321891501,0.001686412311381416,1.2702650120958574,6.24896591176092e-05,-4.364241656657002e-05,2.851138595246318e-05,1.8640426516713824,0.011320754716981131,0.17785713721608667,3.1350394143730074e-05,,,,,
dwell_r2_xi_0.5_p-6_Nd4001_dt1,main,dwell,2,xi_0.5,-6,dsh_tau4.000us,0.050647223568814084,0.006293266372681375,0.001692531854008331,1.2678485896673726,6.272067710076689e-05,-4.363148975756031e-05,2.856042746235139e-05,1.8585212756773903,0.011320754716981131,0.17806622634317948,3.12034544103491e-05,,,,,
dwell_r2_xi_0.5_p+0_Nd4001_dt1,main,dwell,2,xi_0.5,0,dsh_tau2.535us,0.0532097966937395,0.010421043722249298,0.0015205246318567437,1.3414133059413815,0.00011256730771357323,-3.625186625377837e-05,4.9073521956314456e-05,1.9340015011756058,0.011320754716981131,0.17346373979252047,0.00012024041518700191,,,,,
dwell_r2_xi_0.5_p+0_Nd4001_dt1,main,dwell,2,xi_0.5,0,dsh_tau1.940us,0.053876558158670915,0.011517260987335203,0.0015111927410063229,1.344149993783692,0.0001119123834616393,-3.6293682564016985e-05,4.8951980344874066e-05,1.9414545905045835,0.011320754716981131,0.17520447051783086,0.00012507730786225934,,,,,
dwell_r2_xi_0.5_p+0_Nd4001_dt1,main,dwell,2,xi_0.5,0,dsh_tau4.000us,0.052473665801241874,0.009049884796897903,0.001532690270834126,1.3377547198807707,0.00011342819722909185,-3.620801475972415e-05,4.926420806346518e-05,1.9207261989244513,0.011320754716981131,0.17097125156108414,0.00011417156519479457,,,,,
dwell_r2_xi_0.5_p+3_Nd4001_dt1,main,dwell,2,xi_0.5,3,dsh_tau2.535us,0.06689550876598427,0.02479798295243758,0.0013115441633829905,1.4122780620723114,0.00013804665153999672,3.0258291827464867e-05,0.00011762766557624275,1.9770380811364943,0.011320754716981131,0.21446108463251573,0.0003769563715506133,,,,,
dwell_r2_xi_0.5_p+3_Nd4001_dt1,main,dwell,2,xi_0.5,3,dsh_tau1.940us,0.0711420476164739,0.029500729080367057,0.0012936023544870192,1.4146912559094584,0.00013642943711173865,3.01650847079855e-05,0.00011747309976461331,1.9821643590955156,0.007547169811320755,0.22353928700482847,0.000425883517021374,,,,,
dwell_r2_xi_0.5_p+3_Nd4001_dt1,main,dwell,2,xi_0.5,3,dsh_tau4.000us,0.06199621645826198,0.019088066381092204,0.0013350202159970205,1.408892593043632,0.00014019516416652884,3.038256095991769e-05,0.00011790846069080625,1.9648129409145878,0.011320754716981131,0.20232006865018437,0.00031838051070635725,,,,,
dwell_r2_xi_0.5_p+6_Nd4001_dt1,main,dwell,2,xi_0.5,6,dsh_tau2.535us,0.14045128894681266,0.09700908394151775,0.0009387683632002151,1.511522413379316,0.00014431432997413923,2.004310473480176e-05,0.0001196419944729294,1.970423071068431,0.007547169811320755,0.36139150982964613,0.0022967963852402484,,,,,
dwell_r2_xi_0.5_p+6_Nd4001_dt1,main,dwell,2,xi_0.5,6,dsh_tau1.940us,0.16441968341950589,0.12041961369941134,0.0009147545258008676,1.5140588570681188,0.00014209178441052702,1.9911400249590557e-05,0.00011965595994419909,1.9638634748828856,0.0037735849056603774,0.39178624970456644,0.002843311296092421,,,,,
dwell_r2_xi_0.5_p+6_Nd4001_dt1,main,dwell,2,xi_0.5,6,dsh_tau4.000us,0.1124124744015911,0.06892088951452686,0.0009720470032553139,1.5084853090634054,0.00014758763446968932,2.022772328275485e-05,0.00011982083435948722,1.9717923149195413,0.007547169811320755,0.3193146219862308,0.00164404423120363,,,,,
dwell_r2_xi_1_p-6_Nd4001_dt1,main,dwell,2,xi_1,-6,dsh_tau2.535us,0.043951488831505264,0.005436082023165464,0.0016807539741419486,1.2689684729660191,6.234688524033721e-05,-4.53823351228702e-05,3.0765934152082736e-05,1.9924626782971597,0.0037735849056603774,0.1362385548078377,2.5352610609470495e-05,,,,,
dwell_r2_xi_1_p-6_Nd4001_dt1,main,dwell,2,xi_1,-6,dsh_tau1.940us,0.04402921255256009,0.005602680658021016,0.0016763752547218989,1.2708225959902302,6.218682505098526e-05,-4.537423032971964e-05,3.074482473902558e-05,1.9925987804245886,0.0037735849056603774,0.1364892070168288,2.5603887477968697e-05,,,,,
dwell_r2_xi_1_p-6_Nd4001_dt1,main,dwell,2,xi_1,-6,dsh_tau4.000us,0.043924237659570035,0.005223949745413843,0.001686850065079178,1.2663920489757459,6.257219562062397e-05,-4.539271007782183e-05,3.080289929211099e-05,1.9924129465010383,0.0037735849056603774,0.13609341894773003,2.508077900133867e-05,,,,,
dwell_r2_xi_1_p+0_Nd4001_dt1,main,dwell,2,xi_1,0,dsh_tau2.535us,0.048787112312300464,0.012481944740686713,0.0014917479977188289,1.3474415006871638,0.00011066556550868895,-3.879881706468828e-05,4.7346972118220527e-05,1.9942837607195054,0.0037735849056603774,0.14058732162131737,0.00011183261685287993,,,,,
dwell_r2_xi_1_p+0_Nd4001_dt1,main,dwell,2,xi_1,0,dsh_tau1.940us,0.05076689238460731,0.014679499158327306,0.0014761973418096696,1.3519781126155985,0.0001096152596362966,-3.875194207722005e-05,4.731412139200941e-05,1.9947719168953912,0.0037735849056603774,0.14764718010599392,0.0001242387627095939,,,,,
dwell_r2_xi_1_p+0_Nd4001_dt1,main,dwell,2,xi_1,0,dsh_tau4.000us,0.04656529152143085,0.009721506648794623,0.0015135048534158473,1.3407897317439714,0.00011216087462427625,-3.8871964975386186e-05,4.740332081311534e-05,1.9941168677137657,0.0037735849056603774,0.13180704547390745,9.691566375464947e-05,,,,,
dwell_r2_xi_1_p+3_Nd4001_dt1,main,dwell,2,xi_1,3,dsh_tau2.535us,0.07298376279723812,0.0387359939396663,0.0012560397102082464,1.4190720770176997,0.00013313307973559824,2.8072167795543202e-05,0.00014200078636267312,1.9961764883074848,0.0,0.20939993073169705,0.0004971357855916103,,,,,
dwell_r2_xi_1_p+3_Nd4001_dt1,main,dwell,2,xi_1,3,dsh_tau1.940us,0.08337526901445522,0.049194883201975056,0.0012264669613492785,1.4230459218754654,0.00013062583151071783,2.818717672813028e-05,0.00014212450190179802,1.9957642173625083,0.0,0.23317070272255028,0.000616244915721287,,,,,
dwell_r2_xi_1_p+3_Nd4001_dt1,main,dwell,2,xi_1,3,dsh_tau4.000us,0.061079376498174735,0.026188907891173924,0.0012978020920503283,1.4128410782662453,0.00013679585286028288,2.7911269834075613e-05,0.000141797323771381,1.9966308722857136,0.0,0.17784398012335378,0.0003561990643746507,,,,,
dwell_r2_xi_1_p+6_Nd4001_dt1,main,dwell,2,xi_1,6,dsh_tau2.535us,0.20623587475387872,0.17216330303524677,0.0008685599399434217,1.5243556045623383,0.000137884805009254,1.8660232936749246e-05,0.00014478131786848796,1.957637218466825,0.0037735849056603774,0.4088576223239026,0.0038341774223679976,,,,,
dwell_r2_xi_1_p+6_Nd4001_dt1,main,dwell,2,xi_1,6,dsh_tau1.940us,0.2535541767626097,0.2183538504077733,0.0008370281809110585,1.5319174105709241,0.00013545573086631556,1.884990230160678e-05,0.00014525086579078868,1.9343391307571454,0.0037735849056603774,0.45990780594465935,0.0048836997010256195,,,,,
dwell_r2_xi_1_p+6_Nd4001_dt1,main,dwell,2,xi_1,6,dsh_tau4.000us,0.14584974956356195,0.11237703268906736,0.000919838563409659,1.514950068987607,0.00014232978150643743,1.8442880459240564e-05,0.00014406432733511142,1.9828363586099982,0.0,0.3308479433019181,0.002515174097782632,,,,,
dwell_r2_xi_2_p-6_Nd4001_dt1,main,dwell,2,xi_2,-6,dsh_tau2.535us,0.040200413694854074,0.005335350745403696,0.0016646721702312402,1.2711982779707305,6.168173721460945e-05,-4.6010063030187455e-05,3.3884096450347976e-05,1.9957640221366066,0.0037735849056603774,0.13275588459871332,2.7462375314885072e-05,,,,,
dwell_r2_xi_2_p-6_Nd4001_dt1,main,dwell,2,xi_2,-6,dsh_tau1.940us,0.040417255412138274,0.005568211697588149,0.0016596035067043037,1.2734068261305949,6.150020003246488e-05,-4.6006029792399037e-05,3.387609296798311e-05,1.9959777722298429,0.0037735849056603774,0.13363705545401283,2.7881550350199847e-05,,,,,
dwell_r2_xi_2_p-6_Nd4001_dt1,main,dwell,2,xi_2,-6,dsh_tau4.000us,0.03987190471340315,0.00497990230463419,0.001672766554485952,1.2676783758430934,6.197207279991697e-05,-4.6017455453089e-05,3.389956769517167e-05,1.9952465113466273,0.0037735849056603774,0.1313375374103209,2.6865630903272155e-05,,,,,
dwell_r2_xi_2_p+0_Nd4001_dt1,main,dwell,2,xi_2,0,dsh_tau2.535us,0.052846453649947896,0.018132499813574926,0.0014491027650142447,1.3562899893190925,0.00010778692151334949,-3.9787577801831456e-05,5.014168690504881e-05,1.9955160760258697,0.0037735849056603774,0.16162186738578158,0.0001519926883096149,,,,,
dwell_r2_xi_2_p+0_Nd4001_dt1,main,dwell,2,xi_2,0,dsh_tau1.940us,0.056133746233946846,0.021352040919884442,0.0014306589404034192,1.3612703646744735,0.00010658001401205919,-3.9763905954867066e-05,5.014926087835115e-05,1.9960819605437263,0.0037735849056603774,0.17131301649093633,0.00017126505645285214,,,,,
dwell_r2_xi_2_p+0_Nd4001_dt1,main,dwell,2,xi_2,0,dsh_tau4.000us,0.04801305254690328,0.013387652969765495,0.001478369080005757,1.3480399937052432,0.00010971288485926191,-3.983102351603804e-05,5.011569210947791e-05,1.9935358757561559,0.0037735849056603774,0.14598143478223147,0.00012411744923562144,,,,,
dwell_r2_xi_2_p+3_Nd4001_dt1,main,dwell,2,xi_2,3,dsh_tau2.535us,0.10413501739843663,0.06774703600923196,0.001180562498200565,1.4270656296607622,0.00012702592173568757,2.7063665050878068e-05,0.00017201826150400076,1.9948788817182477,0.0,0.27840563493820947,0.000886655388013432,,,,,
dwell_r2_xi_2_p+3_Nd4001_dt1,main,dwell,2,xi_2,3,dsh_tau1.940us,0.1211971969079783,0.08417173746834633,0.0011470876446300234,1.4314760290198176,0.0001243712667512085,2.7104448815177094e-05,0.00017207110595119003,1.9936520783528462,0.0,0.30781384454653266,0.0010823893649777332,,,,,
dwell_r2_xi_2_p+3_Nd4001_dt1,main,dwell,2,xi_2,3,dsh_tau4.000us,0.08004072108671778,0.044558246284878214,0.0012353624955043158,1.4199411021692294,0.00013146902063769234,2.6969904349631262e-05,0.000171852967359658,1.9960216419260348,0.0,0.23103804432359795,0.0006128247596505239,,,,,
dwell_r2_xi_2_p+6_Nd4001_dt1,main,dwell,2,xi_2,6,dsh_tau2.535us,0.3393284498659843,0.29359219050061974,0.0007953714096927727,1.5442512336335499,0.0001331468946621316,1.751424341599792e-05,0.00017500710129280452,1.8767872420066893,0.0037735849056603774,0.561576981140299,0.0073134885603670895,,,,,
dwell_r2_xi_2_p+6_Nd4001_dt1,main,dwell,2,xi_2,6,dsh_tau1.940us,0.4021089816046313,0.35406781502827717,0.0007677030719009278,1.5557242248417864,0.0001314868965885394,1.7560617944385336e-05,0.0001752104111317148,1.842788051592611,0.0037735849056603774,0.618368278527793,0.008829339498558705,,,,,
dwell_r2_xi_2_p+6_Nd4001_dt1,main,dwell,2,xi_2,6,dsh_tau4.000us,0.24067152889191715,0.19902323840789912,0.000847670735483734,1.5282866916729425,0.00013658595476519444,1.7441722848614937e-05,0.00017450115454084307,1.9317813466674718,0.0037735849056603774,0.46092465344371564,0.0049903897020228466,,,,,
dwell_r2_xi_4_p-6_Nd4001_dt1,main,dwell,2,xi_4,-6,dsh_tau2.535us,0.04008589037529232,0.005726209992276209,0.0016415556581549865,1.2772102420621123,6.082190746645246e-05,-4.38644589332948e-05,3.7603476544804505e-05,1.9998798517902343,0.0,0.1281517412402536,2.082885060525854e-05,,,,,
dwell_r2_xi_4_p-6_Nd4001_dt1,main,dwell,2,xi_4,-6,dsh_tau1.940us,0.04027676179932969,0.005903901873217891,0.0016374622647050189,1.2790153752514986,6.067596440169787e-05,-4.3865026893777835e-05,3.760482692730388e-05,1.9998692970291703,0.0,0.129009997401672,2.1097295071796297e-05,,,,,
dwell_r2_xi_4_p-6_Nd4001_dt1,main,dwell,2,xi_4,-6,dsh_tau4.000us,0.03966975775861539,0.005343502557992752,0.0016498804426375684,1.273558016416267,6.111807871919075e-05,-4.3867152058568745e-05,3.7601653496732756e-05,1.9998993891835568,0.0,0.12639208174761962,2.0273330860900608e-05,,,,,
dwell_r2_xi_4_p+0_Nd4001_dt1,main,dwell,2,xi_4,0,dsh_tau2.535us,0.06237737514541417,0.02607505100025139,0.0013957946894956137,1.3685304132758684,0.00010427905912549807,-3.6397068790398004e-05,5.494188581362118e-05,1.9957410387219878,0.0,0.1823869777765775,0.00017660649293910186,,,,,
dwell_r2_xi_4_p+0_Nd4001_dt1,main,dwell,2,xi_4,0,dsh_tau1.940us,0.06515832645688613,0.02871704138688105,0.0013810038642374347,1.3724759718803683,0.00010330989371098,-3.639426650816922e-05,5.4936750835281946e-05,1.995766938795629,0.0,0.18993387484814012,0.00019150461120827922,,,,,
dwell_r2_xi_4_p+0_Nd4001_dt1,main,dwell,2,xi_4,0,dsh_tau4.000us,0.05658035569776988,0.020639302721810075,0.0014259197737838758,1.3605478312020753,0.00010623844669511348,-3.643240346479922e-05,5.491958133076639e-05,1.9960225309293278,0.0,0.16590253185234738,0.00014579802161699058,,,,,
dwell_r2_xi_4_p+3_Nd4001_dt1,main,dwell,2,xi_4,3,dsh_tau2.535us,0.15175498292229878,0.10922478140720777,0.0010955721194693322,1.4378853018197377,0.00012037045977726444,3.083876308202369e-05,0.0002016858309786586,1.9878993598143806,0.007547169811320755,0.3474376258559439,0.001305063391821983,,,,,
dwell_r2_xi_4_p+3_Nd4001_dt1,main,dwell,2,xi_4,3,dsh_tau1.940us,0.16722581994323915,0.12386818651050226,0.0010701814457231287,1.4415990937961516,0.00011836971016280327,3.0869794273841175e-05,0.00020168793847180407,1.9869896129452815,0.007547169811320755,0.3690736444561449,0.0014727325479983763,,,,,
dwell_r2_xi_4_p+3_Nd4001_dt1,main,dwell,2,xi_4,3,dsh_tau4.000us,0.12163554325946048,0.08084669142662565,0.001148235331507203,1.430651353566978,0.00012449533817451573,3.071442584539276e-05,0.0002016438213689146,1.9890184678732463,0.007547169811320755,0.3010650222865422,0.0009807629469559696,,,,,
dwell_r2_xi_4_p+6_Nd4001_dt1,main,dwell,2,xi_4,6,dsh_tau2.535us,0.501425794013215,0.4378321030083256,0.0007317740144120357,1.5739540234950429,0.00012965997728979422,2.1887766658152716e-05,0.0002033400531069422,1.8199954998901209,0.0037735849056603774,0.6783232163266218,0.009964542393065556,,,,,
dwell_r2_xi_4_p+6_Nd4001_dt1,main,dwell,2,xi_4,6,dsh_tau1.940us,0.5570764433390072,0.48975872129788783,0.000712761766435041,1.5850264952695625,0.00012861298551900934,2.2042758962485463e-05,0.00020341306204127495,1.7912048036100805,0.0037735849056603774,0.7177973437732565,0.011209629629089043,,,,,
dwell_r2_xi_4_p+6_Nd4001_dt1,main,dwell,2,xi_4,6,dsh_tau4.000us,0.39490472884101085,0.33766591861704537,0.0007726332357129338,1.5534073610849204,0.0001319521821355486,2.1524676790737547e-05,0.0002031338761481573,1.8723811767336707,0.0037735849056603774,0.5964096839705635,0.007647788809297975,,,,,
dwell_r3_xi_0.05_p-6_Nd4001_dt1,main,dwell,3,xi_0.05,-6,dsh_tau2.535us,0.1803821767707801,0.011751398776190223,0.0017841924173072894,1.3192128413756476,6.717612903269864e-05,-4.576499027687956e-05,6.654926733390315e-05,1.583107052431812,0.15849056603773584,0.3900770332928557,0.00021582488008215883,,,,,
dwell_r3_xi_0.05_p-6_Nd4001_dt1,main,dwell,3,xi_0.05,-6,dsh_tau1.940us,0.18016882509539253,0.0117554350272005,0.0017840281484404266,1.319188266104757,6.716388287075379e-05,-4.575890370706194e-05,6.650654486597657e-05,1.5834712623027956,0.15849056603773584,0.38977640464602187,0.00021553098125837733,,,,,
dwell_r3_xi_0.05_p-6_Nd4001_dt1,main,dwell,3,xi_0.05,-6,dsh_tau4.000us,0.18063294073000047,0.011747280792895654,0.001784376948068029,1.3192451739588498,6.719021289099829e-05,-4.577223103555332e-05,6.659926291302604e-05,1.5826823892989845,0.15849056603773584,0.39041507411353665,0.0002161871111335309,,,,,
dwell_r3_xi_0.05_p+0_Nd4001_dt1,main,dwell,3,xi_0.05,0,dsh_tau2.535us,0.1784351469347482,0.011757081893325543,0.0016358010200391013,1.3828055159741934,0.0001227812455424752,-4.0102263372648794e-05,0.00012076472837051387,1.5871192565181989,0.1471698113207547,0.3817509302908202,0.0008599710900712708,,,,,
dwell_r3_xi_0.05_p+0_Nd4001_dt1,main,dwell,3,xi_0.05,0,dsh_tau1.940us,0.17770869857852598,0.011810884675368347,0.0016351743418672776,1.3826906328150734,0.00012269641510056532,-4.0061621318841206e-05,0.0001204807001392273,1.5884288781674991,0.1471698113207547,0.38067713158856537,0.0008560215702709379,,,,,
dwell_r3_xi_0.05_p+0_Nd4001_dt1,main,dwell,3,xi_0.05,0,dsh_tau4.000us,0.17930064763161244,0.011694467054333446,0.0016365219814648306,1.3829487387535304,0.00012288048850290289,-4.015598943442063e-05,0.00012110301570952765,1.5856049689375995,0.1471698113207547,0.38298946916023163,0.0008648599251720908,,,,,
dwell_r3_xi_0.05_p+3_Nd4001_dt1,main,dwell,3,xi_0.05,3,dsh_tau2.535us,0.19036279286489616,0.023739687648365596,0.0014540446873180296,1.453302013297087,0.0001549374614117571,2.5668634415345984e-05,0.00015230164340562961,1.562299765687094,0.1471698113207547,0.3963254349416684,0.0018889056047212722,,,,,
dwell_r3_xi_0.05_p+3_Nd4001_dt1,main,dwell,3,xi_0.05,3,dsh_tau1.940us,0.18924388004695694,0.023970937141355765,0.0014529480839523853,1.4528901603693654,0.00015474771994799266,2.5757028057956634e-05,0.00015169601156266407,1.5641171815008166,0.1471698113207547,0.3946916889593213,0.001877114237790048,,,,,
dwell_r3_xi_0.05_p+3_Nd4001_dt1,main,dwell,3,xi_0.05,3,dsh_tau4.000us,0.1916881035499141,0.023456414930372177,0.0014552895764226423,1.4537863672894202,0.00015515677793344912,2.5538908296761038e-05,0.00015302534783644367,1.560233812578968,0.1471698113207547,0.3981986187553388,0.0019034469034233251,,,,,
dwell_r3_xi_0.05_p+6_Nd4001_dt1,main,dwell,3,xi_0.05,6,dsh_tau2.535us,0.19964708540032777,0.03499973595684169,0.0011036248444918953,1.5541640579552605,0.0001667611491369224,1.6046532254217363e-05,0.00016288863546288826,1.5607475473442831,0.1509433962264151,0.4088906851035167,0.003882015951797304,,,,,
dwell_r3_xi_0.05_p+6_Nd4001_dt1,main,dwell,3,xi_0.05,6,dsh_tau1.940us,0.19850062620598452,0.036078521674409315,0.0011019875300304503,1.552837241789903,0.0001664331525532584,1.621500916626228e-05,0.00016182899893744875,1.562676836336277,0.1471698113207547,0.40730635958016753,0.003862259209073544,,,,,
dwell_r3_xi_0.05_p+6_Nd4001_dt1,main,dwell,3,xi_0.05,6,dsh_tau4.000us,0.20100501946640403,0.03367506917718453,0.0011055116744328698,1.5557494836263044,0.0001671426955571431,1.5777028897209656e-05,0.0001641924552477781,1.5587077502365099,0.1509433962264151,0.4107651137030601,0.003907907611875531,,,,,
dwell_r3_xi_0.1_p-6_Nd4001_dt1,main,dwell,3,xi_0.1,-6,dsh_tau2.535us,0.11823572190657687,0.011369175906853608,0.0017473601565667462,1.2955839908001552,6.601733396948472e-05,-4.9184107854064684e-05,4.991022227975959e-05,1.7662245023215333,0.09056603773584905,0.33132380097006614,0.00016230833132739822,,,,,
dwell_r3_xi_0.1_p-6_Nd4001_dt1,main,dwell,3,xi_0.1,-6,dsh_tau1.940us,0.117912827963888,0.011379276955681993,0.0017467207734182307,1.2956884661669426,6.598380526117627e-05,-4.918356128910781e-05,4.9891101619069415e-05,1.766984500713985,0.09056603773584905,0.33081314519104504,0.00016190165866562572,,,,,
dwell_r3_xi_0.1_p-6_Nd4001_dt1,main,dwell,3,xi_0.1,-6,dsh_tau4.000us,0.11862744467890705,0.011356357394128705,0.0017480818479180408,1.2954780433518627,6.605596910436127e-05,-4.917960191435373e-05,4.993051428314314e-05,1.7653956865033547,0.09056603773584905,0.33196870080862756,0.00016276243221516519,,,,,
dwell_r3_xi_0.1_p+0_Nd4001_dt1,main,dwell,3,xi_0.1,0,dsh_tau2.535us,0.11634657005112127,0.011742803670449489,0.0015983397675182983,1.3600875481783261,0.00012038863906744202,-4.6364652952517865e-05,9.06697898291305e-05,1.7670898498433782,0.09056603773584905,0.32139098883075345,0.0006154527794621045,,,,,
dwell_r3_xi_0.1_p+0_Nd4001_dt1,main,dwell,3,xi_0.1,0,dsh_tau1.940us,0.11535870406191683,0.011889937491597695,0.0015961358814504598,1.3603085379435158,0.00012017044541439751,-4.636174470875341e-05,9.054296247909421e-05,1.76954979004545,0.09056603773584905,0.31978828698035544,0.0006104373940809405,,,,,
dwell_r3_xi_0.1_p+0_Nd4001_dt1,main,dwell,3,xi_0.1,0,dsh_tau4.000us,0.11757078155672578,0.011560816632227211,0.0016009048967704608,1.3598509965360925,0.00012064659009063461,-4.6335485146712465e-05,9.080840113529813e-05,1.7644370423500069,0.09056603773584905,0.32348433363896756,0.0006210099004652274,,,,,
dwell_r3_xi_0.1_p+3_Nd4001_dt1,main,dwell,3,xi_0.1,3,dsh_tau2.535us,0.1230735331444966,0.019812648593099863,0.0014152931709778137,1.4303802586102505,0.00015103502967222168,1.7780593571089045e-05,0.00012232594153633697,1.7325714017531937,0.09433962264150944,0.33014559912921115,0.0012919261315781688,,,,,
dwell_r3_xi_0.1_p+3_Nd4001_dt1,main,dwell,3,xi_0.1,3,dsh_tau1.940us,0.12180643212326916,0.0204512827385825,0.0014111903314785131,1.430182821140308,0.00015051485685960608,1.7785973675879737e-05,0.00012202402241538629,1.7351835619995921,0.09056603773584905,0.3281978236351147,0.0012794243369138767,,,,,
dwell_r3_xi_0.1_p+3_Nd4001_dt1,main,dwell,3,xi_0.1,3,dsh_tau4.000us,0.1247096855056803,0.01904032271161458,0.0014200917853682694,1.4306584581031907,0.00015165381577083754,1.7851553207975488e-05,0.00012266255927830975,1.729772699504385,0.09433962264150944,0.33289630502380013,0.0013057982579300494,,,,,
dwell_r3_xi_0.1_p+6_Nd4001_dt1,main,dwell,3,xi_0.1,6,dsh_tau2.535us,0.13348876926705977,0.03327144720254392,0.0010643348549860922,1.5291501254285147,0.00016119659318757624,7.192211832321309e-06,0.00012863353780299085,1.723916999857065,0.09811320754716982,0.34494442879485887,0.0027164098133929675,,,,,
dwell_r3_xi_0.1_p+6_Nd4001_dt1,main,dwell,3,xi_0.1,6,dsh_tau1.940us,0.13395494323829824,0.036690839996903285,0.0010577836477086511,1.5275063495771903,0.0001602441512380539,7.1584480450159645e-06,0.0001280618310264103,1.725020191447202,0.09811320754716982,0.345785070160879,0.0027325771666924553,,,,,
dwell_r3_xi_0.1_p+6_Nd4001_dt1,main,dwell,3,xi_0.1,6,dsh_tau4.000us,0.1333175319424438,0.0291710293435244,0.0010721200729888307,1.5312467392850664,0.0001623534215076026,7.387643517638519e-06,0.00012928654192357142,1.7233089725568076,0.09811320754716982,0.3448598004075088,0.0026991375836108583,,,,,
dwell_r3_xi_0.25_p-6_Nd4001_dt1,main,dwell,3,xi_0.25,-6,dsh_tau2.535us,0.07033753186040333,0.008750909252792349,0.0016961452665940416,1.272704907193247,6.328763208895009e-05,-4.620091759834771e-05,3.233738776344039e-05,1.9603826375222937,0.011320754716981131,0.19617001939396392,6.345284416083424e-05,,,,,
dwell_r3_xi_0.25_p-6_Nd4001_dt1,main,dwell,3,xi_0.25,-6,dsh_tau1.940us,0.07016216386211267,0.00878731734587892,0.001694590754835819,1.2732410340093208,6.32244301169186e-05,-4.619160423842472e-05,3.230503467346283e-05,1.961126019135134,0.011320754716981131,0.1958006439814276,6.322788656303355e-05,,,,,
dwell_r3_xi_0.25_p-6_Nd4001_dt1,main,dwell,3,xi_0.25,-6,dsh_tau4.000us,0.0705706534669985,0.008705117171483881,0.001698063843826426,1.2720549062133104,6.336622104835162e-05,-4.621152487355723e-05,3.237834057538196e-05,1.9596035737236936,0.011320754716981131,0.1965754510531826,6.372064628710759e-05,,,,,
dwell_r3_xi_0.25_p+0_Nd4001_dt1,main,dwell,3,xi_0.25,0,dsh_tau2.535us,0.07009012857777001,0.010131133419766679,0.0015427526209542118,1.3402374158621153,0.00011484178867395688,-4.0199890155029256e-05,5.4856944506921416e-05,1.984879670057646,0.0037735849056603774,0.177959353637474,0.00022845632914407407,,,,,
dwell_r3_xi_0.25_p+0_Nd4001_dt1,main,dwell,3,xi_0.25,0,dsh_tau1.940us,0.06991512421149977,0.010617153238182337,0.001537342290853029,1.3416691630688486,0.00011442960861658276,-4.013020316609923e-05,5.466463116700982e-05,1.9867243519154603,0.0037735849056603774,0.17766533266927745,0.00022746728312981513,,,,,
dwell_r3_xi_0.25_p+0_Nd4001_dt1,main,dwell,3,xi_0.25,0,dsh_tau4.000us,0.07036885654558546,0.009529717710467567,0.0015493730426489956,1.3384962890871244,0.00011535036993180094,-4.0284750919892554e-05,5.50989456645317e-05,1.9824655811293908,0.0037735849056603774,0.17821548223234845,0.00022963977889350852,,,,,
dwell_r3_xi_0.25_p+3_Nd4001_dt1,main,dwell,3,xi_0.25,3,dsh_tau2.535us,0.07613784625952233,0.0173769635877635,0.0013539612821391242,1.411002317875106,0.00014276587127721405,2.6701705593286507e-05,0.00010101053951536936,1.9869410737685715,0.0037735849056603774,0.19153612522249533,0.0005154322146742279,,,,,
dwell_r3_xi_0.25_p+3_Nd4001_dt1,main,dwell,3,xi_0.25,3,dsh_tau1.940us,0.07733444984145606,0.019430664370309443,0.0013435984557485954,1.4121429130062877,0.00014175180127354908,2.690771432181318e-05,0.00010075866976611724,1.9881685982919395,0.0037735849056603774,0.19459275179828145,0.0005279597873628098,,,,,
dwell_r3_xi_0.25_p+3_Nd4001_dt1,main,dwell,3,xi_0.25,3,dsh_tau4.000us,0.07488502917916497,0.014884256288107045,0.0013666792973819173,1.4096149034767365,0.0001440250121506483,2.6448685532815923e-05,0.00010133307295150242,1.9849874519107846,0.0037735849056603774,0.18766018659963865,0.0005008126017209723,,,,,
dwell_r3_xi_0.25_p+6_Nd4001_dt1,main,dwell,3,xi_0.25,6,dsh_tau2.535us,0.10781115338496522,0.04914833705337905,0.0009995014706596647,1.5091135416853887,0.00015103169022703938,1.872399401838769e-05,0.00010388100794258392,1.9672218248065927,0.007547169811320755,0.2643329640978482,0.0017269562202721152,,,,,
dwell_r3_xi_0.25_p+6_Nd4001_dt1,main,dwell,3,xi_0.25,6,dsh_tau1.940us,0.11849762212758336,0.0599150164763125,0.0009836930240452954,1.509125325906667,0.00014935783615882553,1.920349901079924e-05,0.00010367647682304532,1.9664748336062192,0.011320754716981131,0.28216867354657377,0.0019504986169437172,,,,,
dwell_r3_xi_0.25_p+6_Nd4001_dt1,main,dwell,3,xi_0.25,6,dsh_tau4.000us,0.0955001039418385,0.03606211118809157,0.0010194134918300273,1.5093606552456953,0.0001531875469580785,1.8021008006580048e-05,0.00010421589325985607,1.9677836111495308,0.007547169811320755,0.24013809812363388,0.0014555636962362741,,,,,
dwell_r3_xi_0.5_p-6_Nd4001_dt1,main,dwell,3,xi_0.5,-6,dsh_tau2.535us,0.05291183576739713,0.0064643303156736165,0.0016888932216087501,1.2690491419641368,6.251539164378688e-05,-4.7264871153619545e-05,3.0301136326493876e-05,1.9898795514442726,0.0037735849056603774,0.17664856573059906,3.351793954311304e-05,,,,,
dwell_r3_xi_0.5_p-6_Nd4001_dt1,main,dwell,3,xi_0.5,-6,dsh_tau1.940us,0.05287497063468019,0.0065699031102625875,0.0016861154378137897,1.2701571028799405,6.241177384832737e-05,-4.725968944992036e-05,3.0277056293673036e-05,1.9898921464785753,0.0037735849056603774,0.17660059274218048,3.3466215236411947e-05,,,,,
dwell_r3_xi_0.5_p-6_Nd4001_dt1,main,dwell,3,xi_0.5,-6,dsh_tau4.000us,0.05297371903925379,0.006331664194187205,0.001692438567195153,1.2676473762196214,6.264804668030377e-05,-4.7270488445371436e-05,3.0332393638527983e-05,1.9899486294874333,0.0037735849056603774,0.1768358461724159,3.362391121084455e-05,,,,,
dwell_r3_xi_0.5_p+0_Nd4001_dt1,main,dwell,3,xi_0.5,0,dsh_tau2.535us,0.05541533196961345,0.01029396152514497,0.001522064915425575,1.3407166579666796,0.00011254901175106438,-4.303253691006675e-05,4.5787222829158954e-05,1.99840458205392,0.0,0.16625751192896546,0.00012195548214795641,,,,,
dwell_r3_xi_0.5_p+0_Nd4001_dt1,main,dwell,3,xi_0.5,0,dsh_tau1.940us,0.05621078245420995,0.011493826350869917,0.0015123021299642426,1.343587245173847,0.0001118711072835791,-4.299567759569787e-05,4.567738001595084e-05,1.9984120071695484,0.0,0.16838333799988364,0.0001252636190639048,,,,,
dwell_r3_xi_0.5_p+0_Nd4001_dt1,main,dwell,3,xi_0.5,0,dsh_tau4.000us,0.054482611715734354,0.008804669681588448,0.0015345092833723112,1.3369907723236722,0.00011341628699438531,-4.3070665284956397e-05,4.592509105167393e-05,1.9984766863784897,0.0,0.16412478999967248,0.00011878524669527053,,,,,
dwell_r3_xi_0.5_p+3_Nd4001_dt1,main,dwell,3,xi_0.5,3,dsh_tau2.535us,0.06879514839850097,0.024153753150064933,0.001314809738604411,1.4116692186133328,0.00013821037782456695,2.1834367535188727e-05,0.00010958396558122526,1.997373006732073,0.0,0.19698523307266647,0.0003643109205873878,,,,,
dwell_r3_xi_0.5_p+3_Nd4001_dt1,main,dwell,3,xi_0.5,3,dsh_tau1.940us,0.07351399958980524,0.02923889170667186,0.001296050331195376,1.41418683473218,0.00013654266132674315,2.193278699674357e-05,0.00010954339187408259,1.9970527147908363,0.0,0.2077688636218608,0.0004092339433714546,,,,,
dwell_r3_xi_0.5_p+3_Nd4001_dt1,main,dwell,3,xi_0.5,3,dsh_tau4.000us,0.06328082515274984,0.018050021300626957,0.0013388300029389985,1.4082997413076563,0.0001403651492843269,2.1731233116629166e-05,0.00010964456300038433,1.9978171971400467,0.0,0.18395907412333068,0.0003158998093527423,,,,,
dwell_r3_xi_0.5_p+6_Nd4001_dt1,main,dwell,3,xi_0.5,6,dsh_tau2.535us,0.14154797496003196,0.09430223890055026,0.0009440034478004394,1.511300969047231,0.00014487662153888947,1.2398240874092096e-05,0.00011225812451265365,1.9811840598437986,0.007547169811320755,0.3286853053851173,0.0021167955738141666,,,,,
dwell_r3_xi_0.5_p+6_Nd4001_dt1,main,dwell,3,xi_0.5,6,dsh_tau1.940us,0.16716556777973265,0.11916099140457706,0.0009190667363741886,1.513920600353487,0.00014262591744727257,1.2556575909060437e-05,0.00011253622066195368,1.9753438875307696,0.0037735849056603774,0.3646136643456568,0.00263829301733005,,,,,
dwell_r3_xi_0.5_p+6_Nd4001_dt1,main,dwell,3,xi_0.5,6,dsh_tau4.000us,0.11098707705956418,0.06439732513081338,0.00097798262211743,1.508471752474764,0.00014806229814022157,1.217648642413135e-05,0.00011191754617038009,1.9862052673492303,0.007547169811320755,0.2796427760452569,0.001515246203661784,,,,,
dwell_r3_xi_1_p-6_Nd4001_dt1,main,dwell,3,xi_1,-6,dsh_tau2.535us,0.04645814328009667,0.005364492797468895,0.001674209846186624,1.2692763952502681,6.21479380383393e-05,-4.525259591924938e-05,3.076961178512034e-05,1.992246406895159,0.0037735849056603774,0.14488249492629368,3.1127716467333394e-05,,,,,
dwell_r3_xi_1_p-6_Nd4001_dt1,main,dwell,3,xi_1,-6,dsh_tau1.940us,0.04656285668396858,0.005541228281807743,0.0016698063344961895,1.2711479301759583,6.198794077359682e-05,-4.524802307414523e-05,3.075111438968553e-05,1.992684670787914,0.0037735849056603774,0.1453619276913225,3.1290081920847175e-05,,,,,
dwell_r3_xi_1_p-6_Nd4001_dt1,main,dwell,3,xi_1,-6,dsh_tau4.000us,0.04636767960360187,0.00515312652707245,0.0016801520341108002,1.2667551116687497,6.236558000740822e-05,-4.526135988306372e-05,3.0801226429931085e-05,1.9913303683326145,0.0037735849056603774,0.14454960363220226,3.097365651566695e-05,,,,,
dwell_r3_xi_1_p+0_Nd4001_dt1,main,dwell,3,xi_1,0,dsh_tau2.535us,0.051835670914216786,0.011797308706649006,0.0014907164169790043,1.3461055217736355,0.00011068987328575915,-3.864275697355962e-05,4.844649452560149e-05,1.9960972438590385,0.0037735849056603774,0.14845070221262677,0.0001250637602435769,,,,,
dwell_r3_xi_1_p+0_Nd4001_dt1,main,dwell,3,xi_1,0,dsh_tau1.940us,0.053965350211256126,0.014044292622459481,0.0014751052339124,1.3506890094744766,0.00010964418683668625,-3.860659610335344e-05,4.8400000810912844e-05,1.9970515220125524,0.0,0.1559035287836571,0.00013612636050230672,,,,,
dwell_r3_xi_1_p+0_Nd4001_dt1,main,dwell,3,xi_1,0,dsh_tau4.000us,0.04939187652699496,0.00909438782579199,0.0015119238451991865,1.3395469419127035,0.00011213210762331925,-3.870908188278958e-05,4.853131528169228e-05,1.993524411356323,0.0037735849056603774,0.1396983928314414,0.00011220848703812423,,,,,
dwell_r3_xi_1_p+3_Nd4001_dt1,main,dwell,3,xi_1,3,dsh_tau2.535us,0.07531962740632565,0.03518575452422487,0.001261841798095758,1.4174093144379623,0.00013380937287441578,2.8187488996557523e-05,0.0001383170475981379,1.993978322893457,0.0037735849056603774,0.21394545150876726,0.0004818205767992571,,,,,
dwell_r3_xi_1_p+3_Nd4001_dt1,main,dwell,3,xi_1,3,dsh_tau1.940us,0.08604162427684386,0.04563043731321012,0.00123206121628427,1.4213955411176502,0.00013130798792832893,2.829058653906238e-05,0.0001384188597756175,1.994467308208817,0.0037735849056603774,0.23858477511767798,0.00058752700175266,,,,,
dwell_r3_xi_1_p+3_Nd4001_dt1,main,dwell,3,xi_1,3,dsh_tau4.000us,0.06317271650164182,0.02314378946187276,0.0013026979065043046,1.4112647043983286,0.00013735370587210295,2.8001759704274205e-05,0.00013817721316734146,1.9909791585693977,0.0037735849056603774,0.18186939002226418,0.000361424834231695,,,,,
dwell_r3_xi_1_p+6_Nd4001_dt1,main,dwell,3,xi_1,6,dsh_tau2.535us,0.202037598290806,0.1565984565096502,0.0008780203471147475,1.5211908660911924,0.00013902577661337675,1.8700938030891112e-05,0.00014074948809732494,1.962952161565973,0.007547169811320755,0.4095174148001811,0.0033235201410472606,,,,,
dwell_r3_xi_1_p+6_Nd4001_dt1,main,dwell,3,xi_1,6,dsh_tau1.940us,0.2501635057859403,0.20251667267315795,0.0008457043959287203,1.5284512640448524,0.0001365762691142518,1.886239779769233e-05,0.0001412641368274278,1.9440589075487793,0.007547169811320755,0.46121211180743177,0.00421688721356636,,,,,
dwell_r3_xi_1_p+6_Nd4001_dt1,main,dwell,3,xi_1,6,dsh_tau4.000us,0.14138723934293143,0.09862866525207749,0.0009292828244419788,1.512464127894019,0.0001433704389486001,1.835176351046016e-05,0.00013995504264740488,1.979849104412526,0.0037735849056603774,0.3283125581605906,0.0022243809252710544,,,,,
dwell_r3_xi_2_p-6_Nd4001_dt1,main,dwell,3,xi_2,-6,dsh_tau2.535us,0.04423342718208083,0.005483817398487263,0.001657977632290468,1.2739212630705732,6.151058132881568e-05,-4.6479226062346245e-05,3.292147058228229e-05,1.9999686490896684,0.0,0.12987968363355998,2.3870583337008977e-05,,,,,
dwell_r3_xi_2_p-6_Nd4001_dt1,main,dwell,3,xi_2,-6,dsh_tau1.940us,0.04445842814191099,0.005713557435797398,0.0016527861788225677,1.2761918032563206,6.132501680121995e-05,-4.647943626579115e-05,3.291398401477116e-05,1.9999675852244936,0.0,0.13067418063281458,2.4329990320913237e-05,,,,,
dwell_r3_xi_2_p-6_Nd4001_dt1,main,dwell,3,xi_2,-6,dsh_tau4.000us,0.04391342495894805,0.0051283927747486635,0.0016663933677704386,1.2702498744504185,6.181266388386646e-05,-4.647939950989119e-05,3.293872326797947e-05,1.9999693444124857,0.0,0.12886644356998928,2.31535617599355e-05,,,,,
dwell_r3_xi_2_p+0_Nd4001_dt1,main,dwell,3,xi_2,0,dsh_tau2.535us,0.05689324374445607,0.0180881372768813,0.0014445767713020538,1.3585554252730465,0.00010759166744434444,-4.0785564066132964e-05,5.152477581274575e-05,1.9998682908336047,0.0,0.14705749460962145,0.0001441318450073089,,,,,
dwell_r3_xi_2_p+0_Nd4001_dt1,main,dwell,3,xi_2,0,dsh_tau1.940us,0.060258062700467074,0.021319197853168055,0.0014257006969189447,1.3637058137168947,0.00010635878973518235,-4.079107365836305e-05,5.150919708409965e-05,1.9998306378898565,0.0,0.15708825898916612,0.0001635100172141512,,,,,
dwell_r3_xi_2_p+0_Nd4001_dt1,main,dwell,3,xi_2,0,dsh_tau4.000us,0.05199546662291235,0.013286405492133285,0.0014749459713045822,1.3498750382391433,0.00010959289751367234,-4.0780683450649156e-05,5.153879144852932e-05,1.9999180002969785,0.0,0.13171291691331471,0.00011514324918440658,,,,,
dwell_r3_xi_2_p+3_Nd4001_dt1,main,dwell,3,xi_2,3,dsh_tau2.535us,0.10764406956982743,0.06664097972517227,0.001178781418518504,1.4291660766196483,0.00012698453027306983,2.5655528839581946e-05,0.00017283416352565774,1.9961308408257126,0.0,0.2576735794373296,0.0008489893756285275,,,,,
dwell_r3_xi_2_p+3_Nd4001_dt1,main,dwell,3,xi_2,3,dsh_tau1.940us,0.12504633734727014,0.08311308257870355,0.0011444744686612805,1.4337610623349268,0.00012426777716564855,2.563578927923722e-05,0.0001728674181426415,1.9950911591480458,0.0,0.2868617834150428,0.0010370488371143516,,,,,
dwell_r3_xi_2_p+3_Nd4001_dt1,main,dwell,3,xi_2,3,dsh_tau4.000us,0.08316023679272165,0.04324352099239899,0.0012357242473635544,1.4215673950420338,0.00013161954732339939,2.5702726811882298e-05,0.0001727327944114399,1.9969796618637985,0.0,0.2102439003516714,0.000579019109148934,,,,,
dwell_r3_xi_2_p+6_Nd4001_dt1,main,dwell,3,xi_2,6,dsh_tau2.535us,0.3394535459422064,0.2867908139952579,0.0007959004915481349,1.5456962186948873,0.00013324807401343601,1.559963555115685e-05,0.0001754231659705848,1.8944120334005405,0.0,0.5266669128306057,0.006671899833749141,,,,,
dwell_r3_xi_2_p+6_Nd4001_dt1,main,dwell,3,xi_2,6,dsh_tau1.940us,0.40350309977773013,0.3468832746649876,0.0007672114833805523,1.5574770992026499,0.00013151113659659765,1.5478274862242423e-05,0.00017564913567652513,1.8662421109364036,0.0,0.5792507359499779,0.007943145700882871,,,,,
dwell_r3_xi_2_p+6_Nd4001_dt1,main,dwell,3,xi_2,6,dsh_tau4.000us,0.23835699503629873,0.19153707887036323,0.000851429058513571,1.5291132401958603,0.00013701114438393488,1.594414410819189e-05,0.0001749616051431357,1.9419060964265211,0.0037735849056603774,0.4318609541677793,0.0046204526647160606,,,,,
dwell_r3_xi_4_p-6_Nd4001_dt1,main,dwell,3,xi_4,-6,dsh_tau2.535us,0.040285880169986306,0.005585098605633196,0.0016427037067278246,1.2779556013432734,6.087889532577988e-05,-4.4715141002639226e-05,3.7222868896388566e-05,1.9999999988052484,0.0,0.1331394751401949,2.4664068983072072e-05,,,,,
dwell_r3_xi_4_p-6_Nd4001_dt1,main,dwell,3,xi_4,-6,dsh_tau1.940us,0.04048352785107009,0.0057555146953151524,0.0016388898373965394,1.279642519429897,6.0743690728518827e-05,-4.471641940334779e-05,3.722360577219654e-05,1.9999999986380326,0.0,0.1339290348031686,2.499738384507205e-05,,,,,
dwell_r3_xi_4_p-6_Nd4001_dt1,main,dwell,3,xi_4,-6,dsh_tau4.000us,0.039886004776334395,0.005224189802956208,0.0016504191518079366,1.2745552901304162,6.115234330219697e-05,-4.471780483615517e-05,3.722206249977777e-05,1.9999999990904693,0.0,0.13138330613538116,2.3925029010516417e-05,,,,,
dwell_r3_xi_4_p+0_Nd4001_dt1,main,dwell,3,xi_4,0,dsh_tau2.535us,0.06272270186691775,0.026449006532660073,0.0013943955695636405,1.3705216135729819,0.0001042285203690343,-3.7307115292571836e-05,5.6840431432554434e-05,1.9999999054124535,0.0,0.18672222155702384,0.00019113487185141648,,,,,
dwell_r3_xi_4_p+0_Nd4001_dt1,main,dwell,3,xi_4,0,dsh_tau1.940us,0.06547218089099865,0.028984676135205733,0.0013806001847598826,1.3741678176954688,0.0001033334258527377,-3.7314932061142536e-05,5.6875071948089075e-05,1.999999760146385,0.0,0.19409611671902055,0.0002070762930354965,,,,,
dwell_r3_xi_4_p+0_Nd4001_dt1,main,dwell,3,xi_4,0,dsh_tau4.000us,0.05716842217023652,0.02128470000088695,0.0014223434309619436,1.36313405330031,0.00010603432234197484,-3.7321871752893455e-05,5.6767175896036764e-05,1.9999999920862301,0.0,0.17096705624525652,0.00015864456826079928,,,,,
dwell_r3_xi_4_p+3_Nd4001_dt1,main,dwell,3,xi_4,3,dsh_tau2.535us,0.15425920354716213,0.11212583028406053,0.0010910827135496735,1.4408738539597268,0.00012008320193309122,3.02288826562773e-05,0.00020537585010329916,1.9968685707337075,0.0,0.35442907463061774,0.0013595618672790255,,,,,
dwell_r3_xi_4_p+3_Nd4001_dt1,main,dwell,3,xi_4,3,dsh_tau1.940us,0.16929097129617737,0.12615581576830284,0.0010675471196070437,1.4443051577361974,0.00011826214921165402,3.020352980479308e-05,0.00020542414745116015,1.9952486060939527,0.0,0.37569405895413116,0.0015271795709920245,,,,,
dwell_r3_xi_4_p+3_Nd4001_dt1,main,dwell,3,xi_4,3,dsh_tau4.000us,0.12537296683543311,0.08503787946548126,0.001139649008922609,1.4340867339460004,0.00012383661169714798,3.0200463893471656e-05,0.00020525107117524757,1.999032033101517,0.0,0.31047429032692175,0.0010355848899687664,,,,,
dwell_r3_xi_4_p+6_Nd4001_dt1,main,dwell,3,xi_4,6,dsh_tau2.535us,0.5134262702250992,0.4502584411431818,0.0007258133086442657,1.5794753212596395,0.00012923612409531133,2.1092656954687655e-05,0.00020804784439082586,1.7997942529365158,0.0,0.6936429881684216,0.010522994594052383,,,,,
dwell_r3_xi_4_p+6_Nd4001_dt1,main,dwell,3,xi_4,6,dsh_tau1.940us,0.5652935310114996,0.4992251304576507,0.0007088848059629911,1.58989688484108,0.00012837303619737147,2.1057507201804558e-05,0.00020820159969503645,1.7715026183171936,0.0,0.7334742731775299,0.011679154451634024,,,,,
dwell_r3_xi_4_p+6_Nd4001_dt1,main,dwell,3,xi_4,6,dsh_tau4.000us,0.4144477779449025,0.35679095252519843,0.0007621766338462842,1.559787482527917,0.00013118672255936422,2.100740760194264e-05,0.00020770185985765624,1.8541673822196143,0.0,0.6152589640895755,0.00831817897640303,,,,,
dwell_r4_xi_0.05_p-6_Nd4001_dt1,main,dwell,4,xi_0.05,-6,dsh_tau2.535us,0.18046490762108536,0.011902232021079392,0.0017865003557902338,1.3158823421917127,6.728446243986966e-05,-4.564543542591617e-05,6.911530144261392e-05,1.411863572009627,0.2037735849056604,0.4564930997477618,0.0002108660187230445,,,,,
dwell_r4_xi_0.05_p-6_Nd4001_dt1,main,dwell,4,xi_0.05,-6,dsh_tau1.940us,0.18024544246828014,0.011907048432454301,0.0017863296359006337,1.3158599959700885,6.727184161403892e-05,-4.564367326922436e-05,6.907388501068611e-05,1.4121469069283719,0.20754716981132076,0.4561734827439676,0.00021053009950135597,,,,,
dwell_r4_xi_0.05_p-6_Nd4001_dt1,main,dwell,4,xi_0.05,-6,dsh_tau4.000us,0.1807228764526185,0.011895180257605354,0.001786692099524758,1.3159113399822668,6.729893606088555e-05,-4.5647567820495876e-05,6.916381727224806e-05,1.4115224598197271,0.2037735849056604,0.4568974879070097,0.00021127910059018989,,,,,
dwell_r4_xi_0.05_p+0_Nd4001_dt1,main,dwell,4,xi_0.05,0,dsh_tau2.535us,0.17787571607705305,0.011815298221353233,0.0016371838905456554,1.3800722254921372,0.00012289770130019921,-3.962797908149699e-05,0.00012572675079377293,1.4285920099601932,0.2188679245283019,0.44436024254678186,0.000803081280976809,,,,,
dwell_r4_xi_0.05_p+0_Nd4001_dt1,main,dwell,4,xi_0.05,0,dsh_tau1.940us,0.1771210292855079,0.011868464457610362,0.0016365300401570892,1.3799694961118447,0.00012280970258904834,-3.961656876636709e-05,0.0001254563504255417,1.429438825367925,0.2188679245283019,0.44325632647092106,0.000798178938028093,,,,,
dwell_r4_xi_0.05_p+0_Nd4001_dt1,main,dwell,4,xi_0.05,0,dsh_tau4.000us,0.17877886097314263,0.011748435013452517,0.0016379400745924113,1.380196314343387,0.00012300087063943948,-3.964127391955475e-05,0.00012604672024334247,1.4275498597309055,0.2188679245283019,0.44575240037667774,0.0008092457275765272,,,,,
dwell_r4_xi_0.05_p+3_Nd4001_dt1,main,dwell,4,xi_0.05,3,dsh_tau2.535us,0.18897994223821077,0.023195198465397714,0.001454247833933732,1.4510202695692447,0.0001549269484370385,2.6580726567191438e-05,0.00015889513099365444,1.4071616866715722,0.21509433962264152,0.45752618053621663,0.0017288949779256787,,,,,
dwell_r4_xi_0.05_p+3_Nd4001_dt1,main,dwell,4,xi_0.05,3,dsh_tau1.940us,0.18778797155084606,0.02341761362673368,0.001453095812697768,1.4506332941880085,0.00015472770940935885,2.6597480818334678e-05,0.00015834532274884003,1.4073774324129287,0.21509433962264152,0.45587237560411675,0.0017113785579016434,,,,,
dwell_r4_xi_0.05_p+3_Nd4001_dt1,main,dwell,4,xi_0.05,3,dsh_tau4.000us,0.1904211291559219,0.022928509387367752,0.0014555632833126433,1.4514685434605359,0.00015515922709022066,2.6556935567214856e-05,0.00015954053063881084,1.4067868792118503,0.2188679245283019,0.45957017057213123,0.001750615441754058,,,,,
dwell_r4_xi_0.05_p+6_Nd4001_dt1,main,dwell,4,xi_0.05,6,dsh_tau2.535us,0.19854610236209913,0.03381474755843855,0.0011021779785259334,1.5517331159098362,0.00016653002715521348,1.713894781688644e-05,0.00016953558101652006,1.3886704265809464,0.24150943396226415,0.4721970189614568,0.003665524473975256,,,,,
dwell_r4_xi_0.05_p+6_Nd4001_dt1,main,dwell,4,xi_0.05,6,dsh_tau1.940us,0.19721811951075474,0.03487595524427262,0.0011004407356363973,1.550451632849952,0.00016617803897600995,1.7136404656994196e-05,0.00016867849784656265,1.3853811608476214,0.24150943396226415,0.4704397640382191,0.003612997383775038,,,,,
dwell_r4_xi_0.05_p+6_Nd4001_dt1,main,dwell,4,xi_0.05,6,dsh_tau4.000us,0.20022264036687643,0.03255640778599591,0.0011042160845915901,1.5532655495456438,0.00016695024169187598,1.713246292921601e-05,0.00017055344520100453,1.3924202791733544,0.24150943396226415,0.474342111288565,0.0037281256196181984,,,,,
dwell_r4_xi_0.1_p-6_Nd4001_dt1,main,dwell,4,xi_0.1,-6,dsh_tau2.535us,0.11580207188257172,0.011245206676746623,0.0017489389610112246,1.2952184566298224,6.60707558263286e-05,-4.604148406853417e-05,4.8579468674248076e-05,1.8007579375246368,0.06415094339622641,0.30507529586354587,0.0001280006934820609,,,,,
dwell_r4_xi_0.1_p-6_Nd4001_dt1,main,dwell,4,xi_0.1,-6,dsh_tau1.940us,0.11548415943020882,0.011255542225710638,0.0017483683104409333,1.2952932438634848,6.603977162462494e-05,-4.603921624802073e-05,4.8561693012543935e-05,1.8010125581461356,0.06415094339622641,0.3046219986814722,0.00012755834950474852,,,,,
dwell_r4_xi_0.1_p-6_Nd4001_dt1,main,dwell,4,xi_0.1,-6,dsh_tau4.000us,0.11618713389008879,0.011234850797536703,0.0017495869845086894,1.2951426597421691,6.610665956735704e-05,-4.604805633380088e-05,4.8604530345138774e-05,1.8006262707745493,0.06415094339622641,0.3056358206579907,0.00012854746562516566,,,,,
dwell_r4_xi_0.1_p+0_Nd4001_dt1,main,dwell,4,xi_0.1,0,dsh_tau2.535us,0.11381833607233888,0.011388772349339549,0.0016002526536290696,1.3602316191899064,0.00012051214897129369,-3.954693423547825e-05,8.64736754208772e-05,1.7989776608889188,0.05660377358490566,0.2933872863991974,0.00046496333112901883,,,,,
dwell_r4_xi_0.1_p+0_Nd4001_dt1,main,dwell,4,xi_0.1,0,dsh_tau1.940us,0.11283728601915834,0.011523452168680864,0.0015982636054281995,1.3603697819366856,0.0001203091922083444,-3.953146129426771e-05,8.63588158179386e-05,1.7999998618668163,0.05660377358490566,0.2920798750983318,0.0004598628298865535,,,,,
dwell_r4_xi_0.1_p+0_Nd4001_dt1,main,dwell,4,xi_0.1,0,dsh_tau4.000us,0.11502675682240622,0.011231002214470865,0.0016025994192516305,1.3600761711670055,0.0001207544594976563,-3.958856982182988e-05,8.663113530396731e-05,1.7984583653285284,0.05660377358490566,0.2949737050241112,0.0004712788318906882,,,,,
dwell_r4_xi_0.1_p+3_Nd4001_dt1,main,dwell,4,xi_0.1,3,dsh_tau2.535us,0.12005146169537563,0.01919858726029387,0.0014180830099760758,1.4305873463742018,0.00015126711110959574,2.7868607583900863e-05,0.00011534038465667072,1.7761076939304994,0.06415094339622641,0.2993836787830435,0.0009830638198634518,,,,,
dwell_r4_xi_0.1_p+3_Nd4001_dt1,main,dwell,4,xi_0.1,3,dsh_tau1.940us,0.11879889924493217,0.019784600445805576,0.0014143990920700857,1.430286917189219,0.00015078907073927194,2.7907932447884546e-05,0.00011507101474210986,1.7772591155620598,0.06415094339622641,0.298016468572173,0.0009731224191328911,,,,,
dwell_r4_xi_0.1_p+3_Nd4001_dt1,main,dwell,4,xi_0.1,3,dsh_tau4.000us,0.12162614474268113,0.018488925952464555,0.0014224297364279974,1.4309567526580274,0.00015183807074983482,2.775783675532595e-05,0.00011571378117986339,1.7760601955748245,0.06415094339622641,0.3009858524744277,0.0009951569929350507,,,,,
dwell_r4_xi_0.1_p+6_Nd4001_dt1,main,dwell,4,xi_0.1,6,dsh_tau2.535us,0.12988322666958774,0.03253246270304762,0.0010680843619611392,1.5282963382091823,0.000161626002827828,2.0305808585978423e-05,0.00012290816663786645,1.769360470518721,0.06415094339622641,0.31016108469413556,0.002308407672892467,,,,,
dwell_r4_xi_0.1_p+6_Nd4001_dt1,main,dwell,4,xi_0.1,6,dsh_tau1.940us,0.1302861692809242,0.0356815883778646,0.0010622743664437174,1.526520103416153,0.00016077272559533815,2.038546954649448e-05,0.00012239562695861965,1.7715731359702305,0.06415094339622641,0.3118020313303519,0.0023518661779060148,,,,,
dwell_r4_xi_0.1_p+6_Nd4001_dt1,main,dwell,4,xi_0.1,6,dsh_tau4.000us,0.1295508165551864,0.028638888717909462,0.0010750024474169874,1.5304756857135546,0.00016265161474640695,2.0067244894450408e-05,0.00012365252546134645,1.7689475500219096,0.06037735849056604,0.30828589539055984,0.002254783919101235,,,,,
dwell_r4_xi_0.25_p-6_Nd4001_dt1,main,dwell,4,xi_0.25,-6,dsh_tau2.535us,0.0674320188872695,0.008619148168303165,0.0017183117906754716,1.2717768215259915,6.399445079068787e-05,-4.393193840925181e-05,3.159747925299136e-05,1.9615943593995462,0.018867924528301886,0.21677759993896942,6.950614288006102e-05,,,,,
dwell_r4_xi_0.25_p-6_Nd4001_dt1,main,dwell,4,xi_0.25,-6,dsh_tau1.940us,0.0672424545084322,0.008656392486206328,0.0017167142555791,1.2723161444359428,6.392946765486857e-05,-4.3928550770310344e-05,3.156928076056325e-05,1.962146669082507,0.018867924528301886,0.2164900386115624,6.91728947213805e-05,,,,,
dwell_r4_xi_0.25_p-6_Nd4001_dt1,main,dwell,4,xi_0.25,-6,dsh_tau4.000us,0.06767347004602556,0.008571222778718192,0.0017202597205197491,1.271137767593891,6.407391089439441e-05,-4.393294267739056e-05,3.1634308675651556e-05,1.9609849194731306,0.018867924528301886,0.21710648126848534,6.993853472328413e-05,,,,,
dwell_r4_xi_0.25_p+0_Nd4001_dt1,main,dwell,4,xi_0.25,0,dsh_tau2.535us,0.06720071832404953,0.0103522532649648,0.001562236556517847,1.3392482953026428,0.00011608725383754543,-3.6540558785302106e-05,5.676305116982028e-05,1.9796155243255644,0.007547169811320755,0.19991575418720794,0.0002487546385790548,,,,,
dwell_r4_xi_0.25_p+0_Nd4001_dt1,main,dwell,4,xi_0.25,0,dsh_tau1.940us,0.06697542585164488,0.010846823486093627,0.0015566588791514787,1.3406771937235173,0.00011566181661228024,-3.652177380999909e-05,5.656992846698977e-05,1.9814735930597043,0.0037735849056603774,0.19996296874815186,0.00024652636602769893,,,,,
dwell_r4_xi_0.25_p+0_Nd4001_dt1,main,dwell,4,xi_0.25,0,dsh_tau4.000us,0.06753013568650944,0.009738239700698191,0.0015689751862319043,1.3375695565149601,0.00011660380776573786,-3.654925901217977e-05,5.702580559104399e-05,1.977273313307043,0.011320754716981131,0.19979167296212264,0.00025192012831585543,,,,,
dwell_r4_xi_0.25_p+3_Nd4001_dt1,main,dwell,4,xi_0.25,3,dsh_tau2.535us,0.07371881490540959,0.018098491756972406,0.0013703074119268141,1.4092834469528441,0.00014428525562816636,3.0341878635583452e-05,0.00010623374893730098,1.9800097040985558,0.011320754716981131,0.2162030080926018,0.0005646829824879982,,,,,
dwell_r4_xi_0.25_p+3_Nd4001_dt1,main,dwell,4,xi_0.25,3,dsh_tau1.940us,0.07480281651242812,0.020171889965250923,0.0013596418044465198,1.410397235623457,0.00014323717099550248,3.0364707882155456e-05,0.00010587823215211413,1.9816209076102085,0.0037735849056603774,0.2201196436800309,0.0005746072811082273,,,,,
dwell_r4_xi_0.25_p+3_Nd4001_dt1,main,dwell,4,xi_0.25,3,dsh_tau4.000us,0.07257329758945764,0.015572814485840407,0.0013831997946235953,1.408031377400802,0.0001455606336120479,3.03406525876009e-05,0.00010671428880204523,1.9778653581594736,0.011320754716981131,0.2112908471336553,0.0005567975030709119,,,,,
dwell_r4_xi_0.25_p+6_Nd4001_dt1,main,dwell,4,xi_0.25,6,dsh_tau2.535us,0.1077029538877131,0.05155741039211031,0.001011788047386465,1.5056952129133419,0.0001528802644574285,2.1284060780377403e-05,0.00010808940756189896,1.968829047905451,0.011320754716981131,0.2924022112444742,0.0018550718878645926,,,,,
dwell_r4_xi_0.25_p+6_Nd4001_dt1,main,dwell,4,xi_0.25,6,dsh_tau1.940us,0.11782298179349686,0.06216905344790608,0.0009957615807621625,1.5056865966499418,0.00015115016555075948,2.131383203223375e-05,0.00010756852209632625,1.9666137191208575,0.011320754716981131,0.31234312992212715,0.002093492174750903,,,,,
dwell_r4_xi_0.25_p+6_Nd4001_dt1,main,dwell,4,xi_0.25,6,dsh_tau4.000us,0.09610879857881303,0.038781912787654145,0.00103148074281183,1.5061114270611058,0.00015502874516796822,2.1334347680809073e-05,0.0001088651627858769,1.9705694447684308,0.01509433962264151,0.2661533662667086,0.001614977236126421,,,,,
dwell_r4_xi_0.5_p-6_Nd4001_dt1,main,dwell,4,xi_0.5,-6,dsh_tau2.535us,0.052526705597706766,0.006464121547351089,0.0016884993220400953,1.2698049194763974,6.247670695852415e-05,-4.2604576337737985e-05,2.842276700819785e-05,1.9183371835828062,0.007547169811320755,0.18468719791826296,3.40948732018209e-05,,,,,
dwell_r4_xi_0.5_p-6_Nd4001_dt1,main,dwell,4,xi_0.5,-6,dsh_tau1.940us,0.05249024936661847,0.00655862171052799,0.0016856390072545878,1.2709460987385677,6.237001551252958e-05,-4.26046607742571e-05,2.8398197087911097e-05,1.919586978069171,0.007547169811320755,0.1843427823917721,3.419473998914239e-05,,,,,
dwell_r4_xi_0.5_p-6_Nd4001_dt1,main,dwell,4,xi_0.5,-6,dsh_tau4.000us,0.052608841208667524,0.006348499311912198,0.0016921941896313427,1.2683426708120076,6.261553523811984e-05,-4.2601630088963475e-05,2.8458064158457573e-05,1.9167291970432645,0.007547169811320755,0.1851459623500642,3.3974010494552354e-05,,,,,
dwell_r4_xi_0.5_p+0_Nd4001_dt1,main,dwell,4,xi_0.5,0,dsh_tau2.535us,0.055378950553386326,0.01035490720511427,0.0015205416093453802,1.3420791609021163,0.0001124068749744726,-3.510969461981119e-05,4.826439961261123e-05,1.9598539788611808,0.007547169811320755,0.17399789718162656,0.00012262202398929603,,,,,
dwell_r4_xi_0.5_p+0_Nd4001_dt1,main,dwell,4,xi_0.5,0,dsh_tau1.940us,0.056186736734035014,0.011522426333924704,0.0015104585140407667,1.3450467670845911,0.00011170580756453025,-3.511733401486072e-05,4.8139601518444274e-05,1.9644436737777318,0.0037735849056603774,0.1750722968050914,0.00012879539040611717,,,,,
dwell_r4_xi_0.5_p+0_Nd4001_dt1,main,dwell,4,xi_0.5,0,dsh_tau4.000us,0.054497054715263844,0.008909659838059796,0.0015335380473038274,1.3381714343048265,0.00011331801081620447,-3.50760406342345e-05,4.843949135795421e-05,1.9522711875060528,0.007547169811320755,0.17279113236287166,0.00011499257234879202,,,,,
dwell_r4_xi_0.5_p+3_Nd4001_dt1,main,dwell,4,xi_0.5,3,dsh_tau2.535us,0.06952897266718165,0.024557465921460454,0.0013122751075514982,1.4128930037273706,0.00013794325061694925,3.078792696871392e-05,0.00011752357264419014,1.9791142912617514,0.007547169811320755,0.20834919642236246,0.00039196818382202403,,,,,
dwell_r4_xi_0.5_p+3_Nd4001_dt1,main,dwell,4,xi_0.5,3,dsh_tau1.940us,0.07433357377227047,0.02963278786568683,0.0012928975374046198,1.4155349574683624,0.00013621523296563877,3.074592564319427e-05,0.00011741501985571039,1.983574004855578,0.007547169811320755,0.2174709713628623,0.00045167187596064913,,,,,
dwell_r4_xi_0.5_p+3_Nd4001_dt1,main,dwell,4,xi_0.5,3,dsh_tau4.000us,0.06404104706259026,0.018458910429967813,0.0013373652002539372,1.4092904830780535,0.00014021384325516706,3.088019589783002e-05,0.00011765121519681327,1.9688833498162308,0.007547169811320755,0.19725091642617373,0.00032107464376524594,,,,,
dwell_r4_xi_0.5_p+6_Nd4001_dt1,main,dwell,4,xi_0.5,6,dsh_tau2.535us,0.14490323400165037,0.09704546303264142,0.0009402177341877464,1.5109691734075668,0.00014442468331088022,2.1086180069683307e-05,0.00012004840788497064,1.9491280681514966,0.011320754716981131,0.342442797632273,0.0024665802551858676,,,,,
dwell_r4_xi_0.5_p+6_Nd4001_dt1,main,dwell,4,xi_0.5,6,dsh_tau1.940us,0.17097048621895627,0.12192983370084598,0.0009146114743938347,1.5138994361343914,0.00014208782586052054,2.1024384182316216e-05,0.00012021154788267169,1.9410790563162792,0.01509433962264151,0.37643972704361467,0.003084370959695243,,,,,
dwell_r4_xi_0.5_p+6_Nd4001_dt1,main,dwell,4,xi_0.5,6,dsh_tau4.000us,0.11399454646997234,0.06678328847937214,0.0009757360804257647,1.507748968297906,0.00014783409302102348,2.124895327952134e-05,0.00011980489202317681,1.9520744700450818,0.011320754716981131,0.29714885129523927,0.0017233911204729304,,,,,
dwell_r4_xi_1_p-6_Nd4001_dt1,main,dwell,4,xi_1,-6,dsh_tau2.535us,0.04489020889867994,0.005691822716747207,0.0016769504734877767,1.2698312261335318,6.170820660488077e-05,-4.456889855999169e-05,3.231803331967994e-05,1.999998442221728,0.0,0.154706701378729,2.7524000851995537e-05,,,,,
dwell_r4_xi_1_p-6_Nd4001_dt1,main,dwell,4,xi_1,-6,dsh_tau1.940us,0.04500576593623673,0.0058605082878250905,0.00167273054823735,1.2716304950773876,6.15567095026933e-05,-4.455925300394154e-05,3.230485131902401e-05,1.9999983725107837,0.0,0.1549725743901871,2.768578484916628e-05,,,,,
dwell_r4_xi_1_p-6_Nd4001_dt1,main,dwell,4,xi_1,-6,dsh_tau4.000us,0.044789406362034254,0.00546727064724154,0.0016830454594954625,1.2672294527578483,6.192903023697801e-05,-4.458399898872084e-05,3.234231129015323e-05,1.9999985077801858,0.0,0.15436564547006698,2.7410711221059704e-05,,,,,
dwell_r4_xi_1_p+0_Nd4001_dt1,main,dwell,4,xi_1,0,dsh_tau2.535us,0.05155019757911273,0.01364360482879343,0.0014861347447070773,1.3484975224730524,0.0001094614977717811,-3.8793817287036746e-05,4.528366539690208e-05,1.9999990910042325,0.0,0.158169732971604,0.00011402364205149035,,,,,
dwell_r4_xi_1_p+0_Nd4001_dt1,main,dwell,4,xi_1,0,dsh_tau1.940us,0.05359892515481549,0.015766566693983266,0.0014711234133722429,1.3529246717038879,0.00010846388663647642,-3.8730675105780365e-05,4.5240293967255215e-05,1.9999983931201877,0.0,0.1640175598806481,0.00012427443142547467,,,,,
dwell_r4_xi_1_p+0_Nd4001_dt1,main,dwell,4,xi_1,0,dsh_tau4.000us,0.049047336716267355,0.010849087190579016,0.0015079002231723094,1.3417581041572917,0.0001109292315053664,-3.890527413133103e-05,4.5343379467590945e-05,1.9999995822287946,0.0,0.14975590005815612,0.00010175923416024152,,,,,
dwell_r4_xi_1_p+3_Nd4001_dt1,main,dwell,4,xi_1,3,dsh_tau2.535us,0.08060378955111805,0.04320515908309223,0.0012479811442983842,1.419507347696063,0.00013162370577873744,2.6363427487198182e-05,0.00014189041687993523,1.9997655880561374,0.0,0.2370238179868296,0.0005117164325123401,,,,,
dwell_r4_xi_1_p+3_Nd4001_dt1,main,dwell,4,xi_1,3,dsh_tau1.940us,0.09105952926225767,0.05334014257565512,0.0012194507167918429,1.4234496471995906,0.0001292426645831207,2.6526967692656404e-05,0.00014192824007105205,1.999424870882337,0.0,0.2575378468287891,0.0006180510002079395,,,,,
dwell_r4_xi_1_p+3_Nd4001_dt1,main,dwell,4,xi_1,3,dsh_tau4.000us,0.06787086915735678,0.030443827479799953,0.0012897629701992153,1.413126453232612,0.00013521744685570533,2.6060109113466778e-05,0.00014175451375598403,1.9999475836528338,0.0,0.2072127135777279,0.000383441831748864,,,,,
dwell_r4_xi_1_p+6_Nd4001_dt1,main,dwell,4,xi_1,6,dsh_tau2.535us,0.23087426507353007,0.1897243572784705,0.0008630832361966177,1.525409236387555,0.0001372361583114933,1.797031019282818e-05,0.00014470739425720487,1.958555624598353,0.0,0.4659570537372307,0.004169502156361097,,,,,
dwell_r4_xi_1_p+6_Nd4001_dt1,main,dwell,4,xi_1,6,dsh_tau1.940us,0.27826962399590605,0.23510062147458421,0.0008324007368310722,1.5329011231737508,0.00013489514104167378,1.8263549859399008e-05,0.0001450270378961179,1.9366714994643124,0.0,0.515830300754023,0.005182546960066607,,,,,
dwell_r4_xi_1_p+6_Nd4001_dt1,main,dwell,4,xi_1,6,dsh_tau4.000us,0.16718215076087597,0.12829994945587272,0.000914587480655814,1.515703085499009,0.00014159190285451602,1.7350836472068062e-05,0.00014401587332028176,1.9846256213129216,0.0,0.3887567668876405,0.0028138331491128175,,,,,
dwell_r4_xi_2_p-6_Nd4001_dt1,main,dwell,4,xi_2,-6,dsh_tau2.535us,0.04212536527898067,0.005381872355069938,0.001664298638876056,1.2743093435177972,6.16953666719713e-05,-4.283463654310265e-05,3.2586624675515196e-05,1.9947020932539168,0.0037735849056603774,0.13880910789980963,2.39363513515234e-05,,,,,
dwell_r4_xi_2_p-6_Nd4001_dt1,main,dwell,4,xi_2,-6,dsh_tau1.940us,0.04231893532826701,0.005594090255286553,0.0016593736695484456,1.2764620859592144,6.151891813330512e-05,-4.28335799339467e-05,3.258940166734294e-05,1.9952056714956723,0.0037735849056603774,0.1396723601194681,2.4241123057114914e-05,,,,,
dwell_r4_xi_2_p-6_Nd4001_dt1,main,dwell,4,xi_2,-6,dsh_tau4.000us,0.041822216705189715,0.005036758450562752,0.001672596260086553,1.270687867155654,6.199327432183974e-05,-4.2834495506487645e-05,3.258252344143565e-05,1.9931911013269346,0.0037735849056603774,0.13746491599752186,2.3458508570950762e-05,,,,,
dwell_r4_xi_2_p+0_Nd4001_dt1,main,dwell,4,xi_2,0,dsh_tau2.535us,0.05538845159615212,0.019630769479758035,0.001442908267554457,1.3603402053971367,0.000107411997345598,-3.451619677698231e-05,5.455346346237312e-05,1.9999375112256244,0.0,0.161823544814722,0.00014550915381819269,,,,,
dwell_r4_xi_2_p+0_Nd4001_dt1,main,dwell,4,xi_2,0,dsh_tau1.940us,0.05842737583572443,0.02262345329045996,0.0014250127971160793,1.3652701885703666,0.00010623512789175874,-3.4515599295101857e-05,5.450693205176105e-05,1.999924457348912,0.0,0.17136323265388215,0.00016217073421057217,,,,,
dwell_r4_xi_2_p+0_Nd4001_dt1,main,dwell,4,xi_2,0,dsh_tau4.000us,0.05072434034245087,0.014963770360127679,0.0014728630469388784,1.3517346823169505,0.00010939518735091262,-3.451059810893533e-05,5.4626442269341824e-05,1.9999390086345188,0.0,0.14601297771078434,0.0001198384112615862,,,,,
dwell_r4_xi_2_p+3_Nd4001_dt1,main,dwell,4,xi_2,3,dsh_tau2.535us,0.11096645109283317,0.07475001503716563,0.0011683112538143207,1.4305797826788218,0.00012605557376052666,3.279845707714593e-05,0.00018152454513126092,1.9989865727084046,0.0,0.28523953605223656,0.0008914554821034093,,,,,
dwell_r4_xi_2_p+3_Nd4001_dt1,main,dwell,4,xi_2,3,dsh_tau1.940us,0.12713853248969567,0.09042961782026156,0.0011358730391584037,1.4350999863716203,0.00012345101688414608,3.279456715724627e-05,0.00018141970422680295,1.998391428757831,0.0,0.3129129010270339,0.0010669953584372866,,,,,
dwell_r4_xi_2_p+3_Nd4001_dt1,main,dwell,4,xi_2,3,dsh_tau4.000us,0.08710594040838852,0.05146058780165219,0.0012241512550681295,1.4228180738056422,0.00013064448821072943,3.283852667078254e-05,0.00018170060159407975,1.9994209313114617,0.0,0.23851898849078426,0.0006317829487892765,,,,,
dwell_r4_xi_2_p+6_Nd4001_dt1,main,dwell,4,xi_2,6,dsh_tau2.535us,0.36021621777712326,0.3172649953044296,0.0007854775142346691,1.550338320284781,0.00013248551155850617,2.291214308872973e-05,0.00018315991770406694,1.8923916195648198,0.0,0.5747322941756685,0.007248573370051364,,,,,
dwell_r4_xi_2_p+6_Nd4001_dt1,main,dwell,4,xi_2,6,dsh_tau1.940us,0.4216093029923248,0.37678252913347554,0.0007582372581346211,1.5620155703866572,0.0001307580667186838,2.300992288161875e-05,0.00018322672795531897,1.8631509399266737,0.0,0.6267435920789968,0.008542709616901418,,,,,
dwell_r4_xi_2_p+6_Nd4001_dt1,main,dwell,4,xi_2,6,dsh_tau4.000us,0.260388439781571,0.22043369829905138,0.0008396288394856692,1.5330269053682097,0.00013630014940204535,2.2862144185846157e-05,0.00018305488649410416,1.9431557062270919,0.0,0.47952113871245183,0.005069355163207754,,,,,
dwell_r4_xi_4_p-6_Nd4001_dt1,main,dwell,4,xi_4,-6,dsh_tau2.535us,0.0405384417742618,0.005625409844152848,0.0016483403828526863,1.277913673318885,6.108604339896223e-05,-4.535647074634371e-05,3.6317449728549985e-05,1.9999999992757358,0.0,0.12815506239345842,2.2617961167997065e-05,,,,,
dwell_r4_xi_4_p-6_Nd4001_dt1,main,dwell,4,xi_4,-6,dsh_tau1.940us,0.04071841371647858,0.005797491637029235,0.0016443656998541107,1.2796654466897377,6.094376428202213e-05,-4.5363835478625294e-05,3.6323333767538894e-05,1.9999999990898223,0.0,0.12907529824050581,2.2844106691715104e-05,,,,,
dwell_r4_xi_4_p-6_Nd4001_dt1,main,dwell,4,xi_4,-6,dsh_tau4.000us,0.040167336699455485,0.005256241545398086,0.0016564205813208602,1.2743734814877856,6.13747720171225e-05,-4.534519164722674e-05,3.630673492976158e-05,1.9999999995606377,0.0,0.1262429488118415,2.210023401532593e-05,,,,,
dwell_r4_xi_4_p+0_Nd4001_dt1,main,dwell,4,xi_4,0,dsh_tau2.535us,0.06178638494054226,0.026273603846448827,0.0013993216336478601,1.3701081651392881,0.00010452482444304827,-3.8930413898134416e-05,5.520024309765284e-05,1.99999202452112,0.0,0.179792307842498,0.00016717268547078033,,,,,
dwell_r4_xi_4_p+0_Nd4001_dt1,main,dwell,4,xi_4,0,dsh_tau1.940us,0.06448385248083022,0.02886080086608182,0.0013849568801640641,1.3739211698326803,0.00010358159157164937,-3.8979417942545556e-05,5.5189431810499246e-05,1.9999903954173697,0.0,0.18736678851969812,0.000179405013261769,,,,,
dwell_r4_xi_4_p+0_Nd4001_dt1,main,dwell,4,xi_4,0,dsh_tau4.000us,0.05629007850454984,0.020945269906583106,0.0014285879672459206,1.3623943081867134,0.00010643626076255071,-3.884888736067654e-05,5.524570471143721e-05,1.9999968778748496,0.0,0.16347105854786945,0.00014053559816985334,,,,,
dwell_r4_xi_4_p+3_Nd4001_dt1,main,dwell,4,xi_4,3,dsh_tau2.535us,0.15054017931172878,0.11112053528187706,0.0010952907487091791,1.44026561771665,0.0001202930175941085,2.7593365865426806e-05,0.00020291104458333863,1.9969005837320568,0.0,0.3418318188631499,0.0012180571055742271,,,,,
dwell_r4_xi_4_p+3_Nd4001_dt1,main,dwell,4,xi_4,3,dsh_tau1.940us,0.16562256509337062,0.12551066745567271,0.0010707245624540173,1.4438862009941857,0.00011835915479372105,2.746795757264076e-05,0.00020287282093571352,1.995894898155068,0.0,0.36272966309974464,0.0013588232360059456,,,,,
dwell_r4_xi_4_p+3_Nd4001_dt1,main,dwell,4,xi_4,3,dsh_tau4.000us,0.121386289040345,0.08306342480672527,0.00114632607061983,1.433205675090326,0.00012429924332947438,2.7796758748029815e-05,0.00020300532169840102,1.9985104927883472,0.0,0.2973666524340506,0.0009334513528743284,,,,,
dwell_r4_xi_4_p+6_Nd4001_dt1,main,dwell,4,xi_4,6,dsh_tau2.535us,0.5028339833491172,0.44770416209790054,0.0007289408886380547,1.5789488705053525,0.00012920291112307402,1.737602389290447e-05,0.00020368518948313513,1.8311239369866736,0.0,0.6674732787762196,0.009480439054637189,,,,,
dwell_r4_xi_4_p+6_Nd4001_dt1,main,dwell,4,xi_4,6,dsh_tau1.940us,0.5563082220034049,0.49871838928309886,0.0007108939258509263,1.5897951595519961,0.00012821925243212102,1.7117600061147417e-05,0.0002037330562182756,1.809216906859374,0.0,0.704893917152614,0.010430220410089728,,,,,
dwell_r4_xi_4_p+6_Nd4001_dt1,main,dwell,4,xi_4,6,dsh_tau4.000us,0.4001748853750552,0.3494856362796784,0.0007677190292888154,1.5586177385692028,0.0001313608731525197,1.7776667590328966e-05,0.0002035790239367635,1.87621528031175,0.0,0.5909370414361214,0.007568525016786536,,,,,
dwell_r5_xi_0.05_p-6_Nd4001_dt1,main,dwell,5,xi_0.05,-6,dsh_tau2.535us,0.18150429908594282,0.011967449094850416,0.0017812073385363055,1.3169645076506966,6.710305592279638e-05,-4.857583197714938e-05,7.062284392349951e-05,1.6400296690632017,0.12075471698113208,0.3796873635227485,0.00019201516096145139,,,,,
dwell_r5_xi_0.05_p-6_Nd4001_dt1,main,dwell,5,xi_0.05,-6,dsh_tau1.940us,0.18129033617010673,0.011972051395280348,0.0017810591213441322,1.3169321819973088,6.70914184406565e-05,-4.856768578091298e-05,7.058127728120353e-05,1.640460028520856,0.12075471698113208,0.3793975263318456,0.00019175243069189654,,,,,
dwell_r5_xi_0.05_p-6_Nd4001_dt1,main,dwell,5,xi_0.05,-6,dsh_tau4.000us,0.18175644316463274,0.011962483786094782,0.001781371181318335,1.3170070994908567,6.711636827512747e-05,-4.85875575345149e-05,7.067119954834328e-05,1.639553084904899,0.12075471698113208,0.3800585025066388,0.0001923050367912231,,,,,
dwell_r5_xi_0.05_p+0_Nd4001_dt1,main,dwell,5,xi_0.05,0,dsh_tau2.535us,0.17756478573923531,0.011852409088247742,0.0016324627281947687,1.379765522954705,0.00012250339954985334,-4.5486577136019515e-05,0.00012797283927314045,1.6407697763492277,0.1320754716981132,0.3787844000428744,0.0007374807173298605,,,,,
dwell_r5_xi_0.05_p+0_Nd4001_dt1,main,dwell,5,xi_0.05,0,dsh_tau1.940us,0.17682976838992184,0.011900942071192001,0.0016318936117024985,1.3796258811336073,0.00012242261890492992,-4.542908365267384e-05,0.0001276983727297522,1.642256558538388,0.1320754716981132,0.3777833463009203,0.0007335791288574058,,,,,
dwell_r5_xi_0.05_p+0_Nd4001_dt1,main,dwell,5,xi_0.05,0,dsh_tau4.000us,0.17843725394648727,0.011792884022017612,0.0016331000653179086,1.3799425997758061,0.0001225964807909606,-4.5570548708759296e-05,0.0001282940780613745,1.6391077310182796,0.13584905660377358,0.3800630249918559,0.0007418729070668587,,,,,
dwell_r5_xi_0.05_p+3_Nd4001_dt1,main,dwell,5,xi_0.05,3,dsh_tau2.535us,0.187578532433439,0.023629011269541176,0.0014499513431694257,1.4501370588585527,0.00015434597373480035,1.8712593696438074e-05,0.00016080778019932713,1.622950851966812,0.13962264150943396,0.3974141838878414,0.0016010760988444401,,,,,
dwell_r5_xi_0.05_p+3_Nd4001_dt1,main,dwell,5,xi_0.05,3,dsh_tau1.940us,0.18644315976055392,0.023837125023031498,0.0014489696891663956,1.4497004945923253,0.00015416806532031615,1.8855769924580584e-05,0.0001602586650428516,1.625210461391343,0.13962264150943396,0.3959254411622532,0.0015878064353299812,,,,,
dwell_r5_xi_0.05_p+3_Nd4001_dt1,main,dwell,5,xi_0.05,3,dsh_tau4.000us,0.1889187749245732,0.02336847339919159,0.0014510333900625723,1.4506584763202925,0.00015454801377755978,1.8501940565288958e-05,0.00016145029743627187,1.6204309450442538,0.14339622641509434,0.3992864725043979,0.0016157966019732888,,,,,
dwell_r5_xi_0.05_p+6_Nd4001_dt1,main,dwell,5,xi_0.05,6,dsh_tau2.535us,0.19778070585668944,0.03481666757171965,0.0010996366376984873,1.5531297179126993,0.0001660506342723761,8.821152090637238e-06,0.00017133345426574275,1.638813717244194,0.12830188679245283,0.4098548278625538,0.0034422874593919156,,,,,
dwell_r5_xi_0.05_p+6_Nd4001_dt1,main,dwell,5,xi_0.05,6,dsh_tau1.940us,0.19655850099421274,0.03578313251614556,0.0010981968909650665,1.5517855816357964,0.00016574922804008682,9.15844109607965e-06,0.00017054063879348748,1.6417106481520616,0.12452830188679245,0.4082899716247855,0.0034072824242895095,,,,,
dwell_r5_xi_0.05_p+6_Nd4001_dt1,main,dwell,5,xi_0.05,6,dsh_tau4.000us,0.19924836263599346,0.0336400832040853,0.001101234963764277,1.5547375686427871,0.00016639342068379705,8.336826325919168e-06,0.00017227783099299106,1.6358712040603265,0.12452830188679245,0.4118556187627522,0.003478424886409231,,,,,
dwell_r5_xi_0.1_p-6_Nd4001_dt1,main,dwell,5,xi_0.1,-6,dsh_tau2.535us,0.11898647561084612,0.011383786589537417,0.0017497900061716623,1.2963462376084542,6.616446285435551e-05,-4.616779726983496e-05,4.714718918257215e-05,1.7900380520133095,0.07924528301886792,0.30666874912268877,0.00014123397675131933,,,,,
dwell_r5_xi_0.1_p-6_Nd4001_dt1,main,dwell,5,xi_0.1,-6,dsh_tau1.940us,0.11866324638145234,0.011393395317367024,0.00174917195942174,1.2964445378746576,6.613162334637656e-05,-4.615847002741479e-05,4.712908566011544e-05,1.790562788509247,0.07924528301886792,0.30622887591686637,0.00014081799818996485,,,,,
dwell_r5_xi_0.1_p-6_Nd4001_dt1,main,dwell,5,xi_0.1,-6,dsh_tau4.000us,0.11937970484744168,0.011370758737139738,0.001750521442235585,1.2962314965174426,6.620367578553634e-05,-4.617781709390361e-05,4.717070226913657e-05,1.789478802296679,0.07924528301886792,0.3071436163493425,0.00014173847337553954,,,,,
dwell_r5_xi_0.1_p+0_Nd4001_dt1,main,dwell,5,xi_0.1,0,dsh_tau2.535us,0.11648105075332077,0.011415028245472188,0.0016004566557549348,1.3610650100154047,0.00012061439194589129,-4.0490889742162495e-05,8.563706196795194e-05,1.7994972123390498,0.06415094339622641,0.3025174570248733,0.0005184481502501847,,,,,
dwell_r5_xi_0.1_p+0_Nd4001_dt1,main,dwell,5,xi_0.1,0,dsh_tau1.940us,0.11549711925321987,0.01156194945375132,0.0015983292497536929,1.3612641759247228,0.00012040156087712164,-4.0429167420285116e-05,8.552832871135319e-05,1.8013688292416483,0.06415094339622641,0.3010352162136916,0.0005135919513311199,,,,,
dwell_r5_xi_0.1_p+0_Nd4001_dt1,main,dwell,5,xi_0.1,0,dsh_tau4.000us,0.11768536484024252,0.011227115509990076,0.001603010960296584,1.3608208301489013,0.00012087151117689675,-4.055906705847854e-05,8.57802666640374e-05,1.7976328829970378,0.06415094339622641,0.30416114572615405,0.0005245772821095289,,,,,
dwell_r5_xi_0.1_p+3_Nd4001_dt1,main,dwell,5,xi_0.1,3,dsh_tau2.535us,0.12243006225403819,0.019290190596783646,0.001417217968480959,1.4312331738457025,0.00015126864889957129,2.564177782807693e-05,0.00011709911026562745,1.7769265640704452,0.06415094339622641,0.31320304688543305,0.0010870979720331857,,,,,
dwell_r5_xi_0.1_p+3_Nd4001_dt1,main,dwell,5,xi_0.1,3,dsh_tau1.940us,0.12120934719184355,0.01994224028684801,0.0014132767323697555,1.4310076750918201,0.00015076733118476164,2.579459335746963e-05,0.0001168518842700306,1.779328871103225,0.06415094339622641,0.3113570911781827,0.001075098982964537,,,,,
dwell_r5_xi_0.1_p+3_Nd4001_dt1,main,dwell,5,xi_0.1,3,dsh_tau4.000us,0.12395128291497667,0.018466472797065533,0.0014219542503498927,1.431495701520416,0.00015187572297807215,2.5468316003347056e-05,0.00011741608256857829,1.7751379346200162,0.06415094339622641,0.31519805380445204,0.0011030521102012372,,,,,
dwell_r5_xi_0.1_p+6_Nd4001_dt1,main,dwell,5,xi_0.1,6,dsh_tau2.535us,0.13236731607731653,0.03358507589641647,0.0010653879115404992,1.5295250961204763,0.0001613393160134858,1.6366406378299076e-05,0.00012461538169109741,1.7843291495138358,0.07924528301886792,0.32069149446412937,0.0023595104806246915,,,,,
dwell_r5_xi_0.1_p+6_Nd4001_dt1,main,dwell,5,xi_0.1,6,dsh_tau1.940us,0.13303648925314315,0.03711766276067654,0.001059231091817411,1.5278888137758253,0.00016045713817729166,1.6694858541760064e-05,0.00012423655202419565,1.7868932666448127,0.07547169811320754,0.3218313988082274,0.002368289598646028,,,,,
dwell_r5_xi_0.1_p+6_Nd4001_dt1,main,dwell,5,xi_0.1,6,dsh_tau4.000us,0.13165180582025793,0.02912028289680782,0.001072949399258653,1.5315455506862936,0.0001624304375497863,1.5947831649134017e-05,0.0001251300089931129,1.7829791638449337,0.07547169811320754,0.3187863720513555,0.0023583680018828958,,,,,
dwell_r5_xi_0.25_p-6_Nd4001_dt1,main,dwell,5,xi_0.25,-6,dsh_tau2.535us,0.06969266866774339,0.008584618864492676,0.0017173474858941645,1.2723804278147846,6.396088424432634e-05,-4.4170299372369965e-05,3.317580109785204e-05,1.895115148121376,0.03018867924528302,0.2294842729956551,5.351082678471222e-05,,,,,
dwell_r5_xi_0.25_p-6_Nd4001_dt1,main,dwell,5,xi_0.25,-6,dsh_tau1.940us,0.06950417358101012,0.00862127724451985,0.0017157161399247766,1.2729333179118023,6.389458259301152e-05,-4.417307366289072e-05,3.314811686953122e-05,1.896546151944951,0.026415094339622643,0.22891722842651674,5.3345426398052946e-05,,,,,
dwell_r5_xi_0.25_p-6_Nd4001_dt1,main,dwell,5,xi_0.25,-6,dsh_tau4.000us,0.06993478341420944,0.008541094469697592,0.0017193939355854774,1.271694008844504,6.404417740252783e-05,-4.416807524964611e-05,3.3215498693635865e-05,1.8934073055955445,0.03018867924528302,0.23023284207710465,5.37592530258836e-05,,,,,
dwell_r5_xi_0.25_p+0_Nd4001_dt1,main,dwell,5,xi_0.25,0,dsh_tau2.535us,0.06930897351899654,0.00991300914152038,0.0015615637960026952,1.3401551972629546,0.00011602256892661842,-3.640678272872226e-05,5.8799173661890224e-05,1.9199694864391776,0.018867924528301886,0.2209367431648131,0.00018671715723520078,,,,,
dwell_r5_xi_0.25_p+0_Nd4001_dt1,main,dwell,5,xi_0.25,0,dsh_tau1.940us,0.06908794417156362,0.010408832714672635,0.001555882363786591,1.3416263956992796,0.00011558902503825899,-3.642442597083665e-05,5.86164953524168e-05,1.9248919110018063,0.01509433962264151,0.21951058410697127,0.00018636375406998998,,,,,
dwell_r5_xi_0.25_p+0_Nd4001_dt1,main,dwell,5,xi_0.25,0,dsh_tau4.000us,0.06962001902131063,0.009294203599894942,0.001568636049807363,1.3383184299565924,0.00011656391446309482,-3.638314881840644e-05,5.904843736267676e-05,1.913552388189128,0.022641509433962263,0.22294661550635994,0.00018773880965300196,,,,,
dwell_r5_xi_0.25_p+3_Nd4001_dt1,main,dwell,5,xi_0.25,3,dsh_tau2.535us,0.07531896808972091,0.017116313145591325,0.0013696161852412233,1.4104176544704181,0.00014414359059203644,3.1372855045539096e-05,0.00010769454528987535,1.9385503922896803,0.01509433962264151,0.23209620606486434,0.00042133441467907747,,,,,
dwell_r5_xi_0.25_p+3_Nd4001_dt1,main,dwell,5,xi_0.25,3,dsh_tau1.940us,0.07640549915641938,0.019201950360992513,0.00135874271833796,1.4115914559964071,0.0001430722214085292,3.1296251134004054e-05,0.00010736503117300927,1.9429054523151081,0.018867924528301886,0.2324148641651483,0.00043467695510518564,,,,,
dwell_r5_xi_0.25_p+3_Nd4001_dt1,main,dwell,5,xi_0.25,3,dsh_tau4.000us,0.07409494895693734,0.014530642675098049,0.0013832037530647496,1.4089499503332297,0.00014548886458542435,3.144116454725536e-05,0.00010810108032582428,1.933057643823865,0.01509433962264151,0.23240130108808277,0.00040770051144556476,,,,,
dwell_r5_xi_0.25_p+6_Nd4001_dt1,main,dwell,5,xi_0.25,6,dsh_tau2.535us,0.10768228255683503,0.04980189486748882,0.0010092547771911274,1.506736475124284,0.00015226879025966142,2.335799383617704e-05,0.0001107786154635189,1.9101530685966281,0.011320754716981131,0.2793314524608283,0.0014839987325082878,,,,,
dwell_r5_xi_0.25_p+6_Nd4001_dt1,main,dwell,5,xi_0.25,6,dsh_tau1.940us,0.11798435753588125,0.06064212110442186,0.0009928019704616607,1.5067795764670247,0.0001504821115234711,2.3156958042420664e-05,0.00011029431324922192,1.9150770640349775,0.011320754716981131,0.294125002920367,0.001700911984251119,,,,,
dwell_r5_xi_0.25_p+6_Nd4001_dt1,main,dwell,5,xi_0.25,6,dsh_tau4.000us,0.09538138556154396,0.03631895302991779,0.001030364005437711,1.506931706935992,0.0001545855265408692,2.360406073687346e-05,0.00011151160876528971,1.9031436731242168,0.011320754716981131,0.2622415226482004,0.0012322189822997253,,,,,
dwell_r5_xi_0.5_p-6_Nd4001_dt1,main,dwell,5,xi_0.5,-6,dsh_tau2.535us,0.04940732317671876,0.0067984646448238945,0.0016867924742376295,1.2672802236565648,6.242347783348633e-05,-4.306352848344095e-05,2.859704491339403e-05,1.9413813787129799,0.007547169811320755,0.1844443404718161,4.131575401814768e-05,,,,,
dwell_r5_xi_0.5_p-6_Nd4001_dt1,main,dwell,5,xi_0.5,-6,dsh_tau1.940us,0.04935619297304827,0.006894956552468125,0.0016838571400777853,1.268459990424282,6.231349632338052e-05,-4.307312931716762e-05,2.8574201104476314e-05,1.9426481691437187,0.007547169811320755,0.18429992239667403,4.117512078414266e-05,,,,,
dwell_r5_xi_0.5_p-6_Nd4001_dt1,main,dwell,5,xi_0.5,-6,dsh_tau4.000us,0.0495058470850859,0.006678771779698305,0.0016906234308346289,1.265746498889346,6.256806527356826e-05,-4.3053179854953016e-05,2.8632052367240985e-05,1.939864835034469,0.007547169811320755,0.18465674245773608,4.1517347235721976e-05,,,,,
dwell_r5_xi_0.5_p+0_Nd4001_dt1,main,dwell,5,xi_0.5,0,dsh_tau2.535us,0.05247152391752418,0.010434904935770073,0.0015192161024285028,1.3395912205611695,0.0001123374452952095,-3.5376048669344e-05,4.8528861400889054e-05,1.9697437879134214,0.0037735849056603774,0.17417351121682773,0.00015309087694936852,,,,,
dwell_r5_xi_0.5_p+0_Nd4001_dt1,main,dwell,5,xi_0.5,0,dsh_tau1.940us,0.05326815927961939,0.011651253961016872,0.00150888365146075,1.3426548151912656,0.00011161659793668595,-3.544006912345995e-05,4.835095021822687e-05,1.9733570708815993,0.0037735849056603774,0.17652110339572002,0.0001562621132006678,,,,,
dwell_r5_xi_0.5_p+0_Nd4001_dt1,main,dwell,5,xi_0.5,0,dsh_tau4.000us,0.05159371938670969,0.0089181701657615,0.0015327180354616913,1.3354784322782662,0.00011328788410407021,-3.5310731152800175e-05,4.877668535452741e-05,1.9642376755553719,0.007547169811320755,0.17129996419501894,0.00014980579960570124,,,,,
dwell_r5_xi_0.5_p+3_Nd4001_dt1,main,dwell,5,xi_0.5,3,dsh_tau2.535us,0.06652895059971325,0.024214355656896603,0.001311841066764481,1.4105860863029005,0.00013792656041084928,3.137294928999978e-05,0.00011639379435817118,1.9772500255273793,0.0037735849056603774,0.20665899848447958,0.0004366636652726369,,,,,
dwell_r5_xi_0.5_p+3_Nd4001_dt1,main,dwell,5,xi_0.5,3,dsh_tau1.940us,0.0714118137883345,0.02949596019412036,0.001291966809091863,1.4133161926596278,0.00013614952784835643,3.1228979298731435e-05,0.00011615471330734612,1.9805166914904635,0.0037735849056603774,0.2189184908652586,0.00048244144561017773,,,,,
dwell_r5_xi_0.5_p+3_Nd4001_dt1,main,dwell,5,xi_0.5,3,dsh_tau4.000us,0.06089375632073627,0.017819147460100666,0.0013379247132844253,1.4067663988600283,0.00014029547166048237,3.1520159570190194e-05,0.00011671699844062953,1.9725812568995167,0.0037735849056603774,0.1908344078443038,0.00038578020641422557,,,,,
dwell_r5_xi_0.5_p+6_Nd4001_dt1,main,dwell,5,xi_0.5,6,dsh_tau2.535us,0.14029122319867912,0.09536808174988526,0.0009408369279687443,1.50947570729297,0.00014447042310548265,2.1959896748487744e-05,0.00011815364921320649,1.9709742782434307,0.007547169811320755,0.33785572641074163,0.0022713587216243204,,,,,
dwell_r5_xi_0.5_p+6_Nd4001_dt1,main,dwell,5,xi_0.5,6,dsh_tau1.940us,0.16678381902829548,0.12118429207041237,0.0009146584098024022,1.512531944759231,0.0001420755796825346,2.16839283594826e-05,0.00011806706621179267,1.96794941361322,0.007547169811320755,0.3771981927722111,0.0027704949312112783,,,,,
dwell_r5_xi_0.5_p+6_Nd4001_dt1,main,dwell,5,xi_0.5,6,dsh_tau4.000us,0.10829155405134838,0.06358763270928586,0.0009777337371668566,1.50592545411444,0.0001480115210737202,2.2247204268071454e-05,0.0001184043121813321,1.9701940673517722,0.0037735849056603774,0.28267291549509727,0.0016836034908973613,,,,,
dwell_r5_xi_1_p-6_Nd4001_dt1,main,dwell,5,xi_1,-6,dsh_tau2.535us,0.0438730446477923,0.005556331844422406,0.001679499813709813,1.2688252056649354,6.22386009276166e-05,-4.372174966095881e-05,3.168222541574106e-05,1.9502581440289999,0.0037735849056603774,0.14322917642290664,3.467829078198497e-05,,,,,
dwell_r5_xi_1_p-6_Nd4001_dt1,main,dwell,5,xi_1,-6,dsh_tau1.940us,0.04394372744162299,0.005721968581701223,0.0016751540421406552,1.2706730776540314,6.207963062754496e-05,-4.371949436415918e-05,3.1660699141607216e-05,1.9510427455364032,0.0037735849056603774,0.14363230502360624,3.473557290739853e-05,,,,,
dwell_r5_xi_1_p-6_Nd4001_dt1,main,dwell,5,xi_1,-6,dsh_tau4.000us,0.043833723520638045,0.005345714422320123,0.0016856165386476836,1.2662272821111134,6.246418630956344e-05,-4.3722156562057514e-05,3.171537772364466e-05,1.9491690419190628,0.0037735849056603774,0.1428579768342159,3.470944230772803e-05,,,,,
dwell_r5_xi_1_p+0_Nd4001_dt1,main,dwell,5,xi_1,0,dsh_tau2.535us,0.04931099888811157,0.012697196282203747,0.001491200420783716,1.3471734976902445,0.00011054211126171563,-3.6344327239652025e-05,4.6487914907954536e-05,1.9710231392687239,0.0037735849056603774,0.14389873763560942,0.00014159374426042344,,,,,
dwell_r5_xi_1_p+0_Nd4001_dt1,main,dwell,5,xi_1,0,dsh_tau1.940us,0.05122363767870598,0.014847921060974349,0.0014757758147893585,1.3517358344308352,0.00010949829734204816,-3.633314604292901e-05,4.6377074000994216e-05,1.975178198207163,0.0037735849056603774,0.1500674746304391,0.00015255874013642802,,,,,
dwell_r5_xi_1_p+0_Nd4001_dt1,main,dwell,5,xi_1,0,dsh_tau4.000us,0.04706115792300985,0.00997881597468943,0.0015129883993278484,1.3403994344142427,0.00011203730207361231,-3.6347630278214436e-05,4.667775958624128e-05,1.9646074272128167,0.0037735849056603774,0.13585438528128263,0.00012955554621679662,,,,,
dwell_r5_xi_1_p+3_Nd4001_dt1,main,dwell,5,xi_1,3,dsh_tau2.535us,0.0743306295705466,0.03902037197177803,0.0012563874810564018,1.418713874226298,0.00013311085753436018,3.0499393528371535e-05,0.00013916657357868824,1.9910441488275792,0.0037735849056603774,0.21402543889191794,0.0005337031029845032,,,,,
dwell_r5_xi_1_p+3_Nd4001_dt1,main,dwell,5,xi_1,3,dsh_tau1.940us,0.08445544157705275,0.04924662060083412,0.0012270072556772457,1.422782295955291,0.00013060968822386774,3.0526396916339455e-05,0.0001391269870032915,1.992709876752434,0.0037735849056603774,0.23497468657290227,0.0006520921964165984,,,,,
dwell_r5_xi_1_p+3_Nd4001_dt1,main,dwell,5,xi_1,3,dsh_tau4.000us,0.06244378477256926,0.026672683654339037,0.0012983165312150198,1.4122745220557147,0.00013679016386465326,3.049065345167043e-05,0.00013927401385496673,1.9855680536475977,0.0037735849056603774,0.18521709883262577,0.00040130403779150046,,,,,
dwell_r5_xi_1_p+6_Nd4001_dt1,main,dwell,5,xi_1,6,dsh_tau2.535us,0.21040472120235804,0.1737317407816111,0.0008696814509302875,1.5235202652350304,0.00013813278850996952,2.1970949112436066e-05,0.00014049470979706773,1.9590717518328904,0.0037735849056603774,0.42690861833051136,0.0038430290396666324,,,,,
dwell_r5_xi_1_p+6_Nd4001_dt1,main,dwell,5,xi_1,6,dsh_tau1.940us,0.257538866701569,0.2198669408639236,0.0008378003337432274,1.5311055647192233,0.00013563603170945279,2.2026023173549145e-05,0.00014070912130936559,1.9352135653560254,0.0,0.47586605018604133,0.004958926872229915,,,,,
dwell_r5_xi_1_p+6_Nd4001_dt1,main,dwell,5,xi_1,6,dsh_tau4.000us,0.14890134616078665,0.11330387239260183,0.0009220413725661545,1.5140381332853914,0.00014268017824299077,2.1954101414528702e-05,0.0001402857372971315,1.981612894043752,0.0037735849056603774,0.3524802868487681,0.0024673713896937242,,,,,
dwell_r5_xi_2_p-6_Nd4001_dt1,main,dwell,5,xi_2,-6,dsh_tau2.535us,0.04212323202351654,0.005524217875132254,0.0016636333387963238,1.2737064190850176,6.162781759722304e-05,-4.2390172211496425e-05,3.3863108520527035e-05,1.9999112023529673,0.0,0.13611240603893882,2.92983922324079e-05,,,,,
dwell_r5_xi_2_p-6_Nd4001_dt1,main,dwell,5,xi_2,-6,dsh_tau1.940us,0.04234061583307589,0.005749975540830404,0.0016585009470143134,1.2759467462332799,6.144412618203452e-05,-4.239079225780299e-05,3.386587358540725e-05,1.999913616492053,0.0,0.13721579037245196,2.963667063853056e-05,,,,,
dwell_r5_xi_2_p-6_Nd4001_dt1,main,dwell,5,xi_2,-6,dsh_tau4.000us,0.04182839264829904,0.0051723505252435345,0.0016719706269957622,1.2700697667355525,6.192801407724307e-05,-4.238857655751654e-05,3.3858586659821274e-05,1.9999175500794846,0.0,0.13445767270067932,2.8778193940251074e-05,,,,,
dwell_r5_xi_2_p+0_Nd4001_dt1,main,dwell,5,xi_2,0,dsh_tau2.535us,0.054052245053873856,0.018615031725082266,0.0014475836476560695,1.3590399673783118,0.0001076047496323609,-3.3720085828983625e-05,5.0326090581899355e-05,1.9999426523484185,0.0,0.15714008605290178,0.00015522439150409263,,,,,
dwell_r5_xi_2_p+0_Nd4001_dt1,main,dwell,5,xi_2,0,dsh_tau1.940us,0.0573020901098657,0.02178665140461535,0.0014289306690951167,1.3641293110537887,0.00010638195944014078,-3.3720985327314615e-05,5.033390241716717e-05,1.999912469878779,0.0,0.1669738045163139,0.00017323743737084697,,,,,
dwell_r5_xi_2_p+0_Nd4001_dt1,main,dwell,5,xi_2,0,dsh_tau4.000us,0.04936897644216856,0.013867558037003586,0.0014777008133109912,1.350423102306557,0.00010959956778324515,-3.3715687597126404e-05,5.0332157442193795e-05,1.9999778139814868,0.0,0.14168284551179539,0.00012899585705875965,,,,,
dwell_r5_xi_2_p+3_Nd4001_dt1,main,dwell,5,xi_2,3,dsh_tau2.535us,0.10450500922609922,0.06935241961141374,0.0011786919404807373,1.4296020377246133,0.0001266939194825173,3.3976838081359304e-05,0.00017180126834223522,1.9988952292714366,0.0,0.2682168490502886,0.0008393276736055426,,,,,
dwell_r5_xi_2_p+3_Nd4001_dt1,main,dwell,5,xi_2,3,dsh_tau1.940us,0.12147013191284516,0.08569416683709992,0.0011448489179885848,1.434200157664707,0.00012399805219617742,3.3984897222625336e-05,0.00017180798593776386,1.9979516483050765,0.0,0.29684296384246567,0.0010219406446340424,,,,,
dwell_r5_xi_2_p+3_Nd4001_dt1,main,dwell,5,xi_2,3,dsh_tau4.000us,0.08067409473998396,0.045975766316377495,0.0012350530259425318,1.42195241453132,0.00013131193405339382,3.395540451231381e-05,0.00017184036832089576,1.9996829334286277,0.0,0.2221932739454945,0.0005828695615683047,,,,,
dwell_r5_xi_2_p+6_Nd4001_dt1,main,dwell,5,xi_2,6,dsh_tau2.535us,0.34010661834791284,0.3000219593525294,0.0007945826662256233,1.5468661467823972,0.00013289594253097453,2.5295754354016245e-05,0.00017349785096324726,1.9036320438587262,0.0,0.54425715964291,0.0064960018267100446,,,,,
dwell_r5_xi_2_p+6_Nd4001_dt1,main,dwell,5,xi_2,6,dsh_tau1.940us,0.40296767041013215,0.3605761447554191,0.0007663153518912299,1.5586933583122649,0.00013113964320550828,2.5382286773633227e-05,0.00017366268519574454,1.8699324372903978,0.0,0.5952967249679174,0.007888794022056271,,,,,
dwell_r5_xi_2_p+6_Nd4001_dt1,main,dwell,5,xi_2,6,dsh_tau4.000us,0.24072772065815734,0.20389355473418974,0.000849273390342553,1.5299898161344625,0.0001366726352573522,2.506891311085432e-05,0.00017323254012862775,1.9556682494540991,0.0,0.4505034120853861,0.0043533092200962395,,,,,
dwell_r5_xi_4_p-6_Nd4001_dt1,main,dwell,5,xi_4,-6,dsh_tau2.535us,0.040310799142585715,0.005576623636465302,0.0016531965278523842,1.2779514518951036,6.128340871240907e-05,-4.324515856764036e-05,3.7152860501050134e-05,1.995854737124207,0.0037735849056603774,0.1381427180739626,2.2317657468294813e-05,,,,,
dwell_r5_xi_4_p-6_Nd4001_dt1,main,dwell,5,xi_4,-6,dsh_tau1.940us,0.04046272905436419,0.005744023556526872,0.001649411909961918,1.2796068458132037,6.11477055210387e-05,-4.3245343281402934e-05,3.715678461952746e-05,1.9958499127816371,0.0037735849056603774,0.13893897565465288,2.254477288970594e-05,,,,,
dwell_r5_xi_4_p-6_Nd4001_dt1,main,dwell,5,xi_4,-6,dsh_tau4.000us,0.03996544714509892,0.005225124343460193,0.0016609180828225584,1.2745789327965764,6.155929404475507e-05,-4.3242533389228236e-05,3.714404230956429e-05,1.9956781435735549,0.0037735849056603774,0.13645219590616622,2.1870609053546538e-05,,,,,
dwell_r5_xi_4_p+0_Nd4001_dt1,main,dwell,5,xi_4,0,dsh_tau2.535us,0.061489917835649326,0.026280920771604276,0.0014017923527596438,1.370704357420246,0.00010473298720723442,-3.508591139990326e-05,5.72863423464334e-05,1.9999970245118517,0.0,0.1911302467208221,0.0001714844087851637,,,,,
dwell_r5_xi_4_p+0_Nd4001_dt1,main,dwell,5,xi_4,0,dsh_tau1.940us,0.06398245945360632,0.02875527273267625,0.0013881272402967645,1.3742803967409818,0.00010383421411602905,-3.508764708734238e-05,5.727744885742547e-05,1.9999954306340866,0.0,0.19851466164985013,0.00018413488700839075,,,,,
dwell_r5_xi_4_p+0_Nd4001_dt1,main,dwell,5,xi_4,0,dsh_tau4.000us,0.056351189608331416,0.021273051351708414,0.0014297627276514083,1.3633291429110488,0.0001065630843014529,-3.507625719306419e-05,5.7300025029738316e-05,1.9999991003563649,0.0,0.17526210157332778,0.000145057423559265,,,,,
dwell_r5_xi_4_p+3_Nd4001_dt1,main,dwell,5,xi_4,3,dsh_tau2.535us,0.150589308844067,0.11202439692382157,0.0010949627542747927,1.4410511170837517,0.00012030926003151478,3.241601259193912e-05,0.0002056830123973163,1.9971309853467827,0.0,0.36201267500582873,0.001271455524248731,,,,,
dwell_r5_xi_4_p+3_Nd4001_dt1,main,dwell,5,xi_4,3,dsh_tau1.940us,0.16470661597028968,0.12581230443597613,0.0010716629143697608,1.4443953384637354,0.00011846947805043049,3.241666567491439e-05,0.00020565065534200742,1.996183534590253,0.0,0.38307883308618995,0.0014135644826785666,,,,,
dwell_r5_xi_4_p+3_Nd4001_dt1,main,dwell,5,xi_4,3,dsh_tau4.000us,0.12313248582479763,0.08547925300923358,0.001143605169345656,1.4342411521267948,0.00012414511590482354,3.241355916545083e-05,0.00020572387198846572,1.9987746840469762,0.0,0.31768687629649733,0.000987019642135379,,,,,
dwell_r5_xi_4_p+6_Nd4001_dt1,main,dwell,5,xi_4,6,dsh_tau2.535us,0.5061787787764495,0.45532599473836166,0.0007269937101686418,1.5805157764644397,0.00012907632404556466,2.2471952409309928e-05,0.00020718500856297938,1.825862552546033,0.0,0.7125899565662842,0.010177661784317922,,,,,
dwell_r5_xi_4_p+6_Nd4001_dt1,main,dwell,5,xi_4,6,dsh_tau1.940us,0.5564050483518416,0.5044495340330831,0.0007101353941005597,1.5907317889147794,0.0001281651556755644,2.2538281669874223e-05,0.000207262333276726,1.8038179194999464,0.0,0.7502538821969577,0.011182314287749044,,,,,
dwell_r5_xi_4_p+6_Nd4001_dt1,main,dwell,5,xi_4,6,dsh_tau4.000us,0.4091934069555387,0.36097535952562376,0.0007640001799795575,1.5609234556052998,0.00013121213662649066,2.2375663751506315e-05,0.00020699572492491357,1.8690893284584427,0.0,0.6341345158129678,0.008157526219365236,,,,,
dwell_r6_xi_0.05_p-6_Nd4001_dt1,main,dwell,6,xi_0.05,-6,dsh_tau2.535us,0.17672124152830845,0.011977741788652178,0.001777767584047563,1.3163047715209215,6.687385656714132e-05,-3.5628635898193414e-05,7.203215654248258e-05,1.6164824074050073,0.13584905660377358,0.39093489489374295,0.00017595245337181738,,,,,
dwell_r6_xi_0.05_p-6_Nd4001_dt1,main,dwell,6,xi_0.05,-6,dsh_tau1.940us,0.17650789054505214,0.011982941199563986,0.0017775992351392034,1.316282225938303,6.686148013931188e-05,-3.563345644994676e-05,7.198938604424169e-05,1.6167808382121203,0.1320754716981132,0.39068379701117134,0.00017567983398325332,,,,,
dwell_r6_xi_0.05_p-6_Nd4001_dt1,main,dwell,6,xi_0.05,-6,dsh_tau4.000us,0.17697436597986593,0.011973495885918528,0.0017779578721868145,1.316335016167446,6.688818615394287e-05,-3.5625505705651514e-05,7.208152156271807e-05,1.6161431548369185,0.13584905660377358,0.391226053126824,0.00017628819589214173,,,,,
dwell_r6_xi_0.05_p+0_Nd4001_dt1,main,dwell,6,xi_0.05,0,dsh_tau2.535us,0.17686852472046993,0.011810731787964586,0.0016312445148914637,1.380507991321892,0.0001224398260111506,-2.1463225189151564e-05,0.00013021397473646245,1.6453268428573455,0.13584905660377358,0.38555963515631125,0.0006718878161252745,,,,,
dwell_r6_xi_0.05_p+0_Nd4001_dt1,main,dwell,6,xi_0.05,0,dsh_tau1.940us,0.17612519991233405,0.011859481583469916,0.0016305972538948337,1.3804039344866066,0.00012235270383871097,-2.149497663838143e-05,0.00012993277935997893,1.6462677755266732,0.13584905660377358,0.38468988861566544,0.000668011651518803,,,,,
dwell_r6_xi_0.05_p+0_Nd4001_dt1,main,dwell,6,xi_0.05,0,dsh_tau4.000us,0.17775282791835506,0.011752331686126079,0.0016319946032294342,1.3806373412495438,0.00012254199323554656,-2.1442464998162607e-05,0.00013054416754575173,1.644321258438844,0.13584905660377358,0.3865599510526475,0.0006766831836655473,,,,,
dwell_r6_xi_0.05_p+3_Nd4001_dt1,main,dwell,6,xi_0.05,3,dsh_tau2.535us,0.1901682740930249,0.02342002821857458,0.0014532414192193603,1.4505827649641403,0.0001549465515437317,4.9156769712415755e-05,0.0001634375115405627,1.6403296659580793,0.12075471698113208,0.4004331722061837,0.0014816402411495558,,,,,
dwell_r6_xi_0.05_p+3_Nd4001_dt1,main,dwell,6,xi_0.05,3,dsh_tau1.940us,0.18899783244237414,0.023627545943959553,0.0014521050417206451,1.4501929813223056,0.0001547494874008598,4.9101653041992474e-05,0.00016286851443110865,1.6414570967636117,0.12075471698113208,0.3991062929740086,0.001469792639337776,,,,,
dwell_r6_xi_0.05_p+3_Nd4001_dt1,main,dwell,6,xi_0.05,3,dsh_tau4.000us,0.19154519292884586,0.023156400828799176,0.0014545451904925638,1.4510406595021064,0.00015517494186387712,4.91826515731786e-05,0.0001641119906197023,1.6391910545147221,0.1169811320754717,0.40189370824747284,0.001496180571483123,,,,,
dwell_r6_xi_0.05_p+6_Nd4001_dt1,main,dwell,6,xi_0.05,6,dsh_tau2.535us,0.19845316007055802,0.034801015609209625,0.0011058053833863158,1.549352065600745,0.00016712558895940543,4.1339989129650357e-05,0.00017412524868797637,1.6392498671217117,0.12452830188679245,0.406666357977813,0.003254781117021776,,,,,
dwell_r6_xi_0.05_p+6_Nd4001_dt1,main,dwell,6,xi_0.05,6,dsh_tau1.940us,0.1972235097853072,0.035839358620526986,0.0011040928383629141,1.5480602359258875,0.0001667816396743107,4.128901885393835e-05,0.00017325738053030788,1.6404655981138447,0.12075471698113208,0.40525300070356457,0.0032332544437296057,,,,,
dwell_r6_xi_0.05_p+6_Nd4001_dt1,main,dwell,6,xi_0.05,6,dsh_tau4.000us,0.19986448932962328,0.033493402452452796,0.0011077939754049026,1.5508956649405103,0.00016752404260435175,4.130502515522619e-05,0.00017516719823741048,1.6379419718053525,0.12830188679245283,0.40824698589925085,0.003283866131477464,,,,,
dwell_r6_xi_0.1_p-6_Nd4001_dt1,main,dwell,6,xi_0.1,-6,dsh_tau2.535us,0.11764933598406956,0.011200930729459857,0.001743307401016662,1.2973115857636628,6.589539586856855e-05,-4.309722978193447e-05,4.528928231743529e-05,1.8383920778037195,0.04905660377358491,0.3110014295573974,0.0001447645362997409,,,,,
dwell_r6_xi_0.1_p-6_Nd4001_dt1,main,dwell,6,xi_0.1,-6,dsh_tau1.940us,0.1173343440345348,0.011212737895383917,0.0017427166667465352,1.2973958330881445,6.586374398704641e-05,-4.309245769779427e-05,4.527385159521873e-05,1.8388538242981185,0.04905660377358491,0.31058648993988497,0.00014435784712562514,,,,,
dwell_r6_xi_0.1_p-6_Nd4001_dt1,main,dwell,6,xi_0.1,-6,dsh_tau4.000us,0.1180341738221692,0.01119129865176611,0.0017439597483124732,1.29723603046323,6.593144867432488e-05,-4.310519464122749e-05,4.530916735832661e-05,1.8378416058468985,0.052830188679245285,0.31147464638481853,0.00014517924300554798,,,,,
dwell_r6_xi_0.1_p+0_Nd4001_dt1,main,dwell,6,xi_0.1,0,dsh_tau2.535us,0.11453078469534125,0.01171324301631267,0.0015954680822455967,1.361602518310305,0.00012015885689186576,-3.492306330761314e-05,8.188748900562893e-05,1.8511381563474776,0.04905660377358491,0.30322054630483763,0.0005489565727163953,,,,,
dwell_r6_xi_0.1_p+0_Nd4001_dt1,main,dwell,6,xi_0.1,0,dsh_tau1.940us,0.11357670920236608,0.011862916503993738,0.001593419112788143,1.3617630893421189,0.00011995290553913892,-3.490316510838308e-05,8.179022292871775e-05,1.8525246050168505,0.04905660377358491,0.3019173965504725,0.0005436619480879751,,,,,
dwell_r6_xi_0.1_p+0_Nd4001_dt1,main,dwell,6,xi_0.1,0,dsh_tau4.000us,0.1157199889243952,0.011550037596973078,0.0015978072373980393,1.361458639055794,0.00012039950888751459,-3.497238308784401e-05,8.200998954649567e-05,1.8495340687434976,0.04905660377358491,0.3047081223606015,0.0005543701867931495,,,,,
dwell_r6_xi_0.1_p+3_Nd4001_dt1,main,dwell,6,xi_0.1,3,dsh_tau2.535us,0.11997256397168207,0.019686527780570378,0.0014144261706186825,1.4315546986851608,0.00015083546298256062,3.243252444099841e-05,0.00011174163573021039,1.8346361168022154,0.052830188679245285,0.3105293226322036,0.0011631976740109665,,,,,
dwell_r6_xi_0.1_p+3_Nd4001_dt1,main,dwell,6,xi_0.1,3,dsh_tau1.940us,0.11878996018220664,0.020313033539065127,0.0014106281805634467,1.4312789583145542,0.0001503503132342888,3.244320172306852e-05,0.0001115116898976233,1.8353877940146324,0.052830188679245285,0.3090142427699141,0.0011488654365208436,,,,,
dwell_r6_xi_0.1_p+3_Nd4001_dt1,main,dwell,6,xi_0.1,3,dsh_tau4.000us,0.12151097290954574,0.01896546205649585,0.0014187620356275184,1.4319507696939198,0.00015140254028724826,3.2357583811791535e-05,0.0001120243061898696,1.8338237163578148,0.052830188679245285,0.31228485698874225,0.0011770447174936833,,,,,
dwell_r6_xi_0.1_p+6_Nd4001_dt1,main,dwell,6,xi_0.1,6,dsh_tau2.535us,0.12973517566175594,0.031833919660955355,0.0010666145366570823,1.5298027239663265,0.00016136950062537229,2.331897497435565e-05,0.00011938986720306739,1.8414373318437671,0.04905660377358491,0.3171954977884003,0.00246272762948051,,,,,
dwell_r6_xi_0.1_p+6_Nd4001_dt1,main,dwell,6,xi_0.1,6,dsh_tau1.940us,0.1303337539746139,0.035091211317114554,0.001060577001994164,1.5280611490261242,0.00016049692398573346,2.3208670927858893e-05,0.00011898023027520163,1.839327113014424,0.04905660377358491,0.3191200704564566,0.0024652608572090476,,,,,
dwell_r6_xi_0.1_p+6_Nd4001_dt1,main,dwell,6,xi_0.1,6,dsh_tau4.000us,0.12930198186446185,0.027925052949642815,0.0010735423548735511,1.532026243110176,0.00016238869497354133,2.331233924304776e-05,0.0001199317193744367,1.8438587489112033,0.052830188679245285,0.31513788378225405,0.002445510141795366,,,,,
dwell_r6_xi_0.25_p-6_Nd4001_dt1,main,dwell,6,xi_0.25,-6,dsh_tau2.535us,0.06785016937826734,0.00875489449897488,0.0017021035019895527,1.2725853062951167,6.323329706912346e-05,-4.4269849723542396e-05,3.338207517553157e-05,1.915179655217468,0.01509433962264151,0.20851307741252595,6.346938795579916e-05,,,,,
dwell_r6_xi_0.25_p-6_Nd4001_dt1,main,dwell,6,xi_0.25,-6,dsh_tau1.940us,0.0676876181944845,0.008796997525880739,0.0017005571692703862,1.2731117710026465,6.31710720164978e-05,-4.42572773400789e-05,3.3353111837473185e-05,1.9160109888004855,0.01509433962264151,0.2080194880975189,6.324005419924122e-05,,,,,
dwell_r6_xi_0.25_p-6_Nd4001_dt1,main,dwell,6,xi_0.25,-6,dsh_tau4.000us,0.06805310499147911,0.00870266407722005,0.0017039695377823265,1.2719615859600197,6.330861300280002e-05,-4.4289777159585406e-05,3.3418977751605196e-05,1.9142006515893615,0.01509433962264151,0.20917932510178902,6.382923488806804e-05,,,,,
dwell_r6_xi_0.25_p+0_Nd4001_dt1,main,dwell,6,xi_0.25,0,dsh_tau2.535us,0.06746549961393254,0.010345788960613635,0.001549356587083946,1.339697996771979,0.00011482384872344201,-3.700182751640372e-05,5.824579860885443e-05,1.9259918542292833,0.01509433962264151,0.19716540536914914,0.00021753900157388205,,,,,
dwell_r6_xi_0.25_p+0_Nd4001_dt1,main,dwell,6,xi_0.25,0,dsh_tau1.940us,0.06735259656696917,0.010872693599099719,0.0015439599071420263,1.3410856375737803,0.00011441804936852121,-3.692607826816665e-05,5.8049578578009944e-05,1.9298488578557818,0.01509433962264151,0.1964810814946239,0.00021671423716140497,,,,,
dwell_r6_xi_0.25_p+0_Nd4001_dt1,main,dwell,6,xi_0.25,0,dsh_tau4.000us,0.0676243549696639,0.009690809641730476,0.0015558268513866371,1.3380617834180646,0.00011531178503256423,-3.7122808172966755e-05,5.848679579339432e-05,1.9211713112935294,0.01509433962264151,0.198308625720092,0.0002197293574765171,,,,,
dwell_r6_xi_0.25_p+3_Nd4001_dt1,main,dwell,6,xi_0.25,3,dsh_tau2.535us,0.07368039956736573,0.017805583773559414,0.001361302465108496,1.4098193523074476,0.00014292121206180514,3.0019503698451257e-05,0.00010405365497005569,1.9460366388790538,0.01509433962264151,0.21056283122502786,0.00048680099960814134,,,,,
dwell_r6_xi_0.25_p+3_Nd4001_dt1,main,dwell,6,xi_0.25,3,dsh_tau1.940us,0.0750177149994345,0.019966191864185315,0.0013509646248477496,1.4108687732965037,0.00014192470448315533,3.019248401342826e-05,0.00010370906279924114,1.9525161755443992,0.01509433962264151,0.2130078919299526,0.0005010021265665243,,,,,
dwell_r6_xi_0.25_p+3_Nd4001_dt1,main,dwell,6,xi_0.25,3,dsh_tau4.000us,0.0721326949899562,0.01514956856999156,0.0013737289252982645,1.4086379037781414,0.00014412139231080565,2.9778818674071807e-05,0.0001045044704130026,1.9371980813000658,0.01509433962264151,0.20805355707838133,0.0004742034183298453,,,,,
dwell_r6_xi_0.25_p+6_Nd4001_dt1,main,dwell,6,xi_0.25,6,dsh_tau2.535us,0.10596471785522482,0.04938225657192543,0.0010081850692086579,1.5066399000444755,0.0001517479610028539,2.1788931712739948e-05,0.00010744875811162069,1.9669980649471526,0.011320754716981131,0.27007542219276964,0.0016092010564374667,,,,,
dwell_r6_xi_0.25_p+6_Nd4001_dt1,main,dwell,6,xi_0.25,6,dsh_tau1.940us,0.11685587519857348,0.06033189713918689,0.0009925622369075398,1.5064738206229473,0.0001501315074460493,2.209821322931261e-05,0.000106912620061679,1.969794523954973,0.011320754716981131,0.2887617003864848,0.001847447610870607,,,,,
dwell_r6_xi_0.25_p+6_Nd4001_dt1,main,dwell,6,xi_0.25,6,dsh_tau4.000us,0.09299074096756134,0.03593863593164771,0.0010273025969869318,1.5072038999301287,0.00015371484185406145,2.1350586273152357e-05,0.00010817007577685376,1.9596740570584308,0.011320754716981131,0.24664254802339117,0.001333818279465815,,,,,
dwell_r6_xi_0.5_p-6_Nd4001_dt1,main,dwell,6,xi_0.5,-6,dsh_tau2.535us,0.051643228763479314,0.006499057047704689,0.0016876910595009522,1.2682586568842258,6.235095907962087e-05,-4.2473955318412875e-05,2.9358443230875267e-05,1.8820555273569703,0.01509433962264151,0.18899437993072463,3.20192619297379e-05,,,,,
dwell_r6_xi_0.5_p-6_Nd4001_dt1,main,dwell,6,xi_0.5,-6,dsh_tau1.940us,0.051606084672379884,0.006593474259045032,0.0016849319443573603,1.2693560677794324,6.22478757110137e-05,-4.2467415747574454e-05,2.9332433284115712e-05,1.8838732750753955,0.01509433962264151,0.1888568893505093,3.2004887328377164e-05,,,,,
dwell_r6_xi_0.5_p-6_Nd4001_dt1,main,dwell,6,xi_0.5,-6,dsh_tau4.000us,0.051715897844547096,0.006385910178083775,0.0016912072288401418,1.2668687657696118,6.24830801542233e-05,-4.2485023955361766e-05,2.9397309134378184e-05,1.879577851852888,0.01509433962264151,0.1890910333156835,3.2066182777041875e-05,,,,,
dwell_r6_xi_0.5_p+0_Nd4001_dt1,main,dwell,6,xi_0.5,0,dsh_tau2.535us,0.054097731184795085,0.01000152537751982,0.001521658396592306,1.3398748627425974,0.00011230076829759675,-3.456082303633932e-05,4.6523449017046426e-05,1.9234717063545372,0.011320754716981131,0.17989114496909164,0.00011603490774377742,,,,,
dwell_r6_xi_0.5_p+0_Nd4001_dt1,main,dwell,6,xi_0.5,0,dsh_tau1.940us,0.05488365987756137,0.011142262345792618,0.001511944254427816,1.3427267068102768,0.00011162511434146821,-3.4518880989280446e-05,4.6393296323103006e-05,1.9323238317330362,0.007547169811320755,0.1816093484240752,0.00012073998240135083,,,,,
dwell_r6_xi_0.5_p+0_Nd4001_dt1,main,dwell,6,xi_0.5,0,dsh_tau4.000us,0.05327074188775021,0.008632690797191438,0.001534027919753607,1.3361444700340748,0.00011316962578024278,-3.46401666759597e-05,4.672328089375593e-05,1.911086435215435,0.011320754716981131,0.17743042042603901,0.0001109444275105861,,,,,
dwell_r6_xi_0.5_p+3_Nd4001_dt1,main,dwell,6,xi_0.5,3,dsh_tau2.535us,0.06688713178509141,0.022997104415163828,0.00131597508953666,1.4105795370543919,0.000138020647900904,3.207762316558463e-05,0.0001107843893404889,1.9519392523394783,0.007547169811320755,0.20892813379459363,0.0003675022201532424,,,,,
dwell_r6_xi_0.5_p+3_Nd4001_dt1,main,dwell,6,xi_0.5,3,dsh_tau1.940us,0.07154231592745233,0.027893619290481796,0.001297278964340445,1.4130874285757584,0.00013635551832836366,3.217401292249717e-05,0.0001106921781805943,1.962177310663147,0.007547169811320755,0.2184601151684099,0.0004212592742077772,,,,,
dwell_r6_xi_0.5_p+3_Nd4001_dt1,main,dwell,6,xi_0.5,3,dsh_tau4.000us,0.06172160831152294,0.017280269226342286,0.0013398864809250025,1.4071543822197494,0.00014018871748492772,3.186938445367397e-05,0.00011092245146757012,1.9336214013688329,0.007547169811320755,0.19614688761532445,0.00030648364230798607,,,,,
dwell_r6_xi_0.5_p+6_Nd4001_dt1,main,dwell,6,xi_0.5,6,dsh_tau2.535us,0.13667181111245014,0.09015174523612438,0.0009455874590096688,1.508650691342683,0.00014460138487432195,2.331782266604428e-05,0.00011226582860286195,1.9527057054892007,0.007547169811320755,0.3337230125526514,0.00229959145786732,,,,,
dwell_r6_xi_0.5_p+6_Nd4001_dt1,main,dwell,6,xi_0.5,6,dsh_tau1.940us,0.1619599414930386,0.11419029855421603,0.0009205760553424181,1.5112713246796254,0.00014233062697819685,2.3513186779835173e-05,0.00011241127241679888,1.9461932009332572,0.007547169811320755,0.36896561240749814,0.002842298521019789,,,,,
dwell_r6_xi_0.5_p+6_Nd4001_dt1,main,dwell,6,xi_0.5,6,dsh_tau4.000us,0.10718626393935801,0.0615427608543411,0.0009799768903244127,1.505814932879968,0.00014790802526866816,2.2868488329316246e-05,0.00011220119013494832,1.9538525531235371,0.007547169811320755,0.283341845663125,0.0016223330453450228,,,,,
dwell_r6_xi_1_p-6_Nd4001_dt1,main,dwell,6,xi_1,-6,dsh_tau2.535us,0.0458965481342447,0.005610996925402246,0.0016797986458607038,1.2696703689855504,6.206177800633899e-05,-4.338760714139084e-05,3.031909538310159e-05,1.9929517599726623,0.0037735849056603774,0.14198441771186399,2.542908748396218e-05,,,,,
dwell_r6_xi_1_p-6_Nd4001_dt1,main,dwell,6,xi_1,-6,dsh_tau1.940us,0.04597548704742759,0.005785562256701464,0.0016754211944142018,1.2715078346764956,6.190239934743898e-05,-4.338392345938787e-05,3.0310341781054518e-05,1.9931730662615568,0.0037735849056603774,0.14252881911423965,2.5593740747157075e-05,,,,,
dwell_r6_xi_1_p-6_Nd4001_dt1,main,dwell,6,xi_1,-6,dsh_tau4.000us,0.04582676667595299,0.00538513923485256,0.0016858525954094102,1.2671429133394745,6.228333723731446e-05,-4.338979444836337e-05,3.0328532159861033e-05,1.9925918865369618,0.0037735849056603774,0.1414473847119328,2.5319649757923334e-05,,,,,
dwell_r6_xi_1_p+0_Nd4001_dt1,main,dwell,6,xi_1,0,dsh_tau2.535us,0.052462187104920587,0.012942824253997162,0.0014921285814289528,1.3468064913755702,0.00011033515548451641,-3.641703277876676e-05,4.729356664246971e-05,1.993483558560984,0.0037735849056603774,0.15021898365125466,0.0001104583447265826,,,,,
dwell_r6_xi_1_p+0_Nd4001_dt1,main,dwell,6,xi_1,0,dsh_tau1.940us,0.054442028544782965,0.015147653078762237,0.0014765812663617677,1.351278582858895,0.00010928759584406486,-3.6372189712309654e-05,4.720788652945833e-05,1.9943914200997,0.0037735849056603774,0.15633533726548104,0.00012055672368228089,,,,,
dwell_r6_xi_1_p+0_Nd4001_dt1,main,dwell,6,xi_1,0,dsh_tau4.000us,0.05006043560179111,0.010119588075214467,0.0015137623863840375,1.3403667204887921,0.00011180763939338613,-3.6462203426069485e-05,4.744931859502661e-05,1.991762615350313,0.0037735849056603774,0.14256712816682474,9.920708350094673e-05,,,,,
dwell_r6_xi_1_p+3_Nd4001_dt1,main,dwell,6,xi_1,3,dsh_tau2.535us,0.07942652212424443,0.03962103413020024,0.0012580717038527917,1.4172461102855494,0.00013306410463072253,2.964124630029036e-05,0.00014141721417040875,1.9948048615913352,0.0,0.21566122556696946,0.0004609410127254028,,,,,
dwell_r6_xi_1_p+3_Nd4001_dt1,main,dwell,6,xi_1,3,dsh_tau1.940us,0.0898251189206296,0.0500383376734189,0.00122851484387426,1.421081299497678,0.00013055936768878657,2.979042514188204e-05,0.00014139940158902872,1.9945157880562925,0.0,0.2365959539968228,0.0005606415466085174,,,,,
dwell_r6_xi_1_p+3_Nd4001_dt1,main,dwell,6,xi_1,3,dsh_tau4.000us,0.06699592406414527,0.02690038017487179,0.0012995736277232048,1.4114442887583536,0.00013666464294521794,2.944400138172877e-05,0.00014155100274485172,1.9944638788500693,0.0037735849056603774,0.18803042111836726,0.0003465726203248638,,,,,
dwell_r6_xi_1_p+6_Nd4001_dt1,main,dwell,6,xi_1,6,dsh_tau2.535us,0.21835009639908268,0.17344774876522545,0.0008735696238051208,1.5215006397185222,0.00013863610657866533,2.0891220623996106e-05,0.00014232399252014352,1.9667754829454147,0.0,0.4155074262299273,0.003482901212096802,,,,,
dwell_r6_xi_1_p+6_Nd4001_dt1,main,dwell,6,xi_1,6,dsh_tau1.940us,0.26548172889061267,0.2194385322464086,0.0008418972992640165,1.5286731155013096,0.00013616837766661672,2.1119086975617696e-05,0.00014255381760477643,1.9486779580022375,0.0,0.46407223533092484,0.004394529200719069,,,,,
dwell_r6_xi_1_p+6_Nd4001_dt1,main,dwell,6,xi_1,6,dsh_tau4.000us,0.15682932622592735,0.11325845167356535,0.0009242363742742171,1.5129411916177364,0.00014293107009523808,2.0500084169458333e-05,0.0001421226731121181,1.9838255402776135,0.0,0.3413940200510515,0.0023366975577535512,,,,,
dwell_r6_xi_2_p-6_Nd4001_dt1,main,dwell,6,xi_2,-6,dsh_tau2.535us,0.04296139501177346,0.005769195152038495,0.0016515697049788566,1.2736038923259128,6.0841901198463926e-05,-4.403100689328101e-05,3.407486189423988e-05,1.9999999999591183,0.0,0.12429285222504194,2.373517924830823e-05,,,,,
dwell_r6_xi_2_p-6_Nd4001_dt1,main,dwell,6,xi_2,-6,dsh_tau1.940us,0.0432013040791258,0.005977944616544278,0.0016472860382988589,1.2754765853975578,6.0690910017054106e-05,-4.403092246943963e-05,3.407702934646236e-05,1.9999999999473574,0.0,0.12533106611484857,2.3995102334757215e-05,,,,,
dwell_r6_xi_2_p-6_Nd4001_dt1,main,dwell,6,xi_2,-6,dsh_tau4.000us,0.04258760071950815,0.005441190275602063,0.0016586931031372014,1.2704848591862685,6.109373104988827e-05,-4.403381118737354e-05,3.407229589128534e-05,1.9999999999730438,0.0,0.12273718042476071,2.3334923447171534e-05,,,,,
dwell_r6_xi_2_p+0_Nd4001_dt1,main,dwell,6,xi_2,0,dsh_tau2.535us,0.058126918196660195,0.01991375178998652,0.0014317112527733968,1.3599304705445183,0.0001059937621728342,-3.704574448971749e-05,5.257114897601331e-05,1.9999999848261882,0.0,0.15958435762162282,0.0001453171770059613,,,,,
dwell_r6_xi_2_p+0_Nd4001_dt1,main,dwell,6,xi_2,0,dsh_tau1.940us,0.06127026728176071,0.022769359174525664,0.001416104484426357,1.3640453513888642,0.00010499299906166041,-3.704400566214765e-05,5.25969642115161e-05,1.9999999484374797,0.0,0.16913188728229922,0.00016074493667350714,,,,,
dwell_r6_xi_2_p+0_Nd4001_dt1,main,dwell,6,xi_2,0,dsh_tau4.000us,0.05334814605226463,0.015549613336875094,0.0014575591814676952,1.3527629084962767,0.0001076654205703841,-3.7057080214696804e-05,5.253989533822846e-05,1.9999999990492048,0.0,0.1441503430303313,0.00012206788671535645,,,,,
dwell_r6_xi_2_p+3_Nd4001_dt1,main,dwell,6,xi_2,3,dsh_tau2.535us,0.11769080927657051,0.07537168398285136,0.0011584983166535458,1.430261867071818,0.00012450757780831337,2.9401403815074548e-05,0.00018016728559415275,1.9991411238766068,0.0,0.28907824001637417,0.0008925401420227675,,,,,
dwell_r6_xi_2_p+3_Nd4001_dt1,main,dwell,6,xi_2,3,dsh_tau1.940us,0.13359554506123994,0.09000463712895024,0.0011304681230965845,1.4337787973621148,0.00012235442365991797,2.9413801975456253e-05,0.00018022276055444384,1.9985635558185502,0.0,0.31601976309413826,0.0010579709406805676,,,,,
dwell_r6_xi_2_p+3_Nd4001_dt1,main,dwell,6,xi_2,3,dsh_tau4.000us,0.09419272259477444,0.05371208782441691,0.0012063574185392457,1.4241438775537187,0.00012828516583985892,2.938831067989015e-05,0.00018012324303650018,1.999728532551983,0.0,0.24475718528469123,0.0006500614927126208,,,,,
dwell_r6_xi_2_p+6_Nd4001_dt1,main,dwell,6,xi_2,6,dsh_tau2.535us,0.3801407550039884,0.3217124425686942,0.0007781045370803772,1.5498322553946464,0.00013125021557571672,2.0558678371337963e-05,0.0001826899457548357,1.897996156232753,0.0037735849056603774,0.5925477496722624,0.0072056355116793865,,,,,
dwell_r6_xi_2_p+6_Nd4001_dt1,main,dwell,6,xi_2,6,dsh_tau1.940us,0.43594600963541014,0.37383787114635475,0.0007563719690180634,1.5595999121028516,0.00013013578160154778,2.0580020079620546e-05,0.0001829304405335932,1.8737206127814208,0.0037735849056603774,0.6412156072879625,0.00839840102198366,,,,,
dwell_r6_xi_2_p+6_Nd4001_dt1,main,dwell,6,xi_2,6,dsh_tau4.000us,0.28854125604821407,0.23663029904681632,0.0008210348765106487,1.535042497980466,0.00013382413862615412,2.050452544185582e-05,0.00018231959127921674,1.9383720122941672,0.0037735849056603774,0.5054975365193749,0.005273042885698637,,,,,
dwell_r6_xi_4_p-6_Nd4001_dt1,main,dwell,6,xi_4,-6,dsh_tau2.535us,0.040189375822506826,0.005693030072614641,0.0016432225285385447,1.2775684559292875,6.0888108605448504e-05,-4.3519571187546515e-05,3.8332117008298705e-05,1.9999999990692678,0.0,0.11993267526532753,2.2208762105155538e-05,,,,,
dwell_r6_xi_4_p-6_Nd4001_dt1,main,dwell,6,xi_4,-6,dsh_tau1.940us,0.04037149612763095,0.005860597440991751,0.0016395975651630533,1.2791682695228408,6.075879418166501e-05,-4.351219896085729e-05,3.83290198986089e-05,1.9999999987626025,0.0,0.12090127563485409,2.2546788419271815e-05,,,,,
dwell_r6_xi_4_p-6_Nd4001_dt1,main,dwell,6,xi_4,-6,dsh_tau4.000us,0.03982306113304504,0.005340252354689222,0.0016505358287147336,1.274352136963645,6.114887315923569e-05,-4.3530166587264835e-05,3.8335216908247994e-05,1.999999999498417,0.0,0.11795738225578015,2.1496450344418775e-05,,,,,
dwell_r6_xi_4_p+0_Nd4001_dt1,main,dwell,6,xi_4,0,dsh_tau2.535us,0.06198766122704532,0.02682965025692816,0.001393157959676663,1.3699982787105371,0.0001040726076873347,-3.562898418760032e-05,5.599586394495899e-05,1.999995238731212,0.0,0.1745452131114386,0.0001755183888939148,,,,,
dwell_r6_xi_4_p+0_Nd4001_dt1,main,dwell,6,xi_4,0,dsh_tau1.940us,0.06457746271329881,0.029277088502670637,0.001380060586450263,1.3734260380410293,0.00010321756886343165,-3.557892456595767e-05,5.603096172100058e-05,1.9999932016968986,0.0,0.18151343078958784,0.00018997529510304107,,,,,
dwell_r6_xi_4_p+0_Nd4001_dt1,main,dwell,6,xi_4,0,dsh_tau4.000us,0.05683050346214934,0.021882460034031236,0.0014196548901093614,1.3630394997474513,0.00010579828527471611,-3.570111895421297e-05,5.594804431601827e-05,1.9999985003576657,0.0,0.1596889544517059,0.00014598044161538086,,,,,
dwell_r6_xi_4_p+3_Nd4001_dt1,main,dwell,6,xi_4,3,dsh_tau2.535us,0.15254786461515465,0.11376979324772576,0.0010879423828932101,1.4397748367815124,0.0001195845408279828,3.168459133493404e-05,0.00020384653386523678,1.9966962325602344,0.0,0.3378275372871156,0.0012872159563806376,,,,,
dwell_r6_xi_4_p+3_Nd4001_dt1,main,dwell,6,xi_4,3,dsh_tau1.940us,0.16677606003687076,0.12730264135983646,0.00106566932200434,1.4429530273482265,0.00011785151358769559,3.179754648079754e-05,0.00020391881800442015,1.9955202155462122,0.0,0.3569119492839608,0.0014397643654289378,,,,,
dwell_r6_xi_4_p+3_Nd4001_dt1,main,dwell,6,xi_4,3,dsh_tau4.000us,0.125381620143856,0.08777015799449998,0.001133858400606369,1.4334291597263626,0.0001231644447433468,3.152235957001381e-05,0.00020374255773091777,1.9984666087984244,0.0,0.29780442185430955,0.0009902736076956437,,,,,
dwell_r6_xi_4_p+6_Nd4001_dt1,main,dwell,6,xi_4,6,dsh_tau2.535us,0.5129924978216341,0.4601463756377821,0.0007221399825127102,1.578741247142304,0.00012845374748170706,2.1930078441429803e-05,0.00020554139735648021,1.8203651055386998,0.0037735849056603774,0.669660237920016,0.01024585899982082,,,,,
dwell_r6_xi_4_p+6_Nd4001_dt1,main,dwell,6,xi_4,6,dsh_tau1.940us,0.5623500725007419,0.5074978924304432,0.0007063097263090216,1.5886026994276907,0.00012765831940361605,2.21240061341981e-05,0.00020566022419487597,1.7984454846852025,0.0037735849056603774,0.702079126707963,0.011250639638410779,,,,,
dwell_r6_xi_4_p+6_Nd4001_dt1,main,dwell,6,xi_4,6,dsh_tau4.000us,0.4186782445381576,0.3696718800997852,0.0007562823883334727,1.5600056412362948,0.00013029123961955547,2.1646082389428168e-05,0.0002053153466771801,1.8644576231689418,0.0037735849056603774,0.601387198893127,0.008224988292175524,,,,,
dwell_r7_xi_0.05_p-6_Nd4001_dt1,main,dwell,7,xi_0.05,-6,dsh_tau2.535us,0.17971001479832288,0.011997610765191282,0.0017795902492982497,1.3167404275957426,6.699291157470028e-05,-4.2380907646914764e-05,7.143148672146149e-05,1.5200919620918745,0.17358490566037735,0.4176105518646448,0.00020425700708989319,,,,,
dwell_r7_xi_0.05_p-6_Nd4001_dt1,main,dwell,7,xi_0.05,-6,dsh_tau1.940us,0.17949519056271512,0.012000609387959342,0.0017794321333257572,1.3167133432072764,6.698091495285193e-05,-4.2380232386263184e-05,7.138673633865968e-05,1.5204051459198142,0.17358490566037735,0.4173426746065878,0.00020394212964524398,,,,,
dwell_r7_xi_0.05_p-6_Nd4001_dt1,main,dwell,7,xi_0.05,-6,dsh_tau4.000us,0.1799642327581453,0.01199572432079055,0.0017797637260115534,1.3167779772308,6.700657164920131e-05,-4.238194870405512e-05,7.148354301384725e-05,1.5197454568947242,0.17358490566037735,0.4179219987793843,0.00020461494759471308,,,,,
dwell_r7_xi_0.05_p+0_Nd4001_dt1,main,dwell,7,xi_0.05,0,dsh_tau2.535us,0.1773437839662416,0.011714963894206589,0.0016311716824582167,1.381553947193853,0.00012240107077050928,-3.349092700329871e-05,0.0001302165510578036,1.5442684453824256,0.16981132075471697,0.40922772976133526,0.0007959330375841519,,,,,
dwell_r7_xi_0.05_p+0_Nd4001_dt1,main,dwell,7,xi_0.05,0,dsh_tau1.940us,0.1766038147960755,0.011758903545368208,0.0016305728413283191,1.3814328659105959,0.00012231804472132102,-3.3488100347759875e-05,0.00012991976372043044,1.545281407032372,0.16981132075471697,0.4082450686491732,0.0007915174553978692,,,,,
dwell_r7_xi_0.05_p+0_Nd4001_dt1,main,dwell,7,xi_0.05,0,dsh_tau4.000us,0.1782316565580568,0.011667703074895371,0.001631841934765641,1.381711003356984,0.0001224969095152249,-3.349947008562535e-05,0.0001305677766245788,1.5431310620888248,0.16981132075471697,0.41039548227975703,0.0008010192552651919,,,,,
dwell_r7_xi_0.05_p+3_Nd4001_dt1,main,dwell,7,xi_0.05,3,dsh_tau2.535us,0.1886833851077805,0.02321203855353812,0.0014500260110296814,1.452479454436628,0.00015443511400004204,3.4513048567198284e-05,0.00016467005137265858,1.5249934006780936,0.16981132075471697,0.42387240486944533,0.00169421571301618,,,,,
dwell_r7_xi_0.05_p+3_Nd4001_dt1,main,dwell,7,xi_0.05,3,dsh_tau1.940us,0.18753185737880493,0.02342111994292044,0.0014489860241971668,1.4520696286109027,0.00015425040888552956,3.4518573129993894e-05,0.0001640416647921785,1.5259997843473319,0.1660377358490566,0.4222012068038072,0.001680320383132941,,,,,
dwell_r7_xi_0.05_p+3_Nd4001_dt1,main,dwell,7,xi_0.05,3,dsh_tau4.000us,0.19006955734148046,0.022970376859249388,0.001451178498077736,1.4529682316574912,0.0001546465727078853,3.449630293925051e-05,0.00016541800785352414,1.523906196269925,0.1660377358490566,0.4258746738053181,0.0017100937721605683,,,,,
dwell_r7_xi_0.05_p+6_Nd4001_dt1,main,dwell,7,xi_0.05,6,dsh_tau2.535us,0.19825367970321692,0.03452222889545365,0.0011008277099634777,1.5517473372725463,0.00016627386582980638,2.6108697191214494e-05,0.00017584071525216554,1.5014646777057166,0.1660377358490566,0.4374917559750814,0.0034850732526832216,,,,,
dwell_r7_xi_0.05_p+6_Nd4001_dt1,main,dwell,7,xi_0.05,6,dsh_tau1.940us,0.19704499105554193,0.035560524349514094,0.001099302361090437,1.550441442754628,0.00016596144162049503,2.611632621803658e-05,0.0001748170263925976,1.5011627593218548,0.16981132075471697,0.43505405872831454,0.0034545211544840995,,,,,
dwell_r7_xi_0.05_p+6_Nd4001_dt1,main,dwell,7,xi_0.05,6,dsh_tau4.000us,0.1997366949752752,0.03328969650719001,0.001102529550361598,1.5533108819027321,0.0001666311505794504,2.6087878462289998e-05,0.00017709198171420452,1.5017773372795522,0.1660377358490566,0.4404164064186665,0.003520447239860865,,,,,
dwell_r7_xi_0.1_p-6_Nd4001_dt1,main,dwell,7,xi_0.1,-6,dsh_tau2.535us,0.11584537700270185,0.011462362407778672,0.0017484555391452641,1.2949165122273103,6.602614277014508e-05,-4.726866996977313e-05,4.796639464801077e-05,1.7430287165703988,0.08679245283018867,0.30526122922182547,0.0001222612267448552,,,,,
dwell_r7_xi_0.1_p-6_Nd4001_dt1,main,dwell,7,xi_0.1,-6,dsh_tau1.940us,0.11554110888107405,0.011476242104716114,0.0017478438332747986,1.2950112364375856,6.599413192833061e-05,-4.727305361204051e-05,4.7952779999088563e-05,1.7435117288615238,0.08679245283018867,0.3048691891173916,0.00012193102854173966,,,,,
dwell_r7_xi_0.1_p-6_Nd4001_dt1,main,dwell,7,xi_0.1,-6,dsh_tau4.000us,0.11621306056030462,0.011444135665795739,0.0017491812835250427,1.2948065162002684,6.60643332621558e-05,-4.726607235713147e-05,4.798248524681327e-05,1.7426480672169158,0.08679245283018867,0.3057734308027987,0.000122671723819789,,,,,
dwell_r7_xi_0.1_p+0_Nd4001_dt1,main,dwell,7,xi_0.1,0,dsh_tau2.535us,0.11482067565628805,0.011617907382879513,0.001598934519856485,1.3598637821007953,0.0001204184442129498,-4.2814704529704366e-05,8.615830494162063e-05,1.7678707019714732,0.07169811320754717,0.29226487565049974,0.00046461463500659854,,,,,
dwell_r7_xi_0.1_p+0_Nd4001_dt1,main,dwell,7,xi_0.1,0,dsh_tau1.940us,0.11389081772695882,0.011781187474513937,0.0015968279755956905,1.3600434343565169,0.0001202102562706521,-4.284309371100587e-05,8.605297269267166e-05,1.7696156777308345,0.07169811320754717,0.29105746269147814,0.00046079734831064724,,,,,
dwell_r7_xi_0.1_p+0_Nd4001_dt1,main,dwell,7,xi_0.1,0,dsh_tau4.000us,0.11594976089562149,0.011404561623324925,0.0016015021028463027,1.3596363746316467,0.00012067220664196528,-4.2793468884215703e-05,8.62791580917952e-05,1.7663257681671134,0.07169811320754717,0.29383927913716784,0.0004694495054337968,,,,,
dwell_r7_xi_0.1_p+3_Nd4001_dt1,main,dwell,7,xi_0.1,3,dsh_tau2.535us,0.12210630248570287,0.019629508039137607,0.001415543318749916,1.4302353410668378,0.00015107861718701785,2.226912005346541e-05,0.00011725314138705363,1.7626229742630908,0.07547169811320754,0.29942047950311645,0.0009970494235587378,,,,,
dwell_r7_xi_0.1_p+3_Nd4001_dt1,main,dwell,7,xi_0.1,3,dsh_tau1.940us,0.12095401895292357,0.020291900159602173,0.0014116259253329057,1.4299690807589283,0.00015058471661794735,2.2199097663353094e-05,0.000116963228772314,1.7647733691915832,0.07547169811320754,0.2983794331411739,0.0009893035721335866,,,,,
dwell_r7_xi_0.1_p+3_Nd4001_dt1,main,dwell,7,xi_0.1,3,dsh_tau4.000us,0.12351618085558057,0.0187784659952826,0.0014203336896309049,1.430544288993695,0.0001516833443831847,2.2324084944741794e-05,0.000117588499890938,1.7605055508940157,0.07924528301886792,0.3010067709652933,0.0010072920179205382,,,,,
dwell_r7_xi_0.1_p+6_Nd4001_dt1,main,dwell,7,xi_0.1,6,dsh_tau2.535us,0.13240120547032158,0.0344720141848489,0.0010636574987401928,1.528457990226858,0.00016109760454352304,1.2010051530651664e-05,0.00012348629430596912,1.7392606158562518,0.08679245283018867,0.32199368307808307,0.002165170094655549,,,,,
dwell_r7_xi_0.1_p+6_Nd4001_dt1,main,dwell,7,xi_0.1,6,dsh_tau1.940us,0.13300792042499815,0.03779686814891347,0.0010575176627940905,1.5267264188578296,0.0001602144309400349,1.1844920714204653e-05,0.00012294153645899038,1.7395738296904084,0.0830188679245283,0.3252888614321233,0.0021920650545536754,,,,,
dwell_r7_xi_0.1_p+6_Nd4001_dt1,main,dwell,7,xi_0.1,6,dsh_tau4.000us,0.13164923161343978,0.03019181845171599,0.0010712909371606673,1.5305977193431834,0.00016219559149269894,1.2189413734146667e-05,0.00012415958952638757,1.73907647017825,0.09056603773584905,0.318363284443939,0.002134942456592331,,,,,
dwell_r7_xi_0.25_p-6_Nd4001_dt1,main,dwell,7,xi_0.25,-6,dsh_tau2.535us,0.06865608481707709,0.008984068652276186,0.0016976987945407768,1.2728316011202032,6.320864242842243e-05,-4.0079612092331844e-05,3.238366023968603e-05,1.925641050650528,0.011320754716981131,0.20682196594259317,5.3023530482364765e-05,,,,,
dwell_r7_xi_0.25_p-6_Nd4001_dt1,main,dwell,7,xi_0.25,-6,dsh_tau1.940us,0.06846676933763399,0.009030767816614039,0.001696005893258978,1.2734234599861673,6.31400483286683e-05,-4.008529686879018e-05,3.235639696122522e-05,1.9261930563492593,0.011320754716981131,0.20651320123003541,5.290564128089011e-05,,,,,
dwell_r7_xi_0.25_p-6_Nd4001_dt1,main,dwell,7,xi_0.25,-6,dsh_tau4.000us,0.0689046135162367,0.008922773682075068,0.0016997887001749916,1.2721117800162924,6.329380271899953e-05,-4.007263029151478e-05,3.2416567592910446e-05,1.9250166934585486,0.011320754716981131,0.20721482427990887,5.3191601095664874e-05,,,,,
dwell_r7_xi_0.25_p+0_Nd4001_dt1,main,dwell,7,xi_0.25,0,dsh_tau2.535us,0.06864438854339795,0.010625160834000114,0.0015438108244546895,1.340215016065447,0.00011468282417334423,-2.9833341035468942e-05,5.776375350269899e-05,1.9434224264458717,0.007547169811320755,0.19693009833484135,0.00018986528982663388,,,,,
dwell_r7_xi_0.25_p+0_Nd4001_dt1,main,dwell,7,xi_0.25,0,dsh_tau1.940us,0.06842993819787348,0.011190460607555363,0.0015378870152295307,1.3418021053669107,0.00011423139043493687,-2.986827635952738e-05,5.7568568110683085e-05,1.9459795553672046,0.007547169811320755,0.19693801073351366,0.00019021020129012743,,,,,
dwell_r7_xi_0.25_p+0_Nd4001_dt1,main,dwell,7,xi_0.25,0,dsh_tau4.000us,0.06897334409655062,0.009920966874949299,0.0015510574239159043,1.3382808688555077,0.00011523896232614074,-2.9789570742067762e-05,5.800879512228141e-05,1.9398951729138947,0.007547169811320755,0.19700202275970796,0.00018990305190806205,,,,,
dwell_r7_xi_0.25_p+3_Nd4001_dt1,main,dwell,7,xi_0.25,3,dsh_tau2.535us,0.07503154843492721,0.01823786218399712,0.00135475930008996,1.41044787000256,0.0001425783600060511,3.8318349701617756e-05,0.00010606419255219974,1.9463243832464896,0.011320754716981131,0.21066938647644917,0.000445252744479938,,,,,
dwell_r7_xi_0.25_p+3_Nd4001_dt1,main,dwell,7,xi_0.25,3,dsh_tau1.940us,0.07614759477141307,0.020552611339338826,0.0013434045015497718,1.4117547091752636,0.00014145624249524224,3.824850405268199e-05,0.00010573034893145414,1.9515090319707633,0.011320754716981131,0.21428399162338738,0.00046098129141578734,,,,,
dwell_r7_xi_0.25_p+3_Nd4001_dt1,main,dwell,7,xi_0.25,3,dsh_tau4.000us,0.07387466408351664,0.015425682360810464,0.001368701698487142,1.40886761836155,0.00014396923058784215,3.8407906241952514e-05,0.00010648615319386184,1.939051094885299,0.011320754716981131,0.20653407287158476,0.0004282780661372455,,,,,
dwell_r7_xi_0.25_p+6_Nd4001_dt1,main,dwell,7,xi_0.25,6,dsh_tau2.535us,0.1071792128350981,0.05180518510468551,0.0009999891065154262,1.5078560296014993,0.0001508574639696293,2.916373746151626e-05,0.00010843638674643311,1.9419723588561497,0.018867924528301886,0.2714594277969802,0.0015094278236952945,,,,,
dwell_r7_xi_0.25_p+6_Nd4001_dt1,main,dwell,7,xi_0.25,6,dsh_tau1.940us,0.11787734107839831,0.06371089580968359,0.000982791222477518,1.5080780234017472,0.00014897516587097307,2.907393261469049e-05,0.00010797812391255516,1.9472839546180423,0.01509433962264151,0.2918201355885374,0.001737797641205722,,,,,
dwell_r7_xi_0.25_p+6_Nd4001_dt1,main,dwell,7,xi_0.25,6,dsh_tau4.000us,0.09484506930530236,0.03741337047961742,0.0010216162643210884,1.507867036403541,0.00015326459710558293,2.929048905219429e-05,0.00010904753562842414,1.931626340302736,0.018867924528301886,0.2459898620691739,0.0012415555536466913,,,,,
dwell_r7_xi_0.5_p-6_Nd4001_dt1,main,dwell,7,xi_0.5,-6,dsh_tau2.535us,0.05303148289486301,0.006419474764185857,0.0016818210943803924,1.2685473932224618,6.225606628933529e-05,-4.363562570272797e-05,2.7788052116630475e-05,1.9963293857784505,0.0,0.1506575904081094,4.0553489324513833e-05,,,,,
dwell_r7_xi_0.5_p-6_Nd4001_dt1,main,dwell,7,xi_0.5,-6,dsh_tau1.940us,0.05300585670089959,0.006507881416574335,0.0016791066315014742,1.2696406029748,6.215483525661996e-05,-4.3630952138785317e-05,2.7766267029558657e-05,1.996553306276757,0.0,0.15077838219806985,4.0462415858155535e-05,,,,,
dwell_r7_xi_0.5_p-6_Nd4001_dt1,main,dwell,7,xi_0.5,-6,dsh_tau4.000us,0.053075551590826345,0.006313699512435402,0.0016852211752205583,1.267191463601055,6.238309600762722e-05,-4.364118779394887e-05,2.7815235247063363e-05,1.9960345894241571,0.0037735849056603774,0.15057255744553882,4.066703353417206e-05,,,,,
dwell_r7_xi_0.5_p+0_Nd4001_dt1,main,dwell,7,xi_0.5,0,dsh_tau2.535us,0.0553906395529135,0.00988334336897217,0.0015185962051056543,1.3393839427762324,0.00011229013618628185,-3.670506739544447e-05,4.794489732516639e-05,1.9997900538643405,0.0,0.14394408864052946,0.00015057729157682607,,,,,
dwell_r7_xi_0.5_p+0_Nd4001_dt1,main,dwell,7,xi_0.5,0,dsh_tau1.940us,0.05618579783243193,0.010955042637802994,0.0015090515706596538,1.3422746099618172,0.00011162668794895187,-3.667271497768178e-05,4.782686748545118e-05,1.9998312134302076,0.0,0.14706999910296698,0.00015391322832960906,,,,,
dwell_r7_xi_0.5_p+0_Nd4001_dt1,main,dwell,7,xi_0.5,0,dsh_tau4.000us,0.054484314756576814,0.008601089096261665,0.0015305186053584054,1.3356933536822553,0.00011312204251070659,-3.6746334746659527e-05,4.8113574418811146e-05,1.999722010426473,0.0,0.14039327199807422,0.00014682401480713497,,,,,
dwell_r7_xi_0.5_p+3_Nd4001_dt1,main,dwell,7,xi_0.5,3,dsh_tau2.535us,0.06779773980928158,0.022287268785659117,0.001316304290253018,1.4100093776124514,0.00013829808537587355,2.9247713432036978e-05,0.00011208889174972834,1.9937608703687362,0.0037735849056603774,0.1810683532939391,0.00043883431272113917,,,,,
dwell_r7_xi_0.5_p+3_Nd4001_dt1,main,dwell,7,xi_0.5,3,dsh_tau1.940us,0.07235161174053473,0.026863078045589843,0.0012979076831176192,1.4126608827861011,0.00013665743466000833,2.9328246574834208e-05,0.00011195776629270603,1.9932441070173268,0.0037735849056603774,0.19369201972152553,0.0004853436227582732,,,,,
dwell_r7_xi_0.5_p+3_Nd4001_dt1,main,dwell,7,xi_0.5,3,dsh_tau4.000us,0.0626167570417246,0.016977379797885737,0.0013393833211175637,1.4065121226428483,0.00014037716960973597,2.9150552579379244e-05,0.00011231282495546054,1.9949065254694263,0.0037735849056603774,0.16573401677295127,0.00038689932328390866,,,,,
dwell_r7_xi_0.5_p+6_Nd4001_dt1,main,dwell,7,xi_0.5,6,dsh_tau2.535us,0.13530313578720202,0.0851901116818814,0.0009501459400736843,1.5084473875150186,0.00014541810043812483,1.9804638130031894e-05,0.00011482385068294774,1.9805339703349631,0.0037735849056603774,0.31950101473468917,0.0023363412117374167,,,,,
dwell_r7_xi_0.5_p+6_Nd4001_dt1,main,dwell,7,xi_0.5,6,dsh_tau1.940us,0.15995865254362282,0.10805532616157489,0.0009248503520459537,1.511124624258122,0.00014308061598505942,1.996540381596783e-05,0.00011490713911736958,1.9758641419122551,0.0037735849056603774,0.35913127399889405,0.002859936347026776,,,,,
dwell_r7_xi_0.5_p+6_Nd4001_dt1,main,dwell,7,xi_0.5,6,dsh_tau4.000us,0.10630225393083151,0.058208181207057307,0.0009842481753066443,1.5056812960231722,0.00014869014286450822,1.9597929263346016e-05,0.00011492339567812304,1.9838303472423318,0.0037735849056603774,0.2665955549406927,0.0017475351681533425,,,,,
dwell_r7_xi_1_p-6_Nd4001_dt1,main,dwell,7,xi_1,-6,dsh_tau2.535us,0.045051449987419286,0.005737237931128364,0.0016631266254322782,1.2686159814074376,6.145239263461327e-05,-4.399544734735908e-05,2.9210057491071098e-05,1.9998283465590982,0.0,0.14230158393036452,2.8034978703679714e-05,,,,,
dwell_r7_xi_1_p-6_Nd4001_dt1,main,dwell,7,xi_1,-6,dsh_tau1.940us,0.04519197047795647,0.005909799861816967,0.001658933098307828,1.270397408980892,6.130167528071285e-05,-4.400130427075028e-05,2.9197505865731816e-05,1.999843762109604,0.0,0.1426965700623544,2.827095833075074e-05,,,,,
dwell_r7_xi_1_p-6_Nd4001_dt1,main,dwell,7,xi_1,-6,dsh_tau4.000us,0.044883636361383594,0.005520109962307762,0.0016688969191912492,1.2661618523763682,6.166073509570542e-05,-4.398627030579188e-05,2.9227529559071666e-05,1.9997961529529593,0.0,0.1419341426302387,2.7698635438223366e-05,,,,,
dwell_r7_xi_1_p+0_Nd4001_dt1,main,dwell,7,xi_1,0,dsh_tau2.535us,0.05186830120916559,0.012653280283052836,0.0014788113257808416,1.3459416175493768,0.00010937076880427055,-3.668859421434707e-05,4.7266354405373244e-05,1.9997262321083493,0.0,0.14743563619438804,0.00013112987682492572,,,,,
dwell_r7_xi_1_p+0_Nd4001_dt1,main,dwell,7,xi_1,0,dsh_tau1.940us,0.0541117488546754,0.014840509572979343,0.001463927798408214,1.3502582955013462,0.00010838562101001724,-3.672396558247563e-05,4.717515918773167e-05,1.9997141067577748,0.0,0.15402050312894175,0.00014332952193133301,,,,,
dwell_r7_xi_1_p+0_Nd4001_dt1,main,dwell,7,xi_1,0,dsh_tau4.000us,0.04909524268148073,0.009931015881159943,0.0014993952031403506,1.3396507801221285,0.00011074822015025945,-3.664346725548937e-05,4.742535891902602e-05,1.9996915796706274,0.0,0.13957572254019188,0.00011568337898567221,,,,,
dwell_r7_xi_1_p+3_Nd4001_dt1,main,dwell,7,xi_1,3,dsh_tau2.535us,0.07877056705085315,0.03765849496209196,0.0012491116445898847,1.4171383447603785,0.0001321357624714498,3.0283365649203313e-05,0.00014075244140689862,1.9957041085962446,0.0,0.21529307974252812,0.0005600298552423192,,,,,
dwell_r7_xi_1_p+3_Nd4001_dt1,main,dwell,7,xi_1,3,dsh_tau1.940us,0.08972638069538448,0.04783551757942658,0.0012207819517863316,1.4207697180536434,0.00012979105689193523,3.02119270245149e-05,0.00014069472671078177,1.9946221586730541,0.0,0.23808121412063582,0.0006831865381106177,,,,,
dwell_r7_xi_1_p+3_Nd4001_dt1,main,dwell,7,xi_1,3,dsh_tau4.000us,0.06573856794238518,0.02555295007447201,0.0012887040897323972,1.4114301862696983,0.00013550393373290735,3.0352638878054765e-05,0.0001409121644687842,1.9967972485501464,0.0,0.18635600932838522,0.0004145175791933603,,,,,
dwell_r7_xi_1_p+6_Nd4001_dt1,main,dwell,7,xi_1,6,dsh_tau2.535us,0.21559135330960266,0.16352284753727286,0.0008684163641595721,1.521603245711176,0.00013770358812395533,2.1328094809971868e-05,0.00014161693784626244,1.9438799434588088,0.007547169811320755,0.4283985182229723,0.004178497736056743,,,,,
dwell_r7_xi_1_p+6_Nd4001_dt1,main,dwell,7,xi_1,6,dsh_tau1.940us,0.2639763033182404,0.20795037461625646,0.0008380884282663134,1.5282986329651609,0.00013550680441799914,2.1153983232727918e-05,0.00014181189342764628,1.9193677933797002,0.007547169811320755,0.4847008338703193,0.005317481201587191,,,,,
dwell_r7_xi_1_p+6_Nd4001_dt1,main,dwell,7,xi_1,6,dsh_tau4.000us,0.15296409434379707,0.10616343440159733,0.0009171254216934356,1.5133967315697463,0.00014164773851397635,2.1395096936428307e-05,0.00014146292439321196,1.972560978736934,0.0,0.34707541543890136,0.002731465175377493,,,,,
dwell_r7_xi_2_p-6_Nd4001_dt1,main,dwell,7,xi_2,-6,dsh_tau2.535us,0.04154380139116793,0.00550371639457337,0.001657849868403819,1.2731650126479321,6.145831037993317e-05,-4.31471579931059e-05,3.5330160743409965e-05,1.975602738374122,0.0037735849056603774,0.12935032787523268,2.3710112545629275e-05,,,,,
dwell_r7_xi_2_p-6_Nd4001_dt1,main,dwell,7,xi_2,-6,dsh_tau1.940us,0.04173742932824726,0.005713816535794304,0.0016531217949140651,1.2752549404577598,6.12880813662256e-05,-4.315120099797464e-05,3.532372087157985e-05,1.9760068149950116,0.0037735849056603774,0.13044393257339643,2.406879968877371e-05,,,,,
dwell_r7_xi_2_p-6_Nd4001_dt1,main,dwell,7,xi_2,-6,dsh_tau4.000us,0.04119610300960667,0.005153993057421045,0.0016660380022181249,1.2695426000134094,6.175246443569258e-05,-4.314354409082029e-05,3.534305741358752e-05,1.975021089165648,0.0037735849056603774,0.12746141294959887,2.30883478226261e-05,,,,,
dwell_r7_xi_2_p+0_Nd4001_dt1,main,dwell,7,xi_2,0,dsh_tau2.535us,0.05619318956032765,0.01958799333773113,0.0014371927402847507,1.359728614990778,0.00010704606418042091,-3.463982428137196e-05,5.042670461493628e-05,1.990264205566741,0.0037735849056603774,0.16460352519679594,0.00014692198011862504,,,,,
dwell_r7_xi_2_p+0_Nd4001_dt1,main,dwell,7,xi_2,0,dsh_tau1.940us,0.059200123361339355,0.022509603416223455,0.001420004535530939,1.364514635027344,0.00010591278178919772,-3.466031452696088e-05,5.03965887674223e-05,1.9913050729415471,0.0037735849056603774,0.1739669535975502,0.0001632784568170412,,,,,
dwell_r7_xi_2_p+0_Nd4001_dt1,main,dwell,7,xi_2,0,dsh_tau4.000us,0.05129604093406132,0.014908383841729588,0.0014667951780609739,1.3511005155272677,0.00010900261334971605,-3.462567092659896e-05,5.0496904435381886e-05,1.9883255428925193,0.0037735849056603774,0.1482638951260187,0.00012036099233860669,,,,,
dwell_r7_xi_2_p+3_Nd4001_dt1,main,dwell,7,xi_2,3,dsh_tau2.535us,0.11484149535875318,0.07494369028486388,0.0011628994488096834,1.430494687234914,0.00012569907216271938,3.353346125186117e-05,0.00017583060815725066,1.9948238906937192,0.0037735849056603774,0.29354610031025896,0.0009023031205519863,,,,,
dwell_r7_xi_2_p+3_Nd4001_dt1,main,dwell,7,xi_2,3,dsh_tau1.940us,0.13075889444678143,0.09013585906764028,0.0011318293466250067,1.4349693192008204,0.00012320434720232635,3.349043655876501e-05,0.0001758369818859116,1.9946310983447793,0.0037735849056603774,0.31976817523656764,0.001075463302991066,,,,,
dwell_r7_xi_2_p+3_Nd4001_dt1,main,dwell,7,xi_2,3,dsh_tau4.000us,0.09020034859675902,0.05164063558420315,0.0012180740855395002,1.4225818437533644,0.0001302100587360242,3.3554317610311136e-05,0.00017581144353688707,1.9943613510335625,0.0037735849056603774,0.24738509673027234,0.0006361803117030407,,,,,
dwell_r7_xi_2_p+6_Nd4001_dt1,main,dwell,7,xi_2,6,dsh_tau2.535us,0.3754193598496619,0.3220247485487455,0.0007812095472814052,1.551503966448278,0.0001324752768412104,2.498516577822751e-05,0.00017739144791519812,1.899055149283235,0.0,0.5955715782809048,0.007338297968604566,,,,,
dwell_r7_xi_2_p+6_Nd4001_dt1,main,dwell,7,xi_2,6,dsh_tau1.940us,0.4344975625397846,0.37863712385417375,0.0007554318151771458,1.5630324620064666,0.0001308146164677806,2.4906159940884936e-05,0.00017753379173015977,1.8740237149249888,0.0,0.6432409982800348,0.008591666997693764,,,,,
dwell_r7_xi_2_p+6_Nd4001_dt1,main,dwell,7,xi_2,6,dsh_tau4.000us,0.2742202674447654,0.2258859218844,0.0008340516736131407,1.533829109523003,0.00013615424008119783,2.5012237464904203e-05,0.00017709966605877506,1.9435626001654054,0.0,0.502725195354278,0.005165489911653033,,,,,
dwell_r7_xi_4_p-6_Nd4001_dt1,main,dwell,7,xi_4,-6,dsh_tau2.535us,0.041509982311811855,0.0057573356738808675,0.0016414885044942274,1.2790084816261502,6.086110434045456e-05,-4.3275801698117575e-05,3.89409665396671e-05,1.9999818117254442,0.0,0.13544706292777783,2.2272546083570154e-05,,,,,
dwell_r7_xi_4_p-6_Nd4001_dt1,main,dwell,7,xi_4,-6,dsh_tau1.940us,0.04166840125071651,0.00589164724141278,0.0016381914619137048,1.2804546898222018,6.074340371470295e-05,-4.327126163281792e-05,3.894611238893314e-05,1.9999847409898457,0.0,0.13629166579644514,2.247691795236606e-05,,,,,
dwell_r7_xi_4_p-6_Nd4001_dt1,main,dwell,7,xi_4,-6,dsh_tau4.000us,0.04115872387616012,0.005462466674716644,0.0016484429664217867,1.2759486549405885,6.110924063789595e-05,-4.328722840830236e-05,3.8932056352505926e-05,1.9999820004645699,0.0,0.13374388274505022,2.1838460198202262e-05,,,,,
dwell_r7_xi_4_p+0_Nd4001_dt1,main,dwell,7,xi_4,0,dsh_tau2.535us,0.06522888268515847,0.027863800812179432,0.0013875724962682206,1.3725499653852644,0.00010378936648643767,-3.496665445755866e-05,5.539210902520978e-05,1.999955269319982,0.0,0.18714341542014643,0.00018503380118641116,,,,,
dwell_r7_xi_4_p+0_Nd4001_dt1,main,dwell,7,xi_4,0,dsh_tau1.940us,0.06745809142917024,0.029907172527809108,0.001375679007779955,1.3757108483238958,0.00010300633537562114,-3.49390910138254e-05,5.53813179719276e-05,1.9999570748322124,0.0,0.19316708432360133,0.00019573376996600783,,,,,
dwell_r7_xi_4_p+0_Nd4001_dt1,main,dwell,7,xi_4,0,dsh_tau4.000us,0.06043441119041436,0.023495187131893826,0.0014127290843510506,1.365803169634013,0.00010543724109321767,-3.50441936523078e-05,5.54001238317973e-05,1.9999732542570638,0.0,0.17407495988991284,0.00016137274168905873,,,,,
dwell_r7_xi_4_p+3_Nd4001_dt1,main,dwell,7,xi_4,3,dsh_tau2.535us,0.16320713265310813,0.11993823777756087,0.001078493994211262,1.4426814769971714,0.00011903089185319896,3.289278343322468e-05,0.00020678511789983583,1.994706772116706,0.0,0.3561613706593388,0.0013886950383181702,,,,,
dwell_r7_xi_4_p+3_Nd4001_dt1,main,dwell,7,xi_4,3,dsh_tau1.940us,0.1757113495627268,0.13162021186778403,0.0010582505559399678,1.4456986228612372,0.00011741756707144608,3.295443208826417e-05,0.00020673331049203154,1.9937285107346339,0.0,0.3729140239094013,0.0015111146687392548,,,,,
dwell_r7_xi_4_p+3_Nd4001_dt1,main,dwell,7,xi_4,3,dsh_tau4.000us,0.13756368197394905,0.09608377428448524,0.001122080126295374,1.4363034384957931,0.000122482195138208,3.272678349695489e-05,0.00020684704223610046,1.9967787824787202,0.0,0.3197148127353633,0.0011266428998614572,,,,,
dwell_r7_xi_4_p+6_Nd4001_dt1,main,dwell,7,xi_4,6,dsh_tau2.535us,0.5439468968489753,0.4802810201844158,0.0007170876161583528,1.5845702031634703,0.0001286940456226977,2.3964963421827236e-05,0.0002080607725471478,1.7947398373405359,0.0037735849056603774,0.7039072597278029,0.010669411815413978,,,,,
dwell_r7_xi_4_p+6_Nd4001_dt1,main,dwell,7,xi_4,6,dsh_tau1.940us,0.5881710936125771,0.5228384077856552,0.0007021064613653268,1.5936733655605226,0.0001277890356894126,2.4077233641365363e-05,0.00020797104401030085,1.7755519046125214,0.0037735849056603774,0.7354392530734095,0.011526712441694262,,,,,
dwell_r7_xi_4_p+6_Nd4001_dt1,main,dwell,7,xi_4,6,dsh_tau4.000us,0.45373473283516685,0.3947528258540859,0.0007503955551841957,1.5663302185046837,0.0001307035990236047,2.3678396970624466e-05,0.00020815660463971352,1.8350858508853365,0.0037735849056603774,0.6362567390806624,0.008891178696183683,,,,,
