job_id,tag,design,realization,variant,Pavg_over_P1dB_dB,Nd,dt_ns,tau_atom_s,E1dB_Vpm,runtime_atomic_s,meta_n_events,meta_n_plateaus,meta_n_spikes,meta_plateau_len_samples,meta_tw_dwell_samples,meta_spike_share_of_high_time,meta_xi_nominal,model,D_gain,D_BLA,gain_abs,gain_phase,out_bb_rms,dc_shift_mean,dc_shift_std,AIR,SER,EVM,cal_var,NMSE_full_vs_static,NMSE_full_vs_static_lti,NMSE_full_vs_static_mh,NMSE_full_vs_static_lti_mh,AIR_linear_ref,loss_vs_linear
dwell_r0_xi_0.05_p+3_Nd4001_dt1,main,dwell,0,xi_0.05,3,4001,1.0,2.5350000000000003e-06,0.07321886766113006,29.868925508000757,1459,1459,0,127.08019191226867,137.08073,0.0,0.05,atomic,0.7746596351811004,0.31125236972665693,0.0008525357510130814,1.5507831263509675,0.00011086164579595516,2.043327597026751e-05,0.0002261405705001864,0.7690249130412001,0.3283018867924528,0.8590692889620056,0.007595465221781208,0.567501844120743,0.5267966631955544,0.8224256736218006,0.6002893498899033,1.4999770084514585,0.7309520954102584
dwell_r0_xi_0.05_p+3_Nd4001_dt1,main,dwell,0,xi_0.05,3,4001,1.0,2.5350000000000003e-06,0.07321886766113006,29.868925508000757,1459,1459,0,127.08019191226867,137.08073,0.0,0.05,static,0.10624198598417318,0.03800716968504602,0.0010439700102666712,1.4162424334569734,0.00010719294137901551,1.2821445699919582e-07,7.600277668498218e-06,1.9957536423190256,0.0,0.33471547957540615,0.001139648107601783,,,,,1.4999770084514585,-0.4957766338675671
dwell_r0_xi_0.05_p+3_Nd4001_dt1,main,dwell,0,xi_0.05,3,4001,1.0,2.5350000000000003e-06,0.07321886766113006,29.868925508000757,1459,1459,0,127.08019191226867,137.08073,0.0,0.05,static_lti,0.18525439965928278,0.046242214078178134,0.0010426837329608701,1.4663286058467628,0.0001108148809301176,-1.9694023761404837e-06,4.981542181546851e-05,1.9699132297216915,0.0,0.4025897856348054,0.001578454488546726,,,,,1.4999770084514585,-0.46993622127023293
dwell_r0_xi_0.05_p+3_Nd4001_dt1,main,dwell,0,xi_0.05,3,4001,1.0,2.5350000000000003e-06,0.07321886766113006,29.868925508000757,1459,1459,0,127.08019191226867,137.08073,0.0,0.05,static_mh,1.7502657264725585,1.5870604780420923,0.0010553306227821695,1.4198647349290467,0.00017083944815833208,3.022653722300202e-05,6.566175456491521e-05,0.5297289689040972,0.3169811320754717,1.2880884245735988,0.0170523379337492,,,,,1.4999770084514585,0.9702480395473614
dwell_r0_xi_0.05_p+3_Nd4001_dt1,main,dwell,0,xi_0.05,3,4001,1.0,2.5350000000000003e-06,0.07321886766113006,29.868925508000757,1459,1459,0,127.08019191226867,137.08073,0.0,0.05,static_lti_mh,0.21363724669193895,0.07191709959957915,0.0010429347239394465,1.4651501433349656,0.00011215940755801477,2.814434508311192e-05,5.4711588094614536e-05,1.9522317563582634,0.0,0.4348539656954388,0.0018250309226806557,,,,,1.4999770084514585,-0.45225474790680487
dwell_r0_xi_0.05_p+3_Nd4001_dt1,main,dwell,0,xi_0.05,3,4001,1.0,2.5350000000000003e-06,0.07321886766113006,29.868925508000757,1459,1459,0,127.08019191226867,137.08073,0.0,0.05,linear,0.1742637302456716,0.00983196970266666,0.0018333033856760819,1.2923053032732077,0.00019392930600843218,2.6384080529493397e-06,0.0002032181011390684,1.4999770084514585,0.19245283018867926,0.4014210889190655,0.0015644591225726207,,,,,1.4999770084514585,0.0
dwell_r0_xi_0.1_p+3_Nd4001_dt1,main,dwell,0,xi_0.1,3,4001,1.0,2.5350000000000003e-06,0.07321886766113006,26.061452610001652,1459,731,728,253.6388508891929,254.40724,0.0364,0.1,atomic,0.6150923722388032,0.27940275221723504,0.0007665634515934018,1.577770338639484,9.810885842305886e-05,-6.695902690427167e-06,0.000208412921284127,0.884842296199921,0.22264150943396227,0.7241913032327894,0.0054175212376969826,0.5144980022213099,0.4870988575429628,0.7395520312435727,0.5317604067928935,1.7534214367225422,0.8685791405226212
dwell_r0_xi_0.1_p+3_Nd4001_dt1,main,dwell,0,xi_0.1,3,4001,1.0,2.5350000000000003e-06,0.07321886766113006,26.061452610001652,1459,731,728,253.6388508891929,254.40724,0.0364,0.1,static,0.14805952728761154,0.07478119525818352,0.0009974979624389885,1.4347684356995298,0.000107631738399407,-2.1784346301990313e-09,5.381188849574274e-06,1.9949654517855173,0.0,0.4096304395049548,0.0016547431797049829,,,,,1.7534214367225422,-0.24154401506297507
dwell_r0_xi_0.1_p+3_Nd4001_dt1,main,dwell,0,xi_0.1,3,4001,1.0,2.5350000000000003e-06,0.07321886766113006,26.061452610001652,1459,731,728,253.6388508891929,254.40724,0.0364,0.1,static_lti,0.21009574105478665,0.08307196610740028,0.0009977519329495942,1.4733519572534497,0.0001105270659205276,-7.896187174350787e-07,3.657523249872165e-05,1.979917944862322,0.0,0.42784357363346015,0.001934034619778018,,,,,1.7534214367225422,-0.22649650813977984
dwell_r0_xi_0.1_p+3_Nd4001_dt1,main,dwell,0,xi_0.1,3,4001,1.0,2.5350000000000003e-06,0.07321886766113006,26.061452610001652,1459,731,728,253.6388508891929,254.40724,0.0364,0.1,static_mh,0.8613878367891699,0.7368470755071485,0.0009978755472916062,1.4373423998849575,0.00013709180207094942,3.007346731922909e-05,0.00013307698861601518,1.1612291800354209,0.16226415094339622,0.8388707938581712,0.0089929429626256,,,,,1.7534214367225422,0.5921922566871214
dwell_r0_xi_0.1_p+3_Nd4001_dt1,main,dwell,0,xi_0.1,3,4001,1.0,2.5350000000000003e-06,0.07321886766113006,26.061452610001652,1459,731,728,253.6388508891929,254.40724,0.0364,0.1,static_lti_mh,0.22616608341988184,0.0974283949166282,0.0009977407517950127,1.4734031200346023,0.00011125632677018758,2.9259703046884753e-05,5.9350739216000944e-05,1.9720724656771038,0.0,0.4419651338623296,0.0021008484459195207,,,,,1.7534214367225422,-0.21865102895456157
dwell_r0_xi_0.1_p+3_Nd4001_dt1,main,dwell,0,xi_0.1,3,4001,1.0,2.5350000000000003e-06,0.07321886766113006,26.061452610001652,1459,731,728,253.6388508891929,254.40724,0.0364,0.1,linear,0.12031305289402155,0.009907403723021091,0.0018061981088156806,1.2722203209343528,0.00019250641132534195,-9.485562983161124e-07,0.00013760860510017776,1.7534214367225422,0.07924528301886792,0.3016401299973488,0.0011081453609210297,,,,,1.7534214367225422,0.0
dwell_r0_xi_0.25_p+3_Nd4001_dt1,main,dwell,0,xi_0.25,3,4001,1.0,2.5350000000000003e-06,0.07321886766113006,27.410441127000013,1459,293,1166,632.7986348122867,605.90671,0.0583,0.25,atomic,0.5793785283662279,0.30980552370561104,0.0006673771323358051,1.64178971323795,8.509136999889166e-05,6.131038927912114e-05,0.00026766590381424116,1.0853485442198916,0.16226415094339622,0.6451560672397485,0.0038890215763952183,0.4414048011664235,0.4143959400813705,0.5646912481352047,0.43170450307999947,1.8776268027099972,0.7922782584901056
dwell_r0_xi_0.25_p+3_Nd4001_dt1,main,dwell,0,xi_0.25,3,4001,1.0,2.5350000000000003e-06,0.07321886766113006,27.410441127000013,1459,293,1166,632.7986348122867,605.90671,0.0583,0.25,static,0.1589378617783555,0.1261012587054723,0.000986528614483062,1.4392428443292586,0.00010774688230513583,-3.255166468748863e-08,4.036384135731444e-06,1.9969040934294306,0.0,0.3924179719180266,0.001611284676184039,,,,,1.8776268027099972,-0.11927729071943349
dwell_r0_xi_0.25_p+3_Nd4001_dt1,main,dwell,0,xi_0.25,3,4001,1.0,2.5350000000000003e-06,0.07321886766113006,27.410441127000013,1459,293,1166,632.7986348122867,605.90671,0.0583,0.25,static_lti,0.20094486187492203,0.13344150904200475,0.000987326341960608,1.4633259452694696,0.00010977050741462461,9.472401359873601e-07,2.6376447043351433e-05,1.9944087011169334,0.0,0.40168884508393987,0.001677556439098364,,,,,1.8776268027099972,-0.1167818984069362
dwell_r0_xi_0.25_p+3_Nd4001_dt1,main,dwell,0,xi_0.25,3,4001,1.0,2.5350000000000003e-06,0.07321886766113006,27.410441127000013,1459,293,1166,632.7986348122867,605.90671,0.0583,0.25,static_mh,0.4335872761495871,0.39869876057562065,0.0009860839706449986,1.4415660540834336,0.00011977410945502615,2.979174696447049e-05,0.0002107317771922617,1.5404695331652432,0.07169811320754717,0.6751914348763135,0.004948029416205981,,,,,1.8776268027099972,0.337157269544754
dwell_r0_xi_0.25_p+3_Nd4001_dt1,main,dwell,0,xi_0.25,3,4001,1.0,2.5350000000000003e-06,0.07321886766113006,27.410441127000013,1459,293,1166,632.7986348122867,605.90671,0.0583,0.25,static_lti_mh,0.20613916463919826,0.1390688879874244,0.0009872568994054236,1.4629483285366223,0.0001099997734140202,3.0772454832144966e-05,8.504614281610468e-05,1.9925187868994387,0.0,0.40133785765190483,0.0017081128464282876,,,,,1.8776268027099972,-0.11489198418944158
dwell_r0_xi_0.25_p+3_Nd4001_dt1,main,dwell,0,xi_0.25,3,4001,1.0,2.5350000000000003e-06,0.07321886766113006,27.410441127000013,1459,293,1166,632.7986348122867,605.90671,0.0583,0.25,linear,0.07007160801396492,0.00788800649597019,0.0017659743427481526,1.2478085614169558,0.00018537524983857585,3.6327558372899597e-06,8.28683338733174e-05,1.8776268027099972,0.022641509433962263,0.19467940388782876,0.00041905939886793575,,,,,1.8776268027099972,0.0
dwell_r0_xi_0.5_p+3_Nd4001_dt1,main,dwell,0,xi_0.5,3,4001,1.0,2.5350000000000003e-06,0.07321886766113006,26.606417872000748,1459,146,1313,1269.9315068493152,1196.56055,0.06565,0.5,atomic,0.7186651013796639,0.4201009588014492,0.0006334100960616864,1.6804734125350458,8.438063288456007e-05,6.784357836713013e-05,0.0003078713793628386,1.23336414201471,0.09433962264150944,0.7175721935927808,0.007123818940832212,0.4391961658956974,0.4171827928183487,0.5100421213034061,0.4253995094071284,1.9949317172065386,0.7615675751918287
dwell_r0_xi_0.5_p+3_Nd4001_dt1,main,dwell,0,xi_0.5,3,4001,1.0,2.5350000000000003e-06,0.07321886766113006,26.606417872000748,1459,146,1313,1269.9315068493152,1196.56055,0.06565,0.5,static,0.16293308052774091,0.1511223016808358,0.0009835627979487842,1.440079063462415,0.00010778925655186926,1.7035718407752235e-08,3.649854190829879e-06,1.9964610079927456,0.0,0.39438758557365733,0.0017530059900807994,,,,,1.9949317172065386,-0.0015292907862070049
dwell_r0_xi_0.5_p+3_Nd4001_dt1,main,dwell,0,xi_0.5,3,4001,1.0,2.5350000000000003e-06,0.07321886766113006,26.606417872000748,1459,146,1313,1269.9315068493152,1196.56055,0.06565,0.5,static_lti,0.20383509236965375,0.15428106582091294,0.0009823593929019466,1.462066656710892,0.00010953512628753452,-9.511373110646953e-07,2.3284111791208312e-05,1.994914487910759,0.0,0.3914019055901938,0.0018101087967170393,,,,,1.9949317172065386,1.7229295779630505e-05
dwell_r0_xi_0.5_p+3_Nd4001_dt1,main,dwell,0,xi_0.5,3,4001,1.0,2.5350000000000003e-06,0.07321886766113006,26.606417872000748,1459,146,1313,1269.9315068493152,1196.56055,0.06565,0.5,static_mh,0.30434655009763234,0.2923333879896501,0.0009861731631956912,1.4387160160757906,0.00011445019046054003,2.9455145031451406e-05,0.00022398761943067636,1.8120924900838336,0.026415094339622643,0.5099634739046621,0.0032455872854950272,,,,,1.9949317172065386,0.18283922712270506
dwell_r0_xi_0.5_p+3_Nd4001_dt1,main,dwell,0,xi_0.5,3,4001,1.0,2.5350000000000003e-06,0.07321886766113006,26.606417872000748,1459,146,1313,1269.9315068493152,1196.56055,0.06565,0.5,static_lti_mh,0.2068616984131977,0.1573605635728518,0.0009821589547395673,1.4621010734888704,0.0001096505949043216,2.891633976181455e-05,9.967307402455822e-05,1.9940973686817038,0.0,0.38960367810424057,0.0018544913584390465,,,,,1.9949317172065386,0.0008343485248347715
dwell_r0_xi_0.5_p+3_Nd4001_dt1,main,dwell,0,xi_0.5,3,4001,1.0,2.5350000000000003e-06,0.07321886766113006,26.606417872000748,1459,146,1313,1269.9315068493152,1196.56055,0.06565,0.5,linear,0.05426240025947114,0.0056201072268131785,0.0017485840683313671,1.2422051573725006,0.0001825357810501306,-1.9378436073569073e-06,6.902906956487065e-05,1.9949317172065386,0.0037735849056603774,0.13063418307127922,0.00022205770908524878,,,,,1.9949317172065386,0.0
dwell_r0_xi_1_p+3_Nd4001_dt1,main,dwell,0,xi_1,3,4001,1.0,2.5350000000000003e-06,0.07321886766113006,29.730817608000507,1459,73,1386,2539.8630136986303,2373.85055,0.0693,1,atomic,0.7892530688035396,0.5385265462981437,0.0006614606475026883,1.6414413104723273,9.029852120067682e-05,8.041759883550421e-05,0.00031425455261855067,1.1356488888215994,0.09433962264150944,0.7992684396107516,0.00695998195386766,0.3714783398778892,0.34528239171233566,0.41855496863784764,0.3485976579042584,1.9999999375656925,0.8643510487440931
dwell_r0_xi_1_p+3_Nd4001_dt1,main,dwell,0,xi_1,3,4001,1.0,2.5350000000000003e-06,0.07321886766113006,29.730817608000507,1459,73,1386,2539.8630136986303,2373.85055,0.0693,1,static,0.16527549522689106,0.1602650474074836,0.000978567751128655,1.4410459805751399,0.00010780286970230585,-3.9135441521534786e-08,3.3167312249486406e-06,1.996475449957186,0.0,0.4032615865469148,0.0017662884441935244,,,,,1.9999999375656925,0.0035244876085065435
dwell_r0_xi_1_p+3_Nd4001_dt1,main,dwell,0,xi_1,3,4001,1.0,2.5350000000000003e-06,0.07321886766113006,29.730817608000507,1459,73,1386,2539.8630136986303,2373.85055,0.0693,1,static_lti,0.2047867067768145,0.16179819940684628,0.0009774676158942693,1.4608455190030518,0.00010949114344785178,6.887398734156935e-07,2.0955298352921302e-05,1.995864937333604,0.0,0.40315938187992445,0.0017660356247703108,,,,,1.9999999375656925,0.00413500023208857
dwell_r0_xi_1_p+3_Nd4001_dt1,main,dwell,0,xi_1,3,4001,1.0,2.5350000000000003e-06,0.07321886766113006,29.730817608000507,1459,73,1386,2539.8630136986303,2373.85055,0.0693,1,static_mh,0.2479175904668917,0.24243285954857532,0.0009767350008524297,1.4428501874030641,0.00011134415241383073,3.0195482183584264e-05,0.0002313180206267913,1.8114635233152063,0.018867924528301886,0.5031300244914269,0.0026571547247727337,,,,,1.9999999375656925,0.18853641425048617
dwell_r0_xi_1_p+3_Nd4001_dt1,main,dwell,0,xi_1,3,4001,1.0,2.5350000000000003e-06,0.07321886766113006,29.730817608000507,1459,73,1386,2539.8630136986303,2373.85055,0.0693,1,static_lti_mh,0.20672781063673745,0.16347693452375017,0.0009775962986598465,1.4609081530178767,0.00010959455629102554,3.0430713824488598e-05,0.00013690388682132207,1.9951319653090573,0.0,0.4062965429418385,0.001828078520840589,,,,,1.9999999375656925,0.004867972256635156
dwell_r0_xi_1_p+3_Nd4001_dt1,main,dwell,0,xi_1,3,4001,1.0,2.5350000000000003e-06,0.07321886766113006,29.730817608000507,1459,73,1386,2539.8630136986303,2373.85055,0.0693,1,linear,0.044828313523293,0.0045830255488406345,0.0017412205832026547,1.2394968856265685,0.0001816169825435297,1.3112231623146511e-06,5.612587130983602e-05,1.9999999375656925,0.0,0.1229771854385743,0.00016381434489950186,,,,,1.9999999375656925,0.0
dwell_r0_xi_2_p+3_Nd4001_dt1,main,dwell,0,xi_2,3,4001,1.0,2.5350000000000003e-06,0.07321886766113006,26.23341248699944,1459,37,1422,5011.081081081081,4664.79323,0.0711,2,atomic,0.9388139271234296,0.6438993728947795,0.0006359348521409215,1.6297497464311321,9.056050614083762e-05,6.40284978188669e-05,0.00031188717466895503,1.3344483748873937,0.05660377358490566,0.9310622563603289,0.009313302045262258,0.3521471106765418,0.3235860614531059,0.38673543106983904,0.32476140717588053,1.9089079841709906,0.574459609283597
dwell_r0_xi_2_p+3_Nd4001_dt1,main,dwell,0,xi_2,3,4001,1.0,2.5350000000000003e-06,0.07321886766113006,26.23341248699944,1459,37,1422,5011.081081081081,4664.79323,0.0711,2,static,0.16600647819563497,0.16353473867585763,0.000976891217477366,1.4423539012822206,0.0001078729730868798,4.022780436078405e-08,3.1769756037948747e-06,1.9946173652242905,0.0,0.41131576024190153,0.0019242897949401047,,,,,1.9089079841709906,-0.08570938105329984
dwell_r0_xi_2_p+3_Nd4001_dt1,main,dwell,0,xi_2,3,4001,1.0,2.5350000000000003e-06,0.07321886766113006,26.23341248699944,1459,37,1422,5011.081081081081,4664.79323,0.0711,2,static_lti,0.2052919988245022,0.16262028137349396,0.000975402185073561,1.4611854598023233,0.0001095081850954213,-1.2988261446568373e-06,2.0715274518109834e-05,1.9933796795470136,0.0,0.407961705010887,0.00192076934229093,,,,,1.9089079841709906,-0.08447169537602295
dwell_r0_xi_2_p+3_Nd4001_dt1,main,dwell,0,xi_2,3,4001,1.0,2.5350000000000003e-06,0.07321886766113006,26.23341248699944,1459,37,1422,5011.081081081081,4664.79323,0.0711,2,static_mh,0.22021013548698695,0.21691664052056855,0.0009776945484931618,1.4433528371478703,0.00011043774760949299,3.127196489523869e-05,0.0002350602595868969,1.9189953980024081,0.011320754716981131,0.48029694823481583,0.002622944758992027,,,,,1.9089079841709906,-0.010087413831417535
dwell_r0_xi_2_p+3_Nd4001_dt1,main,dwell,0,xi_2,3,4001,1.0,2.5350000000000003e-06,0.07321886766113006,26.23341248699944,1459,37,1422,5011.081081081081,4664.79323,0.0711,2,static_lti_mh,0.20695325864045613,0.16368039061044184,0.0009755458971112326,1.4612382673266024,0.00010959959832997413,2.9922870961672808e-05,0.0001667389104789224,1.9930740670911378,0.0,0.4129948927792292,0.0019530314149970478,,,,,1.9089079841709906,-0.08416608292014716
dwell_r0_xi_2_p+3_Nd4001_dt1,main,dwell,0,xi_2,3,4001,1.0,2.5350000000000003e-06,0.07321886766113006,26.23341248699944,1459,37,1422,5011.081081081081,4664.79323,0.0711,2,linear,0.04296648987566212,0.0040411615792652926,0.0017383708837285068,1.2384153237468534,0.00018165592818020023,-2.3446729734365344e-06,5.030974453980239e-05,1.9089079841709906,0.0037735849056603774,0.11418282760728192,0.000147404947280473,,,,,1.9089079841709906,0.0
dwell_r0_xi_4_p+3_Nd4001_dt1,main,dwell,0,xi_4,3,4001,1.0,2.5350000000000003e-06,0.07321886766113006,27.15109435500017,1459,18,1441,10300.555555555555,9568.40055,0.07205,4,atomic,1.0469499595512213,0.7117765390654833,0.00060558988794307,1.6200204533183835,8.871585452437569e-05,2.589994399104287e-05,0.00029674525446024493,1.2963278738870367,0.06792452830188679,0.8682525795690592,0.007802422714384627,0.314507603515356,0.27981692501201927,0.3349111719117565,0.27977509671486134,1.905628062737146,0.6093001888501093
dwell_r0_xi_4_p+3_Nd4001_dt1,main,dwell,0,xi_4,3,4001,1.0,2.5350000000000003e-06,0.07321886766113006,27.15109435500017,1459,18,1441,10300.555555555555,9568.40055,0.07205,4,static,0.166805820940356,0.1659613513080655,0.0009757066370024941,1.443216710938769,0.00010791902089896589,-3.80580184054526e-08,3.101945876874916e-06,1.994622095871797,0.0,0.4268629242630808,0.0019163201897285757,,,,,1.905628062737146,-0.08899403313465104
dwell_r0_xi_4_p+3_Nd4001_dt1,main,dwell,0,xi_4,3,4001,1.0,2.5350000000000003e-06,0.07321886766113006,27.15109435500017,1459,18,1441,10300.555555555555,9568.40055,0.07205,4,static_lti,0.20467892269757615,0.1633725789399663,0.0009733008018365653,1.460224238999843,0.0001093867619609224,-5.653512604121228e-07,2.0275676358693117e-05,1.9936634186365305,0.0,0.42407692272521613,0.0019087556065299689,,,,,1.905628062737146,-0.0880353558993845
dwell_r0_xi_4_p+3_Nd4001_dt1,main,dwell,0,xi_4,3,4001,1.0,2.5350000000000003e-06,0.07321886766113006,27.15109435500017,1459,18,1441,10300.555555555555,9568.40055,0.07205,4,static_mh,0.2042316347080202,0.2030410663643928,0.0009746952084433681,1.4420872452401021,0.00010952181880517416,3.118873298812993e-05,0.0002366238672257449,1.9789549053032243,0.0,0.4824302771422399,0.0023337217942223038,,,,,1.905628062737146,-0.07332684256607824
dwell_r0_xi_4_p+3_Nd4001_dt1,main,dwell,0,xi_4,3,4001,1.0,2.5350000000000003e-06,0.07321886766113006,27.15109435500017,1459,18,1441,10300.555555555555,9568.40055,0.07205,4,static_lti_mh,0.20630946880980913,0.16486133000451839,0.000973327302116453,1.4604245352788865,0.00010946418775993119,3.0402389835443177e-05,0.00020179967604562997,1.9932304522874125,0.0,0.4278328830530262,0.0019214558229750166,,,,,1.905628062737146,-0.08760238955026645
dwell_r0_xi_4_p+3_Nd4001_dt1,main,dwell,0,xi_4,3,4001,1.0,2.5350000000000003e-06,0.07321886766113006,27.15109435500017,1459,18,1441,10300.555555555555,9568.40055,0.07205,4,linear,0.03890284450643523,0.0037876692160682054,0.0017350004603960871,1.2359160643092106,0.00018106834307383897,-2.532763617696522e-06,4.636923721487601e-05,1.905628062737146,0.0037735849056603774,0.09925075856009218,9.623731232174985e-05,,,,,1.905628062737146,0.0
dwell_r0_xi_0.05_p+0_Nd4001_dt1,main,dwell,0,xi_0.05,0,4001,1.0,2.5350000000000003e-06,0.07321886766113006,25.255230019998635,1459,1459,0,127.08019191226867,137.08073,0.0,0.05,atomic,0.44296385911622427,0.17155403651303822,0.0011952010674685962,1.4265457086988864,9.921176861013089e-05,-8.712635807926264e-05,0.00018200258820678863,1.0975940391913535,0.26037735849056604,0.6297645190816412,0.002053853509707461,0.354689598951533,0.21843159382868846,0.43430082477173754,0.23294449623778735,1.4945039262766138,0.3969098870852603
dwell_r0_xi_0.05_p+0_Nd4001_dt1,main,dwell,0,xi_0.05,0,4001,1.0,2.5350000000000003e-06,0.07321886766113006,25.255230019998635,1459,1459,0,127.08019191226867,137.08073,0.0,0.05,static,0.024841327836473397,0.01201728962075556,0.001373785250226725,1.355851918411437,9.611620819529111e-05,2.415796525039776e-07,1.2661002363217364e-05,1.9999718425337432,0.0,0.1696505157219524,0.0001497133779410941,,,,,1.4945039262766138,-0.5054679162571294
dwell_r0_xi_0.05_p+0_Nd4001_dt1,main,dwell,0,xi_0.05,0,4001,1.0,2.5350000000000003e-06,0.07321886766113006,25.255230019998635,1459,1459,0,127.08019191226867,137.08073,0.0,0.05,static_lti,0.13593552143314822,0.014384942840689818,0.0014043924202751256,1.4236842666182012,0.00010344214527140195,-7.213827422725459e-07,8.27235761726508e-05,1.834719094369077,0.06792452830188679,0.33941635113629637,0.0005730968838466163,,,,,1.4945039262766138,-0.3402151680924632
dwell_r0_xi_0.05_p+0_Nd4001_dt1,main,dwell,0,xi_0.05,0,4001,1.0,2.5350000000000003e-06,0.07321886766113006,25.255230019998635,1459,1459,0,127.08019191226867,137.08073,0.0,0.05,static_mh,0.12963506060960253,0.11599099350659053,0.0013774282867643451,1.3566084323503822,0.00010117655388674816,-3.634099072401136e-05,1.91725771998365e-05,1.964804668375293,0.0,0.3570639730905922,0.0006521528092964107,,,,,1.4945039262766138,-0.47030074209867934
dwell_r0_xi_0.05_p+0_Nd4001_dt1,main,dwell,0,xi_0.05,0,4001,1.0,2.5350000000000003e-06,0.07321886766113006,25.255230019998635,1459,1459,0,127.08019191226867,137.08073,0.0,0.05,static_lti_mh,0.1387498407991773,0.017030563719947028,0.0014041902298429403,1.423098705031612,0.00010355444579037342,-3.7300551232700495e-05,8.299881653848846e-05,1.827491351369005,0.07169811320754717,0.3452088208256274,0.0005958389692559298,,,,,1.4945039262766138,-0.3329874250923912
dwell_r0_xi_0.05_p+0_Nd4001_dt1,main,dwell,0,xi_0.05,0,4001,1.0,2.5350000000000003e-06,0.07321886766113006,25.255230019998635,1459,1459,0,127.08019191226867,137.08073,0.0,0.05,linear,0.17426373024576788,0.009831969702667726,0.0018333033856762263,1.2923053032731848,0.0001372914346572111,1.867849858570775e-06,0.00014386739801195157,1.4945039262766138,0.19245283018867926,0.40239514928669434,0.0007872805432666299,,,,,1.4945039262766138,0.0
dwell_r0_xi_0.1_p+0_Nd4001_dt1,main,dwell,0,xi_0.1,0,4001,1.0,2.5350000000000003e-06,0.07321886766113006,25.21351482600039,1459,731,728,253.6388508891929,254.40724,0.0364,0.1,atomic,0.28520289742597416,0.1315109574347976,0.0011917275228146432,1.4232628915096053,9.630842069975003e-05,-0.00011307256069537555,0.00014580098985766507,1.4073029678295796,0.12075471698113208,0.46614795122824637,0.0012815362871145676,0.2632080502524462,0.1685784172848832,0.3129901579323771,0.17643318859089238,1.7512790067338844,0.3439760389043047
dwell_r0_xi_0.1_p+0_Nd4001_dt1,main,dwell,0,xi_0.1,0,4001,1.0,2.5350000000000003e-06,0.07321886766113006,25.21351482600039,1459,731,728,253.6388508891929,254.40724,0.0364,0.1,static,0.0295194386434289,0.016823616772251953,0.0013486405741273144,1.3667914043531493,9.755491681141903e-05,2.102406767938568e-08,8.178039852580525e-06,1.999998409634706,0.0,0.18607002589680618,0.00017079792925125392,,,,,1.7512790067338844,-0.24871940290082173
dwell_r0_xi_0.1_p+0_Nd4001_dt1,main,dwell,0,xi_0.1,0,4001,1.0,2.5350000000000003e-06,0.07321886766113006,25.21351482600039,1459,731,728,253.6388508891929,254.40724,0.0364,0.1,static_lti,0.11048929409617654,0.021142674713438538,0.0013694860447674274,1.4170209918659977,0.00010288146057569724,-6.981662728444781e-07,5.71283430166782e-05,1.9415410853612898,0.022641509433962263,0.281682739267729,0.0004697432745089178,,,,,1.7512790067338844,-0.1902620786274054
dwell_r0_xi_0.1_p+0_Nd4001_dt1,main,dwell,0,xi_0.1,0,4001,1.0,2.5350000000000003e-06,0.07321886766113006,25.21351482600039,1459,731,728,253.6388508891929,254.40724,0.0364,0.1,static_mh,0.07270585325098448,0.05924317782427909,0.0013488248871288712,1.3673236584718516,9.959258372638231e-05,-3.6558188843317975e-05,3.1906571703739914e-05,1.995332377797442,0.0,0.25971299829660066,0.0004002221963351867,,,,,1.7512790067338844,-0.24405337106355773
dwell_r0_xi_0.1_p+0_Nd4001_dt1,main,dwell,0,xi_0.1,0,4001,1.0,2.5350000000000003e-06,0.07321886766113006,25.21351482600039,1459,731,728,253.6388508891929,254.40724,0.0364,0.1,static_lti_mh,0.11206948787631502,0.022528703338024373,0.001369604977401657,1.4169179162533523,0.00010296327134282832,-3.7282616949800587e-05,5.8308852852604935e-05,1.940601096628773,0.01509433962264151,0.28211247323361005,0.0004782086175680121,,,,,1.7512790067338844,-0.18932208989488863
dwell_r0_xi_0.1_p+0_Nd4001_dt1,main,dwell,0,xi_0.1,0,4001,1.0,2.5350000000000003e-06,0.07321886766113006,25.21351482600039,1459,731,728,253.6388508891929,254.40724,0.0364,0.1,linear,0.12031305289410506,0.009907403723022151,0.0018061981088160512,1.2722203209343483,0.00013628410236469463,-6.715264326437917e-07,9.741943187565076e-05,1.7512790067338844,0.07547169811320754,0.30307435345389266,0.0005621196839433409,,,,,1.7512790067338844,0.0
dwell_r0_xi_0.25_p+0_Nd4001_dt1,main,dwell,0,xi_0.25,0,4001,1.0,2.5350000000000003e-06,0.07321886766113006,29.787517662998653,1459,293,1166,632.7986348122867,605.90671,0.0583,0.25,atomic,0.24898314836159494,0.1503916140015357,0.0010772228817107054,1.45041951465477,8.648876685989196e-05,-9.471316254091971e-05,0.00016410869773252518,1.6770501688719717,0.06792452830188679,0.4046261302525543,0.0009240125360901996,0.2195479091205477,0.16013660566732008,0.23446738003398296,0.16283316249253688,1.8762944849011807,0.199244316029209
dwell_r0_xi_0.25_p+0_Nd4001_dt1,main,dwell,0,xi_0.25,0,4001,1.0,2.5350000000000003e-06,0.07321886766113006,29.787517662998653,1459,293,1166,632.7986348122867,605.90671,0.0583,0.25,static,0.030322402900217902,0.024819378042614935,0.0013428742739758617,1.3698381754501325,9.791403523416103e-05,-9.110478393849743e-08,5.6717167294682155e-06,1.9999975730791186,0.0,0.18065506460811565,0.0001737996877424624,,,,,1.8762944849011807,-0.12370308817793796
dwell_r0_xi_0.25_p+0_Nd4001_dt1,main,dwell,0,xi_0.25,0,4001,1.0,2.5350000000000003e-06,0.07321886766113006,29.787517662998653,1459,293,1166,632.7986348122867,605.90671,0.0583,0.25,static_lti,0.08273095927502776,0.029256471164129653,0.0013469484783020355,1.3980215453139546,0.0001006770438510459,1.7092729144068586e-06,3.5940190155729824e-05,1.9939507353369637,0.0,0.2251645079258768,0.00028337237620286107,,,,,1.8762944849011807,-0.11765625043578298
dwell_r0_xi_0.25_p+0_Nd4001_dt1,main,dwell,0,xi_0.25,0,4001,1.0,2.5350000000000003e-06,0.07321886766113006,29.787517662998653,1459,293,1166,632.7986348122867,605.90671,0.0583,0.25,static_mh,0.04538986060286382,0.04042434135874068,0.0013430031908806773,1.3703380314725866,9.863534384356363e-05,-3.675272132327574e-05,4.971178234038653e-05,1.999840727224183,0.0,0.2189831905446655,0.00027022172692440117,,,,,1.8762944849011807,-0.12354624232300226
dwell_r0_xi_0.25_p+0_Nd4001_dt1,main,dwell,0,xi_0.25,0,4001,1.0,2.5350000000000003e-06,0.07321886766113006,29.787517662998653,1459,293,1166,632.7986348122867,605.90671,0.0583,0.25,static_lti_mh,0.08333518284646092,0.030002742620622844,0.0013469346027442034,1.3980036740847992,0.0001007040133040811,-3.495174957286326e-05,4.125442691522967e-05,1.9924124065820659,0.0037735849056603774,0.22591707433013183,0.0002905811529517227,,,,,1.8762944849011807,-0.1161179216808852
dwell_r0_xi_0.25_p+0_Nd4001_dt1,main,dwell,0,xi_0.25,0,4001,1.0,2.5350000000000003e-06,0.07321886766113006,29.787517662998653,1459,293,1166,632.7986348122867,605.90671,0.0583,0.25,linear,0.07007160801399616,0.007888006495968488,0.0017659743427485867,1.2478085614169578,0.00013123562665237577,2.5717941807061766e-06,5.866628762455154e-05,1.8762944849011807,0.022641509433962263,0.19629994567466796,0.0002156766374557471,,,,,1.8762944849011807,0.0
dwell_r0_xi_0.5_p+0_Nd4001_dt1,main,dwell,0,xi_0.5,0,4001,1.0,2.5350000000000003e-06,0.07321886766113006,27.348733949000234,1459,146,1313,1269.9315068493152,1196.56055,0.06565,0.5,atomic,0.27198877494981333,0.17747598401788178,0.0010277565463062382,1.470758282139447,8.341620894556539e-05,-0.00010148684954803433,0.0001623966427435089,1.7391330630709314,0.04150943396226415,0.4335959313784384,0.0012974531147249082,0.22176841665265998,0.17722167662396243,0.22921249500826302,0.17825007325757766,1.9970796338324057,0.2579465707614743
dwell_r0_xi_0.5_p+0_Nd4001_dt1,main,dwell,0,xi_0.5,0,4001,1.0,2.5350000000000003e-06,0.07321886766113006,27.348733949000234,1459,146,1313,1269.9315068493152,1196.56055,0.06565,0.5,static,0.030667646123621228,0.028785025395919924,0.0013425046097932075,1.3704479738996136,9.80753273510597e-05,5.5633193470298756e-08,4.73508713575373e-06,1.9999999767839736,0.0,0.17945483408661767,0.0001801219365301799,,,,,1.9970796338324057,-0.0029203429515678447
dwell_r0_xi_0.5_p+0_Nd4001_dt1,main,dwell,0,xi_0.5,0,4001,1.0,2.5350000000000003e-06,0.07321886766113006,27.348733949000234,1459,146,1313,1269.9315068493152,1196.56055,0.06565,0.5,static_lti,0.07625589810783386,0.031847654147068596,0.0013367412744266297,1.3943868116769087,9.979188120041246e-05,-1.120789080517042e-06,3.0354364271691544e-05,1.9999443548952445,0.0,0.19713698544238795,0.0002352908456114829,,,,,1.9970796338324057,-0.0028647210628387487
dwell_r0_xi_0.5_p+0_Nd4001_dt1,main,dwell,0,xi_0.5,0,4001,1.0,2.5350000000000003e-06,0.07321886766113006,27.348733949000234,1459,146,1313,1269.9315068493152,1196.56055,0.06565,0.5,static_mh,0.03806857057813524,0.03627109309515077,0.0013433638560617727,1.3700961156625373,9.848647552459598e-05,-3.669769876966388e-05,5.288378671631888e-05,1.99999573008468,0.0,0.19378829634067837,0.00022418612283451434,,,,,1.9970796338324057,-0.0029160962522742917
dwell_r0_xi_0.5_p+0_Nd4001_dt1,main,dwell,0,xi_0.5,0,4001,1.0,2.5350000000000003e-06,0.07321886766113006,27.348733949000234,1459,146,1313,1269.9315068493152,1196.56055,0.06565,0.5,static_lti_mh,0.0766828388620358,0.03230858894421936,0.0013367802241069078,1.394426745331609,9.981447021272091e-05,-3.77727875528699e-05,3.734948474168492e-05,1.9999676700997022,0.0,0.19477692157469936,0.00023677442097554124,,,,,1.9970796338324057,-0.002888036267296501
dwell_r0_xi_0.5_p+0_Nd4001_dt1,main,dwell,0,xi_0.5,0,4001,1.0,2.5350000000000003e-06,0.07321886766113006,27.348733949000234,1459,146,1313,1269.9315068493152,1196.56055,0.06565,0.5,linear,0.05426240025948863,0.005620107226813289,0.0017485840683318034,1.2422051573725048,0.00012922543669370578,-1.3718882126228953e-06,4.886883879840787e-05,1.9970796338324057,0.0,0.133967319675481,0.00011503294157804365,,,,,1.9970796338324057,0.0
dwell_r0_xi_1_p+0_Nd4001_dt1,main,dwell,0,xi_1,0,4001,1.0,2.5350000000000003e-06,0.07321886766113006,27.506749798001692,1459,73,1386,2539.8630136986303,2373.85055,0.0693,1,atomic,0.35375045727332477,0.25974822935429415,0.0009846536690978798,1.4821248574852444,8.276050303103715e-05,-7.881292488886447e-05,0.00015057311084579325,1.5667626485911492,0.052830188679245285,0.5102850197125203,0.001678002786978825,0.2408880374293743,0.2026581139136153,0.24539443866426955,0.20300307199985723,1.9999998105328127,0.4332371619416635
dwell_r0_xi_1_p+0_Nd4001_dt1,main,dwell,0,xi_1,0,4001,1.0,2.5350000000000003e-06,0.07321886766113006,27.506749798001692,1459,73,1386,2539.8630136986303,2373.85055,0.0693,1,static,0.03076777118032919,0.029965817924710425,0.0013394554647691585,1.3702841889142015,9.824356942841893e-05,-7.150239646442048e-08,4.033455036410381e-06,1.9999999775989816,0.0,0.1784428822931113,0.0001781557608019793,,,,,1.9999998105328127,-1.670661688990549e-07
dwell_r0_xi_1_p+0_Nd4001_dt1,main,dwell,0,xi_1,0,4001,1.0,2.5350000000000003e-06,0.07321886766113006,27.506749798001692,1459,73,1386,2539.8630136986303,2373.85055,0.0693,1,static_lti,0.0715916082525969,0.03261683405761961,0.0013312404343198735,1.3921888969998226,9.9555791539889e-05,8.406841561159895e-07,2.5436842552632953e-05,1.9999995699986508,0.0,0.19908410507622912,0.00022412685125744024,,,,,1.9999998105328127,2.405341619216017e-07
dwell_r0_xi_1_p+0_Nd4001_dt1,main,dwell,0,xi_1,0,4001,1.0,2.5350000000000003e-06,0.07321886766113006,27.506749798001692,1459,73,1386,2539.8630136986303,2373.85055,0.0693,1,static_mh,0.034687233123544034,0.033893071462896975,0.0013389531849734813,1.370615570796959,9.839161298310881e-05,-3.6605573895876675e-05,5.465421981026864e-05,1.999999947463016,0.0,0.19219325823618516,0.00019555210849078899,,,,,1.9999998105328127,-1.3693020317617766e-07
dwell_r0_xi_1_p+0_Nd4001_dt1,main,dwell,0,xi_1,0,4001,1.0,2.5350000000000003e-06,0.07321886766113006,27.506749798001692,1459,73,1386,2539.8630136986303,2373.85055,0.0693,1,static_lti_mh,0.07199870854949271,0.03287128061751516,0.0013312499529086082,1.3922702913719862,9.957560027917758e-05,-3.580987676756191e-05,4.0265917002551375e-05,1.9999995822130083,0.0,0.20012832957191187,0.00022695730809519843,,,,,1.9999998105328127,2.2831980439619315e-07
dwell_r0_xi_1_p+0_Nd4001_dt1,main,dwell,0,xi_1,0,4001,1.0,2.5350000000000003e-06,0.07321886766113006,27.506749798001692,1459,73,1386,2539.8630136986303,2373.85055,0.0693,1,linear,0.044828313523302805,0.00458302554883775,0.0017412205832031229,1.2394968856265725,0.00012857497716425986,9.282749101474005e-07,3.973407398868521e-05,1.9999998105328127,0.0,0.1259972235624832,8.695853201915446e-05,,,,,1.9999998105328127,0.0
dwell_r0_xi_2_p+0_Nd4001_dt1,main,dwell,0,xi_2,0,4001,1.0,2.5350000000000003e-06,0.07321886766113006,27.001217072000145,1459,37,1422,5011.081081081081,4664.79323,0.0711,2,atomic,0.46547688161557116,0.3485044389609307,0.000921768986852471,1.4828122909715058,8.080182244854753e-05,-4.986875863478425e-05,0.00014360114623053903,1.6169543192824025,0.03018867924528302,0.613174472745001,0.0024087430080050433,0.26823653432382566,0.22841240657433534,0.27042468478344495,0.22832136639405776,1.9099136437567537,0.29295932447435113
dwell_r0_xi_2_p+0_Nd4001_dt1,main,dwell,0,xi_2,0,4001,1.0,2.5350000000000003e-06,0.07321886766113006,27.001217072000145,1459,37,1422,5011.081081081081,4664.79323,0.0711,2,static,0.03063974733355757,0.03024573644037693,0.00133845016865436,1.3712765933657134,9.840303473288027e-05,6.99508089768284e-08,3.710475678160049e-06,1.9999999690609997,0.0,0.1802994476462233,0.0001883170276245195,,,,,1.9099136437567537,-0.0900863253042461
dwell_r0_xi_2_p+0_Nd4001_dt1,main,dwell,0,xi_2,0,4001,1.0,2.5350000000000003e-06,0.07321886766113006,27.001217072000145,1459,37,1422,5011.081081081081,4664.79323,0.0711,2,static_lti,0.07132876517496418,0.03259036295531489,0.0013287746269079028,1.3917509599008646,9.960158870181479e-05,-1.3739252357479312e-06,2.383715685309678e-05,1.9977687805180877,0.0,0.19680569792276892,0.00023637708669986147,,,,,1.9099136437567537,-0.08785513676133405
dwell_r0_xi_2_p+0_Nd4001_dt1,main,dwell,0,xi_2,0,4001,1.0,2.5350000000000003e-06,0.07321886766113006,27.001217072000145,1459,37,1422,5011.081081081081,4664.79323,0.0711,2,static_mh,0.03297008286516202,0.03251055472833097,0.001338299588178491,1.371604317805487,9.850289734161008e-05,-3.624085697609003e-05,5.546975457890606e-05,1.9999974749197709,0.0,0.18883327136354838,0.00020283781638459367,,,,,1.9099136437567537,-0.09008383116301721
dwell_r0_xi_2_p+0_Nd4001_dt1,main,dwell,0,xi_2,0,4001,1.0,2.5350000000000003e-06,0.07321886766113006,27.001217072000145,1459,37,1422,5011.081081081081,4664.79323,0.0711,2,static_lti_mh,0.07179895817801835,0.032796035786403256,0.0013288963247700047,1.3918261354368426,9.963234191300587e-05,-3.768505343985584e-05,4.3816976291287846e-05,1.9990110314671452,0.0,0.1980737179001935,0.00023931963387605217,,,,,1.9099136437567537,-0.08909738771039155
dwell_r0_xi_2_p+0_Nd4001_dt1,main,dwell,0,xi_2,0,4001,1.0,2.5350000000000003e-06,0.07321886766113006,27.001217072000145,1459,37,1422,5011.081081081081,4664.79323,0.0711,2,linear,0.04296648987566862,0.0040411615792654764,0.001738370883728958,1.2384153237468578,0.00012860254856356034,-1.6599013473041874e-06,3.5616571560396084e-05,1.9099136437567537,0.0037735849056603774,0.11708849593921913,7.884072515354318e-05,,,,,1.9099136437567537,0.0
dwell_r0_xi_4_p+0_Nd4001_dt1,main,dwell,0,xi_4,0,4001,1.0,2.5350000000000003e-06,0.07321886766113006,31.269182527999874,1459,18,1441,10300.555555555555,9568.40055,0.07205,4,atomic,0.4693049293312246,0.35149599217200866,0.000910858718633084,1.471699653246438,8.003301408732751e-05,-5.320847624224511e-05,0.00012114234677172607,1.6361429513234953,0.03773584905660377,0.6034346198816579,0.0020928538456526156,0.25155701511904294,0.20933976037960073,0.2523728999475348,0.20908214602065003,1.9279523207505471,0.2918093694270518
dwell_r0_xi_4_p+0_Nd4001_dt1,main,dwell,0,xi_4,0,4001,1.0,2.5350000000000003e-06,0.07321886766113006,31.269182527999874,1459,18,1441,10300.555555555555,9568.40055,0.07205,4,static,0.03066506473848046,0.03053327727882409,0.0013378368193963572,1.3720540771038796,9.845076270913337e-05,-3.909311872847657e-08,3.5092917746788766e-06,1.9999999957524341,0.0,0.18807170343320984,0.00019142514883066917,,,,,1.9279523207505471,-0.07204767500188702
dwell_r0_xi_4_p+0_Nd4001_dt1,main,dwell,0,xi_4,0,4001,1.0,2.5350000000000003e-06,0.07321886766113006,31.269182527999874,1459,18,1441,10300.555555555555,9568.40055,0.07205,4,static_lti,0.0688215162887846,0.032630615083978624,0.001326048866816895,1.3899438659948802,9.937396175134656e-05,-9.332495855892744e-07,2.243781977493126e-05,1.9998579866695185,0.0,0.20211543921666159,0.0002183292433947331,,,,,1.9279523207505471,-0.0719056659189714
dwell_r0_xi_4_p+0_Nd4001_dt1,main,dwell,0,xi_4,0,4001,1.0,2.5350000000000003e-06,0.07321886766113006,31.269182527999874,1459,18,1441,10300.555555555555,9568.40055,0.07205,4,static_mh,0.031905291197999876,0.03175814799657353,0.0013375392415140596,1.3719665611105436,9.848817917071412e-05,-3.6367522082412945e-05,5.582215821637755e-05,1.9999999927562964,0.0,0.19271686956137088,0.0001972659533797124,,,,,1.9279523207505471,-0.07204767200574924
dwell_r0_xi_4_p+0_Nd4001_dt1,main,dwell,0,xi_4,0,4001,1.0,2.5350000000000003e-06,0.07321886766113006,31.269182527999874,1459,18,1441,10300.555555555555,9568.40055,0.07205,4,static_lti_mh,0.06921167964434527,0.03289370530495909,0.0013261194719004698,1.3900793644920513,9.939750325053154e-05,-3.732284250308135e-05,5.2426858295281475e-05,1.999574721287402,0.0,0.2033559700918803,0.00021861213980702734,,,,,1.9279523207505471,-0.07162240053685487
dwell_r0_xi_4_p+0_Nd4001_dt1,main,dwell,0,xi_4,0,4001,1.0,2.5350000000000003e-06,0.07321886766113006,31.269182527999874,1459,18,1441,10300.555555555555,9568.40055,0.07205,4,linear,0.0389028445064413,0.0037876692160686075,0.0017350004603965308,1.235916064309218,0.00012818657016454497,-1.7930593259892807e-06,3.28269060113797e-05,1.9279523207505471,0.0037735849056603774,0.10323946736769052,5.337582042527138e-05,,,,,1.9279523207505471,0.0
dwell_r0_xi_0.05_p+6_Nd4001_dt1,main,dwell,0,xi_0.05,6,4001,1.0,2.5350000000000003e-06,0.07321886766113006,26.107367888000226,1459,1459,0,127.08019191226867,137.08073,0.0,0.05,atomic,1.6549797090252856,0.5729217032080137,0.0005403297062556975,1.7429592620172025,0.00012140830015475163,0.00034035078401663016,0.00028507097765625967,0.41709800723151036,0.4490566037735849,1.3164587186725472,0.032282802699359965,0.8351991378680441,0.9143100213508041,0.8747726433002,0.9525825286138412,1.5034486662710844,1.086350659039574
dwell_r0_xi_0.05_p+6_Nd4001_dt1,main,dwell,0,xi_0.05,6,4001,1.0,2.5350000000000003e-06,0.07321886766113006,26.107367888000226,1459,1459,0,127.08019191226867,137.08073,0.0,0.05,static,0.39199955750908594,0.11939557868062349,0.0007258091985540478,1.5572325501743538,0.00011808440972144964,-6.85152847973188e-08,1.2845333331984886e-05,1.909784685289271,0.0,0.6268736021009522,0.007774425060547301,,,,,1.5034486662710844,-0.4063360190181866
dwell_r0_xi_0.05_p+6_Nd4001_dt1,main,dwell,0,xi_0.05,6,4001,1.0,2.5350000000000003e-06,0.07321886766113006,26.107367888000226,1459,1459,0,127.08019191226867,137.08073,0.0,0.05,static_lti,0.7316349498598315,0.1431852113351292,0.0006840801804351958,1.5868899695190697,0.00012412934911357548,-4.156634886223432e-06,8.090503326155661e-05,1.7299891460872372,0.0,0.8271243105668056,0.013197763605434962,,,,,1.5034486662710844,-0.22654047981615277
dwell_r0_xi_0.05_p+6_Nd4001_dt1,main,dwell,0,xi_0.05,6,4001,1.0,2.5350000000000003e-06,0.07321886766113006,26.107367888000226,1459,1459,0,127.08019191226867,137.08073,0.0,0.05,static_mh,2.166007652258684,1.5637587897335377,0.0007346374181626052,1.5607315739086494,0.00018023761743837186,2.0732339616964455e-05,7.042378480062942e-05,0.5318249565136456,0.2830188679245283,1.4100604332984572,0.03911265812353079,,,,,1.5034486662710844,0.9716237097574388
dwell_r0_xi_0.05_p+6_Nd4001_dt1,main,dwell,0,xi_0.05,6,4001,1.0,2.5350000000000003e-06,0.07321886766113006,26.107367888000226,1459,1459,0,127.08019191226867,137.08073,0.0,0.05,static_lti_mh,0.7932659998880534,0.18505213000343038,0.0006851107623856578,1.5868541105550418,0.00012650975542590075,1.6660620499992086e-05,8.345459304036809e-05,1.6389305527191143,0.033962264150943396,0.8415035655320513,0.014119009537551543,,,,,1.5034486662710844,-0.13548188644802983
dwell_r0_xi_0.05_p+6_Nd4001_dt1,main,dwell,0,xi_0.05,6,4001,1.0,2.5350000000000003e-06,0.07321886766113006,26.107367888000226,1459,1459,0,127.08019191226867,137.08073,0.0,0.05,linear,0.1742637302457151,0.009831969702667741,0.0018333033856767612,1.2923053032732845,0.0002739324257395454,3.7268504328219667e-06,0.0002870531976058828,1.5034486662710844,0.19245283018867926,0.4009703266268499,0.0031161700090971104,,,,,1.5034486662710844,0.0
dwell_r0_xi_0.1_p+6_Nd4001_dt1,main,dwell,0,xi_0.1,6,4001,1.0,2.5350000000000003e-06,0.07321886766113006,25.99231027699898,1459,731,728,253.6388508891929,254.40724,0.0364,0.1,atomic,1.1207231590966487,0.397043422084295,0.0005057132085990144,1.790703388006496,0.00010477313759261828,0.0003284864581454906,0.000288823385646751,0.636607089736857,0.29056603773584905,0.9251528575137391,0.019374675455468456,0.7849458900282307,0.8530983665681802,0.8876563044826801,0.8837985173424585,1.754745050062909,1.118137960326052
dwell_r0_xi_0.1_p+6_Nd4001_dt1,main,dwell,0,xi_0.1,6,4001,1.0,2.5350000000000003e-06,0.07321886766113006,25.99231027699898,1459,731,728,253.6388508891929,254.40724,0.0364,0.1,static,0.5821677072034526,0.2465830961138356,0.0006675367043478671,1.5991230485577619,0.00011944092179471826,-4.68302783141243e-08,7.95899089473883e-06,1.7715882847354836,0.0,0.828401586447147,0.013719749571771196,,,,,1.754745050062909,-0.016843234672574647
dwell_r0_xi_0.1_p+6_Nd4001_dt1,main,dwell,0,xi_0.1,6,4001,1.0,2.5350000000000003e-06,0.07321886766113006,25.99231027699898,1459,731,728,253.6388508891929,254.40724,0.0364,0.1,static_lti,0.864068531866001,0.27536217028915305,0.0006378791924878267,1.6267796098282687,0.00012388422799973896,-7.132716970840225e-07,5.3398796142370636e-05,1.566486797213287,0.0037735849056603774,0.973838990777868,0.019500298946704436,,,,,1.754745050062909,0.18825825284962194
dwell_r0_xi_0.1_p+6_Nd4001_dt1,main,dwell,0,xi_0.1,6,4001,1.0,2.5350000000000003e-06,0.07321886766113006,25.99231027699898,1459,731,728,253.6388508891929,254.40724,0.0364,0.1,static_mh,1.433206958142819,0.9070524241409126,0.0006679061886010029,1.6023556971480233,0.0001481902603121467,2.06905464630452e-05,0.0001352346827853318,0.9981375721029601,0.1811320754716981,1.1181189036952277,0.029668411473498545,,,,,1.754745050062909,0.7566074779599489
dwell_r0_xi_0.1_p+6_Nd4001_dt1,main,dwell,0,xi_0.1,6,4001,1.0,2.5350000000000003e-06,0.07321886766113006,25.99231027699898,1459,731,728,253.6388508891929,254.40724,0.0364,0.1,static_lti_mh,0.901103149402145,0.29985408831346577,0.0006376728298366308,1.6275244135880733,0.0001250681305325702,1.999376069639117e-05,6.980296185091335e-05,1.5194261630486756,0.033962264150943396,0.976255025300923,0.01985800192095573,,,,,1.754745050062909,0.2353188870142333
dwell_r0_xi_0.1_p+6_Nd4001_dt1,main,dwell,0,xi_0.1,6,4001,1.0,2.5350000000000003e-06,0.07321886766113006,25.99231027699898,1459,731,728,253.6388508891929,254.40724,0.0364,0.1,linear,0.12031305289404372,0.009907403723019667,0.0018061981088162943,1.272220320934386,0.00027192253357763543,-1.3398713845579927e-06,0.0001943773211671666,1.754745050062909,0.0830188679245283,0.3008952427193967,0.0021955734559390167,,,,,1.754745050062909,0.0
dwell_r0_xi_0.25_p+6_Nd4001_dt1,main,dwell,0,xi_0.25,6,4001,1.0,2.5350000000000003e-06,0.07321886766113006,25.105016120998698,1459,293,1166,632.7986348122867,605.90671,0.0583,0.25,atomic,0.9433148706437073,0.39492581571114815,0.0004673100593818729,1.8601802157883005,9.334912446840969e-05,0.00034608169193191225,0.0003838199603818069,0.9297055691844865,0.2188679245283019,0.8010486006368942,0.013516060136316399,0.6638065842189096,0.6932378644521877,0.7451917735659181,0.7104572843302382,1.8786247512980216,0.9489191821135351
dwell_r0_xi_0.25_p+6_Nd4001_dt1,main,dwell,0,xi_0.25,6,4001,1.0,2.5350000000000003e-06,0.07321886766113006,25.105016120998698,1459,293,1166,632.7986348122867,605.90671,0.0583,0.25,static,0.6341474891708765,0.4643370830466216,0.0006539065911992718,1.6089859367735477,0.00011977468943636364,9.016557466561431e-08,5.543808266593576e-06,1.8030892872407107,0.0,0.7662328645066419,0.012228429121133214,,,,,1.8786247512980216,0.07553546405731093
dwell_r0_xi_0.25_p+6_Nd4001_dt1,main,dwell,0,xi_0.25,6,4001,1.0,2.5350000000000003e-06,0.07321886766113006,25.105016120998698,1459,293,1166,632.7986348122867,605.90671,0.0583,0.25,static_lti,0.7636920631054549,0.5075927062337731,0.0006414638074473868,1.6301380479873073,0.00012206304601994836,-6.995204057266172e-07,3.474399148207623e-05,1.736324027832194,0.011320754716981131,0.8214208105685615,0.013691685156103224,,,,,1.8786247512980216,0.14230072346582756
dwell_r0_xi_0.25_p+6_Nd4001_dt1,main,dwell,0,xi_0.25,6,4001,1.0,2.5350000000000003e-06,0.07321886766113006,25.105016120998698,1459,293,1166,632.7986348122867,605.90671,0.0583,0.25,static_mh,1.0090909875751257,0.8166948100128267,0.0006532338828778987,1.611897279295705,0.00013266686646966252,2.0684654818815725e-05,0.00021167317834897917,1.2633205536798693,0.09056603773584905,0.9908944344282636,0.020914742335116636,,,,,1.8786247512980216,0.6153041976181524
dwell_r0_xi_0.25_p+6_Nd4001_dt1,main,dwell,0,xi_0.25,6,4001,1.0,2.5350000000000003e-06,0.07321886766113006,25.105016120998698,1459,293,1166,632.7986348122867,605.90671,0.0583,0.25,static_lti_mh,0.7784940428835122,0.5206807932792924,0.0006413135587425686,1.6293096168395564,0.000122545414964004,1.9894311452920857e-05,8.65424876201546e-05,1.7365580341492834,0.011320754716981131,0.8066912980861091,0.013352713662858699,,,,,1.8786247512980216,0.1420667171487382
dwell_r0_xi_0.25_p+6_Nd4001_dt1,main,dwell,0,xi_0.25,6,4001,1.0,2.5350000000000003e-06,0.07321886766113006,25.105016120998698,1459,293,1166,632.7986348122867,605.90671,0.0583,0.25,linear,0.07007160801397984,0.007888006495968684,0.0017659743427487534,1.2478085614169725,0.00026184950024081067,5.131404010619789e-06,0.00011705463285639117,1.8786247512980216,0.018867924528301886,0.19396103396444875,0.0008239992745836071,,,,,1.8786247512980216,0.0
dwell_r0_xi_0.5_p+6_Nd4001_dt1,main,dwell,0,xi_0.5,6,4001,1.0,2.5350000000000003e-06,0.07321886766113006,27.120191354999406,1459,146,1313,1269.9315068493152,1196.56055,0.06565,0.5,atomic,1.041636577026642,0.5103230638789724,0.0004899478390161595,1.817994942142029,0.00010048220367280513,0.00029313575443589134,0.0003961998266608231,1.0311062663434356,0.19245283018867926,0.8997141038614258,0.021157006699092838,0.5711872997573437,0.5839636716786957,0.6379387124235258,0.5953221180716578,1.9928246286238498,0.9617183622804142
dwell_r0_xi_0.5_p+6_Nd4001_dt1,main,dwell,0,xi_0.5,6,4001,1.0,2.5350000000000003e-06,0.07321886766113006,27.120191354999406,1459,146,1313,1269.9315068493152,1196.56055,0.06565,0.5,static,0.6537731268557992,0.5873063945640131,0.0006492719523594517,1.6116152661641077,0.00011984098177666549,-6.495532435654505e-08,4.3799596906555845e-06,1.7585844667882902,0.0,0.7781793345787608,0.013756020865238281,,,,,1.9928246286238498,0.23424016183555962
dwell_r0_xi_0.5_p+6_Nd4001_dt1,main,dwell,0,xi_0.5,6,4001,1.0,2.5350000000000003e-06,0.07321886766113006,27.120191354999406,1459,146,1313,1269.9315068493152,1196.56055,0.06565,0.5,static_lti,0.7470417228970444,0.6182063017676036,0.0006419881355439537,1.631784406768217,0.00012179227688840016,-4.846659654219147e-07,2.8144263998188504e-05,1.7043310042414535,0.0,0.7931020946150725,0.014861487187044822,,,,,1.9928246286238498,0.28849362438239634
dwell_r0_xi_0.5_p+6_Nd4001_dt1,main,dwell,0,xi_0.5,6,4001,1.0,2.5350000000000003e-06,0.07321886766113006,27.120191354999406,1459,146,1313,1269.9315068493152,1196.56055,0.06565,0.5,static_mh,0.8767519587265618,0.8066175803482867,0.0006510452986610014,1.6099658274026354,0.00012801314196415217,2.015459082586754e-05,0.00022434679289552338,1.4895974626599444,0.033962264150943396,0.8746154828857515,0.017715650479631487,,,,,1.9928246286238498,0.5032271659639054
dwell_r0_xi_0.5_p+6_Nd4001_dt1,main,dwell,0,xi_0.5,6,4001,1.0,2.5350000000000003e-06,0.07321886766113006,27.120191354999406,1459,146,1313,1269.9315068493152,1196.56055,0.06565,0.5,static_lti_mh,0.7574103425513086,0.6279824344143404,0.000641607432952774,1.6318262833573471,0.0001220808007643785,2.0163534321013318e-05,0.00010188302859312266,1.695313588933222,0.007547169811320755,0.7887082793250323,0.014970010664304102,,,,,1.9928246286238498,0.29751103969062775
dwell_r0_xi_0.5_p+6_Nd4001_dt1,main,dwell,0,xi_0.5,6,4001,1.0,2.5350000000000003e-06,0.07321886766113006,27.120191354999406,1459,146,1313,1269.9315068493152,1196.56055,0.06565,0.5,linear,0.054262400259483506,0.0056201072268124465,0.0017485840683319476,1.242205157372509,0.0002578386439703485,-2.7372768509977207e-06,9.750615243075562e-05,1.9928246286238498,0.0037735849056603774,0.1288614867644425,0.0004362743270172736,,,,,1.9928246286238498,0.0
dwell_r0_xi_1_p+6_Nd4001_dt1,main,dwell,0,xi_1,6,4001,1.0,2.5350000000000003e-06,0.07321886766113006,31.304785079000794,1459,73,1386,2539.8630136986303,2373.85055,0.0693,1,atomic,1.045029524313079,0.5791573684603424,0.0004916065875113772,1.8030288148511668,0.00010136062888315792,0.0002137615655257256,0.00040042312950333146,0.9841383912078634,0.13584905660377358,0.9323322399997751,0.021114958454314447,0.47476753031742547,0.47858649550501586,0.5303779822766758,0.48501006640997196,1.9999999695708877,1.0158615783630243
dwell_r0_xi_1_p+6_Nd4001_dt1,main,dwell,0,xi_1,6,4001,1.0,2.5350000000000003e-06,0.07321886766113006,31.304785079000794,1459,73,1386,2539.8630136986303,2373.85055,0.0693,1,static,0.6683728502350161,0.639444868650836,0.0006433822658537259,1.6159852440115483,0.00011981009822978816,3.306945175061513e-08,3.7442801142934084e-06,1.7550125106766332,0.0,0.8071553454364552,0.013983678032889026,,,,,1.9999999695708877,0.24498745889425444
dwell_r0_xi_1_p+6_Nd4001_dt1,main,dwell,0,xi_1,6,4001,1.0,2.5350000000000003e-06,0.07321886766113006,31.304785079000794,1459,73,1386,2539.8630136986303,2373.85055,0.0693,1,static_lti,0.7471169299954076,0.6640494652866195,0.0006381720870608778,1.6326140312096347,0.00012161028914795427,3.998440035873349e-08,2.373823846724267e-05,1.7446775742221128,0.0,0.8126988618157155,0.014146433130989053,,,,,1.9999999695708877,0.2553223953487749
dwell_r0_xi_1_p+6_Nd4001_dt1,main,dwell,0,xi_1,6,4001,1.0,2.5350000000000003e-06,0.07321886766113006,31.304785079000794,1459,73,1386,2539.8630136986303,2373.85055,0.0693,1,static_mh,0.8236296868286547,0.791518457698124,0.0006420417303800548,1.6186124205714107,0.0001249888097007632,2.0886933518366737e-05,0.00023140958521602315,1.512936986559988,0.026415094339622643,0.883051789768271,0.017394204481142695,,,,,1.9999999695708877,0.4870629830108997
dwell_r0_xi_1_p+6_Nd4001_dt1,main,dwell,0,xi_1,6,4001,1.0,2.5350000000000003e-06,0.07321886766113006,31.304785079000794,1459,73,1386,2539.8630136986303,2373.85055,0.0693,1,static_lti_mh,0.7535528672220617,0.6707910668450042,0.0006382601912238781,1.6322953548872232,0.0001218518146885651,2.0402965229517328e-05,0.00013806052275942363,1.7287995186347291,0.0,0.8160420310128488,0.014635037448425021,,,,,1.9999999695708877,0.2712004509361585
dwell_r0_xi_1_p+6_Nd4001_dt1,main,dwell,0,xi_1,6,4001,1.0,2.5350000000000003e-06,0.07321886766113006,31.304785079000794,1459,73,1386,2539.8630136986303,2373.85055,0.0693,1,linear,0.044828313523301584,0.00458302554884047,0.001741220583203189,1.239496885626576,0.0002565408065838304,1.8521519461482742e-06,7.927990044980909e-05,1.9999999695708877,0.0,0.12153730665380638,0.0003170477987657227,,,,,1.9999999695708877,0.0
dwell_r0_xi_2_p+6_Nd4001_dt1,main,dwell,0,xi_2,6,4001,1.0,2.5350000000000003e-06,0.07321886766113006,25.013712944999497,1459,37,1422,5011.081081081081,4664.79323,0.0711,2,atomic,1.2736491303228736,0.696318632036565,0.0004562061977874926,1.8141617167786819,9.939641429656611e-05,0.0001575941203429567,0.00038007183592528684,1.12269331652422,0.09433962264150944,1.0086022141661646,0.0199507465251348,0.4232042443490377,0.41950269566237364,0.46924947771140146,0.42383305411176564,1.9093679463444657,0.7866746298202456
dwell_r0_xi_2_p+6_Nd4001_dt1,main,dwell,0,xi_2,6,4001,1.0,2.5350000000000003e-06,0.07321886766113006,25.013712944999497,1459,37,1422,5011.081081081081,4664.79323,0.0711,2,static,0.6738943562901323,0.6594420584230264,0.0006414224940096936,1.618137732893524,0.00011984773805385996,-4.8794834867479986e-08,3.365460153693406e-06,1.7025671198130587,0.0,0.8374259806809652,0.015813459829172462,,,,,1.9093679463444657,0.20680082653140697
dwell_r0_xi_2_p+6_Nd4001_dt1,main,dwell,0,xi_2,6,4001,1.0,2.5350000000000003e-06,0.07321886766113006,25.013712944999497,1459,37,1422,5011.081081081081,4664.79323,0.0711,2,static_lti,0.7418902581429659,0.6718130291004955,0.0006368446144246487,1.634574273530621,0.00012138433616841196,-6.648424489271958e-07,2.2000947007045745e-05,1.6934735198889095,0.0,0.8422040299713074,0.015877954883956366,,,,,1.9093679463444657,0.21589442645555623
dwell_r0_xi_2_p+6_Nd4001_dt1,main,dwell,0,xi_2,6,4001,1.0,2.5350000000000003e-06,0.07321886766113006,25.013712944999497,1459,37,1422,5011.081081081081,4664.79323,0.0711,2,static_mh,0.7960563125526392,0.7790311318285583,0.0006428514118657258,1.6184092672887402,0.00012441668649111273,2.186271668219988e-05,0.00023510369749019992,1.5165465995804293,0.018867924528301886,0.9101625943536709,0.019211002294392945,,,,,1.9093679463444657,0.39282134676403646
dwell_r0_xi_2_p+6_Nd4001_dt1,main,dwell,0,xi_2,6,4001,1.0,2.5350000000000003e-06,0.07321886766113006,25.013712944999497,1459,37,1422,5011.081081081081,4664.79323,0.0711,2,static_lti_mh,0.7473900294216426,0.6772060526047576,0.0006367557380073469,1.6343906777490587,0.00012155875959544627,2.122809608364102e-05,0.00016798956148832465,1.680535356855495,0.007547169811320755,0.8503306756391656,0.01622391310938742,,,,,1.9093679463444657,0.22883258948897067
dwell_r0_xi_2_p+6_Nd4001_dt1,main,dwell,0,xi_2,6,4001,1.0,2.5350000000000003e-06,0.07321886766113006,25.013712944999497,1459,37,1422,5011.081081081081,4664.79323,0.0711,2,linear,0.04296648987566814,0.004041161579266184,0.0017383708837290395,1.2384153237468514,0.00025659581875782687,-3.3119386048433275e-06,7.106440302284911e-05,1.9093679463444657,0.0037735849056603774,0.11285767026976047,0.00028400389815420944,,,,,1.9093679463444657,0.0
dwell_r0_xi_4_p+6_Nd4001_dt1,main,dwell,0,xi_4,6,4001,1.0,2.5350000000000003e-06,0.07321886766113006,25.513188573999287,1459,18,1441,10300.555555555555,9568.40055,0.07205,4,atomic,1.4227905371403329,0.7985038382184423,0.00043146811145204666,1.822452609694985,9.713650686296379e-05,0.00010569419814929769,0.0003753591863435559,1.1238855862357686,0.11320754716981132,1.0339172081238812,0.021754568886824317,0.3501806887560724,0.34024660678078666,0.38764551782203105,0.3427481208403418,1.8888118827550673,0.7649262965192987
dwell_r0_xi_4_p+6_Nd4001_dt1,main,dwell,0,xi_4,6,4001,1.0,2.5350000000000003e-06,0.07321886766113006,25.513188573999287,1459,18,1441,10300.555555555555,9568.40055,0.07205,4,static,0.6783904951940146,0.6732783731915648,0.0006398388917380189,1.6194076657933612,0.00011990574171751054,-3.907931333545865e-08,3.1447670653475065e-06,1.705003436271711,0.0,0.8648836659471248,0.01551313216311228,,,,,1.8888118827550673,0.18380844648335626
dwell_r0_xi_4_p+6_Nd4001_dt1,main,dwell,0,xi_4,6,4001,1.0,2.5350000000000003e-06,0.07321886766113006,25.513188573999287,1459,18,1441,10300.555555555555,9568.40055,0.07205,4,static_lti,0.7400599224178209,0.676765012577339,0.0006357318839785765,1.6352048510699113,0.00012130386194514188,3.9018826807930356e-07,2.065507183990594e-05,1.6951496789364984,0.0,0.8678397819634287,0.01586178806372495,,,,,1.8888118827550673,0.1936622038185689
dwell_r0_xi_4_p+6_Nd4001_dt1,main,dwell,0,xi_4,6,4001,1.0,2.5350000000000003e-06,0.07321886766113006,25.513188573999287,1459,18,1441,10300.555555555555,9568.40055,0.07205,4,static_mh,0.7836205277997984,0.7768182950470925,0.0006388415547553645,1.617510834268922,0.00012341043445139154,2.1945586124044018e-05,0.0002365719257286739,1.5985223875746521,0.0,0.9321096490590298,0.017587461691199742,,,,,1.8888118827550673,0.29028949518041514
dwell_r0_xi_4_p+6_Nd4001_dt1,main,dwell,0,xi_4,6,4001,1.0,2.5350000000000003e-06,0.07321886766113006,25.513188573999287,1459,18,1441,10300.555555555555,9568.40055,0.07205,4,static_lti_mh,0.7448778745763834,0.6819859683123664,0.0006355890638448882,1.6350635964185456,0.00012144491609285047,2.2116354827547166e-05,0.0002016709449538444,1.692939019565098,0.0,0.8723057796730634,0.0158902649131371,,,,,1.8888118827550673,0.19587286318996933
dwell_r0_xi_4_p+6_Nd4001_dt1,main,dwell,0,xi_4,6,4001,1.0,2.5350000000000003e-06,0.07321886766113006,25.513188573999287,1459,18,1441,10300.555555555555,9568.40055,0.07205,4,linear,0.03890284450644193,0.003787669216067507,0.0017350004603965724,1.2359160643092095,0.00025576583273443195,-3.5776237016510157e-06,6.549828848153123e-05,1.8888118827550673,0.0037735849056603774,0.09729600389994633,0.00018137781958210407,,,,,1.8888118827550673,0.0
dwell_r1_xi_0.05_p+3_Nd4001_dt1,main,dwell,1,xi_0.05,3,4001,1.0,2.5350000000000003e-06,0.07321886766113006,26.457435299998906,1459,1459,0,127.08019191226867,137.08073,0.0,0.05,atomic,0.7448129730964986,0.3047611765777958,0.0008771175992350863,1.5410546329057342,0.00011333491458182177,2.0923446206598074e-05,0.00023824704130727859,0.7973971188062754,0.3320754716981132,0.8051474035253404,0.00618536220550683,0.5603998255569812,0.5195559505816499,0.8291184159556696,0.5938101542009647,1.4989953665677753,0.7015982477614999
dwell_r1_xi_0.05_p+3_Nd4001_dt1,main,dwell,1,xi_0.05,3,4001,1.0,2.5350000000000003e-06,0.07321886766113006,26.457435299998906,1459,1459,0,127.08019191226867,137.08073,0.0,0.05,static,0.10702440509591657,0.03616344668015156,0.0010416603213391972,1.416379025643919,0.00010722122593477864,3.1839561483294866e-08,7.518362533766262e-06,1.9969905579811087,0.0,0.3261805480692204,0.0011442915681132088,,,,,1.4989953665677753,-0.49799519141333337
dwell_r1_xi_0.05_p+3_Nd4001_dt1,main,dwell,1,xi_0.05,3,4001,1.0,2.5350000000000003e-06,0.07321886766113006,26.457435299998906,1459,1459,0,127.08019191226867,137.08073,0.0,0.05,static_lti,0.18189220890491437,0.04283488105339701,0.001044243931111158,1.4668570629445252,0.00011105938794002493,1.554783622164646e-06,4.868001449595847e-05,1.9783746333967167,0.0,0.4088432139007556,0.0015229238765904873,,,,,1.4989953665677753,-0.4793792668289414
dwell_r1_xi_0.05_p+3_Nd4001_dt1,main,dwell,1,xi_0.05,3,4001,1.0,2.5350000000000003e-06,0.07321886766113006,26.457435299998906,1459,1459,0,127.08019191226867,137.08073,0.0,0.05,static_mh,1.8285406945789988,1.6344089629131067,0.001036928909751501,1.4191448300587808,0.0001705962471840178,3.0310877422889078e-05,6.79305321209625e-05,0.5037726252217014,0.3471698113207547,1.347128846979655,0.018352291360125946,,,,,1.4989953665677753,0.9952227413460739
dwell_r1_xi_0.05_p+3_Nd4001_dt1,main,dwell,1,xi_0.05,3,4001,1.0,2.5350000000000003e-06,0.07321886766113006,26.457435299998906,1459,1459,0,127.08019191226867,137.08073,0.0,0.05,static_lti_mh,0.2123060472691648,0.06888837211875497,0.0010439198178951216,1.4668203306528074,0.00011244312017600765,3.172869914151227e-05,5.312976669095395e-05,1.95685214549775,0.0,0.43804134297676856,0.0018481686444414413,,,,,1.4989953665677753,-0.4578567789299748
dwell_r1_xi_0.05_p+3_Nd4001_dt1,main,dwell,1,xi_0.05,3,4001,1.0,2.5350000000000003e-06,0.07321886766113006,26.457435299998906,1459,1459,0,127.08019191226867,137.08073,0.0,0.05,linear,0.17579396328907612,0.00965213001062301,0.0018424273322594708,1.2937573737441337,0.0001954300832601728,4.986054449243156e-06,0.00020079707440420337,1.4989953665677753,0.2037735849056604,0.39545109340391316,0.0013479054085135049,,,,,1.4989953665677753,0.0
dwell_r1_xi_0.1_p+3_Nd4001_dt1,main,dwell,1,xi_0.1,3,4001,1.0,2.5350000000000003e-06,0.07321886766113006,29.09014626300086,1459,731,728,253.6388508891929,254.40724,0.0364,0.1,atomic,0.5286931326607507,0.24969641513881466,0.0008197529683048046,1.5626892025115242,0.00010211987128890497,1.3115850181449606e-05,0.00020866685120958495,1.0635045284079876,0.17358490566037735,0.67577684106797,0.005137922687722681,0.48376736336990067,0.4534626021865769,0.7212645018783941,0.4983568019556038,1.7905069728470955,0.7270024444391079
dwell_r1_xi_0.1_p+3_Nd4001_dt1,main,dwell,1,xi_0.1,3,4001,1.0,2.5350000000000003e-06,0.07321886766113006,29.09014626300086,1459,731,728,253.6388508891929,254.40724,0.0364,0.1,static,0.1486276557374721,0.07310929443151273,0.0009965835653420838,1.4334725736924552,0.00010763317486605541,-6.062835848709055e-08,5.249444726660126e-06,1.99534664786244,0.0,0.3928881626225033,0.0016399101262840057,,,,,1.7905069728470955,-0.2048396750153445
dwell_r1_xi_0.1_p+3_Nd4001_dt1,main,dwell,1,xi_0.1,3,4001,1.0,2.5350000000000003e-06,0.07321886766113006,29.09014626300086,1459,731,728,253.6388508891929,254.40724,0.0364,0.1,static_lti,0.20551850728926274,0.0810399855071882,0.0009990977523178233,1.4727056911810137,0.00011054162942860505,1.1879032131186242e-06,3.667380718743485e-05,1.9831321322971707,0.0,0.4199460442154307,0.0019376920011567793,,,,,1.7905069728470955,-0.1926251594500752
dwell_r1_xi_0.1_p+3_Nd4001_dt1,main,dwell,1,xi_0.1,3,4001,1.0,2.5350000000000003e-06,0.07321886766113006,29.09014626300086,1459,731,728,253.6388508891929,254.40724,0.0364,0.1,static_mh,0.8682533627987506,0.747681873823596,0.0009919737272940557,1.4352777391885283,0.00013661480408434033,2.9731976108903684e-05,0.0001342987380833828,1.109868383517255,0.1811320754716981,0.9351676702224525,0.010110322762885876,,,,,1.7905069728470955,0.6806385893298406
dwell_r1_xi_0.1_p+3_Nd4001_dt1,main,dwell,1,xi_0.1,3,4001,1.0,2.5350000000000003e-06,0.07321886766113006,29.09014626300086,1459,731,728,253.6388508891929,254.40724,0.0364,0.1,static_lti_mh,0.22075000101485243,0.09554190883523048,0.0009989963575936297,1.472691053381737,0.00011122764440850418,3.0951418508649064e-05,6.124513920034822e-05,1.9744418899655172,0.0,0.4391538957010668,0.00212182680129307,,,,,1.7905069728470955,-0.1839349171184217
dwell_r1_xi_0.1_p+3_Nd4001_dt1,main,dwell,1,xi_0.1,3,4001,1.0,2.5350000000000003e-06,0.07321886766113006,29.09014626300086,1459,731,728,253.6388508891929,254.40724,0.0364,0.1,linear,0.11518066056583919,0.009653141830090693,0.0018067152200124917,1.2734809072659832,0.00019225143825230646,1.0695259459679148e-06,0.0001400088563683085,1.7905069728470955,0.06792452830188679,0.2948426144025179,0.0009735473179613784,,,,,1.7905069728470955,0.0
dwell_r1_xi_0.25_p+3_Nd4001_dt1,main,dwell,1,xi_0.25,3,4001,1.0,2.5350000000000003e-06,0.07321886766113006,23.784644663001018,1459,293,1166,632.7986348122867,605.90671,0.0583,0.25,atomic,0.592144279734727,0.31547243381268353,0.0006501632451209986,1.6480416417719839,8.32365246860007e-05,5.188931439132392e-05,0.00026576424098447086,1.1869431061038673,0.1471698113207547,0.714568102143638,0.005913199275795036,0.4463675797332618,0.42529754348380205,0.5858625783582663,0.4418643351022623,1.9853896699879523,0.798446563884085
dwell_r1_xi_0.25_p+3_Nd4001_dt1,main,dwell,1,xi_0.25,3,4001,1.0,2.5350000000000003e-06,0.07321886766113006,23.784644663001018,1459,293,1166,632.7986348122867,605.90671,0.0583,0.25,static,0.1585810236656084,0.12267015441751361,0.0009868184490466466,1.4387135891113507,0.00010779406646776867,-1.8627712781421198e-09,4.039086929635425e-06,1.9974001471483165,0.0,0.3721308662536829,0.0015974097900111766,,,,,1.9853896699879523,-0.012010477160364186
dwell_r1_xi_0.25_p+3_Nd4001_dt1,main,dwell,1,xi_0.25,3,4001,1.0,2.5350000000000003e-06,0.07321886766113006,23.784644663001018,1459,293,1166,632.7986348122867,605.90671,0.0583,0.25,static_lti,0.19765812422603055,0.12954484190925114,0.0009876028447383246,1.462243600138563,0.00010968302667367495,8.836508021297748e-07,2.6442967434037606e-05,1.9956818110379915,0.0,0.3756428470515002,0.0016708223999649834,,,,,1.9853896699879523,-0.010292141050039172
dwell_r1_xi_0.25_p+3_Nd4001_dt1,main,dwell,1,xi_0.25,3,4001,1.0,2.5350000000000003e-06,0.07321886766113006,23.784644663001018,1459,293,1166,632.7986348122867,605.90671,0.0583,0.25,static_mh,0.43790688983814735,0.38807980943177955,0.0009854165191633204,1.4382037784086477,0.00011990548416643752,2.9891855119100115e-05,0.00021130535884298496,1.6064584935569395,0.06037735849056604,0.6407115737781633,0.004910840995220475,,,,,1.9853896699879523,0.3789311764310128
dwell_r1_xi_0.25_p+3_Nd4001_dt1,main,dwell,1,xi_0.25,3,4001,1.0,2.5350000000000003e-06,0.07321886766113006,23.784644663001018,1459,293,1166,632.7986348122867,605.90671,0.0583,0.25,static_lti_mh,0.2023994544136156,0.1341349152528663,0.0009879865316252726,1.4623015269892514,0.00010994174923988346,3.0967144082959814e-05,8.237393626470844e-05,1.9943905807108675,0.0,0.3840837431830766,0.0016926018601114447,,,,,1.9853896699879523,-0.0090009107229152
dwell_r1_xi_0.25_p+3_Nd4001_dt1,main,dwell,1,xi_0.25,3,4001,1.0,2.5350000000000003e-06,0.07321886766113006,23.784644663001018,1459,293,1166,632.7986348122867,605.90671,0.0583,0.25,linear,0.06734211053022932,0.007961415370283342,0.0017666574477265536,1.2462793689385396,0.00018526598434567888,8.881942797882647e-08,8.591168920122253e-05,1.9853896699879523,0.0037735849056603774,0.1929097187318737,0.0004505597280847789,,,,,1.9853896699879523,0.0
dwell_r1_xi_0.5_p+3_Nd4001_dt1,main,dwell,1,xi_0.5,3,4001,1.0,2.5350000000000003e-06,0.07321886766113006,24.389097246001256,1459,146,1313,1269.9315068493152,1196.56055,0.06565,0.5,atomic,0.6383662412642457,0.420915160397669,0.0006592145734636622,1.6598493072780705,8.60252892409914e-05,9.224256962210053e-05,0.00030551792349080883,1.241857544835831,0.10566037735849057,0.7679870141148248,0.00620848338981204,0.4017849431370921,0.3800524820570146,0.4804904532917993,0.38809534900106124,1.9987042735900473,0.7568467287542162
dwell_r1_xi_0.5_p+3_Nd4001_dt1,main,dwell,1,xi_0.5,3,4001,1.0,2.5350000000000003e-06,0.07321886766113006,24.389097246001256,1459,146,1313,1269.9315068493152,1196.56055,0.06565,0.5,static,0.16292714010798348,0.15294285729276258,0.000980918844747196,1.4408783662006748,0.00010786365760408246,-3.7472730085036874e-08,3.6328954337396023e-06,1.9982260102122429,0.0,0.39199493532702423,0.0015874514410418705,,,,,1.9987042735900473,0.0004782633778044332
dwell_r1_xi_0.5_p+3_Nd4001_dt1,main,dwell,1,xi_0.5,3,4001,1.0,2.5350000000000003e-06,0.07321886766113006,24.389097246001256,1459,146,1313,1269.9315068493152,1196.56055,0.06565,0.5,static_lti,0.20051669317410406,0.1580492847505131,0.0009794554195001661,1.460153453790577,0.00010942939866962265,-1.0535787713256068e-06,2.3331106599558015e-05,1.997269896094306,0.0,0.39664195682498593,0.0016613471213357094,,,,,1.9987042735900473,0.001434377495741268
dwell_r1_xi_0.5_p+3_Nd4001_dt1,main,dwell,1,xi_0.5,3,4001,1.0,2.5350000000000003e-06,0.07321886766113006,24.389097246001256,1459,146,1313,1269.9315068493152,1196.56055,0.06565,0.5,static_mh,0.3046974212709243,0.2937258288474677,0.0009822890918120902,1.4341723252771441,0.00011439950924439668,3.050335082688016e-05,0.00022481642349836436,1.8413441698133977,0.018867924528301886,0.5217521513787032,0.0033350241704579358,,,,,1.9987042735900473,0.15736010377664966
dwell_r1_xi_0.5_p+3_Nd4001_dt1,main,dwell,1,xi_0.5,3,4001,1.0,2.5350000000000003e-06,0.07321886766113006,24.389097246001256,1459,146,1313,1269.9315068493152,1196.56055,0.06565,0.5,static_lti_mh,0.20313707851904372,0.16059529415031285,0.0009792074163925853,1.4602770312230073,0.00010952039981378091,2.995041648630669e-05,0.00010013673367145518,1.9962086864346735,0.0,0.3991548295590139,0.0017072863078548993,,,,,1.9987042735900473,0.0024955871553737907
dwell_r1_xi_0.5_p+3_Nd4001_dt1,main,dwell,1,xi_0.5,3,4001,1.0,2.5350000000000003e-06,0.07321886766113006,24.389097246001256,1459,146,1313,1269.9315068493152,1196.56055,0.06565,0.5,linear,0.05055504984955374,0.0057640367830157,0.0017477928737892412,1.2397482520691874,0.00018266693483549756,-7.368567604089898e-06,6.93069922332652e-05,1.9987042735900473,0.0,0.13935357454484734,0.00027664994599532967,,,,,1.9987042735900473,0.0
dwell_r1_xi_1_p+3_Nd4001_dt1,main,dwell,1,xi_1,3,4001,1.0,2.5350000000000003e-06,0.07321886766113006,26.91364784899997,1459,73,1386,2539.8630136986303,2373.85055,0.0693,1,atomic,0.8612302117849324,0.6130334002762502,0.0006323726580656133,1.6331825874577905,8.817098219893535e-05,7.511795719619577e-05,0.0003193851399356414,1.1403809365464925,0.10566037735849057,0.8925582495235453,0.00818588194617871,0.38000870782701224,0.3563316610924574,0.42692064818303593,0.3595512876005456,1.7944588885943857,0.6540779520478932
dwell_r1_xi_1_p+3_Nd4001_dt1,main,dwell,1,xi_1,3,4001,1.0,2.5350000000000003e-06,0.07321886766113006,26.91364784899997,1459,73,1386,2539.8630136986303,2373.85055,0.0693,1,static,0.16520352582185296,0.16191976390896032,0.0009781401237822665,1.4422761879934625,0.000107923491167309,-1.370223396298433e-07,3.2576451446744426e-06,1.9962208778478485,0.0,0.4139418747515431,0.0018419027051267349,,,,,1.7944588885943857,-0.20176198925346278
dwell_r1_xi_1_p+3_Nd4001_dt1,main,dwell,1,xi_1,3,4001,1.0,2.5350000000000003e-06,0.07321886766113006,26.91364784899997,1459,73,1386,2539.8630136986303,2373.85055,0.0693,1,static_lti,0.19854018260517184,0.16319713533677327,0.0009769885779411368,1.4588264200074017,0.00010932664675496838,1.0192332102764772e-06,2.1339637745204126e-05,1.9950547600806607,0.0,0.417143343150439,0.0018656712872910273,,,,,1.7944588885943857,-0.200595871486275
dwell_r1_xi_1_p+3_Nd4001_dt1,main,dwell,1,xi_1,3,4001,1.0,2.5350000000000003e-06,0.07321886766113006,26.91364784899997,1459,73,1386,2539.8630136986303,2373.85055,0.0693,1,static_mh,0.24361837046543422,0.23967330158310612,0.0009759536849947585,1.4413743698882766,0.00011125266773962877,3.036398794825522e-05,0.00023162159281645876,1.9448777498934469,0.011320754716981131,0.503638696784867,0.002540001464400647,,,,,1.7944588885943857,-0.15041886129906112
dwell_r1_xi_1_p+3_Nd4001_dt1,main,dwell,1,xi_1,3,4001,1.0,2.5350000000000003e-06,0.07321886766113006,26.91364784899997,1459,73,1386,2539.8630136986303,2373.85055,0.0693,1,static_lti_mh,0.2006177252028918,0.16503035923996562,0.0009771154450574308,1.4590612317517049,0.00010943600691764908,3.090313931959809e-05,0.00013742307545468193,1.99473031290679,0.0,0.41907390817921336,0.0018750003857013404,,,,,1.7944588885943857,-0.2002714243124042
dwell_r1_xi_1_p+3_Nd4001_dt1,main,dwell,1,xi_1,3,4001,1.0,2.5350000000000003e-06,0.07321886766113006,26.91364784899997,1459,73,1386,2539.8630136986303,2373.85055,0.0693,1,linear,0.04159407878225299,0.00464512059524059,0.0017444038689929644,1.2354485477158186,0.0001819544252634666,-1.0602816922818353e-06,5.8774897314615633e-05,1.7944588885943857,0.011320754716981131,0.14411769372514185,0.00012712611784184184,,,,,1.7944588885943857,0.0
dwell_r1_xi_2_p+3_Nd4001_dt1,main,dwell,1,xi_2,3,4001,1.0,2.5350000000000003e-06,0.07321886766113006,27.7719059810006,1459,37,1422,5011.081081081081,4664.79323,0.0711,2,atomic,0.8034624520567786,0.5964930490508257,0.0006763138908004579,1.606021439178646,9.30145051283273e-05,6.0828664186193784e-05,0.00030767755190398146,1.2846592851604934,0.07924528301886792,0.7911258497311379,0.0064289375968902,0.32246418667783866,0.29733315462063253,0.3533065631031073,0.2985656714907373,1.999999364950093,0.7153400797895995
dwell_r1_xi_2_p+3_Nd4001_dt1,main,dwell,1,xi_2,3,4001,1.0,2.5350000000000003e-06,0.07321886766113006,27.7719059810006,1459,37,1422,5011.081081081081,4664.79323,0.0711,2,static,0.16615257312779488,0.16406862701582475,0.0009759305342235468,1.4432507567099964,0.00010791891398957128,4.135076369263137e-08,3.1258684492105993e-06,1.9967863809605484,0.0,0.3973796423238863,0.001764956580423354,,,,,1.999999364950093,0.0032129839895445045
dwell_r1_xi_2_p+3_Nd4001_dt1,main,dwell,1,xi_2,3,4001,1.0,2.5350000000000003e-06,0.07321886766113006,27.7719059810006,1459,37,1422,5011.081081081081,4664.79323,0.0711,2,static_lti,0.20145056154002045,0.16342650798897876,0.000974042895593979,1.4589653131417628,0.00010932766748659457,5.795240034837912e-07,2.023331904800674e-05,1.9968300341747318,0.0,0.3915770541301979,0.0016950649136761387,,,,,1.999999364950093,0.003169330775361079
dwell_r1_xi_2_p+3_Nd4001_dt1,main,dwell,1,xi_2,3,4001,1.0,2.5350000000000003e-06,0.07321886766113006,27.7719059810006,1459,37,1422,5011.081081081081,4664.79323,0.0711,2,static_mh,0.21854949303763188,0.21592660695513882,0.0009752598100365835,1.4457220304936633,0.00011024096258283189,3.1248786936918504e-05,0.00023513480803155902,1.9418804803933363,0.007547169811320755,0.43922492861571777,0.0023776124389171495,,,,,1.999999364950093,0.05811888455675662
dwell_r1_xi_2_p+3_Nd4001_dt1,main,dwell,1,xi_2,3,4001,1.0,2.5350000000000003e-06,0.07321886766113006,27.7719059810006,1459,37,1422,5011.081081081081,4664.79323,0.0711,2,static_lti_mh,0.20310730889147416,0.1646786738626518,0.0009742283726333952,1.45888722900952,0.00010942377065907204,3.1788199967664465e-05,0.00017359845348431874,1.9966177436897423,0.0,0.3926740122721115,0.0017198805371602724,,,,,1.999999364950093,0.0033816212603505758
dwell_r1_xi_2_p+3_Nd4001_dt1,main,dwell,1,xi_2,3,4001,1.0,2.5350000000000003e-06,0.07321886766113006,27.7719059810006,1459,37,1422,5011.081081081081,4664.79323,0.0711,2,linear,0.0397419359296967,0.004033491724905608,0.0017394435564437713,1.2355221737029018,0.0001816173071989864,2.9657699121754465e-06,5.281721861056817e-05,1.999999364950093,0.0,0.08118061286867147,0.00011844533471492709,,,,,1.999999364950093,0.0
dwell_r1_xi_4_p+3_Nd4001_dt1,main,dwell,1,xi_4,3,4001,1.0,2.5350000000000003e-06,0.07321886766113006,31.607459447999645,1459,18,1441,10300.555555555555,9568.40055,0.07205,4,atomic,0.9923171184537498,0.7408074259731376,0.0006184275969893693,1.6023581549167807,8.944980288908488e-05,4.393931023602528e-05,0.00028773683537011924,1.3923565543243033,0.05660377358490566,0.9589666593945152,0.009264210893016479,0.30164916465993025,0.27281049113324674,0.3242791498551061,0.27291362152727144,2.0,0.6076434456756967
dwell_r1_xi_4_p+3_Nd4001_dt1,main,dwell,1,xi_4,3,4001,1.0,2.5350000000000003e-06,0.07321886766113006,31.607459447999645,1459,18,1441,10300.555555555555,9568.40055,0.07205,4,static,0.16695086695995262,0.16623142421882836,0.000975521377811821,1.4433199005766997,0.0001079740129559481,7.292531516324037e-08,2.995140903214489e-06,1.9953698909160271,0.0,0.4213614967435327,0.0019162306814475786,,,,,2.0,0.004630109083972878
dwell_r1_xi_4_p+3_Nd4001_dt1,main,dwell,1,xi_4,3,4001,1.0,2.5350000000000003e-06,0.07321886766113006,31.607459447999645,1459,18,1441,10300.555555555555,9568.40055,0.07205,4,static_lti,0.19757976183834644,0.16336483102630578,0.0009758561394403561,1.459756820975299,0.00010941955315260082,-1.0300944967821059e-07,2.0357593954712265e-05,1.9951883490504276,0.0,0.41823486060933923,0.0018809268893731172,,,,,2.0,0.004811650949572366
dwell_r1_xi_4_p+3_Nd4001_dt1,main,dwell,1,xi_4,3,4001,1.0,2.5350000000000003e-06,0.07321886766113006,31.607459447999645,1459,18,1441,10300.555555555555,9568.40055,0.07205,4,static_mh,0.2055286587498803,0.20451967085491088,0.0009751040481332866,1.4445578310322456,0.00010970076351782042,3.1276982285994715e-05,0.00023667699993185263,1.9425710133297494,0.0037735849056603774,0.4650734213908737,0.002154381533278777,,,,,2.0,0.05742898667025065
dwell_r1_xi_4_p+3_Nd4001_dt1,main,dwell,1,xi_4,3,4001,1.0,2.5350000000000003e-06,0.07321886766113006,31.607459447999645,1459,18,1441,10300.555555555555,9568.40055,0.07205,4,static_lti_mh,0.19919990432810641,0.1646647802482516,0.0009759817283693825,1.459785368931768,0.00010950749238634647,3.10366023428627e-05,0.00020111444590366372,1.9951854737260055,0.0,0.41973287285641137,0.0018798122601367756,,,,,2.0,0.004814526273994479
dwell_r1_xi_4_p+3_Nd4001_dt1,main,dwell,1,xi_4,3,4001,1.0,2.5350000000000003e-06,0.07321886766113006,31.607459447999645,1459,18,1441,10300.555555555555,9568.40055,0.07205,4,linear,0.03700713612792381,0.00374593579158394,0.0017437314061424416,1.2346156894145273,0.00018195053863653615,7.660466802430369e-07,4.685009624039159e-05,2.0,0.0,0.09806769178242623,8.010336044612945e-05,,,,,2.0,0.0
dwell_r1_xi_0.05_p+0_Nd4001_dt1,main,dwell,1,xi_0.05,0,4001,1.0,2.5350000000000003e-06,0.07321886766113006,27.516177763000087,1459,1459,0,127.08019191226867,137.08073,0.0,0.05,atomic,0.44299842617219143,0.17203850558309644,0.0012034635827903625,1.4279530284069017,0.00010011870474339907,-9.743068160408826e-05,0.00018914716810392108,1.1253558971013176,0.2641509433962264,0.5960750027547294,0.001700648401788204,0.35545321861997314,0.21890040120594104,0.4411303884002584,0.23395003580968163,1.5022037353722955,0.3768478382709779
dwell_r1_xi_0.05_p+0_Nd4001_dt1,main,dwell,1,xi_0.05,0,4001,1.0,2.5350000000000003e-06,0.07321886766113006,27.516177763000087,1459,1459,0,127.08019191226867,137.08073,0.0,0.05,static,0.024932795743717106,0.011654380909570466,0.0013717825729781428,1.3549314962953083,9.618527599979497e-05,-5.942278894035296e-08,1.2782292853241437e-05,1.999994197441042,0.0,0.16568779253333496,0.00014370290037123335,,,,,1.5022037353722955,-0.49779046206874655
dwell_r1_xi_0.05_p+0_Nd4001_dt1,main,dwell,1,xi_0.05,0,4001,1.0,2.5350000000000003e-06,0.07321886766113006,27.516177763000087,1459,1459,0,127.08019191226867,137.08073,0.0,0.05,static_lti,0.13617007064060915,0.01364173977197999,0.0014098185160010752,1.4246725111441594,0.00010407220665230184,2.4582798798918658e-06,8.003430469082666e-05,1.8700124977914627,0.04905660377358491,0.34694985331860406,0.0005112476292132297,,,,,1.5022037353722955,-0.36780876241916727
dwell_r1_xi_0.05_p+0_Nd4001_dt1,main,dwell,1,xi_0.05,0,4001,1.0,2.5350000000000003e-06,0.07321886766113006,27.516177763000087,1459,1459,0,127.08019191226867,137.08073,0.0,0.05,static_mh,0.13261674603839518,0.11764628636863264,0.0013698036217520062,1.3556126509738446,0.00010096672389994386,-3.6572390623927716e-05,1.9763386178626695e-05,1.9661191481967693,0.0,0.3589419915100188,0.0006872561906237483,,,,,1.5022037353722955,-0.4639154128244738
dwell_r1_xi_0.05_p+0_Nd4001_dt1,main,dwell,1,xi_0.05,0,4001,1.0,2.5350000000000003e-06,0.07321886766113006,27.516177763000087,1459,1459,0,127.08019191226867,137.08073,0.0,0.05,static_lti_mh,0.1393025081374725,0.016271633819828796,0.0014093990311578658,1.4247037384659578,0.00010418411183494645,-3.407792640784723e-05,8.002549987915037e-05,1.861497790635417,0.03773584905660377,0.3496860309956351,0.0005327316044226781,,,,,1.5022037353722955,-0.35929405526312164
dwell_r1_xi_0.05_p+0_Nd4001_dt1,main,dwell,1,xi_0.05,0,4001,1.0,2.5350000000000003e-06,0.07321886766113006,27.516177763000087,1459,1459,0,127.08019191226867,137.08073,0.0,0.05,linear,0.17579396328917524,0.009652130010623495,0.0018424273322596235,1.2937573737441044,0.00013835390358588048,3.5298562280503916e-06,0.00014215344234112004,1.5022037353722955,0.2037735849056604,0.39537817322922403,0.0006818043039221964,,,,,1.5022037353722955,0.0
dwell_r1_xi_0.1_p+0_Nd4001_dt1,main,dwell,1,xi_0.1,0,4001,1.0,2.5350000000000003e-06,0.07321886766113006,24.817097162998834,1459,731,728,253.6388508891929,254.40724,0.0364,0.1,atomic,0.2614905311434299,0.11988386466588298,0.001235161503695855,1.4187487998017267,9.895932772097377e-05,-0.00010023447997505927,0.00015648437855454814,1.495060469789739,0.12075471698113208,0.4345217713314916,0.0011660139480573855,0.2479337172472385,0.154974529107495,0.2982395991144833,0.16287525651669352,1.794487748967412,0.2994272791776731
dwell_r1_xi_0.1_p+0_Nd4001_dt1,main,dwell,1,xi_0.1,0,4001,1.0,2.5350000000000003e-06,0.07321886766113006,24.817097162998834,1459,731,728,253.6388508891929,254.40724,0.0364,0.1,static,0.02955752120508066,0.016422764079917405,0.001348871499419324,1.3647761325789527,9.76400377744351e-05,-1.5103229845482813e-07,8.29429149500307e-06,1.9999984374747606,0.0,0.17895673934141004,0.00017403368305812117,,,,,1.794487748967412,-0.20551068850734855
dwell_r1_xi_0.1_p+0_Nd4001_dt1,main,dwell,1,xi_0.1,0,4001,1.0,2.5350000000000003e-06,0.07321886766113006,24.817097162998834,1459,731,728,253.6388508891929,254.40724,0.0364,0.1,static_lti,0.10644331541307521,0.020750785671073545,0.001371253902516918,1.41759156270502,0.00010289617326386253,1.1968784608399618e-06,5.865626843833292e-05,1.9624070045655053,0.0037735849056603774,0.27981863322603867,0.0004517604414814693,,,,,1.794487748967412,-0.1679192555980933
dwell_r1_xi_0.1_p+0_Nd4001_dt1,main,dwell,1,xi_0.1,0,4001,1.0,2.5350000000000003e-06,0.07321886766113006,24.817097162998834,1459,731,728,253.6388508891929,254.40724,0.0364,0.1,static_mh,0.07245615699979284,0.05921474232174468,0.0013475514665556951,1.3653408422926556,9.955080235296855e-05,-3.676048647855914e-05,3.21244492960236e-05,1.9948982498940173,0.0,0.2722925552989335,0.0004215415158818873,,,,,1.794487748967412,-0.20041050092660528
dwell_r1_xi_0.1_p+0_Nd4001_dt1,main,dwell,1,xi_0.1,0,4001,1.0,2.5350000000000003e-06,0.07321886766113006,24.817097162998834,1459,731,728,253.6388508891929,254.40724,0.0364,0.1,static_lti_mh,0.10747444514138113,0.022300276492432467,0.0013712821081732311,1.4176611557075067,0.00010294641003853111,-3.5418793449040234e-05,5.965711467138096e-05,1.9592968296485522,0.007547169811320755,0.28198538278281476,0.000467296283323592,,,,,1.794487748967412,-0.1648090806811402
dwell_r1_xi_0.1_p+0_Nd4001_dt1,main,dwell,1,xi_0.1,0,4001,1.0,2.5350000000000003e-06,0.07321886766113006,24.817097162998834,1459,731,728,253.6388508891929,254.40724,0.0364,0.1,linear,0.11518066056591861,0.009653141830091812,0.0018067152200128714,1.2734809072659794,0.00013610359525250825,7.571663847374081e-07,9.911867964239054e-05,1.794487748967412,0.06792452830188679,0.2947237379500201,0.000493426401981993,,,,,1.794487748967412,0.0
dwell_r1_xi_0.25_p+0_Nd4001_dt1,main,dwell,1,xi_0.25,0,4001,1.0,2.5350000000000003e-06,0.07321886766113006,25.167535393000435,1459,293,1166,632.7986348122867,605.90671,0.0583,0.25,atomic,0.2502830326784902,0.15224110598645083,0.0010612620021919765,1.4492500959022814,8.524265414475123e-05,-0.00011557559358837275,0.00015420603285684362,1.787298510200129,0.045283018867924525,0.4310004894763614,0.0011508654856650336,0.2192346310142157,0.16176642927538418,0.2385691560407041,0.16430574547999208,1.9873377030091472,0.20003919280901816
dwell_r1_xi_0.25_p+0_Nd4001_dt1,main,dwell,1,xi_0.25,0,4001,1.0,2.5350000000000003e-06,0.07321886766113006,25.167535393000435,1459,293,1166,632.7986348122867,605.90671,0.0583,0.25,static,0.0301095962782895,0.024187640264212062,0.0013433990453371447,1.3698020297483422,9.797500746660066e-05,-1.8698118863601882e-08,5.7180131415974075e-06,1.9999998296500792,0.0,0.1728134303486629,0.0001744051661255942,,,,,1.9873377030091472,-0.012662126640931914
dwell_r1_xi_0.25_p+0_Nd4001_dt1,main,dwell,1,xi_0.25,0,4001,1.0,2.5350000000000003e-06,0.07321886766113006,25.167535393000435,1459,293,1166,632.7986348122867,605.90671,0.0583,0.25,static_lti,0.08024712131885169,0.02880137570204452,0.0013473473016100785,1.3969127933382477,0.00010062265937911995,4.812101724553902e-07,3.7172776149239276e-05,1.9997441758338923,0.0,0.21336994849017105,0.0002918142848675225,,,,,1.9873377030091472,-0.012406472824745052
dwell_r1_xi_0.25_p+0_Nd4001_dt1,main,dwell,1,xi_0.25,0,4001,1.0,2.5350000000000003e-06,0.07321886766113006,25.167535393000435,1459,293,1166,632.7986348122867,605.90671,0.0583,0.25,static_mh,0.045879017665522596,0.039463084532768346,0.0013430884739457224,1.3694815019107829,9.86976078970328e-05,-3.6671659020434796e-05,4.99385578807517e-05,1.999982024618178,0.0,0.21544301659704268,0.00028222284797178713,,,,,1.9873377030091472,-0.01264432160903084
dwell_r1_xi_0.25_p+0_Nd4001_dt1,main,dwell,1,xi_0.25,0,4001,1.0,2.5350000000000003e-06,0.07321886766113006,25.167535393000435,1459,293,1166,632.7986348122867,605.90671,0.0583,0.25,static_lti_mh,0.08089649939997928,0.02933970825477917,0.0013475068256883552,1.3968954522734722,0.00010066453021847459,-3.6126183934975276e-05,4.0775402725962064e-05,1.9995959633690579,0.0,0.21358902599625948,0.00029764306088169107,,,,,1.9873377030091472,-0.012258260359910622
dwell_r1_xi_0.25_p+0_Nd4001_dt1,main,dwell,1,xi_0.25,0,4001,1.0,2.5350000000000003e-06,0.07321886766113006,25.167535393000435,1459,293,1166,632.7986348122867,605.90671,0.0583,0.25,linear,0.0673421105302595,0.007961415370283898,0.001766657447726999,1.2462793689385445,0.00013115827260730097,6.287933960935887e-08,6.08208181993237e-05,1.9873377030091472,0.0037735849056603774,0.1946339415876896,0.00023130219742258337,,,,,1.9873377030091472,0.0
dwell_r1_xi_0.5_p+0_Nd4001_dt1,main,dwell,1,xi_0.5,0,4001,1.0,2.5350000000000003e-06,0.07321886766113006,31.115338285999314,1459,146,1313,1269.9315068493152,1196.56055,0.06565,0.5,atomic,0.2607571000153522,0.18238628902827472,0.0010342380281300769,1.4659680732176108,8.381682898975468e-05,-0.00010050446426902145,0.0001613882557364567,1.655466631628817,0.07169811320754717,0.4581813546029165,0.0012230353705842624,0.21007670158833142,0.16839670307729387,0.21750674458148825,0.16948529736388984,1.9969477605800927,0.3414811289512758
dwell_r1_xi_0.5_p+0_Nd4001_dt1,main,dwell,1,xi_0.5,0,4001,1.0,2.5350000000000003e-06,0.07321886766113006,31.115338285999314,1459,146,1313,1269.9315068493152,1196.56055,0.06565,0.5,static,0.030442848517891506,0.028848909897757652,0.0013403707874177792,1.3706841240621608,9.821995293248919e-05,1.899449553822773e-08,4.640393364205839e-06,1.9999999959263055,0.0,0.1813941794457969,0.00016700635460081028,,,,,1.9969477605800927,-0.003052235346212795
dwell_r1_xi_0.5_p+0_Nd4001_dt1,main,dwell,1,xi_0.5,0,4001,1.0,2.5350000000000003e-06,0.07321886766113006,31.115338285999314,1459,146,1313,1269.9315068493152,1196.56055,0.06565,0.5,static_lti,0.07255789073373511,0.03242559363026222,0.0013349316389667074,1.3920943263012866,9.980038320511478e-05,-2.7897533777113884e-06,3.0502490544956716e-05,1.999745141167406,0.0,0.20903090443299094,0.0002510284825745977,,,,,1.9969477605800927,-0.0027973805873133806
dwell_r1_xi_0.5_p+0_Nd4001_dt1,main,dwell,1,xi_0.5,0,4001,1.0,2.5350000000000003e-06,0.07321886766113006,31.115338285999314,1459,146,1313,1269.9315068493152,1196.56055,0.06565,0.5,static_mh,0.037801749621033096,0.03626130527671776,0.0013411734655412158,1.3691404638773839,9.862691642275885e-05,-3.647013783593401e-05,5.313249361836418e-05,1.9999997422554068,0.0,0.19461003169725063,0.0002132532938830633,,,,,1.9969477605800927,-0.003051981675314064
dwell_r1_xi_0.5_p+0_Nd4001_dt1,main,dwell,1,xi_0.5,0,4001,1.0,2.5350000000000003e-06,0.07321886766113006,31.115338285999314,1459,146,1313,1269.9315068493152,1196.56055,0.06565,0.5,static_lti_mh,0.0729862565337266,0.032779198359546284,0.001335112242058093,1.3920927076528447,9.983376136761342e-05,-3.917016570780973e-05,3.733264687886935e-05,1.9993887907287444,0.0,0.20935475190349354,0.00025807569858130774,,,,,1.9969477605800927,-0.0024410301486517128
dwell_r1_xi_0.5_p+0_Nd4001_dt1,main,dwell,1,xi_0.5,0,4001,1.0,2.5350000000000003e-06,0.07321886766113006,31.115338285999314,1459,146,1313,1269.9315068493152,1196.56055,0.06565,0.5,linear,0.05055504984957154,0.0057640367830149326,0.0017477928737897111,1.2397482520691923,0.00012931828646316304,-5.216546372264332e-06,4.906559297988456e-05,1.9969477605800927,0.0,0.14260396219795432,0.00014387026045122706,,,,,1.9969477605800927,0.0
dwell_r1_xi_1_p+0_Nd4001_dt1,main,dwell,1,xi_1,0,4001,1.0,2.5350000000000003e-06,0.07321886766113006,26.19826140999976,1459,73,1386,2539.8630136986303,2373.85055,0.0693,1,atomic,0.33032926286248454,0.2490186578467514,0.000996205375839225,1.469472615335016,8.313359695693251e-05,-7.509624223961987e-05,0.00015355415670609352,1.549941652161772,0.06037735849056604,0.5581418115579433,0.0017049498478083397,0.2297698917420655,0.19217665437329026,0.23348343470902463,0.19255460172669625,1.8059747810875295,0.2560331289257576
dwell_r1_xi_1_p+0_Nd4001_dt1,main,dwell,1,xi_1,0,4001,1.0,2.5350000000000003e-06,0.07321886766113006,26.19826140999976,1459,73,1386,2539.8630136986303,2373.85055,0.0693,1,static,0.0305913364154666,0.03006611850700093,0.0013387743363629536,1.3717119551900043,9.834224910152587e-05,-1.682338068849892e-07,3.970474643570001e-06,1.9999999416701528,0.0,0.17903670653850043,0.00017485043517026714,,,,,1.8059747810875295,-0.1940251605826233
dwell_r1_xi_1_p+0_Nd4001_dt1,main,dwell,1,xi_1,0,4001,1.0,2.5350000000000003e-06,0.07321886766113006,26.19826140999976,1459,73,1386,2539.8630136986303,2373.85055,0.0693,1,static_lti,0.06719207934868071,0.032932059536157236,0.0013320167292402885,1.3890469034408626,9.956724420912648e-05,3.401203589023886e-07,2.6603856601132528e-05,1.9950355382115204,0.0037735849056603774,0.2098770026597595,0.00020838659675655635,,,,,1.8059747810875295,-0.18906075712399084
dwell_r1_xi_1_p+0_Nd4001_dt1,main,dwell,1,xi_1,0,4001,1.0,2.5350000000000003e-06,0.07321886766113006,26.19826140999976,1459,73,1386,2539.8630136986303,2373.85055,0.0693,1,static_mh,0.03427426865413676,0.033718800914964986,0.0013388776654993575,1.3717262213063153,9.852620298853737e-05,-3.667543318883736e-05,5.481969256260022e-05,1.9999999738793688,0.0,0.18890007026947955,0.00019123338172666595,,,,,1.8059747810875295,-0.19402519279183927
dwell_r1_xi_1_p+0_Nd4001_dt1,main,dwell,1,xi_1,0,4001,1.0,2.5350000000000003e-06,0.07321886766113006,26.19826140999976,1459,73,1386,2539.8630136986303,2373.85055,0.0693,1,static_lti_mh,0.06756561048245664,0.033221991262306676,0.0013321279920802376,1.3890793149335035,9.95929534091377e-05,-3.6310825487037764e-05,4.154151977928345e-05,1.9926762968139498,0.0037735849056603774,0.20940772533425706,0.00021035666010391907,,,,,1.8059747810875295,-0.18670151572642024
dwell_r1_xi_1_p+0_Nd4001_dt1,main,dwell,1,xi_1,0,4001,1.0,2.5350000000000003e-06,0.07321886766113006,26.19826140999976,1459,73,1386,2539.8630136986303,2373.85055,0.0693,1,linear,0.04159407878226588,0.004645120595239447,0.0017444038689934408,1.2354485477158201,0.00012881386831530974,-7.506219543101288e-07,4.1609440781490735e-05,1.8059747810875295,0.011320754716981131,0.14749278853355166,6.822326247942238e-05,,,,,1.8059747810875295,0.0
dwell_r1_xi_2_p+0_Nd4001_dt1,main,dwell,1,xi_2,0,4001,1.0,2.5350000000000003e-06,0.07321886766113006,27.374833677000424,1459,37,1422,5011.081081081081,4664.79323,0.0711,2,atomic,0.3775380107725677,0.2943569730495302,0.0009846946210022374,1.4642566715470293,8.380355762074125e-05,-4.532657644925291e-05,0.00013523102648667245,1.529035393528472,0.052830188679245285,0.5551467534141825,0.0015487315290443019,0.234113389398658,0.19832876863379467,0.2361547385878369,0.19834991641488242,1.999999406706084,0.47096401317761205
dwell_r1_xi_2_p+0_Nd4001_dt1,main,dwell,1,xi_2,0,4001,1.0,2.5350000000000003e-06,0.07321886766113006,27.374833677000424,1459,37,1422,5011.081081081081,4664.79323,0.0711,2,static,0.030540193147619348,0.030211943008285367,0.0013371360623479107,1.3719704333016363,9.840004789417789e-05,2.141130310839467e-08,3.6222770165110185e-06,1.9999999410806604,0.0,0.17789164155385295,0.00018339608638758657,,,,,1.999999406706084,-5.343745763664032e-07
dwell_r1_xi_2_p+0_Nd4001_dt1,main,dwell,1,xi_2,0,4001,1.0,2.5350000000000003e-06,0.07321886766113006,27.374833677000424,1459,37,1422,5011.081081081081,4664.79323,0.0711,2,static_lti,0.06789421790161826,0.03264418093731094,0.0013283750767888686,1.3890412761718134,9.951095524113924e-05,1.1549531705891873e-06,2.439751810453638e-05,1.9999953311534355,0.0,0.18662945316256885,0.00019957609885385108,,,,,1.999999406706084,4.075552648474812e-06
dwell_r1_xi_2_p+0_Nd4001_dt1,main,dwell,1,xi_2,0,4001,1.0,2.5350000000000003e-06,0.07321886766113006,27.374833677000424,1459,37,1422,5011.081081081081,4664.79323,0.0711,2,static_mh,0.03276100909088228,0.0324032732229075,0.0013367764681820923,1.372574988095149,9.84795850088127e-05,-3.6304470543911625e-05,5.5606998723132125e-05,1.9999964893855329,0.0,0.17928294340474313,0.00019779385369875937,,,,,1.999999406706084,2.917320551132363e-06
dwell_r1_xi_2_p+0_Nd4001_dt1,main,dwell,1,xi_2,0,4001,1.0,2.5350000000000003e-06,0.07321886766113006,27.374833677000424,1459,37,1422,5011.081081081081,4664.79323,0.0711,2,static_lti_mh,0.06823235863828156,0.032879248008105,0.001328305092854197,1.3890063124140295,9.952150560613336e-05,-3.5170890069649024e-05,4.8418225869408405e-05,1.9999968714326315,0.0,0.18681800983530936,0.00020180965064209034,,,,,1.999999406706084,2.5352734525085907e-06
dwell_r1_xi_2_p+0_Nd4001_dt1,main,dwell,1,xi_2,0,4001,1.0,2.5350000000000003e-06,0.07321886766113006,27.374833677000424,1459,37,1422,5011.081081081081,4664.79323,0.0711,2,linear,0.039741935929707026,0.0040334917249059046,0.001739443556444222,1.2355221737029112,0.00012857520700272106,2.0996043067780077e-06,3.7391727258248796e-05,1.999999406706084,0.0,0.08505777728250116,6.379549818288935e-05,,,,,1.999999406706084,0.0
dwell_r1_xi_4_p+0_Nd4001_dt1,main,dwell,1,xi_4,0,4001,1.0,2.5350000000000003e-06,0.07321886766113006,25.74267037000027,1459,18,1441,10300.555555555555,9568.40055,0.07205,4,atomic,0.5189801422781798,0.406833142123875,0.0008710161627418873,1.475910072891414,7.786053892642492e-05,-4.681787377823008e-05,0.00012520756226381188,1.6181914399382369,0.03773584905660377,0.7071606486453018,0.00245915777679136,0.2666434038419159,0.22910339655709894,0.2679391129137238,0.22896549855882067,2.0,0.3818085600617631
dwell_r1_xi_4_p+0_Nd4001_dt1,main,dwell,1,xi_4,0,4001,1.0,2.5350000000000003e-06,0.07321886766113006,25.74267037000027,1459,18,1441,10300.555555555555,9568.40055,0.07205,4,static,0.030684545171377035,0.030574260628565476,0.0013376545153178357,1.3720250163140466,9.850756194201551e-05,6.689796652111963e-08,3.433623801268766e-06,1.999999999024458,0.0,0.1867235849467606,0.00018712102798126964,,,,,2.0,9.755420915524837e-10
dwell_r1_xi_4_p+0_Nd4001_dt1,main,dwell,1,xi_4,0,4001,1.0,2.5350000000000003e-06,0.07321886766113006,25.74267037000027,1459,18,1441,10300.555555555555,9568.40055,0.07205,4,static_lti,0.0651541727551783,0.03245011475501744,0.001331498967346873,1.3891186956883084,9.968075501982741e-05,1.5010224011622512e-07,2.288084066651692e-05,1.9999999546960783,0.0,0.19771118745539756,0.00020469927484475402,,,,,2.0,4.530392172519271e-08
dwell_r1_xi_4_p+0_Nd4001_dt1,main,dwell,1,xi_4,0,4001,1.0,2.5350000000000003e-06,0.07321886766113006,25.74267037000027,1459,18,1441,10300.555555555555,9568.40055,0.07205,4,static_mh,0.03207325135452156,0.03195140859031218,0.0013370688514439863,1.3723450423125614,9.85308338609097e-05,-3.625715165180368e-05,5.5857065273241074e-05,1.9999999985964696,0.0,0.18872324804956755,0.00019020089282895607,,,,,2.0,1.4035304030102225e-09
dwell_r1_xi_4_p+0_Nd4001_dt1,main,dwell,1,xi_4,0,4001,1.0,2.5350000000000003e-06,0.07321886766113006,25.74267037000027,1459,18,1441,10300.555555555555,9568.40055,0.07205,4,static_lti_mh,0.06543660521663545,0.03268223001938271,0.0013314826764814843,1.3891890201797512,9.9692879875045e-05,-3.619005886927261e-05,5.313082307415704e-05,1.9999999556769636,0.0,0.1980879942786247,0.000204492752818961,,,,,2.0,4.432303635226731e-08
dwell_r1_xi_4_p+0_Nd4001_dt1,main,dwell,1,xi_4,0,4001,1.0,2.5350000000000003e-06,0.07321886766113006,25.74267037000027,1459,18,1441,10300.555555555555,9568.40055,0.07205,4,linear,0.03700713612792994,0.003745935791583517,0.0017437314061428855,1.2346156894145275,0.00012881111679415865,5.42319517919321e-07,3.31673281313755e-05,2.0,0.0,0.10214146763281212,4.394893973742359e-05,,,,,2.0,0.0
dwell_r1_xi_0.05_p+6_Nd4001_dt1,main,dwell,1,xi_0.05,6,4001,1.0,2.5350000000000003e-06,0.07321886766113006,27.794151813001008,1459,1459,0,127.08019191226867,137.08073,0.0,0.05,atomic,1.5782896598190965,0.5493198792615398,0.0005558320212879578,1.7129723839528914,0.0001233108760984917,0.00033504220360143716,0.000290115749796608,0.501367334774497,0.42641509433962266,1.143750939597903,0.024522450836361624,0.8315177391142824,0.9145131294786575,0.8833861742726451,0.9516290170857141,1.496378772197594,0.9950114374230971
dwell_r1_xi_0.05_p+6_Nd4001_dt1,main,dwell,1,xi_0.05,6,4001,1.0,2.5350000000000003e-06,0.07321886766113006,27.794151813001008,1459,1459,0,127.08019191226867,137.08073,0.0,0.05,static,0.3953543791475341,0.1131289175425832,0.0007236155611796618,1.5594206721188415,0.00011811776011049578,1.877394425705533e-07,1.2713453091440682e-05,1.9118192871902702,0.0,0.6219879835297671,0.008333963914127926,,,,,1.496378772197594,-0.4154405149926761
dwell_r1_xi_0.05_p+6_Nd4001_dt1,main,dwell,1,xi_0.05,6,4001,1.0,2.5350000000000003e-06,0.07321886766113006,27.794151813001008,1459,1459,0,127.08019191226867,137.08073,0.0,0.05,static_lti,0.7285762773522462,0.13254759055654927,0.000681997202909258,1.5873052803752454,0.0001239052403420932,-2.2798418585438648e-07,8.506526884094793e-05,1.744806845273825,0.0,0.8413921884035862,0.013798799274234962,,,,,1.496378772197594,-0.24842807307623094
dwell_r1_xi_0.05_p+6_Nd4001_dt1,main,dwell,1,xi_0.05,6,4001,1.0,2.5350000000000003e-06,0.07321886766113006,27.794151813001008,1459,1459,0,127.08019191226867,137.08073,0.0,0.05,static_mh,2.268044170198775,1.5928528756766516,0.0007212675446564325,1.562294520100018,0.00018016794390675678,2.1027360941514474e-05,7.276911643152895e-05,0.49975693734109367,0.3169811320754717,1.4879754141937311,0.04659641969614895,,,,,1.496378772197594,0.9966218348565004
dwell_r1_xi_0.05_p+6_Nd4001_dt1,main,dwell,1,xi_0.05,6,4001,1.0,2.5350000000000003e-06,0.07321886766113006,27.794151813001008,1459,1459,0,127.08019191226867,137.08073,0.0,0.05,static_lti_mh,0.7947879518989325,0.17565653157161565,0.0006823850196379833,1.5868069726476661,0.00012632729856659034,2.0500137238576152e-05,8.848456959421399e-05,1.62131406475204,0.026415094339622643,0.8781245256435852,0.015291549014462955,,,,,1.496378772197594,-0.12493529255444602
dwell_r1_xi_0.05_p+6_Nd4001_dt1,main,dwell,1,xi_0.05,6,4001,1.0,2.5350000000000003e-06,0.07321886766113006,27.794151813001008,1459,1459,0,127.08019191226867,137.08073,0.0,0.05,linear,0.1757939632891129,0.00965213001062245,0.0018424273322601794,1.2937573737442185,0.0002760523299537447,7.042989109088401e-06,0.0002836334064463439,1.496378772197594,0.2037735849056604,0.39571165066882985,0.002675083568736749,,,,,1.496378772197594,0.0
dwell_r1_xi_0.1_p+6_Nd4001_dt1,main,dwell,1,xi_0.1,6,4001,1.0,2.5350000000000003e-06,0.07321886766113006,30.445497168000657,1459,731,728,253.6388508891929,254.40724,0.0364,0.1,atomic,1.0468898725880214,0.39265773490252026,0.0005113534802816061,1.7788783755461188,0.00010411729817908469,0.0003247088155769196,0.00028339725873393316,0.6634209845051198,0.29056603773584905,0.9909172894073899,0.02196351669784062,0.7775571184693778,0.8455750660683149,0.8820129245853275,0.8764005236663523,1.7873775077344496,1.1239565232293298
dwell_r1_xi_0.1_p+6_Nd4001_dt1,main,dwell,1,xi_0.1,6,4001,1.0,2.5350000000000003e-06,0.07321886766113006,30.445497168000657,1459,731,728,253.6388508891929,254.40724,0.0364,0.1,static,0.5860098515334123,0.24070157181350035,0.0006658665585850696,1.5995200036859267,0.00011936634946903795,1.1682385939666407e-07,7.94737882235857e-06,1.797231301444808,0.0,0.7826852519098282,0.012956593916653783,,,,,1.7873775077344496,-0.009853793710358438
dwell_r1_xi_0.1_p+6_Nd4001_dt1,main,dwell,1,xi_0.1,6,4001,1.0,2.5350000000000003e-06,0.07321886766113006,30.445497168000657,1459,731,728,253.6388508891929,254.40724,0.0364,0.1,static_lti,0.8529602137192644,0.26713550941015424,0.0006384937106981262,1.6237507619653437,0.0001237142865096638,1.2640764720827086e-06,5.039126666060843e-05,1.5983162633038155,0.011320754716981131,0.905323423755705,0.017652215868456396,,,,,1.7873775077344496,0.1890612444306341
dwell_r1_xi_0.1_p+6_Nd4001_dt1,main,dwell,1,xi_0.1,6,4001,1.0,2.5350000000000003e-06,0.07321886766113006,30.445497168000657,1459,731,728,253.6388508891929,254.40724,0.0364,0.1,static_mh,1.4530536406680095,0.9208178078888074,0.000662111915756518,1.6015344004054608,0.0001475923482573862,2.0377296850257207e-05,0.00013659528279934288,0.9143953647713929,0.2037735849056604,1.2487745839126903,0.03537406114971566,,,,,1.7873775077344496,0.8729821429630567
dwell_r1_xi_0.1_p+6_Nd4001_dt1,main,dwell,1,xi_0.1,6,4001,1.0,2.5350000000000003e-06,0.07321886766113006,30.445497168000657,1459,731,728,253.6388508891929,254.40724,0.0364,0.1,static_lti_mh,0.8891908375521523,0.2912372869338412,0.0006381489485807134,1.6234302127792983,0.0001248517955851854,2.1492811342895656e-05,7.13837107912911e-05,1.5640547760708206,0.033962264150943396,0.9229915976980971,0.01809573153219376,,,,,1.7873775077344496,0.22332273166362904
dwell_r1_xi_0.1_p+6_Nd4001_dt1,main,dwell,1,xi_0.1,6,4001,1.0,2.5350000000000003e-06,0.07321886766113006,30.445497168000657,1459,731,728,253.6388508891929,254.40724,0.0364,0.1,linear,0.11518066056585678,0.009653141830091246,0.0018067152200131182,1.2734809072660158,0.0002715623745391052,1.5107455536297715e-06,0.00019776776619993128,1.7873775077344496,0.06792452830188679,0.29519432425682773,0.0019303216912994437,,,,,1.7873775077344496,0.0
dwell_r1_xi_0.25_p+6_Nd4001_dt1,main,dwell,1,xi_0.25,6,4001,1.0,2.5350000000000003e-06,0.07321886766113006,28.1277059669992,1459,293,1166,632.7986348122867,605.90671,0.0583,0.25,atomic,0.8952262786455644,0.4022613622518647,0.0004621200856488154,1.8515206346165745,9.118732500600691e-05,0.0003457335134497889,0.00037727282637126867,1.029923716993763,0.14339622641509434,0.8518478197997024,0.016487835403667522,0.6542959365082329,0.6900532630379834,0.7558034232898151,0.7071752472351926,1.9838643114107208,0.9539405944169579
dwell_r1_xi_0.25_p+6_Nd4001_dt1,main,dwell,1,xi_0.25,6,4001,1.0,2.5350000000000003e-06,0.07321886766113006,28.1277059669992,1459,293,1166,632.7986348122867,605.90671,0.0583,0.25,static,0.634533765269087,0.44847638218287716,0.0006539318754642117,1.6075754152165143,0.00011982641883150049,2.493989867203506e-08,5.4623609573712665e-06,1.8149166406105053,0.0,0.702005849229442,0.011332431416401613,,,,,1.9838643114107208,0.16894767080021555
dwell_r1_xi_0.25_p+6_Nd4001_dt1,main,dwell,1,xi_0.25,6,4001,1.0,2.5350000000000003e-06,0.07321886766113006,28.1277059669992,1459,293,1166,632.7986348122867,605.90671,0.0583,0.25,static_lti,0.7572234030455158,0.48688382487766996,0.0006416091526136215,1.6292448924355802,0.00012190020949600119,1.1214994486370229e-06,3.389920508200945e-05,1.7530165256459012,0.007547169811320755,0.7379256897347708,0.012302822196753051,,,,,1.9838643114107208,0.23084778576481968
dwell_r1_xi_0.25_p+6_Nd4001_dt1,main,dwell,1,xi_0.25,6,4001,1.0,2.5350000000000003e-06,0.07321886766113006,28.1277059669992,1459,293,1166,632.7986348122867,605.90671,0.0583,0.25,static_mh,1.0153746414741789,0.7756980843737797,0.0006527379217272135,1.6081239879274014,0.0001328013862196438,2.0728052216366856e-05,0.00021214211157774006,1.2919135581207615,0.1018867924528302,0.9198855214634152,0.019024483516554076,,,,,1.9838643114107208,0.6919507532899594
dwell_r1_xi_0.25_p+6_Nd4001_dt1,main,dwell,1,xi_0.25,6,4001,1.0,2.5350000000000003e-06,0.07321886766113006,28.1277059669992,1459,293,1166,632.7986348122867,605.90671,0.0583,0.25,static_lti_mh,0.7694205742297398,0.4985471597118394,0.0006418614071045058,1.629421370199355,0.0001223699088475465,2.2010823844920307e-05,8.72025027969114e-05,1.7347134913765654,0.011320754716981131,0.7518434050728016,0.01235780194482659,,,,,1.9838643114107208,0.24915082003415545
dwell_r1_xi_0.25_p+6_Nd4001_dt1,main,dwell,1,xi_0.25,6,4001,1.0,2.5350000000000003e-06,0.07321886766113006,28.1277059669992,1459,293,1166,632.7986348122867,605.90671,0.0583,0.25,linear,0.0673421105302405,0.00796141537028416,0.001766657447727161,1.2462793689385554,0.0002616951586297628,1.2546077671251432e-07,0.00012135348651869008,1.9838643114107208,0.0037735849056603774,0.1921245803181483,0.0008870659387491652,,,,,1.9838643114107208,0.0
dwell_r1_xi_0.5_p+6_Nd4001_dt1,main,dwell,1,xi_0.5,6,4001,1.0,2.5350000000000003e-06,0.07321886766113006,26.510549956999967,1459,146,1313,1269.9315068493152,1196.56055,0.06565,0.5,atomic,0.9056192036000755,0.5118665392009187,0.0005013139515951116,1.8077956017648658,9.965883684856321e-05,0.00028631744746997054,0.000398572497243118,0.9304668338108807,0.1471698113207547,0.9234653031543606,0.01769937272003138,0.5574898550202299,0.5726649972590133,0.6295170864203367,0.583757958447912,1.999301382010278,1.0688345481993973
dwell_r1_xi_0.5_p+6_Nd4001_dt1,main,dwell,1,xi_0.5,6,4001,1.0,2.5350000000000003e-06,0.07321886766113006,26.510549956999967,1459,146,1313,1269.9315068493152,1196.56055,0.06565,0.5,static,0.6572569943351103,0.6007246147374844,0.0006465435649160908,1.6138368902872204,0.00011988018766947947,-1.3919216681018782e-07,4.426569830764324e-06,1.8159593654676864,0.0,0.7550020925179727,0.011927004227698917,,,,,1.999301382010278,0.18334201654259163
dwell_r1_xi_0.5_p+6_Nd4001_dt1,main,dwell,1,xi_0.5,6,4001,1.0,2.5350000000000003e-06,0.07321886766113006,26.510549956999967,1459,146,1313,1269.9315068493152,1196.56055,0.06565,0.5,static_lti,0.7481466073093512,0.6420507361282172,0.0006383928784847912,1.6313603762913336,0.00012157080248215064,2.314607945816556e-06,2.8955159900353676e-05,1.7850523076381684,0.0037735849056603774,0.7710247540959475,0.012398243061047844,,,,,1.999301382010278,0.21424907437210972
dwell_r1_xi_0.5_p+6_Nd4001_dt1,main,dwell,1,xi_0.5,6,4001,1.0,2.5350000000000003e-06,0.07321886766113006,26.510549956999967,1459,146,1313,1269.9315068493152,1196.56055,0.06565,0.5,static_mh,0.8824822970970784,0.8181627591896798,0.0006461784960803086,1.6064378323404027,0.00012768564173508092,2.1151908651549295e-05,0.0002251012446626308,1.550394078907932,0.03018867924528302,0.8874169881167661,0.01687810420141816,,,,,1.999301382010278,0.44890730310234606
dwell_r1_xi_0.5_p+6_Nd4001_dt1,main,dwell,1,xi_0.5,6,4001,1.0,2.5350000000000003e-06,0.07321886766113006,26.510549956999967,1459,146,1313,1269.9315068493152,1196.56055,0.06565,0.5,static_lti_mh,0.7574786263339747,0.650680446690895,0.0006376416386787219,1.6319412349583517,0.00012175037104962082,2.4070579608958442e-05,0.00010333937898625837,1.7679942839725749,0.011320754716981131,0.7764139626998137,0.012635143129510725,,,,,1.999301382010278,0.23130709803770322
dwell_r1_xi_0.5_p+6_Nd4001_dt1,main,dwell,1,xi_0.5,6,4001,1.0,2.5350000000000003e-06,0.07321886766113006,26.510549956999967,1459,146,1313,1269.9315068493152,1196.56055,0.06565,0.5,linear,0.050555049849563855,0.005764036783014931,0.0017477928737898519,1.2397482520692018,0.0002580239036162989,-1.0408378390867318e-05,9.789872863436602e-05,1.999301382010278,0.0,0.13761206415014685,0.0005408979498294896,,,,,1.999301382010278,0.0
dwell_r1_xi_1_p+6_Nd4001_dt1,main,dwell,1,xi_1,6,4001,1.0,2.5350000000000003e-06,0.07321886766113006,26.967769376000433,1459,73,1386,2539.8630136986303,2373.85055,0.0693,1,atomic,1.0125852189386744,0.614160536062439,0.00048582440228972046,1.797167295158568,9.949940361296178e-05,0.0002095767444735789,0.0004017252330307092,1.0850446926760549,0.12830188679245283,0.9220042701997492,0.016527752126680915,0.4675983847879388,0.4714483786850925,0.5219572339500199,0.47690345759502295,1.788432025543718,0.7033873328676632
dwell_r1_xi_1_p+6_Nd4001_dt1,main,dwell,1,xi_1,6,4001,1.0,2.5350000000000003e-06,0.07321886766113006,26.967769376000433,1459,73,1386,2539.8630136986303,2373.85055,0.0693,1,static,0.6690093053182348,0.6497877426860135,0.000643152826062402,1.616619859046652,0.00011997213667968747,2.601848327004208e-09,3.6199583519285555e-06,1.7313176618319823,0.0,0.8500585815005869,0.015486681722976244,,,,,1.788432025543718,0.05711436371173573
dwell_r1_xi_1_p+6_Nd4001_dt1,main,dwell,1,xi_1,6,4001,1.0,2.5350000000000003e-06,0.07321886766113006,26.967769376000433,1459,73,1386,2539.8630136986303,2373.85055,0.0693,1,static_lti,0.7372118525459124,0.6745606640884646,0.0006370602370371983,1.6333245710015147,0.00012123910542195046,1.9792479242739587e-06,2.3112893310969618e-05,1.715540155650913,0.0,0.8627803572887486,0.015909864488301347,,,,,1.788432025543718,0.07289186989280516
dwell_r1_xi_1_p+6_Nd4001_dt1,main,dwell,1,xi_1,6,4001,1.0,2.5350000000000003e-06,0.07321886766113006,26.967769376000433,1459,73,1386,2539.8630136986303,2373.85055,0.0693,1,static_mh,0.8178211481729041,0.7955645202240392,0.0006396783534749344,1.6155512878513656,0.00012453768828981667,2.129245351539329e-05,0.0002316436456996311,1.5547641388542262,0.018867924528301886,0.919957405560705,0.018170464469615698,,,,,1.788432025543718,0.2336678866894919
dwell_r1_xi_1_p+6_Nd4001_dt1,main,dwell,1,xi_1,6,4001,1.0,2.5350000000000003e-06,0.07321886766113006,26.967769376000433,1459,73,1386,2539.8630136986303,2373.85055,0.0693,1,static_lti_mh,0.742611099856083,0.6800103324614322,0.0006370273790036483,1.6337054341817487,0.0001214224781831273,2.264512745568398e-05,0.00013725361204353184,1.7147146619738773,0.0,0.8648437061652083,0.015753924678809636,,,,,1.788432025543718,0.07371736356984071
dwell_r1_xi_1_p+6_Nd4001_dt1,main,dwell,1,xi_1,6,4001,1.0,2.5350000000000003e-06,0.07321886766113006,26.967769376000433,1459,73,1386,2539.8630136986303,2373.85055,0.0693,1,linear,0.04159407878226318,0.004645120595240178,0.0017444038689935128,1.2354485477158206,0.0002570174570949009,-1.4976876982247853e-06,8.302174913823983e-05,1.788432025543718,0.011320754716981131,0.1422766207389665,0.00024454501098496786,,,,,1.788432025543718,0.0
dwell_r1_xi_2_p+6_Nd4001_dt1,main,dwell,1,xi_2,6,4001,1.0,2.5350000000000003e-06,0.07321886766113006,31.174871593000717,1459,37,1422,5011.081081081081,4664.79323,0.0711,2,atomic,1.1901485616527214,0.7221876103289194,0.00046441789599925836,1.796859007500459,9.944736556661135e-05,0.00014871004518454562,0.000390991222028637,1.2107390064573404,0.11320754716981132,0.8703771066598414,0.015365653274220292,0.4020633607820595,0.4021163649559291,0.4486150944472932,0.40586077973318935,1.999999223960494,0.7892602175031536
dwell_r1_xi_2_p+6_Nd4001_dt1,main,dwell,1,xi_2,6,4001,1.0,2.5350000000000003e-06,0.07321886766113006,31.174871593000717,1459,37,1422,5011.081081081081,4664.79323,0.0711,2,static,0.6752125845288306,0.6629146546702052,0.0006408875659570842,1.6192842732959476,0.000119985195018752,7.747299816260543e-08,3.352549003008538e-06,1.7722811295485845,0.0,0.7784924486746236,0.013295509315486724,,,,,1.999999223960494,0.2277180944119095
dwell_r1_xi_2_p+6_Nd4001_dt1,main,dwell,1,xi_2,6,4001,1.0,2.5350000000000003e-06,0.07321886766113006,31.174871593000717,1459,37,1422,5011.081081081081,4664.79323,0.0711,2,static_lti,0.7393471307607451,0.6792380752945875,0.0006349061812524017,1.63385066129765,0.00012111888145868423,-5.838387245464005e-07,2.0260165173756904e-05,1.7664430596837606,0.0,0.7759963946527493,0.013441881489923674,,,,,1.999999223960494,0.23355616427673342
dwell_r1_xi_2_p+6_Nd4001_dt1,main,dwell,1,xi_2,6,4001,1.0,2.5350000000000003e-06,0.07321886766113006,31.174871593000717,1459,37,1422,5011.081081081081,4664.79323,0.0711,2,static_mh,0.7930164995494585,0.7784985361138299,0.00064090394675986,1.6218743867656331,0.0001241350752113689,2.2007391238909838e-05,0.00023511700011059124,1.6417357790957152,0.007547169811320755,0.8423682393218889,0.015815564151705392,,,,,1.999999223960494,0.3582634448647788
dwell_r1_xi_2_p+6_Nd4001_dt1,main,dwell,1,xi_2,6,4001,1.0,2.5350000000000003e-06,0.07321886766113006,31.174871593000717,1459,37,1422,5011.081081081081,4664.79323,0.0711,2,static_lti_mh,0.7433795811033137,0.6825628455628364,0.0006353463775626577,1.6336836992272121,0.00012134276713647718,2.1348383768439925e-05,0.0001720742410814692,1.7613264483041224,0.0,0.7814933181049281,0.0135777644662207,,,,,1.999999223960494,0.23867277565637157
dwell_r1_xi_2_p+6_Nd4001_dt1,main,dwell,1,xi_2,6,4001,1.0,2.5350000000000003e-06,0.07321886766113006,31.174871593000717,1459,37,1422,5011.081081081081,4664.79323,0.0711,2,linear,0.039741935929704666,0.004033491724905939,0.001739443556444296,1.2355221737029025,0.00025654126517185235,4.189261349660819e-06,7.460630428997676e-05,1.999999223960494,0.0,0.07933886075053392,0.0002273881236870113,,,,,1.999999223960494,0.0
dwell_r1_xi_4_p+6_Nd4001_dt1,main,dwell,1,xi_4,6,4001,1.0,2.5350000000000003e-06,0.07321886766113006,26.87354089800101,1459,18,1441,10300.555555555555,9568.40055,0.07205,4,atomic,1.3242173971932885,0.8579707149545328,0.00044874693859325355,1.7818933195872098,9.901388993598697e-05,0.00012292168680814468,0.00037670165760257814,1.222206763242493,0.0830188679245283,1.0627647093713046,0.02008741902776368,0.33099919422876745,0.3239964609579913,0.37006224170308955,0.32672722458889275,2.0,0.7777932367575069
dwell_r1_xi_4_p+6_Nd4001_dt1,main,dwell,1,xi_4,6,4001,1.0,2.5350000000000003e-06,0.07321886766113006,26.87354089800101,1459,18,1441,10300.555555555555,9568.40055,0.07205,4,static,0.6790596361020321,0.6747087460750736,0.0006397110104616596,1.6197865644868072,0.00011996727331443292,4.654865658365346e-08,3.0603323498883937e-06,1.7113830812011315,0.0,0.8532986485375417,0.015772818496040814,,,,,2.0,0.2886169187988685
dwell_r1_xi_4_p+6_Nd4001_dt1,main,dwell,1,xi_4,6,4001,1.0,2.5350000000000003e-06,0.07321886766113006,26.87354089800101,1459,18,1441,10300.555555555555,9568.40055,0.07205,4,static_lti,0.7289328296882815,0.6824957619937486,0.000635883451037847,1.6360751559843545,0.00012100690178144027,-3.661980988224052e-07,1.964446372230586e-05,1.7025791194990765,0.0,0.8593903135432972,0.01594285916723821,,,,,2.0,0.2974208805009235
dwell_r1_xi_4_p+6_Nd4001_dt1,main,dwell,1,xi_4,6,4001,1.0,2.5350000000000003e-06,0.07321886766113006,26.87354089800101,1459,18,1441,10300.555555555555,9568.40055,0.07205,4,static_mh,0.7841417202983064,0.7786265929556582,0.000640415478718695,1.6206529293169443,0.00012380746085410933,2.196510192233982e-05,0.00023665523785363398,1.5923358042587754,0.011320754716981131,0.9198009938298981,0.01740862095034812,,,,,2.0,0.4076641957412246
dwell_r1_xi_4_p+6_Nd4001_dt1,main,dwell,1,xi_4,6,4001,1.0,2.5350000000000003e-06,0.07321886766113006,26.87354089800101,1459,18,1441,10300.555555555555,9568.40055,0.07205,4,static_lti_mh,0.7342113875419657,0.6868921306724826,0.0006360641715904672,1.6356987483652092,0.00012122531358665979,2.1491790362296787e-05,0.000200265158575855,1.6956362737544382,0.007547169811320755,0.8641901782608228,0.015917763728085184,,,,,2.0,0.30436372624556185
dwell_r1_xi_4_p+6_Nd4001_dt1,main,dwell,1,xi_4,6,4001,1.0,2.5350000000000003e-06,0.07321886766113006,26.87354089800101,1459,18,1441,10300.555555555555,9568.40055,0.07205,4,linear,0.03700713612792573,0.0037459357915829985,0.0017437314061429293,1.234615689414522,0.00025701196708843925,1.0820696967761394e-06,6.617751990874003e-05,2.0,0.0,0.09595142915162728,0.0001526603110397079,,,,,2.0,0.0
dwell_r2_xi_0.05_p+3_Nd4001_dt1,main,dwell,2,xi_0.05,3,4001,1.0,2.5350000000000003e-06,0.07321886766113006,25.824421334000363,1459,1459,0,127.08019191226867,137.08073,0.0,0.05,atomic,0.7717935717291552,0.3236214696497043,0.0008657435571362525,1.5452703993236618,0.00011247558570626478,2.1733112625259735e-05,0.00022809013069286746,0.8849520665977837,0.2679245283018868,0.773565046987384,0.006175191769223691,0.5633215408482661,0.523965779693304,0.8174654192199251,0.5978921244878171,1.5926611633777688,0.7077090967799851
dwell_r2_xi_0.05_p+3_Nd4001_dt1,main,dwell,2,xi_0.05,3,4001,1.0,2.5350000000000003e-06,0.07321886766113006,25.824421334000363,1459,1459,0,127.08019191226867,137.08073,0.0,0.05,static,0.10655182592296218,0.03766591695769019,0.0010441920918600972,1.4166270195787345,0.00010724327838637117,-1.010814186059451e-07,7.397266774120712e-06,1.997235677878749,0.0,0.3238797291236357,0.0010539873995915896,,,,,1.5926611633777688,-0.40457451450098025
dwell_r2_xi_0.05_p+3_Nd4001_dt1,main,dwell,2,xi_0.05,3,4001,1.0,2.5350000000000003e-06,0.07321886766113006,25.824421334000363,1459,1459,0,127.08019191226867,137.08073,0.0,0.05,static_lti,0.18564529666108986,0.04591773715152474,0.001041523431988344,1.4652033072023842,0.00011072811441209437,-1.836752911077074e-06,5.003096781886754e-05,1.9758346704575276,0.0,0.38591750969252653,0.0014935116749282245,,,,,1.5926611633777688,-0.38317350707975883
dwell_r2_xi_0.05_p+3_Nd4001_dt1,main,dwell,2,xi_0.05,3,4001,1.0,2.5350000000000003e-06,0.07321886766113006,25.824421334000363,1459,1459,0,127.08019191226867,137.08073,0.0,0.05,static_mh,1.7740804982466323,1.6040435494187613,0.0010491052519706584,1.4091809227257677,0.00017054485676723584,3.001439585727645e-05,6.981284966612656e-05,0.47520879816573697,0.37358490566037733,1.2884514227448878,0.01709414720270126,,,,,1.5926611633777688,1.1174523652120318
dwell_r2_xi_0.05_p+3_Nd4001_dt1,main,dwell,2,xi_0.05,3,4001,1.0,2.5350000000000003e-06,0.07321886766113006,25.824421334000363,1459,1459,0,127.08019191226867,137.08073,0.0,0.05,static_lti_mh,0.2131341487792014,0.07142928607721191,0.001041014239037137,1.4648322940921128,0.00011194704578266019,2.8276900360425926e-05,5.529053671020775e-05,1.9623534769189142,0.0037735849056603774,0.412671872753206,0.0017258292035680562,,,,,1.5926611633777688,-0.3696923135411454
dwell_r2_xi_0.05_p+3_Nd4001_dt1,main,dwell,2,xi_0.05,3,4001,1.0,2.5350000000000003e-06,0.07321886766113006,25.824421334000363,1459,1459,0,127.08019191226867,137.08073,0.0,0.05,linear,0.17334233123551254,0.010090057032976496,0.0018318843472663346,1.2899888816758092,0.00019371745552817919,-1.0361907538488705e-05,0.00019874943632466386,1.5926611633777688,0.15471698113207547,0.37090598479591796,0.0013469749550404336,,,,,1.5926611633777688,0.0
dwell_r2_xi_0.1_p+3_Nd4001_dt1,main,dwell,2,xi_0.1,3,4001,1.0,2.5350000000000003e-06,0.07321886766113006,25.259404090000317,1459,731,728,253.6388508891929,254.40724,0.0364,0.1,atomic,0.5471740241991888,0.2663672302419042,0.0007998706213738782,1.5599423382666116,0.00010031661141360659,6.477867658598885e-06,0.00020807191954841424,1.1266727845731965,0.19622641509433963,0.6666277999054993,0.0055345970900053925,0.48499358506198287,0.4610841539171547,0.7227476403314864,0.5040769988728158,1.8392524772636276,0.7125796926904311
dwell_r2_xi_0.1_p+3_Nd4001_dt1,main,dwell,2,xi_0.1,3,4001,1.0,2.5350000000000003e-06,0.07321886766113006,25.259404090000317,1459,731,728,253.6388508891929,254.40724,0.0364,0.1,static,0.1481656119067456,0.07117136760717353,0.000996554169371369,1.4338240804550886,0.00010771333742735105,-1.961431002403756e-07,5.430206413763305e-06,1.9949760016452749,0.0,0.37010583304249073,0.001675962762686121,,,,,1.8392524772636276,-0.15572352438164727
dwell_r2_xi_0.1_p+3_Nd4001_dt1,main,dwell,2,xi_0.1,3,4001,1.0,2.5350000000000003e-06,0.07321886766113006,25.259404090000317,1459,731,728,253.6388508891929,254.40724,0.0364,0.1,static_lti,0.20770327701255892,0.07916615488688565,0.0009971830840605725,1.4736712114529296,0.00011054017426314324,2.3311242185774647e-06,3.6346477806424316e-05,1.9837299647361697,0.0,0.4003857083214142,0.001851876631300859,,,,,1.8392524772636276,-0.14447748747254208
dwell_r2_xi_0.1_p+3_Nd4001_dt1,main,dwell,2,xi_0.1,3,4001,1.0,2.5350000000000003e-06,0.07321886766113006,25.259404090000317,1459,731,728,253.6388508891929,254.40724,0.0364,0.1,static_mh,0.8742465297556697,0.7415775210140965,0.0009849226786943562,1.4372770346085049,0.00013596610938483908,3.012936900172258e-05,0.00013353080772859834,0.9897938074180257,0.20754716981132076,0.8677488477658767,0.008242449813656457,,,,,1.8392524772636276,0.8494586698456019
dwell_r2_xi_0.1_p+3_Nd4001_dt1,main,dwell,2,xi_0.1,3,4001,1.0,2.5350000000000003e-06,0.07321886766113006,25.259404090000317,1459,731,728,253.6388508891929,254.40724,0.0364,0.1,static_lti_mh,0.2224624458440921,0.0937773555890194,0.0009978298484963977,1.4742366682534587,0.00011128509541714657,3.270727409510143e-05,5.7978183903896404e-05,1.9805608252506823,0.0,0.42898646408322466,0.0020457279775033294,,,,,1.8392524772636276,-0.14130834798705472
dwell_r2_xi_0.1_p+3_Nd4001_dt1,main,dwell,2,xi_0.1,3,4001,1.0,2.5350000000000003e-06,0.07321886766113006,25.259404090000317,1459,731,728,253.6388508891929,254.40724,0.0364,0.1,linear,0.11416713143453008,0.009866532950291305,0.0018032999462420272,1.2717794719620026,0.0001919693766147904,1.2913223465821695e-06,0.000132333939932942,1.8392524772636276,0.05660377358490566,0.30165392417606957,0.000954693282864339,,,,,1.8392524772636276,0.0
dwell_r2_xi_0.25_p+3_Nd4001_dt1,main,dwell,2,xi_0.25,3,4001,1.0,2.5350000000000003e-06,0.07321886766113006,25.222220332998404,1459,293,1166,632.7986348122867,605.90671,0.0583,0.25,atomic,0.5877436741762927,0.313178408902689,0.0006586324678055472,1.642063302741801,8.428103780945593e-05,5.4639118267972384e-05,0.00026512231126227015,1.2905657663506003,0.12830188679245283,0.6601984508272473,0.0041103904236250545,0.44106188197404905,0.4179879582202912,0.5833012782448933,0.43635815571374276,1.8693298312955098,0.5787640649449095
dwell_r2_xi_0.25_p+3_Nd4001_dt1,main,dwell,2,xi_0.25,3,4001,1.0,2.5350000000000003e-06,0.07321886766113006,25.222220332998404,1459,293,1166,632.7986348122867,605.90671,0.0583,0.25,static,0.15932378882179693,0.12422159496765921,0.0009855562379533671,1.4388971895858116,0.0001078073269037103,8.126515830071367e-08,4.0881287030736964e-06,1.9969505471375608,0.0,0.38728478570636093,0.0016651217729512784,,,,,1.8693298312955098,-0.12762071584205104
dwell_r2_xi_0.25_p+3_Nd4001_dt1,main,dwell,2,xi_0.25,3,4001,1.0,2.5350000000000003e-06,0.07321886766113006,25.222220332998404,1459,293,1166,632.7986348122867,605.90671,0.0583,0.25,static_lti,0.1989851484391427,0.13134680432944945,0.0009864695947544683,1.4622341651736221,0.0001097401925598816,-4.4299932317881096e-06,2.478838165684087e-05,1.9941768915574487,0.0,0.39620904425010367,0.0016913007439934339,,,,,1.8693298312955098,-0.12484706026193892
dwell_r2_xi_0.25_p+3_Nd4001_dt1,main,dwell,2,xi_0.25,3,4001,1.0,2.5350000000000003e-06,0.07321886766113006,25.222220332998404,1459,293,1166,632.7986348122867,605.90671,0.0583,0.25,static_mh,0.435959147408209,0.3857524464603888,0.0009927121171049173,1.4313651586378109,0.00012082967432047074,3.04312332150417e-05,0.00021127308627797543,1.6070129282789045,0.07169811320754717,0.6194322921243142,0.004758722007041038,,,,,1.8693298312955098,0.26231690301660526
dwell_r2_xi_0.25_p+3_Nd4001_dt1,main,dwell,2,xi_0.25,3,4001,1.0,2.5350000000000003e-06,0.07321886766113006,25.222220332998404,1459,293,1166,632.7986348122867,605.90671,0.0583,0.25,static_lti_mh,0.20488588362463225,0.13590948434393166,0.00098579629297898,1.462325442363788,0.00010993505558760014,2.5966294580307472e-05,8.562994618676356e-05,1.9919634184309631,0.0,0.4061290531766542,0.0017593867787298915,,,,,1.8693298312955098,-0.12263358713545336
dwell_r2_xi_0.25_p+3_Nd4001_dt1,main,dwell,2,xi_0.25,3,4001,1.0,2.5350000000000003e-06,0.07321886766113006,25.222220332998404,1459,293,1166,632.7986348122867,605.90671,0.0583,0.25,linear,0.06540465397720918,0.007996974551331996,0.0017650144621986802,1.2468067697164875,0.0001850842846035166,-1.0714420292816967e-05,8.566026850933205e-05,1.8693298312955098,0.022641509433962263,0.18791941295198883,0.00036278202766339834,,,,,1.8693298312955098,0.0
dwell_r2_xi_0.5_p+3_Nd4001_dt1,main,dwell,2,xi_0.5,3,4001,1.0,2.5350000000000003e-06,0.07321886766113006,28.712056139000197,1459,146,1313,1269.9315068493152,1196.56055,0.06565,0.5,atomic,0.6376149007255437,0.40878652947153127,0.000659290029173062,1.657085284680728,8.59604674549965e-05,9.675786333155358e-05,0.0003091938374724274,1.3216536402312646,0.10943396226415095,0.7235254816380108,0.005385264315952582,0.3949266517770166,0.3731182870231242,0.47086581198825617,0.3808969963731138,1.8567972646310817,0.5351436243998171
dwell_r2_xi_0.5_p+3_Nd4001_dt1,main,dwell,2,xi_0.5,3,4001,1.0,2.5350000000000003e-06,0.07321886766113006,28.712056139000197,1459,146,1313,1269.9315068493152,1196.56055,0.06565,0.5,static,0.1631508549603281,0.15096849540067508,0.0009806551924546986,1.4398580913150962,0.00010778927473757565,8.339823102145772e-08,3.4870395435334357e-06,1.9961750510962608,0.0,0.40043360175631704,0.001719834851264973,,,,,1.8567972646310817,-0.13937778646517907
dwell_r2_xi_0.5_p+3_Nd4001_dt1,main,dwell,2,xi_0.5,3,4001,1.0,2.5350000000000003e-06,0.07321886766113006,28.712056139000197,1459,146,1313,1269.9315068493152,1196.56055,0.06565,0.5,static_lti,0.2009597788354644,0.15510025450355253,0.0009811501585202532,1.4598992482254753,0.00010957706515621815,-1.3897458845733496e-06,2.2302290637270453e-05,1.994165651082505,0.0,0.41131767757968646,0.0017446583830814694,,,,,1.8567972646310817,-0.13736838645142324
dwell_r2_xi_0.5_p+3_Nd4001_dt1,main,dwell,2,xi_0.5,3,4001,1.0,2.5350000000000003e-06,0.07321886766113006,28.712056139000197,1459,146,1313,1269.9315068493152,1196.56055,0.06565,0.5,static_mh,0.3091707299319945,0.2942290841023768,0.000980113921662639,1.443280973609338,0.00011424150167369623,3.0439065778858663e-05,0.00022466896348076945,1.7928424976885478,0.03018867924528302,0.5650982540997405,0.002623333840374182,,,,,1.8567972646310817,0.06395476694253399
dwell_r2_xi_0.5_p+3_Nd4001_dt1,main,dwell,2,xi_0.5,3,4001,1.0,2.5350000000000003e-06,0.07321886766113006,28.712056139000197,1459,146,1313,1269.9315068493152,1196.56055,0.06565,0.5,static_lti_mh,0.20408381297707961,0.15780336616036236,0.0009812946832938655,1.4598202176716244,0.00010973574329549019,2.893101903571513e-05,0.00010736612488501658,1.9937666225607678,0.0,0.41809229278095683,0.0017869211769590448,,,,,1.8567972646310817,-0.136969357929686
dwell_r2_xi_0.5_p+3_Nd4001_dt1,main,dwell,2,xi_0.5,3,4001,1.0,2.5350000000000003e-06,0.07321886766113006,28.712056139000197,1459,146,1313,1269.9315068493152,1196.56055,0.06565,0.5,linear,0.050464256400502935,0.00567156520954285,0.0017503767513365773,1.2415686291269692,0.0001827935028382658,7.909439591110074e-07,6.71718970532829e-05,1.8567972646310817,0.011320754716981131,0.15549430050306184,0.00018861133198506378,,,,,1.8567972646310817,0.0
dwell_r2_xi_1_p+3_Nd4001_dt1,main,dwell,2,xi_1,3,4001,1.0,2.5350000000000003e-06,0.07321886766113006,27.24834644099974,1459,73,1386,2539.8630136986303,2373.85055,0.0693,1,atomic,0.8244906710920785,0.584949948605779,0.0006477083489939196,1.6284120758629375,8.94636428635816e-05,7.56654874768592e-05,0.00031578952769113414,1.0920928063219737,0.10943396226415095,0.8085036339233685,0.007132803535858867,0.38108832066291043,0.35910938870099723,0.42253339265789197,0.3627754647140359,1.995942003475394,0.9038491971534204
dwell_r2_xi_1_p+3_Nd4001_dt1,main,dwell,2,xi_1,3,4001,1.0,2.5350000000000003e-06,0.07321886766113006,27.24834644099974,1459,73,1386,2539.8630136986303,2373.85055,0.0693,1,static,0.16567477676217304,0.1616673597109122,0.0009779282810246292,1.4423846234740894,0.00010800374155049854,-2.260234252410431e-08,3.3197115742728768e-06,1.9957332637687721,0.0,0.4034128255040512,0.0018159523460597677,,,,,1.995942003475394,0.00020873970662194097
dwell_r2_xi_1_p+3_Nd4001_dt1,main,dwell,2,xi_1,3,4001,1.0,2.5350000000000003e-06,0.07321886766113006,27.24834644099974,1459,73,1386,2539.8630136986303,2373.85055,0.0693,1,static_lti,0.1972063284726026,0.16117988559942012,0.0009789827875523107,1.4618325631556188,0.00010957453975863722,-1.3454506039465508e-06,2.142791788840127e-05,1.9953009575691014,0.0,0.40006924045450093,0.00177443394133592,,,,,1.995942003475394,0.0006410459062926588
dwell_r2_xi_1_p+3_Nd4001_dt1,main,dwell,2,xi_1,3,4001,1.0,2.5350000000000003e-06,0.07321886766113006,27.24834644099974,1459,73,1386,2539.8630136986303,2373.85055,0.0693,1,static_mh,0.24957287188233943,0.245387347184095,0.000977001868725602,1.439638238740819,0.00011170089683612467,3.1204032067609725e-05,0.00023189820158575674,1.9066508677372236,0.007547169811320755,0.47749641393421344,0.00265184951498172,,,,,1.995942003475394,0.08929113573817049
dwell_r2_xi_1_p+3_Nd4001_dt1,main,dwell,2,xi_1,3,4001,1.0,2.5350000000000003e-06,0.07321886766113006,27.24834644099974,1459,73,1386,2539.8630136986303,2373.85055,0.0693,1,static_lti_mh,0.19906800251988613,0.16329763949254128,0.0009788273675820237,1.462023914320324,0.00010964190167931249,2.96283933028645e-05,0.0001373625129620481,1.9953332604419092,0.0,0.4039100435454477,0.0017727135763886373,,,,,1.995942003475394,0.0006087430334849042
dwell_r2_xi_1_p+3_Nd4001_dt1,main,dwell,2,xi_1,3,4001,1.0,2.5350000000000003e-06,0.07321886766113006,27.24834644099974,1459,73,1386,2539.8630136986303,2373.85055,0.0693,1,linear,0.04383362424871823,0.004546979291506875,0.0017496829112196143,1.2376388889050889,0.00018291334880826294,-4.09208304804477e-06,5.7943369961900664e-05,1.995942003475394,0.0,0.11239693796698211,0.00013997456264576614,,,,,1.995942003475394,0.0
dwell_r2_xi_2_p+3_Nd4001_dt1,main,dwell,2,xi_2,3,4001,1.0,2.5350000000000003e-06,0.07321886766113006,26.312961653000457,1459,37,1422,5011.081081081081,4664.79323,0.0711,2,atomic,0.8343484182585718,0.6062666253431701,0.0006658130476479115,1.5964242398463038,9.234472855954186e-05,5.925454772754563e-05,0.0003150657095193307,1.280037928367536,0.07547169811320754,0.8390664689826041,0.006879862104965057,0.335170951490063,0.3061425391691427,0.36248001852697864,0.30736602519961725,1.9852888975179341,0.7052509691503981
dwell_r2_xi_2_p+3_Nd4001_dt1,main,dwell,2,xi_2,3,4001,1.0,2.5350000000000003e-06,0.07321886766113006,26.312961653000457,1459,37,1422,5011.081081081081,4664.79323,0.0711,2,static,0.1666231020426657,0.16572851442259584,0.0009759353030285578,1.442960898992877,0.00010795428030522184,-9.179977533636903e-08,3.1594410665408427e-06,1.9956843173162244,0.0,0.4137937490176067,0.0018611856730611825,,,,,1.9852888975179341,-0.010395419798290284
dwell_r2_xi_2_p+3_Nd4001_dt1,main,dwell,2,xi_2,3,4001,1.0,2.5350000000000003e-06,0.07321886766113006,26.312961653000457,1459,37,1422,5011.081081081081,4664.79323,0.0711,2,static_lti,0.1988232842559392,0.16411275133844377,0.0009761027484606673,1.4594665420882735,0.00010945011683210373,-1.1993881253535009e-06,2.028430397452131e-05,1.9939961184104178,0.0,0.4098491166820259,0.0019020576450861433,,,,,1.9852888975179341,-0.008707220892483658
dwell_r2_xi_2_p+3_Nd4001_dt1,main,dwell,2,xi_2,3,4001,1.0,2.5350000000000003e-06,0.07321886766113006,26.312961653000457,1459,37,1422,5011.081081081081,4664.79323,0.0711,2,static_mh,0.21889402042988568,0.2180462890574642,0.0009747548101551025,1.4398160458961775,0.00011020490596462993,3.111257107014678e-05,0.00023508777395659522,1.893558871414518,0.011320754716981131,0.4978046469737317,0.0027255159806278237,,,,,1.9852888975179341,0.09173002610341618
dwell_r2_xi_2_p+3_Nd4001_dt1,main,dwell,2,xi_2,3,4001,1.0,2.5350000000000003e-06,0.07321886766113006,26.312961653000457,1459,37,1422,5011.081081081081,4664.79323,0.0711,2,static_lti_mh,0.20029369195657673,0.16576216095705343,0.0009760184309856514,1.4596890960404636,0.00010950769728396525,3.000887155782742e-05,0.00016944381303959165,1.9933984240171378,0.0,0.41798593447459004,0.0019217704568715531,,,,,1.9852888975179341,-0.008109526499203712
dwell_r2_xi_2_p+3_Nd4001_dt1,main,dwell,2,xi_2,3,4001,1.0,2.5350000000000003e-06,0.07321886766113006,26.312961653000457,1459,37,1422,5011.081081081081,4664.79323,0.0711,2,linear,0.03895115911735422,0.003930007611053464,0.0017437958632438044,1.2352170438488865,0.0001819934107041963,-5.807373618141789e-06,5.0998283313683645e-05,1.9852888975179341,0.0037735849056603774,0.10120494911637823,0.00011969876218774818,,,,,1.9852888975179341,0.0
dwell_r2_xi_4_p+3_Nd4001_dt1,main,dwell,2,xi_4,3,4001,1.0,2.5350000000000003e-06,0.07321886766113006,25.557710675000635,1459,18,1441,10300.555555555555,9568.40055,0.07205,4,atomic,0.9924741254116768,0.6976960011810324,0.0006323124081267453,1.6190523094515596,9.137617801224505e-05,3.664849751477684e-05,0.0002924673014307018,1.3717229540937423,0.07924528301886792,0.8748883193208514,0.008964989937681127,0.3097549923051015,0.28148857571639496,0.32963311194975464,0.28106459560439456,1.9998542946181788,0.6281313405244364
dwell_r2_xi_4_p+3_Nd4001_dt1,main,dwell,2,xi_4,3,4001,1.0,2.5350000000000003e-06,0.07321886766113006,25.557710675000635,1459,18,1441,10300.555555555555,9568.40055,0.07205,4,static,0.16685230856708833,0.16438539807386776,0.0009755731834892563,1.4433526592246686,0.00010792356803942816,1.6669389483642204e-08,3.0831493642204264e-06,1.996057093768784,0.0,0.41030319795377274,0.0018136348306423782,,,,,1.9998542946181788,0.003797200849394722
dwell_r2_xi_4_p+3_Nd4001_dt1,main,dwell,2,xi_4,3,4001,1.0,2.5350000000000003e-06,0.07321886766113006,25.557710675000635,1459,18,1441,10300.555555555555,9568.40055,0.07205,4,static_lti,0.20461494712749032,0.16216253320957277,0.0009721823473055164,1.4592154109813684,0.00010927299773862217,-7.579214352725314e-07,2.038176728298983e-05,1.9951022795713877,0.0,0.4116145588326214,0.0018436209437730537,,,,,1.9998542946181788,0.004752015046791014
dwell_r2_xi_4_p+3_Nd4001_dt1,main,dwell,2,xi_4,3,4001,1.0,2.5350000000000003e-06,0.07321886766113006,25.557710675000635,1459,18,1441,10300.555555555555,9568.40055,0.07205,4,static_mh,0.2010617807078009,0.19820605410350475,0.0009780788832425037,1.4435339719342788,0.00010977143026728212,3.123708146767664e-05,0.00023675029412444378,1.95454901006266,0.0037735849056603774,0.43826434454014546,0.0021621778407724932,,,,,1.9998542946181788,0.045305284555518854
dwell_r2_xi_4_p+3_Nd4001_dt1,main,dwell,2,xi_4,3,4001,1.0,2.5350000000000003e-06,0.07321886766113006,25.557710675000635,1459,18,1441,10300.555555555555,9568.40055,0.07205,4,static_lti_mh,0.20621746157098492,0.16357655326002773,0.0009723178717450064,1.4589887432836575,0.0001093612059436332,2.9628571556727506e-05,0.00019951588562187362,1.9947746305630547,0.0,0.41377812661267943,0.0018520565629991318,,,,,1.9998542946181788,0.005079664055124056
dwell_r2_xi_4_p+3_Nd4001_dt1,main,dwell,2,xi_4,3,4001,1.0,2.5350000000000003e-06,0.07321886766113006,25.557710675000635,1459,18,1441,10300.555555555555,9568.40055,0.07205,4,linear,0.037827757091714494,0.0037027645424216665,0.001732397853688318,1.2357536800196627,0.00018071440038200268,1.2966265682770753e-07,4.6722059956340705e-05,1.9998542946181788,0.0,0.09017679974037497,7.898680708720046e-05,,,,,1.9998542946181788,0.0
dwell_r2_xi_0.05_p+0_Nd4001_dt1,main,dwell,2,xi_0.05,0,4001,1.0,2.5350000000000003e-06,0.07321886766113006,29.94524234200071,1459,1459,0,127.08019191226867,137.08073,0.0,0.05,atomic,0.4542348545350904,0.18170891096575298,0.0011861655850396342,1.4276738735350976,9.884712498519594e-05,-0.00010206049323994614,0.0001915938732457732,1.1521206552473113,0.2188679245283019,0.584631348969033,0.0017856734203128947,0.35923644518340964,0.22363694078463997,0.43701370191576117,0.2383453976008145,1.58675542752519,0.4346347722778787
dwell_r2_xi_0.05_p+0_Nd4001_dt1,main,dwell,2,xi_0.05,0,4001,1.0,2.5350000000000003e-06,0.07321886766113006,29.94524234200071,1459,1459,0,127.08019191226867,137.08073,0.0,0.05,static,0.024994744799646643,0.011860146543542078,0.0013736556142986997,1.3565192410015083,9.612268721887396e-05,-2.9174437627655547e-08,1.2610465867904154e-05,1.9999743865030384,0.0,0.16114969628144638,0.00013720922047503415,,,,,1.58675542752519,-0.4132189589778483
dwell_r2_xi_0.05_p+0_Nd4001_dt1,main,dwell,2,xi_0.05,0,4001,1.0,2.5350000000000003e-06,0.07321886766113006,29.94524234200071,1459,1459,0,127.08019191226867,137.08073,0.0,0.05,static_lti,0.13523451451046511,0.01463456534092963,0.0014029774920723476,1.4218228412223592,0.00010332029491983495,-3.947284169550994e-06,8.258477716758014e-05,1.870449457743233,0.03773584905660377,0.32049708023692913,0.0005077538693022267,,,,,1.58675542752519,-0.28369403021804285
dwell_r2_xi_0.05_p+0_Nd4001_dt1,main,dwell,2,xi_0.05,0,4001,1.0,2.5350000000000003e-06,0.07321886766113006,29.94524234200071,1459,1459,0,127.08019191226867,137.08073,0.0,0.05,static_mh,0.13052349228711244,0.11629729390763406,0.0013760066955736188,1.3546642485351446,0.0001011204042187036,-3.6622927365645596e-05,1.987711988853014e-05,1.967381191671363,0.0,0.34598720090880425,0.0006597622400581614,,,,,1.58675542752519,-0.380625764146173
dwell_r2_xi_0.05_p+0_Nd4001_dt1,main,dwell,2,xi_0.05,0,4001,1.0,2.5350000000000003e-06,0.07321886766113006,29.94524234200071,1459,1459,0,127.08019191226867,137.08073,0.0,0.05,static_lti_mh,0.13748784217669227,0.017068800367893124,0.0014034160890584026,1.4216143885866168,0.0001034536037661894,-4.054141972616956e-05,8.269602819019165e-05,1.8720244533533006,0.033962264150943396,0.32461347916574984,0.0005177555102140855,,,,,1.58675542752519,-0.28526902582811053
dwell_r2_xi_0.05_p+0_Nd4001_dt1,main,dwell,2,xi_0.05,0,4001,1.0,2.5350000000000003e-06,0.07321886766113006,29.94524234200071,1459,1459,0,127.08019191226867,137.08073,0.0,0.05,linear,0.17334233123560655,0.010090057032975844,0.0018318843472664818,1.2899888816757823,0.00013714145600279633,-7.335668760054234e-06,0.0001407038255947674,1.58675542752519,0.15849056603773584,0.37220585822585306,0.0006801339654972911,,,,,1.58675542752519,0.0
dwell_r2_xi_0.1_p+0_Nd4001_dt1,main,dwell,2,xi_0.1,0,4001,1.0,2.5350000000000003e-06,0.07321886766113006,28.100871757000277,1459,731,728,253.6388508891929,254.40724,0.0364,0.1,atomic,0.27611776779201125,0.13540052465467314,0.0011931520260498375,1.4177159936681152,9.623664706459622e-05,-0.00012591500303929564,0.00015675439661383143,1.4796300193021836,0.13584905660377358,0.45972436211532186,0.0013219539413448884,0.2550798503397485,0.16795210498407634,0.30311592256638875,0.17553220688549714,1.83653179544178,0.3569017761395963
dwell_r2_xi_0.1_p+0_Nd4001_dt1,main,dwell,2,xi_0.1,0,4001,1.0,2.5350000000000003e-06,0.07321886766113006,28.100871757000277,1459,731,728,253.6388508891929,254.40724,0.0364,0.1,static,0.029360560803029134,0.01601944549228468,0.0013500505680343253,1.3661746964723895,9.780532588505659e-05,-3.6971334386989553e-07,8.423061516867648e-06,1.999994266999331,0.0,0.17117379934705487,0.00017159746324453383,,,,,1.83653179544178,-0.163462471557551
dwell_r2_xi_0.1_p+0_Nd4001_dt1,main,dwell,2,xi_0.1,0,4001,1.0,2.5350000000000003e-06,0.07321886766113006,28.100871757000277,1459,731,728,253.6388508891929,254.40724,0.0364,0.1,static_lti,0.10590945174959006,0.020605094941805513,0.0013682185407997247,1.4175724400387322,0.0001027419474963297,2.2491072943834147e-06,5.5554749559510865e-05,1.9666611414203354,0.007547169811320755,0.2880976992209541,0.00043443718446518995,,,,,1.83653179544178,-0.13012934597855552
dwell_r2_xi_0.1_p+0_Nd4001_dt1,main,dwell,2,xi_0.1,0,4001,1.0,2.5350000000000003e-06,0.07321886766113006,28.100871757000277,1459,731,728,253.6388508891929,254.40724,0.0364,0.1,static_mh,0.07236436477018617,0.0580342283390842,0.001346530288248949,1.367307425120639,9.956087143861001e-05,-3.6892943404516574e-05,3.2005935090100054e-05,1.9986747206144702,0.0,0.258326964668788,0.00037417386994492984,,,,,1.83653179544178,-0.16214292517269024
dwell_r2_xi_0.1_p+0_Nd4001_dt1,main,dwell,2,xi_0.1,0,4001,1.0,2.5350000000000003e-06,0.07321886766113006,28.100871757000277,1459,731,728,253.6388508891929,254.40724,0.0364,0.1,static_lti_mh,0.10756306726281657,0.021953332432848496,0.0013683396449503844,1.4180198959379655,0.00010282709038995658,-3.42621967085502e-05,5.617326948435719e-05,1.9697861181071368,0.007547169811320755,0.29593346019290584,0.0004462262403970202,,,,,1.83653179544178,-0.13325432266535686
dwell_r2_xi_0.1_p+0_Nd4001_dt1,main,dwell,2,xi_0.1,0,4001,1.0,2.5350000000000003e-06,0.07321886766113006,28.100871757000277,1459,731,728,253.6388508891929,254.40724,0.0364,0.1,linear,0.11416713143461328,0.009866532950292736,0.00180329994624241,1.2717794719619946,0.0001359039109052918,9.141862115418837e-07,9.368525490647129e-05,1.83653179544178,0.052830188679245285,0.3035789687819207,0.00048294403170735106,,,,,1.83653179544178,0.0
dwell_r2_xi_0.25_p+0_Nd4001_dt1,main,dwell,2,xi_0.25,0,4001,1.0,2.5350000000000003e-06,0.07321886766113006,28.047973243001252,1459,293,1166,632.7986348122867,605.90671,0.0583,0.25,atomic,0.2730030210861467,0.16747610278942485,0.0010492773969274357,1.4498404060056078,8.51260985407788e-05,-0.00010930615259341552,0.00015842828776903355,1.6666924439328048,0.07169811320754717,0.44675915544482264,0.0008557047261637885,0.23364274157468407,0.17709510923230376,0.25546422617659664,0.17995476874171495,1.8744617028390398,0.207769258906235
dwell_r2_xi_0.25_p+0_Nd4001_dt1,main,dwell,2,xi_0.25,0,4001,1.0,2.5350000000000003e-06,0.07321886766113006,28.047973243001252,1459,293,1166,632.7986348122867,605.90671,0.0583,0.25,static,0.0304592725597314,0.024686454286544278,0.0013427604692680295,1.369245854452098,9.803777084127883e-05,2.6179912841688854e-07,5.680146609727354e-06,1.9999994729933936,0.0,0.17422087435873512,0.00017049258167602,,,,,1.8744617028390398,-0.12553777015435386
dwell_r2_xi_0.25_p+0_Nd4001_dt1,main,dwell,2,xi_0.25,0,4001,1.0,2.5350000000000003e-06,0.07321886766113006,28.047973243001252,1459,293,1166,632.7986348122867,605.90671,0.0583,0.25,static_lti,0.07944970402675852,0.028955888378160898,0.0013462263542109185,1.3971581903678376,0.00010060123314089836,-5.78170161125424e-06,3.60134492251332e-05,1.9947424142164283,0.0,0.2261166697262091,0.00025431193144678674,,,,,1.8744617028390398,-0.1202807113773885
dwell_r2_xi_0.25_p+0_Nd4001_dt1,main,dwell,2,xi_0.25,0,4001,1.0,2.5350000000000003e-06,0.07321886766113006,28.047973243001252,1459,293,1166,632.7986348122867,605.90671,0.0583,0.25,static_mh,0.046510709184692745,0.04032847780459793,0.0013447977901241504,1.3673037116829265,9.894696602454825e-05,-3.62508245652343e-05,4.9924641524185796e-05,1.9999257960340877,0.0,0.2099319794775418,0.000255097812291917,,,,,1.8744617028390398,-0.12546409319504792
dwell_r2_xi_0.25_p+0_Nd4001_dt1,main,dwell,2,xi_0.25,0,4001,1.0,2.5350000000000003e-06,0.07321886766113006,28.047973243001252,1459,293,1166,632.7986348122867,605.90671,0.0583,0.25,static_lti_mh,0.0800434031800099,0.02957631743818469,0.001346279109119298,1.396855334950501,0.00010063328214072776,-4.2283925621439103e-05,3.9939112727075035e-05,1.9922812734516648,0.0,0.2281379466397296,0.00026003419524934075,,,,,1.8744617028390398,-0.11781957061262505
dwell_r2_xi_0.25_p+0_Nd4001_dt1,main,dwell,2,xi_0.25,0,4001,1.0,2.5350000000000003e-06,0.07321886766113006,28.047973243001252,1459,293,1166,632.7986348122867,605.90671,0.0583,0.25,linear,0.06540465397724335,0.007996974551333073,0.001765014462199122,1.2468067697164886,0.00013102963904081385,-7.585228678419383e-06,6.064282598039635e-05,1.8744617028390398,0.022641509433962263,0.18959132926314756,0.0001886366586868204,,,,,1.8744617028390398,0.0
dwell_r2_xi_0.5_p+0_Nd4001_dt1,main,dwell,2,xi_0.5,0,4001,1.0,2.5350000000000003e-06,0.07321886766113006,28.02274047100036,1459,146,1313,1269.9315068493152,1196.56055,0.06565,0.5,atomic,0.2542784889556801,0.175071852276711,0.001045336138316752,1.463310728331699,8.445163335325878e-05,-7.268573172832888e-05,0.00015417750704478073,1.722816202100354,0.03773584905660377,0.46486773465105374,0.0010080858983515565,0.20127613349542992,0.15856723934844094,0.20998927941329854,0.1596055993109229,1.8510813646901447,0.12826516258979082
dwell_r2_xi_0.5_p+0_Nd4001_dt1,main,dwell,2,xi_0.5,0,4001,1.0,2.5350000000000003e-06,0.07321886766113006,28.02274047100036,1459,146,1313,1269.9315068493152,1196.56055,0.06565,0.5,static,0.030509630504608348,0.028581721760065758,0.0013401453694031713,1.3695522377340614,9.815308237773359e-05,9.687214390614985e-08,4.647812316717736e-06,1.999999852516897,0.0,0.17970969755062446,0.0001724003535905423,,,,,1.8510813646901447,-0.1489184878267522
dwell_r2_xi_0.5_p+0_Nd4001_dt1,main,dwell,2,xi_0.5,0,4001,1.0,2.5350000000000003e-06,0.07321886766113006,28.02274047100036,1459,146,1313,1269.9315068493152,1196.56055,0.06565,0.5,static_lti,0.07347014219533127,0.0322251242742003,0.0013371813308153766,1.3930317931589073,9.994890479712081e-05,-4.4721273381552227e-07,2.9625131898138155e-05,1.9925002461468775,0.0037735849056603774,0.22156447687545267,0.00022312698933028808,,,,,1.8510813646901447,-0.14141888145673276
dwell_r2_xi_0.5_p+0_Nd4001_dt1,main,dwell,2,xi_0.5,0,4001,1.0,2.5350000000000003e-06,0.07321886766113006,28.02274047100036,1459,146,1313,1269.9315068493152,1196.56055,0.06565,0.5,static_mh,0.038391838377980506,0.036347763924043666,0.0013392993759280892,1.370390523520655,9.845861921081747e-05,-3.641053228981387e-05,5.3132865711625446e-05,1.9999922235578471,0.0,0.20227494969987542,0.00019440219046452527,,,,,1.8510813646901447,-0.1489108588677024
dwell_r2_xi_0.5_p+0_Nd4001_dt1,main,dwell,2,xi_0.5,0,4001,1.0,2.5350000000000003e-06,0.07321886766113006,28.02274047100036,1459,146,1313,1269.9315068493152,1196.56055,0.06565,0.5,static_lti_mh,0.07397068367870491,0.03265177303755328,0.0013371287028544495,1.3929930467662062,9.99680910860931e-05,-3.6961910491474655e-05,3.922896458022801e-05,1.995351626645122,0.0037735849056603774,0.22130614115551292,0.00022482304938258298,,,,,1.8510813646901447,-0.14427026195497716
dwell_r2_xi_0.5_p+0_Nd4001_dt1,main,dwell,2,xi_0.5,0,4001,1.0,2.5350000000000003e-06,0.07321886766113006,28.02274047100036,1459,146,1313,1269.9315068493152,1196.56055,0.06565,0.5,linear,0.05046425640052355,0.0056715652095420165,0.0017503767513370248,1.2415686291269754,0.00012940788974715985,5.599454415369291e-07,4.755406134795623e-05,1.8510813646901447,0.011320754716981131,0.15864116156317895,9.786785064332843e-05,,,,,1.8510813646901447,0.0
dwell_r2_xi_1_p+0_Nd4001_dt1,main,dwell,2,xi_1,0,4001,1.0,2.5350000000000003e-06,0.07321886766113006,25.927867435000735,1459,73,1386,2539.8630136986303,2373.85055,0.0693,1,atomic,0.33150665169150756,0.24984535045128484,0.0009976013244511913,1.467357447586602,8.339684172997451e-05,-6.777619330329215e-05,0.0001502072290455455,1.6381572370668291,0.03773584905660377,0.5067071187112286,0.001663584005422846,0.2306828921860365,0.19463639010433545,0.23463292333767619,0.194955199546817,1.997140352206959,0.3589831151401299
dwell_r2_xi_1_p+0_Nd4001_dt1,main,dwell,2,xi_1,0,4001,1.0,2.5350000000000003e-06,0.07321886766113006,25.927867435000735,1459,73,1386,2539.8630136986303,2373.85055,0.0693,1,static,0.030784327987886436,0.030151581050251855,0.0013396006126119712,1.3716132025145442,9.85060676743847e-05,-3.745626316741871e-09,4.081224857692541e-06,1.9999999551817889,0.0,0.18072417298940335,0.00018493579051589632,,,,,1.997140352206959,-0.002859602974829789
dwell_r2_xi_1_p+0_Nd4001_dt1,main,dwell,2,xi_1,0,4001,1.0,2.5350000000000003e-06,0.07321886766113006,25.927867435000735,1459,73,1386,2539.8630136986303,2373.85055,0.0693,1,static_lti,0.06809888402459531,0.032043095968400104,0.0013357969034366284,1.3918909595434892,9.99918473883389e-05,-1.8054447827982796e-06,2.6402163743856025e-05,1.999987502760153,0.0,0.19367795805359472,0.00021066695821426762,,,,,1.997140352206959,-0.0028471505531939556
dwell_r2_xi_1_p+0_Nd4001_dt1,main,dwell,2,xi_1,0,4001,1.0,2.5350000000000003e-06,0.07321886766113006,25.927867435000735,1459,73,1386,2539.8630136986303,2373.85055,0.0693,1,static_mh,0.034731298445353165,0.03413806303419076,0.001339270795283662,1.3710533972009773,9.866679696173769e-05,-3.6332507078921235e-05,5.474912590073769e-05,1.9999973246947809,0.0,0.18699922047635184,0.00020755142367374042,,,,,1.997140352206959,-0.002856972487821796
dwell_r2_xi_1_p+0_Nd4001_dt1,main,dwell,2,xi_1,0,4001,1.0,2.5350000000000003e-06,0.07321886766113006,25.927867435000735,1459,73,1386,2539.8630136986303,2373.85055,0.0693,1,static_lti_mh,0.06845202990158608,0.03239544061876316,0.0013358768812183558,1.3919895640421893,0.00010001385525322532,-3.8193085340373804e-05,4.101084966119718e-05,1.999994860489749,0.0,0.19428135206623715,0.00021173811537720215,,,,,1.997140352206959,-0.0028545082827899915
dwell_r2_xi_1_p+0_Nd4001_dt1,main,dwell,2,xi_1,0,4001,1.0,2.5350000000000003e-06,0.07321886766113006,25.927867435000735,1459,73,1386,2539.8630136986303,2373.85055,0.0693,1,linear,0.04383362424872875,0.00454697929150836,0.0017496829112200712,1.2376388889050975,0.0001294927341963945,-2.8969729432126842e-06,4.102076449753908e-05,1.997140352206959,0.0,0.11574113776841963,7.387073189870214e-05,,,,,1.997140352206959,0.0
dwell_r2_xi_2_p+0_Nd4001_dt1,main,dwell,2,xi_2,0,4001,1.0,2.5350000000000003e-06,0.07321886766113006,32.418362857999455,1459,37,1422,5011.081081081081,4664.79323,0.0711,2,atomic,0.3599583706204585,0.27360717338654783,0.0009932316259806588,1.4564944534057234,8.400405703110569e-05,-4.220822603835858e-05,0.00014165660378446927,1.680240110598686,0.04150943396226415,0.5515269557715807,0.0017068807522084351,0.2269470592415862,0.18886659169532322,0.22824793834722001,0.18883465719783898,1.9908696782381996,0.31062956763951366
dwell_r2_xi_2_p+0_Nd4001_dt1,main,dwell,2,xi_2,0,4001,1.0,2.5350000000000003e-06,0.07321886766113006,32.418362857999455,1459,37,1422,5011.081081081081,4664.79323,0.0711,2,static,0.030658301775327614,0.03052143401139403,0.0013377878346323767,1.3719783211831516,9.846189323519353e-05,-7.63682432693951e-08,3.718044846905499e-06,1.9999999976712002,0.0,0.1835728109372728,0.00018398872819328708,,,,,1.9908696782381996,-0.009130319433000578
dwell_r2_xi_2_p+0_Nd4001_dt1,main,dwell,2,xi_2,0,4001,1.0,2.5350000000000003e-06,0.07321886766113006,32.418362857999455,1459,37,1422,5011.081081081081,4664.79323,0.0711,2,static_lti,0.06635670672944396,0.03256206853891785,0.0013315249206513617,1.3893043055640475,9.967999321664595e-05,-2.1829240361970968e-06,2.379649103509707e-05,1.9999657579717443,0.0,0.19470208823982063,0.00022786592345172245,,,,,1.9908696782381996,-0.009096079733544649
dwell_r2_xi_2_p+0_Nd4001_dt1,main,dwell,2,xi_2,0,4001,1.0,2.5350000000000003e-06,0.07321886766113006,32.418362857999455,1459,37,1422,5011.081081081081,4664.79323,0.0711,2,static_mh,0.0327418054162864,0.03262468882336402,0.0013376996950155017,1.371358994915798,9.855450681785317e-05,-3.6405856913271916e-05,5.552735543899162e-05,1.9999999908895165,0.0,0.19158374007801734,0.00020055576411223596,,,,,1.9908696782381996,-0.009130312651316919
dwell_r2_xi_2_p+0_Nd4001_dt1,main,dwell,2,xi_2,0,4001,1.0,2.5350000000000003e-06,0.07321886766113006,32.418362857999455,1459,37,1422,5011.081081081081,4664.79323,0.0711,2,static_lti_mh,0.06664360655275899,0.032830421292386856,0.001331679087918054,1.3893613596556054,9.970495279732002e-05,-3.851234610779087e-05,4.5854567260943505e-05,1.9999402597648073,0.0,0.19687141844688422,0.00022933911554651816,,,,,1.9908696782381996,-0.009070581526607668
dwell_r2_xi_2_p+0_Nd4001_dt1,main,dwell,2,xi_2,0,4001,1.0,2.5350000000000003e-06,0.07321886766113006,32.418362857999455,1459,37,1422,5011.081081081081,4664.79323,0.0711,2,linear,0.03895115911736147,0.003930007611054269,0.0017437958632442782,1.2352170438488856,0.00012884146789372714,-4.1113056713071755e-06,3.6104019682749556e-05,1.9908696782381996,0.0037735849056603774,0.10520274761772092,6.625424371685066e-05,,,,,1.9908696782381996,0.0
dwell_r2_xi_4_p+0_Nd4001_dt1,main,dwell,2,xi_4,0,4001,1.0,2.5350000000000003e-06,0.07321886766113006,27.48649624800055,1459,18,1441,10300.555555555555,9568.40055,0.07205,4,atomic,0.4321241689744396,0.3270377213454206,0.0009315109737991424,1.474156638551321,8.079593326408549e-05,-4.603349571123811e-05,0.00011902289712245805,1.7713887903546934,0.022641509433962263,0.5745287438876195,0.0020046449609344547,0.23478028321264108,0.1957063635517106,0.23536116080965128,0.1955280693984064,1.999856151522324,0.22846736116763067
dwell_r2_xi_4_p+0_Nd4001_dt1,main,dwell,2,xi_4,0,4001,1.0,2.5350000000000003e-06,0.07321886766113006,27.48649624800055,1459,18,1441,10300.555555555555,9568.40055,0.07205,4,static,0.030674324028766953,0.030284907281681928,0.0013375018295445553,1.3718818133564579,9.843591312958045e-05,4.7689902218273105e-08,3.527813541982295e-06,1.9999999949174398,0.0,0.1823751212813974,0.00018040418360093746,,,,,1.999856151522324,-0.00014384339511575028
dwell_r2_xi_4_p+0_Nd4001_dt1,main,dwell,2,xi_4,0,4001,1.0,2.5350000000000003e-06,0.07321886766113006,27.48649624800055,1459,18,1441,10300.555555555555,9568.40055,0.07205,4,static_lti,0.0682600901169719,0.0324279374588059,0.0013242748565368814,1.3892949248268995,9.922258623311467e-05,-4.116846349733075e-07,2.2909538026650583e-05,1.999917039106508,0.0,0.19766891409484852,0.00020848894948290436,,,,,1.999856151522324,-6.088758418387741e-05
dwell_r2_xi_4_p+0_Nd4001_dt1,main,dwell,2,xi_4,0,4001,1.0,2.5350000000000003e-06,0.07321886766113006,27.48649624800055,1459,18,1441,10300.555555555555,9568.40055,0.07205,4,static_mh,0.031745357414092366,0.031350841875375464,0.0013383892883494302,1.3718165033363694,9.855305223456088e-05,-3.62734166617122e-05,5.5981240568370134e-05,1.9999999485515476,0.0,0.18403252066751877,0.00018436233597678088,,,,,1.999856151522324,-0.00014379702922351356
dwell_r2_xi_4_p+0_Nd4001_dt1,main,dwell,2,xi_4,0,4001,1.0,2.5350000000000003e-06,0.07321886766113006,27.48649624800055,1459,18,1441,10300.555555555555,9568.40055,0.07205,4,static_lti_mh,0.06855581509849705,0.032678839839794076,0.0013243023934662547,1.3891769002805514,9.923881619164727e-05,-3.69274948967433e-05,5.157251376162654e-05,1.9998954536428326,0.0,0.198505953791242,0.00020953797561469782,,,,,1.999856151522324,-3.9302120508510896e-05
dwell_r2_xi_4_p+0_Nd4001_dt1,main,dwell,2,xi_4,0,4001,1.0,2.5350000000000003e-06,0.07321886766113006,27.48649624800055,1459,18,1441,10300.555555555555,9568.40055,0.07205,4,linear,0.03782775709172267,0.0037027645424217485,0.0017323978536887797,1.235753680019668,0.0001279359979279463,9.17941312930022e-08,3.3076685383833766e-05,1.999856151522324,0.0,0.09488013324750652,4.391945375982956e-05,,,,,1.999856151522324,0.0
dwell_r2_xi_0.05_p+6_Nd4001_dt1,main,dwell,2,xi_0.05,6,4001,1.0,2.5350000000000003e-06,0.07321886766113006,27.572127135999835,1459,1459,0,127.08019191226867,137.08073,0.0,0.05,atomic,1.5747532866652705,0.5631643065646589,0.0005547404565500697,1.725791608986573,0.00012269039606779136,0.0003188033242436048,0.00028332146179219927,0.6186147688113945,0.35094339622641507,1.0915990234105655,0.026176205920308372,0.8253465120556073,0.9093720890417006,0.8742337427810547,0.948465396700536,1.5965499773367127,0.9779352085253181
dwell_r2_xi_0.05_p+6_Nd4001_dt1,main,dwell,2,xi_0.05,6,4001,1.0,2.5350000000000003e-06,0.07321886766113006,27.572127135999835,1459,1459,0,127.08019191226867,137.08073,0.0,0.05,static,0.39220988243718663,0.11886618216649344,0.0007262776534574065,1.55701403761435,0.00011818164776785235,-2.1782489354184652e-07,1.2956378156936562e-05,1.9274529536412655,0.0,0.6247126772321625,0.007693736743289761,,,,,1.5965499773367127,-0.3309029763045528
dwell_r2_xi_0.05_p+6_Nd4001_dt1,main,dwell,2,xi_0.05,6,4001,1.0,2.5350000000000003e-06,0.07321886766113006,27.572127135999835,1459,1459,0,127.08019191226867,137.08073,0.0,0.05,static_lti,0.7380992638636982,0.14040715613522448,0.0006833499720778845,1.58723829566634,0.0001242317709779535,2.2866228836456995e-06,7.767638660678906e-05,1.750947497431193,0.0,0.8200218182280314,0.013601205100313816,,,,,1.5965499773367127,-0.15439752009448027
dwell_r2_xi_0.05_p+6_Nd4001_dt1,main,dwell,2,xi_0.05,6,4001,1.0,2.5350000000000003e-06,0.07321886766113006,27.572127135999835,1459,1459,0,127.08019191226867,137.08073,0.0,0.05,static_mh,2.210236452630318,1.5928053762813148,0.0007276147372638597,1.5494176698383104,0.0001797381692732704,2.0673944099820714e-05,7.460443791040507e-05,0.46492147484589547,0.37735849056603776,1.4562038203392922,0.04275750551904442,,,,,1.5965499773367127,1.1316285024908173
dwell_r2_xi_0.05_p+6_Nd4001_dt1,main,dwell,2,xi_0.05,6,4001,1.0,2.5350000000000003e-06,0.07321886766113006,27.572127135999835,1459,1459,0,127.08019191226867,137.08073,0.0,0.05,static_lti_mh,0.8076215754383332,0.18398415675798663,0.0006815847865758932,1.5878117722043923,0.00012636794204178158,2.317637702467093e-05,8.239269853229954e-05,1.6498080317030468,0.04150943396226415,0.8620952999262459,0.014613782279520655,,,,,1.5965499773367127,-0.05325805436633413
dwell_r2_xi_0.05_p+6_Nd4001_dt1,main,dwell,2,xi_0.05,6,4001,1.0,2.5350000000000003e-06,0.07321886766113006,27.572127135999835,1459,1459,0,127.08019191226867,137.08073,0.0,0.05,linear,0.173342331235551,0.010090057032975289,0.0018318843472670352,1.2899888816758918,0.00027363317898234215,-1.4636583432025916e-05,0.00028074104078119807,1.5965499773367127,0.15471698113207547,0.3702032067907148,0.002676576479414941,,,,,1.5965499773367127,0.0
dwell_r2_xi_0.1_p+6_Nd4001_dt1,main,dwell,2,xi_0.1,6,4001,1.0,2.5350000000000003e-06,0.07321886766113006,27.305617682999582,1459,731,728,253.6388508891929,254.40724,0.0364,0.1,atomic,1.0642991324763034,0.4126157577872332,0.0005065531941586443,1.7817834289581815,0.00010363944962760566,0.0003266598476076519,0.0002777351427719737,0.8015033600502673,0.2641509433962264,0.9913921663977768,0.02506836934144206,0.7727812500512762,0.8446435199572313,0.8831464991174043,0.8743623420385496,1.8408468107055016,1.0393434506552341
dwell_r2_xi_0.1_p+6_Nd4001_dt1,main,dwell,2,xi_0.1,6,4001,1.0,2.5350000000000003e-06,0.07321886766113006,27.305617682999582,1459,731,728,253.6388508891929,254.40724,0.0364,0.1,static,0.5872037625738653,0.23465325199010367,0.0006646919179284403,1.5984386052693795,0.00011931948944022873,1.5494609591009504e-07,7.867952857357752e-06,1.7822089926104028,0.0,0.7356464327775321,0.013431194676702916,,,,,1.8408468107055016,0.058637818095098826
dwell_r2_xi_0.1_p+6_Nd4001_dt1,main,dwell,2,xi_0.1,6,4001,1.0,2.5350000000000003e-06,0.07321886766113006,27.305617682999582,1459,731,728,253.6388508891929,254.40724,0.0364,0.1,static_lti,0.8631566948195496,0.2578017267544159,0.0006379143841660062,1.6266590226153668,0.0001240569949805024,2.199758129496864e-06,5.166658579733886e-05,1.599062312402495,0.022641509433962263,0.8436901295043104,0.016798518999916724,,,,,1.8408468107055016,0.24178449830300663
dwell_r2_xi_0.1_p+6_Nd4001_dt1,main,dwell,2,xi_0.1,6,4001,1.0,2.5350000000000003e-06,0.07321886766113006,27.305617682999582,1459,731,728,253.6388508891929,254.40724,0.0364,0.1,static_mh,1.467753418473446,0.9085739294570346,0.0006557542042225417,1.6021210963898238,0.000146734852440426,2.115289232986629e-05,0.0001360452595272567,0.7219615796531151,0.24150943396226415,1.1583814084212796,0.030176676676262407,,,,,1.8408468107055016,1.1188852310523865
dwell_r2_xi_0.1_p+6_Nd4001_dt1,main,dwell,2,xi_0.1,6,4001,1.0,2.5350000000000003e-06,0.07321886766113006,27.305617682999582,1459,731,728,253.6388508891929,254.40724,0.0364,0.1,static_lti_mh,0.8923601205332058,0.28358586092673077,0.0006383747840119193,1.6255198278154392,0.0001251175903750689,2.3248366643092855e-05,7.009148593647814e-05,1.5233283857647424,0.03773584905660377,0.8852601732867968,0.018104798425380365,,,,,1.8408468107055016,0.3175184249407592
dwell_r2_xi_0.1_p+6_Nd4001_dt1,main,dwell,2,xi_0.1,6,4001,1.0,2.5350000000000003e-06,0.07321886766113006,27.305617682999582,1459,731,728,253.6388508891929,254.40724,0.0364,0.1,linear,0.1141671314345521,0.009866532950290604,0.0018032999462426653,1.2717794719620286,0.00027116395188621654,1.8240412967563478e-06,0.0001869266585831396,1.8408468107055016,0.05660377358490566,0.3005070247377835,0.001895544878361265,,,,,1.8408468107055016,0.0
dwell_r2_xi_0.25_p+6_Nd4001_dt1,main,dwell,2,xi_0.25,6,4001,1.0,2.5350000000000003e-06,0.07321886766113006,30.141192082000998,1459,293,1166,632.7986348122867,605.90671,0.0583,0.25,atomic,0.9371602498321829,0.40581241519217565,0.0004641158063183448,1.8586067175278878,9.264384789459411e-05,0.0003324736271724921,0.00038671632094671154,0.8692290019196349,0.21132075471698114,0.8794472343858526,0.013584416708421825,0.6563963527172608,0.6897375459275873,0.7562488152860684,0.7084052937727132,1.8658700548424203,0.9966410529227854
dwell_r2_xi_0.25_p+6_Nd4001_dt1,main,dwell,2,xi_0.25,6,4001,1.0,2.5350000000000003e-06,0.07321886766113006,30.141192082000998,1459,293,1166,632.7986348122867,605.90671,0.0583,0.25,static,0.6365230806670463,0.4539392451022511,0.0006523536138942064,1.6096464492157583,0.00011974066693432332,-2.9426985325890017e-07,5.623093074932732e-06,1.7924455668578592,0.0,0.769904914831356,0.013084102150663406,,,,,1.8658700548424203,0.07342448798456114
dwell_r2_xi_0.25_p+6_Nd4001_dt1,main,dwell,2,xi_0.25,6,4001,1.0,2.5350000000000003e-06,0.07321886766113006,30.141192082000998,1459,293,1166,632.7986348122867,605.90671,0.0583,0.25,static_lti,0.7633339224934128,0.4964726309177942,0.0006404326830911635,1.628683916782294,0.00012202092122169719,-9.111957670659251e-07,3.4428932255783756e-05,1.7083399144614424,0.011320754716981131,0.8127887666901714,0.014675751155924763,,,,,1.8658700548424203,0.1575301403809779
dwell_r2_xi_0.25_p+6_Nd4001_dt1,main,dwell,2,xi_0.25,6,4001,1.0,2.5350000000000003e-06,0.07321886766113006,30.141192082000998,1459,293,1166,632.7986348122867,605.90671,0.0583,0.25,static_mh,1.0111352111516343,0.7702611613579164,0.0006575726967366634,1.60123530765458,0.00013377731114225092,2.0712545683002305e-05,0.00021205719757437977,1.2009794543421406,0.10566037735849057,0.9519757267207768,0.022317250178371172,,,,,1.8658700548424203,0.6648906005002797
dwell_r2_xi_0.25_p+6_Nd4001_dt1,main,dwell,2,xi_0.25,6,4001,1.0,2.5350000000000003e-06,0.07321886766113006,30.141192082000998,1459,293,1166,632.7986348122867,605.90671,0.0583,0.25,static_lti_mh,0.7810492242446495,0.5079194111389995,0.0006395655718409241,1.6307680961461934,0.00012246430288731335,2.0144089525904023e-05,9.085979635278034e-05,1.6730028467092766,0.026415094339622643,0.8260004558546344,0.015117322861526585,,,,,1.8658700548424203,0.19286720813314373
dwell_r2_xi_0.25_p+6_Nd4001_dt1,main,dwell,2,xi_0.25,6,4001,1.0,2.5350000000000003e-06,0.07321886766113006,30.141192082000998,1459,293,1166,632.7986348122867,605.90671,0.0583,0.25,linear,0.06540465397722317,0.007996974551332045,0.0017650144621992844,1.2468067697164966,0.0002614385009221107,-1.5134520932471706e-05,0.00012099834535189695,1.8658700548424203,0.022641509433962263,0.18712288432320803,0.0007081146231896352,,,,,1.8658700548424203,0.0
dwell_r2_xi_0.5_p+6_Nd4001_dt1,main,dwell,2,xi_0.5,6,4001,1.0,2.5350000000000003e-06,0.07321886766113006,26.627098771999954,1459,146,1313,1269.9315068493152,1196.56055,0.06565,0.5,atomic,0.984292825405807,0.525260872360693,0.0004912171683822022,1.8028786434777342,9.956346443314519e-05,0.00028183182042778427,0.00040921411738014237,0.9282387245834273,0.15849056603773584,0.863113101163813,0.013705899517963891,0.5638597458188322,0.5782657469956395,0.6314155976119739,0.5885669414321993,1.8623699703318226,0.9341312457483953
dwell_r2_xi_0.5_p+6_Nd4001_dt1,main,dwell,2,xi_0.5,6,4001,1.0,2.5350000000000003e-06,0.07321886766113006,26.627098771999954,1459,146,1313,1269.9315068493152,1196.56055,0.06565,0.5,static,0.6583242614787063,0.5893906482944558,0.0006463261903320201,1.6131202539031249,0.00011982403246335368,2.1862478413422912e-08,4.288448274472992e-06,1.7666405527283802,0.0,0.7912710041277947,0.013368691309570456,,,,,1.8623699703318226,0.09572941760344245
dwell_r2_xi_0.5_p+6_Nd4001_dt1,main,dwell,2,xi_0.5,6,4001,1.0,2.5350000000000003e-06,0.07321886766113006,26.627098771999954,1459,146,1313,1269.9315068493152,1196.56055,0.06565,0.5,static_lti,0.7453825670586304,0.6240727488641894,0.0006391331857006832,1.628984964523911,0.00012155945133610822,-2.447146677176199e-06,2.5987823797791766e-05,1.7404872442774715,0.0037735849056603774,0.8148437800925633,0.013927299340611148,,,,,1.8623699703318226,0.12188272605435113
dwell_r2_xi_0.5_p+6_Nd4001_dt1,main,dwell,2,xi_0.5,6,4001,1.0,2.5350000000000003e-06,0.07321886766113006,26.627098771999954,1459,146,1313,1269.9315068493152,1196.56055,0.06565,0.5,static_mh,0.886247143561331,0.80656317944875,0.000647550295148554,1.6162512538809808,0.00012796927115652014,2.100645275400861e-05,0.00022501974471086803,1.5182247630160333,0.04150943396226415,0.9214333700219316,0.016180285628055253,,,,,1.8623699703318226,0.34414520731578935
dwell_r2_xi_0.5_p+6_Nd4001_dt1,main,dwell,2,xi_0.5,6,4001,1.0,2.5350000000000003e-06,0.07321886766113006,26.627098771999954,1459,146,1313,1269.9315068493152,1196.56055,0.06565,0.5,static_lti_mh,0.75352113135355,0.6313648362128624,0.0006394597045182187,1.6288284810503573,0.0001219053645016374,1.849866423073857e-05,0.00010777852002222393,1.7241523344022627,0.0,0.8273031199851072,0.014280819710380527,,,,,1.8623699703318226,0.13821763592955993
dwell_r2_xi_0.5_p+6_Nd4001_dt1,main,dwell,2,xi_0.5,6,4001,1.0,2.5350000000000003e-06,0.07321886766113006,26.627098771999954,1459,146,1313,1269.9315068493152,1196.56055,0.06565,0.5,linear,0.050464256400519915,0.005671565209541743,0.0017503767513371694,1.2415686291269794,0.00025820268567215633,1.117238037937361e-06,9.488282653129592e-05,1.8623699703318226,0.011320754716981131,0.15378467083033445,0.00037049569989570897,,,,,1.8623699703318226,0.0
dwell_r2_xi_1_p+6_Nd4001_dt1,main,dwell,2,xi_1,6,4001,1.0,2.5350000000000003e-06,0.07321886766113006,26.281241744998624,1459,73,1386,2539.8630136986303,2373.85055,0.0693,1,atomic,1.0749253500143068,0.652626307264068,0.0004916850757285766,1.7842254345644417,0.00010229900977200186,0.00021593267450621074,0.0003971781280662815,0.9484144989733964,0.1811320754716981,0.943147467338117,0.018994498041956725,0.4749237595841528,0.47948375101017465,0.5251028029668628,0.4869875697633412,1.9938977403827125,1.045483241409316
dwell_r2_xi_1_p+6_Nd4001_dt1,main,dwell,2,xi_1,6,4001,1.0,2.5350000000000003e-06,0.07321886766113006,26.281241744998624,1459,73,1386,2539.8630136986303,2373.85055,0.0693,1,static,0.6708833308521169,0.6475209738510826,0.0006420054875320018,1.6175025402974614,0.00011987633343876728,-7.107366795783255e-08,3.5669321709253226e-06,1.7454236317211114,0.0,0.8022733794687491,0.01419162412325613,,,,,1.9938977403827125,0.24847410866160113
dwell_r2_xi_1_p+6_Nd4001_dt1,main,dwell,2,xi_1,6,4001,1.0,2.5350000000000003e-06,0.07321886766113006,26.281241744998624,1459,73,1386,2539.8630136986303,2373.85055,0.0693,1,static_lti,0.7358029135292727,0.6710451738396674,0.0006376634857752599,1.636770700449604,0.00012135342618617282,-5.424632886600357e-08,2.3396109682365733e-05,1.7332736086145346,0.0,0.8117426316095747,0.014411034197095546,,,,,1.9938977403827125,0.2606241317681779
dwell_r2_xi_1_p+6_Nd4001_dt1,main,dwell,2,xi_1,6,4001,1.0,2.5350000000000003e-06,0.07321886766113006,26.281241744998624,1459,73,1386,2539.8630136986303,2373.85055,0.0693,1,static_mh,0.8325697531671745,0.8076834911102683,0.0006410887111841703,1.6141971559672037,0.00012535126691289505,2.1916084913762648e-05,0.00023201002450911958,1.5687776105025368,0.01509433962264151,0.8816718870073266,0.017962082113297334,,,,,1.9938977403827125,0.42512012988017567
dwell_r2_xi_1_p+6_Nd4001_dt1,main,dwell,2,xi_1,6,4001,1.0,2.5350000000000003e-06,0.07321886766113006,26.281241744998624,1459,73,1386,2539.8630136986303,2373.85055,0.0693,1,static_lti_mh,0.7432780819973426,0.6786451547655444,0.0006372357770392113,1.6368978827406055,0.00012153398202534067,2.1677290243445413e-05,0.00013883009669145592,1.7264901797903245,0.007547169811320755,0.8178932289752819,0.014425132450586799,,,,,1.9938977403827125,0.267407560592388
dwell_r2_xi_1_p+6_Nd4001_dt1,main,dwell,2,xi_1,6,4001,1.0,2.5350000000000003e-06,0.07321886766113006,26.281241744998624,1459,73,1386,2539.8630136986303,2373.85055,0.0693,1,linear,0.043833624248724286,0.004546979291505929,0.001749682911220164,1.2376388889050982,0.000258371972604348,-5.780220941076618e-06,8.184718553315253e-05,1.9938977403827125,0.0037735849056603774,0.11072148828069205,0.0002724274399793617,,,,,1.9938977403827125,0.0
dwell_r2_xi_2_p+6_Nd4001_dt1,main,dwell,2,xi_2,6,4001,1.0,2.5350000000000003e-06,0.07321886766113006,28.184242632998576,1459,37,1422,5011.081081081081,4664.79323,0.0711,2,atomic,1.1279449680522626,0.708057183676526,0.0004788250728858067,1.7793807575633274,0.0001010227334493023,0.00016695585002385284,0.0003846738288519186,1.160529729857728,0.10566037735849057,0.9296996035889347,0.016216938023583365,0.40322644737062235,0.4005322085456146,0.44329443702695215,0.40480187300860004,1.980493999794937,0.819964269937209
dwell_r2_xi_2_p+6_Nd4001_dt1,main,dwell,2,xi_2,6,4001,1.0,2.5350000000000003e-06,0.07321886766113006,28.184242632998576,1459,37,1422,5011.081081081081,4664.79323,0.0711,2,static,0.6775462842500632,0.6720577984192422,0.0006402000269915805,1.6187118848452569,0.00011994968356840383,-1.0301066773315165e-07,3.243991684694413e-06,1.72856159151923,0.0,0.8322298858867232,0.015058853504969407,,,,,1.980493999794937,0.25193240827570684
dwell_r2_xi_2_p+6_Nd4001_dt1,main,dwell,2,xi_2,6,4001,1.0,2.5350000000000003e-06,0.07321886766113006,28.184242632998576,1459,37,1422,5011.081081081081,4664.79323,0.0711,2,static_lti,0.7346422013175534,0.6859105618362897,0.0006361324990532537,1.6348398053409978,0.00012119865439302723,9.812313789907348e-07,2.098739920066282e-05,1.7130814124071978,0.0,0.8360463489737259,0.01536287883504661,,,,,1.980493999794937,0.2674125873877391
dwell_r2_xi_2_p+6_Nd4001_dt1,main,dwell,2,xi_2,6,4001,1.0,2.5350000000000003e-06,0.07321886766113006,28.184242632998576,1459,37,1422,5011.081081081081,4664.79323,0.0711,2,static_mh,0.8012744186527507,0.7957750685115937,0.0006383752616514874,1.6150957909065744,0.00012392662037981252,2.1844412992010737e-05,0.00023502918722510954,1.5141374481158574,0.01509433962264151,0.9612010923259519,0.019859751241539002,,,,,1.980493999794937,0.4663565516790795
dwell_r2_xi_2_p+6_Nd4001_dt1,main,dwell,2,xi_2,6,4001,1.0,2.5350000000000003e-06,0.07321886766113006,28.184242632998576,1459,37,1422,5011.081081081081,4664.79323,0.0711,2,static_lti_mh,0.7410129155994256,0.6927376635463911,0.0006356773802838496,1.6352314247419328,0.00012133413350512856,2.2936097472687425e-05,0.00017057581453986978,1.7007237630850405,0.0037735849056603774,0.8475674392005396,0.015604248615615903,,,,,1.980493999794937,0.2797702367098964
dwell_r2_xi_2_p+6_Nd4001_dt1,main,dwell,2,xi_2,6,4001,1.0,2.5350000000000003e-06,0.07321886766113006,28.184242632998576,1459,37,1422,5011.081081081081,4664.79323,0.0711,2,linear,0.03895115911736069,0.003930007611054296,0.0017437958632443363,1.235217043848879,0.00025707252549362687,-8.203133271276663e-06,7.203698989188569e-05,1.980493999794937,0.0037735849056603774,0.09912525703065159,0.00022482469528425464,,,,,1.980493999794937,0.0
dwell_r2_xi_4_p+6_Nd4001_dt1,main,dwell,2,xi_4,6,4001,1.0,2.5350000000000003e-06,0.07321886766113006,30.14687534100085,1459,18,1441,10300.555555555555,9568.40055,0.07205,4,atomic,1.4223591960430408,0.8458727684208741,0.00045358942910009786,1.7969338731769935,0.00010208365712440425,0.00012845001043870687,0.00036133562528531697,1.1274672028481485,0.09056603773584905,1.0159071101808186,0.02141136398473229,0.3353720964351002,0.3318391083278884,0.3729062609650717,0.3331794280433423,1.9998393146806617,0.8723721118325132
dwell_r2_xi_4_p+6_Nd4001_dt1,main,dwell,2,xi_4,6,4001,1.0,2.5350000000000003e-06,0.07321886766113006,30.14687534100085,1459,18,1441,10300.555555555555,9568.40055,0.07205,4,static,0.6784165426613883,0.6639239600909461,0.0006399954984371393,1.620078433977132,0.00011995341504648578,-3.5328904522091575e-08,3.1066974080976453e-06,1.7385281889376962,0.0,0.8199634598846997,0.01451708755763519,,,,,1.9998393146806617,0.26131112574296544
dwell_r2_xi_4_p+6_Nd4001_dt1,main,dwell,2,xi_4,6,4001,1.0,2.5350000000000003e-06,0.07321886766113006,30.14687534100085,1459,18,1441,10300.555555555555,9568.40055,0.07205,4,static_lti,0.7415277832136006,0.6680938869166414,0.000635050540723965,1.6334487245089413,0.00012124116067396731,-1.4761897351033711e-06,1.9413780165220436e-05,1.7314710850483521,0.0,0.8235494925360601,0.014726276057650263,,,,,1.9998393146806617,0.26836822963230955
dwell_r2_xi_4_p+6_Nd4001_dt1,main,dwell,2,xi_4,6,4001,1.0,2.5350000000000003e-06,0.07321886766113006,30.14687534100085,1459,18,1441,10300.555555555555,9568.40055,0.07205,4,static_mh,0.7707639849848086,0.7544523484510124,0.000641763447636835,1.6205257069298171,0.00012353953620643473,2.1893292675708872e-05,0.0002366164856512488,1.6033464582706884,0.0037735849056603774,0.8569940054967198,0.0166067978957936,,,,,1.9998393146806617,0.3964928564099732
dwell_r2_xi_4_p+6_Nd4001_dt1,main,dwell,2,xi_4,6,4001,1.0,2.5350000000000003e-06,0.07321886766113006,30.14687534100085,1459,18,1441,10300.555555555555,9568.40055,0.07205,4,static_lti_mh,0.7456156619105966,0.6718318729421974,0.0006352232702104526,1.6334803842064138,0.00012141447101603566,1.9611121080477407e-05,0.00019990492803333317,1.7277330678282374,0.0,0.8240560271394936,0.014718942419758803,,,,,1.9998393146806617,0.27210624685242424
dwell_r2_xi_4_p+6_Nd4001_dt1,main,dwell,2,xi_4,6,4001,1.0,2.5350000000000003e-06,0.07321886766113006,30.14687534100085,1459,18,1441,10300.555555555555,9568.40055,0.07205,4,linear,0.037827757091723285,0.0037027645424224024,0.0017323978536888586,1.2357536800196633,0.00025526587539356825,1.8315337090507706e-07,6.599666385044325e-05,1.9998393146806617,0.0,0.08766858509410648,0.00014905046420864835,,,,,1.9998393146806617,0.0
dwell_r3_xi_0.05_p+3_Nd4001_dt1,main,dwell,3,xi_0.05,3,4001,1.0,2.5350000000000003e-06,0.07321886766113006,29.075830402000065,1459,1459,0,127.08019191226867,137.08073,0.0,0.05,atomic,0.7440905304083956,0.296762703133414,0.0008723970331158257,1.5485701002085481,0.00011248132868577682,1.5244188072651525e-05,0.00024162774268462922,0.8049842172784696,0.3132075471698113,0.775960389559218,0.006067779739536273,0.560092869171964,0.5194178693078185,0.8283625920377756,0.5921406888296602,1.5914262049328247,0.7864419876543551
dwell_r3_xi_0.05_p+3_Nd4001_dt1,main,dwell,3,xi_0.05,3,4001,1.0,2.5350000000000003e-06,0.07321886766113006,29.075830402000065,1459,1459,0,127.08019191226867,137.08073,0.0,0.05,static,0.10753488703533672,0.03857433124753855,0.0010421021580137892,1.4158218243264298,0.00010718303208848006,3.13545007243583e-08,7.63890529800915e-06,1.9982660334898974,0.0,0.3342767499036882,0.0010757716681637447,,,,,1.5914262049328247,-0.4068398285570727
dwell_r3_xi_0.05_p+3_Nd4001_dt1,main,dwell,3,xi_0.05,3,4001,1.0,2.5350000000000003e-06,0.07321886766113006,29.075830402000065,1459,1459,0,127.08019191226867,137.08073,0.0,0.05,static_lti,0.1844864843209208,0.04477280348249884,0.0010418773658040612,1.4686809671559393,0.00011080206785312168,-2.5047285049722418e-06,4.935877113783768e-05,1.9794959300779968,0.0,0.40068853745126226,0.0015276083892739889,,,,,1.5914262049328247,-0.38806972514517213
dwell_r3_xi_0.05_p+3_Nd4001_dt1,main,dwell,3,xi_0.05,3,4001,1.0,2.5350000000000003e-06,0.07321886766113006,29.075830402000065,1459,1459,0,127.08019191226867,137.08073,0.0,0.05,static_mh,1.8033786505153624,1.6193404051872868,0.0010464033971038112,1.4093523527201632,0.0001710566589989682,3.0229904498814126e-05,6.651262854963179e-05,0.5550904053975443,0.3660377358490566,1.263642027832698,0.018895062816721098,,,,,1.5914262049328247,1.0363357995352804
dwell_r3_xi_0.05_p+3_Nd4001_dt1,main,dwell,3,xi_0.05,3,4001,1.0,2.5350000000000003e-06,0.07321886766113006,29.075830402000065,1459,1459,0,127.08019191226867,137.08073,0.0,0.05,static_lti_mh,0.21533247034649874,0.07227404887163982,0.001041459099494554,1.4685752725802856,0.00011218308070447435,2.7731158932458675e-05,5.400139560203045e-05,1.9543408715333062,0.0,0.43329783132523747,0.0019446765467155405,,,,,1.5914262049328247,-0.36291466660048144
dwell_r3_xi_0.05_p+3_Nd4001_dt1,main,dwell,3,xi_0.05,3,4001,1.0,2.5350000000000003e-06,0.07321886766113006,29.075830402000065,1459,1459,0,127.08019191226867,137.08073,0.0,0.05,linear,0.17878850115735298,0.009693617499467795,0.0018369217976758679,1.2961395913871807,0.00019479462072685946,-5.440818299295991e-06,0.00019248963741089217,1.5914262049328247,0.1471698113207547,0.38046357180746343,0.0016674731899596663,,,,,1.5914262049328247,0.0
dwell_r3_xi_0.1_p+3_Nd4001_dt1,main,dwell,3,xi_0.1,3,4001,1.0,2.5350000000000003e-06,0.07321886766113006,26.48488628599989,1459,731,728,253.6388508891929,254.40724,0.0364,0.1,atomic,0.5893024598243949,0.27526445060696597,0.0007869609805911423,1.576286768999031,9.986505635646487e-05,-1.173130286546736e-05,0.00021503765554258696,0.9658431425971018,0.24150943396226415,0.7345890668037272,0.0067439011766079774,0.5039498476954066,0.47678444006494886,0.7396364699708319,0.5197737728858624,1.7680596669946933,0.8022165243975915
dwell_r3_xi_0.1_p+3_Nd4001_dt1,main,dwell,3,xi_0.1,3,4001,1.0,2.5350000000000003e-06,0.07321886766113006,26.48488628599989,1459,731,728,253.6388508891929,254.40724,0.0364,0.1,static,0.1483091865754726,0.07571235311225141,0.0009966079802805113,1.4348417202766672,0.00010763012197771283,-6.899211955401178e-08,5.389237761168588e-06,1.9958451843799345,0.0,0.4039749337179776,0.0015459847218834053,,,,,1.7680596669946933,-0.22778551738524122
dwell_r3_xi_0.1_p+3_Nd4001_dt1,main,dwell,3,xi_0.1,3,4001,1.0,2.5350000000000003e-06,0.07321886766113006,26.48488628599989,1459,731,728,253.6388508891929,254.40724,0.0364,0.1,static_lti,0.21100668257427332,0.0830277241491581,0.0009943698493749542,1.4744742804644773,0.0001102666718189827,-3.50134466912345e-06,3.838446296125867e-05,1.9834091549378468,0.0,0.43532439565134334,0.0018463165176647925,,,,,1.7680596669946933,-0.21534948794315345
dwell_r3_xi_0.1_p+3_Nd4001_dt1,main,dwell,3,xi_0.1,3,4001,1.0,2.5350000000000003e-06,0.07321886766113006,26.48488628599989,1459,731,728,253.6388508891929,254.40724,0.0364,0.1,static_mh,0.860776045012846,0.7371089282133111,0.0009971261796847097,1.4234653059596645,0.00013701013433885798,3.018038122878066e-05,0.00013369011491347983,1.0499773380038602,0.2037735849056604,1.0050650667444472,0.011317703758464252,,,,,1.7680596669946933,0.7180823289908331
dwell_r3_xi_0.1_p+3_Nd4001_dt1,main,dwell,3,xi_0.1,3,4001,1.0,2.5350000000000003e-06,0.07321886766113006,26.48488628599989,1459,731,728,253.6388508891929,254.40724,0.0364,0.1,static_lti_mh,0.22795149113629706,0.09861762352121514,0.000994133243299838,1.4748043044536754,0.00011100581452814717,2.676585083440232e-05,6.19063752846611e-05,1.9666689242701867,0.0,0.45861611710202416,0.0021524329033363243,,,,,1.7680596669946933,-0.1986092572754934
dwell_r3_xi_0.1_p+3_Nd4001_dt1,main,dwell,3,xi_0.1,3,4001,1.0,2.5350000000000003e-06,0.07321886766113006,26.48488628599989,1459,731,728,253.6388508891929,254.40724,0.0364,0.1,linear,0.11816365224683999,0.010118603634528716,0.0018002333532498758,1.2722878723487656,0.00019168478715216812,-1.5312466860257818e-05,0.00014322290212901266,1.7680596669946933,0.08679245283018867,0.32357576349418465,0.0012127860478449578,,,,,1.7680596669946933,0.0
dwell_r3_xi_0.25_p+3_Nd4001_dt1,main,dwell,3,xi_0.25,3,4001,1.0,2.5350000000000003e-06,0.07321886766113006,23.761490283999592,1459,293,1166,632.7986348122867,605.90671,0.0583,0.25,atomic,0.5880197208882808,0.31644290864413366,0.0006545907924315481,1.6638239105851589,8.377468605771502e-05,4.971136197799035e-05,0.00025959983344167495,1.2552074895114533,0.13584905660377358,0.6554841363016649,0.004994656644133759,0.4472797700381971,0.42758356440284323,0.5797267638843405,0.444989529434284,1.9736462819581713,0.7184387924467179
dwell_r3_xi_0.25_p+3_Nd4001_dt1,main,dwell,3,xi_0.25,3,4001,1.0,2.5350000000000003e-06,0.07321886766113006,23.761490283999592,1459,293,1166,632.7986348122867,605.90671,0.0583,0.25,static,0.15875012550567594,0.12525316002159032,0.0009849546438273904,1.4399987402471717,0.00010784130375764619,-1.188424500816374e-07,4.012383731198069e-06,1.995200878879741,0.0,0.41302222578213904,0.001780464261432598,,,,,1.9736462819581713,-0.021554596921569802
dwell_r3_xi_0.25_p+3_Nd4001_dt1,main,dwell,3,xi_0.25,3,4001,1.0,2.5350000000000003e-06,0.07321886766113006,23.761490283999592,1459,293,1166,632.7986348122867,605.90671,0.0583,0.25,static_lti,0.2056820866613776,0.1335750561901872,0.0009795111398384854,1.4648465855859605,0.0001093891270886953,-6.741719897872949e-07,2.5753168077935832e-05,1.9937527768229457,0.0,0.41657378344316337,0.0017884350291207584,,,,,1.9736462819581713,-0.02010649486477445
dwell_r3_xi_0.25_p+3_Nd4001_dt1,main,dwell,3,xi_0.25,3,4001,1.0,2.5350000000000003e-06,0.07321886766113006,23.761490283999592,1459,293,1166,632.7986348122867,605.90671,0.0583,0.25,static_mh,0.43684409968134696,0.39787683037066346,0.000982557437641482,1.4341282024970978,0.0001197722799043857,3.065391649863426e-05,0.00021167038718499447,1.6678568077886822,0.045283018867924525,0.5769984092644724,0.004544619862451735,,,,,1.9736462819581713,0.3057894741694891
dwell_r3_xi_0.25_p+3_Nd4001_dt1,main,dwell,3,xi_0.25,3,4001,1.0,2.5350000000000003e-06,0.07321886766113006,23.761490283999592,1459,293,1166,632.7986348122867,605.90671,0.0583,0.25,static_lti_mh,0.2104524576191681,0.13867905465918884,0.0009795450742040954,1.4650879314573404,0.00010960868041386618,3.015289124562059e-05,8.311691197617312e-05,1.9926733974841142,0.0,0.42261407216969743,0.0018623808792584274,,,,,1.9736462819581713,-0.01902711552594294
dwell_r3_xi_0.25_p+3_Nd4001_dt1,main,dwell,3,xi_0.25,3,4001,1.0,2.5350000000000003e-06,0.07321886766113006,23.761490283999592,1459,293,1166,632.7986348122867,605.90671,0.0583,0.25,linear,0.07032508070313423,0.008000113101733607,0.0017513088349229951,1.2477701115712792,0.00018416905051940344,-6.597087084514311e-06,8.432286176145179e-05,1.9736462819581713,0.007547169811320755,0.17731520184823887,0.00044396096970910145,,,,,1.9736462819581713,0.0
dwell_r3_xi_0.5_p+3_Nd4001_dt1,main,dwell,3,xi_0.5,3,4001,1.0,2.5350000000000003e-06,0.07321886766113006,23.562600774001112,1459,146,1313,1269.9315068493152,1196.56055,0.06565,0.5,atomic,0.666988196688637,0.4103809733143182,0.0006618677444675562,1.65778156127796,8.686402086555775e-05,7.449286144512658e-05,0.00029881161086110547,1.1871189064571503,0.1320754716981132,0.7198934401518523,0.005550976813675478,0.41119391566954233,0.38579101567093327,0.4867493439239654,0.3935269840448194,1.99694728661477,0.8098283801576196
dwell_r3_xi_0.5_p+3_Nd4001_dt1,main,dwell,3,xi_0.5,3,4001,1.0,2.5350000000000003e-06,0.07321886766113006,23.562600774001112,1459,146,1313,1269.9315068493152,1196.56055,0.06565,0.5,static,0.1639847152318715,0.15291028988963,0.0009820024773215098,1.4396961423071464,0.00010773105769054347,6.7618605170615305e-09,3.597923423912275e-06,1.9967443937934903,0.0,0.394711407142249,0.0017638115443604132,,,,,1.99694728661477,0.00020289282127960995
dwell_r3_xi_0.5_p+3_Nd4001_dt1,main,dwell,3,xi_0.5,3,4001,1.0,2.5350000000000003e-06,0.07321886766113006,23.562600774001112,1459,146,1313,1269.9315068493152,1196.56055,0.06565,0.5,static_lti,0.20248776094326945,0.1566336212569767,0.00098019072993499,1.460897528683297,0.00010929348273382686,-3.8111075753010536e-06,2.1851021893455044e-05,1.995485102753097,0.0,0.3985813975371608,0.0017889441686181936,,,,,1.99694728661477,0.00146218386167285
dwell_r3_xi_0.5_p+3_Nd4001_dt1,main,dwell,3,xi_0.5,3,4001,1.0,2.5350000000000003e-06,0.07321886766113006,23.562600774001112,1459,146,1313,1269.9315068493152,1196.56055,0.06565,0.5,static_mh,0.3055429688039231,0.2933634240564526,0.0009858127634410178,1.4340498329097608,0.00011451023357680818,2.94216669967434e-05,0.00022398551746533981,1.8406217416855595,0.03018867924528302,0.5370211493162514,0.0028701190097724493,,,,,1.99694728661477,0.15632554492921047
dwell_r3_xi_0.5_p+3_Nd4001_dt1,main,dwell,3,xi_0.5,3,4001,1.0,2.5350000000000003e-06,0.07321886766113006,23.562600774001112,1459,146,1313,1269.9315068493152,1196.56055,0.06565,0.5,static_lti_mh,0.2054911224594178,0.15928630834242033,0.0009799126970933265,1.4609571433369855,0.00010939896875360679,2.58386766296001e-05,0.00010365242183367336,1.9945534298278556,0.0,0.4050337016318151,0.0018534120738578162,,,,,1.99694728661477,0.0023938567869143945
dwell_r3_xi_0.5_p+3_Nd4001_dt1,main,dwell,3,xi_0.5,3,4001,1.0,2.5350000000000003e-06,0.07321886766113006,23.562600774001112,1459,146,1313,1269.9315068493152,1196.56055,0.06565,0.5,linear,0.05271733841295068,0.005667888307474369,0.001748971819161555,1.241647021383658,0.00018244432099662907,-1.0153952323171393e-05,6.752528229933213e-05,1.99694728661477,0.0,0.160983283797396,0.0002044949234611563,,,,,1.99694728661477,0.0
dwell_r3_xi_1_p+3_Nd4001_dt1,main,dwell,3,xi_1,3,4001,1.0,2.5350000000000003e-06,0.07321886766113006,30.285382668998864,1459,73,1386,2539.8630136986303,2373.85055,0.0693,1,atomic,0.7793438610527565,0.5358221730476973,0.0006661295910114243,1.6361681063893607,9.080933819075478e-05,8.278340589640299e-05,0.00031767627841595124,1.2795891177199608,0.0830188679245283,0.7042780244176016,0.006120632095814131,0.38393570671854477,0.3568352815952228,0.42620698412297753,0.3600675106017192,1.9656978382497605,0.6861087205297998
dwell_r3_xi_1_p+3_Nd4001_dt1,main,dwell,3,xi_1,3,4001,1.0,2.5350000000000003e-06,0.07321886766113006,30.285382668998864,1459,73,1386,2539.8630136986303,2373.85055,0.0693,1,static,0.1655169539685658,0.16127750327023183,0.0009761033614059634,1.4425621687460923,0.0001078324972581244,4.958045067360057e-08,3.2968094963408254e-06,1.9954277054311904,0.0,0.4132638419394439,0.0018600021239359543,,,,,1.9656978382497605,-0.029729867181429892
dwell_r3_xi_1_p+3_Nd4001_dt1,main,dwell,3,xi_1,3,4001,1.0,2.5350000000000003e-06,0.07321886766113006,30.285382668998864,1459,73,1386,2539.8630136986303,2373.85055,0.0693,1,static_lti,0.20320921984340126,0.16234656735131908,0.0009738275951000186,1.4611423320608312,0.0001093061068385574,-2.5137922220476654e-06,2.201732302696905e-05,1.9937103272084435,0.0,0.4150990740954932,0.001880702222922158,,,,,1.9656978382497605,-0.028012488958683024
dwell_r3_xi_1_p+3_Nd4001_dt1,main,dwell,3,xi_1,3,4001,1.0,2.5350000000000003e-06,0.07321886766113006,30.285382668998864,1459,73,1386,2539.8630136986303,2373.85055,0.0693,1,static_mh,0.2472003451560331,0.2428318688174517,0.0009784735459757745,1.4419457966501579,0.00011178815416332944,3.1273079619735186e-05,0.00023205883528292862,1.880064535013231,0.018867924528301886,0.5006323086439685,0.002673717402673705,,,,,1.9656978382497605,0.08563330323652951
dwell_r3_xi_1_p+3_Nd4001_dt1,main,dwell,3,xi_1,3,4001,1.0,2.5350000000000003e-06,0.07321886766113006,30.285382668998864,1459,73,1386,2539.8630136986303,2373.85055,0.0693,1,static_lti_mh,0.2049789263833893,0.1643802224695323,0.0009738833619219214,1.4609653449560094,0.0001093930072212244,2.8514596224611036e-05,0.00013170209519022677,1.9928503815850138,0.0,0.41553662523313345,0.0019230047152797415,,,,,1.9656978382497605,-0.0271525433352533
dwell_r3_xi_1_p+3_Nd4001_dt1,main,dwell,3,xi_1,3,4001,1.0,2.5350000000000003e-06,0.07321886766113006,30.285382668998864,1459,73,1386,2539.8630136986303,2373.85055,0.0693,1,linear,0.0460123700130901,0.004535975225499067,0.0017411480686697852,1.2387924529854595,0.00018212347490606054,-3.6214841323461074e-06,6.130255256988495e-05,1.9656978382497605,0.0037735849056603774,0.12178792533899496,0.00016292218423837767,,,,,1.9656978382497605,0.0
dwell_r3_xi_2_p+3_Nd4001_dt1,main,dwell,3,xi_2,3,4001,1.0,2.5350000000000003e-06,0.07321886766113006,25.89888226000039,1459,37,1422,5011.081081081081,4664.79323,0.0711,2,atomic,0.9152102094016092,0.6430995892569139,0.0006461131697228507,1.6241857266851287,9.161500248294572e-05,4.722095857179474e-05,0.0003138380437409651,1.3160826056306374,0.06792452830188679,0.8108466608145579,0.008525681864047431,0.35988944241037546,0.33172296458213074,0.3902570737713496,0.3329970879923246,1.9999999464132414,0.683917340782604
dwell_r3_xi_2_p+3_Nd4001_dt1,main,dwell,3,xi_2,3,4001,1.0,2.5350000000000003e-06,0.07321886766113006,25.89888226000039,1459,37,1422,5011.081081081081,4664.79323,0.0711,2,static,0.16550064883908702,0.1624915075339282,0.0009755635460619915,1.4428520143255872,0.00010790087748973228,-3.492330456341694e-08,3.1839594118091305e-06,1.9964046404687472,0.0,0.40571265852599253,0.0018080956214612724,,,,,1.9999999464132414,0.003595305944494198
dwell_r3_xi_2_p+3_Nd4001_dt1,main,dwell,3,xi_2,3,4001,1.0,2.5350000000000003e-06,0.07321886766113006,25.89888226000039,1459,37,1422,5011.081081081081,4664.79323,0.0711,2,static_lti,0.20243940138782807,0.1614561329644888,0.0009721406288504171,1.4615571579589208,0.00010920731688184699,-2.496371173241353e-06,2.0389739704449078e-05,1.9953181451577793,0.0,0.4022419165293077,0.0018260699041143752,,,,,1.9999999464132414,0.004681801255462137
dwell_r3_xi_2_p+3_Nd4001_dt1,main,dwell,3,xi_2,3,4001,1.0,2.5350000000000003e-06,0.07321886766113006,25.89888226000039,1459,37,1422,5011.081081081081,4664.79323,0.0711,2,static_mh,0.22003362680193897,0.21661489094279296,0.0009741186477094208,1.438929140132033,0.00011021039220878168,3.120992491903624e-05,0.0002350918495277638,1.9321663148571202,0.0037735849056603774,0.4473238202490178,0.002173727089179426,,,,,1.9999999464132414,0.06783363155612121
dwell_r3_xi_2_p+3_Nd4001_dt1,main,dwell,3,xi_2,3,4001,1.0,2.5350000000000003e-06,0.07321886766113006,25.89888226000039,1459,37,1422,5011.081081081081,4664.79323,0.0711,2,static_lti_mh,0.20393656029468282,0.16283061723795403,0.0009719730398288098,1.4617199884629337,0.00010925686121169473,2.8742736508128848e-05,0.00016913400051544477,1.9950659302121991,0.0,0.4008383160754495,0.001847860910235727,,,,,1.9999999464132414,0.0049340162010422794
dwell_r3_xi_2_p+3_Nd4001_dt1,main,dwell,3,xi_2,3,4001,1.0,2.5350000000000003e-06,0.07321886766113006,25.89888226000039,1459,37,1422,5011.081081081081,4664.79323,0.0711,2,linear,0.04306842130331683,0.0040560543314079565,0.0017362587185076454,1.2382066199492063,0.00018143821679980174,-7.05994200933575e-06,5.1887915494785734e-05,1.9999999464132414,0.0,0.09734633451525176,9.944461427537746e-05,,,,,1.9999999464132414,0.0
dwell_r3_xi_4_p+3_Nd4001_dt1,main,dwell,3,xi_4,3,4001,1.0,2.5350000000000003e-06,0.07321886766113006,24.551840283000274,1459,18,1441,10300.555555555555,9568.40055,0.07205,4,atomic,0.9454082541644384,0.6642218522904276,0.0006361885870258401,1.603151240652357,9.088742042771925e-05,4.078792219654278e-05,0.000289150231793759,1.3955277603840357,0.06415094339622641,0.8660480463453071,0.008212959015531271,0.29948152480767454,0.26648263668365296,0.3168702619406915,0.2666027070335714,2.0,0.6044722396159643
dwell_r3_xi_4_p+3_Nd4001_dt1,main,dwell,3,xi_4,3,4001,1.0,2.5350000000000003e-06,0.07321886766113006,24.551840283000274,1459,18,1441,10300.555555555555,9568.40055,0.07205,4,static,0.16703294208395003,0.1663581061743037,0.000974327057339276,1.4431814483809986,0.00010785854352434266,-2.0791404430529652e-08,3.045652413962115e-06,1.9946022474920366,0.0,0.4179050170239432,0.001922115929309097,,,,,2.0,0.0053977525079633715
dwell_r3_xi_4_p+3_Nd4001_dt1,main,dwell,3,xi_4,3,4001,1.0,2.5350000000000003e-06,0.07321886766113006,24.551840283000274,1459,18,1441,10300.555555555555,9568.40055,0.07205,4,static_lti,0.20353628795645473,0.16428673870652286,0.0009714487388712252,1.460353773448491,0.00010920710220002591,-1.1916704616170667e-06,2.0228918898998278e-05,1.9937486134962494,0.0,0.41941300266355686,0.0019241825588461787,,,,,2.0,0.006251386503750567
dwell_r3_xi_4_p+3_Nd4001_dt1,main,dwell,3,xi_4,3,4001,1.0,2.5350000000000003e-06,0.07321886766113006,24.551840283000274,1459,18,1441,10300.555555555555,9568.40055,0.07205,4,static_mh,0.20353273924238016,0.20257709070716554,0.0009734118838710567,1.443531716233988,0.00010942897864913288,3.122833824906972e-05,0.00023665778537125263,1.9819634455714803,0.0,0.4569395578871457,0.002264008535972807,,,,,2.0,0.018036554428519702
dwell_r3_xi_4_p+3_Nd4001_dt1,main,dwell,3,xi_4,3,4001,1.0,2.5350000000000003e-06,0.07321886766113006,24.551840283000274,1459,18,1441,10300.555555555555,9568.40055,0.07205,4,static_lti_mh,0.20550614302381334,0.1662797570924375,0.0009714611092826703,1.460403672116257,0.00010929583142865879,3.005080774085027e-05,0.00020154566539756842,1.993309163571121,0.0,0.4215376047321105,0.001942992430473351,,,,,2.0,0.00669083642887891
dwell_r3_xi_4_p+3_Nd4001_dt1,main,dwell,3,xi_4,3,4001,1.0,2.5350000000000003e-06,0.07321886766113006,24.551840283000274,1459,18,1441,10300.555555555555,9568.40055,0.07205,4,linear,0.038075776002640095,0.003624790582521781,0.0017344013422492595,1.2360332948189219,0.00018095555029864317,-2.14195648994159e-06,4.756786684292263e-05,2.0,0.0,0.08949904976468302,0.00010594909417845372,,,,,2.0,0.0
dwell_r3_xi_0.05_p+0_Nd4001_dt1,main,dwell,3,xi_0.05,0,4001,1.0,2.5350000000000003e-06,0.07321886766113006,23.49016709300122,1459,1459,0,127.08019191226867,137.08073,0.0,0.05,atomic,0.42442556280080823,0.16241311190123178,0.0012203394094637667,1.4285805923421466,0.00010070790623467591,-7.62893285836094e-05,0.00017832174531124954,1.1289322615593465,0.24150943396226415,0.5778695899070606,0.0016735453561960393,0.3451507480694877,0.20913779308889602,0.42952571856474486,0.2236038805920854,1.5903970869174164,0.46146482535807
dwell_r3_xi_0.05_p+0_Nd4001_dt1,main,dwell,3,xi_0.05,0,4001,1.0,2.5350000000000003e-06,0.07321886766113006,23.49016709300122,1459,1459,0,127.08019191226867,137.08073,0.0,0.05,static,0.024963583149109562,0.011955811727835351,0.0013730367995575877,1.354412897554009,9.617543164327358e-05,1.2352824860747431e-07,1.2732945313873294e-05,1.9999984084845193,0.0,0.1676841361751198,0.0001344656781709856,,,,,1.5903970869174164,-0.4096013215671028
dwell_r3_xi_0.05_p+0_Nd4001_dt1,main,dwell,3,xi_0.05,0,4001,1.0,2.5350000000000003e-06,0.07321886766113006,23.49016709300122,1459,1459,0,127.08019191226867,137.08073,0.0,0.05,static_lti,0.13785341506139753,0.013920046682357348,0.0014062042695361676,1.4269646339465774,0.00010374483546277341,-3.0249378583071227e-06,7.91458986118116e-05,1.8713908129332708,0.04150943396226415,0.33429598532318616,0.0005897040159667738,,,,,1.5903970869174164,-0.2809937260158544
dwell_r3_xi_0.05_p+0_Nd4001_dt1,main,dwell,3,xi_0.05,0,4001,1.0,2.5350000000000003e-06,0.07321886766113006,23.49016709300122,1459,1459,0,127.08019191226867,137.08073,0.0,0.05,static_mh,0.1316781847965655,0.11696127413049909,0.0013747586571854363,1.3523975524308094,0.00010117997646416076,-3.640973528773836e-05,1.9374650516236247e-05,1.9647696138662571,0.0,0.3505813391861583,0.0007164427590893049,,,,,1.5903970869174164,-0.3743725269488407
dwell_r3_xi_0.05_p+0_Nd4001_dt1,main,dwell,3,xi_0.05,0,4001,1.0,2.5350000000000003e-06,0.07321886766113006,23.49016709300122,1459,1459,0,127.08019191226867,137.08073,0.0,0.05,static_lti_mh,0.14099890197948545,0.01674254999789515,0.0014061297837070692,1.4266798947465222,0.00010387867708915091,-3.954993936739885e-05,7.914554341181102e-05,1.8600457592655604,0.04905660377358491,0.33849852058129376,0.0006283300827819814,,,,,1.5903970869174164,-0.26964867234814394
dwell_r3_xi_0.05_p+0_Nd4001_dt1,main,dwell,3,xi_0.05,0,4001,1.0,2.5350000000000003e-06,0.07321886766113006,23.49016709300122,1459,1459,0,127.08019191226867,137.08073,0.0,0.05,linear,0.17878850115745032,0.00969361749946854,0.0018369217976760153,1.2961395913871583,0.00013790403056428727,-3.851804378589828e-06,0.00013627222734267436,1.5903970869174164,0.1471698113207547,0.38148610912210357,0.0008398760398278845,,,,,1.5903970869174164,0.0
dwell_r3_xi_0.1_p+0_Nd4001_dt1,main,dwell,3,xi_0.1,0,4001,1.0,2.5350000000000003e-06,0.07321886766113006,36.727468886998395,1459,731,728,253.6388508891929,254.40724,0.0364,0.1,atomic,0.29265207805719473,0.14001950953608663,0.001185369994644095,1.4229152160990117,9.606716357889358e-05,-0.00013083028610719639,0.00016049605733350715,1.4667583882881428,0.13962264150943396,0.5045366342289462,0.0014691065159908962,0.26544566638672157,0.17360131028311787,0.31715898683590515,0.18130761016203673,1.7678508491036922,0.3010924608155494
dwell_r3_xi_0.1_p+0_Nd4001_dt1,main,dwell,3,xi_0.1,0,4001,1.0,2.5350000000000003e-06,0.07321886766113006,36.727468886998395,1459,731,728,253.6388508891929,254.40724,0.0364,0.1,static,0.029488966893470313,0.016997160527110297,0.0013482834638530357,1.3666916741902406,9.757523427289053e-05,4.0554264427426614e-08,8.236352600384075e-06,1.9999985590454403,0.0,0.18616181771918017,0.00016676125442708088,,,,,1.7678508491036922,-0.23214770994174816
dwell_r3_xi_0.1_p+0_Nd4001_dt1,main,dwell,3,xi_0.1,0,4001,1.0,2.5350000000000003e-06,0.07321886766113006,36.727468886998395,1459,731,728,253.6388508891929,254.40724,0.0364,0.1,static_lti,0.11039412915916424,0.021127429807214156,0.0013651910445868407,1.4176531944768826,0.00010258269867377334,-6.338277711767276e-06,5.9722823815826945e-05,1.947910735940861,0.007547169811320755,0.30263178369814553,0.000516926006859012,,,,,1.7678508491036922,-0.18005988683716878
dwell_r3_xi_0.1_p+0_Nd4001_dt1,main,dwell,3,xi_0.1,0,4001,1.0,2.5350000000000003e-06,0.07321886766113006,36.727468886998395,1459,731,728,253.6388508891929,254.40724,0.0364,0.1,static_mh,0.07263374950662398,0.05924099249470197,0.001348982088756658,1.3636250927677334,9.965263641984735e-05,-3.650015360794226e-05,3.2009595488472414e-05,1.9934828047270114,0.0,0.2845205414837724,0.00044854022574758863,,,,,1.7678508491036922,-0.22563195562331928
dwell_r3_xi_0.1_p+0_Nd4001_dt1,main,dwell,3,xi_0.1,0,4001,1.0,2.5350000000000003e-06,0.07321886766113006,36.727468886998395,1459,731,728,253.6388508891929,254.40724,0.0364,0.1,static_lti_mh,0.11197345197001232,0.022680927026364473,0.0013655709133510224,1.4174756032710485,0.00010268392177188897,-4.287492187340114e-05,6.086535548600415e-05,1.9427214862607636,0.01509433962264151,0.3056219420539368,0.0005365536159596149,,,,,1.7678508491036922,-0.1748706371570714
dwell_r3_xi_0.1_p+0_Nd4001_dt1,main,dwell,3,xi_0.1,0,4001,1.0,2.5350000000000003e-06,0.07321886766113006,36.727468886998395,1459,731,728,253.6388508891929,254.40724,0.0364,0.1,linear,0.11816365224692757,0.010118603634529742,0.0018002333532502353,1.2722878723487554,0.0001357024369949481,-1.0840396362242325e-05,0.00010139404978949649,1.7678508491036922,0.09056603773584905,0.32428690415517986,0.0006135813642264504,,,,,1.7678508491036922,0.0
dwell_r3_xi_0.25_p+0_Nd4001_dt1,main,dwell,3,xi_0.25,0,4001,1.0,2.5350000000000003e-06,0.07321886766113006,26.279749830000583,1459,293,1166,632.7986348122867,605.90671,0.0583,0.25,atomic,0.273442589863741,0.17077293195571058,0.0010316287334944186,1.4562141424663555,8.373209157307699e-05,-0.0001149510281724259,0.00015009440939008837,1.733452746462411,0.06037735849056604,0.42386253208531705,0.0010940111182196814,0.23221713514238404,0.17940868845048796,0.24887680222322786,0.18240828871045164,1.9719467994605446,0.23849405299813364
dwell_r3_xi_0.25_p+0_Nd4001_dt1,main,dwell,3,xi_0.25,0,4001,1.0,2.5350000000000003e-06,0.07321886766113006,26.279749830000583,1459,293,1166,632.7986348122867,605.90671,0.0583,0.25,static,0.030134217298914124,0.02467491952828469,0.0013431605355160377,1.3707168060981212,9.813230018198059e-05,-1.218282033956095e-07,5.590716824643591e-06,1.9999998320882832,0.0,0.18756351866740342,0.0001878705870213683,,,,,1.9719467994605446,-0.028053032627738617
dwell_r3_xi_0.25_p+0_Nd4001_dt1,main,dwell,3,xi_0.25,0,4001,1.0,2.5350000000000003e-06,0.07321886766113006,26.279749830000583,1459,293,1166,632.7986348122867,605.90671,0.0583,0.25,static_lti,0.0847663486686666,0.029470020285414025,0.001335996996325686,1.3990690045602991,0.00010015668155809324,-2.0893584568418935e-06,3.5506686534257045e-05,1.9997952053734163,0.0,0.21446283753815834,0.0002913346776007782,,,,,1.9719467994605446,-0.027848405912871632
dwell_r3_xi_0.25_p+0_Nd4001_dt1,main,dwell,3,xi_0.25,0,4001,1.0,2.5350000000000003e-06,0.07321886766113006,26.279749830000583,1459,293,1166,632.7986348122867,605.90671,0.0583,0.25,static_mh,0.04544889792923795,0.040118258279477494,0.001342987207258479,1.3691204280207787,9.884993831562896e-05,-3.6570545514584016e-05,5.005008706510586e-05,1.9999802743431916,0.0,0.20464223842453363,0.0002700807531306815,,,,,1.9719467994605446,-0.028033474882646958
dwell_r3_xi_0.25_p+0_Nd4001_dt1,main,dwell,3,xi_0.25,0,4001,1.0,2.5350000000000003e-06,0.07321886766113006,26.279749830000583,1459,293,1166,632.7986348122867,605.90671,0.0583,0.25,static_lti_mh,0.08540615060437945,0.03006127589761346,0.0013360979077497667,1.39907419111209,0.00010019404569593336,-3.852529838098489e-05,3.953686044719557e-05,1.999773065957394,0.0,0.21263118328083522,0.0002954227313314585,,,,,1.9719467994605446,-0.027826266496849383
dwell_r3_xi_0.25_p+0_Nd4001_dt1,main,dwell,3,xi_0.25,0,4001,1.0,2.5350000000000003e-06,0.07321886766113006,26.279749830000583,1459,293,1166,632.7986348122867,605.90671,0.0583,0.25,linear,0.07032508070316737,0.008000113101731555,0.001751308834923419,1.2477701115712811,0.00013038170292924066,-4.670379990698339e-06,5.969601451122511e-05,1.9719467994605446,0.007547169811320755,0.18020659129143107,0.0002264463449807907,,,,,1.9719467994605446,0.0
dwell_r3_xi_0.5_p+0_Nd4001_dt1,main,dwell,3,xi_0.5,0,4001,1.0,2.5350000000000003e-06,0.07321886766113006,23.579896757000824,1459,146,1313,1269.9315068493152,1196.56055,0.06565,0.5,atomic,0.25555664909845593,0.16915886117976736,0.0010489476049530602,1.4614630447851162,8.457813207881124e-05,-9.06566332697369e-05,0.00016055455537103186,1.7684602404374576,0.04150943396226415,0.4215140805774821,0.0011031716214427259,0.21009672135908428,0.16463980064765776,0.21831216071993248,0.1655916272161634,1.995803374607368,0.22734313416991037
dwell_r3_xi_0.5_p+0_Nd4001_dt1,main,dwell,3,xi_0.5,0,4001,1.0,2.5350000000000003e-06,0.07321886766113006,23.579896757000824,1459,146,1313,1269.9315068493152,1196.56055,0.06565,0.5,static,0.030761528103390414,0.029014589721259202,0.0013409139570817702,1.3699750150561296,9.800623011057154e-05,1.1201885543815071e-07,4.659865281283604e-06,1.9999999801201198,0.0,0.18054110007576207,0.00018231861566488244,,,,,1.995803374607368,-0.004196605512751805
dwell_r3_xi_0.5_p+0_Nd4001_dt1,main,dwell,3,xi_0.5,0,4001,1.0,2.5350000000000003e-06,0.07321886766113006,23.579896757000824,1459,146,1313,1269.9315068493152,1196.56055,0.06565,0.5,static_lti,0.07454265982971145,0.03230834800265688,0.0013357277333517089,1.3934926542180375,9.967580835200984e-05,-4.991986449293115e-06,2.8786480231169215e-05,1.9998046196609467,0.0,0.2136234362601959,0.00024170062976007286,,,,,1.995803374607368,-0.004001245053578684
dwell_r3_xi_0.5_p+0_Nd4001_dt1,main,dwell,3,xi_0.5,0,4001,1.0,2.5350000000000003e-06,0.07321886766113006,23.579896757000824,1459,146,1313,1269.9315068493152,1196.56055,0.06565,0.5,static_mh,0.0381884135680151,0.0364433400663565,0.0013423324003903733,1.3688429703631553,9.84645054432437e-05,-3.662919282885346e-05,5.291625181864646e-05,1.9999974036813124,0.0,0.20105428008333243,0.0002174189183566856,,,,,1.995803374607368,-0.004194029073944394
dwell_r3_xi_0.5_p+0_Nd4001_dt1,main,dwell,3,xi_0.5,0,4001,1.0,2.5350000000000003e-06,0.07321886766113006,23.579896757000824,1459,146,1313,1269.9315068493152,1196.56055,0.06565,0.5,static_lti_mh,0.07500474315934605,0.03269163288793031,0.0013359985384425762,1.3934068082933628,9.971725736384231e-05,-4.1678598008768145e-05,3.5794533506783256e-05,1.9998303462885214,0.0,0.21535432166204974,0.0002490210004888877,,,,,1.995803374607368,-0.004026971681153402
dwell_r3_xi_0.5_p+0_Nd4001_dt1,main,dwell,3,xi_0.5,0,4001,1.0,2.5350000000000003e-06,0.07321886766113006,23.579896757000824,1459,146,1313,1269.9315068493152,1196.56055,0.06565,0.5,linear,0.05271733841296903,0.005667888307472703,0.0017489718191620112,1.241647021383665,0.00012916068793439024,-7.18844774202724e-06,4.780423894316011e-05,1.995803374607368,0.0037735849056603774,0.1634307424291192,0.00010704116291617527,,,,,1.995803374607368,0.0
dwell_r3_xi_1_p+0_Nd4001_dt1,main,dwell,3,xi_1,0,4001,1.0,2.5350000000000003e-06,0.07321886766113006,23.608200837999902,1459,73,1386,2539.8630136986303,2373.85055,0.0693,1,atomic,0.3669618214059504,0.2767895424744583,0.0009826133376510129,1.4796348095834067,8.314963146452047e-05,-7.173385614391557e-05,0.0001598164932491283,1.4988689485769646,0.06037735849056604,0.5211015455213872,0.0017718000508239898,0.25193831188149174,0.2144217468606741,0.25427980524236876,0.21459382785849343,1.9687233913450037,0.4698544427680391
dwell_r3_xi_1_p+0_Nd4001_dt1,main,dwell,3,xi_1,0,4001,1.0,2.5350000000000003e-06,0.07321886766113006,23.608200837999902,1459,73,1386,2539.8630136986303,2373.85055,0.0693,1,static,0.03053513034669158,0.029862340092523292,0.0013374517027191122,1.3715072369438328,9.833365301794764e-05,1.0517421793491106e-07,4.020829080347136e-06,1.9999996212722906,0.0,0.18473747721000053,0.00017962821237502567,,,,,1.9687233913450037,-0.03127622992728685
dwell_r3_xi_1_p+0_Nd4001_dt1,main,dwell,3,xi_1,0,4001,1.0,2.5350000000000003e-06,0.07321886766113006,23.608200837999902,1459,73,1386,2539.8630136986303,2373.85055,0.0693,1,static_lti,0.0719848042109448,0.032756273294910966,0.0013290261503321674,1.3920109657333006,9.965848191980338e-05,-2.3775645674005693e-06,2.7897120427873203e-05,1.9998990612634817,0.0,0.2065883167182576,0.00022702506570801198,,,,,1.9687233913450037,-0.031175669918477977
dwell_r3_xi_1_p+0_Nd4001_dt1,main,dwell,3,xi_1,0,4001,1.0,2.5350000000000003e-06,0.07321886766113006,23.608200837999902,1459,73,1386,2539.8630136986303,2373.85055,0.0693,1,static_mh,0.03438320094401545,0.03373848484332236,0.001338219877793388,1.3713456582604797,9.857432357402983e-05,-3.6210994370886095e-05,5.4878554965963774e-05,1.9999619446903047,0.0,0.1923407467171162,0.00020005438680401364,,,,,1.9687233913450037,-0.031238553345301012
dwell_r3_xi_1_p+0_Nd4001_dt1,main,dwell,3,xi_1,0,4001,1.0,2.5350000000000003e-06,0.07321886766113006,23.608200837999902,1459,73,1386,2539.8630136986303,2373.85055,0.0693,1,static_lti_mh,0.07223059468021466,0.033131979292092974,0.001329154252616924,1.391854543608896,9.968007458669784e-05,-3.87395388530498e-05,4.083768855568401e-05,1.9999224969834384,0.0,0.20676788243637184,0.00022642615224620927,,,,,1.9687233913450037,-0.031199105638434643
dwell_r3_xi_1_p+0_Nd4001_dt1,main,dwell,3,xi_1,0,4001,1.0,2.5350000000000003e-06,0.07321886766113006,23.608200837999902,1459,73,1386,2539.8630136986303,2373.85055,0.0693,1,linear,0.04601237001310426,0.004535975225498732,0.0017411480686702412,1.2387924529854657,0.0001289335462971357,-2.563814424708067e-06,4.339888366383788e-05,1.9687233913450037,0.0037735849056603774,0.12482403531277377,8.723665952899727e-05,,,,,1.9687233913450037,0.0
dwell_r3_xi_2_p+0_Nd4001_dt1,main,dwell,3,xi_2,0,4001,1.0,2.5350000000000003e-06,0.07321886766113006,23.456693728001483,1459,37,1422,5011.081081081081,4664.79323,0.0711,2,atomic,0.41957508691176404,0.31859582612186843,0.0009550888275378118,1.4749653573880483,8.247118602988268e-05,-6.286207453522162e-05,0.00015464285838756565,1.595142447872794,0.04150943396226415,0.5670860627686614,0.0021685923489440043,0.25853739306602375,0.22093786174331412,0.2608489169425547,0.2209105608095465,1.9999994508755812,0.40485700300278715
dwell_r3_xi_2_p+0_Nd4001_dt1,main,dwell,3,xi_2,0,4001,1.0,2.5350000000000003e-06,0.07321886766113006,23.456693728001483,1459,37,1422,5011.081081081081,4664.79323,0.0711,2,static,0.030536279674951605,0.03004234326642093,0.0013377798533291034,1.3717079707296695,9.841857928296626e-05,-1.2813097948050394e-08,3.691544719080876e-06,1.999999993205364,0.0,0.17986891675374733,0.00017985675107904227,,,,,1.9999994508755812,-5.423297828599516e-07
dwell_r3_xi_2_p+0_Nd4001_dt1,main,dwell,3,xi_2,0,4001,1.0,2.5350000000000003e-06,0.07321886766113006,23.456693728001483,1459,37,1422,5011.081081081081,4664.79323,0.0711,2,static_lti,0.07031185839599347,0.03224644131086454,0.001325972848485365,1.3919119079404785,9.941170569170764e-05,-3.164895290654696e-06,2.4183632353464468e-05,1.999995143645309,0.0,0.19153609553753076,0.000214783207478729,,,,,1.9999994508755812,4.307230272226903e-06
dwell_r3_xi_2_p+0_Nd4001_dt1,main,dwell,3,xi_2,0,4001,1.0,2.5350000000000003e-06,0.07321886766113006,23.456693728001483,1459,37,1422,5011.081081081081,4664.79323,0.0711,2,static_mh,0.03282394197353058,0.03231389012148131,0.0013374033462156237,1.3710287715068294,9.849885987530906e-05,-3.632576151040311e-05,5.550496340149437e-05,1.9999997467986224,0.0,0.18211442142287618,0.00018588345805215764,,,,,1.9999994508755812,-2.959230411825331e-07
dwell_r3_xi_2_p+0_Nd4001_dt1,main,dwell,3,xi_2,0,4001,1.0,2.5350000000000003e-06,0.07321886766113006,23.456693728001483,1459,37,1422,5011.081081081081,4664.79323,0.0711,2,static_lti_mh,0.07066046423525726,0.03256504503383809,0.001326063079879002,1.3918796995841287,9.94342853609415e-05,-3.947803577279165e-05,4.6909012629012894e-05,1.9999960110793829,0.0,0.19090450580057985,0.0002154167556284173,,,,,1.9999994508755812,3.4397961983234637e-06
dwell_r3_xi_2_p+0_Nd4001_dt1,main,dwell,3,xi_2,0,4001,1.0,2.5350000000000003e-06,0.07321886766113006,23.456693728001483,1459,37,1422,5011.081081081081,4664.79323,0.0711,2,linear,0.043068421303325,0.004056054331408271,0.0017362587185080927,1.2382066199492048,0.0001284484207095949,-4.998056183505478e-06,3.673383103501308e-05,1.9999994508755812,0.0,0.10229829694293022,5.475527832328116e-05,,,,,1.9999994508755812,0.0
dwell_r3_xi_4_p+0_Nd4001_dt1,main,dwell,3,xi_4,0,4001,1.0,2.5350000000000003e-06,0.07321886766113006,23.483020145999035,1459,18,1441,10300.555555555555,9568.40055,0.07205,4,atomic,0.4468207638512096,0.33787053461980804,0.0009276363761226797,1.467944581456483,8.088645067178739e-05,-4.795954503862033e-05,0.00011442615192379682,1.6700466980241804,0.03018867924528302,0.6117355155523153,0.0019600654605458957,0.24206759688955726,0.20047441139058858,0.24214466110053454,0.20036678076942674,2.0,0.3299533019758196
dwell_r3_xi_4_p+0_Nd4001_dt1,main,dwell,3,xi_4,0,4001,1.0,2.5350000000000003e-06,0.07321886766113006,23.483020145999035,1459,18,1441,10300.555555555555,9568.40055,0.07205,4,static,0.030717572392499927,0.030615383341347016,0.0013368332772959223,1.3715488378866498,9.841973818729733e-05,-3.8699811953757635e-08,3.426318659189515e-06,1.9999999965396456,0.0,0.1834251819228797,0.00019262490311399008,,,,,2.0,3.460354447426539e-09
dwell_r3_xi_4_p+0_Nd4001_dt1,main,dwell,3,xi_4,0,4001,1.0,2.5350000000000003e-06,0.07321886766113006,23.483020145999035,1459,18,1441,10300.555555555555,9568.40055,0.07205,4,static_lti,0.06772691865706898,0.03264359039318554,0.0013249802034079393,1.3900288252678918,9.928352881280976e-05,-1.0264320810585654e-06,2.2981137025530895e-05,1.9999997709335997,0.0,0.19959869450815862,0.00022256553006093035,,,,,2.0,2.2906640029241032e-07
dwell_r3_xi_4_p+0_Nd4001_dt1,main,dwell,3,xi_4,0,4001,1.0,2.5350000000000003e-06,0.07321886766113006,23.483020145999035,1459,18,1441,10300.555555555555,9568.40055,0.07205,4,static_mh,0.03184046697943249,0.03173314161813129,0.0013366690142768633,1.371752357818552,9.845957926595953e-05,-3.6335705939296416e-05,5.584548777609787e-05,1.9999999942027071,0.0,0.18562728904914366,0.00019782762667533405,,,,,2.0,5.797292867981696e-09
dwell_r3_xi_4_p+0_Nd4001_dt1,main,dwell,3,xi_4,0,4001,1.0,2.5350000000000003e-06,0.07321886766113006,23.483020145999035,1459,18,1441,10300.555555555555,9568.40055,0.07205,4,static_lti_mh,0.068053023239168,0.03298728934134095,0.0013250101634455936,1.3900659505630983,9.929992079830429e-05,-3.7323653117305784e-05,5.293303603062949e-05,1.9999997771181164,0.0,0.200090566784337,0.0002228224762826351,,,,,2.0,2.2288188361585526e-07
dwell_r3_xi_4_p+0_Nd4001_dt1,main,dwell,3,xi_4,0,4001,1.0,2.5350000000000003e-06,0.07321886766113006,23.483020145999035,1459,18,1441,10300.555555555555,9568.40055,0.07205,4,linear,0.0380757760026479,0.0036247905825218772,0.0017344013422497181,1.2360332948189277,0.00012810671899483617,-1.5163890673885957e-06,3.3675470803592576e-05,2.0,0.0,0.09489349017509688,5.7291900370411234e-05,,,,,2.0,0.0
dwell_r3_xi_0.05_p+6_Nd4001_dt1,main,dwell,3,xi_0.05,6,4001,1.0,2.5350000000000003e-06,0.07321886766113006,26.593305414000497,1459,1459,0,127.08019191226867,137.08073,0.0,0.05,atomic,1.5466871292260018,0.5266689389747942,0.0005594124407533699,1.7337445267774156,0.00012303472715354723,0.0003255274820877433,0.0002875185258435701,0.5044179966407963,0.37735849056603776,1.1058612944426778,0.026613344345787656,0.8313404580434867,0.9139104509837855,0.8849902567693501,0.950851484454165,1.5916919021891374,1.087273905548341
dwell_r3_xi_0.05_p+6_Nd4001_dt1,main,dwell,3,xi_0.05,6,4001,1.0,2.5350000000000003e-06,0.07321886766113006,26.593305414000497,1459,1459,0,127.08019191226867,137.08073,0.0,0.05,static,0.39802211513011565,0.12212125948842477,0.0007232372048717397,1.5589733523872995,0.00011802599999533625,-1.3931224391465135e-07,1.2585276700297543e-05,1.9266011771941756,0.0,0.6409936644090012,0.007895170325602769,,,,,1.5916919021891374,-0.3349092750050382
dwell_r3_xi_0.05_p+6_Nd4001_dt1,main,dwell,3,xi_0.05,6,4001,1.0,2.5350000000000003e-06,0.07321886766113006,26.593305414000497,1459,1459,0,127.08019191226867,137.08073,0.0,0.05,static_lti,0.737283369725004,0.13986889867460692,0.000680802929688758,1.588066932426897,0.00012382751381303524,-1.4201253119130015e-06,8.03031274568067e-05,1.7427046290374297,0.0,0.8362403717569007,0.013814756661734597,,,,,1.5916919021891374,-0.15101272684829237
dwell_r3_xi_0.05_p+6_Nd4001_dt1,main,dwell,3,xi_0.05,6,4001,1.0,2.5350000000000003e-06,0.07321886766113006,26.593305414000497,1459,1459,0,127.08019191226867,137.08073,0.0,0.05,static_mh,2.2564962557301658,1.6036680610345946,0.0007254432740095688,1.5538918476591213,0.00018054391191249373,2.0630335209350184e-05,7.128654916166063e-05,0.5264514585132609,0.33584905660377357,1.44031332794759,0.04935416421544826,,,,,1.5916919021891374,1.0652404436758764
dwell_r3_xi_0.05_p+6_Nd4001_dt1,main,dwell,3,xi_0.05,6,4001,1.0,2.5350000000000003e-06,0.07321886766113006,26.593305414000497,1459,1459,0,127.08019191226867,137.08073,0.0,0.05,static_lti_mh,0.8047519288487335,0.18440503562338795,0.0006804448735047936,1.5893778853816625,0.00012614902919733364,1.938909878483062e-05,8.481188455981398e-05,1.616497026372967,0.033962264150943396,0.8715147170964155,0.0155849026139586,,,,,1.5916919021891374,-0.02480512418382963
dwell_r3_xi_0.05_p+6_Nd4001_dt1,main,dwell,3,xi_0.05,6,4001,1.0,2.5350000000000003e-06,0.07321886766113006,26.593305414000497,1459,1459,0,127.08019191226867,137.08073,0.0,0.05,linear,0.178788501157393,0.009693617499468317,0.0018369217976765668,1.2961395913872642,0.00027515471526723986,-7.685360121231092e-06,0.00027189883979370383,1.5916919021891374,0.1471698113207547,0.37998085631687284,0.0033186172817374735,,,,,1.5916919021891374,0.0
dwell_r3_xi_0.1_p+6_Nd4001_dt1,main,dwell,3,xi_0.1,6,4001,1.0,2.5350000000000003e-06,0.07321886766113006,23.19832212199981,1459,731,728,253.6388508891929,254.40724,0.0364,0.1,atomic,1.1026810468760158,0.3993151167152191,0.0005045001859242309,1.7999257296403648,0.00010397711193369136,0.0003048800854170956,0.000295499702079704,0.5567200672779996,0.32452830188679244,0.9906616957784905,0.024288886728105023,0.7869082204029744,0.8554046064874651,0.8933639095394624,0.8844410370778365,1.7679045902492525,1.2111845229712528
dwell_r3_xi_0.1_p+6_Nd4001_dt1,main,dwell,3,xi_0.1,6,4001,1.0,2.5350000000000003e-06,0.07321886766113006,23.19832212199981,1459,731,728,253.6388508891929,254.40724,0.0364,0.1,static,0.5845849118525931,0.25046806652260334,0.0006662391642381025,1.5996501568689196,0.00011940225352064177,-2.8228151161399776e-07,8.11277108149029e-06,1.8109109574289723,0.0,0.7986182998465206,0.011990935394278732,,,,,1.7679045902492525,-0.04300636717971984
dwell_r3_xi_0.1_p+6_Nd4001_dt1,main,dwell,3,xi_0.1,6,4001,1.0,2.5350000000000003e-06,0.07321886766113006,23.19832212199981,1459,731,728,253.6388508891929,254.40724,0.0364,0.1,static_lti,0.866112005963565,0.2764768214207456,0.0006356280214448129,1.62897355435516,0.0001236119788035954,2.1376374819280533e-06,5.393006578258513e-05,1.6404448430854917,0.0037735849056603774,0.9256251924794944,0.016304959582182962,,,,,1.7679045902492525,0.12745974716376085
dwell_r3_xi_0.1_p+6_Nd4001_dt1,main,dwell,3,xi_0.1,6,4001,1.0,2.5350000000000003e-06,0.07321886766113006,23.19832212199981,1459,731,728,253.6388508891929,254.40724,0.0364,0.1,static_mh,1.4455839796337073,0.9210277921776113,0.0006647020245901352,1.589294809045771,0.00014791609195558003,2.063883282925663e-05,0.00013579849255409887,0.8963866107425009,0.2037735849056604,1.3141955826012346,0.037095937414977215,,,,,1.7679045902492525,0.8715179795067516
dwell_r3_xi_0.1_p+6_Nd4001_dt1,main,dwell,3,xi_0.1,6,4001,1.0,2.5350000000000003e-06,0.07321886766113006,23.19832212199981,1459,731,728,253.6388508891929,254.40724,0.0364,0.1,static_lti_mh,0.9069976254682477,0.30395923897284516,0.0006345296295563478,1.6311034662857111,0.0001247373688243828,2.3077144841167498e-05,7.327473251428093e-05,1.5552014732010226,0.018867924528301886,0.9515128209863813,0.017945644660942808,,,,,1.7679045902492525,0.21270311704822986
dwell_r3_xi_0.1_p+6_Nd4001_dt1,main,dwell,3,xi_0.1,6,4001,1.0,2.5350000000000003e-06,0.07321886766113006,23.19832212199981,1459,731,728,253.6388508891929,254.40724,0.0364,0.1,linear,0.1181636522468637,0.010118603634526322,0.0018002333532504907,1.2722878723487925,0.00027076195858545874,-2.1629434340908264e-05,0.00020230772650706283,1.7679045902492525,0.08679245283018867,0.32336210362959567,0.0024069106241364994,,,,,1.7679045902492525,0.0
dwell_r3_xi_0.25_p+6_Nd4001_dt1,main,dwell,3,xi_0.25,6,4001,1.0,2.5350000000000003e-06,0.07321886766113006,22.992384466999283,1459,293,1166,632.7986348122867,605.90671,0.0583,0.25,atomic,0.931233391756899,0.3993365072418667,0.00045949139656907036,1.8856662927460068,9.162576458619201e-05,0.0003489326364745515,0.00037452636903740054,0.879612048076662,0.21509433962264152,0.8442526818596863,0.017102291002282922,0.6605481439311381,0.693707492130084,0.7492639088236902,0.7102671936732713,1.974697059937214,1.095085011860552
dwell_r3_xi_0.25_p+6_Nd4001_dt1,main,dwell,3,xi_0.25,6,4001,1.0,2.5350000000000003e-06,0.07321886766113006,22.992384466999283,1459,293,1166,632.7986348122867,605.90671,0.0583,0.25,static,0.6377213288111094,0.46199439440807566,0.0006509395415897557,1.6102616245947412,0.00011969567368370217,-8.567796177154418e-08,5.603431437711174e-06,1.7513416142310148,0.0,0.8226395060082313,0.01388635158252851,,,,,1.974697059937214,0.22335544570619925
dwell_r3_xi_0.25_p+6_Nd4001_dt1,main,dwell,3,xi_0.25,6,4001,1.0,2.5350000000000003e-06,0.07321886766113006,22.992384466999283,1459,293,1166,632.7986348122867,605.90671,0.0583,0.25,static_lti,0.7738472035977203,0.5046238804075701,0.0006368388195966795,1.6325228322392762,0.0001218615696504856,1.5387831863204616e-06,3.638539214224771e-05,1.6882651032343476,0.0037735849056603774,0.8772807384684903,0.015101240656205241,,,,,1.974697059937214,0.28643195670286636
dwell_r3_xi_0.25_p+6_Nd4001_dt1,main,dwell,3,xi_0.25,6,4001,1.0,2.5350000000000003e-06,0.07321886766113006,22.992384466999283,1459,293,1166,632.7986348122867,605.90671,0.0583,0.25,static_mh,1.0220272267439299,0.8142794674204156,0.0006476725348050117,1.605468066536554,0.0001323013175046169,2.152862670756227e-05,0.0002124980222778019,1.319029597393037,0.06792452830188679,0.9506291453268407,0.02152315074064889,,,,,1.974697059937214,0.655667462544177
dwell_r3_xi_0.25_p+6_Nd4001_dt1,main,dwell,3,xi_0.25,6,4001,1.0,2.5350000000000003e-06,0.07321886766113006,22.992384466999283,1459,293,1166,632.7986348122867,605.90671,0.0583,0.25,static_lti_mh,0.7874947360271235,0.5173906790294223,0.000636751769636179,1.6331285181012007,0.0001223097219966675,2.3207468976705875e-05,8.835914231455016e-05,1.6622631615011236,0.018867924528301886,0.8931137739246173,0.015671439685825662,,,,,1.974697059937214,0.3124338984360904
dwell_r3_xi_0.25_p+6_Nd4001_dt1,main,dwell,3,xi_0.25,6,4001,1.0,2.5350000000000003e-06,0.07321886766113006,22.992384466999283,1459,293,1166,632.7986348122867,605.90671,0.0583,0.25,linear,0.07032508070315405,0.008000113101735347,0.0017513088349235806,1.2477701115712916,0.00026014569841618137,-9.318633192025438e-06,0.00011910920810808526,1.974697059937214,0.007547169811320755,0.1757741259763957,0.0008782786208115238,,,,,1.974697059937214,0.0
dwell_r3_xi_0.5_p+6_Nd4001_dt1,main,dwell,3,xi_0.5,6,4001,1.0,2.5350000000000003e-06,0.07321886766113006,23.004895824000414,1459,146,1313,1269.9315068493152,1196.56055,0.06565,0.5,atomic,0.9626711475499249,0.5118896900557136,0.0004948449084623265,1.806213078532679,9.94925837863933e-05,0.00026733947069202443,0.00040422048931022754,1.0262316737891795,0.12830188679245283,0.8219275177232616,0.01327062475058131,0.5527939070638686,0.5668169441095556,0.621051016259348,0.579183680292036,1.9976380940258684,0.971406420236689
dwell_r3_xi_0.5_p+6_Nd4001_dt1,main,dwell,3,xi_0.5,6,4001,1.0,2.5350000000000003e-06,0.07321886766113006,23.004895824000414,1459,146,1313,1269.9315068493152,1196.56055,0.06565,0.5,static,0.6596626938430765,0.596799884400874,0.0006479018468769578,1.6116243998258282,0.00011984815972405556,-1.976439973917516e-07,4.324145703926437e-06,1.7686065465149798,0.0,0.7776000944678741,0.01364403199729037,,,,,1.9976380940258684,0.2290315475108886
dwell_r3_xi_0.5_p+6_Nd4001_dt1,main,dwell,3,xi_0.5,6,4001,1.0,2.5350000000000003e-06,0.07321886766113006,23.004895824000414,1459,146,1313,1269.9315068493152,1196.56055,0.06565,0.5,static_lti,0.7509415371822621,0.6315296371202862,0.0006387729652698206,1.6308842942075925,0.00012135656232885176,-6.408249333156022e-07,2.9332331509525678e-05,1.7247866934801275,0.011320754716981131,0.7953893413029287,0.014294248304873922,,,,,1.9976380940258684,0.272851400545741
dwell_r3_xi_0.5_p+6_Nd4001_dt1,main,dwell,3,xi_0.5,6,4001,1.0,2.5350000000000003e-06,0.07321886766113006,23.004895824000414,1459,146,1313,1269.9315068493152,1196.56055,0.06565,0.5,static_mh,0.8856327092419377,0.8162946786062456,0.0006496265754529844,1.6043182924650352,0.00012805257180519366,1.9907514502537702e-05,0.00022427646181700988,1.5146006709017135,0.04150943396226415,0.879876571652854,0.016336136624569682,,,,,1.9976380940258684,0.483037423124155
dwell_r3_xi_0.5_p+6_Nd4001_dt1,main,dwell,3,xi_0.5,6,4001,1.0,2.5350000000000003e-06,0.07321886766113006,23.004895824000414,1459,146,1313,1269.9315068493152,1196.56055,0.06565,0.5,static_lti_mh,0.7625864157104482,0.6419807377649361,0.0006378231859227358,1.6318005803080962,0.00012157738081613303,1.9702302333258894e-05,0.0001091141334907383,1.6978393028198884,0.022641509433962263,0.8059535301727124,0.014605478231121433,,,,,1.9976380940258684,0.2997987912059801
dwell_r3_xi_0.5_p+6_Nd4001_dt1,main,dwell,3,xi_0.5,6,4001,1.0,2.5350000000000003e-06,0.07321886766113006,23.004895824000414,1459,146,1313,1269.9315068493152,1196.56055,0.06565,0.5,linear,0.05271733841295997,0.005667888307472937,0.001748971819162152,1.2416470213836648,0.0002577094532109444,-1.4342838882786022e-05,9.538199645905573e-05,1.9976380940258684,0.0,0.1597835319356657,0.0003987897034164706,,,,,1.9976380940258684,0.0
dwell_r3_xi_1_p+6_Nd4001_dt1,main,dwell,3,xi_1,6,4001,1.0,2.5350000000000003e-06,0.07321886766113006,26.85203193400048,1459,73,1386,2539.8630136986303,2373.85055,0.0693,1,atomic,1.0597430402309873,0.5796965793905722,0.0004824673968052259,1.8178063985253716,9.994048484040445e-05,0.0002132667758237138,0.00040371164544188284,1.0727436022640828,0.1320754716981132,0.827785555857241,0.015053464506203892,0.4988662484008685,0.499379859482679,0.5438718571246557,0.5055623759246458,1.9637106975473964,0.8909670952833135
dwell_r3_xi_1_p+6_Nd4001_dt1,main,dwell,3,xi_1,6,4001,1.0,2.5350000000000003e-06,0.07321886766113006,26.85203193400048,1459,73,1386,2539.8630136986303,2373.85055,0.0693,1,static,0.6734405626964903,0.6487149005972916,0.0006408818182464688,1.6182944311944494,0.00011983160866316476,-6.31784649195497e-08,3.783234646339849e-06,1.721314834154142,0.0,0.8357199645450246,0.015311512507316397,,,,,1.9637106975473964,0.24239586339325436
dwell_r3_xi_1_p+6_Nd4001_dt1,main,dwell,3,xi_1,6,4001,1.0,2.5350000000000003e-06,0.07321886766113006,26.85203193400048,1459,73,1386,2539.8630136986303,2373.85055,0.0693,1,static_lti,0.7454094688548271,0.6716748017342083,0.0006336396578944173,1.6350185773262624,0.00012099653207738891,-2.181803195864309e-06,2.2129056879268498e-05,1.6979812376653387,0.0,0.8545756963619372,0.015993924876368904,,,,,1.9637106975473964,0.26572945988205765
dwell_r3_xi_1_p+6_Nd4001_dt1,main,dwell,3,xi_1,6,4001,1.0,2.5350000000000003e-06,0.07321886766113006,26.85203193400048,1459,73,1386,2539.8630136986303,2373.85055,0.0693,1,static_mh,0.8248628686647341,0.7991032053057363,0.0006425809957355534,1.6174483463387297,0.00012541055014157794,2.1853676306498586e-05,0.0002321454065809411,1.532749906060124,0.026415094339622643,0.9371064680386824,0.019198797646187562,,,,,1.9637106975473964,0.4309607914872724
dwell_r3_xi_1_p+6_Nd4001_dt1,main,dwell,3,xi_1,6,4001,1.0,2.5350000000000003e-06,0.07321886766113006,26.85203193400048,1459,73,1386,2539.8630136986303,2373.85055,0.0693,1,static_lti_mh,0.7526073762163975,0.6784906985302015,0.0006335384068464255,1.6354530507272473,0.00012122431257472984,1.953926483659321e-05,0.0001318687376663571,1.6766337749118578,0.007547169811320755,0.8580301056922367,0.016520064197163842,,,,,1.9637106975473964,0.2870769226355385
dwell_r3_xi_1_p+6_Nd4001_dt1,main,dwell,3,xi_1,6,4001,1.0,2.5350000000000003e-06,0.07321886766113006,26.85203193400048,1459,73,1386,2539.8630136986303,2373.85055,0.0693,1,linear,0.04601237001310291,0.004535975225499361,0.0017411480686703382,1.2387924529854657,0.00025725624606196966,-5.115482304193787e-06,8.659215708617365e-05,1.9637106975473964,0.0037735849056603774,0.12033002682007546,0.00031292313939278334,,,,,1.9637106975473964,0.0
dwell_r3_xi_2_p+6_Nd4001_dt1,main,dwell,3,xi_2,6,4001,1.0,2.5350000000000003e-06,0.07321886766113006,31.87416820100043,1459,37,1422,5011.081081081081,4664.79323,0.0711,2,atomic,1.2123352554094318,0.6991323115002684,0.00046705284760523234,1.807679139114421,0.00010045344613047726,0.00015171774839601562,0.00039019384174552414,1.065548000775622,0.12075471698113208,0.9301844414056533,0.01864220778736211,0.42927701433074034,0.42778716277450446,0.4714235070271533,0.43203864257356084,1.9999999900779988,0.9344519893023768
dwell_r3_xi_2_p+6_Nd4001_dt1,main,dwell,3,xi_2,6,4001,1.0,2.5350000000000003e-06,0.07321886766113006,31.87416820100043,1459,37,1422,5011.081081081081,4664.79323,0.0711,2,static,0.6731514653006201,0.6557818709532617,0.0006395924852611655,1.6191700081895133,0.00011986419842787182,-7.909666954895561e-08,3.3902363773428534e-06,1.7448176624699168,0.0,0.8134217684180928,0.014475682101979883,,,,,1.9999999900779988,0.255182327608082
dwell_r3_xi_2_p+6_Nd4001_dt1,main,dwell,3,xi_2,6,4001,1.0,2.5350000000000003e-06,0.07321886766113006,31.87416820100043,1459,37,1422,5011.081081081081,4664.79323,0.0711,2,static_lti,0.7373229795029398,0.6701353437394361,0.0006334347966956189,1.6358875870050638,0.00012096260602787647,-3.5487819394742003e-07,2.1215317097252576e-05,1.7387298762366925,0.0,0.815117232351619,0.014641758429201407,,,,,1.9999999900779988,0.2612701138413063
dwell_r3_xi_2_p+6_Nd4001_dt1,main,dwell,3,xi_2,6,4001,1.0,2.5350000000000003e-06,0.07321886766113006,31.87416820100043,1459,37,1422,5011.081081081081,4664.79323,0.0711,2,static_mh,0.8008228860896517,0.7812196185852195,0.000637840290916543,1.6141030941003947,0.0001239599465881913,2.1869360008777736e-05,0.00023513524123277971,1.5968852851829254,0.011320754716981131,0.8557037911358268,0.01602947594566524,,,,,1.9999999900779988,0.4031147048950734
dwell_r3_xi_2_p+6_Nd4001_dt1,main,dwell,3,xi_2,6,4001,1.0,2.5350000000000003e-06,0.07321886766113006,31.87416820100043,1459,37,1422,5011.081081081081,4664.79323,0.0711,2,static_lti_mh,0.7424661642229167,0.6748468196731441,0.0006330395130566747,1.6365769402398744,0.00012106913237798996,2.1582998633168554e-05,0.00016947575618471149,1.7326315863917106,0.0,0.8125101264391011,0.014690735348191418,,,,,1.9999999900779988,0.2673684036862882
dwell_r3_xi_2_p+6_Nd4001_dt1,main,dwell,3,xi_2,6,4001,1.0,2.5350000000000003e-06,0.07321886766113006,31.87416820100043,1459,37,1422,5011.081081081081,4664.79323,0.0711,2,linear,0.043068421303323334,0.004056054331406999,0.001736258718508187,1.238206619949203,0.000256288293259123,-9.972433151046222e-06,7.329362874859565e-05,1.9999999900779988,0.0,0.0946533434798877,0.00018818700860675897,,,,,1.9999999900779988,0.0
dwell_r3_xi_4_p+6_Nd4001_dt1,main,dwell,3,xi_4,6,4001,1.0,2.5350000000000003e-06,0.07321886766113006,27.38252735900096,1459,18,1441,10300.555555555555,9568.40055,0.07205,4,atomic,1.3999524533300092,0.8414435557317981,0.00044200274585815246,1.8066798363437475,9.906494364114274e-05,0.00011511452689916762,0.00036665903177406117,1.3088169378756749,0.1018867924528302,0.9855887908259569,0.018647912032999613,0.33754267664843185,0.32994115670299223,0.3726878055919203,0.33151065942822117,2.0,0.6911830621243251
dwell_r3_xi_4_p+6_Nd4001_dt1,main,dwell,3,xi_4,6,4001,1.0,2.5350000000000003e-06,0.07321886766113006,27.38252735900096,1459,18,1441,10300.555555555555,9568.40055,0.07205,4,static,0.6807925028696276,0.6766743308429941,0.0006384536367832196,1.6207064488356715,0.00011983800542967413,1.7821088476440025e-08,3.1734215019281803e-06,1.7076205140763991,0.0,0.8474153952971466,0.015471661554308201,,,,,2.0,0.29237948592360086
dwell_r3_xi_4_p+6_Nd4001_dt1,main,dwell,3,xi_4,6,4001,1.0,2.5350000000000003e-06,0.07321886766113006,27.38252735900096,1459,18,1441,10300.555555555555,9568.40055,0.07205,4,static_lti,0.7413962759589816,0.682912749484312,0.0006331731193377472,1.6358651440492076,0.00012096560687530917,-1.1310422438034053e-06,1.957268481591864e-05,1.6960663832733254,0.0,0.8487455708971171,0.01574369802045736,,,,,2.0,0.3039336167266746
dwell_r3_xi_4_p+6_Nd4001_dt1,main,dwell,3,xi_4,6,4001,1.0,2.5350000000000003e-06,0.07321886766113006,27.38252735900096,1459,18,1441,10300.555555555555,9568.40055,0.07205,4,static_mh,0.7822465753373468,0.7764616615042987,0.0006374610340276192,1.6207659220000477,0.00012321452557073498,2.189769382362636e-05,0.0002366426754686792,1.6033586471721655,0.0,0.9060479213483986,0.017352762009218654,,,,,2.0,0.3966413528278345
dwell_r3_xi_4_p+6_Nd4001_dt1,main,dwell,3,xi_4,6,4001,1.0,2.5350000000000003e-06,0.07321886766113006,27.38252735900096,1459,18,1441,10300.555555555555,9568.40055,0.07205,4,static_lti_mh,0.7470530422784938,0.6884619324679171,0.0006331110032853767,1.6357951567923918,0.00012115095644904121,2.0736538979847437e-05,0.00020122979102868936,1.6866887188111161,0.0037735849056603774,0.8486474407788697,0.015823767909945677,,,,,2.0,0.31331128118888385
dwell_r3_xi_4_p+6_Nd4001_dt1,main,dwell,3,xi_4,6,4001,1.0,2.5350000000000003e-06,0.07321886766113006,27.38252735900096,1459,18,1441,10300.555555555555,9568.40055,0.07205,4,linear,0.03807577600264461,0.0036247905825216955,0.0017344013422497335,1.2360332948189177,0.0002556065087047051,-3.025593960990379e-06,6.719139783324309e-05,2.0,0.0,0.0865477273993477,0.00020319382225172255,,,,,2.0,0.0
dwell_r4_xi_0.05_p+3_Nd4001_dt1,main,dwell,4,xi_0.05,3,4001,1.0,2.5350000000000003e-06,0.07321886766113006,26.869802393999635,1459,1459,0,127.08019191226867,137.08073,0.0,0.05,atomic,0.781010375503373,0.3188805663518202,0.0008653251335368299,1.5367020742296562,0.0001127432563630045,1.0731823374948559e-05,0.00023782842349661512,0.6280375432951001,0.39245283018867927,0.9232216116593287,0.0068001405690125034,0.5701739039908073,0.529207674440708,0.8233170580798759,0.6032926652093279,1.4317154124686584,0.8036778691735583
dwell_r4_xi_0.05_p+3_Nd4001_dt1,main,dwell,4,xi_0.05,3,4001,1.0,2.5350000000000003e-06,0.07321886766113006,26.869802393999635,1459,1459,0,127.08019191226867,137.08073,0.0,0.05,static,0.10699788644034978,0.03796851024761598,0.0010427624176428856,1.4170619864589489,0.00010724318321633661,-1.0529518853026966e-07,7.511796315575526e-06,1.9959224109419134,0.0,0.3698738518204997,0.0011226437629200728,,,,,1.4317154124686584,-0.564206998473255
dwell_r4_xi_0.05_p+3_Nd4001_dt1,main,dwell,4,xi_0.05,3,4001,1.0,2.5350000000000003e-06,0.07321886766113006,26.869802393999635,1459,1459,0,127.08019191226867,137.08073,0.0,0.05,static_lti,0.18503149047669937,0.04539631841808094,0.0010434131685205454,1.4669293115622348,0.00011101970476736101,1.4213859601410864e-06,4.933170799620961e-05,1.9675461225998994,0.0,0.46376518036203557,0.001587852468273169,,,,,1.4317154124686584,-0.535830710131241
dwell_r4_xi_0.05_p+3_Nd4001_dt1,main,dwell,4,xi_0.05,3,4001,1.0,2.5350000000000003e-06,0.07321886766113006,26.869802393999635,1459,1459,0,127.08019191226867,137.08073,0.0,0.05,static_mh,1.841518562476267,1.6620887164653215,0.001036005556295101,1.4084829580479945,0.00017059139085301317,3.017633999538109e-05,6.743004179878149e-05,0.48363557029578796,0.37735849056603776,1.4571160976815156,0.02106568828485282,,,,,1.4317154124686584,0.9480798421728704
dwell_r4_xi_0.05_p+3_Nd4001_dt1,main,dwell,4,xi_0.05,3,4001,1.0,2.5350000000000003e-06,0.07321886766113006,26.869802393999635,1459,1459,0,127.08019191226867,137.08073,0.0,0.05,static_lti_mh,0.21527656868196982,0.07140739708878445,0.0010427313984414655,1.4676201521136734,0.00011235094307958673,3.1703118370174364e-05,5.4821378544085234e-05,1.9472214476856522,0.0,0.503238489733964,0.0018608597069252279,,,,,1.4317154124686584,-0.5155060352169938
dwell_r4_xi_0.05_p+3_Nd4001_dt1,main,dwell,4,xi_0.05,3,4001,1.0,2.5350000000000003e-06,0.07321886766113006,26.869802393999635,1459,1459,0,127.08019191226867,137.08073,0.0,0.05,linear,0.1783986962302803,0.009703386095268792,0.0018391351912634803,1.2928636097460091,0.0001950495075849473,-5.198085519813781e-06,0.00020070531847806502,1.4317154124686584,0.22641509433962265,0.4449606512200028,0.0016032244290058954,,,,,1.4317154124686584,0.0
dwell_r4_xi_0.1_p+3_Nd4001_dt1,main,dwell,4,xi_0.1,3,4001,1.0,2.5350000000000003e-06,0.07321886766113006,26.777376219999496,1459,731,728,253.6388508891929,254.40724,0.0364,0.1,atomic,0.5834195926697221,0.27768186846768084,0.00078236849489922,1.5697224791558562,9.916820102807599e-05,-1.2676816595447498e-05,0.00021306600188764424,1.1150416169298327,0.17358490566037735,0.6810425641473666,0.005539892194614709,0.5038178124008951,0.4795076418714222,0.7336910305094815,0.5220446691661331,1.7989506090191074,0.6839089920892747
dwell_r4_xi_0.1_p+3_Nd4001_dt1,main,dwell,4,xi_0.1,3,4001,1.0,2.5350000000000003e-06,0.07321886766113006,26.777376219999496,1459,731,728,253.6388508891929,254.40724,0.0364,0.1,static,0.14853947990002297,0.07319737989317812,0.0009966039132886253,1.4342354871281664,0.00010770908912169872,-2.632862503023099e-07,5.492641653256934e-06,1.9956790741453194,0.0,0.35639893441154985,0.001683941772995334,,,,,1.7989506090191074,-0.196728465126212
dwell_r4_xi_0.1_p+3_Nd4001_dt1,main,dwell,4,xi_0.1,3,4001,1.0,2.5350000000000003e-06,0.07321886766113006,26.777376219999496,1459,731,728,253.6388508891929,254.40724,0.0364,0.1,static_lti,0.20928800488166613,0.081921392335748,0.0009970548116613688,1.4733620415687463,0.00011055469453338546,2.9955081674157086e-06,3.9181183982386e-05,1.986380758829012,0.0,0.3907702794938732,0.0019506537222976957,,,,,1.7989506090191074,-0.1874301498099047
dwell_r4_xi_0.1_p+3_Nd4001_dt1,main,dwell,4,xi_0.1,3,4001,1.0,2.5350000000000003e-06,0.07321886766113006,26.777376219999496,1459,731,728,253.6388508891929,254.40724,0.0364,0.1,static_mh,0.8832020999767216,0.7559805295505748,0.0009831981247077634,1.4244754286893841,0.00013591929288337342,3.0296634359878485e-05,0.00013274167515923486,1.0332716972896945,0.21509433962264152,0.8786108978442855,0.008599003230548297,,,,,1.7989506090191074,0.7656789117294129
dwell_r4_xi_0.1_p+3_Nd4001_dt1,main,dwell,4,xi_0.1,3,4001,1.0,2.5350000000000003e-06,0.07321886766113006,26.777376219999496,1459,731,728,253.6388508891929,254.40724,0.0364,0.1,static_lti_mh,0.22489536907544908,0.09743757613294214,0.0009971438252809617,1.4740730919955582,0.00011127628744291616,3.3634642171320504e-05,6.120801725203551e-05,1.9818800741688114,0.0,0.405756779187166,0.001998140232962117,,,,,1.7989506090191074,-0.18292946514970398
dwell_r4_xi_0.1_p+3_Nd4001_dt1,main,dwell,4,xi_0.1,3,4001,1.0,2.5350000000000003e-06,0.07321886766113006,26.777376219999496,1459,731,728,253.6388508891929,254.40724,0.0364,0.1,linear,0.11568236705338573,0.00993338415831689,0.0018021426364157567,1.2718064940152765,0.0001918701798678494,-6.540878578603169e-06,0.00013738221723163925,1.7989506090191074,0.06415094339622641,0.2941683533253217,0.0009722186923246387,,,,,1.7989506090191074,0.0
dwell_r4_xi_0.25_p+3_Nd4001_dt1,main,dwell,4,xi_0.25,3,4001,1.0,2.5350000000000003e-06,0.07321886766113006,29.21584550100124,1459,293,1166,632.7986348122867,605.90671,0.0583,0.25,atomic,0.5896193464021061,0.3125993179583722,0.0006567396332291587,1.6354527309291078,8.411862978002389e-05,5.864198067382383e-05,0.0002627679755548036,1.2304299816512356,0.1509433962264151,0.7073766829166241,0.005432936879481289,0.4450686651551055,0.42066766414976614,0.5785287928058638,0.4367398479823096,1.9717233997884884,0.7412934181372528
dwell_r4_xi_0.25_p+3_Nd4001_dt1,main,dwell,4,xi_0.25,3,4001,1.0,2.5350000000000003e-06,0.07321886766113006,29.21584550100124,1459,293,1166,632.7986348122867,605.90671,0.0583,0.25,static,0.15935096028672613,0.12594997732280402,0.000985172106875667,1.4393275055858408,0.00010780729704534918,-1.0497535015132423e-07,4.104410342222115e-06,1.9975646753775118,0.0,0.3760904603897042,0.0015881501063288092,,,,,1.9717233997884884,-0.025841275589023383
dwell_r4_xi_0.25_p+3_Nd4001_dt1,main,dwell,4,xi_0.25,3,4001,1.0,2.5350000000000003e-06,0.07321886766113006,29.21584550100124,1459,293,1166,632.7986348122867,605.90671,0.0583,0.25,static_lti,0.19719513163740474,0.13059132668508874,0.000989285715340353,1.4639697144716393,0.00011000634202838209,2.221301541067721e-06,2.5532082710510033e-05,1.9946321347254277,0.0,0.386854609841986,0.0017166942822115186,,,,,1.9717233997884884,-0.022908734936939235
dwell_r4_xi_0.25_p+3_Nd4001_dt1,main,dwell,4,xi_0.25,3,4001,1.0,2.5350000000000003e-06,0.07321886766113006,29.21584550100124,1459,293,1166,632.7986348122867,605.90671,0.0583,0.25,static_mh,0.4410648774576643,0.4007642944603448,0.0009796387877080066,1.437279860402512,0.00011949401026892134,2.9988034731077828e-05,0.0002105331746161304,1.5985950238394877,0.06792452830188679,0.6188218105117109,0.004159397044263766,,,,,1.9717233997884884,0.3731283759490007
dwell_r4_xi_0.25_p+3_Nd4001_dt1,main,dwell,4,xi_0.25,3,4001,1.0,2.5350000000000003e-06,0.07321886766113006,29.21584550100124,1459,293,1166,632.7986348122867,605.90671,0.0583,0.25,static_lti_mh,0.20233776206437482,0.1356622948455266,0.0009892635404623476,1.4643928446154526,0.00011023903354360374,3.2209782169347624e-05,8.641593349761267e-05,1.9931749260468536,0.0,0.3937818947477602,0.0017970265674544478,,,,,1.9717233997884884,-0.021451526258365217
dwell_r4_xi_0.25_p+3_Nd4001_dt1,main,dwell,4,xi_0.25,3,4001,1.0,2.5350000000000003e-06,0.07321886766113006,29.21584550100124,1459,293,1166,632.7986348122867,605.90671,0.0583,0.25,linear,0.0675107749320695,0.007914519554288254,0.001774391510981068,1.2468509993928627,0.0001862470697487006,-4.501741790615037e-07,8.510379053013638e-05,1.9717233997884884,0.01509433962264151,0.19711971094398262,0.0004988535972339656,,,,,1.9717233997884884,0.0
dwell_r4_xi_0.5_p+3_Nd4001_dt1,main,dwell,4,xi_0.5,3,4001,1.0,2.5350000000000003e-06,0.07321886766113006,25.179761260000305,1459,146,1313,1269.9315068493152,1196.56055,0.06565,0.5,atomic,0.698543911911175,0.4367911036632184,0.0006475343505531696,1.661275248485421,8.57570104931302e-05,8.061235268249918e-05,0.00030160336593597445,1.2741252784104584,0.13962264150943396,0.7379653776747387,0.005767220586292162,0.410171219692485,0.3911329234464007,0.4910064103563956,0.39886343259785134,1.9314505357316682,0.6573252573212098
dwell_r4_xi_0.5_p+3_Nd4001_dt1,main,dwell,4,xi_0.5,3,4001,1.0,2.5350000000000003e-06,0.07321886766113006,25.179761260000305,1459,146,1313,1269.9315068493152,1196.56055,0.06565,0.5,static,0.16424179755132623,0.15028982283305017,0.0009822782138923113,1.44005061282197,0.00010775288265959665,-7.93759051555996e-09,3.5821977488960525e-06,1.996062692691213,0.0,0.40175659590547985,0.001760473686795615,,,,,1.9314505357316682,-0.06461215695954481
dwell_r4_xi_0.5_p+3_Nd4001_dt1,main,dwell,4,xi_0.5,3,4001,1.0,2.5350000000000003e-06,0.07321886766113006,25.179761260000305,1459,146,1313,1269.9315068493152,1196.56055,0.06565,0.5,static_lti,0.20440849004573428,0.15349682925861022,0.0009821135318184217,1.461123521428659,0.00010957378630019815,2.453658096599662e-06,2.2935883202434856e-05,1.9948070059468,0.0,0.40256909320477674,0.00171854397785958,,,,,1.9314505357316682,-0.06335647021513169
dwell_r4_xi_0.5_p+3_Nd4001_dt1,main,dwell,4,xi_0.5,3,4001,1.0,2.5350000000000003e-06,0.07321886766113006,25.179761260000305,1459,146,1313,1269.9315068493152,1196.56055,0.06565,0.5,static_mh,0.3121705692868196,0.2954879893795808,0.0009766516412803555,1.4393039535593761,0.00011370246352553923,2.9277158634706988e-05,0.00022393959374288167,1.5803621422677139,0.07547169811320754,0.6069142331489012,0.0030517614867585446,,,,,1.9314505357316682,0.3510883934639544
dwell_r4_xi_0.5_p+3_Nd4001_dt1,main,dwell,4,xi_0.5,3,4001,1.0,2.5350000000000003e-06,0.07321886766113006,25.179761260000305,1459,146,1313,1269.9315068493152,1196.56055,0.06565,0.5,static_lti_mh,0.20777099124277662,0.1561871247284887,0.0009820397944049664,1.4615730537099225,0.0001097183008589877,3.1279107783632723e-05,0.00010861642645357003,1.994554679291358,0.0,0.4079956546996139,0.0017308965465213857,,,,,1.9314505357316682,-0.06310414355968974
dwell_r4_xi_0.5_p+3_Nd4001_dt1,main,dwell,4,xi_0.5,3,4001,1.0,2.5350000000000003e-06,0.07321886766113006,25.179761260000305,1459,146,1313,1269.9315068493152,1196.56055,0.06565,0.5,linear,0.05251783232629088,0.005713013215537422,0.0017494416626364483,1.2422909354016012,0.00018243965875694375,3.031734740497815e-06,6.608120860617612e-05,1.9314505357316682,0.007547169811320755,0.1649390070113523,0.00020708109392896098,,,,,1.9314505357316682,0.0
dwell_r4_xi_1_p+3_Nd4001_dt1,main,dwell,4,xi_1,3,4001,1.0,2.5350000000000003e-06,0.07321886766113006,26.455420459999004,1459,73,1386,2539.8630136986303,2373.85055,0.0693,1,atomic,0.8297002898011341,0.5782501543814985,0.0006426412997091917,1.631640188859376,8.818511216796416e-05,6.942329145009027e-05,0.00031314115942816,1.2742978995226988,0.08679245283018867,0.8718426570909269,0.007478961607032221,0.37233967168613685,0.348786971939234,0.42032794096025683,0.3523428126785897,1.9999999158202413,0.7257020162975425
dwell_r4_xi_1_p+3_Nd4001_dt1,main,dwell,4,xi_1,3,4001,1.0,2.5350000000000003e-06,0.07321886766113006,26.455420459999004,1459,73,1386,2539.8630136986303,2373.85055,0.0693,1,static,0.16592680576896904,0.16174528637865182,0.0009828669315818472,1.4410060064228454,0.00010770128647430476,8.379773872592522e-09,3.3752907185071806e-06,1.9960961869625526,0.0,0.4131486517852178,0.001811659607768238,,,,,1.9999999158202413,0.0039037288576886375
dwell_r4_xi_1_p+3_Nd4001_dt1,main,dwell,4,xi_1,3,4001,1.0,2.5350000000000003e-06,0.07321886766113006,26.455420459999004,1459,73,1386,2539.8630136986303,2373.85055,0.0693,1,static_lti,0.20194081215928475,0.16216262624967803,0.0009829562498072687,1.4597939254590244,0.00010935462736013611,1.6976533208654112e-07,2.1440033927613938e-05,1.9956959301692034,0.0,0.41511357521997255,0.0017608404262312502,,,,,1.9999999158202413,0.004303985651037845
dwell_r4_xi_1_p+3_Nd4001_dt1,main,dwell,4,xi_1,3,4001,1.0,2.5350000000000003e-06,0.07321886766113006,26.455420459999004,1459,73,1386,2539.8630136986303,2373.85055,0.0693,1,static_mh,0.24959485742216114,0.2433735136946717,0.0009831401731725787,1.4368004717405165,0.00011153980864793807,2.790868359200009e-05,0.0002299191141551059,1.783938966339561,0.022641509433962263,0.5533086073881762,0.002656834404512931,,,,,1.9999999158202413,0.21606094948068022
dwell_r4_xi_1_p+3_Nd4001_dt1,main,dwell,4,xi_1,3,4001,1.0,2.5350000000000003e-06,0.07321886766113006,26.455420459999004,1459,73,1386,2539.8630136986303,2373.85055,0.0693,1,static_lti_mh,0.20407713035881658,0.1639466922912951,0.0009828703296415426,1.460049219596324,0.00010944211088764612,2.8205357796669715e-05,0.00014012986276336315,1.9954720569186266,0.0,0.4160053162373995,0.0017705197213558261,,,,,1.9999999158202413,0.0045278589016146675
dwell_r4_xi_1_p+3_Nd4001_dt1,main,dwell,4,xi_1,3,4001,1.0,2.5350000000000003e-06,0.07321886766113006,26.455420459999004,1459,73,1386,2539.8630136986303,2373.85055,0.0693,1,linear,0.04458902706461485,0.00465338504352331,0.0017465571417202845,1.2382333926646245,0.00018110964872070385,-3.195898016647573e-06,5.659843942315071e-05,1.9999999158202413,0.0,0.12801422942690155,0.00014336956115288424,,,,,1.9999999158202413,0.0
dwell_r4_xi_2_p+3_Nd4001_dt1,main,dwell,4,xi_2,3,4001,1.0,2.5350000000000003e-06,0.07321886766113006,25.959395604999372,1459,37,1422,5011.081081081081,4664.79323,0.0711,2,atomic,0.9162015502263581,0.67132963650079,0.00064277796867423,1.6070980029093649,9.108060481233288e-05,5.7921829644641944e-05,0.0003188715500318785,1.2196685437778494,0.10566037735849057,0.8049119202172659,0.007743159620414376,0.34242885256939076,0.3161636914964002,0.36368688598568366,0.31749025173663664,1.966793032992104,0.7471244892142546
dwell_r4_xi_2_p+3_Nd4001_dt1,main,dwell,4,xi_2,3,4001,1.0,2.5350000000000003e-06,0.07321886766113006,25.959395604999372,1459,37,1422,5011.081081081081,4664.79323,0.0711,2,static,0.16698173863736512,0.16520611500845062,0.0009759978289213855,1.4426943591997448,0.00010794511605440923,1.7236043911103823e-08,3.1815769652742324e-06,1.9968791827966286,0.0,0.40591751818587174,0.0017626226075465594,,,,,1.966793032992104,-0.03008614980452462
dwell_r4_xi_2_p+3_Nd4001_dt1,main,dwell,4,xi_2,3,4001,1.0,2.5350000000000003e-06,0.07321886766113006,25.959395604999372,1459,37,1422,5011.081081081081,4664.79323,0.0711,2,static_lti,0.20037341894563898,0.1631810239657993,0.0009771516364097679,1.4613082047906005,0.0001096030488680118,1.5466998855638743e-06,2.0148335885271044e-05,1.9960302095422755,0.0,0.40468473114282083,0.0017873076013410082,,,,,1.966793032992104,-0.02923717655017155
dwell_r4_xi_2_p+3_Nd4001_dt1,main,dwell,4,xi_2,3,4001,1.0,2.5350000000000003e-06,0.07321886766113006,25.959395604999372,1459,37,1422,5011.081081081081,4664.79323,0.0711,2,static_mh,0.21813160205095014,0.21628196970052688,0.0009765347650593793,1.443199216930921,0.00011033208393270486,3.124154073967568e-05,0.00023505314341155215,1.897860648347077,0.01509433962264151,0.4590790545374183,0.002332714031783367,,,,,1.966793032992104,0.06893238464502693
dwell_r4_xi_2_p+3_Nd4001_dt1,main,dwell,4,xi_2,3,4001,1.0,2.5350000000000003e-06,0.07321886766113006,25.959395604999372,1459,37,1422,5011.081081081081,4664.79323,0.0711,2,static_lti_mh,0.20208674687088365,0.1652651337703572,0.0009770799090414786,1.461164722280342,0.00010967186282243014,3.23699441824623e-05,0.00017557678620132118,1.9957579697215695,0.0,0.4045581942348288,0.0018113431166962388,,,,,1.966793032992104,-0.02896493672946554
dwell_r4_xi_2_p+3_Nd4001_dt1,main,dwell,4,xi_2,3,4001,1.0,2.5350000000000003e-06,0.07321886766113006,25.959395604999372,1459,37,1422,5011.081081081081,4664.79323,0.0711,2,linear,0.0411180477043681,0.003945726838173007,0.0017458293754365056,1.2373342669798189,0.00018230235199861235,3.389070277781953e-06,5.19328226640847e-05,1.966793032992104,0.0037735849056603774,0.10371767314516954,0.0001049955480190164,,,,,1.966793032992104,0.0
dwell_r4_xi_4_p+3_Nd4001_dt1,main,dwell,4,xi_4,3,4001,1.0,2.5350000000000003e-06,0.07321886766113006,25.274606793998828,1459,18,1441,10300.555555555555,9568.40055,0.07205,4,atomic,1.0164590205441661,0.7291565254339747,0.0006172641809348574,1.6038370048986927,8.968601137657451e-05,4.1092828052202414e-05,0.00028565602696301566,1.447826906698308,0.052830188679245285,0.8626347704940419,0.007830215436396514,0.3070190618705319,0.27969221788632004,0.32351915374523726,0.2801816083656473,2.0,0.552173093301692
dwell_r4_xi_4_p+3_Nd4001_dt1,main,dwell,4,xi_4,3,4001,1.0,2.5350000000000003e-06,0.07321886766113006,25.274606793998828,1459,18,1441,10300.555555555555,9568.40055,0.07205,4,static,0.16770398507284145,0.16707852806699489,0.0009757732303148116,1.4431873591863962,0.00010794131075994693,2.3683190804418804e-08,3.0888590419113746e-06,1.9955301804090742,0.0,0.41396553742193415,0.001863824041337896,,,,,2.0,0.00446981959092585
dwell_r4_xi_4_p+3_Nd4001_dt1,main,dwell,4,xi_4,3,4001,1.0,2.5350000000000003e-06,0.07321886766113006,25.274606793998828,1459,18,1441,10300.555555555555,9568.40055,0.07205,4,static_lti,0.20268555476650602,0.164374766998581,0.0009753481152562631,1.4606104246622917,0.00010949793871080577,-7.978188188089134e-07,1.9280838588699192e-05,1.9955057969409034,0.0,0.41355279902029474,0.0017965016770659925,,,,,2.0,0.004494203059096646
dwell_r4_xi_4_p+3_Nd4001_dt1,main,dwell,4,xi_4,3,4001,1.0,2.5350000000000003e-06,0.07321886766113006,25.274606793998828,1459,18,1441,10300.555555555555,9568.40055,0.07205,4,static_mh,0.20542095132709307,0.20453848104338518,0.000977404846796188,1.4397132060303095,0.0001098496162419699,3.125347264059902e-05,0.00023675559530630404,1.9887208284393947,0.0,0.44770094855343295,0.0021163626130614433,,,,,2.0,0.011279171560605317
dwell_r4_xi_4_p+3_Nd4001_dt1,main,dwell,4,xi_4,3,4001,1.0,2.5350000000000003e-06,0.07321886766113006,25.274606793998828,1459,18,1441,10300.555555555555,9568.40055,0.07205,4,static_lti_mh,0.20456423804319743,0.166375858968045,0.0009751233669217507,1.4606203709106909,0.00010955637443125794,3.043048240460972e-05,0.0002004327818373244,1.9955897811417391,0.0,0.4165579018298755,0.0017883473178375087,,,,,2.0,0.0044102188582608726
dwell_r4_xi_4_p+3_Nd4001_dt1,main,dwell,4,xi_4,3,4001,1.0,2.5350000000000003e-06,0.07321886766113006,25.274606793998828,1459,18,1441,10300.555555555555,9568.40055,0.07205,4,linear,0.03860214623149898,0.0036808605241417363,0.0017401305942866077,1.2361244769145099,0.00018157483847965693,-3.7237598394226207e-06,4.428098219729228e-05,2.0,0.0,0.08614110855496694,8.848662668510407e-05,,,,,2.0,0.0
dwell_r4_xi_0.05_p+0_Nd4001_dt1,main,dwell,4,xi_0.05,0,4001,1.0,2.5350000000000003e-06,0.07321886766113006,27.186574519000715,1459,1459,0,127.08019191226867,137.08073,0.0,0.05,atomic,0.450335830392278,0.17533907943391105,0.0011951761744925025,1.4226407644117134,9.95032500031514e-05,-8.59732826927652e-05,0.00018228069963759674,0.9093689052379599,0.3169811320754717,0.7019862977192457,0.001843778561771293,0.35780843576848625,0.22191173324431165,0.4386190347398158,0.2365594704935865,1.4287970179409402,0.5194281127029803
dwell_r4_xi_0.05_p+0_Nd4001_dt1,main,dwell,4,xi_0.05,0,4001,1.0,2.5350000000000003e-06,0.07321886766113006,27.186574519000715,1459,1459,0,127.08019191226867,137.08073,0.0,0.05,static,0.025045740366527743,0.012064204419585594,0.0013728399864996142,1.3564396559398317,9.617497305893694e-05,-1.199668028263839e-07,1.269488954550948e-05,1.999990454946244,0.0,0.18278784958501632,0.00013835123095385954,,,,,1.4287970179409402,-0.5711934370053038
dwell_r4_xi_0.05_p+0_Nd4001_dt1,main,dwell,4,xi_0.05,0,4001,1.0,2.5350000000000003e-06,0.07321886766113006,27.186574519000715,1459,1459,0,127.08019191226867,137.08073,0.0,0.05,static_lti,0.13804264905571223,0.014076895003650934,0.0014073817000781598,1.424379445613724,0.00010386773723782804,-7.969714649022504e-07,8.102058677685873e-05,1.815038962147411,0.07169811320754717,0.39616613593195465,0.0005835340661577476,,,,,1.4287970179409402,-0.38624194420647084
dwell_r4_xi_0.05_p+0_Nd4001_dt1,main,dwell,4,xi_0.05,0,4001,1.0,2.5350000000000003e-06,0.07321886766113006,27.186574519000715,1459,1459,0,127.08019191226867,137.08073,0.0,0.05,static_mh,0.13333395582494714,0.11934786902076187,0.001371100976946281,1.3540439832997089,0.00010100521892446788,-3.666471554025157e-05,1.9218802008048726e-05,1.94333146789318,0.0,0.3804366235809512,0.0007265063235140862,,,,,1.4287970179409402,-0.5145344499522397
dwell_r4_xi_0.05_p+0_Nd4001_dt1,main,dwell,4,xi_0.05,0,4001,1.0,2.5350000000000003e-06,0.07321886766113006,27.186574519000715,1459,1459,0,127.08019191226867,137.08073,0.0,0.05,static_lti_mh,0.1407802090348322,0.016824538176444696,0.00140753748500932,1.4244767238819296,0.00010400434947200235,-3.7341687841455025e-05,8.125764807038455e-05,1.8125209794799115,0.06792452830188679,0.3991217238131551,0.0005918197162103814,,,,,1.4287970179409402,-0.38372396153897137
dwell_r4_xi_0.05_p+0_Nd4001_dt1,main,dwell,4,xi_0.05,0,4001,1.0,2.5350000000000003e-06,0.07321886766113006,27.186574519000715,1459,1459,0,127.08019191226867,137.08073,0.0,0.05,linear,0.17839869623038365,0.009703386095269027,0.0018391351912636327,1.2928636097459831,0.00013808447664096562,-3.6799627306190037e-06,0.0001420884841200248,1.4287970179409402,0.2188679245283019,0.44628148245110866,0.0008082100918529818,,,,,1.4287970179409402,0.0
dwell_r4_xi_0.1_p+0_Nd4001_dt1,main,dwell,4,xi_0.1,0,4001,1.0,2.5350000000000003e-06,0.07321886766113006,26.28463125500093,1459,731,728,253.6388508891929,254.40724,0.0364,0.1,atomic,0.294244227378188,0.14461519842248877,0.0011713651039507848,1.4210405629204572,9.505155108314886e-05,-0.00014254733179706023,0.00015798186652572822,1.5316363143221172,0.09811320754716982,0.46975882438612554,0.0012410407972378633,0.266996768926089,0.17790532955846058,0.31543720239110395,0.18525022896431492,1.7988301181637385,0.2671938038416213
dwell_r4_xi_0.1_p+0_Nd4001_dt1,main,dwell,4,xi_0.1,0,4001,1.0,2.5350000000000003e-06,0.07321886766113006,26.28463125500093,1459,731,728,253.6388508891929,254.40724,0.0364,0.1,static,0.02962703000150579,0.016632347152471368,0.0013494011468526248,1.3665797007006173,9.775477806131748e-05,-3.8827203993457164e-07,8.42789560900992e-06,1.999997641592803,0.0,0.16633470016956922,0.0001802590098302767,,,,,1.7988301181637385,-0.2011675234290644
dwell_r4_xi_0.1_p+0_Nd4001_dt1,main,dwell,4,xi_0.1,0,4001,1.0,2.5350000000000003e-06,0.07321886766113006,26.28463125500093,1459,731,728,253.6388508891929,254.40724,0.0364,0.1,static_lti,0.10729325743679634,0.02078035610808596,0.0013674319191540696,1.4172263952661148,0.00010269984409403158,3.680444474195407e-08,5.858689858008299e-05,1.9646571033575995,0.011320754716981131,0.2799937782568365,0.0004335285312393145,,,,,1.7988301181637385,-0.16582698519386097
dwell_r4_xi_0.1_p+0_Nd4001_dt1,main,dwell,4,xi_0.1,0,4001,1.0,2.5350000000000003e-06,0.07321886766113006,26.28463125500093,1459,731,728,253.6388508891929,254.40724,0.0364,0.1,static_mh,0.0731786141273088,0.059580618207579955,0.0013456060018526225,1.3644047723167592,9.949939923505505e-05,-3.686005164078881e-05,3.155654263874937e-05,1.9965972141387696,0.0,0.25568841179128793,0.00039406050310899517,,,,,1.7988301181637385,-0.19776709597503106
dwell_r4_xi_0.1_p+0_Nd4001_dt1,main,dwell,4,xi_0.1,0,4001,1.0,2.5350000000000003e-06,0.07321886766113006,26.28463125500093,1459,731,728,253.6388508891929,254.40724,0.0364,0.1,static_lti_mh,0.1088996179965179,0.022341878122975486,0.001367632668542942,1.417602456357734,0.0001027894041931836,-3.641682904142521e-05,5.908384706906279e-05,1.9652482528364759,0.007547169811320755,0.281839670272487,0.00042677505243820884,,,,,1.7988301181637385,-0.16641813467273736
dwell_r4_xi_0.1_p+0_Nd4001_dt1,main,dwell,4,xi_0.1,0,4001,1.0,2.5350000000000003e-06,0.07321886766113006,26.28463125500093,1459,731,728,253.6388508891929,254.40724,0.0364,0.1,linear,0.11568236705346978,0.009933384158317456,0.0018021426364161167,1.271806494015269,0.00013583368498647002,-4.630587415891124e-06,9.725916153848686e-05,1.7988301181637385,0.06415094339622641,0.2955944716886018,0.000488771674200118,,,,,1.7988301181637385,0.0
dwell_r4_xi_0.25_p+0_Nd4001_dt1,main,dwell,4,xi_0.25,0,4001,1.0,2.5350000000000003e-06,0.07321886766113006,23.88718941499974,1459,293,1166,632.7986348122867,605.90671,0.0583,0.25,atomic,0.2588451354827068,0.157616004880614,0.001045491151636356,1.4500977547710594,8.438338583834674e-05,-0.00011746513195284182,0.00015915731104824876,1.6670762763611673,0.05660377358490566,0.44383865874766454,0.0010198961923922,0.22510192682057104,0.16996741227304973,0.24325401372153513,0.17258079410279764,1.9716042905860256,0.3045280142248583
dwell_r4_xi_0.25_p+0_Nd4001_dt1,main,dwell,4,xi_0.25,0,4001,1.0,2.5350000000000003e-06,0.07321886766113006,23.88718941499974,1459,293,1166,632.7986348122867,605.90671,0.0583,0.25,static,0.030408960806634504,0.02500578098544348,0.0013424304078621483,1.370117493693697,9.803376082907688e-05,-1.8024373157322167e-07,5.847430109465826e-06,1.9999996904627044,0.0,0.17184861721839323,0.00017464277747972112,,,,,1.9716042905860256,-0.02839539987667883
dwell_r4_xi_0.25_p+0_Nd4001_dt1,main,dwell,4,xi_0.25,0,4001,1.0,2.5350000000000003e-06,0.07321886766113006,23.88718941499974,1459,293,1166,632.7986348122867,605.90671,0.0583,0.25,static_lti,0.07973189801913366,0.028524678690974567,0.00135171074953559,1.3980976613959712,0.00010103995187544764,1.187881051144474e-06,3.5822009044895634e-05,1.9977103018889415,0.0,0.22571601476468006,0.000312624046486113,,,,,1.9716042905860256,-0.0261060113029159
dwell_r4_xi_0.25_p+0_Nd4001_dt1,main,dwell,4,xi_0.25,0,4001,1.0,2.5350000000000003e-06,0.07321886766113006,23.88718941499974,1459,293,1166,632.7986348122867,605.90671,0.0583,0.25,static_mh,0.04596416219169255,0.04065145089789904,0.001340801370146791,1.3698827341413766,9.864943096654408e-05,-3.677916415646033e-05,4.9603907707226494e-05,1.9999820085759747,0.0,0.2142775365670501,0.00023767415288001713,,,,,1.9716042905860256,-0.028377717989949147
dwell_r4_xi_0.25_p+0_Nd4001_dt1,main,dwell,4,xi_0.25,0,4001,1.0,2.5350000000000003e-06,0.07321886766113006,23.88718941499974,1459,293,1166,632.7986348122867,605.90671,0.0583,0.25,static_lti_mh,0.08033872106688365,0.029243004728372293,0.0013517647558165197,1.398392748697118,0.00010107210011965088,-3.543453575200962e-05,4.1539372724568084e-05,1.9979950429150766,0.0,0.22591291418493498,0.00031136797980445697,,,,,1.9716042905860256,-0.02639075232905097
dwell_r4_xi_0.25_p+0_Nd4001_dt1,main,dwell,4,xi_0.25,0,4001,1.0,2.5350000000000003e-06,0.07321886766113006,23.88718941499974,1459,293,1166,632.7986348122867,605.90671,0.0583,0.25,linear,0.06751077493210036,0.007914519554287111,0.0017743915109815136,1.2468509993928627,0.00013185282788249144,-3.18698912303188e-07,6.024886974091996e-05,1.9716042905860256,0.011320754716981131,0.20053115081785106,0.0002536305949884866,,,,,1.9716042905860256,0.0
dwell_r4_xi_0.5_p+0_Nd4001_dt1,main,dwell,4,xi_0.5,0,4001,1.0,2.5350000000000003e-06,0.07321886766113006,23.32825191200027,1459,146,1313,1269.9315068493152,1196.56055,0.06565,0.5,atomic,0.2982012238810962,0.2044813959185031,0.0010089405227366173,1.4681810791907381,8.272847075830452e-05,-9.5718736952881e-05,0.0001538035102824385,1.6209162565783388,0.06415094339622641,0.49936515290945493,0.0011650173507293904,0.22773181621596106,0.1872957761527206,0.23646841900196675,0.18818485884382366,1.9254988241682542,0.3045825675899154
dwell_r4_xi_0.5_p+0_Nd4001_dt1,main,dwell,4,xi_0.5,0,4001,1.0,2.5350000000000003e-06,0.07321886766113006,23.32825191200027,1459,146,1313,1269.9315068493152,1196.56055,0.06565,0.5,static,0.03086102550240814,0.028641028919304395,0.001341312654476079,1.3698117524243878,9.801382863947333e-05,-7.877128582231107e-08,4.728019889517846e-06,1.999999678156103,0.0,0.18186124162221695,0.00017927449385655414,,,,,1.9254988241682542,-0.07450085398784867
dwell_r4_xi_0.5_p+0_Nd4001_dt1,main,dwell,4,xi_0.5,0,4001,1.0,2.5350000000000003e-06,0.07321886766113006,23.32825191200027,1459,146,1313,1269.9315068493152,1196.56055,0.06565,0.5,static_lti,0.07542438596235834,0.03178515586305606,0.0013372244694760092,1.3938944958435853,9.980227480653308e-05,2.1876324385539678e-06,2.909669970026075e-05,1.9940130245486911,0.0037735849056603774,0.21741978422501906,0.00021313485582993358,,,,,1.9254988241682542,-0.06851420038043687
dwell_r4_xi_0.5_p+0_Nd4001_dt1,main,dwell,4,xi_0.5,0,4001,1.0,2.5350000000000003e-06,0.07321886766113006,23.32825191200027,1459,146,1313,1269.9315068493152,1196.56055,0.06565,0.5,static_mh,0.03881027901543521,0.036562350194659525,0.0013391384481907273,1.369534500993941,9.822738638092603e-05,-3.6842590058728356e-05,5.280108927985919e-05,1.9999764002994644,0.0,0.2125533124535648,0.00021492325308774773,,,,,1.9254988241682542,-0.0744775761312102
dwell_r4_xi_0.5_p+0_Nd4001_dt1,main,dwell,4,xi_0.5,0,4001,1.0,2.5350000000000003e-06,0.07321886766113006,23.32825191200027,1459,146,1313,1269.9315068493152,1196.56055,0.06565,0.5,static_lti_mh,0.07586709839097847,0.0321951558209206,0.0013371427893122826,1.3941571946570201,9.981647881440445e-05,-3.468396217367588e-05,3.889841505026561e-05,1.9963432099669585,0.0,0.21806309498574833,0.00021180268719290908,,,,,1.9254988241682542,-0.07084438579870422
dwell_r4_xi_0.5_p+0_Nd4001_dt1,main,dwell,4,xi_0.5,0,4001,1.0,2.5350000000000003e-06,0.07321886766113006,23.32825191200027,1459,146,1313,1269.9315068493152,1196.56055,0.06565,0.5,linear,0.05251783232630839,0.005713013215537532,0.0017494416626368952,1.2422909354016063,0.00012915738732145865,2.146303828906708e-06,4.678191305975074e-05,1.9254988241682542,0.007547169811320755,0.1680636989135098,0.00010777817251533672,,,,,1.9254988241682542,0.0
dwell_r4_xi_1_p+0_Nd4001_dt1,main,dwell,4,xi_1,0,4001,1.0,2.5350000000000003e-06,0.07321886766113006,27.56405021200044,1459,73,1386,2539.8630136986303,2373.85055,0.0693,1,atomic,0.3139844299793481,0.23229017289919413,0.0010178469562883148,1.465925818189361,8.374807494735035e-05,-5.3456310354846834e-05,0.00015004036552355025,1.73530153321344,0.03773584905660377,0.5051229706068209,0.0014394975430006899,0.21661241303345852,0.17969067964172972,0.22127590640668587,0.18011947412788418,1.9999999131544384,0.2646983799409983
dwell_r4_xi_1_p+0_Nd4001_dt1,main,dwell,4,xi_1,0,4001,1.0,2.5350000000000003e-06,0.07321886766113006,27.56405021200044,1459,73,1386,2539.8630136986303,2373.85055,0.0693,1,static,0.030896874744227074,0.03023364915258935,0.0013416496608330063,1.3707705859590236,9.785488535903016e-05,6.909209159988816e-08,4.136061050574073e-06,1.9999999788332998,0.0,0.1851379392090108,0.00018052458851769567,,,,,1.9999999131544384,-6.5678861460583e-08
dwell_r4_xi_1_p+0_Nd4001_dt1,main,dwell,4,xi_1,0,4001,1.0,2.5350000000000003e-06,0.07321886766113006,27.56405021200044,1459,73,1386,2539.8630136986303,2373.85055,0.0693,1,static_lti,0.07071145978945965,0.032829008360363524,0.0013364185911828935,1.3908860919674488,9.933061998179373e-05,-1.112476902298759e-06,2.5902046748617547e-05,1.9999900780918838,0.0,0.2112293595138106,0.00020715412279252387,,,,,1.9999999131544384,9.835062554586216e-06
dwell_r4_xi_1_p+0_Nd4001_dt1,main,dwell,4,xi_1,0,4001,1.0,2.5350000000000003e-06,0.07321886766113006,27.56405021200044,1459,73,1386,2539.8630136986303,2373.85055,0.0693,1,static_mh,0.03493786114651406,0.03413667529653334,0.0013417883104487832,1.3696570050944277,9.806011322706646e-05,-3.704493042243415e-05,5.4397997521777095e-05,1.9999995546985487,0.0,0.20135140119784983,0.00019485748339597212,,,,,1.9999999131544384,3.5845588963745456e-07
dwell_r4_xi_1_p+0_Nd4001_dt1,main,dwell,4,xi_1,0,4001,1.0,2.5350000000000003e-06,0.07321886766113006,27.56405021200044,1459,73,1386,2539.8630136986303,2373.85055,0.0693,1,static_lti_mh,0.07107032398695722,0.033114722302461416,0.0013366147636398483,1.3908707608765778,9.936224500838211e-05,-3.819438611344705e-05,3.98115612677025e-05,1.9999944384251027,0.0,0.21052591473382035,0.00020789489453352893,,,,,1.9999999131544384,5.474729335652739e-06
dwell_r4_xi_1_p+0_Nd4001_dt1,main,dwell,4,xi_1,0,4001,1.0,2.5350000000000003e-06,0.07321886766113006,27.56405021200044,1459,73,1386,2539.8630136986303,2373.85055,0.0693,1,linear,0.04458902706462375,0.004653385043523312,0.001746557141720721,1.2382333926646254,0.0001282158123231139,-2.262522528207712e-06,4.006862659234029e-05,1.9999999131544384,0.0,0.13152683492730888,7.693066166547504e-05,,,,,1.9999999131544384,0.0
dwell_r4_xi_2_p+0_Nd4001_dt1,main,dwell,4,xi_2,0,4001,1.0,2.5350000000000003e-06,0.07321886766113006,29.210356836001665,1459,37,1422,5011.081081081081,4664.79323,0.0711,2,atomic,0.42045064130950516,0.32196304822930116,0.0009475352813321197,1.4681675744021763,8.18029936669537e-05,-4.650109559250234e-05,0.0001489379277268929,1.5890219086793917,0.04150943396226415,0.5680972979078718,0.0018615242761236604,0.24898837474518534,0.2127644436541874,0.2492549924859224,0.2127454716871568,1.9686956993218765,0.37967379064248474
dwell_r4_xi_2_p+0_Nd4001_dt1,main,dwell,4,xi_2,0,4001,1.0,2.5350000000000003e-06,0.07321886766113006,29.210356836001665,1459,37,1422,5011.081081081081,4664.79323,0.0711,2,static,0.030754732323902627,0.03048884696058034,0.0013382352073459465,1.3718130188261144,9.84598660097766e-05,6.262005699639398e-09,3.804321656188306e-06,1.9999999986632162,0.0,0.18280657722133434,0.00017318147625444198,,,,,1.9686956993218765,-0.031304299341339714
dwell_r4_xi_2_p+0_Nd4001_dt1,main,dwell,4,xi_2,0,4001,1.0,2.5350000000000003e-06,0.07321886766113006,29.210356836001665,1459,37,1422,5011.081081081081,4664.79323,0.0711,2,static_lti,0.06819844565090839,0.03238923394217402,0.0013330224378514572,1.3914510575723784,9.983844472862537e-05,1.6581959181662098e-06,2.406277702234777e-05,1.9999994779889967,0.0,0.19725633756885835,0.00021764060152083229,,,,,1.9686956993218765,-0.0313037786671202
dwell_r4_xi_2_p+0_Nd4001_dt1,main,dwell,4,xi_2,0,4001,1.0,2.5350000000000003e-06,0.07321886766113006,29.210356836001665,1459,37,1422,5011.081081081081,4664.79323,0.0711,2,static_mh,0.03274554161217867,0.03250638046748738,0.001338310064873257,1.371963143926675,9.855892144401138e-05,-3.6324243578257424e-05,5.552668216378315e-05,1.9999998097275054,0.0,0.18389026325882893,0.0001862611336549426,,,,,1.9686956993218765,-0.03130411040562886
dwell_r4_xi_2_p+0_Nd4001_dt1,main,dwell,4,xi_2,0,4001,1.0,2.5350000000000003e-06,0.07321886766113006,29.210356836001665,1459,37,1422,5011.081081081081,4664.79323,0.0711,2,static_lti_mh,0.06842311684685362,0.03283264934526152,0.001332896922824963,1.3914195124306368,9.983911402885085e-05,-3.476723373259147e-05,4.931669064499527e-05,1.9999998238048788,0.0,0.19586909051162196,0.00021741920000625366,,,,,1.9686956993218765,-0.03130412448300235
dwell_r4_xi_2_p+0_Nd4001_dt1,main,dwell,4,xi_2,0,4001,1.0,2.5350000000000003e-06,0.07321886766113006,29.210356836001665,1459,37,1422,5011.081081081081,4664.79323,0.0711,2,linear,0.041118047704373946,0.0039457268381730675,0.0017458293754369653,1.2373342669798275,0.00012906018158073074,2.3992780161382683e-06,3.676562287620846e-05,1.9686956993218765,0.0037735849056603774,0.10847809753426164,5.696478133980781e-05,,,,,1.9686956993218765,0.0
dwell_r4_xi_4_p+0_Nd4001_dt1,main,dwell,4,xi_4,0,4001,1.0,2.5350000000000003e-06,0.07321886766113006,27.91743898599998,1459,18,1441,10300.555555555555,9568.40055,0.07205,4,atomic,0.43761981679710016,0.33000512469166937,0.0009216310484606115,1.4679525672499039,8.004657961159431e-05,-5.098677623302569e-05,0.00012673727067121656,1.6334881979741567,0.022641509433962263,0.587420886266486,0.0018030954882750675,0.23747557185800303,0.19776777724050718,0.2379192535057898,0.19761164227461456,2.0,0.3665118020258433
dwell_r4_xi_4_p+0_Nd4001_dt1,main,dwell,4,xi_4,0,4001,1.0,2.5350000000000003e-06,0.07321886766113006,27.91743898599998,1459,18,1441,10300.555555555555,9568.40055,0.07205,4,static,0.030939190228909515,0.030836317205012568,0.001338009193724374,1.371895818627387,9.847054708657984e-05,9.916598283462527e-08,3.506197426169293e-06,1.999999996708187,0.0,0.1836312954921179,0.00019382206749598825,,,,,2.0,3.2918130443704285e-09
dwell_r4_xi_4_p+0_Nd4001_dt1,main,dwell,4,xi_4,0,4001,1.0,2.5350000000000003e-06,0.07321886766113006,27.91743898599998,1459,18,1441,10300.555555555555,9568.40055,0.07205,4,static_lti,0.0675113129841886,0.03249181841506024,0.0013295648975084362,1.3902759873122597,9.956999207515978e-05,-1.7540749894642836e-06,2.127724070096328e-05,1.9999998782269037,0.0,0.1962078037586329,0.00020118210458311807,,,,,2.0,1.2177309627325883e-07
dwell_r4_xi_4_p+0_Nd4001_dt1,main,dwell,4,xi_4,0,4001,1.0,2.5350000000000003e-06,0.07321886766113006,27.91743898599998,1459,18,1441,10300.555555555555,9568.40055,0.07205,4,static_mh,0.03225660244945742,0.03214060482957565,0.0013383885262505024,1.371293117567983,9.856060721732325e-05,-3.622025228250166e-05,5.594723710428123e-05,1.9999999966418474,0.0,0.18300048597940546,0.00019449170282594157,,,,,2.0,3.3581526448500654e-09
dwell_r4_xi_4_p+0_Nd4001_dt1,main,dwell,4,xi_4,0,4001,1.0,2.5350000000000003e-06,0.07321886766113006,27.91743898599998,1459,18,1441,10300.555555555555,9568.40055,0.07205,4,static_lti_mh,0.06772605985908413,0.03289103629536496,0.00132954014708259,1.390191682407659,9.957793553102206e-05,-3.8073545629236684e-05,5.211111215790873e-05,1.9999999195612521,0.0,0.19648502851040883,0.0001991762753308509,,,,,2.0,8.043874788477012e-08
dwell_r4_xi_4_p+0_Nd4001_dt1,main,dwell,4,xi_4,0,4001,1.0,2.5350000000000003e-06,0.07321886766113006,27.91743898599998,1459,18,1441,10300.555555555555,9568.40055,0.07205,4,linear,0.03860214623150523,0.003680860524142144,0.001740130594287074,1.2361244769145143,0.0001285451414519041,-2.636220080378776e-06,3.1348534674961754e-05,2.0,0.0,0.09126806017575917,4.911722027379125e-05,,,,,2.0,0.0
dwell_r4_xi_0.05_p+6_Nd4001_dt1,main,dwell,4,xi_0.05,6,4001,1.0,2.5350000000000003e-06,0.07321886766113006,23.82134512199991,1459,1459,0,127.08019191226867,137.08073,0.0,0.05,atomic,1.5790798472827212,0.5516048395451251,0.0005574699065513817,1.7217236687401956,0.00012344621922452767,0.0003316152366239545,0.0003021836681998942,0.33614392645050734,0.49433962264150944,1.2844989055117435,0.028019793629755357,0.8311040607483493,0.9125872128543874,0.8775472810704501,0.9509405137197681,1.4333827032527986,1.0972387768022913
dwell_r4_xi_0.05_p+6_Nd4001_dt1,main,dwell,4,xi_0.05,6,4001,1.0,2.5350000000000003e-06,0.07321886766113006,23.82134512199991,1459,1459,0,127.08019191226867,137.08073,0.0,0.05,static,0.3946225197450655,0.1189476319933469,0.0007245079846492022,1.5585745981411514,0.00011812794284690385,-7.505882853779564e-08,1.2917666502134342e-05,1.8966486466887928,0.0,0.7130052551598595,0.008331419829837369,,,,,1.4333827032527986,-0.46326594343599425
dwell_r4_xi_0.05_p+6_Nd4001_dt1,main,dwell,4,xi_0.05,6,4001,1.0,2.5350000000000003e-06,0.07321886766113006,23.82134512199991,1459,1459,0,127.08019191226867,137.08073,0.0,0.05,static_lti,0.738029314316331,0.14077236852045671,0.0006827878162953952,1.587868419997486,0.0001242574024381831,5.134859598126493e-06,8.32769303555309e-05,1.7069354435450756,0.0,0.9443762093997159,0.014386847686466833,,,,,1.4333827032527986,-0.27355274029227705
dwell_r4_xi_0.05_p+6_Nd4001_dt1,main,dwell,4,xi_0.05,6,4001,1.0,2.5350000000000003e-06,0.07321886766113006,23.82134512199991,1459,1459,0,127.08019191226867,137.08073,0.0,0.05,static_mh,2.2997370526065533,1.6456450961465845,0.0007180687763968114,1.5517122067984248,0.00017998248537422475,2.0926576508431447e-05,7.272654285724907e-05,0.4750777975160437,0.3433962264150943,1.683576620520754,0.053196857273416144,,,,,1.4333827032527986,0.958304905736755
dwell_r4_xi_0.05_p+6_Nd4001_dt1,main,dwell,4,xi_0.05,6,4001,1.0,2.5350000000000003e-06,0.07321886766113006,23.82134512199991,1459,1459,0,127.08019191226867,137.08073,0.0,0.05,static_lti_mh,0.810074413502849,0.18370095578867324,0.0006813919072172607,1.5893028022128899,0.00012654031894779265,2.6136558587851035e-05,8.69894877812274e-05,1.5918664960581814,0.03773584905660377,0.9951268393679159,0.015571583504815658,,,,,1.4333827032527986,-0.15848379280538283
dwell_r4_xi_0.05_p+6_Nd4001_dt1,main,dwell,4,xi_0.05,6,4001,1.0,2.5350000000000003e-06,0.07321886766113006,23.82134512199991,1459,1459,0,127.08019191226867,137.08073,0.0,0.05,linear,0.17839869623032242,0.009703386095267589,0.0018391351912641902,1.2928636097460915,0.0002755147525239194,-7.342490956894631e-06,0.000283503797755739,1.4333827032527986,0.22264150943396227,0.44426719503813317,0.0031891977963619425,,,,,1.4333827032527986,0.0
dwell_r4_xi_0.1_p+6_Nd4001_dt1,main,dwell,4,xi_0.1,6,4001,1.0,2.5350000000000003e-06,0.07321886766113006,25.619311615999322,1459,731,728,253.6388508891929,254.40724,0.0364,0.1,atomic,1.0495156806286072,0.4021909088833401,0.0005078239377224711,1.7861430671230303,0.00010340441803588423,0.0003128596944728835,0.00027654140179925803,0.7663303716620881,0.22641509433962265,0.9804648167322523,0.022403241643357667,0.7780015434429033,0.8498893642764728,0.8872748675124891,0.8806558339565712,1.7989981222004294,1.0326677505383413
dwell_r4_xi_0.1_p+6_Nd4001_dt1,main,dwell,4,xi_0.1,6,4001,1.0,2.5350000000000003e-06,0.07321886766113006,25.619311615999322,1459,731,728,253.6388508891929,254.40724,0.0364,0.1,static,0.5865295327457039,0.24067293336277798,0.0006652725260947633,1.5987635639003182,0.00011933204766270686,-7.58840497893706e-09,7.89203509704712e-06,1.806086119525701,0.0,0.7029782991923548,0.013060914756845298,,,,,1.7989981222004294,-0.0070879973252715445
dwell_r4_xi_0.1_p+6_Nd4001_dt1,main,dwell,4,xi_0.1,6,4001,1.0,2.5350000000000003e-06,0.07321886766113006,25.619311615999322,1459,731,728,253.6388508891929,254.40724,0.0364,0.1,static_lti,0.8644477578707074,0.27058278845380185,0.0006382991440554935,1.6260520122663957,0.00012410599663637543,7.960271166625704e-06,5.4082454960215275e-05,1.608028098733698,0.011320754716981131,0.8244658869631517,0.018169068963884896,,,,,1.7989981222004294,0.19097002346673153
dwell_r4_xi_0.1_p+6_Nd4001_dt1,main,dwell,4,xi_0.1,6,4001,1.0,2.5350000000000003e-06,0.07321886766113006,25.619311615999322,1459,731,728,253.6388508891929,254.40724,0.0364,0.1,static_mh,1.490705411057309,0.9393553305960797,0.0006533922714542671,1.5893481281451576,0.00014671828046059943,2.1245956195141293e-05,0.0001354066953598062,0.8439067841554049,0.24150943396226415,1.1205592237862179,0.028551947816619832,,,,,1.7989981222004294,0.9550913380450246
dwell_r4_xi_0.1_p+6_Nd4001_dt1,main,dwell,4,xi_0.1,6,4001,1.0,2.5350000000000003e-06,0.07321886766113006,25.619311615999322,1459,731,728,253.6388508891929,254.40724,0.0364,0.1,static_lti_mh,0.899356452713126,0.29679421884992346,0.0006377263740220085,1.6259279023974451,0.00012515223216462266,2.929519352685783e-05,7.612537878780545e-05,1.5569243506404655,0.033962264150943396,0.8407861003003934,0.01819930504071549,,,,,1.7989981222004294,0.2420737715599639
dwell_r4_xi_0.1_p+6_Nd4001_dt1,main,dwell,4,xi_0.1,6,4001,1.0,2.5350000000000003e-06,0.07321886766113006,25.619311615999322,1459,731,728,253.6388508891929,254.40724,0.0364,0.1,linear,0.11568236705340786,0.009933384158316428,0.0018021426364163728,1.2718064940153055,0.00027102383275685724,-9.23923656709705e-06,0.00019405753980320965,1.7989981222004294,0.06415094339622641,0.29342389839666233,0.0019391082616539404,,,,,1.7989981222004294,0.0
dwell_r4_xi_0.25_p+6_Nd4001_dt1,main,dwell,4,xi_0.25,6,4001,1.0,2.5350000000000003e-06,0.07321886766113006,28.24605805899955,1459,293,1166,632.7986348122867,605.90671,0.0583,0.25,atomic,0.8984082779640198,0.3858964935217059,0.00046406167804931053,1.8425750536807537,9.169777225666495e-05,0.00034272957934560947,0.0003820252871720565,0.8654496898205055,0.21509433962264152,0.8991689480536784,0.017850390915967396,0.6647393046395544,0.6949242721917125,0.7547277461810468,0.7118003954941862,1.9714415281753173,1.1059918383548117
dwell_r4_xi_0.25_p+6_Nd4001_dt1,main,dwell,4,xi_0.25,6,4001,1.0,2.5350000000000003e-06,0.07321886766113006,28.24605805899955,1459,293,1166,632.7986348122867,605.90671,0.0583,0.25,static,0.6377447072922037,0.4622585701082207,0.0006518863826204538,1.6093581774736496,0.0001197515896377017,4.0869287723762134e-08,5.422630529569566e-06,1.8240540005201784,0.0,0.7332832059405275,0.011902928736557393,,,,,1.9714415281753173,0.14738752765513885
dwell_r4_xi_0.25_p+6_Nd4001_dt1,main,dwell,4,xi_0.25,6,4001,1.0,2.5350000000000003e-06,0.07321886766113006,28.24605805899955,1459,293,1166,632.7986348122867,605.90671,0.0583,0.25,static_lti,0.7613158433955491,0.49652957188328445,0.0006410730297824917,1.632546984771282,0.00012211818348967175,3.9971359021118255e-06,3.478122782199323e-05,1.7438822306010235,0.007547169811320755,0.7706244059521411,0.013440499735195177,,,,,1.9714415281753173,0.22755929757429372
dwell_r4_xi_0.25_p+6_Nd4001_dt1,main,dwell,4,xi_0.25,6,4001,1.0,2.5350000000000003e-06,0.07321886766113006,28.24605805899955,1459,293,1166,632.7986348122867,605.90671,0.0583,0.25,static_mh,1.0328441813307012,0.8160721262225776,0.0006471628237245333,1.6066798037824344,0.00013243742330705697,2.0912835573698898e-05,0.00021156399039205006,1.3049692593944708,0.09433962264150944,0.9173497610988213,0.01809009560566577,,,,,1.9714415281753173,0.6664722687808464
dwell_r4_xi_0.25_p+6_Nd4001_dt1,main,dwell,4,xi_0.25,6,4001,1.0,2.5350000000000003e-06,0.07321886766113006,28.24605805899955,1459,293,1166,632.7986348122867,605.90671,0.0583,0.25,static_lti_mh,0.7757911097994539,0.5093114341103532,0.0006407785578081632,1.6320725934056821,0.00012256186622395276,2.47598551491842e-05,8.852065811796536e-05,1.710719861542719,0.018867924528301886,0.7779716298894174,0.01406059049097242,,,,,1.9714415281753173,0.2607216666325982
dwell_r4_xi_0.25_p+6_Nd4001_dt1,main,dwell,4,xi_0.25,6,4001,1.0,2.5350000000000003e-06,0.07321886766113006,28.24605805899955,1459,293,1166,632.7986348122867,605.90671,0.0583,0.25,linear,0.06751077493207859,0.007914519554286476,0.001774391510981678,1.2468509993928767,0.00026308097859601185,-6.358879295440397e-07,0.00012021229931352875,1.9714415281753173,0.01509433962264151,0.1951055628601606,0.000988927679747094,,,,,1.9714415281753173,0.0
dwell_r4_xi_0.5_p+6_Nd4001_dt1,main,dwell,4,xi_0.5,6,4001,1.0,2.5350000000000003e-06,0.07321886766113006,28.02042182200057,1459,146,1313,1269.9315068493152,1196.56055,0.06565,0.5,atomic,0.9578132290184282,0.5311860343574388,0.0005103609542431245,1.7932880170955667,0.00010246304575550679,0.00028732542036457903,0.0004056387183193393,0.9943761233779351,0.1471698113207547,0.8656714325080381,0.013542103137406803,0.5444783666552099,0.5620543532083779,0.6219622628642894,0.5729164298452545,1.936184721378619,0.9418085980006838
dwell_r4_xi_0.5_p+6_Nd4001_dt1,main,dwell,4,xi_0.5,6,4001,1.0,2.5350000000000003e-06,0.07321886766113006,28.02042182200057,1459,146,1313,1269.9315068493152,1196.56055,0.06565,0.5,static,0.6596214691926501,0.58135872991708,0.0006481059056585965,1.6127980385260186,0.00011987108154465835,9.250609604557758e-08,4.266690395633526e-06,1.7671388390411746,0.0,0.7954518675169787,0.01377954878442309,,,,,1.936184721378619,0.16904588233744433
dwell_r4_xi_0.5_p+6_Nd4001_dt1,main,dwell,4,xi_0.5,6,4001,1.0,2.5350000000000003e-06,0.07321886766113006,28.02042182200057,1459,146,1313,1269.9315068493152,1196.56055,0.06565,0.5,static_lti,0.7533637460438262,0.6136520750133835,0.0006410195018960261,1.6302975488550382,0.00012185364348222475,2.484192838521442e-06,2.7988629674780006e-05,1.7453587174808554,0.0,0.8124984018098587,0.014237710391488568,,,,,1.936184721378619,0.1908260038977636
dwell_r4_xi_0.5_p+6_Nd4001_dt1,main,dwell,4,xi_0.5,6,4001,1.0,2.5350000000000003e-06,0.07321886766113006,28.02042182200057,1459,146,1313,1269.9315068493152,1196.56055,0.06565,0.5,static_mh,0.8977931226610576,0.8052274909455663,0.0006446624019727062,1.6127563953036448,0.0001274643308996293,2.002903539259737e-05,0.00022434435167773684,1.3651886665836985,0.07924528301886792,0.9544197526135952,0.01730132373112787,,,,,1.936184721378619,0.5709960547949204
dwell_r4_xi_0.5_p+6_Nd4001_dt1,main,dwell,4,xi_0.5,6,4001,1.0,2.5350000000000003e-06,0.07321886766113006,28.02042182200057,1459,146,1313,1269.9315068493152,1196.56055,0.06565,0.5,static_lti_mh,0.7630997955937255,0.6214532907605783,0.0006409285156388148,1.6300472042847767,0.0001221749071602668,2.1958914156055818e-05,0.0001098372620495862,1.7320401367176868,0.007547169811320755,0.8159483695349194,0.014159270354787597,,,,,1.936184721378619,0.20414458466093222
dwell_r4_xi_0.5_p+6_Nd4001_dt1,main,dwell,4,xi_0.5,6,4001,1.0,2.5350000000000003e-06,0.07321886766113006,28.02042182200057,1459,146,1313,1269.9315068493152,1196.56055,0.06565,0.5,linear,0.052517832326303165,0.0057130132155373435,0.0017494416626370334,1.242290935401613,0.0002577028676223455,4.282439146293203e-06,9.33421881502731e-05,1.936184721378619,0.007547169811320755,0.16328233926275798,0.00040573485569838003,,,,,1.936184721378619,0.0
dwell_r4_xi_1_p+6_Nd4001_dt1,main,dwell,4,xi_1,6,4001,1.0,2.5350000000000003e-06,0.07321886766113006,27.2521396860011,1459,73,1386,2539.8630136986303,2373.85055,0.0693,1,atomic,1.0858013874130936,0.6372714061543072,0.0004873926189974605,1.7821017396325292,0.00010085305368582147,0.00020156316442680868,0.00038471726646514744,1.2211562559805158,0.10943396226415095,0.8926133706272781,0.015288849808538365,0.4694156526849609,0.47461570998155234,0.5247677996396963,0.481328661289716,1.9999999037059288,0.778843647725413
dwell_r4_xi_1_p+6_Nd4001_dt1,main,dwell,4,xi_1,6,4001,1.0,2.5350000000000003e-06,0.07321886766113006,27.2521396860011,1459,73,1386,2539.8630136986303,2373.85055,0.0693,1,static,0.6658764799251097,0.6416849135440923,0.0006489928032595822,1.6134313988711813,0.00012006261069076184,-1.206142781959686e-07,3.6653860958358302e-06,1.7453774891649023,0.0,0.8265311370731933,0.014474705881781394,,,,,1.9999999037059288,0.2546224145410265
dwell_r4_xi_1_p+6_Nd4001_dt1,main,dwell,4,xi_1,6,4001,1.0,2.5350000000000003e-06,0.07321886766113006,27.2521396860011,1459,73,1386,2539.8630136986303,2373.85055,0.0693,1,static_lti,0.7367765667402848,0.6646704484100661,0.0006439167608418627,1.631372578456076,0.00012162689327432393,2.516039173054457e-06,2.3978534513910102e-05,1.735930930696776,0.0,0.8294870183636189,0.014558761857178264,,,,,1.9999999037059288,0.2640689730091528
dwell_r4_xi_1_p+6_Nd4001_dt1,main,dwell,4,xi_1,6,4001,1.0,2.5350000000000003e-06,0.07321886766113006,27.2521396860011,1459,73,1386,2539.8630136986303,2373.85055,0.0693,1,static_mh,0.8252390396421727,0.7936508696934452,0.0006487615999537175,1.6094396662587789,0.00012563878854738146,1.8544749097490703e-05,0.00022992546666401328,1.4980704598856498,0.03018867924528302,0.9820774611280088,0.018708373239848135,,,,,1.9999999037059288,0.501929443820279
dwell_r4_xi_1_p+6_Nd4001_dt1,main,dwell,4,xi_1,6,4001,1.0,2.5350000000000003e-06,0.07321886766113006,27.2521396860011,1459,73,1386,2539.8630136986303,2373.85055,0.0693,1,static_lti_mh,0.7445553465642183,0.6716157569114615,0.0006433938518663547,1.6323023212389973,0.0001217976277038027,2.1315700573075407e-05,0.00014347257271380274,1.7274157597190718,0.0,0.8302838035922399,0.014672564147964294,,,,,1.9999999037059288,0.27258414398685704
dwell_r4_xi_1_p+6_Nd4001_dt1,main,dwell,4,xi_1,6,4001,1.0,2.5350000000000003e-06,0.07321886766113006,27.2521396860011,1459,73,1386,2539.8630136986303,2373.85055,0.0693,1,linear,0.04458902706462199,0.00465338504352345,0.001746557141720827,1.2382333926646232,0.0002558241785114322,-4.514325937301576e-06,7.994742065225642e-05,1.9999999037059288,0.0,0.1262756118517912,0.0002757076235168886,,,,,1.9999999037059288,0.0
dwell_r4_xi_2_p+6_Nd4001_dt1,main,dwell,4,xi_2,6,4001,1.0,2.5350000000000003e-06,0.07321886766113006,28.637511656999777,1459,37,1422,5011.081081081081,4664.79323,0.0711,2,atomic,1.1814775069956722,0.7223898422459353,0.000482650789280538,1.7795949677221579,0.000103020585039018,0.00016723162459833995,0.00038460355789142177,1.0744236927102404,0.12452830188679245,0.9212481395102462,0.020151499473837715,0.393680576053231,0.39011761935084427,0.4310955042683091,0.3939906063381868,1.965899153314517,0.8914754606042765
dwell_r4_xi_2_p+6_Nd4001_dt1,main,dwell,4,xi_2,6,4001,1.0,2.5350000000000003e-06,0.07321886766113006,28.637511656999777,1459,37,1422,5011.081081081081,4664.79323,0.0711,2,static,0.6791565940654369,0.6683066328114529,0.0006398842509274153,1.6183875297627697,0.00011990867934552542,3.949793174685509e-08,3.2659309810027283e-06,1.7549533415112506,0.0,0.8024310223620387,0.013979762019007433,,,,,1.965899153314517,0.21094581180326633
dwell_r4_xi_2_p+6_Nd4001_dt1,main,dwell,4,xi_2,6,4001,1.0,2.5350000000000003e-06,0.07321886766113006,28.637511656999777,1459,37,1422,5011.081081081081,4664.79323,0.0711,2,static_lti,0.7367657712363845,0.681099324887478,0.000636696618245963,1.636157103148344,0.0001213332594572538,1.1449306860021576e-06,2.0845924374859806e-05,1.7484283028179888,0.0,0.8113210512072807,0.014048138802065053,,,,,1.965899153314517,0.21747085049652815
dwell_r4_xi_2_p+6_Nd4001_dt1,main,dwell,4,xi_2,6,4001,1.0,2.5350000000000003e-06,0.07321886766113006,28.637511656999777,1459,37,1422,5011.081081081081,4664.79323,0.0711,2,static_mh,0.7966403362688427,0.7848401421820508,0.0006405032459661079,1.6187199447489464,0.00012413023616008993,2.2023604375679808e-05,0.00023502916532482326,1.6064086679428007,0.018867924528301886,0.8744419046335805,0.016520232951750626,,,,,1.965899153314517,0.35949048537171624
dwell_r4_xi_2_p+6_Nd4001_dt1,main,dwell,4,xi_2,6,4001,1.0,2.5350000000000003e-06,0.07321886766113006,28.637511656999777,1459,37,1422,5011.081081081081,4664.79323,0.0711,2,static_lti_mh,0.7414647098471858,0.6853422679904261,0.0006368500967707107,1.6359651971216325,0.00012152570417589777,2.2729787704500387e-05,0.000173349648003369,1.7400769769962217,0.0037735849056603774,0.8126308682869705,0.014201968871650433,,,,,1.965899153314517,0.22582217631829526
dwell_r4_xi_2_p+6_Nd4001_dt1,main,dwell,4,xi_2,6,4001,1.0,2.5350000000000003e-06,0.07321886766113006,28.637511656999777,1459,37,1422,5011.081081081081,4664.79323,0.0711,2,linear,0.04111804770437264,0.003945726838174365,0.0017458293754370469,1.2373342669798193,0.0002575089166710737,4.787189008732963e-06,7.335706181125588e-05,1.965899153314517,0.0037735849056603774,0.10114374644441328,0.0002011215458364427,,,,,1.965899153314517,0.0
dwell_r4_xi_4_p+6_Nd4001_dt1,main,dwell,4,xi_4,6,4001,1.0,2.5350000000000003e-06,0.07321886766113006,26.195642012000462,1459,18,1441,10300.555555555555,9568.40055,0.07205,4,atomic,1.3976509209708967,0.8450043523573808,0.0004512432809427354,1.789734086939628,0.00010092622637890166,0.0001219033209865289,0.0003569971040817909,1.264077515107167,0.08679245283018867,0.9311908715973635,0.01981331374896373,0.34088846844152565,0.33543512529317115,0.3739044530251207,0.3389643483921683,2.0,0.735922484892833
dwell_r4_xi_4_p+6_Nd4001_dt1,main,dwell,4,xi_4,6,4001,1.0,2.5350000000000003e-06,0.07321886766113006,26.195642012000462,1459,18,1441,10300.555555555555,9568.40055,0.07205,4,static,0.681177158945753,0.6774549836013822,0.0006398227845971024,1.6197667899262111,0.00011990519255898412,-1.245061193989361e-07,3.014899450313144e-06,1.7375638746554274,0.0,0.8272222929903285,0.014482920080784587,,,,,2.0,0.2624361253445726
dwell_r4_xi_4_p+6_Nd4001_dt1,main,dwell,4,xi_4,6,4001,1.0,2.5350000000000003e-06,0.07321886766113006,26.195642012000462,1459,18,1441,10300.555555555555,9568.40055,0.07205,4,static_lti,0.7405488817902459,0.6851705243706384,0.0006364684870999132,1.6358035754383433,0.00012135938330795008,1.6682260379882122e-06,2.040997320249344e-05,1.7282443440457225,0.0,0.8293567474743171,0.014655819924006743,,,,,2.0,0.27175565595427753
dwell_r4_xi_4_p+6_Nd4001_dt1,main,dwell,4,xi_4,6,4001,1.0,2.5350000000000003e-06,0.07321886766113006,26.195642012000462,1459,18,1441,10300.555555555555,9568.40055,0.07205,4,static_mh,0.7845761692195001,0.7799686032083399,0.0006408413687617207,1.6147967554795468,0.00012372728661099675,2.1822113265457257e-05,0.00023671439982403465,1.6671097403041268,0.0,0.901264261923102,0.016196554754194542,,,,,2.0,0.33289025969587316
dwell_r4_xi_4_p+6_Nd4001_dt1,main,dwell,4,xi_4,6,4001,1.0,2.5350000000000003e-06,0.07321886766113006,26.195642012000462,1459,18,1441,10300.555555555555,9568.40055,0.07205,4,static_lti_mh,0.7461031998256848,0.6893642312299652,0.000636224459073495,1.6363750612074726,0.00012150394947632853,2.361211783833038e-05,0.00019940097937041037,1.7224667766514612,0.0037735849056603774,0.8384738496045456,0.014841289873670562,,,,,2.0,0.2775332233485388
dwell_r4_xi_4_p+6_Nd4001_dt1,main,dwell,4,xi_4,6,4001,1.0,2.5350000000000003e-06,0.07321886766113006,26.195642012000462,1459,18,1441,10300.555555555555,9568.40055,0.07205,4,linear,0.03860214623150386,0.003680860524140436,0.001740130594287091,1.2361244769145028,0.00025648127651132856,-5.259950580343757e-06,6.254854986644692e-05,2.0,0.0,0.08348017779717036,0.00016695141942595545,,,,,2.0,0.0
dwell_r5_xi_0.05_p+3_Nd4001_dt1,main,dwell,5,xi_0.05,3,4001,1.0,2.5350000000000003e-06,0.07321886766113006,27.051190243999372,1459,1459,0,127.08019191226867,137.08073,0.0,0.05,atomic,0.7830565349789677,0.31873560065941026,0.0008568919735515001,1.5528643384108352,0.00011175308682740326,1.7447173588366895e-06,0.0002425210367768273,0.8502209628727512,0.2830188679245283,0.7957929710699456,0.006468339972830755,0.5682396505061815,0.5279763268733635,0.8105706809132818,0.6030264991605544,1.6519666201924954,0.8017456573197442
dwell_r5_xi_0.05_p+3_Nd4001_dt1,main,dwell,5,xi_0.05,3,4001,1.0,2.5350000000000003e-06,0.07321886766113006,27.051190243999372,1459,1459,0,127.08019191226867,137.08073,0.0,0.05,static,0.10652402845118467,0.03686836353762041,0.0010440005941606647,1.416632139396476,0.00010729950014063507,4.6790102801643744e-08,7.405462744926935e-06,1.998520726118349,0.0,0.34270503040118516,0.0009824214834434875,,,,,1.6519666201924954,-0.3465541059258537
dwell_r5_xi_0.05_p+3_Nd4001_dt1,main,dwell,5,xi_0.05,3,4001,1.0,2.5350000000000003e-06,0.07321886766113006,27.051190243999372,1459,1459,0,127.08019191226867,137.08073,0.0,0.05,static_lti,0.18660753647461836,0.04479767995472008,0.0010416507356126711,1.468040294792227,0.00011086326726221714,-4.37176925728899e-06,4.774811424387689e-05,1.9846704274538682,0.0,0.3924171366958125,0.0013135096432924252,,,,,1.6519666201924954,-0.33270380726137283
dwell_r5_xi_0.05_p+3_Nd4001_dt1,main,dwell,5,xi_0.05,3,4001,1.0,2.5350000000000003e-06,0.07321886766113006,27.051190243999372,1459,1459,0,127.08019191226867,137.08073,0.0,0.05,static_mh,1.7076574749258235,1.559349475145944,0.0010698294718530174,1.4019743479860811,0.00017193182743578846,3.0165303409231746e-05,6.705511036920126e-05,0.5212027544662109,0.3169811320754717,1.2917777110362185,0.017385576259766635,,,,,1.6519666201924954,1.1307638657262844
dwell_r5_xi_0.05_p+3_Nd4001_dt1,main,dwell,5,xi_0.05,3,4001,1.0,2.5350000000000003e-06,0.07321886766113006,27.051190243999372,1459,1459,0,127.08019191226867,137.08073,0.0,0.05,static_lti_mh,0.21431348442069093,0.07108750454219523,0.0010404737431113347,1.466307743324631,0.00011202161518279478,2.578385289318518e-05,5.2316361814990524e-05,1.967860321784479,0.0,0.4286457940342017,0.001639505776273938,,,,,1.6519666201924954,-0.3158937015919836
dwell_r5_xi_0.05_p+3_Nd4001_dt1,main,dwell,5,xi_0.05,3,4001,1.0,2.5350000000000003e-06,0.07321886766113006,27.051190243999372,1459,1459,0,127.08019191226867,137.08073,0.0,0.05,linear,0.1787701663164753,0.009768614139149935,0.001833346356497726,1.2933899830629534,0.00019443269822893306,-1.34915027390228e-05,0.00020457805011006735,1.6519666201924954,0.12830188679245283,0.3770960678820286,0.0014701484907719772,,,,,1.6519666201924954,0.0
dwell_r5_xi_0.1_p+3_Nd4001_dt1,main,dwell,5,xi_0.1,3,4001,1.0,2.5350000000000003e-06,0.07321886766113006,27.76691301000028,1459,731,728,253.6388508891929,254.40724,0.0364,0.1,atomic,0.570227734387962,0.2706247229146966,0.0008096812189867016,1.566719852375787,0.00010222255746501852,-1.2617727730709792e-05,0.00021841542472800056,1.0444217977256878,0.19622641509433963,0.7371283317612981,0.005504284378995884,0.4943533917645462,0.4658514154921798,0.7331752428263429,0.5095583800395089,1.801367339787863,0.7569455420621751
dwell_r5_xi_0.1_p+3_Nd4001_dt1,main,dwell,5,xi_0.1,3,4001,1.0,2.5350000000000003e-06,0.07321886766113006,27.76691301000028,1459,731,728,253.6388508891929,254.40724,0.0364,0.1,static,0.14775959968734573,0.07465958258739241,0.0009972006277239084,1.4337911364927516,0.00010765519862748987,-5.8811678667995316e-08,5.374818800372247e-06,1.9958371876296213,0.0,0.38377424918157377,0.0016131642340832877,,,,,1.801367339787863,-0.19446984784175836
dwell_r5_xi_0.1_p+3_Nd4001_dt1,main,dwell,5,xi_0.1,3,4001,1.0,2.5350000000000003e-06,0.07321886766113006,27.76691301000028,1459,731,728,253.6388508891929,254.40724,0.0364,0.1,static_lti,0.21053635935432627,0.08275624944558133,0.000997105985381771,1.4741970037070207,0.00011055056790747814,-1.044366381907203e-06,3.8139414681059505e-05,1.9855707380246292,0.0,0.40370026054433894,0.0018318402990698812,,,,,1.801367339787863,-0.18420339823676635
dwell_r5_xi_0.1_p+3_Nd4001_dt1,main,dwell,5,xi_0.1,3,4001,1.0,2.5350000000000003e-06,0.07321886766113006,27.76691301000028,1459,731,728,253.6388508891929,254.40724,0.0364,0.1,static_mh,0.8718630166831963,0.7424261931279117,0.0009949801539938035,1.429852945536195,0.00013711832633646242,3.0275236851711882e-05,0.00013426881605186638,1.206893929552729,0.12830188679245283,0.917164724719185,0.009488555147242133,,,,,1.801367339787863,0.5944734102351339
dwell_r5_xi_0.1_p+3_Nd4001_dt1,main,dwell,5,xi_0.1,3,4001,1.0,2.5350000000000003e-06,0.07321886766113006,27.76691301000028,1459,731,728,253.6388508891929,254.40724,0.0364,0.1,static_lti_mh,0.2263130458638737,0.09780231744586744,0.0009972565104312697,1.4742401058146917,0.00011128557959429812,2.9421185787725175e-05,6.129599759782763e-05,1.980467018040038,0.0,0.41940619354939596,0.0018971791469992035,,,,,1.801367339787863,-0.1790996782521752
dwell_r5_xi_0.1_p+3_Nd4001_dt1,main,dwell,5,xi_0.1,3,4001,1.0,2.5350000000000003e-06,0.07321886766113006,27.76691301000028,1459,731,728,253.6388508891929,254.40724,0.0364,0.1,linear,0.11875032380466026,0.009913821092041671,0.0018031375023243395,1.2728500953857131,0.00019214155804871556,-6.620720007324132e-06,0.00013470488349507953,1.801367339787863,0.05660377358490566,0.29722773045018125,0.0010628441001293751,,,,,1.801367339787863,0.0
dwell_r5_xi_0.25_p+3_Nd4001_dt1,main,dwell,5,xi_0.25,3,4001,1.0,2.5350000000000003e-06,0.07321886766113006,28.670330860999456,1459,293,1166,632.7986348122867,605.90671,0.0583,0.25,atomic,0.6093167101375672,0.3217252378034827,0.0006613531636312945,1.633762930863675,8.510653384709017e-05,5.5958995286871266e-05,0.00026691155878214056,1.1464842529261938,0.14339622641509434,0.7258112035904155,0.004742637964694231,0.4519477625189401,0.4253854372922345,0.5964415402979143,0.44256538999770795,1.9044418932227338,0.75795764029654
dwell_r5_xi_0.25_p+3_Nd4001_dt1,main,dwell,5,xi_0.25,3,4001,1.0,2.5350000000000003e-06,0.07321886766113006,28.670330860999456,1459,293,1166,632.7986348122867,605.90671,0.0583,0.25,static,0.1590006867029899,0.12436392195257781,0.0009858764288425187,1.4383526001836924,0.00010772477998569788,-2.164938917786437e-07,4.02386836019015e-06,1.995763643273419,0.0,0.41422759328834924,0.0018158785222330764,,,,,1.9044418932227338,-0.0913217500506851
dwell_r5_xi_0.25_p+3_Nd4001_dt1,main,dwell,5,xi_0.25,3,4001,1.0,2.5350000000000003e-06,0.07321886766113006,28.670330860999456,1459,293,1166,632.7986348122867,605.90671,0.0583,0.25,static_lti,0.19750194476459682,0.13082357731556032,0.000989267986372847,1.4626870084771462,0.00010987086516084622,2.353503976670916e-06,2.631340397079374e-05,1.9916583717973335,0.0,0.4169877270010248,0.001907180111809595,,,,,1.9044418932227338,-0.08721647857459969
dwell_r5_xi_0.25_p+3_Nd4001_dt1,main,dwell,5,xi_0.25,3,4001,1.0,2.5350000000000003e-06,0.07321886766113006,28.670330860999456,1459,293,1166,632.7986348122867,605.90671,0.0583,0.25,static_mh,0.44829084386829887,0.40158179686605766,0.0009745851456656289,1.4372814261763227,0.00011899820677420079,2.964489581528978e-05,0.00021093103869759648,1.5557828068874864,0.07169811320754717,0.7487858048330038,0.004499222844456344,,,,,1.9044418932227338,0.34865908633524745
dwell_r5_xi_0.25_p+3_Nd4001_dt1,main,dwell,5,xi_0.25,3,4001,1.0,2.5350000000000003e-06,0.07321886766113006,28.670330860999456,1459,293,1166,632.7986348122867,605.90671,0.0583,0.25,static_lti_mh,0.20227430891658982,0.13527317505073377,0.0009894996333393122,1.4632493008574787,0.00011011698727397555,3.276474428879092e-05,8.678020120553672e-05,1.9913560383378723,0.0,0.42949311560049547,0.001912916452813836,,,,,1.9044418932227338,-0.08691414511513851
dwell_r5_xi_0.25_p+3_Nd4001_dt1,main,dwell,5,xi_0.25,3,4001,1.0,2.5350000000000003e-06,0.07321886766113006,28.670330860999456,1459,293,1166,632.7986348122867,605.90671,0.0583,0.25,linear,0.06968999289243105,0.007823594550443614,0.0017734243723811437,1.247465770991952,0.00018615172768040713,-1.1117661786154707e-06,8.853881724254589e-05,1.9044418932227338,0.022641509433962263,0.21923332588114763,0.0003737125691356065,,,,,1.9044418932227338,0.0
dwell_r5_xi_0.5_p+3_Nd4001_dt1,main,dwell,5,xi_0.5,3,4001,1.0,2.5350000000000003e-06,0.07321886766113006,27.67814055800045,1459,146,1313,1269.9315068493152,1196.56055,0.06565,0.5,atomic,0.7020323996143669,0.4596898556247238,0.0006439701390557851,1.658006238048522,8.55748510826928e-05,9.477957286842e-05,0.00031663462800924546,1.3134844625542281,0.12830188679245283,0.7250895190655552,0.005814924241519422,0.41617694707950015,0.39702032299529877,0.502261276084147,0.4046429658381175,1.9524848854689347,0.6390004229147066
dwell_r5_xi_0.5_p+3_Nd4001_dt1,main,dwell,5,xi_0.5,3,4001,1.0,2.5350000000000003e-06,0.07321886766113006,27.67814055800045,1459,146,1313,1269.9315068493152,1196.56055,0.06565,0.5,static,0.1631986548983985,0.15074538247720382,0.0009817636897626707,1.4408412455776884,0.00010783887642812413,1.0284446491355629e-07,3.536924471620082e-06,1.9966320322446387,0.0,0.40424396775973165,0.0017878910026268573,,,,,1.9524848854689347,-0.04414714677570397
dwell_r5_xi_0.5_p+3_Nd4001_dt1,main,dwell,5,xi_0.5,3,4001,1.0,2.5350000000000003e-06,0.07321886766113006,27.67814055800045,1459,146,1313,1269.9315068493152,1196.56055,0.06565,0.5,static_lti,0.20048760672467922,0.15559530089538054,0.0009802754034905787,1.460535902784751,0.00010938317848539704,-3.076085134730117e-07,2.2944606796190886e-05,1.996466513563517,0.0,0.40944776715092307,0.0017369143999524266,,,,,1.9524848854689347,-0.04398162809458217
dwell_r5_xi_0.5_p+3_Nd4001_dt1,main,dwell,5,xi_0.5,3,4001,1.0,2.5350000000000003e-06,0.07321886766113006,27.67814055800045,1459,146,1313,1269.9315068493152,1196.56055,0.06565,0.5,static_mh,0.3100430672258913,0.2903248050794958,0.0009803425871811988,1.4442433983280916,0.00011428851516665788,2.9985385770411846e-05,0.00022408584007568575,1.7832239009203956,0.03773584905660377,0.5604996453838701,0.00345551915775191,,,,,1.9524848854689347,0.1692609845485391
dwell_r5_xi_0.5_p+3_Nd4001_dt1,main,dwell,5,xi_0.5,3,4001,1.0,2.5350000000000003e-06,0.07321886766113006,27.67814055800045,1459,146,1313,1269.9315068493152,1196.56055,0.06565,0.5,static_lti_mh,0.20324593948012182,0.15742188169523322,0.0009806227965329037,1.4606306608452788,0.0001095454884560841,2.980821801917564e-05,0.00010649033684107804,1.9955699317164408,0.0,0.4138475095611639,0.0017933378309654443,,,,,1.9524848854689347,-0.04308504624750609
dwell_r5_xi_0.5_p+3_Nd4001_dt1,main,dwell,5,xi_0.5,3,4001,1.0,2.5350000000000003e-06,0.07321886766113006,27.67814055800045,1459,146,1313,1269.9315068493152,1196.56055,0.06565,0.5,linear,0.04944550223636904,0.0059693865137427785,0.0017479380803376368,1.2397056116476863,0.0001823148399399111,2.446556315275601e-06,6.72326472432916e-05,1.9524848854689347,0.007547169811320755,0.16503909468465142,0.00027994329268148744,,,,,1.9524848854689347,0.0
dwell_r5_xi_1_p+3_Nd4001_dt1,main,dwell,5,xi_1,3,4001,1.0,2.5350000000000003e-06,0.07321886766113006,27.331119165999553,1459,73,1386,2539.8630136986303,2373.85055,0.0693,1,atomic,0.690595253980148,0.49953091721054843,0.0006986531108377666,1.607657377945275,9.288339708489957e-05,9.729520885994785e-05,0.0003202249232642068,1.2101475793517118,0.07547169811320754,0.7384164875856423,0.005640574155503222,0.3561404516028008,0.33009244695340606,0.4058222894670216,0.3337200218001971,1.9394383152698984,0.7292907359181866
dwell_r5_xi_1_p+3_Nd4001_dt1,main,dwell,5,xi_1,3,4001,1.0,2.5350000000000003e-06,0.07321886766113006,27.331119165999553,1459,73,1386,2539.8630136986303,2373.85055,0.0693,1,static,0.16543746307182475,0.1620847718715392,0.000977728803912949,1.442427701564512,0.00010791344007264915,-9.004875933104431e-08,3.365079911877947e-06,1.9959150621314818,0.0,0.41952494283392977,0.0018088937774817626,,,,,1.9394383152698984,-0.05647674686158344
dwell_r5_xi_1_p+3_Nd4001_dt1,main,dwell,5,xi_1,3,4001,1.0,2.5350000000000003e-06,0.07321886766113006,27.331119165999553,1459,73,1386,2539.8630136986303,2373.85055,0.0693,1,static_lti,0.1985700692945153,0.16190464491545903,0.00097839112553114,1.4610655893092903,0.00010950823011644621,1.390296024756716e-06,2.1085497170812547e-05,1.994479988088703,0.0,0.4199302122779426,0.0018150185552491935,,,,,1.9394383152698984,-0.055041672818804566
dwell_r5_xi_1_p+3_Nd4001_dt1,main,dwell,5,xi_1,3,4001,1.0,2.5350000000000003e-06,0.07321886766113006,27.331119165999553,1459,73,1386,2539.8630136986303,2373.85055,0.0693,1,static_mh,0.24780819256110212,0.2437689224729275,0.000974051163250107,1.4419268310390565,0.0001112418329882719,3.0704411647700223e-05,0.00023182519916638847,1.9103907046321145,0.007547169811320755,0.5117359218755109,0.0030486867802704287,,,,,1.9394383152698984,0.029047610637783938
dwell_r5_xi_1_p+3_Nd4001_dt1,main,dwell,5,xi_1,3,4001,1.0,2.5350000000000003e-06,0.07321886766113006,27.331119165999553,1459,73,1386,2539.8630136986303,2373.85055,0.0693,1,static_lti_mh,0.20052153724679345,0.16354358901225044,0.000978420850165127,1.4614633084143058,0.00010960047746557811,3.112385911852394e-05,0.00013474929651911656,1.9946046983662844,0.0,0.42173769722581156,0.0018276939730062485,,,,,1.9394383152698984,-0.055166383096385996
dwell_r5_xi_1_p+3_Nd4001_dt1,main,dwell,5,xi_1,3,4001,1.0,2.5350000000000003e-06,0.07321886766113006,27.331119165999553,1459,73,1386,2539.8630136986303,2373.85055,0.0693,1,linear,0.043735736134956724,0.004589639043686572,0.001748338007663921,1.2377024573952964,0.00018259259376392418,8.814166193554222e-08,5.930810357850488e-05,1.9394383152698984,0.0037735849056603774,0.11727010632156486,0.00020903915462892517,,,,,1.9394383152698984,0.0
dwell_r5_xi_2_p+3_Nd4001_dt1,main,dwell,5,xi_2,3,4001,1.0,2.5350000000000003e-06,0.07321886766113006,23.13978299900009,1459,37,1422,5011.081081081081,4664.79323,0.0711,2,atomic,0.81833229418233,0.5878398705076653,0.0006801748769650164,1.6049924186441422,9.378008269067286e-05,8.004572925262318e-05,0.00031020860003048577,1.2760921579640072,0.06792452830188679,0.8037982675193932,0.0074904712369309925,0.3291457830173963,0.3000226521070031,0.3616058956882265,0.30141970504293525,1.999999498066997,0.7239073401029898
dwell_r5_xi_2_p+3_Nd4001_dt1,main,dwell,5,xi_2,3,4001,1.0,2.5350000000000003e-06,0.07321886766113006,23.13978299900009,1459,37,1422,5011.081081081081,4664.79323,0.0711,2,static,0.16651040958407867,0.16426231056462035,0.0009769558976457295,1.4426703334321018,0.00010792338389526253,5.333107077218484e-08,3.2083538546107046e-06,1.9957676611413313,0.0,0.421720770810582,0.0018359023853013734,,,,,1.999999498066997,0.004231836925665755
dwell_r5_xi_2_p+3_Nd4001_dt1,main,dwell,5,xi_2,3,4001,1.0,2.5350000000000003e-06,0.07321886766113006,23.13978299900009,1459,37,1422,5011.081081081081,4664.79323,0.0711,2,static_lti,0.20003341523672943,0.16215679560475063,0.0009768806189688214,1.4613552045128533,0.00010945397561623462,7.981017512462546e-07,2.0833147625964504e-05,1.9953832491219206,0.0,0.4162666597788325,0.0018191278839976158,,,,,1.999999498066997,0.0046162489450765065
dwell_r5_xi_2_p+3_Nd4001_dt1,main,dwell,5,xi_2,3,4001,1.0,2.5350000000000003e-06,0.07321886766113006,23.13978299900009,1459,37,1422,5011.081081081081,4664.79323,0.0711,2,static_mh,0.21945560188638943,0.21679131103944932,0.0009762381283157024,1.4476874996614544,0.00011026606085907004,3.1041767257266106e-05,0.00023492663577711877,1.9723254164251411,0.0,0.47912396174005484,0.0025177896632755784,,,,,1.999999498066997,0.02767408164185592
dwell_r5_xi_2_p+3_Nd4001_dt1,main,dwell,5,xi_2,3,4001,1.0,2.5350000000000003e-06,0.07321886766113006,23.13978299900009,1459,37,1422,5011.081081081081,4664.79323,0.0711,2,static_lti_mh,0.20150022764700484,0.16335008942235896,0.0009770985968285198,1.461315280437607,0.00010954527703635445,3.139515840229877e-05,0.00016823468455191736,1.9955015079721092,0.0,0.41907827894443644,0.0018139037664354869,,,,,1.999999498066997,0.004497990094887827
dwell_r5_xi_2_p+3_Nd4001_dt1,main,dwell,5,xi_2,3,4001,1.0,2.5350000000000003e-06,0.07321886766113006,23.13978299900009,1459,37,1422,5011.081081081081,4664.79323,0.0711,2,linear,0.04133378253211645,0.004088614124472637,0.0017433417092087744,1.2374848720386855,0.0001819452714208357,4.520579483846497e-06,5.128118261840296e-05,1.999999498066997,0.0,0.10112141614964411,0.00014809376065169752,,,,,1.999999498066997,0.0
dwell_r5_xi_4_p+3_Nd4001_dt1,main,dwell,5,xi_4,3,4001,1.0,2.5350000000000003e-06,0.07321886766113006,22.944414596999195,1459,18,1441,10300.555555555555,9568.40055,0.07205,4,atomic,0.9295619216906527,0.6914596994656571,0.0006483161270103004,1.5883310000279733,9.222202973440274e-05,4.811328541129162e-05,0.0002864873696074868,1.3604885680905676,0.052830188679245285,0.8666196419101262,0.00831087286935214,0.29563471800081204,0.26578830631572975,0.31460612709376296,0.26611293316021833,1.9999998490280735,0.6395112809375059
dwell_r5_xi_4_p+3_Nd4001_dt1,main,dwell,5,xi_4,3,4001,1.0,2.5350000000000003e-06,0.07321886766113006,22.944414596999195,1459,18,1441,10300.555555555555,9568.40055,0.07205,4,static,0.16705875211110502,0.16637077521251037,0.0009752952253189681,1.4431034232529352,0.00010791414563537087,1.1407191939187274e-07,3.0769879490173275e-06,1.995829651630363,0.0,0.41359249557130556,0.001845751375058601,,,,,1.9999998490280735,0.004170197397710407
dwell_r5_xi_4_p+3_Nd4001_dt1,main,dwell,5,xi_4,3,4001,1.0,2.5350000000000003e-06,0.07321886766113006,22.944414596999195,1459,18,1441,10300.555555555555,9568.40055,0.07205,4,static_lti,0.19863192773483782,0.16357705585914648,0.0009768955590298437,1.460551678265039,0.00010954392810595544,-1.2152451291529605e-07,2.073456050661904e-05,1.9961051078770715,0.0,0.41736284506659593,0.0017828575112912423,,,,,1.9999998490280735,0.003894741151001968
dwell_r5_xi_4_p+3_Nd4001_dt1,main,dwell,5,xi_4,3,4001,1.0,2.5350000000000003e-06,0.07321886766113006,22.944414596999195,1459,18,1441,10300.555555555555,9568.40055,0.07205,4,static_mh,0.20481911450227547,0.2040520693387091,0.0009763822524223049,1.4439522328254442,0.00010975859656059182,3.135290268321078e-05,0.00023665217421693795,1.8947480220141104,0.011320754716981131,0.4601199461755392,0.0022987131798325572,,,,,1.9999998490280735,0.10525182701396307
dwell_r5_xi_4_p+3_Nd4001_dt1,main,dwell,5,xi_4,3,4001,1.0,2.5350000000000003e-06,0.07321886766113006,22.944414596999195,1459,18,1441,10300.555555555555,9568.40055,0.07205,4,static_lti_mh,0.20045220772106515,0.1653428399075201,0.0009768370620810557,1.4603976948351545,0.00010962043207011096,3.110943699859043e-05,0.00020296478840653727,1.9958969351079034,0.0,0.42034544591469486,0.0018018847574132817,,,,,1.9999998490280735,0.004102913920170037
dwell_r5_xi_4_p+3_Nd4001_dt1,main,dwell,5,xi_4,3,4001,1.0,2.5350000000000003e-06,0.07321886766113006,22.944414596999195,1459,18,1441,10300.555555555555,9568.40055,0.07205,4,linear,0.038444016502558215,0.003617609329423252,0.0017461139553167483,1.2358327252179606,0.00018226317806555465,2.430526882120524e-06,4.863674133727921e-05,1.9999998490280735,0.0,0.09644799441696454,0.00010723629853972684,,,,,1.9999998490280735,0.0
dwell_r5_xi_0.05_p+0_Nd4001_dt1,main,dwell,5,xi_0.05,0,4001,1.0,2.5350000000000003e-06,0.07321886766113006,24.488708623999628,1459,1459,0,127.08019191226867,137.08073,0.0,0.05,atomic,0.46118416946000224,0.17941737786328738,0.0011816044573650024,1.4291692965656244,9.876212750505982e-05,-0.00010261464259780879,0.00018587623018932614,1.180487856323866,0.22641509433962265,0.606664055689923,0.001825592902907988,0.36161564571372223,0.2233551421827681,0.43383168583383264,0.23850687663150275,1.6523168329362825,0.4718289766124164
dwell_r5_xi_0.05_p+0_Nd4001_dt1,main,dwell,5,xi_0.05,0,4001,1.0,2.5350000000000003e-06,0.07321886766113006,24.488708623999628,1459,1459,0,127.08019191226867,137.08073,0.0,0.05,static,0.024757692175464203,0.011761229399818614,0.0013751822373456346,1.3564990325339203,9.628784417666636e-05,3.676456896452082e-07,1.2449344245108055e-05,1.9999988753088696,0.0,0.1743852785904481,0.00011693986121977197,,,,,1.6523168329362825,-0.34768204237258704
dwell_r5_xi_0.05_p+0_Nd4001_dt1,main,dwell,5,xi_0.05,0,4001,1.0,2.5350000000000003e-06,0.07321886766113006,24.488708623999628,1459,1459,0,127.08019191226867,137.08073,0.0,0.05,static_lti,0.13877004352531455,0.014179946582724767,0.0014038053813150578,1.4254988992579318,0.00010360665165984543,-7.066229467009287e-06,8.174080750275454e-05,1.9056042478941673,0.026415094339622643,0.31879141178912684,0.0005058583454539255,,,,,1.6523168329362825,-0.25328741495788476
dwell_r5_xi_0.05_p+0_Nd4001_dt1,main,dwell,5,xi_0.05,0,4001,1.0,2.5350000000000003e-06,0.07321886766113006,24.488708623999628,1459,1459,0,127.08019191226867,137.08073,0.0,0.05,static_mh,0.12756224086489187,0.11452949049198403,0.0013849485691520996,1.3524604034792027,0.0001017137348506817,-3.622668744783365e-05,1.9439086283293097e-05,1.9768358141248203,0.0,0.35506723973428694,0.0006217931528981885,,,,,1.6523168329362825,-0.32451898118853784
dwell_r5_xi_0.05_p+0_Nd4001_dt1,main,dwell,5,xi_0.05,0,4001,1.0,2.5350000000000003e-06,0.07321886766113006,24.488708623999628,1459,1459,0,127.08019191226867,137.08073,0.0,0.05,static_lti_mh,0.1406644486453382,0.016824708378537154,0.0014039608461395151,1.424441643880561,0.00010370427305452671,-4.36523631794625e-05,8.174614227011081e-05,1.8990659321477001,0.03018867924528302,0.32432055116709463,0.0005206743855255779,,,,,1.6523168329362825,-0.24674909921141763
dwell_r5_xi_0.05_p+0_Nd4001_dt1,main,dwell,5,xi_0.05,0,4001,1.0,2.5350000000000003e-06,0.07321886766113006,24.488708623999628,1459,1459,0,127.08019191226867,137.08073,0.0,0.05,linear,0.17877016631657386,0.009768614139150667,0.001833346356497865,1.293389983062931,0.00013764780905760644,-9.551252489099489e-06,0.0001448301681529497,1.6523168329362825,0.12452830188679245,0.37702620946190873,0.0007401145359006246,,,,,1.6523168329362825,0.0
dwell_r5_xi_0.1_p+0_Nd4001_dt1,main,dwell,5,xi_0.1,0,4001,1.0,2.5350000000000003e-06,0.07321886766113006,25.663360315998943,1459,731,728,253.6388508891929,254.40724,0.0364,0.1,atomic,0.28582972073532165,0.13443504528812492,0.0012058958233515176,1.4201171651120479,9.752905920985523e-05,-0.00013024199273560917,0.00015072287519058284,1.4916016514496964,0.13584905660377358,0.47067954716151933,0.0012869201000997891,0.2618874651636427,0.16673273880049141,0.3121640854024729,0.17442724939966733,1.8006601835153973,0.3090585320657009
dwell_r5_xi_0.1_p+0_Nd4001_dt1,main,dwell,5,xi_0.1,0,4001,1.0,2.5350000000000003e-06,0.07321886766113006,25.663360315998943,1459,731,728,253.6388508891929,254.40724,0.0364,0.1,static,0.02943000689744456,0.016764556553761793,0.0013493191256601085,1.366102003036344,9.765379418325575e-05,-4.577607802998798e-08,8.223430955913502e-06,1.9999990030163408,0.0,0.1786876207019158,0.00017303368147246462,,,,,1.8006601835153973,-0.19933881950094356
dwell_r5_xi_0.1_p+0_Nd4001_dt1,main,dwell,5,xi_0.1,0,4001,1.0,2.5350000000000003e-06,0.07321886766113006,25.663360315998943,1459,731,728,253.6388508891929,254.40724,0.0364,0.1,static_lti,0.10991149341674626,0.020993258237767928,0.00136796475826189,1.417935866217423,0.000102800484394249,-2.3924717662645324e-06,5.720276032643382e-05,1.9637479408497867,0.0037735849056603774,0.27583063239600797,0.0004382483213060274,,,,,1.8006601835153973,-0.1630877573343894
dwell_r5_xi_0.1_p+0_Nd4001_dt1,main,dwell,5,xi_0.1,0,4001,1.0,2.5350000000000003e-06,0.07321886766113006,25.663360315998943,1459,731,728,253.6388508891929,254.40724,0.0364,0.1,static_mh,0.07311651618474205,0.05932678427026542,0.0013486177935107524,1.3653610732255759,9.964463290261836e-05,-3.656731833842838e-05,3.210627569069623e-05,1.9971618126072217,0.0,0.2699130934920374,0.0004028621162165065,,,,,1.8006601835153973,-0.19650162909182445
dwell_r5_xi_0.1_p+0_Nd4001_dt1,main,dwell,5,xi_0.1,0,4001,1.0,2.5350000000000003e-06,0.07321886766113006,25.663360315998943,1459,731,728,253.6388508891929,254.40724,0.0364,0.1,static_lti_mh,0.111538677696343,0.02246533852916214,0.001368309213253692,1.4178848060644162,0.0001029022162779245,-3.888321847743374e-05,5.8206792283508146e-05,1.960231490320674,0.007547169811320755,0.2813453627981579,0.0004405163058136523,,,,,1.8006601835153973,-0.15957130680527665
dwell_r5_xi_0.1_p+0_Nd4001_dt1,main,dwell,5,xi_0.1,0,4001,1.0,2.5350000000000003e-06,0.07321886766113006,25.663360315998943,1459,731,728,253.6388508891929,254.40724,0.0364,0.1,linear,0.1187503238047477,0.009913821092044129,0.0018031375023246784,1.2728500953857094,0.0001360258060255884,-4.687110818775194e-06,9.536375440629789e-05,1.8006601835153973,0.05660377358490566,0.29862503169049753,0.0005370264886814058,,,,,1.8006601835153973,0.0
dwell_r5_xi_0.25_p+0_Nd4001_dt1,main,dwell,5,xi_0.25,0,4001,1.0,2.5350000000000003e-06,0.07321886766113006,24.891432623000583,1459,293,1166,632.7986348122867,605.90671,0.0583,0.25,atomic,0.27060548611884716,0.16301983887336235,0.001043984735095731,1.4465596786899972,8.45395654233705e-05,-0.0001145295289345313,0.0001619249336845161,1.6087546524838825,0.07924528301886792,0.458606641553412,0.0009615256260972442,0.23378270998975537,0.17552218497055255,0.254368386576165,0.17830325821607432,1.9051385960411502,0.2963839435572677
dwell_r5_xi_0.25_p+0_Nd4001_dt1,main,dwell,5,xi_0.25,0,4001,1.0,2.5350000000000003e-06,0.07321886766113006,24.891432623000583,1459,293,1166,632.7986348122867,605.90671,0.0583,0.25,static,0.030325243381731825,0.024647901217727454,0.0013418867109901418,1.3693934568091184,9.78821711036317e-05,-3.786561642054677e-07,5.660347058341394e-06,1.999999951579436,0.0,0.19176652807732944,0.00018008844412622954,,,,,1.9051385960411502,-0.09486135553828579
dwell_r5_xi_0.25_p+0_Nd4001_dt1,main,dwell,5,xi_0.25,0,4001,1.0,2.5350000000000003e-06,0.07321886766113006,24.891432623000583,1459,293,1166,632.7986348122867,605.90671,0.0583,0.25,static_lti,0.08177496332672755,0.028787738909247625,0.0013513351130016416,1.3975745269177962,0.00010099136773716614,1.5033364081836075e-06,3.7845413456126074e-05,1.996671302171373,0.0,0.24477597383688737,0.0002937313208106198,,,,,1.9051385960411502,-0.09153270613022269
dwell_r5_xi_0.25_p+0_Nd4001_dt1,main,dwell,5,xi_0.25,0,4001,1.0,2.5350000000000003e-06,0.07321886766113006,24.891432623000583,1459,293,1166,632.7986348122867,605.90671,0.0583,0.25,static_mh,0.04657041034609522,0.04044873628659129,0.0013386661523406022,1.369661777494045,9.840935216630584e-05,-3.7025955754358325e-05,4.95632910073554e-05,1.999990896527233,0.0,0.24624333548594568,0.00025451137283454353,,,,,1.9051385960411502,-0.09485230048608284
dwell_r5_xi_0.25_p+0_Nd4001_dt1,main,dwell,5,xi_0.25,0,4001,1.0,2.5350000000000003e-06,0.07321886766113006,24.891432623000583,1459,293,1166,632.7986348122867,605.90671,0.0583,0.25,static_lti_mh,0.08239841791673368,0.029273351312351016,0.0013515984481735463,1.398042608127604,0.00010104094075984976,-3.501484057027271e-05,4.2966032244103216e-05,1.997458970969238,0.0,0.2488597895134427,0.0002905773491009777,,,,,1.9051385960411502,-0.09232037492808787
dwell_r5_xi_0.25_p+0_Nd4001_dt1,main,dwell,5,xi_0.25,0,4001,1.0,2.5350000000000003e-06,0.07321886766113006,24.891432623000583,1459,293,1166,632.7986348122867,605.90671,0.0583,0.25,linear,0.06968999289246425,0.007823594550443106,0.0017734243723815835,1.247465770991956,0.00013178533086716804,-7.870701793704511e-07,6.268068242121867e-05,1.9051385960411502,0.018867924528301886,0.22101853168005678,0.00019024006394930367,,,,,1.9051385960411502,0.0
dwell_r5_xi_0.5_p+0_Nd4001_dt1,main,dwell,5,xi_0.5,0,4001,1.0,2.5350000000000003e-06,0.07321886766113006,25.173685713998566,1459,146,1313,1269.9315068493152,1196.56055,0.06565,0.5,atomic,0.27398460139117875,0.19399551396722306,0.0010303213703332908,1.4619737935778176,8.38389707231757e-05,-7.494855401032115e-05,0.00015820458228499938,1.6849590344214465,0.052830188679245285,0.4482060509221186,0.001208011442881783,0.21697477033155962,0.17675732674705874,0.22811889073117567,0.17782956921265825,1.9477237477311244,0.262764713309678
dwell_r5_xi_0.5_p+0_Nd4001_dt1,main,dwell,5,xi_0.5,0,4001,1.0,2.5350000000000003e-06,0.07321886766113006,25.173685713998566,1459,146,1313,1269.9315068493152,1196.56055,0.06565,0.5,static,0.030463057368949668,0.028516719550061766,0.0013412182655292968,1.3709689633253894,9.81531763776307e-05,9.148570224598428e-08,4.682940559273716e-06,1.9999998371450152,0.0,0.18014317553589937,0.0001787772306997145,,,,,1.9477237477311244,-0.052276089413890725
dwell_r5_xi_0.5_p+0_Nd4001_dt1,main,dwell,5,xi_0.5,0,4001,1.0,2.5350000000000003e-06,0.07321886766113006,25.173685713998566,1459,146,1313,1269.9315068493152,1196.56055,0.06565,0.5,static_lti,0.07207465661853038,0.03236590818102181,0.001335305932666217,1.392397517607756,9.966774609080067e-05,5.579555843964688e-07,2.958216646275622e-05,1.9995351573109084,0.0,0.21880652334592637,0.0002381244053684314,,,,,1.9477237477311244,-0.05181140957978392
dwell_r5_xi_0.5_p+0_Nd4001_dt1,main,dwell,5,xi_0.5,0,4001,1.0,2.5350000000000003e-06,0.07321886766113006,25.173685713998566,1459,146,1313,1269.9315068493152,1196.56055,0.06565,0.5,static_mh,0.03854197271771668,0.03618845540532557,0.0013397926369787987,1.3719117241807746,9.84347477140189e-05,-3.655715254662682e-05,5.288684880458029e-05,1.9999967273465538,0.0,0.1995955130691792,0.00022951112506976434,,,,,1.9477237477311244,-0.052272979615429316
dwell_r5_xi_0.5_p+0_Nd4001_dt1,main,dwell,5,xi_0.5,0,4001,1.0,2.5350000000000003e-06,0.07321886766113006,25.173685713998566,1459,146,1313,1269.9315068493152,1196.56055,0.06565,0.5,static_lti_mh,0.07272589745743915,0.0326815586095253,0.0013351501320930203,1.3925372702590912,9.968611965408556e-05,-3.603709396689657e-05,3.8761099097286045e-05,1.9997713364411367,0.0,0.2189422347474156,0.00024056137387367817,,,,,1.9477237477311244,-0.05204758871001225
dwell_r5_xi_0.5_p+0_Nd4001_dt1,main,dwell,5,xi_0.5,0,4001,1.0,2.5350000000000003e-06,0.07321886766113006,25.173685713998566,1459,146,1313,1269.9315068493152,1196.56055,0.06565,0.5,linear,0.04944550223638995,0.005969386513743583,0.001747938080338101,1.2397056116476919,0.00012906902236612885,1.7320292296573792e-06,4.759706918887315e-05,1.9477237477311244,0.007547169811320755,0.1680759863381659,0.00014373709992498418,,,,,1.9477237477311244,0.0
dwell_r5_xi_1_p+0_Nd4001_dt1,main,dwell,5,xi_1,0,4001,1.0,2.5350000000000003e-06,0.07321886766113006,26.4191810049997,1459,73,1386,2539.8630136986303,2373.85055,0.0693,1,atomic,0.31516770984184855,0.24286166417728502,0.0010287355717392096,1.4582795233425183,8.536467285882224e-05,-5.177518382092518e-05,0.00014884265617595203,1.5836295412524388,0.04905660377358491,0.5203551944161985,0.0015383918951922544,0.2241694507561762,0.18863304682431478,0.2282334938430915,0.18885951122459843,1.9408130215923372,0.35718348033989833
dwell_r5_xi_1_p+0_Nd4001_dt1,main,dwell,5,xi_1,0,4001,1.0,2.5350000000000003e-06,0.07321886766113006,26.4191810049997,1459,73,1386,2539.8630136986303,2373.85055,0.0693,1,static,0.030616768346898412,0.030081137067895645,0.0013388629875840218,1.3715151968445602,9.837084795463124e-05,-1.2905795361141184e-07,4.058448604346785e-06,1.9999999254685432,0.0,0.18704006382643476,0.00017825914888849827,,,,,1.9408130215923372,-0.059186903876206065
dwell_r5_xi_1_p+0_Nd4001_dt1,main,dwell,5,xi_1,0,4001,1.0,2.5350000000000003e-06,0.07321886766113006,26.4191810049997,1459,73,1386,2539.8630136986303,2373.85055,0.0693,1,static_lti,0.06873253142340756,0.03237354675301735,0.0013348302755376872,1.3914036651234132,9.987029422137742e-05,8.423523548711213e-07,2.6449450506984203e-05,1.9970005104913795,0.0,0.21067649226813953,0.00024041228672959643,,,,,1.9408130215923372,-0.05618748889904235
dwell_r5_xi_1_p+0_Nd4001_dt1,main,dwell,5,xi_1,0,4001,1.0,2.5350000000000003e-06,0.07321886766113006,26.4191810049997,1459,73,1386,2539.8630136986303,2373.85055,0.0693,1,static_mh,0.03460645569597851,0.034047674425240336,0.0013380126712708494,1.3712371006645876,9.84987966648436e-05,-3.655069997529122e-05,5.481847292025018e-05,1.9999978899133164,0.0,0.19617374135437396,0.00020704793306418345,,,,,1.9408130215923372,-0.059184868320979245
dwell_r5_xi_1_p+0_Nd4001_dt1,main,dwell,5,xi_1,0,4001,1.0,2.5350000000000003e-06,0.07321886766113006,26.4191810049997,1459,73,1386,2539.8630136986303,2373.85055,0.0693,1,static_lti_mh,0.06912541022226322,0.03263839364561472,0.0013348658783710226,1.3915117960552645,9.989147636448137e-05,-3.582911759631779e-05,3.960153317751889e-05,1.9983155454078203,0.0,0.21029787640969413,0.00024258090271834043,,,,,1.9408130215923372,-0.05750252381548315
dwell_r5_xi_1_p+0_Nd4001_dt1,main,dwell,5,xi_1,0,4001,1.0,2.5350000000000003e-06,0.07321886766113006,26.4191810049997,1459,73,1386,2539.8630136986303,2373.85055,0.0693,1,linear,0.04373573613496721,0.004589639043687414,0.001748338007664379,1.2377024573952964,0.0001292656570149355,6.23995179964075e-08,4.198692190821933e-05,1.9408130215923372,0.0037735849056603774,0.12089873053480944,0.00010916976843515112,,,,,1.9408130215923372,0.0
dwell_r5_xi_2_p+0_Nd4001_dt1,main,dwell,5,xi_2,0,4001,1.0,2.5350000000000003e-06,0.07321886766113006,26.69862633699995,1459,37,1422,5011.081081081081,4664.79323,0.0711,2,atomic,0.40817021945025167,0.3138788188248873,0.0009681658525323518,1.4673716985255603,8.318665684192132e-05,-3.958460310618919e-05,0.00015043982881074357,1.616927245002019,0.03018867924528302,0.5681635332750803,0.0019941588788584368,0.24883490008185746,0.21220400612888726,0.2511327955577274,0.21228489555110425,1.9999993393859357,0.38307209438391676
dwell_r5_xi_2_p+0_Nd4001_dt1,main,dwell,5,xi_2,0,4001,1.0,2.5350000000000003e-06,0.07321886766113006,26.69862633699995,1459,37,1422,5011.081081081081,4664.79323,0.0711,2,static,0.030831229819542914,0.03046583431227122,0.0013387071879055364,1.3714731314543458,9.841021599545434e-05,1.8613579813305606e-08,3.7658444802649477e-06,1.9999999862071567,0.0,0.19024442022297355,0.00017892507683741414,,,,,1.9999993393859357,-6.468212210286595e-07
dwell_r5_xi_2_p+0_Nd4001_dt1,main,dwell,5,xi_2,0,4001,1.0,2.5350000000000003e-06,0.07321886766113006,26.69862633699995,1459,37,1422,5011.081081081081,4664.79323,0.0711,2,static_lti,0.06806667432775176,0.03221688670915631,0.0013318355527023997,1.3914071070035958,9.965781358419151e-05,1.7525626136391835e-06,2.3831631108682383e-05,1.9999988392544774,0.0,0.1991867965205394,0.0002214911564211964,,,,,1.9999993393859357,5.001314582475658e-07
dwell_r5_xi_2_p+0_Nd4001_dt1,main,dwell,5,xi_2,0,4001,1.0,2.5350000000000003e-06,0.07321886766113006,26.69862633699995,1459,37,1422,5011.081081081081,4664.79323,0.0711,2,static_mh,0.033079559570070284,0.032685681637989704,0.0013382017041195318,1.372655163175093,9.84798982366211e-05,-3.6352955906665814e-05,5.5444097405619574e-05,1.9999999927227254,0.0,0.19312626751822198,0.0001952226813816382,,,,,1.9999993393859357,-6.53336789779857e-07
dwell_r5_xi_2_p+0_Nd4001_dt1,main,dwell,5,xi_2,0,4001,1.0,2.5350000000000003e-06,0.07321886766113006,26.69862633699995,1459,37,1422,5011.081081081081,4664.79323,0.0711,2,static_lti_mh,0.0684225188393225,0.03245573100511598,0.0013318624309203695,1.391483202660651,9.96762566565511e-05,-3.471164695548777e-05,4.5465992613182735e-05,1.9999987184527557,0.0,0.19897099054651493,0.00022174693147212864,,,,,1.9999993393859357,6.20933179984462e-07
dwell_r5_xi_2_p+0_Nd4001_dt1,main,dwell,5,xi_2,0,4001,1.0,2.5350000000000003e-06,0.07321886766113006,26.69862633699995,1459,37,1422,5011.081081081081,4664.79323,0.0711,2,linear,0.041333782532122984,0.00408861412447342,0.0017433417092092148,1.2374848720386875,0.00012880738789100847,3.200325188562466e-06,3.630429705293116e-05,1.9999993393859357,0.0,0.10586682549205352,7.943460289722383e-05,,,,,1.9999993393859357,0.0
dwell_r5_xi_4_p+0_Nd4001_dt1,main,dwell,5,xi_4,0,4001,1.0,2.5350000000000003e-06,0.07321886766113006,30.09033701500084,1459,18,1441,10300.555555555555,9568.40055,0.07205,4,atomic,0.5099467136661012,0.39598612912401343,0.000899162530257221,1.4663423953568568,8.01329121280132e-05,-4.6608112350438846e-05,0.0001282560259524574,1.643158254795496,0.052830188679245285,0.6746901820185452,0.0024173553745630858,0.26886472555574115,0.23111060210212275,0.2693979830243065,0.23103467198705116,1.9999973294313915,0.3568390746358956
dwell_r5_xi_4_p+0_Nd4001_dt1,main,dwell,5,xi_4,0,4001,1.0,2.5350000000000003e-06,0.07321886766113006,30.09033701500084,1459,18,1441,10300.555555555555,9568.40055,0.07205,4,static,0.03075352474293346,0.030645642014029965,0.0013372631341427529,1.3716861952775738,9.845282008492846e-05,1.2389721184946132e-07,3.5147010802166038e-06,1.9999999968945639,0.0,0.18317086876697664,0.00018399669745520605,,,,,1.9999973294313915,-2.6674631723455633e-06
dwell_r5_xi_4_p+0_Nd4001_dt1,main,dwell,5,xi_4,0,4001,1.0,2.5350000000000003e-06,0.07321886766113006,30.09033701500084,1459,18,1441,10300.555555555555,9568.40055,0.07205,4,static_lti,0.06618822548475284,0.03228395627085352,0.0013331838197993468,1.390066502757144,9.982421381769941e-05,5.349850919218847e-07,2.3647530782343817e-05,1.999999505136794,0.0,0.20270269360726476,0.000204826650417202,,,,,1.9999973294313915,-2.175705402507333e-06
dwell_r5_xi_4_p+0_Nd4001_dt1,main,dwell,5,xi_4,0,4001,1.0,2.5350000000000003e-06,0.07321886766113006,30.09033701500084,1459,18,1441,10300.555555555555,9568.40055,0.07205,4,static_mh,0.03204643725305612,0.03193343579907898,0.0013370114307378535,1.3716469921692847,9.849566804007004e-05,-3.618562322730235e-05,5.5848143033078625e-05,1.9999990192059909,0.0,0.1876159308774983,0.00019488443207941135,,,,,1.9999973294313915,-1.689774599356042e-06
dwell_r5_xi_4_p+0_Nd4001_dt1,main,dwell,5,xi_4,0,4001,1.0,2.5350000000000003e-06,0.07321886766113006,30.09033701500084,1459,18,1441,10300.555555555555,9568.40055,0.07205,4,static_lti_mh,0.0665066920488878,0.03261580590909197,0.0013330627806565954,1.3899996067782268,9.98302907850431e-05,-3.577478114586448e-05,5.400392357580077e-05,1.9999998022404741,0.0,0.20285914513765926,0.00020407495437353102,,,,,1.9999973294313915,-2.472809082609828e-06
dwell_r5_xi_4_p+0_Nd4001_dt1,main,dwell,5,xi_4,0,4001,1.0,2.5350000000000003e-06,0.07321886766113006,30.09033701500084,1459,18,1441,10300.555555555555,9568.40055,0.07205,4,linear,0.03844401650256079,0.0036176093294235222,0.0017461139553171822,1.2358327252179586,0.00012903244855996503,1.7206812600291975e-06,3.443217599590827e-05,1.9999973294313915,0.0,0.10186223138864249,5.7157347622612867e-05,,,,,1.9999973294313915,0.0
dwell_r5_xi_0.05_p+6_Nd4001_dt1,main,dwell,5,xi_0.05,6,4001,1.0,2.5350000000000003e-06,0.07321886766113006,24.907145310000487,1459,1459,0,127.08019191226867,137.08073,0.0,0.05,atomic,1.5197809056637759,0.5523457351317256,0.0005648442399939209,1.7305241012389982,0.0001237165474681523,0.0003177145931264846,0.00029262417978461223,0.5846260549427102,0.3433962264150943,1.0927007364174366,0.02725364703625992,0.8222325273892631,0.9066660006615673,0.8707860217996644,0.9464925276822129,1.6511777136374313,1.066551658694721
dwell_r5_xi_0.05_p+6_Nd4001_dt1,main,dwell,5,xi_0.05,6,4001,1.0,2.5350000000000003e-06,0.07321886766113006,24.907145310000487,1459,1459,0,127.08019191226867,137.08073,0.0,0.05,static,0.39504231917717025,0.11587645885376156,0.0007246589200044499,1.557467810683225,0.00011812211467837531,-5.025611617459819e-07,1.270145856144594e-05,1.9392842221633737,0.0,0.6482622923930631,0.007267662424739274,,,,,1.6511777136374313,-0.28810650852594244
dwell_r5_xi_0.05_p+6_Nd4001_dt1,main,dwell,5,xi_0.05,6,4001,1.0,2.5350000000000003e-06,0.07321886766113006,24.907145310000487,1459,1459,0,127.08019191226867,137.08073,0.0,0.05,static_lti,0.7383184324142478,0.1371540131436842,0.0006827457323620299,1.5886889144523668,0.00012423029461872074,6.488893412343801e-07,8.309488415492966e-05,1.7871442787170748,0.0,0.8336344285441384,0.011902568162161365,,,,,1.6511777136374313,-0.13596656507964355
dwell_r5_xi_0.05_p+6_Nd4001_dt1,main,dwell,5,xi_0.05,6,4001,1.0,2.5350000000000003e-06,0.07321886766113006,24.907145310000487,1459,1459,0,127.08019191226867,137.08073,0.0,0.05,static_mh,2.1415911858170698,1.5614619078815992,0.0007395925223689736,1.5427464104159943,0.0001808490543499148,2.039846713119996e-05,7.168347496450791e-05,0.5160571145189182,0.30943396226415093,1.4821506156412805,0.046887308794165125,,,,,1.6511777136374313,1.1351205991185132
dwell_r5_xi_0.05_p+6_Nd4001_dt1,main,dwell,5,xi_0.05,6,4001,1.0,2.5350000000000003e-06,0.07321886766113006,24.907145310000487,1459,1459,0,127.08019191226867,137.08073,0.0,0.05,static_lti_mh,0.8100539438243398,0.181013970600661,0.0006808565847411998,1.5905211130772015,0.00012641286346048728,2.1589302330734272e-05,8.712646980090848e-05,1.6512146165361816,0.033962264150943396,0.8981689884128223,0.013829817523718788,,,,,1.6511777136374313,-3.690289875035724e-05
dwell_r5_xi_0.05_p+6_Nd4001_dt1,main,dwell,5,xi_0.05,6,4001,1.0,2.5350000000000003e-06,0.07321886766113006,24.907145310000487,1459,1459,0,127.08019191226867,137.08073,0.0,0.05,linear,0.1787701663165165,0.009768614139149418,0.0018333463564984152,1.2933899830630342,0.0002746434861506744,-1.9057254152256993e-05,0.0002889741765861843,1.6511777136374313,0.12830188679245283,0.3773761026973957,0.0029270722495249374,,,,,1.6511777136374313,0.0
dwell_r5_xi_0.1_p+6_Nd4001_dt1,main,dwell,5,xi_0.1,6,4001,1.0,2.5350000000000003e-06,0.07321886766113006,26.187465820001307,1459,731,728,253.6388508891929,254.40724,0.0364,0.1,atomic,1.0664232104617717,0.3953313751281128,0.0005210900484824636,1.7779391520139318,0.00010659383887734182,0.0003078167464118585,0.00028763478341652966,0.700682302159344,0.2679245283018868,1.081805255728439,0.023753998823125098,0.777194946175485,0.8473738403712692,0.8862762173497851,0.8775863979757504,1.8016547224013728,1.1009724202420288
dwell_r5_xi_0.1_p+6_Nd4001_dt1,main,dwell,5,xi_0.1,6,4001,1.0,2.5350000000000003e-06,0.07321886766113006,26.187465820001307,1459,731,728,253.6388508891929,254.40724,0.0364,0.1,static,0.5829078459401007,0.24721817732463341,0.0006663776665024125,1.5980304836426797,0.00011934552970626342,-9.948233789243789e-08,7.924631951594227e-06,1.8095113436160486,0.0,0.7496102564724145,0.01217581539813793,,,,,1.8016547224013728,-0.007856621214675785
dwell_r5_xi_0.1_p+6_Nd4001_dt1,main,dwell,5,xi_0.1,6,4001,1.0,2.5350000000000003e-06,0.07321886766113006,26.187465820001307,1459,731,728,253.6388508891929,254.40724,0.0364,0.1,static_lti,0.8637067414514598,0.27427638223752976,0.0006379592140209313,1.6272948960212663,0.000123970832416499,2.0715712307495405e-06,5.352342145026256e-05,1.613721204282854,0.007547169811320755,0.8676916163786832,0.017099206195907535,,,,,1.8016547224013728,0.18793351811851888
dwell_r5_xi_0.1_p+6_Nd4001_dt1,main,dwell,5,xi_0.1,6,4001,1.0,2.5350000000000003e-06,0.07321886766113006,26.187465820001307,1459,731,728,253.6388508891929,254.40724,0.0364,0.1,static_mh,1.454950014262718,0.9157927127239731,0.0006642071614187048,1.5932493706258641,0.00014807453142173452,2.089739688594383e-05,0.000136714185769965,1.0206343210394297,0.1509433962264151,1.142642711045616,0.03020807102551437,,,,,1.8016547224013728,0.7810204013619431
dwell_r5_xi_0.1_p+6_Nd4001_dt1,main,dwell,5,xi_0.1,6,4001,1.0,2.5350000000000003e-06,0.07321886766113006,26.187465820001307,1459,731,728,253.6388508891929,254.40724,0.0364,0.1,static_lti_mh,0.8984685631931537,0.3002558932929832,0.000637402414073885,1.6278704266160093,0.0001250107849374693,2.3200742397600682e-05,7.226251405391416e-05,1.58497900681548,0.018867924528301886,0.8762054366619826,0.016708013247633394,,,,,1.8016547224013728,0.21667571558589271
dwell_r5_xi_0.1_p+6_Nd4001_dt1,main,dwell,5,xi_0.1,6,4001,1.0,2.5350000000000003e-06,0.07321886766113006,26.187465820001307,1459,731,728,253.6388508891929,254.40724,0.0364,0.1,linear,0.1187503238046813,0.00991382109204105,0.0018031375023249497,1.2728500953857447,0.0002714071646261237,-9.352015582781382e-06,0.00019027570538083613,1.8016547224013728,0.05660377358490566,0.29652175327781494,0.002111507788151222,,,,,1.8016547224013728,0.0
dwell_r5_xi_0.25_p+6_Nd4001_dt1,main,dwell,5,xi_0.25,6,4001,1.0,2.5350000000000003e-06,0.07321886766113006,26.684472963999724,1459,293,1166,632.7986348122867,605.90671,0.0583,0.25,atomic,0.9266823864727969,0.4006632715323701,0.0004695283113057712,1.843466275432373,9.341111704159413e-05,0.00033798405286352887,0.00038059883581124395,0.7886446294678646,0.2339622641509434,0.8896961193663686,0.013285423429190459,0.6652110349175209,0.6934892244586625,0.7616306145947741,0.7104042999742417,1.9031122852686138,1.1144676558007491
dwell_r5_xi_0.25_p+6_Nd4001_dt1,main,dwell,5,xi_0.25,6,4001,1.0,2.5350000000000003e-06,0.07321886766113006,26.684472963999724,1459,293,1166,632.7986348122867,605.90671,0.0583,0.25,static,0.6349802507909168,0.45523957327309883,0.0006535186347966783,1.6074370682888466,0.0001197912757690409,1.1701205966470096e-07,5.658736657791336e-06,1.7465011929264114,0.0,0.8240274945286475,0.014688915225977891,,,,,1.9031122852686138,0.15661109234220238
dwell_r5_xi_0.25_p+6_Nd4001_dt1,main,dwell,5,xi_0.25,6,4001,1.0,2.5350000000000003e-06,0.07321886766113006,26.684472963999724,1459,293,1166,632.7986348122867,605.90671,0.0583,0.25,static_lti,0.7578664227202241,0.4966115481390098,0.0006411256973098812,1.6297994531018216,0.00012185461662298205,3.907422782945235e-06,3.3445736077215614e-05,1.6936432107879043,0.0,0.8692620763256594,0.016324784535141048,,,,,1.9031122852686138,0.2094690744807095
dwell_r5_xi_0.25_p+6_Nd4001_dt1,main,dwell,5,xi_0.25,6,4001,1.0,2.5350000000000003e-06,0.07321886766113006,26.684472963999724,1459,293,1166,632.7986348122867,605.90671,0.0583,0.25,static_mh,1.039594129073266,0.8105454294358428,0.000643891549314897,1.6053979688519489,0.00013178446805269634,2.071557587953981e-05,0.0002121639400234845,1.2865933907107587,0.08679245283018867,1.11070714293355,0.022318537528144784,,,,,1.9031122852686138,0.616518894557855
dwell_r5_xi_0.25_p+6_Nd4001_dt1,main,dwell,5,xi_0.25,6,4001,1.0,2.5350000000000003e-06,0.07321886766113006,26.684472963999724,1459,293,1166,632.7986348122867,605.90671,0.0583,0.25,static_lti_mh,0.7713618326515169,0.5097215277701327,0.0006406078170775671,1.628770460596062,0.0001222252810879648,2.5057616999052087e-05,8.974441759261817e-05,1.6836699185059498,0.011320754716981131,0.8881760215040223,0.016385161516626185,,,,,1.9031122852686138,0.21944236676266393
dwell_r5_xi_0.25_p+6_Nd4001_dt1,main,dwell,5,xi_0.25,6,4001,1.0,2.5350000000000003e-06,0.07321886766113006,26.684472963999724,1459,293,1166,632.7986348122867,605.90671,0.0583,0.25,linear,0.06968999289244296,0.007823594550442516,0.0017734243723817507,1.2474657709919654,0.0002629463043449658,-1.5704114681346847e-06,0.0001250644035115904,1.9031122852686138,0.022641509433962263,0.2183741106610955,0.0007406439535210268,,,,,1.9031122852686138,0.0
dwell_r5_xi_0.5_p+6_Nd4001_dt1,main,dwell,5,xi_0.5,6,4001,1.0,2.5350000000000003e-06,0.07321886766113006,26.07345766099934,1459,146,1313,1269.9315068493152,1196.56055,0.06565,0.5,atomic,0.9933995231583224,0.5537270350813835,0.00048564172220686195,1.816511440117099,9.860649415314295e-05,0.0002925387755717095,0.00040617822815878856,0.9409948698195787,0.18490566037735848,0.8888359901314673,0.013692293081325434,0.5512998406406606,0.5650725669178874,0.6300172136464701,0.5757426280668918,1.9561918610908344,1.0151969912712557
dwell_r5_xi_0.5_p+6_Nd4001_dt1,main,dwell,5,xi_0.5,6,4001,1.0,2.5350000000000003e-06,0.07321886766113006,26.07345766099934,1459,146,1313,1269.9315068493152,1196.56055,0.06565,0.5,static,0.6579903350496082,0.5873925045927391,0.0006472357029955638,1.6129753556236228,0.00011989951247975226,6.85694368125697e-08,4.316886744180083e-06,1.7600601993827767,0.0,0.8094119144366477,0.014235987378119336,,,,,1.9561918610908344,0.19613166170805774
dwell_r5_xi_0.5_p+6_Nd4001_dt1,main,dwell,5,xi_0.5,6,4001,1.0,2.5350000000000003e-06,0.07321886766113006,26.07345766099934,1459,146,1313,1269.9315068493152,1196.56055,0.06565,0.5,static_lti,0.7473649757887793,0.6246947818061027,0.0006396889974436775,1.631746239218935,0.00012165489237905526,-1.4248111637761632e-06,2.8430022092794446e-05,1.7415610216371842,0.0,0.8270451184169179,0.01465019456004756,,,,,1.9561918610908344,0.21463083945365025
dwell_r5_xi_0.5_p+6_Nd4001_dt1,main,dwell,5,xi_0.5,6,4001,1.0,2.5350000000000003e-06,0.07321886766113006,26.07345766099934,1459,146,1313,1269.9315068493152,1196.56055,0.06565,0.5,static_mh,0.8871996608388928,0.7915653945692261,0.0006484442893755655,1.6154508376638026,0.00012817025712012555,2.0739504905370317e-05,0.00022448420330264658,1.4731061086218848,0.04905660377358491,0.930889359323935,0.018930625384967398,,,,,1.9561918610908344,0.4830857524689496
dwell_r5_xi_0.5_p+6_Nd4001_dt1,main,dwell,5,xi_0.5,6,4001,1.0,2.5350000000000003e-06,0.07321886766113006,26.07345766099934,1459,146,1313,1269.9315068493152,1196.56055,0.06565,0.5,static_lti_mh,0.7522231344083715,0.6285716255396839,0.0006405291306333554,1.6309898371307012,0.0001219806493330822,1.9485154285423773e-05,0.00010745159470790892,1.735743028869434,0.0,0.836015572097071,0.014907813306768195,,,,,1.9561918610908344,0.22044883222140044
dwell_r5_xi_0.5_p+6_Nd4001_dt1,main,dwell,5,xi_0.5,6,4001,1.0,2.5350000000000003e-06,0.07321886766113006,26.07345766099934,1459,146,1313,1269.9315068493152,1196.56055,0.06565,0.5,linear,0.049445502236382596,0.0059693865137437525,0.0017479380803382375,1.239705611647699,0.0002575265563570116,3.4558526503604055e-06,9.496863845552612e-05,1.9561918610908344,0.007547169811320755,0.16339181993646198,0.0005521810057036871,,,,,1.9561918610908344,0.0
dwell_r5_xi_1_p+6_Nd4001_dt1,main,dwell,5,xi_1,6,4001,1.0,2.5350000000000003e-06,0.07321886766113006,28.239492409000377,1459,73,1386,2539.8630136986303,2373.85055,0.0693,1,atomic,1.0346896240974197,0.6355402793727907,0.0004873068881808312,1.7883323345710187,0.00010035449440294595,0.00022241005493244925,0.00040282863556527005,0.9427525128250286,0.1509433962264151,0.953323207400018,0.015532339135475826,0.4715822685598843,0.4768218252507907,0.527438928634952,0.48471834306273653,1.9388854002745797,0.9961328874495511
dwell_r5_xi_1_p+6_Nd4001_dt1,main,dwell,5,xi_1,6,4001,1.0,2.5350000000000003e-06,0.07321886766113006,28.239492409000377,1459,73,1386,2539.8630136986303,2373.85055,0.0693,1,static,0.6706407108318311,0.6510148286549298,0.0006423802673705068,1.6175659025350915,0.00011990628912254455,1.3025688987371548e-08,3.795752578555913e-06,1.7425364975994484,0.0,0.84454533619819,0.014612173772195855,,,,,1.9388854002745797,0.19634890267513128
dwell_r5_xi_1_p+6_Nd4001_dt1,main,dwell,5,xi_1,6,4001,1.0,2.5350000000000003e-06,0.07321886766113006,28.239492409000377,1459,73,1386,2539.8630136986303,2373.85055,0.0693,1,static_lti,0.7367395400371393,0.6738709428860264,0.0006372704770972824,1.6355750337793187,0.00012127806521372893,1.766932859622594e-06,2.4313458398691156e-05,1.7266232735574092,0.0,0.8490182781975646,0.014882898840146925,,,,,1.9388854002745797,0.21226212671717049
dwell_r5_xi_1_p+6_Nd4001_dt1,main,dwell,5,xi_1,6,4001,1.0,2.5350000000000003e-06,0.07321886766113006,28.239492409000377,1459,73,1386,2539.8630136986303,2373.85055,0.0693,1,static_mh,0.8276466835334463,0.804930957624742,0.0006390875370816185,1.6184074412605645,0.00012477103601312632,2.152972120021544e-05,0.0002318129942196601,1.517745351012773,0.022641509433962263,0.9376272842834652,0.019278057815527525,,,,,1.9388854002745797,0.4211400492618067
dwell_r5_xi_1_p+6_Nd4001_dt1,main,dwell,5,xi_1,6,4001,1.0,2.5350000000000003e-06,0.07321886766113006,28.239492409000377,1459,73,1386,2539.8630136986303,2373.85055,0.0693,1,static_lti_mh,0.7437855085152527,0.6806257308211608,0.0006372575765918702,1.6359619162422911,0.00012152000978067425,2.2222216614144934e-05,0.00013625997145788995,1.7273841913680792,0.0,0.8528339517835012,0.014891160034480084,,,,,1.9388854002745797,0.21150120890650048
dwell_r5_xi_1_p+6_Nd4001_dt1,main,dwell,5,xi_1,6,4001,1.0,2.5350000000000003e-06,0.07321886766113006,28.239492409000377,1459,73,1386,2539.8630136986303,2373.85055,0.0693,1,linear,0.043735736134964204,0.0045896390436878515,0.0017483380076644575,1.237702457395295,0.0002579188940615939,1.2450340672954776e-07,8.377492300501258e-05,1.9388854002745797,0.0037735849056603774,0.11539585650830854,0.00040803279293794443,,,,,1.9388854002745797,0.0
dwell_r5_xi_2_p+6_Nd4001_dt1,main,dwell,5,xi_2,6,4001,1.0,2.5350000000000003e-06,0.07321886766113006,26.15888917399934,1459,37,1422,5011.081081081081,4664.79323,0.0711,2,atomic,1.3061521527410402,0.7954554797984759,0.00046420784305311593,1.7850737507394445,0.00010183282028264806,0.0001804413341017197,0.00037705809623853813,1.1156816006917423,0.07924528301886792,1.0107866851662515,0.022419781987394288,0.39998218732477925,0.39922613067325435,0.4463786907121889,0.4034937992146321,1.999999512631202,0.8843179119394597
dwell_r5_xi_2_p+6_Nd4001_dt1,main,dwell,5,xi_2,6,4001,1.0,2.5350000000000003e-06,0.07321886766113006,26.15888917399934,1459,37,1422,5011.081081081081,4664.79323,0.0711,2,static,0.6747767198704449,0.6615576731984741,0.0006412809655910768,1.6187741489204526,0.00011990681540146941,9.872356931724002e-08,3.184977671052392e-06,1.7278229914086223,0.0,0.8476379344218756,0.014972882161415381,,,,,1.999999512631202,0.27217652122257974
dwell_r5_xi_2_p+6_Nd4001_dt1,main,dwell,5,xi_2,6,4001,1.0,2.5350000000000003e-06,0.07321886766113006,26.15888917399934,1459,37,1422,5011.081081081081,4664.79323,0.0711,2,static_lti,0.734555127472474,0.6738514775162434,0.0006371332120921568,1.6358985630548135,0.00012123621305303,-1.0925098877440216e-06,2.2175231361848567e-05,1.7242914310333206,0.0037735849056603774,0.8502306859742811,0.014886386232825293,,,,,1.999999512631202,0.2757080815978814
dwell_r5_xi_2_p+6_Nd4001_dt1,main,dwell,5,xi_2,6,4001,1.0,2.5350000000000003e-06,0.07321886766113006,26.15888917399934,1459,37,1422,5011.081081081081,4664.79323,0.0711,2,static_mh,0.7955836134617604,0.7807242337350117,0.0006417059000321908,1.6241424107755402,0.00012424202486787747,2.178331452865029e-05,0.0002349544625307094,1.6095911376918675,0.007547169811320755,0.9248068295194859,0.017524463009770338,,,,,1.999999512631202,0.39040837493933456
dwell_r5_xi_2_p+6_Nd4001_dt1,main,dwell,5,xi_2,6,4001,1.0,2.5350000000000003e-06,0.07321886766113006,26.15888917399934,1459,37,1422,5011.081081081081,4664.79323,0.0711,2,static_lti_mh,0.7396580850359443,0.678758703452536,0.0006373215340068563,1.635369814365588,0.00012145150656106734,2.0202499454533454e-05,0.00016832942185646084,1.7247084759350086,0.0037735849056603774,0.8557635781449883,0.014826758018834119,,,,,1.999999512631202,0.27529103669619337
dwell_r5_xi_2_p+6_Nd4001_dt1,main,dwell,5,xi_2,6,4001,1.0,2.5350000000000003e-06,0.07321886766113006,26.15888917399934,1459,37,1422,5011.081081081081,4664.79323,0.0711,2,linear,0.041333782532124344,0.004088614124472741,0.0017433417092092998,1.237484872038685,0.0002570045269485075,6.385488244384804e-06,7.243659578114673e-05,1.999999512631202,0.0,0.09851820663647091,0.000284180559817958,,,,,1.999999512631202,0.0
dwell_r5_xi_4_p+6_Nd4001_dt1,main,dwell,5,xi_4,6,4001,1.0,2.5350000000000003e-06,0.07321886766113006,24.278865964000943,1459,18,1441,10300.555555555555,9568.40055,0.07205,4,atomic,1.3485292316742743,0.8465121868374956,0.0004548544748126183,1.777908247466238,0.00010081085881365447,0.00012833370954316202,0.0003637833961631495,1.12107295817459,0.12452830188679245,1.0547834601617752,0.022281464988640313,0.32766036725843894,0.31896573885995233,0.36510837666108037,0.32191256402825236,1.9999999806638697,0.8789270224892798
dwell_r5_xi_4_p+6_Nd4001_dt1,main,dwell,5,xi_4,6,4001,1.0,2.5350000000000003e-06,0.07321886766113006,24.278865964000943,1459,18,1441,10300.555555555555,9568.40055,0.07205,4,static,0.6792725010236343,0.6751135189623322,0.0006397124895073662,1.6199037205070475,0.00011990640880857723,4.193899416592198e-08,3.06891846050384e-06,1.7357006974274125,0.0,0.8298812937950699,0.014700304413763217,,,,,1.9999999806638697,0.26429928323645724
dwell_r5_xi_4_p+6_Nd4001_dt1,main,dwell,5,xi_4,6,4001,1.0,2.5350000000000003e-06,0.07321886766113006,24.278865964000943,1459,18,1441,10300.555555555555,9568.40055,0.07205,4,static_lti,0.7315921062831944,0.6850976005890607,0.0006361694717192364,1.6366576627856033,0.00012108656231477366,-1.3078364443532524e-06,1.881517300757222e-05,1.735043438919142,0.0,0.8360595132152312,0.014656637287539706,,,,,1.9999999806638697,0.2649565417447277
dwell_r5_xi_4_p+6_Nd4001_dt1,main,dwell,5,xi_4,6,4001,1.0,2.5350000000000003e-06,0.07321886766113006,24.278865964000943,1459,18,1441,10300.555555555555,9568.40055,0.07205,4,static_mh,0.7804664407117466,0.7760837876796176,0.0006419702005547137,1.6212611856223687,0.0001238874578746195,2.195730550474449e-05,0.00023664953866513752,1.5992654657232108,0.01509433962264151,0.887997372161337,0.016800445280201557,,,,,1.9999999806638697,0.4007345149406589
dwell_r5_xi_4_p+6_Nd4001_dt1,main,dwell,5,xi_4,6,4001,1.0,2.5350000000000003e-06,0.07321886766113006,24.278865964000943,1459,18,1441,10300.555555555555,9568.40055,0.07205,4,static_lti_mh,0.7366588580862552,0.6897603605661254,0.0006363555835298894,1.6365674547647795,0.00012129798965247649,2.0592951714093932e-05,0.00020216794201002554,1.7291292074270037,0.0,0.8412723528832392,0.014814368460561304,,,,,1.9999999806638697,0.27087077323686604
dwell_r5_xi_4_p+6_Nd4001_dt1,main,dwell,5,xi_4,6,4001,1.0,2.5350000000000003e-06,0.07321886766113006,24.278865964000943,1459,18,1441,10300.555555555555,9568.40055,0.07205,4,linear,0.0384440165025576,0.0036176093294231475,0.0017461139553172002,1.2358327252179555,0.00025745358201985884,3.4332104742086095e-06,6.870122318701235e-05,1.9999999806638697,0.0,0.09335846009619424,0.00020774453047246074,,,,,1.9999999806638697,0.0
dwell_r6_xi_0.05_p+3_Nd4001_dt1,main,dwell,6,xi_0.05,3,4001,1.0,2.5350000000000003e-06,0.07321886766113006,24.780664050998894,1459,1459,0,127.08019191226867,137.08073,0.0,0.05,atomic,0.7168409277411067,0.31655666842701524,0.0008838741222015496,1.5468226923056902,0.00011319613307733548,5.047788496352848e-05,0.00024305367902707417,0.8362800072448539,0.27547169811320754,0.8212826368706088,0.006318469167312119,0.547131489848099,0.5076782145055755,0.832041881901775,0.5788763308625289,1.647422257864051,0.8111422506191971
dwell_r6_xi_0.05_p+3_Nd4001_dt1,main,dwell,6,xi_0.05,3,4001,1.0,2.5350000000000003e-06,0.07321886766113006,24.780664050998894,1459,1459,0,127.08019191226867,137.08073,0.0,0.05,static,0.10618209813111672,0.03754990627377344,0.001043703521306485,1.4162688491209232,0.00010729076822406414,2.0621570126553808e-07,7.6140447615262695e-06,1.9982614628059108,0.0,0.3402216909614983,0.0011021249549231006,,,,,1.647422257864051,-0.35083920494185983
dwell_r6_xi_0.05_p+3_Nd4001_dt1,main,dwell,6,xi_0.05,3,4001,1.0,2.5350000000000003e-06,0.07321886766113006,24.780664050998894,1459,1459,0,127.08019191226867,137.08073,0.0,0.05,static_lti,0.18065775354839966,0.04445313964330556,0.0010419689385588703,1.4678387394762318,0.00011065949357583224,3.1589400527237595e-06,4.865649583236392e-05,1.9827700891486384,0.0,0.40641178487940166,0.0015007596089981693,,,,,1.647422257864051,-0.33534783128458745
dwell_r6_xi_0.05_p+3_Nd4001_dt1,main,dwell,6,xi_0.05,3,4001,1.0,2.5350000000000003e-06,0.07321886766113006,24.780664050998894,1459,1459,0,127.08019191226867,137.08073,0.0,0.05,static_mh,1.8185436990246786,1.6127123594205635,0.001039262365573925,1.4477143409031632,0.00017051271015972502,3.0360954533839097e-05,6.844549172578279e-05,0.46151961353949156,0.30943396226415093,1.220128222852225,0.013489084191796877,,,,,1.647422257864051,1.1859026443245595
dwell_r6_xi_0.05_p+3_Nd4001_dt1,main,dwell,6,xi_0.05,3,4001,1.0,2.5350000000000003e-06,0.07321886766113006,24.780664050998894,1459,1459,0,127.08019191226867,137.08073,0.0,0.05,static_lti_mh,0.20869046351307136,0.07072338634378018,0.0010446710074885528,1.4672722965843878,0.00011225385566310775,3.329791529375284e-05,5.3698029315938945e-05,1.9740521905897843,0.0,0.44662479506236413,0.0017746079205958945,,,,,1.647422257864051,-0.3266299327257334
dwell_r6_xi_0.05_p+3_Nd4001_dt1,main,dwell,6,xi_0.05,3,4001,1.0,2.5350000000000003e-06,0.07321886766113006,24.780664050998894,1459,1459,0,127.08019191226867,137.08073,0.0,0.05,linear,0.1759092595242416,0.009814124303596239,0.0018326840693505993,1.2929744026980088,0.0001942318492954671,2.3818305959922638e-05,0.00020878483053127274,1.647422257864051,0.14339622641509434,0.37933910617326905,0.0013362142704788985,,,,,1.647422257864051,0.0
dwell_r6_xi_0.1_p+3_Nd4001_dt1,main,dwell,6,xi_0.1,3,4001,1.0,2.5350000000000003e-06,0.07321886766113006,28.123103448999245,1459,731,728,253.6388508891929,254.40724,0.0364,0.1,atomic,0.5705747644121761,0.2661045147469287,0.0007995068876894502,1.5735313221338119,0.00010095379103066726,7.804052808563109e-06,0.0002067368746238035,1.112839585724331,0.17735849056603772,0.6645024095782197,0.0058639172672088884,0.49623562764656143,0.4694226425959415,0.7264226734810459,0.5141511207018133,1.863709183643299,0.7508695979189681
dwell_r6_xi_0.1_p+3_Nd4001_dt1,main,dwell,6,xi_0.1,3,4001,1.0,2.5350000000000003e-06,0.07321886766113006,28.123103448999245,1459,731,728,253.6388508891929,254.40724,0.0364,0.1,static,0.14811113953797198,0.07345496886827478,0.000997091439436574,1.433430737735521,0.00010766197947108716,-1.7830163447174114e-08,5.280447512204171e-06,1.9972133223613373,0.0,0.3725328317608095,0.0015049873784279033,,,,,1.863709183643299,-0.13350413871803823
dwell_r6_xi_0.1_p+3_Nd4001_dt1,main,dwell,6,xi_0.1,3,4001,1.0,2.5350000000000003e-06,0.07321886766113006,28.123103448999245,1459,731,728,253.6388508891929,254.40724,0.0364,0.1,static_lti,0.20917786240605835,0.08144209668120667,0.0009948045696217078,1.474243202360604,0.00011023133098913235,7.319028085063612e-07,3.866906179757996e-05,1.9871951962528192,0.0,0.3924498580204011,0.0018643329937732573,,,,,1.863709183643299,-0.12348601260952008
dwell_r6_xi_0.1_p+3_Nd4001_dt1,main,dwell,6,xi_0.1,3,4001,1.0,2.5350000000000003e-06,0.07321886766113006,28.123103448999245,1459,731,728,253.6388508891929,254.40724,0.0364,0.1,static_mh,0.8547956797430263,0.7433002131636506,0.0009973813480211118,1.4362610952723485,0.00013686573847251075,3.022302307600515e-05,0.00013332489193786855,1.0637210659865644,0.1660377358490566,0.9013267888330757,0.009001832182539924,,,,,1.863709183643299,0.7999881176567347
dwell_r6_xi_0.1_p+3_Nd4001_dt1,main,dwell,6,xi_0.1,3,4001,1.0,2.5350000000000003e-06,0.07321886766113006,28.123103448999245,1459,731,728,253.6388508891929,254.40724,0.0364,0.1,static_lti_mh,0.22582669478884174,0.09686206501478536,0.000994655478448183,1.474027821235548,0.00011096928725118799,3.0944580407663805e-05,6.107902568936836e-05,1.9811918764216916,0.0,0.42065531189464755,0.002019371110216286,,,,,1.863709183643299,-0.11748269277839252
dwell_r6_xi_0.1_p+3_Nd4001_dt1,main,dwell,6,xi_0.1,3,4001,1.0,2.5350000000000003e-06,0.07321886766113006,28.123103448999245,1459,731,728,253.6388508891929,254.40724,0.0364,0.1,linear,0.11701054933606324,0.010070004753628426,0.0017960911136786389,1.2738134008483835,0.000191287599194638,2.070638414494085e-06,0.00012844670545535515,1.863709183643299,0.03773584905660377,0.3022615688584248,0.0010731386003058224,,,,,1.863709183643299,0.0
dwell_r6_xi_0.25_p+3_Nd4001_dt1,main,dwell,6,xi_0.25,3,4001,1.0,2.5350000000000003e-06,0.07321886766113006,25.982430049998584,1459,293,1166,632.7986348122867,605.90671,0.0583,0.25,atomic,0.5520029698994654,0.3005147278348204,0.0006823735871027772,1.647456429680791,8.61346468455362e-05,6.199686173696039e-05,0.0002618262562383888,1.2839010854047714,0.12830188679245283,0.6369787371293057,0.004611248296006452,0.43664924108266207,0.41523047606329677,0.5718692844358861,0.4317111153016663,1.9280158238318785,0.6441147384271071
dwell_r6_xi_0.25_p+3_Nd4001_dt1,main,dwell,6,xi_0.25,3,4001,1.0,2.5350000000000003e-06,0.07321886766113006,25.982430049998584,1459,293,1166,632.7986348122867,605.90671,0.0583,0.25,static,0.1587247319700225,0.12222785368085373,0.0009875567754667831,1.4379987197761235,0.00010771904824313845,-1.121290753600622e-07,4.079996694845546e-06,1.9969695531993625,0.0,0.37586783780302974,0.0016714384704635424,,,,,1.9280158238318785,-0.068953729367484
dwell_r6_xi_0.25_p+3_Nd4001_dt1,main,dwell,6,xi_0.25,3,4001,1.0,2.5350000000000003e-06,0.07321886766113006,25.982430049998584,1459,293,1166,632.7986348122867,605.90671,0.0583,0.25,static_lti,0.2019048002613671,0.12976483262965094,0.000984220858087567,1.462748036988709,0.00010933737411840347,1.2180453279181293e-06,2.708401211427019e-05,1.993656199064934,0.0,0.37914337578897067,0.0017438660404716418,,,,,1.9280158238318785,-0.06564037523305544
dwell_r6_xi_0.25_p+3_Nd4001_dt1,main,dwell,6,xi_0.25,3,4001,1.0,2.5350000000000003e-06,0.07321886766113006,25.982430049998584,1459,293,1166,632.7986348122867,605.90671,0.0583,0.25,static_mh,0.43982051561828295,0.3956507565893758,0.0009811595692855544,1.4344243154547265,0.00011929624910464055,2.936452758176766e-05,0.00021082998079635992,1.574207043479652,0.05660377358490566,0.6559675183194361,0.005178867192562482,,,,,1.9280158238318785,0.3538087803522265
dwell_r6_xi_0.25_p+3_Nd4001_dt1,main,dwell,6,xi_0.25,3,4001,1.0,2.5350000000000003e-06,0.07321886766113006,25.982430049998584,1459,293,1166,632.7986348122867,605.90671,0.0583,0.25,static_lti_mh,0.2072803405793136,0.13514147517693972,0.0009841012837413009,1.4631767684883656,0.00010956833714861101,3.1026364015949386e-05,8.326406508349172e-05,1.9922412645237213,0.0,0.3952067525626062,0.0018226003003916596,,,,,1.9280158238318785,-0.06422544069184277
dwell_r6_xi_0.25_p+3_Nd4001_dt1,main,dwell,6,xi_0.25,3,4001,1.0,2.5350000000000003e-06,0.07321886766113006,25.982430049998584,1459,293,1166,632.7986348122867,605.90671,0.0583,0.25,linear,0.06792928163377927,0.008103092060394685,0.0017568554533254931,1.2478492190940949,0.00018395539005691848,-1.6781019586796815e-06,8.880842224327299e-05,1.9280158238318785,0.018867924528301886,0.19310516171024242,0.00044105427074148486,,,,,1.9280158238318785,0.0
dwell_r6_xi_0.5_p+3_Nd4001_dt1,main,dwell,6,xi_0.5,3,4001,1.0,2.5350000000000003e-06,0.07321886766113006,27.878907173000698,1459,146,1313,1269.9315068493152,1196.56055,0.06565,0.5,atomic,0.6742671968864037,0.42934275552437734,0.000652304726760035,1.6656259072298347,8.569821582185086e-05,9.797879485929311e-05,0.0003031958947751019,1.2634390735846175,0.11320754716981132,0.7506194462101018,0.005225100763655508,0.40448636705562474,0.3819544746054503,0.48722323379205723,0.3893584450419842,1.8900740000048244,0.6266349264202069
dwell_r6_xi_0.5_p+3_Nd4001_dt1,main,dwell,6,xi_0.5,3,4001,1.0,2.5350000000000003e-06,0.07321886766113006,27.878907173000698,1459,146,1313,1269.9315068493152,1196.56055,0.06565,0.5,static,0.1633957443628325,0.15221528702923198,0.0009836185460163262,1.4398705555419191,0.00010772726513616216,8.74939520632079e-08,3.511471852270878e-06,1.9949504957200228,0.0,0.455511501503156,0.0018477962954302509,,,,,1.8900740000048244,-0.10487649571519841
dwell_r6_xi_0.5_p+3_Nd4001_dt1,main,dwell,6,xi_0.5,3,4001,1.0,2.5350000000000003e-06,0.07321886766113006,27.878907173000698,1459,146,1313,1269.9315068493152,1196.56055,0.06565,0.5,static_lti,0.19989327364161155,0.15575579339929652,0.0009813365123300562,1.4604527766522364,0.00010914888470295211,4.298514666426871e-07,2.184890114457049e-05,1.9930928961803804,0.0,0.4509856160218343,0.0018211422079014885,,,,,1.8900740000048244,-0.10301889617555604
dwell_r6_xi_0.5_p+3_Nd4001_dt1,main,dwell,6,xi_0.5,3,4001,1.0,2.5350000000000003e-06,0.07321886766113006,27.878907173000698,1459,146,1313,1269.9315068493152,1196.56055,0.06565,0.5,static_mh,0.30612518267452743,0.2923271913687274,0.0009822718507874846,1.4420023345199444,0.00011397479683323118,2.8795178847318626e-05,0.000223523090037691,1.7848506078971267,0.026415094339622643,0.6506090508989154,0.0036872426867177355,,,,,1.8900740000048244,0.10522339210769771
dwell_r6_xi_0.5_p+3_Nd4001_dt1,main,dwell,6,xi_0.5,3,4001,1.0,2.5350000000000003e-06,0.07321886766113006,27.878907173000698,1459,146,1313,1269.9315068493152,1196.56055,0.06565,0.5,static_lti_mh,0.20296993396163898,0.15852748307815362,0.0009814968716585714,1.460463318930484,0.00010930616265739382,2.9647942802656664e-05,0.00010263082592372551,1.9929971363071337,0.0,0.4589394429506917,0.0018039692262336946,,,,,1.8900740000048244,-0.10292313630230931
dwell_r6_xi_0.5_p+3_Nd4001_dt1,main,dwell,6,xi_0.5,3,4001,1.0,2.5350000000000003e-06,0.07321886766113006,27.878907173000698,1459,146,1313,1269.9315068493152,1196.56055,0.06565,0.5,linear,0.05167501926349091,0.00582815645205939,0.0017480537245625214,1.2409731126842716,0.0001820150529687882,3.5901677765000577e-06,6.705288969702895e-05,1.8900740000048244,0.007547169811320755,0.16869869828585754,0.00019181168312832394,,,,,1.8900740000048244,0.0
dwell_r6_xi_1_p+3_Nd4001_dt1,main,dwell,6,xi_1,3,4001,1.0,2.5350000000000003e-06,0.07321886766113006,25.63708532199962,1459,73,1386,2539.8630136986303,2373.85055,0.0693,1,atomic,0.7637774216574877,0.5204289672527045,0.0006712806939051844,1.6268761930880433,9.070724347756463e-05,8.328702656408366e-05,0.0003277657580740452,1.2459035520970672,0.09433962264150944,0.7415432153325521,0.005384482430062252,0.36766672676505946,0.33747014857763236,0.4075639320844353,0.340441179519202,1.9963288682041156,0.7504253161070484
dwell_r6_xi_1_p+3_Nd4001_dt1,main,dwell,6,xi_1,3,4001,1.0,2.5350000000000003e-06,0.07321886766113006,25.63708532199962,1459,73,1386,2539.8630136986303,2373.85055,0.0693,1,static,0.16550981055863037,0.15961286339045522,0.0009804081916208421,1.440840608335093,0.00010772446639568949,4.0121216354837145e-08,3.2651762745394954e-06,1.9959140340732273,0.0,0.41848363927538873,0.0018103041461246421,,,,,1.9963288682041156,0.00041483413088827525
dwell_r6_xi_1_p+3_Nd4001_dt1,main,dwell,6,xi_1,3,4001,1.0,2.5350000000000003e-06,0.07321886766113006,25.63708532199962,1459,73,1386,2539.8630136986303,2373.85055,0.0693,1,static_lti,0.19832211010146586,0.1601341325537795,0.0009802777099532048,1.4594484277180908,0.00010921744087701924,-4.98069665997858e-07,2.1604951434473885e-05,1.995640494237124,0.0,0.41645644353053757,0.0017779673892274954,,,,,1.9963288682041156,0.0006883739669916178
dwell_r6_xi_1_p+3_Nd4001_dt1,main,dwell,6,xi_1,3,4001,1.0,2.5350000000000003e-06,0.07321886766113006,25.63708532199962,1459,73,1386,2539.8630136986303,2373.85055,0.0693,1,static_mh,0.24260409812683725,0.2368345105428771,0.0009848432666749853,1.4425819915181632,0.00011172943771058169,2.9374789359992457e-05,0.00023086848937667952,1.8906064357149195,0.01509433962264151,0.4924056106830234,0.0025684236603839092,,,,,1.9963288682041156,0.1057224324891961
dwell_r6_xi_1_p+3_Nd4001_dt1,main,dwell,6,xi_1,3,4001,1.0,2.5350000000000003e-06,0.07321886766113006,25.63708532199962,1459,73,1386,2539.8630136986303,2373.85055,0.0693,1,static_lti_mh,0.19983615265539953,0.16189010638606524,0.000980454147091,1.459003198676317,0.00010930541197145738,2.8482869985853922e-05,0.00013605601035359877,1.9954053907537075,0.0,0.42021420987572633,0.0017852424919619398,,,,,1.9963288682041156,0.0009234774504081056
dwell_r6_xi_1_p+3_Nd4001_dt1,main,dwell,6,xi_1,3,4001,1.0,2.5350000000000003e-06,0.07321886766113006,25.63708532199962,1459,73,1386,2539.8630136986303,2373.85055,0.0693,1,linear,0.045322440527467714,0.004658663610100933,0.0017484871194525244,1.238655927350174,0.00018201775823487626,8.870535665928763e-07,5.685282227004704e-05,1.9963288682041156,0.0,0.11877656725578811,0.00015402026773228366,,,,,1.9963288682041156,0.0
dwell_r6_xi_2_p+3_Nd4001_dt1,main,dwell,6,xi_2,3,4001,1.0,2.5350000000000003e-06,0.07321886766113006,24.462772361001043,1459,37,1422,5011.081081081081,4664.79323,0.0711,2,atomic,0.8461164784667812,0.5932195108001778,0.0006671440598767004,1.6087618592711477,9.212338324983153e-05,5.272327120513079e-05,0.0003008569500663248,1.4053730164694094,0.04905660377358491,0.8033241763083608,0.008199183936637395,0.3191920788665607,0.28742318385483145,0.34764171186548637,0.28824671637033505,2.0,0.5946269835305906
dwell_r6_xi_2_p+3_Nd4001_dt1,main,dwell,6,xi_2,3,4001,1.0,2.5350000000000003e-06,0.07321886766113006,24.462772361001043,1459,37,1422,5011.081081081081,4664.79323,0.0711,2,static,0.16650216366244894,0.16358605405045723,0.0009809821695984263,1.4412240161484429,0.00010769043181378083,2.607501341805352e-09,3.1016167760994154e-06,1.9961725212504462,0.0,0.4092159614703098,0.0017996386075418858,,,,,2.0,0.003827478749553803
dwell_r6_xi_2_p+3_Nd4001_dt1,main,dwell,6,xi_2,3,4001,1.0,2.5350000000000003e-06,0.07321886766113006,24.462772361001043,1459,37,1422,5011.081081081081,4664.79323,0.0711,2,static_lti,0.20436143463388026,0.1630366751287581,0.0009758890462362228,1.4578772403800522,0.00010885694333720451,-6.483297662170822e-07,1.9986526957585065e-05,1.9961966838966694,0.0,0.40392726489543596,0.0017542192239522675,,,,,2.0,0.003803316103330623
dwell_r6_xi_2_p+3_Nd4001_dt1,main,dwell,6,xi_2,3,4001,1.0,2.5350000000000003e-06,0.07321886766113006,24.462772361001043,1459,37,1422,5011.081081081081,4664.79323,0.0711,2,static_mh,0.2203275421055505,0.21744192139551796,0.000979176595108968,1.4427510983757124,0.00010994654684182901,2.8576211298641526e-05,0.00023343720624384532,1.8596300505618988,0.011320754716981131,0.4762044850489344,0.0027417026893924485,,,,,2.0,0.14036994943810122
dwell_r6_xi_2_p+3_Nd4001_dt1,main,dwell,6,xi_2,3,4001,1.0,2.5350000000000003e-06,0.07321886766113006,24.462772361001043,1459,37,1422,5011.081081081081,4664.79323,0.0711,2,static_lti_mh,0.2058742948736969,0.16451231060137433,0.0009761581688645163,1.4579560045863427,0.00010895507274766151,2.9016100256447324e-05,0.00017536711888151103,1.9957559233267963,0.0,0.4075959398029708,0.0017796134493280426,,,,,2.0,0.0042440766732037005
dwell_r6_xi_2_p+3_Nd4001_dt1,main,dwell,6,xi_2,3,4001,1.0,2.5350000000000003e-06,0.07321886766113006,24.462772361001043,1459,37,1422,5011.081081081081,4664.79323,0.0711,2,linear,0.04134160686438923,0.0042308930790518244,0.001732617880370115,1.2365988174370277,0.0001797534322867363,-7.867666709349885e-07,5.0788102517413574e-05,2.0,0.0,0.09423650710111332,0.00011921369856543928,,,,,2.0,0.0
dwell_r6_xi_4_p+3_Nd4001_dt1,main,dwell,6,xi_4,3,4001,1.0,2.5350000000000003e-06,0.07321886766113006,26.074527497999952,1459,18,1441,10300.555555555555,9568.40055,0.07205,4,atomic,0.9748873415629504,0.7043109393179354,0.0006328292408970403,1.5989885760174465,9.102933605543104e-05,3.907152120741829e-05,0.0002882992438109201,1.4064856479306402,0.04905660377358491,0.9136407439146933,0.009177795804206274,0.2992281284406349,0.2690102221423536,0.3197803147053125,0.2693632350779644,1.9999999999982565,0.5935143520676163
dwell_r6_xi_4_p+3_Nd4001_dt1,main,dwell,6,xi_4,3,4001,1.0,2.5350000000000003e-06,0.07321886766113006,26.074527497999952,1459,18,1441,10300.555555555555,9568.40055,0.07205,4,static,0.16649097923960107,0.16599847714978266,0.0009756640366182256,1.4426730275059878,0.00010785316960307788,9.430644618234663e-08,2.949696381063914e-06,1.9963834549350832,0.0,0.39980739267820403,0.001802454447760221,,,,,1.9999999999982565,0.0036165450631733265
dwell_r6_xi_4_p+3_Nd4001_dt1,main,dwell,6,xi_4,3,4001,1.0,2.5350000000000003e-06,0.07321886766113006,26.074527497999952,1459,18,1441,10300.555555555555,9568.40055,0.07205,4,static_lti,0.2016259681928612,0.16404857517327923,0.0009727083053229186,1.4589743447073953,0.00010913389377573943,-6.329235947396455e-07,2.0122958073921262e-05,1.9965140079080252,0.0,0.3940903147104729,0.0017423786631676139,,,,,1.9999999999982565,0.0034859920902312602
dwell_r6_xi_4_p+3_Nd4001_dt1,main,dwell,6,xi_4,3,4001,1.0,2.5350000000000003e-06,0.07321886766113006,26.074527497999952,1459,18,1441,10300.555555555555,9568.40055,0.07205,4,static_mh,0.2027178608642421,0.20189934270075158,0.0009783879480187046,1.4445724762153032,0.00010981464455102962,3.1293255072363384e-05,0.00023671531686439014,1.9507806791486961,0.0037735849056603774,0.43988434629428513,0.00214750581382145,,,,,1.9999999999982565,0.04921932084956038
dwell_r6_xi_4_p+3_Nd4001_dt1,main,dwell,6,xi_4,3,4001,1.0,2.5350000000000003e-06,0.07321886766113006,26.074527497999952,1459,18,1441,10300.555555555555,9568.40055,0.07205,4,static_lti_mh,0.2036049015287185,0.16591485929106065,0.0009728190839085091,1.4587497936624008,0.00010923511505456144,3.0568239139197766e-05,0.00020161685712649608,1.99655595248538,0.0,0.3953917491105173,0.001733932306953911,,,,,1.9999999999982565,0.0034440475128765247
dwell_r6_xi_4_p+3_Nd4001_dt1,main,dwell,6,xi_4,3,4001,1.0,2.5350000000000003e-06,0.07321886766113006,26.074527497999952,1459,18,1441,10300.555555555555,9568.40055,0.07205,4,linear,0.03818220834579192,0.003682913842907164,0.0017356822222894383,1.2354934343727546,0.00018108475713381195,1.6382711094690578e-06,4.894533930252248e-05,1.9999999999982565,0.0,0.08644517424073922,8.747235755076077e-05,,,,,1.9999999999982565,0.0
dwell_r6_xi_0.05_p+0_Nd4001_dt1,main,dwell,6,xi_0.05,0,4001,1.0,2.5350000000000003e-06,0.07321886766113006,25.35897486000067,1459,1459,0,127.08019191226867,137.08073,0.0,0.05,atomic,0.4237312861146064,0.17287927550889254,0.0012135562198395788,1.4269665410796113,0.0001001814021587119,-7.395475491153948e-05,0.00019245092337275599,1.1960436437368247,0.21509433962264152,0.5966410865080013,0.0018320983640446131,0.34493453007898833,0.21234282550445657,0.427531661632989,0.22664673692842638,1.6461308492634614,0.4500872055266367
dwell_r6_xi_0.05_p+0_Nd4001_dt1,main,dwell,6,xi_0.05,0,4001,1.0,2.5350000000000003e-06,0.07321886766113006,25.35897486000067,1459,1459,0,127.08019191226867,137.08073,0.0,0.05,static,0.02467547280684267,0.0118288881878851,0.0013750442146394427,1.3558805862326284,9.630870107609956e-05,-1.8402291886084063e-08,1.2673493873181343e-05,1.9999989682426043,0.0,0.17191475306040124,0.00013215264431915363,,,,,1.6461308492634614,-0.35386811897914283
dwell_r6_xi_0.05_p+0_Nd4001_dt1,main,dwell,6,xi_0.05,0,4001,1.0,2.5350000000000003e-06,0.07321886766113006,25.35897486000067,1459,1459,0,127.08019191226867,137.08073,0.0,0.05,static_lti,0.13548525582946006,0.014205063340171405,0.001404010196809836,1.4250870146340624,0.0001035190316590156,8.997981435489566e-06,8.304319137805282e-05,1.9012616202513437,0.026415094339622643,0.3391324921949304,0.0004917845334442066,,,,,1.6461308492634614,-0.2551307709878823
dwell_r6_xi_0.05_p+0_Nd4001_dt1,main,dwell,6,xi_0.05,0,4001,1.0,2.5350000000000003e-06,0.07321886766113006,25.35897486000067,1459,1459,0,127.08019191226867,137.08073,0.0,0.05,static_mh,0.13279506785241024,0.11687927129059451,0.0013714000407511785,1.3642573788470258,0.00010099294952334345,-3.659579443253115e-05,1.985648016278296e-05,1.9839350529634507,0.0,0.354947965221605,0.0005450956602283353,,,,,1.6461308492634614,-0.3378042036999893
dwell_r6_xi_0.05_p+0_Nd4001_dt1,main,dwell,6,xi_0.05,0,4001,1.0,2.5350000000000003e-06,0.07321886766113006,25.35897486000067,1459,1459,0,127.08019191226867,137.08073,0.0,0.05,static_lti_mh,0.139368078062753,0.016876715940864227,0.0014035998925774817,1.4253620208178366,0.00010366386463830084,-2.7582900045815233e-05,8.297596320141714e-05,1.9076646915144178,0.03018867924528302,0.3450164633314913,0.0004986500609368994,,,,,1.6461308492634614,-0.2615338422509563
dwell_r6_xi_0.05_p+0_Nd4001_dt1,main,dwell,6,xi_0.05,0,4001,1.0,2.5350000000000003e-06,0.07321886766113006,25.35897486000067,1459,1459,0,127.08019191226867,137.08073,0.0,0.05,linear,0.17590925952433906,0.009814124303595559,0.00183268406935075,1.2929744026979872,0.00013750561890186062,1.6862069295498493e-05,0.00014780834061796998,1.6461308492634614,0.13584905660377358,0.38051387859369845,0.0006750546499284767,,,,,1.6461308492634614,0.0
dwell_r6_xi_0.1_p+0_Nd4001_dt1,main,dwell,6,xi_0.1,0,4001,1.0,2.5350000000000003e-06,0.07321886766113006,24.55278415400062,1459,731,728,253.6388508891929,254.40724,0.0364,0.1,atomic,0.2908416185363785,0.13825098998323315,0.0011979400171086647,1.4234442469199584,9.70852043418304e-05,-0.00011037304747310502,0.00015938432112502028,1.5258694274409514,0.09811320754716982,0.4747779913084606,0.0012885215733110036,0.2645555757979431,0.17221153740556014,0.31318341173328695,0.17999558705758054,1.8605282861078554,0.3346588586669039
dwell_r6_xi_0.1_p+0_Nd4001_dt1,main,dwell,6,xi_0.1,0,4001,1.0,2.5350000000000003e-06,0.07321886766113006,24.55278415400062,1459,731,728,253.6388508891929,254.40724,0.0364,0.1,static,0.029474194266374175,0.016571388641054525,0.0013501412008899724,1.3652639637709671,9.773182665746358e-05,-6.217341424727053e-08,8.330869151654194e-06,1.9999996502526747,0.0,0.17342685452532536,0.00015619215775264497,,,,,1.8605282861078554,-0.1394713641448193
dwell_r6_xi_0.1_p+0_Nd4001_dt1,main,dwell,6,xi_0.1,0,4001,1.0,2.5350000000000003e-06,0.07321886766113006,24.55278415400062,1459,731,728,253.6388508891929,254.40724,0.0364,0.1,static_lti,0.10853011565097612,0.020886809329522495,0.0013641021931948584,1.4187412672284772,0.00010245767323049045,1.1044680421473537e-06,5.6091539645164596e-05,1.9772489834123612,0.0037735849056603774,0.2725699386233833,0.00047466202296177277,,,,,1.8605282861078554,-0.11672069730450585
dwell_r6_xi_0.1_p+0_Nd4001_dt1,main,dwell,6,xi_0.1,0,4001,1.0,2.5350000000000003e-06,0.07321886766113006,24.55278415400062,1459,731,728,253.6388508891929,254.40724,0.0364,0.1,static_mh,0.07177077966583303,0.059120088386770804,0.0013504175503452232,1.3656703792397817,9.973512608983944e-05,-3.65744512296727e-05,3.193162219155615e-05,1.9984812798222789,0.0,0.26220140675721565,0.00037316327017447804,,,,,1.8605282861078554,-0.1379529937144235
dwell_r6_xi_0.1_p+0_Nd4001_dt1,main,dwell,6,xi_0.1,0,4001,1.0,2.5350000000000003e-06,0.07321886766113006,24.55278415400062,1459,731,728,253.6388508891929,254.40724,0.0364,0.1,static_lti_mh,0.1097600113634659,0.022620178761125275,0.001364059373902678,1.4186272397648985,0.00010250974396526723,-3.5415184033697345e-05,5.7058724111870476e-05,1.9735970998042238,0.0037735849056603774,0.27863041584925263,0.0004897364440476474,,,,,1.8605282861078554,-0.11306881369636845
dwell_r6_xi_0.1_p+0_Nd4001_dt1,main,dwell,6,xi_0.1,0,4001,1.0,2.5350000000000003e-06,0.07321886766113006,24.55278415400062,1459,731,728,253.6388508891929,254.40724,0.0364,0.1,linear,0.1170105493361458,0.010070004753627593,0.001796091113679001,1.273813400848379,0.0001354212494548061,1.4658997365263299e-06,9.093330364514828e-05,1.8605282861078554,0.03773584905660377,0.30362226793502445,0.0005434306143488503,,,,,1.8605282861078554,0.0
dwell_r6_xi_0.25_p+0_Nd4001_dt1,main,dwell,6,xi_0.25,0,4001,1.0,2.5350000000000003e-06,0.07321886766113006,24.512247489999936,1459,293,1166,632.7986348122867,605.90671,0.0583,0.25,atomic,0.24536527359379795,0.15067140354318528,0.0010761160817962258,1.4549694082651852,8.6151324343498e-05,-0.00010511846392679942,0.00015034149400282987,1.739416268963437,0.05660377358490566,0.4216784200869439,0.0010463003234199681,0.21672517563379567,0.16155128513688727,0.235237075651137,0.16406103101143674,1.9263930517542212,0.18697678279078422
dwell_r6_xi_0.25_p+0_Nd4001_dt1,main,dwell,6,xi_0.25,0,4001,1.0,2.5350000000000003e-06,0.07321886766113006,24.512247489999936,1459,293,1166,632.7986348122867,605.90671,0.0583,0.25,static,0.030461584160256006,0.024360614035069495,0.0013440277107990008,1.3688059433972484,9.786478528558985e-05,-1.91648310172066e-07,5.683915309308914e-06,1.9999990840069435,0.0,0.17201450380995786,0.00017993451687999042,,,,,1.9263930517542212,-0.07360603225272233
dwell_r6_xi_0.25_p+0_Nd4001_dt1,main,dwell,6,xi_0.25,0,4001,1.0,2.5350000000000003e-06,0.07321886766113006,24.512247489999936,1459,293,1166,632.7986348122867,605.90671,0.0583,0.25,static_lti,0.08148941727610227,0.028780808263134717,0.0013411982877221675,1.3977905490067957,0.00010004789350953658,4.526830212619249e-07,3.8096511915340964e-05,1.9899356877612118,0.0037735849056603774,0.21708208527963208,0.00028034302099413233,,,,,1.9263930517542212,-0.06354263600699062
dwell_r6_xi_0.25_p+0_Nd4001_dt1,main,dwell,6,xi_0.25,0,4001,1.0,2.5350000000000003e-06,0.07321886766113006,24.512247489999936,1459,293,1166,632.7986348122867,605.90671,0.0583,0.25,static_mh,0.04576623288879669,0.03979793588774148,0.0013423842306351708,1.3678711985784555,9.846837488147598e-05,-3.6918738907540455e-05,4.969342603383802e-05,1.9997880374339816,0.0,0.20786846165669484,0.00027295667214451684,,,,,1.9263930517542212,-0.07339498567976044
dwell_r6_xi_0.25_p+0_Nd4001_dt1,main,dwell,6,xi_0.25,0,4001,1.0,2.5350000000000003e-06,0.07321886766113006,24.512247489999936,1459,293,1166,632.7986348122867,605.90671,0.0583,0.25,static_lti_mh,0.08202441068479499,0.029433345672076835,0.0013413097298054471,1.3980769392671486,0.00010008101356405706,-3.61964892270863e-05,4.2353282522360784e-05,1.9910432466298602,0.0037735849056603774,0.22067714980556422,0.00028340981826909683,,,,,1.9263930517542212,-0.06465019487563906
dwell_r6_xi_0.25_p+0_Nd4001_dt1,main,dwell,6,xi_0.25,0,4001,1.0,2.5350000000000003e-06,0.07321886766113006,24.512247489999936,1459,293,1166,632.7986348122867,605.90671,0.0583,0.25,linear,0.06792928163381087,0.008103092060394923,0.0017568554533259175,1.247849219094089,0.0001302304429055352,-1.1880052074142703e-06,6.2871548144932e-05,1.9263930517542212,0.018867924528301886,0.19581823352889757,0.00022649959199571695,,,,,1.9263930517542212,0.0
dwell_r6_xi_0.5_p+0_Nd4001_dt1,main,dwell,6,xi_0.5,0,4001,1.0,2.5350000000000003e-06,0.07321886766113006,25.82182865699906,1459,146,1313,1269.9315068493152,1196.56055,0.06565,0.5,atomic,0.2735404997470283,0.1917954503975452,0.0010335611930317333,1.4667086625964167,8.384404361571776e-05,-8.161602512867666e-05,0.00015485677281098741,1.6308121622671115,0.07169811320754717,0.4829048873415053,0.0010878288931813454,0.21632889679132505,0.17458406114576375,0.2268313331204736,0.17574398940989036,1.8885194119590878,0.25770724969197634
dwell_r6_xi_0.5_p+0_Nd4001_dt1,main,dwell,6,xi_0.5,0,4001,1.0,2.5350000000000003e-06,0.07321886766113006,25.82182865699906,1459,146,1313,1269.9315068493152,1196.56055,0.06565,0.5,static,0.030580168025047573,0.028799634497743698,0.0013419398236147178,1.3701437914557681,9.79267640497592e-05,4.7605648046863855e-08,4.601590391087496e-06,1.9999993649141825,0.0,0.2048176979135089,0.00018035612504853455,,,,,1.8885194119590878,-0.11147995295509472
dwell_r6_xi_0.5_p+0_Nd4001_dt1,main,dwell,6,xi_0.5,0,4001,1.0,2.5350000000000003e-06,0.07321886766113006,25.82182865699906,1459,146,1313,1269.9315068493152,1196.56055,0.06565,0.5,static_lti,0.07354268775133414,0.03231423969227039,0.0013360264649074636,1.3928831829159674,9.950509157120959e-05,1.3194329231977103e-06,2.911546183720678e-05,1.9970073796848737,0.0,0.23174510958739652,0.00022181674280220574,,,,,1.8885194119590878,-0.10848796772578595
dwell_r6_xi_0.5_p+0_Nd4001_dt1,main,dwell,6,xi_0.5,0,4001,1.0,2.5350000000000003e-06,0.07321886766113006,25.82182865699906,1459,146,1313,1269.9315068493152,1196.56055,0.06565,0.5,static_mh,0.03818573800805127,0.03630866669323069,0.0013410434677179404,1.3703854742115524,9.82197884436238e-05,-3.6875057709281264e-05,5.275365120548567e-05,1.9999787066259314,0.0,0.22889554749542534,0.00021816534484125102,,,,,1.8885194119590878,-0.11145929466684357
dwell_r6_xi_0.5_p+0_Nd4001_dt1,main,dwell,6,xi_0.5,0,4001,1.0,2.5350000000000003e-06,0.07321886766113006,25.82182865699906,1459,146,1313,1269.9315068493152,1196.56055,0.06565,0.5,static_lti_mh,0.07403338894611226,0.03272590043434566,0.001336014544764962,1.3930060658198564,9.95271230293821e-05,-3.548267121445566e-05,3.663295676121081e-05,1.9956263402463272,0.0037735849056603774,0.23381030275735762,0.0002237103388521532,,,,,1.8885194119590878,-0.10710692828723944
dwell_r6_xi_0.5_p+0_Nd4001_dt1,main,dwell,6,xi_0.5,0,4001,1.0,2.5350000000000003e-06,0.07321886766113006,25.82182865699906,1459,146,1313,1269.9315068493152,1196.56055,0.06565,0.5,linear,0.051675019263507205,0.0058281564520584585,0.001748053724562984,1.240973112684277,0.0001288567894437094,2.541644142604381e-06,4.746981059178594e-05,1.8885194119590878,0.007547169811320755,0.1717830457811302,0.00010054350751588983,,,,,1.8885194119590878,0.0
dwell_r6_xi_1_p+0_Nd4001_dt1,main,dwell,6,xi_1,0,4001,1.0,2.5350000000000003e-06,0.07321886766113006,28.65269543999966,1459,73,1386,2539.8630136986303,2373.85055,0.0693,1,atomic,0.32880703285050616,0.23705099415675726,0.0010175498497972382,1.4718946867318012,8.450970247561626e-05,-6.164897969843341e-05,0.00016044749026100318,1.6366822610107672,0.03773584905660377,0.48231918588773837,0.0014204680420075748,0.2307520916355457,0.18790187972191028,0.23348358676997472,0.1882888057701499,1.9962962406187876,0.35961397960802044
dwell_r6_xi_1_p+0_Nd4001_dt1,main,dwell,6,xi_1,0,4001,1.0,2.5350000000000003e-06,0.07321886766113006,28.65269543999966,1459,73,1386,2539.8630136986303,2373.85055,0.0693,1,static,0.030742676817253768,0.0298150342132383,0.0013393510028403863,1.3704689869369873,9.800067158227967e-05,8.563538376551236e-08,4.126093330074489e-06,1.9999999728082831,0.0,0.18727565571516186,0.00017789067933595776,,,,,1.9962962406187876,-0.00370373218949549
dwell_r6_xi_1_p+0_Nd4001_dt1,main,dwell,6,xi_1,0,4001,1.0,2.5350000000000003e-06,0.07321886766113006,28.65269543999966,1459,73,1386,2539.8630136986303,2373.85055,0.0693,1,static_lti,0.07018403184397486,0.03252237708851566,0.0013358188032225173,1.3909588948683735,9.959582576607731e-05,-1.9276166566110855e-07,2.6636835975882865e-05,1.9999277345548265,0.0,0.20544635960756832,0.00020715071060453324,,,,,1.9962962406187876,-0.0036314939360388987
dwell_r6_xi_1_p+0_Nd4001_dt1,main,dwell,6,xi_1,0,4001,1.0,2.5350000000000003e-06,0.07321886766113006,28.65269543999966,1459,73,1386,2539.8630136986303,2373.85055,0.0693,1,static_mh,0.03433136879576583,0.033427557672161295,0.0013411670889106962,1.3706298114258435,9.830278418208142e-05,-3.667362226685602e-05,5.4654937631531244e-05,1.9999998822544829,0.0,0.19336203186234985,0.00019420038744708288,,,,,1.9962962406187876,-0.003703641635695254
dwell_r6_xi_1_p+0_Nd4001_dt1,main,dwell,6,xi_1,0,4001,1.0,2.5350000000000003e-06,0.07321886766113006,28.65269543999966,1459,73,1386,2539.8630136986303,2373.85055,0.0693,1,static_lti_mh,0.07049503828915454,0.032825774357211845,0.0013359503162637852,1.3906799432556052,9.961980982059351e-05,-3.703663807257502e-05,4.0781168974564146e-05,1.9999011816962164,0.0,0.2072355235006537,0.00020711838069310584,,,,,1.9962962406187876,-0.0036049410774288138
dwell_r6_xi_1_p+0_Nd4001_dt1,main,dwell,6,xi_1,0,4001,1.0,2.5350000000000003e-06,0.07321886766113006,28.65269543999966,1459,73,1386,2539.8630136986303,2373.85055,0.0693,1,linear,0.04532244052747339,0.004658663610100644,0.0017484871194529828,1.2386559273501756,0.00012885870462543206,6.2798583299279e-07,4.0248715856419645e-05,1.9962962406187876,0.0,0.12171400162332587,7.97811254133438e-05,,,,,1.9962962406187876,0.0
dwell_r6_xi_2_p+0_Nd4001_dt1,main,dwell,6,xi_2,0,4001,1.0,2.5350000000000003e-06,0.07321886766113006,25.200885068999924,1459,37,1422,5011.081081081081,4664.79323,0.0711,2,atomic,0.42310520567777377,0.3277847782811522,0.0009530103862976754,1.4668113550124573,8.179438057301365e-05,-4.5726478007001666e-05,0.00012948414013126282,1.6459801018553746,0.026415094339622643,0.6089173950558975,0.0022699560079441905,0.246344381844758,0.20898689515050042,0.24759135350118594,0.20899531989383097,2.0,0.3540198981446254
dwell_r6_xi_2_p+0_Nd4001_dt1,main,dwell,6,xi_2,0,4001,1.0,2.5350000000000003e-06,0.07321886766113006,25.200885068999924,1459,37,1422,5011.081081081081,4664.79323,0.0711,2,static,0.030776763276260662,0.03031686289451006,0.0013401249087837141,1.370784509553509,9.791622190042858e-05,-9.800716000553276e-09,3.6287111037202544e-06,1.9999999978005547,0.0,0.18304875607578003,0.0001835314799519838,,,,,2.0,2.1994452925611085e-09
dwell_r6_xi_2_p+0_Nd4001_dt1,main,dwell,6,xi_2,0,4001,1.0,2.5350000000000003e-06,0.07321886766113006,25.200885068999924,1459,37,1422,5011.081081081081,4664.79323,0.0711,2,static_lti,0.07007563204899595,0.03298258903218153,0.0013262824739240172,1.3888999893492138,9.873529462310754e-05,-4.4190440289924833e-07,2.384686964076488e-05,1.9999999223885052,0.0,0.1921984774093337,0.00020371927626600393,,,,,2.0,7.7611494786467e-08
dwell_r6_xi_2_p+0_Nd4001_dt1,main,dwell,6,xi_2,0,4001,1.0,2.5350000000000003e-06,0.07321886766113006,25.200885068999924,1459,37,1422,5011.081081081081,4664.79323,0.0711,2,static_mh,0.03294435263107231,0.03250552844709117,0.001339457238196909,1.3713737452683608,9.797031053661578e-05,-3.695924493084425e-05,5.5151317556519804e-05,1.999999987750728,0.0,0.19152995528002453,0.00020148587309326853,,,,,2.0,1.2249272041131576e-08
dwell_r6_xi_2_p+0_Nd4001_dt1,main,dwell,6,xi_2,0,4001,1.0,2.5350000000000003e-06,0.07321886766113006,25.200885068999924,1459,37,1422,5011.081081081081,4664.79323,0.0711,2,static_lti_mh,0.07033180757133738,0.03325102118303208,0.0013264457718259576,1.3889476122658344,9.87590115925016e-05,-3.713447972221431e-05,4.7604343856222115e-05,1.9999998992221748,0.0,0.19332482682505864,0.00020600590162131975,,,,,2.0,1.0077782519601897e-07
dwell_r6_xi_2_p+0_Nd4001_dt1,main,dwell,6,xi_2,0,4001,1.0,2.5350000000000003e-06,0.07321886766113006,25.200885068999924,1459,37,1422,5011.081081081081,4664.79323,0.0711,2,linear,0.041341606864397515,0.004230893079052017,0.0017326178803705535,1.2365988174370324,0.00012725568461597383,-5.569881479828065e-07,3.59552230740731e-05,2.0,0.0,0.09776191822668719,6.327206614696079e-05,,,,,2.0,0.0
dwell_r6_xi_4_p+0_Nd4001_dt1,main,dwell,6,xi_4,0,4001,1.0,2.5350000000000003e-06,0.07321886766113006,24.690502855000886,1459,18,1441,10300.555555555555,9568.40055,0.07205,4,atomic,0.41188448321818616,0.31442402679392917,0.0009449071923619684,1.4604233270231635,8.138051140563687e-05,-4.234907258769019e-05,0.0001184931468182022,1.7828140348547192,0.022641509433962263,0.565715476739035,0.0018381761622829106,0.22783653556791753,0.18918398566466677,0.22884757885398177,0.18909318252362933,1.9999999999994844,0.21718596514476518
dwell_r6_xi_4_p+0_Nd4001_dt1,main,dwell,6,xi_4,0,4001,1.0,2.5350000000000003e-06,0.07321886766113006,24.690502855000886,1459,18,1441,10300.555555555555,9568.40055,0.07205,4,static,0.030520244409177465,0.030432365930515036,0.001337067902500695,1.3715713931437055,9.837547532584375e-05,1.2069891456972079e-07,3.3383738428288855e-06,1.9999999993019164,0.0,0.180448673549975,0.00017941597131389776,,,,,1.9999999999994844,6.975680033605158e-10
dwell_r6_xi_4_p+0_Nd4001_dt1,main,dwell,6,xi_4,0,4001,1.0,2.5350000000000003e-06,0.07321886766113006,24.690502855000886,1459,18,1441,10300.555555555555,9568.40055,0.07205,4,static_lti,0.06739988238599758,0.03279523396746285,0.0013260189722999007,1.389034340594914,9.929303310278592e-05,2.577757251578688e-08,2.3549522162605734e-05,1.9999998333819882,0.0,0.1871607803675154,0.00019843974125618918,,,,,1.9999999999994844,1.6661749624446998e-07
dwell_r6_xi_4_p+0_Nd4001_dt1,main,dwell,6,xi_4,0,4001,1.0,2.5350000000000003e-06,0.07321886766113006,24.690502855000886,1459,18,1441,10300.555555555555,9568.40055,0.07205,4,static_mh,0.031802463388753345,0.03168885589297018,0.0013377627535840928,1.3717626088718249,9.848868166453758e-05,-3.6200059426977064e-05,5.591931797648426e-05,1.9999999988891637,0.0,0.1845910149534238,0.00018348546181831777,,,,,1.9999999999994844,1.1103207242513236e-09
dwell_r6_xi_4_p+0_Nd4001_dt1,main,dwell,6,xi_4,0,4001,1.0,2.5350000000000003e-06,0.07321886766113006,24.690502855000886,1459,18,1441,10300.555555555555,9568.40055,0.07205,4,static_lti_mh,0.06774396071439492,0.03312024183386925,0.0013261032397234257,1.3889253013740874,9.931434942358741e-05,-3.629491312153154e-05,5.229590325226274e-05,1.9999998352408141,0.0,0.1875378814794546,0.00019818048978799462,,,,,1.9999999999994844,1.6475867026244373e-07
dwell_r6_xi_4_p+0_Nd4001_dt1,main,dwell,6,xi_4,0,4001,1.0,2.5350000000000003e-06,0.07321886766113006,24.690502855000886,1459,18,1441,10300.555555555555,9568.40055,0.07205,4,linear,0.03818220834579729,0.003682913842907393,0.0017356822222898826,1.2354934343727557,0.00012819819042910732,1.1598071256269723e-06,3.4650646624470855e-05,1.9999999999994844,0.0,0.08962665707473691,4.840231071805625e-05,,,,,1.9999999999994844,0.0
dwell_r6_xi_0.05_p+6_Nd4001_dt1,main,dwell,6,xi_0.05,6,4001,1.0,2.5350000000000003e-06,0.07321886766113006,26.212491771000714,1459,1459,0,127.08019191226867,137.08073,0.0,0.05,atomic,1.5285360542830881,0.5717532722696177,0.0005553623140746567,1.7298041829198108,0.00012192530507156887,0.0003687291398772466,0.000296764893580155,0.48774273606238694,0.37358490566037733,1.2063482862680215,0.02644400885210792,0.8233063716802708,0.9071801683262332,0.8890811451190809,0.9450701148162993,1.6479533407842017,1.1602106047218148
dwell_r6_xi_0.05_p+6_Nd4001_dt1,main,dwell,6,xi_0.05,6,4001,1.0,2.5350000000000003e-06,0.07321886766113006,26.212491771000714,1459,1459,0,127.08019191226867,137.08073,0.0,0.05,static,0.393818522589425,0.11859461243797757,0.000724245435140427,1.5575867795410905,0.00011805137369740643,5.891929969875665e-07,1.2956480131083035e-05,1.920262650462365,0.0,0.6511028932301467,0.008288473548402094,,,,,1.6479533407842017,-0.27230930967816325
dwell_r6_xi_0.05_p+6_Nd4001_dt1,main,dwell,6,xi_0.05,6,4001,1.0,2.5350000000000003e-06,0.07321886766113006,26.212491771000714,1459,1459,0,127.08019191226867,137.08073,0.0,0.05,static_lti,0.7175715604955013,0.13651577102059823,0.0006831858109596833,1.5887455604411216,0.0001236100896839963,-7.473587588647716e-06,8.392670036863641e-05,1.7359776922149297,0.0,0.851670454600946,0.014151019532180828,,,,,1.6479533407842017,-0.08802435143072795
dwell_r6_xi_0.05_p+6_Nd4001_dt1,main,dwell,6,xi_0.05,6,4001,1.0,2.5350000000000003e-06,0.07321886766113006,26.212491771000714,1459,1459,0,127.08019191226867,137.08073,0.0,0.05,static_mh,2.2263266777641575,1.5681024713407277,0.000727331918859425,1.586458275932879,0.00018035410114180717,2.1490296586428223e-05,7.324118396146387e-05,0.4623139966434001,0.3018867924528302,1.3788617095024673,0.03437163172411998,,,,,1.6479533407842017,1.1856393441408017
dwell_r6_xi_0.05_p+6_Nd4001_dt1,main,dwell,6,xi_0.05,6,4001,1.0,2.5350000000000003e-06,0.07321886766113006,26.212491771000714,1459,1459,0,127.08019191226867,137.08073,0.0,0.05,static_lti_mh,0.7620867265653779,0.18021079882255794,0.0006880182112571346,1.585047183825363,0.00012609165173616408,1.341082049993225e-05,8.847093191052966e-05,1.6602171426716945,0.011320754716981131,0.8929416631963061,0.015281771191187513,,,,,1.6479533407842017,-0.012263801887492765
dwell_r6_xi_0.05_p+6_Nd4001_dt1,main,dwell,6,xi_0.05,6,4001,1.0,2.5350000000000003e-06,0.07321886766113006,26.212491771000714,1459,1459,0,127.08019191226867,137.08073,0.0,0.05,linear,0.17590925952428377,0.00981412430359732,0.0018326840693512938,1.2929744026980963,0.000274359779491355,3.364425141770138e-05,0.00029491641187312636,1.6479533407842017,0.14339622641509434,0.3787314329756289,0.0026542213313699298,,,,,1.6479533407842017,0.0
dwell_r6_xi_0.1_p+6_Nd4001_dt1,main,dwell,6,xi_0.1,6,4001,1.0,2.5350000000000003e-06,0.07321886766113006,26.436821098999644,1459,731,728,253.6388508891929,254.40724,0.0364,0.1,atomic,1.0664304512180725,0.3882867842244358,0.0005092663782239275,1.7978458857109414,0.00010420204278734856,0.00033122189064674524,0.00028125924005623277,0.7257565264312176,0.24528301886792453,0.924275265530857,0.021409807197934495,0.7803602781775894,0.8501309545091693,0.8815930782140924,0.8810200628344041,1.8656086146346096,1.139852088203392
dwell_r6_xi_0.1_p+6_Nd4001_dt1,main,dwell,6,xi_0.1,6,4001,1.0,2.5350000000000003e-06,0.07321886766113006,26.436821098999644,1459,731,728,253.6388508891929,254.40724,0.0364,0.1,static,0.585187811334751,0.2425601238731646,0.0006655712280389925,1.5987377738924684,0.00011927214807406617,7.29738110830803e-08,7.916042681300026e-06,1.8264470147000296,0.0,0.7289403268383292,0.011790237371401936,,,,,1.8656086146346096,0.039161599934580016
dwell_r6_xi_0.1_p+6_Nd4001_dt1,main,dwell,6,xi_0.1,6,4001,1.0,2.5350000000000003e-06,0.07321886766113006,26.436821098999644,1459,731,728,253.6388508891929,254.40724,0.0364,0.1,static_lti,0.8605149401014991,0.2681795707739391,0.0006370320120576883,1.6256052248048654,0.00012367221262218604,-3.0193515000033256e-07,5.1300907778138426e-05,1.6106324716003004,0.03018867924528302,0.8401442102672877,0.01619044366953658,,,,,1.8656086146346096,0.25497614303430916
dwell_r6_xi_0.1_p+6_Nd4001_dt1,main,dwell,6,xi_0.1,6,4001,1.0,2.5350000000000003e-06,0.07321886766113006,26.436821098999644,1459,731,728,253.6388508891929,254.40724,0.0364,0.1,static_mh,1.4274463273635103,0.9241725541039494,0.0006657485874012569,1.603147449112952,0.00014762958265592194,2.0836616473355526e-05,0.00013568335501163906,0.8966295212308403,0.22264150943396227,1.1375661204815481,0.028498780624486506,,,,,1.8656086146346096,0.9689790934037693
dwell_r6_xi_0.1_p+6_Nd4001_dt1,main,dwell,6,xi_0.1,6,4001,1.0,2.5350000000000003e-06,0.07321886766113006,26.436821098999644,1459,731,728,253.6388508891929,254.40724,0.0364,0.1,static_lti_mh,0.9006987832585089,0.29269351918082664,0.000636886870877134,1.6257794956031233,0.00012497563882042607,2.0436610878813882e-05,7.185859864226858e-05,1.5289028005861125,0.05660377358490566,0.8666875483976191,0.016486879971329606,,,,,1.8656086146346096,0.3367058140484971
dwell_r6_xi_0.1_p+6_Nd4001_dt1,main,dwell,6,xi_0.1,6,4001,1.0,2.5350000000000003e-06,0.07321886766113006,26.436821098999644,1459,731,728,253.6388508891929,254.40724,0.0364,0.1,linear,0.11701054933608543,0.010070004753627754,0.001796091113679262,1.273813400848414,0.0002702009156831752,2.924854501814783e-06,0.00018143579393878743,1.8656086146346096,0.033962264150943396,0.3015342634265399,0.0021287591480812175,,,,,1.8656086146346096,0.0
dwell_r6_xi_0.25_p+6_Nd4001_dt1,main,dwell,6,xi_0.25,6,4001,1.0,2.5350000000000003e-06,0.07321886766113006,25.575395720001325,1459,293,1166,632.7986348122867,605.90671,0.0583,0.25,atomic,0.9060412411037919,0.3934079116885778,0.0004726272359569967,1.875007956398585,9.338573897449926e-05,0.0003475077169415668,0.00038055995787621524,0.8089610727188824,0.2188679245283019,0.8750243524736026,0.014695515313697094,0.658764085864061,0.6946448876055389,0.7513552814817941,0.7125091024892687,1.9291057766075572,1.1201447038886747
dwell_r6_xi_0.25_p+6_Nd4001_dt1,main,dwell,6,xi_0.25,6,4001,1.0,2.5350000000000003e-06,0.07321886766113006,25.575395720001325,1459,293,1166,632.7986348122867,605.90671,0.0583,0.25,static,0.6320691166827824,0.44466165263270413,0.0006546972105086998,1.607536242615659,0.00011973719789625259,4.069291807329252e-08,5.387687035692377e-06,1.8047800628739565,0.0,0.7324289944651788,0.012481460176805508,,,,,1.9291057766075572,0.12432571373360068
dwell_r6_xi_0.25_p+6_Nd4001_dt1,main,dwell,6,xi_0.25,6,4001,1.0,2.5350000000000003e-06,0.07321886766113006,25.575395720001325,1459,293,1166,632.7986348122867,605.90671,0.0583,0.25,static_lti,0.7664832231675126,0.48535260543684383,0.0006405192722344693,1.628211129731764,0.0001218725708475387,2.1856737866443656e-06,3.449796524668262e-05,1.7370398480603793,0.0,0.7557534428182323,0.01406447116555234,,,,,1.9291057766075572,0.19206592854717797
dwell_r6_xi_0.25_p+6_Nd4001_dt1,main,dwell,6,xi_0.25,6,4001,1.0,2.5350000000000003e-06,0.07321886766113006,25.575395720001325,1459,293,1166,632.7986348122867,605.90671,0.0583,0.25,static_mh,1.0264825766487573,0.7946086326694506,0.0006488800603754646,1.6049711842714836,0.00013223159464444367,2.02112148599942e-05,0.00021180618078549412,1.2755493047845425,0.07169811320754717,1.0105663520067887,0.023650448253651864,,,,,1.9291057766075572,0.6535564718230147
dwell_r6_xi_0.25_p+6_Nd4001_dt1,main,dwell,6,xi_0.25,6,4001,1.0,2.5350000000000003e-06,0.07321886766113006,25.575395720001325,1459,293,1166,632.7986348122867,605.90671,0.0583,0.25,static_lti_mh,0.7826084720878748,0.4984784661362768,0.0006399502287740484,1.6279286248221385,0.00012231832154718298,2.2688794256896618e-05,8.695949587927231e-05,1.7032931152174655,0.01509433962264151,0.7879770953646515,0.014695625665294606,,,,,1.9291057766075572,0.2258126613900917
dwell_r6_xi_0.25_p+6_Nd4001_dt1,main,dwell,6,xi_0.25,6,4001,1.0,2.5350000000000003e-06,0.07321886766113006,25.575395720001325,1459,293,1166,632.7986348122867,605.90671,0.0583,0.25,linear,0.06792928163379312,0.008103092060394447,0.0017568554533260753,1.2478492190941035,0.0002598438949911193,-2.37038202033727e-06,0.000125445230697334,1.9291057766075572,0.018867924528301886,0.19157251269518397,0.0008681202040246705,,,,,1.9291057766075572,0.0
dwell_r6_xi_0.5_p+6_Nd4001_dt1,main,dwell,6,xi_0.5,6,4001,1.0,2.5350000000000003e-06,0.07321886766113006,25.15645993200087,1459,146,1313,1269.9315068493152,1196.56055,0.06565,0.5,atomic,0.9445215230162503,0.5252113049936085,0.0005049028436535293,1.7936814748368937,0.00010096356145815387,0.0002944719741579609,0.00040126833089622495,1.0883138015324125,0.13962264150943396,0.8687227487314607,0.01568038716850268,0.5296848098757935,0.5455705729521997,0.6045335550624937,0.5560415608721857,1.8915864970882048,0.8032726955557923
dwell_r6_xi_0.5_p+6_Nd4001_dt1,main,dwell,6,xi_0.5,6,4001,1.0,2.5350000000000003e-06,0.07321886766113006,25.15645993200087,1459,146,1313,1269.9315068493152,1196.56055,0.06565,0.5,static,0.6560562026663544,0.5931621956163379,0.0006498456335293952,1.6111593238805804,0.00011994243077745618,1.0998058820644195e-07,4.275909630486654e-06,1.720375335147933,0.0,0.9184153698504242,0.015190873867392039,,,,,1.8915864970882048,0.17121116194027186
dwell_r6_xi_0.5_p+6_Nd4001_dt1,main,dwell,6,xi_0.5,6,4001,1.0,2.5350000000000003e-06,0.07321886766113006,25.15645993200087,1459,146,1313,1269.9315068493152,1196.56055,0.06565,0.5,static_lti,0.7412242255436802,0.6274042318797244,0.0006407828531628577,1.630366566041933,0.00012127180738063121,-1.4633798684525448e-06,2.7075346874847104e-05,1.6924883600852418,0.0,0.9403783777881479,0.01587199256045935,,,,,1.8915864970882048,0.19909813700296297
dwell_r6_xi_0.5_p+6_Nd4001_dt1,main,dwell,6,xi_0.5,6,4001,1.0,2.5350000000000003e-06,0.07321886766113006,25.15645993200087,1459,146,1313,1269.9315068493152,1196.56055,0.06565,0.5,static_mh,0.8800490031298689,0.805377487441116,0.0006501582100586938,1.6142765665045766,0.00012784163757410602,1.9577632551853737e-05,0.00022384028272357917,1.4178851322255748,0.033962264150943396,1.1324167544787742,0.022321701623142832,,,,,1.8915864970882048,0.47370136486263004
dwell_r6_xi_0.5_p+6_Nd4001_dt1,main,dwell,6,xi_0.5,6,4001,1.0,2.5350000000000003e-06,0.07321886766113006,25.15645993200087,1459,146,1313,1269.9315068493152,1196.56055,0.06565,0.5,static_lti_mh,0.7497604098166473,0.6352042784402295,0.0006409641430731122,1.629662465478195,0.00012160125032078702,1.8513411103024487e-05,0.00010534045210689191,1.6922049248376283,0.0,0.9543872552904867,0.015736651377521612,,,,,1.8915864970882048,0.1993815722505765
dwell_r6_xi_0.5_p+6_Nd4001_dt1,main,dwell,6,xi_0.5,6,4001,1.0,2.5350000000000003e-06,0.07321886766113006,25.15645993200087,1459,146,1313,1269.9315068493152,1196.56055,0.06565,0.5,linear,0.05167501926350128,0.005828156452059547,0.0017480537245631274,1.2409731126842842,0.0002571030960049129,5.07124677580089e-06,9.471472417250094e-05,1.8915864970882048,0.007547169811320755,0.16705004506356988,0.00037373123408194353,,,,,1.8915864970882048,0.0
dwell_r6_xi_1_p+6_Nd4001_dt1,main,dwell,6,xi_1,6,4001,1.0,2.5350000000000003e-06,0.07321886766113006,26.27926628000023,1459,73,1386,2539.8630136986303,2373.85055,0.0693,1,atomic,1.0353642133271936,0.6026782636639367,0.0004952558549912166,1.7853592355239534,0.00010156982062247033,0.000215195217856681,0.0003980745547431834,1.0496790463904655,0.17358490566037735,0.9041914807337661,0.016569211515547813,0.475464454780801,0.4760927539681121,0.5244562450120229,0.4818288465884013,1.996350373194232,0.9466713268037665
dwell_r6_xi_1_p+6_Nd4001_dt1,main,dwell,6,xi_1,6,4001,1.0,2.5350000000000003e-06,0.07321886766113006,26.27926628000023,1459,73,1386,2539.8630136986303,2373.85055,0.0693,1,static,0.66654568806129,0.6326179778395421,0.0006466548349911129,1.6139722867340165,0.00011999194884883929,-2.672553964216511e-08,3.7202069836196567e-06,1.7343812363517865,0.0,0.8385277220719382,0.014559578159297178,,,,,1.996350373194232,0.2619691368424455
dwell_r6_xi_1_p+6_Nd4001_dt1,main,dwell,6,xi_1,6,4001,1.0,2.5350000000000003e-06,0.07321886766113006,26.27926628000023,1459,73,1386,2539.8630136986303,2373.85055,0.0693,1,static_lti,0.7302184918287286,0.6586942177866048,0.0006393479448255436,1.6314238794145821,0.00012087964409161233,-1.443773624390497e-06,2.253371501763966e-05,1.7126058147009975,0.0037735849056603774,0.8555654479836804,0.015198190380569195,,,,,1.996350373194232,0.28374455849323454
dwell_r6_xi_1_p+6_Nd4001_dt1,main,dwell,6,xi_1,6,4001,1.0,2.5350000000000003e-06,0.07321886766113006,26.27926628000023,1459,73,1386,2539.8630136986303,2373.85055,0.0693,1,static_mh,0.806374784766278,0.7730108177598073,0.0006493844763012945,1.6167976748814203,0.0001254451323629211,1.9984678646047782e-05,0.00023081731793736724,1.5747281691962585,0.026415094339622643,0.9071134721255545,0.017185979499120797,,,,,1.996350373194232,0.42162220399797357
dwell_r6_xi_1_p+6_Nd4001_dt1,main,dwell,6,xi_1,6,4001,1.0,2.5350000000000003e-06,0.07321886766113006,26.27926628000023,1459,73,1386,2539.8630136986303,2373.85055,0.0693,1,static_lti_mh,0.7359427010764038,0.6651963277015747,0.0006393829317064752,1.6317892396764573,0.00012108561588526345,1.821924700887859e-05,0.00013570167500484616,1.70337682105527,0.007547169811320755,0.8627397197066544,0.015376783846793134,,,,,1.996350373194232,0.29297355213896203
dwell_r6_xi_1_p+6_Nd4001_dt1,main,dwell,6,xi_1,6,4001,1.0,2.5350000000000003e-06,0.07321886766113006,26.27926628000023,1459,73,1386,2539.8630136986303,2373.85055,0.0693,1,linear,0.045322440527471725,0.00465866361010062,0.0017484871194530685,1.2386559273501738,0.0002571069172948306,1.2529964669042435e-06,8.030674597420598e-05,1.996350373194232,0.0,0.11734657713750234,0.00030346665925869067,,,,,1.996350373194232,0.0
dwell_r6_xi_2_p+6_Nd4001_dt1,main,dwell,6,xi_2,6,4001,1.0,2.5350000000000003e-06,0.07321886766113006,28.595545106998543,1459,37,1422,5011.081081081081,4664.79323,0.0711,2,atomic,1.2371549451416095,0.7229730965418472,0.0004662167112734113,1.7972061235502672,0.00010010797044203041,0.00013881493414005412,0.00038479634961621116,1.2742749667667412,0.07547169811320754,0.9031547752310655,0.018824867951247926,0.39106063554984033,0.3871379316841291,0.4323947212433293,0.3905994130166271,2.0,0.7257250332332588
dwell_r6_xi_2_p+6_Nd4001_dt1,main,dwell,6,xi_2,6,4001,1.0,2.5350000000000003e-06,0.07321886766113006,28.595545106998543,1459,37,1422,5011.081081081081,4664.79323,0.0711,2,static,0.6707078598344123,0.6536450224117294,0.0006471018458407045,1.6143989739714195,0.0001200677661636824,1.8569245746605165e-08,3.2801460312606354e-06,1.7500639516527012,0.0,0.8154966332825834,0.014090489309246291,,,,,2.0,0.24993604834729877
dwell_r6_xi_2_p+6_Nd4001_dt1,main,dwell,6,xi_2,6,4001,1.0,2.5350000000000003e-06,0.07321886766113006,28.595545106998543,1459,37,1422,5011.081081081081,4664.79323,0.0711,2,static_lti,0.7369862760078766,0.6672496557553237,0.0006396758835632937,1.6294199250256702,0.00012102190516317321,-5.559382403680554e-07,1.9958139524053167e-05,1.7392328796697436,0.0,0.8153700016696955,0.014190390760476691,,,,,2.0,0.2607671203302564
dwell_r6_xi_2_p+6_Nd4001_dt1,main,dwell,6,xi_2,6,4001,1.0,2.5350000000000003e-06,0.07321886766113006,28.595545106998543,1459,37,1422,5011.081081081081,4664.79323,0.0711,2,static_mh,0.7946085621835968,0.7770409796450568,0.0006459066783394337,1.6152220572733273,0.00012421398318046914,1.9323894664090294e-05,0.00023344707135420048,1.5221181632385707,0.018867924528301886,0.891702465338911,0.018057231202860048,,,,,2.0,0.47788183676142926
dwell_r6_xi_2_p+6_Nd4001_dt1,main,dwell,6,xi_2,6,4001,1.0,2.5350000000000003e-06,0.07321886766113006,28.595545106998543,1459,37,1422,5011.081081081081,4664.79323,0.0711,2,static_lti_mh,0.7420352580191545,0.6719019694763767,0.0006396867561802975,1.629359446969026,0.00012119998807608726,1.9840783424788695e-05,0.0001745226200963039,1.7318890647958503,0.0,0.8178691782478515,0.014329050403635324,,,,,2.0,0.26811093520414975
dwell_r6_xi_2_p+6_Nd4001_dt1,main,dwell,6,xi_2,6,4001,1.0,2.5350000000000003e-06,0.07321886766113006,28.595545106998543,1459,37,1422,5011.081081081081,4664.79323,0.0711,2,linear,0.04134160686440155,0.004230893079053185,0.001732617880370627,1.236598817437032,0.0002539084718798185,-1.1113374615535137e-06,7.174010162599663e-05,2.0,0.0,0.09252777728758545,0.00023141592073243073,,,,,2.0,0.0
dwell_r6_xi_4_p+6_Nd4001_dt1,main,dwell,6,xi_4,6,4001,1.0,2.5350000000000003e-06,0.07321886766113006,36.00410607900085,1459,18,1441,10300.555555555555,9568.40055,0.07205,4,atomic,1.379159845388703,0.8388593998540946,0.00044918981192932327,1.7916823580457801,0.00010014624809576336,0.00012178130739150997,0.0003705455370976529,1.174665682222237,0.1018867924528302,1.0627893913649316,0.02503867702349671,0.3296371402620572,0.32193568023575375,0.36670358708864176,0.3247993558017083,1.9999999999924116,0.8253343177701746
dwell_r6_xi_4_p+6_Nd4001_dt1,main,dwell,6,xi_4,6,4001,1.0,2.5350000000000003e-06,0.07321886766113006,36.00410607900085,1459,18,1441,10300.555555555555,9568.40055,0.07205,4,static,0.6777110361056685,0.6748525196002764,0.0006405196028213085,1.6185937767816867,0.00011992381388537168,1.879527989914949e-08,3.0744431973464048e-06,1.7545139291679925,0.0,0.7864031110351123,0.013952643876608863,,,,,1.9999999999924116,0.2454860708244191
dwell_r6_xi_4_p+6_Nd4001_dt1,main,dwell,6,xi_4,6,4001,1.0,2.5350000000000003e-06,0.07321886766113006,36.00410607900085,1459,18,1441,10300.555555555555,9568.40055,0.07205,4,static_lti,0.7344975907512964,0.6813307629764653,0.0006344453354798274,1.6337095781770534,0.00012077883340964819,-1.9137975476852864e-06,1.8303971376413368e-05,1.7587107383134366,0.0,0.786467779617855,0.013857897362375167,,,,,1.9999999999924116,0.24128926167897502
dwell_r6_xi_4_p+6_Nd4001_dt1,main,dwell,6,xi_4,6,4001,1.0,2.5350000000000003e-06,0.07321886766113006,36.00410607900085,1459,18,1441,10300.555555555555,9568.40055,0.07205,4,static_mh,0.7731833648121782,0.7693432665600058,0.0006432068591259605,1.6213058603494186,0.00012379059156127079,2.189963476695293e-05,0.00023664095453073268,1.6279822470758694,0.0037735849056603774,0.8326367431596737,0.015717950761907105,,,,,1.9999999999924116,0.37201775291654227
dwell_r6_xi_4_p+6_Nd4001_dt1,main,dwell,6,xi_4,6,4001,1.0,2.5350000000000003e-06,0.07321886766113006,36.00410607900085,1459,18,1441,10300.555555555555,9568.40055,0.07205,4,static_lti_mh,0.7397677177057973,0.6861687539944132,0.0006344527765295302,1.6337325780425298,0.00012096546829407838,1.997115773798562e-05,0.00020162703288730162,1.7585763038767195,0.0,0.7857048076053444,0.013814106475439956,,,,,1.9999999999924116,0.24142369611569214
dwell_r6_xi_4_p+6_Nd4001_dt1,main,dwell,6,xi_4,6,4001,1.0,2.5350000000000003e-06,0.07321886766113006,36.00410607900085,1459,18,1441,10300.555555555555,9568.40055,0.07205,4,linear,0.03818220834579973,0.0036829138429070253,0.0017356822222898995,1.23549343437275,0.0002557890182104027,2.3141194503963187e-06,6.913712939910885e-05,1.9999999999924116,0.0,0.08504360368661738,0.0001651794849055067,,,,,1.9999999999924116,0.0
dwell_r7_xi_0.05_p+3_Nd4001_dt1,main,dwell,7,xi_0.05,3,4001,1.0,2.5350000000000003e-06,0.07321886766113006,30.10804677499982,1459,1459,0,127.08019191226867,137.08073,0.0,0.05,atomic,0.8626827051224227,0.34233771468378615,0.0008202898452529436,1.5616423572561435,0.00010935314436856461,1.6393692231141455e-06,0.00023117180917698175,0.6169827008364982,0.38113207547169814,0.8989445840414396,0.00743612244792708,0.5931897344139435,0.5530553458501171,0.8339878768961007,0.626951945449902,1.5402869450935852,0.923304244257087
dwell_r7_xi_0.05_p+3_Nd4001_dt1,main,dwell,7,xi_0.05,3,4001,1.0,2.5350000000000003e-06,0.07321886766113006,30.10804677499982,1459,1459,0,127.08019191226867,137.08073,0.0,0.05,static,0.1068120640862423,0.03800094602236976,0.0010433088050671299,1.416359753414183,0.00010726556667770701,-4.306003223639012e-08,7.700884388891172e-06,1.997855640112459,0.0,0.33544353363903806,0.0010151116595002137,,,,,1.5402869450935852,-0.45756869501887376
dwell_r7_xi_0.05_p+3_Nd4001_dt1,main,dwell,7,xi_0.05,3,4001,1.0,2.5350000000000003e-06,0.07321886766113006,30.10804677499982,1459,1459,0,127.08019191226867,137.08073,0.0,0.05,static_lti,0.18430524418159014,0.04524684910083123,0.0010406650745826552,1.4688867624068882,0.00011067231350954078,2.5128441436489124e-06,5.0305423257330084e-05,1.973448126703795,0.0,0.40492350906388336,0.0015459502261173535,,,,,1.5402869450935852,-0.4331611816102099
dwell_r7_xi_0.05_p+3_Nd4001_dt1,main,dwell,7,xi_0.05,3,4001,1.0,2.5350000000000003e-06,0.07321886766113006,30.10804677499982,1459,1459,0,127.08019191226867,137.08073,0.0,0.05,static_mh,1.8504173554409442,1.6478132187607797,0.001028826453147159,1.4171173252088904,0.00016965551401728514,3.015954026952664e-05,6.551907261661877e-05,0.5209460192259243,0.33584905660377357,1.4214157196814081,0.020423633035693296,,,,,1.5402869450935852,1.019340925867661
dwell_r7_xi_0.05_p+3_Nd4001_dt1,main,dwell,7,xi_0.05,3,4001,1.0,2.5350000000000003e-06,0.07321886766113006,30.10804677499982,1459,1459,0,127.08019191226867,137.08073,0.0,0.05,static_lti_mh,0.21497167282393387,0.07042061410468956,0.0010403038749503184,1.4699624541758747,0.00011205717041058738,3.2716673253983145e-05,5.6213895186155175e-05,1.9498880023459055,0.0037735849056603774,0.4362247943508306,0.001920675056665305,,,,,1.5402869450935852,-0.4096010572523203
dwell_r7_xi_0.05_p+3_Nd4001_dt1,main,dwell,7,xi_0.05,3,4001,1.0,2.5350000000000003e-06,0.07321886766113006,30.10804677499982,1459,1459,0,127.08019191226867,137.08073,0.0,0.05,linear,0.17767883257609549,0.009806118545032222,0.0018323478993485525,1.2936633717821313,0.00019424130576608815,4.100678200115697e-06,0.0002072704040064426,1.5402869450935852,0.16981132075471697,0.41036612695822955,0.0015599381869756375,,,,,1.5402869450935852,0.0
dwell_r7_xi_0.1_p+3_Nd4001_dt1,main,dwell,7,xi_0.1,3,4001,1.0,2.5350000000000003e-06,0.07321886766113006,30.321553080999365,1459,731,728,253.6388508891929,254.40724,0.0364,0.1,atomic,0.5511728299712292,0.26763069568923703,0.0008066340157355112,1.561576021799567,0.00010120659223581305,-3.860084471846884e-06,0.00021091448849489008,1.0673937954328279,0.22264150943396227,0.6565964826392868,0.005117751612006544,0.4877775552217294,0.46184298282001607,0.7362039926619515,0.5058024356495033,1.759284320967157,0.6918905255343291
dwell_r7_xi_0.1_p+3_Nd4001_dt1,main,dwell,7,xi_0.1,3,4001,1.0,2.5350000000000003e-06,0.07321886766113006,30.321553080999365,1459,731,728,253.6388508891929,254.40724,0.0364,0.1,static,0.1483064858411579,0.07600074014675658,0.0009966799858270807,1.4343207576485364,0.00010763658847574417,-3.2743674136569604e-08,5.396494046559075e-06,1.9967682057407463,0.0,0.3929525914580985,0.0015411685269589867,,,,,1.759284320967157,-0.2374838847735894
dwell_r7_xi_0.1_p+3_Nd4001_dt1,main,dwell,7,xi_0.1,3,4001,1.0,2.5350000000000003e-06,0.07321886766113006,30.321553080999365,1459,731,728,253.6388508891929,254.40724,0.0364,0.1,static_lti,0.20560029174474484,0.08314008601682282,0.0009957546611907293,1.472759292587784,0.00011018387801439381,-2.4111600393578023e-06,3.59395011635763e-05,1.9875724091461935,0.0,0.42034591435824736,0.0018216386609873313,,,,,1.759284320967157,-0.22828808817903656
dwell_r7_xi_0.1_p+3_Nd4001_dt1,main,dwell,7,xi_0.1,3,4001,1.0,2.5350000000000003e-06,0.07321886766113006,30.321553080999365,1459,731,728,253.6388508891929,254.40724,0.0364,0.1,static_mh,0.8639573961691092,0.7272571814956542,0.0009987695980997542,1.430152430988564,0.00013738580097918802,3.0100730671461805e-05,0.00013535327339267512,1.0886276336640806,0.19245283018867926,0.9578847267898506,0.01102632267610584,,,,,1.759284320967157,0.6706566873030764
dwell_r7_xi_0.1_p+3_Nd4001_dt1,main,dwell,7,xi_0.1,3,4001,1.0,2.5350000000000003e-06,0.07321886766113006,30.321553080999365,1459,731,728,253.6388508891929,254.40724,0.0364,0.1,static_lti_mh,0.22294064500645303,0.09813580016503973,0.0009960835127259063,1.4732887907147385,0.00011100602780257758,2.7871924586835995e-05,6.157204224652916e-05,1.9794531133170803,0.0,0.4371392296965606,0.0020471037339022846,,,,,1.759284320967157,-0.22016879234992337
dwell_r7_xi_0.1_p+3_Nd4001_dt1,main,dwell,7,xi_0.1,3,4001,1.0,2.5350000000000003e-06,0.07321886766113006,30.321553080999365,1459,731,728,253.6388508891929,254.40724,0.0364,0.1,linear,0.11589678273125818,0.009956916205550925,0.0018018775873612917,1.2715332265761325,0.00019177619757401802,-9.786573296703732e-06,0.0001365496834094091,1.759284320967157,0.07924528301886792,0.2968046817416116,0.0009297534662299122,,,,,1.759284320967157,0.0
dwell_r7_xi_0.25_p+3_Nd4001_dt1,main,dwell,7,xi_0.25,3,4001,1.0,2.5350000000000003e-06,0.07321886766113006,29.97794672999953,1459,293,1166,632.7986348122867,605.90671,0.0583,0.25,atomic,0.5620219310173519,0.31920893008348444,0.0006711646369494019,1.6483194557281664,8.51416156933712e-05,6.126230801569666e-05,0.00026650990590670903,1.36017291638663,0.12075471698113208,0.6226911423689031,0.004680520210689067,0.435634000645435,0.4187471075571764,0.5764673533401116,0.4353790606337926,1.9344737594138137,0.5743008430271836
dwell_r7_xi_0.25_p+3_Nd4001_dt1,main,dwell,7,xi_0.25,3,4001,1.0,2.5350000000000003e-06,0.07321886766113006,29.97794672999953,1459,293,1166,632.7986348122867,605.90671,0.0583,0.25,static,0.15920352679477137,0.1255827596050958,0.0009853036068941665,1.4386632832458746,0.00010771122933360385,1.3324525369694722e-07,3.9997655459874186e-06,1.997442879395057,0.0,0.37701572727388005,0.0016175038020070467,,,,,1.9344737594138137,-0.06296911998124322
dwell_r7_xi_0.25_p+3_Nd4001_dt1,main,dwell,7,xi_0.25,3,4001,1.0,2.5350000000000003e-06,0.07321886766113006,29.97794672999953,1459,293,1166,632.7986348122867,605.90671,0.0583,0.25,static_lti,0.20583802702593793,0.13386514723502904,0.0009810893724968477,1.4624580902903026,0.00010938056675316771,1.919510382661271e-06,2.635939315756007e-05,1.9955081897588587,0.0,0.3804475627413336,0.001641211415600607,,,,,1.9344737594138137,-0.061034430345044965
dwell_r7_xi_0.25_p+3_Nd4001_dt1,main,dwell,7,xi_0.25,3,4001,1.0,2.5350000000000003e-06,0.07321886766113006,29.97794672999953,1459,293,1166,632.7986348122867,605.90671,0.0583,0.25,static_mh,0.43903033222351406,0.39373165322990583,0.0009834764329033575,1.4475078978708784,0.00011973059607960105,3.0408992406617415e-05,0.0002106204458273082,1.5108301211890631,0.0830188679245283,0.6311858491345211,0.0034964490822360465,,,,,1.9344737594138137,0.4236436382247506
dwell_r7_xi_0.25_p+3_Nd4001_dt1,main,dwell,7,xi_0.25,3,4001,1.0,2.5350000000000003e-06,0.07321886766113006,29.97794672999953,1459,293,1166,632.7986348122867,605.90671,0.0583,0.25,static_lti_mh,0.21150489925453891,0.1389004661984761,0.000981622606258565,1.4623116336647144,0.00010969530230872544,3.198072868074554e-05,8.451841680646392e-05,1.9944570025330193,0.0,0.38566063998787886,0.0016931026537901764,,,,,1.9344737594138137,-0.059983243119205554
dwell_r7_xi_0.25_p+3_Nd4001_dt1,main,dwell,7,xi_0.25,3,4001,1.0,2.5350000000000003e-06,0.07321886766113006,29.97794672999953,1459,293,1166,632.7986348122867,605.90671,0.0583,0.25,linear,0.0689556592384137,0.00824589032849938,0.001753605021747938,1.2478774445314038,0.00018404010983500855,1.0986039890243785e-05,8.65058757332869e-05,1.9344737594138137,0.007547169811320755,0.19330738183097304,0.00035261650191900716,,,,,1.9344737594138137,0.0
dwell_r7_xi_0.5_p+3_Nd4001_dt1,main,dwell,7,xi_0.5,3,4001,1.0,2.5350000000000003e-06,0.07321886766113006,35.04057363600077,1459,146,1313,1269.9315068493152,1196.56055,0.06565,0.5,atomic,0.6709110654986455,0.4109391366702313,0.0006615522059837231,1.6680849157672448,8.692651135293748e-05,9.441803673149326e-05,0.0003100723936921251,1.3085493703980127,0.10943396226415095,0.6580261028144979,0.004767494158622243,0.41575204056769444,0.39000890743195304,0.48495773242503815,0.3975402928039194,1.9968289808938933,0.6882796104958806
dwell_r7_xi_0.5_p+3_Nd4001_dt1,main,dwell,7,xi_0.5,3,4001,1.0,2.5350000000000003e-06,0.07321886766113006,35.04057363600077,1459,146,1313,1269.9315068493152,1196.56055,0.06565,0.5,static,0.16303656018943027,0.1497842570483486,0.000982633367957529,1.4407084536180725,0.00010776654582211137,1.0651915604631063e-07,3.517000589919832e-06,1.9972729674543859,0.0,0.3783485125888424,0.001735714405600832,,,,,1.9968289808938933,-0.0004439865604926041
dwell_r7_xi_0.5_p+3_Nd4001_dt1,main,dwell,7,xi_0.5,3,4001,1.0,2.5350000000000003e-06,0.07321886766113006,35.04057363600077,1459,146,1313,1269.9315068493152,1196.56055,0.06565,0.5,static_lti,0.2027320067772011,0.15442168902930065,0.0009777190824342542,1.4608750843844938,0.00010903748883671108,-6.388828768010563e-07,2.2868616237170574e-05,1.9957524879125805,0.0,0.3804802969545092,0.0018083571238188827,,,,,1.9968289808938933,0.0010764929813127377
dwell_r7_xi_0.5_p+3_Nd4001_dt1,main,dwell,7,xi_0.5,3,4001,1.0,2.5350000000000003e-06,0.07321886766113006,35.04057363600077,1459,146,1313,1269.9315068493152,1196.56055,0.06565,0.5,static_mh,0.30285009738821894,0.2884493925992434,0.0009860482731229284,1.4410748468610548,0.00011445828725652764,2.9531510460728543e-05,0.00022403994851633954,1.7961337968806135,0.03018867924528302,0.5092390153582732,0.0030893701514465924,,,,,1.9968289808938933,0.2006951840132798
dwell_r7_xi_0.5_p+3_Nd4001_dt1,main,dwell,7,xi_0.5,3,4001,1.0,2.5350000000000003e-06,0.07321886766113006,35.04057363600077,1459,146,1313,1269.9315068493152,1196.56055,0.06565,0.5,static_lti_mh,0.20538895743398367,0.15733032853721227,0.0009775883839548208,1.4606995258080606,0.00010914506156439014,2.8624517474655617e-05,0.00010167168661742476,1.9952834904193801,0.0,0.3842483437535983,0.0018439919275224502,,,,,1.9968289808938933,0.0015454904745131337
dwell_r7_xi_0.5_p+3_Nd4001_dt1,main,dwell,7,xi_0.5,3,4001,1.0,2.5350000000000003e-06,0.07321886766113006,35.04057363600077,1459,146,1313,1269.9315068493152,1196.56055,0.06565,0.5,linear,0.05269745825934414,0.005748209824471083,0.0017408382725745224,1.2415134429006247,0.00018158915029731714,2.3997632751743615e-07,6.622117629102968e-05,1.9968289808938933,0.0,0.1284333029243747,0.0002503749748378391,,,,,1.9968289808938933,0.0
dwell_r7_xi_1_p+3_Nd4001_dt1,main,dwell,7,xi_1,3,4001,1.0,2.5350000000000003e-06,0.07321886766113006,27.65183488799994,1459,73,1386,2539.8630136986303,2373.85055,0.0693,1,atomic,0.8088466952528227,0.5372744081673112,0.0006550453205908141,1.64732773216046,8.969589472186711e-05,7.702414012262565e-05,0.00031911782484713574,1.094893876669773,0.10566037735849057,0.8190264510942544,0.006985617485870986,0.380497738891038,0.35435253878125333,0.4192455695448353,0.35776922483490387,1.9990641736063557,0.9041702969365828
dwell_r7_xi_1_p+3_Nd4001_dt1,main,dwell,7,xi_1,3,4001,1.0,2.5350000000000003e-06,0.07321886766113006,27.65183488799994,1459,73,1386,2539.8630136986303,2373.85055,0.0693,1,static,0.1659142412263925,0.16081958322973,0.0009799347397344248,1.4409763504670676,0.00010777747961769946,-2.7756266690252243e-08,3.2637871327600205e-06,1.996602168078254,0.0,0.4196803356219286,0.0017516914251851218,,,,,1.9990641736063557,0.0024620055281017184
dwell_r7_xi_1_p+3_Nd4001_dt1,main,dwell,7,xi_1,3,4001,1.0,2.5350000000000003e-06,0.07321886766113006,27.65183488799994,1459,73,1386,2539.8630136986303,2373.85055,0.0693,1,static_lti,0.20598957933426193,0.16188135843042092,0.0009731646532940323,1.4580195895970247,0.00010885661890229369,-8.649666618001054e-09,2.14419820570418e-05,1.9963031323769724,0.0,0.4146669561202429,0.0017291000906481263,,,,,1.9990641736063557,0.0027610412293832542
dwell_r7_xi_1_p+3_Nd4001_dt1,main,dwell,7,xi_1,3,4001,1.0,2.5350000000000003e-06,0.07321886766113006,27.65183488799994,1459,73,1386,2539.8630136986303,2373.85055,0.0693,1,static_mh,0.24482655312263638,0.23953369731843008,0.000981920100707173,1.4408461108008401,0.00011158713453341578,2.9660518794534063e-05,0.00023105159016994017,1.9310126341686824,0.007547169811320755,0.4939341815474761,0.0026080033103963013,,,,,1.9990641736063557,0.06805153943767328
dwell_r7_xi_1_p+3_Nd4001_dt1,main,dwell,7,xi_1,3,4001,1.0,2.5350000000000003e-06,0.07321886766113006,27.65183488799994,1459,73,1386,2539.8630136986303,2373.85055,0.0693,1,static_lti_mh,0.2076273785685687,0.16383856746220296,0.0009731040244322266,1.4578612345357163,0.00010892487718983425,3.052709042650069e-05,0.00013460201357535506,1.9953582023810068,0.0,0.4156059015381676,0.00179046443096244,,,,,1.9990641736063557,0.003705971225348881
dwell_r7_xi_1_p+3_Nd4001_dt1,main,dwell,7,xi_1,3,4001,1.0,2.5350000000000003e-06,0.07321886766113006,27.65183488799994,1459,73,1386,2539.8630136986303,2373.85055,0.0693,1,linear,0.044163364772596005,0.004843137323720201,0.0017303942303021373,1.2377691001547322,0.00018013162080782487,-1.3715550381257222e-07,5.592608546513736e-05,1.9990641736063557,0.0,0.1184618450544252,0.00015245051387510408,,,,,1.9990641736063557,0.0
dwell_r7_xi_2_p+3_Nd4001_dt1,main,dwell,7,xi_2,3,4001,1.0,2.5350000000000003e-06,0.07321886766113006,26.62993430899951,1459,37,1422,5011.081081081081,4664.79323,0.0711,2,atomic,0.9039939345026797,0.6392321140493611,0.0006495060358860899,1.613813736223905,9.168578393168205e-05,5.90092426355217e-05,0.0003026950643549608,1.2753781181145691,0.0830188679245283,0.8883405572779037,0.007795366657526518,0.3387982604705017,0.3069509581774103,0.3653220856653209,0.3082925278805024,1.999037240809621,0.723659122695052
dwell_r7_xi_2_p+3_Nd4001_dt1,main,dwell,7,xi_2,3,4001,1.0,2.5350000000000003e-06,0.07321886766113006,26.62993430899951,1459,37,1422,5011.081081081081,4664.79323,0.0711,2,static,0.16618912433627073,0.16498886795152629,0.0009766957699493411,1.4437947833440359,0.00010795326963622405,2.5906559569027013e-08,3.2246745984923982e-06,1.9961517090288994,0.0,0.39312326349995663,0.0018116426277571078,,,,,1.999037240809621,0.0028855317807217062
dwell_r7_xi_2_p+3_Nd4001_dt1,main,dwell,7,xi_2,3,4001,1.0,2.5350000000000003e-06,0.07321886766113006,26.62993430899951,1459,37,1422,5011.081081081081,4664.79323,0.0711,2,static_lti,0.19874677530557644,0.1638583307704995,0.0009740424672290573,1.461335546958038,0.00010915277441266418,7.266305004141443e-07,2.068772824803513e-05,1.9955192173468903,0.0,0.39126117557204504,0.0017927123442050335,,,,,1.999037240809621,0.0035180234627307794
dwell_r7_xi_2_p+3_Nd4001_dt1,main,dwell,7,xi_2,3,4001,1.0,2.5350000000000003e-06,0.07321886766113006,26.62993430899951,1459,37,1422,5011.081081081081,4664.79323,0.0711,2,static_mh,0.2166311550965171,0.21530471080073926,0.0009778333205331148,1.4459533632022545,0.00011038734900446663,3.126352073057589e-05,0.00023507667039454416,1.9726865006864431,0.0037735849056603774,0.4363421911329817,0.0023861622046303797,,,,,1.999037240809621,0.02635074012317795
dwell_r7_xi_2_p+3_Nd4001_dt1,main,dwell,7,xi_2,3,4001,1.0,2.5350000000000003e-06,0.07321886766113006,26.62993430899951,1459,37,1422,5011.081081081081,4664.79323,0.0711,2,static_lti_mh,0.20029295529916444,0.16533380499103492,0.00097414452485943,1.46118123966051,0.00010923476036843192,3.19580072009014e-05,0.00017348706443015324,1.9946873251953685,0.0,0.393630332200383,0.001823185152733682,,,,,1.999037240809621,0.004349915614252575
dwell_r7_xi_2_p+3_Nd4001_dt1,main,dwell,7,xi_2,3,4001,1.0,2.5350000000000003e-06,0.07321886766113006,26.62993430899951,1459,37,1422,5011.081081081081,4664.79323,0.0711,2,linear,0.040110898331441436,0.004004551703492479,0.00173917431272525,1.2359928286128015,0.00018158766883994912,2.602035701066736e-06,5.222390578885495e-05,1.999037240809621,0.0,0.09172511216734301,0.00010704410352936654,,,,,1.999037240809621,0.0
dwell_r7_xi_4_p+3_Nd4001_dt1,main,dwell,7,xi_4,3,4001,1.0,2.5350000000000003e-06,0.07321886766113006,26.000925301999814,1459,18,1441,10300.555555555555,9568.40055,0.07205,4,atomic,1.011327313382159,0.7038048441653115,0.0006108013572670114,1.6147418914973837,8.85613965956349e-05,1.9801602312960973e-05,0.0002895977394890417,1.2838157666555476,0.06415094339622641,0.9345001952973472,0.008262333496303545,0.3021960699855369,0.26982731690474643,0.31985710107880005,0.2700521712419389,2.0,0.7161842333444524
dwell_r7_xi_4_p+3_Nd4001_dt1,main,dwell,7,xi_4,3,4001,1.0,2.5350000000000003e-06,0.07321886766113006,26.000925301999814,1459,18,1441,10300.555555555555,9568.40055,0.07205,4,static,0.1674530627828863,0.16681492052359317,0.0009760096372127245,1.4427117063517385,0.00010790957011305224,1.1725411052012073e-07,3.0135854301196812e-06,1.9961443382234856,0.0,0.41871440357881756,0.001834174951731328,,,,,2.0,0.0038556617765144185
dwell_r7_xi_4_p+3_Nd4001_dt1,main,dwell,7,xi_4,3,4001,1.0,2.5350000000000003e-06,0.07321886766113006,26.000925301999814,1459,18,1441,10300.555555555555,9568.40055,0.07205,4,static_lti,0.20186543711431176,0.16385374181014797,0.0009725585048147347,1.4598485230779414,0.00010910570447026217,2.1252179145051434e-07,1.961029150461582e-05,1.995605342370618,0.0,0.41360898594398604,0.0018135539159211181,,,,,2.0,0.0043946576293820705
dwell_r7_xi_4_p+3_Nd4001_dt1,main,dwell,7,xi_4,3,4001,1.0,2.5350000000000003e-06,0.07321886766113006,26.000925301999814,1459,18,1441,10300.555555555555,9568.40055,0.07205,4,static_mh,0.2047552679529445,0.20396390028768507,0.0009760445981326223,1.4426441993090744,0.00010962308263227254,3.133324554521402e-05,0.0002366494939176716,1.98265151315572,0.0037735849056603774,0.47021161816775864,0.00214231837921122,,,,,2.0,0.01734848684427992
dwell_r7_xi_4_p+3_Nd4001_dt1,main,dwell,7,xi_4,3,4001,1.0,2.5350000000000003e-06,0.07321886766113006,26.000925301999814,1459,18,1441,10300.555555555555,9568.40055,0.07205,4,static_lti_mh,0.2038795008757525,0.16593215888289267,0.0009724723490044614,1.4598337077543393,0.00010918670651794813,3.12431296386071e-05,0.00020553891911249727,1.9950419366889989,0.0,0.41512839707703103,0.0018537273229024512,,,,,2.0,0.004958063311001126
dwell_r7_xi_4_p+3_Nd4001_dt1,main,dwell,7,xi_4,3,4001,1.0,2.5350000000000003e-06,0.07321886766113006,26.000925301999814,1459,18,1441,10300.555555555555,9568.40055,0.07205,4,linear,0.03912050353643037,0.0037247799396475305,0.0017352812384302271,1.236200833645792,0.00018113659165563736,2.0734201917768707e-06,4.657553570102028e-05,2.0,0.0,0.09353893406799303,9.080561052711347e-05,,,,,2.0,0.0
dwell_r7_xi_0.05_p+0_Nd4001_dt1,main,dwell,7,xi_0.05,0,4001,1.0,2.5350000000000003e-06,0.07321886766113006,28.297823461998632,1459,1459,0,127.08019191226867,137.08073,0.0,0.05,atomic,0.46949335682273563,0.1841330413539828,0.0011731928619495768,1.4341865574880743,9.834640538852164e-05,-8.190627528428222e-05,0.0001833306076120667,1.0511341316113483,0.2792452830188679,0.6421708957338284,0.0020216739638711386,0.36628594866449543,0.2301514158826035,0.4514861719352414,0.2445768840569027,1.5381549964430425,0.48702086483169427
dwell_r7_xi_0.05_p+0_Nd4001_dt1,main,dwell,7,xi_0.05,0,4001,1.0,2.5350000000000003e-06,0.07321886766113006,28.297823461998632,1459,1459,0,127.08019191226867,137.08073,0.0,0.05,static,0.024772091485307075,0.011874904818764642,0.0013748470370702236,1.3560356642387463,9.627236923270302e-05,-2.0635022790619001e-07,1.2840045155285648e-05,1.9999904339255756,0.0,0.17064866630843994,0.0001338421658047139,,,,,1.5381549964430425,-0.4618354374825331
dwell_r7_xi_0.05_p+0_Nd4001_dt1,main,dwell,7,xi_0.05,0,4001,1.0,2.5350000000000003e-06,0.07321886766113006,28.297823461998632,1459,1459,0,127.08019191226867,137.08073,0.0,0.05,static_lti,0.13778931718636,0.014369542972313283,0.0014030948345405815,1.4260205109665498,0.00010351890606176284,2.989874639447889e-06,8.422300153319848e-05,1.852688543971075,0.045283018867924525,0.3516082363301355,0.0005984180550742712,,,,,1.5381549964430425,-0.3145335475280324
dwell_r7_xi_0.05_p+0_Nd4001_dt1,main,dwell,7,xi_0.05,0,4001,1.0,2.5350000000000003e-06,0.07321886766113006,28.297823461998632,1459,1459,0,127.08019191226867,137.08073,0.0,0.05,static_mh,0.1326217834635681,0.11755764512574145,0.001369715699259764,1.356421360788725,0.00010083248993225575,-3.677249647153658e-05,1.9299706821500454e-05,1.9649506298666335,0.0,0.377679382190161,0.0007101397349287517,,,,,1.5381549964430425,-0.42679563342359095
dwell_r7_xi_0.05_p+0_Nd4001_dt1,main,dwell,7,xi_0.05,0,4001,1.0,2.5350000000000003e-06,0.07321886766113006,28.297823461998632,1459,1459,0,127.08019191226867,137.08073,0.0,0.05,static_lti_mh,0.14091615082331516,0.016906626231126255,0.0014028863515504017,1.426705064160256,0.00010364731028190825,-3.357599296885511e-05,8.45214941858749e-05,1.8451968252268833,0.045283018867924525,0.35395961513492913,0.0006232271765347337,,,,,1.5381549964430425,-0.3070418287838408
dwell_r7_xi_0.05_p+0_Nd4001_dt1,main,dwell,7,xi_0.05,0,4001,1.0,2.5350000000000003e-06,0.07321886766113006,28.297823461998632,1459,1459,0,127.08019191226867,137.08073,0.0,0.05,linear,0.1776788325761927,0.009806118545031365,0.001832347899348703,1.2936633717821058,0.00013751231357037283,2.903057844888919e-06,0.0001467362087439625,1.5381549964430425,0.16226415094339622,0.41088954793831683,0.0007846340277246236,,,,,1.5381549964430425,0.0
dwell_r7_xi_0.1_p+0_Nd4001_dt1,main,dwell,7,xi_0.1,0,4001,1.0,2.5350000000000003e-06,0.07321886766113006,24.357519421999314,1459,731,728,253.6388508891929,254.40724,0.0364,0.1,atomic,0.2802503145449205,0.1366464494404091,0.0011957174747539664,1.417913849193956,9.648370534095618e-05,-0.00013069943062112875,0.00016293835270025703,1.458231188913847,0.12830188679245283,0.44082628588376577,0.0012174311485959968,0.2596245211780522,0.17003171699411343,0.314319447861373,0.17771048817967214,1.7585354547980272,0.30030426588418013
dwell_r7_xi_0.1_p+0_Nd4001_dt1,main,dwell,7,xi_0.1,0,4001,1.0,2.5350000000000003e-06,0.07321886766113006,24.357519421999314,1459,731,728,253.6388508891929,254.40724,0.0364,0.1,static,0.029482351065081572,0.017082682066533045,0.0013487480127464546,1.3662863992581509,9.763277654917726e-05,8.783223499408884e-08,8.366501891377055e-06,1.9999984010576786,0.0,0.18005592984872784,0.00016101518408343082,,,,,1.7585354547980272,-0.24146294625965137
dwell_r7_xi_0.1_p+0_Nd4001_dt1,main,dwell,7,xi_0.1,0,4001,1.0,2.5350000000000003e-06,0.07321886766113006,24.357519421999314,1459,731,728,253.6388508891929,254.40724,0.0364,0.1,static_lti,0.10674611039149143,0.021014316597381146,0.0013665892605488304,1.4166611371776023,0.00010256160529474313,-4.34565183478733e-06,5.65028810254339e-05,1.9645896239113074,0.0037735849056603774,0.28107519948179643,0.0004110760324992575,,,,,1.7585354547980272,-0.20605416911328023
dwell_r7_xi_0.1_p+0_Nd4001_dt1,main,dwell,7,xi_0.1,0,4001,1.0,2.5350000000000003e-06,0.07321886766113006,24.357519421999314,1459,731,728,253.6388508891929,254.40724,0.0364,0.1,static_mh,0.07325294799358462,0.05900356096729063,0.001349773831152633,1.365567335082445,9.97660973546211e-05,-3.647696979769672e-05,3.27380286841386e-05,1.9949125951352094,0.0,0.2661202112279293,0.0004160525195068038,,,,,1.7585354547980272,-0.23637714033718216
dwell_r7_xi_0.1_p+0_Nd4001_dt1,main,dwell,7,xi_0.1,0,4001,1.0,2.5350000000000003e-06,0.07321886766113006,24.357519421999314,1459,731,728,253.6388508891929,254.40724,0.0364,0.1,static_lti_mh,0.10907271110152178,0.02243639453126248,0.001366931940935423,1.4166426473136235,0.00010269372618753326,-4.087511266945071e-05,5.7457234450699295e-05,1.9632476900542164,0.007547169811320755,0.28114834853383097,0.0004268003482429368,,,,,1.7585354547980272,-0.2047122352561892
dwell_r7_xi_0.1_p+0_Nd4001_dt1,main,dwell,7,xi_0.1,0,4001,1.0,2.5350000000000003e-06,0.07321886766113006,24.357519421999314,1459,731,728,253.6388508891929,254.40724,0.0364,0.1,linear,0.11589678273134237,0.009956916205550613,0.0018018775873616581,1.2715332265761259,0.00013576715061774608,-6.92836330896633e-06,9.666977272867787e-05,1.7585354547980272,0.07924528301886792,0.2977024530432775,0.0004690814230027569,,,,,1.7585354547980272,0.0
dwell_r7_xi_0.25_p+0_Nd4001_dt1,main,dwell,7,xi_0.25,0,4001,1.0,2.5350000000000003e-06,0.07321886766113006,24.687472767000145,1459,293,1166,632.7986348122867,605.90671,0.0583,0.25,atomic,0.27817969108105034,0.17895124406161994,0.001032151612502113,1.4562701845000587,8.381654838214534e-05,-0.00010383305160206026,0.00015458429291490228,1.6549948270681183,0.06037735849056604,0.44353199581465097,0.0010284450122304547,0.2337849828145182,0.18306663529465914,0.2539754742404903,0.18563314566407632,1.932083719447869,0.27708889237975076
dwell_r7_xi_0.25_p+0_Nd4001_dt1,main,dwell,7,xi_0.25,0,4001,1.0,2.5350000000000003e-06,0.07321886766113006,24.687472767000145,1459,293,1166,632.7986348122867,605.90671,0.0583,0.25,static,0.030301907315568238,0.024853554459254343,0.0013419215334432063,1.3693282485565115,9.790825659196325e-05,5.587861463165673e-08,5.7160671618747944e-06,1.9999996902454484,0.0,0.17278102145245558,0.00017530290328970026,,,,,1.932083719447869,-0.06791597079757938
dwell_r7_xi_0.25_p+0_Nd4001_dt1,main,dwell,7,xi_0.25,0,4001,1.0,2.5350000000000003e-06,0.07321886766113006,24.687472767000145,1459,293,1166,632.7986348122867,605.90671,0.0583,0.25,static_lti,0.08465140480548705,0.029717120909108986,0.0013379733137902682,1.397678487518336,0.00010015156236360764,4.240460386937802e-06,3.744332943801437e-05,1.9952811778637058,0.0,0.21862398196592642,0.0002539905795223521,,,,,1.932083719447869,-0.0631974584158368
dwell_r7_xi_0.25_p+0_Nd4001_dt1,main,dwell,7,xi_0.25,0,4001,1.0,2.5350000000000003e-06,0.07321886766113006,24.687472767000145,1459,293,1166,632.7986348122867,605.90671,0.0583,0.25,static_mh,0.046276712137563555,0.04045185925946149,0.0013407171923728515,1.371147506134745,9.856601392028156e-05,-3.648398371756546e-05,4.9808459315512465e-05,1.9999791614863818,0.0,0.21632363974260022,0.00023861812016836702,,,,,1.932083719447869,-0.06789544203851272
dwell_r7_xi_0.25_p+0_Nd4001_dt1,main,dwell,7,xi_0.25,0,4001,1.0,2.5350000000000003e-06,0.07321886766113006,24.687472767000145,1459,293,1166,632.7986348122867,605.90671,0.0583,0.25,static_lti_mh,0.0854294100056583,0.03038199875604085,0.0013377763243507576,1.3976259342730657,0.0001001705744461818,-3.234911993839726e-05,4.221061629685482e-05,1.9966924778406268,0.0,0.2208877409278979,0.0002577397593141267,,,,,1.932083719447869,-0.0646087583927577
dwell_r7_xi_0.25_p+0_Nd4001_dt1,main,dwell,7,xi_0.25,0,4001,1.0,2.5350000000000003e-06,0.07321886766113006,24.687472767000145,1459,293,1166,632.7986348122867,605.90671,0.0583,0.25,linear,0.06895565923845118,0.008245890328501117,0.00175360502174836,1.2478774445314011,0.00013029041991528804,7.777520627374071e-06,6.124147004983813e-05,1.932083719447869,0.007547169811320755,0.19521892692181692,0.0001822071002142903,,,,,1.932083719447869,0.0
dwell_r7_xi_0.5_p+0_Nd4001_dt1,main,dwell,7,xi_0.5,0,4001,1.0,2.5350000000000003e-06,0.07321886766113006,25.920060435999403,1459,146,1313,1269.9315068493152,1196.56055,0.06565,0.5,atomic,0.2655966341853821,0.18119409320167817,0.001048475479422049,1.464548551977695,8.48752953952995e-05,-8.793279233392525e-05,0.00015441093770785725,1.840188723863507,0.018867924528301886,0.4127817841289916,0.0009858482166121947,0.21513294948270267,0.17083831639735964,0.2223715709260721,0.1718228099988657,1.9966725410033186,0.15648381713981152
dwell_r7_xi_0.5_p+0_Nd4001_dt1,main,dwell,7,xi_0.5,0,4001,1.0,2.5350000000000003e-06,0.07321886766113006,25.920060435999403,1459,146,1313,1269.9315068493152,1196.56055,0.06565,0.5,static,0.030534044847537637,0.028418565785697607,0.0013418474826061796,1.3703125885642655,9.804879132728402e-05,1.3168887596482612e-07,4.574042407836314e-06,1.999999998698478,0.0,0.171381048257277,0.00017232278550014988,,,,,1.9966725410033186,-0.003327457695159408
dwell_r7_xi_0.5_p+0_Nd4001_dt1,main,dwell,7,xi_0.5,0,4001,1.0,2.5350000000000003e-06,0.07321886766113006,25.920060435999403,1459,146,1313,1269.9315068493152,1196.56055,0.06565,0.5,static_lti,0.07468983300180206,0.03194586164635153,0.0013309525158463782,1.3933529033554581,9.93102953200979e-05,-4.1454671907393896e-07,2.9436809495887233e-05,1.9999664419678855,0.0,0.19218263510776862,0.0002633320867229207,,,,,1.9966725410033186,-0.0032939009645669426
dwell_r7_xi_0.5_p+0_Nd4001_dt1,main,dwell,7,xi_0.5,0,4001,1.0,2.5350000000000003e-06,0.07321886766113006,25.920060435999403,1459,146,1313,1269.9315068493152,1196.56055,0.06565,0.5,static_mh,0.03775384282502022,0.03567464740004682,0.0013427647437964897,1.3703134074328298,9.846093890887415e-05,-3.6610372323570646e-05,5.2858141214738526e-05,1.9999996774446953,0.0,0.1875299815482742,0.00020891442223035272,,,,,1.9966725410033186,-0.0033271364413767213
dwell_r7_xi_0.5_p+0_Nd4001_dt1,main,dwell,7,xi_0.5,0,4001,1.0,2.5350000000000003e-06,0.07321886766113006,25.920060435999403,1459,146,1313,1269.9315068493152,1196.56055,0.06565,0.5,static_lti_mh,0.07503866031874702,0.03238649014235787,0.0013309792808910727,1.3933285666839264,9.932883913407459e-05,-3.7194725158913416e-05,3.811549026239024e-05,1.9999879691455011,0.0,0.19331735064865366,0.00026176187242307525,,,,,1.9966725410033186,-0.0033154281421825527
dwell_r7_xi_0.5_p+0_Nd4001_dt1,main,dwell,7,xi_0.5,0,4001,1.0,2.5350000000000003e-06,0.07321886766113006,25.920060435999403,1459,146,1313,1269.9315068493152,1196.56055,0.06565,0.5,linear,0.052697458259367336,0.005748209824471908,0.0017408382725749728,1.2415134429006291,0.00012855527344288366,1.698902294179377e-07,4.688100259219201e-05,1.9966725410033186,0.0,0.13170637141933422,0.00012961740450730122,,,,,1.9966725410033186,0.0
dwell_r7_xi_1_p+0_Nd4001_dt1,main,dwell,7,xi_1,0,4001,1.0,2.5350000000000003e-06,0.07321886766113006,25.266520907000086,1459,73,1386,2539.8630136986303,2373.85055,0.0693,1,atomic,0.33018004722611594,0.2413543772570624,0.0010130567932389917,1.4767258307798246,8.422930829250998e-05,-6.311208949440283e-05,0.00014950494490799902,1.3383311040310062,0.052830188679245285,0.5519070140544547,0.0013190308578088885,0.22957938934241556,0.18993965911268623,0.23293685978732398,0.19023665648556523,1.999183701184511,0.6608525971535049
dwell_r7_xi_1_p+0_Nd4001_dt1,main,dwell,7,xi_1,0,4001,1.0,2.5350000000000003e-06,0.07321886766113006,25.266520907000086,1459,73,1386,2539.8630136986303,2373.85055,0.0693,1,static,0.030789711947632456,0.02998039667119867,0.0013397486142734678,1.3707011947430674,9.809970303233312e-05,-7.890657405273042e-09,4.039007859744397e-06,1.9999999394198775,0.0,0.18931594147505482,0.00017378376449870197,,,,,1.999183701184511,-0.0008162382353664732
dwell_r7_xi_1_p+0_Nd4001_dt1,main,dwell,7,xi_1,0,4001,1.0,2.5350000000000003e-06,0.07321886766113006,25.266520907000086,1459,73,1386,2539.8630136986303,2373.85055,0.0693,1,static_lti,0.07171471210211998,0.03300806729402166,0.0013236706516971226,1.3897880818073767,9.88283130587062e-05,-1.2287747048496385e-07,2.5974130532996666e-05,1.999978889139825,0.0,0.20042323416987728,0.00021158609962597738,,,,,1.999183701184511,-0.0007951879553138586
dwell_r7_xi_1_p+0_Nd4001_dt1,main,dwell,7,xi_1,0,4001,1.0,2.5350000000000003e-06,0.07321886766113006,25.266520907000086,1459,73,1386,2539.8630136986303,2373.85055,0.0693,1,static_mh,0.03449797606990473,0.03371144778988011,0.0013408330824280017,1.370810320971315,9.835690648476634e-05,-3.6691133130952875e-05,5.468276825222557e-05,1.9999997522295636,0.0,0.19803462223043466,0.0001902664440762447,,,,,1.999183701184511,-0.0008160510450525571
dwell_r7_xi_1_p+0_Nd4001_dt1,main,dwell,7,xi_1,0,4001,1.0,2.5350000000000003e-06,0.07321886766113006,25.266520907000086,1459,73,1386,2539.8630136986303,2373.85055,0.0693,1,static_lti_mh,0.07197189774777815,0.03334656036386279,0.001323626848692683,1.3896404642662932,9.883721862398512e-05,-3.660468911663638e-05,4.069285347849967e-05,1.9999621332686557,0.0,0.20125276399640732,0.00021555132133783462,,,,,1.999183701184511,-0.0007784320841446313
dwell_r7_xi_1_p+0_Nd4001_dt1,main,dwell,7,xi_1,0,4001,1.0,2.5350000000000003e-06,0.07321886766113006,25.266520907000086,1459,73,1386,2539.8630136986303,2373.85055,0.0693,1,linear,0.04416336477261221,0.0048431373237201045,0.0017303942303025835,1.2377691001547328,0.00012752342158518188,-9.70986607293585e-08,3.959263644215134e-05,1.999183701184511,0.0,0.1216077209256607,8.063210311915495e-05,,,,,1.999183701184511,0.0
dwell_r7_xi_2_p+0_Nd4001_dt1,main,dwell,7,xi_2,0,4001,1.0,2.5350000000000003e-06,0.07321886766113006,25.512528622999525,1459,37,1422,5011.081081081081,4664.79323,0.0711,2,atomic,0.4153587797768046,0.311142048625447,0.0009622660422209763,1.4718613117653783,8.291049358428753e-05,-4.9446041595242374e-05,0.000145846302623298,1.6752794908423096,0.06037735849056604,0.5967085827980378,0.001870872329611704,0.25123172212528566,0.2100428488692567,0.2526014959329473,0.21016546616592466,1.9953070580367733,0.3200275671944637
dwell_r7_xi_2_p+0_Nd4001_dt1,main,dwell,7,xi_2,0,4001,1.0,2.5350000000000003e-06,0.07321886766113006,25.512528622999525,1459,37,1422,5011.081081081081,4664.79323,0.0711,2,static,0.03071341852952012,0.03051306036341373,0.0013385933068076694,1.372338875750586,9.847764398868615e-05,1.4845902630571128e-08,3.741808697890372e-06,1.9999996584573285,0.0,0.17375160509680507,0.00018086490192734613,,,,,1.9953070580367733,-0.004692600420555193
dwell_r7_xi_2_p+0_Nd4001_dt1,main,dwell,7,xi_2,0,4001,1.0,2.5350000000000003e-06,0.07321886766113006,25.512528622999525,1459,37,1422,5011.081081081081,4664.79323,0.0711,2,static_lti,0.06689055830377426,0.03257349900077639,0.0013283613530479716,1.3905736659151569,9.942515484409389e-05,1.0734346682605903e-06,2.4459355311680598e-05,1.9993727912691406,0.0,0.1864847898988778,0.00021135935814700808,,,,,1.9953070580367733,-0.004065733232367252
dwell_r7_xi_2_p+0_Nd4001_dt1,main,dwell,7,xi_2,0,4001,1.0,2.5350000000000003e-06,0.07321886766113006,25.512528622999525,1459,37,1422,5011.081081081081,4664.79323,0.0711,2,static_mh,0.03283198191880312,0.03262335286548675,0.0013392227991870175,1.3727644611522902,9.862415854046897e-05,-3.631370874477212e-05,5.555361073411079e-05,1.99999995770009,0.0,0.17733935534024256,0.00018895578107262166,,,,,1.9953070580367733,-0.004692899663316652
dwell_r7_xi_2_p+0_Nd4001_dt1,main,dwell,7,xi_2,0,4001,1.0,2.5350000000000003e-06,0.07321886766113006,25.512528622999525,1459,37,1422,5011.081081081081,4664.79323,0.0711,2,static_lti_mh,0.06718608727680868,0.03279945081317733,0.0013284053321923135,1.3905314360749148,9.944199958969473e-05,-3.5256226708342694e-05,4.605083154303055e-05,1.9985338771267869,0.0,0.18674898800929757,0.00021516391032174562,,,,,1.9953070580367733,-0.003226819090013544
dwell_r7_xi_2_p+0_Nd4001_dt1,main,dwell,7,xi_2,0,4001,1.0,2.5350000000000003e-06,0.07321886766113006,25.512528622999525,1459,37,1422,5011.081081081081,4664.79323,0.0711,2,linear,0.04011089833145055,0.004004551703493987,0.0017391743127257067,1.2359928286128024,0.00012855422465138505,1.8421002053868136e-06,3.6971693947293274e-05,1.9953070580367733,0.0037735849056603774,0.09646958025901575,5.805311547636441e-05,,,,,1.9953070580367733,0.0
dwell_r7_xi_4_p+0_Nd4001_dt1,main,dwell,7,xi_4,0,4001,1.0,2.5350000000000003e-06,0.07321886766113006,38.45055286100069,1459,18,1441,10300.555555555555,9568.40055,0.07205,4,atomic,0.49474650705371165,0.3613795592883732,0.0008900457660880283,1.4747911233884392,7.88403011982527e-05,-4.36447605795493e-05,0.0001217011434693881,1.56457761634922,0.05660377358490566,0.6614968393448499,0.002197443800986634,0.25438409596915285,0.21131649012536574,0.2546910345972683,0.2112719954225737,1.9999999999999978,0.4354223836507778
dwell_r7_xi_4_p+0_Nd4001_dt1,main,dwell,7,xi_4,0,4001,1.0,2.5350000000000003e-06,0.07321886766113006,38.45055286100069,1459,18,1441,10300.555555555555,9568.40055,0.07205,4,static,0.030855424910016235,0.030752522972784933,0.001337753361851094,1.3716158937786234,9.843967234021682e-05,1.1349406804837375e-07,3.4852504114948376e-06,1.9999999996374862,0.0,0.18461863862934105,0.0001773300068193026,,,,,1.9999999999999978,3.625115763128406e-10
dwell_r7_xi_4_p+0_Nd4001_dt1,main,dwell,7,xi_4,0,4001,1.0,2.5350000000000003e-06,0.07321886766113006,38.45055286100069,1459,18,1441,10300.555555555555,9568.40055,0.07205,4,static_lti,0.06782764304625293,0.03258087259321673,0.0013257766105022172,1.3899075818056006,9.929488813098922e-05,6.077571156032016e-07,2.2574163411587062e-05,1.9999999492281808,0.0,0.19585626964776856,0.00020737860533933007,,,,,1.9999999999999978,5.0771816972883244e-08
dwell_r7_xi_4_p+0_Nd4001_dt1,main,dwell,7,xi_4,0,4001,1.0,2.5350000000000003e-06,0.07321886766113006,38.45055286100069,1459,18,1441,10300.555555555555,9568.40055,0.07205,4,static_mh,0.032041969919039334,0.03194110260987021,0.0013373608519485901,1.3711977685220642,9.846827406764302e-05,-3.620234690412271e-05,5.5889238114779955e-05,1.99999999454575,0.0,0.18585567644114712,0.00017861167258092372,,,,,1.9999999999999978,5.454247720138028e-09
dwell_r7_xi_4_p+0_Nd4001_dt1,main,dwell,7,xi_4,0,4001,1.0,2.5350000000000003e-06,0.07321886766113006,38.45055286100069,1459,18,1441,10300.555555555555,9568.40055,0.07205,4,static_lti_mh,0.06818971480293523,0.03292756851227691,0.0013256910861310543,1.389867555935184,9.93052246551689e-05,-3.5751464938289424e-05,5.250084693244714e-05,1.9999999459409201,0.0,0.1959542367897461,0.00020895512327816286,,,,,1.9999999999999978,5.40590776587635e-08
dwell_r7_xi_4_p+0_Nd4001_dt1,main,dwell,7,xi_4,0,4001,1.0,2.5350000000000003e-06,0.07321886766113006,38.45055286100069,1459,18,1441,10300.555555555555,9568.40055,0.07205,4,linear,0.039120503536437756,0.0037247799396488367,0.0017352812384306697,1.2362008336457964,0.0001282348864603193,1.4678690840247537e-06,3.297295415497012e-05,1.9999999999999978,0.0,0.09866710597839737,5.005774651588775e-05,,,,,1.9999999999999978,0.0
dwell_r7_xi_0.05_p+6_Nd4001_dt1,main,dwell,7,xi_0.05,6,4001,1.0,2.5350000000000003e-06,0.07321886766113006,27.658012243000485,1459,1459,0,127.08019191226867,137.08073,0.0,0.05,atomic,1.6608690902790406,0.5686050923330349,0.0005459893035431396,1.7381372482885649,0.00012285276242930167,0.0003322362198086958,0.0002894952114186261,0.39874095327883713,0.4528301886792453,1.2468822021477113,0.03005078726673788,0.838437929135258,0.9170617255980307,0.879653823481946,0.9550330024765795,1.5414175754455737,1.1426766221667366
dwell_r7_xi_0.05_p+6_Nd4001_dt1,main,dwell,7,xi_0.05,6,4001,1.0,2.5350000000000003e-06,0.07321886766113006,27.658012243000485,1459,1459,0,127.08019191226867,137.08073,0.0,0.05,static,0.3967269566721583,0.12061163396336533,0.0007236993061406795,1.5576933136147424,0.0001180804753064501,2.3473623486482354e-07,1.2989982664677902e-05,1.9330265067713213,0.0,0.6369760181368253,0.0073640307797470245,,,,,1.5414175754455737,-0.3916089313257476
dwell_r7_xi_0.05_p+6_Nd4001_dt1,main,dwell,7,xi_0.05,6,4001,1.0,2.5350000000000003e-06,0.07321886766113006,27.658012243000485,1459,1459,0,127.08019191226867,137.08073,0.0,0.05,static_lti,0.7283156394948369,0.13861846030111735,0.0006816079206510864,1.5901897716397984,0.00012369551845081445,1.4712605293153881e-06,8.288486517499903e-05,1.7685954856058395,0.0,0.8459057098105546,0.012782529656354433,,,,,1.5414175754455737,-0.22717791016026578
dwell_r7_xi_0.05_p+6_Nd4001_dt1,main,dwell,7,xi_0.05,6,4001,1.0,2.5350000000000003e-06,0.07321886766113006,27.658012243000485,1459,1459,0,127.08019191226867,137.08073,0.0,0.05,static_mh,2.3130614502832887,1.6126651924072153,0.000714001698195489,1.5582926838405207,0.00017931509290155793,2.1184115512191713e-05,7.026270511618445e-05,0.5399827561955945,0.2943396226415094,1.5740219931959913,0.04944991971980296,,,,,1.5414175754455737,1.0014348192499791
dwell_r7_xi_0.05_p+6_Nd4001_dt1,main,dwell,7,xi_0.05,6,4001,1.0,2.5350000000000003e-06,0.07321886766113006,27.658012243000485,1459,1459,0,127.08019191226867,137.08073,0.0,0.05,static_lti_mh,0.7976741398366071,0.17985719892481764,0.0006813714680538249,1.5891354114152436,0.00012610045762421836,2.2421920038993457e-05,8.743511720522277e-05,1.6558368917043618,0.022641509433962263,0.871285197751599,0.014807114872849372,,,,,1.5414175754455737,-0.1144193162587881
dwell_r7_xi_0.05_p+6_Nd4001_dt1,main,dwell,7,xi_0.05,6,4001,1.0,2.5350000000000003e-06,0.07321886766113006,27.658012243000485,1459,1459,0,127.08019191226867,137.08073,0.0,0.05,linear,0.17767883257613734,0.00980611854503193,0.001832347899349256,1.2936633717822166,0.0002743731371111489,5.792361916084063e-06,0.0002927772275482205,1.5414175754455737,0.16981132075471697,0.41023181757173394,0.0031076520159085785,,,,,1.5414175754455737,0.0
dwell_r7_xi_0.1_p+6_Nd4001_dt1,main,dwell,7,xi_0.1,6,4001,1.0,2.5350000000000003e-06,0.07321886766113006,25.570185241000218,1459,731,728,253.6388508891929,254.40724,0.0364,0.1,atomic,1.071642655954351,0.41108970263543015,0.0005129723500972519,1.7783423692951987,0.00010504231831967799,0.0003058269266217855,0.00029177594856066136,0.695697316157227,0.25660377358490566,0.9175535949198356,0.017916622892219906,0.7738545776647258,0.8441997220020205,0.8895220529424526,0.8749689243367977,1.7596765273765609,1.0639792112193338
dwell_r7_xi_0.1_p+6_Nd4001_dt1,main,dwell,7,xi_0.1,6,4001,1.0,2.5350000000000003e-06,0.07321886766113006,25.570185241000218,1459,731,728,253.6388508891929,254.40724,0.0364,0.1,static,0.5853957061837161,0.2515002719021908,0.0006660602043011823,1.5991662983460655,0.00011937296989861049,-2.294822270495927e-07,7.929273521320578e-06,1.814812654073404,0.0,0.7873676860158008,0.012538135028593328,,,,,1.7596765273765609,-0.05513612669684309
dwell_r7_xi_0.1_p+6_Nd4001_dt1,main,dwell,7,xi_0.1,6,4001,1.0,2.5350000000000003e-06,0.07321886766113006,25.570185241000218,1459,731,728,253.6388508891929,254.40724,0.0364,0.1,static_lti,0.8525247858629578,0.2773390306237642,0.0006366279226277499,1.6258108740479016,0.00012332753247466205,1.6915764083197856e-06,5.134675556341472e-05,1.6209439014423468,0.0037735849056603774,0.9270121184899103,0.017547271598719168,,,,,1.7596765273765609,0.1387326259342141
dwell_r7_xi_0.1_p+6_Nd4001_dt1,main,dwell,7,xi_0.1,6,4001,1.0,2.5350000000000003e-06,0.07321886766113006,25.570185241000218,1459,731,728,253.6388508891929,254.40724,0.0364,0.1,static_mh,1.4408737221928603,0.8950736040332878,0.0006663304894339291,1.5936408499553976,0.00014814418226521237,2.0552172103967158e-05,0.00013738566088260208,0.8916420884352623,0.18867924528301888,1.2831897493237625,0.03929340710494247,,,,,1.7596765273765609,0.8680344389412986
dwell_r7_xi_0.1_p+6_Nd4001_dt1,main,dwell,7,xi_0.1,6,4001,1.0,2.5350000000000003e-06,0.07321886766113006,25.570185241000218,1459,731,728,253.6388508891929,254.40724,0.0364,0.1,static_lti_mh,0.8858044804062368,0.30279815230186996,0.0006364663104172306,1.6273136911198107,0.00012439676259801315,2.262246181097346e-05,7.30307071703893e-05,1.5636743054316544,0.026415094339622643,0.9509995348282845,0.018582865018873147,,,,,1.7596765273765609,0.19600222194490646
dwell_r7_xi_0.1_p+6_Nd4001_dt1,main,dwell,7,xi_0.1,6,4001,1.0,2.5350000000000003e-06,0.07321886766113006,25.570185241000218,1459,731,728,253.6388508891929,254.40724,0.0364,0.1,linear,0.115896782731285,0.009956916205551367,0.001801877587361915,1.271533226576158,0.00027089107923829295,-1.382390221479087e-05,0.00019288155452213887,1.7596765273765609,0.07924528301886792,0.29645449495923065,0.0018494404295979442,,,,,1.7596765273765609,0.0
dwell_r7_xi_0.25_p+6_Nd4001_dt1,main,dwell,7,xi_0.25,6,4001,1.0,2.5350000000000003e-06,0.07321886766113006,30.641199825000513,1459,293,1166,632.7986348122867,605.90671,0.0583,0.25,atomic,0.9491607505606818,0.41891265747015605,0.0004619187542243809,1.875005069705518,9.242379744194349e-05,0.0003450599731870027,0.0003778160891084953,0.9818258936151117,0.18490566037735848,0.8874108531217496,0.01614055789587465,0.6621257865586033,0.6979040887004844,0.7549599010870605,0.714670001107321,1.9362281150042635,0.9544022213891518
dwell_r7_xi_0.25_p+6_Nd4001_dt1,main,dwell,7,xi_0.25,6,4001,1.0,2.5350000000000003e-06,0.07321886766113006,30.641199825000513,1459,293,1166,632.7986348122867,605.90671,0.0583,0.25,static,0.6372006970793768,0.4609235601221153,0.0006526070330050043,1.6086319581842508,0.00011974306147877741,2.5274239247780045e-07,5.507528018630083e-06,1.8166341975537552,0.0,0.7338414496914636,0.012029559077631513,,,,,1.9362281150042635,0.11959391745050829
dwell_r7_xi_0.25_p+6_Nd4001_dt1,main,dwell,7,xi_0.25,6,4001,1.0,2.5350000000000003e-06,0.07321886766113006,30.641199825000513,1459,293,1166,632.7986348122867,605.90671,0.0583,0.25,static_lti,0.7734042627615253,0.5061120091401831,0.0006375316641542634,1.6282235169079768,0.0001217433480789383,-2.851539700462728e-06,3.334553813976955e-05,1.7392630964768452,0.01509433962264151,0.767532067881836,0.013393879851897028,,,,,1.9362281150042635,0.19696501852741832
dwell_r7_xi_0.25_p+6_Nd4001_dt1,main,dwell,7,xi_0.25,6,4001,1.0,2.5350000000000003e-06,0.07321886766113006,30.641199825000513,1459,293,1166,632.7986348122867,605.90671,0.0583,0.25,static_mh,1.0102039312136857,0.787348468258989,0.0006534791884402154,1.6191428260646972,0.00013281294754681792,2.122419716559884e-05,0.00021161375063182602,1.259009308202189,0.10943396226415095,0.9130517832860254,0.015973009827196624,,,,,1.9362281150042635,0.6772188068020746
dwell_r7_xi_0.25_p+6_Nd4001_dt1,main,dwell,7,xi_0.25,6,4001,1.0,2.5350000000000003e-06,0.07321886766113006,30.641199825000513,1459,293,1166,632.7986348122867,605.90671,0.0583,0.25,static_lti_mh,0.7847678406940478,0.5158774847546742,0.0006387796919289364,1.627703495237684,0.00012237862931506328,1.790194324689521e-05,8.601352569860839e-05,1.7083766007345287,0.022641509433962263,0.7671110772042193,0.013408102484212321,,,,,1.9362281150042635,0.22785151426973482
dwell_r7_xi_0.25_p+6_Nd4001_dt1,main,dwell,7,xi_0.25,6,4001,1.0,2.5350000000000003e-06,0.07321886766113006,30.641199825000513,1459,293,1166,632.7986348122867,605.90671,0.0583,0.25,linear,0.06895565923843475,0.008245890328500913,0.0017536050217485276,1.2478774445314171,0.0002599635648584456,1.5518193811691627e-05,0.00012219279730373673,1.9362281150042635,0.007547169811320755,0.19239097747309677,0.0006913663236605727,,,,,1.9362281150042635,0.0
dwell_r7_xi_0.5_p+6_Nd4001_dt1,main,dwell,7,xi_0.5,6,4001,1.0,2.5350000000000003e-06,0.07321886766113006,28.06230524000057,1459,146,1313,1269.9315068493152,1196.56055,0.06565,0.5,atomic,0.9887868326732181,0.5125435403226922,0.0004939248875490527,1.8245616060544565,9.999130041652897e-05,0.00028665181407606325,0.0004036596990741861,1.0538944835087483,0.12452830188679245,0.7314750467412131,0.01329441966401927,0.5619022689190821,0.5770608663472957,0.6237328482713254,0.5884573100347101,1.9969375826869766,0.9430430991782284
dwell_r7_xi_0.5_p+6_Nd4001_dt1,main,dwell,7,xi_0.5,6,4001,1.0,2.5350000000000003e-06,0.07321886766113006,28.06230524000057,1459,146,1313,1269.9315068493152,1196.56055,0.06565,0.5,static,0.6557954386721143,0.5816847900809914,0.0006483560834474201,1.6136053590808572,0.00011986598964072686,2.0235789052088035e-08,4.326343530846365e-06,1.7691566304951416,0.0,0.7489327364477942,0.013875979771633596,,,,,1.9969375826869766,0.22778095219183503
dwell_r7_xi_0.5_p+6_Nd4001_dt1,main,dwell,7,xi_0.5,6,4001,1.0,2.5350000000000003e-06,0.07321886766113006,28.06230524000057,1459,146,1313,1269.9315068493152,1196.56055,0.06565,0.5,static_lti,0.749301043727942,0.6188227085987345,0.0006385484500854886,1.6305158946990064,0.00012133601961201688,-9.354056782587574e-07,2.67573326997731e-05,1.7221842719519362,0.0037735849056603774,0.774930766881872,0.014707110967286711,,,,,1.9969375826869766,0.2747533107350404
dwell_r7_xi_0.5_p+6_Nd4001_dt1,main,dwell,7,xi_0.5,6,4001,1.0,2.5350000000000003e-06,0.07321886766113006,28.06230524000057,1459,146,1313,1269.9315068493152,1196.56055,0.06565,0.5,static_mh,0.8743902240807434,0.7926719169654245,0.0006512995815605,1.6138812217304743,0.00012810611759357933,2.01512471001697e-05,0.00022432010310551896,1.4899388894524344,0.04905660377358491,0.87040153977912,0.017658692807893624,,,,,1.9969375826869766,0.5069986932345423
dwell_r7_xi_0.5_p+6_Nd4001_dt1,main,dwell,7,xi_0.5,6,4001,1.0,2.5350000000000003e-06,0.07321886766113006,28.06230524000057,1459,146,1313,1269.9315068493152,1196.56055,0.06565,0.5,static_lti_mh,0.7586856275947241,0.6276190168499234,0.0006382846997828081,1.6303864400393617,0.00012161174893603802,1.9034211199223614e-05,0.00010244305611767254,1.7085654580346803,0.007547169811320755,0.7792232657769719,0.015058558005350683,,,,,1.9969375826869766,0.28837212465229634
dwell_r7_xi_0.5_p+6_Nd4001_dt1,main,dwell,7,xi_0.5,6,4001,1.0,2.5350000000000003e-06,0.07321886766113006,28.06230524000057,1459,146,1313,1269.9315068493152,1196.56055,0.06565,0.5,linear,0.05269745825936197,0.0057482098244742265,0.0017408382725751196,1.2415134429006316,0.00025650149249110575,3.38975572439624e-07,9.35398977601615e-05,1.9969375826869766,0.0,0.12668239265001746,0.0004912656610058476,,,,,1.9969375826869766,0.0
dwell_r7_xi_1_p+6_Nd4001_dt1,main,dwell,7,xi_1,6,4001,1.0,2.5350000000000003e-06,0.07321886766113006,25.78540284399969,1459,73,1386,2539.8630136986303,2373.85055,0.0693,1,atomic,1.0627399276723366,0.6012371532942816,0.00048541228438020337,1.814545275677194,0.00010021968743567812,0.00021607374467403836,0.0004057527407962026,0.9786898456186864,0.12830188679245283,0.9207359249967109,0.01828244905829682,0.4851928930986495,0.48895133741577923,0.5314568974480774,0.49477510908156197,1.9989299326485377,1.0202400870298511
dwell_r7_xi_1_p+6_Nd4001_dt1,main,dwell,7,xi_1,6,4001,1.0,2.5350000000000003e-06,0.07321886766113006,25.78540284399969,1459,73,1386,2539.8630136986303,2373.85055,0.0693,1,static,0.6696996775183716,0.6401980944445657,0.0006454062332438467,1.6142864576259037,0.00011995184098426666,-1.3921338187912416e-08,3.749744071333708e-06,1.7480424491043232,0.0,0.8350154262530314,0.013992641953511707,,,,,1.9989299326485377,0.25088748354421453
dwell_r7_xi_1_p+6_Nd4001_dt1,main,dwell,7,xi_1,6,4001,1.0,2.5350000000000003e-06,0.07321886766113006,25.78540284399969,1459,73,1386,2539.8630136986303,2373.85055,0.0693,1,static_lti,0.7490991488475993,0.659752094188053,0.0006367331542175956,1.6285772701469121,0.0001211171820966054,8.602135009334834e-08,2.3479586701293064e-05,1.7314693068512668,0.0037735849056603774,0.8413231713373917,0.01409350018897976,,,,,1.9989299326485377,0.2674606257972709
dwell_r7_xi_1_p+6_Nd4001_dt1,main,dwell,7,xi_1,6,4001,1.0,2.5350000000000003e-06,0.07321886766113006,25.78540284399969,1459,73,1386,2539.8630136986303,2373.85055,0.0693,1,static_mh,0.8145575639518234,0.784011528626118,0.000645878072065197,1.6137111350658992,0.00012513892916464725,2.0396006905045802e-05,0.00023104812315029866,1.5657607836028629,0.022641509433962263,0.9014518946494701,0.016924963502826074,,,,,1.9989299326485377,0.43316914904567483
dwell_r7_xi_1_p+6_Nd4001_dt1,main,dwell,7,xi_1,6,4001,1.0,2.5350000000000003e-06,0.07321886766113006,25.78540284399969,1459,73,1386,2539.8630136986303,2373.85055,0.0693,1,static_lti_mh,0.754212830716032,0.6652823100680009,0.0006368316896581212,1.6289107838025956,0.0001213135709498362,2.133605539704326e-05,0.00013372742094581568,1.7110467305558152,0.007547169811320755,0.8402648921912869,0.014443696602138425,,,,,1.9989299326485377,0.28788320209272245
dwell_r7_xi_1_p+6_Nd4001_dt1,main,dwell,7,xi_1,6,4001,1.0,2.5350000000000003e-06,0.07321886766113006,25.78540284399969,1459,73,1386,2539.8630136986303,2373.85055,0.0693,1,linear,0.04416336477261154,0.004843137323719702,0.0017303942303026983,1.2377691001547317,0.00025444267736480245,-1.9373729858561804e-07,7.899769544328781e-05,1.9989299326485377,0.0,0.11700538247214617,0.0002956291879607513,,,,,1.9989299326485377,0.0
dwell_r7_xi_2_p+6_Nd4001_dt1,main,dwell,7,xi_2,6,4001,1.0,2.5350000000000003e-06,0.07321886766113006,25.991295615000126,1459,37,1422,5011.081081081081,4664.79323,0.0711,2,atomic,1.2277687633307737,0.7310587857984343,0.00046449919270115126,1.7980398329414198,0.00010018170205934882,0.00015255716417817626,0.0003805953910331552,1.2215917183882954,0.09433962264150944,0.912116634333975,0.018328162476051187,0.4036370364228888,0.39673561022425713,0.4434702507082082,0.40060493910835965,1.9997784433833778,0.7781867249950825
dwell_r7_xi_2_p+6_Nd4001_dt1,main,dwell,7,xi_2,6,4001,1.0,2.5350000000000003e-06,0.07321886766113006,25.991295615000126,1459,37,1422,5011.081081081081,4664.79323,0.0711,2,static,0.6740668196534799,0.6670571181011236,0.0006410209006089494,1.6203469372012396,0.00011989227399313777,6.108891921290731e-08,3.2322311486191223e-06,1.7437668249449008,0.0,0.7854375094884197,0.014346510534665822,,,,,1.9997784433833778,0.2560116184384771
dwell_r7_xi_2_p+6_Nd4001_dt1,main,dwell,7,xi_2,6,4001,1.0,2.5350000000000003e-06,0.07321886766113006,25.991295615000126,1459,37,1422,5011.081081081081,4664.79323,0.0711,2,static_lti,0.731580007703075,0.6830217016227279,0.0006352101383411747,1.6375221202520627,0.00012082760879219434,-3.591677095327842e-07,2.1146310552917204e-05,1.7255943347179907,0.0037735849056603774,0.7842911733042519,0.014468352108568183,,,,,1.9997784433833778,0.2741841086653871
dwell_r7_xi_2_p+6_Nd4001_dt1,main,dwell,7,xi_2,6,4001,1.0,2.5350000000000003e-06,0.07321886766113006,25.991295615000126,1459,37,1422,5011.081081081081,4664.79323,0.0711,2,static_mh,0.787369219655995,0.780084319942466,0.000641547023510217,1.6231668063341345,0.00012397892660665416,2.2069457802771307e-05,0.00023502326884066314,1.5847607685320937,0.007547169811320755,0.8385708930183432,0.017034042048906538,,,,,1.9997784433833778,0.41501767485128416
dwell_r7_xi_2_p+6_Nd4001_dt1,main,dwell,7,xi_2,6,4001,1.0,2.5350000000000003e-06,0.07321886766113006,25.991295615000126,1459,37,1422,5011.081081081081,4664.79323,0.0711,2,static_lti_mh,0.7369149888606177,0.6888736161453092,0.0006352568697620801,1.6373761541473684,0.00012102192448761609,2.164145465343287e-05,0.00017478508443334828,1.7201587628256636,0.0037735849056603774,0.7881981294835012,0.014504560312481582,,,,,1.9997784433833778,0.27961968055771425
dwell_r7_xi_2_p+6_Nd4001_dt1,main,dwell,7,xi_2,6,4001,1.0,2.5350000000000003e-06,0.07321886766113006,25.991295615000126,1459,37,1422,5011.081081081081,4664.79323,0.0711,2,linear,0.04011089833145222,0.004004551703493504,0.001739174312725756,1.2359928286127975,0.00025649939987695223,3.6754731202053052e-06,7.376822765359648e-05,1.9997784433833778,0.0,0.08918446680598323,0.0002045249626276441,,,,,1.9997784433833778,0.0
dwell_r7_xi_4_p+6_Nd4001_dt1,main,dwell,7,xi_4,6,4001,1.0,2.5350000000000003e-06,0.07321886766113006,29.216407313000673,1459,18,1441,10300.555555555555,9568.40055,0.07205,4,atomic,1.4539122865131884,0.8481839943920292,0.00043387648031940337,1.8101421546932526,9.81159717584047e-05,0.00010322176528091544,0.0003756066646866326,1.1380433654632547,0.1169811320754717,1.0808570555251011,0.024732328852257977,0.3420527812054227,0.33356032088518833,0.37409928193831,0.33589678369264425,2.0,0.8619566345367453
dwell_r7_xi_4_p+6_Nd4001_dt1,main,dwell,7,xi_4,6,4001,1.0,2.5350000000000003e-06,0.07321886766113006,29.216407313000673,1459,18,1441,10300.555555555555,9568.40055,0.07205,4,static,0.6800448353833685,0.6761966364600346,0.0006404330391897667,1.6187212139549598,0.00011990331752702021,6.99875574723781e-08,3.0597119675222657e-06,1.7274106230015254,0.0,0.8459399016458174,0.014948957070161714,,,,,2.0,0.27258937699847463
dwell_r7_xi_4_p+6_Nd4001_dt1,main,dwell,7,xi_4,6,4001,1.0,2.5350000000000003e-06,0.07321886766113006,29.216407313000673,1459,18,1441,10300.555555555555,9568.40055,0.07205,4,static_lti,0.7363728590483815,0.6820654095838369,0.0006344527767610396,1.6344193934448268,0.00012075842126493629,-7.838046489105986e-07,1.8027072719504394e-05,1.724308583067055,0.0,0.8460725652842686,0.014940393792938605,,,,,2.0,0.27569141693294497
dwell_r7_xi_4_p+6_Nd4001_dt1,main,dwell,7,xi_4,6,4001,1.0,2.5350000000000003e-06,0.07321886766113006,29.216407313000673,1459,18,1441,10300.555555555555,9568.40055,0.07205,4,static_mh,0.7825107878778511,0.7781411876908833,0.0006415505147160808,1.6200474686435344,0.0001237195598625356,2.1971738071132474e-05,0.00023659922234852,1.6306145579971698,0.007547169811320755,0.936593310595358,0.017229602716503693,,,,,2.0,0.3693854420028302
dwell_r7_xi_4_p+6_Nd4001_dt1,main,dwell,7,xi_4,6,4001,1.0,2.5350000000000003e-06,0.07321886766113006,29.216407313000673,1459,18,1441,10300.555555555555,9568.40055,0.07205,4,static_lti_mh,0.7421278691072415,0.6878912444360904,0.0006345327053636899,1.6345491502318925,0.00012097173193796948,2.0931331532294775e-05,0.00020606077227439552,1.7124286342937467,0.0037735849056603774,0.8514812878265442,0.01526939050885562,,,,,2.0,0.2875713657062533
dwell_r7_xi_4_p+6_Nd4001_dt1,main,dwell,7,xi_4,6,4001,1.0,2.5350000000000003e-06,0.07321886766113006,29.216407313000673,1459,18,1441,10300.555555555555,9568.40055,0.07205,4,linear,0.039120503536438596,0.0037247799396474958,0.0017352812384307343,1.2362008336457864,0.0002558622364185881,2.9287838666636397e-06,6.578969283860925e-05,2.0,0.0,0.0907864959771805,0.00017174488913762547,,,,,2.0,0.0
dwell_r0_xi_0.05_p-6_Nd4001_dt1,main,dwell,0,xi_0.05,-6,4001,1.0,2.5350000000000003e-06,0.07321886766113006,29.340840927998215,1459,1459,0,127.08019191226867,137.08073,0.0,0.05,atomic,0.2428818790705007,0.05532703326133048,0.0016118474890224788,1.3276410579613835,6.223661481329544e-05,-6.393043576694017e-05,9.517314781120503e-05,1.3210848122032874,0.20754716981132076,0.47401261059929384,0.00028240902039098633,0.215381823935539,0.049103127253112736,0.3070165334041916,0.03998232367121263,1.4713036882818593,0.15021887607857187
dwell_r0_xi_0.05_p-6_Nd4001_dt1,main,dwell,0,xi_0.05,-6,4001,1.0,2.5350000000000003e-06,0.07321886766113006,29.340840927998215,1459,1459,0,127.08019191226867,137.08073,0.0,0.05,static,0.008711970117611987,0.007855133215494593,0.0016482881417371337,1.263438083553656,5.734009100619289e-05,1.6737708186877388e-07,9.721957349893756e-06,1.9998590273019812,0.0,0.13374510668585765,2.213330171968158e-05,,,,,1.4713036882818593,-0.5285553390201219
dwell_r0_xi_0.05_p-6_Nd4001_dt1,main,dwell,0,xi_0.05,-6,4001,1.0,2.5350000000000003e-06,0.07321886766113006,29.340840927998215,1459,1459,0,127.08019191226867,137.08073,0.0,0.05,static_lti,0.15940566956079333,0.009368835120746781,0.0017160363780605935,1.3369710766013798,6.399878140006346e-05,4.544788172993904e-07,6.346444405841805e-05,1.5665495042161484,0.16226415094339622,0.38643842175142523,0.00018415247530305474,,,,,1.4713036882818593,-0.09524581593428905
dwell_r0_xi_0.05_p-6_Nd4001_dt1,main,dwell,0,xi_0.05,-6,4001,1.0,2.5350000000000003e-06,0.07321886766113006,29.340840927998215,1459,1459,0,127.08019191226867,137.08073,0.0,0.05,static_mh,0.1654548419606029,0.16402546300530704,0.0016433275640391038,1.2616915238082835,6.144725740161322e-05,-4.3681700568498474e-05,1.496450716548659e-05,1.8458340377406557,0.007547169811320755,0.405057488112518,0.00021994812911930423,,,,,1.4713036882818593,-0.3745303494587964
dwell_r0_xi_0.05_p-6_Nd4001_dt1,main,dwell,0,xi_0.05,-6,4001,1.0,2.5350000000000003e-06,0.07321886766113006,29.340840927998215,1459,1459,0,127.08019191226867,137.08073,0.0,0.05,static_lti_mh,0.1624979128777947,0.011771467396754318,0.001715785061549127,1.3371529691385422,6.407465348749442e-05,-4.339726891617907e-05,6.346313989286626e-05,1.5659417082328404,0.14339622641509434,0.3893693133609787,0.00018956724139991988,,,,,1.4713036882818593,-0.09463801995098109
dwell_r0_xi_0.05_p-6_Nd4001_dt1,main,dwell,0,xi_0.05,-6,4001,1.0,2.5350000000000003e-06,0.07321886766113006,29.340840927998215,1459,1459,0,127.08019191226867,137.08073,0.0,0.05,linear,0.1742637302457094,0.009831969702666964,0.0018333033856763954,1.2923053032732703,6.880871433656685e-05,9.361425034476157e-07,7.210450321876425e-05,1.4713036882818593,0.20754716981132076,0.4086234977704834,0.0002033504099433538,,,,,1.4713036882818593,0.0
dwell_r0_xi_0.1_p-6_Nd4001_dt1,main,dwell,0,xi_0.1,-6,4001,1.0,2.5350000000000003e-06,0.07321886766113006,25.564970011000696,1459,731,728,253.6388508891929,254.40724,0.0364,0.1,atomic,0.14366552226243087,0.0314672296261955,0.0016695252661109241,1.3101660734595235,6.378965218275453e-05,-5.5994455536729885e-05,5.642806293441955e-05,1.7146048105855878,0.0830188679245283,0.3346906769079131,0.00017877375524784822,0.1410592393614487,0.02335075682702066,0.1740675586025975,0.01958816534413306,1.7413512399793365,0.026746429393748716
dwell_r0_xi_0.1_p-6_Nd4001_dt1,main,dwell,0,xi_0.1,-6,4001,1.0,2.5350000000000003e-06,0.07321886766113006,25.564970011000696,1459,731,728,253.6388508891929,254.40724,0.0364,0.1,static,0.005662419241790418,0.004830636035064056,0.0016408046913772246,1.2665297995056222,5.8790683703053195e-05,2.203944306035476e-08,6.142473049509979e-06,1.999999875764081,0.0,0.11727029587445102,1.8580662781935026e-05,,,,,1.7413512399793365,-0.2586486357847444
dwell_r0_xi_0.1_p-6_Nd4001_dt1,main,dwell,0,xi_0.1,-6,4001,1.0,2.5350000000000003e-06,0.07321886766113006,25.564970011000696,1459,731,728,253.6388508891929,254.40724,0.0364,0.1,static_lti,0.11184583500667065,0.009861811628383206,0.0016871552710268354,1.3205336982618827,6.356095418772664e-05,-3.532006657448203e-07,4.31424126250177e-05,1.7971545702955056,0.06792452830188679,0.29706926518247456,0.00013662065765228956,,,,,1.7413512399793365,-0.05580333031616913
dwell_r0_xi_0.1_p-6_Nd4001_dt1,main,dwell,0,xi_0.1,-6,4001,1.0,2.5350000000000003e-06,0.07321886766113006,25.564970011000696,1459,731,728,253.6388508891929,254.40724,0.0364,0.1,static_mh,0.06627179332380329,0.06526473386253283,0.0016409046935117856,1.2657460370452132,6.0540032557794764e-05,-4.382158453999834e-05,2.3427376321725678e-05,1.954611439599475,0.011320754716981131,0.2631483437036666,0.0001094073030970672,,,,,1.7413512399793365,-0.21326019962013842
dwell_r0_xi_0.1_p-6_Nd4001_dt1,main,dwell,0,xi_0.1,-6,4001,1.0,2.5350000000000003e-06,0.07321886766113006,25.564970011000696,1459,731,728,253.6388508891929,254.40724,0.0364,0.1,static_lti_mh,0.11363184029564753,0.011293359382878567,0.0016872398481459824,1.3204826166285724,6.361527580074081e-05,-4.4192098310291866e-05,4.36852190215398e-05,1.7884149445109059,0.06037735849056604,0.30052786636482914,0.0001396762430507021,,,,,1.7413512399793365,-0.047063704531569384
dwell_r0_xi_0.1_p-6_Nd4001_dt1,main,dwell,0,xi_0.1,-6,4001,1.0,2.5350000000000003e-06,0.07321886766113006,25.564970011000696,1459,731,728,253.6388508891929,254.40724,0.0364,0.1,linear,0.12031305289402261,0.009907403723020541,0.0018061981088158528,1.2722203209343683,6.830385225153716e-05,-3.365604750841681e-07,4.882537556329899e-05,1.7413512399793365,0.07169811320754717,0.31121413184637686,0.0001496970936133004,,,,,1.7413512399793365,0.0
dwell_r0_xi_0.25_p-6_Nd4001_dt1,main,dwell,0,xi_0.25,-6,4001,1.0,2.5350000000000003e-06,0.07321886766113006,27.7188044680006,1459,293,1166,632.7986348122867,605.90671,0.0583,0.25,atomic,0.0887461847638771,0.02641909497949345,0.0016236383896672728,1.2973913554536063,6.099631131424651e-05,-5.254287829713396e-05,4.617760599173677e-05,1.8045405447566187,0.033962264150943396,0.2377388363241995,7.967729344329243e-05,0.09213491509326611,0.019159571596438267,0.11188869940989991,0.01749251236451044,1.8721794997270351,0.06763895497041639
dwell_r0_xi_0.25_p-6_Nd4001_dt1,main,dwell,0,xi_0.25,-6,4001,1.0,2.5350000000000003e-06,0.07321886766113006,27.7188044680006,1459,293,1166,632.7986348122867,605.90671,0.0583,0.25,static,0.004361865489071567,0.003986194853170962,0.001639149733516091,1.2679529014522062,5.914538814522434e-05,-8.203777791436379e-08,4.188829304291099e-06,1.9999997993597871,0.0,0.11108093048826297,1.7736707828359508e-05,,,,,1.8721794997270351,-0.127820299632752
dwell_r0_xi_0.25_p-6_Nd4001_dt1,main,dwell,0,xi_0.25,-6,4001,1.0,2.5350000000000003e-06,0.07321886766113006,27.7188044680006,1459,293,1166,632.7986348122867,605.90671,0.0583,0.25,static_lti,0.06742484975174183,0.00865195458708076,0.001652222925031548,1.2973286886414206,6.145943000178495e-05,1.1976606850356213e-06,2.6157751805404054e-05,1.9156602680331574,0.022641509433962263,0.2010769882378607,6.018160127093622e-05,,,,,1.8721794997270351,-0.04348076830612224
dwell_r0_xi_0.25_p-6_Nd4001_dt1,main,dwell,0,xi_0.25,-6,4001,1.0,2.5350000000000003e-06,0.07321886766113006,27.7188044680006,1459,293,1166,632.7986348122867,605.90671,0.0583,0.25,static_mh,0.029285669305484492,0.0284813144203831,0.0016397510647963626,1.2672907370599114,5.9897044842303684e-05,-4.3892268778058443e-05,3.5926444447653005e-05,1.9995566677790941,0.0,0.19418663663236466,4.576554277510533e-05,,,,,1.8721794997270351,-0.127377168052059
dwell_r0_xi_0.25_p-6_Nd4001_dt1,main,dwell,0,xi_0.25,-6,4001,1.0,2.5350000000000003e-06,0.07321886766113006,27.7188044680006,1459,293,1166,632.7986348122867,605.90671,0.0583,0.25,static_lti_mh,0.06836349724125987,0.00908899891352618,0.0016522312596549747,1.2974581266120144,6.148671896618855e-05,-4.261261222284349e-05,2.9021009147621725e-05,1.906470045503845,0.022641509433962263,0.20337129954003752,6.029656692019173e-05,,,,,1.8721794997270351,-0.0342905457768099
dwell_r0_xi_0.25_p-6_Nd4001_dt1,main,dwell,0,xi_0.25,-6,4001,1.0,2.5350000000000003e-06,0.07321886766113006,27.7188044680006,1459,293,1166,632.7986348122867,605.90671,0.0583,0.25,linear,0.07007160801397008,0.007888006495966788,0.0017659743427482727,1.2478085614169698,6.577362067524569e-05,1.2889504108867958e-06,2.9402794401730735e-05,1.8721794997270351,0.026415094339622643,0.20685580549426988,6.196999452814006e-05,,,,,1.8721794997270351,0.0
dwell_r0_xi_0.5_p-6_Nd4001_dt1,main,dwell,0,xi_0.5,-6,4001,1.0,2.5350000000000003e-06,0.07321886766113006,26.791471791999356,1459,146,1313,1269.9315068493152,1196.56055,0.06565,0.5,atomic,0.07257668049803893,0.02303162822215004,0.0016093098538282778,1.2952564608781953,6.012045708305437e-05,-5.4957021188415045e-05,3.9096360941531634e-05,1.9857979956736471,0.0037735849056603774,0.1855839779922657,5.649495831787816e-05,0.07462637099894286,0.01799775422439718,0.08404821133482525,0.01703393430373747,1.9993289013540674,0.013530905680420258
dwell_r0_xi_0.5_p-6_Nd4001_dt1,main,dwell,0,xi_0.5,-6,4001,1.0,2.5350000000000003e-06,0.07321886766113006,26.791471791999356,1459,146,1313,1269.9315068493152,1196.56055,0.06565,0.5,static,0.003846121601378781,0.0037224579679034616,0.0016407427495950919,1.2684779700483364,5.929634422556903e-05,4.880262336627189e-08,3.3742301721998367e-06,1.9999999999989266,0.0,0.10697119680115294,1.64126812538685e-05,,,,,1.9993289013540674,-0.0006710986448592582
dwell_r0_xi_0.5_p-6_Nd4001_dt1,main,dwell,0,xi_0.5,-6,4001,1.0,2.5350000000000003e-06,0.07321886766113006,26.791471791999356,1459,146,1313,1269.9315068493152,1196.56055,0.06565,0.5,static_lti,0.05386379409852321,0.006864975360721996,0.0016368992384499933,1.292249326806058,6.061439968733376e-05,-6.733214531907322e-07,2.1838490840148393e-05,1.9998722922038277,0.0,0.15341251501794045,3.5101864081779904e-05,,,,,1.9993289013540674,-0.0005433908497602946
dwell_r0_xi_0.5_p-6_Nd4001_dt1,main,dwell,0,xi_0.5,-6,4001,1.0,2.5350000000000003e-06,0.07321886766113006,26.791471791999356,1459,146,1313,1269.9315068493152,1196.56055,0.06565,0.5,static_mh,0.01698780253599636,0.016780263877396062,0.0016393861866217236,1.2687174857981502,5.9635877049995855e-05,-4.369025854998736e-05,3.798125304416821e-05,1.9999999600916094,0.0,0.1457345173130144,3.47894098557636e-05,,,,,1.9993289013540674,-0.0006710587375420296
dwell_r0_xi_0.5_p-6_Nd4001_dt1,main,dwell,0,xi_0.5,-6,4001,1.0,2.5350000000000003e-06,0.07321886766113006,26.791471791999356,1459,146,1313,1269.9315068493152,1196.56055,0.06565,0.5,static_lti_mh,0.05434520961449494,0.007221759434941918,0.0016370466140937468,1.2922867267287608,6.063354583921452e-05,-4.448477044601825e-05,2.7816909758696504e-05,1.9997031820183024,0.0,0.1559118871441548,3.555510143637714e-05,,,,,1.9993289013540674,-0.00037428066423506046
dwell_r0_xi_0.5_p-6_Nd4001_dt1,main,dwell,0,xi_0.5,-6,4001,1.0,2.5350000000000003e-06,0.07321886766113006,26.791471791999356,1459,146,1313,1269.9315068493152,1196.56055,0.06565,0.5,linear,0.054262400259475575,0.005620107226812444,0.0017485840683314651,1.242205157372506,6.476613913079468e-05,-6.875728581306968e-07,2.449243812795147e-05,1.9993289013540674,0.0,0.15160497252949806,3.502320958378735e-05,,,,,1.9993289013540674,0.0
dwell_r0_xi_1_p-6_Nd4001_dt1,main,dwell,0,xi_1,-6,4001,1.0,2.5350000000000003e-06,0.07321886766113006,40.84541729199918,1459,73,1386,2539.8630136986303,2373.85055,0.0693,1,atomic,0.0665599399373188,0.023965946144133988,0.001594036775107941,1.2972119976377796,5.960216988237166e-05,-5.426852312679589e-05,3.922129074292319e-05,1.9638933553285083,0.0037735849056603774,0.18752206569072433,5.251527416339716e-05,0.0674787524688578,0.01918519232388133,0.07399385514709066,0.01851446842484386,1.9999917064949229,0.03609835116641458
dwell_r0_xi_1_p-6_Nd4001_dt1,main,dwell,0,xi_1,-6,4001,1.0,2.5350000000000003e-06,0.07321886766113006,40.84541729199918,1459,73,1386,2539.8630136986303,2373.85055,0.0693,1,static,0.0035696530157075736,0.003515562798920863,0.0016398694993190214,1.2673891790331695,5.947914811043607e-05,-5.594902754705687e-08,2.8060425142960725e-06,1.9999999999999991,0.0,0.10509433520758017,1.6062357247491077e-05,,,,,1.9999917064949229,-8.293505076251151e-06
dwell_r0_xi_1_p-6_Nd4001_dt1,main,dwell,0,xi_1,-6,4001,1.0,2.5350000000000003e-06,0.07321886766113006,40.84541729199918,1459,73,1386,2539.8630136986303,2373.85055,0.0693,1,static_lti,0.04563361634505096,0.006023089489247012,0.0016302121464408146,1.2896542401808888,6.0355571276904614e-05,4.748739058947014e-07,1.7859647021261943e-05,1.9999996995312788,0.0,0.14600762630081232,3.098426669659014e-05,,,,,1.9999917064949229,-7.993036355902206e-06
dwell_r0_xi_1_p-6_Nd4001_dt1,main,dwell,0,xi_1,-6,4001,1.0,2.5350000000000003e-06,0.07321886766113006,40.84541729199918,1459,73,1386,2539.8630136986303,2373.85055,0.0693,1,static_mh,0.011747388694870272,0.011669370145581264,0.0016409464522536886,1.2669420853174995,5.976139999559664e-05,-4.3920245347737765e-05,3.9105580442572986e-05,1.9999999958344636,0.0,0.140439547985125,2.7679769631194533e-05,,,,,1.9999917064949229,-8.28933954077904e-06
dwell_r0_xi_1_p-6_Nd4001_dt1,main,dwell,0,xi_1,-6,4001,1.0,2.5350000000000003e-06,0.07321886766113006,40.84541729199918,1459,73,1386,2539.8630136986303,2373.85055,0.0693,1,static_lti_mh,0.04598101453133181,0.006362736131243666,0.0016301145154358839,1.2896531857371183,6.036195796761869e-05,-4.3306430686933005e-05,2.9553037145682197e-05,1.9999993445775726,0.0,0.1459107803852592,3.1280216086554444e-05,,,,,1.9999917064949229,-7.638082649696898e-06
dwell_r0_xi_1_p-6_Nd4001_dt1,main,dwell,0,xi_1,-6,4001,1.0,2.5350000000000003e-06,0.07321886766113006,40.84541729199918,1459,73,1386,2539.8630136986303,2373.85055,0.0693,1,linear,0.044828313523295964,0.004583025548839527,0.0017412205832027367,1.2394968856265636,6.44401371186449e-05,4.6523953426280733e-07,1.9914210623130322e-05,1.9999917064949229,0.0,0.1437974442039784,2.9045921349478154e-05,,,,,1.9999917064949229,0.0
dwell_r0_xi_2_p-6_Nd4001_dt1,main,dwell,0,xi_2,-6,4001,1.0,2.5350000000000003e-06,0.07321886766113006,25.81922530599695,1459,37,1422,5011.081081081081,4664.79323,0.0711,2,atomic,0.06423350652647941,0.022437418797494574,0.001589984584889896,1.2956382101857444,5.9547398097770146e-05,-4.576117823779616e-05,3.727850834130145e-05,1.9277340169472998,0.0037735849056603774,0.18056975192287505,5.1633879106189346e-05,0.06409495071819457,0.017545927467522822,0.0677371417001259,0.017127860929622207,1.9223620318682473,-0.005371985079052566
dwell_r0_xi_2_p-6_Nd4001_dt1,main,dwell,0,xi_2,-6,4001,1.0,2.5350000000000003e-06,0.07321886766113006,25.81922530599695,1459,37,1422,5011.081081081081,4664.79323,0.0711,2,static,0.003382970217805614,0.0033572163752552844,0.0016392292589434685,1.2680343733218875,5.960884928719397e-05,5.485426258585894e-08,2.535238738405702e-06,1.9999999999999982,0.0,0.10263539102214371,1.577280429481548e-05,,,,,1.9223620318682473,-0.07763796813175095
dwell_r0_xi_2_p-6_Nd4001_dt1,main,dwell,0,xi_2,-6,4001,1.0,2.5350000000000003e-06,0.07321886766113006,25.81922530599695,1459,37,1422,5011.081081081081,4664.79323,0.0711,2,static_lti,0.04425696730231494,0.00562323376488341,0.0016274491811009034,1.2887348598607171,6.0374567466927826e-05,-8.078717941469065e-07,1.6172642965624258e-05,1.9450636468442046,0.0037735849056603774,0.13914067089163654,3.034269827081768e-05,,,,,1.9223620318682473,-0.02270161497595735
dwell_r0_xi_2_p-6_Nd4001_dt1,main,dwell,0,xi_2,-6,4001,1.0,2.5350000000000003e-06,0.07321886766113006,25.81922530599695,1459,37,1422,5011.081081081081,4664.79323,0.0711,2,static_mh,0.008783495659224563,0.008745798949625655,0.0016387058031384406,1.267729750682855,5.975078121975854e-05,-4.398246300114632e-05,3.976719731190998e-05,1.9999999999997828,0.0,0.12060388538098103,2.1936266963351542e-05,,,,,1.9223620318682473,-0.07763796813153556
dwell_r0_xi_2_p-6_Nd4001_dt1,main,dwell,0,xi_2,-6,4001,1.0,2.5350000000000003e-06,0.07321886766113006,25.81922530599695,1459,37,1422,5011.081081081081,4664.79323,0.0711,2,static_lti_mh,0.04454498862153697,0.005990288521429482,0.0016274322360114327,1.2887393438121815,6.03822482113103e-05,-4.484289129922668e-05,3.41626906993151e-05,1.9409393468314908,0.0037735849056603774,0.1395240176880559,3.0406158305628382e-05,,,,,1.9223620318682473,-0.018577314963243552
dwell_r0_xi_2_p-6_Nd4001_dt1,main,dwell,0,xi_2,-6,4001,1.0,2.5350000000000003e-06,0.07321886766113006,25.81922530599695,1459,37,1422,5011.081081081081,4664.79323,0.0711,2,linear,0.0429664898756642,0.00404116157926513,0.0017383708837286054,1.2384153237468474,6.445395555198773e-05,-8.319213643496678e-07,1.7850570971642823e-05,1.9223620318682473,0.0037735849056603774,0.1347767419224431,2.7083860177862703e-05,,,,,1.9223620318682473,0.0
dwell_r0_xi_4_p-6_Nd4001_dt1,main,dwell,0,xi_4,-6,4001,1.0,2.5350000000000003e-06,0.07321886766113006,24.825106823998794,1459,18,1441,10300.555555555555,9568.40055,0.07205,4,atomic,0.06728093949021956,0.02768590189071369,0.001555002345474402,1.2976209109831691,5.836120587929207e-05,-5.085512807402006e-05,4.2996000821426985e-05,1.9441350462928475,0.007547169811320755,0.19085525027297512,5.2136856007273545e-05,0.06498043316368653,0.021650740152211124,0.06818154809804591,0.02122895684127838,1.9771729551273927,0.03303790883454516
dwell_r0_xi_4_p-6_Nd4001_dt1,main,dwell,0,xi_4,-6,4001,1.0,2.5350000000000003e-06,0.07321886766113006,24.825106823998794,1459,18,1441,10300.555555555555,9568.40055,0.07205,4,static,0.0032860008456009645,0.00327630004430999,0.001638928309531496,1.2686323156897583,5.963828462345147e-05,-1.8089149704197648e-08,2.3457512526167758e-06,2.0,0.0,0.1090254953717005,1.604343406835228e-05,,,,,1.9771729551273927,-0.02282704487260734
dwell_r0_xi_4_p-6_Nd4001_dt1,main,dwell,0,xi_4,-6,4001,1.0,2.5350000000000003e-06,0.07321886766113006,24.825106823998794,1459,18,1441,10300.555555555555,9568.40055,0.07205,4,static_lti,0.040577704840084376,0.00542317047722588,0.0016242361999246194,1.2864079313678864,6.019243350735517e-05,-7.649045451185359e-07,1.4961378663611795e-05,1.9978419848200135,0.0,0.13427379460071867,2.4283789163853593e-05,,,,,1.9771729551273927,-0.020669029692620855
dwell_r0_xi_4_p-6_Nd4001_dt1,main,dwell,0,xi_4,-6,4001,1.0,2.5350000000000003e-06,0.07321886766113006,24.825106823998794,1459,18,1441,10300.555555555555,9568.40055,0.07205,4,static_mh,0.00763006508794389,0.0076165892804255075,0.0016393136522810312,1.269111761305533,5.9781210272062595e-05,-4.4062050906327675e-05,4.0047260611084706e-05,1.9999999999999498,0.0,0.12522639790618567,2.0119927978130822e-05,,,,,1.9771729551273927,-0.022827044872557156
dwell_r0_xi_4_p-6_Nd4001_dt1,main,dwell,0,xi_4,-6,4001,1.0,2.5350000000000003e-06,0.07321886766113006,24.825106823998794,1459,18,1441,10300.555555555555,9568.40055,0.07205,4,static_lti_mh,0.04094841268537165,0.005767778840018634,0.0016242840415209032,1.2864109808616024,6.02049162539069e-05,-4.476519918201515e-05,3.705207606253778e-05,1.9982673436795422,0.0,0.13399754261128122,2.458723912742534e-05,,,,,1.9771729551273927,-0.021094388552149512
dwell_r0_xi_4_p-6_Nd4001_dt1,main,dwell,0,xi_4,-6,4001,1.0,2.5350000000000003e-06,0.07321886766113006,24.825106823998794,1459,18,1441,10300.555555555555,9568.40055,0.07205,4,linear,0.038902844506434525,0.003787669216067891,0.0017350004603961374,1.2359160643092084,6.424547248893646e-05,-8.98658443322042e-07,1.6452426212386057e-05,1.9771729551273927,0.007547169811320755,0.1254370536057088,2.082175755348585e-05,,,,,1.9771729551273927,0.0
dwell_r1_xi_0.05_p-6_Nd4001_dt1,main,dwell,1,xi_0.05,-6,4001,1.0,2.5350000000000003e-06,0.07321886766113006,24.694472316998144,1459,1459,0,127.08019191226867,137.08073,0.0,0.05,atomic,0.2507790302748319,0.05822453517556788,0.0016116125521106045,1.3284752177842876,6.256073514360152e-05,-7.133944960995341e-05,9.995250070419583e-05,1.3641273452741662,0.2037735849056604,0.46417494048166513,0.00024977852270614126,0.22098044268961817,0.0516137986141707,0.3084180331685679,0.0421426339025566,1.5085532327491102,0.144425887474944
dwell_r1_xi_0.05_p-6_Nd4001_dt1,main,dwell,1,xi_0.05,-6,4001,1.0,2.5350000000000003e-06,0.07321886766113006,24.694472316998144,1459,1459,0,127.08019191226867,137.08073,0.0,0.05,static,0.00867710350302472,0.00782410379312253,0.00164722373338692,1.2617445464005907,5.7424884844412426e-05,-7.75558702371029e-08,9.798616253039872e-06,1.9999978119994732,0.0,0.13159810106435207,2.173321166739731e-05,,,,,1.5085532327491102,-0.491444579250363
dwell_r1_xi_0.05_p-6_Nd4001_dt1,main,dwell,1,xi_0.05,-6,4001,1.0,2.5350000000000003e-06,0.07321886766113006,24.694472316998144,1459,1459,0,127.08019191226867,137.08073,0.0,0.05,static_lti,0.16084711381268046,0.00918476936264812,0.0017242897252580805,1.338299711414032,6.44817397326996e-05,1.6652020823304785e-06,6.226532578319303e-05,1.6163186661764128,0.16226415094339622,0.38037762281759735,0.0001635659097434604,,,,,1.5085532327491102,-0.1077654334273026
dwell_r1_xi_0.05_p-6_Nd4001_dt1,main,dwell,1,xi_0.05,-6,4001,1.0,2.5350000000000003e-06,0.07321886766113006,24.694472316998144,1459,1459,0,127.08019191226867,137.08073,0.0,0.05,static_mh,0.16453178113700548,0.1630268340019201,0.0016494000318818985,1.2610802322467756,6.177981687536612e-05,-4.394997761302143e-05,1.5215931494037934e-05,1.878134854144711,0.007547169811320755,0.4244834262475459,0.0002070550831328171,,,,,1.5085532327491102,-0.3695816213956007
dwell_r1_xi_0.05_p-6_Nd4001_dt1,main,dwell,1,xi_0.05,-6,4001,1.0,2.5350000000000003e-06,0.07321886766113006,24.694472316998144,1459,1459,0,127.08019191226867,137.08073,0.0,0.05,static_lti_mh,0.16373676673004547,0.011559704911058177,0.0017241961428275823,1.3382641423249595,6.455843896597835e-05,-4.218903264996915e-05,6.251101666725052e-05,1.6225403287558544,0.15849056603773584,0.3825295533656081,0.0001678840194349269,,,,,1.5085532327491102,-0.11398709600674417
dwell_r1_xi_0.05_p-6_Nd4001_dt1,main,dwell,1,xi_0.05,-6,4001,1.0,2.5350000000000003e-06,0.07321886766113006,24.694472316998144,1459,1459,0,127.08019191226867,137.08073,0.0,0.05,linear,0.1757939632891156,0.00965213001062314,0.0018424273322598052,1.2937573737441999,6.934121019974175e-05,1.7691188780398315e-06,7.124549051754008e-05,1.5085532327491102,0.19622641509433963,0.397724318648295,0.00017918588622446594,,,,,1.5085532327491102,0.0
dwell_r1_xi_0.1_p-6_Nd4001_dt1,main,dwell,1,xi_0.1,-6,4001,1.0,2.5350000000000003e-06,0.07321886766113006,25.037977547999617,1459,731,728,253.6388508891929,254.40724,0.0364,0.1,atomic,0.13778571952912733,0.030938332283347848,0.0016750897044376975,1.3100797069694918,6.388080709024916e-05,-5.541535755061122e-05,5.993390016813644e-05,1.7667181265829028,0.07547169811320754,0.31588566959527165,0.0001519379983843369,0.13540541134761094,0.022633997898615286,0.16938923543440193,0.018847534329766654,1.8030171167920277,0.03629899020912486
dwell_r1_xi_0.1_p-6_Nd4001_dt1,main,dwell,1,xi_0.1,-6,4001,1.0,2.5350000000000003e-06,0.07321886766113006,25.037977547999617,1459,731,728,253.6388508891929,254.40724,0.0364,0.1,static,0.005630297209996019,0.004742755709898913,0.0016428399273937713,1.264458306347414,5.890305776564059e-05,-1.2028502180359116e-07,6.295640791133761e-06,1.999999999251623,0.0,0.11275257654585852,1.6896435644168528e-05,,,,,1.8030171167920277,-0.1969828824595954
dwell_r1_xi_0.1_p-6_Nd4001_dt1,main,dwell,1,xi_0.1,-6,4001,1.0,2.5350000000000003e-06,0.07321886766113006,25.037977547999617,1459,731,728,253.6388508891929,254.40724,0.0364,0.1,static_lti,0.10702021928547331,0.009653614693570312,0.001688261820878031,1.321689142968894,6.350775406637142e-05,5.023382463017455e-07,4.407399091948278e-05,1.8510523555933007,0.06792452830188679,0.28499578293249983,0.00012179141928353125,,,,,1.8030171167920277,-0.04803523880127303
dwell_r1_xi_0.1_p-6_Nd4001_dt1,main,dwell,1,xi_0.1,-6,4001,1.0,2.5350000000000003e-06,0.07321886766113006,25.037977547999617,1459,731,728,253.6388508891929,254.40724,0.0364,0.1,static_mh,0.06590610557788185,0.06463049500867649,0.001645256551276486,1.264282189641429,6.0736052890461646e-05,-4.39072542210226e-05,2.3756662981746936e-05,1.9736921244668066,0.007547169811320755,0.2420875977505379,8.740653695208036e-05,,,,,1.8030171167920277,-0.17067500767477894
dwell_r1_xi_0.1_p-6_Nd4001_dt1,main,dwell,1,xi_0.1,-6,4001,1.0,2.5350000000000003e-06,0.07321886766113006,25.037977547999617,1459,731,728,253.6388508891929,254.40724,0.0364,0.1,static_lti_mh,0.10895127397035784,0.01097941297551028,0.0016883242228933172,1.3217382725967595,6.356522146217605e-05,-4.327953479913438e-05,4.494392923466234e-05,1.8477141826368075,0.06037735849056604,0.28674195052408197,0.00012378032749108667,,,,,1.8030171167920277,-0.04469706584477984
dwell_r1_xi_0.1_p-6_Nd4001_dt1,main,dwell,1,xi_0.1,-6,4001,1.0,2.5350000000000003e-06,0.07321886766113006,25.037977547999617,1459,731,728,253.6388508891929,254.40724,0.0364,0.1,linear,0.11518066056583968,0.009653141830091066,0.0018067152200126645,1.2734809072659972,6.821338439133032e-05,3.794821257629014e-07,4.967701685075766e-05,1.8030171167920277,0.07547169811320754,0.2976353836845697,0.0001312626415191759,,,,,1.8030171167920277,0.0
dwell_r1_xi_0.25_p-6_Nd4001_dt1,main,dwell,1,xi_0.25,-6,4001,1.0,2.5350000000000003e-06,0.07321886766113006,28.468258846001845,1459,293,1166,632.7986348122867,605.90671,0.0583,0.25,atomic,0.08738142801367466,0.027568659340528028,0.0016247753392759359,1.2942963738021511,6.101966980316821e-05,-5.631260008731521e-05,4.558142595736992e-05,1.9805393395402606,0.0037735849056603774,0.2389138206832561,8.549204660702675e-05,0.09082353747620132,0.019639132319292475,0.1082200025447988,0.017832525555156062,1.9914593306030521,0.010919991062791512
dwell_r1_xi_0.25_p-6_Nd4001_dt1,main,dwell,1,xi_0.25,-6,4001,1.0,2.5350000000000003e-06,0.07321886766113006,28.468258846001845,1459,293,1166,632.7986348122867,605.90671,0.0583,0.25,static,0.004322153510408394,0.003941853479814677,0.0016397568846413528,1.2683061944773146,5.918606099284443e-05,-1.336219760862637e-08,4.191378804575319e-06,1.9999999999999778,0.0,0.10434968581797978,1.5791292391335626e-05,,,,,1.9914593306030521,-0.00854066939692566
dwell_r1_xi_0.25_p-6_Nd4001_dt1,main,dwell,1,xi_0.25,-6,4001,1.0,2.5350000000000003e-06,0.07321886766113006,28.468258846001845,1459,293,1166,632.7986348122867,605.90671,0.0583,0.25,static_lti,0.06478993158761842,0.008738413481466768,0.001652786839004547,1.2959532870756398,6.142325076738122e-05,1.0397229352439491e-07,2.7148697508756338e-05,1.9981265941226583,0.0,0.19719176149126827,6.224479728865943e-05,,,,,1.9914593306030521,-0.006667263519606115
dwell_r1_xi_0.25_p-6_Nd4001_dt1,main,dwell,1,xi_0.25,-6,4001,1.0,2.5350000000000003e-06,0.07321886766113006,28.468258846001845,1459,293,1166,632.7986348122867,605.90671,0.0583,0.25,static_mh,0.028686191306995148,0.028243626100561855,0.0016404921352836425,1.268448594440607,5.992560509206497e-05,-4.383671279471748e-05,3.591516439333883e-05,1.9998765077747174,0.0,0.18042511517483706,4.754322969609723e-05,,,,,1.9914593306030521,-0.008417177171665235
dwell_r1_xi_0.25_p-6_Nd4001_dt1,main,dwell,1,xi_0.25,-6,4001,1.0,2.5350000000000003e-06,0.07321886766113006,28.468258846001845,1459,293,1166,632.7986348122867,605.90671,0.0583,0.25,static_lti_mh,0.06526290419553776,0.00944770436460092,0.0016526567534137007,1.2959110745584956,6.143222836863896e-05,-4.3751142504126434e-05,3.079393966015486e-05,1.997831980725609,0.0,0.19817851824064592,6.200930814303399e-05,,,,,1.9914593306030521,-0.006372650122556944
dwell_r1_xi_0.25_p-6_Nd4001_dt1,main,dwell,1,xi_0.25,-6,4001,1.0,2.5350000000000003e-06,0.07321886766113006,28.468258846001845,1459,293,1166,632.7986348122867,605.90671,0.0583,0.25,linear,0.06734211053022897,0.007961415370283102,0.0017666574477266715,1.2462793689385439,6.573485181538462e-05,3.1514322270357535e-08,3.0482617620266298e-05,1.9914593306030521,0.0037735849056603774,0.2056324249814823,6.558292091617787e-05,,,,,1.9914593306030521,0.0
dwell_r1_xi_0.5_p-6_Nd4001_dt1,main,dwell,1,xi_0.5,-6,4001,1.0,2.5350000000000003e-06,0.07321886766113006,23.97345354799836,1459,146,1313,1269.9315068493152,1196.56055,0.06565,0.5,atomic,0.06653405260566693,0.02102451279195531,0.0016189341651846566,1.2920713885774628,6.048903018328679e-05,-5.2426308343920474e-05,3.69902918309728e-05,1.9907945763972121,0.0037735849056603774,0.19155902286177423,5.4827953738015066e-05,0.06956066772675236,0.015693351219897067,0.08026783402118388,0.014710307625324449,1.9834717191511684,-0.007322857246043757
dwell_r1_xi_0.5_p-6_Nd4001_dt1,main,dwell,1,xi_0.5,-6,4001,1.0,2.5350000000000003e-06,0.07321886766113006,23.97345354799836,1459,146,1313,1269.9315068493152,1196.56055,0.06565,0.5,static,0.0037725197378707317,0.0036705846161933084,0.0016392886088328132,1.2681245374057495,5.94202754317795e-05,4.8662709802844006e-08,3.292026595468541e-06,1.9999999999999958,0.0,0.10842496438818494,1.4720008125342385e-05,,,,,1.9834717191511684,-0.016528280848827404
dwell_r1_xi_0.5_p-6_Nd4001_dt1,main,dwell,1,xi_0.5,-6,4001,1.0,2.5350000000000003e-06,0.07321886766113006,23.97345354799836,1459,146,1313,1269.9315068493152,1196.56055,0.06565,0.5,static_lti,0.050208165608384266,0.007017546748268439,0.0016358764901448712,1.2898178560885802,6.0652577637008736e-05,-2.2871542967143483e-06,2.194592883208017e-05,1.9886308229282066,0.0037735849056603774,0.16284788047629445,4.374350813215468e-05,,,,,1.9834717191511684,-0.00515910377703821
dwell_r1_xi_0.5_p-6_Nd4001_dt1,main,dwell,1,xi_0.5,-6,4001,1.0,2.5350000000000003e-06,0.07321886766113006,23.97345354799836,1459,146,1313,1269.9315068493152,1196.56055,0.06565,0.5,static_mh,0.017000253503204436,0.016842744094912494,0.001638244737644852,1.2699912340832697,5.9774142066043764e-05,-4.387822289575893e-05,3.804812041004353e-05,1.999986515820406,0.0,0.14605385930072426,3.6806788967399245e-05,,,,,1.9834717191511684,-0.016514796669237608
dwell_r1_xi_0.5_p-6_Nd4001_dt1,main,dwell,1,xi_0.5,-6,4001,1.0,2.5350000000000003e-06,0.07321886766113006,23.97345354799836,1459,146,1313,1269.9315068493152,1196.56055,0.06565,0.5,static_lti_mh,0.05067268679850475,0.007457066428619498,0.001636170951019691,1.289807037838112,6.067699494348774e-05,-4.629230118875871e-05,2.8226491875944527e-05,1.9932964359600165,0.0037735849056603774,0.16318820498295403,4.300454613710456e-05,,,,,1.9834717191511684,-0.00982471680884811
dwell_r1_xi_0.5_p-6_Nd4001_dt1,main,dwell,1,xi_0.5,-6,4001,1.0,2.5350000000000003e-06,0.07321886766113006,23.97345354799836,1459,146,1313,1269.9315068493152,1196.56055,0.06565,0.5,linear,0.05055504984955797,0.005764036783014782,0.0017477928737893536,1.2397482520691911,6.481267424989152e-05,-2.614466445403398e-06,2.459104881186989e-05,1.9834717191511684,0.0037735849056603774,0.15979986456407683,4.3447374032394764e-05,,,,,1.9834717191511684,0.0
dwell_r1_xi_1_p-6_Nd4001_dt1,main,dwell,1,xi_1,-6,4001,1.0,2.5350000000000003e-06,0.07321886766113006,23.393615288001456,1459,73,1386,2539.8630136986303,2373.85055,0.0693,1,atomic,0.060602021671329,0.02230194169900823,0.0015974278461023217,1.2924536610966744,5.965875586898574e-05,-5.431639632846795e-05,3.8434580620211766e-05,1.8313650915342459,0.01509433962264151,0.21061261037814086,4.8067303202783084e-05,0.062835873802596,0.017326172442683325,0.06945221590724314,0.016734588580568848,1.8553159421400558,0.023950850605809926
dwell_r1_xi_1_p-6_Nd4001_dt1,main,dwell,1,xi_1,-6,4001,1.0,2.5350000000000003e-06,0.07321886766113006,23.393615288001456,1459,73,1386,2539.8630136986303,2373.85055,0.0693,1,static,0.0034996889684830003,0.0034609236806651413,0.0016385408979781592,1.268685590844255,5.9523900729784405e-05,-1.0690403660349963e-07,2.738951392497836e-06,1.9999999999999987,0.0,0.10040317057109541,1.3872113721230385e-05,,,,,1.8553159421400558,-0.14468405785994287
dwell_r1_xi_1_p-6_Nd4001_dt1,main,dwell,1,xi_1,-6,4001,1.0,2.5350000000000003e-06,0.07321886766113006,23.393615288001456,1459,73,1386,2539.8630136986303,2373.85055,0.0693,1,static_lti,0.04214389558083359,0.006153587998841501,0.001632601064930301,1.2858137001802565,6.043865368997715e-05,-1.8895567919518264e-07,1.8720159990736846e-05,1.9120110626159286,0.011320754716981131,0.1651284030076129,2.5022664107058485e-05,,,,,1.8553159421400558,-0.05669512047587277
dwell_r1_xi_1_p-6_Nd4001_dt1,main,dwell,1,xi_1,-6,4001,1.0,2.5350000000000003e-06,0.07321886766113006,23.393615288001456,1459,73,1386,2539.8630136986303,2373.85055,0.0693,1,static_mh,0.011853839259807642,0.011814676071460549,0.001639979445861911,1.2692255009714084,5.982338371985443e-05,-4.40310915676506e-05,3.906333457376402e-05,1.9999981840367522,0.0,0.14623458554963514,2.401637848895459e-05,,,,,1.8553159421400558,-0.14468224189669643
dwell_r1_xi_1_p-6_Nd4001_dt1,main,dwell,1,xi_1,-6,4001,1.0,2.5350000000000003e-06,0.07321886766113006,23.393615288001456,1459,73,1386,2539.8630136986303,2373.85055,0.0693,1,static_lti_mh,0.04240198983026073,0.006492411078846877,0.0016326430141358906,1.285751780153806,6.044757648650898e-05,-4.400854415915049e-05,2.954892541578187e-05,1.9166094726123448,0.007547169811320755,0.1660591216501004,2.500310473957197e-05,,,,,1.8553159421400558,-0.061293530472289026
dwell_r1_xi_1_p-6_Nd4001_dt1,main,dwell,1,xi_1,-6,4001,1.0,2.5350000000000003e-06,0.07321886766113006,23.393615288001456,1459,73,1386,2539.8630136986303,2373.85055,0.0693,1,linear,0.04159407878225843,0.004645120595238812,0.0017444038689930408,1.2354485477158197,6.455986631377765e-05,-3.762021407808879e-07,2.0854120518053352e-05,1.8553159421400558,0.011320754716981131,0.16498331200263738,2.382940965950727e-05,,,,,1.8553159421400558,0.0
dwell_r1_xi_2_p-6_Nd4001_dt1,main,dwell,1,xi_2,-6,4001,1.0,2.5350000000000003e-06,0.07321886766113006,23.47099152499868,1459,37,1422,5011.081081081081,4664.79323,0.0711,2,atomic,0.06853192288115352,0.030558927567735646,0.0015646906636026725,1.2960793258248735,5.8770332752970436e-05,-5.329981476233116e-05,4.476062224784917e-05,1.9992426467894382,0.0,0.18587737737536292,6.140089935416714e-05,0.0676340908586124,0.02442532047082232,0.07196462773618553,0.023894499437991063,1.9999983399592118,0.0007556931697736413
dwell_r1_xi_2_p-6_Nd4001_dt1,main,dwell,1,xi_2,-6,4001,1.0,2.5350000000000003e-06,0.07321886766113006,23.47099152499868,1459,37,1422,5011.081081081081,4664.79323,0.0711,2,static,0.003325517660953495,0.003303106456314886,0.0016375654401955693,1.268347249622453,5.959426500002952e-05,-4.996831888420041e-10,2.46762211566947e-06,1.9999999999999922,0.0,0.10088945371600623,1.517692810141086e-05,,,,,1.9999983399592118,-1.6600407803935013e-06
dwell_r1_xi_2_p-6_Nd4001_dt1,main,dwell,1,xi_2,-6,4001,1.0,2.5350000000000003e-06,0.07321886766113006,23.47099152499868,1459,37,1422,5011.081081081081,4664.79323,0.0711,2,static_lti,0.04102568029859576,0.005622485195779839,0.0016280822932045356,1.2858533667163383,6.035187320499547e-05,9.202604992113257e-07,1.6896975000904725e-05,1.9999995518512008,0.0,0.11716171213986712,2.459360973435638e-05,,,,,1.9999983399592118,-1.2118919889836377e-06
dwell_r1_xi_2_p-6_Nd4001_dt1,main,dwell,1,xi_2,-6,4001,1.0,2.5350000000000003e-06,0.07321886766113006,23.47099152499868,1459,37,1422,5011.081081081081,4664.79323,0.0711,2,static_mh,0.008932393899960861,0.00889170500147022,0.0016380503560339498,1.2676881406201057,5.977803918612279e-05,-4.4039593881319186e-05,3.96717477107952e-05,1.9999999999928981,0.0,0.11945479265196568,2.4432437401006124e-05,,,,,1.9999983399592118,-1.6600336862904186e-06
dwell_r1_xi_2_p-6_Nd4001_dt1,main,dwell,1,xi_2,-6,4001,1.0,2.5350000000000003e-06,0.07321886766113006,23.47099152499868,1459,37,1422,5011.081081081081,4664.79323,0.0711,2,static_lti_mh,0.041272653357938935,0.00595181771262236,0.001627930588131089,1.2858411531290754,6.035342296613721e-05,-4.3119116810746987e-05,3.258647881567962e-05,1.9999982541464156,0.0,0.1174333310621372,2.4696853780610584e-05,,,,,1.9999983399592118,8.58127962022337e-08
dwell_r1_xi_2_p-6_Nd4001_dt1,main,dwell,1,xi_2,-6,4001,1.0,2.5350000000000003e-06,0.07321886766113006,23.47099152499868,1459,37,1422,5011.081081081081,4664.79323,0.0711,2,linear,0.03974193592969769,0.004033491724906118,0.001739443556443832,1.235522173702903,6.444025231074757e-05,1.052294874225987e-06,1.874025634510691e-05,1.9999983399592118,0.0,0.10693852397688576,2.261368611599129e-05,,,,,1.9999983399592118,0.0
dwell_r1_xi_4_p-6_Nd4001_dt1,main,dwell,1,xi_4,-6,4001,1.0,2.5350000000000003e-06,0.07321886766113006,23.232911672999762,1459,18,1441,10300.555555555555,9568.40055,0.07205,4,atomic,0.062409270983144784,0.02531881698066433,0.0015633066151058462,1.2973797196526249,5.858386438087722e-05,-4.7132696030787004e-05,3.969558723737187e-05,1.9999803400112217,0.0,0.18886765321437834,4.690555792229091e-05,0.06113372135201629,0.019420311473542593,0.0637230910133788,0.01899830108726752,1.9999999999999978,1.965998877606623e-05
dwell_r1_xi_4_p-6_Nd4001_dt1,main,dwell,1,xi_4,-6,4001,1.0,2.5350000000000003e-06,0.07321886766113006,23.232911672999762,1459,18,1441,10300.555555555555,9568.40055,0.07205,4,static,0.0032731248911709045,0.003265792214103235,0.001638796398385,1.2685103844999897,5.967726950620657e-05,3.7016403660620085e-08,2.326199149050929e-06,2.0,0.0,0.10607395383343211,1.5249869015188447e-05,,,,,1.9999999999999978,-2.220446049250313e-15
dwell_r1_xi_4_p-6_Nd4001_dt1,main,dwell,1,xi_4,-6,4001,1.0,2.5350000000000003e-06,0.07321886766113006,23.232911672999762,1459,18,1441,10300.555555555555,9568.40055,0.07205,4,static_lti,0.038359809883785276,0.005374853317593696,0.0016320800800495943,1.2852481696980333,6.0463376292546005e-05,2.1323811533685554e-07,1.5182656283287453e-05,1.999999999999946,0.0,0.1310393719476282,2.0496799173122327e-05,,,,,1.9999999999999978,5.1736392947532295e-14
dwell_r1_xi_4_p-6_Nd4001_dt1,main,dwell,1,xi_4,-6,4001,1.0,2.5350000000000003e-06,0.07321886766113006,23.232911672999762,1459,18,1441,10300.555555555555,9568.40055,0.07205,4,static_mh,0.007433820732325534,0.007411584251139513,0.0016388356110880618,1.2681788001194412,5.980170491560146e-05,-4.3999696523825206e-05,4.0028199307467066e-05,1.9999999999999982,0.0,0.1229230167974856,2.000301249655661e-05,,,,,1.9999999999999978,-4.440892098500626e-16
dwell_r1_xi_4_p-6_Nd4001_dt1,main,dwell,1,xi_4,-6,4001,1.0,2.5350000000000003e-06,0.07321886766113006,23.232911672999762,1459,18,1441,10300.555555555555,9568.40055,0.07205,4,static_lti_mh,0.03861394342437406,0.005709225922697711,0.0016319752378212327,1.2852553739618084,6.046700780943498e-05,-4.381287495115986e-05,3.639979196497978e-05,1.999999999999931,0.0,0.13077531326472822,2.05922352424514e-05,,,,,1.9999999999999978,6.683542608243442e-14
dwell_r1_xi_4_p-6_Nd4001_dt1,main,dwell,1,xi_4,-6,4001,1.0,2.5350000000000003e-06,0.07321886766113006,23.232911672999762,1459,18,1441,10300.555555555555,9568.40055,0.07205,4,linear,0.03700713612792375,0.003745935791582856,0.0017437314061424837,1.2346156894145208,6.455848728650383e-05,2.7180361892777306e-07,1.6623041432971945e-05,1.9999999999999978,0.0,0.12366287794324099,1.7086622486310225e-05,,,,,1.9999999999999978,0.0
dwell_r2_xi_0.05_p-6_Nd4001_dt1,main,dwell,2,xi_0.05,-6,4001,1.0,2.5350000000000003e-06,0.07321886766113006,22.659603354000865,1459,1459,0,127.08019191226867,137.08073,0.0,0.05,atomic,0.24759747475725705,0.05837886883183327,0.0016100458491512223,1.324364007280903,6.229121576640224e-05,-6.854863204246826e-05,9.28407941271964e-05,1.4797471251832126,0.15471698113207547,0.4295946364504596,0.00023933633486588596,0.21927785139125985,0.05031821695377384,0.31062275751651247,0.04098922453415454,1.5633877263416562,0.08364060115844363
dwell_r2_xi_0.05_p-6_Nd4001_dt1,main,dwell,2,xi_0.05,-6,4001,1.0,2.5350000000000003e-06,0.07321886766113006,22.659603354000865,1459,1459,0,127.08019191226867,137.08073,0.0,0.05,static,0.008750177268544004,0.007830297286149562,0.0016476043347733124,1.26416679623869,5.732211083862755e-05,2.947486751947439e-08,9.764073099085045e-06,1.9998737509508124,0.0,0.12611828929459395,2.136477786397769e-05,,,,,1.5633877263416562,-0.4364860246091562
dwell_r2_xi_0.05_p-6_Nd4001_dt1,main,dwell,2,xi_0.05,-6,4001,1.0,2.5350000000000003e-06,0.07321886766113006,22.659603354000865,1459,1459,0,127.08019191226867,137.08073,0.0,0.05,static_lti,0.1585283732665692,0.009654428208876506,0.0017145736334298978,1.3347449361177413,6.392599912647925e-05,-3.202897989664375e-06,6.247414108517349e-05,1.6426740130033128,0.13584905660377358,0.36096106203160966,0.00016104663331181998,,,,,1.5633877263416562,-0.0792862866616566
dwell_r2_xi_0.05_p-6_Nd4001_dt1,main,dwell,2,xi_0.05,-6,4001,1.0,2.5350000000000003e-06,0.07321886766113006,22.659603354000865,1459,1459,0,127.08019191226867,137.08073,0.0,0.05,static_mh,0.16511629832628355,0.16349620439091986,0.0016450888861518182,1.2661836737391161,6.150202118452573e-05,-4.382737035807859e-05,1.5478235420139376e-05,1.8899280168469328,0.01509433962264151,0.41359153862247605,0.00020521581502330952,,,,,1.5633877263416562,-0.32654029050527655
dwell_r2_xi_0.05_p-6_Nd4001_dt1,main,dwell,2,xi_0.05,-6,4001,1.0,2.5350000000000003e-06,0.07321886766113006,22.659603354000865,1459,1459,0,127.08019191226867,137.08073,0.0,0.05,static_lti_mh,0.1619291414290052,0.012154097692856112,0.0017151535427785336,1.3348350495696826,6.404118877564314e-05,-4.705942059620764e-05,6.269657867726723e-05,1.6338521046946555,0.14339622641509434,0.3670715823361784,0.0001648194590296013,,,,,1.5633877263416562,-0.07046437835299924
dwell_r2_xi_0.05_p-6_Nd4001_dt1,main,dwell,2,xi_0.05,-6,4001,1.0,2.5350000000000003e-06,0.07321886766113006,22.659603354000865,1459,1459,0,127.08019191226867,137.08073,0.0,0.05,linear,0.17334233123555387,0.010090057032976055,0.001831884347266669,1.2899888816758718,6.873354694965799e-05,-3.6765435326569497e-06,7.051896111061639e-05,1.5633877263416562,0.1509433962264151,0.37928895166469556,0.00017770453036204846,,,,,1.5633877263416562,0.0
dwell_r2_xi_0.1_p-6_Nd4001_dt1,main,dwell,2,xi_0.1,-6,4001,1.0,2.5350000000000003e-06,0.07321886766113006,23.529261498002597,1459,731,728,253.6388508891929,254.40724,0.0364,0.1,atomic,0.13633389057256942,0.03333352104528276,0.001655893304096305,1.3088089074102247,6.316569643795553e-05,-6.459229339912733e-05,5.668405219683282e-05,1.7491918176175978,0.06415094339622641,0.33394442489236015,0.00015569644284501802,0.13410538017164336,0.023945244807953313,0.17094786292778108,0.02023577163932755,1.8233782387136306,0.0741864210960328
dwell_r2_xi_0.1_p-6_Nd4001_dt1,main,dwell,2,xi_0.1,-6,4001,1.0,2.5350000000000003e-06,0.07321886766113006,23.529261498002597,1459,731,728,253.6388508891929,254.40724,0.0364,0.1,static,0.005612683316583137,0.004732612228589769,0.0016442031307217584,1.266544546864354,5.900300165458898e-05,-2.7570304532958607e-07,6.310750659095606e-06,1.9999988747775368,0.0,0.10879705764743153,1.7081962478414437e-05,,,,,1.8233782387136306,-0.1766206360639062
dwell_r2_xi_0.1_p-6_Nd4001_dt1,main,dwell,2,xi_0.1,-6,4001,1.0,2.5350000000000003e-06,0.07321886766113006,23.529261498002597,1459,731,728,253.6388508891929,254.40724,0.0364,0.1,static_lti,0.10592661184584619,0.009837243046398051,0.001684755519194585,1.3205041860793174,6.340170798541323e-05,7.847557449749622e-07,4.1566727254074035e-05,1.8723151505072728,0.033962264150943396,0.30250770984372033,0.00011813897963609365,,,,,1.8233782387136306,-0.048936911793642235
dwell_r2_xi_0.1_p-6_Nd4001_dt1,main,dwell,2,xi_0.1,-6,4001,1.0,2.5350000000000003e-06,0.07321886766113006,23.529261498002597,1459,731,728,253.6388508891929,254.40724,0.0364,0.1,static_mh,0.06519349460960888,0.0640583582564422,0.0016500945536285353,1.266372104267244,6.0943888959988184e-05,-4.415949072407257e-05,2.3585180071237444e-05,1.9699407046565618,0.0037735849056603774,0.2687617433519336,9.617349159251042e-05,,,,,1.8233782387136306,-0.1465624659429312
dwell_r2_xi_0.1_p-6_Nd4001_dt1,main,dwell,2,xi_0.1,-6,4001,1.0,2.5350000000000003e-06,0.07321886766113006,23.529261498002597,1459,731,728,253.6388508891929,254.40724,0.0364,0.1,static_lti_mh,0.10735095753953741,0.01137868837187459,0.0016843867586073989,1.3204487931809816,6.342827367593455e-05,-4.310757551461805e-05,4.257724063229354e-05,1.855369318042267,0.04905660377358491,0.3004626625463237,0.0001187090221850313,,,,,1.8233782387136306,-0.03199107932863643
dwell_r2_xi_0.1_p-6_Nd4001_dt1,main,dwell,2,xi_0.1,-6,4001,1.0,2.5350000000000003e-06,0.07321886766113006,23.529261498002597,1459,731,728,253.6388508891929,254.40724,0.0364,0.1,linear,0.1141671314345308,0.009866532950291359,0.0018032999462422063,1.2717794719620144,6.811330514575048e-05,4.581784583844316e-07,4.6953853738241e-05,1.8233782387136306,0.05660377358490566,0.31274142724738413,0.00012770271080325685,,,,,1.8233782387136306,0.0
dwell_r2_xi_0.25_p-6_Nd4001_dt1,main,dwell,2,xi_0.25,-6,4001,1.0,2.5350000000000003e-06,0.07321886766113006,24.68981953399998,1459,293,1166,632.7986348122867,605.90671,0.0583,0.25,atomic,0.09145922789060222,0.032099531837937394,0.0016028166112048315,1.2953931847327045,6.0356915264678944e-05,-6.988926325939278e-05,5.663427660155272e-05,1.8688037427255721,0.022641509433962263,0.24275891650078507,7.537332314352305e-05,0.09408699660103566,0.024592610910176088,0.10556975793711139,0.02269333075399473,1.8896442221036762,0.02084047937810407
dwell_r2_xi_0.25_p-6_Nd4001_dt1,main,dwell,2,xi_0.25,-6,4001,1.0,2.5350000000000003e-06,0.07321886766113006,24.68981953399998,1459,293,1166,632.7986348122867,605.90671,0.0583,0.25,static,0.004412775697467839,0.0040377073195422076,0.001639985634513017,1.2673078099219253,5.9248435722756974e-05,2.3484929450868362e-07,4.149259812569544e-06,1.999999999803533,0.0,0.10572535628873708,1.5588054752842008e-05,,,,,1.8896442221036762,-0.11035577769985672
dwell_r2_xi_0.25_p-6_Nd4001_dt1,main,dwell,2,xi_0.25,-6,4001,1.0,2.5350000000000003e-06,0.07321886766113006,24.68981953399998,1459,293,1166,632.7986348122867,605.90671,0.0583,0.25,static_lti,0.06306526086871356,0.00869095753904472,0.0016513672290423937,1.2964074091692157,6.137548799524372e-05,-3.6506918764578766e-06,2.688433522827063e-05,1.9154876662613975,0.018867924528301886,0.1981306644714188,5.271047633290595e-05,,,,,1.8896442221036762,-0.02584344415772133
dwell_r2_xi_0.25_p-6_Nd4001_dt1,main,dwell,2,xi_0.25,-6,4001,1.0,2.5350000000000003e-06,0.07321886766113006,24.68981953399998,1459,293,1166,632.7986348122867,605.90671,0.0583,0.25,static_mh,0.027882550166961784,0.027403698124885023,0.0016357386018122596,1.2689671992055191,5.97822262334188e-05,-4.365062513226948e-05,3.5895867320581174e-05,1.999621116758824,0.0,0.17954502402312333,4.93217061852741e-05,,,,,1.8896442221036762,-0.10997689465514782
dwell_r2_xi_0.25_p-6_Nd4001_dt1,main,dwell,2,xi_0.25,-6,4001,1.0,2.5350000000000003e-06,0.07321886766113006,24.68981953399998,1459,293,1166,632.7986348122867,605.90671,0.0583,0.25,static_lti_mh,0.06366032742063893,0.009331789693339972,0.0016518450559741523,1.2962714876381694,6.141038301722603e-05,-4.754413161166268e-05,3.103082595933838e-05,1.9222161290538293,0.018867924528301886,0.20031784140593076,5.237223171114576e-05,,,,,1.8896442221036762,-0.03257190695015311
dwell_r2_xi_0.25_p-6_Nd4001_dt1,main,dwell,2,xi_0.25,-6,4001,1.0,2.5350000000000003e-06,0.07321886766113006,24.68981953399998,1459,293,1166,632.7986348122867,605.90671,0.0583,0.25,linear,0.0654046539772181,0.007996974551333738,0.001765014462198804,1.2468067697164937,6.567038231404575e-05,-3.80161977776713e-06,3.039341019245356e-05,1.8896442221036762,0.018867924528301886,0.19985939592404903,5.5954019331298904e-05,,,,,1.8896442221036762,0.0
dwell_r2_xi_0.5_p-6_Nd4001_dt1,main,dwell,2,xi_0.5,-6,4001,1.0,2.5350000000000003e-06,0.07321886766113006,24.501349084999674,1459,146,1313,1269.9315068493152,1196.56055,0.06565,0.5,atomic,0.06849102326106032,0.023319757740148883,0.0016085329691151024,1.2941726317364142,6.0110627170311486e-05,-5.449557033957957e-05,4.3743568169328e-05,1.8173570441222853,0.018867924528301886,0.20750511388525644,5.101115848361247e-05,0.0707551536772196,0.017611890125857056,0.07856270419578244,0.016687090683109664,1.849048251588307,0.03169120746602183
dwell_r2_xi_0.5_p-6_Nd4001_dt1,main,dwell,2,xi_0.5,-6,4001,1.0,2.5350000000000003e-06,0.07321886766113006,24.501349084999674,1459,146,1313,1269.9315068493152,1196.56055,0.06565,0.5,static,0.003816294765896599,0.003694533319199793,0.0016395421948662541,1.2670145299257038,5.9394025422944167e-05,5.524673412488431e-08,3.3514657613329574e-06,1.9999999999996294,0.0,0.10700245073249783,1.470725577227394e-05,,,,,1.849048251588307,-0.1509517484113223
dwell_r2_xi_0.5_p-6_Nd4001_dt1,main,dwell,2,xi_0.5,-6,4001,1.0,2.5350000000000003e-06,0.07321886766113006,24.501349084999674,1459,146,1313,1269.9315068493152,1196.56055,0.06565,0.5,static_lti,0.05045277827034679,0.0070171391083181465,0.0016384221077281689,1.2914353627361768,6.071120550358742e-05,1.2261520882088655e-07,2.1288468831294808e-05,1.8899804832286378,0.011320754716981131,0.17804151184075265,3.1082686017602674e-05,,,,,1.849048251588307,-0.04093223164033066
dwell_r2_xi_0.5_p-6_Nd4001_dt1,main,dwell,2,xi_0.5,-6,4001,1.0,2.5350000000000003e-06,0.07321886766113006,24.501349084999674,1459,146,1313,1269.9315068493152,1196.56055,0.06565,0.5,static_mh,0.01631433045043747,0.016142156048406527,0.0016397255103440672,1.2660357341510249,5.977627314270913e-05,-4.383165487803666e-05,3.8012677512404565e-05,1.9999990334558857,0.0,0.15715590723693404,2.6664415295351945e-05,,,,,1.849048251588307,-0.1509507818675786
dwell_r2_xi_0.5_p-6_Nd4001_dt1,main,dwell,2,xi_0.5,-6,4001,1.0,2.5350000000000003e-06,0.07321886766113006,24.501349084999674,1459,146,1313,1269.9315068493152,1196.56055,0.06565,0.5,static_lti_mh,0.050828955817894636,0.0073998318206145546,0.0016382850506939588,1.2914006998582126,6.071706293135576e-05,-4.3758122922617855e-05,2.7124781740684318e-05,1.8908850696281472,0.011320754716981131,0.17853851145788224,3.1256565052647434e-05,,,,,1.849048251588307,-0.041836818039840074
dwell_r2_xi_0.5_p-6_Nd4001_dt1,main,dwell,2,xi_0.5,-6,4001,1.0,2.5350000000000003e-06,0.07321886766113006,24.501349084999674,1459,146,1313,1269.9315068493152,1196.56055,0.06565,0.5,linear,0.05046425640051163,0.005671565209543566,0.0017503767513366829,1.2415686291269763,6.485758227192238e-05,2.8063750682619716e-07,2.3833488454724032e-05,1.849048251588307,0.011320754716981131,0.17516109455396392,3.0269959926905756e-05,,,,,1.849048251588307,0.0
dwell_r2_xi_1_p-6_Nd4001_dt1,main,dwell,2,xi_1,-6,4001,1.0,2.5350000000000003e-06,0.07321886766113006,25.270981089997804,1459,73,1386,2539.8630136986303,2373.85055,0.0693,1,atomic,0.06524008749812268,0.024657292533308502,0.0015929037978935703,1.294377904023895,5.969031237675975e-05,-6.358754200024964e-05,4.1421691801201416e-05,1.999467092050029,0.0,0.18762946713263998,5.240476407256199e-05,0.06666112873037029,0.019429853367696755,0.07299683261504177,0.01869364058086034,1.9922342772969932,-0.007232814753035832
dwell_r2_xi_1_p-6_Nd4001_dt1,main,dwell,2,xi_1,-6,4001,1.0,2.5350000000000003e-06,0.07321886766113006,25.270981089997804,1459,73,1386,2539.8630136986303,2373.85055,0.0693,1,static,0.0035251935933975236,0.003485196796994547,0.0016402379032495196,1.2686458033880321,5.964988640555631e-05,1.2194528429519204e-08,2.8431939550797765e-06,1.9999999999999982,0.0,0.10391222694348048,1.52259774175602e-05,,,,,1.9922342772969932,-0.007765722703005018
dwell_r2_xi_1_p-6_Nd4001_dt1,main,dwell,2,xi_1,-6,4001,1.0,2.5350000000000003e-06,0.07321886766113006,25.270981089997804,1459,73,1386,2539.8630136986303,2373.85055,0.0693,1,static_lti,0.04414849526910812,0.005907460645997521,0.0016375317942071079,1.288237707509938,6.074754086726268e-05,-1.2968349785715732e-06,1.8483319007067204e-05,1.9998798315167041,0.0,0.13790351434554068,2.6160120073973598e-05,,,,,1.9922342772969932,-0.007645554219710915
dwell_r2_xi_1_p-6_Nd4001_dt1,main,dwell,2,xi_1,-6,4001,1.0,2.5350000000000003e-06,0.07321886766113006,25.270981089997804,1459,73,1386,2539.8630136986303,2373.85055,0.0693,1,static_mh,0.011533814240600742,0.011422778523402823,0.001640383265793335,1.2695367111779463,5.989451905205267e-05,-4.403102304226668e-05,3.925250705918509e-05,1.9999999999992466,0.0,0.13379956158085796,2.2369255587082367e-05,,,,,1.9922342772969932,-0.007765722702253397
dwell_r2_xi_1_p-6_Nd4001_dt1,main,dwell,2,xi_1,-6,4001,1.0,2.5350000000000003e-06,0.07321886766113006,25.270981089997804,1459,73,1386,2539.8630136986303,2373.85055,0.0693,1,static_lti_mh,0.0446169941425085,0.006235438106624671,0.001637685649788443,1.2882471078456104,6.076675477828678e-05,-4.5297202588880286e-05,2.987212334103055e-05,1.999863045186901,0.0,0.1382393416947717,2.631776990635285e-05,,,,,1.9922342772969932,-0.00762876788990785
dwell_r2_xi_1_p-6_Nd4001_dt1,main,dwell,2,xi_1,-6,4001,1.0,2.5350000000000003e-06,0.07321886766113006,25.270981089997804,1459,73,1386,2539.8630136986303,2373.85055,0.0693,1,linear,0.0438336242487226,0.004546979291506296,0.0017496829112196978,1.2376388889050904,6.490010522672293e-05,-1.451925855301585e-06,2.055908347979695e-05,1.9922342772969932,0.0037735849056603774,0.13444741874343344,2.4593100335106505e-05,,,,,1.9922342772969932,0.0
dwell_r2_xi_2_p-6_Nd4001_dt1,main,dwell,2,xi_2,-6,4001,1.0,2.5350000000000003e-06,0.07321886766113006,33.03960601300059,1459,37,1422,5011.081081081081,4664.79323,0.0711,2,atomic,0.06480370624985095,0.02795228702010677,0.0015659244533828202,1.2931013783853653,5.870765341959453e-05,-6.205469915087458e-05,4.6538493955168307e-05,1.97126657779491,0.0037735849056603774,0.1938203560923623,6.147467172771673e-05,0.06446641518821508,0.022432419011878108,0.06918846536119272,0.021865358841492582,1.9984409794251912,0.027174401630281064
dwell_r2_xi_2_p-6_Nd4001_dt1,main,dwell,2,xi_2,-6,4001,1.0,2.5350000000000003e-06,0.07321886766113006,33.03960601300059,1459,37,1422,5011.081081081081,4664.79323,0.0711,2,static,0.0033344341492155547,0.0033252326627662447,0.0016386694444894454,1.2686283247939105,5.963596137431734e-05,-2.7753257365965723e-08,2.5372108491245184e-06,2.0,0.0,0.10436591420729162,1.5125274422141227e-05,,,,,1.9984409794251912,-0.0015590205748088337
dwell_r2_xi_2_p-6_Nd4001_dt1,main,dwell,2,xi_2,-6,4001,1.0,2.5350000000000003e-06,0.07321886766113006,33.03960601300059,1459,37,1422,5011.081081081081,4664.79323,0.0711,2,static_lti,0.040058386747817115,0.00549717462132037,0.0016320981266701035,1.2857362710139046,6.047137054183954e-05,-1.775557956657118e-06,1.633663775155754e-05,1.9997424328836089,0.0,0.13245616145572364,2.7974572150653336e-05,,,,,1.9984409794251912,-0.0013014534584177007
dwell_r2_xi_2_p-6_Nd4001_dt1,main,dwell,2,xi_2,-6,4001,1.0,2.5350000000000003e-06,0.07321886766113006,33.03960601300059,1459,37,1422,5011.081081081081,4664.79323,0.0711,2,static_mh,0.008997400159223035,0.008955102556551443,0.001639096383684849,1.269663754164367,5.9820241561113194e-05,-4.406668875310978e-05,3.9735099560132225e-05,1.9999999999391609,0.0,0.12322030232141726,2.35329889126041e-05,,,,,1.9984409794251912,-0.0015590205139697222
dwell_r2_xi_2_p-6_Nd4001_dt1,main,dwell,2,xi_2,-6,4001,1.0,2.5350000000000003e-06,0.07321886766113006,33.03960601300059,1459,37,1422,5011.081081081081,4664.79323,0.0711,2,static_lti_mh,0.040476559108012684,0.005818024745091289,0.0016322665742604088,1.2857023398580834,6.048977481571172e-05,-4.581539928058949e-05,3.319681316146936e-05,1.9988889563302976,0.0,0.13205587231601895,2.8301662674406772e-05,,,,,1.9984409794251912,-0.00044797690510645083
dwell_r2_xi_2_p-6_Nd4001_dt1,main,dwell,2,xi_2,-6,4001,1.0,2.5350000000000003e-06,0.07321886766113006,33.03960601300059,1459,37,1422,5011.081081081081,4664.79323,0.0711,2,linear,0.03895115911735513,0.0039300076110542845,0.0017437958632438924,1.2352170438488865,6.457369887013396e-05,-2.0605339159984777e-06,1.8094873747621753e-05,1.9984409794251912,0.0,0.12640172598977478,2.4882628179117173e-05,,,,,1.9984409794251912,0.0
dwell_r2_xi_4_p-6_Nd4001_dt1,main,dwell,2,xi_4,-6,4001,1.0,2.5350000000000003e-06,0.07321886766113006,27.658623875999183,1459,18,1441,10300.555555555555,9568.40055,0.07205,4,atomic,0.07199629747070004,0.03281132390819025,0.0015430687149081243,1.2967667797037137,5.8042677073521e-05,-5.570819428652847e-05,5.535716773328727e-05,1.998580609169106,0.0,0.18812350161111824,5.6158211808279215e-05,0.06872124383939641,0.02644458424805947,0.0728854942497258,0.025998260479951147,1.9997482027849882,0.0011675936158821454
dwell_r2_xi_4_p-6_Nd4001_dt1,main,dwell,2,xi_4,-6,4001,1.0,2.5350000000000003e-06,0.07321886766113006,27.658623875999183,1459,18,1441,10300.555555555555,9568.40055,0.07205,4,static,0.0032895836157869744,0.003264293491835447,0.0016385403734266507,1.2682506652492542,5.962882666014206e-05,3.612920649176836e-08,2.3820152573919645e-06,1.9999999999999905,0.0,0.10360396875259084,1.496203532708923e-05,,,,,1.9997482027849882,-0.0002517972150022363
dwell_r2_xi_4_p-6_Nd4001_dt1,main,dwell,2,xi_4,-6,4001,1.0,2.5350000000000003e-06,0.07321886766113006,27.658623875999183,1459,18,1441,10300.555555555555,9568.40055,0.07205,4,static_lti,0.03964478897492322,0.005341414597532557,0.0016218801032244809,1.286101525982251,6.008189522461513e-05,-4.949766126017599e-08,1.515933772129606e-05,1.999858869344934,0.0,0.12854575724045816,2.0828016644508926e-05,,,,,1.9997482027849882,-0.00011066655994573793
dwell_r2_xi_4_p-6_Nd4001_dt1,main,dwell,2,xi_4,-6,4001,1.0,2.5350000000000003e-06,0.07321886766113006,27.658623875999183,1459,18,1441,10300.555555555555,9568.40055,0.07205,4,static_mh,0.007803221470810752,0.0077536912935433685,0.001637450469035112,1.2680103406165815,5.972368922693392e-05,-4.400437232918509e-05,3.994587907514337e-05,1.9999999998008129,0.0,0.12017461962656693,1.946278313261899e-05,,,,,1.9997482027849882,-0.00025179701582467295
dwell_r2_xi_4_p-6_Nd4001_dt1,main,dwell,2,xi_4,-6,4001,1.0,2.5350000000000003e-06,0.07321886766113006,27.658623875999183,1459,18,1441,10300.555555555555,9568.40055,0.07205,4,static_lti_mh,0.03991590039182806,0.005668351530930187,0.0016218109672266274,1.2861347862470314,6.008723009249951e-05,-4.394878383424361e-05,3.718655762996606e-05,1.9999710232639356,0.0,0.1286727609484791,2.077922290402457e-05,,,,,1.9997482027849882,-0.0002228204789473942
dwell_r2_xi_4_p-6_Nd4001_dt1,main,dwell,2,xi_4,-6,4001,1.0,2.5350000000000003e-06,0.07321886766113006,27.658623875999183,1459,18,1441,10300.555555555555,9568.40055,0.07205,4,linear,0.03782775709171677,0.0037027645424214423,0.0017323978536884063,1.2357536800196622,6.411988888285175e-05,4.6006046725881775e-08,1.6577612445083025e-05,1.9997482027849882,0.0,0.11873336189432084,1.7631906072441066e-05,,,,,1.9997482027849882,0.0
dwell_r3_xi_0.05_p-6_Nd4001_dt1,main,dwell,3,xi_0.05,-6,4001,1.0,2.5350000000000003e-06,0.07321886766113006,25.63511183800074,1459,1459,0,127.08019191226867,137.08073,0.0,0.05,atomic,0.24090526279029728,0.05302984037070912,0.0016324896970060013,1.3320171504482983,6.30217036565288e-05,-5.571671872069896e-05,9.340277102763746e-05,1.4495041535888413,0.2,0.43976839743245694,0.00026376756637453016,0.21332820294125024,0.046267428795307194,0.30107729923842,0.03739733745283842,1.5814032500896582,0.13189909650081688
dwell_r3_xi_0.05_p-6_Nd4001_dt1,main,dwell,3,xi_0.05,-6,4001,1.0,2.5350000000000003e-06,0.07321886766113006,25.63511183800074,1459,1459,0,127.08019191226867,137.08073,0.0,0.05,static,0.008634749006759446,0.007760319986258796,0.0016492443782196893,1.261513120105187,5.743062463914832e-05,1.1421119860573847e-07,9.70987974236848e-06,1.9999996733673213,0.0,0.1300729985872404,2.023783321525935e-05,,,,,1.5814032500896582,-0.4185964232776631
dwell_r3_xi_0.05_p-6_Nd4001_dt1,main,dwell,3,xi_0.05,-6,4001,1.0,2.5350000000000003e-06,0.07321886766113006,25.63511183800074,1459,1459,0,127.08019191226867,137.08073,0.0,0.05,static_lti,0.16332544677390098,0.009242901250241643,0.0017193522515370923,1.340702402650196,6.427038992868126e-05,-1.8690634207418995e-06,6.018555456968493e-05,1.6567389567707231,0.1169811320754717,0.371693623863464,0.00019572345337777163,,,,,1.5814032500896582,-0.07533570668106493
dwell_r3_xi_0.05_p-6_Nd4001_dt1,main,dwell,3,xi_0.05,-6,4001,1.0,2.5350000000000003e-06,0.07321886766113006,25.63511183800074,1459,1459,0,127.08019191226867,137.08073,0.0,0.05,static_mh,0.16640271607243032,0.16519756140372666,0.001646772904497342,1.26305632578515,6.163678649142178e-05,-4.3744383735561413e-05,1.5052092972051731e-05,1.8762010491399665,0.0037735849056603774,0.4069170710663842,0.00023072118919695666,,,,,1.5814032500896582,-0.29479779905030834
dwell_r3_xi_0.05_p-6_Nd4001_dt1,main,dwell,3,xi_0.05,-6,4001,1.0,2.5350000000000003e-06,0.07321886766113006,25.63511183800074,1459,1459,0,127.08019191226867,137.08073,0.0,0.05,static_lti_mh,0.16586492527322497,0.011474868892865904,0.0017195026460575088,1.340646394130712,6.434540043284154e-05,-4.5734114451533055e-05,6.050140423724329e-05,1.6599697688007176,0.1320754716981132,0.37466278427970007,0.00019502530883291108,,,,,1.5814032500896582,-0.07856651871105935
dwell_r3_xi_0.05_p-6_Nd4001_dt1,main,dwell,3,xi_0.05,-6,4001,1.0,2.5350000000000003e-06,0.07321886766113006,25.63511183800074,1459,1459,0,127.08019191226867,137.08073,0.0,0.05,linear,0.17878850115738842,0.009693617499467613,0.0018369217976761903,1.296139591387246,6.911573958456582e-05,-1.9304751809776956e-06,6.829790064209991e-05,1.5814032500896582,0.15471698113207547,0.38791497159057564,0.00021710974743850142,,,,,1.5814032500896582,0.0
dwell_r3_xi_0.1_p-6_Nd4001_dt1,main,dwell,3,xi_0.1,-6,4001,1.0,2.5350000000000003e-06,0.07321886766113006,24.633344797999598,1459,731,728,253.6388508891929,254.40724,0.0364,0.1,atomic,0.1428164094494759,0.03339960252157047,0.0016567438597841946,1.3089032228539434,6.327617019779811e-05,-6.383752724609218e-05,6.798366032184746e-05,1.720546833329899,0.08679245283018867,0.35949491290879765,0.00018749460123670744,0.13919054752200116,0.025346085625520903,0.171749585903863,0.02140780071494688,1.7632941173905272,0.04274728406062822
dwell_r3_xi_0.1_p-6_Nd4001_dt1,main,dwell,3,xi_0.1,-6,4001,1.0,2.5350000000000003e-06,0.07321886766113006,24.633344797999598,1459,731,728,253.6388508891929,254.40724,0.0364,0.1,static,0.005659043108922147,0.004870902208946023,0.0016410471702772746,1.26633905438318,5.881817115230807e-05,9.521667263987818e-08,6.193222051774254e-06,1.9999999970662596,0.0,0.12227792576767904,1.76438922094141e-05,,,,,1.7632941173905272,-0.23670587967573242
dwell_r3_xi_0.1_p-6_Nd4001_dt1,main,dwell,3,xi_0.1,-6,4001,1.0,2.5350000000000003e-06,0.07321886766113006,24.633344797999598,1459,731,728,253.6388508891929,254.40724,0.0364,0.1,static_lti,0.11037521993498725,0.010029428035474717,0.0016817184153259824,1.3207724090484292,6.331770774626106e-05,-4.8321185285936085e-06,4.4943406617757314e-05,1.816522260886166,0.07547169811320754,0.3162930158801125,0.00014965746950172928,,,,,1.7632941173905272,-0.05322814349563876
dwell_r3_xi_0.1_p-6_Nd4001_dt1,main,dwell,3,xi_0.1,-6,4001,1.0,2.5350000000000003e-06,0.07321886766113006,24.633344797999598,1459,731,728,253.6388508891929,254.40724,0.0364,0.1,static_mh,0.06610194884582452,0.06511547417551815,0.0016400503326583552,1.2694486718258167,6.051383432909789e-05,-4.377984767714965e-05,2.3567900793021077e-05,1.9619086575077063,0.0037735849056603774,0.28146965456844864,9.781554286959707e-05,,,,,1.7632941173905272,-0.19861454011717905
dwell_r3_xi_0.1_p-6_Nd4001_dt1,main,dwell,3,xi_0.1,-6,4001,1.0,2.5350000000000003e-06,0.07321886766113006,24.633344797999598,1459,731,728,253.6388508891929,254.40724,0.0364,0.1,static_lti_mh,0.11155948123523005,0.01134398669667035,0.0016820686184249494,1.3206084762707688,6.336464321283225e-05,-4.8710228796929413e-05,4.5623162533258404e-05,1.818004847918877,0.06415094339622641,0.31838290922403456,0.00015060958254241763,,,,,1.7632941173905272,-0.05471073052834985
dwell_r3_xi_0.1_p-6_Nd4001_dt1,main,dwell,3,xi_0.1,-6,4001,1.0,2.5350000000000003e-06,0.07321886766113006,24.633344797999598,1459,731,728,253.6388508891929,254.40724,0.0364,0.1,linear,0.11816365224684684,0.01011860363452835,0.0018002333532500508,1.272287872348778,6.801232899397735e-05,-5.4330682642146125e-06,5.081740332026367e-05,1.7632941173905272,0.09811320754716982,0.3302586189933671,0.00016162518150677948,,,,,1.7632941173905272,0.0
dwell_r3_xi_0.25_p-6_Nd4001_dt1,main,dwell,3,xi_0.25,-6,4001,1.0,2.5350000000000003e-06,0.07321886766113006,30.570866564001335,1459,293,1166,632.7986348122867,605.90671,0.0583,0.25,atomic,0.09433936278110466,0.032521001029593904,0.0015820902406866427,1.2990553000711014,5.968884772628551e-05,-6.918652007531658e-05,5.1028104885285515e-05,1.9155308586159412,0.018867924528301886,0.24759181983098627,9.44033004976332e-05,0.09587068783340136,0.024588087558977057,0.11628133496078605,0.022653901765194242,1.9643723814482161,0.04884152283227494
dwell_r3_xi_0.25_p-6_Nd4001_dt1,main,dwell,3,xi_0.25,-6,4001,1.0,2.5350000000000003e-06,0.07321886766113006,30.570866564001335,1459,293,1166,632.7986348122867,605.90671,0.0583,0.25,static,0.004331274791158542,0.00399956390923214,0.0016406014381336509,1.2689982956424015,5.930555800962639e-05,-5.568180591574478e-08,4.115756464503603e-06,1.9999999999998692,0.0,0.1124096868237568,1.6661980160751162e-05,,,,,1.9643723814482161,-0.035627618551653084
dwell_r3_xi_0.25_p-6_Nd4001_dt1,main,dwell,3,xi_0.25,-6,4001,1.0,2.5350000000000003e-06,0.07321886766113006,30.570866564001335,1459,293,1166,632.7986348122867,605.90671,0.0583,0.25,static_lti,0.06808261383048934,0.00876515239158098,0.0016385325100911497,1.2976517721193324,6.107714234947235e-05,-1.9496981681132033e-06,2.6385406770940616e-05,1.9884259968668712,0.0037735849056603774,0.1884961731787807,6.1006713100426654e-05,,,,,1.9643723814482161,-0.024053615418655028
dwell_r3_xi_0.25_p-6_Nd4001_dt1,main,dwell,3,xi_0.25,-6,4001,1.0,2.5350000000000003e-06,0.07321886766113006,30.570866564001335,1459,293,1166,632.7986348122867,605.90671,0.0583,0.25,static_mh,0.02912857542132641,0.028550854604342892,0.001641544186386808,1.2707581798614436,6.006297245335816e-05,-4.402389162837473e-05,3.5910763581539056e-05,1.9992501694990419,0.0,0.17753869726619925,5.117658665797516e-05,,,,,1.9643723814482161,-0.03487778805082575
dwell_r3_xi_0.25_p-6_Nd4001_dt1,main,dwell,3,xi_0.25,-6,4001,1.0,2.5350000000000003e-06,0.07321886766113006,30.570866564001335,1459,293,1166,632.7986348122867,605.90671,0.0583,0.25,static_lti_mh,0.0688028984622336,0.009428081277933754,0.0016385754166146245,1.297602217307354,6.10993289602589e-05,-4.5927073938987355e-05,3.0076727217412785e-05,1.9825255181456103,0.007547169811320755,0.18932779076012973,6.1437501899718e-05,,,,,1.9643723814482161,-0.018153136697394157
dwell_r3_xi_0.25_p-6_Nd4001_dt1,main,dwell,3,xi_0.25,-6,4001,1.0,2.5350000000000003e-06,0.07321886766113006,30.570866564001335,1459,293,1166,632.7986348122867,605.90671,0.0583,0.25,linear,0.07032508070314043,0.008000113101732655,0.0017513088349231127,1.2477701115712838,6.534564500671891e-05,-2.3407348275261423e-06,2.9918880371454757e-05,1.9643723814482161,0.007547169811320755,0.19578590944814397,6.304750326576434e-05,,,,,1.9643723814482161,0.0
dwell_r3_xi_0.5_p-6_Nd4001_dt1,main,dwell,3,xi_0.5,-6,4001,1.0,2.5350000000000003e-06,0.07321886766113006,27.639974387999246,1459,146,1313,1269.9315068493152,1196.56055,0.06565,0.5,atomic,0.07504189377439603,0.026760796399854337,0.0015949232944777797,1.2945208052190496,5.9655013620546454e-05,-6.814828439662424e-05,5.05826301386652e-05,1.9449152434880566,0.011320754716981131,0.21903513264598523,6.047719976715489e-05,0.07691785522885354,0.02099677054981294,0.08590757768229416,0.019916092388217215,1.991595315757786,0.04668007226972937
dwell_r3_xi_0.5_p-6_Nd4001_dt1,main,dwell,3,xi_0.5,-6,4001,1.0,2.5350000000000003e-06,0.07321886766113006,27.639974387999246,1459,146,1313,1269.9315068493152,1196.56055,0.06565,0.5,static,0.003835387243743049,0.003722115006640439,0.0016394961246769808,1.2677630063410856,5.926150815535558e-05,1.2050890461286755e-07,3.2879938997777796e-06,1.9999999999999996,0.0,0.11012642223191388,1.5446419717779562e-05,,,,,1.991595315757786,-0.008404684242213634
dwell_r3_xi_0.5_p-6_Nd4001_dt1,main,dwell,3,xi_0.5,-6,4001,1.0,2.5350000000000003e-06,0.07321886766113006,27.639974387999246,1459,146,1313,1269.9315068493152,1196.56055,0.06565,0.5,static_lti,0.05223925958019094,0.006944482831752565,0.00163690946093234,1.2915910958875894,6.0575563474386774e-05,-3.342317069318011e-06,2.1170229011181487e-05,1.9993739351757884,0.0,0.1778671047466554,3.5815072207769524e-05,,,,,1.991595315757786,-0.007778619418002508
dwell_r3_xi_0.5_p-6_Nd4001_dt1,main,dwell,3,xi_0.5,-6,4001,1.0,2.5350000000000003e-06,0.07321886766113006,27.639974387999246,1459,146,1313,1269.9315068493152,1196.56055,0.06565,0.5,static_mh,0.016727425598766357,0.016554540392858877,0.0016372745543708522,1.2692703021195377,5.956007857508464e-05,-4.361092652410772e-05,3.79340146543888e-05,1.9999992945981688,0.0,0.16315376989718913,3.0054078754627108e-05,,,,,1.991595315757786,-0.008403978840382909
dwell_r3_xi_0.5_p-6_Nd4001_dt1,main,dwell,3,xi_0.5,-6,4001,1.0,2.5350000000000003e-06,0.07321886766113006,27.639974387999246,1459,146,1313,1269.9315068493152,1196.56055,0.06565,0.5,static_lti_mh,0.052720220020024286,0.0073936765438280035,0.001637267702889118,1.291573511687494,6.060226814200926e-05,-4.711359637223837e-05,2.8699418147960163e-05,1.999368436186435,0.0,0.1775790146357986,3.551234758982387e-05,,,,,1.991595315757786,-0.007773120428649083
dwell_r3_xi_0.5_p-6_Nd4001_dt1,main,dwell,3,xi_0.5,-6,4001,1.0,2.5350000000000003e-06,0.07321886766113006,27.639974387999246,1459,146,1313,1269.9315068493152,1196.56055,0.06565,0.5,linear,0.052717338412958864,0.005667888307473601,0.0017489718191616595,1.2416470213836681,6.47336878792322e-05,-3.602758237900673e-06,2.3958874271579665e-05,1.991595315757786,0.0037735849056603774,0.17783244052611719,3.3609767987038706e-05,,,,,1.991595315757786,0.0
dwell_r3_xi_1_p-6_Nd4001_dt1,main,dwell,3,xi_1,-6,4001,1.0,2.5350000000000003e-06,0.07321886766113006,27.149771437998425,1459,73,1386,2539.8630136986303,2373.85055,0.0693,1,atomic,0.06865106929578788,0.025127723209180726,0.0015826381210077502,1.299079237827524,5.937033191711791e-05,-6.119712937149589e-05,4.1029613465160496e-05,1.9993278205871645,0.0,0.19052045254426098,5.391483616407466e-05,0.0691795152707424,0.020429113898267626,0.07555552516150624,0.019801133135403236,1.9787866214804302,-0.020541199106734354
dwell_r3_xi_1_p-6_Nd4001_dt1,main,dwell,3,xi_1,-6,4001,1.0,2.5350000000000003e-06,0.07321886766113006,27.149771437998425,1459,73,1386,2539.8630136986303,2373.85055,0.0693,1,static,0.0034992267010069155,0.0034546662465230246,0.0016380782636869636,1.2681115776450376,5.9552817753804384e-05,8.472626799948064e-08,2.8200816124284904e-06,1.9999999999926323,0.0,0.107822431017003,1.3999157986781842e-05,,,,,1.9787866214804302,-0.021213378512202175
dwell_r3_xi_1_p-6_Nd4001_dt1,main,dwell,3,xi_1,-6,4001,1.0,2.5350000000000003e-06,0.07321886766113006,27.149771437998425,1459,73,1386,2539.8630136986303,2373.85055,0.0693,1,static_lti,0.04676849198404055,0.006085301588361892,0.0016294846101227748,1.2890894122251044,6.050214144902545e-05,-1.296873965328669e-06,1.9583156373107715e-05,1.9921058814908181,0.0037735849056603774,0.14987630420470477,3.121298072602211e-05,,,,,1.9787866214804302,-0.013319260010387968
dwell_r3_xi_1_p-6_Nd4001_dt1,main,dwell,3,xi_1,-6,4001,1.0,2.5350000000000003e-06,0.07321886766113006,27.149771437998425,1459,73,1386,2539.8630136986303,2373.85055,0.0693,1,static_mh,0.011582155579200584,0.011487234859560526,0.0016369405297500515,1.2681536405603362,5.975328564654906e-05,-4.3953404158197825e-05,3.9180087259300243e-05,1.9999999999997624,0.0,0.13920656464543407,2.0248795499454652e-05,,,,,1.9787866214804302,-0.02121337851933225
dwell_r3_xi_1_p-6_Nd4001_dt1,main,dwell,3,xi_1,-6,4001,1.0,2.5350000000000003e-06,0.07321886766113006,27.149771437998425,1459,73,1386,2539.8630136986303,2373.85055,0.0693,1,static_lti_mh,0.047180023709350226,0.0063943500943261615,0.0016295518296370521,1.289101002996619,6.051660885258523e-05,-4.530203791480362e-05,2.986239236333499e-05,1.9977043081196895,0.0,0.15077068710535196,3.160575429940559e-05,,,,,1.9787866214804302,-0.0189176866392593
dwell_r3_xi_1_p-6_Nd4001_dt1,main,dwell,3,xi_1,-6,4001,1.0,2.5350000000000003e-06,0.07321886766113006,27.149771437998425,1459,73,1386,2539.8630136986303,2373.85055,0.0693,1,linear,0.04601237001309528,0.00453597522549963,0.0017411480686698752,1.2387924529854604,6.461984739041519e-05,-1.2849510590532462e-06,2.1750966445990405e-05,1.9787866214804302,0.0037735849056603774,0.14258192939249134,2.949614347000823e-05,,,,,1.9787866214804302,0.0
dwell_r3_xi_2_p-6_Nd4001_dt1,main,dwell,3,xi_2,-6,4001,1.0,2.5350000000000003e-06,0.07321886766113006,25.319021586001327,1459,37,1422,5011.081081081081,4664.79323,0.0711,2,atomic,0.06922212789498247,0.0276917858652684,0.0015653638767341744,1.2987928622738822,5.876679491985553e-05,-5.915607110478753e-05,4.784539368837915e-05,1.9618355274394887,0.0037735849056603774,0.19090304132367253,5.445195926259835e-05,0.06854649686239214,0.022361850874421368,0.0727839659924014,0.021863774980160466,1.9997769565274444,0.037941429087955614
dwell_r3_xi_2_p-6_Nd4001_dt1,main,dwell,3,xi_2,-6,4001,1.0,2.5350000000000003e-06,0.07321886766113006,25.319021586001327,1459,37,1422,5011.081081081081,4664.79323,0.0711,2,static,0.003377591960735424,0.0033401778202332005,0.0016390562417296834,1.2683116887570316,5.9611998046639334e-05,1.2781348423919255e-08,2.511236548069341e-06,2.0,0.0,0.10446077734776596,1.4584937980270247e-05,,,,,1.9997769565274444,-0.0002230434725556396
dwell_r3_xi_2_p-6_Nd4001_dt1,main,dwell,3,xi_2,-6,4001,1.0,2.5350000000000003e-06,0.07321886766113006,25.319021586001327,1459,37,1422,5011.081081081081,4664.79323,0.0711,2,static_lti,0.044136472248447696,0.005598395907773301,0.0016251192592503171,1.288637143989374,6.029200900438686e-05,-2.242459038549217e-06,1.6634271745713934e-05,1.9999625004620698,0.0,0.13266591284680945,2.4329670320231702e-05,,,,,1.9997769565274444,-0.00018554393462544283
dwell_r3_xi_2_p-6_Nd4001_dt1,main,dwell,3,xi_2,-6,4001,1.0,2.5350000000000003e-06,0.07321886766113006,25.319021586001327,1459,37,1422,5011.081081081081,4664.79323,0.0711,2,static_mh,0.008948590149118283,0.008900934804479737,0.0016394023511116511,1.2696067304127667,5.979162776993249e-05,-4.402803315928394e-05,3.975595283671456e-05,1.999993341547872,0.0,0.1324611029228986,2.0476749939975132e-05,,,,,1.9997769565274444,-0.00021638502042753416
dwell_r3_xi_2_p-6_Nd4001_dt1,main,dwell,3,xi_2,-6,4001,1.0,2.5350000000000003e-06,0.07321886766113006,25.319021586001327,1459,37,1422,5011.081081081081,4664.79323,0.0711,2,static_lti_mh,0.04448586798559998,0.005962366550849826,0.0016252987562350722,1.2885634280162066,6.030858525386144e-05,-4.6281962030918916e-05,3.22913707896222e-05,1.999996641652427,0.0,0.13283313835073882,2.4424780043185184e-05,,,,,1.9997769565274444,-0.00021968512498271586
dwell_r3_xi_2_p-6_Nd4001_dt1,main,dwell,3,xi_2,-6,4001,1.0,2.5350000000000003e-06,0.07321886766113006,25.319021586001327,1459,37,1422,5011.081081081081,4664.79323,0.0711,2,linear,0.043068421303318664,0.004056054331407109,0.0017362587185077297,1.2382066199492006,6.437670863923381e-05,-2.5049619521248046e-06,1.8410527156969855e-05,1.9997769565274444,0.0,0.12688718797714593,2.0792944389283684e-05,,,,,1.9997769565274444,0.0
dwell_r3_xi_4_p-6_Nd4001_dt1,main,dwell,3,xi_4,-6,4001,1.0,2.5350000000000003e-06,0.07321886766113006,37.817607065997436,1459,18,1441,10300.555555555555,9568.40055,0.07205,4,atomic,0.0712139125884537,0.03296188884290767,0.0015353397385303926,1.2974730005891113,5.774384912553086e-05,-5.639791488782582e-05,5.768157534720745e-05,1.999904551112194,0.0,0.20167094705715197,6.171424569239487e-05,0.06811492668897867,0.026195241925714315,0.07170744070337012,0.025650652758767094,1.999999999704195,9.544859200105726e-05
dwell_r3_xi_4_p-6_Nd4001_dt1,main,dwell,3,xi_4,-6,4001,1.0,2.5350000000000003e-06,0.07321886766113006,37.817607065997436,1459,18,1441,10300.555555555555,9568.40055,0.07205,4,static,0.003315276474226782,0.0033082147410639032,0.001638536765134298,1.2678037188511082,5.9635963539572844e-05,-2.6595423561034837e-08,2.3030981477165528e-06,2.0,0.0,0.10397791630522267,1.5564141511793754e-05,,,,,1.999999999704195,-2.958049361012627e-10
dwell_r3_xi_4_p-6_Nd4001_dt1,main,dwell,3,xi_4,-6,4001,1.0,2.5350000000000003e-06,0.07321886766113006,37.817607065997436,1459,18,1441,10300.555555555555,9568.40055,0.07205,4,static_lti,0.039665215163053776,0.005255055182567539,0.0016235733173230597,1.2865151982605525,6.015295803686672e-05,-6.74400233452374e-07,1.538231795269108e-05,1.9999999995359818,0.0,0.13128924244158877,2.4193167471114105e-05,,,,,1.999999999704195,1.6821322113003134e-10
dwell_r3_xi_4_p-6_Nd4001_dt1,main,dwell,3,xi_4,-6,4001,1.0,2.5350000000000003e-06,0.07321886766113006,37.817607065997436,1459,18,1441,10300.555555555555,9568.40055,0.07205,4,static_mh,0.0077711126248221594,0.007758402356457855,0.0016390729441552272,1.2678157743996228,5.978580831379966e-05,-4.406257876952964e-05,4.0023932219820156e-05,1.999999999999688,0.0,0.11866914127638273,2.1613473166240223e-05,,,,,1.999999999704195,-2.95492963431343e-10
dwell_r3_xi_4_p-6_Nd4001_dt1,main,dwell,3,xi_4,-6,4001,1.0,2.5350000000000003e-06,0.07321886766113006,37.817607065997436,1459,18,1441,10300.555555555555,9568.40055,0.07205,4,static_lti_mh,0.039970602696573904,0.005531715771669188,0.0016235897401214556,1.2865065320282723,6.0162384080230244e-05,-4.470886182950823e-05,3.681692437752287e-05,1.9999999994730482,0.0,0.13144265983421377,2.4482182575821717e-05,,,,,1.999999999704195,2.3114687941472312e-10
dwell_r3_xi_4_p-6_Nd4001_dt1,main,dwell,3,xi_4,-6,4001,1.0,2.5350000000000003e-06,0.07321886766113006,37.817607065997436,1459,18,1441,10300.555555555555,9568.40055,0.07205,4,linear,0.03807577600263828,0.003624790582521735,0.0017344013422493434,1.236033294818942,6.420545210208824e-05,-7.599948417866063e-07,1.6877716053148336e-05,1.999999999704195,0.0,0.12115676163101413,2.0798347565563508e-05,,,,,1.999999999704195,0.0
dwell_r4_xi_0.05_p-6_Nd4001_dt1,main,dwell,4,xi_0.05,-6,4001,1.0,2.5350000000000003e-06,0.07321886766113006,28.864669022997987,1459,1459,0,127.08019191226867,137.08073,0.0,0.05,atomic,0.25324281059666287,0.05883844704155386,0.001596714383131341,1.3266080379458896,6.195765999649588e-05,-8.181041039503864e-05,9.806225184144705e-05,1.20535114225859,0.2339622641509434,0.5354920943193315,0.00027234875362836924,0.22107301590144973,0.05364897732372618,0.3094637833457969,0.04417578348851349,1.4146305628680076,0.2092794206094175
dwell_r4_xi_0.05_p-6_Nd4001_dt1,main,dwell,4,xi_0.05,-6,4001,1.0,2.5350000000000003e-06,0.07321886766113006,28.864669022997987,1459,1459,0,127.08019191226867,137.08073,0.0,0.05,static,0.008739902292070875,0.00787450572274003,0.0016474826023871341,1.263717638614778,5.737794176269996e-05,-5.8523470602499967e-08,9.788800311768633e-06,1.9998495930891038,0.0,0.13946978178696526,2.0181575511354493e-05,,,,,1.4146305628680076,-0.5852190302210962
dwell_r4_xi_0.05_p-6_Nd4001_dt1,main,dwell,4,xi_0.05,-6,4001,1.0,2.5350000000000003e-06,0.07321886766113006,28.864669022997987,1459,1459,0,127.08019191226867,137.08073,0.0,0.05,static_lti,0.16314385393081693,0.009215213569473265,0.0017210643575785258,1.3375816550269561,6.434670237412706e-05,-1.4015657431132375e-06,6.24876904231996e-05,1.5173665940932608,0.1811320754716981,0.43654433428541506,0.00019003702326513523,,,,,1.4146305628680076,-0.10273603122525321
dwell_r4_xi_0.05_p-6_Nd4001_dt1,main,dwell,4,xi_0.05,-6,4001,1.0,2.5350000000000003e-06,0.07321886766113006,28.864669022997987,1459,1459,0,127.08019191226867,137.08073,0.0,0.05,static_mh,0.16485831542377496,0.16301934143474436,0.0016501680795819168,1.2665124428372678,6.17342227725615e-05,-4.394128466716527e-05,1.5459625715663208e-05,1.872828257998682,0.011320754716981131,0.40922963367028803,0.00019949320144969736,,,,,1.4146305628680076,-0.4581976951306743
dwell_r4_xi_0.05_p-6_Nd4001_dt1,main,dwell,4,xi_0.05,-6,4001,1.0,2.5350000000000003e-06,0.07321886766113006,28.864669022997987,1459,1459,0,127.08019191226867,137.08073,0.0,0.05,static_lti_mh,0.1660129135608075,0.011572433160704828,0.0017215950513445033,1.337416172849831,6.444546708744997e-05,-4.528433958759118e-05,6.259631089378539e-05,1.5142805920087887,0.17735849056603772,0.4399362103323655,0.0001919753014480289,,,,,1.4146305628680076,-0.09965002914078114
dwell_r4_xi_0.05_p-6_Nd4001_dt1,main,dwell,4,xi_0.05,-6,4001,1.0,2.5350000000000003e-06,0.07321886766113006,28.864669022997987,1459,1459,0,127.08019191226867,137.08073,0.0,0.05,linear,0.17839869623031895,0.009703386095268782,0.0018391351912638233,1.2928636097460704,6.920617685455547e-05,-1.8443503408099339e-06,7.121293428640828e-05,1.4146305628680076,0.21509433962264152,0.45372381553046637,0.000209827905860729,,,,,1.4146305628680076,0.0
dwell_r4_xi_0.1_p-6_Nd4001_dt1,main,dwell,4,xi_0.1,-6,4001,1.0,2.5350000000000003e-06,0.07321886766113006,26.301919612000347,1459,731,728,253.6388508891929,254.40724,0.0364,0.1,atomic,0.13855314353136206,0.033195086006261275,0.0016540815866496498,1.3079035836606678,6.311468031533439e-05,-6.33188103382858e-05,5.83890610835787e-05,1.7873954398536076,0.04905660377358491,0.32432825471016036,0.0001419318700059826,0.13553719894816846,0.024852883320215676,0.17177873867914925,0.020991492709596906,1.7974845989533195,0.010089159099711864
dwell_r4_xi_0.1_p-6_Nd4001_dt1,main,dwell,4,xi_0.1,-6,4001,1.0,2.5350000000000003e-06,0.07321886766113006,26.301919612000347,1459,731,728,253.6388508891929,254.40724,0.0364,0.1,static,0.005723532831660649,0.0048962534609413135,0.0016428693439518277,1.2667315800790209,5.894742238927954e-05,-2.462188780185699e-07,6.276587484689775e-06,1.9999999995784543,0.0,0.11542058483294733,1.8538250309450062e-05,,,,,1.7974845989533195,-0.20251540062513484
dwell_r4_xi_0.1_p-6_Nd4001_dt1,main,dwell,4,xi_0.1,-6,4001,1.0,2.5350000000000003e-06,0.07321886766113006,26.301919612000347,1459,731,728,253.6388508891929,254.40724,0.0364,0.1,static_lti,0.1074406010043363,0.009772615614926327,0.0016836596744509071,1.3203801640222306,6.337014769786529e-05,-1.5324529809119282e-06,4.3312399524614856e-05,1.847333562933456,0.04905660377358491,0.29328517356356054,0.00011534842799466246,,,,,1.7974845989533195,-0.049848963980136496
dwell_r4_xi_0.1_p-6_Nd4001_dt1,main,dwell,4,xi_0.1,-6,4001,1.0,2.5350000000000003e-06,0.07321886766113006,26.301919612000347,1459,731,728,253.6388508891929,254.40724,0.0364,0.1,static_mh,0.06538961021888029,0.06411471259182198,0.0016485286634637334,1.270331356573108,6.088615190291077e-05,-4.416922018814474e-05,2.3704008620463737e-05,1.9731783143177801,0.0037735849056603774,0.2707515800092289,9.510913021949342e-05,,,,,1.7974845989533195,-0.17569371536446066
dwell_r4_xi_0.1_p-6_Nd4001_dt1,main,dwell,4,xi_0.1,-6,4001,1.0,2.5350000000000003e-06,0.07321886766113006,26.301919612000347,1459,731,728,253.6388508891929,254.40724,0.0364,0.1,static_lti_mh,0.10875038976157776,0.011144671440869341,0.0016836428120652577,1.3202994014620977,6.340640217320382e-05,-4.546896999693043e-05,4.4572072678856395e-05,1.8506273013332286,0.04905660377358491,0.29567551640350814,0.00011839037566244651,,,,,1.7974845989533195,-0.053142702379909146
dwell_r4_xi_0.1_p-6_Nd4001_dt1,main,dwell,4,xi_0.1,-6,4001,1.0,2.5350000000000003e-06,0.07321886766113006,26.301919612000347,1459,731,728,253.6388508891929,254.40724,0.0364,0.1,linear,0.11568236705338872,0.009933384158316431,0.0018021426364159172,1.2718064940152924,6.807810881176706e-05,-2.3207912970393167e-06,4.874505011638193e-05,1.7974845989533195,0.06792452830188679,0.3036515132665791,0.00012682846197094552,,,,,1.7974845989533195,0.0
dwell_r4_xi_0.25_p-6_Nd4001_dt1,main,dwell,4,xi_0.25,-6,4001,1.0,2.5350000000000003e-06,0.07321886766113006,25.272328745999403,1459,293,1166,632.7986348122867,605.90671,0.0583,0.25,atomic,0.08745492876297388,0.028139138500119953,0.0016165013150965747,1.2960712834099175,6.076984511607477e-05,-6.449382438213251e-05,4.930005656440351e-05,1.9365275930095927,0.01509433962264151,0.24856319668513943,8.371906329773508e-05,0.09053446333829457,0.02095633850118656,0.10859474932687058,0.019141904221970294,1.9663957512983827,0.02986815828879008
dwell_r4_xi_0.25_p-6_Nd4001_dt1,main,dwell,4,xi_0.25,-6,4001,1.0,2.5350000000000003e-06,0.07321886766113006,25.272328745999403,1459,293,1166,632.7986348122867,605.90671,0.0583,0.25,static,0.004409025370338696,0.00408913962199822,0.0016393428604886576,1.2682874096701462,5.9230732772365986e-05,-1.245083936201549e-07,4.283624188316613e-06,1.9999999993841782,0.0,0.1036995325144082,1.8532080771609858e-05,,,,,1.9663957512983827,-0.03360424808579543
dwell_r4_xi_0.25_p-6_Nd4001_dt1,main,dwell,4,xi_0.25,-6,4001,1.0,2.5350000000000003e-06,0.07321886766113006,25.272328745999403,1459,293,1166,632.7986348122867,605.90671,0.0583,0.25,static_lti,0.06470159321104038,0.008531433043847774,0.0016595553388966651,1.296690109686736,6.172869496322853e-05,1.214691214474541e-07,2.6647069520204515e-05,1.982328654220111,0.007547169811320755,0.21178560645268774,6.743418095333266e-05,,,,,1.9663957512983827,-0.01593290292172833
dwell_r4_xi_0.25_p-6_Nd4001_dt1,main,dwell,4,xi_0.25,-6,4001,1.0,2.5350000000000003e-06,0.07321886766113006,25.272328745999403,1459,293,1166,632.7986348122867,605.90671,0.0583,0.25,static_mh,0.028614488222381784,0.028218896874941828,0.001641841881675099,1.2693090533681262,6.0025779465457926e-05,-4.397588707780829e-05,3.596285108802622e-05,1.999099554506215,0.0,0.17676948974024018,6.140757836800081e-05,,,,,1.9663957512983827,-0.03270380320783217
dwell_r4_xi_0.25_p-6_Nd4001_dt1,main,dwell,4,xi_0.25,-6,4001,1.0,2.5350000000000003e-06,0.07321886766113006,25.272328745999403,1459,293,1166,632.7986348122867,605.90671,0.0583,0.25,static_lti_mh,0.06532316854769697,0.009133240337088148,0.0016596284869272828,1.2966681550435046,6.17492874542185e-05,-4.3711939748003666e-05,2.9338630398210384e-05,1.9781558324298414,0.007547169811320755,0.21230076711847273,6.779114709303846e-05,,,,,1.9663957512983827,-0.011760081131458655
dwell_r4_xi_0.25_p-6_Nd4001_dt1,main,dwell,4,xi_0.25,-6,4001,1.0,2.5350000000000003e-06,0.07321886766113006,25.272328745999403,1459,293,1166,632.7986348122867,605.90671,0.0583,0.25,linear,0.06751077493207396,0.007914519554286055,0.0017743915109811972,1.246850999392864,6.608295405235872e-05,-1.5972782621738303e-07,3.0195964354621285e-05,1.9663957512983827,0.011320754716981131,0.2166919490221963,6.975440600158363e-05,,,,,1.9663957512983827,0.0
dwell_r4_xi_0.5_p-6_Nd4001_dt1,main,dwell,4,xi_0.5,-6,4001,1.0,2.5350000000000003e-06,0.07321886766113006,24.39352658899952,1459,146,1313,1269.9315068493152,1196.56055,0.06565,0.5,atomic,0.07629444424244046,0.028751081525359372,0.0015810838934481176,1.2989365223696563,5.915646186410163e-05,-6.581259054007792e-05,5.220557169010725e-05,1.9282924795799317,0.011320754716981131,0.23327934469732628,5.560031358925089e-05,0.0771081919670583,0.022722015983770796,0.084697702255885,0.0216491728952544,1.9145896568590177,-0.013702822720913943
dwell_r4_xi_0.5_p-6_Nd4001_dt1,main,dwell,4,xi_0.5,-6,4001,1.0,2.5350000000000003e-06,0.07321886766113006,24.39352658899952,1459,146,1313,1269.9315068493152,1196.56055,0.06565,0.5,static,0.003849152902567801,0.0037070361980697463,0.001640122875328217,1.267419103781479,5.927037269295864e-05,-7.031353872361998e-08,3.3688638762942075e-06,1.9999999999956297,0.0,0.11070881472433824,1.5541873862561826e-05,,,,,1.9145896568590177,-0.085410343136612
dwell_r4_xi_0.5_p-6_Nd4001_dt1,main,dwell,4,xi_0.5,-6,4001,1.0,2.5350000000000003e-06,0.07321886766113006,24.39352658899952,1459,146,1313,1269.9315068493152,1196.56055,0.06565,0.5,static_lti,0.05235113027695381,0.006951547191026842,0.0016377425340422804,1.2921714967878477,6.0595892863956074e-05,1.1256128663188674e-06,2.0862849846033327e-05,1.9270649370895476,0.007547169811320755,0.18455167446707693,3.279172129046264e-05,,,,,1.9145896568590177,-0.012475280230529906
dwell_r4_xi_0.5_p-6_Nd4001_dt1,main,dwell,4,xi_0.5,-6,4001,1.0,2.5350000000000003e-06,0.07321886766113006,24.39352658899952,1459,146,1313,1269.9315068493152,1196.56055,0.06565,0.5,static_mh,0.016482804859070534,0.016258302534098674,0.0016424377734407605,1.2678806581041577,5.9727731075772165e-05,-4.37788720987811e-05,3.805048263785381e-05,1.9999964476888255,0.0,0.16948438407153565,3.0396051622755324e-05,,,,,1.9145896568590177,-0.08540679082980773
dwell_r4_xi_0.5_p-6_Nd4001_dt1,main,dwell,4,xi_0.5,-6,4001,1.0,2.5350000000000003e-06,0.07321886766113006,24.39352658899952,1459,146,1313,1269.9315068493152,1196.56055,0.06565,0.5,static_lti_mh,0.05260328453331578,0.0073644307555455445,0.0016377017107713143,1.2921075488472789,6.060157053921923e-05,-4.250524413592394e-05,2.6987965255773105e-05,1.9271065700521808,0.007547169811320755,0.18430445767389625,3.323025568812671e-05,,,,,1.9145896568590177,-0.01251691319316306
dwell_r4_xi_0.5_p-6_Nd4001_dt1,main,dwell,4,xi_0.5,-6,4001,1.0,2.5350000000000003e-06,0.07321886766113006,24.39352658899952,1459,146,1313,1269.9315068493152,1196.56055,0.06565,0.5,linear,0.05251783232629651,0.005713013215538616,0.0017494416626365513,1.2422909354016063,6.473203365416804e-05,1.0757000785336496e-06,2.344649759020868e-05,1.9145896568590177,0.007547169811320755,0.18488481319449548,3.346499811145891e-05,,,,,1.9145896568590177,0.0
dwell_r4_xi_1_p-6_Nd4001_dt1,main,dwell,4,xi_1,-6,4001,1.0,2.5350000000000003e-06,0.07321886766113006,30.135572889998002,1459,73,1386,2539.8630136986303,2373.85055,0.0693,1,atomic,0.06866013784814959,0.02703362486630073,0.0015875333469355167,1.2939815717424032,5.906823832175297e-05,-5.424578269001328e-05,4.306424834389196e-05,1.9769350376194763,0.0037735849056603774,0.20967162948542273,5.019953124655681e-05,0.06878946581009299,0.021920591998731597,0.0737424335428723,0.02121939716918867,1.9999994272458372,0.023064389626360926
dwell_r4_xi_1_p-6_Nd4001_dt1,main,dwell,4,xi_1,-6,4001,1.0,2.5350000000000003e-06,0.07321886766113006,30.135572889998002,1459,73,1386,2539.8630136986303,2373.85055,0.0693,1,static,0.003537108505894583,0.003492716072816423,0.0016398654702875243,1.2683366369116504,5.9141907474472366e-05,7.334612749817115e-08,2.8666430456283608e-06,1.9999999999999811,0.0,0.11185221156289413,1.5561550783018747e-05,,,,,1.9999994272458372,-5.727541438904638e-07
dwell_r4_xi_1_p-6_Nd4001_dt1,main,dwell,4,xi_1,-6,4001,1.0,2.5350000000000003e-06,0.07321886766113006,30.135572889998002,1459,73,1386,2539.8630136986303,2373.85055,0.0693,1,static_lti,0.04531175228634454,0.006156727330087651,0.001635443737636052,1.2883455449505563,6.0192929204074825e-05,-9.992979188825463e-07,1.8052633462596803e-05,1.9999995515451958,0.0,0.15730919579064434,2.812965736369323e-05,,,,,1.9999994272458372,-1.2429935858371266e-07
dwell_r4_xi_1_p-6_Nd4001_dt1,main,dwell,4,xi_1,-6,4001,1.0,2.5350000000000003e-06,0.07321886766113006,30.135572889998002,1459,73,1386,2539.8630136986303,2373.85055,0.0693,1,static_mh,0.011572208703127598,0.01152941952769022,0.0016393845858554807,1.2694757769755198,5.9356738373755725e-05,-4.341127975066115e-05,3.8811880404315015e-05,1.999999984569035,0.0,0.1439946466310248,2.3581472744549233e-05,,,,,1.9999994272458372,-5.573231978139859e-07
dwell_r4_xi_1_p-6_Nd4001_dt1,main,dwell,4,xi_1,-6,4001,1.0,2.5350000000000003e-06,0.07321886766113006,30.135572889998002,1459,73,1386,2539.8630136986303,2373.85055,0.0693,1,static_lti_mh,0.045612694269307565,0.006517777965950447,0.0016356438741104411,1.288269681640871,6.020908943514548e-05,-4.4506677136463665e-05,3.134161414372186e-05,1.9999995024219743,0.0,0.1586711411926594,2.8367572066022694e-05,,,,,1.9999994272458372,-7.517613709318027e-08
dwell_r4_xi_1_p-6_Nd4001_dt1,main,dwell,4,xi_1,-6,4001,1.0,2.5350000000000003e-06,0.07321886766113006,30.135572889998002,1459,73,1386,2539.8630136986303,2373.85055,0.0693,1,linear,0.04458902706461626,0.0046533850435222035,0.0017465571417203663,1.2382333926646187,6.426012828549506e-05,-1.1339474069319817e-06,2.0081884117059226e-05,1.9999994272458372,0.0,0.15151043157546012,2.679648408596089e-05,,,,,1.9999994272458372,0.0
dwell_r4_xi_2_p-6_Nd4001_dt1,main,dwell,4,xi_2,-6,4001,1.0,2.5350000000000003e-06,0.07321886766113006,27.271014787998865,1459,37,1422,5011.081081081081,4664.79323,0.0711,2,atomic,0.07022963282979713,0.02957311779061854,0.0015642141080514289,1.297579385088033,5.875213596913728e-05,-5.52732468656702e-05,4.6983795512783435e-05,1.9212938715159977,0.0037735849056603774,0.20714677484339497,5.306599930560268e-05,0.06870780504269922,0.024723763169621854,0.07443529068740427,0.024199772571441593,1.9771421536677092,0.05584828215171145
dwell_r4_xi_2_p-6_Nd4001_dt1,main,dwell,4,xi_2,-6,4001,1.0,2.5350000000000003e-06,0.07321886766113006,27.271014787998865,1459,37,1422,5011.081081081081,4664.79323,0.0711,2,static,0.0033565588017309502,0.0033404697718145415,0.0016394442956076413,1.2686210917538303,5.963497040479396e-05,-5.016777094212336e-09,2.595733254773586e-06,1.9999999999998697,0.0,0.10802248058147784,1.5385902634310387e-05,,,,,1.9771421536677092,-0.02285784633216048
dwell_r4_xi_2_p-6_Nd4001_dt1,main,dwell,4,xi_2,-6,4001,1.0,2.5350000000000003e-06,0.07321886766113006,27.271014787998865,1459,37,1422,5011.081081081081,4664.79323,0.0711,2,static_lti,0.04211406743759991,0.005492077213324461,0.0016339735278607537,1.2878948118808307,6.057160270898932e-05,1.0982595019749835e-06,1.6607218879153523e-05,1.9991903172193501,0.0,0.1394549258780197,2.4446458809889996e-05,,,,,1.9771421536677092,-0.022048163551640965
dwell_r4_xi_2_p-6_Nd4001_dt1,main,dwell,4,xi_2,-6,4001,1.0,2.5350000000000003e-06,0.07321886766113006,27.271014787998865,1459,37,1422,5011.081081081081,4664.79323,0.0711,2,static_mh,0.00915893225064752,0.009111703077803015,0.0016391808510473724,1.2684672716660246,5.9797526741918004e-05,-4.4049567635458946e-05,3.974245794695334e-05,1.9999999967003004,0.0,0.132810253782571,2.234840629187673e-05,,,,,1.9771421536677092,-0.022857843032591196
dwell_r4_xi_2_p-6_Nd4001_dt1,main,dwell,4,xi_2,-6,4001,1.0,2.5350000000000003e-06,0.07321886766113006,27.271014787998865,1459,37,1422,5011.081081081081,4664.79323,0.0711,2,static_lti_mh,0.0424189816011544,0.005751077016013778,0.0016339368120323102,1.2879452023488178,6.0579172541645146e-05,-4.287875437477581e-05,3.207871802953137e-05,1.999693716056464,0.0,0.14104695323738586,2.4683488522927485e-05,,,,,1.9771421536677092,-0.022551562388754887
dwell_r4_xi_2_p-6_Nd4001_dt1,main,dwell,4,xi_2,-6,4001,1.0,2.5350000000000003e-06,0.07321886766113006,27.271014787998865,1459,37,1422,5011.081081081081,4664.79323,0.0711,2,linear,0.041118047704367056,0.003945726838173458,0.0017458293754365952,1.2373342669798166,6.468331537787998e-05,1.2024875116110917e-06,1.8426460821910144e-05,1.9771421536677092,0.0037735849056603774,0.1324760152143608,2.1065173916405524e-05,,,,,1.9771421536677092,0.0
dwell_r4_xi_4_p-6_Nd4001_dt1,main,dwell,4,xi_4,-6,4001,1.0,2.5350000000000003e-06,0.07321886766113006,26.78099437199853,1459,18,1441,10300.555555555555,9568.40055,0.07205,4,atomic,0.0709920138549735,0.0318317771567199,0.0015423660894259682,1.2979927834464817,5.797970796419715e-05,-5.8031322514347206e-05,5.744480527817601e-05,1.9999231631672818,0.0,0.18764155504785393,5.813650823123111e-05,0.06788580505258338,0.02560742049695275,0.07050675238964312,0.025043527545927695,1.9999999999940505,7.68368267687336e-05
dwell_r4_xi_4_p-6_Nd4001_dt1,main,dwell,4,xi_4,-6,4001,1.0,2.5350000000000003e-06,0.07321886766113006,26.78099437199853,1459,18,1441,10300.555555555555,9568.40055,0.07205,4,static,0.0033341787707134945,0.003325292390037279,0.0016392200472587323,1.268431636518166,5.964896439571632e-05,9.277921959113831e-08,2.349239251458131e-06,2.0,0.0,0.10743803776007538,1.6247473191200137e-05,,,,,1.9999999999940505,-5.949463144361289e-12
dwell_r4_xi_4_p-6_Nd4001_dt1,main,dwell,4,xi_4,-6,4001,1.0,2.5350000000000003e-06,0.07321886766113006,26.78099437199853,1459,18,1441,10300.555555555555,9568.40055,0.07205,4,static_lti,0.039996393607697564,0.0052516288359909695,0.0016289373744559248,1.2866561806896117,6.034871425589301e-05,-1.2355286236274397e-06,1.4254678123153094e-05,1.9999999994049484,0.0,0.12704809929792182,2.2231584401213837e-05,,,,,1.9999999999940505,5.891021004345021e-10
dwell_r4_xi_4_p-6_Nd4001_dt1,main,dwell,4,xi_4,-6,4001,1.0,2.5350000000000003e-06,0.07321886766113006,26.78099437199853,1459,18,1441,10300.555555555555,9568.40055,0.07205,4,static_mh,0.007462329798448283,0.007441237339174975,0.0016380298789749215,1.2694224659790252,5.972685183520512e-05,-4.3947283469487844e-05,3.9975373782450096e-05,1.9999999999988742,0.0,0.11873612865861238,2.1172812019155607e-05,,,,,1.9999999999940505,-4.82369699739138e-12
dwell_r4_xi_4_p-6_Nd4001_dt1,main,dwell,4,xi_4,-6,4001,1.0,2.5350000000000003e-06,0.07321886766113006,26.78099437199853,1459,18,1441,10300.555555555555,9568.40055,0.07205,4,static_lti_mh,0.04029796830377091,0.005542978871907448,0.0016290877029697167,1.2866382737067235,6.03633196947241e-05,-4.527525145827157e-05,3.599055976248462e-05,1.9999999988509054,0.0,0.12783618255940293,2.2502412156276186e-05,,,,,1.9999999999940505,1.143145134108181e-09
dwell_r4_xi_4_p-6_Nd4001_dt1,main,dwell,4,xi_4,-6,4001,1.0,2.5350000000000003e-06,0.07321886766113006,26.78099437199853,1459,18,1441,10300.555555555555,9568.40055,0.07205,4,linear,0.03860214623149955,0.0036808605241415164,0.0017401305942866799,1.2361244769145072,6.442518384050632e-05,-1.3212398493175922e-06,1.571148537201302e-05,1.9999999999940505,0.0,0.11753038457396354,1.94174500507005e-05,,,,,1.9999999999940505,0.0
dwell_r5_xi_0.05_p-6_Nd4001_dt1,main,dwell,5,xi_0.05,-6,4001,1.0,2.5350000000000003e-06,0.07321886766113006,25.460106622998865,1459,1459,0,127.08019191226867,137.08073,0.0,0.05,atomic,0.2516483128627448,0.05829404303232093,0.0016006739994406402,1.3302786285458166,6.206176685044228e-05,-7.610670930684875e-05,0.00010029003738192163,1.4814765777497516,0.15471698113207547,0.4423450125127952,0.0002616988656490717,0.22050364083556323,0.05120197976322233,0.31653453027549633,0.04191663267294953,1.647255996808674,0.16577941905892235
dwell_r5_xi_0.05_p-6_Nd4001_dt1,main,dwell,5,xi_0.05,-6,4001,1.0,2.5350000000000003e-06,0.07321886766113006,25.460106622998865,1459,1459,0,127.08019191226867,137.08073,0.0,0.05,static,0.008672923076102783,0.007823255536183776,0.0016504110025388251,1.2644707893947484,5.745893891233956e-05,3.51341673729575e-07,9.58112390905404e-06,1.9999996551695396,0.0,0.13271938066073038,1.8115567152228202e-05,,,,,1.647255996808674,-0.35274365836086563
dwell_r5_xi_0.05_p-6_Nd4001_dt1,main,dwell,5,xi_0.05,-6,4001,1.0,2.5350000000000003e-06,0.07321886766113006,25.460106622998865,1459,1459,0,127.08019191226867,137.08073,0.0,0.05,static_lti,0.16348714309944745,0.00933564895072258,0.0017158576205487325,1.3383355043776564,6.414840959046862e-05,-4.619738496661067e-06,6.363580603706275e-05,1.7272615435072212,0.09811320754716982,0.35913699749445255,0.00017052101649974425,,,,,1.647255996808674,-0.0800055466985472
dwell_r5_xi_0.05_p-6_Nd4001_dt1,main,dwell,5,xi_0.05,-6,4001,1.0,2.5350000000000003e-06,0.07321886766113006,25.460106622998865,1459,1459,0,127.08019191226867,137.08073,0.0,0.05,static_mh,0.16888774362619555,0.1669710378149516,0.0016377775482154158,1.267657857612634,6.137566641776113e-05,-4.350458434539482e-05,1.4872189037127109e-05,1.8915569522196218,0.011320754716981131,0.4166348457547232,0.00021845881092943532,,,,,1.647255996808674,-0.24430095541094787
dwell_r5_xi_0.05_p-6_Nd4001_dt1,main,dwell,5,xi_0.05,-6,4001,1.0,2.5350000000000003e-06,0.07321886766113006,25.460106622998865,1459,1459,0,127.08019191226867,137.08073,0.0,0.05,static_lti_mh,0.16719091080669585,0.011721118438433294,0.0017166539547082728,1.3387001324969554,6.428012884320421e-05,-4.8482084827450986e-05,6.391750695538097e-05,1.7189380089834472,0.09811320754716982,0.36053516116008427,0.0001724466573047936,,,,,1.647255996808674,-0.07168201217477321
dwell_r5_xi_0.05_p-6_Nd4001_dt1,main,dwell,5,xi_0.05,-6,4001,1.0,2.5350000000000003e-06,0.07321886766113006,25.460106622998865,1459,1459,0,127.08019191226867,137.08073,0.0,0.05,linear,0.17877016631651585,0.009768614139148863,0.001833346356498051,1.2933899830630131,6.898732463643691e-05,-4.78696581268668e-06,7.258703132235044e-05,1.647255996808674,0.12452830188679245,0.3796637561325997,0.0001911164347532783,,,,,1.647255996808674,0.0
dwell_r5_xi_0.1_p-6_Nd4001_dt1,main,dwell,5,xi_0.1,-6,4001,1.0,2.5350000000000003e-06,0.07321886766113006,26.544748865002475,1459,731,728,253.6388508891929,254.40724,0.0364,0.1,atomic,0.1434092245885864,0.03357618639188425,0.001662004001689566,1.308506169511412,6.35247654831194e-05,-6.086481141734702e-05,5.7430049320382255e-05,1.7156282539118353,0.09811320754716982,0.32661314088173143,0.0001632486980121077,0.1406416559141834,0.024534882749331768,0.1753708992715714,0.02069742524552056,1.795118886063123,0.07949063215128782
dwell_r5_xi_0.1_p-6_Nd4001_dt1,main,dwell,5,xi_0.1,-6,4001,1.0,2.5350000000000003e-06,0.07321886766113006,26.544748865002475,1459,731,728,253.6388508891929,254.40724,0.0364,0.1,static,0.005672998984207591,0.004835312935033576,0.0016424464047237078,1.2662366810244297,5.8879991773173295e-05,-5.176133167891497e-09,6.167425591207159e-06,1.9999999973472782,0.0,0.12073822410827473,1.6780885629192244e-05,,,,,1.795118886063123,-0.2048811112841551
dwell_r5_xi_0.1_p-6_Nd4001_dt1,main,dwell,5,xi_0.1,-6,4001,1.0,2.5350000000000003e-06,0.07321886766113006,26.544748865002475,1459,731,728,253.6388508891929,254.40724,0.0364,0.1,static_lti,0.1104597789041495,0.009834457239041463,0.0016845658299400263,1.3212876608884143,6.345674597485163e-05,-2.011180504258282e-06,4.243191484448744e-05,1.8425649259389478,0.06037735849056604,0.29302090142402626,0.00012701937337963957,,,,,1.795118886063123,-0.04744603987582474
dwell_r5_xi_0.1_p-6_Nd4001_dt1,main,dwell,5,xi_0.1,-6,4001,1.0,2.5350000000000003e-06,0.07321886766113006,26.544748865002475,1459,731,728,253.6388508891929,254.40724,0.0364,0.1,static_mh,0.06633702936752554,0.0654106771557297,0.0016431242656598007,1.2675699248029013,6.065916802776046e-05,-4.389266434227674e-05,2.3687241929901116e-05,1.9827161822142203,0.0,0.2632534393353346,9.52850714213433e-05,,,,,1.795118886063123,-0.18759729615109721
dwell_r5_xi_0.1_p-6_Nd4001_dt1,main,dwell,5,xi_0.1,-6,4001,1.0,2.5350000000000003e-06,0.07321886766113006,26.544748865002475,1459,731,728,253.6388508891929,254.40724,0.0364,0.1,static_lti_mh,0.1119769012321852,0.01138350354953034,0.0016846690587662765,1.321235991776594,6.350397510453965e-05,-4.5920909427498966e-05,4.323339116372443e-05,1.837403071114538,0.05660377358490566,0.2933134419178859,0.000128981243532974,,,,,1.795118886063123,-0.042284185051414847
dwell_r5_xi_0.1_p-6_Nd4001_dt1,main,dwell,5,xi_0.1,-6,4001,1.0,2.5350000000000003e-06,0.07321886766113006,26.544748865002475,1459,731,728,253.6388508891929,254.40724,0.0364,0.1,linear,0.11875032380466907,0.00991382109204061,0.0018031375023244993,1.2728500953857271,6.817439742388475e-05,-2.3491201049653297e-06,4.779509625920362e-05,1.795118886063123,0.07169811320754717,0.3068166944312314,0.0001410458007860559,,,,,1.795118886063123,0.0
dwell_r5_xi_0.25_p-6_Nd4001_dt1,main,dwell,5,xi_0.25,-6,4001,1.0,2.5350000000000003e-06,0.07321886766113006,28.174941868001042,1459,293,1166,632.7986348122867,605.90671,0.0583,0.25,atomic,0.09121550209451187,0.02906627023911113,0.0016176325914532277,1.2938605214307823,6.0842918540482016e-05,-6.082211986919361e-05,5.075260010639218e-05,1.8390530245616865,0.03773584905660377,0.2648121537991364,7.330033538184333e-05,0.09462205628729038,0.02143929078463978,0.11137968826337323,0.019521968746011337,1.8976200727506956,0.05856704818900904
dwell_r5_xi_0.25_p-6_Nd4001_dt1,main,dwell,5,xi_0.25,-6,4001,1.0,2.5350000000000003e-06,0.07321886766113006,28.174941868001042,1459,293,1166,632.7986348122867,605.90671,0.0583,0.25,static,0.004375368468732848,0.004027608070292779,0.0016380778297533552,1.267605868384893,5.91265864266137e-05,-2.7006756908092426e-07,4.184490861087324e-06,2.0,0.0,0.12034534451180925,1.4790132730046386e-05,,,,,1.8976200727506956,-0.10237992724930445
dwell_r5_xi_0.25_p-6_Nd4001_dt1,main,dwell,5,xi_0.25,-6,4001,1.0,2.5350000000000003e-06,0.07321886766113006,28.174941868001042,1459,293,1166,632.7986348122867,605.90671,0.0583,0.25,static_lti,0.06707038738440216,0.008589554849023134,0.0016588118250852515,1.2969606770708733,6.170635886708879e-05,6.665812062969602e-08,2.7915222022388934e-05,1.9381861193304595,0.011320754716981131,0.22795619346456383,5.250814048601e-05,,,,,1.8976200727506956,-0.040566046579763926
dwell_r5_xi_0.25_p-6_Nd4001_dt1,main,dwell,5,xi_0.25,-6,4001,1.0,2.5350000000000003e-06,0.07321886766113006,28.174941868001042,1459,293,1166,632.7986348122867,605.90671,0.0583,0.25,static_mh,0.02869675399683789,0.02826936279596472,0.0016435345693104797,1.268779251789854,6.004092903743233e-05,-4.4084018513497586e-05,3.6133369384914286e-05,1.9999938725932709,0.0,0.19587119993085483,4.104634042595544e-05,,,,,1.8976200727506956,-0.10237379984257533
dwell_r5_xi_0.25_p-6_Nd4001_dt1,main,dwell,5,xi_0.25,-6,4001,1.0,2.5350000000000003e-06,0.07321886766113006,28.174941868001042,1459,293,1166,632.7986348122867,605.90671,0.0583,0.25,static_lti_mh,0.06776684563201993,0.009275415447924843,0.0016588523484895106,1.2969170321700128,6.172801336775938e-05,-4.38401833020171e-05,3.087323022603966e-05,1.93670318288492,0.018867924528301886,0.22636756104980893,5.3559000594343714e-05,,,,,1.8976200727506956,-0.039083110134224386
dwell_r5_xi_0.25_p-6_Nd4001_dt1,main,dwell,5,xi_0.25,-6,4001,1.0,2.5350000000000003e-06,0.07321886766113006,28.174941868001042,1459,293,1166,632.7986348122867,605.90671,0.0583,0.25,linear,0.0696899928924377,0.00782359455044441,0.0017734243723812658,1.247465770991959,6.604912540997073e-05,-3.944695258700646e-07,3.141475782455942e-05,1.8976200727506956,0.018867924528301886,0.2318925427972525,5.287672877014777e-05,,,,,1.8976200727506956,0.0
dwell_r5_xi_0.5_p-6_Nd4001_dt1,main,dwell,5,xi_0.5,-6,4001,1.0,2.5350000000000003e-06,0.07321886766113006,24.84818300600091,1459,146,1313,1269.9315068493152,1196.56055,0.06565,0.5,atomic,0.06960274139354297,0.026043686452973565,0.0015969626236869156,1.2919356944623401,5.96592119135476e-05,-5.9676344289212105e-05,4.6627564374002135e-05,1.915622156200578,0.018867924528301886,0.22725596147114083,6.747153767884613e-05,0.07197278246723347,0.020000946400931068,0.0795941565708918,0.018995436634225937,1.9363090635818316,0.020686907381253672
dwell_r5_xi_0.5_p-6_Nd4001_dt1,main,dwell,5,xi_0.5,-6,4001,1.0,2.5350000000000003e-06,0.07321886766113006,24.84818300600091,1459,146,1313,1269.9315068493152,1196.56055,0.06565,0.5,static,0.003760606491082932,0.003648113106678612,0.001639925228648451,1.2686880404961909,5.936055854507174e-05,4.43473936215521e-08,3.348161109960458e-06,1.9999999999999967,0.0,0.10563326780517224,1.5096883272877788e-05,,,,,1.9363090635818316,-0.06369093641816503
dwell_r5_xi_0.5_p-6_Nd4001_dt1,main,dwell,5,xi_0.5,-6,4001,1.0,2.5350000000000003e-06,0.07321886766113006,24.84818300600091,1459,146,1313,1269.9315068493152,1196.56055,0.06565,0.5,static_lti,0.049230944258931396,0.007247872219167204,0.0016360288686053004,1.289893634883894,6.054144977487028e-05,6.974638192151672e-07,2.1248236941636556e-05,1.957427285820268,0.0037735849056603774,0.18326058446615723,4.086383615911649e-05,,,,,1.9363090635818316,-0.02111822223843629
dwell_r5_xi_0.5_p-6_Nd4001_dt1,main,dwell,5,xi_0.5,-6,4001,1.0,2.5350000000000003e-06,0.07321886766113006,24.84818300600091,1459,146,1313,1269.9315068493152,1196.56055,0.06565,0.5,static_mh,0.016181854302955784,0.016054306204155218,0.001640361570619189,1.2678072508380578,5.9740233475040266e-05,-4.377225175804596e-05,3.8029632612503964e-05,1.9999999645340225,0.0,0.16257452015397275,3.045720687463267e-05,,,,,1.9363090635818316,-0.06369090095219088
dwell_r5_xi_0.5_p-6_Nd4001_dt1,main,dwell,5,xi_0.5,-6,4001,1.0,2.5350000000000003e-06,0.07321886766113006,24.84818300600091,1459,146,1313,1269.9315068493152,1196.56055,0.06565,0.5,static_lti_mh,0.04946995596405002,0.007766540761708305,0.0016357244240830585,1.2898578812207004,6.0537377608299006e-05,-4.315889762049942e-05,2.7195912902422252e-05,1.9636536334661063,0.0037735849056603774,0.1840308688469557,4.077981691256291e-05,,,,,1.9363090635818316,-0.027344569884274694
dwell_r5_xi_0.5_p-6_Nd4001_dt1,main,dwell,5,xi_0.5,-6,4001,1.0,2.5350000000000003e-06,0.07321886766113006,24.84818300600091,1459,146,1313,1269.9315068493152,1196.56055,0.06565,0.5,linear,0.04944550223637333,0.005969386513742993,0.0017479380803377474,1.239705611647694,6.468774626665661e-05,8.680709381732303e-07,2.385504343553737e-05,1.9363090635818316,0.007547169811320755,0.18403805147207322,4.162412066702065e-05,,,,,1.9363090635818316,0.0
dwell_r5_xi_1_p-6_Nd4001_dt1,main,dwell,5,xi_1,-6,4001,1.0,2.5350000000000003e-06,0.07321886766113006,24.14152222499979,1459,73,1386,2539.8630136986303,2373.85055,0.0693,1,atomic,0.06301196757955624,0.022936844690343794,0.0016016077533830171,1.2917722332603903,5.9887597551616774e-05,-5.1629152715387235e-05,3.7041351407651384e-05,1.928196392676521,0.01509433962264151,0.18936816115565805,5.3805349938013846e-05,0.06469575246093112,0.01805656052261526,0.06992373872565408,0.017399402527219127,1.9486556722587243,0.02045927958220317
dwell_r5_xi_1_p-6_Nd4001_dt1,main,dwell,5,xi_1,-6,4001,1.0,2.5350000000000003e-06,0.07321886766113006,24.14152222499979,1459,73,1386,2539.8630136986303,2373.85055,0.0693,1,static,0.003494562072874953,0.0034548612661344682,0.0016391856208596072,1.2683664457890356,5.955960431357167e-05,-8.595818369331006e-08,2.814351422813412e-06,1.9999999999999967,0.0,0.11100308053344289,1.460316606826073e-05,,,,,1.9486556722587243,-0.0513443277412724
dwell_r5_xi_1_p-6_Nd4001_dt1,main,dwell,5,xi_1,-6,4001,1.0,2.5350000000000003e-06,0.07321886766113006,24.14152222499979,1459,73,1386,2539.8630136986303,2373.85055,0.0693,1,static_lti,0.04423963385612687,0.006020421168054168,0.0016363010300608865,1.2881246128304606,6.06495786092834e-05,1.7639437442864446e-07,1.8816512486145573e-05,1.9613372440358292,0.0037735849056603774,0.15015144331414482,3.539175420384624e-05,,,,,1.9486556722587243,-0.012681571777104939
dwell_r5_xi_1_p-6_Nd4001_dt1,main,dwell,5,xi_1,-6,4001,1.0,2.5350000000000003e-06,0.07321886766113006,24.14152222499979,1459,73,1386,2539.8630136986303,2373.85055,0.0693,1,static_mh,0.01156053444175127,0.011495818422811872,0.001641062476712831,1.268671908024454,5.98659361773066e-05,-4.4053924154242776e-05,3.914813939051038e-05,1.9999989267454932,0.0,0.1443300829045065,2.8421723461466107e-05,,,,,1.9486556722587243,-0.05134325448676891
dwell_r5_xi_1_p-6_Nd4001_dt1,main,dwell,5,xi_1,-6,4001,1.0,2.5350000000000003e-06,0.07321886766113006,24.14152222499979,1459,73,1386,2539.8630136986303,2373.85055,0.0693,1,static_lti_mh,0.04458261275585982,0.006377540131757603,0.0016363172466442718,1.2880314532126675,6.066017612935634e-05,-4.361254806715334e-05,3.072471170736604e-05,1.9595851560195239,0.0037735849056603774,0.151381958763786,3.5799307810154095e-05,,,,,1.9486556722587243,-0.010929483760799608
dwell_r5_xi_1_p-6_Nd4001_dt1,main,dwell,5,xi_1,-6,4001,1.0,2.5350000000000003e-06,0.07321886766113006,24.14152222499979,1459,73,1386,2539.8630136986303,2373.85055,0.0693,1,linear,0.043735736134958944,0.004589639043687209,0.0017483380076639937,1.2377024573952973,6.478629704232723e-05,3.127384180427511e-08,2.1043309239704985e-05,1.9486556722587243,0.0037735849056603774,0.14054772610847616,3.3827763739826596e-05,,,,,1.9486556722587243,0.0
dwell_r5_xi_2_p-6_Nd4001_dt1,main,dwell,5,xi_2,-6,4001,1.0,2.5350000000000003e-06,0.07321886766113006,25.432571523997467,1459,37,1422,5011.081081081081,4664.79323,0.0711,2,atomic,0.06736270825527803,0.028824450161557744,0.001570352657655754,1.2936615717396394,5.8864474913437526e-05,-5.693757313637753e-05,4.933198065610744e-05,1.998569717017773,0.0,0.19396939652938647,5.707021618622407e-05,0.06673094721618802,0.02344700551776631,0.06991285889752685,0.022838090866710875,1.9999884188846915,0.0014187018669185036
dwell_r5_xi_2_p-6_Nd4001_dt1,main,dwell,5,xi_2,-6,4001,1.0,2.5350000000000003e-06,0.07321886766113006,25.432571523997467,1459,37,1422,5011.081081081081,4664.79323,0.0711,2,static,0.0034034447699791913,0.003373630962322727,0.001639571651304604,1.2681783643779079,5.959716396782858e-05,-1.0323107262594817e-08,2.531659031425493e-06,2.0,0.0,0.10895316245907692,1.3866054397216121e-05,,,,,1.9999884188846915,-1.1581115308523238e-05
dwell_r5_xi_2_p-6_Nd4001_dt1,main,dwell,5,xi_2,-6,4001,1.0,2.5350000000000003e-06,0.07321886766113006,25.432571523997467,1459,37,1422,5011.081081081081,4664.79323,0.0711,2,static_lti,0.04218724253456202,0.005545886242439076,0.0016318798639124697,1.2879667560166035,6.045343248184825e-05,1.407082411646727e-06,1.6355249086050487e-05,1.9999994797155445,0.0,0.13767612986490826,2.9086006378516305e-05,,,,,1.9999884188846915,-1.1060830853004688e-05
dwell_r5_xi_2_p-6_Nd4001_dt1,main,dwell,5,xi_2,-6,4001,1.0,2.5350000000000003e-06,0.07321886766113006,25.432571523997467,1459,37,1422,5011.081081081081,4664.79323,0.0711,2,static_mh,0.008883986722126855,0.008843177526533318,0.001640217952479089,1.2667833130371544,5.978189508769554e-05,-4.400751329143677e-05,3.975829653012805e-05,1.999999924875654,0.0,0.12923062223269888,2.212523029236318e-05,,,,,1.9999884188846915,-1.1505990962445978e-05
dwell_r5_xi_2_p-6_Nd4001_dt1,main,dwell,5,xi_2,-6,4001,1.0,2.5350000000000003e-06,0.07321886766113006,25.432571523997467,1459,37,1422,5011.081081081081,4664.79323,0.0711,2,static_lti_mh,0.042507354190666015,0.005872246977819659,0.0016317240267849375,1.2879844728604177,6.0456891173600117e-05,-4.2524203129361755e-05,3.3207562262129206e-05,1.999998366365074,0.0,0.13854877842833274,2.9433329812497775e-05,,,,,1.9999884188846915,-9.94748038252169e-06
dwell_r5_xi_2_p-6_Nd4001_dt1,main,dwell,5,xi_2,-6,4001,1.0,2.5350000000000003e-06,0.07321886766113006,25.432571523997467,1459,37,1422,5011.081081081081,4664.79323,0.0711,2,linear,0.04133378253211799,0.00408861412447284,0.001743341709208854,1.2374848720386764,6.455661840784954e-05,1.6039621279630125e-06,1.8195250208741263e-05,1.9999884188846915,0.0,0.1293972738115618,2.7074352312249458e-05,,,,,1.9999884188846915,0.0
dwell_r5_xi_4_p-6_Nd4001_dt1,main,dwell,5,xi_4,-6,4001,1.0,2.5350000000000003e-06,0.07321886766113006,38.120120401999884,1459,18,1441,10300.555555555555,9568.40055,0.07205,4,atomic,0.06883350530157156,0.029526376226393848,0.0015555950563145458,1.2958256719611967,5.844438499979288e-05,-4.811051616227945e-05,4.7438980969355634e-05,1.9926509592790833,0.0037735849056603774,0.20338645866915808,5.3561844188908256e-05,0.06646904866662565,0.02337567562548472,0.06947390802703812,0.022916841252798786,1.9961241818375197,0.0034732225584364063
dwell_r5_xi_4_p-6_Nd4001_dt1,main,dwell,5,xi_4,-6,4001,1.0,2.5350000000000003e-06,0.07321886766113006,38.120120401999884,1459,18,1441,10300.555555555555,9568.40055,0.07205,4,static,0.003307348130410097,0.003298836135705435,0.0016384022525916986,1.2680644910330596,5.964653260017671e-05,7.146798536436647e-08,2.3691539101708406e-06,2.0,0.0,0.1023497525195825,1.4766096782521835e-05,,,,,1.9961241818375197,-0.0038758181624802823
dwell_r5_xi_4_p-6_Nd4001_dt1,main,dwell,5,xi_4,-6,4001,1.0,2.5350000000000003e-06,0.07321886766113006,38.120120401999884,1459,18,1441,10300.555555555555,9568.40055,0.07205,4,static_lti,0.039648869874989355,0.005202673663863831,0.0016342863448589714,1.2863803180326567,6.056288925998808e-05,6.734725138752627e-07,1.5759987005937873e-05,1.9999110113031464,0.0,0.13657344066514449,2.2437706122048564e-05,,,,,1.9961241818375197,-0.0037868294656266954
dwell_r5_xi_4_p-6_Nd4001_dt1,main,dwell,5,xi_4,-6,4001,1.0,2.5350000000000003e-06,0.07321886766113006,38.120120401999884,1459,18,1441,10300.555555555555,9568.40055,0.07205,4,static_mh,0.0075185592480728715,0.007494786865685272,0.0016376190424598203,1.267607869152429,5.974457973793208e-05,-4.396731955844524e-05,4.003059496162986e-05,1.9999999999969897,0.0,0.11587350904798861,2.0786155390655534e-05,,,,,1.9961241818375197,-0.0038758181594700236
dwell_r5_xi_4_p-6_Nd4001_dt1,main,dwell,5,xi_4,-6,4001,1.0,2.5350000000000003e-06,0.07321886766113006,38.120120401999884,1459,18,1441,10300.555555555555,9568.40055,0.07205,4,static_lti_mh,0.03995200939659084,0.005496019407058822,0.0016342227812730559,1.2863919729171873,6.0569468840009834e-05,-4.336351231395949e-05,3.668368975527389e-05,1.9993621767340242,0.0,0.1366012641397869,2.253103255911426e-05,,,,,1.9961241818375197,-0.003237994896504448
dwell_r5_xi_4_p-6_Nd4001_dt1,main,dwell,5,xi_4,-6,4001,1.0,2.5350000000000003e-06,0.07321886766113006,38.120120401999884,1459,18,1441,10300.555555555555,9568.40055,0.07205,4,linear,0.03844401650255459,0.00361760932942282,0.0017461139553167485,1.2358327252179535,6.466941594192226e-05,8.623834806683328e-07,1.7256967035156486e-05,1.9961241818375197,0.0037735849056603774,0.12728911294113485,1.9951716362194894e-05,,,,,1.9961241818375197,0.0
dwell_r6_xi_0.05_p-6_Nd4001_dt1,main,dwell,6,xi_0.05,-6,4001,1.0,2.5350000000000003e-06,0.07321886766113006,28.037260875000356,1459,1459,0,127.08019191226867,137.08073,0.0,0.05,atomic,0.23473593924607547,0.05291620825650204,0.0016304918584550724,1.3272231565459567,6.282404041341786e-05,-4.3864629654721834e-05,9.491010881242428e-05,1.4777162612006178,0.1471698113207547,0.4515368664608985,0.000244190404216769,0.21059730444581692,0.04492708400116802,0.3023740267810498,0.036053679777478954,1.6372600768493903,0.1595438156487725
dwell_r6_xi_0.05_p-6_Nd4001_dt1,main,dwell,6,xi_0.05,-6,4001,1.0,2.5350000000000003e-06,0.07321886766113006,28.037260875000356,1459,1459,0,127.08019191226867,137.08073,0.0,0.05,static,0.008624128202430463,0.0077805589856284685,0.0016506896409875433,1.2637504135440132,5.748772452499224e-05,-1.4818244376259863e-07,9.732205406985514e-06,1.9999996975242786,0.0,0.13335863335112264,1.891922132046435e-05,,,,,1.6372600768493903,-0.3627396206748883
dwell_r6_xi_0.05_p-6_Nd4001_dt1,main,dwell,6,xi_0.05,-6,4001,1.0,2.5350000000000003e-06,0.07321886766113006,28.037260875000356,1459,1459,0,127.08019191226867,137.08073,0.0,0.05,static_lti,0.1606474941067999,0.009400160728896765,0.0017155395869722383,1.337911087109228,6.409146759202087e-05,7.406701720901358e-06,6.481561409164325e-05,1.7108412771659802,0.1018867924528302,0.372628516203578,0.0001589345665588562,,,,,1.6372600768493903,-0.07358120031658988
dwell_r6_xi_0.05_p-6_Nd4001_dt1,main,dwell,6,xi_0.05,-6,4001,1.0,2.5350000000000003e-06,0.07321886766113006,28.037260875000356,1459,1459,0,127.08019191226867,137.08073,0.0,0.05,static_mh,0.16262625862024013,0.16144415168166498,0.0016546707776864467,1.254834161798312,6.18659191912315e-05,-4.4007441297293386e-05,1.5165107433889462e-05,1.8855091329827207,0.01509433962264151,0.4245315775200375,0.00021815572932589562,,,,,1.6372600768493903,-0.24824905613333037
dwell_r6_xi_0.05_p-6_Nd4001_dt1,main,dwell,6,xi_0.05,-6,4001,1.0,2.5350000000000003e-06,0.07321886766113006,28.037260875000356,1459,1459,0,127.08019191226867,137.08073,0.0,0.05,static_lti_mh,0.1624225994788399,0.0117348293638559,0.0017135053678743945,1.3380491200430584,6.406421566045883e-05,-3.6449830644185544e-05,6.510526929997657e-05,1.6910154269577116,0.11320754716981132,0.37587752816499403,0.00015885304392862957,,,,,1.6372600768493903,-0.05375535010832122
dwell_r6_xi_0.05_p-6_Nd4001_dt1,main,dwell,6,xi_0.05,-6,4001,1.0,2.5350000000000003e-06,0.07321886766113006,28.037260875000356,1459,1459,0,127.08019191226867,137.08073,0.0,0.05,linear,0.17590925952428021,0.009814124303597384,0.0018326840693509228,1.292974402698076,6.891606074562957e-05,8.451053863440224e-06,7.407965334135913e-05,1.6372600768493903,0.12830188679245283,0.3872657657443036,0.00017670603785488492,,,,,1.6372600768493903,0.0
dwell_r6_xi_0.1_p-6_Nd4001_dt1,main,dwell,6,xi_0.1,-6,4001,1.0,2.5350000000000003e-06,0.07321886766113006,26.58339999799864,1459,731,728,253.6388508891929,254.40724,0.0364,0.1,atomic,0.14198996476480935,0.032790668560060875,0.001661871614263591,1.3102688484030973,6.349366637332114e-05,-4.9693149221491995e-05,5.8275227868060806e-05,1.7491690468367684,0.06792452830188679,0.3292335085679977,0.0001696318002838067,0.1387152258662836,0.024531103342472993,0.1725311590548319,0.02067247136026804,1.8454735113760283,0.09630446453925989
dwell_r6_xi_0.1_p-6_Nd4001_dt1,main,dwell,6,xi_0.1,-6,4001,1.0,2.5350000000000003e-06,0.07321886766113006,26.58339999799864,1459,731,728,253.6388508891929,254.40724,0.0364,0.1,static,0.005680120265078231,0.004855239551268097,0.0016443381719441375,1.2654094743553521,5.896289358075419e-05,-5.5933902951639026e-08,6.304049857594163e-06,1.9999999994345183,0.0,0.10958651949609972,1.6860697506003515e-05,,,,,1.8454735113760283,-0.15452648805849
dwell_r6_xi_0.1_p-6_Nd4001_dt1,main,dwell,6,xi_0.1,-6,4001,1.0,2.5350000000000003e-06,0.07321886766113006,26.58339999799864,1459,731,728,253.6388508891929,254.40724,0.0364,0.1,static_lti,0.108878452525871,0.009938668346625884,0.0016785678756727185,1.3222927094207868,6.319873498040564e-05,7.079657434569012e-07,4.071226433319144e-05,1.8873659272748664,0.04150943396226415,0.2952220987519143,0.00013215486429577055,,,,,1.8454735113760283,-0.041892415898838076
dwell_r6_xi_0.1_p-6_Nd4001_dt1,main,dwell,6,xi_0.1,-6,4001,1.0,2.5350000000000003e-06,0.07321886766113006,26.58339999799864,1459,731,728,253.6388508891929,254.40724,0.0364,0.1,static_mh,0.06636040189593301,0.06491704001765682,0.0016445245178440275,1.2644895992939191,6.072372176908595e-05,-4.391661287054332e-05,2.354807806515348e-05,1.9810962057944852,0.0,0.2589943025673983,9.406925736974419e-05,,,,,1.8454735113760283,-0.13562269441845687
dwell_r6_xi_0.1_p-6_Nd4001_dt1,main,dwell,6,xi_0.1,-6,4001,1.0,2.5350000000000003e-06,0.07321886766113006,26.58339999799864,1459,731,728,253.6388508891929,254.40724,0.0364,0.1,static_lti_mh,0.11065292858795135,0.011168314463641443,0.0016785610091330757,1.3223613672087065,6.324889769686713e-05,-4.31481760347105e-05,4.169569054836323e-05,1.8799118445686092,0.03773584905660377,0.29587409782241775,0.0001336478827903904,,,,,1.8454735113760283,-0.03443833319258083
dwell_r6_xi_0.1_p-6_Nd4001_dt1,main,dwell,6,xi_0.1,-6,4001,1.0,2.5350000000000003e-06,0.07321886766113006,26.58339999799864,1459,731,728,253.6388508891929,254.40724,0.0364,0.1,linear,0.11701054933606404,0.010070004753628214,0.0017960911136788067,1.2738134008483937,6.787140138860312e-05,7.346902337244963e-07,4.557461089850117e-05,1.8454735113760283,0.045283018867924525,0.31110957039173825,0.00014388039797349353,,,,,1.8454735113760283,0.0
dwell_r6_xi_0.25_p-6_Nd4001_dt1,main,dwell,6,xi_0.25,-6,4001,1.0,2.5350000000000003e-06,0.07321886766113006,25.633739627999603,1459,293,1166,632.7986348122867,605.90671,0.0583,0.25,atomic,0.08866248617978852,0.027691256312190264,0.0016134349400381488,1.2987089833078278,6.0519894512039e-05,-5.971859412445867e-05,4.824803977035577e-05,1.8717536275183837,0.026415094339622643,0.23147717613719476,8.500070969420507e-05,0.0917781070616439,0.020262266891465118,0.10972916517944085,0.018434723422526375,1.9212472160924934,0.04949358857410968
dwell_r6_xi_0.25_p-6_Nd4001_dt1,main,dwell,6,xi_0.25,-6,4001,1.0,2.5350000000000003e-06,0.07321886766113006,25.633739627999603,1459,293,1166,632.7986348122867,605.90671,0.0583,0.25,static,0.0044518487597141445,0.004039515220853772,0.001640584361268305,1.2672889761089199,5.911038489406662e-05,-1.307162606082923e-07,4.137691194865668e-06,1.9999999995398055,0.0,0.10250465914546694,1.5071222348455637e-05,,,,,1.9212472160924934,-0.07875278344731207
dwell_r6_xi_0.25_p-6_Nd4001_dt1,main,dwell,6,xi_0.25,-6,4001,1.0,2.5350000000000003e-06,0.07321886766113006,25.633739627999603,1459,293,1166,632.7986348122867,605.90671,0.0583,0.25,static_lti,0.06528600845021111,0.008739876302060624,0.0016440542746242366,1.2973083767541786,6.100300929577236e-05,-2.923026079798829e-07,2.7995831887111885e-05,1.936428206055464,0.01509433962264151,0.20298021884471268,5.987922944653046e-05,,,,,1.9212472160924934,-0.015180989962970681
dwell_r6_xi_0.25_p-6_Nd4001_dt1,main,dwell,6,xi_0.25,-6,4001,1.0,2.5350000000000003e-06,0.07321886766113006,25.633739627999603,1459,293,1166,632.7986348122867,605.90671,0.0583,0.25,static_mh,0.029083889048445326,0.02849873596118013,0.0016434871537193102,1.268648168933877,5.9935944596845954e-05,-4.387266228016185e-05,3.594176674463823e-05,1.9999248823738813,0.0,0.18352618570058768,4.726516183359449e-05,,,,,1.9212472160924934,-0.07867766628138795
dwell_r6_xi_0.25_p-6_Nd4001_dt1,main,dwell,6,xi_0.25,-6,4001,1.0,2.5350000000000003e-06,0.07321886766113006,25.633739627999603,1459,293,1166,632.7986348122867,605.90671,0.0583,0.25,static_lti_mh,0.06590490249434262,0.00928391427907612,0.0016441805686409686,1.2972999587711413,6.102542473723413e-05,-4.409026889128927e-05,3.10580295983937e-05,1.9332685495141149,0.01509433962264151,0.20231973095838052,6.0055217046774786e-05,,,,,1.9212472160924934,-0.012021333421621483
dwell_r6_xi_0.25_p-6_Nd4001_dt1,main,dwell,6,xi_0.25,-6,4001,1.0,2.5350000000000003e-06,0.07321886766113006,25.633739627999603,1459,293,1166,632.7986348122867,605.90671,0.0583,0.25,linear,0.06792928163378187,0.008103092060393743,0.0017568554533255994,1.2478492190940969,6.526983541387926e-05,-5.954130434381168e-07,3.151041728862183e-05,1.9212472160924934,0.01509433962264151,0.20952263075735494,6.427354304304194e-05,,,,,1.9212472160924934,0.0
dwell_r6_xi_0.5_p-6_Nd4001_dt1,main,dwell,6,xi_0.5,-6,4001,1.0,2.5350000000000003e-06,0.07321886766113006,25.280709253001987,1459,146,1313,1269.9315068493152,1196.56055,0.06565,0.5,atomic,0.07117655925970724,0.024797798153251775,0.0016024005347472533,1.2952846016221569,5.974516407438176e-05,-5.638098533637407e-05,4.041078883511882e-05,1.8019223811998673,0.026415094339622643,0.23147482211397175,5.486978787522552e-05,0.07347191249761172,0.01901641534495928,0.08205623883711793,0.017979818591128766,1.8783995550987362,0.07647717389886899
dwell_r6_xi_0.5_p-6_Nd4001_dt1,main,dwell,6,xi_0.5,-6,4001,1.0,2.5350000000000003e-06,0.07321886766113006,25.280709253001987,1459,146,1313,1269.9315068493152,1196.56055,0.06565,0.5,static,0.0037843533150277594,0.0036723021562808044,0.0016399105416211664,1.2680547387231331,5.919162981984223e-05,7.634540856482772e-09,3.289319433054673e-06,1.999999999980886,0.0,0.11937865068021031,1.4628409865828634e-05,,,,,1.8783995550987362,-0.12160044488214972
dwell_r6_xi_0.5_p-6_Nd4001_dt1,main,dwell,6,xi_0.5,-6,4001,1.0,2.5350000000000003e-06,0.07321886766113006,25.280709253001987,1459,146,1313,1269.9315068493152,1196.56055,0.06565,0.5,static_lti,0.05136528418447853,0.007138903101857582,0.0016363604595962301,1.2909305659234331,6.044628580458807e-05,1.1095604933969284e-06,2.116601236756133e-05,1.9070146433218886,0.011320754716981131,0.18869985221419563,3.204284617847879e-05,,,,,1.8783995550987362,-0.028615088223152396
dwell_r6_xi_0.5_p-6_Nd4001_dt1,main,dwell,6,xi_0.5,-6,4001,1.0,2.5350000000000003e-06,0.07321886766113006,25.280709253001987,1459,146,1313,1269.9315068493152,1196.56055,0.06565,0.5,static_mh,0.01660452616641604,0.016473753663571577,0.0016404892992448717,1.2673588799480666,5.959149359456814e-05,-4.3612950558588786e-05,3.792308368129404e-05,1.9989190141509647,0.0,0.16555256535867316,3.236845671796704e-05,,,,,1.8783995550987362,-0.1205194590522285
dwell_r6_xi_0.5_p-6_Nd4001_dt1,main,dwell,6,xi_0.5,-6,4001,1.0,2.5350000000000003e-06,0.07321886766113006,25.280709253001987,1459,146,1313,1269.9315068493152,1196.56055,0.06565,0.5,static_lti_mh,0.05163678190015803,0.007514326422790238,0.00163622781214267,1.2909439376734357,6.044931568849419e-05,-4.2597045447289546e-05,2.792296132885229e-05,1.9110075315192288,0.011320754716981131,0.18845685043816662,3.241121625505969e-05,,,,,1.8783995550987362,-0.03260797642049251
dwell_r6_xi_0.5_p-6_Nd4001_dt1,main,dwell,6,xi_0.5,-6,4001,1.0,2.5350000000000003e-06,0.07321886766113006,25.280709253001987,1459,146,1313,1269.9315068493152,1196.56055,0.06565,0.5,linear,0.05167501926349365,0.005828156452059911,0.001748053724562642,1.2409731126842765,6.458137783538461e-05,1.2738395966970855e-06,2.3791263051307326e-05,1.8783995550987362,0.011320754716981131,0.18827224317978916,3.172967816188553e-05,,,,,1.8783995550987362,0.0
dwell_r6_xi_1_p-6_Nd4001_dt1,main,dwell,6,xi_1,-6,4001,1.0,2.5350000000000003e-06,0.07321886766113006,29.46896385200307,1459,73,1386,2539.8630136986303,2373.85055,0.0693,1,atomic,0.06595295007469314,0.023924740948206194,0.0016037939798106435,1.2935819576702814,5.9811266617709004e-05,-5.137993275240683e-05,3.4939346533514895e-05,1.9586082942720575,0.0037735849056603774,0.18236336105856538,4.5536585264573586e-05,0.0671125080665778,0.018660765801992916,0.0749464209319868,0.01802258987379642,1.9961069901838493,0.03749869591179178
dwell_r6_xi_1_p-6_Nd4001_dt1,main,dwell,6,xi_1,-6,4001,1.0,2.5350000000000003e-06,0.07321886766113006,29.46896385200307,1459,73,1386,2539.8630136986303,2373.85055,0.0693,1,static,0.003522514826348635,0.003465036542773413,0.0016380702444041772,1.2676473540402782,5.928015484844864e-05,6.149914310252383e-08,2.933389982218754e-06,2.0,0.0,0.10683341328317496,1.4686300647532994e-05,,,,,1.9961069901838493,-0.0038930098161507054
dwell_r6_xi_1_p-6_Nd4001_dt1,main,dwell,6,xi_1,-6,4001,1.0,2.5350000000000003e-06,0.07321886766113006,29.46896385200307,1459,73,1386,2539.8630136986303,2373.85055,0.0693,1,static_lti,0.04588867479281066,0.006200860972974267,0.0016366796654402362,1.2886745889534665,6.0467315260940355e-05,1.5403033550212754e-07,1.829038513450454e-05,1.9987483967805835,0.0,0.14546398217150944,2.5852446661652644e-05,,,,,1.9961069901838493,-0.002641406596734175
dwell_r6_xi_1_p-6_Nd4001_dt1,main,dwell,6,xi_1,-6,4001,1.0,2.5350000000000003e-06,0.07321886766113006,29.46896385200307,1459,73,1386,2539.8630136986303,2373.85055,0.0693,1,static_mh,0.011957464044732222,0.01184583230166544,0.001636405633636845,1.2667955232234838,5.946672591805904e-05,-4.366046668516946e-05,3.895096773775197e-05,1.9999999628232594,0.0,0.1434825306680635,2.7330871432682275e-05,,,,,1.9961069901838493,-0.0038929726394101305
dwell_r6_xi_1_p-6_Nd4001_dt1,main,dwell,6,xi_1,-6,4001,1.0,2.5350000000000003e-06,0.07321886766113006,29.46896385200307,1459,73,1386,2539.8630136986303,2373.85055,0.0693,1,static_lti_mh,0.04626634653127032,0.006512206109199219,0.001636629849248974,1.2887196014941378,6.047642492125082e-05,-4.350863381653881e-05,2.958254074707049e-05,1.997722124197518,0.0,0.14547433098752785,2.6021617845011786e-05,,,,,1.9961069901838493,-0.0016151340136687509
dwell_r6_xi_1_p-6_Nd4001_dt1,main,dwell,6,xi_1,-6,4001,1.0,2.5350000000000003e-06,0.07321886766113006,29.46896385200307,1459,73,1386,2539.8630136986303,2373.85055,0.0693,1,linear,0.045322440527467214,0.004658663610101001,0.0017484871194525977,1.2386559273501745,6.458233770001395e-05,3.1473848239418846e-07,2.0172142557129197e-05,1.9961069901838493,0.0037735849056603774,0.13869475714003368,2.495508317959422e-05,,,,,1.9961069901838493,0.0
dwell_r6_xi_2_p-6_Nd4001_dt1,main,dwell,6,xi_2,-6,4001,1.0,2.5350000000000003e-06,0.07321886766113006,25.67122338899935,1459,37,1422,5011.081081081081,4664.79323,0.0711,2,atomic,0.0650369855662135,0.02578604179695967,0.0015678920137400484,1.2953982086714475,5.836358535688072e-05,-4.835475896227495e-05,3.8021343899191073e-05,1.9999974996457601,0.0,0.1791858852956708,4.661863113156471e-05,0.06421107564805084,0.020111106352571743,0.06885652418717532,0.019690436053243814,1.999999999989059,2.500343298850183e-06
dwell_r6_xi_2_p-6_Nd4001_dt1,main,dwell,6,xi_2,-6,4001,1.0,2.5350000000000003e-06,0.07321886766113006,25.67122338899935,1459,37,1422,5011.081081081081,4664.79323,0.0711,2,static,0.0033609243678326822,0.0033311667113635254,0.0016388118211257386,1.2680429245429403,5.921380701540591e-05,-9.571119396947742e-09,2.4781215431858093e-06,2.0,0.0,0.10311657079249216,1.5173638718609058e-05,,,,,1.999999999989059,-1.0941025863075993e-11
dwell_r6_xi_2_p-6_Nd4001_dt1,main,dwell,6,xi_2,-6,4001,1.0,2.5350000000000003e-06,0.07321886766113006,25.67122338899935,1459,37,1422,5011.081081081081,4664.79323,0.0711,2,static_lti,0.04270790227076384,0.005842218711812806,0.0016225865406327203,1.2865797302902524,5.976604342732465e-05,-2.5155443192206337e-07,1.631730875086825e-05,1.9999999999621243,0.0,0.12621674419070328,2.3545176607934287e-05,,,,,1.999999999989059,2.6934676711221073e-11
dwell_r6_xi_2_p-6_Nd4001_dt1,main,dwell,6,xi_2,-6,4001,1.0,2.5350000000000003e-06,0.07321886766113006,25.67122338899935,1459,37,1422,5011.081081081081,4664.79323,0.0711,2,static_mh,0.009021315580952616,0.00895957420163067,0.0016397827834769702,1.2678328542697725,5.94145669831585e-05,-4.3606143357703796e-05,3.944215838748737e-05,1.999999999852956,0.0,0.12115203956571406,2.6234471610411845e-05,,,,,1.999999999989059,1.3610290672261272e-10
dwell_r6_xi_2_p-6_Nd4001_dt1,main,dwell,6,xi_2,-6,4001,1.0,2.5350000000000003e-06,0.07321886766113006,25.67122338899935,1459,37,1422,5011.081081081081,4664.79323,0.0711,2,static_lti_mh,0.04305998869782674,0.006189961269382128,0.0016225521673878887,1.2865660158379382,5.9774840003851986e-05,-4.4032201018288476e-05,3.3539558938462685e-05,1.999999999980503,0.0,0.12654199942676275,2.3620889966604613e-05,,,,,1.999999999989059,8.556044761576231e-12
dwell_r6_xi_2_p-6_Nd4001_dt1,main,dwell,6,xi_2,-6,4001,1.0,2.5350000000000003e-06,0.07321886766113006,25.67122338899935,1459,37,1422,5011.081081081081,4664.79323,0.0711,2,linear,0.041341606864392616,0.004230893079051549,0.0017326178803701883,1.2365988174370157,6.377892453602491e-05,-2.7915534905081185e-07,1.802029878694599e-05,1.999999999989059,0.0,0.11769260843859522,2.1639451525745227e-05,,,,,1.999999999989059,0.0
dwell_r6_xi_4_p-6_Nd4001_dt1,main,dwell,6,xi_4,-6,4001,1.0,2.5350000000000003e-06,0.07321886766113006,27.21174473299834,1459,18,1441,10300.555555555555,9568.40055,0.07205,4,atomic,0.06436617452578242,0.026876122232257483,0.0015571249290340543,1.2941831428909847,5.8353769738949245e-05,-4.880183397726882e-05,4.737003840432835e-05,1.9994876483816777,0.0,0.17282213925565684,4.917991143243743e-05,0.0624576787501824,0.020609558112827425,0.0651702091856741,0.02017524011305046,1.999999999976109,0.000512351594431415
dwell_r6_xi_4_p-6_Nd4001_dt1,main,dwell,6,xi_4,-6,4001,1.0,2.5350000000000003e-06,0.07321886766113006,27.21174473299834,1459,18,1441,10300.555555555555,9568.40055,0.07205,4,static,0.0032613985238721596,0.00325070057943594,0.0016377576025350714,1.2680810116325447,5.9595681239995893e-05,7.4689317277482e-08,2.2606566448649266e-06,2.0,0.0,0.10446949469356012,1.3345782725161748e-05,,,,,1.999999999976109,-2.3890889266908744e-11
dwell_r6_xi_4_p-6_Nd4001_dt1,main,dwell,6,xi_4,-6,4001,1.0,2.5350000000000003e-06,0.07321886766113006,27.21174473299834,1459,18,1441,10300.555555555555,9568.40055,0.07205,4,static_lti,0.03974442164797205,0.005391154452750896,0.0016247294190562646,1.2858374663119392,6.0187329475562635e-05,3.87200115047618e-07,1.5839932201460323e-05,1.9999999996859112,0.0,0.1180514571450706,2.1488386964376126e-05,,,,,1.999999999976109,2.901978657376958e-10
dwell_r6_xi_4_p-6_Nd4001_dt1,main,dwell,6,xi_4,-6,4001,1.0,2.5350000000000003e-06,0.07321886766113006,27.21174473299834,1459,18,1441,10300.555555555555,9568.40055,0.07205,4,static_mh,0.007576851114332307,0.007559863307599963,0.0016366030487981824,1.2672474306026529,5.968168523629962e-05,-4.3960173507884946e-05,3.9963131775562064e-05,2.0,0.0,0.12417868621964426,1.885126023168958e-05,,,,,1.999999999976109,-2.3890889266908744e-11
dwell_r6_xi_4_p-6_Nd4001_dt1,main,dwell,6,xi_4,-6,4001,1.0,2.5350000000000003e-06,0.07321886766113006,27.21174473299834,1459,18,1441,10300.555555555555,9568.40055,0.07205,4,static_lti_mh,0.04003401078310237,0.005658113874474461,0.0016247241184025644,1.2858615401400482,6.0195452058286206e-05,-4.364816933199156e-05,3.7863994132454397e-05,1.9999999996377404,0.0,0.11931138282777422,2.1784122715188743e-05,,,,,1.999999999976109,3.3836866641934193e-10
dwell_r6_xi_4_p-6_Nd4001_dt1,main,dwell,6,xi_4,-6,4001,1.0,2.5350000000000003e-06,0.07321886766113006,27.21174473299834,1459,18,1441,10300.555555555555,9568.40055,0.07205,4,linear,0.038182208345791946,0.003682913842907287,0.0017356822222894524,1.2354934343727502,6.425129641718681e-05,5.812805248343519e-07,1.7366461725114688e-05,1.999999999976109,0.0,0.10900635585220077,1.8812452227760914e-05,,,,,1.999999999976109,0.0
dwell_r7_xi_0.05_p-6_Nd4001_dt1,main,dwell,7,xi_0.05,-6,4001,1.0,2.5350000000000003e-06,0.07321886766113006,27.007398599002045,1459,1459,0,127.08019191226867,137.08073,0.0,0.05,atomic,0.24917104598371156,0.057613261213155055,0.001607185848428153,1.3336997196037133,6.225370332606112e-05,-5.8056746070927776e-05,9.943034816568807e-05,1.3653633699285601,0.21509433962264152,0.4874240918744235,0.0002742469677501057,0.21863889806575076,0.051817877798398033,0.2968703486544292,0.042344893477394945,1.5260662764144142,0.16070290648585406
dwell_r7_xi_0.05_p-6_Nd4001_dt1,main,dwell,7,xi_0.05,-6,4001,1.0,2.5350000000000003e-06,0.07321886766113006,27.007398599002045,1459,1459,0,127.08019191226867,137.08073,0.0,0.05,static,0.008649102635270333,0.007808224442519321,0.0016506151461657091,1.2639059649590463,5.746487751328577e-05,-1.8057923453839327e-07,9.848180813805444e-06,1.9999896686188012,0.0,0.13472864636917495,2.1693085728869306e-05,,,,,1.5260662764144142,-0.47392339220438706
dwell_r7_xi_0.05_p-6_Nd4001_dt1,main,dwell,7,xi_0.05,-6,4001,1.0,2.5350000000000003e-06,0.07321886766113006,27.007398599002045,1459,1459,0,127.08019191226867,137.08073,0.0,0.05,static_lti,0.16251556351293014,0.009398488272104643,0.0017150200266958637,1.3386744879384072,6.40927001079588e-05,1.580236403449719e-06,6.474323984772591e-05,1.6188476958194753,0.14339622641509434,0.39607749640268775,0.00018582579667527323,,,,,1.5260662764144142,-0.09278141940506113
dwell_r7_xi_0.05_p-6_Nd4001_dt1,main,dwell,7,xi_0.05,-6,4001,1.0,2.5350000000000003e-06,0.07321886766113006,27.007398599002045,1459,1459,0,127.08019191226867,137.08073,0.0,0.05,static_mh,0.16141791633501149,0.16023897811457027,0.0016572144785330838,1.2644415354117964,6.190042712519239e-05,-4.404733419176201e-05,1.49603023252113e-05,1.8767961171659855,0.011320754716981131,0.39982764473772675,0.00020117135132548394,,,,,1.5260662764144142,-0.3507298407515713
dwell_r7_xi_0.05_p-6_Nd4001_dt1,main,dwell,7,xi_0.05,-6,4001,1.0,2.5350000000000003e-06,0.07321886766113006,27.007398599002045,1459,1459,0,127.08019191226867,137.08073,0.0,0.05,static_lti_mh,0.16536097243396702,0.011801425027279959,0.0017151298880746688,1.3385223161166235,6.417500146322844e-05,-4.2286728260242646e-05,6.483047852399909e-05,1.6133437090790315,0.1471698113207547,0.3989296295389989,0.0001882600676167432,,,,,1.5260662764144142,-0.0872774326646173
dwell_r7_xi_0.05_p-6_Nd4001_dt1,main,dwell,7,xi_0.05,-6,4001,1.0,2.5350000000000003e-06,0.07321886766113006,27.007398599002045,1459,1459,0,127.08019191226867,137.08073,0.0,0.05,linear,0.17767883257613035,0.009806118545032985,0.0018323478993488792,1.293663371782201,6.891941602802116e-05,1.4549755303393256e-06,7.354231453333836e-05,1.5260662764144142,0.16981132075471697,0.415568054403274,0.00020191450997735638,,,,,1.5260662764144142,0.0
dwell_r7_xi_0.1_p-6_Nd4001_dt1,main,dwell,7,xi_0.1,-6,4001,1.0,2.5350000000000003e-06,0.07321886766113006,25.972001010002714,1459,731,728,253.6388508891929,254.40724,0.0364,0.1,atomic,0.13895767816375731,0.03385442733099932,0.0016547642251658415,1.3072441196113378,6.312359380183333e-05,-6.80956786637044e-05,6.244666513903213e-05,1.6912497625241987,0.09433962264150944,0.3261309966751416,0.00013752350799854415,0.13686695480573047,0.025456850366205742,0.16735051760738848,0.02157179637174047,1.7542670475526325,0.06301728502843384
dwell_r7_xi_0.1_p-6_Nd4001_dt1,main,dwell,7,xi_0.1,-6,4001,1.0,2.5350000000000003e-06,0.07321886766113006,25.972001010002714,1459,731,728,253.6388508891929,254.40724,0.0364,0.1,static,0.005670656333763239,0.00488156063656212,0.001641853872989557,1.2661416227447,5.886972947701258e-05,1.1398886578108131e-07,6.26230057517263e-06,1.9999999694256205,0.0,0.11573008392010425,1.6656094460737715e-05,,,,,1.7542670475526325,-0.245732921872988
dwell_r7_xi_0.1_p-6_Nd4001_dt1,main,dwell,7,xi_0.1,-6,4001,1.0,2.5350000000000003e-06,0.07321886766113006,25.972001010002714,1459,731,728,253.6388508891929,254.40724,0.0364,0.1,static_lti,0.10765966666263312,0.009849020919192377,0.001683248575503305,1.3200004476538318,6.333256926756279e-05,-3.1645701289316628e-06,4.275528458325649e-05,1.8193670918246807,0.06415094339622641,0.2913655107538918,0.00011188511803643442,,,,,1.7542670475526325,-0.06510004427204819
dwell_r7_xi_0.1_p-6_Nd4001_dt1,main,dwell,7,xi_0.1,-6,4001,1.0,2.5350000000000003e-06,0.07321886766113006,25.972001010002714,1459,731,728,253.6388508891929,254.40724,0.0364,0.1,static_mh,0.06623370234019538,0.06547840842837911,0.0016407217544496863,1.2673839845350814,6.05654237040685e-05,-4.3739372417900496e-05,2.3554770237656962e-05,1.9698115842776691,0.011320754716981131,0.2616843390035472,8.997251999519154e-05,,,,,1.7542670475526325,-0.2155445367250366
dwell_r7_xi_0.1_p-6_Nd4001_dt1,main,dwell,7,xi_0.1,-6,4001,1.0,2.5350000000000003e-06,0.07321886766113006,25.972001010002714,1459,731,728,253.6388508891929,254.40724,0.0364,0.1,static_lti_mh,0.10869605698308117,0.011402139820011304,0.0016833383574399213,1.3197906529637422,6.336557796749606e-05,-4.704314457833939e-05,4.379174485298319e-05,1.8061464603374702,0.06792452830188679,0.29415372939748996,0.00011205530963078157,,,,,1.7542670475526325,-0.05187941278483765
dwell_r7_xi_0.1_p-6_Nd4001_dt1,main,dwell,7,xi_0.1,-6,4001,1.0,2.5350000000000003e-06,0.07321886766113006,25.972001010002714,1459,731,728,253.6388508891929,254.40724,0.0364,0.1,linear,0.1158967827312645,0.00995691620555018,0.0018018775873614532,1.2715332265761448,6.804476263556516e-05,-3.4724072403854068e-06,4.8449655969264716e-05,1.7542670475526325,0.07547169811320754,0.3042125168456787,0.00012287930219099133,,,,,1.7542670475526325,0.0
dwell_r7_xi_0.25_p-6_Nd4001_dt1,main,dwell,7,xi_0.25,-6,4001,1.0,2.5350000000000003e-06,0.07321886766113006,24.25442423399727,1459,293,1166,632.7986348122867,605.90671,0.0583,0.25,atomic,0.0934967414144025,0.03410953314403183,0.0015809311060241227,1.2992586862760347,5.9527702215313676e-05,-6.116660937598814e-05,5.59060994806025e-05,1.8649941035537667,0.022641509433962263,0.25000214962358763,7.455038313548666e-05,0.09471013524812286,0.02594334007324444,0.11004601316808041,0.024033007280778416,1.9221765917101918,0.057182488156425126
dwell_r7_xi_0.25_p-6_Nd4001_dt1,main,dwell,7,xi_0.25,-6,4001,1.0,2.5350000000000003e-06,0.07321886766113006,24.25442423399727,1459,293,1166,632.7986348122867,605.90671,0.0583,0.25,static,0.004389439999022064,0.004056761130492247,0.0016386783820391028,1.2674155008155386,5.915911723742849e-05,-1.737108726552908e-08,4.228920070499711e-06,1.9999999999818512,0.0,0.1087137599762269,1.569618471546031e-05,,,,,1.9221765917101918,-0.07782340827165934
dwell_r7_xi_0.25_p-6_Nd4001_dt1,main,dwell,7,xi_0.25,-6,4001,1.0,2.5350000000000003e-06,0.07321886766113006,24.25442423399727,1459,293,1166,632.7986348122867,605.90671,0.0583,0.25,static_lti,0.06710766145203505,0.009016606196208431,0.001640804995937587,1.297302651322912,6.104941559460519e-05,3.412445865983486e-06,2.7359360525616878e-05,1.937767887603888,0.007547169811320755,0.2017052338051741,5.129067030431162e-05,,,,,1.9221765917101918,-0.015591295893696122
dwell_r7_xi_0.25_p-6_Nd4001_dt1,main,dwell,7,xi_0.25,-6,4001,1.0,2.5350000000000003e-06,0.07321886766113006,24.25442423399727,1459,293,1166,632.7986348122867,605.90671,0.0583,0.25,static_mh,0.02835499439966527,0.028019393724458174,0.0016400895502619885,1.2648360873314588,5.991430376610813e-05,-4.3896790566606924e-05,3.579230537151718e-05,1.999016273944225,0.0,0.18828323404894184,3.8452276007812096e-05,,,,,1.9221765917101918,-0.07683968223403315
dwell_r7_xi_0.25_p-6_Nd4001_dt1,main,dwell,7,xi_0.25,-6,4001,1.0,2.5350000000000003e-06,0.07321886766113006,24.25442423399727,1459,293,1166,632.7986348122867,605.90671,0.0583,0.25,static_lti_mh,0.06751551856254853,0.009628636065183407,0.0016403539989614062,1.297261288614155,6.104386473016599e-05,-4.0430535854596966e-05,3.0271549972088296e-05,1.9408296025842369,0.007547169811320755,0.20203618238237678,5.1163845971303166e-05,,,,,1.9221765917101918,-0.01865301087404503
dwell_r7_xi_0.25_p-6_Nd4001_dt1,main,dwell,7,xi_0.25,-6,4001,1.0,2.5350000000000003e-06,0.07321886766113006,24.25442423399727,1459,293,1166,632.7986348122867,605.90671,0.0583,0.25,linear,0.0689556592384207,0.008245890328499423,0.0017536050217480529,1.2478774445314096,6.529989512547889e-05,3.897994047712213e-06,3.0693442957546035e-05,1.9221765917101918,0.007547169811320755,0.20682668422437125,5.300049087182876e-05,,,,,1.9221765917101918,0.0
dwell_r7_xi_0.5_p-6_Nd4001_dt1,main,dwell,7,xi_0.5,-6,4001,1.0,2.5350000000000003e-06,0.07321886766113006,24.662880070001847,1459,146,1313,1269.9315068493152,1196.56055,0.06565,0.5,atomic,0.07035102549190154,0.023757434153768874,0.0016026156376201517,1.2937238508428037,5.980097609611141e-05,-5.563157977261341e-05,4.097649158181931e-05,1.9981429528910977,0.0,0.18657256954366228,5.672586803427237e-05,0.07295190619267135,0.0182363479919798,0.08267244683201333,0.017281759406922198,1.9961724041414437,-0.0019705487496539664
dwell_r7_xi_0.5_p-6_Nd4001_dt1,main,dwell,7,xi_0.5,-6,4001,1.0,2.5350000000000003e-06,0.07321886766113006,24.662880070001847,1459,146,1313,1269.9315068493152,1196.56055,0.06565,0.5,static,0.0037958154575069257,0.0036655319538887892,0.0016405894647793836,1.2679019868658123,5.929500608647527e-05,8.598195870003671e-08,3.27449752615083e-06,2.0,0.0,0.1003499285282435,1.4265996294077423e-05,,,,,1.9961724041414437,-0.0038275958585562986
dwell_r7_xi_0.5_p-6_Nd4001_dt1,main,dwell,7,xi_0.5,-6,4001,1.0,2.5350000000000003e-06,0.07321886766113006,24.662880070001847,1459,146,1313,1269.9315068493152,1196.56055,0.06565,0.5,static_lti,0.05232736994287553,0.007004164913915853,0.0016297915199727157,1.291456537106329,6.0309189561502286e-05,-3.030977126060401e-08,2.1009320370247785e-05,1.9991653733343893,0.0,0.1497525721935708,4.137735140534196e-05,,,,,1.9961724041414437,-0.0029929691929455604
dwell_r7_xi_0.5_p-6_Nd4001_dt1,main,dwell,7,xi_0.5,-6,4001,1.0,2.5350000000000003e-06,0.07321886766113006,24.662880070001847,1459,146,1313,1269.9315068493152,1196.56055,0.06565,0.5,static_mh,0.016875550370103253,0.016695857261716116,0.0016388909042839043,1.2675655698702866,5.961505095790069e-05,-4.3650466839502904e-05,3.801858097910291e-05,1.9999999996205244,0.0,0.13989940171954818,2.971261668653355e-05,,,,,1.9961724041414437,-0.0038275954790807365
dwell_r7_xi_0.5_p-6_Nd4001_dt1,main,dwell,7,xi_0.5,-6,4001,1.0,2.5350000000000003e-06,0.07321886766113006,24.662880070001847,1459,146,1313,1269.9315068493152,1196.56055,0.06565,0.5,static_lti_mh,0.0528373194054952,0.007371075140726272,0.001629856690444419,1.2915398876373407,6.0326037380172415e-05,-4.3739508920220835e-05,2.6363355885597784e-05,1.9987999830332168,0.0,0.1502106557394428,4.248217226591007e-05,,,,,1.9961724041414437,-0.002627578891773119
dwell_r7_xi_0.5_p-6_Nd4001_dt1,main,dwell,7,xi_0.5,-6,4001,1.0,2.5350000000000003e-06,0.07321886766113006,24.662880070001847,1459,146,1313,1269.9315068493152,1196.56055,0.06565,0.5,linear,0.05269745825935336,0.005748209824473531,0.0017408382725746304,1.241513442900622,6.44302618650365e-05,8.514681410242409e-08,2.3496159998854582e-05,1.9961724041414437,0.0037735849056603774,0.1489121841387937,3.87043498657824e-05,,,,,1.9961724041414437,0.0
dwell_r7_xi_1_p-6_Nd4001_dt1,main,dwell,7,xi_1,-6,4001,1.0,2.5350000000000003e-06,0.07321886766113006,24.194938951997756,1459,73,1386,2539.8630136986303,2373.85055,0.0693,1,atomic,0.06693416687072154,0.02575565719947779,0.0015808621102115885,1.2947552413138013,5.900856128690011e-05,-5.606867044931806e-05,4.0220697066897725e-05,1.9996711104809972,0.0,0.19244925085020065,4.9845738533538525e-05,0.06731382324223449,0.020737351486215333,0.07404018173432203,0.0200610024642216,1.9987899574826384,-0.0008811529983587807
dwell_r7_xi_1_p-6_Nd4001_dt1,main,dwell,7,xi_1,-6,4001,1.0,2.5350000000000003e-06,0.07321886766113006,24.194938951997756,1459,73,1386,2539.8630136986303,2373.85055,0.0693,1,static,0.00352077689450965,0.003466046815913481,0.0016390725359835439,1.2680191108324346,5.9350123181419484e-05,1.6535024063921092e-09,2.847770295108637e-06,1.9999999999999898,0.0,0.11260861506933433,1.3962940511876837e-05,,,,,1.9987899574826384,-0.0012100425173513507
dwell_r7_xi_1_p-6_Nd4001_dt1,main,dwell,7,xi_1,-6,4001,1.0,2.5350000000000003e-06,0.07321886766113006,24.194938951997756,1459,73,1386,2539.8630136986303,2373.85055,0.0693,1,static_lti,0.045183401804531724,0.006353562807411718,0.0016202144748360414,1.2877116640376287,5.9873497806227766e-05,-6.820865802252e-08,1.793346134104475e-05,1.999821123912456,0.0,0.14430449659426772,2.811336175502696e-05,,,,,1.9987899574826384,-0.0010311664298174872
dwell_r7_xi_1_p-6_Nd4001_dt1,main,dwell,7,xi_1,-6,4001,1.0,2.5350000000000003e-06,0.07321886766113006,24.194938951997756,1459,73,1386,2539.8630136986303,2373.85055,0.0693,1,static_mh,0.011889350086613846,0.011777658864453025,0.001638394627409818,1.2680405135087156,5.957227475603316e-05,-4.3779592076440395e-05,3.899214384373225e-05,1.999999998254252,0.0,0.133478351268023,2.5315773524070545e-05,,,,,1.9987899574826384,-0.0012100407716135742
dwell_r7_xi_1_p-6_Nd4001_dt1,main,dwell,7,xi_1,-6,4001,1.0,2.5350000000000003e-06,0.07321886766113006,24.194938951997756,1459,73,1386,2539.8630136986303,2373.85055,0.0693,1,static_lti_mh,0.04565473914397216,0.006656496800300427,0.0016202473775722274,1.2877237196853963,5.9887923740084313e-05,-4.3991910638985815e-05,2.854032735874616e-05,1.999960995518943,0.0,0.14389391914521008,2.783398625542682e-05,,,,,1.9987899574826384,-0.0011710380363045836
dwell_r7_xi_1_p-6_Nd4001_dt1,main,dwell,7,xi_1,-6,4001,1.0,2.5350000000000003e-06,0.07321886766113006,24.194938951997756,1459,73,1386,2539.8630136986303,2373.85055,0.0693,1,linear,0.04416336477260103,0.004843137323719223,0.0017303942303022407,1.237769100154729,6.391311088696185e-05,-4.8664609159677646e-08,1.98433239304514e-05,1.9987899574826384,0.0,0.14049756604463778,2.6500658958171077e-05,,,,,1.9987899574826384,0.0
dwell_r7_xi_2_p-6_Nd4001_dt1,main,dwell,7,xi_2,-6,4001,1.0,2.5350000000000003e-06,0.07321886766113006,24.206032124999183,1459,37,1422,5011.081081081081,4664.79323,0.0711,2,atomic,0.06943070709704961,0.028995745853098304,0.0015611458430307363,1.2959677278831607,5.862914219773749e-05,-5.3507056044859544e-05,5.0265346940310594e-05,1.9775601035919759,0.0037735849056603774,0.19483892658976745,4.997491490183112e-05,0.06831973633594293,0.023268001175622093,0.07265223343876251,0.022770653188063858,1.975159875075789,-0.0024002285161868198
dwell_r7_xi_2_p-6_Nd4001_dt1,main,dwell,7,xi_2,-6,4001,1.0,2.5350000000000003e-06,0.07321886766113006,24.206032124999183,1459,37,1422,5011.081081081081,4664.79323,0.0711,2,static,0.003382230869540057,0.0033653678884480185,0.0016392960552284298,1.2688320530819044,5.964394931321555e-05,5.731436001091309e-11,2.522181790331966e-06,1.999999999996181,0.0,0.10275287599711894,1.4100659531944648e-05,,,,,1.975159875075789,-0.024840124920392004
dwell_r7_xi_2_p-6_Nd4001_dt1,main,dwell,7,xi_2,-6,4001,1.0,2.5350000000000003e-06,0.07321886766113006,24.206032124999183,1459,37,1422,5011.081081081081,4664.79323,0.0711,2,static_lti,0.04101497665561316,0.005545929019627191,0.0016278859454922391,1.2866381493048897,6.032941885714164e-05,8.087931955573069e-07,1.6753150331912023e-05,1.978397902028921,0.0037735849056603774,0.12650113640012212,2.4016821283790014e-05,,,,,1.975159875075789,-0.0032380269531320227
dwell_r7_xi_2_p-6_Nd4001_dt1,main,dwell,7,xi_2,-6,4001,1.0,2.5350000000000003e-06,0.07321886766113006,24.206032124999183,1459,37,1422,5011.081081081081,4664.79323,0.0711,2,static_mh,0.009110956300979436,0.009079810003751933,0.001639127684803851,1.2681278611927602,5.980714804529147e-05,-4.404447041551491e-05,3.970763101880358e-05,1.9998708277364419,0.0,0.12481597499254479,2.215604601387285e-05,,,,,1.975159875075789,-0.02471095266065282
dwell_r7_xi_2_p-6_Nd4001_dt1,main,dwell,7,xi_2,-6,4001,1.0,2.5350000000000003e-06,0.07321886766113006,24.206032124999183,1459,37,1422,5011.081081081081,4664.79323,0.0711,2,static_lti_mh,0.04136479913710202,0.005871333953816476,0.0016278315961713225,1.286673729949472,6.0337373519821317e-05,-4.323457440244142e-05,3.475508543644264e-05,1.9786991916172576,0.0037735849056603774,0.12684402506661682,2.4292916011635207e-05,,,,,1.975159875075789,-0.0035393165414685512
dwell_r7_xi_2_p-6_Nd4001_dt1,main,dwell,7,xi_2,-6,4001,1.0,2.5350000000000003e-06,0.07321886766113006,24.206032124999183,1459,37,1422,5011.081081081081,4664.79323,0.0711,2,linear,0.04011089833144528,0.004004551703493296,0.0017391743127253233,1.2359928286128012,6.442973622412694e-05,9.232371060023882e-07,1.8529741011958003e-05,1.975159875075789,0.0037735849056603774,0.12036008970236688,2.097602403677076e-05,,,,,1.975159875075789,0.0
dwell_r7_xi_4_p-6_Nd4001_dt1,main,dwell,7,xi_4,-6,4001,1.0,2.5350000000000003e-06,0.07321886766113006,23.88044002999959,1459,18,1441,10300.555555555555,9568.40055,0.07205,4,atomic,0.07921314833150786,0.03764090362699139,0.0015131712631961474,1.2994524819986282,5.708840571659946e-05,-5.759817284234981e-05,5.993044018503272e-05,1.9958121447776713,0.0037735849056603774,0.22182455877796972,7.017881911740869e-05,0.07422852002060776,0.030525461343520095,0.07697812637871716,0.029973671048748318,1.9999999396179475,0.004187794840276204
dwell_r7_xi_4_p-6_Nd4001_dt1,main,dwell,7,xi_4,-6,4001,1.0,2.5350000000000003e-06,0.07321886766113006,23.88044002999959,1459,18,1441,10300.555555555555,9568.40055,0.07205,4,static,0.003317426003675797,0.003307951098243003,0.001638663999852895,1.2682235343627666,5.96340975282099e-05,6.343584448398714e-08,2.3690717359443125e-06,2.0,0.0,0.10696258481723638,1.3095859620292963e-05,,,,,1.9999999396179475,-6.038205246916561e-08
dwell_r7_xi_4_p-6_Nd4001_dt1,main,dwell,7,xi_4,-6,4001,1.0,2.5350000000000003e-06,0.07321886766113006,23.88044002999959,1459,18,1441,10300.555555555555,9568.40055,0.07205,4,static_lti,0.040526372993601865,0.0053505076534546,0.001624371393064665,1.2866048474827738,6.020023570247331e-05,5.986871639648314e-07,1.5083802361407881e-05,1.9999999886798352,0.0,0.13248295477613173,2.2407716141424303e-05,,,,,1.9999999396179475,-4.906188766362618e-08
dwell_r7_xi_4_p-6_Nd4001_dt1,main,dwell,7,xi_4,-6,4001,1.0,2.5350000000000003e-06,0.07321886766113006,23.88044002999959,1459,18,1441,10300.555555555555,9568.40055,0.07205,4,static_mh,0.0076427860071375696,0.007606290917884295,0.001638413293727475,1.2680248102707161,5.9751861959591035e-05,-4.397251894602034e-05,3.997835814727708e-05,1.9999999999999996,0.0,0.12275317041868562,1.8110820512254197e-05,,,,,1.9999999396179475,-6.03820520250764e-08
dwell_r7_xi_4_p-6_Nd4001_dt1,main,dwell,7,xi_4,-6,4001,1.0,2.5350000000000003e-06,0.07321886766113006,23.88044002999959,1459,18,1441,10300.555555555555,9568.40055,0.07205,4,static_lti_mh,0.04088408564346774,0.005609225250939212,0.001624355020937439,1.2865854597358064,6.021001872094355e-05,-4.34059030486972e-05,3.846867817716575e-05,1.9999999784717473,0.0,0.13356690310186375,2.2356982270635304e-05,,,,,1.9999999396179475,-3.885379973311842e-08
dwell_r7_xi_4_p-6_Nd4001_dt1,main,dwell,7,xi_4,-6,4001,1.0,2.5350000000000003e-06,0.07321886766113006,23.88044002999959,1459,18,1441,10300.555555555555,9568.40055,0.07205,4,linear,0.039120503536433156,0.0037247799396475803,0.0017352812384303082,1.2362008336457786,6.42696879995549e-05,7.356772455493829e-07,1.6525623677448345e-05,1.9999999396179475,0.0,0.12427257184545452,1.9096768968396423e-05,,,,,1.9999999396179475,0.0
