timestamp,job_id,stage,command,git_commit,code_dirty,config_json,seed,runtime_s,source,output,output_sha256
2026-09-28T02:52:22+10:00,C1_matched_CW_gain_0.95_REF_s20260704,I,python3 python/experiments/tqe_viability_final/tvf_run.py I,8bcbbef4d0fc70dfe7c91dadbd8af1c1f3824084,False,"{""config"": ""C1"", ""IF_Hz"": 5000000.0, ""A_LO"": 0.5, ""Omega_p"": null, ""amp_Vpm"": 0.04880324303911659, ""spec"": {""kind"": ""qpsk"", ""Ts"": 1e-06, ""Tp"": 3e-07, ""seed"": 20260704}, ""rule"": ""matched_CW_gain"", ""target"": 0.95}",20260704,6.2,python/experiments/tqe_viability_final/tvf_run.py (phase_run from tqe_viability/tv_common.py),results/tqe_viability_final/01_matching/runs/C1_matched_CW_gain_0.95_REF_s20260704.npz,d01a7f890d584da00b829204801e212cd962e61369f30bf84c7b8cb84c13c48a
2026-09-28T02:52:28+10:00,C1_matched_CW_gain_0.95_REF_s20260705,I,python3 python/experiments/tqe_viability_final/tvf_run.py I,8bcbbef4d0fc70dfe7c91dadbd8af1c1f3824084,False,"{""config"": ""C1"", ""IF_Hz"": 5000000.0, ""A_LO"": 0.5, ""Omega_p"": null, ""amp_Vpm"": 0.04880324303911659, ""spec"": {""kind"": ""qpsk"", ""Ts"": 1e-06, ""Tp"": 3e-07, ""seed"": 20260705}, ""rule"": ""matched_CW_gain"", ""target"": 0.95}",20260705,6.1,python/experiments/tqe_viability_final/tvf_run.py (phase_run from tqe_viability/tv_common.py),results/tqe_viability_final/01_matching/runs/C1_matched_CW_gain_0.95_REF_s20260705.npz,8dff73ae4c70806d8551ddc1d753780412d599912d922468ef0cdde086f37520
2026-09-28T02:52:34+10:00,C1_matched_CW_gain_0.95_REF_s20260706,I,python3 python/experiments/tqe_viability_final/tvf_run.py I,8bcbbef4d0fc70dfe7c91dadbd8af1c1f3824084,False,"{""config"": ""C1"", ""IF_Hz"": 5000000.0, ""A_LO"": 0.5, ""Omega_p"": null, ""amp_Vpm"": 0.04880324303911659, ""spec"": {""kind"": ""qpsk"", ""Ts"": 1e-06, ""Tp"": 3e-07, ""seed"": 20260706}, ""rule"": ""matched_CW_gain"", ""target"": 0.95}",20260706,5.9,python/experiments/tqe_viability_final/tvf_run.py (phase_run from tqe_viability/tv_common.py),results/tqe_viability_final/01_matching/runs/C1_matched_CW_gain_0.95_REF_s20260706.npz,0bdb5fd35c2d9b4214a8e510383a76da2a3593ee0f1b470e4f562d4e158e779d
2026-09-28T02:52:40+10:00,C1_matched_CW_gain_0.9_REF_s20260704,I,python3 python/experiments/tqe_viability_final/tvf_run.py I,8bcbbef4d0fc70dfe7c91dadbd8af1c1f3824084,False,"{""config"": ""C1"", ""IF_Hz"": 5000000.0, ""A_LO"": 0.5, ""Omega_p"": null, ""amp_Vpm"": 0.07016204570893679, ""spec"": {""kind"": ""qpsk"", ""Ts"": 1e-06, ""Tp"": 3e-07, ""seed"": 20260704}, ""rule"": ""matched_CW_gain"", ""target"": 0.9}",20260704,5.9,python/experiments/tqe_viability_final/tvf_run.py (phase_run from tqe_viability/tv_common.py),results/tqe_viability_final/01_matching/runs/C1_matched_CW_gain_0.9_REF_s20260704.npz,acedd1544d9b3f1c7f3a41950d323aa9fbd47c1b1c291235656a51509c8191ab
2026-09-28T02:52:45+10:00,C1_matched_CW_gain_0.9_REF_s20260705,I,python3 python/experiments/tqe_viability_final/tvf_run.py I,8bcbbef4d0fc70dfe7c91dadbd8af1c1f3824084,False,"{""config"": ""C1"", ""IF_Hz"": 5000000.0, ""A_LO"": 0.5, ""Omega_p"": null, ""amp_Vpm"": 0.07016204570893679, ""spec"": {""kind"": ""qpsk"", ""Ts"": 1e-06, ""Tp"": 3e-07, ""seed"": 20260705}, ""rule"": ""matched_CW_gain"", ""target"": 0.9}",20260705,5.8,python/experiments/tqe_viability_final/tvf_run.py (phase_run from tqe_viability/tv_common.py),results/tqe_viability_final/01_matching/runs/C1_matched_CW_gain_0.9_REF_s20260705.npz,6793b46efef71a5962f716e56a404f611659e9dfe14972933cd22b4437cd2fd5
2026-09-28T02:52:51+10:00,C1_matched_CW_gain_0.9_REF_s20260706,I,python3 python/experiments/tqe_viability_final/tvf_run.py I,8bcbbef4d0fc70dfe7c91dadbd8af1c1f3824084,False,"{""config"": ""C1"", ""IF_Hz"": 5000000.0, ""A_LO"": 0.5, ""Omega_p"": null, ""amp_Vpm"": 0.07016204570893679, ""spec"": {""kind"": ""qpsk"", ""Ts"": 1e-06, ""Tp"": 3e-07, ""seed"": 20260706}, ""rule"": ""matched_CW_gain"", ""target"": 0.9}",20260706,6.1,python/experiments/tqe_viability_final/tvf_run.py (phase_run from tqe_viability/tv_common.py),results/tqe_viability_final/01_matching/runs/C1_matched_CW_gain_0.9_REF_s20260706.npz,b40d44b84d435e493f3f630bd57f6c50acf0db45a95492b6fa9ffb4c9e95ca90
2026-09-28T02:52:57+10:00,C1_matched_CW_gain_0.85_REF_s20260704,I,python3 python/experiments/tqe_viability_final/tvf_run.py I,8bcbbef4d0fc70dfe7c91dadbd8af1c1f3824084,False,"{""config"": ""C1"", ""IF_Hz"": 5000000.0, ""A_LO"": 0.5, ""Omega_p"": null, ""amp_Vpm"": 0.08710894090567625, ""spec"": {""kind"": ""qpsk"", ""Ts"": 1e-06, ""Tp"": 3e-07, ""seed"": 20260704}, ""rule"": ""matched_CW_gain"", ""target"": 0.85}",20260704,5.9,python/experiments/tqe_viability_final/tvf_run.py (phase_run from tqe_viability/tv_common.py),results/tqe_viability_final/01_matching/runs/C1_matched_CW_gain_0.85_REF_s20260704.npz,5c534e54bed4df0873d55c6128cb9d3e4681324b0a5a5dbd8f2302a0db8f9f1a
2026-09-28T02:53:03+10:00,C1_matched_CW_gain_0.85_REF_s20260705,I,python3 python/experiments/tqe_viability_final/tvf_run.py I,8bcbbef4d0fc70dfe7c91dadbd8af1c1f3824084,False,"{""config"": ""C1"", ""IF_Hz"": 5000000.0, ""A_LO"": 0.5, ""Omega_p"": null, ""amp_Vpm"": 0.08710894090567625, ""spec"": {""kind"": ""qpsk"", ""Ts"": 1e-06, ""Tp"": 3e-07, ""seed"": 20260705}, ""rule"": ""matched_CW_gain"", ""target"": 0.85}",20260705,5.9,python/experiments/tqe_viability_final/tvf_run.py (phase_run from tqe_viability/tv_common.py),results/tqe_viability_final/01_matching/runs/C1_matched_CW_gain_0.85_REF_s20260705.npz,b87f17a53afdd6baf53d0c7e951c1ef46db9274655ca5a8941ce713a3ee1291a
2026-09-28T02:53:08+10:00,C1_matched_CW_gain_0.85_REF_s20260706,I,python3 python/experiments/tqe_viability_final/tvf_run.py I,8bcbbef4d0fc70dfe7c91dadbd8af1c1f3824084,False,"{""config"": ""C1"", ""IF_Hz"": 5000000.0, ""A_LO"": 0.5, ""Omega_p"": null, ""amp_Vpm"": 0.08710894090567625, ""spec"": {""kind"": ""qpsk"", ""Ts"": 1e-06, ""Tp"": 3e-07, ""seed"": 20260706}, ""rule"": ""matched_CW_gain"", ""target"": 0.85}",20260706,5.9,python/experiments/tqe_viability_final/tvf_run.py (phase_run from tqe_viability/tv_common.py),results/tqe_viability_final/01_matching/runs/C1_matched_CW_gain_0.85_REF_s20260706.npz,2f63c3c9bbe70b89dc5d80418acc43e657f33d5ba6c5d708e91260f41d1a3b52
2026-09-28T02:53:14+10:00,C1_matched_CW_gain_0.8_REF_s20260704,I,python3 python/experiments/tqe_viability_final/tvf_run.py I,8bcbbef4d0fc70dfe7c91dadbd8af1c1f3824084,False,"{""config"": ""C1"", ""IF_Hz"": 5000000.0, ""A_LO"": 0.5, ""Omega_p"": null, ""amp_Vpm"": 0.1015927114071777, ""spec"": {""kind"": ""qpsk"", ""Ts"": 1e-06, ""Tp"": 3e-07, ""seed"": 20260704}, ""rule"": ""matched_CW_gain"", ""target"": 0.8}",20260704,5.9,python/experiments/tqe_viability_final/tvf_run.py (phase_run from tqe_viability/tv_common.py),results/tqe_viability_final/01_matching/runs/C1_matched_CW_gain_0.8_REF_s20260704.npz,23588863690622016f8ba89feaa97efe2696dd8f96de1113a648b111f34cbfae
2026-09-28T02:53:19+10:00,C1_matched_CW_gain_0.8_REF_s20260705,I,python3 python/experiments/tqe_viability_final/tvf_run.py I,8bcbbef4d0fc70dfe7c91dadbd8af1c1f3824084,False,"{""config"": ""C1"", ""IF_Hz"": 5000000.0, ""A_LO"": 0.5, ""Omega_p"": null, ""amp_Vpm"": 0.1015927114071777, ""spec"": {""kind"": ""qpsk"", ""Ts"": 1e-06, ""Tp"": 3e-07, ""seed"": 20260705}, ""rule"": ""matched_CW_gain"", ""target"": 0.8}",20260705,5.8,python/experiments/tqe_viability_final/tvf_run.py (phase_run from tqe_viability/tv_common.py),results/tqe_viability_final/01_matching/runs/C1_matched_CW_gain_0.8_REF_s20260705.npz,67952d43f9dc86bde6024b88919d48557a7829326369783459c488b6fc92bad0
2026-09-28T02:53:25+10:00,C1_matched_CW_gain_0.8_REF_s20260706,I,python3 python/experiments/tqe_viability_final/tvf_run.py I,8bcbbef4d0fc70dfe7c91dadbd8af1c1f3824084,False,"{""config"": ""C1"", ""IF_Hz"": 5000000.0, ""A_LO"": 0.5, ""Omega_p"": null, ""amp_Vpm"": 0.1015927114071777, ""spec"": {""kind"": ""qpsk"", ""Ts"": 1e-06, ""Tp"": 3e-07, ""seed"": 20260706}, ""rule"": ""matched_CW_gain"", ""target"": 0.8}",20260706,6.0,python/experiments/tqe_viability_final/tvf_run.py (phase_run from tqe_viability/tv_common.py),results/tqe_viability_final/01_matching/runs/C1_matched_CW_gain_0.8_REF_s20260706.npz,bfe3085b3a1303deb41dca495dcdf3a9b3ecdf7ae6532774f208d1b98ec36054
2026-09-28T02:53:31+10:00,C1_matched_CW_gain_0.6_REF_s20260704,I,python3 python/experiments/tqe_viability_final/tvf_run.py I,8bcbbef4d0fc70dfe7c91dadbd8af1c1f3824084,False,"{""config"": ""C1"", ""IF_Hz"": 5000000.0, ""A_LO"": 0.5, ""Omega_p"": null, ""amp_Vpm"": 0.14664565965116375, ""spec"": {""kind"": ""qpsk"", ""Ts"": 1e-06, ""Tp"": 3e-07, ""seed"": 20260704}, ""rule"": ""matched_CW_gain"", ""target"": 0.6}",20260704,5.9,python/experiments/tqe_viability_final/tvf_run.py (phase_run from tqe_viability/tv_common.py),results/tqe_viability_final/01_matching/runs/C1_matched_CW_gain_0.6_REF_s20260704.npz,eff4cdeacf41a3afac13ff0bfbfcaa2c4d3a6a19555d8ccaa8e5072ba9c4c225
2026-09-28T02:53:37+10:00,C1_matched_CW_gain_0.6_REF_s20260705,I,python3 python/experiments/tqe_viability_final/tvf_run.py I,8bcbbef4d0fc70dfe7c91dadbd8af1c1f3824084,False,"{""config"": ""C1"", ""IF_Hz"": 5000000.0, ""A_LO"": 0.5, ""Omega_p"": null, ""amp_Vpm"": 0.14664565965116375, ""spec"": {""kind"": ""qpsk"", ""Ts"": 1e-06, ""Tp"": 3e-07, ""seed"": 20260705}, ""rule"": ""matched_CW_gain"", ""target"": 0.6}",20260705,5.8,python/experiments/tqe_viability_final/tvf_run.py (phase_run from tqe_viability/tv_common.py),results/tqe_viability_final/01_matching/runs/C1_matched_CW_gain_0.6_REF_s20260705.npz,800b1da75a59a7c6dc1a18a4c1572711e2ab1e5ae50f516d5ce5112503617129
2026-09-28T02:53:42+10:00,C1_matched_CW_gain_0.6_REF_s20260706,I,python3 python/experiments/tqe_viability_final/tvf_run.py I,8bcbbef4d0fc70dfe7c91dadbd8af1c1f3824084,False,"{""config"": ""C1"", ""IF_Hz"": 5000000.0, ""A_LO"": 0.5, ""Omega_p"": null, ""amp_Vpm"": 0.14664565965116375, ""spec"": {""kind"": ""qpsk"", ""Ts"": 1e-06, ""Tp"": 3e-07, ""seed"": 20260706}, ""rule"": ""matched_CW_gain"", ""target"": 0.6}",20260706,5.9,python/experiments/tqe_viability_final/tvf_run.py (phase_run from tqe_viability/tv_common.py),results/tqe_viability_final/01_matching/runs/C1_matched_CW_gain_0.6_REF_s20260706.npz,e9ec4ae5b9cb34fc223becfdf847fbb6b3dcc0e21570cd74ccdc741081143557
2026-09-28T02:53:47+10:00,C1_matched_CW_gain_0.4_REF_s20260704,I,python3 python/experiments/tqe_viability_final/tvf_run.py I,8bcbbef4d0fc70dfe7c91dadbd8af1c1f3824084,False,"{""config"": ""C1"", ""IF_Hz"": 5000000.0, ""A_LO"": 0.5, ""Omega_p"": null, ""amp_Vpm"": 0.1855828320597952, ""spec"": {""kind"": ""qpsk"", ""Ts"": 1e-06, ""Tp"": 3e-07, ""seed"": 20260704}, ""rule"": ""matched_CW_gain"", ""target"": 0.4}",20260704,5.9,python/experiments/tqe_viability_final/tvf_run.py (phase_run from tqe_viability/tv_common.py),results/tqe_viability_final/01_matching/runs/C1_matched_CW_gain_0.4_REF_s20260704.npz,b46377ea6c9386ff7ee11b202884c760197136bdc100415746f49fc3486b0a3a
2026-09-28T02:53:53+10:00,C1_matched_CW_gain_0.4_REF_s20260705,I,python3 python/experiments/tqe_viability_final/tvf_run.py I,8bcbbef4d0fc70dfe7c91dadbd8af1c1f3824084,False,"{""config"": ""C1"", ""IF_Hz"": 5000000.0, ""A_LO"": 0.5, ""Omega_p"": null, ""amp_Vpm"": 0.1855828320597952, ""spec"": {""kind"": ""qpsk"", ""Ts"": 1e-06, ""Tp"": 3e-07, ""seed"": 20260705}, ""rule"": ""matched_CW_gain"", ""target"": 0.4}",20260705,6.0,python/experiments/tqe_viability_final/tvf_run.py (phase_run from tqe_viability/tv_common.py),results/tqe_viability_final/01_matching/runs/C1_matched_CW_gain_0.4_REF_s20260705.npz,81dc200aaaa8657fb9dcf2b1d90a834f41cdd0f77e2ec803c93c8c4731a360e1
2026-09-28T02:53:59+10:00,C1_matched_CW_gain_0.4_REF_s20260706,I,python3 python/experiments/tqe_viability_final/tvf_run.py I,8bcbbef4d0fc70dfe7c91dadbd8af1c1f3824084,False,"{""config"": ""C1"", ""IF_Hz"": 5000000.0, ""A_LO"": 0.5, ""Omega_p"": null, ""amp_Vpm"": 0.1855828320597952, ""spec"": {""kind"": ""qpsk"", ""Ts"": 1e-06, ""Tp"": 3e-07, ""seed"": 20260706}, ""rule"": ""matched_CW_gain"", ""target"": 0.4}",20260706,5.9,python/experiments/tqe_viability_final/tvf_run.py (phase_run from tqe_viability/tv_common.py),results/tqe_viability_final/01_matching/runs/C1_matched_CW_gain_0.4_REF_s20260706.npz,369524d9ff2ecdbb88d77677cf0171edd03b40aece5006c7cf6ee1225306d14a
2026-09-28T02:54:05+10:00,C1_matched_signal_to_LO_0.1_CW,I,python3 python/experiments/tqe_viability_final/tvf_run.py I,d5d42f1287eb92dda6fddd2a01552ea7dc536641,False,"{""config"": ""C1"", ""IF_Hz"": 5000000.0, ""A_LO"": 0.5, ""Omega_p"": null, ""amp_Vpm"": 0.05, ""spec"": {""kind"": ""cw""}, ""rule"": ""matched_signal_to_LO"", ""target"": 0.1}",,5.9,python/experiments/tqe_viability_final/tvf_run.py (phase_run from tqe_viability/tv_common.py),results/tqe_viability_final/01_matching/runs/C1_matched_signal_to_LO_0.1_CW.npz,1d3f85c3f323b1fc37e09a11a40f9ae76efdace8a1e681449fb7f6f7cf5ec1db
2026-09-28T02:54:11+10:00,C1_matched_signal_to_LO_0.1_REF_s20260701,I,python3 python/experiments/tqe_viability_final/tvf_run.py I,d5d42f1287eb92dda6fddd2a01552ea7dc536641,False,"{""config"": ""C1"", ""IF_Hz"": 5000000.0, ""A_LO"": 0.5, ""Omega_p"": null, ""amp_Vpm"": 0.05, ""spec"": {""kind"": ""qpsk"", ""Ts"": 1e-06, ""Tp"": 3e-07, ""seed"": 20260701}, ""rule"": ""matched_signal_to_LO"", ""target"": 0.1}",20260701,5.9,python/experiments/tqe_viability_final/tvf_run.py (phase_run from tqe_viability/tv_common.py),results/tqe_viability_final/01_matching/runs/C1_matched_signal_to_LO_0.1_REF_s20260701.npz,561b3adf9ede4acdd4221c202351427e990cbe5b01d9a0989b6f649ae5f31b27
2026-09-28T02:54:17+10:00,C1_matched_signal_to_LO_0.1_REF_s20260702,I,python3 python/experiments/tqe_viability_final/tvf_run.py I,d5d42f1287eb92dda6fddd2a01552ea7dc536641,False,"{""config"": ""C1"", ""IF_Hz"": 5000000.0, ""A_LO"": 0.5, ""Omega_p"": null, ""amp_Vpm"": 0.05, ""spec"": {""kind"": ""qpsk"", ""Ts"": 1e-06, ""Tp"": 3e-07, ""seed"": 20260702}, ""rule"": ""matched_signal_to_LO"", ""target"": 0.1}",20260702,5.9,python/experiments/tqe_viability_final/tvf_run.py (phase_run from tqe_viability/tv_common.py),results/tqe_viability_final/01_matching/runs/C1_matched_signal_to_LO_0.1_REF_s20260702.npz,a6b27b27e9157df5bb9a9a95be0772c815292403e996aaece3d9aa5a96774227
2026-09-28T02:54:22+10:00,C1_matched_signal_to_LO_0.1_REF_s20260703,I,python3 python/experiments/tqe_viability_final/tvf_run.py I,d5d42f1287eb92dda6fddd2a01552ea7dc536641,False,"{""config"": ""C1"", ""IF_Hz"": 5000000.0, ""A_LO"": 0.5, ""Omega_p"": null, ""amp_Vpm"": 0.05, ""spec"": {""kind"": ""qpsk"", ""Ts"": 1e-06, ""Tp"": 3e-07, ""seed"": 20260703}, ""rule"": ""matched_signal_to_LO"", ""target"": 0.1}",20260703,6.0,python/experiments/tqe_viability_final/tvf_run.py (phase_run from tqe_viability/tv_common.py),results/tqe_viability_final/01_matching/runs/C1_matched_signal_to_LO_0.1_REF_s20260703.npz,7421332db09ab4f7880d2fd6f930108d47728837dda9ca4704d2482aa0bf032d
2026-09-28T02:54:27+10:00,C1_matched_signal_to_LO_0.1_REF_s20260704,I,python3 python/experiments/tqe_viability_final/tvf_run.py I,d5d42f1287eb92dda6fddd2a01552ea7dc536641,False,"{""config"": ""C1"", ""IF_Hz"": 5000000.0, ""A_LO"": 0.5, ""Omega_p"": null, ""amp_Vpm"": 0.05, ""spec"": {""kind"": ""qpsk"", ""Ts"": 1e-06, ""Tp"": 3e-07, ""seed"": 20260704}, ""rule"": ""matched_signal_to_LO"", ""target"": 0.1}",20260704,5.9,python/experiments/tqe_viability_final/tvf_run.py (phase_run from tqe_viability/tv_common.py),results/tqe_viability_final/01_matching/runs/C1_matched_signal_to_LO_0.1_REF_s20260704.npz,989fd1286b5f3fa40abd1099ae1ea0d8b443ce2dea3108248a3a79ba84b7f386
2026-09-28T02:54:33+10:00,C1_matched_signal_to_LO_0.1_REF_s20260705,I,python3 python/experiments/tqe_viability_final/tvf_run.py I,d5d42f1287eb92dda6fddd2a01552ea7dc536641,False,"{""config"": ""C1"", ""IF_Hz"": 5000000.0, ""A_LO"": 0.5, ""Omega_p"": null, ""amp_Vpm"": 0.05, ""spec"": {""kind"": ""qpsk"", ""Ts"": 1e-06, ""Tp"": 3e-07, ""seed"": 20260705}, ""rule"": ""matched_signal_to_LO"", ""target"": 0.1}",20260705,5.9,python/experiments/tqe_viability_final/tvf_run.py (phase_run from tqe_viability/tv_common.py),results/tqe_viability_final/01_matching/runs/C1_matched_signal_to_LO_0.1_REF_s20260705.npz,d6d80bf5ce9d4865cf7a8c5e4019694b47bc750a62c005cc9633d1b1d82d339f
2026-09-28T02:54:39+10:00,C1_matched_signal_to_LO_0.1_REF_s20260706,I,python3 python/experiments/tqe_viability_final/tvf_run.py I,d5d42f1287eb92dda6fddd2a01552ea7dc536641,False,"{""config"": ""C1"", ""IF_Hz"": 5000000.0, ""A_LO"": 0.5, ""Omega_p"": null, ""amp_Vpm"": 0.05, ""spec"": {""kind"": ""qpsk"", ""Ts"": 1e-06, ""Tp"": 3e-07, ""seed"": 20260706}, ""rule"": ""matched_signal_to_LO"", ""target"": 0.1}",20260706,5.9,python/experiments/tqe_viability_final/tvf_run.py (phase_run from tqe_viability/tv_common.py),results/tqe_viability_final/01_matching/runs/C1_matched_signal_to_LO_0.1_REF_s20260706.npz,267d76eb121318a2ddf6bb0078a4bcfd5163490f2334471284f0648138925508
2026-09-28T02:54:45+10:00,C1_matched_signal_to_LO_0.2_REF_s20260704,I,python3 python/experiments/tqe_viability_final/tvf_run.py I,d5d42f1287eb92dda6fddd2a01552ea7dc536641,False,"{""config"": ""C1"", ""IF_Hz"": 5000000.0, ""A_LO"": 0.5, ""Omega_p"": null, ""amp_Vpm"": 0.1, ""spec"": {""kind"": ""qpsk"", ""Ts"": 1e-06, ""Tp"": 3e-07, ""seed"": 20260704}, ""rule"": ""matched_signal_to_LO"", ""target"": 0.2}",20260704,6.0,python/experiments/tqe_viability_final/tvf_run.py (phase_run from tqe_viability/tv_common.py),results/tqe_viability_final/01_matching/runs/C1_matched_signal_to_LO_0.2_REF_s20260704.npz,cec3fda07b20bb51bf67fe328be1b7adc02d4a152462dca952ce1d9df8876d0d
2026-09-28T02:54:50+10:00,C1_matched_signal_to_LO_0.2_REF_s20260705,I,python3 python/experiments/tqe_viability_final/tvf_run.py I,d5d42f1287eb92dda6fddd2a01552ea7dc536641,False,"{""config"": ""C1"", ""IF_Hz"": 5000000.0, ""A_LO"": 0.5, ""Omega_p"": null, ""amp_Vpm"": 0.1, ""spec"": {""kind"": ""qpsk"", ""Ts"": 1e-06, ""Tp"": 3e-07, ""seed"": 20260705}, ""rule"": ""matched_signal_to_LO"", ""target"": 0.2}",20260705,5.8,python/experiments/tqe_viability_final/tvf_run.py (phase_run from tqe_viability/tv_common.py),results/tqe_viability_final/01_matching/runs/C1_matched_signal_to_LO_0.2_REF_s20260705.npz,d6fb511f2634ffc7027f84936f9a7b97f4a142c40adacfdfcbe75b843e4e763e
2026-09-28T02:54:56+10:00,C1_matched_signal_to_LO_0.2_REF_s20260706,I,python3 python/experiments/tqe_viability_final/tvf_run.py I,d5d42f1287eb92dda6fddd2a01552ea7dc536641,False,"{""config"": ""C1"", ""IF_Hz"": 5000000.0, ""A_LO"": 0.5, ""Omega_p"": null, ""amp_Vpm"": 0.1, ""spec"": {""kind"": ""qpsk"", ""Ts"": 1e-06, ""Tp"": 3e-07, ""seed"": 20260706}, ""rule"": ""matched_signal_to_LO"", ""target"": 0.2}",20260706,5.6,python/experiments/tqe_viability_final/tvf_run.py (phase_run from tqe_viability/tv_common.py),results/tqe_viability_final/01_matching/runs/C1_matched_signal_to_LO_0.2_REF_s20260706.npz,603eba5d4a8084c35adc946a3d626e879240fd0053053180aefca90253395f87
2026-09-28T02:55:01+10:00,C1_matched_signal_to_LO_0.358_REF_s20260704,I,python3 python/experiments/tqe_viability_final/tvf_run.py I,d5d42f1287eb92dda6fddd2a01552ea7dc536641,False,"{""config"": ""C1"", ""IF_Hz"": 5000000.0, ""A_LO"": 0.5, ""Omega_p"": null, ""amp_Vpm"": 0.179, ""spec"": {""kind"": ""qpsk"", ""Ts"": 1e-06, ""Tp"": 3e-07, ""seed"": 20260704}, ""rule"": ""matched_signal_to_LO"", ""target"": 0.358}",20260704,5.8,python/experiments/tqe_viability_final/tvf_run.py (phase_run from tqe_viability/tv_common.py),results/tqe_viability_final/01_matching/runs/C1_matched_signal_to_LO_0.358_REF_s20260704.npz,ff4fc3e30be3effcd8f68266c5e657a97b4b2c7fabcef455e6453f0426b6bfa2
2026-09-28T02:55:07+10:00,C1_matched_signal_to_LO_0.358_REF_s20260705,I,python3 python/experiments/tqe_viability_final/tvf_run.py I,d5d42f1287eb92dda6fddd2a01552ea7dc536641,False,"{""config"": ""C1"", ""IF_Hz"": 5000000.0, ""A_LO"": 0.5, ""Omega_p"": null, ""amp_Vpm"": 0.179, ""spec"": {""kind"": ""qpsk"", ""Ts"": 1e-06, ""Tp"": 3e-07, ""seed"": 20260705}, ""rule"": ""matched_signal_to_LO"", ""target"": 0.358}",20260705,5.8,python/experiments/tqe_viability_final/tvf_run.py (phase_run from tqe_viability/tv_common.py),results/tqe_viability_final/01_matching/runs/C1_matched_signal_to_LO_0.358_REF_s20260705.npz,e80a7a9aa8b5c1f09ea1d9b35cc946ffba1299aa49603b14f79525ddd2dea68a
2026-09-28T02:55:13+10:00,C1_matched_signal_to_LO_0.358_REF_s20260706,I,python3 python/experiments/tqe_viability_final/tvf_run.py I,d5d42f1287eb92dda6fddd2a01552ea7dc536641,False,"{""config"": ""C1"", ""IF_Hz"": 5000000.0, ""A_LO"": 0.5, ""Omega_p"": null, ""amp_Vpm"": 0.179, ""spec"": {""kind"": ""qpsk"", ""Ts"": 1e-06, ""Tp"": 3e-07, ""seed"": 20260706}, ""rule"": ""matched_signal_to_LO"", ""target"": 0.358}",20260706,5.9,python/experiments/tqe_viability_final/tvf_run.py (phase_run from tqe_viability/tv_common.py),results/tqe_viability_final/01_matching/runs/C1_matched_signal_to_LO_0.358_REF_s20260706.npz,afa4dd5dd6fa59a1c90536a1edbd9049ff11502171034c407caf8f2cbf547cde
2026-09-28T02:55:19+10:00,C1_matched_signal_to_LO_0.4_CW,I,python3 python/experiments/tqe_viability_final/tvf_run.py I,d5d42f1287eb92dda6fddd2a01552ea7dc536641,False,"{""config"": ""C1"", ""IF_Hz"": 5000000.0, ""A_LO"": 0.5, ""Omega_p"": null, ""amp_Vpm"": 0.2, ""spec"": {""kind"": ""cw""}, ""rule"": ""matched_signal_to_LO"", ""target"": 0.4}",,5.9,python/experiments/tqe_viability_final/tvf_run.py (phase_run from tqe_viability/tv_common.py),results/tqe_viability_final/01_matching/runs/C1_matched_signal_to_LO_0.4_CW.npz,d5af3b60667d16f69b0dca451e38f916fc7f3795252d725657b4e3c587bf9570
2026-09-28T02:55:24+10:00,C1_matched_signal_to_LO_0.4_REF_s20260701,I,python3 python/experiments/tqe_viability_final/tvf_run.py I,d5d42f1287eb92dda6fddd2a01552ea7dc536641,False,"{""config"": ""C1"", ""IF_Hz"": 5000000.0, ""A_LO"": 0.5, ""Omega_p"": null, ""amp_Vpm"": 0.2, ""spec"": {""kind"": ""qpsk"", ""Ts"": 1e-06, ""Tp"": 3e-07, ""seed"": 20260701}, ""rule"": ""matched_signal_to_LO"", ""target"": 0.4}",20260701,5.9,python/experiments/tqe_viability_final/tvf_run.py (phase_run from tqe_viability/tv_common.py),results/tqe_viability_final/01_matching/runs/C1_matched_signal_to_LO_0.4_REF_s20260701.npz,70b04818082c281026eb7c5db067fb7570c9ea5e4c6f83a269308682e23e0c51
2026-09-28T02:55:30+10:00,C1_matched_signal_to_LO_0.4_REF_s20260702,I,python3 python/experiments/tqe_viability_final/tvf_run.py I,d5d42f1287eb92dda6fddd2a01552ea7dc536641,False,"{""config"": ""C1"", ""IF_Hz"": 5000000.0, ""A_LO"": 0.5, ""Omega_p"": null, ""amp_Vpm"": 0.2, ""spec"": {""kind"": ""qpsk"", ""Ts"": 1e-06, ""Tp"": 3e-07, ""seed"": 20260702}, ""rule"": ""matched_signal_to_LO"", ""target"": 0.4}",20260702,5.9,python/experiments/tqe_viability_final/tvf_run.py (phase_run from tqe_viability/tv_common.py),results/tqe_viability_final/01_matching/runs/C1_matched_signal_to_LO_0.4_REF_s20260702.npz,fca84e16b0fecf81fe74d934fcbecf16fedb851a5db19d9a8daa4845ed37aa21
2026-09-28T02:55:36+10:00,C1_matched_signal_to_LO_0.4_REF_s20260703,I,python3 python/experiments/tqe_viability_final/tvf_run.py I,d5d42f1287eb92dda6fddd2a01552ea7dc536641,False,"{""config"": ""C1"", ""IF_Hz"": 5000000.0, ""A_LO"": 0.5, ""Omega_p"": null, ""amp_Vpm"": 0.2, ""spec"": {""kind"": ""qpsk"", ""Ts"": 1e-06, ""Tp"": 3e-07, ""seed"": 20260703}, ""rule"": ""matched_signal_to_LO"", ""target"": 0.4}",20260703,6.1,python/experiments/tqe_viability_final/tvf_run.py (phase_run from tqe_viability/tv_common.py),results/tqe_viability_final/01_matching/runs/C1_matched_signal_to_LO_0.4_REF_s20260703.npz,243a7484e18ef3a660920c8c815a22e806e47e2c9f5e5a8fe957a94df839106d
2026-09-28T02:55:42+10:00,C1_matched_signal_to_LO_0.4_REF_s20260704,I,python3 python/experiments/tqe_viability_final/tvf_run.py I,d5d42f1287eb92dda6fddd2a01552ea7dc536641,False,"{""config"": ""C1"", ""IF_Hz"": 5000000.0, ""A_LO"": 0.5, ""Omega_p"": null, ""amp_Vpm"": 0.2, ""spec"": {""kind"": ""qpsk"", ""Ts"": 1e-06, ""Tp"": 3e-07, ""seed"": 20260704}, ""rule"": ""matched_signal_to_LO"", ""target"": 0.4}",20260704,6.0,python/experiments/tqe_viability_final/tvf_run.py (phase_run from tqe_viability/tv_common.py),results/tqe_viability_final/01_matching/runs/C1_matched_signal_to_LO_0.4_REF_s20260704.npz,f7409b3a2933da1d4025dcfcf1f1d6db2a50aa13cca94b0587aca13b203569d0
2026-09-28T02:55:48+10:00,C1_matched_signal_to_LO_0.4_REF_s20260705,I,python3 python/experiments/tqe_viability_final/tvf_run.py I,d5d42f1287eb92dda6fddd2a01552ea7dc536641,False,"{""config"": ""C1"", ""IF_Hz"": 5000000.0, ""A_LO"": 0.5, ""Omega_p"": null, ""amp_Vpm"": 0.2, ""spec"": {""kind"": ""qpsk"", ""Ts"": 1e-06, ""Tp"": 3e-07, ""seed"": 20260705}, ""rule"": ""matched_signal_to_LO"", ""target"": 0.4}",20260705,5.9,python/experiments/tqe_viability_final/tvf_run.py (phase_run from tqe_viability/tv_common.py),results/tqe_viability_final/01_matching/runs/C1_matched_signal_to_LO_0.4_REF_s20260705.npz,699fb82b6f140196657442b9c519beca0930eda21adc3e9675059665229dc76a
2026-09-28T02:55:52+10:00,C1_matched_signal_to_LO_0.4_REF_s20260706,I,python3 python/experiments/tqe_viability_final/tvf_run.py I,d5d42f1287eb92dda6fddd2a01552ea7dc536641,False,"{""config"": ""C1"", ""IF_Hz"": 5000000.0, ""A_LO"": 0.5, ""Omega_p"": null, ""amp_Vpm"": 0.2, ""spec"": {""kind"": ""qpsk"", ""Ts"": 1e-06, ""Tp"": 3e-07, ""seed"": 20260706}, ""rule"": ""matched_signal_to_LO"", ""target"": 0.4}",20260706,5.9,python/experiments/tqe_viability_final/tvf_run.py (phase_run from tqe_viability/tv_common.py),results/tqe_viability_final/01_matching/runs/C1_matched_signal_to_LO_0.4_REF_s20260706.npz,6f116c8805c121e6390f4fda0efa44f35534c3f7e193eeb69c10e934223982fa
2026-09-28T02:55:58+10:00,C1_matched_signal_to_LO_0.6_REF_s20260704,I,python3 python/experiments/tqe_viability_final/tvf_run.py I,d5d42f1287eb92dda6fddd2a01552ea7dc536641,False,"{""config"": ""C1"", ""IF_Hz"": 5000000.0, ""A_LO"": 0.5, ""Omega_p"": null, ""amp_Vpm"": 0.3, ""spec"": {""kind"": ""qpsk"", ""Ts"": 1e-06, ""Tp"": 3e-07, ""seed"": 20260704}, ""rule"": ""matched_signal_to_LO"", ""target"": 0.6}",20260704,6.0,python/experiments/tqe_viability_final/tvf_run.py (phase_run from tqe_viability/tv_common.py),results/tqe_viability_final/01_matching/runs/C1_matched_signal_to_LO_0.6_REF_s20260704.npz,454ec10cfb04c513d1371af61796f6138f4c1540775a6e74772aee9f17dac561
2026-09-28T02:56:04+10:00,C1_matched_signal_to_LO_0.6_REF_s20260705,I,python3 python/experiments/tqe_viability_final/tvf_run.py I,d5d42f1287eb92dda6fddd2a01552ea7dc536641,False,"{""config"": ""C1"", ""IF_Hz"": 5000000.0, ""A_LO"": 0.5, ""Omega_p"": null, ""amp_Vpm"": 0.3, ""spec"": {""kind"": ""qpsk"", ""Ts"": 1e-06, ""Tp"": 3e-07, ""seed"": 20260705}, ""rule"": ""matched_signal_to_LO"", ""target"": 0.6}",20260705,5.8,python/experiments/tqe_viability_final/tvf_run.py (phase_run from tqe_viability/tv_common.py),results/tqe_viability_final/01_matching/runs/C1_matched_signal_to_LO_0.6_REF_s20260705.npz,c8398c67ab7999f04135499592add8ddbddc9a7874a2657ba7babc113d9abcd9
2026-09-28T02:56:10+10:00,C1_matched_signal_to_LO_0.6_REF_s20260706,I,python3 python/experiments/tqe_viability_final/tvf_run.py I,d5d42f1287eb92dda6fddd2a01552ea7dc536641,False,"{""config"": ""C1"", ""IF_Hz"": 5000000.0, ""A_LO"": 0.5, ""Omega_p"": null, ""amp_Vpm"": 0.3, ""spec"": {""kind"": ""qpsk"", ""Ts"": 1e-06, ""Tp"": 3e-07, ""seed"": 20260706}, ""rule"": ""matched_signal_to_LO"", ""target"": 0.6}",20260706,6.0,python/experiments/tqe_viability_final/tvf_run.py (phase_run from tqe_viability/tv_common.py),results/tqe_viability_final/01_matching/runs/C1_matched_signal_to_LO_0.6_REF_s20260706.npz,8b7d49b2533b1589630e516ee15e69c189e9e4121108ff3948beba86e691b822
2026-09-28T02:56:16+10:00,C2_matched_signal_to_LO_0.1_CW,I,python3 python/experiments/tqe_viability_final/tvf_run.py I,d5d42f1287eb92dda6fddd2a01552ea7dc536641,False,"{""config"": ""C2"", ""IF_Hz"": 10000000.0, ""A_LO"": 0.5, ""Omega_p"": null, ""amp_Vpm"": 0.05, ""spec"": {""kind"": ""cw""}, ""rule"": ""matched_signal_to_LO"", ""target"": 0.1}",,5.8,python/experiments/tqe_viability_final/tvf_run.py (phase_run from tqe_viability/tv_common.py),results/tqe_viability_final/01_matching/runs/C2_matched_signal_to_LO_0.1_CW.npz,dc38940066249b54866e10ca49e8c4f5dab5065e29bac2d499ecd71240b614f6
2026-09-28T02:56:22+10:00,C2_matched_signal_to_LO_0.1_REF_s20260701,I,python3 python/experiments/tqe_viability_final/tvf_run.py I,d5d42f1287eb92dda6fddd2a01552ea7dc536641,False,"{""config"": ""C2"", ""IF_Hz"": 10000000.0, ""A_LO"": 0.5, ""Omega_p"": null, ""amp_Vpm"": 0.05, ""spec"": {""kind"": ""qpsk"", ""Ts"": 1e-06, ""Tp"": 3e-07, ""seed"": 20260701}, ""rule"": ""matched_signal_to_LO"", ""target"": 0.1}",20260701,5.9,python/experiments/tqe_viability_final/tvf_run.py (phase_run from tqe_viability/tv_common.py),results/tqe_viability_final/01_matching/runs/C2_matched_signal_to_LO_0.1_REF_s20260701.npz,403349f3ade0e1980ec756ef43df2847d8207eecbd11b89048df6c8cea0a7ff8
2026-09-28T02:56:26+10:00,C2_matched_signal_to_LO_0.1_REF_s20260702,I,python3 python/experiments/tqe_viability_final/tvf_run.py I,d5d42f1287eb92dda6fddd2a01552ea7dc536641,False,"{""config"": ""C2"", ""IF_Hz"": 10000000.0, ""A_LO"": 0.5, ""Omega_p"": null, ""amp_Vpm"": 0.05, ""spec"": {""kind"": ""qpsk"", ""Ts"": 1e-06, ""Tp"": 3e-07, ""seed"": 20260702}, ""rule"": ""matched_signal_to_LO"", ""target"": 0.1}",20260702,6.0,python/experiments/tqe_viability_final/tvf_run.py (phase_run from tqe_viability/tv_common.py),results/tqe_viability_final/01_matching/runs/C2_matched_signal_to_LO_0.1_REF_s20260702.npz,048f6bd52331551307f919e0eb6cc75fb33e9cfa54e90cd171743db627a77215
2026-09-28T02:56:32+10:00,C2_matched_signal_to_LO_0.1_REF_s20260703,I,python3 python/experiments/tqe_viability_final/tvf_run.py I,d5d42f1287eb92dda6fddd2a01552ea7dc536641,False,"{""config"": ""C2"", ""IF_Hz"": 10000000.0, ""A_LO"": 0.5, ""Omega_p"": null, ""amp_Vpm"": 0.05, ""spec"": {""kind"": ""qpsk"", ""Ts"": 1e-06, ""Tp"": 3e-07, ""seed"": 20260703}, ""rule"": ""matched_signal_to_LO"", ""target"": 0.1}",20260703,5.8,python/experiments/tqe_viability_final/tvf_run.py (phase_run from tqe_viability/tv_common.py),results/tqe_viability_final/01_matching/runs/C2_matched_signal_to_LO_0.1_REF_s20260703.npz,9b094060b2bb2c93e87c75b7c9fbdccec88bc9cb804e7db3be6691d8f940d65c
2026-09-28T02:56:38+10:00,C2_matched_signal_to_LO_0.1_REF_s20260704,I,python3 python/experiments/tqe_viability_final/tvf_run.py I,d5d42f1287eb92dda6fddd2a01552ea7dc536641,False,"{""config"": ""C2"", ""IF_Hz"": 10000000.0, ""A_LO"": 0.5, ""Omega_p"": null, ""amp_Vpm"": 0.05, ""spec"": {""kind"": ""qpsk"", ""Ts"": 1e-06, ""Tp"": 3e-07, ""seed"": 20260704}, ""rule"": ""matched_signal_to_LO"", ""target"": 0.1}",20260704,5.8,python/experiments/tqe_viability_final/tvf_run.py (phase_run from tqe_viability/tv_common.py),results/tqe_viability_final/01_matching/runs/C2_matched_signal_to_LO_0.1_REF_s20260704.npz,73987eac09702bcd061a087b870872bf9ab35383a7cb320c328ee97fe9d50528
2026-09-28T02:56:44+10:00,C2_matched_signal_to_LO_0.1_REF_s20260705,I,python3 python/experiments/tqe_viability_final/tvf_run.py I,d5d42f1287eb92dda6fddd2a01552ea7dc536641,False,"{""config"": ""C2"", ""IF_Hz"": 10000000.0, ""A_LO"": 0.5, ""Omega_p"": null, ""amp_Vpm"": 0.05, ""spec"": {""kind"": ""qpsk"", ""Ts"": 1e-06, ""Tp"": 3e-07, ""seed"": 20260705}, ""rule"": ""matched_signal_to_LO"", ""target"": 0.1}",20260705,6.0,python/experiments/tqe_viability_final/tvf_run.py (phase_run from tqe_viability/tv_common.py),results/tqe_viability_final/01_matching/runs/C2_matched_signal_to_LO_0.1_REF_s20260705.npz,321d805af88c97048ad9af8c46d12e095939c543c80faa3523abe9ca68d31ed4
2026-09-28T02:56:50+10:00,C2_matched_signal_to_LO_0.1_REF_s20260706,I,python3 python/experiments/tqe_viability_final/tvf_run.py I,d5d42f1287eb92dda6fddd2a01552ea7dc536641,False,"{""config"": ""C2"", ""IF_Hz"": 10000000.0, ""A_LO"": 0.5, ""Omega_p"": null, ""amp_Vpm"": 0.05, ""spec"": {""kind"": ""qpsk"", ""Ts"": 1e-06, ""Tp"": 3e-07, ""seed"": 20260706}, ""rule"": ""matched_signal_to_LO"", ""target"": 0.1}",20260706,6.0,python/experiments/tqe_viability_final/tvf_run.py (phase_run from tqe_viability/tv_common.py),results/tqe_viability_final/01_matching/runs/C2_matched_signal_to_LO_0.1_REF_s20260706.npz,39b5940cd3ce2146d4fc6acc06d069dddd662512ac5f95e39cd8767d1b76eecc
2026-09-28T02:56:55+10:00,C2_matched_signal_to_LO_0.2_REF_s20260704,I,python3 python/experiments/tqe_viability_final/tvf_run.py I,d5d42f1287eb92dda6fddd2a01552ea7dc536641,False,"{""config"": ""C2"", ""IF_Hz"": 10000000.0, ""A_LO"": 0.5, ""Omega_p"": null, ""amp_Vpm"": 0.1, ""spec"": {""kind"": ""qpsk"", ""Ts"": 1e-06, ""Tp"": 3e-07, ""seed"": 20260704}, ""rule"": ""matched_signal_to_LO"", ""target"": 0.2}",20260704,5.9,python/experiments/tqe_viability_final/tvf_run.py (phase_run from tqe_viability/tv_common.py),results/tqe_viability_final/01_matching/runs/C2_matched_signal_to_LO_0.2_REF_s20260704.npz,138fd867c7b58ff4a7fd25fbfa6067edc45bab20bb91d0b6ad5f8061d33931b5
2026-09-28T02:57:01+10:00,C2_matched_signal_to_LO_0.2_REF_s20260705,I,python3 python/experiments/tqe_viability_final/tvf_run.py I,d5d42f1287eb92dda6fddd2a01552ea7dc536641,False,"{""config"": ""C2"", ""IF_Hz"": 10000000.0, ""A_LO"": 0.5, ""Omega_p"": null, ""amp_Vpm"": 0.1, ""spec"": {""kind"": ""qpsk"", ""Ts"": 1e-06, ""Tp"": 3e-07, ""seed"": 20260705}, ""rule"": ""matched_signal_to_LO"", ""target"": 0.2}",20260705,6.0,python/experiments/tqe_viability_final/tvf_run.py (phase_run from tqe_viability/tv_common.py),results/tqe_viability_final/01_matching/runs/C2_matched_signal_to_LO_0.2_REF_s20260705.npz,bbf1f32dfe5113be2107a4556f164ffb94f9437097c7b68d23b4512c5987d207
2026-09-28T02:57:07+10:00,C2_matched_signal_to_LO_0.2_REF_s20260706,I,python3 python/experiments/tqe_viability_final/tvf_run.py I,d5d42f1287eb92dda6fddd2a01552ea7dc536641,False,"{""config"": ""C2"", ""IF_Hz"": 10000000.0, ""A_LO"": 0.5, ""Omega_p"": null, ""amp_Vpm"": 0.1, ""spec"": {""kind"": ""qpsk"", ""Ts"": 1e-06, ""Tp"": 3e-07, ""seed"": 20260706}, ""rule"": ""matched_signal_to_LO"", ""target"": 0.2}",20260706,6.1,python/experiments/tqe_viability_final/tvf_run.py (phase_run from tqe_viability/tv_common.py),results/tqe_viability_final/01_matching/runs/C2_matched_signal_to_LO_0.2_REF_s20260706.npz,3af4f44d3a04a896f6968366e225a41309decbe36019bc45920857cb6fecbc60
2026-09-28T02:57:13+10:00,C2_matched_signal_to_LO_0.358_REF_s20260704,I,python3 python/experiments/tqe_viability_final/tvf_run.py I,d5d42f1287eb92dda6fddd2a01552ea7dc536641,False,"{""config"": ""C2"", ""IF_Hz"": 10000000.0, ""A_LO"": 0.5, ""Omega_p"": null, ""amp_Vpm"": 0.179, ""spec"": {""kind"": ""qpsk"", ""Ts"": 1e-06, ""Tp"": 3e-07, ""seed"": 20260704}, ""rule"": ""matched_signal_to_LO"", ""target"": 0.358}",20260704,6.1,python/experiments/tqe_viability_final/tvf_run.py (phase_run from tqe_viability/tv_common.py),results/tqe_viability_final/01_matching/runs/C2_matched_signal_to_LO_0.358_REF_s20260704.npz,08972cadb2756101f9470c49fe7a46f1efa1373122fd277beb43bcd74feb3578
2026-09-28T02:57:19+10:00,C2_matched_signal_to_LO_0.358_REF_s20260705,I,python3 python/experiments/tqe_viability_final/tvf_run.py I,d5d42f1287eb92dda6fddd2a01552ea7dc536641,False,"{""config"": ""C2"", ""IF_Hz"": 10000000.0, ""A_LO"": 0.5, ""Omega_p"": null, ""amp_Vpm"": 0.179, ""spec"": {""kind"": ""qpsk"", ""Ts"": 1e-06, ""Tp"": 3e-07, ""seed"": 20260705}, ""rule"": ""matched_signal_to_LO"", ""target"": 0.358}",20260705,5.8,python/experiments/tqe_viability_final/tvf_run.py (phase_run from tqe_viability/tv_common.py),results/tqe_viability_final/01_matching/runs/C2_matched_signal_to_LO_0.358_REF_s20260705.npz,2042fc6fae21c8efb422f34c473dbd9c0f3092170e67321fdeefc5800133a488
2026-09-28T02:57:25+10:00,C2_matched_signal_to_LO_0.358_REF_s20260706,I,python3 python/experiments/tqe_viability_final/tvf_run.py I,d5d42f1287eb92dda6fddd2a01552ea7dc536641,False,"{""config"": ""C2"", ""IF_Hz"": 10000000.0, ""A_LO"": 0.5, ""Omega_p"": null, ""amp_Vpm"": 0.179, ""spec"": {""kind"": ""qpsk"", ""Ts"": 1e-06, ""Tp"": 3e-07, ""seed"": 20260706}, ""rule"": ""matched_signal_to_LO"", ""target"": 0.358}",20260706,6.0,python/experiments/tqe_viability_final/tvf_run.py (phase_run from tqe_viability/tv_common.py),results/tqe_viability_final/01_matching/runs/C2_matched_signal_to_LO_0.358_REF_s20260706.npz,1dd906d933dff6e06d996ae861a351979a799b56986923ae099d61fd5051057c
2026-09-28T02:57:29+10:00,C2_matched_signal_to_LO_0.4_CW,I,python3 python/experiments/tqe_viability_final/tvf_run.py I,d5d42f1287eb92dda6fddd2a01552ea7dc536641,False,"{""config"": ""C2"", ""IF_Hz"": 10000000.0, ""A_LO"": 0.5, ""Omega_p"": null, ""amp_Vpm"": 0.2, ""spec"": {""kind"": ""cw""}, ""rule"": ""matched_signal_to_LO"", ""target"": 0.4}",,5.9,python/experiments/tqe_viability_final/tvf_run.py (phase_run from tqe_viability/tv_common.py),results/tqe_viability_final/01_matching/runs/C2_matched_signal_to_LO_0.4_CW.npz,729c737060fe7a228c5e40adef45a47fc187ac1ca664d7f339c757d9485d16a6
2026-09-28T02:57:35+10:00,C2_matched_signal_to_LO_0.4_REF_s20260701,I,python3 python/experiments/tqe_viability_final/tvf_run.py I,d5d42f1287eb92dda6fddd2a01552ea7dc536641,False,"{""config"": ""C2"", ""IF_Hz"": 10000000.0, ""A_LO"": 0.5, ""Omega_p"": null, ""amp_Vpm"": 0.2, ""spec"": {""kind"": ""qpsk"", ""Ts"": 1e-06, ""Tp"": 3e-07, ""seed"": 20260701}, ""rule"": ""matched_signal_to_LO"", ""target"": 0.4}",20260701,5.9,python/experiments/tqe_viability_final/tvf_run.py (phase_run from tqe_viability/tv_common.py),results/tqe_viability_final/01_matching/runs/C2_matched_signal_to_LO_0.4_REF_s20260701.npz,c84ba6da34e332fb26e0c70b63f761bc7663371be514769036e83d43d518c20f
2026-09-28T02:57:41+10:00,C2_matched_signal_to_LO_0.4_REF_s20260702,I,python3 python/experiments/tqe_viability_final/tvf_run.py I,d5d42f1287eb92dda6fddd2a01552ea7dc536641,False,"{""config"": ""C2"", ""IF_Hz"": 10000000.0, ""A_LO"": 0.5, ""Omega_p"": null, ""amp_Vpm"": 0.2, ""spec"": {""kind"": ""qpsk"", ""Ts"": 1e-06, ""Tp"": 3e-07, ""seed"": 20260702}, ""rule"": ""matched_signal_to_LO"", ""target"": 0.4}",20260702,5.9,python/experiments/tqe_viability_final/tvf_run.py (phase_run from tqe_viability/tv_common.py),results/tqe_viability_final/01_matching/runs/C2_matched_signal_to_LO_0.4_REF_s20260702.npz,69e4990a7e0e9483e1740e29d97b2a905b8130f2c756bb5bb9f29b3aee62ac23
2026-09-28T02:57:47+10:00,C2_matched_signal_to_LO_0.4_REF_s20260703,I,python3 python/experiments/tqe_viability_final/tvf_run.py I,d5d42f1287eb92dda6fddd2a01552ea7dc536641,False,"{""config"": ""C2"", ""IF_Hz"": 10000000.0, ""A_LO"": 0.5, ""Omega_p"": null, ""amp_Vpm"": 0.2, ""spec"": {""kind"": ""qpsk"", ""Ts"": 1e-06, ""Tp"": 3e-07, ""seed"": 20260703}, ""rule"": ""matched_signal_to_LO"", ""target"": 0.4}",20260703,6.0,python/experiments/tqe_viability_final/tvf_run.py (phase_run from tqe_viability/tv_common.py),results/tqe_viability_final/01_matching/runs/C2_matched_signal_to_LO_0.4_REF_s20260703.npz,bf39cd2f0450b47a479f4d8df1e65ed393f049494ea78b6a5084d4a5150f1a9c
2026-09-28T02:57:53+10:00,C2_matched_signal_to_LO_0.4_REF_s20260704,I,python3 python/experiments/tqe_viability_final/tvf_run.py I,d5d42f1287eb92dda6fddd2a01552ea7dc536641,False,"{""config"": ""C2"", ""IF_Hz"": 10000000.0, ""A_LO"": 0.5, ""Omega_p"": null, ""amp_Vpm"": 0.2, ""spec"": {""kind"": ""qpsk"", ""Ts"": 1e-06, ""Tp"": 3e-07, ""seed"": 20260704}, ""rule"": ""matched_signal_to_LO"", ""target"": 0.4}",20260704,6.0,python/experiments/tqe_viability_final/tvf_run.py (phase_run from tqe_viability/tv_common.py),results/tqe_viability_final/01_matching/runs/C2_matched_signal_to_LO_0.4_REF_s20260704.npz,c1e80cd75e28c6b8ada77d0d7b836f4bdbb2486b5048c776ab963bbb52a3ac5e
2026-09-28T02:57:58+10:00,C2_matched_signal_to_LO_0.4_REF_s20260705,I,python3 python/experiments/tqe_viability_final/tvf_run.py I,d5d42f1287eb92dda6fddd2a01552ea7dc536641,False,"{""config"": ""C2"", ""IF_Hz"": 10000000.0, ""A_LO"": 0.5, ""Omega_p"": null, ""amp_Vpm"": 0.2, ""spec"": {""kind"": ""qpsk"", ""Ts"": 1e-06, ""Tp"": 3e-07, ""seed"": 20260705}, ""rule"": ""matched_signal_to_LO"", ""target"": 0.4}",20260705,6.0,python/experiments/tqe_viability_final/tvf_run.py (phase_run from tqe_viability/tv_common.py),results/tqe_viability_final/01_matching/runs/C2_matched_signal_to_LO_0.4_REF_s20260705.npz,fbe79af288f75e8e87e5b06edc43505d21ec348dcad915b05a43a7171248798b
2026-09-28T02:58:04+10:00,C2_matched_signal_to_LO_0.4_REF_s20260706,I,python3 python/experiments/tqe_viability_final/tvf_run.py I,d5d42f1287eb92dda6fddd2a01552ea7dc536641,False,"{""config"": ""C2"", ""IF_Hz"": 10000000.0, ""A_LO"": 0.5, ""Omega_p"": null, ""amp_Vpm"": 0.2, ""spec"": {""kind"": ""qpsk"", ""Ts"": 1e-06, ""Tp"": 3e-07, ""seed"": 20260706}, ""rule"": ""matched_signal_to_LO"", ""target"": 0.4}",20260706,5.9,python/experiments/tqe_viability_final/tvf_run.py (phase_run from tqe_viability/tv_common.py),results/tqe_viability_final/01_matching/runs/C2_matched_signal_to_LO_0.4_REF_s20260706.npz,446d24f02208c04fcb4746c71b6e84242b8f99d1ca76193d250eec6e84dc6ee6
2026-09-28T02:58:10+10:00,C2_matched_signal_to_LO_0.6_REF_s20260704,I,python3 python/experiments/tqe_viability_final/tvf_run.py I,d5d42f1287eb92dda6fddd2a01552ea7dc536641,False,"{""config"": ""C2"", ""IF_Hz"": 10000000.0, ""A_LO"": 0.5, ""Omega_p"": null, ""amp_Vpm"": 0.3, ""spec"": {""kind"": ""qpsk"", ""Ts"": 1e-06, ""Tp"": 3e-07, ""seed"": 20260704}, ""rule"": ""matched_signal_to_LO"", ""target"": 0.6}",20260704,6.0,python/experiments/tqe_viability_final/tvf_run.py (phase_run from tqe_viability/tv_common.py),results/tqe_viability_final/01_matching/runs/C2_matched_signal_to_LO_0.6_REF_s20260704.npz,425057bae6f8b52efb93f774fd5cc2ec3bd8caa4abf0c465e63996dd9af9be48
2026-09-28T02:58:16+10:00,C2_matched_signal_to_LO_0.6_REF_s20260705,I,python3 python/experiments/tqe_viability_final/tvf_run.py I,d5d42f1287eb92dda6fddd2a01552ea7dc536641,False,"{""config"": ""C2"", ""IF_Hz"": 10000000.0, ""A_LO"": 0.5, ""Omega_p"": null, ""amp_Vpm"": 0.3, ""spec"": {""kind"": ""qpsk"", ""Ts"": 1e-06, ""Tp"": 3e-07, ""seed"": 20260705}, ""rule"": ""matched_signal_to_LO"", ""target"": 0.6}",20260705,5.9,python/experiments/tqe_viability_final/tvf_run.py (phase_run from tqe_viability/tv_common.py),results/tqe_viability_final/01_matching/runs/C2_matched_signal_to_LO_0.6_REF_s20260705.npz,cdb9132cffca54db77acd5ef2770e5425936d5c2b143330a6b9e0f4239bdd5c2
2026-09-28T02:58:21+10:00,C2_matched_signal_to_LO_0.6_REF_s20260706,I,python3 python/experiments/tqe_viability_final/tvf_run.py I,d5d42f1287eb92dda6fddd2a01552ea7dc536641,False,"{""config"": ""C2"", ""IF_Hz"": 10000000.0, ""A_LO"": 0.5, ""Omega_p"": null, ""amp_Vpm"": 0.3, ""spec"": {""kind"": ""qpsk"", ""Ts"": 1e-06, ""Tp"": 3e-07, ""seed"": 20260706}, ""rule"": ""matched_signal_to_LO"", ""target"": 0.6}",20260706,5.7,python/experiments/tqe_viability_final/tvf_run.py (phase_run from tqe_viability/tv_common.py),results/tqe_viability_final/01_matching/runs/C2_matched_signal_to_LO_0.6_REF_s20260706.npz,c6d18db9e7fc3d9d19ab5084bd5c0b78d7b43b55eb290732f49764e9b61da017
2026-09-28T02:58:26+10:00,C3_matched_CW_gain_0.95_REF_s20260704,I,python3 python/experiments/tqe_viability_final/tvf_run.py I,d5d42f1287eb92dda6fddd2a01552ea7dc536641,False,"{""config"": ""C3"", ""IF_Hz"": 15000000.0, ""A_LO"": 0.5, ""Omega_p"": null, ""amp_Vpm"": 0.13318404472851433, ""spec"": {""kind"": ""qpsk"", ""Ts"": 1e-06, ""Tp"": 3e-07, ""seed"": 20260704}, ""rule"": ""matched_CW_gain"", ""target"": 0.95}",20260704,6.0,python/experiments/tqe_viability_final/tvf_run.py (phase_run from tqe_viability/tv_common.py),results/tqe_viability_final/01_matching/runs/C3_matched_CW_gain_0.95_REF_s20260704.npz,e76aa09a84bcc67db8f7ad6d806f9cc5f876227d0f65e342ac1b22b6f7046119
2026-09-28T02:58:32+10:00,C3_matched_CW_gain_0.95_REF_s20260705,I,python3 python/experiments/tqe_viability_final/tvf_run.py I,d5d42f1287eb92dda6fddd2a01552ea7dc536641,False,"{""config"": ""C3"", ""IF_Hz"": 15000000.0, ""A_LO"": 0.5, ""Omega_p"": null, ""amp_Vpm"": 0.13318404472851433, ""spec"": {""kind"": ""qpsk"", ""Ts"": 1e-06, ""Tp"": 3e-07, ""seed"": 20260705}, ""rule"": ""matched_CW_gain"", ""target"": 0.95}",20260705,5.9,python/experiments/tqe_viability_final/tvf_run.py (phase_run from tqe_viability/tv_common.py),results/tqe_viability_final/01_matching/runs/C3_matched_CW_gain_0.95_REF_s20260705.npz,83c27ee02233e9c03025234be49f04dabe66f251fe646864cb832be308c8d436
2026-09-28T02:58:38+10:00,C3_matched_CW_gain_0.95_REF_s20260706,I,python3 python/experiments/tqe_viability_final/tvf_run.py I,d5d42f1287eb92dda6fddd2a01552ea7dc536641,False,"{""config"": ""C3"", ""IF_Hz"": 15000000.0, ""A_LO"": 0.5, ""Omega_p"": null, ""amp_Vpm"": 0.13318404472851433, ""spec"": {""kind"": ""qpsk"", ""Ts"": 1e-06, ""Tp"": 3e-07, ""seed"": 20260706}, ""rule"": ""matched_CW_gain"", ""target"": 0.95}",20260706,5.9,python/experiments/tqe_viability_final/tvf_run.py (phase_run from tqe_viability/tv_common.py),results/tqe_viability_final/01_matching/runs/C3_matched_CW_gain_0.95_REF_s20260706.npz,afe23b0f021f9a742aceb300981163c2140f2d45b08179995dbc1102a46a12cf
2026-09-28T02:58:44+10:00,C3_matched_CW_gain_0.9_REF_s20260704,I,python3 python/experiments/tqe_viability_final/tvf_run.py I,d5d42f1287eb92dda6fddd2a01552ea7dc536641,False,"{""config"": ""C3"", ""IF_Hz"": 15000000.0, ""A_LO"": 0.5, ""Omega_p"": null, ""amp_Vpm"": 0.20207439213990733, ""spec"": {""kind"": ""qpsk"", ""Ts"": 1e-06, ""Tp"": 3e-07, ""seed"": 20260704}, ""rule"": ""matched_CW_gain"", ""target"": 0.9}",20260704,6.1,python/experiments/tqe_viability_final/tvf_run.py (phase_run from tqe_viability/tv_common.py),results/tqe_viability_final/01_matching/runs/C3_matched_CW_gain_0.9_REF_s20260704.npz,6039d711186aeae75e828338589fa435de3ba8a2c526bc33c57f2099ac8cc032
2026-09-28T02:58:50+10:00,C3_matched_CW_gain_0.9_REF_s20260705,I,python3 python/experiments/tqe_viability_final/tvf_run.py I,d5d42f1287eb92dda6fddd2a01552ea7dc536641,False,"{""config"": ""C3"", ""IF_Hz"": 15000000.0, ""A_LO"": 0.5, ""Omega_p"": null, ""amp_Vpm"": 0.20207439213990733, ""spec"": {""kind"": ""qpsk"", ""Ts"": 1e-06, ""Tp"": 3e-07, ""seed"": 20260705}, ""rule"": ""matched_CW_gain"", ""target"": 0.9}",20260705,6.1,python/experiments/tqe_viability_final/tvf_run.py (phase_run from tqe_viability/tv_common.py),results/tqe_viability_final/01_matching/runs/C3_matched_CW_gain_0.9_REF_s20260705.npz,2a356d53461bc73e7c723d9d30ddc4ad633c203df55497180e99117e5f2992d9
2026-09-28T02:58:56+10:00,C3_matched_CW_gain_0.9_REF_s20260706,I,python3 python/experiments/tqe_viability_final/tvf_run.py I,d5d42f1287eb92dda6fddd2a01552ea7dc536641,False,"{""config"": ""C3"", ""IF_Hz"": 15000000.0, ""A_LO"": 0.5, ""Omega_p"": null, ""amp_Vpm"": 0.20207439213990733, ""spec"": {""kind"": ""qpsk"", ""Ts"": 1e-06, ""Tp"": 3e-07, ""seed"": 20260706}, ""rule"": ""matched_CW_gain"", ""target"": 0.9}",20260706,5.9,python/experiments/tqe_viability_final/tvf_run.py (phase_run from tqe_viability/tv_common.py),results/tqe_viability_final/01_matching/runs/C3_matched_CW_gain_0.9_REF_s20260706.npz,d1d140fb63d414d98beb6b6413fdceaed28c71f9bc39b49fabb423836a81da42
2026-09-28T02:59:01+10:00,C3_matched_CW_gain_0.85_REF_s20260704,I,python3 python/experiments/tqe_viability_final/tvf_run.py I,d5d42f1287eb92dda6fddd2a01552ea7dc536641,False,"{""config"": ""C3"", ""IF_Hz"": 15000000.0, ""A_LO"": 0.5, ""Omega_p"": null, ""amp_Vpm"": 0.38100957230359195, ""spec"": {""kind"": ""qpsk"", ""Ts"": 1e-06, ""Tp"": 3e-07, ""seed"": 20260704}, ""rule"": ""matched_CW_gain"", ""target"": 0.85}",20260704,6.0,python/experiments/tqe_viability_final/tvf_run.py (phase_run from tqe_viability/tv_common.py),results/tqe_viability_final/01_matching/runs/C3_matched_CW_gain_0.85_REF_s20260704.npz,a3febe14df258da98153abb776d6f3db00cf5377940b9c9a126f4f6a2fcb62c6
2026-09-28T02:59:07+10:00,C3_matched_CW_gain_0.85_REF_s20260705,I,python3 python/experiments/tqe_viability_final/tvf_run.py I,d5d42f1287eb92dda6fddd2a01552ea7dc536641,False,"{""config"": ""C3"", ""IF_Hz"": 15000000.0, ""A_LO"": 0.5, ""Omega_p"": null, ""amp_Vpm"": 0.38100957230359195, ""spec"": {""kind"": ""qpsk"", ""Ts"": 1e-06, ""Tp"": 3e-07, ""seed"": 20260705}, ""rule"": ""matched_CW_gain"", ""target"": 0.85}",20260705,5.9,python/experiments/tqe_viability_final/tvf_run.py (phase_run from tqe_viability/tv_common.py),results/tqe_viability_final/01_matching/runs/C3_matched_CW_gain_0.85_REF_s20260705.npz,d2e1c8dbe7138090117885aa95b2e434f6dca734ddf298115f844d517ad35a9c
2026-09-28T02:59:13+10:00,C3_matched_CW_gain_0.85_REF_s20260706,I,python3 python/experiments/tqe_viability_final/tvf_run.py I,d5d42f1287eb92dda6fddd2a01552ea7dc536641,False,"{""config"": ""C3"", ""IF_Hz"": 15000000.0, ""A_LO"": 0.5, ""Omega_p"": null, ""amp_Vpm"": 0.38100957230359195, ""spec"": {""kind"": ""qpsk"", ""Ts"": 1e-06, ""Tp"": 3e-07, ""seed"": 20260706}, ""rule"": ""matched_CW_gain"", ""target"": 0.85}",20260706,6.0,python/experiments/tqe_viability_final/tvf_run.py (phase_run from tqe_viability/tv_common.py),results/tqe_viability_final/01_matching/runs/C3_matched_CW_gain_0.85_REF_s20260706.npz,12524be97a8e6191abdafb809a27b7e5f78ee6556b594a38111644c658f348bd
2026-09-28T02:59:19+10:00,C3_matched_signal_to_LO_0.1_CW,I,python3 python/experiments/tqe_viability_final/tvf_run.py I,d5d42f1287eb92dda6fddd2a01552ea7dc536641,False,"{""config"": ""C3"", ""IF_Hz"": 15000000.0, ""A_LO"": 0.5, ""Omega_p"": null, ""amp_Vpm"": 0.05, ""spec"": {""kind"": ""cw""}, ""rule"": ""matched_signal_to_LO"", ""target"": 0.1}",,5.9,python/experiments/tqe_viability_final/tvf_run.py (phase_run from tqe_viability/tv_common.py),results/tqe_viability_final/01_matching/runs/C3_matched_signal_to_LO_0.1_CW.npz,7ee4de798a49d6777c3c257843c318c7e3fc08080f36c6b52fa140d3aaf7efb1
2026-09-28T02:59:25+10:00,C3_matched_signal_to_LO_0.1_REF_s20260701,I,python3 python/experiments/tqe_viability_final/tvf_run.py I,d5d42f1287eb92dda6fddd2a01552ea7dc536641,False,"{""config"": ""C3"", ""IF_Hz"": 15000000.0, ""A_LO"": 0.5, ""Omega_p"": null, ""amp_Vpm"": 0.05, ""spec"": {""kind"": ""qpsk"", ""Ts"": 1e-06, ""Tp"": 3e-07, ""seed"": 20260701}, ""rule"": ""matched_signal_to_LO"", ""target"": 0.1}",20260701,5.8,python/experiments/tqe_viability_final/tvf_run.py (phase_run from tqe_viability/tv_common.py),results/tqe_viability_final/01_matching/runs/C3_matched_signal_to_LO_0.1_REF_s20260701.npz,ecf21de18d2ba0f747ef8f3f633214c8f3e0ec8a783f129c2a9afe7b301537da
2026-09-28T02:59:29+10:00,C3_matched_signal_to_LO_0.1_REF_s20260702,I,python3 python/experiments/tqe_viability_final/tvf_run.py I,d5d42f1287eb92dda6fddd2a01552ea7dc536641,False,"{""config"": ""C3"", ""IF_Hz"": 15000000.0, ""A_LO"": 0.5, ""Omega_p"": null, ""amp_Vpm"": 0.05, ""spec"": {""kind"": ""qpsk"", ""Ts"": 1e-06, ""Tp"": 3e-07, ""seed"": 20260702}, ""rule"": ""matched_signal_to_LO"", ""target"": 0.1}",20260702,6.0,python/experiments/tqe_viability_final/tvf_run.py (phase_run from tqe_viability/tv_common.py),results/tqe_viability_final/01_matching/runs/C3_matched_signal_to_LO_0.1_REF_s20260702.npz,71e6cc1bf15d5f7340df7250a5162a2a78fa68d3f29956e0a82771fa729319fb
2026-09-28T02:59:35+10:00,C3_matched_signal_to_LO_0.1_REF_s20260703,I,python3 python/experiments/tqe_viability_final/tvf_run.py I,d5d42f1287eb92dda6fddd2a01552ea7dc536641,False,"{""config"": ""C3"", ""IF_Hz"": 15000000.0, ""A_LO"": 0.5, ""Omega_p"": null, ""amp_Vpm"": 0.05, ""spec"": {""kind"": ""qpsk"", ""Ts"": 1e-06, ""Tp"": 3e-07, ""seed"": 20260703}, ""rule"": ""matched_signal_to_LO"", ""target"": 0.1}",20260703,5.9,python/experiments/tqe_viability_final/tvf_run.py (phase_run from tqe_viability/tv_common.py),results/tqe_viability_final/01_matching/runs/C3_matched_signal_to_LO_0.1_REF_s20260703.npz,3a7767d17d669e170a31aaf10dd0f571f59f5630d6837002d3f4d5106b4ddd06
2026-09-28T02:59:41+10:00,C3_matched_signal_to_LO_0.1_REF_s20260704,I,python3 python/experiments/tqe_viability_final/tvf_run.py I,d5d42f1287eb92dda6fddd2a01552ea7dc536641,False,"{""config"": ""C3"", ""IF_Hz"": 15000000.0, ""A_LO"": 0.5, ""Omega_p"": null, ""amp_Vpm"": 0.05, ""spec"": {""kind"": ""qpsk"", ""Ts"": 1e-06, ""Tp"": 3e-07, ""seed"": 20260704}, ""rule"": ""matched_signal_to_LO"", ""target"": 0.1}",20260704,6.0,python/experiments/tqe_viability_final/tvf_run.py (phase_run from tqe_viability/tv_common.py),results/tqe_viability_final/01_matching/runs/C3_matched_signal_to_LO_0.1_REF_s20260704.npz,e5bb46bcade688f97d14a2df6bfc7deb93c4f40462de737ef6023131cff0e0e5
2026-09-28T02:59:47+10:00,C3_matched_signal_to_LO_0.1_REF_s20260705,I,python3 python/experiments/tqe_viability_final/tvf_run.py I,d5d42f1287eb92dda6fddd2a01552ea7dc536641,False,"{""config"": ""C3"", ""IF_Hz"": 15000000.0, ""A_LO"": 0.5, ""Omega_p"": null, ""amp_Vpm"": 0.05, ""spec"": {""kind"": ""qpsk"", ""Ts"": 1e-06, ""Tp"": 3e-07, ""seed"": 20260705}, ""rule"": ""matched_signal_to_LO"", ""target"": 0.1}",20260705,5.9,python/experiments/tqe_viability_final/tvf_run.py (phase_run from tqe_viability/tv_common.py),results/tqe_viability_final/01_matching/runs/C3_matched_signal_to_LO_0.1_REF_s20260705.npz,42e72ac50f763be8f9649d52b8b6b0b10b265d55967fc865f208a5ccdee32a04
2026-09-28T02:59:53+10:00,C3_matched_signal_to_LO_0.1_REF_s20260706,I,python3 python/experiments/tqe_viability_final/tvf_run.py I,d5d42f1287eb92dda6fddd2a01552ea7dc536641,False,"{""config"": ""C3"", ""IF_Hz"": 15000000.0, ""A_LO"": 0.5, ""Omega_p"": null, ""amp_Vpm"": 0.05, ""spec"": {""kind"": ""qpsk"", ""Ts"": 1e-06, ""Tp"": 3e-07, ""seed"": 20260706}, ""rule"": ""matched_signal_to_LO"", ""target"": 0.1}",20260706,5.9,python/experiments/tqe_viability_final/tvf_run.py (phase_run from tqe_viability/tv_common.py),results/tqe_viability_final/01_matching/runs/C3_matched_signal_to_LO_0.1_REF_s20260706.npz,742315fd7dd7d5eaa4f13baefeea3bfc472e41b18dc46b4fdb44b37966403a44
2026-09-28T02:59:59+10:00,C3_matched_signal_to_LO_0.2_REF_s20260704,I,python3 python/experiments/tqe_viability_final/tvf_run.py I,d5d42f1287eb92dda6fddd2a01552ea7dc536641,False,"{""config"": ""C3"", ""IF_Hz"": 15000000.0, ""A_LO"": 0.5, ""Omega_p"": null, ""amp_Vpm"": 0.1, ""spec"": {""kind"": ""qpsk"", ""Ts"": 1e-06, ""Tp"": 3e-07, ""seed"": 20260704}, ""rule"": ""matched_signal_to_LO"", ""target"": 0.2}",20260704,6.0,python/experiments/tqe_viability_final/tvf_run.py (phase_run from tqe_viability/tv_common.py),results/tqe_viability_final/01_matching/runs/C3_matched_signal_to_LO_0.2_REF_s20260704.npz,6c21026e1da635eff7482acd719287a779a29c28113f820e77b9ac1b70f9bcc5
2026-09-28T03:00:03+10:00,C3_matched_signal_to_LO_0.2_REF_s20260705,I,python3 python/experiments/tqe_viability_final/tvf_run.py I,d5d42f1287eb92dda6fddd2a01552ea7dc536641,False,"{""config"": ""C3"", ""IF_Hz"": 15000000.0, ""A_LO"": 0.5, ""Omega_p"": null, ""amp_Vpm"": 0.1, ""spec"": {""kind"": ""qpsk"", ""Ts"": 1e-06, ""Tp"": 3e-07, ""seed"": 20260705}, ""rule"": ""matched_signal_to_LO"", ""target"": 0.2}",20260705,5.8,python/experiments/tqe_viability_final/tvf_run.py (phase_run from tqe_viability/tv_common.py),results/tqe_viability_final/01_matching/runs/C3_matched_signal_to_LO_0.2_REF_s20260705.npz,e8b834b4979c3d35a4fb1211a9cdf6b9f39e73db61c3069ce5933d2227a0d74a
2026-09-28T03:00:09+10:00,C3_matched_signal_to_LO_0.2_REF_s20260706,I,python3 python/experiments/tqe_viability_final/tvf_run.py I,d5d42f1287eb92dda6fddd2a01552ea7dc536641,False,"{""config"": ""C3"", ""IF_Hz"": 15000000.0, ""A_LO"": 0.5, ""Omega_p"": null, ""amp_Vpm"": 0.1, ""spec"": {""kind"": ""qpsk"", ""Ts"": 1e-06, ""Tp"": 3e-07, ""seed"": 20260706}, ""rule"": ""matched_signal_to_LO"", ""target"": 0.2}",20260706,5.9,python/experiments/tqe_viability_final/tvf_run.py (phase_run from tqe_viability/tv_common.py),results/tqe_viability_final/01_matching/runs/C3_matched_signal_to_LO_0.2_REF_s20260706.npz,05b0edb5ba02f75ce696c228abd0f589c6a87f846dfccf948c13a96105ccf048
2026-09-28T03:00:15+10:00,C3_matched_signal_to_LO_0.358_REF_s20260704,I,python3 python/experiments/tqe_viability_final/tvf_run.py I,d5d42f1287eb92dda6fddd2a01552ea7dc536641,False,"{""config"": ""C3"", ""IF_Hz"": 15000000.0, ""A_LO"": 0.5, ""Omega_p"": null, ""amp_Vpm"": 0.179, ""spec"": {""kind"": ""qpsk"", ""Ts"": 1e-06, ""Tp"": 3e-07, ""seed"": 20260704}, ""rule"": ""matched_signal_to_LO"", ""target"": 0.358}",20260704,6.0,python/experiments/tqe_viability_final/tvf_run.py (phase_run from tqe_viability/tv_common.py),results/tqe_viability_final/01_matching/runs/C3_matched_signal_to_LO_0.358_REF_s20260704.npz,79a5d8d7484797ad408623318ba6aed573b3e0cdf812eca601636a04621049cf
2026-09-28T03:00:21+10:00,C3_matched_signal_to_LO_0.358_REF_s20260705,I,python3 python/experiments/tqe_viability_final/tvf_run.py I,d5d42f1287eb92dda6fddd2a01552ea7dc536641,False,"{""config"": ""C3"", ""IF_Hz"": 15000000.0, ""A_LO"": 0.5, ""Omega_p"": null, ""amp_Vpm"": 0.179, ""spec"": {""kind"": ""qpsk"", ""Ts"": 1e-06, ""Tp"": 3e-07, ""seed"": 20260705}, ""rule"": ""matched_signal_to_LO"", ""target"": 0.358}",20260705,6.1,python/experiments/tqe_viability_final/tvf_run.py (phase_run from tqe_viability/tv_common.py),results/tqe_viability_final/01_matching/runs/C3_matched_signal_to_LO_0.358_REF_s20260705.npz,ae95fc923775009508399b291346fe8af6165e4437bb1356df9b139b81e914eb
2026-09-28T03:00:28+10:00,C3_matched_signal_to_LO_0.358_REF_s20260706,I,python3 python/experiments/tqe_viability_final/tvf_run.py I,d5d42f1287eb92dda6fddd2a01552ea7dc536641,False,"{""config"": ""C3"", ""IF_Hz"": 15000000.0, ""A_LO"": 0.5, ""Omega_p"": null, ""amp_Vpm"": 0.179, ""spec"": {""kind"": ""qpsk"", ""Ts"": 1e-06, ""Tp"": 3e-07, ""seed"": 20260706}, ""rule"": ""matched_signal_to_LO"", ""target"": 0.358}",20260706,6.0,python/experiments/tqe_viability_final/tvf_run.py (phase_run from tqe_viability/tv_common.py),results/tqe_viability_final/01_matching/runs/C3_matched_signal_to_LO_0.358_REF_s20260706.npz,1b0075e0380d34a9f1a00b20a1573a7fc783afd9c34efca244265a1a2e71c98e
2026-09-28T03:00:32+10:00,C3_matched_signal_to_LO_0.4_CW,I,python3 python/experiments/tqe_viability_final/tvf_run.py I,d5d42f1287eb92dda6fddd2a01552ea7dc536641,False,"{""config"": ""C3"", ""IF_Hz"": 15000000.0, ""A_LO"": 0.5, ""Omega_p"": null, ""amp_Vpm"": 0.2, ""spec"": {""kind"": ""cw""}, ""rule"": ""matched_signal_to_LO"", ""target"": 0.4}",,5.9,python/experiments/tqe_viability_final/tvf_run.py (phase_run from tqe_viability/tv_common.py),results/tqe_viability_final/01_matching/runs/C3_matched_signal_to_LO_0.4_CW.npz,2e01a7e824d7be5156ef667b504f150085a05aafb485b598afb60b2302ddba26
2026-09-28T03:00:38+10:00,C3_matched_signal_to_LO_0.4_REF_s20260701,I,python3 python/experiments/tqe_viability_final/tvf_run.py I,d5d42f1287eb92dda6fddd2a01552ea7dc536641,False,"{""config"": ""C3"", ""IF_Hz"": 15000000.0, ""A_LO"": 0.5, ""Omega_p"": null, ""amp_Vpm"": 0.2, ""spec"": {""kind"": ""qpsk"", ""Ts"": 1e-06, ""Tp"": 3e-07, ""seed"": 20260701}, ""rule"": ""matched_signal_to_LO"", ""target"": 0.4}",20260701,6.0,python/experiments/tqe_viability_final/tvf_run.py (phase_run from tqe_viability/tv_common.py),results/tqe_viability_final/01_matching/runs/C3_matched_signal_to_LO_0.4_REF_s20260701.npz,521c32f78d35166609458a85748ead6292bf3a4e7fb6a2cccf1ceb2eea28ecbd
2026-09-28T03:00:44+10:00,C3_matched_signal_to_LO_0.4_REF_s20260702,I,python3 python/experiments/tqe_viability_final/tvf_run.py I,d5d42f1287eb92dda6fddd2a01552ea7dc536641,False,"{""config"": ""C3"", ""IF_Hz"": 15000000.0, ""A_LO"": 0.5, ""Omega_p"": null, ""amp_Vpm"": 0.2, ""spec"": {""kind"": ""qpsk"", ""Ts"": 1e-06, ""Tp"": 3e-07, ""seed"": 20260702}, ""rule"": ""matched_signal_to_LO"", ""target"": 0.4}",20260702,6.0,python/experiments/tqe_viability_final/tvf_run.py (phase_run from tqe_viability/tv_common.py),results/tqe_viability_final/01_matching/runs/C3_matched_signal_to_LO_0.4_REF_s20260702.npz,55cb1c0925ca3e18ff04a0fc45a318ef5c82de4e1f7c741a309146d8640202a8
2026-09-28T03:00:50+10:00,C3_matched_signal_to_LO_0.4_REF_s20260703,I,python3 python/experiments/tqe_viability_final/tvf_run.py I,d5d42f1287eb92dda6fddd2a01552ea7dc536641,False,"{""config"": ""C3"", ""IF_Hz"": 15000000.0, ""A_LO"": 0.5, ""Omega_p"": null, ""amp_Vpm"": 0.2, ""spec"": {""kind"": ""qpsk"", ""Ts"": 1e-06, ""Tp"": 3e-07, ""seed"": 20260703}, ""rule"": ""matched_signal_to_LO"", ""target"": 0.4}",20260703,5.9,python/experiments/tqe_viability_final/tvf_run.py (phase_run from tqe_viability/tv_common.py),results/tqe_viability_final/01_matching/runs/C3_matched_signal_to_LO_0.4_REF_s20260703.npz,f313ce36a3a73feb60fd00fd159bcc892e71aa062bfa6613c54e84a45e43aafd
2026-09-28T03:00:56+10:00,C3_matched_signal_to_LO_0.4_REF_s20260704,I,python3 python/experiments/tqe_viability_final/tvf_run.py I,d5d42f1287eb92dda6fddd2a01552ea7dc536641,False,"{""config"": ""C3"", ""IF_Hz"": 15000000.0, ""A_LO"": 0.5, ""Omega_p"": null, ""amp_Vpm"": 0.2, ""spec"": {""kind"": ""qpsk"", ""Ts"": 1e-06, ""Tp"": 3e-07, ""seed"": 20260704}, ""rule"": ""matched_signal_to_LO"", ""target"": 0.4}",20260704,6.2,python/experiments/tqe_viability_final/tvf_run.py (phase_run from tqe_viability/tv_common.py),results/tqe_viability_final/01_matching/runs/C3_matched_signal_to_LO_0.4_REF_s20260704.npz,8b3013660792cb6f98e809c036ff0130b3d728fde81d06e8450f2eaeccb106ff
2026-09-28T03:01:01+10:00,C3_matched_signal_to_LO_0.4_REF_s20260705,I,python3 python/experiments/tqe_viability_final/tvf_run.py I,d5d42f1287eb92dda6fddd2a01552ea7dc536641,False,"{""config"": ""C3"", ""IF_Hz"": 15000000.0, ""A_LO"": 0.5, ""Omega_p"": null, ""amp_Vpm"": 0.2, ""spec"": {""kind"": ""qpsk"", ""Ts"": 1e-06, ""Tp"": 3e-07, ""seed"": 20260705}, ""rule"": ""matched_signal_to_LO"", ""target"": 0.4}",20260705,5.9,python/experiments/tqe_viability_final/tvf_run.py (phase_run from tqe_viability/tv_common.py),results/tqe_viability_final/01_matching/runs/C3_matched_signal_to_LO_0.4_REF_s20260705.npz,1673fd6295df53bea454102d5a42ed01d3d6e1807fc345bcce55713347742770
2026-09-28T03:01:07+10:00,C3_matched_signal_to_LO_0.4_REF_s20260706,I,python3 python/experiments/tqe_viability_final/tvf_run.py I,d5d42f1287eb92dda6fddd2a01552ea7dc536641,False,"{""config"": ""C3"", ""IF_Hz"": 15000000.0, ""A_LO"": 0.5, ""Omega_p"": null, ""amp_Vpm"": 0.2, ""spec"": {""kind"": ""qpsk"", ""Ts"": 1e-06, ""Tp"": 3e-07, ""seed"": 20260706}, ""rule"": ""matched_signal_to_LO"", ""target"": 0.4}",20260706,5.8,python/experiments/tqe_viability_final/tvf_run.py (phase_run from tqe_viability/tv_common.py),results/tqe_viability_final/01_matching/runs/C3_matched_signal_to_LO_0.4_REF_s20260706.npz,5997778cb158855d27102bb9fab4a25174604231c4e2a3504a8a03324927e35b
2026-09-28T03:01:13+10:00,C3_matched_signal_to_LO_0.6_REF_s20260704,I,python3 python/experiments/tqe_viability_final/tvf_run.py I,d5d42f1287eb92dda6fddd2a01552ea7dc536641,False,"{""config"": ""C3"", ""IF_Hz"": 15000000.0, ""A_LO"": 0.5, ""Omega_p"": null, ""amp_Vpm"": 0.3, ""spec"": {""kind"": ""qpsk"", ""Ts"": 1e-06, ""Tp"": 3e-07, ""seed"": 20260704}, ""rule"": ""matched_signal_to_LO"", ""target"": 0.6}",20260704,6.0,python/experiments/tqe_viability_final/tvf_run.py (phase_run from tqe_viability/tv_common.py),results/tqe_viability_final/01_matching/runs/C3_matched_signal_to_LO_0.6_REF_s20260704.npz,476700716eef6c1a0074543aca66f39026adc8d72e74c30c1065b6d3ad0f1137
2026-09-28T03:01:19+10:00,C3_matched_signal_to_LO_0.6_REF_s20260705,I,python3 python/experiments/tqe_viability_final/tvf_run.py I,d5d42f1287eb92dda6fddd2a01552ea7dc536641,False,"{""config"": ""C3"", ""IF_Hz"": 15000000.0, ""A_LO"": 0.5, ""Omega_p"": null, ""amp_Vpm"": 0.3, ""spec"": {""kind"": ""qpsk"", ""Ts"": 1e-06, ""Tp"": 3e-07, ""seed"": 20260705}, ""rule"": ""matched_signal_to_LO"", ""target"": 0.6}",20260705,5.9,python/experiments/tqe_viability_final/tvf_run.py (phase_run from tqe_viability/tv_common.py),results/tqe_viability_final/01_matching/runs/C3_matched_signal_to_LO_0.6_REF_s20260705.npz,39651ed372c9c4a2061a09f9931f2882f70b69014eecbba3c2b7e115e803b246
2026-09-28T03:01:24+10:00,C3_matched_signal_to_LO_0.6_REF_s20260706,I,python3 python/experiments/tqe_viability_final/tvf_run.py I,d5d42f1287eb92dda6fddd2a01552ea7dc536641,False,"{""config"": ""C3"", ""IF_Hz"": 15000000.0, ""A_LO"": 0.5, ""Omega_p"": null, ""amp_Vpm"": 0.3, ""spec"": {""kind"": ""qpsk"", ""Ts"": 1e-06, ""Tp"": 3e-07, ""seed"": 20260706}, ""rule"": ""matched_signal_to_LO"", ""target"": 0.6}",20260706,5.8,python/experiments/tqe_viability_final/tvf_run.py (phase_run from tqe_viability/tv_common.py),results/tqe_viability_final/01_matching/runs/C3_matched_signal_to_LO_0.6_REF_s20260706.npz,bc264b06ce86ca241f32cbe815ee60945cb73d940e3fb75f733dd2d01f32b095
2026-09-28T03:01:30+10:00,C4_matched_signal_to_LO_0.1_CW,I,python3 python/experiments/tqe_viability_final/tvf_run.py I,d5d42f1287eb92dda6fddd2a01552ea7dc536641,False,"{""config"": ""C4"", ""IF_Hz"": 5000000.0, ""A_LO"": 0.5, ""Omega_p"": 12692034.320502764, ""amp_Vpm"": 0.05, ""spec"": {""kind"": ""cw""}, ""rule"": ""matched_signal_to_LO"", ""target"": 0.1}",,5.9,python/experiments/tqe_viability_final/tvf_run.py (phase_run from tqe_viability/tv_common.py),results/tqe_viability_final/01_matching/runs/C4_matched_signal_to_LO_0.1_CW.npz,6b07c8509b5f05dc4f343e0fc1534bd270e2aab41b38ea43df36e7f9219657f1
2026-09-28T03:01:35+10:00,C4_matched_signal_to_LO_0.1_REF_s20260701,I,python3 python/experiments/tqe_viability_final/tvf_run.py I,d5d42f1287eb92dda6fddd2a01552ea7dc536641,False,"{""config"": ""C4"", ""IF_Hz"": 5000000.0, ""A_LO"": 0.5, ""Omega_p"": 12692034.320502764, ""amp_Vpm"": 0.05, ""spec"": {""kind"": ""qpsk"", ""Ts"": 1e-06, ""Tp"": 3e-07, ""seed"": 20260701}, ""rule"": ""matched_signal_to_LO"", ""target"": 0.1}",20260701,6.1,python/experiments/tqe_viability_final/tvf_run.py (phase_run from tqe_viability/tv_common.py),results/tqe_viability_final/01_matching/runs/C4_matched_signal_to_LO_0.1_REF_s20260701.npz,d5c45943fcee4da0ff45aa82381a9ef745a662184a7b4b24254e95779c0e26c2
2026-09-28T03:01:41+10:00,C4_matched_signal_to_LO_0.1_REF_s20260702,I,python3 python/experiments/tqe_viability_final/tvf_run.py I,d5d42f1287eb92dda6fddd2a01552ea7dc536641,False,"{""config"": ""C4"", ""IF_Hz"": 5000000.0, ""A_LO"": 0.5, ""Omega_p"": 12692034.320502764, ""amp_Vpm"": 0.05, ""spec"": {""kind"": ""qpsk"", ""Ts"": 1e-06, ""Tp"": 3e-07, ""seed"": 20260702}, ""rule"": ""matched_signal_to_LO"", ""target"": 0.1}",20260702,6.1,python/experiments/tqe_viability_final/tvf_run.py (phase_run from tqe_viability/tv_common.py),results/tqe_viability_final/01_matching/runs/C4_matched_signal_to_LO_0.1_REF_s20260702.npz,f7775eed0f16ae1bd7fe20abec4b690bf29b3720cc60f8f54b4a24530d5f17b6
2026-09-28T03:01:47+10:00,C4_matched_signal_to_LO_0.1_REF_s20260703,I,python3 python/experiments/tqe_viability_final/tvf_run.py I,d5d42f1287eb92dda6fddd2a01552ea7dc536641,False,"{""config"": ""C4"", ""IF_Hz"": 5000000.0, ""A_LO"": 0.5, ""Omega_p"": 12692034.320502764, ""amp_Vpm"": 0.05, ""spec"": {""kind"": ""qpsk"", ""Ts"": 1e-06, ""Tp"": 3e-07, ""seed"": 20260703}, ""rule"": ""matched_signal_to_LO"", ""target"": 0.1}",20260703,5.9,python/experiments/tqe_viability_final/tvf_run.py (phase_run from tqe_viability/tv_common.py),results/tqe_viability_final/01_matching/runs/C4_matched_signal_to_LO_0.1_REF_s20260703.npz,05b48e89784c014d122c5338f366a9948d9777e3bb946d53d5fbd66701e47130
2026-09-28T03:01:53+10:00,C4_matched_signal_to_LO_0.1_REF_s20260704,I,python3 python/experiments/tqe_viability_final/tvf_run.py I,d5d42f1287eb92dda6fddd2a01552ea7dc536641,False,"{""config"": ""C4"", ""IF_Hz"": 5000000.0, ""A_LO"": 0.5, ""Omega_p"": 12692034.320502764, ""amp_Vpm"": 0.05, ""spec"": {""kind"": ""qpsk"", ""Ts"": 1e-06, ""Tp"": 3e-07, ""seed"": 20260704}, ""rule"": ""matched_signal_to_LO"", ""target"": 0.1}",20260704,5.9,python/experiments/tqe_viability_final/tvf_run.py (phase_run from tqe_viability/tv_common.py),results/tqe_viability_final/01_matching/runs/C4_matched_signal_to_LO_0.1_REF_s20260704.npz,2090a3865d3281223acbc33ba75b77b3adcd3e41df21f671ecf2898f6f90cb5d
2026-09-28T03:01:59+10:00,C4_matched_signal_to_LO_0.1_REF_s20260705,I,python3 python/experiments/tqe_viability_final/tvf_run.py I,d5d42f1287eb92dda6fddd2a01552ea7dc536641,False,"{""config"": ""C4"", ""IF_Hz"": 5000000.0, ""A_LO"": 0.5, ""Omega_p"": 12692034.320502764, ""amp_Vpm"": 0.05, ""spec"": {""kind"": ""qpsk"", ""Ts"": 1e-06, ""Tp"": 3e-07, ""seed"": 20260705}, ""rule"": ""matched_signal_to_LO"", ""target"": 0.1}",20260705,5.8,python/experiments/tqe_viability_final/tvf_run.py (phase_run from tqe_viability/tv_common.py),results/tqe_viability_final/01_matching/runs/C4_matched_signal_to_LO_0.1_REF_s20260705.npz,34c4f57dc69d64d69925e5020ff1c4decadecc5275898d51917aba6cdab79004
2026-09-28T03:02:03+10:00,C4_matched_signal_to_LO_0.1_REF_s20260706,I,python3 python/experiments/tqe_viability_final/tvf_run.py I,d5d42f1287eb92dda6fddd2a01552ea7dc536641,False,"{""config"": ""C4"", ""IF_Hz"": 5000000.0, ""A_LO"": 0.5, ""Omega_p"": 12692034.320502764, ""amp_Vpm"": 0.05, ""spec"": {""kind"": ""qpsk"", ""Ts"": 1e-06, ""Tp"": 3e-07, ""seed"": 20260706}, ""rule"": ""matched_signal_to_LO"", ""target"": 0.1}",20260706,5.7,python/experiments/tqe_viability_final/tvf_run.py (phase_run from tqe_viability/tv_common.py),results/tqe_viability_final/01_matching/runs/C4_matched_signal_to_LO_0.1_REF_s20260706.npz,f74c92ae05911b8b7e213738c58e0739aeff16b46d89518c3d93069ccedf16e3
2026-09-28T03:02:09+10:00,C4_matched_signal_to_LO_0.2_REF_s20260704,I,python3 python/experiments/tqe_viability_final/tvf_run.py I,d5d42f1287eb92dda6fddd2a01552ea7dc536641,False,"{""config"": ""C4"", ""IF_Hz"": 5000000.0, ""A_LO"": 0.5, ""Omega_p"": 12692034.320502764, ""amp_Vpm"": 0.1, ""spec"": {""kind"": ""qpsk"", ""Ts"": 1e-06, ""Tp"": 3e-07, ""seed"": 20260704}, ""rule"": ""matched_signal_to_LO"", ""target"": 0.2}",20260704,5.8,python/experiments/tqe_viability_final/tvf_run.py (phase_run from tqe_viability/tv_common.py),results/tqe_viability_final/01_matching/runs/C4_matched_signal_to_LO_0.2_REF_s20260704.npz,bb7844fca06603be6e9c675d2216dbe0ffd00cde1abf8513d732c09bf53aaae5
2026-09-28T03:02:15+10:00,C4_matched_signal_to_LO_0.2_REF_s20260705,I,python3 python/experiments/tqe_viability_final/tvf_run.py I,d5d42f1287eb92dda6fddd2a01552ea7dc536641,False,"{""config"": ""C4"", ""IF_Hz"": 5000000.0, ""A_LO"": 0.5, ""Omega_p"": 12692034.320502764, ""amp_Vpm"": 0.1, ""spec"": {""kind"": ""qpsk"", ""Ts"": 1e-06, ""Tp"": 3e-07, ""seed"": 20260705}, ""rule"": ""matched_signal_to_LO"", ""target"": 0.2}",20260705,5.7,python/experiments/tqe_viability_final/tvf_run.py (phase_run from tqe_viability/tv_common.py),results/tqe_viability_final/01_matching/runs/C4_matched_signal_to_LO_0.2_REF_s20260705.npz,fd7385315c808df604f23ce4acc87135660368cf02486d37357726c1107dd2aa
2026-09-28T03:02:21+10:00,C4_matched_signal_to_LO_0.2_REF_s20260706,I,python3 python/experiments/tqe_viability_final/tvf_run.py I,d5d42f1287eb92dda6fddd2a01552ea7dc536641,False,"{""config"": ""C4"", ""IF_Hz"": 5000000.0, ""A_LO"": 0.5, ""Omega_p"": 12692034.320502764, ""amp_Vpm"": 0.1, ""spec"": {""kind"": ""qpsk"", ""Ts"": 1e-06, ""Tp"": 3e-07, ""seed"": 20260706}, ""rule"": ""matched_signal_to_LO"", ""target"": 0.2}",20260706,5.9,python/experiments/tqe_viability_final/tvf_run.py (phase_run from tqe_viability/tv_common.py),results/tqe_viability_final/01_matching/runs/C4_matched_signal_to_LO_0.2_REF_s20260706.npz,11fa46bd7ae41faa74c47b3acf3f3ffe871a6e8a816e65a1ce0284f4e4aac5c3
2026-09-28T03:02:27+10:00,C4_matched_signal_to_LO_0.358_REF_s20260704,I,python3 python/experiments/tqe_viability_final/tvf_run.py I,d5d42f1287eb92dda6fddd2a01552ea7dc536641,False,"{""config"": ""C4"", ""IF_Hz"": 5000000.0, ""A_LO"": 0.5, ""Omega_p"": 12692034.320502764, ""amp_Vpm"": 0.179, ""spec"": {""kind"": ""qpsk"", ""Ts"": 1e-06, ""Tp"": 3e-07, ""seed"": 20260704}, ""rule"": ""matched_signal_to_LO"", ""target"": 0.358}",20260704,6.1,python/experiments/tqe_viability_final/tvf_run.py (phase_run from tqe_viability/tv_common.py),results/tqe_viability_final/01_matching/runs/C4_matched_signal_to_LO_0.358_REF_s20260704.npz,a228e062dde63469c85ee963216a07a93e3589ba554071fda57074056e93d27a
2026-09-28T03:02:33+10:00,C4_matched_signal_to_LO_0.358_REF_s20260705,I,python3 python/experiments/tqe_viability_final/tvf_run.py I,d5d42f1287eb92dda6fddd2a01552ea7dc536641,False,"{""config"": ""C4"", ""IF_Hz"": 5000000.0, ""A_LO"": 0.5, ""Omega_p"": 12692034.320502764, ""amp_Vpm"": 0.179, ""spec"": {""kind"": ""qpsk"", ""Ts"": 1e-06, ""Tp"": 3e-07, ""seed"": 20260705}, ""rule"": ""matched_signal_to_LO"", ""target"": 0.358}",20260705,5.8,python/experiments/tqe_viability_final/tvf_run.py (phase_run from tqe_viability/tv_common.py),results/tqe_viability_final/01_matching/runs/C4_matched_signal_to_LO_0.358_REF_s20260705.npz,118a7d7e84525e038ef0a95eed1f43f7bb2997634959d30e0ef1064dc3244249
2026-09-28T03:02:37+10:00,C4_matched_signal_to_LO_0.358_REF_s20260706,I,python3 python/experiments/tqe_viability_final/tvf_run.py I,d5d42f1287eb92dda6fddd2a01552ea7dc536641,False,"{""config"": ""C4"", ""IF_Hz"": 5000000.0, ""A_LO"": 0.5, ""Omega_p"": 12692034.320502764, ""amp_Vpm"": 0.179, ""spec"": {""kind"": ""qpsk"", ""Ts"": 1e-06, ""Tp"": 3e-07, ""seed"": 20260706}, ""rule"": ""matched_signal_to_LO"", ""target"": 0.358}",20260706,5.9,python/experiments/tqe_viability_final/tvf_run.py (phase_run from tqe_viability/tv_common.py),results/tqe_viability_final/01_matching/runs/C4_matched_signal_to_LO_0.358_REF_s20260706.npz,13ea521234487dee7cab761d73a45bed34241df32d5a9726127110b5b6d4c748
2026-09-28T03:02:43+10:00,C4_matched_signal_to_LO_0.4_CW,I,python3 python/experiments/tqe_viability_final/tvf_run.py I,d5d42f1287eb92dda6fddd2a01552ea7dc536641,False,"{""config"": ""C4"", ""IF_Hz"": 5000000.0, ""A_LO"": 0.5, ""Omega_p"": 12692034.320502764, ""amp_Vpm"": 0.2, ""spec"": {""kind"": ""cw""}, ""rule"": ""matched_signal_to_LO"", ""target"": 0.4}",,5.9,python/experiments/tqe_viability_final/tvf_run.py (phase_run from tqe_viability/tv_common.py),results/tqe_viability_final/01_matching/runs/C4_matched_signal_to_LO_0.4_CW.npz,58b24488c891e8b7fd8543a77c43147d514723cf507f60b439d6eec613ca3340
2026-09-28T03:02:49+10:00,C4_matched_signal_to_LO_0.4_REF_s20260701,I,python3 python/experiments/tqe_viability_final/tvf_run.py I,d5d42f1287eb92dda6fddd2a01552ea7dc536641,False,"{""config"": ""C4"", ""IF_Hz"": 5000000.0, ""A_LO"": 0.5, ""Omega_p"": 12692034.320502764, ""amp_Vpm"": 0.2, ""spec"": {""kind"": ""qpsk"", ""Ts"": 1e-06, ""Tp"": 3e-07, ""seed"": 20260701}, ""rule"": ""matched_signal_to_LO"", ""target"": 0.4}",20260701,6.0,python/experiments/tqe_viability_final/tvf_run.py (phase_run from tqe_viability/tv_common.py),results/tqe_viability_final/01_matching/runs/C4_matched_signal_to_LO_0.4_REF_s20260701.npz,1771cdcaedaaa7cb58bc3a69b841fb7c7ce61adf213788bc34711153e38b2e86
2026-09-28T03:02:55+10:00,C4_matched_signal_to_LO_0.4_REF_s20260702,I,python3 python/experiments/tqe_viability_final/tvf_run.py I,d5d42f1287eb92dda6fddd2a01552ea7dc536641,False,"{""config"": ""C4"", ""IF_Hz"": 5000000.0, ""A_LO"": 0.5, ""Omega_p"": 12692034.320502764, ""amp_Vpm"": 0.2, ""spec"": {""kind"": ""qpsk"", ""Ts"": 1e-06, ""Tp"": 3e-07, ""seed"": 20260702}, ""rule"": ""matched_signal_to_LO"", ""target"": 0.4}",20260702,5.9,python/experiments/tqe_viability_final/tvf_run.py (phase_run from tqe_viability/tv_common.py),results/tqe_viability_final/01_matching/runs/C4_matched_signal_to_LO_0.4_REF_s20260702.npz,ccd3d6d4c2aa85ea2ff43369c9bb61ff71e8f7562ab7150bab32e61c56195e98
2026-09-28T03:03:01+10:00,C4_matched_signal_to_LO_0.4_REF_s20260703,I,python3 python/experiments/tqe_viability_final/tvf_run.py I,d5d42f1287eb92dda6fddd2a01552ea7dc536641,False,"{""config"": ""C4"", ""IF_Hz"": 5000000.0, ""A_LO"": 0.5, ""Omega_p"": 12692034.320502764, ""amp_Vpm"": 0.2, ""spec"": {""kind"": ""qpsk"", ""Ts"": 1e-06, ""Tp"": 3e-07, ""seed"": 20260703}, ""rule"": ""matched_signal_to_LO"", ""target"": 0.4}",20260703,5.5,python/experiments/tqe_viability_final/tvf_run.py (phase_run from tqe_viability/tv_common.py),results/tqe_viability_final/01_matching/runs/C4_matched_signal_to_LO_0.4_REF_s20260703.npz,157c70593f2823bf7368ed462652858331c194cd684dc505953191112801d0b2
2026-09-28T03:03:05+10:00,C4_matched_signal_to_LO_0.4_REF_s20260704,I,python3 python/experiments/tqe_viability_final/tvf_run.py I,d5d42f1287eb92dda6fddd2a01552ea7dc536641,False,"{""config"": ""C4"", ""IF_Hz"": 5000000.0, ""A_LO"": 0.5, ""Omega_p"": 12692034.320502764, ""amp_Vpm"": 0.2, ""spec"": {""kind"": ""qpsk"", ""Ts"": 1e-06, ""Tp"": 3e-07, ""seed"": 20260704}, ""rule"": ""matched_signal_to_LO"", ""target"": 0.4}",20260704,5.8,python/experiments/tqe_viability_final/tvf_run.py (phase_run from tqe_viability/tv_common.py),results/tqe_viability_final/01_matching/runs/C4_matched_signal_to_LO_0.4_REF_s20260704.npz,f9096a5ee48604729e0be07ddbcfeac05a8c7aaebdf8d6f32daa74ca9043b242
2026-09-28T03:03:11+10:00,C4_matched_signal_to_LO_0.4_REF_s20260705,I,python3 python/experiments/tqe_viability_final/tvf_run.py I,d5d42f1287eb92dda6fddd2a01552ea7dc536641,False,"{""config"": ""C4"", ""IF_Hz"": 5000000.0, ""A_LO"": 0.5, ""Omega_p"": 12692034.320502764, ""amp_Vpm"": 0.2, ""spec"": {""kind"": ""qpsk"", ""Ts"": 1e-06, ""Tp"": 3e-07, ""seed"": 20260705}, ""rule"": ""matched_signal_to_LO"", ""target"": 0.4}",20260705,5.9,python/experiments/tqe_viability_final/tvf_run.py (phase_run from tqe_viability/tv_common.py),results/tqe_viability_final/01_matching/runs/C4_matched_signal_to_LO_0.4_REF_s20260705.npz,9f6a7a56b6f5656a0f0f85b514473a2288e3e5c9e0461c0462cc4babc6fd23de
2026-09-28T03:03:17+10:00,C4_matched_signal_to_LO_0.4_REF_s20260706,I,python3 python/experiments/tqe_viability_final/tvf_run.py I,d5d42f1287eb92dda6fddd2a01552ea7dc536641,False,"{""config"": ""C4"", ""IF_Hz"": 5000000.0, ""A_LO"": 0.5, ""Omega_p"": 12692034.320502764, ""amp_Vpm"": 0.2, ""spec"": {""kind"": ""qpsk"", ""Ts"": 1e-06, ""Tp"": 3e-07, ""seed"": 20260706}, ""rule"": ""matched_signal_to_LO"", ""target"": 0.4}",20260706,5.9,python/experiments/tqe_viability_final/tvf_run.py (phase_run from tqe_viability/tv_common.py),results/tqe_viability_final/01_matching/runs/C4_matched_signal_to_LO_0.4_REF_s20260706.npz,9975b48bf8ba6c74da5398e19a2cbb53551340a0ab12ee52348eecad200ec5ef
2026-09-28T03:03:23+10:00,C4_matched_signal_to_LO_0.6_REF_s20260704,I,python3 python/experiments/tqe_viability_final/tvf_run.py I,d5d42f1287eb92dda6fddd2a01552ea7dc536641,False,"{""config"": ""C4"", ""IF_Hz"": 5000000.0, ""A_LO"": 0.5, ""Omega_p"": 12692034.320502764, ""amp_Vpm"": 0.3, ""spec"": {""kind"": ""qpsk"", ""Ts"": 1e-06, ""Tp"": 3e-07, ""seed"": 20260704}, ""rule"": ""matched_signal_to_LO"", ""target"": 0.6}",20260704,5.8,python/experiments/tqe_viability_final/tvf_run.py (phase_run from tqe_viability/tv_common.py),results/tqe_viability_final/01_matching/runs/C4_matched_signal_to_LO_0.6_REF_s20260704.npz,14c1867c622829281fdf402139c0ac1138b0398c314ae64743d86285e032458a
2026-09-28T03:03:28+10:00,C4_matched_signal_to_LO_0.6_REF_s20260705,I,python3 python/experiments/tqe_viability_final/tvf_run.py I,d5d42f1287eb92dda6fddd2a01552ea7dc536641,False,"{""config"": ""C4"", ""IF_Hz"": 5000000.0, ""A_LO"": 0.5, ""Omega_p"": 12692034.320502764, ""amp_Vpm"": 0.3, ""spec"": {""kind"": ""qpsk"", ""Ts"": 1e-06, ""Tp"": 3e-07, ""seed"": 20260705}, ""rule"": ""matched_signal_to_LO"", ""target"": 0.6}",20260705,5.4,python/experiments/tqe_viability_final/tvf_run.py (phase_run from tqe_viability/tv_common.py),results/tqe_viability_final/01_matching/runs/C4_matched_signal_to_LO_0.6_REF_s20260705.npz,ac3a7555142d18f8fc97c22b2108dc548e81c7f6bba01753e991792b48938c4a
2026-09-28T03:03:34+10:00,C4_matched_signal_to_LO_0.6_REF_s20260706,I,python3 python/experiments/tqe_viability_final/tvf_run.py I,d5d42f1287eb92dda6fddd2a01552ea7dc536641,False,"{""config"": ""C4"", ""IF_Hz"": 5000000.0, ""A_LO"": 0.5, ""Omega_p"": 12692034.320502764, ""amp_Vpm"": 0.3, ""spec"": {""kind"": ""qpsk"", ""Ts"": 1e-06, ""Tp"": 3e-07, ""seed"": 20260706}, ""rule"": ""matched_signal_to_LO"", ""target"": 0.6}",20260706,5.8,python/experiments/tqe_viability_final/tvf_run.py (phase_run from tqe_viability/tv_common.py),results/tqe_viability_final/01_matching/runs/C4_matched_signal_to_LO_0.6_REF_s20260706.npz,df213e01c6d70635568ae68511c06e758368541fc1f17120b5dfe255c8eeb173
2026-09-28T03:03:39+10:00,C5_matched_CW_gain_0.8_CW,I,python3 python/experiments/tqe_viability_final/tvf_run.py I,d5d42f1287eb92dda6fddd2a01552ea7dc536641,False,"{""config"": ""C5"", ""IF_Hz"": 5000000.0, ""A_LO"": 0.425, ""Omega_p"": null, ""amp_Vpm"": 0.08605405884557808, ""spec"": {""kind"": ""cw""}, ""rule"": ""matched_CW_gain"", ""target"": 0.8}",,5.9,python/experiments/tqe_viability_final/tvf_run.py (phase_run from tqe_viability/tv_common.py),results/tqe_viability_final/01_matching/runs/C5_matched_CW_gain_0.8_CW.npz,9d8d9ce39545c937bfe3d76a0f9aee7706c2aa512e5cedae6c9bec3a80372259
2026-09-28T03:03:44+10:00,C5_matched_CW_gain_0.8_REF_s20260701,I,python3 python/experiments/tqe_viability_final/tvf_run.py I,d5d42f1287eb92dda6fddd2a01552ea7dc536641,False,"{""config"": ""C5"", ""IF_Hz"": 5000000.0, ""A_LO"": 0.425, ""Omega_p"": null, ""amp_Vpm"": 0.08605405884557808, ""spec"": {""kind"": ""qpsk"", ""Ts"": 1e-06, ""Tp"": 3e-07, ""seed"": 20260701}, ""rule"": ""matched_CW_gain"", ""target"": 0.8}",20260701,5.8,python/experiments/tqe_viability_final/tvf_run.py (phase_run from tqe_viability/tv_common.py),results/tqe_viability_final/01_matching/runs/C5_matched_CW_gain_0.8_REF_s20260701.npz,d5e4ff4aae10a3d1ec8dc5f38ee5605ed405b50ea57dd8bbc1319553bac1aee1
2026-09-28T03:03:50+10:00,C5_matched_CW_gain_0.8_REF_s20260702,I,python3 python/experiments/tqe_viability_final/tvf_run.py I,d5d42f1287eb92dda6fddd2a01552ea7dc536641,False,"{""config"": ""C5"", ""IF_Hz"": 5000000.0, ""A_LO"": 0.425, ""Omega_p"": null, ""amp_Vpm"": 0.08605405884557808, ""spec"": {""kind"": ""qpsk"", ""Ts"": 1e-06, ""Tp"": 3e-07, ""seed"": 20260702}, ""rule"": ""matched_CW_gain"", ""target"": 0.8}",20260702,5.9,python/experiments/tqe_viability_final/tvf_run.py (phase_run from tqe_viability/tv_common.py),results/tqe_viability_final/01_matching/runs/C5_matched_CW_gain_0.8_REF_s20260702.npz,6c8b036cc0f212074535e2e00462b75eace5115a32bc9675d0a586debab7aa7b
2026-09-28T03:03:56+10:00,C5_matched_CW_gain_0.8_REF_s20260703,I,python3 python/experiments/tqe_viability_final/tvf_run.py I,d5d42f1287eb92dda6fddd2a01552ea7dc536641,False,"{""config"": ""C5"", ""IF_Hz"": 5000000.0, ""A_LO"": 0.425, ""Omega_p"": null, ""amp_Vpm"": 0.08605405884557808, ""spec"": {""kind"": ""qpsk"", ""Ts"": 1e-06, ""Tp"": 3e-07, ""seed"": 20260703}, ""rule"": ""matched_CW_gain"", ""target"": 0.8}",20260703,6.0,python/experiments/tqe_viability_final/tvf_run.py (phase_run from tqe_viability/tv_common.py),results/tqe_viability_final/01_matching/runs/C5_matched_CW_gain_0.8_REF_s20260703.npz,acd759f8ad1ef31c5d3688146c91407aa3e9c07c2a2190439330ca4c0254a6b8
2026-09-28T03:04:02+10:00,C5_matched_CW_gain_0.8_REF_s20260704,I,python3 python/experiments/tqe_viability_final/tvf_run.py I,d5d42f1287eb92dda6fddd2a01552ea7dc536641,False,"{""config"": ""C5"", ""IF_Hz"": 5000000.0, ""A_LO"": 0.425, ""Omega_p"": null, ""amp_Vpm"": 0.08605405884557808, ""spec"": {""kind"": ""qpsk"", ""Ts"": 1e-06, ""Tp"": 3e-07, ""seed"": 20260704}, ""rule"": ""matched_CW_gain"", ""target"": 0.8}",20260704,6.0,python/experiments/tqe_viability_final/tvf_run.py (phase_run from tqe_viability/tv_common.py),results/tqe_viability_final/01_matching/runs/C5_matched_CW_gain_0.8_REF_s20260704.npz,f49ea9742e9527e9d167f531c07caaeeb178c9978fe1e1200e67920cb1ad479a
2026-09-28T03:04:07+10:00,C5_matched_CW_gain_0.8_REF_s20260705,I,python3 python/experiments/tqe_viability_final/tvf_run.py I,d5d42f1287eb92dda6fddd2a01552ea7dc536641,False,"{""config"": ""C5"", ""IF_Hz"": 5000000.0, ""A_LO"": 0.425, ""Omega_p"": null, ""amp_Vpm"": 0.08605405884557808, ""spec"": {""kind"": ""qpsk"", ""Ts"": 1e-06, ""Tp"": 3e-07, ""seed"": 20260705}, ""rule"": ""matched_CW_gain"", ""target"": 0.8}",20260705,6.0,python/experiments/tqe_viability_final/tvf_run.py (phase_run from tqe_viability/tv_common.py),results/tqe_viability_final/01_matching/runs/C5_matched_CW_gain_0.8_REF_s20260705.npz,d38569347928fba44a45adffe12f5326ad6342ee9c5517358b5721cf2088475e
2026-09-28T03:04:13+10:00,C5_matched_CW_gain_0.8_REF_s20260706,I,python3 python/experiments/tqe_viability_final/tvf_run.py I,d5d42f1287eb92dda6fddd2a01552ea7dc536641,False,"{""config"": ""C5"", ""IF_Hz"": 5000000.0, ""A_LO"": 0.425, ""Omega_p"": null, ""amp_Vpm"": 0.08605405884557808, ""spec"": {""kind"": ""qpsk"", ""Ts"": 1e-06, ""Tp"": 3e-07, ""seed"": 20260706}, ""rule"": ""matched_CW_gain"", ""target"": 0.8}",20260706,6.1,python/experiments/tqe_viability_final/tvf_run.py (phase_run from tqe_viability/tv_common.py),results/tqe_viability_final/01_matching/runs/C5_matched_CW_gain_0.8_REF_s20260706.npz,83505928558843758c2cc53a731b8ac96186298ddc03413fef35c99829175dbe
2026-09-28T03:04:19+10:00,C5_matched_CW_gain_0.6_CW,I,python3 python/experiments/tqe_viability_final/tvf_run.py I,d5d42f1287eb92dda6fddd2a01552ea7dc536641,False,"{""config"": ""C5"", ""IF_Hz"": 5000000.0, ""A_LO"": 0.425, ""Omega_p"": null, ""amp_Vpm"": 0.1504443286426032, ""spec"": {""kind"": ""cw""}, ""rule"": ""matched_CW_gain"", ""target"": 0.6}",,5.5,python/experiments/tqe_viability_final/tvf_run.py (phase_run from tqe_viability/tv_common.py),results/tqe_viability_final/01_matching/runs/C5_matched_CW_gain_0.6_CW.npz,f146e2941d41fbd4cde70cd7049c4131dade0248fa604ad5a386855804948e2a
2026-09-28T03:04:25+10:00,C5_matched_CW_gain_0.6_REF_s20260701,I,python3 python/experiments/tqe_viability_final/tvf_run.py I,d5d42f1287eb92dda6fddd2a01552ea7dc536641,False,"{""config"": ""C5"", ""IF_Hz"": 5000000.0, ""A_LO"": 0.425, ""Omega_p"": null, ""amp_Vpm"": 0.1504443286426032, ""spec"": {""kind"": ""qpsk"", ""Ts"": 1e-06, ""Tp"": 3e-07, ""seed"": 20260701}, ""rule"": ""matched_CW_gain"", ""target"": 0.6}",20260701,5.9,python/experiments/tqe_viability_final/tvf_run.py (phase_run from tqe_viability/tv_common.py),results/tqe_viability_final/01_matching/runs/C5_matched_CW_gain_0.6_REF_s20260701.npz,fb2e1e359226c5bce70404a5f87c373072b75fd642a1c6cd46eaadd940ca4ff0
2026-09-28T03:04:31+10:00,C5_matched_CW_gain_0.6_REF_s20260702,I,python3 python/experiments/tqe_viability_final/tvf_run.py I,d5d42f1287eb92dda6fddd2a01552ea7dc536641,False,"{""config"": ""C5"", ""IF_Hz"": 5000000.0, ""A_LO"": 0.425, ""Omega_p"": null, ""amp_Vpm"": 0.1504443286426032, ""spec"": {""kind"": ""qpsk"", ""Ts"": 1e-06, ""Tp"": 3e-07, ""seed"": 20260702}, ""rule"": ""matched_CW_gain"", ""target"": 0.6}",20260702,6.0,python/experiments/tqe_viability_final/tvf_run.py (phase_run from tqe_viability/tv_common.py),results/tqe_viability_final/01_matching/runs/C5_matched_CW_gain_0.6_REF_s20260702.npz,c7cb69ce12935d478a6a1216f981e68ee534d650b66f4a90a9f1c6069d861a94
2026-09-28T03:04:37+10:00,C5_matched_CW_gain_0.6_REF_s20260703,I,python3 python/experiments/tqe_viability_final/tvf_run.py I,d5d42f1287eb92dda6fddd2a01552ea7dc536641,False,"{""config"": ""C5"", ""IF_Hz"": 5000000.0, ""A_LO"": 0.425, ""Omega_p"": null, ""amp_Vpm"": 0.1504443286426032, ""spec"": {""kind"": ""qpsk"", ""Ts"": 1e-06, ""Tp"": 3e-07, ""seed"": 20260703}, ""rule"": ""matched_CW_gain"", ""target"": 0.6}",20260703,6.0,python/experiments/tqe_viability_final/tvf_run.py (phase_run from tqe_viability/tv_common.py),results/tqe_viability_final/01_matching/runs/C5_matched_CW_gain_0.6_REF_s20260703.npz,ca58dd29aa0b1b2aa6fdb78c4fed6e036b04e4137ca2f6f4937d7f1124620ac8
2026-09-28T03:04:41+10:00,C5_matched_CW_gain_0.6_REF_s20260704,I,python3 python/experiments/tqe_viability_final/tvf_run.py I,d5d42f1287eb92dda6fddd2a01552ea7dc536641,False,"{""config"": ""C5"", ""IF_Hz"": 5000000.0, ""A_LO"": 0.425, ""Omega_p"": null, ""amp_Vpm"": 0.1504443286426032, ""spec"": {""kind"": ""qpsk"", ""Ts"": 1e-06, ""Tp"": 3e-07, ""seed"": 20260704}, ""rule"": ""matched_CW_gain"", ""target"": 0.6}",20260704,5.9,python/experiments/tqe_viability_final/tvf_run.py (phase_run from tqe_viability/tv_common.py),results/tqe_viability_final/01_matching/runs/C5_matched_CW_gain_0.6_REF_s20260704.npz,c03d7912c7d314b12835ab083d6bf48b38ee93dc7ec325f62aba7d4a1683a354
2026-09-28T03:04:47+10:00,C5_matched_CW_gain_0.6_REF_s20260705,I,python3 python/experiments/tqe_viability_final/tvf_run.py I,d5d42f1287eb92dda6fddd2a01552ea7dc536641,False,"{""config"": ""C5"", ""IF_Hz"": 5000000.0, ""A_LO"": 0.425, ""Omega_p"": null, ""amp_Vpm"": 0.1504443286426032, ""spec"": {""kind"": ""qpsk"", ""Ts"": 1e-06, ""Tp"": 3e-07, ""seed"": 20260705}, ""rule"": ""matched_CW_gain"", ""target"": 0.6}",20260705,5.9,python/experiments/tqe_viability_final/tvf_run.py (phase_run from tqe_viability/tv_common.py),results/tqe_viability_final/01_matching/runs/C5_matched_CW_gain_0.6_REF_s20260705.npz,b598d734f9be503a7153406604a92c29353719c3621b4964c1057ae8214249e6
2026-09-28T03:04:53+10:00,C5_matched_CW_gain_0.6_REF_s20260706,I,python3 python/experiments/tqe_viability_final/tvf_run.py I,d5d42f1287eb92dda6fddd2a01552ea7dc536641,False,"{""config"": ""C5"", ""IF_Hz"": 5000000.0, ""A_LO"": 0.425, ""Omega_p"": null, ""amp_Vpm"": 0.1504443286426032, ""spec"": {""kind"": ""qpsk"", ""Ts"": 1e-06, ""Tp"": 3e-07, ""seed"": 20260706}, ""rule"": ""matched_CW_gain"", ""target"": 0.6}",20260706,5.8,python/experiments/tqe_viability_final/tvf_run.py (phase_run from tqe_viability/tv_common.py),results/tqe_viability_final/01_matching/runs/C5_matched_CW_gain_0.6_REF_s20260706.npz,234661a2b580dc5094e7ae518f1621294428fccbec283dae821939c6b3d78368
2026-09-28T03:04:59+10:00,C5_matched_CW_gain_0.4_CW,I,python3 python/experiments/tqe_viability_final/tvf_run.py I,d5d42f1287eb92dda6fddd2a01552ea7dc536641,False,"{""config"": ""C5"", ""IF_Hz"": 5000000.0, ""A_LO"": 0.425, ""Omega_p"": null, ""amp_Vpm"": 0.2316542155463716, ""spec"": {""kind"": ""cw""}, ""rule"": ""matched_CW_gain"", ""target"": 0.4}",,5.8,python/experiments/tqe_viability_final/tvf_run.py (phase_run from tqe_viability/tv_common.py),results/tqe_viability_final/01_matching/runs/C5_matched_CW_gain_0.4_CW.npz,3d7e0b779569fdcbbe3ebfe33bb09f89af60ed3b69c37be4d8b5533d1c0d1eb9
2026-09-28T03:05:05+10:00,C5_matched_CW_gain_0.4_REF_s20260701,I,python3 python/experiments/tqe_viability_final/tvf_run.py I,d5d42f1287eb92dda6fddd2a01552ea7dc536641,False,"{""config"": ""C5"", ""IF_Hz"": 5000000.0, ""A_LO"": 0.425, ""Omega_p"": null, ""amp_Vpm"": 0.2316542155463716, ""spec"": {""kind"": ""qpsk"", ""Ts"": 1e-06, ""Tp"": 3e-07, ""seed"": 20260701}, ""rule"": ""matched_CW_gain"", ""target"": 0.4}",20260701,5.8,python/experiments/tqe_viability_final/tvf_run.py (phase_run from tqe_viability/tv_common.py),results/tqe_viability_final/01_matching/runs/C5_matched_CW_gain_0.4_REF_s20260701.npz,dceb0bb203be0a8403966be8f2336e44d1dd2621d14925d4fb4e773b33480eb7
2026-09-28T03:05:09+10:00,C5_matched_CW_gain_0.4_REF_s20260702,I,python3 python/experiments/tqe_viability_final/tvf_run.py I,d5d42f1287eb92dda6fddd2a01552ea7dc536641,False,"{""config"": ""C5"", ""IF_Hz"": 5000000.0, ""A_LO"": 0.425, ""Omega_p"": null, ""amp_Vpm"": 0.2316542155463716, ""spec"": {""kind"": ""qpsk"", ""Ts"": 1e-06, ""Tp"": 3e-07, ""seed"": 20260702}, ""rule"": ""matched_CW_gain"", ""target"": 0.4}",20260702,5.9,python/experiments/tqe_viability_final/tvf_run.py (phase_run from tqe_viability/tv_common.py),results/tqe_viability_final/01_matching/runs/C5_matched_CW_gain_0.4_REF_s20260702.npz,0320cde98872869ba373ec114310fe567d006bf02d9164c30a5bb25a8b7323ef
2026-09-28T03:05:15+10:00,C5_matched_CW_gain_0.4_REF_s20260703,I,python3 python/experiments/tqe_viability_final/tvf_run.py I,d5d42f1287eb92dda6fddd2a01552ea7dc536641,False,"{""config"": ""C5"", ""IF_Hz"": 5000000.0, ""A_LO"": 0.425, ""Omega_p"": null, ""amp_Vpm"": 0.2316542155463716, ""spec"": {""kind"": ""qpsk"", ""Ts"": 1e-06, ""Tp"": 3e-07, ""seed"": 20260703}, ""rule"": ""matched_CW_gain"", ""target"": 0.4}",20260703,5.9,python/experiments/tqe_viability_final/tvf_run.py (phase_run from tqe_viability/tv_common.py),results/tqe_viability_final/01_matching/runs/C5_matched_CW_gain_0.4_REF_s20260703.npz,9fdb40677385aa3f1965646e612eda57cc0e7cb7547f37d53193d0dc7baf8124
2026-09-28T03:05:21+10:00,C5_matched_CW_gain_0.4_REF_s20260704,I,python3 python/experiments/tqe_viability_final/tvf_run.py I,d5d42f1287eb92dda6fddd2a01552ea7dc536641,False,"{""config"": ""C5"", ""IF_Hz"": 5000000.0, ""A_LO"": 0.425, ""Omega_p"": null, ""amp_Vpm"": 0.2316542155463716, ""spec"": {""kind"": ""qpsk"", ""Ts"": 1e-06, ""Tp"": 3e-07, ""seed"": 20260704}, ""rule"": ""matched_CW_gain"", ""target"": 0.4}",20260704,6.0,python/experiments/tqe_viability_final/tvf_run.py (phase_run from tqe_viability/tv_common.py),results/tqe_viability_final/01_matching/runs/C5_matched_CW_gain_0.4_REF_s20260704.npz,82311be0281f9a2375e0d1e5122ae60c5ace0ff1e742423bdca05221115bb834
2026-09-28T03:05:27+10:00,C5_matched_CW_gain_0.4_REF_s20260705,I,python3 python/experiments/tqe_viability_final/tvf_run.py I,d5d42f1287eb92dda6fddd2a01552ea7dc536641,False,"{""config"": ""C5"", ""IF_Hz"": 5000000.0, ""A_LO"": 0.425, ""Omega_p"": null, ""amp_Vpm"": 0.2316542155463716, ""spec"": {""kind"": ""qpsk"", ""Ts"": 1e-06, ""Tp"": 3e-07, ""seed"": 20260705}, ""rule"": ""matched_CW_gain"", ""target"": 0.4}",20260705,6.1,python/experiments/tqe_viability_final/tvf_run.py (phase_run from tqe_viability/tv_common.py),results/tqe_viability_final/01_matching/runs/C5_matched_CW_gain_0.4_REF_s20260705.npz,f3e2eefcd4ff59a67b5dc56b5d2479dbba881840c056651bb05359488848b920
2026-09-28T03:05:33+10:00,C5_matched_CW_gain_0.4_REF_s20260706,I,python3 python/experiments/tqe_viability_final/tvf_run.py I,d5d42f1287eb92dda6fddd2a01552ea7dc536641,False,"{""config"": ""C5"", ""IF_Hz"": 5000000.0, ""A_LO"": 0.425, ""Omega_p"": null, ""amp_Vpm"": 0.2316542155463716, ""spec"": {""kind"": ""qpsk"", ""Ts"": 1e-06, ""Tp"": 3e-07, ""seed"": 20260706}, ""rule"": ""matched_CW_gain"", ""target"": 0.4}",20260706,5.9,python/experiments/tqe_viability_final/tvf_run.py (phase_run from tqe_viability/tv_common.py),results/tqe_viability_final/01_matching/runs/C5_matched_CW_gain_0.4_REF_s20260706.npz,8c6a6a709029737597ed40234ebed75ccffece3d8f703cc7ca653ff184a4e83f
2026-09-28T03:05:39+10:00,C5_matched_signal_to_LO_0.1_CW,I,python3 python/experiments/tqe_viability_final/tvf_run.py I,d5d42f1287eb92dda6fddd2a01552ea7dc536641,False,"{""config"": ""C5"", ""IF_Hz"": 5000000.0, ""A_LO"": 0.425, ""Omega_p"": null, ""amp_Vpm"": 0.0425, ""spec"": {""kind"": ""cw""}, ""rule"": ""matched_signal_to_LO"", ""target"": 0.1}",,6.0,python/experiments/tqe_viability_final/tvf_run.py (phase_run from tqe_viability/tv_common.py),results/tqe_viability_final/01_matching/runs/C5_matched_signal_to_LO_0.1_CW.npz,ae934dd627158a9124d37b7b2022ee5bbe97b83034648dced2b3686385698793
2026-09-28T03:05:44+10:00,C5_matched_signal_to_LO_0.1_REF_s20260701,I,python3 python/experiments/tqe_viability_final/tvf_run.py I,d5d42f1287eb92dda6fddd2a01552ea7dc536641,False,"{""config"": ""C5"", ""IF_Hz"": 5000000.0, ""A_LO"": 0.425, ""Omega_p"": null, ""amp_Vpm"": 0.0425, ""spec"": {""kind"": ""qpsk"", ""Ts"": 1e-06, ""Tp"": 3e-07, ""seed"": 20260701}, ""rule"": ""matched_signal_to_LO"", ""target"": 0.1}",20260701,6.0,python/experiments/tqe_viability_final/tvf_run.py (phase_run from tqe_viability/tv_common.py),results/tqe_viability_final/01_matching/runs/C5_matched_signal_to_LO_0.1_REF_s20260701.npz,35f74baa0ad613b12ac618ad1c78c74426386339fa07488fd76d1085442b408e
2026-09-28T03:05:50+10:00,C5_matched_signal_to_LO_0.1_REF_s20260702,I,python3 python/experiments/tqe_viability_final/tvf_run.py I,d5d42f1287eb92dda6fddd2a01552ea7dc536641,False,"{""config"": ""C5"", ""IF_Hz"": 5000000.0, ""A_LO"": 0.425, ""Omega_p"": null, ""amp_Vpm"": 0.0425, ""spec"": {""kind"": ""qpsk"", ""Ts"": 1e-06, ""Tp"": 3e-07, ""seed"": 20260702}, ""rule"": ""matched_signal_to_LO"", ""target"": 0.1}",20260702,5.9,python/experiments/tqe_viability_final/tvf_run.py (phase_run from tqe_viability/tv_common.py),results/tqe_viability_final/01_matching/runs/C5_matched_signal_to_LO_0.1_REF_s20260702.npz,52124ee8437c4877859c636bac868be2620fee7d7827f25d61d42e2790f38686
2026-09-28T03:05:56+10:00,C5_matched_signal_to_LO_0.1_REF_s20260703,I,python3 python/experiments/tqe_viability_final/tvf_run.py I,d5d42f1287eb92dda6fddd2a01552ea7dc536641,False,"{""config"": ""C5"", ""IF_Hz"": 5000000.0, ""A_LO"": 0.425, ""Omega_p"": null, ""amp_Vpm"": 0.0425, ""spec"": {""kind"": ""qpsk"", ""Ts"": 1e-06, ""Tp"": 3e-07, ""seed"": 20260703}, ""rule"": ""matched_signal_to_LO"", ""target"": 0.1}",20260703,6.0,python/experiments/tqe_viability_final/tvf_run.py (phase_run from tqe_viability/tv_common.py),results/tqe_viability_final/01_matching/runs/C5_matched_signal_to_LO_0.1_REF_s20260703.npz,0940a7e7de74b3cb927992fcd4d9c515b49123a7bb001b89f212693cd63af0d4
2026-09-28T03:06:02+10:00,C5_matched_signal_to_LO_0.1_REF_s20260704,I,python3 python/experiments/tqe_viability_final/tvf_run.py I,d5d42f1287eb92dda6fddd2a01552ea7dc536641,False,"{""config"": ""C5"", ""IF_Hz"": 5000000.0, ""A_LO"": 0.425, ""Omega_p"": null, ""amp_Vpm"": 0.0425, ""spec"": {""kind"": ""qpsk"", ""Ts"": 1e-06, ""Tp"": 3e-07, ""seed"": 20260704}, ""rule"": ""matched_signal_to_LO"", ""target"": 0.1}",20260704,6.0,python/experiments/tqe_viability_final/tvf_run.py (phase_run from tqe_viability/tv_common.py),results/tqe_viability_final/01_matching/runs/C5_matched_signal_to_LO_0.1_REF_s20260704.npz,e9a4a6c7ca1edbb276d4f38d1947b5ab0a9569fee285cf4918fa8d9d00e7ef3d
2026-09-28T03:06:08+10:00,C5_matched_signal_to_LO_0.1_REF_s20260705,I,python3 python/experiments/tqe_viability_final/tvf_run.py I,d5d42f1287eb92dda6fddd2a01552ea7dc536641,False,"{""config"": ""C5"", ""IF_Hz"": 5000000.0, ""A_LO"": 0.425, ""Omega_p"": null, ""amp_Vpm"": 0.0425, ""spec"": {""kind"": ""qpsk"", ""Ts"": 1e-06, ""Tp"": 3e-07, ""seed"": 20260705}, ""rule"": ""matched_signal_to_LO"", ""target"": 0.1}",20260705,6.1,python/experiments/tqe_viability_final/tvf_run.py (phase_run from tqe_viability/tv_common.py),results/tqe_viability_final/01_matching/runs/C5_matched_signal_to_LO_0.1_REF_s20260705.npz,d736d13a193a7cd36b26d7c5e4cd3cd8c8ea48aafbf0d011ab56bdaa0b56c6c4
2026-09-28T03:06:13+10:00,C5_matched_signal_to_LO_0.1_REF_s20260706,I,python3 python/experiments/tqe_viability_final/tvf_run.py I,d5d42f1287eb92dda6fddd2a01552ea7dc536641,False,"{""config"": ""C5"", ""IF_Hz"": 5000000.0, ""A_LO"": 0.425, ""Omega_p"": null, ""amp_Vpm"": 0.0425, ""spec"": {""kind"": ""qpsk"", ""Ts"": 1e-06, ""Tp"": 3e-07, ""seed"": 20260706}, ""rule"": ""matched_signal_to_LO"", ""target"": 0.1}",20260706,6.0,python/experiments/tqe_viability_final/tvf_run.py (phase_run from tqe_viability/tv_common.py),results/tqe_viability_final/01_matching/runs/C5_matched_signal_to_LO_0.1_REF_s20260706.npz,16e2af6da4f800b57b7a466069f44bac15c7ddcf832c86a6d3535851883105bb
2026-09-28T03:06:19+10:00,C5_matched_signal_to_LO_0.2_CW,I,python3 python/experiments/tqe_viability_final/tvf_run.py I,d5d42f1287eb92dda6fddd2a01552ea7dc536641,False,"{""config"": ""C5"", ""IF_Hz"": 5000000.0, ""A_LO"": 0.425, ""Omega_p"": null, ""amp_Vpm"": 0.085, ""spec"": {""kind"": ""cw""}, ""rule"": ""matched_signal_to_LO"", ""target"": 0.2}",,6.0,python/experiments/tqe_viability_final/tvf_run.py (phase_run from tqe_viability/tv_common.py),results/tqe_viability_final/01_matching/runs/C5_matched_signal_to_LO_0.2_CW.npz,ba1903d2d2e1c394e5053f7620695bdd00057f4e7f2112ea55ed7e7f3ace9172
2026-09-28T03:06:25+10:00,C5_matched_signal_to_LO_0.2_REF_s20260701,I,python3 python/experiments/tqe_viability_final/tvf_run.py I,d5d42f1287eb92dda6fddd2a01552ea7dc536641,False,"{""config"": ""C5"", ""IF_Hz"": 5000000.0, ""A_LO"": 0.425, ""Omega_p"": null, ""amp_Vpm"": 0.085, ""spec"": {""kind"": ""qpsk"", ""Ts"": 1e-06, ""Tp"": 3e-07, ""seed"": 20260701}, ""rule"": ""matched_signal_to_LO"", ""target"": 0.2}",20260701,5.9,python/experiments/tqe_viability_final/tvf_run.py (phase_run from tqe_viability/tv_common.py),results/tqe_viability_final/01_matching/runs/C5_matched_signal_to_LO_0.2_REF_s20260701.npz,33ff57e9a5647c0adf9a9f6ef07448a1781d9bb02967cfab4ddd634a1c8b3253
2026-09-28T03:06:31+10:00,C5_matched_signal_to_LO_0.2_REF_s20260702,I,python3 python/experiments/tqe_viability_final/tvf_run.py I,d5d42f1287eb92dda6fddd2a01552ea7dc536641,False,"{""config"": ""C5"", ""IF_Hz"": 5000000.0, ""A_LO"": 0.425, ""Omega_p"": null, ""amp_Vpm"": 0.085, ""spec"": {""kind"": ""qpsk"", ""Ts"": 1e-06, ""Tp"": 3e-07, ""seed"": 20260702}, ""rule"": ""matched_signal_to_LO"", ""target"": 0.2}",20260702,6.2,python/experiments/tqe_viability_final/tvf_run.py (phase_run from tqe_viability/tv_common.py),results/tqe_viability_final/01_matching/runs/C5_matched_signal_to_LO_0.2_REF_s20260702.npz,cb059d8af0d90e5d297c16205b86bafd959b62f6b27e48cf6152e10e29eb4cbe
2026-09-28T03:06:37+10:00,C5_matched_signal_to_LO_0.2_REF_s20260703,I,python3 python/experiments/tqe_viability_final/tvf_run.py I,d5d42f1287eb92dda6fddd2a01552ea7dc536641,False,"{""config"": ""C5"", ""IF_Hz"": 5000000.0, ""A_LO"": 0.425, ""Omega_p"": null, ""amp_Vpm"": 0.085, ""spec"": {""kind"": ""qpsk"", ""Ts"": 1e-06, ""Tp"": 3e-07, ""seed"": 20260703}, ""rule"": ""matched_signal_to_LO"", ""target"": 0.2}",20260703,5.9,python/experiments/tqe_viability_final/tvf_run.py (phase_run from tqe_viability/tv_common.py),results/tqe_viability_final/01_matching/runs/C5_matched_signal_to_LO_0.2_REF_s20260703.npz,f1f4054e24fde6d9c9a69c97db70c796e626a7bcd10520f575e1d5a0b64f1de6
2026-09-28T03:06:41+10:00,C5_matched_signal_to_LO_0.2_REF_s20260704,I,python3 python/experiments/tqe_viability_final/tvf_run.py I,d5d42f1287eb92dda6fddd2a01552ea7dc536641,False,"{""config"": ""C5"", ""IF_Hz"": 5000000.0, ""A_LO"": 0.425, ""Omega_p"": null, ""amp_Vpm"": 0.085, ""spec"": {""kind"": ""qpsk"", ""Ts"": 1e-06, ""Tp"": 3e-07, ""seed"": 20260704}, ""rule"": ""matched_signal_to_LO"", ""target"": 0.2}",20260704,5.9,python/experiments/tqe_viability_final/tvf_run.py (phase_run from tqe_viability/tv_common.py),results/tqe_viability_final/01_matching/runs/C5_matched_signal_to_LO_0.2_REF_s20260704.npz,2f16adfec9906914d4f2acd5b21135d3b4aa0815a379b2a236920a4e4b4130a2
2026-09-28T03:06:47+10:00,C5_matched_signal_to_LO_0.2_REF_s20260705,I,python3 python/experiments/tqe_viability_final/tvf_run.py I,d5d42f1287eb92dda6fddd2a01552ea7dc536641,False,"{""config"": ""C5"", ""IF_Hz"": 5000000.0, ""A_LO"": 0.425, ""Omega_p"": null, ""amp_Vpm"": 0.085, ""spec"": {""kind"": ""qpsk"", ""Ts"": 1e-06, ""Tp"": 3e-07, ""seed"": 20260705}, ""rule"": ""matched_signal_to_LO"", ""target"": 0.2}",20260705,6.0,python/experiments/tqe_viability_final/tvf_run.py (phase_run from tqe_viability/tv_common.py),results/tqe_viability_final/01_matching/runs/C5_matched_signal_to_LO_0.2_REF_s20260705.npz,546227ac7a1dd8f485c932706ea5ed14381586714b265c00226160075fe4dda0
2026-09-28T03:06:54+10:00,C5_matched_signal_to_LO_0.2_REF_s20260706,I,python3 python/experiments/tqe_viability_final/tvf_run.py I,d5d42f1287eb92dda6fddd2a01552ea7dc536641,False,"{""config"": ""C5"", ""IF_Hz"": 5000000.0, ""A_LO"": 0.425, ""Omega_p"": null, ""amp_Vpm"": 0.085, ""spec"": {""kind"": ""qpsk"", ""Ts"": 1e-06, ""Tp"": 3e-07, ""seed"": 20260706}, ""rule"": ""matched_signal_to_LO"", ""target"": 0.2}",20260706,6.1,python/experiments/tqe_viability_final/tvf_run.py (phase_run from tqe_viability/tv_common.py),results/tqe_viability_final/01_matching/runs/C5_matched_signal_to_LO_0.2_REF_s20260706.npz,291f758f644c05881aa8f0bc62dc94a3b390ab541927bd805de0a2c3dbae7107
2026-09-28T03:06:59+10:00,C5_matched_signal_to_LO_0.358_CW,I,python3 python/experiments/tqe_viability_final/tvf_run.py I,d5d42f1287eb92dda6fddd2a01552ea7dc536641,False,"{""config"": ""C5"", ""IF_Hz"": 5000000.0, ""A_LO"": 0.425, ""Omega_p"": null, ""amp_Vpm"": 0.15214999999999998, ""spec"": {""kind"": ""cw""}, ""rule"": ""matched_signal_to_LO"", ""target"": 0.358}",,5.8,python/experiments/tqe_viability_final/tvf_run.py (phase_run from tqe_viability/tv_common.py),results/tqe_viability_final/01_matching/runs/C5_matched_signal_to_LO_0.358_CW.npz,cdaf8bdaa5623324314fb59b1d5380619fb310401f46fed30780a8e4a3b74a32
2026-09-28T03:07:05+10:00,C5_matched_signal_to_LO_0.358_REF_s20260701,I,python3 python/experiments/tqe_viability_final/tvf_run.py I,d5d42f1287eb92dda6fddd2a01552ea7dc536641,False,"{""config"": ""C5"", ""IF_Hz"": 5000000.0, ""A_LO"": 0.425, ""Omega_p"": null, ""amp_Vpm"": 0.15214999999999998, ""spec"": {""kind"": ""qpsk"", ""Ts"": 1e-06, ""Tp"": 3e-07, ""seed"": 20260701}, ""rule"": ""matched_signal_to_LO"", ""target"": 0.358}",20260701,5.9,python/experiments/tqe_viability_final/tvf_run.py (phase_run from tqe_viability/tv_common.py),results/tqe_viability_final/01_matching/runs/C5_matched_signal_to_LO_0.358_REF_s20260701.npz,62c60355192b1623560a4899ed163382313b78005ee4b7a42f4c329ee209d73d
2026-09-28T03:07:11+10:00,C5_matched_signal_to_LO_0.358_REF_s20260702,I,python3 python/experiments/tqe_viability_final/tvf_run.py I,d5d42f1287eb92dda6fddd2a01552ea7dc536641,False,"{""config"": ""C5"", ""IF_Hz"": 5000000.0, ""A_LO"": 0.425, ""Omega_p"": null, ""amp_Vpm"": 0.15214999999999998, ""spec"": {""kind"": ""qpsk"", ""Ts"": 1e-06, ""Tp"": 3e-07, ""seed"": 20260702}, ""rule"": ""matched_signal_to_LO"", ""target"": 0.358}",20260702,5.9,python/experiments/tqe_viability_final/tvf_run.py (phase_run from tqe_viability/tv_common.py),results/tqe_viability_final/01_matching/runs/C5_matched_signal_to_LO_0.358_REF_s20260702.npz,e6daec216fc03d142fa2d8c3d5b600719ded5a743d14e161db16e61ebed30d44
2026-09-28T03:07:16+10:00,C5_matched_signal_to_LO_0.358_REF_s20260703,I,python3 python/experiments/tqe_viability_final/tvf_run.py I,d5d42f1287eb92dda6fddd2a01552ea7dc536641,False,"{""config"": ""C5"", ""IF_Hz"": 5000000.0, ""A_LO"": 0.425, ""Omega_p"": null, ""amp_Vpm"": 0.15214999999999998, ""spec"": {""kind"": ""qpsk"", ""Ts"": 1e-06, ""Tp"": 3e-07, ""seed"": 20260703}, ""rule"": ""matched_signal_to_LO"", ""target"": 0.358}",20260703,6.0,python/experiments/tqe_viability_final/tvf_run.py (phase_run from tqe_viability/tv_common.py),results/tqe_viability_final/01_matching/runs/C5_matched_signal_to_LO_0.358_REF_s20260703.npz,df2f477c5e48593ab3b66f073e267636bb7e0deb9ca51440264c406c01852108
2026-09-28T03:07:22+10:00,C5_matched_signal_to_LO_0.358_REF_s20260704,I,python3 python/experiments/tqe_viability_final/tvf_run.py I,d5d42f1287eb92dda6fddd2a01552ea7dc536641,False,"{""config"": ""C5"", ""IF_Hz"": 5000000.0, ""A_LO"": 0.425, ""Omega_p"": null, ""amp_Vpm"": 0.15214999999999998, ""spec"": {""kind"": ""qpsk"", ""Ts"": 1e-06, ""Tp"": 3e-07, ""seed"": 20260704}, ""rule"": ""matched_signal_to_LO"", ""target"": 0.358}",20260704,5.7,python/experiments/tqe_viability_final/tvf_run.py (phase_run from tqe_viability/tv_common.py),results/tqe_viability_final/01_matching/runs/C5_matched_signal_to_LO_0.358_REF_s20260704.npz,433bce140a752b7e72f2a3234f5f53a3b9985f09b37c1227f5e6e84b6bae823a
2026-09-28T03:07:28+10:00,C5_matched_signal_to_LO_0.358_REF_s20260705,I,python3 python/experiments/tqe_viability_final/tvf_run.py I,d5d42f1287eb92dda6fddd2a01552ea7dc536641,False,"{""config"": ""C5"", ""IF_Hz"": 5000000.0, ""A_LO"": 0.425, ""Omega_p"": null, ""amp_Vpm"": 0.15214999999999998, ""spec"": {""kind"": ""qpsk"", ""Ts"": 1e-06, ""Tp"": 3e-07, ""seed"": 20260705}, ""rule"": ""matched_signal_to_LO"", ""target"": 0.358}",20260705,6.1,python/experiments/tqe_viability_final/tvf_run.py (phase_run from tqe_viability/tv_common.py),results/tqe_viability_final/01_matching/runs/C5_matched_signal_to_LO_0.358_REF_s20260705.npz,3457b533b6680a5990c5d5ef0e8577e736161298d95244522638db37eb6a0e7c
2026-09-28T03:07:34+10:00,C5_matched_signal_to_LO_0.358_REF_s20260706,I,python3 python/experiments/tqe_viability_final/tvf_run.py I,d5d42f1287eb92dda6fddd2a01552ea7dc536641,False,"{""config"": ""C5"", ""IF_Hz"": 5000000.0, ""A_LO"": 0.425, ""Omega_p"": null, ""amp_Vpm"": 0.15214999999999998, ""spec"": {""kind"": ""qpsk"", ""Ts"": 1e-06, ""Tp"": 3e-07, ""seed"": 20260706}, ""rule"": ""matched_signal_to_LO"", ""target"": 0.358}",20260706,6.0,python/experiments/tqe_viability_final/tvf_run.py (phase_run from tqe_viability/tv_common.py),results/tqe_viability_final/01_matching/runs/C5_matched_signal_to_LO_0.358_REF_s20260706.npz,23d5a9ed7cab56a760ddfbf53ae64f2fb3160cfbd7407d30d370fe6f2ffe1534
2026-09-28T03:07:40+10:00,C5_matched_signal_to_LO_0.4_CW,I,python3 python/experiments/tqe_viability_final/tvf_run.py I,d5d42f1287eb92dda6fddd2a01552ea7dc536641,False,"{""config"": ""C5"", ""IF_Hz"": 5000000.0, ""A_LO"": 0.425, ""Omega_p"": null, ""amp_Vpm"": 0.17, ""spec"": {""kind"": ""cw""}, ""rule"": ""matched_signal_to_LO"", ""target"": 0.4}",,5.9,python/experiments/tqe_viability_final/tvf_run.py (phase_run from tqe_viability/tv_common.py),results/tqe_viability_final/01_matching/runs/C5_matched_signal_to_LO_0.4_CW.npz,6ccb2611f649d2b401f6ca295d86515ace3ad8f5678bffd7a067cb778e694e1d
2026-09-28T03:07:44+10:00,C5_matched_signal_to_LO_0.4_REF_s20260701,I,python3 python/experiments/tqe_viability_final/tvf_run.py I,d5d42f1287eb92dda6fddd2a01552ea7dc536641,False,"{""config"": ""C5"", ""IF_Hz"": 5000000.0, ""A_LO"": 0.425, ""Omega_p"": null, ""amp_Vpm"": 0.17, ""spec"": {""kind"": ""qpsk"", ""Ts"": 1e-06, ""Tp"": 3e-07, ""seed"": 20260701}, ""rule"": ""matched_signal_to_LO"", ""target"": 0.4}",20260701,6.0,python/experiments/tqe_viability_final/tvf_run.py (phase_run from tqe_viability/tv_common.py),results/tqe_viability_final/01_matching/runs/C5_matched_signal_to_LO_0.4_REF_s20260701.npz,7548d648382008389683d535b6a6d9a3906dd941ed52cc747846149d699f26d2
2026-09-28T03:07:50+10:00,C5_matched_signal_to_LO_0.4_REF_s20260702,I,python3 python/experiments/tqe_viability_final/tvf_run.py I,d5d42f1287eb92dda6fddd2a01552ea7dc536641,False,"{""config"": ""C5"", ""IF_Hz"": 5000000.0, ""A_LO"": 0.425, ""Omega_p"": null, ""amp_Vpm"": 0.17, ""spec"": {""kind"": ""qpsk"", ""Ts"": 1e-06, ""Tp"": 3e-07, ""seed"": 20260702}, ""rule"": ""matched_signal_to_LO"", ""target"": 0.4}",20260702,5.9,python/experiments/tqe_viability_final/tvf_run.py (phase_run from tqe_viability/tv_common.py),results/tqe_viability_final/01_matching/runs/C5_matched_signal_to_LO_0.4_REF_s20260702.npz,9b074b3ecd8d02e2a353ff67cecf659cf6d9b6a877e4f35af5db9f9e99f42793
2026-09-28T03:07:56+10:00,C5_matched_signal_to_LO_0.4_REF_s20260703,I,python3 python/experiments/tqe_viability_final/tvf_run.py I,d5d42f1287eb92dda6fddd2a01552ea7dc536641,False,"{""config"": ""C5"", ""IF_Hz"": 5000000.0, ""A_LO"": 0.425, ""Omega_p"": null, ""amp_Vpm"": 0.17, ""spec"": {""kind"": ""qpsk"", ""Ts"": 1e-06, ""Tp"": 3e-07, ""seed"": 20260703}, ""rule"": ""matched_signal_to_LO"", ""target"": 0.4}",20260703,6.0,python/experiments/tqe_viability_final/tvf_run.py (phase_run from tqe_viability/tv_common.py),results/tqe_viability_final/01_matching/runs/C5_matched_signal_to_LO_0.4_REF_s20260703.npz,aca7e773045d7430fd6d527b4be7cc87870c612297628f2067572edb29d11ebc
2026-09-28T03:08:02+10:00,C5_matched_signal_to_LO_0.4_REF_s20260704,I,python3 python/experiments/tqe_viability_final/tvf_run.py I,d5d42f1287eb92dda6fddd2a01552ea7dc536641,False,"{""config"": ""C5"", ""IF_Hz"": 5000000.0, ""A_LO"": 0.425, ""Omega_p"": null, ""amp_Vpm"": 0.17, ""spec"": {""kind"": ""qpsk"", ""Ts"": 1e-06, ""Tp"": 3e-07, ""seed"": 20260704}, ""rule"": ""matched_signal_to_LO"", ""target"": 0.4}",20260704,5.9,python/experiments/tqe_viability_final/tvf_run.py (phase_run from tqe_viability/tv_common.py),results/tqe_viability_final/01_matching/runs/C5_matched_signal_to_LO_0.4_REF_s20260704.npz,c413d2d8e9ddf2afdaeffd6469c0638c966273d2b33e1860864ab3d676336334
2026-09-28T03:08:08+10:00,C5_matched_signal_to_LO_0.4_REF_s20260705,I,python3 python/experiments/tqe_viability_final/tvf_run.py I,d5d42f1287eb92dda6fddd2a01552ea7dc536641,False,"{""config"": ""C5"", ""IF_Hz"": 5000000.0, ""A_LO"": 0.425, ""Omega_p"": null, ""amp_Vpm"": 0.17, ""spec"": {""kind"": ""qpsk"", ""Ts"": 1e-06, ""Tp"": 3e-07, ""seed"": 20260705}, ""rule"": ""matched_signal_to_LO"", ""target"": 0.4}",20260705,6.0,python/experiments/tqe_viability_final/tvf_run.py (phase_run from tqe_viability/tv_common.py),results/tqe_viability_final/01_matching/runs/C5_matched_signal_to_LO_0.4_REF_s20260705.npz,c3f55d5787a5e3b97098ea62d774dd272ce1e3fffc3fd8e2d332a7f77a57c9cd
2026-09-28T03:08:14+10:00,C5_matched_signal_to_LO_0.4_REF_s20260706,I,python3 python/experiments/tqe_viability_final/tvf_run.py I,d5d42f1287eb92dda6fddd2a01552ea7dc536641,False,"{""config"": ""C5"", ""IF_Hz"": 5000000.0, ""A_LO"": 0.425, ""Omega_p"": null, ""amp_Vpm"": 0.17, ""spec"": {""kind"": ""qpsk"", ""Ts"": 1e-06, ""Tp"": 3e-07, ""seed"": 20260706}, ""rule"": ""matched_signal_to_LO"", ""target"": 0.4}",20260706,6.1,python/experiments/tqe_viability_final/tvf_run.py (phase_run from tqe_viability/tv_common.py),results/tqe_viability_final/01_matching/runs/C5_matched_signal_to_LO_0.4_REF_s20260706.npz,d010a68cb9a0c8bdfd07fec6d2a6a1a4726afec8ef01e6eab1e15299920ace80
2026-09-28T03:08:19+10:00,C5_same_absolute_level_0.1_CW,I,python3 python/experiments/tqe_viability_final/tvf_run.py I,d5d42f1287eb92dda6fddd2a01552ea7dc536641,False,"{""config"": ""C5"", ""IF_Hz"": 5000000.0, ""A_LO"": 0.425, ""Omega_p"": null, ""amp_Vpm"": 0.1, ""spec"": {""kind"": ""cw""}, ""rule"": ""same_absolute_level"", ""target"": 0.1}",,6.0,python/experiments/tqe_viability_final/tvf_run.py (phase_run from tqe_viability/tv_common.py),results/tqe_viability_final/01_matching/runs/C5_same_absolute_level_0.1_CW.npz,3a05aa5307a4ad6c202e1fbe52a8324ede98da00c8e6b5de4a8bb667a6a31141
2026-09-28T03:08:25+10:00,C5_same_absolute_level_0.1_REF_s20260701,I,python3 python/experiments/tqe_viability_final/tvf_run.py I,d5d42f1287eb92dda6fddd2a01552ea7dc536641,False,"{""config"": ""C5"", ""IF_Hz"": 5000000.0, ""A_LO"": 0.425, ""Omega_p"": null, ""amp_Vpm"": 0.1, ""spec"": {""kind"": ""qpsk"", ""Ts"": 1e-06, ""Tp"": 3e-07, ""seed"": 20260701}, ""rule"": ""same_absolute_level"", ""target"": 0.1}",20260701,5.9,python/experiments/tqe_viability_final/tvf_run.py (phase_run from tqe_viability/tv_common.py),results/tqe_viability_final/01_matching/runs/C5_same_absolute_level_0.1_REF_s20260701.npz,550b5479891cedac0df9126ec85d2b728416fc23266f17722dc8277ec50c9595
2026-09-28T03:08:31+10:00,C5_same_absolute_level_0.1_REF_s20260702,I,python3 python/experiments/tqe_viability_final/tvf_run.py I,d5d42f1287eb92dda6fddd2a01552ea7dc536641,False,"{""config"": ""C5"", ""IF_Hz"": 5000000.0, ""A_LO"": 0.425, ""Omega_p"": null, ""amp_Vpm"": 0.1, ""spec"": {""kind"": ""qpsk"", ""Ts"": 1e-06, ""Tp"": 3e-07, ""seed"": 20260702}, ""rule"": ""same_absolute_level"", ""target"": 0.1}",20260702,6.0,python/experiments/tqe_viability_final/tvf_run.py (phase_run from tqe_viability/tv_common.py),results/tqe_viability_final/01_matching/runs/C5_same_absolute_level_0.1_REF_s20260702.npz,e4f092528d5a86b9160dd158b04bd9c865a65c15a8b66c5d5e95fbe47bda7837
2026-09-28T03:08:37+10:00,C5_same_absolute_level_0.1_REF_s20260703,I,python3 python/experiments/tqe_viability_final/tvf_run.py I,d5d42f1287eb92dda6fddd2a01552ea7dc536641,False,"{""config"": ""C5"", ""IF_Hz"": 5000000.0, ""A_LO"": 0.425, ""Omega_p"": null, ""amp_Vpm"": 0.1, ""spec"": {""kind"": ""qpsk"", ""Ts"": 1e-06, ""Tp"": 3e-07, ""seed"": 20260703}, ""rule"": ""same_absolute_level"", ""target"": 0.1}",20260703,6.0,python/experiments/tqe_viability_final/tvf_run.py (phase_run from tqe_viability/tv_common.py),results/tqe_viability_final/01_matching/runs/C5_same_absolute_level_0.1_REF_s20260703.npz,0fc49cf6e65940be6e6179f6e5bb325b306b4ef2ec7f8be26e9e029cbead6083
2026-09-28T03:08:43+10:00,C5_same_absolute_level_0.1_REF_s20260704,I,python3 python/experiments/tqe_viability_final/tvf_run.py I,d5d42f1287eb92dda6fddd2a01552ea7dc536641,False,"{""config"": ""C5"", ""IF_Hz"": 5000000.0, ""A_LO"": 0.425, ""Omega_p"": null, ""amp_Vpm"": 0.1, ""spec"": {""kind"": ""qpsk"", ""Ts"": 1e-06, ""Tp"": 3e-07, ""seed"": 20260704}, ""rule"": ""same_absolute_level"", ""target"": 0.1}",20260704,5.8,python/experiments/tqe_viability_final/tvf_run.py (phase_run from tqe_viability/tv_common.py),results/tqe_viability_final/01_matching/runs/C5_same_absolute_level_0.1_REF_s20260704.npz,df2854d236aa1a80b7fdf59295f2018a3d51a75aee9ef39582e67afb0d51a8fc
2026-09-28T03:08:47+10:00,C5_same_absolute_level_0.1_REF_s20260705,I,python3 python/experiments/tqe_viability_final/tvf_run.py I,d5d42f1287eb92dda6fddd2a01552ea7dc536641,False,"{""config"": ""C5"", ""IF_Hz"": 5000000.0, ""A_LO"": 0.425, ""Omega_p"": null, ""amp_Vpm"": 0.1, ""spec"": {""kind"": ""qpsk"", ""Ts"": 1e-06, ""Tp"": 3e-07, ""seed"": 20260705}, ""rule"": ""same_absolute_level"", ""target"": 0.1}",20260705,5.9,python/experiments/tqe_viability_final/tvf_run.py (phase_run from tqe_viability/tv_common.py),results/tqe_viability_final/01_matching/runs/C5_same_absolute_level_0.1_REF_s20260705.npz,d95921fd29623e478ce66078d0fa8567f5570ee6a96bfa6ee52223b32f82e26d
2026-09-28T03:08:53+10:00,C5_same_absolute_level_0.1_REF_s20260706,I,python3 python/experiments/tqe_viability_final/tvf_run.py I,d5d42f1287eb92dda6fddd2a01552ea7dc536641,False,"{""config"": ""C5"", ""IF_Hz"": 5000000.0, ""A_LO"": 0.425, ""Omega_p"": null, ""amp_Vpm"": 0.1, ""spec"": {""kind"": ""qpsk"", ""Ts"": 1e-06, ""Tp"": 3e-07, ""seed"": 20260706}, ""rule"": ""same_absolute_level"", ""target"": 0.1}",20260706,5.9,python/experiments/tqe_viability_final/tvf_run.py (phase_run from tqe_viability/tv_common.py),results/tqe_viability_final/01_matching/runs/C5_same_absolute_level_0.1_REF_s20260706.npz,6c73625ff36374e6088b6caef6f25fb43a673a94071ce0c8590f2b5ea5c7c47c
2026-09-28T03:08:59+10:00,C5_same_absolute_level_0.179_CW,I,python3 python/experiments/tqe_viability_final/tvf_run.py I,d5d42f1287eb92dda6fddd2a01552ea7dc536641,False,"{""config"": ""C5"", ""IF_Hz"": 5000000.0, ""A_LO"": 0.425, ""Omega_p"": null, ""amp_Vpm"": 0.179, ""spec"": {""kind"": ""cw""}, ""rule"": ""same_absolute_level"", ""target"": 0.179}",,6.0,python/experiments/tqe_viability_final/tvf_run.py (phase_run from tqe_viability/tv_common.py),results/tqe_viability_final/01_matching/runs/C5_same_absolute_level_0.179_CW.npz,825558cae9e7e1490c126175bc4b1f5d291f48227252f600ed32524924f82be2
2026-09-28T03:09:05+10:00,C5_same_absolute_level_0.179_REF_s20260701,I,python3 python/experiments/tqe_viability_final/tvf_run.py I,d5d42f1287eb92dda6fddd2a01552ea7dc536641,False,"{""config"": ""C5"", ""IF_Hz"": 5000000.0, ""A_LO"": 0.425, ""Omega_p"": null, ""amp_Vpm"": 0.179, ""spec"": {""kind"": ""qpsk"", ""Ts"": 1e-06, ""Tp"": 3e-07, ""seed"": 20260701}, ""rule"": ""same_absolute_level"", ""target"": 0.179}",20260701,5.9,python/experiments/tqe_viability_final/tvf_run.py (phase_run from tqe_viability/tv_common.py),results/tqe_viability_final/01_matching/runs/C5_same_absolute_level_0.179_REF_s20260701.npz,d007fbb4657ac3811e09a3759d12714e1c30d1c87000862066c9887d81646139
2026-09-28T03:09:11+10:00,C5_same_absolute_level_0.179_REF_s20260702,I,python3 python/experiments/tqe_viability_final/tvf_run.py I,d5d42f1287eb92dda6fddd2a01552ea7dc536641,False,"{""config"": ""C5"", ""IF_Hz"": 5000000.0, ""A_LO"": 0.425, ""Omega_p"": null, ""amp_Vpm"": 0.179, ""spec"": {""kind"": ""qpsk"", ""Ts"": 1e-06, ""Tp"": 3e-07, ""seed"": 20260702}, ""rule"": ""same_absolute_level"", ""target"": 0.179}",20260702,5.8,python/experiments/tqe_viability_final/tvf_run.py (phase_run from tqe_viability/tv_common.py),results/tqe_viability_final/01_matching/runs/C5_same_absolute_level_0.179_REF_s20260702.npz,8cd1558cdbbd91ccc7698dfca2b8f2d36499bd988c8a8b8366b762f014535dd8
2026-09-28T03:09:17+10:00,C5_same_absolute_level_0.179_REF_s20260703,I,python3 python/experiments/tqe_viability_final/tvf_run.py I,d5d42f1287eb92dda6fddd2a01552ea7dc536641,False,"{""config"": ""C5"", ""IF_Hz"": 5000000.0, ""A_LO"": 0.425, ""Omega_p"": null, ""amp_Vpm"": 0.179, ""spec"": {""kind"": ""qpsk"", ""Ts"": 1e-06, ""Tp"": 3e-07, ""seed"": 20260703}, ""rule"": ""same_absolute_level"", ""target"": 0.179}",20260703,5.8,python/experiments/tqe_viability_final/tvf_run.py (phase_run from tqe_viability/tv_common.py),results/tqe_viability_final/01_matching/runs/C5_same_absolute_level_0.179_REF_s20260703.npz,84b5666eaf54fbd5226c066d18ccb68db86796bdab0737a7c8b65e3dfd51736f
2026-09-28T03:09:21+10:00,C5_same_absolute_level_0.179_REF_s20260704,I,python3 python/experiments/tqe_viability_final/tvf_run.py I,d5d42f1287eb92dda6fddd2a01552ea7dc536641,False,"{""config"": ""C5"", ""IF_Hz"": 5000000.0, ""A_LO"": 0.425, ""Omega_p"": null, ""amp_Vpm"": 0.179, ""spec"": {""kind"": ""qpsk"", ""Ts"": 1e-06, ""Tp"": 3e-07, ""seed"": 20260704}, ""rule"": ""same_absolute_level"", ""target"": 0.179}",20260704,5.8,python/experiments/tqe_viability_final/tvf_run.py (phase_run from tqe_viability/tv_common.py),results/tqe_viability_final/01_matching/runs/C5_same_absolute_level_0.179_REF_s20260704.npz,33a73b7b5bde9324112dfa73815ae72b6d4214b5d66c16c858e16d1b1e8a1bb9
2026-09-28T03:09:27+10:00,C5_same_absolute_level_0.179_REF_s20260705,I,python3 python/experiments/tqe_viability_final/tvf_run.py I,d5d42f1287eb92dda6fddd2a01552ea7dc536641,False,"{""config"": ""C5"", ""IF_Hz"": 5000000.0, ""A_LO"": 0.425, ""Omega_p"": null, ""amp_Vpm"": 0.179, ""spec"": {""kind"": ""qpsk"", ""Ts"": 1e-06, ""Tp"": 3e-07, ""seed"": 20260705}, ""rule"": ""same_absolute_level"", ""target"": 0.179}",20260705,6.0,python/experiments/tqe_viability_final/tvf_run.py (phase_run from tqe_viability/tv_common.py),results/tqe_viability_final/01_matching/runs/C5_same_absolute_level_0.179_REF_s20260705.npz,866dd2eb552adf4f50cc591d237faea300e55835a802d780464565af3524c579
2026-09-28T03:09:34+10:00,C5_same_absolute_level_0.179_REF_s20260706,I,python3 python/experiments/tqe_viability_final/tvf_run.py I,d5d42f1287eb92dda6fddd2a01552ea7dc536641,False,"{""config"": ""C5"", ""IF_Hz"": 5000000.0, ""A_LO"": 0.425, ""Omega_p"": null, ""amp_Vpm"": 0.179, ""spec"": {""kind"": ""qpsk"", ""Ts"": 1e-06, ""Tp"": 3e-07, ""seed"": 20260706}, ""rule"": ""same_absolute_level"", ""target"": 0.179}",20260706,6.1,python/experiments/tqe_viability_final/tvf_run.py (phase_run from tqe_viability/tv_common.py),results/tqe_viability_final/01_matching/runs/C5_same_absolute_level_0.179_REF_s20260706.npz,36fbde23785cb3dcb058c7860d8b6130203d81d306fff447705380c7f5a52edc
2026-09-28T03:09:39+10:00,C6_matched_CW_gain_0.8_CW,I,python3 python/experiments/tqe_viability_final/tvf_run.py I,d5d42f1287eb92dda6fddd2a01552ea7dc536641,False,"{""config"": ""C6"", ""IF_Hz"": 5000000.0, ""A_LO"": 0.35, ""Omega_p"": null, ""amp_Vpm"": 0.05906909847635823, ""spec"": {""kind"": ""cw""}, ""rule"": ""matched_CW_gain"", ""target"": 0.8}",,5.9,python/experiments/tqe_viability_final/tvf_run.py (phase_run from tqe_viability/tv_common.py),results/tqe_viability_final/01_matching/runs/C6_matched_CW_gain_0.8_CW.npz,3c9bfe7efbac2d56b3b8a69bf1ca814ed88db916f46cb8ef19a96838ff034e59
2026-09-28T03:09:45+10:00,C6_matched_CW_gain_0.8_REF_s20260701,I,python3 python/experiments/tqe_viability_final/tvf_run.py I,d5d42f1287eb92dda6fddd2a01552ea7dc536641,False,"{""config"": ""C6"", ""IF_Hz"": 5000000.0, ""A_LO"": 0.35, ""Omega_p"": null, ""amp_Vpm"": 0.05906909847635823, ""spec"": {""kind"": ""qpsk"", ""Ts"": 1e-06, ""Tp"": 3e-07, ""seed"": 20260701}, ""rule"": ""matched_CW_gain"", ""target"": 0.8}",20260701,5.8,python/experiments/tqe_viability_final/tvf_run.py (phase_run from tqe_viability/tv_common.py),results/tqe_viability_final/01_matching/runs/C6_matched_CW_gain_0.8_REF_s20260701.npz,71b427c0ae191bcb65db854e2b07364dbd2c8df1e6c152a752c26788946b110b
2026-09-28T03:09:50+10:00,C6_matched_CW_gain_0.8_REF_s20260702,I,python3 python/experiments/tqe_viability_final/tvf_run.py I,d5d42f1287eb92dda6fddd2a01552ea7dc536641,False,"{""config"": ""C6"", ""IF_Hz"": 5000000.0, ""A_LO"": 0.35, ""Omega_p"": null, ""amp_Vpm"": 0.05906909847635823, ""spec"": {""kind"": ""qpsk"", ""Ts"": 1e-06, ""Tp"": 3e-07, ""seed"": 20260702}, ""rule"": ""matched_CW_gain"", ""target"": 0.8}",20260702,6.0,python/experiments/tqe_viability_final/tvf_run.py (phase_run from tqe_viability/tv_common.py),results/tqe_viability_final/01_matching/runs/C6_matched_CW_gain_0.8_REF_s20260702.npz,5da4bedb811a9446ef1166edbb2f294c4fbbc66b24c1d047d0febfe4700c6e4b
2026-09-28T03:09:56+10:00,C6_matched_CW_gain_0.8_REF_s20260703,I,python3 python/experiments/tqe_viability_final/tvf_run.py I,d5d42f1287eb92dda6fddd2a01552ea7dc536641,False,"{""config"": ""C6"", ""IF_Hz"": 5000000.0, ""A_LO"": 0.35, ""Omega_p"": null, ""amp_Vpm"": 0.05906909847635823, ""spec"": {""kind"": ""qpsk"", ""Ts"": 1e-06, ""Tp"": 3e-07, ""seed"": 20260703}, ""rule"": ""matched_CW_gain"", ""target"": 0.8}",20260703,5.9,python/experiments/tqe_viability_final/tvf_run.py (phase_run from tqe_viability/tv_common.py),results/tqe_viability_final/01_matching/runs/C6_matched_CW_gain_0.8_REF_s20260703.npz,6c21eab4decf811bcc25d54efa52df8c5378dce78e339bb0ec67ac8623b63adb
2026-09-28T03:10:02+10:00,C6_matched_CW_gain_0.8_REF_s20260704,I,python3 python/experiments/tqe_viability_final/tvf_run.py I,d5d42f1287eb92dda6fddd2a01552ea7dc536641,False,"{""config"": ""C6"", ""IF_Hz"": 5000000.0, ""A_LO"": 0.35, ""Omega_p"": null, ""amp_Vpm"": 0.05906909847635823, ""spec"": {""kind"": ""qpsk"", ""Ts"": 1e-06, ""Tp"": 3e-07, ""seed"": 20260704}, ""rule"": ""matched_CW_gain"", ""target"": 0.8}",20260704,5.9,python/experiments/tqe_viability_final/tvf_run.py (phase_run from tqe_viability/tv_common.py),results/tqe_viability_final/01_matching/runs/C6_matched_CW_gain_0.8_REF_s20260704.npz,ed488a0bb3980db9d45feb897a942af9c2d9c044b0d08829f74614a5c038f403
2026-09-28T03:10:08+10:00,C6_matched_CW_gain_0.8_REF_s20260705,I,python3 python/experiments/tqe_viability_final/tvf_run.py I,d5d42f1287eb92dda6fddd2a01552ea7dc536641,False,"{""config"": ""C6"", ""IF_Hz"": 5000000.0, ""A_LO"": 0.35, ""Omega_p"": null, ""amp_Vpm"": 0.05906909847635823, ""spec"": {""kind"": ""qpsk"", ""Ts"": 1e-06, ""Tp"": 3e-07, ""seed"": 20260705}, ""rule"": ""matched_CW_gain"", ""target"": 0.8}",20260705,5.9,python/experiments/tqe_viability_final/tvf_run.py (phase_run from tqe_viability/tv_common.py),results/tqe_viability_final/01_matching/runs/C6_matched_CW_gain_0.8_REF_s20260705.npz,751c118230f906f4d5fabdcedd62fad40c1c3bb99308dbe6f2424e325b74027a
2026-09-28T03:10:13+10:00,C6_matched_CW_gain_0.8_REF_s20260706,I,python3 python/experiments/tqe_viability_final/tvf_run.py I,d5d42f1287eb92dda6fddd2a01552ea7dc536641,False,"{""config"": ""C6"", ""IF_Hz"": 5000000.0, ""A_LO"": 0.35, ""Omega_p"": null, ""amp_Vpm"": 0.05906909847635823, ""spec"": {""kind"": ""qpsk"", ""Ts"": 1e-06, ""Tp"": 3e-07, ""seed"": 20260706}, ""rule"": ""matched_CW_gain"", ""target"": 0.8}",20260706,5.8,python/experiments/tqe_viability_final/tvf_run.py (phase_run from tqe_viability/tv_common.py),results/tqe_viability_final/01_matching/runs/C6_matched_CW_gain_0.8_REF_s20260706.npz,22ca6be64bee63dabfe5fa4d22f722a83ad89c46dc8a99cd4bfef42ed6a787b5
2026-09-28T03:10:19+10:00,C6_matched_CW_gain_0.6_CW,I,python3 python/experiments/tqe_viability_final/tvf_run.py I,d5d42f1287eb92dda6fddd2a01552ea7dc536641,False,"{""config"": ""C6"", ""IF_Hz"": 5000000.0, ""A_LO"": 0.35, ""Omega_p"": null, ""amp_Vpm"": 0.11048625357033184, ""spec"": {""kind"": ""cw""}, ""rule"": ""matched_CW_gain"", ""target"": 0.6}",,6.0,python/experiments/tqe_viability_final/tvf_run.py (phase_run from tqe_viability/tv_common.py),results/tqe_viability_final/01_matching/runs/C6_matched_CW_gain_0.6_CW.npz,cffea4f413b21c64a8fa45647697efe255af8f56117c2ec229fce343531c3051
2026-09-28T03:10:24+10:00,C6_matched_CW_gain_0.6_REF_s20260701,I,python3 python/experiments/tqe_viability_final/tvf_run.py I,d5d42f1287eb92dda6fddd2a01552ea7dc536641,False,"{""config"": ""C6"", ""IF_Hz"": 5000000.0, ""A_LO"": 0.35, ""Omega_p"": null, ""amp_Vpm"": 0.11048625357033184, ""spec"": {""kind"": ""qpsk"", ""Ts"": 1e-06, ""Tp"": 3e-07, ""seed"": 20260701}, ""rule"": ""matched_CW_gain"", ""target"": 0.6}",20260701,5.8,python/experiments/tqe_viability_final/tvf_run.py (phase_run from tqe_viability/tv_common.py),results/tqe_viability_final/01_matching/runs/C6_matched_CW_gain_0.6_REF_s20260701.npz,257a3ffb159495286ce7adfd4c038dbbf86cef497e6180f60b19319d1988e3c2
2026-09-28T03:10:30+10:00,C6_matched_CW_gain_0.6_REF_s20260702,I,python3 python/experiments/tqe_viability_final/tvf_run.py I,d5d42f1287eb92dda6fddd2a01552ea7dc536641,False,"{""config"": ""C6"", ""IF_Hz"": 5000000.0, ""A_LO"": 0.35, ""Omega_p"": null, ""amp_Vpm"": 0.11048625357033184, ""spec"": {""kind"": ""qpsk"", ""Ts"": 1e-06, ""Tp"": 3e-07, ""seed"": 20260702}, ""rule"": ""matched_CW_gain"", ""target"": 0.6}",20260702,5.8,python/experiments/tqe_viability_final/tvf_run.py (phase_run from tqe_viability/tv_common.py),results/tqe_viability_final/01_matching/runs/C6_matched_CW_gain_0.6_REF_s20260702.npz,76b9e99708ce304cb179168ea4729a9586ce23b49c3cb022cee2015137f63f13
2026-09-28T03:10:36+10:00,C6_matched_CW_gain_0.6_REF_s20260703,I,python3 python/experiments/tqe_viability_final/tvf_run.py I,d5d42f1287eb92dda6fddd2a01552ea7dc536641,False,"{""config"": ""C6"", ""IF_Hz"": 5000000.0, ""A_LO"": 0.35, ""Omega_p"": null, ""amp_Vpm"": 0.11048625357033184, ""spec"": {""kind"": ""qpsk"", ""Ts"": 1e-06, ""Tp"": 3e-07, ""seed"": 20260703}, ""rule"": ""matched_CW_gain"", ""target"": 0.6}",20260703,6.0,python/experiments/tqe_viability_final/tvf_run.py (phase_run from tqe_viability/tv_common.py),results/tqe_viability_final/01_matching/runs/C6_matched_CW_gain_0.6_REF_s20260703.npz,3b2e50892607822ec74125cf299eec9e3053c8221f588852663bd83542aed80b
2026-09-28T03:10:42+10:00,C6_matched_CW_gain_0.6_REF_s20260704,I,python3 python/experiments/tqe_viability_final/tvf_run.py I,d5d42f1287eb92dda6fddd2a01552ea7dc536641,False,"{""config"": ""C6"", ""IF_Hz"": 5000000.0, ""A_LO"": 0.35, ""Omega_p"": null, ""amp_Vpm"": 0.11048625357033184, ""spec"": {""kind"": ""qpsk"", ""Ts"": 1e-06, ""Tp"": 3e-07, ""seed"": 20260704}, ""rule"": ""matched_CW_gain"", ""target"": 0.6}",20260704,5.9,python/experiments/tqe_viability_final/tvf_run.py (phase_run from tqe_viability/tv_common.py),results/tqe_viability_final/01_matching/runs/C6_matched_CW_gain_0.6_REF_s20260704.npz,b7354390435605fbad43babc4dac5b47f074c081cfb1bf0b38a9d6ee11ae7d2c
2026-09-28T03:10:48+10:00,C6_matched_CW_gain_0.6_REF_s20260705,I,python3 python/experiments/tqe_viability_final/tvf_run.py I,d5d42f1287eb92dda6fddd2a01552ea7dc536641,False,"{""config"": ""C6"", ""IF_Hz"": 5000000.0, ""A_LO"": 0.35, ""Omega_p"": null, ""amp_Vpm"": 0.11048625357033184, ""spec"": {""kind"": ""qpsk"", ""Ts"": 1e-06, ""Tp"": 3e-07, ""seed"": 20260705}, ""rule"": ""matched_CW_gain"", ""target"": 0.6}",20260705,5.9,python/experiments/tqe_viability_final/tvf_run.py (phase_run from tqe_viability/tv_common.py),results/tqe_viability_final/01_matching/runs/C6_matched_CW_gain_0.6_REF_s20260705.npz,3858c059480b47915bfc81c9c7dc677bf75e55b52a7ac6bc92aadfb12682961f
2026-09-28T03:10:52+10:00,C6_matched_CW_gain_0.6_REF_s20260706,I,python3 python/experiments/tqe_viability_final/tvf_run.py I,d5d42f1287eb92dda6fddd2a01552ea7dc536641,False,"{""config"": ""C6"", ""IF_Hz"": 5000000.0, ""A_LO"": 0.35, ""Omega_p"": null, ""amp_Vpm"": 0.11048625357033184, ""spec"": {""kind"": ""qpsk"", ""Ts"": 1e-06, ""Tp"": 3e-07, ""seed"": 20260706}, ""rule"": ""matched_CW_gain"", ""target"": 0.6}",20260706,5.8,python/experiments/tqe_viability_final/tvf_run.py (phase_run from tqe_viability/tv_common.py),results/tqe_viability_final/01_matching/runs/C6_matched_CW_gain_0.6_REF_s20260706.npz,b04b6bf1c3d2086e9a3efe950458d39521e8825a8167845eaedc96d4bdd0ab2f
2026-09-28T03:10:58+10:00,C6_matched_CW_gain_0.4_CW,I,python3 python/experiments/tqe_viability_final/tvf_run.py I,d5d42f1287eb92dda6fddd2a01552ea7dc536641,False,"{""config"": ""C6"", ""IF_Hz"": 5000000.0, ""A_LO"": 0.35, ""Omega_p"": null, ""amp_Vpm"": 0.22436665706536807, ""spec"": {""kind"": ""cw""}, ""rule"": ""matched_CW_gain"", ""target"": 0.4}",,6.0,python/experiments/tqe_viability_final/tvf_run.py (phase_run from tqe_viability/tv_common.py),results/tqe_viability_final/01_matching/runs/C6_matched_CW_gain_0.4_CW.npz,833afb3f15238fe8fdb3220346bc01d7f77a50b237bba7b76f9323496d6a117c
2026-09-28T03:11:04+10:00,C6_matched_CW_gain_0.4_REF_s20260701,I,python3 python/experiments/tqe_viability_final/tvf_run.py I,d5d42f1287eb92dda6fddd2a01552ea7dc536641,False,"{""config"": ""C6"", ""IF_Hz"": 5000000.0, ""A_LO"": 0.35, ""Omega_p"": null, ""amp_Vpm"": 0.22436665706536807, ""spec"": {""kind"": ""qpsk"", ""Ts"": 1e-06, ""Tp"": 3e-07, ""seed"": 20260701}, ""rule"": ""matched_CW_gain"", ""target"": 0.4}",20260701,5.9,python/experiments/tqe_viability_final/tvf_run.py (phase_run from tqe_viability/tv_common.py),results/tqe_viability_final/01_matching/runs/C6_matched_CW_gain_0.4_REF_s20260701.npz,142302b6f2976c964a257f3f4aa19b388e59b7903935b2d2240e50bd65349741
2026-09-28T03:11:10+10:00,C6_matched_CW_gain_0.4_REF_s20260702,I,python3 python/experiments/tqe_viability_final/tvf_run.py I,d5d42f1287eb92dda6fddd2a01552ea7dc536641,False,"{""config"": ""C6"", ""IF_Hz"": 5000000.0, ""A_LO"": 0.35, ""Omega_p"": null, ""amp_Vpm"": 0.22436665706536807, ""spec"": {""kind"": ""qpsk"", ""Ts"": 1e-06, ""Tp"": 3e-07, ""seed"": 20260702}, ""rule"": ""matched_CW_gain"", ""target"": 0.4}",20260702,5.9,python/experiments/tqe_viability_final/tvf_run.py (phase_run from tqe_viability/tv_common.py),results/tqe_viability_final/01_matching/runs/C6_matched_CW_gain_0.4_REF_s20260702.npz,2a462e855aeb96e579aa2c1c41cef4a2e071f9d39b1ea219c195171773eaf4a4
2026-09-28T03:11:16+10:00,C6_matched_CW_gain_0.4_REF_s20260703,I,python3 python/experiments/tqe_viability_final/tvf_run.py I,d5d42f1287eb92dda6fddd2a01552ea7dc536641,False,"{""config"": ""C6"", ""IF_Hz"": 5000000.0, ""A_LO"": 0.35, ""Omega_p"": null, ""amp_Vpm"": 0.22436665706536807, ""spec"": {""kind"": ""qpsk"", ""Ts"": 1e-06, ""Tp"": 3e-07, ""seed"": 20260703}, ""rule"": ""matched_CW_gain"", ""target"": 0.4}",20260703,5.9,python/experiments/tqe_viability_final/tvf_run.py (phase_run from tqe_viability/tv_common.py),results/tqe_viability_final/01_matching/runs/C6_matched_CW_gain_0.4_REF_s20260703.npz,05add93923eecde5f1f6052b30b641be27ff0a75911b8f2cfa87a8434ed6860f
2026-09-28T03:11:20+10:00,C6_matched_CW_gain_0.4_REF_s20260704,I,python3 python/experiments/tqe_viability_final/tvf_run.py I,d5d42f1287eb92dda6fddd2a01552ea7dc536641,False,"{""config"": ""C6"", ""IF_Hz"": 5000000.0, ""A_LO"": 0.35, ""Omega_p"": null, ""amp_Vpm"": 0.22436665706536807, ""spec"": {""kind"": ""qpsk"", ""Ts"": 1e-06, ""Tp"": 3e-07, ""seed"": 20260704}, ""rule"": ""matched_CW_gain"", ""target"": 0.4}",20260704,5.9,python/experiments/tqe_viability_final/tvf_run.py (phase_run from tqe_viability/tv_common.py),results/tqe_viability_final/01_matching/runs/C6_matched_CW_gain_0.4_REF_s20260704.npz,0ba03aa89dc91cd8c02b875ed702247290b34da58b4038c6fe5e79ccb42702ad
2026-09-28T03:11:26+10:00,C6_matched_CW_gain_0.4_REF_s20260705,I,python3 python/experiments/tqe_viability_final/tvf_run.py I,d5d42f1287eb92dda6fddd2a01552ea7dc536641,False,"{""config"": ""C6"", ""IF_Hz"": 5000000.0, ""A_LO"": 0.35, ""Omega_p"": null, ""amp_Vpm"": 0.22436665706536807, ""spec"": {""kind"": ""qpsk"", ""Ts"": 1e-06, ""Tp"": 3e-07, ""seed"": 20260705}, ""rule"": ""matched_CW_gain"", ""target"": 0.4}",20260705,5.8,python/experiments/tqe_viability_final/tvf_run.py (phase_run from tqe_viability/tv_common.py),results/tqe_viability_final/01_matching/runs/C6_matched_CW_gain_0.4_REF_s20260705.npz,96a778ec5fedeee9a11e222a0464621723e4aa139b209ecfe6eea26ff98f7bff
2026-09-28T03:11:32+10:00,C6_matched_CW_gain_0.4_REF_s20260706,I,python3 python/experiments/tqe_viability_final/tvf_run.py I,d5d42f1287eb92dda6fddd2a01552ea7dc536641,False,"{""config"": ""C6"", ""IF_Hz"": 5000000.0, ""A_LO"": 0.35, ""Omega_p"": null, ""amp_Vpm"": 0.22436665706536807, ""spec"": {""kind"": ""qpsk"", ""Ts"": 1e-06, ""Tp"": 3e-07, ""seed"": 20260706}, ""rule"": ""matched_CW_gain"", ""target"": 0.4}",20260706,5.8,python/experiments/tqe_viability_final/tvf_run.py (phase_run from tqe_viability/tv_common.py),results/tqe_viability_final/01_matching/runs/C6_matched_CW_gain_0.4_REF_s20260706.npz,3604a5dd765955e2387a4fd85d4cfebfd071421fa060ab1db3b2a99e3928abf7
2026-09-28T03:11:38+10:00,C6_matched_signal_to_LO_0.1_CW,I,python3 python/experiments/tqe_viability_final/tvf_run.py I,d5d42f1287eb92dda6fddd2a01552ea7dc536641,False,"{""config"": ""C6"", ""IF_Hz"": 5000000.0, ""A_LO"": 0.35, ""Omega_p"": null, ""amp_Vpm"": 0.034999999999999996, ""spec"": {""kind"": ""cw""}, ""rule"": ""matched_signal_to_LO"", ""target"": 0.1}",,5.9,python/experiments/tqe_viability_final/tvf_run.py (phase_run from tqe_viability/tv_common.py),results/tqe_viability_final/01_matching/runs/C6_matched_signal_to_LO_0.1_CW.npz,64e0918f781ef03bef07fb92fb9f12a2187c1d91d02822487f8a26697f52458a
2026-09-28T03:11:44+10:00,C6_matched_signal_to_LO_0.1_REF_s20260701,I,python3 python/experiments/tqe_viability_final/tvf_run.py I,d5d42f1287eb92dda6fddd2a01552ea7dc536641,False,"{""config"": ""C6"", ""IF_Hz"": 5000000.0, ""A_LO"": 0.35, ""Omega_p"": null, ""amp_Vpm"": 0.034999999999999996, ""spec"": {""kind"": ""qpsk"", ""Ts"": 1e-06, ""Tp"": 3e-07, ""seed"": 20260701}, ""rule"": ""matched_signal_to_LO"", ""target"": 0.1}",20260701,6.1,python/experiments/tqe_viability_final/tvf_run.py (phase_run from tqe_viability/tv_common.py),results/tqe_viability_final/01_matching/runs/C6_matched_signal_to_LO_0.1_REF_s20260701.npz,df9fa04aa0ca160bc3e8d271c89676d26040a593541117e0480202980a0481f6
2026-09-28T03:11:50+10:00,C6_matched_signal_to_LO_0.1_REF_s20260702,I,python3 python/experiments/tqe_viability_final/tvf_run.py I,d5d42f1287eb92dda6fddd2a01552ea7dc536641,False,"{""config"": ""C6"", ""IF_Hz"": 5000000.0, ""A_LO"": 0.35, ""Omega_p"": null, ""amp_Vpm"": 0.034999999999999996, ""spec"": {""kind"": ""qpsk"", ""Ts"": 1e-06, ""Tp"": 3e-07, ""seed"": 20260702}, ""rule"": ""matched_signal_to_LO"", ""target"": 0.1}",20260702,5.7,python/experiments/tqe_viability_final/tvf_run.py (phase_run from tqe_viability/tv_common.py),results/tqe_viability_final/01_matching/runs/C6_matched_signal_to_LO_0.1_REF_s20260702.npz,01eb07a08c0132b88d4fff9ab427f5ca82e029dbd308cfe46adc951af66c6337
2026-09-28T03:11:55+10:00,C6_matched_signal_to_LO_0.1_REF_s20260703,I,python3 python/experiments/tqe_viability_final/tvf_run.py I,d5d42f1287eb92dda6fddd2a01552ea7dc536641,False,"{""config"": ""C6"", ""IF_Hz"": 5000000.0, ""A_LO"": 0.35, ""Omega_p"": null, ""amp_Vpm"": 0.034999999999999996, ""spec"": {""kind"": ""qpsk"", ""Ts"": 1e-06, ""Tp"": 3e-07, ""seed"": 20260703}, ""rule"": ""matched_signal_to_LO"", ""target"": 0.1}",20260703,6.1,python/experiments/tqe_viability_final/tvf_run.py (phase_run from tqe_viability/tv_common.py),results/tqe_viability_final/01_matching/runs/C6_matched_signal_to_LO_0.1_REF_s20260703.npz,3a3fec197af34332cafa08b6d6cf89bcee9ca34af74ec087164a1cd768f36bfa
2026-09-28T03:12:00+10:00,C6_matched_signal_to_LO_0.1_REF_s20260704,I,python3 python/experiments/tqe_viability_final/tvf_run.py I,d5d42f1287eb92dda6fddd2a01552ea7dc536641,False,"{""config"": ""C6"", ""IF_Hz"": 5000000.0, ""A_LO"": 0.35, ""Omega_p"": null, ""amp_Vpm"": 0.034999999999999996, ""spec"": {""kind"": ""qpsk"", ""Ts"": 1e-06, ""Tp"": 3e-07, ""seed"": 20260704}, ""rule"": ""matched_signal_to_LO"", ""target"": 0.1}",20260704,5.9,python/experiments/tqe_viability_final/tvf_run.py (phase_run from tqe_viability/tv_common.py),results/tqe_viability_final/01_matching/runs/C6_matched_signal_to_LO_0.1_REF_s20260704.npz,10164406d19a61684b0ddbaaa1fb7484a3d95311a4c5f3bcf1d5cf7e57a3dd4f
2026-09-28T03:12:06+10:00,C6_matched_signal_to_LO_0.1_REF_s20260705,I,python3 python/experiments/tqe_viability_final/tvf_run.py I,d5d42f1287eb92dda6fddd2a01552ea7dc536641,False,"{""config"": ""C6"", ""IF_Hz"": 5000000.0, ""A_LO"": 0.35, ""Omega_p"": null, ""amp_Vpm"": 0.034999999999999996, ""spec"": {""kind"": ""qpsk"", ""Ts"": 1e-06, ""Tp"": 3e-07, ""seed"": 20260705}, ""rule"": ""matched_signal_to_LO"", ""target"": 0.1}",20260705,5.9,python/experiments/tqe_viability_final/tvf_run.py (phase_run from tqe_viability/tv_common.py),results/tqe_viability_final/01_matching/runs/C6_matched_signal_to_LO_0.1_REF_s20260705.npz,d6712a4ce173289bedf2d7855ddf675f6231a17ca38447ddf75d19f3aa291203
2026-09-28T03:12:12+10:00,C6_matched_signal_to_LO_0.1_REF_s20260706,I,python3 python/experiments/tqe_viability_final/tvf_run.py I,d5d42f1287eb92dda6fddd2a01552ea7dc536641,False,"{""config"": ""C6"", ""IF_Hz"": 5000000.0, ""A_LO"": 0.35, ""Omega_p"": null, ""amp_Vpm"": 0.034999999999999996, ""spec"": {""kind"": ""qpsk"", ""Ts"": 1e-06, ""Tp"": 3e-07, ""seed"": 20260706}, ""rule"": ""matched_signal_to_LO"", ""target"": 0.1}",20260706,5.9,python/experiments/tqe_viability_final/tvf_run.py (phase_run from tqe_viability/tv_common.py),results/tqe_viability_final/01_matching/runs/C6_matched_signal_to_LO_0.1_REF_s20260706.npz,f00c94251405d47bf4ac09e6078e89c124aca6ac77e6c75c1f588c4258c5a8cd
2026-09-28T03:12:18+10:00,C6_matched_signal_to_LO_0.2_CW,I,python3 python/experiments/tqe_viability_final/tvf_run.py I,d5d42f1287eb92dda6fddd2a01552ea7dc536641,False,"{""config"": ""C6"", ""IF_Hz"": 5000000.0, ""A_LO"": 0.35, ""Omega_p"": null, ""amp_Vpm"": 0.06999999999999999, ""spec"": {""kind"": ""cw""}, ""rule"": ""matched_signal_to_LO"", ""target"": 0.2}",,5.9,python/experiments/tqe_viability_final/tvf_run.py (phase_run from tqe_viability/tv_common.py),results/tqe_viability_final/01_matching/runs/C6_matched_signal_to_LO_0.2_CW.npz,30ea13481180222f4bd4826444d3aea66f40eaba2afe19abfd7cba14a3c86953
2026-09-28T03:12:23+10:00,C6_matched_signal_to_LO_0.2_REF_s20260701,I,python3 python/experiments/tqe_viability_final/tvf_run.py I,d5d42f1287eb92dda6fddd2a01552ea7dc536641,False,"{""config"": ""C6"", ""IF_Hz"": 5000000.0, ""A_LO"": 0.35, ""Omega_p"": null, ""amp_Vpm"": 0.06999999999999999, ""spec"": {""kind"": ""qpsk"", ""Ts"": 1e-06, ""Tp"": 3e-07, ""seed"": 20260701}, ""rule"": ""matched_signal_to_LO"", ""target"": 0.2}",20260701,6.0,python/experiments/tqe_viability_final/tvf_run.py (phase_run from tqe_viability/tv_common.py),results/tqe_viability_final/01_matching/runs/C6_matched_signal_to_LO_0.2_REF_s20260701.npz,183ed2410564d4dc3636ac2456a5117cce6061cb87d5bded515cab2ab721953c
2026-09-28T03:12:29+10:00,C6_matched_signal_to_LO_0.2_REF_s20260702,I,python3 python/experiments/tqe_viability_final/tvf_run.py I,d5d42f1287eb92dda6fddd2a01552ea7dc536641,False,"{""config"": ""C6"", ""IF_Hz"": 5000000.0, ""A_LO"": 0.35, ""Omega_p"": null, ""amp_Vpm"": 0.06999999999999999, ""spec"": {""kind"": ""qpsk"", ""Ts"": 1e-06, ""Tp"": 3e-07, ""seed"": 20260702}, ""rule"": ""matched_signal_to_LO"", ""target"": 0.2}",20260702,5.9,python/experiments/tqe_viability_final/tvf_run.py (phase_run from tqe_viability/tv_common.py),results/tqe_viability_final/01_matching/runs/C6_matched_signal_to_LO_0.2_REF_s20260702.npz,2e2d2017d94022cc2176e7afa52da4ced306d2e03998b50f4c707c13033f2e35
2026-09-28T03:12:34+10:00,C6_matched_signal_to_LO_0.2_REF_s20260703,I,python3 python/experiments/tqe_viability_final/tvf_run.py I,d5d42f1287eb92dda6fddd2a01552ea7dc536641,False,"{""config"": ""C6"", ""IF_Hz"": 5000000.0, ""A_LO"": 0.35, ""Omega_p"": null, ""amp_Vpm"": 0.06999999999999999, ""spec"": {""kind"": ""qpsk"", ""Ts"": 1e-06, ""Tp"": 3e-07, ""seed"": 20260703}, ""rule"": ""matched_signal_to_LO"", ""target"": 0.2}",20260703,5.6,python/experiments/tqe_viability_final/tvf_run.py (phase_run from tqe_viability/tv_common.py),results/tqe_viability_final/01_matching/runs/C6_matched_signal_to_LO_0.2_REF_s20260703.npz,1b126c55f1bd0c06bd6500f161d2356067f0f292fcf447fb44cc4a6af819457f
2026-09-28T03:12:40+10:00,C6_matched_signal_to_LO_0.2_REF_s20260704,I,python3 python/experiments/tqe_viability_final/tvf_run.py I,d5d42f1287eb92dda6fddd2a01552ea7dc536641,False,"{""config"": ""C6"", ""IF_Hz"": 5000000.0, ""A_LO"": 0.35, ""Omega_p"": null, ""amp_Vpm"": 0.06999999999999999, ""spec"": {""kind"": ""qpsk"", ""Ts"": 1e-06, ""Tp"": 3e-07, ""seed"": 20260704}, ""rule"": ""matched_signal_to_LO"", ""target"": 0.2}",20260704,5.9,python/experiments/tqe_viability_final/tvf_run.py (phase_run from tqe_viability/tv_common.py),results/tqe_viability_final/01_matching/runs/C6_matched_signal_to_LO_0.2_REF_s20260704.npz,1279c0b3a150fe396726464ba62bf72d847f3c12c7f1959332338ebcb0c404a9
2026-09-28T03:12:46+10:00,C6_matched_signal_to_LO_0.2_REF_s20260705,I,python3 python/experiments/tqe_viability_final/tvf_run.py I,d5d42f1287eb92dda6fddd2a01552ea7dc536641,False,"{""config"": ""C6"", ""IF_Hz"": 5000000.0, ""A_LO"": 0.35, ""Omega_p"": null, ""amp_Vpm"": 0.06999999999999999, ""spec"": {""kind"": ""qpsk"", ""Ts"": 1e-06, ""Tp"": 3e-07, ""seed"": 20260705}, ""rule"": ""matched_signal_to_LO"", ""target"": 0.2}",20260705,5.9,python/experiments/tqe_viability_final/tvf_run.py (phase_run from tqe_viability/tv_common.py),results/tqe_viability_final/01_matching/runs/C6_matched_signal_to_LO_0.2_REF_s20260705.npz,b455bc22f354e9727cbc5747d87c6f02f2c5f8e01a7da6cde2e3135d23823082
2026-09-28T03:12:52+10:00,C6_matched_signal_to_LO_0.2_REF_s20260706,I,python3 python/experiments/tqe_viability_final/tvf_run.py I,d5d42f1287eb92dda6fddd2a01552ea7dc536641,False,"{""config"": ""C6"", ""IF_Hz"": 5000000.0, ""A_LO"": 0.35, ""Omega_p"": null, ""amp_Vpm"": 0.06999999999999999, ""spec"": {""kind"": ""qpsk"", ""Ts"": 1e-06, ""Tp"": 3e-07, ""seed"": 20260706}, ""rule"": ""matched_signal_to_LO"", ""target"": 0.2}",20260706,5.9,python/experiments/tqe_viability_final/tvf_run.py (phase_run from tqe_viability/tv_common.py),results/tqe_viability_final/01_matching/runs/C6_matched_signal_to_LO_0.2_REF_s20260706.npz,5bf328d537988cba4f877d58fbd1309f21064e1e60f01665822287cc15735fa0
2026-09-28T03:12:57+10:00,C6_matched_signal_to_LO_0.358_CW,I,python3 python/experiments/tqe_viability_final/tvf_run.py I,d5d42f1287eb92dda6fddd2a01552ea7dc536641,False,"{""config"": ""C6"", ""IF_Hz"": 5000000.0, ""A_LO"": 0.35, ""Omega_p"": null, ""amp_Vpm"": 0.1253, ""spec"": {""kind"": ""cw""}, ""rule"": ""matched_signal_to_LO"", ""target"": 0.358}",,6.0,python/experiments/tqe_viability_final/tvf_run.py (phase_run from tqe_viability/tv_common.py),results/tqe_viability_final/01_matching/runs/C6_matched_signal_to_LO_0.358_CW.npz,58485d6b841cd163306873ae95b99bbef00e59ba007ba2fab06e04357375cebe
2026-09-28T03:13:03+10:00,C6_matched_signal_to_LO_0.358_REF_s20260701,I,python3 python/experiments/tqe_viability_final/tvf_run.py I,d5d42f1287eb92dda6fddd2a01552ea7dc536641,False,"{""config"": ""C6"", ""IF_Hz"": 5000000.0, ""A_LO"": 0.35, ""Omega_p"": null, ""amp_Vpm"": 0.1253, ""spec"": {""kind"": ""qpsk"", ""Ts"": 1e-06, ""Tp"": 3e-07, ""seed"": 20260701}, ""rule"": ""matched_signal_to_LO"", ""target"": 0.358}",20260701,5.9,python/experiments/tqe_viability_final/tvf_run.py (phase_run from tqe_viability/tv_common.py),results/tqe_viability_final/01_matching/runs/C6_matched_signal_to_LO_0.358_REF_s20260701.npz,cb2ee2ce328bee95f6d17683c5331ffd86c95051285fac55f0c63d7f76819d69
2026-09-28T03:13:09+10:00,C6_matched_signal_to_LO_0.358_REF_s20260702,I,python3 python/experiments/tqe_viability_final/tvf_run.py I,d5d42f1287eb92dda6fddd2a01552ea7dc536641,False,"{""config"": ""C6"", ""IF_Hz"": 5000000.0, ""A_LO"": 0.35, ""Omega_p"": null, ""amp_Vpm"": 0.1253, ""spec"": {""kind"": ""qpsk"", ""Ts"": 1e-06, ""Tp"": 3e-07, ""seed"": 20260702}, ""rule"": ""matched_signal_to_LO"", ""target"": 0.358}",20260702,6.0,python/experiments/tqe_viability_final/tvf_run.py (phase_run from tqe_viability/tv_common.py),results/tqe_viability_final/01_matching/runs/C6_matched_signal_to_LO_0.358_REF_s20260702.npz,19181c8eb81961d4cc9ae650a16dcbe09cd6081fafb41bfce3ed934bfeb03084
2026-09-28T03:13:15+10:00,C6_matched_signal_to_LO_0.358_REF_s20260703,I,python3 python/experiments/tqe_viability_final/tvf_run.py I,d5d42f1287eb92dda6fddd2a01552ea7dc536641,False,"{""config"": ""C6"", ""IF_Hz"": 5000000.0, ""A_LO"": 0.35, ""Omega_p"": null, ""amp_Vpm"": 0.1253, ""spec"": {""kind"": ""qpsk"", ""Ts"": 1e-06, ""Tp"": 3e-07, ""seed"": 20260703}, ""rule"": ""matched_signal_to_LO"", ""target"": 0.358}",20260703,6.0,python/experiments/tqe_viability_final/tvf_run.py (phase_run from tqe_viability/tv_common.py),results/tqe_viability_final/01_matching/runs/C6_matched_signal_to_LO_0.358_REF_s20260703.npz,233ab5f4558baa5f489ff3d3a34cb14c998791cc503ca8fd6efe235e500155ea
2026-09-28T03:13:20+10:00,C6_matched_signal_to_LO_0.358_REF_s20260704,I,python3 python/experiments/tqe_viability_final/tvf_run.py I,d5d42f1287eb92dda6fddd2a01552ea7dc536641,False,"{""config"": ""C6"", ""IF_Hz"": 5000000.0, ""A_LO"": 0.35, ""Omega_p"": null, ""amp_Vpm"": 0.1253, ""spec"": {""kind"": ""qpsk"", ""Ts"": 1e-06, ""Tp"": 3e-07, ""seed"": 20260704}, ""rule"": ""matched_signal_to_LO"", ""target"": 0.358}",20260704,5.6,python/experiments/tqe_viability_final/tvf_run.py (phase_run from tqe_viability/tv_common.py),results/tqe_viability_final/01_matching/runs/C6_matched_signal_to_LO_0.358_REF_s20260704.npz,798c2ea81c3f59b6a763778488a3f4e17d58ed4bb55d6bfa3172ef00904e5db3
2026-09-28T03:13:25+10:00,C6_matched_signal_to_LO_0.358_REF_s20260705,I,python3 python/experiments/tqe_viability_final/tvf_run.py I,d5d42f1287eb92dda6fddd2a01552ea7dc536641,False,"{""config"": ""C6"", ""IF_Hz"": 5000000.0, ""A_LO"": 0.35, ""Omega_p"": null, ""amp_Vpm"": 0.1253, ""spec"": {""kind"": ""qpsk"", ""Ts"": 1e-06, ""Tp"": 3e-07, ""seed"": 20260705}, ""rule"": ""matched_signal_to_LO"", ""target"": 0.358}",20260705,6.0,python/experiments/tqe_viability_final/tvf_run.py (phase_run from tqe_viability/tv_common.py),results/tqe_viability_final/01_matching/runs/C6_matched_signal_to_LO_0.358_REF_s20260705.npz,f438edc04ef9fd03ce88120ffbb5bfbb87480a1967512f75652d1f8af0b1e79c
2026-09-28T03:13:31+10:00,C6_matched_signal_to_LO_0.358_REF_s20260706,I,python3 python/experiments/tqe_viability_final/tvf_run.py I,d5d42f1287eb92dda6fddd2a01552ea7dc536641,False,"{""config"": ""C6"", ""IF_Hz"": 5000000.0, ""A_LO"": 0.35, ""Omega_p"": null, ""amp_Vpm"": 0.1253, ""spec"": {""kind"": ""qpsk"", ""Ts"": 1e-06, ""Tp"": 3e-07, ""seed"": 20260706}, ""rule"": ""matched_signal_to_LO"", ""target"": 0.358}",20260706,5.8,python/experiments/tqe_viability_final/tvf_run.py (phase_run from tqe_viability/tv_common.py),results/tqe_viability_final/01_matching/runs/C6_matched_signal_to_LO_0.358_REF_s20260706.npz,be1723a3576dbf07f4335de4196b971c18555c41431c6855d3d8f33d27aebe0b
2026-09-28T03:13:37+10:00,C6_matched_signal_to_LO_0.4_CW,I,python3 python/experiments/tqe_viability_final/tvf_run.py I,d5d42f1287eb92dda6fddd2a01552ea7dc536641,False,"{""config"": ""C6"", ""IF_Hz"": 5000000.0, ""A_LO"": 0.35, ""Omega_p"": null, ""amp_Vpm"": 0.13999999999999999, ""spec"": {""kind"": ""cw""}, ""rule"": ""matched_signal_to_LO"", ""target"": 0.4}",,6.0,python/experiments/tqe_viability_final/tvf_run.py (phase_run from tqe_viability/tv_common.py),results/tqe_viability_final/01_matching/runs/C6_matched_signal_to_LO_0.4_CW.npz,b79d84f4aa2293b331184fcc43b544c1ed690afd35567298fad2c5e1a24b4c68
2026-09-28T03:13:43+10:00,C6_matched_signal_to_LO_0.4_REF_s20260701,I,python3 python/experiments/tqe_viability_final/tvf_run.py I,d5d42f1287eb92dda6fddd2a01552ea7dc536641,False,"{""config"": ""C6"", ""IF_Hz"": 5000000.0, ""A_LO"": 0.35, ""Omega_p"": null, ""amp_Vpm"": 0.13999999999999999, ""spec"": {""kind"": ""qpsk"", ""Ts"": 1e-06, ""Tp"": 3e-07, ""seed"": 20260701}, ""rule"": ""matched_signal_to_LO"", ""target"": 0.4}",20260701,5.9,python/experiments/tqe_viability_final/tvf_run.py (phase_run from tqe_viability/tv_common.py),results/tqe_viability_final/01_matching/runs/C6_matched_signal_to_LO_0.4_REF_s20260701.npz,e3628fba2fedd284fa760554c7919975b06859e6c98b254aeed7c2aecd3304eb
2026-09-28T03:13:49+10:00,C6_matched_signal_to_LO_0.4_REF_s20260702,I,python3 python/experiments/tqe_viability_final/tvf_run.py I,d5d42f1287eb92dda6fddd2a01552ea7dc536641,False,"{""config"": ""C6"", ""IF_Hz"": 5000000.0, ""A_LO"": 0.35, ""Omega_p"": null, ""amp_Vpm"": 0.13999999999999999, ""spec"": {""kind"": ""qpsk"", ""Ts"": 1e-06, ""Tp"": 3e-07, ""seed"": 20260702}, ""rule"": ""matched_signal_to_LO"", ""target"": 0.4}",20260702,5.8,python/experiments/tqe_viability_final/tvf_run.py (phase_run from tqe_viability/tv_common.py),results/tqe_viability_final/01_matching/runs/C6_matched_signal_to_LO_0.4_REF_s20260702.npz,c51f940120fe6ddeecf3233d26d6e72c9498c404c6247bc399c9526dcf7007df
2026-09-28T03:13:55+10:00,C6_matched_signal_to_LO_0.4_REF_s20260703,I,python3 python/experiments/tqe_viability_final/tvf_run.py I,d5d42f1287eb92dda6fddd2a01552ea7dc536641,False,"{""config"": ""C6"", ""IF_Hz"": 5000000.0, ""A_LO"": 0.35, ""Omega_p"": null, ""amp_Vpm"": 0.13999999999999999, ""spec"": {""kind"": ""qpsk"", ""Ts"": 1e-06, ""Tp"": 3e-07, ""seed"": 20260703}, ""rule"": ""matched_signal_to_LO"", ""target"": 0.4}",20260703,5.9,python/experiments/tqe_viability_final/tvf_run.py (phase_run from tqe_viability/tv_common.py),results/tqe_viability_final/01_matching/runs/C6_matched_signal_to_LO_0.4_REF_s20260703.npz,55b95786bc22b51c73194f21804a6a6bab005fd98ebaaf1be2ac2a13dc687861
2026-09-28T03:13:59+10:00,C6_matched_signal_to_LO_0.4_REF_s20260704,I,python3 python/experiments/tqe_viability_final/tvf_run.py I,d5d42f1287eb92dda6fddd2a01552ea7dc536641,False,"{""config"": ""C6"", ""IF_Hz"": 5000000.0, ""A_LO"": 0.35, ""Omega_p"": null, ""amp_Vpm"": 0.13999999999999999, ""spec"": {""kind"": ""qpsk"", ""Ts"": 1e-06, ""Tp"": 3e-07, ""seed"": 20260704}, ""rule"": ""matched_signal_to_LO"", ""target"": 0.4}",20260704,5.8,python/experiments/tqe_viability_final/tvf_run.py (phase_run from tqe_viability/tv_common.py),results/tqe_viability_final/01_matching/runs/C6_matched_signal_to_LO_0.4_REF_s20260704.npz,2145543634810e47fd85f8c8b825bd80f2cf453e995782fbd73ac5a2076db8ae
2026-09-28T03:14:05+10:00,C6_matched_signal_to_LO_0.4_REF_s20260705,I,python3 python/experiments/tqe_viability_final/tvf_run.py I,d5d42f1287eb92dda6fddd2a01552ea7dc536641,False,"{""config"": ""C6"", ""IF_Hz"": 5000000.0, ""A_LO"": 0.35, ""Omega_p"": null, ""amp_Vpm"": 0.13999999999999999, ""spec"": {""kind"": ""qpsk"", ""Ts"": 1e-06, ""Tp"": 3e-07, ""seed"": 20260705}, ""rule"": ""matched_signal_to_LO"", ""target"": 0.4}",20260705,5.8,python/experiments/tqe_viability_final/tvf_run.py (phase_run from tqe_viability/tv_common.py),results/tqe_viability_final/01_matching/runs/C6_matched_signal_to_LO_0.4_REF_s20260705.npz,e70b589cb8352224d539309677e136e37775ec1f3fa026ac0197e0fa1da6be10
2026-09-28T03:14:11+10:00,C6_matched_signal_to_LO_0.4_REF_s20260706,I,python3 python/experiments/tqe_viability_final/tvf_run.py I,d5d42f1287eb92dda6fddd2a01552ea7dc536641,False,"{""config"": ""C6"", ""IF_Hz"": 5000000.0, ""A_LO"": 0.35, ""Omega_p"": null, ""amp_Vpm"": 0.13999999999999999, ""spec"": {""kind"": ""qpsk"", ""Ts"": 1e-06, ""Tp"": 3e-07, ""seed"": 20260706}, ""rule"": ""matched_signal_to_LO"", ""target"": 0.4}",20260706,5.8,python/experiments/tqe_viability_final/tvf_run.py (phase_run from tqe_viability/tv_common.py),results/tqe_viability_final/01_matching/runs/C6_matched_signal_to_LO_0.4_REF_s20260706.npz,23b136357c5f2a8d076bf603bfcb2fae973c24617d801ea5ff2c8561d0c368a7
2026-09-28T03:14:17+10:00,C6_same_absolute_level_0.1_CW,I,python3 python/experiments/tqe_viability_final/tvf_run.py I,d5d42f1287eb92dda6fddd2a01552ea7dc536641,False,"{""config"": ""C6"", ""IF_Hz"": 5000000.0, ""A_LO"": 0.35, ""Omega_p"": null, ""amp_Vpm"": 0.1, ""spec"": {""kind"": ""cw""}, ""rule"": ""same_absolute_level"", ""target"": 0.1}",,5.7,python/experiments/tqe_viability_final/tvf_run.py (phase_run from tqe_viability/tv_common.py),results/tqe_viability_final/01_matching/runs/C6_same_absolute_level_0.1_CW.npz,51a1687476625449de5e0dd1dd9b10815722d7b43625475c6ad746d0e6f73d4b
2026-09-28T03:14:23+10:00,C6_same_absolute_level_0.1_REF_s20260701,I,python3 python/experiments/tqe_viability_final/tvf_run.py I,d5d42f1287eb92dda6fddd2a01552ea7dc536641,False,"{""config"": ""C6"", ""IF_Hz"": 5000000.0, ""A_LO"": 0.35, ""Omega_p"": null, ""amp_Vpm"": 0.1, ""spec"": {""kind"": ""qpsk"", ""Ts"": 1e-06, ""Tp"": 3e-07, ""seed"": 20260701}, ""rule"": ""same_absolute_level"", ""target"": 0.1}",20260701,5.9,python/experiments/tqe_viability_final/tvf_run.py (phase_run from tqe_viability/tv_common.py),results/tqe_viability_final/01_matching/runs/C6_same_absolute_level_0.1_REF_s20260701.npz,66a4588c39299acdfad9356a0f7c9ab40c4e43c9972144d9a5dd84e0cc0fc94e
2026-09-28T03:14:27+10:00,C6_same_absolute_level_0.1_REF_s20260702,I,python3 python/experiments/tqe_viability_final/tvf_run.py I,d5d42f1287eb92dda6fddd2a01552ea7dc536641,False,"{""config"": ""C6"", ""IF_Hz"": 5000000.0, ""A_LO"": 0.35, ""Omega_p"": null, ""amp_Vpm"": 0.1, ""spec"": {""kind"": ""qpsk"", ""Ts"": 1e-06, ""Tp"": 3e-07, ""seed"": 20260702}, ""rule"": ""same_absolute_level"", ""target"": 0.1}",20260702,6.0,python/experiments/tqe_viability_final/tvf_run.py (phase_run from tqe_viability/tv_common.py),results/tqe_viability_final/01_matching/runs/C6_same_absolute_level_0.1_REF_s20260702.npz,12ca8bdb7d625a50c46d28d27b0175f64cbc3f3401632732b22bb30271dd221b
2026-09-28T03:14:33+10:00,C6_same_absolute_level_0.1_REF_s20260703,I,python3 python/experiments/tqe_viability_final/tvf_run.py I,d5d42f1287eb92dda6fddd2a01552ea7dc536641,False,"{""config"": ""C6"", ""IF_Hz"": 5000000.0, ""A_LO"": 0.35, ""Omega_p"": null, ""amp_Vpm"": 0.1, ""spec"": {""kind"": ""qpsk"", ""Ts"": 1e-06, ""Tp"": 3e-07, ""seed"": 20260703}, ""rule"": ""same_absolute_level"", ""target"": 0.1}",20260703,5.8,python/experiments/tqe_viability_final/tvf_run.py (phase_run from tqe_viability/tv_common.py),results/tqe_viability_final/01_matching/runs/C6_same_absolute_level_0.1_REF_s20260703.npz,53a6c1167d1ba02ced7ae321e7712e7fe3ed2b5cf546493f1db25b157511d7c6
2026-09-28T03:14:39+10:00,C6_same_absolute_level_0.1_REF_s20260704,I,python3 python/experiments/tqe_viability_final/tvf_run.py I,d5d42f1287eb92dda6fddd2a01552ea7dc536641,False,"{""config"": ""C6"", ""IF_Hz"": 5000000.0, ""A_LO"": 0.35, ""Omega_p"": null, ""amp_Vpm"": 0.1, ""spec"": {""kind"": ""qpsk"", ""Ts"": 1e-06, ""Tp"": 3e-07, ""seed"": 20260704}, ""rule"": ""same_absolute_level"", ""target"": 0.1}",20260704,5.8,python/experiments/tqe_viability_final/tvf_run.py (phase_run from tqe_viability/tv_common.py),results/tqe_viability_final/01_matching/runs/C6_same_absolute_level_0.1_REF_s20260704.npz,8b2e8646a9412d2342c239e51a8044da5eaf08ec826f34744f3a33afe9c1e564
2026-09-28T03:14:45+10:00,C6_same_absolute_level_0.1_REF_s20260705,I,python3 python/experiments/tqe_viability_final/tvf_run.py I,d5d42f1287eb92dda6fddd2a01552ea7dc536641,False,"{""config"": ""C6"", ""IF_Hz"": 5000000.0, ""A_LO"": 0.35, ""Omega_p"": null, ""amp_Vpm"": 0.1, ""spec"": {""kind"": ""qpsk"", ""Ts"": 1e-06, ""Tp"": 3e-07, ""seed"": 20260705}, ""rule"": ""same_absolute_level"", ""target"": 0.1}",20260705,5.9,python/experiments/tqe_viability_final/tvf_run.py (phase_run from tqe_viability/tv_common.py),results/tqe_viability_final/01_matching/runs/C6_same_absolute_level_0.1_REF_s20260705.npz,4396f4c43680d432cb57e842fe8251193ed04cdafb3edc5c4f62a256291b073c
2026-09-28T03:14:51+10:00,C6_same_absolute_level_0.1_REF_s20260706,I,python3 python/experiments/tqe_viability_final/tvf_run.py I,d5d42f1287eb92dda6fddd2a01552ea7dc536641,False,"{""config"": ""C6"", ""IF_Hz"": 5000000.0, ""A_LO"": 0.35, ""Omega_p"": null, ""amp_Vpm"": 0.1, ""spec"": {""kind"": ""qpsk"", ""Ts"": 1e-06, ""Tp"": 3e-07, ""seed"": 20260706}, ""rule"": ""same_absolute_level"", ""target"": 0.1}",20260706,6.0,python/experiments/tqe_viability_final/tvf_run.py (phase_run from tqe_viability/tv_common.py),results/tqe_viability_final/01_matching/runs/C6_same_absolute_level_0.1_REF_s20260706.npz,cd2857ea7b67f2f2bd167c5b8fb7cb96fd23846640960242a8984905d1b9f70e
2026-09-28T03:14:57+10:00,C6_same_absolute_level_0.179_CW,I,python3 python/experiments/tqe_viability_final/tvf_run.py I,d5d42f1287eb92dda6fddd2a01552ea7dc536641,False,"{""config"": ""C6"", ""IF_Hz"": 5000000.0, ""A_LO"": 0.35, ""Omega_p"": null, ""amp_Vpm"": 0.179, ""spec"": {""kind"": ""cw""}, ""rule"": ""same_absolute_level"", ""target"": 0.179}",,5.8,python/experiments/tqe_viability_final/tvf_run.py (phase_run from tqe_viability/tv_common.py),results/tqe_viability_final/01_matching/runs/C6_same_absolute_level_0.179_CW.npz,3b31a80c47afb37adbcd0b81eccf8e295bc6f0e74cc25f862c88bd53720dc9ce
2026-09-28T03:15:01+10:00,C6_same_absolute_level_0.179_REF_s20260701,I,python3 python/experiments/tqe_viability_final/tvf_run.py I,d5d42f1287eb92dda6fddd2a01552ea7dc536641,False,"{""config"": ""C6"", ""IF_Hz"": 5000000.0, ""A_LO"": 0.35, ""Omega_p"": null, ""amp_Vpm"": 0.179, ""spec"": {""kind"": ""qpsk"", ""Ts"": 1e-06, ""Tp"": 3e-07, ""seed"": 20260701}, ""rule"": ""same_absolute_level"", ""target"": 0.179}",20260701,5.8,python/experiments/tqe_viability_final/tvf_run.py (phase_run from tqe_viability/tv_common.py),results/tqe_viability_final/01_matching/runs/C6_same_absolute_level_0.179_REF_s20260701.npz,b2ed7a065133f436ed7fe81c87788e3d3eedfbcb8797813a7346419c39e0fcca
2026-09-28T03:15:07+10:00,C6_same_absolute_level_0.179_REF_s20260702,I,python3 python/experiments/tqe_viability_final/tvf_run.py I,d5d42f1287eb92dda6fddd2a01552ea7dc536641,False,"{""config"": ""C6"", ""IF_Hz"": 5000000.0, ""A_LO"": 0.35, ""Omega_p"": null, ""amp_Vpm"": 0.179, ""spec"": {""kind"": ""qpsk"", ""Ts"": 1e-06, ""Tp"": 3e-07, ""seed"": 20260702}, ""rule"": ""same_absolute_level"", ""target"": 0.179}",20260702,6.0,python/experiments/tqe_viability_final/tvf_run.py (phase_run from tqe_viability/tv_common.py),results/tqe_viability_final/01_matching/runs/C6_same_absolute_level_0.179_REF_s20260702.npz,36ba81fa252292320a8e7fdc0e3c83074e7cecc15f8664984e800335c8a13299
2026-09-28T03:15:13+10:00,C6_same_absolute_level_0.179_REF_s20260703,I,python3 python/experiments/tqe_viability_final/tvf_run.py I,d5d42f1287eb92dda6fddd2a01552ea7dc536641,False,"{""config"": ""C6"", ""IF_Hz"": 5000000.0, ""A_LO"": 0.35, ""Omega_p"": null, ""amp_Vpm"": 0.179, ""spec"": {""kind"": ""qpsk"", ""Ts"": 1e-06, ""Tp"": 3e-07, ""seed"": 20260703}, ""rule"": ""same_absolute_level"", ""target"": 0.179}",20260703,5.9,python/experiments/tqe_viability_final/tvf_run.py (phase_run from tqe_viability/tv_common.py),results/tqe_viability_final/01_matching/runs/C6_same_absolute_level_0.179_REF_s20260703.npz,8293455cdd3a02fb7150849e2880b03dcd28e13028ba7ebc3cf0202a81d704a9
2026-09-28T03:15:19+10:00,C6_same_absolute_level_0.179_REF_s20260704,I,python3 python/experiments/tqe_viability_final/tvf_run.py I,d5d42f1287eb92dda6fddd2a01552ea7dc536641,False,"{""config"": ""C6"", ""IF_Hz"": 5000000.0, ""A_LO"": 0.35, ""Omega_p"": null, ""amp_Vpm"": 0.179, ""spec"": {""kind"": ""qpsk"", ""Ts"": 1e-06, ""Tp"": 3e-07, ""seed"": 20260704}, ""rule"": ""same_absolute_level"", ""target"": 0.179}",20260704,5.7,python/experiments/tqe_viability_final/tvf_run.py (phase_run from tqe_viability/tv_common.py),results/tqe_viability_final/01_matching/runs/C6_same_absolute_level_0.179_REF_s20260704.npz,cd84cd50175b3789eb6e785da4eddd184ab827e6462c5fd531d00c8d24e78722
2026-09-28T03:15:25+10:00,C6_same_absolute_level_0.179_REF_s20260705,I,python3 python/experiments/tqe_viability_final/tvf_run.py I,d5d42f1287eb92dda6fddd2a01552ea7dc536641,False,"{""config"": ""C6"", ""IF_Hz"": 5000000.0, ""A_LO"": 0.35, ""Omega_p"": null, ""amp_Vpm"": 0.179, ""spec"": {""kind"": ""qpsk"", ""Ts"": 1e-06, ""Tp"": 3e-07, ""seed"": 20260705}, ""rule"": ""same_absolute_level"", ""target"": 0.179}",20260705,5.8,python/experiments/tqe_viability_final/tvf_run.py (phase_run from tqe_viability/tv_common.py),results/tqe_viability_final/01_matching/runs/C6_same_absolute_level_0.179_REF_s20260705.npz,6544dc62129bb9efc354cadabc13abd05d2723c3aca7c1d5c9143cec2777c3c8
2026-09-28T03:15:29+10:00,C6_same_absolute_level_0.179_REF_s20260706,I,python3 python/experiments/tqe_viability_final/tvf_run.py I,d5d42f1287eb92dda6fddd2a01552ea7dc536641,False,"{""config"": ""C6"", ""IF_Hz"": 5000000.0, ""A_LO"": 0.35, ""Omega_p"": null, ""amp_Vpm"": 0.179, ""spec"": {""kind"": ""qpsk"", ""Ts"": 1e-06, ""Tp"": 3e-07, ""seed"": 20260706}, ""rule"": ""same_absolute_level"", ""target"": 0.179}",20260706,5.9,python/experiments/tqe_viability_final/tvf_run.py (phase_run from tqe_viability/tv_common.py),results/tqe_viability_final/01_matching/runs/C6_same_absolute_level_0.179_REF_s20260706.npz,2fdf52fba7e3bf33899acb3643ea80b02cf9796162fb6769752d9e85b23c0f8b
2026-09-28T03:16:29+10:00,LO0.35_P500_CW,II,python3 python/experiments/tqe_viability_final/tvf_run.py II,13fc325ce338075b28c5704e4ea76463a942be95,False,"{""A_LO"": 0.35, ""IF_Hz"": 2000000.0, ""amp_Vpm"": 0.1253, ""spec"": {""kind"": ""cw""}, ""rule"": ""matched signal/LO 0.358""}",,7.8,python/experiments/tqe_viability_final/tvf_run.py (phase_run),results/tqe_viability_final/02_resonance/runs/LO0.35/P500_CW.npz,a5c61e9d929cafd16d6f47a8dcba9949345c15af9d61afa35ed03dd93b93cee9
2026-09-28T03:16:36+10:00,LO0.35_P500_REF_s20260701,II,python3 python/experiments/tqe_viability_final/tvf_run.py II,13fc325ce338075b28c5704e4ea76463a942be95,False,"{""A_LO"": 0.35, ""IF_Hz"": 2000000.0, ""amp_Vpm"": 0.1253, ""spec"": {""kind"": ""qpsk"", ""Ts"": 1e-06, ""Tp"": 3e-07, ""seed"": 20260701}, ""rule"": ""matched signal/LO 0.358""}",20260701,8.6,python/experiments/tqe_viability_final/tvf_run.py (phase_run),results/tqe_viability_final/02_resonance/runs/LO0.35/P500_REF_s20260701.npz,a3a6e376c55dd3fa817524cc352222d23dcccf70ec95cd0753e22e1d621ec589
2026-09-28T03:16:46+10:00,LO0.35_P450_CW,II,python3 python/experiments/tqe_viability_final/tvf_run.py II,13fc325ce338075b28c5704e4ea76463a942be95,False,"{""A_LO"": 0.35, ""IF_Hz"": 2222222.222222222, ""amp_Vpm"": 0.1253, ""spec"": {""kind"": ""cw""}, ""rule"": ""matched signal/LO 0.358""}",,9.7,python/experiments/tqe_viability_final/tvf_run.py (phase_run),results/tqe_viability_final/02_resonance/runs/LO0.35/P450_CW.npz,30af56c3727c8a4d8d8689b838bde03e85d4468675367635648a420a9badaa9c
2026-09-28T03:16:55+10:00,LO0.35_P450_REF_s20260701,II,python3 python/experiments/tqe_viability_final/tvf_run.py II,13fc325ce338075b28c5704e4ea76463a942be95,False,"{""A_LO"": 0.35, ""IF_Hz"": 2222222.222222222, ""amp_Vpm"": 0.1253, ""spec"": {""kind"": ""qpsk"", ""Ts"": 1e-06, ""Tp"": 3e-07, ""seed"": 20260701}, ""rule"": ""matched signal/LO 0.358""}",20260701,9.3,python/experiments/tqe_viability_final/tvf_run.py (phase_run),results/tqe_viability_final/02_resonance/runs/LO0.35/P450_REF_s20260701.npz,846051f609331060b1e440f23d89773009b5c56229d51996c4da08fb7b29667d
2026-09-28T03:17:02+10:00,LO0.425_P500_CW,II,python3 python/experiments/tqe_viability_final/tvf_run.py II,13fc325ce338075b28c5704e4ea76463a942be95,False,"{""A_LO"": 0.425, ""IF_Hz"": 2000000.0, ""amp_Vpm"": 0.15214999999999998, ""spec"": {""kind"": ""cw""}, ""rule"": ""matched signal/LO 0.358""}",,8.5,python/experiments/tqe_viability_final/tvf_run.py (phase_run),results/tqe_viability_final/02_resonance/runs/LO0.425/P500_CW.npz,0013eeb4cb5408b076cbbc5efe147ecea23fcfd015ab357e9a12e99cc68c4fe9
2026-09-28T03:17:11+10:00,LO0.425_P500_REF_s20260701,II,python3 python/experiments/tqe_viability_final/tvf_run.py II,13fc325ce338075b28c5704e4ea76463a942be95,False,"{""A_LO"": 0.425, ""IF_Hz"": 2000000.0, ""amp_Vpm"": 0.15214999999999998, ""spec"": {""kind"": ""qpsk"", ""Ts"": 1e-06, ""Tp"": 3e-07, ""seed"": 20260701}, ""rule"": ""matched signal/LO 0.358""}",20260701,9.0,python/experiments/tqe_viability_final/tvf_run.py (phase_run),results/tqe_viability_final/02_resonance/runs/LO0.425/P500_REF_s20260701.npz,e9324646d0e4a3aad527bf5bc978c6df586d661ee63c8b2a6bcfd9c0d4fd3eae
2026-09-28T03:17:19+10:00,LO0.425_P450_CW,II,python3 python/experiments/tqe_viability_final/tvf_run.py II,13fc325ce338075b28c5704e4ea76463a942be95,False,"{""A_LO"": 0.425, ""IF_Hz"": 2222222.222222222, ""amp_Vpm"": 0.15214999999999998, ""spec"": {""kind"": ""cw""}, ""rule"": ""matched signal/LO 0.358""}",,7.9,python/experiments/tqe_viability_final/tvf_run.py (phase_run),results/tqe_viability_final/02_resonance/runs/LO0.425/P450_CW.npz,58a6ed3fdd3350499b60c90bc953522a8b54de5b5de5bc888d6d4a3e40a986be
2026-09-28T03:17:28+10:00,LO0.425_P450_REF_s20260701,II,python3 python/experiments/tqe_viability_final/tvf_run.py II,13fc325ce338075b28c5704e4ea76463a942be95,False,"{""A_LO"": 0.425, ""IF_Hz"": 2222222.222222222, ""amp_Vpm"": 0.15214999999999998, ""spec"": {""kind"": ""qpsk"", ""Ts"": 1e-06, ""Tp"": 3e-07, ""seed"": 20260701}, ""rule"": ""matched signal/LO 0.358""}",20260701,8.8,python/experiments/tqe_viability_final/tvf_run.py (phase_run),results/tqe_viability_final/02_resonance/runs/LO0.425/P450_REF_s20260701.npz,4c47c662975c91e5dfe6b5ab80a58277393d011512afa36d5cfc854ccd82dd1b
2026-09-28T03:17:34+10:00,LO0.5_P500_CW,II,python3 python/experiments/tqe_viability_final/tvf_run.py II,13fc325ce338075b28c5704e4ea76463a942be95,False,"{""A_LO"": 0.5, ""IF_Hz"": 2000000.0, ""amp_Vpm"": 0.179, ""spec"": {""kind"": ""cw""}, ""rule"": ""matched signal/LO 0.358""}",,7.0,python/experiments/tqe_viability_final/tvf_run.py (phase_run),results/tqe_viability_final/02_resonance/runs/LO0.5/P500_CW.npz,8a27d3496d1fd9056e7bc4cd5d398fb29eaacfe9d9bfa90fa809efe474d48680
2026-09-28T03:17:41+10:00,LO0.5_P500_REF_s20260701,II,python3 python/experiments/tqe_viability_final/tvf_run.py II,13fc325ce338075b28c5704e4ea76463a942be95,False,"{""A_LO"": 0.5, ""IF_Hz"": 2000000.0, ""amp_Vpm"": 0.179, ""spec"": {""kind"": ""qpsk"", ""Ts"": 1e-06, ""Tp"": 3e-07, ""seed"": 20260701}, ""rule"": ""matched signal/LO 0.358""}",20260701,6.8,python/experiments/tqe_viability_final/tvf_run.py (phase_run),results/tqe_viability_final/02_resonance/runs/LO0.5/P500_REF_s20260701.npz,f8e7837cdab908a45233deb60ea664071b6f60aac85e45b4f3a0bf6f15c8e727
2026-09-28T03:17:47+10:00,LO0.5_P450_CW,II,python3 python/experiments/tqe_viability_final/tvf_run.py II,13fc325ce338075b28c5704e4ea76463a942be95,False,"{""A_LO"": 0.5, ""IF_Hz"": 2222222.222222222, ""amp_Vpm"": 0.179, ""spec"": {""kind"": ""cw""}, ""rule"": ""matched signal/LO 0.358""}",,6.1,python/experiments/tqe_viability_final/tvf_run.py (phase_run),results/tqe_viability_final/02_resonance/runs/LO0.5/P450_CW.npz,694160199bef4f7f9ab0dff9e4c2c401518a6e94362f7f8a58854d2af3b9e867
2026-09-28T03:17:54+10:00,LO0.5_P450_REF_s20260701,II,python3 python/experiments/tqe_viability_final/tvf_run.py II,13fc325ce338075b28c5704e4ea76463a942be95,False,"{""A_LO"": 0.5, ""IF_Hz"": 2222222.222222222, ""amp_Vpm"": 0.179, ""spec"": {""kind"": ""qpsk"", ""Ts"": 1e-06, ""Tp"": 3e-07, ""seed"": 20260701}, ""rule"": ""matched signal/LO 0.358""}",20260701,7.6,python/experiments/tqe_viability_final/tvf_run.py (phase_run),results/tqe_viability_final/02_resonance/runs/LO0.5/P450_REF_s20260701.npz,706d84f4d296a226dc97b5220986c447b41390cd78ba71e2946fabf6a7040045
2026-09-28T03:18:55+10:00,LO0.35_P297_CW,II,python3 python/experiments/tqe_viability_final/tvf_run.py IIr,13fc325ce338075b28c5704e4ea76463a942be95,True,"{""A_LO"": 0.35, ""IF_Hz"": 3367003.367003367, ""amp_Vpm"": 0.1253, ""spec"": {""kind"": ""cw""}, ""rule"": ""matched signal/LO 0.358""}",,8.7,python/experiments/tqe_viability_final/tvf_run.py (phase_run),results/tqe_viability_final/02_resonance/runs/LO0.35/P297_CW.npz,63332a14b6d678fc35cec5beed7546f90506005482fd620b2557e232b28470c9
2026-09-28T03:19:03+10:00,LO0.35_P297_REF_s20260701,II,python3 python/experiments/tqe_viability_final/tvf_run.py IIr,13fc325ce338075b28c5704e4ea76463a942be95,True,"{""A_LO"": 0.35, ""IF_Hz"": 3367003.367003367, ""amp_Vpm"": 0.1253, ""spec"": {""kind"": ""qpsk"", ""Ts"": 1e-06, ""Tp"": 3e-07, ""seed"": 20260701}, ""rule"": ""matched signal/LO 0.358""}",20260701,7.2,python/experiments/tqe_viability_final/tvf_run.py (phase_run),results/tqe_viability_final/02_resonance/runs/LO0.35/P297_REF_s20260701.npz,753ad03a8894227daabb06df56a865e9afbd28f41d2379ec8b2bf15e459b3b38
2026-09-28T03:19:07+10:00,LO0.35_P288_CW,II,python3 python/experiments/tqe_viability_final/tvf_run.py IIr,13fc325ce338075b28c5704e4ea76463a942be95,True,"{""A_LO"": 0.35, ""IF_Hz"": 3472222.222222222, ""amp_Vpm"": 0.1253, ""spec"": {""kind"": ""cw""}, ""rule"": ""matched signal/LO 0.358""}",,6.0,python/experiments/tqe_viability_final/tvf_run.py (phase_run),results/tqe_viability_final/02_resonance/runs/LO0.35/P288_CW.npz,0e83623dc106dcead7f59b0e77347bb9ef4e40507fa6dfd38d2a407106b02cc6
2026-09-28T03:19:13+10:00,LO0.35_P288_REF_s20260701,II,python3 python/experiments/tqe_viability_final/tvf_run.py IIr,13fc325ce338075b28c5704e4ea76463a942be95,True,"{""A_LO"": 0.35, ""IF_Hz"": 3472222.222222222, ""amp_Vpm"": 0.1253, ""spec"": {""kind"": ""qpsk"", ""Ts"": 1e-06, ""Tp"": 3e-07, ""seed"": 20260701}, ""rule"": ""matched signal/LO 0.358""}",20260701,5.9,python/experiments/tqe_viability_final/tvf_run.py (phase_run),results/tqe_viability_final/02_resonance/runs/LO0.35/P288_REF_s20260701.npz,951341e1a8d5eadcc4d6d798083049e08edb3a11981f6e4c3395dc36cdd4c0af
2026-09-28T03:19:19+10:00,LO0.35_P272_CW,II,python3 python/experiments/tqe_viability_final/tvf_run.py IIr,13fc325ce338075b28c5704e4ea76463a942be95,True,"{""A_LO"": 0.35, ""IF_Hz"": 3676470.588235294, ""amp_Vpm"": 0.1253, ""spec"": {""kind"": ""cw""}, ""rule"": ""matched signal/LO 0.358""}",,5.7,python/experiments/tqe_viability_final/tvf_run.py (phase_run),results/tqe_viability_final/02_resonance/runs/LO0.35/P272_CW.npz,5964aaa50357c895b2b1b9340bb6b172dacf4ccd5f6403a8eeec6e3aa21ac821
2026-09-28T03:19:25+10:00,LO0.35_P272_REF_s20260701,II,python3 python/experiments/tqe_viability_final/tvf_run.py IIr,13fc325ce338075b28c5704e4ea76463a942be95,True,"{""A_LO"": 0.35, ""IF_Hz"": 3676470.588235294, ""amp_Vpm"": 0.1253, ""spec"": {""kind"": ""qpsk"", ""Ts"": 1e-06, ""Tp"": 3e-07, ""seed"": 20260701}, ""rule"": ""matched signal/LO 0.358""}",20260701,5.8,python/experiments/tqe_viability_final/tvf_run.py (phase_run),results/tqe_viability_final/02_resonance/runs/LO0.35/P272_REF_s20260701.npz,b318462456d6f77bff5e5500ee9f287854f9fdef451767248c2ca24cd3b8bfff
2026-09-28T03:19:31+10:00,LO0.35_P265_CW,II,python3 python/experiments/tqe_viability_final/tvf_run.py IIr,13fc325ce338075b28c5704e4ea76463a942be95,True,"{""A_LO"": 0.35, ""IF_Hz"": 3773584.9056603773, ""amp_Vpm"": 0.1253, ""spec"": {""kind"": ""cw""}, ""rule"": ""matched signal/LO 0.358""}",,5.9,python/experiments/tqe_viability_final/tvf_run.py (phase_run),results/tqe_viability_final/02_resonance/runs/LO0.35/P265_CW.npz,db88342594a464ac7ce1b5ce846f92f0ca95bd9121b6e4e9aec9509ce06ad9e5
2026-09-28T03:19:36+10:00,LO0.35_P265_REF_s20260701,II,python3 python/experiments/tqe_viability_final/tvf_run.py IIr,13fc325ce338075b28c5704e4ea76463a942be95,True,"{""A_LO"": 0.35, ""IF_Hz"": 3773584.9056603773, ""amp_Vpm"": 0.1253, ""spec"": {""kind"": ""qpsk"", ""Ts"": 1e-06, ""Tp"": 3e-07, ""seed"": 20260701}, ""rule"": ""matched signal/LO 0.358""}",20260701,5.8,python/experiments/tqe_viability_final/tvf_run.py (phase_run),results/tqe_viability_final/02_resonance/runs/LO0.35/P265_REF_s20260701.npz,bb2c76421f30fd76e17dfa0a3de390792ba74de58ede19ed149f03385eaa8dea
2026-09-28T03:19:41+10:00,LO0.5_P208_CW,II,python3 python/experiments/tqe_viability_final/tvf_run.py IIr,13fc325ce338075b28c5704e4ea76463a942be95,True,"{""A_LO"": 0.5, ""IF_Hz"": 4807692.307692308, ""amp_Vpm"": 0.179, ""spec"": {""kind"": ""cw""}, ""rule"": ""matched signal/LO 0.358""}",,5.8,python/experiments/tqe_viability_final/tvf_run.py (phase_run),results/tqe_viability_final/02_resonance/runs/LO0.5/P208_CW.npz,a878f01727e1e49f61822d96c8822289f1f9b3a1237c82b846053d5e1ffbbb4a
2026-09-28T03:19:47+10:00,LO0.5_P208_REF_s20260701,II,python3 python/experiments/tqe_viability_final/tvf_run.py IIr,13fc325ce338075b28c5704e4ea76463a942be95,True,"{""A_LO"": 0.5, ""IF_Hz"": 4807692.307692308, ""amp_Vpm"": 0.179, ""spec"": {""kind"": ""qpsk"", ""Ts"": 1e-06, ""Tp"": 3e-07, ""seed"": 20260701}, ""rule"": ""matched signal/LO 0.358""}",20260701,5.8,python/experiments/tqe_viability_final/tvf_run.py (phase_run),results/tqe_viability_final/02_resonance/runs/LO0.5/P208_REF_s20260701.npz,b884664b2aa0db59762e3984964ca26c53fc1c820f903b07d4f800af0aea71e4
2026-09-28T03:19:53+10:00,LO0.5_P204_CW,II,python3 python/experiments/tqe_viability_final/tvf_run.py IIr,13fc325ce338075b28c5704e4ea76463a942be95,True,"{""A_LO"": 0.5, ""IF_Hz"": 4901960.784313725, ""amp_Vpm"": 0.179, ""spec"": {""kind"": ""cw""}, ""rule"": ""matched signal/LO 0.358""}",,5.8,python/experiments/tqe_viability_final/tvf_run.py (phase_run),results/tqe_viability_final/02_resonance/runs/LO0.5/P204_CW.npz,8768eeafe48efbb49b770d94c05137542d79e227544aaf9fcf0f0e6b8a543ea2
2026-09-28T03:19:59+10:00,LO0.5_P204_REF_s20260701,II,python3 python/experiments/tqe_viability_final/tvf_run.py IIr,13fc325ce338075b28c5704e4ea76463a942be95,True,"{""A_LO"": 0.5, ""IF_Hz"": 4901960.784313725, ""amp_Vpm"": 0.179, ""spec"": {""kind"": ""qpsk"", ""Ts"": 1e-06, ""Tp"": 3e-07, ""seed"": 20260701}, ""rule"": ""matched signal/LO 0.358""}",20260701,5.9,python/experiments/tqe_viability_final/tvf_run.py (phase_run),results/tqe_viability_final/02_resonance/runs/LO0.5/P204_REF_s20260701.npz,5b0374db336537f9c444195d2422c5ceb78af0baddcc39f85438fee481057bee
2026-09-28T03:20:05+10:00,LO0.5_P196_CW,II,python3 python/experiments/tqe_viability_final/tvf_run.py IIr,13fc325ce338075b28c5704e4ea76463a942be95,True,"{""A_LO"": 0.5, ""IF_Hz"": 5102040.816326531, ""amp_Vpm"": 0.179, ""spec"": {""kind"": ""cw""}, ""rule"": ""matched signal/LO 0.358""}",,5.9,python/experiments/tqe_viability_final/tvf_run.py (phase_run),results/tqe_viability_final/02_resonance/runs/LO0.5/P196_CW.npz,0c9de43b1734043f8f22bdb76a9620c62fa14ce6d4514544a45e10d31301b90d
2026-09-28T03:20:09+10:00,LO0.5_P196_REF_s20260701,II,python3 python/experiments/tqe_viability_final/tvf_run.py IIr,13fc325ce338075b28c5704e4ea76463a942be95,True,"{""A_LO"": 0.5, ""IF_Hz"": 5102040.816326531, ""amp_Vpm"": 0.179, ""spec"": {""kind"": ""qpsk"", ""Ts"": 1e-06, ""Tp"": 3e-07, ""seed"": 20260701}, ""rule"": ""matched signal/LO 0.358""}",20260701,6.0,python/experiments/tqe_viability_final/tvf_run.py (phase_run),results/tqe_viability_final/02_resonance/runs/LO0.5/P196_REF_s20260701.npz,2c07951db1b5021033f7a634301fdd14a2ddcb2cc2205eaae055b60e2944f906
2026-09-28T03:20:15+10:00,LO0.5_P192_CW,II,python3 python/experiments/tqe_viability_final/tvf_run.py IIr,13fc325ce338075b28c5704e4ea76463a942be95,True,"{""A_LO"": 0.5, ""IF_Hz"": 5208333.333333333, ""amp_Vpm"": 0.179, ""spec"": {""kind"": ""cw""}, ""rule"": ""matched signal/LO 0.358""}",,5.8,python/experiments/tqe_viability_final/tvf_run.py (phase_run),results/tqe_viability_final/02_resonance/runs/LO0.5/P192_CW.npz,87e00424be7a546bf079d0e07a2f8f7ef4067802bad92f7b26a1ca62bb1ee45a
2026-09-28T03:20:21+10:00,LO0.5_P192_REF_s20260701,II,python3 python/experiments/tqe_viability_final/tvf_run.py IIr,13fc325ce338075b28c5704e4ea76463a942be95,True,"{""A_LO"": 0.5, ""IF_Hz"": 5208333.333333333, ""amp_Vpm"": 0.179, ""spec"": {""kind"": ""qpsk"", ""Ts"": 1e-06, ""Tp"": 3e-07, ""seed"": 20260701}, ""rule"": ""matched signal/LO 0.358""}",20260701,5.8,python/experiments/tqe_viability_final/tvf_run.py (phase_run),results/tqe_viability_final/02_resonance/runs/LO0.5/P192_REF_s20260701.npz,ff030115320f91df659691d11aac7accaa1a8d51eeac433eec3872e70b4f1f83
2026-09-28T03:27:16+10:00,VA_phase_T55us,V,python3 python/experiments/tqe_viability_final/tvf_run.py V,4122e09385dc993ecead57d7944a6b73ddfff572,False,"{""case"": ""C1 REF seed 20260701 at a_H, modulation generated for 220 us, truncated"", ""T_s"": 5.5e-05, ""amp_Vpm"": 0.17915174489377358}",20260701,4.4,python/experiments/tqe_viability_final/tvf_run.py (run_va_phase),results/tqe_viability_final/05_numerical/runs/VA_phase_T55us.npz,c6447f98a4b690e653f3a37350b38c9bbf7634e1ee3998ef8bb8101f68a4ffce
2026-09-28T03:27:22+10:00,VA_phase_T110us,V,python3 python/experiments/tqe_viability_final/tvf_run.py V,4122e09385dc993ecead57d7944a6b73ddfff572,False,"{""case"": ""C1 REF seed 20260701 at a_H, modulation generated for 220 us, truncated"", ""T_s"": 0.00011, ""amp_Vpm"": 0.17915174489377358}",20260701,6.0,python/experiments/tqe_viability_final/tvf_run.py (run_va_phase),results/tqe_viability_final/05_numerical/runs/VA_phase_T110us.npz,a57930c993265c5a83a9f2e8cf74358e383f30346e5d1d5ddebc9b1e4d114475
2026-09-28T03:27:29+10:00,VA_phase_T165us,V,python3 python/experiments/tqe_viability_final/tvf_run.py V,4122e09385dc993ecead57d7944a6b73ddfff572,False,"{""case"": ""C1 REF seed 20260701 at a_H, modulation generated for 220 us, truncated"", ""T_s"": 0.000165, ""amp_Vpm"": 0.17915174489377358}",20260701,7.7,python/experiments/tqe_viability_final/tvf_run.py (run_va_phase),results/tqe_viability_final/05_numerical/runs/VA_phase_T165us.npz,79d98b787e8e914077179edcd5fca6e5642a37fc5db89391ab4528466cdb525d
2026-09-28T03:27:37+10:00,VA_phase_T220us,V,python3 python/experiments/tqe_viability_final/tvf_run.py V,4122e09385dc993ecead57d7944a6b73ddfff572,False,"{""case"": ""C1 REF seed 20260701 at a_H, modulation generated for 220 us, truncated"", ""T_s"": 0.00022, ""amp_Vpm"": 0.17915174489377358}",20260701,8.3,python/experiments/tqe_viability_final/tvf_run.py (run_va_phase),results/tqe_viability_final/05_numerical/runs/VA_phase_T220us.npz,86c92957a669ae5adc848ca20b2a1570916fead207b526fec8f36b4f9344e84b
2026-09-28T03:27:43+10:00,VA_dwell_T105us,V,python3 python/experiments/tqe_viability_final/tvf_run.py V,4122e09385dc993ecead57d7944a6b73ddfff572,False,"{""case"": ""dwell xi=4, r0, +3 dB (stage06 realization), cyclic prefix, truncated"", ""T_s"": 0.000105, ""n_full"": 840000}",r0,5.9,python/experiments/tqe_viability_final/tvf_run.py (run_va_dwell),results/tqe_viability_final/05_numerical/runs/VA_dwell_T105us.npz,93fd11ed6fdd1c78246e154ba9f98762688b8ee4307b625fa508abd0a4a7e094
2026-09-28T03:27:50+10:00,VA_dwell_T210us,V,python3 python/experiments/tqe_viability_final/tvf_run.py V,4122e09385dc993ecead57d7944a6b73ddfff572,False,"{""case"": ""dwell xi=4, r0, +3 dB (stage06 realization), cyclic prefix, truncated"", ""T_s"": 0.00021, ""n_full"": 840000}",r0,6.8,python/experiments/tqe_viability_final/tvf_run.py (run_va_dwell),results/tqe_viability_final/05_numerical/runs/VA_dwell_T210us.npz,4353e642977b8ab751a85d7358823cd8b245a20ae8183e9a676dc386305cf07a
2026-09-28T03:28:03+10:00,VA_dwell_T420us,V,python3 python/experiments/tqe_viability_final/tvf_run.py V,4122e09385dc993ecead57d7944a6b73ddfff572,False,"{""case"": ""dwell xi=4, r0, +3 dB (stage06 realization), cyclic prefix, truncated"", ""T_s"": 0.00042, ""n_full"": 840000}",r0,14.8,python/experiments/tqe_viability_final/tvf_run.py (run_va_dwell),results/tqe_viability_final/05_numerical/runs/VA_dwell_T420us.npz,c841fb7e356e565b15b503ebb7c0029fe538f9e8b235f10c0c727f006eb775c4
2026-09-28T03:28:28+10:00,VA_dwell_T840us,V,python3 python/experiments/tqe_viability_final/tvf_run.py V,4122e09385dc993ecead57d7944a6b73ddfff572,False,"{""case"": ""dwell xi=4, r0, +3 dB (stage06 realization), cyclic prefix, truncated"", ""T_s"": 0.00084, ""n_full"": 840000}",r0,26.0,python/experiments/tqe_viability_final/tvf_run.py (run_va_dwell),results/tqe_viability_final/05_numerical/runs/VA_dwell_T840us.npz,5442ec437ca1114fdeab2948fc15105a274b48ed7a8201c41b6ac817641388b7
