job_id,design,realization,variant,Pavg_over_P1dB_dB,Nd,dt_ns,model,span_us,method,D,D_ref,res_pow,fit_ac_pow
dwell_r0_xi_0.05_p+0_Nd4001_dt1,dwell,0,xi_0.05,0,4001,1.0,atomic,2,context,0.17132823852026433,0.07713869334157605,1.4396013085099424e-09,8.402592129257603e-09
dwell_r0_xi_0.05_p+0_Nd4001_dt1,dwell,0,xi_0.05,0,4001,1.0,static,2,context,0.012017450702167346,0.005876289994904615,1.096662958547818e-10,9.125587329016752e-09
dwell_r0_xi_0.05_p+0_Nd4001_dt1,dwell,0,xi_0.05,0,4001,1.0,static_lti,2,context,0.014332641901972417,0.008099552522370145,1.5115794557106548e-10,1.0546411931931653e-08
dwell_r0_xi_0.05_p+0_Nd4001_dt1,dwell,0,xi_0.05,0,4001,1.0,static_mh,2,context,0.1159649560686797,0.05698189813326623,1.063425001909091e-09,9.17022726485821e-09
dwell_r0_xi_0.05_p+0_Nd4001_dt1,dwell,0,xi_0.05,0,4001,1.0,static_lti_mh,2,context,0.016967196093914352,0.009584465561037698,1.7887014370259802e-10,1.054211566322108e-08
dwell_r0_xi_0.05_p+0_Nd4001_dt1,dwell,0,xi_0.05,0,4001,1.0,linear,2,context,0.009761646796640974,0.009761646796640974,1.8217678953192797e-10,1.8662505756161533e-08
dwell_r0_xi_0.05_p+0_Nd4001_dt1,dwell,0,xi_0.05,0,4001,1.0,atomic,2,zerofill,0.17155403651303847,0.07723084785113893,1.4412207715289363e-09,8.400972666238608e-09
dwell_r0_xi_0.05_p+0_Nd4001_dt1,dwell,0,xi_0.05,0,4001,1.0,static,2,zerofill,0.012017289620755578,0.005876621402149373,1.0966484334749251e-10,9.12558878152405e-09
dwell_r0_xi_0.05_p+0_Nd4001_dt1,dwell,0,xi_0.05,0,4001,1.0,static_lti,2,zerofill,0.014384942840689847,0.008129255403295762,1.5170171078370356e-10,1.0545868166719008e-08
dwell_r0_xi_0.05_p+0_Nd4001_dt1,dwell,0,xi_0.05,0,4001,1.0,static_mh,2,zerofill,0.11599099350659067,0.05699733163049023,1.0636389545524633e-09,9.170013312214855e-09
dwell_r0_xi_0.05_p+0_Nd4001_dt1,dwell,0,xi_0.05,0,4001,1.0,static_lti_mh,2,zerofill,0.017030563719947052,0.00962033133736518,1.7952698614841091e-10,1.0541458820775255e-08
dwell_r0_xi_0.05_p+0_Nd4001_dt1,dwell,0,xi_0.05,0,4001,1.0,linear,2,zerofill,0.009831969702667727,0.009831969702667727,1.8347641330884265e-10,1.8661206132384606e-08
dwell_r0_xi_0.05_p+0_Nd4001_dt1,dwell,0,xi_0.05,0,4001,1.0,atomic,4,context,0.17091941379779998,0.07697845476319284,1.4366675563193613e-09,8.405525881448194e-09
dwell_r0_xi_0.05_p+0_Nd4001_dt1,dwell,0,xi_0.05,0,4001,1.0,static,4,context,0.011671643690863183,0.0057089228659454256,1.0654701095604782e-10,9.128706613915497e-09
dwell_r0_xi_0.05_p+0_Nd4001_dt1,dwell,0,xi_0.05,0,4001,1.0,static_lti,4,context,0.01402346534645131,0.007926936463440214,1.4794233624282658e-10,1.0549627541259904e-08
dwell_r0_xi_0.05_p+0_Nd4001_dt1,dwell,0,xi_0.05,0,4001,1.0,static_mh,4,context,0.115085024100407,0.056591915012948316,1.0561886244560047e-09,9.177463642311298e-09
dwell_r0_xi_0.05_p+0_Nd4001_dt1,dwell,0,xi_0.05,0,4001,1.0,static_lti_mh,4,context,0.016643300825453313,0.009404127000308559,1.7551150121696521e-10,1.0545474305706711e-08
dwell_r0_xi_0.05_p+0_Nd4001_dt1,dwell,0,xi_0.05,0,4001,1.0,linear,4,context,0.009721794363348597,0.009721794363348597,1.8144020419736546e-10,1.866324234149608e-08
dwell_r0_xi_0.05_p+0_Nd4001_dt1,dwell,0,xi_0.05,0,4001,1.0,atomic,8,context,0.17006243591705503,0.07664387115786232,1.4305111756551233e-09,8.411682262112429e-09
dwell_r0_xi_0.05_p+0_Nd4001_dt1,dwell,0,xi_0.05,0,4001,1.0,static,8,context,0.011456387216151798,0.005604482619721175,1.046042547193757e-10,9.130649370152162e-09
dwell_r0_xi_0.05_p+0_Nd4001_dt1,dwell,0,xi_0.05,0,4001,1.0,static_lti,8,context,0.013755315595784598,0.007776939560624943,1.4515184039901142e-10,1.0552418037103714e-08
dwell_r0_xi_0.05_p+0_Nd4001_dt1,dwell,0,xi_0.05,0,4001,1.0,static_mh,8,context,0.11447939242514818,0.05632122682608644,1.051201396591499e-09,9.182450870175802e-09
dwell_r0_xi_0.05_p+0_Nd4001_dt1,dwell,0,xi_0.05,0,4001,1.0,static_lti_mh,8,context,0.016368073856938344,0.009250547971863103,1.72655843902093e-10,1.0548329963021584e-08
dwell_r0_xi_0.05_p+0_Nd4001_dt1,dwell,0,xi_0.05,0,4001,1.0,linear,8,context,0.009659655669235238,0.009659655669235238,1.8029158990886732e-10,1.866439095578457e-08
dwell_r0_xi_0.05_p+0_Nd4001_dt1,dwell,0,xi_0.05,0,4001,1.0,atomic,16,context,0.16791231412904883,0.0758055429671883,1.4150253030542815e-09,8.427168134713249e-09
dwell_r0_xi_0.05_p+0_Nd4001_dt1,dwell,0,xi_0.05,0,4001,1.0,static,16,context,0.011304816852679712,0.005530533646033582,1.0323578912847984e-10,9.13201783574306e-09
dwell_r0_xi_0.05_p+0_Nd4001_dt1,dwell,0,xi_0.05,0,4001,1.0,static_lti,16,context,0.013614673670320371,0.007697615891353553,1.4368766231478152e-10,1.0553882215187928e-08
dwell_r0_xi_0.05_p+0_Nd4001_dt1,dwell,0,xi_0.05,0,4001,1.0,static_mh,16,context,0.11342969574397906,0.055851054844383574,1.0425445516732571e-09,9.191107715094055e-09
dwell_r0_xi_0.05_p+0_Nd4001_dt1,dwell,0,xi_0.05,0,4001,1.0,static_lti_mh,16,context,0.016212500239715547,0.009162984263948655,1.710409829870581e-10,1.0549944823936611e-08
dwell_r0_xi_0.05_p+0_Nd4001_dt1,dwell,0,xi_0.05,0,4001,1.0,linear,16,context,0.009544768801769654,0.009544768801769654,1.7816756977986604e-10,1.8666514975913588e-08
dwell_r0_xi_0.05_p+3_Nd4001_dt1,dwell,0,xi_0.05,3,4001,1.0,atomic,2,context,0.310749117107587,0.07823753239978483,2.9132992638131007e-09,9.37508460500135e-09
dwell_r0_xi_0.05_p+3_Nd4001_dt1,dwell,0,xi_0.05,3,4001,1.0,static,2,context,0.037987586736437935,0.011289124736288873,4.2036855936697575e-10,1.1065945364825071e-08
dwell_r0_xi_0.05_p+3_Nd4001_dt1,dwell,0,xi_0.05,3,4001,1.0,static_lti,2,context,0.04620427479558423,0.01456018802805415,5.421718165439882e-10,1.1734234958619107e-08
dwell_r0_xi_0.05_p+3_Nd4001_dt1,dwell,0,xi_0.05,3,4001,1.0,static_mh,2,context,1.5860621232867322,0.4806373550546557,1.7897298261999573e-08,1.1284109240886307e-08
dwell_r0_xi_0.05_p+3_Nd4001_dt1,dwell,0,xi_0.05,3,4001,1.0,static_lti_mh,2,context,0.07185593244266153,0.022641954209485067,8.43109266185959e-10,1.1733328585760543e-08
dwell_r0_xi_0.05_p+3_Nd4001_dt1,dwell,0,xi_0.05,3,4001,1.0,linear,2,context,0.009761646796639923,0.009761646796639923,3.6349048281503327e-10,3.723659443815885e-08
dwell_r0_xi_0.05_p+3_Nd4001_dt1,dwell,0,xi_0.05,3,4001,1.0,atomic,2,zerofill,0.3112523697266576,0.0783396162784005,2.9168973780971265e-09,9.371486490717327e-09
dwell_r0_xi_0.05_p+3_Nd4001_dt1,dwell,0,xi_0.05,3,4001,1.0,static,2,zerofill,0.03800716968504612,0.011295517893830521,4.205773284831328e-10,1.1065736595708901e-08
dwell_r0_xi_0.05_p+3_Nd4001_dt1,dwell,0,xi_0.05,3,4001,1.0,static_lti,2,zerofill,0.04624221407817809,0.014572630089408563,5.425973283902204e-10,1.1733809446772888e-08
dwell_r0_xi_0.05_p+3_Nd4001_dt1,dwell,0,xi_0.05,3,4001,1.0,static_mh,2,zerofill,1.5870604780420914,0.48078777964084873,1.7901652835159437e-08,1.127975466772644e-08
dwell_r0_xi_0.05_p+3_Nd4001_dt1,dwell,0,xi_0.05,3,4001,1.0,static_lti_mh,2,zerofill,0.07191709959957915,0.022661513090689152,8.437788089622043e-10,1.1732659042984292e-08
dwell_r0_xi_0.05_p+3_Nd4001_dt1,dwell,0,xi_0.05,3,4001,1.0,linear,2,zerofill,0.00983196970266668,0.00983196970266668,3.6608357316074886e-10,3.7234001347813114e-08
dwell_r0_xi_0.05_p+3_Nd4001_dt1,dwell,0,xi_0.05,3,4001,1.0,atomic,4,context,0.30950558156060803,0.0779953669510999,2.904396475519251e-09,9.383987393295219e-09
dwell_r0_xi_0.05_p+3_Nd4001_dt1,dwell,0,xi_0.05,3,4001,1.0,static,4,context,0.03613444557409503,0.01075719075340419,4.005769590168562e-10,1.1085736965175188e-08
dwell_r0_xi_0.05_p+3_Nd4001_dt1,dwell,0,xi_0.05,3,4001,1.0,static_lti,4,context,0.04472736293984836,0.014114142527583596,5.255833444285383e-10,1.1750823430734551e-08
dwell_r0_xi_0.05_p+3_Nd4001_dt1,dwell,0,xi_0.05,3,4001,1.0,static_mh,4,context,1.5677357548697275,0.47845563590685564,1.781676164805321e-08,1.1364645854832667e-08
dwell_r0_xi_0.05_p+3_Nd4001_dt1,dwell,0,xi_0.05,3,4001,1.0,static_lti_mh,4,context,0.07021933836898835,0.022159221186489015,8.251664993722119e-10,1.1751271352574269e-08
dwell_r0_xi_0.05_p+3_Nd4001_dt1,dwell,0,xi_0.05,3,4001,1.0,linear,4,context,0.00972179436334735,0.00972179436334735,3.620208018552155e-10,3.723806411911872e-08
dwell_r0_xi_0.05_p+3_Nd4001_dt1,dwell,0,xi_0.05,3,4001,1.0,atomic,8,context,0.30778572092620127,0.07765918405943319,2.8920556537368657e-09,9.396328215077602e-09
dwell_r0_xi_0.05_p+3_Nd4001_dt1,dwell,0,xi_0.05,3,4001,1.0,static,8,context,0.03517010908933167,0.010479217416219419,3.9024978619555686e-10,1.109606413799647e-08
dwell_r0_xi_0.05_p+3_Nd4001_dt1,dwell,0,xi_0.05,3,4001,1.0,static_lti,8,context,0.04351357505807402,0.01374624595892176,5.119150918806007e-10,1.1764491683282501e-08
dwell_r0_xi_0.05_p+3_Nd4001_dt1,dwell,0,xi_0.05,3,4001,1.0,static_mh,8,context,1.5531426634938896,0.4766819191744197,1.775180432397376e-08,1.1429603178912095e-08
dwell_r0_xi_0.05_p+3_Nd4001_dt1,dwell,0,xi_0.05,3,4001,1.0,static_lti_mh,8,context,0.0689386704072139,0.021779802671169805,8.110876030351336e-10,1.176535024891138e-08
dwell_r0_xi_0.05_p+3_Nd4001_dt1,dwell,0,xi_0.05,3,4001,1.0,linear,8,context,0.009659655669233928,0.009659655669233928,3.597290150509373e-10,3.724035590592289e-08
dwell_r0_xi_0.05_p+3_Nd4001_dt1,dwell,0,xi_0.05,3,4001,1.0,atomic,16,context,0.30396184080405736,0.07691051333735498,2.864500834601498e-09,9.423883034212964e-09
dwell_r0_xi_0.05_p+3_Nd4001_dt1,dwell,0,xi_0.05,3,4001,1.0,static,16,context,0.03469553985891461,0.010341380334120614,3.8516051073647373e-10,1.110115341345557e-08
dwell_r0_xi_0.05_p+3_Nd4001_dt1,dwell,0,xi_0.05,3,4001,1.0,static_lti,16,context,0.04303319464641986,0.013599203884694929,5.064968258208775e-10,1.176990994934222e-08
dwell_r0_xi_0.05_p+3_Nd4001_dt1,dwell,0,xi_0.05,3,4001,1.0,static_mh,16,context,1.5211794305053894,0.47273709410457726,1.760690108346921e-08,1.157450641941666e-08
dwell_r0_xi_0.05_p+3_Nd4001_dt1,dwell,0,xi_0.05,3,4001,1.0,static_lti_mh,16,context,0.06818535000154194,0.02155454515018963,8.027902804568287e-10,1.1773647571489688e-08
dwell_r0_xi_0.05_p+3_Nd4001_dt1,dwell,0,xi_0.05,3,4001,1.0,linear,16,context,0.00954476880176822,0.00954476880176822,3.5549103773130126e-10,3.724459388324258e-08
dwell_r0_xi_0.05_p+6_Nd4001_dt1,dwell,0,xi_0.05,6,4001,1.0,atomic,2,context,0.5721391937542765,0.07217289797107387,5.362213462073396e-09,9.372218370301635e-09
dwell_r0_xi_0.05_p+6_Nd4001_dt1,dwell,0,xi_0.05,6,4001,1.0,static,2,context,0.11930210833849854,0.019997208427771414,1.4857280675948444e-09,1.2453493809005915e-08
dwell_r0_xi_0.05_p+6_Nd4001_dt1,dwell,0,xi_0.05,6,4001,1.0,static_lti,2,context,0.14310734002929842,0.025955523813046822,1.9284116769326315e-09,1.3475281397430956e-08
dwell_r0_xi_0.05_p+6_Nd4001_dt1,dwell,0,xi_0.05,6,4001,1.0,static_mh,2,context,1.5627005329552763,0.2665756608511692,1.9805711526924608e-08,1.2674028778546168e-08
dwell_r0_xi_0.05_p+6_Nd4001_dt1,dwell,0,xi_0.05,6,4001,1.0,static_lti_mh,2,context,0.184953648179837,0.03361339485248918,2.4973667879630557e-09,1.3502663032279187e-08
dwell_r0_xi_0.05_p+6_Nd4001_dt1,dwell,0,xi_0.05,6,4001,1.0,linear,2,context,0.009761646796641004,0.009761646796641004,7.252588622107563e-10,7.429677362023781e-08
dwell_r0_xi_0.05_p+6_Nd4001_dt1,dwell,0,xi_0.05,6,4001,1.0,atomic,2,zerofill,0.5729217032080154,0.07224068463763093,5.366876026943786e-09,9.367555805431219e-09
dwell_r0_xi_0.05_p+6_Nd4001_dt1,dwell,0,xi_0.05,6,4001,1.0,static,2,zerofill,0.11939557868062377,0.02001259831342253,1.486767943353828e-09,1.245245393324694e-08
dwell_r0_xi_0.05_p+6_Nd4001_dt1,dwell,0,xi_0.05,6,4001,1.0,static_lti,2,zerofill,0.14318521133512943,0.02596968689763555,1.929329583977308e-09,1.3474363490386253e-08
dwell_r0_xi_0.05_p+6_Nd4001_dt1,dwell,0,xi_0.05,6,4001,1.0,static_mh,2,zerofill,1.5637587897335368,0.2666646448412861,1.9810943055302566e-08,1.2668797250168189e-08
dwell_r0_xi_0.05_p+6_Nd4001_dt1,dwell,0,xi_0.05,6,4001,1.0,static_lti_mh,2,zerofill,0.1850521300034304,0.03363084001417805,2.4984889047418234e-09,1.3501540915500446e-08
dwell_r0_xi_0.05_p+6_Nd4001_dt1,dwell,0,xi_0.05,6,4001,1.0,linear,2,zerofill,0.009831969702667745,0.009831969702667745,7.304327576568713e-10,7.42915997247917e-08
dwell_r0_xi_0.05_p+6_Nd4001_dt1,dwell,0,xi_0.05,6,4001,1.0,atomic,4,context,0.5699325705823048,0.07199275206560615,5.349040313992885e-09,9.385391518382124e-09
dwell_r0_xi_0.05_p+6_Nd4001_dt1,dwell,0,xi_0.05,6,4001,1.0,static,4,context,0.11279755247647813,0.01901669101466735,1.4129345518491182e-09,1.252628732475166e-08
dwell_r0_xi_0.05_p+6_Nd4001_dt1,dwell,0,xi_0.05,6,4001,1.0,static_lti,4,context,0.13806829999153034,0.02515147226949458,1.868746995575323e-09,1.3534946078788246e-08
dwell_r0_xi_0.05_p+6_Nd4001_dt1,dwell,0,xi_0.05,6,4001,1.0,static_mh,4,context,1.533303975326704,0.26458572527990154,1.9658641605192586e-08,1.282109870027819e-08
dwell_r0_xi_0.05_p+6_Nd4001_dt1,dwell,0,xi_0.05,6,4001,1.0,static_lti_mh,4,context,0.17951798336433653,0.032774576672452115,2.4351414116692867e-09,1.3564888408572986e-08
dwell_r0_xi_0.05_p+6_Nd4001_dt1,dwell,0,xi_0.05,6,4001,1.0,linear,4,context,0.009721794363348461,0.009721794363348461,7.223264631766077e-10,7.429970601927215e-08
dwell_r0_xi_0.05_p+6_Nd4001_dt1,dwell,0,xi_0.05,6,4001,1.0,atomic,8,context,0.5674595800762258,0.07178904116367513,5.3342329247524705e-09,9.40019890762252e-09
dwell_r0_xi_0.05_p+6_Nd4001_dt1,dwell,0,xi_0.05,6,4001,1.0,static,8,context,0.1095666145734158,0.01852463118140926,1.3764593587686646e-09,1.2562762517832103e-08
dwell_r0_xi_0.05_p+6_Nd4001_dt1,dwell,0,xi_0.05,6,4001,1.0,static_lti,8,context,0.13403607110396518,0.024502243649322148,1.8206215417549717e-09,1.35830715326086e-08
dwell_r0_xi_0.05_p+6_Nd4001_dt1,dwell,0,xi_0.05,6,4001,1.0,static_mh,8,context,1.5160722554009023,0.2633877161623892,1.9570834277135923e-08,1.2908906028334852e-08
dwell_r0_xi_0.05_p+6_Nd4001_dt1,dwell,0,xi_0.05,6,4001,1.0,static_lti_mh,8,context,0.17520416773949474,0.032102442675845055,2.385348848664091e-09,1.3614680971578182e-08
dwell_r0_xi_0.05_p+6_Nd4001_dt1,dwell,0,xi_0.05,6,4001,1.0,linear,8,context,0.009659655669235162,0.009659655669235162,7.177537473320981e-10,7.430427873511653e-08
dwell_r0_xi_0.05_p+6_Nd4001_dt1,dwell,0,xi_0.05,6,4001,1.0,atomic,16,context,0.5589413473344339,0.07108968869096378,5.2828691693096005e-09,9.451562663065392e-09
dwell_r0_xi_0.05_p+6_Nd4001_dt1,dwell,0,xi_0.05,6,4001,1.0,static,16,context,0.10804427623194485,0.01829026247361997,1.3591994211777905e-09,1.258002245542299e-08
dwell_r0_xi_0.05_p+6_Nd4001_dt1,dwell,0,xi_0.05,6,4001,1.0,static_lti,16,context,0.13237081520812863,0.024230656961159527,1.8006463802182574e-09,1.3603046694145337e-08
dwell_r0_xi_0.05_p+6_Nd4001_dt1,dwell,0,xi_0.05,6,4001,1.0,static_mh,16,context,1.4830312634323235,0.26104622890663914,1.9399059130086112e-08,1.3080681175384653e-08
dwell_r0_xi_0.05_p+6_Nd4001_dt1,dwell,0,xi_0.05,6,4001,1.0,static_lti_mh,16,context,0.17290910891144215,0.03174030258286735,2.3587086823310507e-09,1.3641321137911229e-08
dwell_r0_xi_0.05_p+6_Nd4001_dt1,dwell,0,xi_0.05,6,4001,1.0,linear,16,context,0.009544768801769679,0.009544768801769679,7.092978708945528e-10,7.431273461155424e-08
dwell_r0_xi_0.1_p+0_Nd4001_dt1,dwell,0,xi_0.1,0,4001,1.0,atomic,2,context,0.13120069089079908,0.05848269602091101,1.0756424054612747e-09,8.19845077154779e-09
dwell_r0_xi_0.1_p+0_Nd4001_dt1,dwell,0,xi_0.1,0,4001,1.0,static,2,context,0.01678913971405493,0.00854141509349792,1.5709789223684668e-10,9.35711387911872e-09
dwell_r0_xi_0.1_p+0_Nd4001_dt1,dwell,0,xi_0.1,0,4001,1.0,static_lti,2,context,0.020990624976212485,0.011828740474866314,2.175599916497171e-10,1.0364626679589855e-08
dwell_r0_xi_0.1_p+0_Nd4001_dt1,dwell,0,xi_0.1,0,4001,1.0,static_mh,2,context,0.059231308247395045,0.0301479368903767,5.544956296964222e-10,9.361529334797507e-09
dwell_r0_xi_0.1_p+0_Nd4001_dt1,dwell,0,xi_0.1,0,4001,1.0,static_lti_mh,2,context,0.022390135469417215,0.01262024938765832,2.321178114635508e-10,1.0366967711320977e-08
dwell_r0_xi_0.1_p+0_Nd4001_dt1,dwell,0,xi_0.1,0,4001,1.0,linear,2,context,0.00966070071965547,0.00966070071965547,1.7768434199435877e-10,1.8392490063670614e-08
dwell_r0_xi_0.1_p+0_Nd4001_dt1,dwell,0,xi_0.1,0,4001,1.0,atomic,2,zerofill,0.13151095743479743,0.058619242776411735,1.0778904658713996e-09,8.196202711137687e-09
dwell_r0_xi_0.1_p+0_Nd4001_dt1,dwell,0,xi_0.1,0,4001,1.0,static,2,zerofill,0.016823616772251894,0.008560756214348849,1.574151603986449e-10,9.356796610956942e-09
dwell_r0_xi_0.1_p+0_Nd4001_dt1,dwell,0,xi_0.1,0,4001,1.0,static_lti,2,zerofill,0.02114267471343853,0.011915560982604167,2.1910330073090852e-10,1.0363083370508647e-08
dwell_r0_xi_0.1_p+0_Nd4001_dt1,dwell,0,xi_0.1,0,4001,1.0,static_mh,2,zerofill,0.05924317782427899,0.03016100826341654,5.546005323236153e-10,9.361424432170303e-09
dwell_r0_xi_0.1_p+0_Nd4001_dt1,dwell,0,xi_0.1,0,4001,1.0,static_lti_mh,2,zerofill,0.022528703338024265,0.012699734984068426,2.335226899916425e-10,1.0365562832792936e-08
dwell_r0_xi_0.1_p+0_Nd4001_dt1,dwell,0,xi_0.1,0,4001,1.0,linear,2,zerofill,0.00990740372302213,0.00990740372302213,1.8217731087583426e-10,1.8387997094789162e-08
dwell_r0_xi_0.1_p+0_Nd4001_dt1,dwell,0,xi_0.1,0,4001,1.0,atomic,4,context,0.13081551577599815,0.058329179530080384,1.0728498728394068e-09,8.20124330416967e-09
dwell_r0_xi_0.1_p+0_Nd4001_dt1,dwell,0,xi_0.1,0,4001,1.0,static,4,context,0.016259485790849883,0.008276027439868197,1.5222115342629097e-10,9.361990617929275e-09
dwell_r0_xi_0.1_p+0_Nd4001_dt1,dwell,0,xi_0.1,0,4001,1.0,static_lti,4,context,0.020541594906678548,0.011580459230853022,2.129996395172246e-10,1.0369187031722327e-08
dwell_r0_xi_0.1_p+0_Nd4001_dt1,dwell,0,xi_0.1,0,4001,1.0,static_mh,4,context,0.05865598153620322,0.02987046448377835,5.494081055357415e-10,9.366616858958192e-09
dwell_r0_xi_0.1_p+0_Nd4001_dt1,dwell,0,xi_0.1,0,4001,1.0,static_lti_mh,4,context,0.021942363984974633,0.012372923336111164,2.2757544911038966e-10,1.0371510073674168e-08
dwell_r0_xi_0.1_p+0_Nd4001_dt1,dwell,0,xi_0.1,0,4001,1.0,linear,4,context,0.009631509715502518,0.009631509715502518,1.771525685218934e-10,1.8393021837143065e-08
dwell_r0_xi_0.1_p+0_Nd4001_dt1,dwell,0,xi_0.1,0,4001,1.0,atomic,8,context,0.12981809431964295,0.05793286387920662,1.0656096842802968e-09,8.208483492728778e-09
dwell_r0_xi_0.1_p+0_Nd4001_dt1,dwell,0,xi_0.1,0,4001,1.0,static,8,context,0.016049841489540008,0.008170627069048145,1.5028946867833797e-10,9.363922302677227e-09
dwell_r0_xi_0.1_p+0_Nd4001_dt1,dwell,0,xi_0.1,0,4001,1.0,static_lti,8,context,0.02030430063394386,0.011448815998974312,2.1058805633168542e-10,1.0371598614907885e-08
dwell_r0_xi_0.1_p+0_Nd4001_dt1,dwell,0,xi_0.1,0,4001,1.0,static_mh,8,context,0.05810653358012618,0.029604656245536532,5.44544258347218e-10,9.371480706146702e-09
dwell_r0_xi_0.1_p+0_Nd4001_dt1,dwell,0,xi_0.1,0,4001,1.0,static_lti_mh,8,context,0.021711176653375904,0.012244764944384081,2.2522863937259682e-10,1.0373856883411966e-08
dwell_r0_xi_0.1_p+0_Nd4001_dt1,dwell,0,xi_0.1,0,4001,1.0,linear,8,context,0.009584843237526841,0.009584843237526841,1.7630237989810544e-10,1.839387202576684e-08
dwell_r0_xi_0.1_p+0_Nd4001_dt1,dwell,0,xi_0.1,0,4001,1.0,atomic,16,context,0.1283536830256554,0.057348953306497794,1.0549564679048897e-09,8.219136709104206e-09
dwell_r0_xi_0.1_p+0_Nd4001_dt1,dwell,0,xi_0.1,0,4001,1.0,static,16,context,0.015863323342785705,0.008076490123823223,1.4857020055031925e-10,9.36564157080526e-09
dwell_r0_xi_0.1_p+0_Nd4001_dt1,dwell,0,xi_0.1,0,4001,1.0,static_lti,16,context,0.02003706701659948,0.011300159458598988,2.0787086113836563e-10,1.0374315810101217e-08
dwell_r0_xi_0.1_p+0_Nd4001_dt1,dwell,0,xi_0.1,0,4001,1.0,static_mh,16,context,0.05739627963421543,0.029260014228673314,5.382494270916463e-10,9.377775537402283e-09
dwell_r0_xi_0.1_p+0_Nd4001_dt1,dwell,0,xi_0.1,0,4001,1.0,static_lti_mh,16,context,0.02142821480361755,0.012087528032176177,2.2235481457481291e-10,1.0376730708209747e-08
dwell_r0_xi_0.1_p+0_Nd4001_dt1,dwell,0,xi_0.1,0,4001,1.0,linear,16,context,0.009501431844877097,0.009501431844877097,1.7478256186368584e-10,1.8395391843801274e-08
dwell_r0_xi_0.1_p+3_Nd4001_dt1,dwell,0,xi_0.1,3,4001,1.0,atomic,2,context,0.27890632498591805,0.05717662311122349,2.098258698324109e-09,7.52316641951397e-09
dwell_r0_xi_0.1_p+3_Nd4001_dt1,dwell,0,xi_0.1,3,4001,1.0,static,2,context,0.07464629326389986,0.021919792219202535,8.044090781634595e-10,1.0776276262233165e-08
dwell_r0_xi_0.1_p+3_Nd4001_dt1,dwell,0,xi_0.1,3,4001,1.0,static_lti,2,context,0.08289673981119415,0.025475374828720948,9.348912880610126e-10,1.1277781130962733e-08
dwell_r0_xi_0.1_p+3_Nd4001_dt1,dwell,0,xi_0.1,3,4001,1.0,static_mh,2,context,0.7370820736361117,0.21726533179837193,7.97316888413301e-09,1.0817206345557205e-08
dwell_r0_xi_0.1_p+3_Nd4001_dt1,dwell,0,xi_0.1,3,4001,1.0,static_lti_mh,2,context,0.09730364906362572,0.029901454543532102,1.0973188634533653e-09,1.1277263227156479e-08
dwell_r0_xi_0.1_p+3_Nd4001_dt1,dwell,0,xi_0.1,3,4001,1.0,linear,2,context,0.00966070071965463,0.00966070071965463,3.5452687154135686e-10,3.669784230248168e-08
dwell_r0_xi_0.1_p+3_Nd4001_dt1,dwell,0,xi_0.1,3,4001,1.0,atomic,2,zerofill,0.27940275221723515,0.057270157413698765,2.1011777984041346e-09,7.520247319433963e-09
dwell_r0_xi_0.1_p+3_Nd4001_dt1,dwell,0,xi_0.1,3,4001,1.0,static,2,zerofill,0.07478119525818334,0.02196201471440837,8.057616708261719e-10,1.0774923669570486e-08
dwell_r0_xi_0.1_p+3_Nd4001_dt1,dwell,0,xi_0.1,3,4001,1.0,static_lti,2,zerofill,0.08307196610740016,0.025531331004237035,9.367158794813814e-10,1.1275956539542375e-08
dwell_r0_xi_0.1_p+3_Nd4001_dt1,dwell,0,xi_0.1,3,4001,1.0,static_mh,2,zerofill,0.7368470755071465,0.21727852716042886,7.971705299176292e-09,1.081866993051393e-08
dwell_r0_xi_0.1_p+3_Nd4001_dt1,dwell,0,xi_0.1,3,4001,1.0,static_lti_mh,2,zerofill,0.09742839491662798,0.029943700442702247,1.0986007619601992e-09,1.1275981328649626e-08
dwell_r0_xi_0.1_p+3_Nd4001_dt1,dwell,0,xi_0.1,3,4001,1.0,linear,2,zerofill,0.00990740372302109,0.00990740372302109,3.6349152303288403e-10,3.6688877650990046e-08
dwell_r0_xi_0.1_p+3_Nd4001_dt1,dwell,0,xi_0.1,3,4001,1.0,atomic,4,context,0.27784456216934234,0.05700463771660351,2.0920076889262327e-09,7.529417428911866e-09
dwell_r0_xi_0.1_p+3_Nd4001_dt1,dwell,0,xi_0.1,3,4001,1.0,static,4,context,0.07185762306790237,0.02115518957251613,7.763722570506803e-10,1.0804313083345963e-08
dwell_r0_xi_0.1_p+3_Nd4001_dt1,dwell,0,xi_0.1,3,4001,1.0,static_lti,4,context,0.08028097607794955,0.024730536481564796,9.075835676372552e-10,1.1305088851386517e-08
dwell_r0_xi_0.1_p+3_Nd4001_dt1,dwell,0,xi_0.1,3,4001,1.0,static_mh,4,context,0.7298513705734616,0.2160269848793503,7.927953434769746e-09,1.086242179492047e-08
dwell_r0_xi_0.1_p+3_Nd4001_dt1,dwell,0,xi_0.1,3,4001,1.0,static_lti_mh,4,context,0.09456551656874178,0.029131878629718232,1.069107997654819e-09,1.130547409295502e-08
dwell_r0_xi_0.1_p+3_Nd4001_dt1,dwell,0,xi_0.1,3,4001,1.0,linear,4,context,0.009631509715501788,0.009631509715501788,3.534658439716507e-10,3.669890333005137e-08
dwell_r0_xi_0.1_p+3_Nd4001_dt1,dwell,0,xi_0.1,3,4001,1.0,atomic,8,context,0.2756193052868383,0.05664411476687141,2.078872980251408e-09,7.542552137586716e-09
dwell_r0_xi_0.1_p+3_Nd4001_dt1,dwell,0,xi_0.1,3,4001,1.0,static,8,context,0.07080309204250054,0.020864294710167958,7.657321277503337e-10,1.0814953212646312e-08
dwell_r0_xi_0.1_p+3_Nd4001_dt1,dwell,0,xi_0.1,3,4001,1.0,static_lti,8,context,0.0791227571140585,0.024398779861137834,8.954498523487674e-10,1.1317222566674995e-08
dwell_r0_xi_0.1_p+3_Nd4001_dt1,dwell,0,xi_0.1,3,4001,1.0,static_mh,8,context,0.7196577021862186,0.21426254579823575,7.863563919624372e-09,1.0926811310065847e-08
dwell_r0_xi_0.1_p+3_Nd4001_dt1,dwell,0,xi_0.1,3,4001,1.0,static_lti_mh,8,context,0.09333617488102668,0.0287841667101161,1.0563961795323058e-09,1.1318185911077544e-08
dwell_r0_xi_0.1_p+3_Nd4001_dt1,dwell,0,xi_0.1,3,4001,1.0,linear,8,context,0.009584843237526152,0.009584843237526152,3.5176949464999273e-10,3.670059967937299e-08
dwell_r0_xi_0.1_p+3_Nd4001_dt1,dwell,0,xi_0.1,3,4001,1.0,atomic,16,context,0.27200921359572033,0.056056208352751206,2.0574664491424416e-09,7.563958668695673e-09
dwell_r0_xi_0.1_p+3_Nd4001_dt1,dwell,0,xi_0.1,3,4001,1.0,static,16,context,0.06984110470551795,0.02059761984311535,7.560074611667969e-10,1.0824677879229863e-08
dwell_r0_xi_0.1_p+3_Nd4001_dt1,dwell,0,xi_0.1,3,4001,1.0,static_lti,16,context,0.07801521664704834,0.024079978377638905,8.83822667710559e-10,1.13288497513132e-08
dwell_r0_xi_0.1_p+3_Nd4001_dt1,dwell,0,xi_0.1,3,4001,1.0,static_mh,16,context,0.7049970587958718,0.21168499778727645,7.769608283053584e-09,1.1020766946636628e-08
dwell_r0_xi_0.1_p+3_Nd4001_dt1,dwell,0,xi_0.1,3,4001,1.0,static_lti_mh,16,context,0.09194091193554033,0.02838776273753973,1.0419340000872073e-09,1.1332648090522598e-08
dwell_r0_xi_0.1_p+3_Nd4001_dt1,dwell,0,xi_0.1,3,4001,1.0,linear,16,context,0.009501431844876262,0.009501431844876262,3.4873705900029956e-10,3.670363211502268e-08
dwell_r0_xi_0.25_p+3_Nd4001_dt1,dwell,0,xi_0.25,3,4001,1.0,atomic,2,context,0.3092944452420727,0.05018474624472438,1.7097049379867093e-09,5.527758303737365e-09
dwell_r0_xi_0.25_p+3_Nd4001_dt1,dwell,0,xi_0.25,3,4001,1.0,static,2,context,0.12594618869753732,0.03810263267091427,1.2980888437710108e-09,1.0306694130208268e-08
dwell_r0_xi_0.25_p+3_Nd4001_dt1,dwell,0,xi_0.25,3,4001,1.0,static_lti,2,context,0.13316436111304414,0.041547766714869906,1.415458425720352e-09,1.0629408753883928e-08
dwell_r0_xi_0.25_p+3_Nd4001_dt1,dwell,0,xi_0.25,3,4001,1.0,static_mh,2,context,0.3984099553523282,0.11993768885871035,4.086063480175654e-09,1.0255927155640983e-08
dwell_r0_xi_0.25_p+3_Nd4001_dt1,dwell,0,xi_0.25,3,4001,1.0,static_lti_mh,2,context,0.13879544809553884,0.043270841433456664,1.4741605130144075e-09,1.0621101291446387e-08
dwell_r0_xi_0.25_p+3_Nd4001_dt1,dwell,0,xi_0.25,3,4001,1.0,linear,2,context,0.00783557765766469,0.00783557765766469,2.6694417757857943e-10,3.4068219248322695e-08
dwell_r0_xi_0.25_p+3_Nd4001_dt1,dwell,0,xi_0.25,3,4001,1.0,atomic,2,zerofill,0.3098055237056108,0.05025067138526403,1.711861836983967e-09,5.525601404740105e-09
dwell_r0_xi_0.25_p+3_Nd4001_dt1,dwell,0,xi_0.25,3,4001,1.0,static,2,zerofill,0.1261012587054727,0.0381462770847264,1.2995081292288693e-09,1.0305274844750394e-08
dwell_r0_xi_0.25_p+3_Nd4001_dt1,dwell,0,xi_0.25,3,4001,1.0,static_lti,2,zerofill,0.13344150904200508,0.04162622285444908,1.4180575176000065e-09,1.0626809662004246e-08
dwell_r0_xi_0.25_p+3_Nd4001_dt1,dwell,0,xi_0.25,3,4001,1.0,static_mh,2,zerofill,0.39869876057562115,0.12000609073072563,4.088181137969987e-09,1.0253809497846638e-08
dwell_r0_xi_0.25_p+3_Nd4001_dt1,dwell,0,xi_0.25,3,4001,1.0,static_lti_mh,2,zerofill,0.13906888798742442,0.04334793602237393,1.4767101681050428e-09,1.0618551636355769e-08
dwell_r0_xi_0.25_p+3_Nd4001_dt1,dwell,0,xi_0.25,3,4001,1.0,linear,2,zerofill,0.007888006495970186,0.007888006495970186,2.687163557837116e-10,3.4066447070117535e-08
dwell_r0_xi_0.25_p+3_Nd4001_dt1,dwell,0,xi_0.25,3,4001,1.0,atomic,4,context,0.3075944241004958,0.0499732757393256,1.7025182248831077e-09,5.5349450168409715e-09
dwell_r0_xi_0.25_p+3_Nd4001_dt1,dwell,0,xi_0.25,3,4001,1.0,static,4,context,0.12077242479906733,0.036705692365905866,1.250510583614402e-09,1.0354272390364883e-08
dwell_r0_xi_0.25_p+3_Nd4001_dt1,dwell,0,xi_0.25,3,4001,1.0,static_lti,4,context,0.12820419033297714,0.04017561891329757,1.368726031742234e-09,1.067614114786204e-08
dwell_r0_xi_0.25_p+3_Nd4001_dt1,dwell,0,xi_0.25,3,4001,1.0,static_mh,4,context,0.3914759534946854,0.11843631007414115,4.0349561521830565e-09,1.0307034483633577e-08
dwell_r0_xi_0.25_p+3_Nd4001_dt1,dwell,0,xi_0.25,3,4001,1.0,static_lti_mh,4,context,0.13380503199866406,0.04189820216980402,1.4274119862787877e-09,1.066784981818202e-08
dwell_r0_xi_0.25_p+3_Nd4001_dt1,dwell,0,xi_0.25,3,4001,1.0,linear,4,context,0.007825093652186664,0.007825093652186664,2.665897793804441e-10,3.4068573646520845e-08
dwell_r0_xi_0.25_p+3_Nd4001_dt1,dwell,0,xi_0.25,3,4001,1.0,atomic,8,context,0.3051001664066748,0.049660564970502495,1.6919400489327183e-09,5.545523192791359e-09
dwell_r0_xi_0.25_p+3_Nd4001_dt1,dwell,0,xi_0.25,3,4001,1.0,static,8,context,0.11956476732466094,0.036376231811278026,1.2393415875820006e-09,1.036544138639727e-08
dwell_r0_xi_0.25_p+3_Nd4001_dt1,dwell,0,xi_0.25,3,4001,1.0,static_lti,8,context,0.12699564590192028,0.03983779514096955,1.3572773708921742e-09,1.0687589808712104e-08
dwell_r0_xi_0.25_p+3_Nd4001_dt1,dwell,0,xi_0.25,3,4001,1.0,static_mh,8,context,0.3879255099610447,0.1176571438983251,4.00858979197799e-09,1.033340084383863e-08
dwell_r0_xi_0.25_p+3_Nd4001_dt1,dwell,0,xi_0.25,3,4001,1.0,static_lti_mh,8,context,0.13262101264417236,0.04156901023245687,1.41626002943309e-09,1.0679001775027718e-08
dwell_r0_xi_0.25_p+3_Nd4001_dt1,dwell,0,xi_0.25,3,4001,1.0,linear,8,context,0.007780160508865972,0.007780160508865972,2.650707892649635e-10,3.407009263663635e-08
dwell_r0_xi_0.25_p+3_Nd4001_dt1,dwell,0,xi_0.25,3,4001,1.0,atomic,16,context,0.3004312801556266,0.0490729779493072,1.6720301795034038e-09,5.565433062220667e-09
dwell_r0_xi_0.25_p+3_Nd4001_dt1,dwell,0,xi_0.25,3,4001,1.0,static,16,context,0.11807675393337365,0.035968979120582556,1.2255465457520883e-09,1.0379236428227177e-08
dwell_r0_xi_0.25_p+3_Nd4001_dt1,dwell,0,xi_0.25,3,4001,1.0,static_lti,16,context,0.1252826192572616,0.03935768363171019,1.3410075682699754e-09,1.0703859611334301e-08
dwell_r0_xi_0.25_p+3_Nd4001_dt1,dwell,0,xi_0.25,3,4001,1.0,static_mh,16,context,0.3820986223018879,0.11637084125032204,3.965024474074842e-09,1.0376966161741775e-08
dwell_r0_xi_0.25_p+3_Nd4001_dt1,dwell,0,xi_0.25,3,4001,1.0,static_lti_mh,16,context,0.1308911781993304,0.04108687733041917,1.3999252083087607e-09,1.069533659615207e-08
dwell_r0_xi_0.25_p+3_Nd4001_dt1,dwell,0,xi_0.25,3,4001,1.0,linear,16,context,0.007714297468925268,0.007714297468925268,2.628440074501708e-10,3.407231941845113e-08
dwell_r0_xi_0.5_p+3_Nd4001_dt1,dwell,0,xi_0.5,3,4001,1.0,atomic,2,context,0.4193929676743937,0.06355880699117279,2.1035754163841484e-09,5.015762252879052e-09
dwell_r0_xi_0.5_p+3_Nd4001_dt1,dwell,0,xi_0.5,3,4001,1.0,static,2,context,0.15107621121667852,0.046062439939983935,1.5245065296754025e-09,1.0090976715645223e-08
dwell_r0_xi_0.5_p+3_Nd4001_dt1,dwell,0,xi_0.5,3,4001,1.0,static_lti,2,context,0.15415908237497883,0.04840689954120578,1.60209998706237e-09,1.039251117988234e-08
dwell_r0_xi_0.5_p+3_Nd4001_dt1,dwell,0,xi_0.5,3,4001,1.0,static_mh,2,context,0.2922756124438425,0.08950201339779408,2.9622053026676906e-09,1.0134972527811725e-08
dwell_r0_xi_0.5_p+3_Nd4001_dt1,dwell,0,xi_0.5,3,4001,1.0,static_lti_mh,2,context,0.15724355194116965,0.04934750076306,1.63323061553984e-09,1.0386630137628087e-08
dwell_r0_xi_0.5_p+3_Nd4001_dt1,dwell,0,xi_0.5,3,4001,1.0,linear,2,context,0.005582653258872672,0.005582653258872672,1.8476640310747775e-10,3.3096521410106054e-08
dwell_r0_xi_0.5_p+3_Nd4001_dt1,dwell,0,xi_0.5,3,4001,1.0,atomic,2,zerofill,0.4201009588014526,0.06363673211495563,2.1060760239279063e-09,5.0132616453352976e-09
dwell_r0_xi_0.5_p+3_Nd4001_dt1,dwell,0,xi_0.5,3,4001,1.0,static,2,zerofill,0.1511223016808362,0.04607636392406631,1.5249105682384154e-09,1.0090572677082174e-08
dwell_r0_xi_0.5_p+3_Nd4001_dt1,dwell,0,xi_0.5,3,4001,1.0,static_lti,2,zerofill,0.15428106582091336,0.04844188764615811,1.6031982588465788e-09,1.0391412908098147e-08
dwell_r0_xi_0.5_p+3_Nd4001_dt1,dwell,0,xi_0.5,3,4001,1.0,static_mh,2,zerofill,0.2923333879896504,0.0895190377005836,2.9626584005873087e-09,1.0134519429892137e-08
dwell_r0_xi_0.5_p+3_Nd4001_dt1,dwell,0,xi_0.5,3,4001,1.0,static_lti_mh,2,zerofill,0.1573605635728523,0.04938106867242476,1.634280726091677e-09,1.0385580027076248e-08
dwell_r0_xi_0.5_p+3_Nd4001_dt1,dwell,0,xi_0.5,3,4001,1.0,linear,2,zerofill,0.005620107226813204,0.005620107226813204,1.8599907143116029e-10,3.3095288741782286e-08
dwell_r0_xi_0.5_p+3_Nd4001_dt1,dwell,0,xi_0.5,3,4001,1.0,atomic,4,context,0.414697894405552,0.06305497527110827,2.086929197166968e-09,5.032408472096231e-09
dwell_r0_xi_0.5_p+3_Nd4001_dt1,dwell,0,xi_0.5,3,4001,1.0,static,4,context,0.14745038977715536,0.04509837924820214,1.492620114325956e-09,1.0122863130994646e-08
dwell_r0_xi_0.5_p+3_Nd4001_dt1,dwell,0,xi_0.5,3,4001,1.0,static_lti,4,context,0.1506032963312519,0.0474358494655128,1.5699833171983704e-09,1.0424627849746345e-08
dwell_r0_xi_0.5_p+3_Nd4001_dt1,dwell,0,xi_0.5,3,4001,1.0,static_mh,4,context,0.2868312390990419,0.08820520683279719,2.919325884913322e-09,1.0177851945566112e-08
dwell_r0_xi_0.5_p+3_Nd4001_dt1,dwell,0,xi_0.5,3,4001,1.0,static_lti_mh,4,context,0.15366022704685073,0.04837206539088055,1.6009692360906088e-09,1.0418891517077325e-08
dwell_r0_xi_0.5_p+3_Nd4001_dt1,dwell,0,xi_0.5,3,4001,1.0,linear,4,context,0.005568748044551898,0.005568748044551898,1.8430873750840743e-10,3.3096979075705024e-08
dwell_r0_xi_0.5_p+3_Nd4001_dt1,dwell,0,xi_0.5,3,4001,1.0,atomic,8,context,0.4105748751986029,0.06260708763308964,2.072219792404074e-09,5.047117876859128e-09
dwell_r0_xi_0.5_p+3_Nd4001_dt1,dwell,0,xi_0.5,3,4001,1.0,static,8,context,0.1457303730887019,0.04463675526635751,1.4774232635404593e-09,1.0138059981780146e-08
dwell_r0_xi_0.5_p+3_Nd4001_dt1,dwell,0,xi_0.5,3,4001,1.0,static_lti,8,context,0.14882006381161192,0.04694435027983225,1.5538019011764952e-09,1.0440809265768218e-08
dwell_r0_xi_0.5_p+3_Nd4001_dt1,dwell,0,xi_0.5,3,4001,1.0,static_mh,8,context,0.2841975187039288,0.08756970040536674,2.8984524477223454e-09,1.0198725382757104e-08
dwell_r0_xi_0.5_p+3_Nd4001_dt1,dwell,0,xi_0.5,3,4001,1.0,static_lti_mh,8,context,0.15184846862729784,0.047874272551837085,1.5845812172299593e-09,1.0435279535937965e-08
dwell_r0_xi_0.5_p+3_Nd4001_dt1,dwell,0,xi_0.5,3,4001,1.0,linear,8,context,0.005513271469434284,0.005513271469434284,1.8248269791454298e-10,3.3098805115298904e-08
dwell_r0_xi_0.5_p+3_Nd4001_dt1,dwell,0,xi_0.5,3,4001,1.0,atomic,16,context,0.4061103128049831,0.0621192893268593,2.0561946111192272e-09,5.063143058143972e-09
dwell_r0_xi_0.5_p+3_Nd4001_dt1,dwell,0,xi_0.5,3,4001,1.0,static,16,context,0.14449132493563469,0.04430255903107488,1.4664476063009283e-09,1.0149035639019671e-08
dwell_r0_xi_0.5_p+3_Nd4001_dt1,dwell,0,xi_0.5,3,4001,1.0,static_lti,16,context,0.1476331870916246,0.0466153911304798,1.543004066472209e-09,1.0451607100472502e-08
dwell_r0_xi_0.5_p+3_Nd4001_dt1,dwell,0,xi_0.5,3,4001,1.0,static_mh,16,context,0.2814586605757376,0.08690604823763742,2.876654739554993e-09,1.0220523090924448e-08
dwell_r0_xi_0.5_p+3_Nd4001_dt1,dwell,0,xi_0.5,3,4001,1.0,static_lti_mh,16,context,0.15058938338509656,0.047526484499795546,1.5731619336421973e-09,1.044669881952574e-08
dwell_r0_xi_0.5_p+3_Nd4001_dt1,dwell,0,xi_0.5,3,4001,1.0,linear,16,context,0.005454413536349708,0.005454413536349708,1.8054513890597136e-10,3.310074267430752e-08
dwell_r0_xi_1_p+3_Nd4001_dt1,dwell,0,xi_1,3,4001,1.0,atomic,2,context,0.5383188530901033,0.0868727331118019,2.852403000053446e-09,5.298723950832934e-09
dwell_r0_xi_1_p+3_Nd4001_dt1,dwell,0,xi_1,3,4001,1.0,static,2,context,0.16020196912441306,0.04886018734335674,1.604288710267716e-09,1.0014163490224163e-08
dwell_r0_xi_1_p+3_Nd4001_dt1,dwell,0,xi_1,3,4001,1.0,static_lti,2,context,0.16167424615236017,0.050802123937326325,1.668050785756048e-09,1.0317356198983564e-08
dwell_r0_xi_1_p+3_Nd4001_dt1,dwell,0,xi_1,3,4001,1.0,static_mh,2,context,0.2423482053826486,0.07364552164940429,2.418097133227223e-09,9.977780233236055e-09
dwell_r0_xi_1_p+3_Nd4001_dt1,dwell,0,xi_1,3,4001,1.0,static_lti_mh,2,context,0.16334737503274144,0.051350139545172556,1.6860444796103092e-09,1.032183393992317e-08
dwell_r0_xi_1_p+3_Nd4001_dt1,dwell,0,xi_1,3,4001,1.0,linear,2,context,0.004530161771651032,0.004530161771651032,1.4874456650920505e-10,3.2834272594860256e-08
dwell_r0_xi_1_p+3_Nd4001_dt1,dwell,0,xi_1,3,4001,1.0,atomic,2,zerofill,0.5385265462981446,0.086899091150625,2.8531183006626706e-09,5.298008650223713e-09
dwell_r0_xi_1_p+3_Nd4001_dt1,dwell,0,xi_1,3,4001,1.0,static,2,zerofill,0.1602650474074841,0.04887934047160298,1.6048331343549266e-09,1.001361906613696e-08
dwell_r0_xi_1_p+3_Nd4001_dt1,dwell,0,xi_1,3,4001,1.0,static_lti,2,zerofill,0.16179819940684695,0.050838324141803365,1.669151553410197e-09,1.0316255431329368e-08
dwell_r0_xi_1_p+3_Nd4001_dt1,dwell,0,xi_1,3,4001,1.0,static_mh,2,zerofill,0.24243285954857616,0.07367010368198497,2.418776977338686e-09,9.97710038912459e-09
dwell_r0_xi_1_p+3_Nd4001_dt1,dwell,0,xi_1,3,4001,1.0,static_lti_mh,2,zerofill,0.16347693452375062,0.05138784958161434,1.6871938720149656e-09,1.0320684547518494e-08
dwell_r0_xi_1_p+3_Nd4001_dt1,dwell,0,xi_1,3,4001,1.0,linear,2,zerofill,0.0045830255488406475,0.0045830255488406475,1.5047239151370327e-10,3.2832544769855746e-08
dwell_r0_xi_1_p+3_Nd4001_dt1,dwell,0,xi_1,3,4001,1.0,atomic,4,context,0.5366265082437139,0.08669332115541388,2.846567315114703e-09,5.304559635771678e-09
dwell_r0_xi_1_p+3_Nd4001_dt1,dwell,0,xi_1,3,4001,1.0,static,4,context,0.15889914260369947,0.04851637790803272,1.5930308558969597e-09,1.0025421344594914e-08
dwell_r0_xi_1_p+3_Nd4001_dt1,dwell,0,xi_1,3,4001,1.0,static_lti,4,context,0.16025677837948016,0.050417262578358074,1.6554462311558049e-09,1.0329960753583787e-08
dwell_r0_xi_1_p+3_Nd4001_dt1,dwell,0,xi_1,3,4001,1.0,static_mh,4,context,0.24022010907051938,0.07312267061737779,2.400976238990554e-09,9.99490112747272e-09
dwell_r0_xi_1_p+3_Nd4001_dt1,dwell,0,xi_1,3,4001,1.0,static_lti_mh,4,context,0.16192210486364822,0.050963540470271594,1.6733832160511365e-09,1.0334495203482337e-08
dwell_r0_xi_1_p+3_Nd4001_dt1,dwell,0,xi_1,3,4001,1.0,linear,4,context,0.004510690564824487,0.004510690564824487,1.481081144348779e-10,3.283490904693456e-08
dwell_r0_xi_1_p+3_Nd4001_dt1,dwell,0,xi_1,3,4001,1.0,atomic,8,context,0.5334341609924652,0.08635346760473969,2.8355241306056386e-09,5.315602820280741e-09
dwell_r0_xi_1_p+3_Nd4001_dt1,dwell,0,xi_1,3,4001,1.0,static,8,context,0.15787122139617102,0.048243345733054464,1.5841306060038082e-09,1.0034321594488084e-08
dwell_r0_xi_1_p+3_Nd4001_dt1,dwell,0,xi_1,3,4001,1.0,static_lti,8,context,0.15928430981761266,0.050151307507025816,1.6467809175712843e-09,1.0338626067168315e-08
dwell_r0_xi_1_p+3_Nd4001_dt1,dwell,0,xi_1,3,4001,1.0,static_mh,8,context,0.23859669216683907,0.07272072632542702,2.3878760171479113e-09,1.0008001349315378e-08
dwell_r0_xi_1_p+3_Nd4001_dt1,dwell,0,xi_1,3,4001,1.0,static_lti_mh,8,context,0.16095698709171272,0.05069982036859661,1.6647920235300006e-09,1.0343086396003473e-08
dwell_r0_xi_1_p+3_Nd4001_dt1,dwell,0,xi_1,3,4001,1.0,linear,8,context,0.004469640447936308,0.004469640447936308,1.4676623529775626e-10,3.2836250926071726e-08
dwell_r0_xi_1_p+3_Nd4001_dt1,dwell,0,xi_1,3,4001,1.0,atomic,16,context,0.5249966081370728,0.08545436023169249,2.8061137833858014e-09,5.345013167500589e-09
dwell_r0_xi_1_p+3_Nd4001_dt1,dwell,0,xi_1,3,4001,1.0,static,16,context,0.1556375267876435,0.04765076863232073,1.5647355885123416e-09,1.0053716611979537e-08
dwell_r0_xi_1_p+3_Nd4001_dt1,dwell,0,xi_1,3,4001,1.0,static_lti,16,context,0.1571175688392419,0.04955973764988697,1.6274214977828017e-09,1.0357985486956787e-08
dwell_r0_xi_1_p+3_Nd4001_dt1,dwell,0,xi_1,3,4001,1.0,static_mh,16,context,0.23502220935249724,0.07183570498311041,2.358910198915543e-09,1.0036967167547728e-08
dwell_r0_xi_1_p+3_Nd4001_dt1,dwell,0,xi_1,3,4001,1.0,static_lti_mh,16,context,0.15875293056683798,0.05009866321054287,1.6451185051663357e-09,1.0362759914367122e-08
dwell_r0_xi_1_p+3_Nd4001_dt1,dwell,0,xi_1,3,4001,1.0,linear,16,context,0.0044292026658156805,0.0044292026658156805,1.4544426540970144e-10,3.2837572895959696e-08
dwell_r0_xi_2_p+3_Nd4001_dt1,dwell,0,xi_2,3,4001,1.0,atomic,2,context,0.6437087402404935,0.09781513578155061,3.209294360726465e-09,4.985631171525577e-09
dwell_r0_xi_2_p+3_Nd4001_dt1,dwell,0,xi_2,3,4001,1.0,static,2,context,0.1635009979417466,0.04981121753145259,1.6342957380504067e-09,9.995631577934993e-09
dwell_r0_xi_2_p+3_Nd4001_dt1,dwell,0,xi_2,3,4001,1.0,static_lti,2,context,0.16255266107696473,0.051076520819631994,1.675810077062639e-09,1.0309336469546836e-08
dwell_r0_xi_2_p+3_Nd4001_dt1,dwell,0,xi_2,3,4001,1.0,static_mh,2,context,0.2168466211225887,0.06621219267296428,2.1724083380228568e-09,1.0018179332362025e-08
dwell_r0_xi_2_p+3_Nd4001_dt1,dwell,0,xi_2,3,4001,1.0,static_lti_mh,2,context,0.1636108491518306,0.05144821812632129,1.6880053887669467e-09,1.0317197163376864e-08
dwell_r0_xi_2_p+3_Nd4001_dt1,dwell,0,xi_2,3,4001,1.0,linear,2,context,0.004003829884652067,0.004003829884652067,1.3136482986455735e-10,3.280979303544335e-08
dwell_r0_xi_2_p+3_Nd4001_dt1,dwell,0,xi_2,3,4001,1.0,atomic,2,zerofill,0.643899372894782,0.09783639481093029,3.2098725129657084e-09,4.985053019286331e-09
dwell_r0_xi_2_p+3_Nd4001_dt1,dwell,0,xi_2,3,4001,1.0,static,2,zerofill,0.16353473867585797,0.04982190448046282,1.6345855961321073e-09,9.995341719853282e-09
dwell_r0_xi_2_p+3_Nd4001_dt1,dwell,0,xi_2,3,4001,1.0,static_lti,2,zerofill,0.16262028137349413,0.05109669604758918,1.6764096884751158e-09,1.0308736858134337e-08
dwell_r0_xi_2_p+3_Nd4001_dt1,dwell,0,xi_2,3,4001,1.0,static_mh,2,zerofill,0.21691664052056842,0.06623222411284384,2.1729847677160187e-09,1.0017602902668837e-08
dwell_r0_xi_2_p+3_Nd4001_dt1,dwell,0,xi_2,3,4001,1.0,static_lti_mh,2,zerofill,0.163680390610442,0.051468923612217804,1.6886219437465672e-09,1.0316580608397213e-08
dwell_r0_xi_2_p+3_Nd4001_dt1,dwell,0,xi_2,3,4001,1.0,linear,2,zerofill,0.004041161579265301,0.004041161579265301,1.3258474516364327e-10,3.280857312014426e-08
dwell_r0_xi_2_p+3_Nd4001_dt1,dwell,0,xi_2,3,4001,1.0,atomic,4,context,0.638812913135057,0.09735995535269212,3.1944001723590047e-09,5.000525359893044e-09
dwell_r0_xi_2_p+3_Nd4001_dt1,dwell,0,xi_2,3,4001,1.0,static,4,context,0.16308048511791298,0.04970044436400728,1.6306818082195636e-09,9.99924550776583e-09
dwell_r0_xi_2_p+3_Nd4001_dt1,dwell,0,xi_2,3,4001,1.0,static_lti,4,context,0.16205504059601614,0.05094132527327674,1.671395366233102e-09,1.031375118037637e-08
dwell_r0_xi_2_p+3_Nd4001_dt1,dwell,0,xi_2,3,4001,1.0,static_mh,4,context,0.2163496321325303,0.06608660174986083,2.1683150044145842e-09,1.0022272665970282e-08
dwell_r0_xi_2_p+3_Nd4001_dt1,dwell,0,xi_2,3,4001,1.0,static_lti_mh,4,context,0.16312572136851142,0.05131641666142825,1.683702191874312e-09,1.0321500360269495e-08
dwell_r0_xi_2_p+3_Nd4001_dt1,dwell,0,xi_2,3,4001,1.0,linear,4,context,0.003991198968645311,0.003991198968645311,1.3095205957289015e-10,3.281020580573505e-08
dwell_r0_xi_2_p+3_Nd4001_dt1,dwell,0,xi_2,3,4001,1.0,atomic,8,context,0.6363100549792516,0.09712460193623317,3.1867514962158506e-09,5.008174036036193e-09
dwell_r0_xi_2_p+3_Nd4001_dt1,dwell,0,xi_2,3,4001,1.0,static,8,context,0.16206421584070402,0.049432782650746104,1.6219370883785334e-09,1.0007990227606851e-08
dwell_r0_xi_2_p+3_Nd4001_dt1,dwell,0,xi_2,3,4001,1.0,static_lti,8,context,0.16100538638661746,0.05065596265394172,1.6620707993808614e-09,1.0323075747228605e-08
dwell_r0_xi_2_p+3_Nd4001_dt1,dwell,0,xi_2,3,4001,1.0,static_mh,8,context,0.2151823270191969,0.06579166095288211,2.158687601291542e-09,1.0031900069093316e-08
dwell_r0_xi_2_p+3_Nd4001_dt1,dwell,0,xi_2,3,4001,1.0,static_lti_mh,8,context,0.16204929794997308,0.051023840768223805,1.6741412337274877e-09,1.0331061318416317e-08
dwell_r0_xi_2_p+3_Nd4001_dt1,dwell,0,xi_2,3,4001,1.0,linear,8,context,0.003968100049791255,0.003968100049791255,1.3019717474990254e-10,3.281096069055811e-08
dwell_r0_xi_2_p+3_Nd4001_dt1,dwell,0,xi_2,3,4001,1.0,atomic,16,context,0.6276566079783581,0.09630911604760538,3.160125506200722e-09,5.034800026051323e-09
dwell_r0_xi_2_p+3_Nd4001_dt1,dwell,0,xi_2,3,4001,1.0,static,16,context,0.15985235791827368,0.04884908160727316,1.602851682963429e-09,1.0027075633021974e-08
dwell_r0_xi_2_p+3_Nd4001_dt1,dwell,0,xi_2,3,4001,1.0,static_lti,16,context,0.15871555727193346,0.05003213947601571,1.6416705559813978e-09,1.0343475990628068e-08
dwell_r0_xi_2_p+3_Nd4001_dt1,dwell,0,xi_2,3,4001,1.0,static_mh,16,context,0.21266426551987094,0.06515408470401958,2.1378566573548566e-09,1.0052731013030016e-08
dwell_r0_xi_2_p+3_Nd4001_dt1,dwell,0,xi_2,3,4001,1.0,static_lti_mh,16,context,0.15974130603367243,0.050395140787236774,1.6535814710582942e-09,1.0351621081085502e-08
dwell_r0_xi_2_p+3_Nd4001_dt1,dwell,0,xi_2,3,4001,1.0,linear,16,context,0.003926517908026102,0.003926517908026102,1.2883816092314456e-10,3.281231970438478e-08
dwell_r0_xi_4_p+0_Nd4001_dt1,dwell,0,xi_4,0,4001,1.0,atomic,2,context,0.3512461760307993,0.10170565978228109,1.6648720624363765e-09,4.7399008901676726e-09
dwell_r0_xi_4_p+0_Nd4001_dt1,dwell,0,xi_4,0,4001,1.0,static,2,context,0.03052322020467852,0.017536803329681154,2.870689201616479e-10,9.404935594496898e-09
dwell_r0_xi_4_p+0_Nd4001_dt1,dwell,0,xi_4,0,4001,1.0,static_lti,2,context,0.03259166917098622,0.019039531226998023,3.116678431620224e-10,9.562807032892796e-09
dwell_r0_xi_4_p+0_Nd4001_dt1,dwell,0,xi_4,0,4001,1.0,static_mh,2,context,0.031747798493398524,0.018232532153867054,2.9845766180000275e-10,9.400893163097987e-09
dwell_r0_xi_4_p+0_Nd4001_dt1,dwell,0,xi_4,0,4001,1.0,static_lti_mh,2,context,0.032854053548536384,0.01919698476153857,3.142452807534954e-10,9.564886119432734e-09
dwell_r0_xi_4_p+0_Nd4001_dt1,dwell,0,xi_4,0,4001,1.0,linear,2,context,0.0037559754642082135,0.0037559754642082135,6.148348706397335e-11,1.636951243421781e-08
dwell_r0_xi_4_p+0_Nd4001_dt1,dwell,0,xi_4,0,4001,1.0,atomic,2,zerofill,0.35149599217200866,0.1017623956967783,1.6657482054341757e-09,4.739024747169869e-09
dwell_r0_xi_4_p+0_Nd4001_dt1,dwell,0,xi_4,0,4001,1.0,static,2,zerofill,0.03053327727882411,0.017542964223149538,2.8716070383976267e-10,9.404843810818782e-09
dwell_r0_xi_4_p+0_Nd4001_dt1,dwell,0,xi_4,0,4001,1.0,static_lti,2,zerofill,0.032630615083978624,0.019062165738973146,3.120285067383551e-10,9.562446369316484e-09
dwell_r0_xi_4_p+0_Nd4001_dt1,dwell,0,xi_4,0,4001,1.0,static_mh,2,zerofill,0.031758147996573574,0.01823886872695251,2.985519615870492e-10,9.400798863310933e-09
dwell_r0_xi_4_p+0_Nd4001_dt1,dwell,0,xi_4,0,4001,1.0,static_lti_mh,2,zerofill,0.03289370530495917,0.0192200227324198,3.1461246716645383e-10,9.564518933019739e-09
dwell_r0_xi_4_p+0_Nd4001_dt1,dwell,0,xi_4,0,4001,1.0,linear,2,zerofill,0.0037876692160686135,0.0037876692160686135,6.200034065868902e-11,1.6368995580623027e-08
dwell_r0_xi_4_p+0_Nd4001_dt1,dwell,0,xi_4,0,4001,1.0,atomic,4,context,0.35023096677310217,0.10148719353690185,1.6613082341857408e-09,4.743464718418296e-09
dwell_r0_xi_4_p+0_Nd4001_dt1,dwell,0,xi_4,0,4001,1.0,static,4,context,0.030432674688004542,0.017486187670273965,2.862424957152888e-10,9.405762018943252e-09
dwell_r0_xi_4_p+0_Nd4001_dt1,dwell,0,xi_4,0,4001,1.0,static_lti,4,context,0.032463346060803894,0.018966782908840137,3.104792981689087e-10,9.56399557788592e-09
dwell_r0_xi_4_p+0_Nd4001_dt1,dwell,0,xi_4,0,4001,1.0,static_mh,4,context,0.031652912720358826,0.018179576623652542,2.9759301924043097e-10,9.401757805657557e-09
dwell_r0_xi_4_p+0_Nd4001_dt1,dwell,0,xi_4,0,4001,1.0,static_lti_mh,4,context,0.0327275650446069,0.01912527606799054,3.1307377320740645e-10,9.566057626978795e-09
dwell_r0_xi_4_p+0_Nd4001_dt1,dwell,0,xi_4,0,4001,1.0,linear,4,context,0.0037485090083116544,0.0037485090083116544,6.136172126154239e-11,1.6369634200020232e-08
dwell_r0_xi_4_p+0_Nd4001_dt1,dwell,0,xi_4,0,4001,1.0,atomic,8,context,0.3476927937979408,0.10093823984560255,1.6523746448600971e-09,4.752398307743941e-09
dwell_r0_xi_4_p+0_Nd4001_dt1,dwell,0,xi_4,0,4001,1.0,static,8,context,0.03026766056787517,0.01739360486830825,2.847360099707526e-10,9.407268504687789e-09
dwell_r0_xi_4_p+0_Nd4001_dt1,dwell,0,xi_4,0,4001,1.0,static_lti,8,context,0.03229967058938058,0.01887354663578224,3.0896288628823177e-10,9.565511989766606e-09
dwell_r0_xi_4_p+0_Nd4001_dt1,dwell,0,xi_4,0,4001,1.0,static_mh,8,context,0.03147335471087423,0.018079020438938116,2.9595636919074195e-10,9.403394455707236e-09
dwell_r0_xi_4_p+0_Nd4001_dt1,dwell,0,xi_4,0,4001,1.0,static_lti_mh,8,context,0.03255862219008328,0.019029057026197144,3.115086155037098e-10,9.567622784682493e-09
dwell_r0_xi_4_p+0_Nd4001_dt1,dwell,0,xi_4,0,4001,1.0,linear,8,context,0.003716567767159466,0.003716567767159466,6.084079090097342e-11,1.637015513038079e-08
dwell_r0_xi_4_p+0_Nd4001_dt1,dwell,0,xi_4,0,4001,1.0,atomic,16,context,0.3437816533714937,0.10008958130545256,1.638542563511642e-09,4.766230389092398e-09
dwell_r0_xi_4_p+0_Nd4001_dt1,dwell,0,xi_4,0,4001,1.0,static,16,context,0.030001427671238434,0.017244430178395474,2.8230443630866063e-10,9.409700078349882e-09
dwell_r0_xi_4_p+0_Nd4001_dt1,dwell,0,xi_4,0,4001,1.0,static_lti,16,context,0.03201990380883994,0.018714451545989268,3.063698040388262e-10,9.56810507201601e-09
dwell_r0_xi_4_p+0_Nd4001_dt1,dwell,0,xi_4,0,4001,1.0,static_mh,16,context,0.03119736594067604,0.017924619503472745,2.934396528401804e-10,9.405911172057804e-09
dwell_r0_xi_4_p+0_Nd4001_dt1,dwell,0,xi_4,0,4001,1.0,static_lti_mh,16,context,0.03227831910070563,0.018869657257860804,3.089106395751997e-10,9.570220760611004e-09
dwell_r0_xi_4_p+0_Nd4001_dt1,dwell,0,xi_4,0,4001,1.0,linear,16,context,0.003679451980867643,0.003679451980867643,6.023542712852191e-11,1.6370760494153245e-08
dwell_r0_xi_4_p+3_Nd4001_dt1,dwell,0,xi_4,3,4001,1.0,atomic,2,context,0.7114098378427283,0.10015769412066855,3.2712976494332888e-09,4.598330632245876e-09
dwell_r0_xi_4_p+3_Nd4001_dt1,dwell,0,xi_4,3,4001,1.0,static,2,context,0.1659010973106455,0.05073161319791128,1.6569691271680229e-09,9.98769239039686e-09
dwell_r0_xi_4_p+3_Nd4001_dt1,dwell,0,xi_4,3,4001,1.0,static_lti,2,context,0.16328198897530433,0.05141297936396541,1.6792235486279543e-09,1.0284193371027159e-08
dwell_r0_xi_4_p+3_Nd4001_dt1,dwell,0,xi_4,3,4001,1.0,static_mh,2,context,0.20297345806882242,0.06195622083626699,2.023581327114693e-09,9.969684442330167e-09
dwell_r0_xi_4_p+3_Nd4001_dt1,dwell,0,xi_4,3,4001,1.0,static_lti_mh,2,context,0.1647764843003902,0.05188994447866243,1.6948019310205263e-09,1.028545995635442e-08
dwell_r0_xi_4_p+3_Nd4001_dt1,dwell,0,xi_4,3,4001,1.0,linear,2,context,0.0037559754642078943,0.0037559754642078943,1.2267568473161227e-10,3.26614712744093e-08
dwell_r0_xi_4_p+3_Nd4001_dt1,dwell,0,xi_4,3,4001,1.0,atomic,2,zerofill,0.7117765390654853,0.10019101745684439,3.2722827157822006e-09,4.59734556589697e-09
dwell_r0_xi_4_p+3_Nd4001_dt1,dwell,0,xi_4,3,4001,1.0,static,2,zerofill,0.16596135130806539,0.05074901824924733,1.6574852663958354e-09,9.987176251169057e-09
dwell_r0_xi_4_p+3_Nd4001_dt1,dwell,0,xi_4,3,4001,1.0,static_lti,2,zerofill,0.16337257893996715,0.051439122115996654,1.6800243623405486e-09,1.0283392557314591e-08
dwell_r0_xi_4_p+3_Nd4001_dt1,dwell,0,xi_4,3,4001,1.0,static_mh,2,zerofill,0.2030410663643932,0.0619753316472638,2.0241416017315526e-09,9.9691241677133e-09
dwell_r0_xi_4_p+3_Nd4001_dt1,dwell,0,xi_4,3,4001,1.0,static_lti_mh,2,zerofill,0.16486133000451844,0.051914521005145375,1.6955510992432205e-09,1.0284710788131756e-08
dwell_r0_xi_4_p+3_Nd4001_dt1,dwell,0,xi_4,3,4001,1.0,linear,2,zerofill,0.0037876692160682137,0.0037876692160682137,1.2370694323150258e-10,3.266044001590943e-08
dwell_r0_xi_4_p+3_Nd4001_dt1,dwell,0,xi_4,3,4001,1.0,atomic,4,context,0.7085837391461691,0.09992407977527247,3.2636917382283543e-09,4.605936543450807e-09
dwell_r0_xi_4_p+3_Nd4001_dt1,dwell,0,xi_4,3,4001,1.0,static,4,context,0.16531564371404742,0.050577606164387265,1.6519513189345063e-09,9.99271019863037e-09
dwell_r0_xi_4_p+3_Nd4001_dt1,dwell,0,xi_4,3,4001,1.0,static_lti,4,context,0.1625568847760098,0.05121620778818661,1.6728091426772966e-09,1.0290607776977838e-08
dwell_r0_xi_4_p+3_Nd4001_dt1,dwell,0,xi_4,3,4001,1.0,static_mh,4,context,0.20222658834956478,0.0617661326303386,2.0173877730104237e-09,9.975877996434417e-09
dwell_r0_xi_4_p+3_Nd4001_dt1,dwell,0,xi_4,3,4001,1.0,static_lti_mh,4,context,0.1640459172830511,0.05169191856394084,1.6883466720906973e-09,1.0291915215284263e-08
dwell_r0_xi_4_p+3_Nd4001_dt1,dwell,0,xi_4,3,4001,1.0,linear,4,context,0.0037485090083113036,0.0037485090083113036,1.224327300147689e-10,3.266171422912616e-08
dwell_r0_xi_4_p+3_Nd4001_dt1,dwell,0,xi_4,3,4001,1.0,atomic,8,context,0.7042071277227357,0.09955875643473674,3.2518631323249136e-09,4.617765149354261e-09
dwell_r0_xi_4_p+3_Nd4001_dt1,dwell,0,xi_4,3,4001,1.0,static,8,context,0.16429682984032715,0.05030828851134504,1.6432072327826737e-09,1.000145428478221e-08
dwell_r0_xi_4_p+3_Nd4001_dt1,dwell,0,xi_4,3,4001,1.0,static_lti,8,context,0.16158630749134636,0.050951328903824804,1.6642107026911335e-09,1.0299206216964015e-08
dwell_r0_xi_4_p+3_Nd4001_dt1,dwell,0,xi_4,3,4001,1.0,static_mh,8,context,0.20096326545874457,0.0614428876402118,2.0068939008068397e-09,9.986371868638012e-09
dwell_r0_xi_4_p+3_Nd4001_dt1,dwell,0,xi_4,3,4001,1.0,static_lti_mh,8,context,0.1630436776756017,0.05141874292444607,1.679477731686081e-09,1.0300784155688869e-08
dwell_r0_xi_4_p+3_Nd4001_dt1,dwell,0,xi_4,3,4001,1.0,linear,8,context,0.0037165677671590126,0.0037165677671590126,1.2139333729759915e-10,3.266275362184331e-08
dwell_r0_xi_4_p+3_Nd4001_dt1,dwell,0,xi_4,3,4001,1.0,atomic,16,context,0.7000398239676722,0.0992085303848571,3.2405436151138405e-09,4.629084666565325e-09
dwell_r0_xi_4_p+3_Nd4001_dt1,dwell,0,xi_4,3,4001,1.0,static,16,context,0.1627271065471014,0.049893057574827704,1.629704910811718e-09,1.0014956606753156e-08
dwell_r0_xi_4_p+3_Nd4001_dt1,dwell,0,xi_4,3,4001,1.0,static_lti,16,context,0.15998196465545775,0.05051335007443527,1.6499661211260794e-09,1.0313450798529065e-08
dwell_r0_xi_4_p+3_Nd4001_dt1,dwell,0,xi_4,3,4001,1.0,static_mh,16,context,0.19910857112765631,0.06096773365585717,1.991447703741063e-09,1.00018180657038e-08
dwell_r0_xi_4_p+3_Nd4001_dt1,dwell,0,xi_4,3,4001,1.0,static_lti_mh,16,context,0.1614229293830446,0.05097676663368208,1.665103141767144e-09,1.0315158745607808e-08
dwell_r0_xi_4_p+3_Nd4001_dt1,dwell,0,xi_4,3,4001,1.0,linear,16,context,0.003679451980867252,0.003679451980867252,1.2018547777558152e-10,3.2663961481365394e-08
dwell_r0_xi_4_p+6_Nd4001_dt1,dwell,0,xi_4,6,4001,1.0,atomic,2,context,0.7978423424220876,0.06424402943384518,4.186667937887552e-09,5.247487774561671e-09
dwell_r0_xi_4_p+6_Nd4001_dt1,dwell,0,xi_4,6,4001,1.0,static,2,context,0.6729211120344121,0.08871090139057267,5.781130011084758e-09,8.591096203843164e-09
dwell_r0_xi_4_p+6_Nd4001_dt1,dwell,0,xi_4,6,4001,1.0,static_lti,2,context,0.6763153878227018,0.09106673108788593,5.934655198526825e-09,8.774981769426505e-09
dwell_r0_xi_4_p+6_Nd4001_dt1,dwell,0,xi_4,6,4001,1.0,static_mh,2,context,0.7764336814290455,0.10211702768795311,6.654783168197361e-09,8.57096147084844e-09
dwell_r0_xi_4_p+6_Nd4001_dt1,dwell,0,xi_4,6,4001,1.0,static_lti_mh,2,context,0.6815654868956165,0.09169923079334963,5.9758740675941056e-09,8.767864838363399e-09
dwell_r0_xi_4_p+6_Nd4001_dt1,dwell,0,xi_4,6,4001,1.0,linear,2,context,0.0037559754642071154,0.0037559754642071154,2.447701707079406e-10,6.516820278526806e-08
dwell_r0_xi_4_p+6_Nd4001_dt1,dwell,0,xi_4,6,4001,1.0,atomic,2,zerofill,0.7985038382184414,0.06427567522588289,4.1885979816442124e-09,5.2455577308050025e-09
dwell_r0_xi_4_p+6_Nd4001_dt1,dwell,0,xi_4,6,4001,1.0,static,2,zerofill,0.6732783731915644,0.08874185023151379,5.782964293425452e-09,8.589261921502498e-09
dwell_r0_xi_4_p+6_Nd4001_dt1,dwell,0,xi_4,6,4001,1.0,static_lti,2,zerofill,0.6767650125773361,0.09110571443173272,5.937008211021372e-09,8.772628756931979e-09
dwell_r0_xi_4_p+6_Nd4001_dt1,dwell,0,xi_4,6,4001,1.0,static_mh,2,zerofill,0.7768182950470928,0.1021487221594763,6.656638455544763e-09,8.56910618350102e-09
dwell_r0_xi_4_p+6_Nd4001_dt1,dwell,0,xi_4,6,4001,1.0,static_lti_mh,2,zerofill,0.6819859683123664,0.09173576158429218,5.978065955218955e-09,8.765672950738561e-09
dwell_r0_xi_4_p+6_Nd4001_dt1,dwell,0,xi_4,6,4001,1.0,linear,2,zerofill,0.003787669216067509,0.003787669216067509,2.468278019297675e-10,6.516614515404615e-08
dwell_r0_xi_4_p+6_Nd4001_dt1,dwell,0,xi_4,6,4001,1.0,atomic,4,context,0.7934698294987544,0.0640472383603117,4.173874464737397e-09,5.260281247711825e-09
dwell_r0_xi_4_p+6_Nd4001_dt1,dwell,0,xi_4,6,4001,1.0,static,4,context,0.6694239382876294,0.08843408189045134,5.763133050929166e-09,8.609093163998772e-09
dwell_r0_xi_4_p+6_Nd4001_dt1,dwell,0,xi_4,6,4001,1.0,static_lti,4,context,0.6720749275948666,0.09072457428804381,5.912401434308996e-09,8.797235533644322e-09
dwell_r0_xi_4_p+6_Nd4001_dt1,dwell,0,xi_4,6,4001,1.0,static_mh,4,context,0.7721035020496972,0.10179489657982199,6.633839808749489e-09,8.591904830296308e-09
dwell_r0_xi_4_p+6_Nd4001_dt1,dwell,0,xi_4,6,4001,1.0,static_lti_mh,4,context,0.677195864049455,0.09134802687970472,5.95303102145323e-09,8.790707884504277e-09
dwell_r0_xi_4_p+6_Nd4001_dt1,dwell,0,xi_4,6,4001,1.0,linear,4,context,0.003748509008310602,0.003748509008310602,2.442854123171842e-10,6.516868754365888e-08
dwell_r0_xi_4_p+6_Nd4001_dt1,dwell,0,xi_4,6,4001,1.0,atomic,8,context,0.7883005961264429,0.0638118857207797,4.158669179097882e-09,5.275486533351339e-09
dwell_r0_xi_4_p+6_Nd4001_dt1,dwell,0,xi_4,6,4001,1.0,static,8,context,0.6635423450865097,0.0879642152076858,5.7326948814586195e-09,8.63953133346933e-09
dwell_r0_xi_4_p+6_Nd4001_dt1,dwell,0,xi_4,6,4001,1.0,static_lti,8,context,0.6662710856853344,0.09025150813247537,5.8817595029229176e-09,8.827877465030422e-09
dwell_r0_xi_4_p+6_Nd4001_dt1,dwell,0,xi_4,6,4001,1.0,static_mh,8,context,0.7650358127586577,0.10126374641465315,6.5994354565432856e-09,8.626309182502518e-09
dwell_r0_xi_4_p+6_Nd4001_dt1,dwell,0,xi_4,6,4001,1.0,static_lti_mh,8,context,0.6712347504119487,0.09086399160236033,5.921675517003161e-09,8.822063388954346e-09
dwell_r0_xi_4_p+6_Nd4001_dt1,dwell,0,xi_4,6,4001,1.0,linear,8,context,0.0037165677671584015,0.0037165677671584015,2.4221155119816803e-10,6.517076140477782e-08
dwell_r0_xi_4_p+6_Nd4001_dt1,dwell,0,xi_4,6,4001,1.0,atomic,16,context,0.7817655446539571,0.06351263842044384,4.139320069928436e-09,5.294835642520772e-09
dwell_r0_xi_4_p+6_Nd4001_dt1,dwell,0,xi_4,6,4001,1.0,static,16,context,0.6546347246556813,0.0872473196207842,5.686184515954948e-09,8.686041698972988e-09
dwell_r0_xi_4_p+6_Nd4001_dt1,dwell,0,xi_4,6,4001,1.0,static_lti,16,context,0.6567033152958011,0.08946590659963786,5.8307768653966124e-09,8.878860102556717e-09
dwell_r0_xi_4_p+6_Nd4001_dt1,dwell,0,xi_4,6,4001,1.0,static_mh,16,context,0.7551869938415408,0.10051729585962711,6.551030951861084e-09,8.674713687184704e-09
dwell_r0_xi_4_p+6_Nd4001_dt1,dwell,0,xi_4,6,4001,1.0,static_lti_mh,16,context,0.6614097949616524,0.09006014301797527,5.869505137341849e-09,8.87423376861565e-09
dwell_r0_xi_4_p+6_Nd4001_dt1,dwell,0,xi_4,6,4001,1.0,linear,16,context,0.0036794519808665944,0.0036794519808665944,2.3980155461210646e-10,6.51731714013639e-08
dwell_r1_xi_0.05_p+0_Nd4001_dt1,dwell,1,xi_0.05,0,4001,1.0,atomic,2,context,0.17144648336305773,0.07735985226804994,1.466532789877935e-09,8.553880844393771e-09
dwell_r1_xi_0.05_p+0_Nd4001_dt1,dwell,1,xi_0.05,0,4001,1.0,static,2,context,0.01165110608205375,0.005617978699602959,1.065016249934887e-10,9.140902524055945e-09
dwell_r1_xi_0.05_p+0_Nd4001_dt1,dwell,1,xi_0.05,0,4001,1.0,static_lti,2,context,0.013531810026407172,0.007625459403814109,1.4455800942881425e-10,1.0682828767674905e-08
dwell_r1_xi_0.05_p+0_Nd4001_dt1,dwell,1,xi_0.05,0,4001,1.0,static_mh,2,context,0.11759475214330362,0.0565562917324021,1.0721537576374796e-09,9.117360580265766e-09
dwell_r1_xi_0.05_p+0_Nd4001_dt1,dwell,1,xi_0.05,0,4001,1.0,static_lti_mh,2,context,0.016157991896155025,0.009101456117606824,1.725389002276852e-10,1.0678239061918504e-08
dwell_r1_xi_0.05_p+0_Nd4001_dt1,dwell,1,xi_0.05,0,4001,1.0,linear,2,context,0.009461364167581154,0.009461364167581154,1.793617798112644e-10,1.895728529569105e-08
dwell_r1_xi_0.05_p+0_Nd4001_dt1,dwell,1,xi_0.05,0,4001,1.0,atomic,2,zerofill,0.17203850558309614,0.07760243502783978,1.470853541716137e-09,8.549560092555567e-09
dwell_r1_xi_0.05_p+0_Nd4001_dt1,dwell,1,xi_0.05,0,4001,1.0,static,2,zerofill,0.011654380909570505,0.005620601546987744,1.0653121501917197e-10,9.140872934030258e-09
dwell_r1_xi_0.05_p+0_Nd4001_dt1,dwell,1,xi_0.05,0,4001,1.0,static_lti,2,zerofill,0.013641739771979971,0.007688026016878269,1.4571656535873506e-10,1.0681670211744969e-08
dwell_r1_xi_0.05_p+0_Nd4001_dt1,dwell,1,xi_0.05,0,4001,1.0,static_mh,2,zerofill,0.11764628636863259,0.05658915986831761,1.0725741555042108e-09,9.11694018239904e-09
dwell_r1_xi_0.05_p+0_Nd4001_dt1,dwell,1,xi_0.05,0,4001,1.0,static_lti_mh,2,zerofill,0.01627163381982884,0.009166175189157097,1.7373296644783902e-10,1.0677044995698318e-08
dwell_r1_xi_0.05_p+0_Nd4001_dt1,dwell,1,xi_0.05,0,4001,1.0,linear,2,zerofill,0.009652130010623488,0.009652130010623488,1.829436100315288e-10,1.8953703465470767e-08
dwell_r1_xi_0.05_p+0_Nd4001_dt1,dwell,1,xi_0.05,0,4001,1.0,atomic,4,context,0.17078884211384013,0.07710359115781572,1.461728008108737e-09,8.55868562616295e-09
dwell_r1_xi_0.05_p+0_Nd4001_dt1,dwell,1,xi_0.05,0,4001,1.0,static,4,context,0.011367847668311826,0.005482731503970981,1.0394149066145208e-10,9.143462658387983e-09
dwell_r1_xi_0.05_p+0_Nd4001_dt1,dwell,1,xi_0.05,0,4001,1.0,static_lti,4,context,0.013307084189323325,0.0075002115666374216,1.421888286792686e-10,1.0685197948424418e-08
dwell_r1_xi_0.05_p+0_Nd4001_dt1,dwell,1,xi_0.05,0,4001,1.0,static_mh,4,context,0.11684932043427597,0.056233242845827834,1.0660684518090013e-09,9.123445886094229e-09
dwell_r1_xi_0.05_p+0_Nd4001_dt1,dwell,1,xi_0.05,0,4001,1.0,static_lti_mh,4,context,0.015918443466066492,0.008968311179266412,1.700210254712575e-10,1.0680756936674937e-08
dwell_r1_xi_0.05_p+0_Nd4001_dt1,dwell,1,xi_0.05,0,4001,1.0,linear,4,context,0.009424601605619667,0.009424601605619667,1.7867136828949629e-10,1.8957975707212787e-08
dwell_r1_xi_0.05_p+0_Nd4001_dt1,dwell,1,xi_0.05,0,4001,1.0,atomic,8,context,0.1699448059137454,0.07677109008487494,1.4555534941853482e-09,8.564860140086346e-09
dwell_r1_xi_0.05_p+0_Nd4001_dt1,dwell,1,xi_0.05,0,4001,1.0,static,8,context,0.01120465391892522,0.00540441588437995,1.0246586854300558e-10,9.144938280506425e-09
dwell_r1_xi_0.05_p+0_Nd4001_dt1,dwell,1,xi_0.05,0,4001,1.0,static_lti,8,context,0.013120899910053583,0.0073959767126254876,1.4022517766875383e-10,1.0687161599434927e-08
dwell_r1_xi_0.05_p+0_Nd4001_dt1,dwell,1,xi_0.05,0,4001,1.0,static_mh,8,context,0.11613316541207223,0.05591949893999123,1.060214489402358e-09,9.129299848500875e-09
dwell_r1_xi_0.05_p+0_Nd4001_dt1,dwell,1,xi_0.05,0,4001,1.0,static_lti_mh,8,context,0.015692357931091434,0.008842120587351222,1.676435687274798e-10,1.0683134393418713e-08
dwell_r1_xi_0.05_p+0_Nd4001_dt1,dwell,1,xi_0.05,0,4001,1.0,linear,8,context,0.009335117139133733,0.009335117139133733,1.7699061398598834e-10,1.895965646151629e-08
dwell_r1_xi_0.05_p+0_Nd4001_dt1,dwell,1,xi_0.05,0,4001,1.0,atomic,16,context,0.1683007314361868,0.07612824855736375,1.4435007173777338e-09,8.576912916893971e-09
dwell_r1_xi_0.05_p+0_Nd4001_dt1,dwell,1,xi_0.05,0,4001,1.0,static,16,context,0.011053588375650677,0.005331848314735786,1.0109948689376353e-10,9.146304662155672e-09
dwell_r1_xi_0.05_p+0_Nd4001_dt1,dwell,1,xi_0.05,0,4001,1.0,static_lti,16,context,0.01294971796679823,0.007300034411990556,1.3841911656026438e-10,1.068896766054342e-08
dwell_r1_xi_0.05_p+0_Nd4001_dt1,dwell,1,xi_0.05,0,4001,1.0,static_mh,16,context,0.11492242143248355,0.05539141221991105,1.0503005755578127e-09,9.13921376234541e-09
dwell_r1_xi_0.05_p+0_Nd4001_dt1,dwell,1,xi_0.05,0,4001,1.0,static_lti_mh,16,context,0.015496092220425483,0.008732400517845912,1.655788311278703e-10,1.0685199131018332e-08
dwell_r1_xi_0.05_p+0_Nd4001_dt1,dwell,1,xi_0.05,0,4001,1.0,linear,16,context,0.009240527268238713,0.009240527268238713,1.7521364268087925e-10,1.896143343282139e-08
dwell_r1_xi_0.05_p+3_Nd4001_dt1,dwell,1,xi_0.05,3,4001,1.0,atomic,2,context,0.3035779174880517,0.07906339414490501,2.9905536667466108e-09,9.851025039936622e-09
dwell_r1_xi_0.05_p+3_Nd4001_dt1,dwell,1,xi_0.05,3,4001,1.0,static,2,context,0.036153690285629654,0.010600238415709302,4.0095144162907886e-10,1.1090194070408597e-08
dwell_r1_xi_0.05_p+3_Nd4001_dt1,dwell,1,xi_0.05,3,4001,1.0,static_lti,2,context,0.042786878142658503,0.013374408140016855,5.058837371740965e-10,1.18233383489068e-08
dwell_r1_xi_0.05_p+3_Nd4001_dt1,dwell,1,xi_0.05,3,4001,1.0,static_mh,2,context,1.632894266340451,0.47704877213234803,1.804425385662876e-08,1.105047291094267e-08
dwell_r1_xi_0.05_p+3_Nd4001_dt1,dwell,1,xi_0.05,3,4001,1.0,static_lti_mh,2,context,0.06881917744008868,0.02151441472221205,8.13777507673122e-10,1.1824865363750755e-08
dwell_r1_xi_0.05_p+3_Nd4001_dt1,dwell,1,xi_0.05,3,4001,1.0,linear,2,context,0.009461364167581036,0.009461364167581036,3.578738000031564e-10,3.782475694460592e-08
dwell_r1_xi_0.05_p+3_Nd4001_dt1,dwell,1,xi_0.05,3,4001,1.0,atomic,2,zerofill,0.30476117657779456,0.079314565982008,2.9994873437528242e-09,9.84209136293042e-09
dwell_r1_xi_0.05_p+3_Nd4001_dt1,dwell,1,xi_0.05,3,4001,1.0,static,2,zerofill,0.036163446680151465,0.010605002878706405,4.0105586560680325e-10,1.109008964643089e-08
dwell_r1_xi_0.05_p+3_Nd4001_dt1,dwell,1,xi_0.05,3,4001,1.0,static_lti,2,zerofill,0.04283488105339706,0.013391326841792422,5.064279792834711e-10,1.1822794106797416e-08
dwell_r1_xi_0.05_p+3_Nd4001_dt1,dwell,1,xi_0.05,3,4001,1.0,static_mh,2,zerofill,1.634408962913103,0.477306931502769,1.8050607506984508e-08,1.104411926058693e-08
dwell_r1_xi_0.05_p+3_Nd4001_dt1,dwell,1,xi_0.05,3,4001,1.0,static_lti_mh,2,zerofill,0.06888837211875486,0.021538721959632256,8.145429924332339e-10,1.1824099878990675e-08
dwell_r1_xi_0.05_p+3_Nd4001_dt1,dwell,1,xi_0.05,3,4001,1.0,linear,2,zerofill,0.009652130010622999,0.009652130010622999,3.6502049086025316e-10,3.781761025374883e-08
dwell_r1_xi_0.05_p+3_Nd4001_dt1,dwell,1,xi_0.05,3,4001,1.0,atomic,4,context,0.3022429402606297,0.07879353937725814,2.9804550179549717e-09,9.861123688728246e-09
dwell_r1_xi_0.05_p+3_Nd4001_dt1,dwell,1,xi_0.05,3,4001,1.0,static,4,context,0.03493633577172103,0.01025498618621198,3.879064867414261e-10,1.1103239025296242e-08
dwell_r1_xi_0.05_p+3_Nd4001_dt1,dwell,1,xi_0.05,3,4001,1.0,static_lti,4,context,0.04165139492233233,0.01303319412801453,4.929953540078416e-10,1.1836226732073049e-08
dwell_r1_xi_0.05_p+3_Nd4001_dt1,dwell,1,xi_0.05,3,4001,1.0,static_mh,4,context,1.6151942792744134,0.4750541657749224,1.7969462767818494e-08,1.112526399975292e-08
dwell_r1_xi_0.05_p+3_Nd4001_dt1,dwell,1,xi_0.05,3,4001,1.0,static_lti_mh,4,context,0.0674974621493416,0.021126573872395825,7.99136624751653e-10,1.1839506246672242e-08
dwell_r1_xi_0.05_p+3_Nd4001_dt1,dwell,1,xi_0.05,3,4001,1.0,linear,4,context,0.009424601605619403,0.009424601605619403,3.564962479119478e-10,3.782613449669718e-08
dwell_r1_xi_0.05_p+3_Nd4001_dt1,dwell,1,xi_0.05,3,4001,1.0,atomic,8,context,0.300583349277163,0.07845392639862034,2.967871870577482e-09,9.873706836105734e-09
dwell_r1_xi_0.05_p+3_Nd4001_dt1,dwell,1,xi_0.05,3,4001,1.0,static,8,context,0.0342849342540802,0.01006922354321871,3.8091357162464296e-10,1.1110231940413041e-08
dwell_r1_xi_0.05_p+3_Nd4001_dt1,dwell,1,xi_0.05,3,4001,1.0,static_lti,8,context,0.04095107857858267,0.012821541339685952,4.850323447950394e-10,1.1844189741285844e-08
dwell_r1_xi_0.05_p+3_Nd4001_dt1,dwell,1,xi_0.05,3,4001,1.0,static_mh,8,context,1.5948361183378803,0.4727047293057709,1.7882177904867895e-08,1.1212548862703519e-08
dwell_r1_xi_0.05_p+3_Nd4001_dt1,dwell,1,xi_0.05,3,4001,1.0,static_lti_mh,8,context,0.06650124163505874,0.02083235496502502,7.880773230448564e-10,1.1850565548379031e-08
dwell_r1_xi_0.05_p+3_Nd4001_dt1,dwell,1,xi_0.05,3,4001,1.0,linear,8,context,0.009335117139133538,0.009335117139133538,3.5314270218943925e-10,3.7829488042419685e-08
dwell_r1_xi_0.05_p+3_Nd4001_dt1,dwell,1,xi_0.05,3,4001,1.0,atomic,16,context,0.29756590271918987,0.07783967116948941,2.944910892145017e-09,9.89666781453822e-09
dwell_r1_xi_0.05_p+3_Nd4001_dt1,dwell,1,xi_0.05,3,4001,1.0,static,16,context,0.03380056598289348,0.00993068863513788,3.757080764696415e-10,1.111543743556803e-08
dwell_r1_xi_0.05_p+3_Nd4001_dt1,dwell,1,xi_0.05,3,4001,1.0,static_lti,16,context,0.04039657753315178,0.012653485375800168,4.78719736953329e-10,1.1850502349127567e-08
dwell_r1_xi_0.05_p+3_Nd4001_dt1,dwell,1,xi_0.05,3,4001,1.0,static_mh,16,context,1.5597413086414647,0.46859711938766935,1.7728450546865e-08,1.1366276220706425e-08
dwell_r1_xi_0.05_p+3_Nd4001_dt1,dwell,1,xi_0.05,3,4001,1.0,static_lti_mh,16,context,0.06579749269200842,0.020623573879185914,7.802523628283005e-10,1.1858390508595593e-08
dwell_r1_xi_0.05_p+3_Nd4001_dt1,dwell,1,xi_0.05,3,4001,1.0,linear,16,context,0.009240527268238471,0.009240527268238471,3.4959717830957294e-10,3.783303356629961e-08
dwell_r1_xi_0.05_p+6_Nd4001_dt1,dwell,1,xi_0.05,6,4001,1.0,atomic,2,context,0.5472949836358778,0.0712598530223222,5.3780033481104396e-09,9.826516794256775e-09
dwell_r1_xi_0.05_p+6_Nd4001_dt1,dwell,1,xi_0.05,6,4001,1.0,static,2,context,0.11311622567371586,0.018778566968861134,1.4172243100138832e-09,1.2528921483836205e-08
dwell_r1_xi_0.05_p+6_Nd4001_dt1,dwell,1,xi_0.05,6,4001,1.0,static_lti,2,context,0.1323926223754449,0.023773779414253193,1.794214552295553e-09,1.3552224588523061e-08
dwell_r1_xi_0.05_p+6_Nd4001_dt1,dwell,1,xi_0.05,6,4001,1.0,static_mh,2,context,1.5910399974528648,0.2640373825826391,1.9926983670748465e-08,1.2524502025499085e-08
dwell_r1_xi_0.05_p+6_Nd4001_dt1,dwell,1,xi_0.05,6,4001,1.0,static_lti_mh,2,context,0.17546247664416414,0.03155188708085424,2.381230765475791e-09,1.3571168098264675e-08
dwell_r1_xi_0.05_p+6_Nd4001_dt1,dwell,1,xi_0.05,6,4001,1.0,linear,2,context,0.009461364167580753,0.009461364167580753,7.140521066609866e-10,7.547031210442964e-08
dwell_r1_xi_0.05_p+6_Nd4001_dt1,dwell,1,xi_0.05,6,4001,1.0,atomic,2,zerofill,0.549319879261538,0.07144352250050075,5.390846190404339e-09,9.81367395196286e-09
dwell_r1_xi_0.05_p+6_Nd4001_dt1,dwell,1,xi_0.05,6,4001,1.0,static,2,zerofill,0.1131289175425831,0.01878400891620381,1.4173671644721702e-09,1.2528778629377903e-08
dwell_r1_xi_0.05_p+6_Nd4001_dt1,dwell,1,xi_0.05,6,4001,1.0,static_lti,2,zerofill,0.1325475905565492,0.023802847644600833,1.796068923460093e-09,1.3550370217358499e-08
dwell_r1_xi_0.05_p+6_Nd4001_dt1,dwell,1,xi_0.05,6,4001,1.0,static_mh,2,zerofill,1.5928528756766525,0.26420333300698584,1.993574058757889e-08,1.2515745108668672e-08
dwell_r1_xi_0.05_p+6_Nd4001_dt1,dwell,1,xi_0.05,6,4001,1.0,static_lti_mh,2,zerofill,0.17565653157161573,0.03158753676053081,2.3834708347222244e-09,1.3568928029018241e-08
dwell_r1_xi_0.05_p+6_Nd4001_dt1,dwell,1,xi_0.05,6,4001,1.0,linear,2,zerofill,0.00965213001062242,0.00965213001062242,7.283116296048612e-10,7.545605258148567e-08
dwell_r1_xi_0.05_p+6_Nd4001_dt1,dwell,1,xi_0.05,6,4001,1.0,atomic,4,context,0.5448418242460633,0.07105050603975537,5.362399153839764e-09,9.84212098852745e-09
dwell_r1_xi_0.05_p+6_Nd4001_dt1,dwell,1,xi_0.05,6,4001,1.0,static,4,context,0.10913887221262727,0.018182591172766497,1.372295806941914e-09,1.2573849986908152e-08
dwell_r1_xi_0.05_p+6_Nd4001_dt1,dwell,1,xi_0.05,6,4001,1.0,static_lti,4,context,0.12850230973689258,0.023153899324088748,1.747495648716594e-09,1.3598943492102025e-08
dwell_r1_xi_0.05_p+6_Nd4001_dt1,dwell,1,xi_0.05,6,4001,1.0,static_mh,4,context,1.5673370622122629,0.26249566464039975,1.9811351226220382e-08,1.2640134470027194e-08
dwell_r1_xi_0.05_p+6_Nd4001_dt1,dwell,1,xi_0.05,6,4001,1.0,static_lti_mh,4,context,0.17101754211247885,0.03086819939611051,2.329717486173024e-09,1.3622681377567457e-08
dwell_r1_xi_0.05_p+6_Nd4001_dt1,dwell,1,xi_0.05,6,4001,1.0,linear,4,context,0.00942460160561922,0.00942460160561922,7.113035288864973e-10,7.547306068220408e-08
dwell_r1_xi_0.05_p+6_Nd4001_dt1,dwell,1,xi_0.05,6,4001,1.0,atomic,8,context,0.5417994076604357,0.07078690200136556,5.3429777998137626e-09,9.861542342553447e-09
dwell_r1_xi_0.05_p+6_Nd4001_dt1,dwell,1,xi_0.05,6,4001,1.0,static,8,context,0.10694799781155617,0.01785127237670791,1.347409609836281e-09,1.2598736184013796e-08
dwell_r1_xi_0.05_p+6_Nd4001_dt1,dwell,1,xi_0.05,6,4001,1.0,static_lti,8,context,0.12610887432331044,0.022768919712445265,1.7185924105986467e-09,1.3627846730219965e-08
dwell_r1_xi_0.05_p+6_Nd4001_dt1,dwell,1,xi_0.05,6,4001,1.0,static_mh,8,context,1.545245536490083,0.2610188872344867,1.9701640845915967e-08,1.2749844850331595e-08
dwell_r1_xi_0.05_p+6_Nd4001_dt1,dwell,1,xi_0.05,6,4001,1.0,static_lti_mh,8,context,0.16821498383322628,0.030432486770791942,2.2970365507213556e-09,1.3655362313019102e-08
dwell_r1_xi_0.05_p+6_Nd4001_dt1,dwell,1,xi_0.05,6,4001,1.0,linear,8,context,0.009335117139133113,0.009335117139133113,7.046123254848333e-10,7.547975188560576e-08
dwell_r1_xi_0.05_p+6_Nd4001_dt1,dwell,1,xi_0.05,6,4001,1.0,atomic,16,context,0.5352585534023253,0.07022368944995494,5.3009634361224625e-09,9.90355670624475e-09
dwell_r1_xi_0.05_p+6_Nd4001_dt1,dwell,1,xi_0.05,6,4001,1.0,static,16,context,0.10535843622387295,0.017609589052650965,1.329291987140175e-09,1.2616853806709913e-08
dwell_r1_xi_0.05_p+6_Nd4001_dt1,dwell,1,xi_0.05,6,4001,1.0,static_lti,16,context,0.12436270531546673,0.022486413096651076,1.697427955844452e-09,1.364901118497417e-08
dwell_r1_xi_0.05_p+6_Nd4001_dt1,dwell,1,xi_0.05,6,4001,1.0,static_mh,16,context,1.5126384606424996,0.25880255184322226,1.953618323448811e-08,1.2915302461759456e-08
dwell_r1_xi_0.05_p+6_Nd4001_dt1,dwell,1,xi_0.05,6,4001,1.0,static_lti_mh,16,context,0.16615928754752388,0.030110750489391536,2.272964987010854e-09,1.3679433876729605e-08
dwell_r1_xi_0.05_p+6_Nd4001_dt1,dwell,1,xi_0.05,6,4001,1.0,linear,16,context,0.009240527268238112,0.009240527268238112,6.975380753005174e-10,7.548682613579005e-08
dwell_r1_xi_0.1_p+0_Nd4001_dt1,dwell,1,xi_0.1,0,4001,1.0,atomic,2,context,0.11976349465499178,0.057089690910362284,1.0472160192619302e-09,8.744033582843367e-09
dwell_r1_xi_0.1_p+0_Nd4001_dt1,dwell,1,xi_0.1,0,4001,1.0,static,2,context,0.016426505228705663,0.008396320612948984,1.540166238164614e-10,9.376104148270938e-09
dwell_r1_xi_0.1_p+0_Nd4001_dt1,dwell,1,xi_0.1,0,4001,1.0,static_lti,2,context,0.02069187598229324,0.011697638007864506,2.1457383485569804e-10,1.0369955582534729e-08
dwell_r1_xi_0.1_p+0_Nd4001_dt1,dwell,1,xi_0.1,0,4001,1.0,static_mh,2,context,0.05921720714660115,0.030196819920766373,5.539107507421193e-10,9.3538817082479e-09
dwell_r1_xi_0.1_p+0_Nd4001_dt1,dwell,1,xi_0.1,0,4001,1.0,static_lti_mh,2,context,0.022246704494911028,0.012569712554386322,2.3057060100638792e-10,1.036425871792073e-08
dwell_r1_xi_0.1_p+0_Nd4001_dt1,dwell,1,xi_0.1,0,4001,1.0,linear,2,context,0.009607764883037996,0.009607764883037996,1.7623856661997413e-10,1.834334715362509e-08
dwell_r1_xi_0.1_p+0_Nd4001_dt1,dwell,1,xi_0.1,0,4001,1.0,atomic,2,zerofill,0.11988386466588263,0.05714349550899232,1.0481558661967838e-09,8.743093735908525e-09
dwell_r1_xi_0.1_p+0_Nd4001_dt1,dwell,1,xi_0.1,0,4001,1.0,static,2,zerofill,0.016422764079917388,0.008394816531113153,1.5398211317589646e-10,9.376138658911494e-09
dwell_r1_xi_0.1_p+0_Nd4001_dt1,dwell,1,xi_0.1,0,4001,1.0,static_lti,2,zerofill,0.02075078567107354,0.011730791337574327,2.151723069456619e-10,1.0369357110444771e-08
dwell_r1_xi_0.1_p+0_Nd4001_dt1,dwell,1,xi_0.1,0,4001,1.0,static_mh,2,zerofill,0.05921474232174466,0.030196990437240608,5.538889839754584e-10,9.353903475014548e-09
dwell_r1_xi_0.1_p+0_Nd4001_dt1,dwell,1,xi_0.1,0,4001,1.0,static_lti_mh,2,zerofill,0.022300276492432474,0.01259988751079792,2.311137232720421e-10,1.0363715595655048e-08
dwell_r1_xi_0.1_p+0_Nd4001_dt1,dwell,1,xi_0.1,0,4001,1.0,linear,2,zerofill,0.009653141830091798,0.009653141830091798,1.7706297359509742e-10,1.834252274665e-08
dwell_r1_xi_0.1_p+0_Nd4001_dt1,dwell,1,xi_0.1,0,4001,1.0,atomic,4,context,0.11913619930205237,0.056821092148466555,1.0423148359779968e-09,8.748934766127298e-09
dwell_r1_xi_0.1_p+0_Nd4001_dt1,dwell,1,xi_0.1,0,4001,1.0,static,4,context,0.015986858221431043,0.008174930985887102,1.4995931136667375e-10,9.380161460720725e-09
dwell_r1_xi_0.1_p+0_Nd4001_dt1,dwell,1,xi_0.1,0,4001,1.0,static_lti,4,context,0.02015007179508696,0.011397110139676259,2.0906632619486557e-10,1.0375463091195568e-08
dwell_r1_xi_0.1_p+0_Nd4001_dt1,dwell,1,xi_0.1,0,4001,1.0,static_mh,4,context,0.05867431063061455,0.02993458069716787,5.491140066071517e-10,9.358678452382873e-09
dwell_r1_xi_0.1_p+0_Nd4001_dt1,dwell,1,xi_0.1,0,4001,1.0,static_lti_mh,4,context,0.021684285031544435,0.01225837819759524,2.2486525649661512e-10,1.0369964062430487e-08
dwell_r1_xi_0.1_p+0_Nd4001_dt1,dwell,1,xi_0.1,0,4001,1.0,linear,4,context,0.009582757952495592,0.009582757952495592,1.7578420980318737e-10,1.8343801510441858e-08
dwell_r1_xi_0.1_p+0_Nd4001_dt1,dwell,1,xi_0.1,0,4001,1.0,atomic,8,context,0.11837853988524495,0.05649416256461639,1.0363877615785974e-09,8.754861840526687e-09
dwell_r1_xi_0.1_p+0_Nd4001_dt1,dwell,1,xi_0.1,0,4001,1.0,static,8,context,0.01582248678842164,0.008091641313653832,1.484414963928856e-10,9.381679275694517e-09
dwell_r1_xi_0.1_p+0_Nd4001_dt1,dwell,1,xi_0.1,0,4001,1.0,static_lti,8,context,0.019934543551105688,0.011276825204017493,2.0687382731866076e-10,1.0377655590071753e-08
dwell_r1_xi_0.1_p+0_Nd4001_dt1,dwell,1,xi_0.1,0,4001,1.0,static_mh,8,context,0.05824281375306142,0.029724545313428736,5.452980198810949e-10,9.362494439108934e-09
dwell_r1_xi_0.1_p+0_Nd4001_dt1,dwell,1,xi_0.1,0,4001,1.0,static_lti_mh,8,context,0.02147311207566066,0.012140688480581821,2.2272143505130822e-10,1.0372107883875783e-08
dwell_r1_xi_0.1_p+0_Nd4001_dt1,dwell,1,xi_0.1,0,4001,1.0,linear,8,context,0.009514512903216895,0.009514512903216895,1.7454413487406293e-10,1.8345041585371003e-08
dwell_r1_xi_0.1_p+0_Nd4001_dt1,dwell,1,xi_0.1,0,4001,1.0,atomic,16,context,0.11701814038342731,0.0559081917956601,1.0257253477325276e-09,8.765524254372752e-09
dwell_r1_xi_0.1_p+0_Nd4001_dt1,dwell,1,xi_0.1,0,4001,1.0,static,16,context,0.015636575472687174,0.007997349495349743,1.4672418886373173e-10,9.383396583223662e-09
dwell_r1_xi_0.1_p+0_Nd4001_dt1,dwell,1,xi_0.1,0,4001,1.0,static_lti,16,context,0.01970427425628418,0.01114813236661965,2.0453034843467836e-10,1.0379999068955742e-08
dwell_r1_xi_0.1_p+0_Nd4001_dt1,dwell,1,xi_0.1,0,4001,1.0,static_mh,16,context,0.057562590128624906,0.029393784570916272,5.392760690664745e-10,9.368516389923558e-09
dwell_r1_xi_0.1_p+0_Nd4001_dt1,dwell,1,xi_0.1,0,4001,1.0,static_lti_mh,16,context,0.02122920170583327,0.01200462952247256,2.2024416093339242e-10,1.0374585157993701e-08
dwell_r1_xi_0.1_p+0_Nd4001_dt1,dwell,1,xi_0.1,0,4001,1.0,linear,16,context,0.009428647456632714,0.009428647456632714,1.7298364301334343e-10,1.834660207723173e-08
dwell_r1_xi_0.1_p+3_Nd4001_dt1,dwell,1,xi_0.1,3,4001,1.0,atomic,2,context,0.24947595574957837,0.056887277361540756,2.0820623656254927e-09,8.3457436183367e-09
dwell_r1_xi_0.1_p+3_Nd4001_dt1,dwell,1,xi_0.1,3,4001,1.0,static,2,context,0.073104960646717,0.02155457192892889,7.888927911802428e-10,1.0791234742504036e-08
dwell_r1_xi_0.1_p+3_Nd4001_dt1,dwell,1,xi_0.1,3,4001,1.0,static_lti,2,context,0.08095625371399703,0.024995404934748517,9.148265542304393e-10,1.130025800677915e-08
dwell_r1_xi_0.1_p+3_Nd4001_dt1,dwell,1,xi_0.1,3,4001,1.0,static_mh,2,context,0.7477285816310782,0.21813941899751224,7.983856774646487e-09,1.0677479730988324e-08
dwell_r1_xi_0.1_p+3_Nd4001_dt1,dwell,1,xi_0.1,3,4001,1.0,static_lti_mh,2,context,0.09545366025865903,0.029442939394731058,1.0776053783970622e-09,1.1289303893396877e-08
dwell_r1_xi_0.1_p+3_Nd4001_dt1,dwell,1,xi_0.1,3,4001,1.0,linear,2,context,0.009607764883036883,0.009607764883036883,3.5164217042092433e-10,3.659978930601964e-08
dwell_r1_xi_0.1_p+3_Nd4001_dt1,dwell,1,xi_0.1,3,4001,1.0,atomic,2,zerofill,0.2496964151388154,0.05693006231619284,2.0835346412266217e-09,8.34427134273557e-09
dwell_r1_xi_0.1_p+3_Nd4001_dt1,dwell,1,xi_0.1,3,4001,1.0,static,2,zerofill,0.07310929443151296,0.021556731492623087,7.889363719126993e-10,1.0791191161771587e-08
dwell_r1_xi_0.1_p+3_Nd4001_dt1,dwell,1,xi_0.1,3,4001,1.0,static_lti,2,zerofill,0.08103998550718838,0.025020443771659986,9.157018140534976e-10,1.129938274695611e-08
dwell_r1_xi_0.1_p+3_Nd4001_dt1,dwell,1,xi_0.1,3,4001,1.0,static_mh,2,zerofill,0.7476818738236017,0.2181414261347841,7.983571412833748e-09,1.067776509280107e-08
dwell_r1_xi_0.1_p+3_Nd4001_dt1,dwell,1,xi_0.1,3,4001,1.0,static_lti_mh,2,zerofill,0.09554190883523067,0.029469110446558207,1.0785147593993258e-09,1.1288394512394628e-08
dwell_r1_xi_0.1_p+3_Nd4001_dt1,dwell,1,xi_0.1,3,4001,1.0,linear,2,zerofill,0.009653141830090708,0.009653141830090708,3.532870785905853e-10,3.6598144397849953e-08
dwell_r1_xi_0.1_p+3_Nd4001_dt1,dwell,1,xi_0.1,3,4001,1.0,atomic,4,context,0.24769049606138882,0.05655956696687972,2.0701195089270222e-09,8.357686475035173e-09
dwell_r1_xi_0.1_p+3_Nd4001_dt1,dwell,1,xi_0.1,3,4001,1.0,static,4,context,0.07061341752696838,0.020867890484841292,7.637793130226602e-10,1.0816348220661614e-08
dwell_r1_xi_0.1_p+3_Nd4001_dt1,dwell,1,xi_0.1,3,4001,1.0,static_lti,4,context,0.07819918965710355,0.024205295390343082,8.859306549541443e-10,1.1329153906055431e-08
dwell_r1_xi_0.1_p+3_Nd4001_dt1,dwell,1,xi_0.1,3,4001,1.0,static_mh,4,context,0.7412874031995106,0.217054884622651,7.944359818532082e-09,1.0716976687102737e-08
dwell_r1_xi_0.1_p+3_Nd4001_dt1,dwell,1,xi_0.1,3,4001,1.0,static_lti_mh,4,context,0.09253485255622211,0.0286181706713492,1.0474449610134884e-09,1.1319464310780462e-08
dwell_r1_xi_0.1_p+3_Nd4001_dt1,dwell,1,xi_0.1,3,4001,1.0,linear,4,context,0.009582757952494353,0.009582757952494353,3.507356093868362e-10,3.660069586705371e-08
dwell_r1_xi_0.1_p+3_Nd4001_dt1,dwell,1,xi_0.1,3,4001,1.0,atomic,8,context,0.24602299886537485,0.0562501767093678,2.0589347886008526e-09,8.368871195361345e-09
dwell_r1_xi_0.1_p+3_Nd4001_dt1,dwell,1,xi_0.1,3,4001,1.0,static,8,context,0.06969773421237603,0.020613523173540902,7.545202959436218e-10,1.0825607237740646e-08
dwell_r1_xi_0.1_p+3_Nd4001_dt1,dwell,1,xi_0.1,3,4001,1.0,static_lti,8,context,0.07726054871637275,0.023933973729771695,8.760593126008634e-10,1.1339025248408732e-08
dwell_r1_xi_0.1_p+3_Nd4001_dt1,dwell,1,xi_0.1,3,4001,1.0,static_mh,8,context,0.7338703455272311,0.21578773858153855,7.898515309820251e-09,1.076282119581458e-08
dwell_r1_xi_0.1_p+3_Nd4001_dt1,dwell,1,xi_0.1,3,4001,1.0,static_lti_mh,8,context,0.09159467756290446,0.028349885082005612,1.037695667157909e-09,1.1329213604636043e-08
dwell_r1_xi_0.1_p+3_Nd4001_dt1,dwell,1,xi_0.1,3,4001,1.0,linear,8,context,0.009514512903215831,0.009514512903215831,3.482613346130223e-10,3.660317014182751e-08
dwell_r1_xi_0.1_p+3_Nd4001_dt1,dwell,1,xi_0.1,3,4001,1.0,atomic,16,context,0.24335608939559245,0.05575502217473334,2.0409841612362144e-09,8.386821822726002e-09
dwell_r1_xi_0.1_p+3_Nd4001_dt1,dwell,1,xi_0.1,3,4001,1.0,static,16,context,0.06886137849387311,0.02038036831226571,7.460495450102238e-10,1.0834077988674057e-08
dwell_r1_xi_0.1_p+3_Nd4001_dt1,dwell,1,xi_0.1,3,4001,1.0,static_lti,16,context,0.07625906054618796,0.02364370142559995,8.655080428703712e-10,1.134957651813921e-08
dwell_r1_xi_0.1_p+3_Nd4001_dt1,dwell,1,xi_0.1,3,4001,1.0,static_mh,16,context,0.7196257110193958,0.21333388601249248,7.809360761115177e-09,1.0851975744519632e-08
dwell_r1_xi_0.1_p+3_Nd4001_dt1,dwell,1,xi_0.1,3,4001,1.0,static_lti_mh,16,context,0.09040427881378588,0.02800960421074252,1.0253275189715065e-09,1.1341581752822444e-08
dwell_r1_xi_0.1_p+3_Nd4001_dt1,dwell,1,xi_0.1,3,4001,1.0,linear,16,context,0.00942864745663176,0.00942864745663176,3.451477440105166e-10,3.660628373242999e-08
dwell_r1_xi_0.25_p+3_Nd4001_dt1,dwell,1,xi_0.25,3,4001,1.0,atomic,2,context,0.31525630355361206,0.04880751100995803,1.6602160708356087e-09,5.2662422673914104e-09
dwell_r1_xi_0.25_p+3_Nd4001_dt1,dwell,1,xi_0.25,3,4001,1.0,static,2,context,0.12255752024574182,0.03726819137555995,1.267699355536853e-09,1.0343709247665677e-08
dwell_r1_xi_0.25_p+3_Nd4001_dt1,dwell,1,xi_0.25,3,4001,1.0,static_lti,2,context,0.12940292092677724,0.0404947503836135,1.3774526498111088e-09,1.0644679733238336e-08
dwell_r1_xi_0.25_p+3_Nd4001_dt1,dwell,1,xi_0.25,3,4001,1.0,static_mh,2,context,0.3880841581145529,0.11810997635992096,4.017580016296004e-09,1.0352342223436272e-08
dwell_r1_xi_0.25_p+3_Nd4001_dt1,dwell,1,xi_0.25,3,4001,1.0,static_lti_mh,2,context,0.1339992011982695,0.041961045828285866,1.4273295480889462e-09,1.0651776542884191e-08
dwell_r1_xi_0.25_p+3_Nd4001_dt1,dwell,1,xi_0.25,3,4001,1.0,linear,2,context,0.00789285285735128,0.00789285285735128,2.68480012345678e-10,3.401558564412105e-08
dwell_r1_xi_0.25_p+3_Nd4001_dt1,dwell,1,xi_0.25,3,4001,1.0,atomic,2,zerofill,0.31547243381268464,0.04883626936234419,1.6610813069867693e-09,5.265377031240249e-09
dwell_r1_xi_0.25_p+3_Nd4001_dt1,dwell,1,xi_0.25,3,4001,1.0,static,2,zerofill,0.12267015441751324,0.03730123682497679,1.2687371092524683e-09,1.0342671493950077e-08
dwell_r1_xi_0.25_p+3_Nd4001_dt1,dwell,1,xi_0.25,3,4001,1.0,static_lti,2,zerofill,0.12954484190925117,0.04053682631370761,1.3787900941956176e-09,1.0643342288853835e-08
dwell_r1_xi_0.25_p+3_Nd4001_dt1,dwell,1,xi_0.25,3,4001,1.0,static_mh,2,zerofill,0.38807980943177905,0.11811705733345289,4.017547583685151e-09,1.0352374656047134e-08
dwell_r1_xi_0.25_p+3_Nd4001_dt1,dwell,1,xi_0.25,3,4001,1.0,static_lti_mh,2,zerofill,0.1341349152528661,0.0420013745717979,1.428604172266241e-09,1.0650501918706923e-08
dwell_r1_xi_0.25_p+3_Nd4001_dt1,dwell,1,xi_0.25,3,4001,1.0,linear,2,zerofill,0.007961415370283336,0.007961415370283336,2.707937854674001e-10,3.401327187099935e-08
dwell_r1_xi_0.25_p+3_Nd4001_dt1,dwell,1,xi_0.25,3,4001,1.0,atomic,4,context,0.31443776480557833,0.048709942429817465,1.6569366281203962e-09,5.269521710106626e-09
dwell_r1_xi_0.25_p+3_Nd4001_dt1,dwell,1,xi_0.25,3,4001,1.0,static,4,context,0.1193792618394487,0.03640392896860863,1.2383304168854226e-09,1.0373078186317099e-08
dwell_r1_xi_0.25_p+3_Nd4001_dt1,dwell,1,xi_0.25,3,4001,1.0,static_lti,4,context,0.12617547460979475,0.039596983761449496,1.3469466290576372e-09,1.0675185753991817e-08
dwell_r1_xi_0.25_p+3_Nd4001_dt1,dwell,1,xi_0.25,3,4001,1.0,static_mh,4,context,0.38264901935276285,0.1169108425782621,3.976885367324093e-09,1.0393036872408174e-08
dwell_r1_xi_0.25_p+3_Nd4001_dt1,dwell,1,xi_0.25,3,4001,1.0,static_lti_mh,4,context,0.13072923520420932,0.04105448540276827,1.3965255801829902e-09,1.0682580510790168e-08
dwell_r1_xi_0.25_p+3_Nd4001_dt1,dwell,1,xi_0.25,3,4001,1.0,linear,4,context,0.007868880465859348,0.007868880465859348,2.6767094387289134e-10,3.40163947125939e-08
dwell_r1_xi_0.25_p+3_Nd4001_dt1,dwell,1,xi_0.25,3,4001,1.0,atomic,8,context,0.3120581127375431,0.04842601971691756,1.6473794079688808e-09,5.279078930258133e-09
dwell_r1_xi_0.25_p+3_Nd4001_dt1,dwell,1,xi_0.25,3,4001,1.0,static,8,context,0.11794730577102708,0.03601112928580437,1.2250437510645642e-09,1.0386364852137958e-08
dwell_r1_xi_0.25_p+3_Nd4001_dt1,dwell,1,xi_0.25,3,4001,1.0,static_lti,8,context,0.1245879388868292,0.0391515740517383,1.3318768971605224e-09,1.0690255485888944e-08
dwell_r1_xi_0.25_p+3_Nd4001_dt1,dwell,1,xi_0.25,3,4001,1.0,static_mh,8,context,0.3801667079286104,0.11635420798099803,3.958192876038945e-09,1.0411729363693346e-08
dwell_r1_xi_0.25_p+3_Nd4001_dt1,dwell,1,xi_0.25,3,4001,1.0,static_lti_mh,8,context,0.12911379699538938,0.040602696426422696,1.3812418693897565e-09,1.0697864221583386e-08
dwell_r1_xi_0.25_p+3_Nd4001_dt1,dwell,1,xi_0.25,3,4001,1.0,linear,8,context,0.007807206661112966,0.007807206661112966,2.6558927540315396e-10,3.401847638106361e-08
dwell_r1_xi_0.25_p+3_Nd4001_dt1,dwell,1,xi_0.25,3,4001,1.0,atomic,16,context,0.30719755390930603,0.04784534798432101,1.6277501838912442e-09,5.298708154335777e-09
dwell_r1_xi_0.25_p+3_Nd4001_dt1,dwell,1,xi_0.25,3,4001,1.0,static,16,context,0.11684787780746439,0.035707848081631334,1.2148193864173202e-09,1.039658921678521e-08
dwell_r1_xi_0.25_p+3_Nd4001_dt1,dwell,1,xi_0.25,3,4001,1.0,static_lti,16,context,0.12349647509147406,0.038843317809010035,1.3214914379404613e-09,1.0700640945109002e-08
dwell_r1_xi_0.25_p+3_Nd4001_dt1,dwell,1,xi_0.25,3,4001,1.0,static_mh,16,context,0.3758460101567121,0.1153842411296535,3.9254959495433695e-09,1.0444426290188904e-08
dwell_r1_xi_0.25_p+3_Nd4001_dt1,dwell,1,xi_0.25,3,4001,1.0,static_lti_mh,16,context,0.1279725486610052,0.04028144571333665,1.3704180955852946e-09,1.0708687995387856e-08
dwell_r1_xi_0.25_p+3_Nd4001_dt1,dwell,1,xi_0.25,3,4001,1.0,linear,16,context,0.007730220450434095,0.007730220450434095,2.629904116035979e-10,3.40210752448631e-08
dwell_r1_xi_0.5_p+3_Nd4001_dt1,dwell,1,xi_0.5,3,4001,1.0,atomic,2,context,0.4194104206112841,0.06591947741444067,2.186577369292046e-09,5.213455035535703e-09
dwell_r1_xi_0.5_p+3_Nd4001_dt1,dwell,1,xi_0.5,3,4001,1.0,static,2,context,0.15290709579852377,0.04650181751730929,1.5424852532587341e-09,1.0087728402684279e-08
dwell_r1_xi_0.5_p+3_Nd4001_dt1,dwell,1,xi_0.5,3,4001,1.0,static_lti,2,context,0.15795781365277833,0.049227056105878145,1.6328825873610926e-09,1.033746004455647e-08
dwell_r1_xi_0.5_p+3_Nd4001_dt1,dwell,1,xi_0.5,3,4001,1.0,static_mh,2,context,0.29373139742033233,0.08955970158343733,2.9707337552405065e-09,1.0113776672601871e-08
dwell_r1_xi_0.5_p+3_Nd4001_dt1,dwell,1,xi_0.5,3,4001,1.0,static_lti_mh,2,context,0.16049170688084458,0.04999113441274743,1.6582273928677179e-09,1.0332168715102843e-08
dwell_r1_xi_0.5_p+3_Nd4001_dt1,dwell,1,xi_0.5,3,4001,1.0,linear,2,context,0.0055801252502079195,0.0055801252502079195,1.8509515045467967e-10,3.3170429364069e-08
dwell_r1_xi_0.5_p+3_Nd4001_dt1,dwell,1,xi_0.5,3,4001,1.0,atomic,2,zerofill,0.4209151603976693,0.06609800779949361,2.192098383800966e-09,5.2079340210267805e-09
dwell_r1_xi_0.5_p+3_Nd4001_dt1,dwell,1,xi_0.5,3,4001,1.0,static,2,zerofill,0.1529428572927624,0.04651975701252188,1.542798150154597e-09,1.008741550578842e-08
dwell_r1_xi_0.5_p+3_Nd4001_dt1,dwell,1,xi_0.5,3,4001,1.0,static_lti,2,zerofill,0.15804928475051327,0.04926067991232489,1.6336991146285561e-09,1.0336643517288999e-08
dwell_r1_xi_0.5_p+3_Nd4001_dt1,dwell,1,xi_0.5,3,4001,1.0,static_mh,2,zerofill,0.2937258288474677,0.08957476861178872,2.970690222599294e-09,1.0113820205243095e-08
dwell_r1_xi_0.5_p+3_Nd4001_dt1,dwell,1,xi_0.5,3,4001,1.0,static_lti_mh,2,zerofill,0.16059529415031296,0.050028083780656374,1.6591495757770227e-09,1.0331246532193543e-08
dwell_r1_xi_0.5_p+3_Nd4001_dt1,dwell,1,xi_0.5,3,4001,1.0,linear,2,zerofill,0.00576403678301569,0.00576403678301569,1.9116061341132908e-10,3.3164363901112313e-08
dwell_r1_xi_0.5_p+3_Nd4001_dt1,dwell,1,xi_0.5,3,4001,1.0,atomic,4,context,0.41726477442386545,0.06567851838366136,2.1786845392985642e-09,5.221347865529179e-09
dwell_r1_xi_0.5_p+3_Nd4001_dt1,dwell,1,xi_0.5,3,4001,1.0,static,4,context,0.1504129167305443,0.04584036557192807,1.5206143226915216e-09,1.0109599333251485e-08
dwell_r1_xi_0.5_p+3_Nd4001_dt1,dwell,1,xi_0.5,3,4001,1.0,static_lti,4,context,0.1552341834545306,0.048490080774340145,1.6085105433601607e-09,1.0361832088557395e-08
dwell_r1_xi_0.5_p+3_Nd4001_dt1,dwell,1,xi_0.5,3,4001,1.0,static_mh,4,context,0.29066018479477607,0.08883009074567613,2.9466673441317703e-09,1.0137843083710618e-08
dwell_r1_xi_0.5_p+3_Nd4001_dt1,dwell,1,xi_0.5,3,4001,1.0,static_lti_mh,4,context,0.15776715523070284,0.04925585882633923,1.6339128947451094e-09,1.035648321322546e-08
dwell_r1_xi_0.5_p+3_Nd4001_dt1,dwell,1,xi_0.5,3,4001,1.0,linear,4,context,0.005534023172132959,0.005534023172132959,1.8357434092553204e-10,3.3171950173598143e-08
dwell_r1_xi_0.5_p+3_Nd4001_dt1,dwell,1,xi_0.5,3,4001,1.0,atomic,8,context,0.4134863195107332,0.06525444784964624,2.1647271155701854e-09,5.235305289257566e-09
dwell_r1_xi_0.5_p+3_Nd4001_dt1,dwell,1,xi_0.5,3,4001,1.0,static,8,context,0.14841893256231367,0.04530891009983176,1.5030611629115084e-09,1.0127152493031496e-08
dwell_r1_xi_0.5_p+3_Nd4001_dt1,dwell,1,xi_0.5,3,4001,1.0,static_lti,8,context,0.15290448595933154,0.04785644583717298,1.5875721789454373e-09,1.0382770452972116e-08
dwell_r1_xi_0.5_p+3_Nd4001_dt1,dwell,1,xi_0.5,3,4001,1.0,static_mh,8,context,0.28782087084355124,0.08815181597665923,2.924316006337365e-09,1.0160194421505016e-08
dwell_r1_xi_0.5_p+3_Nd4001_dt1,dwell,1,xi_0.5,3,4001,1.0,static_lti_mh,8,context,0.1553547116045896,0.04860148977325244,1.6122879931752727e-09,1.0378108114795285e-08
dwell_r1_xi_0.5_p+3_Nd4001_dt1,dwell,1,xi_0.5,3,4001,1.0,linear,8,context,0.005483009509616491,0.005483009509616491,1.81891346130827e-10,3.3173633168392845e-08
dwell_r1_xi_0.5_p+3_Nd4001_dt1,dwell,1,xi_0.5,3,4001,1.0,atomic,16,context,0.4063571954071825,0.06445024268896714,2.138188238214574e-09,5.261844166613177e-09
dwell_r1_xi_0.5_p+3_Nd4001_dt1,dwell,1,xi_0.5,3,4001,1.0,static,16,context,0.14574127455461916,0.044592551097260166,1.4793934714611407e-09,1.015082018448186e-08
dwell_r1_xi_0.5_p+3_Nd4001_dt1,dwell,1,xi_0.5,3,4001,1.0,static_lti,16,context,0.15016566068865655,0.04710808352490907,1.5628482673663078e-09,1.0407494364551247e-08
dwell_r1_xi_0.5_p+3_Nd4001_dt1,dwell,1,xi_0.5,3,4001,1.0,static_mh,16,context,0.2837457176895046,0.08717388603834773,2.89206324181244e-09,1.0192447186029952e-08
dwell_r1_xi_0.5_p+3_Nd4001_dt1,dwell,1,xi_0.5,3,4001,1.0,static_lti_mh,16,context,0.15256500912228274,0.04784115543190918,1.5871685129374153e-09,1.0403227595033145e-08
dwell_r1_xi_0.5_p+3_Nd4001_dt1,dwell,1,xi_0.5,3,4001,1.0,linear,16,context,0.00541739569849068,0.00541739569849068,1.797264258595243e-10,3.3175798088664114e-08
dwell_r1_xi_1_p+3_Nd4001_dt1,dwell,1,xi_1,3,4001,1.0,atomic,2,context,0.6126673896130017,0.08962220933887471,2.9531492773303705e-09,4.820150912872579e-09
dwell_r1_xi_1_p+3_Nd4001_dt1,dwell,1,xi_1,3,4001,1.0,static,2,context,0.16189891110975255,0.04923443349159471,1.6223281344884851e-09,1.002062412506713e-08
dwell_r1_xi_1_p+3_Nd4001_dt1,dwell,1,xi_1,3,4001,1.0,static_lti,2,context,0.16311501154121513,0.05085015316109936,1.675567854972551e-09,1.0272309330335157e-08
dwell_r1_xi_1_p+3_Nd4001_dt1,dwell,1,xi_1,3,4001,1.0,static_mh,2,context,0.23961775399758473,0.07257151241787456,2.3913102682088953e-09,9.979687349181142e-09
dwell_r1_xi_1_p+3_Nd4001_dt1,dwell,1,xi_1,3,4001,1.0,static_lti_mh,2,context,0.16493510822962335,0.051439567240952236,1.6949896899932018e-09,1.0276706446473664e-08
dwell_r1_xi_1_p+3_Nd4001_dt1,dwell,1,xi_1,3,4001,1.0,linear,2,context,0.004574172508179544,0.004574172508179544,1.5072395934626348e-10,3.2951087672521885e-08
dwell_r1_xi_1_p+3_Nd4001_dt1,dwell,1,xi_1,3,4001,1.0,atomic,2,zerofill,0.6130334002762525,0.08966173385384116,2.9542430095694474e-09,4.819057180633503e-09
dwell_r1_xi_1_p+3_Nd4001_dt1,dwell,1,xi_1,3,4001,1.0,static,2,zerofill,0.16191976390895998,0.04924336880567546,1.6225079731221883e-09,1.0020444286433431e-08
dwell_r1_xi_1_p+3_Nd4001_dt1,dwell,1,xi_1,3,4001,1.0,static_lti,2,zerofill,0.16319713533677352,0.050875755704382596,1.676293098360559e-09,1.0271584086947124e-08
dwell_r1_xi_1_p+3_Nd4001_dt1,dwell,1,xi_1,3,4001,1.0,static_mh,2,zerofill,0.23967330158310582,0.07259020953164501,2.391757440488718e-09,9.979240176901327e-09
dwell_r1_xi_1_p+3_Nd4001_dt1,dwell,1,xi_1,3,4001,1.0,static_lti_mh,2,zerofill,0.16503035923996537,0.05146870057532665,1.6958298970009021e-09,1.0275866239465977e-08
dwell_r1_xi_1_p+3_Nd4001_dt1,dwell,1,xi_1,3,4001,1.0,linear,2,zerofill,0.004645120595240587,0.004645120595240587,1.530509667531784e-10,3.2948760665114956e-08
dwell_r1_xi_1_p+3_Nd4001_dt1,dwell,1,xi_1,3,4001,1.0,atomic,4,context,0.6090481322534255,0.08929135419599382,2.9423072358053304e-09,4.830992954397624e-09
dwell_r1_xi_1_p+3_Nd4001_dt1,dwell,1,xi_1,3,4001,1.0,static,4,context,0.15996734153525988,0.04872704466366252,1.6056418606734068e-09,1.0037310398882215e-08
dwell_r1_xi_1_p+3_Nd4001_dt1,dwell,1,xi_1,3,4001,1.0,static_lti,4,context,0.16097962359098264,0.05027573744853311,1.65667401297969e-09,1.0291203172328012e-08
dwell_r1_xi_1_p+3_Nd4001_dt1,dwell,1,xi_1,3,4001,1.0,static_mh,4,context,0.23742599612245563,0.07203360436389637,2.3736340124914346e-09,9.997363604898602e-09
dwell_r1_xi_1_p+3_Nd4001_dt1,dwell,1,xi_1,3,4001,1.0,static_lti_mh,4,context,0.16274848723365334,0.05085202503716189,1.6756637030476154e-09,1.0296032433419262e-08
dwell_r1_xi_1_p+3_Nd4001_dt1,dwell,1,xi_1,3,4001,1.0,linear,4,context,0.004553688677317605,0.004553688677317605,1.5005205448522055e-10,3.295175957738292e-08
dwell_r1_xi_1_p+3_Nd4001_dt1,dwell,1,xi_1,3,4001,1.0,atomic,8,context,0.6041998291607115,0.08884558538218552,2.92770673675532e-09,4.8455934534476295e-09
dwell_r1_xi_1_p+3_Nd4001_dt1,dwell,1,xi_1,3,4001,1.0,static,8,context,0.15855280122655208,0.04835367481885521,1.593386760918611e-09,1.004956549863702e-08
dwell_r1_xi_1_p+3_Nd4001_dt1,dwell,1,xi_1,3,4001,1.0,static_lti,8,context,0.15963862024270964,0.04991307494749439,1.6447732900553693e-09,1.030310389525233e-08
dwell_r1_xi_1_p+3_Nd4001_dt1,dwell,1,xi_1,3,4001,1.0,static_mh,8,context,0.23537797577897102,0.07152847625438842,2.3570602962317326e-09,1.0013937321158302e-08
dwell_r1_xi_1_p+3_Nd4001_dt1,dwell,1,xi_1,3,4001,1.0,static_lti_mh,8,context,0.1614250614184968,0.05049446015930332,1.6639315340349763e-09,1.0307764602431898e-08
dwell_r1_xi_1_p+3_Nd4001_dt1,dwell,1,xi_1,3,4001,1.0,linear,8,context,0.004523367973502407,0.004523367973502407,1.4905743298193896e-10,3.295275419888624e-08
dwell_r1_xi_1_p+3_Nd4001_dt1,dwell,1,xi_1,3,4001,1.0,atomic,16,context,0.5983618146249224,0.08830526650984356,2.9100082127059403e-09,4.863291977497013e-09
dwell_r1_xi_1_p+3_Nd4001_dt1,dwell,1,xi_1,3,4001,1.0,static,16,context,0.15664008459484002,0.04784760205884163,1.5767679601985435e-09,1.006618429935708e-08
dwell_r1_xi_1_p+3_Nd4001_dt1,dwell,1,xi_1,3,4001,1.0,static_lti,16,context,0.1577060883839715,0.04938934691095677,1.6275745582518097e-09,1.0320302627055891e-08
dwell_r1_xi_1_p+3_Nd4001_dt1,dwell,1,xi_1,3,4001,1.0,static_mh,16,context,0.23291281265209482,0.07091826926604072,2.33703780251957e-09,1.0033959814870454e-08
dwell_r1_xi_1_p+3_Nd4001_dt1,dwell,1,xi_1,3,4001,1.0,static_lti_mh,16,context,0.15947331395434258,0.049966086763419314,1.6465804202303104e-09,1.0325115716236565e-08
dwell_r1_xi_1_p+3_Nd4001_dt1,dwell,1,xi_1,3,4001,1.0,linear,16,context,0.00448661462459562,0.00448661462459562,1.4785171848571958e-10,3.295395991338247e-08
dwell_r1_xi_2_p+3_Nd4001_dt1,dwell,1,xi_2,3,4001,1.0,atomic,2,context,0.5963537820941265,0.09834756523859894,3.230341784419097e-09,5.416821157863019e-09
dwell_r1_xi_2_p+3_Nd4001_dt1,dwell,1,xi_2,3,4001,1.0,static,2,context,0.16398734692765954,0.049939055931260766,1.640307196805721e-09,1.000264488411607e-08
dwell_r1_xi_2_p+3_Nd4001_dt1,dwell,1,xi_2,3,4001,1.0,static_lti,2,context,0.1633374959463324,0.05107722550796295,1.677691719060601e-09,1.0271320184875602e-08
dwell_r1_xi_2_p+3_Nd4001_dt1,dwell,1,xi_2,3,4001,1.0,static_mh,2,context,0.21586351341441787,0.06566943871790852,2.1569901739321513e-09,9.99237962828452e-09
dwell_r1_xi_2_p+3_Nd4001_dt1,dwell,1,xi_2,3,4001,1.0,static_lti_mh,2,context,0.1645869715475644,0.051503233919810966,1.69168446783855e-09,1.0278361962263007e-08
dwell_r1_xi_2_p+3_Nd4001_dt1,dwell,1,xi_2,3,4001,1.0,linear,2,context,0.003994428808492115,0.003994428808492115,1.3120172577383967e-10,3.284617953257951e-08
dwell_r1_xi_2_p+3_Nd4001_dt1,dwell,1,xi_2,3,4001,1.0,atomic,2,zerofill,0.5964930490508302,0.09836577827746983,3.2308143102456883e-09,5.416348632036405e-09
dwell_r1_xi_2_p+3_Nd4001_dt1,dwell,1,xi_2,3,4001,1.0,static,2,zerofill,0.16406862701582514,0.04996226330260752,1.6410056228599935e-09,1.0001946458061793e-08
dwell_r1_xi_2_p+3_Nd4001_dt1,dwell,1,xi_2,3,4001,1.0,static_lti,2,zerofill,0.16342650798897887,0.05110313868599734,1.6784775625875025e-09,1.0270534341348684e-08
dwell_r1_xi_2_p+3_Nd4001_dt1,dwell,1,xi_2,3,4001,1.0,static_mh,2,zerofill,0.21592660695513902,0.06568777998442671,2.157508671189614e-09,9.991861131027075e-09
dwell_r1_xi_2_p+3_Nd4001_dt1,dwell,1,xi_2,3,4001,1.0,static_lti_mh,2,zerofill,0.16467867386265211,0.051529877181532464,1.6924937464905923e-09,1.0277552683610949e-08
dwell_r1_xi_2_p+3_Nd4001_dt1,dwell,1,xi_2,3,4001,1.0,linear,2,zerofill,0.0040334917249056235,0.0040334917249056235,1.3247963888745486e-10,3.284490161946586e-08
dwell_r1_xi_2_p+3_Nd4001_dt1,dwell,1,xi_2,3,4001,1.0,atomic,4,context,0.5932060784114341,0.09802091672359257,3.219639748983673e-09,5.4275231932984425e-09
dwell_r1_xi_2_p+3_Nd4001_dt1,dwell,1,xi_2,3,4001,1.0,static,4,context,0.16342670480592703,0.04979188699232182,1.6354870357868945e-09,1.00074650451349e-08
dwell_r1_xi_2_p+3_Nd4001_dt1,dwell,1,xi_2,3,4001,1.0,static_lti,4,context,0.16264937462062834,0.050891717602882754,1.671612573776876e-09,1.0277399330159308e-08
dwell_r1_xi_2_p+3_Nd4001_dt1,dwell,1,xi_2,3,4001,1.0,static_mh,4,context,0.21526122825907018,0.06551811625652633,2.152037936687379e-09,9.997331865529301e-09
dwell_r1_xi_2_p+3_Nd4001_dt1,dwell,1,xi_2,3,4001,1.0,static_lti_mh,4,context,0.16391277306023821,0.05132153977373874,1.6857307088906776e-09,1.028431572121087e-08
dwell_r1_xi_2_p+3_Nd4001_dt1,dwell,1,xi_2,3,4001,1.0,linear,4,context,0.003985971755877171,0.003985971755877171,1.3092504674014671e-10,3.284645621161326e-08
dwell_r1_xi_2_p+3_Nd4001_dt1,dwell,1,xi_2,3,4001,1.0,atomic,8,context,0.5847624576800262,0.09713714594753257,3.190721883638589e-09,5.45644105864352e-09
dwell_r1_xi_2_p+3_Nd4001_dt1,dwell,1,xi_2,3,4001,1.0,static,8,context,0.16253610573591692,0.04955675926884923,1.6278204876096964e-09,1.0015131593312092e-08
dwell_r1_xi_2_p+3_Nd4001_dt1,dwell,1,xi_2,3,4001,1.0,static_lti,8,context,0.16173843595961146,0.05064461369247999,1.6635538919817637e-09,1.0285458011954427e-08
dwell_r1_xi_2_p+3_Nd4001_dt1,dwell,1,xi_2,3,4001,1.0,static_mh,8,context,0.2139091418860244,0.06517684034083442,2.1409026253895333e-09,1.0008467176827133e-08
dwell_r1_xi_2_p+3_Nd4001_dt1,dwell,1,xi_2,3,4001,1.0,static_lti_mh,8,context,0.16300979676772132,0.051076667732045306,1.6777458292217165e-09,1.0292300600879826e-08
dwell_r1_xi_2_p+3_Nd4001_dt1,dwell,1,xi_2,3,4001,1.0,linear,8,context,0.0039510847642840515,0.0039510847642840515,1.2978364248339715e-10,3.284759761587002e-08
dwell_r1_xi_2_p+3_Nd4001_dt1,dwell,1,xi_2,3,4001,1.0,atomic,16,context,0.5747210283742609,0.09607477908377546,3.15592812260778e-09,5.49123481967433e-09
dwell_r1_xi_2_p+3_Nd4001_dt1,dwell,1,xi_2,3,4001,1.0,static,16,context,0.16041156528918468,0.048996948040963204,1.6094842758846488e-09,1.0033467805037148e-08
dwell_r1_xi_2_p+3_Nd4001_dt1,dwell,1,xi_2,3,4001,1.0,static_lti,16,context,0.1595674052950759,0.05005672922894074,1.6442966718833174e-09,1.0304715232052839e-08
dwell_r1_xi_2_p+3_Nd4001_dt1,dwell,1,xi_2,3,4001,1.0,static_mh,16,context,0.2113959031311882,0.06454260771207411,2.1201384247510046e-09,1.0029231377465664e-08
dwell_r1_xi_2_p+3_Nd4001_dt1,dwell,1,xi_2,3,4001,1.0,static_lti_mh,16,context,0.16080444869094315,0.050479741427119584,1.65819205738584e-09,1.0311854372715702e-08
dwell_r1_xi_2_p+3_Nd4001_dt1,dwell,1,xi_2,3,4001,1.0,linear,16,context,0.003918497528943175,0.003918497528943175,1.287174081262003e-10,3.284866385022721e-08
dwell_r1_xi_4_p+0_Nd4001_dt1,dwell,1,xi_4,0,4001,1.0,atomic,2,context,0.4065026481859472,0.10601974493528278,1.7519235971608076e-09,4.309747070477686e-09
dwell_r1_xi_4_p+0_Nd4001_dt1,dwell,1,xi_4,0,4001,1.0,static,2,context,0.030571799182216784,0.017414693433783303,2.8776915453428e-10,9.41289561726781e-09
dwell_r1_xi_4_p+0_Nd4001_dt1,dwell,1,xi_4,0,4001,1.0,static_lti,2,context,0.032397646769584634,0.018863401424866706,3.11708334132606e-10,9.621326399090262e-09
dwell_r1_xi_4_p+0_Nd4001_dt1,dwell,1,xi_4,0,4001,1.0,static_mh,2,context,0.031948651903926095,0.01818326720733127,3.004694541894012e-10,9.40476158721668e-09
dwell_r1_xi_4_p+0_Nd4001_dt1,dwell,1,xi_4,0,4001,1.0,static_lti_mh,2,context,0.0326296189553268,0.018998769979226702,3.139452322202366e-10,9.621480184922137e-09
dwell_r1_xi_4_p+0_Nd4001_dt1,dwell,1,xi_4,0,4001,1.0,linear,2,context,0.0036916939199555686,0.0036916939199555686,6.100340739183266e-11,1.6524503036960026e-08
dwell_r1_xi_4_p+0_Nd4001_dt1,dwell,1,xi_4,0,4001,1.0,atomic,2,zerofill,0.4068331421238748,0.10608674729652952,1.7529360450753098e-09,4.308734622563189e-09
dwell_r1_xi_4_p+0_Nd4001_dt1,dwell,1,xi_4,0,4001,1.0,static,2,zerofill,0.03057426062856548,0.017416995161600526,2.8779163650227786e-10,9.412873135299783e-09
dwell_r1_xi_4_p+0_Nd4001_dt1,dwell,1,xi_4,0,4001,1.0,static_lti,2,zerofill,0.03245011475501731,0.0188940115533906,3.121972794154205e-10,9.620837453807457e-09
dwell_r1_xi_4_p+0_Nd4001_dt1,dwell,1,xi_4,0,4001,1.0,static_mh,2,zerofill,0.03195140859031205,0.018185770319952634,3.004945774442515e-10,9.404736463961846e-09
dwell_r1_xi_4_p+0_Nd4001_dt1,dwell,1,xi_4,0,4001,1.0,static_lti_mh,2,zerofill,0.032682230019382634,0.019029461921291506,3.1443540847737145e-10,9.620990008664994e-09
dwell_r1_xi_4_p+0_Nd4001_dt1,dwell,1,xi_4,0,4001,1.0,linear,2,zerofill,0.003745935791583517,0.003745935791583517,6.189638233746913e-11,1.652361006201436e-08
dwell_r1_xi_4_p+0_Nd4001_dt1,dwell,1,xi_4,0,4001,1.0,atomic,4,context,0.4038719117035242,0.10553041104897948,1.7438474979427784e-09,4.317823169695714e-09
dwell_r1_xi_4_p+0_Nd4001_dt1,dwell,1,xi_4,0,4001,1.0,static,4,context,0.030453964857793735,0.017349456392339997,2.8669277244080273e-10,9.413971999361283e-09
dwell_r1_xi_4_p+0_Nd4001_dt1,dwell,1,xi_4,0,4001,1.0,static_lti,4,context,0.03227452526558901,0.018793849047567087,3.105607787607596e-10,9.622473954462111e-09
dwell_r1_xi_4_p+0_Nd4001_dt1,dwell,1,xi_4,0,4001,1.0,static_mh,4,context,0.0318403456658982,0.018123424987219847,2.9948229144533966e-10,9.405748749960736e-09
dwell_r1_xi_4_p+0_Nd4001_dt1,dwell,1,xi_4,0,4001,1.0,static_lti_mh,4,context,0.03250629185910545,0.018929115374258943,3.127960002766506e-10,9.622629416865715e-09
dwell_r1_xi_4_p+0_Nd4001_dt1,dwell,1,xi_4,0,4001,1.0,linear,4,context,0.00368599581829895,0.00368599581829895,6.090959488620629e-11,1.6524596849465624e-08
dwell_r1_xi_4_p+0_Nd4001_dt1,dwell,1,xi_4,0,4001,1.0,atomic,8,context,0.4016444653897508,0.10511177946562815,1.7369857583644833e-09,4.324684909274012e-09
dwell_r1_xi_4_p+0_Nd4001_dt1,dwell,1,xi_4,0,4001,1.0,static,8,context,0.030318554202420293,0.017274027002275545,2.8545553167395275e-10,9.415209240128119e-09
dwell_r1_xi_4_p+0_Nd4001_dt1,dwell,1,xi_4,0,4001,1.0,static_lti,8,context,0.03211791135228619,0.01870488597570053,3.0910066137970515e-10,9.623934071843155e-09
dwell_r1_xi_4_p+0_Nd4001_dt1,dwell,1,xi_4,0,4001,1.0,static_mh,8,context,0.03168320073426695,0.018036144224641237,2.980496174004377e-10,9.407181424005634e-09
dwell_r1_xi_4_p+0_Nd4001_dt1,dwell,1,xi_4,0,4001,1.0,static_lti_mh,8,context,0.03235139723804411,0.018841136274752653,3.113522152039255e-10,9.624073201938437e-09
dwell_r1_xi_4_p+0_Nd4001_dt1,dwell,1,xi_4,0,4001,1.0,linear,8,context,0.0036536496107815943,0.0036536496107815943,6.037703264320473e-11,1.6525129411708635e-08
dwell_r1_xi_4_p+0_Nd4001_dt1,dwell,1,xi_4,0,4001,1.0,atomic,16,context,0.39623682006962946,0.10409509461758928,1.7202361914038672e-09,4.3414344762346305e-09
dwell_r1_xi_4_p+0_Nd4001_dt1,dwell,1,xi_4,0,4001,1.0,static,16,context,0.029910052379374275,0.01704753368374159,2.8172109862315743e-10,9.41894367317892e-09
dwell_r1_xi_4_p+0_Nd4001_dt1,dwell,1,xi_4,0,4001,1.0,static_lti,16,context,0.03167626822086112,0.01845502803131899,3.049808182554204e-10,9.628053914967432e-09
dwell_r1_xi_4_p+0_Nd4001_dt1,dwell,1,xi_4,0,4001,1.0,static_mh,16,context,0.031250781010699204,0.017796911779072513,2.941050378027057e-10,9.411126003603372e-09
dwell_r1_xi_4_p+0_Nd4001_dt1,dwell,1,xi_4,0,4001,1.0,static_lti_mh,16,context,0.0319068497625083,0.018589687259837277,3.07206145772098e-10,9.628219271370259e-09
dwell_r1_xi_4_p+0_Nd4001_dt1,dwell,1,xi_4,0,4001,1.0,linear,16,context,0.003623729830081349,0.003623729830081349,5.988438960045289e-11,1.65256220547514e-08
dwell_r1_xi_4_p+3_Nd4001_dt1,dwell,1,xi_4,3,4001,1.0,atomic,2,context,0.7405151222890363,0.10319335354344795,3.4023589780639865e-09,4.594584061358284e-09
dwell_r1_xi_4_p+3_Nd4001_dt1,dwell,1,xi_4,3,4001,1.0,static,2,context,0.16621285383911658,0.05038164476935736,1.6611190112983515e-09,9.99392629950394e-09
dwell_r1_xi_4_p+3_Nd4001_dt1,dwell,1,xi_4,3,4001,1.0,static_lti,2,context,0.16330055010981803,0.05096020493463786,1.680194555459861e-09,1.0288970578053452e-08
dwell_r1_xi_4_p+3_Nd4001_dt1,dwell,1,xi_4,3,4001,1.0,static_mh,2,context,0.20450684443936443,0.06194944776619203,2.042517783906172e-09,9.987527750015093e-09
dwell_r1_xi_4_p+3_Nd4001_dt1,dwell,1,xi_4,3,4001,1.0,static_lti_mh,2,context,0.16459925219336943,0.05139083998940917,1.694392902490548e-09,1.0294049820469375e-08
dwell_r1_xi_4_p+3_Nd4001_dt1,dwell,1,xi_4,3,4001,1.0,linear,2,context,0.0036916939199559983,0.0036916939199559983,1.2171779985363237e-10,3.297071818323528e-08
dwell_r1_xi_4_p+3_Nd4001_dt1,dwell,1,xi_4,3,4001,1.0,atomic,2,zerofill,0.7408074259731355,0.10322233083924891,3.4031304671029205e-09,4.5938125723193424e-09
dwell_r1_xi_4_p+3_Nd4001_dt1,dwell,1,xi_4,3,4001,1.0,static,2,zerofill,0.16623142421882925,0.050389194400837174,1.66127814867224e-09,9.993767162130016e-09
dwell_r1_xi_4_p+3_Nd4001_dt1,dwell,1,xi_4,3,4001,1.0,static_lti,2,zerofill,0.16336483102630575,0.050980202750128545,1.6807630653897075e-09,1.0288402068123606e-08
dwell_r1_xi_4_p+3_Nd4001_dt1,dwell,1,xi_4,3,4001,1.0,static_mh,2,zerofill,0.20451967085491005,0.06195602151302205,2.042624136823682e-09,9.987421397097574e-09
dwell_r1_xi_4_p+3_Nd4001_dt1,dwell,1,xi_4,3,4001,1.0,static_lti_mh,2,zerofill,0.16466478024825149,0.05141118467884832,1.6949720812147926e-09,1.0293470641745146e-08
dwell_r1_xi_4_p+3_Nd4001_dt1,dwell,1,xi_4,3,4001,1.0,linear,2,zerofill,0.003745935791583936,0.003745935791583936,1.2349951911087216e-10,3.296893646397806e-08
dwell_r1_xi_4_p+3_Nd4001_dt1,dwell,1,xi_4,3,4001,1.0,atomic,4,context,0.7390717784402215,0.10307711184402553,3.3985456997824113e-09,4.598397339639855e-09
dwell_r1_xi_4_p+3_Nd4001_dt1,dwell,1,xi_4,3,4001,1.0,static,4,context,0.16545938294718454,0.050185395507832534,1.6546579259332391e-09,1.0000387384869036e-08
dwell_r1_xi_4_p+3_Nd4001_dt1,dwell,1,xi_4,3,4001,1.0,static_lti,4,context,0.1625703914047312,0.05076392330262986,1.6737325111058253e-09,1.0295432622407498e-08
dwell_r1_xi_4_p+3_Nd4001_dt1,dwell,1,xi_4,3,4001,1.0,static_mh,4,context,0.20389768593785562,0.06179582229446519,2.037464208748545e-09,9.992581325172702e-09
dwell_r1_xi_4_p+3_Nd4001_dt1,dwell,1,xi_4,3,4001,1.0,static_lti_mh,4,context,0.16386144038838585,0.05119262366504435,1.687867150184417e-09,1.0300575572775507e-08
dwell_r1_xi_4_p+3_Nd4001_dt1,dwell,1,xi_4,3,4001,1.0,linear,4,context,0.003685995818299384,0.003685995818299384,1.2153061929648355e-10,3.297090536379241e-08
dwell_r1_xi_4_p+3_Nd4001_dt1,dwell,1,xi_4,3,4001,1.0,atomic,8,context,0.7358709629153564,0.1028166290969109,3.390066600869725e-09,4.60687643855254e-09
dwell_r1_xi_4_p+3_Nd4001_dt1,dwell,1,xi_4,3,4001,1.0,static,8,context,0.1646825754202603,0.04998148658456234,1.6479879745175754e-09,1.0007057336284708e-08
dwell_r1_xi_4_p+3_Nd4001_dt1,dwell,1,xi_4,3,4001,1.0,static_lti,8,context,0.16178557659234313,0.050551356054749405,1.6667776924329096e-09,1.0302387441080416e-08
dwell_r1_xi_4_p+3_Nd4001_dt1,dwell,1,xi_4,3,4001,1.0,static_mh,8,context,0.2027124158218785,0.06149516300237295,2.0276165445269167e-09,1.0002428989394337e-08
dwell_r1_xi_4_p+3_Nd4001_dt1,dwell,1,xi_4,3,4001,1.0,static_lti_mh,8,context,0.16308800114494607,0.050983229015863135,1.681017393871773e-09,1.0307425329088141e-08
dwell_r1_xi_4_p+3_Nd4001_dt1,dwell,1,xi_4,3,4001,1.0,linear,8,context,0.003653649610782028,0.003653649610782028,1.2046801792264711e-10,3.2971967965166235e-08
dwell_r1_xi_4_p+3_Nd4001_dt1,dwell,1,xi_4,3,4001,1.0,atomic,16,context,0.727248745246577,0.10211611442026394,3.3670696286410943e-09,4.629873410781168e-09
dwell_r1_xi_4_p+3_Nd4001_dt1,dwell,1,xi_4,3,4001,1.0,static,16,context,0.16205643805380587,0.0492941313582266,1.625372973783978e-09,1.0029672337018309e-08
dwell_r1_xi_4_p+3_Nd4001_dt1,dwell,1,xi_4,3,4001,1.0,static_lti,16,context,0.1593202389916789,0.049885413245078156,1.6448692824174017e-09,1.0324295851095924e-08
dwell_r1_xi_4_p+3_Nd4001_dt1,dwell,1,xi_4,3,4001,1.0,static_mh,16,context,0.1993443054327066,0.060641426871340616,1.9995267917815783e-09,1.003051874213967e-08
dwell_r1_xi_4_p+3_Nd4001_dt1,dwell,1,xi_4,3,4001,1.0,static_lti_mh,16,context,0.16059823158556816,0.0503110997729054,1.65890542340559e-09,1.0329537299554325e-08
dwell_r1_xi_4_p+3_Nd4001_dt1,dwell,1,xi_4,3,4001,1.0,linear,16,context,0.0036237298300817794,0.0036237298300817794,1.1948506582471252e-10,3.2972950917264165e-08
dwell_r1_xi_4_p+6_Nd4001_dt1,dwell,1,xi_4,6,4001,1.0,atomic,2,context,0.8572061831460014,0.06876450565341564,4.523688922600013e-09,5.277247191565728e-09
dwell_r1_xi_4_p+6_Nd4001_dt1,dwell,1,xi_4,6,4001,1.0,static,2,context,0.6745899401769683,0.0881098701689922,5.796328205486012e-09,8.592372729373099e-09
dwell_r1_xi_4_p+6_Nd4001_dt1,dwell,1,xi_4,6,4001,1.0,static_lti,2,context,0.6822803152082232,0.09025204477315962,5.937251657709883e-09,8.70207087228936e-09
dwell_r1_xi_4_p+6_Nd4001_dt1,dwell,1,xi_4,6,4001,1.0,static_mh,2,context,0.7785507410136143,0.1019607585119325,6.707512101447262e-09,8.615382078648577e-09
dwell_r1_xi_4_p+6_Nd4001_dt1,dwell,1,xi_4,6,4001,1.0,static_lti_mh,2,context,0.6866919176169438,0.09092629137802949,5.981607126691561e-09,8.710758017146592e-09
dwell_r1_xi_4_p+6_Nd4001_dt1,dwell,1,xi_4,6,4001,1.0,linear,2,context,0.0036916939199550525,0.0036916939199550525,2.4285893910881294e-10,6.578523148846799e-08
dwell_r1_xi_4_p+6_Nd4001_dt1,dwell,1,xi_4,6,4001,1.0,atomic,2,zerofill,0.8579707149545319,0.06880123288890619,4.525860444092227e-09,5.2750756700735114e-09
dwell_r1_xi_4_p+6_Nd4001_dt1,dwell,1,xi_4,6,4001,1.0,static,2,zerofill,0.6747087460750721,0.08812389814589591,5.7969377589748515e-09,8.591763175884265e-09
dwell_r1_xi_4_p+6_Nd4001_dt1,dwell,1,xi_4,6,4001,1.0,static_lti,2,zerofill,0.6824957619937481,0.09027386182911923,5.938365974452429e-09,8.700956555546827e-09
dwell_r1_xi_4_p+6_Nd4001_dt1,dwell,1,xi_4,6,4001,1.0,static_mh,2,zerofill,0.7786265929556581,0.10197185407693343,6.7078795160944516e-09,8.61501466400141e-09
dwell_r1_xi_4_p+6_Nd4001_dt1,dwell,1,xi_4,6,4001,1.0,static_lti_mh,2,zerofill,0.6868921306724801,0.09094692175901666,5.982640985020117e-09,8.709724158818067e-09
dwell_r1_xi_4_p+6_Nd4001_dt1,dwell,1,xi_4,6,4001,1.0,linear,2,zerofill,0.0037459357915829977,0.0037459357915829977,2.4641393639863775e-10,6.578167649117806e-08
dwell_r1_xi_4_p+6_Nd4001_dt1,dwell,1,xi_4,6,4001,1.0,atomic,4,context,0.8526762564881724,0.06856797435130829,4.510785673773187e-09,5.2901504403925624e-09
dwell_r1_xi_4_p+6_Nd4001_dt1,dwell,1,xi_4,6,4001,1.0,static,4,context,0.6701402444971138,0.08776138569358731,5.773435850224492e-09,8.615265084634619e-09
dwell_r1_xi_4_p+6_Nd4001_dt1,dwell,1,xi_4,6,4001,1.0,static_lti,4,context,0.6777687711253421,0.08989583159932373,5.9138516653936905e-09,8.725470864605567e-09
dwell_r1_xi_4_p+6_Nd4001_dt1,dwell,1,xi_4,6,4001,1.0,static_mh,4,context,0.7746553395788649,0.10167271672180346,6.688601177753181e-09,8.634293002342674e-09
dwell_r1_xi_4_p+6_Nd4001_dt1,dwell,1,xi_4,6,4001,1.0,static_lti_mh,4,context,0.6820362193125374,0.09055927468362529,5.957496670052841e-09,8.73486847378536e-09
dwell_r1_xi_4_p+6_Nd4001_dt1,dwell,1,xi_4,6,4001,1.0,linear,4,context,0.0036859958182984963,0.0036859958182984963,2.4248546479704324e-10,6.578560496277982e-08
dwell_r1_xi_4_p+6_Nd4001_dt1,dwell,1,xi_4,6,4001,1.0,atomic,8,context,0.8483261518673132,0.0683765109400822,4.498335107160499e-09,5.302601007005244e-09
dwell_r1_xi_4_p+6_Nd4001_dt1,dwell,1,xi_4,6,4001,1.0,static,8,context,0.6656880884298035,0.08740853123344089,5.750408426912481e-09,8.638292507946623e-09
dwell_r1_xi_4_p+6_Nd4001_dt1,dwell,1,xi_4,6,4001,1.0,static_lti,8,context,0.6732763342045348,0.0895368456818831,5.89042539283948e-09,8.74889713715977e-09
dwell_r1_xi_4_p+6_Nd4001_dt1,dwell,1,xi_4,6,4001,1.0,static_mh,8,context,0.7688093726016858,0.10123567234245306,6.660064585543276e-09,8.662829594552567e-09
dwell_r1_xi_4_p+6_Nd4001_dt1,dwell,1,xi_4,6,4001,1.0,static_lti_mh,8,context,0.6775080925667135,0.0901979582961537,5.933918487787921e-09,8.758446656050258e-09
dwell_r1_xi_4_p+6_Nd4001_dt1,dwell,1,xi_4,6,4001,1.0,linear,8,context,0.003653649610781136,0.003653649610781136,2.4036529631999264e-10,6.578772513125677e-08
dwell_r1_xi_4_p+6_Nd4001_dt1,dwell,1,xi_4,6,4001,1.0,atomic,16,context,0.8378181854247905,0.06791363565619467,4.468016790647155e-09,5.332919323518601e-09
dwell_r1_xi_4_p+6_Nd4001_dt1,dwell,1,xi_4,6,4001,1.0,static,16,context,0.6503488495183427,0.08618553689663802,5.670119442795492e-09,8.718581492063621e-09
dwell_r1_xi_4_p+6_Nd4001_dt1,dwell,1,xi_4,6,4001,1.0,static_lti,16,context,0.658774261576267,0.08837155519285735,5.813936900921501e-09,8.825385629077763e-09
dwell_r1_xi_4_p+6_Nd4001_dt1,dwell,1,xi_4,6,4001,1.0,static_mh,16,context,0.7499060789532307,0.09981024474878109,6.566484699387151e-09,8.756409480708693e-09
dwell_r1_xi_4_p+6_Nd4001_dt1,dwell,1,xi_4,6,4001,1.0,static_lti_mh,16,context,0.6627373686735054,0.08901264349051194,5.856113898965146e-09,8.836251244873042e-09
dwell_r1_xi_4_p+6_Nd4001_dt1,dwell,1,xi_4,6,4001,1.0,linear,16,context,0.0036237298300808127,0.0036237298300808127,2.3840404904155944e-10,6.578968637853523e-08
dwell_r2_xi_0.05_p+0_Nd4001_dt1,dwell,2,xi_0.05,0,4001,1.0,atomic,2,context,0.18115453395315084,0.0804781689060599,1.4971639980253696e-09,8.264568185815088e-09
dwell_r2_xi_0.05_p+0_Nd4001_dt1,dwell,2,xi_0.05,0,4001,1.0,static,2,context,0.01184277867828108,0.005805349327062597,1.0799897818977916e-10,9.119395128766745e-09
dwell_r2_xi_0.05_p+0_Nd4001_dt1,dwell,2,xi_0.05,0,4001,1.0,static_lti,2,context,0.014401582564764124,0.008135752079825023,1.513522894015158e-10,1.0509420664075103e-08
dwell_r2_xi_0.05_p+0_Nd4001_dt1,dwell,2,xi_0.05,0,4001,1.0,static_mh,2,context,0.11627810943348131,0.05718164579293331,1.0637704931998304e-09,9.148501797824437e-09
dwell_r2_xi_0.05_p+0_Nd4001_dt1,dwell,2,xi_0.05,0,4001,1.0,static_lti_mh,2,context,0.01684002127221912,0.009515247338820648,1.7701553031876058e-10,1.0511597785852089e-08
dwell_r2_xi_0.05_p+0_Nd4001_dt1,dwell,2,xi_0.05,0,4001,1.0,linear,2,context,0.009790438815892465,0.009790438815892465,1.8213501523791017e-10,1.8603355647579044e-08
dwell_r2_xi_0.05_p+0_Nd4001_dt1,dwell,2,xi_0.05,0,4001,1.0,atomic,2,zerofill,0.18170891096575306,0.0807105220979151,1.5010411682648295e-09,8.260691015575637e-09
dwell_r2_xi_0.05_p+0_Nd4001_dt1,dwell,2,xi_0.05,0,4001,1.0,static,2,zerofill,0.011860146543542113,0.005815488312625004,1.08155506170844e-10,9.119238600785673e-09
dwell_r2_xi_0.05_p+0_Nd4001_dt1,dwell,2,xi_0.05,0,4001,1.0,static_lti,2,zerofill,0.0146345653409296,0.008267922974478262,1.5376548730137704e-10,1.0507007466175263e-08
dwell_r2_xi_0.05_p+0_Nd4001_dt1,dwell,2,xi_0.05,0,4001,1.0,static_mh,2,zerofill,0.11629729390763423,0.0572070662545028,1.0639277176213506e-09,9.148344573402925e-09
dwell_r2_xi_0.05_p+0_Nd4001_dt1,dwell,2,xi_0.05,0,4001,1.0,static_lti_mh,2,zerofill,0.017068800367893145,0.009645207737099606,1.7938000540114158e-10,1.050923331076975e-08
dwell_r2_xi_0.05_p+0_Nd4001_dt1,dwell,2,xi_0.05,0,4001,1.0,linear,2,zerofill,0.010090057032975847,0.010090057032975847,1.8765324028337644e-10,1.8597837422533588e-08
dwell_r2_xi_0.05_p+0_Nd4001_dt1,dwell,2,xi_0.05,0,4001,1.0,atomic,4,context,0.18041077316920354,0.08019495463006932,1.4919566059440823e-09,8.269775577896376e-09
dwell_r2_xi_0.05_p+0_Nd4001_dt1,dwell,2,xi_0.05,0,4001,1.0,static,4,context,0.011597091789683203,0.005686060112448982,1.0578414796412334e-10,9.121609958992404e-09
dwell_r2_xi_0.05_p+0_Nd4001_dt1,dwell,2,xi_0.05,0,4001,1.0,static_lti,4,context,0.014135130302430656,0.007986997298089478,1.4859106081561522e-10,1.051218189266099e-08
dwell_r2_xi_0.05_p+0_Nd4001_dt1,dwell,2,xi_0.05,0,4001,1.0,static_mh,4,context,0.11545318034597521,0.05681562584189729,1.057004754060707e-09,9.155267536963567e-09
dwell_r2_xi_0.05_p+0_Nd4001_dt1,dwell,2,xi_0.05,0,4001,1.0,static_lti_mh,4,context,0.016569500324818208,0.009364499189163678,1.7421827209803205e-10,1.051439504407285e-08
dwell_r2_xi_0.05_p+0_Nd4001_dt1,dwell,2,xi_0.05,0,4001,1.0,linear,4,context,0.009748919912391808,0.009748919912391808,1.8137008158689186e-10,1.8604120581230045e-08
dwell_r2_xi_0.05_p+0_Nd4001_dt1,dwell,2,xi_0.05,0,4001,1.0,atomic,8,context,0.17969905666824534,0.07992095025906183,1.4869674218765533e-09,8.274764761963915e-09
dwell_r2_xi_0.05_p+0_Nd4001_dt1,dwell,2,xi_0.05,0,4001,1.0,static,8,context,0.011414593727990868,0.005597182892947871,1.0413825898115571e-10,9.123255847975374e-09
dwell_r2_xi_0.05_p+0_Nd4001_dt1,dwell,2,xi_0.05,0,4001,1.0,static_lti,8,context,0.013926085619070232,0.007869925913660876,1.4642372754907182e-10,1.0514349225927546e-08
dwell_r2_xi_0.05_p+0_Nd4001_dt1,dwell,2,xi_0.05,0,4001,1.0,static_mh,8,context,0.11485266830797514,0.056546428912678304,1.0520732967270662e-09,9.160198994297221e-09
dwell_r2_xi_0.05_p+0_Nd4001_dt1,dwell,2,xi_0.05,0,4001,1.0,static_lti_mh,8,context,0.016351020019756666,0.009242334320784012,1.7195804094608012e-10,1.0516655275224791e-08
dwell_r2_xi_0.05_p+0_Nd4001_dt1,dwell,2,xi_0.05,0,4001,1.0,linear,8,context,0.009675291312270526,0.009675291312270526,1.8001341240159075e-10,1.860547725041537e-08
dwell_r2_xi_0.05_p+0_Nd4001_dt1,dwell,2,xi_0.05,0,4001,1.0,atomic,16,context,0.17794393702852557,0.07924929200674788,1.4746381405828939e-09,8.287094043257568e-09
dwell_r2_xi_0.05_p+0_Nd4001_dt1,dwell,2,xi_0.05,0,4001,1.0,static,16,context,0.011249498158582658,0.005516502614909012,1.0264880546664614e-10,9.124745301489879e-09
dwell_r2_xi_0.05_p+0_Nd4001_dt1,dwell,2,xi_0.05,0,4001,1.0,static_lti,16,context,0.013734834198563046,0.007762429587699938,1.444400882803699e-10,1.0516332865196245e-08
dwell_r2_xi_0.05_p+0_Nd4001_dt1,dwell,2,xi_0.05,0,4001,1.0,static_mh,16,context,0.11373290267714775,0.05604506635825018,1.0428634799202727e-09,9.169408811104004e-09
dwell_r2_xi_0.05_p+0_Nd4001_dt1,dwell,2,xi_0.05,0,4001,1.0,static_lti_mh,16,context,0.016141116803460198,0.009124537276607203,1.697856263764433e-10,1.051882768979443e-08
dwell_r2_xi_0.05_p+0_Nd4001_dt1,dwell,2,xi_0.05,0,4001,1.0,linear,16,context,0.009560782443311412,0.009560782443311412,1.7790309651626728e-10,1.8607587566300683e-08
dwell_r2_xi_0.05_p+3_Nd4001_dt1,dwell,2,xi_0.05,3,4001,1.0,atomic,2,context,0.322763160811186,0.08310055766081673,3.0845742368330593e-09,9.556772926255706e-09
dwell_r2_xi_0.05_p+3_Nd4001_dt1,dwell,2,xi_0.05,3,4001,1.0,static,2,context,0.0375895324807973,0.011209450218217825,4.160788125310108e-10,1.1069007382402684e-08
dwell_r2_xi_0.05_p+3_Nd4001_dt1,dwell,2,xi_0.05,3,4001,1.0,static_lti,2,context,0.045688247249197574,0.014411379506532833,5.349298632208266e-10,1.1708259682258254e-08
dwell_r2_xi_0.05_p+3_Nd4001_dt1,dwell,2,xi_0.05,3,4001,1.0,static_mh,2,context,1.603546442726448,0.4822628481386079,1.7900909435791913e-08,1.1163324590309769e-08
dwell_r2_xi_0.05_p+3_Nd4001_dt1,dwell,2,xi_0.05,3,4001,1.0,static_lti_mh,2,context,0.07121990426286028,0.022415856152692603,8.320446255892414e-10,1.1682754058729276e-08
dwell_r2_xi_0.05_p+3_Nd4001_dt1,dwell,2,xi_0.05,3,4001,1.0,linear,2,context,0.009790438815893397,0.009790438815893397,3.634071321405177e-10,3.711857445557777e-08
dwell_r2_xi_0.05_p+3_Nd4001_dt1,dwell,2,xi_0.05,3,4001,1.0,atomic,2,zerofill,0.3236214696497033,0.08329221936326238,3.0907713731430913e-09,9.550575789945662e-09
dwell_r2_xi_0.05_p+3_Nd4001_dt1,dwell,2,xi_0.05,3,4001,1.0,static,2,zerofill,0.037665916957690046,0.011234734261645382,4.1689362231208726e-10,1.106819257262161e-08
dwell_r2_xi_0.05_p+3_Nd4001_dt1,dwell,2,xi_0.05,3,4001,1.0,static_lti,2,zerofill,0.04591773715152453,0.014484885812360435,5.374988294745399e-10,1.1705690716004595e-08
dwell_r2_xi_0.05_p+3_Nd4001_dt1,dwell,2,xi_0.05,3,4001,1.0,static_mh,2,zerofill,1.6040435494187573,0.482463371083539,1.7903040492073015e-08,1.116119353402866e-08
dwell_r2_xi_0.05_p+3_Nd4001_dt1,dwell,2,xi_0.05,3,4001,1.0,static_lti_mh,2,zerofill,0.07142928607721169,0.022484033171046837,8.343277032250921e-10,1.168047098109343e-08
dwell_r2_xi_0.05_p+3_Nd4001_dt1,dwell,2,xi_0.05,3,4001,1.0,linear,2,zerofill,0.010090057032976456,0.010090057032976456,3.7441743861924216e-10,3.710756414909908e-08
dwell_r2_xi_0.05_p+3_Nd4001_dt1,dwell,2,xi_0.05,3,4001,1.0,atomic,4,context,0.32128341344462064,0.0828088082913921,3.0738713025294892e-09,9.567475860559262e-09
dwell_r2_xi_0.05_p+3_Nd4001_dt1,dwell,2,xi_0.05,3,4001,1.0,static,4,context,0.03630555574746795,0.01083952810732093,4.023643748719314e-10,1.1082721820061752e-08
dwell_r2_xi_0.05_p+3_Nd4001_dt1,dwell,2,xi_0.05,3,4001,1.0,static_lti,4,context,0.04440698281116578,0.014023839319707805,5.205663277322574e-10,1.1722623217746855e-08
dwell_r2_xi_0.05_p+3_Nd4001_dt1,dwell,2,xi_0.05,3,4001,1.0,static_mh,4,context,1.5844067440082035,0.4800158222189627,1.7818235657816418e-08,1.124599836828526e-08
dwell_r2_xi_0.05_p+3_Nd4001_dt1,dwell,2,xi_0.05,3,4001,1.0,static_lti_mh,4,context,0.0699332739356594,0.02203646299688289,8.179957254911072e-10,1.169680295882739e-08
dwell_r2_xi_0.05_p+3_Nd4001_dt1,dwell,2,xi_0.05,3,4001,1.0,linear,4,context,0.009748919912392687,0.009748919912392687,3.618808888531876e-10,3.712010069886509e-08
dwell_r2_xi_0.05_p+3_Nd4001_dt1,dwell,2,xi_0.05,3,4001,1.0,atomic,8,context,0.319885555869718,0.08252981999191897,3.063738629628497e-09,9.577608533460282e-09
dwell_r2_xi_0.05_p+3_Nd4001_dt1,dwell,2,xi_0.05,3,4001,1.0,static,8,context,0.03539885046782686,0.01057730249984409,3.9265916573199236e-10,1.1092427029201712e-08
dwell_r2_xi_0.05_p+3_Nd4001_dt1,dwell,2,xi_0.05,3,4001,1.0,static_lti,8,context,0.04347097933262806,0.013739559453902638,5.100510222501475e-10,1.1733138523228943e-08
dwell_r2_xi_0.05_p+3_Nd4001_dt1,dwell,2,xi_0.05,3,4001,1.0,static_mh,8,context,1.5696060563232415,0.47823591249383174,1.7753459771588647e-08,1.1310774254513029e-08
dwell_r2_xi_0.05_p+3_Nd4001_dt1,dwell,2,xi_0.05,3,4001,1.0,static_lti_mh,8,context,0.06889877485268328,0.02172991229028421,8.066753533292759e-10,1.170812333098924e-08
dwell_r2_xi_0.05_p+3_Nd4001_dt1,dwell,2,xi_0.05,3,4001,1.0,linear,8,context,0.009675291312271399,0.009675291312271399,3.591739779538762e-10,3.7122807609764416e-08
dwell_r2_xi_0.05_p+3_Nd4001_dt1,dwell,2,xi_0.05,3,4001,1.0,atomic,16,context,0.3166067652850951,0.08187803193822331,3.039887185514187e-09,9.601459977574572e-09
dwell_r2_xi_0.05_p+3_Nd4001_dt1,dwell,2,xi_0.05,3,4001,1.0,static,16,context,0.03480873726220471,0.010405725601913706,3.86333564259346e-10,1.1098752630674327e-08
dwell_r2_xi_0.05_p+3_Nd4001_dt1,dwell,2,xi_0.05,3,4001,1.0,static_lti,16,context,0.042800560467409966,0.013534826776654529,5.025077606597782e-10,1.1740681784819324e-08
dwell_r2_xi_0.05_p+3_Nd4001_dt1,dwell,2,xi_0.05,3,4001,1.0,static_mh,16,context,1.5365369595062,0.47420991130545576,1.7606000028297146e-08,1.1458233997804533e-08
dwell_r2_xi_0.05_p+3_Nd4001_dt1,dwell,2,xi_0.05,3,4001,1.0,static_lti_mh,16,context,0.06809623718473465,0.02149050029745226,7.978781966059496e-10,1.1716920487712536e-08
dwell_r2_xi_0.05_p+3_Nd4001_dt1,dwell,2,xi_0.05,3,4001,1.0,linear,16,context,0.009560782443312389,0.009560782443312389,3.5496334419521483e-10,3.712701824352314e-08
dwell_r2_xi_0.05_p+6_Nd4001_dt1,dwell,2,xi_0.05,6,4001,1.0,atomic,2,context,0.5619365696867533,0.07310542642689387,5.4142823916211025e-09,9.635041895634675e-09
dwell_r2_xi_0.05_p+6_Nd4001_dt1,dwell,2,xi_0.05,6,4001,1.0,static,2,context,0.11860247011537196,0.019968178361795274,1.4788691042672744e-09,1.2469125666848986e-08
dwell_r2_xi_0.05_p+6_Nd4001_dt1,dwell,2,xi_0.05,6,4001,1.0,static_lti,2,context,0.13977177489194673,0.02552542202538139,1.8904457543780706e-09,1.3525232514500987e-08
dwell_r2_xi_0.05_p+6_Nd4001_dt1,dwell,2,xi_0.05,6,4001,1.0,static_mh,2,context,1.5920073898606013,0.2677067063491578,1.9826704762533322e-08,1.2453902468549082e-08
dwell_r2_xi_0.05_p+6_Nd4001_dt1,dwell,2,xi_0.05,6,4001,1.0,static_lti_mh,2,context,0.18329875637211682,0.0333597520786778,2.4706663663203105e-09,1.347890414108748e-08
dwell_r2_xi_0.05_p+6_Nd4001_dt1,dwell,2,xi_0.05,6,4001,1.0,linear,2,context,0.009790438815892366,0.009790438815892366,7.25092555750817e-10,7.406129279658108e-08
dwell_r2_xi_0.05_p+6_Nd4001_dt1,dwell,2,xi_0.05,6,4001,1.0,atomic,2,zerofill,0.5631643065646582,0.07322932741027785,5.421849923841334e-09,9.62747436341447e-09
dwell_r2_xi_0.05_p+6_Nd4001_dt1,dwell,2,xi_0.05,6,4001,1.0,static,2,zerofill,0.11886618216649329,0.020013797232593014,1.4818080247188033e-09,1.2466186746397448e-08
dwell_r2_xi_0.05_p+6_Nd4001_dt1,dwell,2,xi_0.05,6,4001,1.0,static_lti,2,zerofill,0.14040715613522434,0.025634774421467464,1.897981377952899e-09,1.351769689092611e-08
dwell_r2_xi_0.05_p+6_Nd4001_dt1,dwell,2,xi_0.05,6,4001,1.0,static_mh,2,zerofill,1.5928053762813181,0.2678379073391274,1.9830537693900146e-08,1.2450069537182248e-08
dwell_r2_xi_0.05_p+6_Nd4001_dt1,dwell,2,xi_0.05,6,4001,1.0,static_lti_mh,2,zerofill,0.18398415675798682,0.033475038220955086,2.4784692123691106e-09,1.3471101295038653e-08
dwell_r2_xi_0.05_p+6_Nd4001_dt1,dwell,2,xi_0.05,6,4001,1.0,linear,2,zerofill,0.010090057032975275,0.010090057032975275,7.470610053440628e-10,7.403932434698791e-08
dwell_r2_xi_0.05_p+6_Nd4001_dt1,dwell,2,xi_0.05,6,4001,1.0,atomic,4,context,0.5587141557801484,0.07283347818008266,5.394363349454151e-09,9.654960937801636e-09
dwell_r2_xi_0.05_p+6_Nd4001_dt1,dwell,2,xi_0.05,6,4001,1.0,static,4,context,0.11413208951145537,0.019291842846791196,1.4288375702565076e-09,1.2519157200859763e-08
dwell_r2_xi_0.05_p+6_Nd4001_dt1,dwell,2,xi_0.05,6,4001,1.0,static_lti,4,context,0.13541977498350155,0.024824420901285345,1.838604301585275e-09,1.3577073967293742e-08
dwell_r2_xi_0.05_p+6_Nd4001_dt1,dwell,2,xi_0.05,6,4001,1.0,static_mh,4,context,1.566531480885484,0.26602661056132665,1.9703084815520537e-08,1.257752241556189e-08
dwell_r2_xi_0.05_p+6_Nd4001_dt1,dwell,2,xi_0.05,6,4001,1.0,static_lti_mh,4,context,0.17892484910872994,0.03268318595950955,2.420658533531163e-09,1.3528911973876616e-08
dwell_r2_xi_0.05_p+6_Nd4001_dt1,dwell,2,xi_0.05,6,4001,1.0,linear,4,context,0.009748919912391596,0.009748919912391596,7.22047300036129e-10,7.406433805229579e-08
dwell_r2_xi_0.05_p+6_Nd4001_dt1,dwell,2,xi_0.05,6,4001,1.0,atomic,8,context,0.5556976739675618,0.07257542079031239,5.375642479353576e-09,9.673681807902211e-09
dwell_r2_xi_0.05_p+6_Nd4001_dt1,dwell,2,xi_0.05,6,4001,1.0,static,8,context,0.11097977651376822,0.018810860111257578,1.3933154997394362e-09,1.2554679271376804e-08
dwell_r2_xi_0.05_p+6_Nd4001_dt1,dwell,2,xi_0.05,6,4001,1.0,static_lti,8,context,0.1321969425241235,0.024300838339122683,1.7999567544654066e-09,1.36157215144136e-08
dwell_r2_xi_0.05_p+6_Nd4001_dt1,dwell,2,xi_0.05,6,4001,1.0,static_mh,8,context,1.5472617793911854,0.2647226486627388,1.9607937506968816e-08,1.2672669724113603e-08
dwell_r2_xi_0.05_p+6_Nd4001_dt1,dwell,2,xi_0.05,6,4001,1.0,static_lti_mh,8,context,0.17536988228227812,0.03212836540364135,2.3797396415380095e-09,1.3569830865869791e-08
dwell_r2_xi_0.05_p+6_Nd4001_dt1,dwell,2,xi_0.05,6,4001,1.0,linear,8,context,0.0096752913122704,0.0096752913122704,7.1664630272876e-10,7.406973904960306e-08
dwell_r2_xi_0.05_p+6_Nd4001_dt1,dwell,2,xi_0.05,6,4001,1.0,atomic,16,context,0.5491901777791095,0.07201864659784628,5.335007411822057e-09,9.714316875433737e-09
dwell_r2_xi_0.05_p+6_Nd4001_dt1,dwell,2,xi_0.05,6,4001,1.0,static,16,context,0.10899821460819804,0.018505901307677087,1.3708827547150444e-09,1.25771120164012e-08
dwell_r2_xi_0.05_p+6_Nd4001_dt1,dwell,2,xi_0.05,6,4001,1.0,static_lti,16,context,0.1299614891418188,0.023934458322523864,1.7730201632590737e-09,1.3642658105619953e-08
dwell_r2_xi_0.05_p+6_Nd4001_dt1,dwell,2,xi_0.05,6,4001,1.0,static_mh,16,context,1.5128711724546735,0.26235137674520226,1.9434502112390868e-08,1.284610511869155e-08
dwell_r2_xi_0.05_p+6_Nd4001_dt1,dwell,2,xi_0.05,6,4001,1.0,static_lti_mh,16,context,0.172910061556677,0.03174055197556256,2.3512810646182502e-09,1.3598289442789539e-08
dwell_r2_xi_0.05_p+6_Nd4001_dt1,dwell,2,xi_0.05,6,4001,1.0,linear,16,context,0.00956078244331146,0.00956078244331146,7.082449838679724e-10,7.407814036846398e-08
dwell_r2_xi_0.1_p+0_Nd4001_dt1,dwell,2,xi_0.1,0,4001,1.0,atomic,2,context,0.13517661064910808,0.060281833764527365,1.101632065473609e-09,8.149576026382473e-09
dwell_r2_xi_0.1_p+0_Nd4001_dt1,dwell,2,xi_0.1,0,4001,1.0,static,2,context,0.01599707847424119,0.00823155391787473,1.504291289483273e-10,9.403537601603395e-09
dwell_r2_xi_0.1_p+0_Nd4001_dt1,dwell,2,xi_0.1,0,4001,1.0,static_lti,2,context,0.020403028563322566,0.011535048521920022,2.1079948194971244e-10,1.0331774094001682e-08
dwell_r2_xi_0.1_p+0_Nd4001_dt1,dwell,2,xi_0.1,0,4001,1.0,static_mh,2,context,0.057982051883628205,0.02969312604505069,5.426327922131993e-10,9.358633828659261e-09
dwell_r2_xi_0.1_p+0_Nd4001_dt1,dwell,2,xi_0.1,0,4001,1.0,static_lti_mh,2,context,0.021749008411110278,0.012300351900357467,2.247851670036081e-10,1.03354214019605e-08
dwell_r2_xi_0.1_p+0_Nd4001_dt1,dwell,2,xi_0.1,0,4001,1.0,linear,2,context,0.009606868735968962,0.009606868735968962,1.755625863950906e-10,1.827469399449259e-08
dwell_r2_xi_0.1_p+0_Nd4001_dt1,dwell,2,xi_0.1,0,4001,1.0,atomic,2,zerofill,0.13540052465467342,0.06038530667122629,1.1032392553348958e-09,8.147968836521173e-09
dwell_r2_xi_0.1_p+0_Nd4001_dt1,dwell,2,xi_0.1,0,4001,1.0,static,2,zerofill,0.01601944549228468,0.008245001775559159,1.5063614181224553e-10,9.403330588739494e-09
dwell_r2_xi_0.1_p+0_Nd4001_dt1,dwell,2,xi_0.1,0,4001,1.0,static_lti,2,zerofill,0.020605094941805537,0.011649977814339707,2.1284503726275745e-10,1.0329728538688634e-08
dwell_r2_xi_0.1_p+0_Nd4001_dt1,dwell,2,xi_0.1,0,4001,1.0,static_mh,2,zerofill,0.058034228339084344,0.02972602382432707,5.430943087955667e-10,9.358172312076884e-09
dwell_r2_xi_0.1_p+0_Nd4001_dt1,dwell,2,xi_0.1,0,4001,1.0,static_lti_mh,2,zerofill,0.021953332432848423,0.01241661951077988,2.2685157727909487e-10,1.033335499168502e-08
dwell_r2_xi_0.1_p+0_Nd4001_dt1,dwell,2,xi_0.1,0,4001,1.0,linear,2,zerofill,0.009866532950292725,0.009866532950292725,1.8026150838453804e-10,1.8269995072503148e-08
dwell_r2_xi_0.1_p+0_Nd4001_dt1,dwell,2,xi_0.1,0,4001,1.0,atomic,4,context,0.13463374601049774,0.06006674640559974,1.097732907124103e-09,8.15347518473199e-09
dwell_r2_xi_0.1_p+0_Nd4001_dt1,dwell,2,xi_0.1,0,4001,1.0,static,4,context,0.015531447046702196,0.007995390754410149,1.4611751196188656e-10,9.40784921858983e-09
dwell_r2_xi_0.1_p+0_Nd4001_dt1,dwell,2,xi_0.1,0,4001,1.0,static_lti,4,context,0.019964128569718964,0.011291445054558853,2.063536240447583e-10,1.0336219951906629e-08
dwell_r2_xi_0.1_p+0_Nd4001_dt1,dwell,2,xi_0.1,0,4001,1.0,static_mh,4,context,0.057438138403596184,0.029428868622946677,5.378190003617194e-10,9.363447620510742e-09
dwell_r2_xi_0.1_p+0_Nd4001_dt1,dwell,2,xi_0.1,0,4001,1.0,static_lti_mh,4,context,0.021303518386617856,0.012053310542259789,2.2027688219834962e-10,1.0339929686765733e-08
dwell_r2_xi_0.1_p+0_Nd4001_dt1,dwell,2,xi_0.1,0,4001,1.0,linear,4,context,0.009577900024760368,0.009577900024760368,1.7503821444445752e-10,1.8275218366443208e-08
dwell_r2_xi_0.1_p+0_Nd4001_dt1,dwell,2,xi_0.1,0,4001,1.0,atomic,8,context,0.13387693155662234,0.059765485890530316,1.0922908104578896e-09,8.158917281398198e-09
dwell_r2_xi_0.1_p+0_Nd4001_dt1,dwell,2,xi_0.1,0,4001,1.0,static,8,context,0.015359586075589241,0.007907797473366833,1.445251282143314e-10,9.409441602337384e-09
dwell_r2_xi_0.1_p+0_Nd4001_dt1,dwell,2,xi_0.1,0,4001,1.0,static_lti,8,context,0.019735970829468524,0.011164250455713298,2.0404097777707757e-10,1.0338532598174309e-08
dwell_r2_xi_0.1_p+0_Nd4001_dt1,dwell,2,xi_0.1,0,4001,1.0,static_mh,8,context,0.05700688794901612,0.02921813193825559,5.339987877511684e-10,9.36726783312129e-09
dwell_r2_xi_0.1_p+0_Nd4001_dt1,dwell,2,xi_0.1,0,4001,1.0,static_lti_mh,8,context,0.0210657581638081,0.011920870502788844,2.1786917831982232e-10,1.0342337390644272e-08
dwell_r2_xi_0.1_p+0_Nd4001_dt1,dwell,2,xi_0.1,0,4001,1.0,linear,8,context,0.009519203864269521,0.009519203864269521,1.739756441177754e-10,1.8276280936769898e-08
dwell_r2_xi_0.1_p+0_Nd4001_dt1,dwell,2,xi_0.1,0,4001,1.0,atomic,16,context,0.13270918054685743,0.05929841410149636,1.0838794864767944e-09,8.167328605379296e-09
dwell_r2_xi_0.1_p+0_Nd4001_dt1,dwell,2,xi_0.1,0,4001,1.0,static,16,context,0.015230254914292075,0.0078413064478142,1.433264503738147e-10,9.410640280177919e-09
dwell_r2_xi_0.1_p+0_Nd4001_dt1,dwell,2,xi_0.1,0,4001,1.0,static_lti,16,context,0.019539128437890872,0.01105375951732256,2.0204491757177063e-10,1.0340528658379612e-08
dwell_r2_xi_0.1_p+0_Nd4001_dt1,dwell,2,xi_0.1,0,4001,1.0,static_mh,16,context,0.05644886537830348,0.02894406821365537,5.290509411983489e-10,9.37221567967411e-09
dwell_r2_xi_0.1_p+0_Nd4001_dt1,dwell,2,xi_0.1,0,4001,1.0,static_lti_mh,16,context,0.02085218128527437,0.011801117271252735,2.1570541340152082e-10,1.0344501155562565e-08
dwell_r2_xi_0.1_p+0_Nd4001_dt1,dwell,2,xi_0.1,0,4001,1.0,linear,16,context,0.009402769092595388,0.009402769092595388,1.7186747217384667e-10,1.827838910871384e-08
dwell_r2_xi_0.1_p+3_Nd4001_dt1,dwell,2,xi_0.1,3,4001,1.0,atomic,2,context,0.2656564550538148,0.05789608620491372,2.111053889414132e-09,7.946555972022173e-09
dwell_r2_xi_0.1_p+3_Nd4001_dt1,dwell,2,xi_0.1,3,4001,1.0,static,2,context,0.07106350469380067,0.021081609850691733,7.686946974774422e-10,1.0817010796042269e-08
dwell_r2_xi_0.1_p+3_Nd4001_dt1,dwell,2,xi_0.1,3,4001,1.0,static_lti,2,context,0.07895549199764845,0.02448808809087171,8.929044603392058e-10,1.1308959487780778e-08
dwell_r2_xi_0.1_p+3_Nd4001_dt1,dwell,2,xi_0.1,3,4001,1.0,static_mh,2,context,0.740861318741199,0.21561042223289803,7.861761481458347e-09,1.0611650632288786e-08
dwell_r2_xi_0.1_p+3_Nd4001_dt1,dwell,2,xi_0.1,3,4001,1.0,static_lti_mh,2,context,0.09360970407671701,0.029031738294610514,1.0585787064495765e-09,1.1308429151554926e-08
dwell_r2_xi_0.1_p+3_Nd4001_dt1,dwell,2,xi_0.1,3,4001,1.0,linear,2,context,0.009606868735967508,0.009606868735967508,3.502934125525396e-10,3.6462808244799184e-08
dwell_r2_xi_0.1_p+3_Nd4001_dt1,dwell,2,xi_0.1,3,4001,1.0,atomic,2,zerofill,0.2663672302419041,0.05803332927005078,2.115514060745791e-09,7.942095800690519e-09
dwell_r2_xi_0.1_p+3_Nd4001_dt1,dwell,2,xi_0.1,3,4001,1.0,static,2,zerofill,0.07117136760717345,0.021116911999855326,7.697839296336889e-10,1.0815921563886056e-08
dwell_r2_xi_0.1_p+3_Nd4001_dt1,dwell,2,xi_0.1,3,4001,1.0,static_lti,2,zerofill,0.07916615488688555,0.0245549459963588,8.951120704177577e-10,1.1306751877702215e-08
dwell_r2_xi_0.1_p+3_Nd4001_dt1,dwell,2,xi_0.1,3,4001,1.0,static_mh,2,zerofill,0.7415775210140972,0.21578558772888226,7.866125391884577e-09,1.0607286721862546e-08
dwell_r2_xi_0.1_p+3_Nd4001_dt1,dwell,2,xi_0.1,3,4001,1.0,static_lti_mh,2,zerofill,0.09377735558901945,0.029086754176512214,1.0603120347538543e-09,1.1306695823250618e-08
dwell_r2_xi_0.1_p+3_Nd4001_dt1,dwell,2,xi_0.1,3,4001,1.0,linear,2,zerofill,0.009866532950291294,0.009866532950291294,3.5966899451906326e-10,3.645343266283265e-08
dwell_r2_xi_0.1_p+3_Nd4001_dt1,dwell,2,xi_0.1,3,4001,1.0,atomic,4,context,0.2646310361867627,0.05771771795402652,2.1046104698011173e-09,7.952999391635204e-09
dwell_r2_xi_0.1_p+3_Nd4001_dt1,dwell,2,xi_0.1,3,4001,1.0,static,4,context,0.06848852945353068,0.020366100700649047,7.426265327702489e-10,1.084307896074947e-08
dwell_r2_xi_0.1_p+3_Nd4001_dt1,dwell,2,xi_0.1,3,4001,1.0,static_lti,4,context,0.07664475312563615,0.023821746826877915,8.686327103357217e-10,1.1333231237784251e-08
dwell_r2_xi_0.1_p+3_Nd4001_dt1,dwell,2,xi_0.1,3,4001,1.0,static_mh,4,context,0.7344818056007703,0.21453385529005015,7.822731285562529e-09,1.0650680828184596e-08
dwell_r2_xi_0.1_p+3_Nd4001_dt1,dwell,2,xi_0.1,3,4001,1.0,static_lti_mh,4,context,0.09120977234876529,0.028348833087830254,1.0337077250839167e-09,1.1333300132920572e-08
dwell_r2_xi_0.1_p+3_Nd4001_dt1,dwell,2,xi_0.1,3,4001,1.0,linear,4,context,0.009577900024758801,0.009577900024758801,3.492471529604109e-10,3.646385450439131e-08
dwell_r2_xi_0.1_p+3_Nd4001_dt1,dwell,2,xi_0.1,3,4001,1.0,atomic,8,context,0.2632409455090982,0.05747436846457954,2.095858861208088e-09,7.961751000228231e-09
dwell_r2_xi_0.1_p+3_Nd4001_dt1,dwell,2,xi_0.1,3,4001,1.0,static,8,context,0.06765232289447967,0.020132027876588313,7.341340174140274e-10,1.0851571476105688e-08
dwell_r2_xi_0.1_p+3_Nd4001_dt1,dwell,2,xi_0.1,3,4001,1.0,static_lti,8,context,0.07569512206154366,0.023545994996348293,8.586276557257146e-10,1.1343236292394248e-08
dwell_r2_xi_0.1_p+3_Nd4001_dt1,dwell,2,xi_0.1,3,4001,1.0,static_mh,8,context,0.7276738702189635,0.21337046756015493,7.780762052768997e-09,1.0692650060978138e-08
dwell_r2_xi_0.1_p+3_Nd4001_dt1,dwell,2,xi_0.1,3,4001,1.0,static_lti_mh,8,context,0.09017454051347777,0.028052057087408568,1.022945601533553e-09,1.1344062256470943e-08
dwell_r2_xi_0.1_p+3_Nd4001_dt1,dwell,2,xi_0.1,3,4001,1.0,linear,8,context,0.009519203864267863,0.009519203864267863,3.471270464305749e-10,3.6465974610921205e-08
dwell_r2_xi_0.1_p+3_Nd4001_dt1,dwell,2,xi_0.1,3,4001,1.0,atomic,16,context,0.26107292830063317,0.057092426908062495,2.082171141179654e-09,7.975438720256635e-09
dwell_r2_xi_0.1_p+3_Nd4001_dt1,dwell,2,xi_0.1,3,4001,1.0,static,16,context,0.06703007871859532,0.01995619016432975,7.278058667040607e-10,1.0857899626815665e-08
dwell_r2_xi_0.1_p+3_Nd4001_dt1,dwell,2,xi_0.1,3,4001,1.0,static_lti,16,context,0.07495052568246416,0.023327836713669784,8.507704265150989e-10,1.1351093521604878e-08
dwell_r2_xi_0.1_p+3_Nd4001_dt1,dwell,2,xi_0.1,3,4001,1.0,static_mh,16,context,0.7157975604875716,0.2113164802823494,7.706750277197126e-09,1.0766661836549999e-08
dwell_r2_xi_0.1_p+3_Nd4001_dt1,dwell,2,xi_0.1,3,4001,1.0,static_lti_mh,16,context,0.08926974212616097,0.02779044869118191,1.0135226929202642e-09,1.135348516508424e-08
dwell_r2_xi_0.1_p+3_Nd4001_dt1,dwell,2,xi_0.1,3,4001,1.0,linear,16,context,0.009402769092593986,0.009402769092593986,3.4292069039738797e-10,3.647018096695436e-08
dwell_r2_xi_0.25_p+3_Nd4001_dt1,dwell,2,xi_0.25,3,4001,1.0,atomic,2,context,0.31282941979955303,0.04984136893543946,1.691374855350745e-09,5.406700100120064e-09
dwell_r2_xi_0.25_p+3_Nd4001_dt1,dwell,2,xi_0.25,3,4001,1.0,static,2,context,0.12414814797069498,0.03776663371270377,1.2816167773331183e-09,1.0323285512367388e-08
dwell_r2_xi_0.25_p+3_Nd4001_dt1,dwell,2,xi_0.25,3,4001,1.0,static_lti,2,context,0.13122229477956887,0.04110218355610253,1.3948091966906512e-09,1.0629361413269699e-08
dwell_r2_xi_0.25_p+3_Nd4001_dt1,dwell,2,xi_0.25,3,4001,1.0,static_mh,2,context,0.3855607921056671,0.11958591187223255,4.058167115290949e-09,1.0525362532658051e-08
dwell_r2_xi_0.25_p+3_Nd4001_dt1,dwell,2,xi_0.25,3,4001,1.0,static_lti_mh,2,context,0.13576848407897535,0.0425063137663539,1.442458580766233e-09,1.0624399252533213e-08
dwell_r2_xi_0.25_p+3_Nd4001_dt1,dwell,2,xi_0.25,3,4001,1.0,linear,2,context,0.007941058940878827,0.007941058940878827,2.6948110985592134e-10,3.393516051980068e-08
dwell_r2_xi_0.25_p+3_Nd4001_dt1,dwell,2,xi_0.25,3,4001,1.0,atomic,2,zerofill,0.3131784089026892,0.0498864781542549,1.6928117350664582e-09,5.4052632204043435e-09
dwell_r2_xi_0.25_p+3_Nd4001_dt1,dwell,2,xi_0.25,3,4001,1.0,static,2,zerofill,0.12422159496765915,0.037788604144899415,1.2822912122693255e-09,1.0322611077431162e-08
dwell_r2_xi_0.25_p+3_Nd4001_dt1,dwell,2,xi_0.25,3,4001,1.0,static_lti,2,zerofill,0.13134680432944923,0.04113893743226772,1.3959790033317442e-09,1.0628191606628621e-08
dwell_r2_xi_0.25_p+3_Nd4001_dt1,dwell,2,xi_0.25,3,4001,1.0,static_mh,2,zerofill,0.38575244646038853,0.11963544462538307,4.0596228093217e-09,1.0523906838627315e-08
dwell_r2_xi_0.25_p+3_Nd4001_dt1,dwell,2,xi_0.25,3,4001,1.0,static_lti_mh,2,zerofill,0.13590948434393157,0.04254753645826973,1.443777385768088e-09,1.0623080447531354e-08
dwell_r2_xi_0.25_p+3_Nd4001_dt1,dwell,2,xi_0.25,3,4001,1.0,linear,2,zerofill,0.007996974551332003,0.007996974551332003,2.7136356115706305e-10,3.393327806849952e-08
dwell_r2_xi_0.25_p+3_Nd4001_dt1,dwell,2,xi_0.25,3,4001,1.0,atomic,4,context,0.31129943997016085,0.04965440852808215,1.685066500565706e-09,5.413008454905108e-09
dwell_r2_xi_0.25_p+3_Nd4001_dt1,dwell,2,xi_0.25,3,4001,1.0,static,4,context,0.12092038630425392,0.03688986063502125,1.2518902190015227e-09,1.0353012070698965e-08
dwell_r2_xi_0.25_p+3_Nd4001_dt1,dwell,2,xi_0.25,3,4001,1.0,static_lti,4,context,0.1279585411076975,0.040195000720279164,1.3640530863569e-09,1.0660117523603462e-08
dwell_r2_xi_0.25_p+3_Nd4001_dt1,dwell,2,xi_0.25,3,4001,1.0,static_mh,4,context,0.3797131110615703,0.11826880778131392,4.0135571434997044e-09,1.0569972504449308e-08
dwell_r2_xi_0.25_p+3_Nd4001_dt1,dwell,2,xi_0.25,3,4001,1.0,static_lti_mh,4,context,0.132479152461072,0.04159606894807482,1.4115995823408409e-09,1.0655258250958609e-08
dwell_r2_xi_0.25_p+3_Nd4001_dt1,dwell,2,xi_0.25,3,4001,1.0,linear,4,context,0.007919419480137923,0.007919419480137923,2.687525411235287e-10,3.3935889088533056e-08
dwell_r2_xi_0.25_p+3_Nd4001_dt1,dwell,2,xi_0.25,3,4001,1.0,atomic,8,context,0.3093057018058973,0.049407897066847416,1.6768238712659653e-09,5.421251084204859e-09
dwell_r2_xi_0.25_p+3_Nd4001_dt1,dwell,2,xi_0.25,3,4001,1.0,static,8,context,0.11986837184688379,0.03660058584839519,1.2421645060074676e-09,1.0362737783693023e-08
dwell_r2_xi_0.25_p+3_Nd4001_dt1,dwell,2,xi_0.25,3,4001,1.0,static_lti,8,context,0.12675014952925537,0.03985519215424015,1.3526205640305377e-09,1.0671550045929829e-08
dwell_r2_xi_0.25_p+3_Nd4001_dt1,dwell,2,xi_0.25,3,4001,1.0,static_mh,8,context,0.3769984121039805,0.11764613175635369,3.992718852701864e-09,1.0590810795247134e-08
dwell_r2_xi_0.25_p+3_Nd4001_dt1,dwell,2,xi_0.25,3,4001,1.0,static_lti_mh,8,context,0.13122374937978112,0.04124459522577129,1.3997746502285707e-09,1.0667083183070877e-08
dwell_r2_xi_0.25_p+3_Nd4001_dt1,dwell,2,xi_0.25,3,4001,1.0,linear,8,context,0.007845511866777925,0.007845511866777925,2.662639448652221e-10,3.393837768479141e-08
dwell_r2_xi_0.25_p+3_Nd4001_dt1,dwell,2,xi_0.25,3,4001,1.0,atomic,16,context,0.30511773717463414,0.04889143908076609,1.6594277336217102e-09,5.438647221849108e-09
dwell_r2_xi_0.25_p+3_Nd4001_dt1,dwell,2,xi_0.25,3,4001,1.0,static,16,context,0.11808563674675103,0.03611087167899413,1.2256416067112964e-09,1.037926068298919e-08
dwell_r2_xi_0.25_p+3_Nd4001_dt1,dwell,2,xi_0.25,3,4001,1.0,static_lti,16,context,0.12486278872459022,0.039324488864014365,1.334715211054512e-09,1.0689455398905855e-08
dwell_r2_xi_0.25_p+3_Nd4001_dt1,dwell,2,xi_0.25,3,4001,1.0,static_mh,16,context,0.37162001748925727,0.11641324899749254,3.951190179293489e-09,1.0632339468655532e-08
dwell_r2_xi_0.25_p+3_Nd4001_dt1,dwell,2,xi_0.25,3,4001,1.0,static_lti_mh,16,context,0.12921697348240274,0.04068280039412824,1.3808177571515003e-09,1.0686040076147933e-08
dwell_r2_xi_0.25_p+3_Nd4001_dt1,dwell,2,xi_0.25,3,4001,1.0,linear,16,context,0.007765580044848778,0.007765580044848778,2.6357209230012025e-10,3.394106953735648e-08
dwell_r2_xi_0.5_p+3_Nd4001_dt1,dwell,2,xi_0.5,3,4001,1.0,atomic,2,context,0.40844401603601926,0.06449886407944264,2.1400266468109014e-09,5.239461377302146e-09
dwell_r2_xi_0.5_p+3_Nd4001_dt1,dwell,2,xi_0.5,3,4001,1.0,static,2,context,0.15096141158181633,0.04584249160755912,1.5210214163701812e-09,1.0075564347421562e-08
dwell_r2_xi_0.5_p+3_Nd4001_dt1,dwell,2,xi_0.5,3,4001,1.0,static_lti,2,context,0.15506323327297838,0.04849498343700077,1.6090292173829517e-09,1.0376600457894258e-08
dwell_r2_xi_0.5_p+3_Nd4001_dt1,dwell,2,xi_0.5,3,4001,1.0,static_mh,2,context,0.2941725323716115,0.08932101809577161,2.963608143699913e-09,1.007438770645029e-08
dwell_r2_xi_0.5_p+3_Nd4001_dt1,dwell,2,xi_0.5,3,4001,1.0,static_lti_mh,2,context,0.1577611524740268,0.049366351063848145,1.6379405783384714e-09,1.0382407536025928e-08
dwell_r2_xi_0.5_p+3_Nd4001_dt1,dwell,2,xi_0.5,3,4001,1.0,linear,2,context,0.0056310467140261175,0.0056310467140261175,1.8683414335189316e-10,3.317929202869451e-08
dwell_r2_xi_0.5_p+3_Nd4001_dt1,dwell,2,xi_0.5,3,4001,1.0,atomic,2,zerofill,0.40878652947153277,0.0645398573807888,2.1413004990795256e-09,5.238187525033508e-09
dwell_r2_xi_0.5_p+3_Nd4001_dt1,dwell,2,xi_0.5,3,4001,1.0,static,2,zerofill,0.1509684954006751,0.045846207737713966,1.5210834280351597e-09,1.0075502335756586e-08
dwell_r2_xi_0.5_p+3_Nd4001_dt1,dwell,2,xi_0.5,3,4001,1.0,static_lti,2,zerofill,0.155100254503553,0.048506961276272735,1.6093617898299201e-09,1.0376267885447301e-08
dwell_r2_xi_0.5_p+3_Nd4001_dt1,dwell,2,xi_0.5,3,4001,1.0,static_mh,2,zerofill,0.29422908410237725,0.08933788493241493,2.9640483471138297e-09,1.0073947503036398e-08
dwell_r2_xi_0.5_p+3_Nd4001_dt1,dwell,2,xi_0.5,3,4001,1.0,static_lti_mh,2,zerofill,0.15780336616036297,0.04937974962192484,1.6383191224919527e-09,1.0382028991872453e-08
dwell_r2_xi_0.5_p+3_Nd4001_dt1,dwell,2,xi_0.5,3,4001,1.0,linear,2,zerofill,0.0056715652095428405,0.0056715652095428405,1.881709366369184e-10,3.3177955235409524e-08
dwell_r2_xi_0.5_p+3_Nd4001_dt1,dwell,2,xi_0.5,3,4001,1.0,atomic,4,context,0.4056533808326121,0.0641843082123492,2.129624775648517e-09,5.249863248464532e-09
dwell_r2_xi_0.5_p+3_Nd4001_dt1,dwell,2,xi_0.5,3,4001,1.0,static,4,context,0.14775578097999503,0.044993617409927904,1.4928808154357738e-09,1.010370494835595e-08
dwell_r2_xi_0.5_p+3_Nd4001_dt1,dwell,2,xi_0.5,3,4001,1.0,static_lti,4,context,0.15200973172979157,0.04766524983783334,1.5815251393890656e-09,1.0404104535888153e-08
dwell_r2_xi_0.5_p+3_Nd4001_dt1,dwell,2,xi_0.5,3,4001,1.0,static_mh,4,context,0.29041002021938717,0.08843424711193122,2.9342337544919833e-09,1.0103762095658226e-08
dwell_r2_xi_0.5_p+3_Nd4001_dt1,dwell,2,xi_0.5,3,4001,1.0,static_lti_mh,4,context,0.154645343358,0.048521146921972416,1.6099236636787955e-09,1.0410424450685614e-08
dwell_r2_xi_0.5_p+3_Nd4001_dt1,dwell,2,xi_0.5,3,4001,1.0,linear,4,context,0.005614580825205075,0.005614580825205075,1.8629086708668894e-10,3.317983530495967e-08
dwell_r2_xi_0.5_p+3_Nd4001_dt1,dwell,2,xi_0.5,3,4001,1.0,atomic,8,context,0.40415148281634833,0.06401225524359282,2.124009456151284e-09,5.25547856796176e-09
dwell_r2_xi_0.5_p+3_Nd4001_dt1,dwell,2,xi_0.5,3,4001,1.0,static,8,context,0.1460111027118303,0.04452807108538971,1.4774990146751771e-09,1.0119086749116548e-08
dwell_r2_xi_0.5_p+3_Nd4001_dt1,dwell,2,xi_0.5,3,4001,1.0,static_lti,8,context,0.1505507935791439,0.04726555808531461,1.56833237544032e-09,1.0417297299836913e-08
dwell_r2_xi_0.5_p+3_Nd4001_dt1,dwell,2,xi_0.5,3,4001,1.0,static_mh,8,context,0.28751378543070977,0.08774538942542658,2.9115055572415173e-09,1.01264902929087e-08
dwell_r2_xi_0.5_p+3_Nd4001_dt1,dwell,2,xi_0.5,3,4001,1.0,static_lti_mh,8,context,0.15312137453640626,0.048104369215692444,1.5961652141064098e-09,1.0424182900258019e-08
dwell_r2_xi_0.5_p+3_Nd4001_dt1,dwell,2,xi_0.5,3,4001,1.0,linear,8,context,0.00557037485375,0.00557037485375,1.8483224530441114e-10,3.3181293926741985e-08
dwell_r2_xi_0.5_p+3_Nd4001_dt1,dwell,2,xi_0.5,3,4001,1.0,atomic,16,context,0.3988028035122345,0.06340313682957083,2.1039137933608664e-09,5.2755742307521725e-09
dwell_r2_xi_0.5_p+3_Nd4001_dt1,dwell,2,xi_0.5,3,4001,1.0,static,16,context,0.14345577629419837,0.04384414601377065,1.4548854862568527e-09,1.0141700277534876e-08
dwell_r2_xi_0.5_p+3_Nd4001_dt1,dwell,2,xi_0.5,3,4001,1.0,static_lti,16,context,0.14777374480180222,0.04650339415421555,1.5431276320309693e-09,1.0442502043246248e-08
dwell_r2_xi_0.5_p+3_Nd4001_dt1,dwell,2,xi_0.5,3,4001,1.0,static_mh,16,context,0.28309496302419995,0.08668959711285823,2.876631160961336e-09,1.0161364689188876e-08
dwell_r2_xi_0.5_p+3_Nd4001_dt1,dwell,2,xi_0.5,3,4001,1.0,static_lti_mh,16,context,0.15029852284900036,0.04733081681375222,1.5705840960702475e-09,1.0449764018294166e-08
dwell_r2_xi_0.5_p+3_Nd4001_dt1,dwell,2,xi_0.5,3,4001,1.0,linear,16,context,0.005515088039600934,0.005515088039600934,1.8300781914475013e-10,3.318311835290165e-08
dwell_r2_xi_1_p+3_Nd4001_dt1,dwell,2,xi_1,3,4001,1.0,atomic,2,context,0.5845632393766528,0.08876128714577697,2.9505713821337314e-09,5.047480209805981e-09
dwell_r2_xi_1_p+3_Nd4001_dt1,dwell,2,xi_1,3,4001,1.0,static,2,context,0.16163840391130999,0.04876026218225666,1.6208714272475391e-09,1.0027761893373442e-08
dwell_r2_xi_1_p+3_Nd4001_dt1,dwell,2,xi_1,3,4001,1.0,static_lti,2,context,0.16113368576795098,0.05005232572281848,1.6638217474746322e-09,1.0325722641699551e-08
dwell_r2_xi_1_p+3_Nd4001_dt1,dwell,2,xi_1,3,4001,1.0,static_mh,2,context,0.2453318859905064,0.07386220963875946,2.455301505749455e-09,1.0008081484542404e-08
dwell_r2_xi_1_p+3_Nd4001_dt1,dwell,2,xi_1,3,4001,1.0,static_lti_mh,2,context,0.16324325713621476,0.050678267323030275,1.6846290772448583e-09,1.0319746780347297e-08
dwell_r2_xi_1_p+3_Nd4001_dt1,dwell,2,xi_1,3,4001,1.0,linear,2,context,0.004502477215376045,0.004502477215376045,1.4966975860297438e-10,3.324164708526438e-08
dwell_r2_xi_1_p+3_Nd4001_dt1,dwell,2,xi_1,3,4001,1.0,atomic,2,zerofill,0.5849499486057768,0.08880226882828926,2.951802908203489e-09,5.046248683736252e-09
dwell_r2_xi_1_p+3_Nd4001_dt1,dwell,2,xi_1,3,4001,1.0,static,2,zerofill,0.16166735971091206,0.04876994198463288,1.6211213799223838e-09,1.0027511940698584e-08
dwell_r2_xi_1_p+3_Nd4001_dt1,dwell,2,xi_1,3,4001,1.0,static_lti,2,zerofill,0.16117988559942034,0.05006690258999879,1.6642325767111403e-09,1.0325311812463064e-08
dwell_r2_xi_1_p+3_Nd4001_dt1,dwell,2,xi_1,3,4001,1.0,static_mh,2,zerofill,0.24538734718409416,0.07387889018327098,2.4557471985260157e-09,1.0007635791765858e-08
dwell_r2_xi_1_p+3_Nd4001_dt1,dwell,2,xi_1,3,4001,1.0,static_lti_mh,2,zerofill,0.16329763949254084,0.05069502602778834,1.6851115093650244e-09,1.0319264348227137e-08
dwell_r2_xi_1_p+3_Nd4001_dt1,dwell,2,xi_1,3,4001,1.0,linear,2,zerofill,0.004546979291506858,0.004546979291506858,1.5114238491095034e-10,3.324017445895649e-08
dwell_r2_xi_1_p+3_Nd4001_dt1,dwell,2,xi_1,3,4001,1.0,atomic,4,context,0.5808362391232293,0.08840193084325113,2.9386713765825377e-09,5.0593802153571784e-09
dwell_r2_xi_1_p+3_Nd4001_dt1,dwell,2,xi_1,3,4001,1.0,static,4,context,0.16012015587874626,0.04836472631531985,1.607748105763565e-09,1.0040885214857396e-08
dwell_r2_xi_1_p+3_Nd4001_dt1,dwell,2,xi_1,3,4001,1.0,static_lti,4,context,0.15950610839226478,0.049615535873340846,1.6493277207182396e-09,1.0340216668455962e-08
dwell_r2_xi_1_p+3_Nd4001_dt1,dwell,2,xi_1,3,4001,1.0,static_mh,4,context,0.2427670027327295,0.07323970925573417,2.4346463382194812e-09,1.0028736652072385e-08
dwell_r2_xi_1_p+3_Nd4001_dt1,dwell,2,xi_1,3,4001,1.0,static_lti_mh,4,context,0.16156436365635318,0.05022877743217758,1.6697131964504356e-09,1.0334662661141721e-08
dwell_r2_xi_1_p+3_Nd4001_dt1,dwell,2,xi_1,3,4001,1.0,linear,4,context,0.004486893607494038,0.004486893607494038,1.4915404774917894e-10,3.324216279611821e-08
dwell_r2_xi_1_p+3_Nd4001_dt1,dwell,2,xi_1,3,4001,1.0,atomic,8,context,0.5791872420150669,0.08823986080994799,2.933388340396422e-09,5.064663251543295e-09
dwell_r2_xi_1_p+3_Nd4001_dt1,dwell,2,xi_1,3,4001,1.0,static,8,context,0.1589093563982178,0.048047437127558046,1.5972576402797251e-09,1.0051375680341241e-08
dwell_r2_xi_1_p+3_Nd4001_dt1,dwell,2,xi_1,3,4001,1.0,static_lti,8,context,0.15836429251173276,0.049307165393721215,1.6391352245609353e-09,1.035040916461327e-08
dwell_r2_xi_1_p+3_Nd4001_dt1,dwell,2,xi_1,3,4001,1.0,static_mh,8,context,0.24111939931743132,0.07283661979901448,2.4213330496123e-09,1.004204994067955e-08
dwell_r2_xi_1_p+3_Nd4001_dt1,dwell,2,xi_1,3,4001,1.0,static_lti_mh,8,context,0.16041182349514133,0.049918217412463994,1.659448639050747e-09,1.0344927218541405e-08
dwell_r2_xi_1_p+3_Nd4001_dt1,dwell,2,xi_1,3,4001,1.0,linear,8,context,0.004451101815432798,0.004451101815432798,1.479695236082684e-10,3.324334732025912e-08
dwell_r2_xi_1_p+3_Nd4001_dt1,dwell,2,xi_1,3,4001,1.0,atomic,16,context,0.5714023862078432,0.08748087120377444,2.9082975848576342e-09,5.0897540070820836e-09
dwell_r2_xi_1_p+3_Nd4001_dt1,dwell,2,xi_1,3,4001,1.0,static,16,context,0.15719937406112564,0.04759834513844739,1.5824048195280658e-09,1.0066228501092893e-08
dwell_r2_xi_1_p+3_Nd4001_dt1,dwell,2,xi_1,3,4001,1.0,static_lti,16,context,0.15661931692508005,0.048835070719493084,1.6235197052281484e-09,1.0366024683946045e-08
dwell_r2_xi_1_p+3_Nd4001_dt1,dwell,2,xi_1,3,4001,1.0,static_mh,16,context,0.2382912761754074,0.07214322081884324,2.3983980953111512e-09,1.0064984894980706e-08
dwell_r2_xi_1_p+3_Nd4001_dt1,dwell,2,xi_1,3,4001,1.0,static_lti_mh,16,context,0.1586268828887542,0.049436421995416646,1.6435116010489584e-09,1.0360864256543205e-08
dwell_r2_xi_1_p+3_Nd4001_dt1,dwell,2,xi_1,3,4001,1.0,linear,16,context,0.004402542350486442,0.004402542350486442,1.4636232023030807e-10,3.324495452363708e-08
dwell_r2_xi_2_p+3_Nd4001_dt1,dwell,2,xi_2,3,4001,1.0,atomic,2,context,0.6056261803549577,0.0974642290497522,3.2121951652789125e-09,5.3039238881586056e-09
dwell_r2_xi_2_p+3_Nd4001_dt1,dwell,2,xi_2,3,4001,1.0,static,2,context,0.1657191043386,0.050193780991723023,1.6542707227117927e-09,9.982377887655968e-09
dwell_r2_xi_2_p+3_Nd4001_dt1,dwell,2,xi_2,3,4001,1.0,static_lti,2,context,0.16406256846452566,0.05115381658068836,1.6859112713257458e-09,1.027602631791225e-08
dwell_r2_xi_2_p+3_Nd4001_dt1,dwell,2,xi_2,3,4001,1.0,static_mh,2,context,0.21804726362827506,0.06587821755320473,2.1711934110059496e-09,9.957443972823157e-09
dwell_r2_xi_2_p+3_Nd4001_dt1,dwell,2,xi_2,3,4001,1.0,static_lti_mh,2,context,0.16571279591710222,0.05164956423673963,1.7022499654240018e-09,1.0272290416701145e-08
dwell_r2_xi_2_p+3_Nd4001_dt1,dwell,2,xi_2,3,4001,1.0,linear,2,context,0.0038874783042835,0.0038874783042835,1.2812227763861712e-10,3.295768300428658e-08
dwell_r2_xi_2_p+3_Nd4001_dt1,dwell,2,xi_2,3,4001,1.0,atomic,2,zerofill,0.6062666253431713,0.09753252677900213,3.2143099271860864e-09,5.301809126251437e-09
dwell_r2_xi_2_p+3_Nd4001_dt1,dwell,2,xi_2,3,4001,1.0,static,2,zerofill,0.1657285144225962,0.05019835250484541,1.654351303235681e-09,9.982297307132072e-09
dwell_r2_xi_2_p+3_Nd4001_dt1,dwell,2,xi_2,3,4001,1.0,static_lti,2,zerofill,0.1641127513384442,0.051169425182555434,1.686354252929121e-09,1.0275583336308886e-08
dwell_r2_xi_2_p+3_Nd4001_dt1,dwell,2,xi_2,3,4001,1.0,static_mh,2,zerofill,0.21804628905746515,0.06588076671259638,2.171185443957138e-09,9.957451939871958e-09
dwell_r2_xi_2_p+3_Nd4001_dt1,dwell,2,xi_2,3,4001,1.0,static_lti_mh,2,zerofill,0.1657621609570536,0.05166495127542541,1.7026849529744584e-09,1.0271855429150671e-08
dwell_r2_xi_2_p+3_Nd4001_dt1,dwell,2,xi_2,3,4001,1.0,linear,2,zerofill,0.00393000761105348,0.00393000761105348,1.2951845804989118e-10,3.295628682387523e-08
dwell_r2_xi_2_p+3_Nd4001_dt1,dwell,2,xi_2,3,4001,1.0,atomic,4,context,0.6007740147235484,0.09697534188124943,3.196118244386248e-09,5.320000809051255e-09
dwell_r2_xi_2_p+3_Nd4001_dt1,dwell,2,xi_2,3,4001,1.0,static,4,context,0.16446845445350464,0.049867923512479165,1.6435495565776406e-09,9.99309905379012e-09
dwell_r2_xi_2_p+3_Nd4001_dt1,dwell,2,xi_2,3,4001,1.0,static_lti,4,context,0.16280927280731045,0.050817191980718504,1.6748355949798107e-09,1.0287101994258201e-08
dwell_r2_xi_2_p+3_Nd4001_dt1,dwell,2,xi_2,3,4001,1.0,static_mh,4,context,0.21659316036928739,0.06551637510976326,2.159292019313369e-09,9.969345364515739e-09
dwell_r2_xi_2_p+3_Nd4001_dt1,dwell,2,xi_2,3,4001,1.0,static_lti_mh,4,context,0.16446305383855145,0.05131448451490827,1.6912253875857217e-09,1.028331499453943e-08
dwell_r2_xi_2_p+3_Nd4001_dt1,dwell,2,xi_2,3,4001,1.0,linear,4,context,0.0038762753119830386,0.0038762753119830386,1.2775447865978036e-10,3.2958050803265384e-08
dwell_r2_xi_2_p+3_Nd4001_dt1,dwell,2,xi_2,3,4001,1.0,atomic,8,context,0.5954098035732668,0.09643014871901975,3.1782309231503518e-09,5.337888130287162e-09
dwell_r2_xi_2_p+3_Nd4001_dt1,dwell,2,xi_2,3,4001,1.0,static,8,context,0.1633547768009871,0.049576397927536014,1.6339831789622038e-09,1.0002665431405556e-08
dwell_r2_xi_2_p+3_Nd4001_dt1,dwell,2,xi_2,3,4001,1.0,static_lti,8,context,0.16160660425134238,0.050492741589674865,1.664184851384473e-09,1.029775273785353e-08
dwell_r2_xi_2_p+3_Nd4001_dt1,dwell,2,xi_2,3,4001,1.0,static_mh,8,context,0.21500058927930377,0.06511822608970809,2.1462246254753065e-09,9.982412758353798e-09
dwell_r2_xi_2_p+3_Nd4001_dt1,dwell,2,xi_2,3,4001,1.0,static_lti_mh,8,context,0.16324162542927553,0.05098556266944696,1.6804276884651866e-09,1.029411269365994e-08
dwell_r2_xi_2_p+3_Nd4001_dt1,dwell,2,xi_2,3,4001,1.0,linear,8,context,0.0038506329370456152,0.0038506329370456152,1.2691259773828173e-10,3.295889268418687e-08
dwell_r2_xi_2_p+3_Nd4001_dt1,dwell,2,xi_2,3,4001,1.0,atomic,16,context,0.5894377976098719,0.09581898676258797,3.1581748380402914e-09,5.357944215397221e-09
dwell_r2_xi_2_p+3_Nd4001_dt1,dwell,2,xi_2,3,4001,1.0,static,16,context,0.16096725864402867,0.0489509247975229,1.613412792366329e-09,1.0023235818001433e-08
dwell_r2_xi_2_p+3_Nd4001_dt1,dwell,2,xi_2,3,4001,1.0,static_lti,16,context,0.15949297650216776,0.049921816310795813,1.6454131844731945e-09,1.0316524404764813e-08
dwell_r2_xi_2_p+3_Nd4001_dt1,dwell,2,xi_2,3,4001,1.0,static_mh,16,context,0.21227724377345736,0.06443604915157887,2.1237994260726153e-09,1.0004837957756497e-08
dwell_r2_xi_2_p+3_Nd4001_dt1,dwell,2,xi_2,3,4001,1.0,static_lti_mh,16,context,0.16109632501893525,0.05040709166764405,1.6614077641833354e-09,1.0313132617941803e-08
dwell_r2_xi_2_p+3_Nd4001_dt1,dwell,2,xi_2,3,4001,1.0,linear,16,context,0.0038229360048813903,0.0038229360048813903,1.2600321403908561e-10,3.295980206788603e-08
dwell_r2_xi_4_p+0_Nd4001_dt1,dwell,2,xi_4,0,4001,1.0,atomic,2,context,0.3267436963064957,0.09861507691663512,1.606999445700884e-09,4.918226315813814e-09
dwell_r2_xi_4_p+0_Nd4001_dt1,dwell,2,xi_4,0,4001,1.0,static,2,context,0.030273629087720803,0.017457764725762735,2.8448609598705994e-10,9.39715866778752e-09
dwell_r2_xi_4_p+0_Nd4001_dt1,dwell,2,xi_4,0,4001,1.0,static_lti,2,context,0.0323829431694014,0.01893543450404429,3.085657254805785e-10,9.528649816244677e-09
dwell_r2_xi_4_p+0_Nd4001_dt1,dwell,2,xi_4,0,4001,1.0,static_mh,2,context,0.031337000172219416,0.018095090380681383,2.9487174903533595e-10,9.409699314382455e-09
dwell_r2_xi_4_p+0_Nd4001_dt1,dwell,2,xi_4,0,4001,1.0,static_lti_mh,2,context,0.03263305619805075,0.019083137226163973,3.1097264133965647e-10,9.529375350330552e-09
dwell_r2_xi_4_p+0_Nd4001_dt1,dwell,2,xi_4,0,4001,1.0,linear,2,context,0.0036610344139194045,0.0036610344139194045,5.965903447840751e-11,1.6295677050065794e-08
dwell_r2_xi_4_p+0_Nd4001_dt1,dwell,2,xi_4,0,4001,1.0,atomic,2,zerofill,0.3270377213454192,0.09868605080272569,1.608089152241011e-09,4.917136609273698e-09
dwell_r2_xi_4_p+0_Nd4001_dt1,dwell,2,xi_4,0,4001,1.0,static,2,zerofill,0.03028490728168188,0.017464803418001454,2.8458896362822305e-10,9.397055800146347e-09
dwell_r2_xi_4_p+0_Nd4001_dt1,dwell,2,xi_4,0,4001,1.0,static_lti,2,zerofill,0.03242793745880594,0.018961706214537702,3.08980994006266e-10,9.528234547719004e-09
dwell_r2_xi_4_p+0_Nd4001_dt1,dwell,2,xi_4,0,4001,1.0,static_mh,2,zerofill,0.03135084187537533,0.01810359278659835,2.9499803609441175e-10,9.409573027323371e-09
dwell_r2_xi_4_p+0_Nd4001_dt1,dwell,2,xi_4,0,4001,1.0,static_lti_mh,2,zerofill,0.03267883983979391,0.01910985783445891,3.1139512458444134e-10,9.528952867085784e-09
dwell_r2_xi_4_p+0_Nd4001_dt1,dwell,2,xi_4,0,4001,1.0,linear,2,zerofill,0.0037027645424217433,0.0037027645424217433,6.033654650821834e-11,1.6294999538035988e-08
dwell_r2_xi_4_p+0_Nd4001_dt1,dwell,2,xi_4,0,4001,1.0,atomic,4,context,0.32369482421134976,0.0979187973149483,1.5956712734533058e-09,4.929554488061402e-09
dwell_r2_xi_4_p+0_Nd4001_dt1,dwell,2,xi_4,0,4001,1.0,static,4,context,0.030160598740588993,0.01739429420068734,2.834550294644504e-10,9.398189734310127e-09
dwell_r2_xi_4_p+0_Nd4001_dt1,dwell,2,xi_4,0,4001,1.0,static_lti,4,context,0.032253319569384854,0.01886179249598953,3.073691801471194e-10,9.529846361578144e-09
dwell_r2_xi_4_p+0_Nd4001_dt1,dwell,2,xi_4,0,4001,1.0,static_mh,4,context,0.031213963945500207,0.018025990079438278,2.9374905875118304e-10,9.410822004666594e-09
dwell_r2_xi_4_p+0_Nd4001_dt1,dwell,2,xi_4,0,4001,1.0,static_lti_mh,4,context,0.03250379453520474,0.01900971074678585,3.0977963564787465e-10,9.530568356022356e-09
dwell_r2_xi_4_p+0_Nd4001_dt1,dwell,2,xi_4,0,4001,1.0,linear,4,context,0.003649602348506255,0.003649602348506255,5.947341865635971e-11,1.6295862665887852e-08
dwell_r2_xi_4_p+0_Nd4001_dt1,dwell,2,xi_4,0,4001,1.0,atomic,8,context,0.32113848092140507,0.09733060676136027,1.5861328081675289e-09,4.9390929533471775e-09
dwell_r2_xi_4_p+0_Nd4001_dt1,dwell,2,xi_4,0,4001,1.0,static,8,context,0.029961767446508435,0.01728245166947198,2.8164073471492744e-10,9.400004029059647e-09
dwell_r2_xi_4_p+0_Nd4001_dt1,dwell,2,xi_4,0,4001,1.0,static_lti,8,context,0.031978423953510825,0.018705464973141486,3.0483064549954936e-10,9.53238489622572e-09
dwell_r2_xi_4_p+0_Nd4001_dt1,dwell,2,xi_4,0,4001,1.0,static_mh,8,context,0.03102960793150903,0.017922202423184447,2.920663314853371e-10,9.41250473193244e-09
dwell_r2_xi_4_p+0_Nd4001_dt1,dwell,2,xi_4,0,4001,1.0,static_lti_mh,8,context,0.032233579966987606,0.018856057707739064,3.072847561330373e-10,9.53306323553718e-09
dwell_r2_xi_4_p+0_Nd4001_dt1,dwell,2,xi_4,0,4001,1.0,linear,8,context,0.0036201109374709296,0.0036201109374709296,5.899456417863703e-11,1.6296341520365568e-08
dwell_r2_xi_4_p+0_Nd4001_dt1,dwell,2,xi_4,0,4001,1.0,atomic,16,context,0.31781122166075193,0.09656124011690223,1.573662400799514e-09,4.951563360715193e-09
dwell_r2_xi_4_p+0_Nd4001_dt1,dwell,2,xi_4,0,4001,1.0,static,16,context,0.02965019355403595,0.01710717259874116,2.7879627757508884e-10,9.40284848619949e-09
dwell_r2_xi_4_p+0_Nd4001_dt1,dwell,2,xi_4,0,4001,1.0,static_lti,16,context,0.03159735529742,0.01848859746538363,3.0130941400056243e-10,9.535906127724718e-09
dwell_r2_xi_4_p+0_Nd4001_dt1,dwell,2,xi_4,0,4001,1.0,static_mh,16,context,0.03070844210713347,0.01774146840364073,2.8913342173300227e-10,9.415437641684777e-09
dwell_r2_xi_4_p+0_Nd4001_dt1,dwell,2,xi_4,0,4001,1.0,static_lti_mh,16,context,0.03185112349599777,0.018638434758504845,3.037513183727201e-10,9.536596673297497e-09
dwell_r2_xi_4_p+0_Nd4001_dt1,dwell,2,xi_4,0,4001,1.0,linear,16,context,0.0035770912807820115,0.0035770912807820115,5.829599998901729e-11,1.6297040084555186e-08
dwell_r2_xi_4_p+3_Nd4001_dt1,dwell,2,xi_4,3,4001,1.0,atomic,2,context,0.697161618716068,0.10544667126479851,3.428508919709439e-09,4.917810773954501e-09
dwell_r2_xi_4_p+3_Nd4001_dt1,dwell,2,xi_4,3,4001,1.0,static,2,context,0.16431096316447638,0.05050096303792609,1.641995903262306e-09,9.993221825488644e-09
dwell_r2_xi_4_p+3_Nd4001_dt1,dwell,2,xi_4,3,4001,1.0,static_lti,2,context,0.16206621759693438,0.05116486561958739,1.6635821315968913e-09,1.0264829748382796e-08
dwell_r2_xi_4_p+3_Nd4001_dt1,dwell,2,xi_4,3,4001,1.0,static_mh,2,context,0.19810110032582182,0.06121714072271323,1.9904233153066456e-09,1.0047512669202476e-08
dwell_r2_xi_4_p+3_Nd4001_dt1,dwell,2,xi_4,3,4001,1.0,static_lti_mh,2,context,0.16348187546430024,0.05163196393846968,1.678769436548867e-09,1.0268841312109012e-08
dwell_r2_xi_4_p+3_Nd4001_dt1,dwell,2,xi_4,3,4001,1.0,linear,2,context,0.0036610344139193945,0.0036610344139193945,1.1903542324219472e-10,3.251415031489937e-08
dwell_r2_xi_4_p+3_Nd4001_dt1,dwell,2,xi_4,3,4001,1.0,atomic,2,zerofill,0.6976960011810305,0.10549866678360435,3.4300568952255394e-09,4.916262798438407e-09
dwell_r2_xi_4_p+3_Nd4001_dt1,dwell,2,xi_4,3,4001,1.0,static,2,zerofill,0.16438539807386807,0.05052271133879156,1.6426347334660689e-09,9.992582995284874e-09
dwell_r2_xi_4_p+3_Nd4001_dt1,dwell,2,xi_4,3,4001,1.0,static_lti,2,zerofill,0.16216253320957258,0.051193158338203336,1.6644328416633283e-09,1.0263979038316328e-08
dwell_r2_xi_4_p+3_Nd4001_dt1,dwell,2,xi_4,3,4001,1.0,static_mh,2,zerofill,0.198206054103505,0.0612467549139608,1.991303401338041e-09,1.0046632583171068e-08
dwell_r2_xi_4_p+3_Nd4001_dt1,dwell,2,xi_4,3,4001,1.0,static_lti_mh,2,zerofill,0.16357655326002735,0.05165980992685306,1.6796049907351183e-09,1.026800575792275e-08
dwell_r2_xi_4_p+3_Nd4001_dt1,dwell,2,xi_4,3,4001,1.0,linear,2,zerofill,0.0037027645424216565,0.0037027645424216565,1.203872374632119e-10,3.251279850067838e-08
dwell_r2_xi_4_p+3_Nd4001_dt1,dwell,2,xi_4,3,4001,1.0,atomic,4,context,0.6933763233896626,0.10510737363541867,3.4175158723391187e-09,4.928803821324814e-09
dwell_r2_xi_4_p+3_Nd4001_dt1,dwell,2,xi_4,3,4001,1.0,static,4,context,0.16361046429960735,0.05031536384596522,1.6359799376450196e-09,9.99923779110592e-09
dwell_r2_xi_4_p+3_Nd4001_dt1,dwell,2,xi_4,3,4001,1.0,static_lti,4,context,0.16131927064483526,0.05096122837851724,1.656979913336864e-09,1.027143196664281e-08
dwell_r2_xi_4_p+3_Nd4001_dt1,dwell,2,xi_4,3,4001,1.0,static_mh,4,context,0.19719072259270723,0.060981458788763175,1.9827829021004524e-09,1.0055153082408666e-08
dwell_r2_xi_4_p+3_Nd4001_dt1,dwell,2,xi_4,3,4001,1.0,static_lti_mh,4,context,0.16273789064859262,0.05142929443557664,1.672198856822715e-09,1.0275411891835138e-08
dwell_r2_xi_4_p+3_Nd4001_dt1,dwell,2,xi_4,3,4001,1.0,linear,4,context,0.0036496023485061697,0.0036496023485061697,1.1866507098739836e-10,3.25145206671542e-08
dwell_r2_xi_4_p+3_Nd4001_dt1,dwell,2,xi_4,3,4001,1.0,atomic,8,context,0.6874811743755413,0.10457473478458994,3.400297290331038e-09,4.946022403332898e-09
dwell_r2_xi_4_p+3_Nd4001_dt1,dwell,2,xi_4,3,4001,1.0,static,8,context,0.16239686809729376,0.049992817715430696,1.6255402699700866e-09,1.000967745878084e-08
dwell_r2_xi_4_p+3_Nd4001_dt1,dwell,2,xi_4,3,4001,1.0,static_lti,8,context,0.15998309250417456,0.050595854784460145,1.6451483073800191e-09,1.0283263572599655e-08
dwell_r2_xi_4_p+3_Nd4001_dt1,dwell,2,xi_4,3,4001,1.0,static_mh,8,context,0.19596283207624682,0.060662169237262725,1.972459314460179e-09,1.0065476670048932e-08
dwell_r2_xi_4_p+3_Nd4001_dt1,dwell,2,xi_4,3,4001,1.0,static_lti_mh,8,context,0.16139137988363536,0.05106139597712413,1.6602856009071176e-09,1.0287325147750757e-08
dwell_r2_xi_4_p+3_Nd4001_dt1,dwell,2,xi_4,3,4001,1.0,linear,8,context,0.0036201109374706716,0.0036201109374706716,1.1770963069363856e-10,3.251547610744793e-08
dwell_r2_xi_4_p+3_Nd4001_dt1,dwell,2,xi_4,3,4001,1.0,atomic,16,context,0.6776659999940735,0.10368035499770487,3.3713606173678047e-09,4.974959076296123e-09
dwell_r2_xi_4_p+3_Nd4001_dt1,dwell,2,xi_4,3,4001,1.0,static,16,context,0.16045734473887174,0.04947618450947941,1.6088106561418925e-09,1.0026407072609051e-08
dwell_r2_xi_4_p+3_Nd4001_dt1,dwell,2,xi_4,3,4001,1.0,static_lti,16,context,0.15788791149862771,0.050021447271059685,1.6265408944358262e-09,1.0301870985543838e-08
dwell_r2_xi_4_p+3_Nd4001_dt1,dwell,2,xi_4,3,4001,1.0,static_mh,16,context,0.19365042189675596,0.060059897594660336,1.952959877869472e-09,1.0084976106639653e-08
dwell_r2_xi_4_p+3_Nd4001_dt1,dwell,2,xi_4,3,4001,1.0,static_lti_mh,16,context,0.1592872094370094,0.05048498026189393,1.6416135364053091e-09,1.0305997212252564e-08
dwell_r2_xi_4_p+3_Nd4001_dt1,dwell,2,xi_4,3,4001,1.0,linear,16,context,0.003577091280781694,0.003577091280781694,1.1631581189150175e-10,3.251686992625011e-08
dwell_r2_xi_4_p+6_Nd4001_dt1,dwell,2,xi_4,6,4001,1.0,atomic,2,context,0.8450891530352879,0.0735556557143588,4.771868646970115e-09,5.646586078913806e-09
dwell_r2_xi_4_p+6_Nd4001_dt1,dwell,2,xi_4,6,4001,1.0,static,2,context,0.663479216769275,0.0883547783515365,5.731950759340277e-09,8.639231816862717e-09
dwell_r2_xi_4_p+6_Nd4001_dt1,dwell,2,xi_4,6,4001,1.0,static_lti,2,context,0.6675894611443471,0.09060117408989819,5.8776840178976175e-09,8.80433913354833e-09
dwell_r2_xi_4_p+6_Nd4001_dt1,dwell,2,xi_4,6,4001,1.0,static_mh,2,context,0.7539287961045338,0.10101724421310954,6.553418847026353e-09,8.692357794114164e-09
dwell_r2_xi_4_p+6_Nd4001_dt1,dwell,2,xi_4,6,4001,1.0,static_lti_mh,2,context,0.671337300128324,0.09116845775218922,5.914486125033161e-09,8.810006719279006e-09
dwell_r2_xi_4_p+6_Nd4001_dt1,dwell,2,xi_4,6,4001,1.0,linear,2,context,0.0036610344139200884,0.0036610344139200884,2.3750689414156857e-10,6.487425882655272e-08
dwell_r2_xi_4_p+6_Nd4001_dt1,dwell,2,xi_4,6,4001,1.0,atomic,2,zerofill,0.8458727684208789,0.07359566556602835,4.774265752449528e-09,5.644188973434369e-09
dwell_r2_xi_4_p+6_Nd4001_dt1,dwell,2,xi_4,6,4001,1.0,static,2,zerofill,0.6639239600909468,0.08839404759278062,5.734259903716509e-09,8.636922672486482e-09
dwell_r2_xi_4_p+6_Nd4001_dt1,dwell,2,xi_4,6,4001,1.0,static_lti,2,zerofill,0.668093886916647,0.09064598221578758,5.8803464193378895e-09,8.801676732108067e-09
dwell_r2_xi_4_p+6_Nd4001_dt1,dwell,2,xi_4,6,4001,1.0,static_mh,2,zerofill,0.754452348451021,0.10106142972944068,6.556012764338282e-09,8.689763876802217e-09
dwell_r2_xi_4_p+6_Nd4001_dt1,dwell,2,xi_4,6,4001,1.0,static_lti_mh,2,zerofill,0.6718318729422007,0.0912124236829735,5.917092361870697e-09,8.807400482441473e-09
dwell_r2_xi_4_p+6_Nd4001_dt1,dwell,2,xi_4,6,4001,1.0,linear,2,zerofill,0.0037027645424224064,0.0037027645424224064,2.402041181136063e-10,6.48715616025806e-08
dwell_r2_xi_4_p+6_Nd4001_dt1,dwell,2,xi_4,6,4001,1.0,atomic,4,context,0.8371906677385705,0.07318062271601215,4.7475927359805085e-09,5.670861989903403e-09
dwell_r2_xi_4_p+6_Nd4001_dt1,dwell,2,xi_4,6,4001,1.0,static,4,context,0.659434881455481,0.08802921964250106,5.710895428569877e-09,8.660287147633126e-09
dwell_r2_xi_4_p+6_Nd4001_dt1,dwell,2,xi_4,6,4001,1.0,static_lti,4,context,0.6631843024295185,0.09024069036984533,5.854364587089021e-09,8.827658564356938e-09
dwell_r2_xi_4_p+6_Nd4001_dt1,dwell,2,xi_4,6,4001,1.0,static_mh,4,context,0.7490432423223519,0.10064183352359493,6.5291387260610635e-09,8.71663791507946e-09
dwell_r2_xi_4_p+6_Nd4001_dt1,dwell,2,xi_4,6,4001,1.0,static_lti_mh,4,context,0.6669282141612801,0.09080822408669255,5.891183335707544e-09,8.833309508604635e-09
dwell_r2_xi_4_p+6_Nd4001_dt1,dwell,2,xi_4,6,4001,1.0,linear,4,context,0.0036496023485070046,0.0036496023485070046,2.367679442443183e-10,6.487499777644991e-08
dwell_r2_xi_4_p+6_Nd4001_dt1,dwell,2,xi_4,6,4001,1.0,atomic,8,context,0.8256503513423658,0.07262593828265729,4.711746035348826e-09,5.706708690535086e-09
dwell_r2_xi_4_p+6_Nd4001_dt1,dwell,2,xi_4,6,4001,1.0,static,8,context,0.6524710931691615,0.08746409238908318,5.674399536784443e-09,8.696783039418548e-09
dwell_r2_xi_4_p+6_Nd4001_dt1,dwell,2,xi_4,6,4001,1.0,static_lti,8,context,0.6557718878238868,0.08962890224381637,5.814845698190649e-09,8.867177453255323e-09
dwell_r2_xi_4_p+6_Nd4001_dt1,dwell,2,xi_4,6,4001,1.0,static_mh,8,context,0.7415561526756506,0.1000612665975469,6.4916652002216764e-09,8.754111440918847e-09
dwell_r2_xi_4_p+6_Nd4001_dt1,dwell,2,xi_4,6,4001,1.0,static_lti_mh,8,context,0.6592149055327166,0.09017260285553982,5.8501193106531055e-09,8.874373533659073e-09
dwell_r2_xi_4_p+6_Nd4001_dt1,dwell,2,xi_4,6,4001,1.0,linear,8,context,0.0036201109374714227,0.0036201109374714227,2.348615902319714e-10,6.487690413046227e-08
dwell_r2_xi_4_p+6_Nd4001_dt1,dwell,2,xi_4,6,4001,1.0,atomic,16,context,0.8131316651824084,0.07201552087703535,4.672344321466161e-09,5.746110404417742e-09
dwell_r2_xi_4_p+6_Nd4001_dt1,dwell,2,xi_4,6,4001,1.0,static,16,context,0.6413295671460437,0.08655043255271391,5.6153648148793396e-09,8.755817761323652e-09
dwell_r2_xi_4_p+6_Nd4001_dt1,dwell,2,xi_4,6,4001,1.0,static_lti,16,context,0.6436531512063044,0.08861737756935892,5.74946755681179e-09,8.932555594634174e-09
dwell_r2_xi_4_p+6_Nd4001_dt1,dwell,2,xi_4,6,4001,1.0,static_mh,16,context,0.72920008853471,0.09909284165006338,6.429112368320889e-09,8.81666427281963e-09
dwell_r2_xi_4_p+6_Nd4001_dt1,dwell,2,xi_4,6,4001,1.0,static_lti_mh,16,context,0.6470475475939278,0.08915827767138079,5.784560985136465e-09,8.939931859175708e-09
dwell_r2_xi_4_p+6_Nd4001_dt1,dwell,2,xi_4,6,4001,1.0,linear,16,context,0.0035770912807825796,0.0035770912807825796,2.3208055610218118e-10,6.487968516459207e-08
dwell_r3_xi_0.05_p+0_Nd4001_dt1,dwell,3,xi_0.05,0,4001,1.0,atomic,2,context,0.16215415959848906,0.07512492028673001,1.4107081693663862e-09,8.699796371918239e-09
dwell_r3_xi_0.05_p+0_Nd4001_dt1,dwell,3,xi_0.05,0,4001,1.0,static,2,context,0.01193865083042755,0.005786187404008548,1.0865398338081935e-10,9.101026985720815e-09
dwell_r3_xi_0.05_p+0_Nd4001_dt1,dwell,3,xi_0.05,0,4001,1.0,static_lti,2,context,0.013815573481293737,0.007782367584821083,1.461385847334937e-10,1.0577815313375525e-08
dwell_r3_xi_0.05_p+0_Nd4001_dt1,dwell,3,xi_0.05,0,4001,1.0,static_mh,2,context,0.11691253087642504,0.056824602789701015,1.067061782834145e-09,9.127009524428266e-09
dwell_r3_xi_0.05_p+0_Nd4001_dt1,dwell,3,xi_0.05,0,4001,1.0,static_lti_mh,2,context,0.016628035555012112,0.009365555522247274,1.758679494828358e-10,1.0576592099589583e-08
dwell_r3_xi_0.05_p+0_Nd4001_dt1,dwell,3,xi_0.05,0,4001,1.0,linear,2,context,0.009568672216234727,0.009568672216234727,1.7968210833251122e-10,1.8778165274347348e-08
dwell_r3_xi_0.05_p+0_Nd4001_dt1,dwell,3,xi_0.05,0,4001,1.0,atomic,2,zerofill,0.16241311190123192,0.07523743903782121,1.412646234483549e-09,8.697858306801114e-09
dwell_r3_xi_0.05_p+0_Nd4001_dt1,dwell,3,xi_0.05,0,4001,1.0,static,2,zerofill,0.011955811727835358,0.005795123463594582,1.0880831995223664e-10,9.100872649149417e-09
dwell_r3_xi_0.05_p+0_Nd4001_dt1,dwell,3,xi_0.05,0,4001,1.0,static_lti,2,zerofill,0.013920046682357351,0.007841380142184945,1.472285111331777e-10,1.0576725386975832e-08
dwell_r3_xi_0.05_p+0_Nd4001_dt1,dwell,3,xi_0.05,0,4001,1.0,static_mh,2,zerofill,0.1169612741304994,0.05685284862867328,1.0674600778820486e-09,9.126611229380343e-09
dwell_r3_xi_0.05_p+0_Nd4001_dt1,dwell,3,xi_0.05,0,4001,1.0,static_lti_mh,2,zerofill,0.016742549997895196,0.009430159351452234,1.770591778344852e-10,1.0575400871237915e-08
dwell_r3_xi_0.05_p+0_Nd4001_dt1,dwell,3,xi_0.05,0,4001,1.0,linear,2,zerofill,0.009693617499468527,0.009693617499468527,1.820058262783821e-10,1.8775841556401515e-08
dwell_r3_xi_0.05_p+0_Nd4001_dt1,dwell,3,xi_0.05,0,4001,1.0,atomic,4,context,0.1616156405569349,0.07490653146127386,1.406674988475615e-09,8.703829552809052e-09
dwell_r3_xi_0.05_p+0_Nd4001_dt1,dwell,3,xi_0.05,0,4001,1.0,static,4,context,0.011618528621936346,0.005632547530219576,1.0577400364955083e-10,9.103906965452095e-09
dwell_r3_xi_0.05_p+0_Nd4001_dt1,dwell,3,xi_0.05,0,4001,1.0,static_lti,4,context,0.013509101278455117,0.007611664980081512,1.4293998853320178e-10,1.0581013909575797e-08
dwell_r3_xi_0.05_p+0_Nd4001_dt1,dwell,3,xi_0.05,0,4001,1.0,static_mh,4,context,0.11660344237786023,0.056687329569676904,1.064535323069444e-09,9.12953598419295e-09
dwell_r3_xi_0.05_p+0_Nd4001_dt1,dwell,3,xi_0.05,0,4001,1.0,static_lti_mh,4,context,0.016325669665214215,0.009197543902973452,1.7272131964097116e-10,1.057973872943146e-08
dwell_r3_xi_0.05_p+0_Nd4001_dt1,dwell,3,xi_0.05,0,4001,1.0,linear,4,context,0.009520040551538132,0.009520040551538132,1.7877750673912395e-10,1.8779069875940737e-08
dwell_r3_xi_0.05_p+0_Nd4001_dt1,dwell,3,xi_0.05,0,4001,1.0,atomic,8,context,0.16000372802021565,0.07425759305451683,1.3945803618509334e-09,8.715924179433715e-09
dwell_r3_xi_0.05_p+0_Nd4001_dt1,dwell,3,xi_0.05,0,4001,1.0,static,8,context,0.01140915850529399,0.00553182765079457,1.0388941911002108e-10,9.105791549991623e-09
dwell_r3_xi_0.05_p+0_Nd4001_dt1,dwell,3,xi_0.05,0,4001,1.0,static_lti,8,context,0.013281763547708214,0.007484758272219559,1.4056605486762147e-10,1.0583387843241369e-08
dwell_r3_xi_0.05_p+0_Nd4001_dt1,dwell,3,xi_0.05,0,4001,1.0,static_mh,8,context,0.11580708959886676,0.05633665029090417,1.0580195629351838e-09,9.136051744327206e-09
dwell_r3_xi_0.05_p+0_Nd4001_dt1,dwell,3,xi_0.05,0,4001,1.0,static_lti_mh,8,context,0.016047267993353237,0.009042579872116237,1.698224220769403e-10,1.0582637626995486e-08
dwell_r3_xi_0.05_p+0_Nd4001_dt1,dwell,3,xi_0.05,0,4001,1.0,linear,8,context,0.009453563697287741,0.009453563697287741,1.7754082430419502e-10,1.878030655837566e-08
dwell_r3_xi_0.05_p+0_Nd4001_dt1,dwell,3,xi_0.05,0,4001,1.0,atomic,16,context,0.15813587870216836,0.07350120714732165,1.3805232608370606e-09,8.729981280447591e-09
dwell_r3_xi_0.05_p+0_Nd4001_dt1,dwell,3,xi_0.05,0,4001,1.0,static,16,context,0.01127210313324877,0.005465529666931336,1.0265533221611433e-10,9.107025636885537e-09
dwell_r3_xi_0.05_p+0_Nd4001_dt1,dwell,3,xi_0.05,0,4001,1.0,static_lti,16,context,0.01313272157333956,0.007401062576308897,1.3900913247623322e-10,1.0584944765632777e-08
dwell_r3_xi_0.05_p+0_Nd4001_dt1,dwell,3,xi_0.05,0,4001,1.0,static_mh,16,context,0.11440322198768244,0.055717844520521656,1.0465104368981213e-09,9.147560870364272e-09
dwell_r3_xi_0.05_p+0_Nd4001_dt1,dwell,3,xi_0.05,0,4001,1.0,static_lti_mh,16,context,0.015879073814843558,0.00894832468830542,1.6807030601508051e-10,1.0584389743057337e-08
dwell_r3_xi_0.05_p+0_Nd4001_dt1,dwell,3,xi_0.05,0,4001,1.0,linear,16,context,0.009345301937745312,0.009345301937745312,1.7552646011301842e-10,1.8782320922566864e-08
dwell_r3_xi_0.05_p+3_Nd4001_dt1,dwell,3,xi_0.05,3,4001,1.0,atomic,2,context,0.2961403361281037,0.0769771029367839,2.884129252107741e-09,9.739062533042208e-09
dwell_r3_xi_0.05_p+3_Nd4001_dt1,dwell,3,xi_0.05,3,4001,1.0,static,2,context,0.03848488343054102,0.011313230649928384,4.2387694792951833e-10,1.1014115417409216e-08
dwell_r3_xi_0.05_p+3_Nd4001_dt1,dwell,3,xi_0.05,3,4001,1.0,static_lti,2,context,0.044624684717206965,0.013941093254167427,5.22336036648797e-10,1.1705091922977505e-08
dwell_r3_xi_0.05_p+3_Nd4001_dt1,dwell,3,xi_0.05,3,4001,1.0,static_mh,2,context,1.618397413127024,0.48155765968534414,1.8042696852538533e-08,1.1148495855339338e-08
dwell_r3_xi_0.05_p+3_Nd4001_dt1,dwell,3,xi_0.05,3,4001,1.0,static_lti_mh,2,context,0.07210027374607042,0.02250088940795763,8.430490478866956e-10,1.1692730194837064e-08
dwell_r3_xi_0.05_p+3_Nd4001_dt1,dwell,3,xi_0.05,3,4001,1.0,linear,2,context,0.009568672216234198,0.009568672216234198,3.5851293942999444e-10,3.7467365516162404e-08
dwell_r3_xi_0.05_p+3_Nd4001_dt1,dwell,3,xi_0.05,3,4001,1.0,atomic,2,zerofill,0.2967627031334149,0.07711139787043338,2.8888034081183828e-09,9.734388377031565e-09
dwell_r3_xi_0.05_p+3_Nd4001_dt1,dwell,3,xi_0.05,3,4001,1.0,static,2,zerofill,0.03857433124753858,0.011339951875873083,4.248255450116962e-10,1.1013166820327033e-08
dwell_r3_xi_0.05_p+3_Nd4001_dt1,dwell,3,xi_0.05,3,4001,1.0,static_lti,2,zerofill,0.044772803482498805,0.013987114529895301,5.239954823746811e-10,1.1703432477251624e-08
dwell_r3_xi_0.05_p+3_Nd4001_dt1,dwell,3,xi_0.05,3,4001,1.0,static_mh,2,zerofill,1.619340405187294,0.4817243931599696,1.8046710436666332e-08,1.1144482271211554e-08
dwell_r3_xi_0.05_p+3_Nd4001_dt1,dwell,3,xi_0.05,3,4001,1.0,static_lti_mh,2,zerofill,0.07227404887164005,0.022554256413745664,8.449439978390861e-10,1.1690835244884664e-08
dwell_r3_xi_0.05_p+3_Nd4001_dt1,dwell,3,xi_0.05,3,4001,1.0,linear,2,zerofill,0.009693617499467825,0.009693617499467825,3.631493662780006e-10,3.746272908931442e-08
dwell_r3_xi_0.05_p+3_Nd4001_dt1,dwell,3,xi_0.05,3,4001,1.0,atomic,4,context,0.2949488967457603,0.07673424929148706,2.875168664799523e-09,9.74802312035043e-09
dwell_r3_xi_0.05_p+3_Nd4001_dt1,dwell,3,xi_0.05,3,4001,1.0,static,4,context,0.03698359983190792,0.01088712019877719,4.079313622594185e-10,1.103006100307932e-08
dwell_r3_xi_0.05_p+3_Nd4001_dt1,dwell,3,xi_0.05,3,4001,1.0,static_lti,4,context,0.04311759328667758,0.013489078317376366,5.054245744663831e-10,1.1722003385159917e-08
dwell_r3_xi_0.05_p+3_Nd4001_dt1,dwell,3,xi_0.05,3,4001,1.0,static_mh,4,context,1.612884684409045,0.48090671001703617,1.80191754803055e-08,1.1172017227572384e-08
dwell_r3_xi_0.05_p+3_Nd4001_dt1,dwell,3,xi_0.05,3,4001,1.0,static_lti_mh,4,context,0.07051900589582692,0.022038856489049227,8.257776699505389e-10,1.1710001572773243e-08
dwell_r3_xi_0.05_p+3_Nd4001_dt1,dwell,3,xi_0.05,3,4001,1.0,linear,4,context,0.00952004055153761,0.00952004055153761,3.567080219606493e-10,3.746917043363186e-08
dwell_r3_xi_0.05_p+3_Nd4001_dt1,dwell,3,xi_0.05,3,4001,1.0,atomic,8,context,0.2918261565565731,0.07610034839025107,2.8516047019485242e-09,9.771587083201416e-09
dwell_r3_xi_0.05_p+3_Nd4001_dt1,dwell,3,xi_0.05,3,4001,1.0,static,8,context,0.03610272498821348,0.010636146054926982,3.985538140417568e-10,1.1039438551296982e-08
dwell_r3_xi_0.05_p+3_Nd4001_dt1,dwell,3,xi_0.05,3,4001,1.0,static_lti,8,context,0.0420680140004082,0.013173111865571926,4.936180783631083e-10,1.1733809881263198e-08
dwell_r3_xi_0.05_p+3_Nd4001_dt1,dwell,3,xi_0.05,3,4001,1.0,static_mh,8,context,1.5883013690848655,0.47804329480641855,1.7913065262386905e-08,1.1278127445490971e-08
dwell_r3_xi_0.05_p+3_Nd4001_dt1,dwell,3,xi_0.05,3,4001,1.0,static_lti_mh,8,context,0.06908318120667646,0.021617700180287604,8.100506342401807e-10,1.172572860848357e-08
dwell_r3_xi_0.05_p+3_Nd4001_dt1,dwell,3,xi_0.05,3,4001,1.0,linear,8,context,0.009453563697287252,0.009453563697287252,3.5424051610265257e-10,3.747163793948981e-08
dwell_r3_xi_0.05_p+3_Nd4001_dt1,dwell,3,xi_0.05,3,4001,1.0,atomic,16,context,0.2877135359852023,0.07525943565514194,2.820396805991632e-09,9.802794979158335e-09
dwell_r3_xi_0.05_p+3_Nd4001_dt1,dwell,3,xi_0.05,3,4001,1.0,static,16,context,0.03565035193892409,0.010506334167166476,3.937317768836144e-10,1.1044260588455134e-08
dwell_r3_xi_0.05_p+3_Nd4001_dt1,dwell,3,xi_0.05,3,4001,1.0,static_lti,16,context,0.04157483755445277,0.013023446709743652,4.880622234728867e-10,1.1739365736153405e-08
dwell_r3_xi_0.05_p+3_Nd4001_dt1,dwell,3,xi_0.05,3,4001,1.0,static_mh,16,context,1.5466400600680417,0.4730687621094294,1.7728562725100512e-08,1.146262998277736e-08
dwell_r3_xi_0.05_p+3_Nd4001_dt1,dwell,3,xi_0.05,3,4001,1.0,static_lti_mh,16,context,0.06835830982850129,0.021403089252374,8.020948342259477e-10,1.1733684408497805e-08
dwell_r3_xi_0.05_p+3_Nd4001_dt1,dwell,3,xi_0.05,3,4001,1.0,linear,16,context,0.00934530193774471,0.00934530193774471,3.502213311433697e-10,3.747565712444901e-08
dwell_r3_xi_0.05_p+6_Nd4001_dt1,dwell,3,xi_0.05,6,4001,1.0,atomic,2,context,0.5256044389174879,0.0696908167496966,5.209891890867017e-09,9.912191574327425e-09
dwell_r3_xi_0.05_p+6_Nd4001_dt1,dwell,3,xi_0.05,6,4001,1.0,static,2,context,0.12180690361658783,0.020153384658178144,1.506611060123975e-09,1.2368847868149918e-08
dwell_r3_xi_0.05_p+6_Nd4001_dt1,dwell,3,xi_0.05,6,4001,1.0,static_lti,2,context,0.13937746996650893,0.02500098289837462,1.8690040401415437e-09,1.3409656816059636e-08
dwell_r3_xi_0.05_p+6_Nd4001_dt1,dwell,3,xi_0.05,6,4001,1.0,static_mh,2,context,1.6022198585833587,0.2678269422044573,2.0021998297972107e-08,1.2496411270095628e-08
dwell_r3_xi_0.05_p+6_Nd4001_dt1,dwell,3,xi_0.05,6,4001,1.0,static_lti_mh,2,context,0.18389032896858762,0.032943479212694235,2.4627630039636328e-09,1.3392564023224544e-08
dwell_r3_xi_0.05_p+6_Nd4001_dt1,dwell,3,xi_0.05,6,4001,1.0,linear,2,context,0.009568672216234928,0.009568672216234928,7.153273574734495e-10,7.475722245556404e-08
dwell_r3_xi_0.05_p+6_Nd4001_dt1,dwell,3,xi_0.05,6,4001,1.0,atomic,2,zerofill,0.5266689389747965,0.06979190542177682,5.216803362129422e-09,9.90528010306503e-09
dwell_r3_xi_0.05_p+6_Nd4001_dt1,dwell,3,xi_0.05,6,4001,1.0,static,2,zerofill,0.12212125948842506,0.020202235467352808,1.5100761223196484e-09,1.236538280595425e-08
dwell_r3_xi_0.05_p+6_Nd4001_dt1,dwell,3,xi_0.05,6,4001,1.0,static_lti,2,zerofill,0.13986889867460697,0.025081420555235715,1.874785310542744e-09,1.340387554565845e-08
dwell_r3_xi_0.05_p+6_Nd4001_dt1,dwell,3,xi_0.05,6,4001,1.0,static_mh,2,zerofill,1.6036680610345853,0.26795307731739215,2.0028949004824412e-08,1.2489460563243369e-08
dwell_r3_xi_0.05_p+6_Nd4001_dt1,dwell,3,xi_0.05,6,4001,1.0,static_lti_mh,2,zerofill,0.18440503562338786,0.03302541802811415,2.4685830077801208e-09,1.3386744019408076e-08
dwell_r3_xi_0.05_p+6_Nd4001_dt1,dwell,3,xi_0.05,6,4001,1.0,linear,2,zerofill,0.009693617499468336,0.009693617499468336,7.245782452393685e-10,7.474797156779802e-08
dwell_r3_xi_0.05_p+6_Nd4001_dt1,dwell,3,xi_0.05,6,4001,1.0,atomic,4,context,0.5241832023107796,0.0695638294202907,5.200649189926102e-09,9.921434275268368e-09
dwell_r3_xi_0.05_p+6_Nd4001_dt1,dwell,3,xi_0.05,6,4001,1.0,static,4,context,0.11670670835792712,0.019396794892433646,1.4501203640619855e-09,1.2425338564211919e-08
dwell_r3_xi_0.05_p+6_Nd4001_dt1,dwell,3,xi_0.05,6,4001,1.0,static_lti,4,context,0.13422257784814812,0.02418457725527827,1.808058917393087e-09,1.3470601938808114e-08
dwell_r3_xi_0.05_p+6_Nd4001_dt1,dwell,3,xi_0.05,6,4001,1.0,static_mh,4,context,1.5896535095096185,0.2670029327719547,1.996135919485953e-08,1.2557050373208231e-08
dwell_r3_xi_0.05_p+6_Nd4001_dt1,dwell,3,xi_0.05,6,4001,1.0,static_lti_mh,4,context,0.1781081813626762,0.03206268020303716,2.3970323832711174e-09,1.3458294643917082e-08
dwell_r3_xi_0.05_p+6_Nd4001_dt1,dwell,3,xi_0.05,6,4001,1.0,linear,4,context,0.009520040551538333,0.009520040551538333,7.117260736652324e-10,7.476082373937213e-08
dwell_r3_xi_0.05_p+6_Nd4001_dt1,dwell,3,xi_0.05,6,4001,1.0,atomic,8,context,0.5196598287316702,0.0691642570482043,5.1711173481157676e-09,9.950966117078696e-09
dwell_r3_xi_0.05_p+6_Nd4001_dt1,dwell,3,xi_0.05,6,4001,1.0,static,8,context,0.1137016044308433,0.018947086018449525,1.416593040795048e-09,1.2458865887478852e-08
dwell_r3_xi_0.05_p+6_Nd4001_dt1,dwell,3,xi_0.05,6,4001,1.0,static_lti,8,context,0.13063946366581586,0.023612004784172545,1.7653691772923807e-09,1.3513291678908822e-08
dwell_r3_xi_0.05_p+6_Nd4001_dt1,dwell,3,xi_0.05,6,4001,1.0,static_mh,8,context,1.5628248041877633,0.2652271608403215,1.9829906821047624e-08,1.2688502747020125e-08
dwell_r3_xi_0.05_p+6_Nd4001_dt1,dwell,3,xi_0.05,6,4001,1.0,static_lti_mh,8,context,0.174078243518127,0.03144271089356374,2.350837769574762e-09,1.3504489257613437e-08
dwell_r3_xi_0.05_p+6_Nd4001_dt1,dwell,3,xi_0.05,6,4001,1.0,linear,8,context,0.009453563697287925,0.009453563697287925,7.068027522148051e-10,7.476574706082273e-08
dwell_r3_xi_0.05_p+6_Nd4001_dt1,dwell,3,xi_0.05,6,4001,1.0,atomic,16,context,0.5116495198500624,0.06845163634079804,5.118386664699074e-09,1.0003696800495396e-08
dwell_r3_xi_0.05_p+6_Nd4001_dt1,dwell,3,xi_0.05,6,4001,1.0,static,16,context,0.1122095118903994,0.018721522650371754,1.3998787611073094e-09,1.2475580167166582e-08
dwell_r3_xi_0.05_p+6_Nd4001_dt1,dwell,3,xi_0.05,6,4001,1.0,static_lti,16,context,0.12898776891363983,0.023345077928639896,1.7455994033716631e-09,1.3533061452829537e-08
dwell_r3_xi_0.05_p+6_Nd4001_dt1,dwell,3,xi_0.05,6,4001,1.0,static_mh,16,context,1.5222880281930016,0.2624715242060884,1.962598443477941e-08,1.2892425133288344e-08
dwell_r3_xi_0.05_p+6_Nd4001_dt1,dwell,3,xi_0.05,6,4001,1.0,static_lti_mh,16,context,0.1719288599530828,0.031108099640459522,2.3260697753248445e-09,1.3529257251863355e-08
dwell_r3_xi_0.05_p+6_Nd4001_dt1,dwell,3,xi_0.05,6,4001,1.0,linear,16,context,0.009345301937745288,0.009345301937745288,6.987834239286533e-10,7.477376638910895e-08
dwell_r3_xi_0.1_p+0_Nd4001_dt1,dwell,3,xi_0.1,0,4001,1.0,atomic,2,context,0.13953182536334574,0.061978057926652924,1.1278367711548231e-09,8.083007358485398e-09
dwell_r3_xi_0.1_p+0_Nd4001_dt1,dwell,3,xi_0.1,0,4001,1.0,static,2,context,0.016982460106939223,0.008709092269525367,1.5848245062107536e-10,9.332125594472479e-09
dwell_r3_xi_0.1_p+0_Nd4001_dt1,dwell,3,xi_0.1,0,4001,1.0,static_lti,2,context,0.020938261655763048,0.011827876996833369,2.1523608593079652e-10,1.0279558516814835e-08
dwell_r3_xi_0.1_p+0_Nd4001_dt1,dwell,3,xi_0.1,0,4001,1.0,static_mh,2,context,0.05921463061742887,0.030409586607881293,5.533740668766059e-10,9.345225345604523e-09
dwell_r3_xi_0.1_p+0_Nd4001_dt1,dwell,3,xi_0.1,0,4001,1.0,static_lti_mh,2,context,0.022479075394433588,0.012704237016839011,2.3118352101341944e-10,1.0284387456197e-08
dwell_r3_xi_0.1_p+0_Nd4001_dt1,dwell,3,xi_0.1,0,4001,1.0,linear,2,context,0.009868013608468543,0.009868013608468543,1.7957175455639608e-10,1.819735578822986e-08
dwell_r3_xi_0.1_p+0_Nd4001_dt1,dwell,3,xi_0.1,0,4001,1.0,atomic,2,zerofill,0.14001950953608644,0.06218350078849447,1.1312945670292849e-09,8.079549562610936e-09
dwell_r3_xi_0.1_p+0_Nd4001_dt1,dwell,3,xi_0.1,0,4001,1.0,static,2,zerofill,0.016997160527110308,0.008718667995210573,1.5861734398425517e-10,9.331990701109285e-09
dwell_r3_xi_0.1_p+0_Nd4001_dt1,dwell,3,xi_0.1,0,4001,1.0,static_lti,2,zerofill,0.02112742980721417,0.011935486750433056,2.1714041738404744e-10,1.0277654185361567e-08
dwell_r3_xi_0.1_p+0_Nd4001_dt1,dwell,3,xi_0.1,0,4001,1.0,static_mh,2,zerofill,0.059240992494702015,0.030429916603013203,5.536066463230164e-10,9.344992766158097e-09
dwell_r3_xi_0.1_p+0_Nd4001_dt1,dwell,3,xi_0.1,0,4001,1.0,static_lti_mh,2,zerofill,0.022680927026364463,0.012818965262454197,2.3321340182627367e-10,1.0282357575384148e-08
dwell_r3_xi_0.1_p+0_Nd4001_dt1,dwell,3,xi_0.1,0,4001,1.0,linear,2,zerofill,0.01011860363452975,0.01011860363452975,1.8408615102905709e-10,1.819284139175714e-08
dwell_r3_xi_0.1_p+0_Nd4001_dt1,dwell,3,xi_0.1,0,4001,1.0,atomic,4,context,0.1391435703399305,0.06182489951721353,1.1250818346455502e-09,8.085762294994681e-09
dwell_r3_xi_0.1_p+0_Nd4001_dt1,dwell,3,xi_0.1,0,4001,1.0,static,4,context,0.016279326062190225,0.008354042399688103,1.5202582492076523e-10,9.338582220172794e-09
dwell_r3_xi_0.1_p+0_Nd4001_dt1,dwell,3,xi_0.1,0,4001,1.0,static_lti,4,context,0.020353349986376553,0.011503726706656647,2.0934338833470704e-10,1.0285451214410913e-08
dwell_r3_xi_0.1_p+0_Nd4001_dt1,dwell,3,xi_0.1,0,4001,1.0,static_mh,4,context,0.058372991026762015,0.03000034535714953,5.459425548281613e-10,9.352656857652974e-09
dwell_r3_xi_0.1_p+0_Nd4001_dt1,dwell,3,xi_0.1,0,4001,1.0,static_lti_mh,4,context,0.021878633289770334,0.012371804145158172,2.2514055363138142e-10,1.0290430423579021e-08
dwell_r3_xi_0.1_p+0_Nd4001_dt1,dwell,3,xi_0.1,0,4001,1.0,linear,4,context,0.009839163500323928,0.009839163500323928,1.7905187406313314e-10,1.8197875668723094e-08
dwell_r3_xi_0.1_p+0_Nd4001_dt1,dwell,3,xi_0.1,0,4001,1.0,atomic,8,context,0.13809967457158395,0.061414215475398076,1.1176653550241314e-09,8.093178774616081e-09
dwell_r3_xi_0.1_p+0_Nd4001_dt1,dwell,3,xi_0.1,0,4001,1.0,static,8,context,0.016111094267882594,0.008268657490604871,1.5047968842835624e-10,9.340128356665191e-09
dwell_r3_xi_0.1_p+0_Nd4001_dt1,dwell,3,xi_0.1,0,4001,1.0,static_lti,8,context,0.02010127391286673,0.011363480062629003,2.0680176210336198e-10,1.0287992840642262e-08
dwell_r3_xi_0.1_p+0_Nd4001_dt1,dwell,3,xi_0.1,0,4001,1.0,static_mh,8,context,0.058066458264655854,0.02984992598979411,5.43232993706349e-10,9.355366418774786e-09
dwell_r3_xi_0.1_p+0_Nd4001_dt1,dwell,3,xi_0.1,0,4001,1.0,static_lti_mh,8,context,0.021628974519988617,0.012232992401632257,2.226258479367019e-10,1.0292945129273706e-08
dwell_r3_xi_0.1_p+0_Nd4001_dt1,dwell,3,xi_0.1,0,4001,1.0,linear,8,context,0.00978757444269414,0.00978757444269414,1.781221624283552e-10,1.819880538035786e-08
dwell_r3_xi_0.1_p+0_Nd4001_dt1,dwell,3,xi_0.1,0,4001,1.0,atomic,16,context,0.1363608072265037,0.06072954927896696,1.1052811156174387e-09,8.10556301402278e-09
dwell_r3_xi_0.1_p+0_Nd4001_dt1,dwell,3,xi_0.1,0,4001,1.0,static,16,context,0.01593879934854917,0.008181056697699514,1.488956789754171e-10,9.341712366118113e-09
dwell_r3_xi_0.1_p+0_Nd4001_dt1,dwell,3,xi_0.1,0,4001,1.0,static_lti,16,context,0.01991104519475257,0.011257268232801277,2.0488289702266338e-10,1.0289911705722961e-08
dwell_r3_xi_0.1_p+0_Nd4001_dt1,dwell,3,xi_0.1,0,4001,1.0,static_mh,16,context,0.05750444779636925,0.029574696177035356,5.38261086616062e-10,9.360338325865065e-09
dwell_r3_xi_0.1_p+0_Nd4001_dt1,dwell,3,xi_0.1,0,4001,1.0,static_lti_mh,16,context,0.021420030375447634,0.012116463523133189,2.2052029825989282e-10,1.0295050678950515e-08
dwell_r3_xi_0.1_p+0_Nd4001_dt1,dwell,3,xi_0.1,0,4001,1.0,linear,16,context,0.009718261749365202,0.009718261749365202,1.7687289492070753e-10,1.8200054647865486e-08
dwell_r3_xi_0.1_p+3_Nd4001_dt1,dwell,3,xi_0.1,3,4001,1.0,atomic,2,context,0.2743536989296902,0.05905211124314964,2.14409347692381e-09,7.815070419273939e-09
dwell_r3_xi_0.1_p+3_Nd4001_dt1,dwell,3,xi_0.1,3,4001,1.0,static,2,context,0.07562341471134937,0.022346279925602747,8.113598652674157e-10,1.0728950396703641e-08
dwell_r3_xi_0.1_p+3_Nd4001_dt1,dwell,3,xi_0.1,3,4001,1.0,static_lti,2,context,0.08283558809257141,0.025526925582411052,9.268443324880495e-10,1.1188963027005632e-08
dwell_r3_xi_0.1_p+3_Nd4001_dt1,dwell,3,xi_0.1,3,4001,1.0,static_mh,2,context,0.7369556412582008,0.218750272614298,7.942493887414236e-09,1.0777438210329804e-08
dwell_r3_xi_0.1_p+3_Nd4001_dt1,dwell,3,xi_0.1,3,4001,1.0,static_lti_mh,2,context,0.09843007247160299,0.030305917254962744,1.1003623432023565e-09,1.117912763418731e-08
dwell_r3_xi_0.1_p+3_Nd4001_dt1,dwell,3,xi_0.1,3,4001,1.0,linear,2,context,0.009868013608467894,0.009868013608467894,3.582927546991952e-10,3.63084982363359e-08
dwell_r3_xi_0.1_p+3_Nd4001_dt1,dwell,3,xi_0.1,3,4001,1.0,atomic,2,zerofill,0.275264450606966,0.059220520520406716,2.1496747416481587e-09,7.809489154549613e-09
dwell_r3_xi_0.1_p+3_Nd4001_dt1,dwell,3,xi_0.1,3,4001,1.0,static,2,zerofill,0.07571235311225173,0.022376262073163983,8.122469199608771e-10,1.0728063342010166e-08
dwell_r3_xi_0.1_p+3_Nd4001_dt1,dwell,3,xi_0.1,3,4001,1.0,static_lti,2,zerofill,0.08302772414915835,0.02558794365821651,9.288293262101582e-10,1.1186978033283522e-08
dwell_r3_xi_0.1_p+3_Nd4001_dt1,dwell,3,xi_0.1,3,4001,1.0,static_mh,2,zerofill,0.7371089282133131,0.21883075311431802,7.943444916253209e-09,1.0776487181490824e-08
dwell_r3_xi_0.1_p+3_Nd4001_dt1,dwell,3,xi_0.1,3,4001,1.0,static_lti_mh,2,zerofill,0.09861762352121545,0.03036601253219132,1.1022707934917492e-09,1.117721918389789e-08
dwell_r3_xi_0.1_p+3_Nd4001_dt1,dwell,3,xi_0.1,3,4001,1.0,linear,2,zerofill,0.010118603634528751,0.010118603634528751,3.673001598559121e-10,3.629949083117912e-08
dwell_r3_xi_0.1_p+3_Nd4001_dt1,dwell,3,xi_0.1,3,4001,1.0,atomic,4,context,0.2733920190747161,0.058887876617483195,2.13819144858153e-09,7.820972447616247e-09
dwell_r3_xi_0.1_p+3_Nd4001_dt1,dwell,3,xi_0.1,3,4001,1.0,static,4,context,0.07185787643780112,0.02130757209147503,7.736680460049086e-10,1.0766642215966147e-08
dwell_r3_xi_0.1_p+3_Nd4001_dt1,dwell,3,xi_0.1,3,4001,1.0,static_lti,4,context,0.07951825339103226,0.024579243274928147,8.924609070970199e-10,1.1223346452396651e-08
dwell_r3_xi_0.1_p+3_Nd4001_dt1,dwell,3,xi_0.1,3,4001,1.0,static_mh,4,context,0.7279028955986603,0.21718893221814897,7.886029252029893e-09,1.0833902845714147e-08
dwell_r3_xi_0.1_p+3_Nd4001_dt1,dwell,3,xi_0.1,3,4001,1.0,static_lti_mh,4,context,0.09491136833453889,0.029315607951643452,1.0644361086295815e-09,1.121505386876006e-08
dwell_r3_xi_0.1_p+3_Nd4001_dt1,dwell,3,xi_0.1,3,4001,1.0,linear,4,context,0.009839163500323326,0.009839163500323326,3.5725545674270213e-10,3.6309535534292355e-08
dwell_r3_xi_0.1_p+3_Nd4001_dt1,dwell,3,xi_0.1,3,4001,1.0,atomic,8,context,0.27153691750776404,0.058570631772790524,2.1267810852307753e-09,7.832382810967e-09
dwell_r3_xi_0.1_p+3_Nd4001_dt1,dwell,3,xi_0.1,3,4001,1.0,static,8,context,0.07086468106130522,0.021031480524038883,7.636823032136854e-10,1.0776627958757365e-08
dwell_r3_xi_0.1_p+3_Nd4001_dt1,dwell,3,xi_0.1,3,4001,1.0,static_lti,8,context,0.0784396987736136,0.02426886856344188,8.812363646836732e-10,1.1234570994810002e-08
dwell_r3_xi_0.1_p+3_Nd4001_dt1,dwell,3,xi_0.1,3,4001,1.0,static_mh,8,context,0.7222939523391031,0.2162061734559934,7.850746804304501e-09,1.0869185293439542e-08
dwell_r3_xi_0.1_p+3_Nd4001_dt1,dwell,3,xi_0.1,3,4001,1.0,static_lti_mh,8,context,0.09379100618705145,0.028997749597110153,1.0529486107753133e-09,1.1226541366614325e-08
dwell_r3_xi_0.1_p+3_Nd4001_dt1,dwell,3,xi_0.1,3,4001,1.0,linear,8,context,0.009787574442693372,0.009787574442693372,3.5540043815403524e-10,3.631139055288096e-08
dwell_r3_xi_0.1_p+3_Nd4001_dt1,dwell,3,xi_0.1,3,4001,1.0,atomic,16,context,0.26751133677567407,0.05788159987168191,2.101905655390129e-09,7.857258240807625e-09
dwell_r3_xi_0.1_p+3_Nd4001_dt1,dwell,3,xi_0.1,3,4001,1.0,static,16,context,0.07002497406347917,0.020797150543193105,7.552252950790328e-10,1.0785084966892019e-08
dwell_r3_xi_0.1_p+3_Nd4001_dt1,dwell,3,xi_0.1,3,4001,1.0,static_lti,16,context,0.07760106022977636,0.02402643370470914,8.724931065267857e-10,1.1243314252966877e-08
dwell_r3_xi_0.1_p+3_Nd4001_dt1,dwell,3,xi_0.1,3,4001,1.0,static_mh,16,context,0.7103458001146218,0.21410039503789055,7.774816731898435e-09,1.0945115365845602e-08
dwell_r3_xi_0.1_p+3_Nd4001_dt1,dwell,3,xi_0.1,3,4001,1.0,static_lti_mh,16,context,0.09279861173110886,0.028715010641159448,1.0427535416271304e-09,1.1236736435762524e-08
dwell_r3_xi_0.1_p+3_Nd4001_dt1,dwell,3,xi_0.1,3,4001,1.0,linear,16,context,0.009718261749364633,0.009718261749364633,3.529078217747185e-10,3.63138831692603e-08
dwell_r3_xi_0.25_p+3_Nd4001_dt1,dwell,3,xi_0.25,3,4001,1.0,atomic,2,context,0.3160265047164709,0.0501713986157958,1.6840921429665556e-09,5.328958545668409e-09
dwell_r3_xi_0.25_p+3_Nd4001_dt1,dwell,3,xi_0.25,3,4001,1.0,static,2,context,0.12515491061788359,0.038393658111347956,1.288751355333124e-09,1.029724961626054e-08
dwell_r3_xi_0.25_p+3_Nd4001_dt1,dwell,3,xi_0.25,3,4001,1.0,static_lti,2,context,0.13339999973656708,0.04180477096248996,1.4032514193112462e-09,1.0519126102566194e-08
dwell_r3_xi_0.25_p+3_Nd4001_dt1,dwell,3,xi_0.25,3,4001,1.0,static_mh,2,context,0.3977243465420193,0.12119587850918297,4.068155012385572e-09,1.0228579285517222e-08
dwell_r3_xi_0.25_p+3_Nd4001_dt1,dwell,3,xi_0.25,3,4001,1.0,static_lti_mh,2,context,0.13851133709619207,0.04338566005561228,1.4563167707680941e-09,1.0514061890520375e-08
dwell_r3_xi_0.25_p+3_Nd4001_dt1,dwell,3,xi_0.25,3,4001,1.0,linear,2,context,0.00795893690837464,0.00795893690837464,2.6715585938519796e-10,3.356677687746065e-08
dwell_r3_xi_0.25_p+3_Nd4001_dt1,dwell,3,xi_0.25,3,4001,1.0,atomic,2,zerofill,0.3164429086441338,0.050223666612049314,1.685777745322876e-09,5.327272943312098e-09
dwell_r3_xi_0.25_p+3_Nd4001_dt1,dwell,3,xi_0.25,3,4001,1.0,static,2,zerofill,0.12525316002159056,0.038422012604454055,1.2896504406861501e-09,1.0296350530907533e-08
dwell_r3_xi_0.25_p+3_Nd4001_dt1,dwell,3,xi_0.25,3,4001,1.0,static_lti,2,zerofill,0.1335750561901879,0.041854875415772694,1.404875873643271e-09,1.0517501648234154e-08
dwell_r3_xi_0.25_p+3_Nd4001_dt1,dwell,3,xi_0.25,3,4001,1.0,static_mh,2,zerofill,0.39787683037066357,0.1212340708122792,4.069270770868131e-09,1.0227463527034693e-08
dwell_r3_xi_0.25_p+3_Nd4001_dt1,dwell,3,xi_0.25,3,4001,1.0,static_lti_mh,2,zerofill,0.1386790546591894,0.0434335700951616,1.4578654010254666e-09,1.0512513260263006e-08
dwell_r3_xi_0.25_p+3_Nd4001_dt1,dwell,3,xi_0.25,3,4001,1.0,linear,2,zerofill,0.008000113101733597,0.008000113101733597,2.68527041865416e-10,3.356540569498038e-08
dwell_r3_xi_0.25_p+3_Nd4001_dt1,dwell,3,xi_0.25,3,4001,1.0,atomic,4,context,0.3142676767433896,0.049958307234945126,1.676960626667886e-09,5.336090061967085e-09
dwell_r3_xi_0.25_p+3_Nd4001_dt1,dwell,3,xi_0.25,3,4001,1.0,static,4,context,0.12045665167400842,0.037106854124516524,1.2455732948212533e-09,1.0340427676772435e-08
dwell_r3_xi_0.25_p+3_Nd4001_dt1,dwell,3,xi_0.25,3,4001,1.0,static_lti,4,context,0.1288196819844472,0.040532684456913604,1.3605688360844272e-09,1.0561808685793005e-08
dwell_r3_xi_0.25_p+3_Nd4001_dt1,dwell,3,xi_0.25,3,4001,1.0,static_mh,4,context,0.39094134125440133,0.11970835912441036,4.01827475840167e-09,1.0278459539501135e-08
dwell_r3_xi_0.25_p+3_Nd4001_dt1,dwell,3,xi_0.25,3,4001,1.0,static_lti_mh,4,context,0.1339117943009908,0.04211456254968034,1.413668058707862e-09,1.05567106025806e-08
dwell_r3_xi_0.25_p+3_Nd4001_dt1,dwell,3,xi_0.25,3,4001,1.0,linear,4,context,0.007946149572040253,0.007946149572040253,2.6673001355427154e-10,3.356720272329155e-08
dwell_r3_xi_0.25_p+3_Nd4001_dt1,dwell,3,xi_0.25,3,4001,1.0,atomic,8,context,0.3124852663721176,0.049740235087128784,1.6697139912105724e-09,5.343336697424392e-09
dwell_r3_xi_0.25_p+3_Nd4001_dt1,dwell,3,xi_0.25,3,4001,1.0,static,8,context,0.11902785746773129,0.036711913882021684,1.2323704571471024e-09,1.0353630514446593e-08
dwell_r3_xi_0.25_p+3_Nd4001_dt1,dwell,3,xi_0.25,3,4001,1.0,static_lti,8,context,0.12763695049560284,0.04020089647598035,1.3494909943142142e-09,1.057288652756323e-08
dwell_r3_xi_0.25_p+3_Nd4001_dt1,dwell,3,xi_0.25,3,4001,1.0,static_mh,8,context,0.38707842799599435,0.11885037168217857,3.989649990811202e-09,1.0307084307091608e-08
dwell_r3_xi_0.25_p+3_Nd4001_dt1,dwell,3,xi_0.25,3,4001,1.0,static_lti_mh,8,context,0.13272036035016357,0.04178192847116156,1.402564150045815e-09,1.0567814511242671e-08
dwell_r3_xi_0.25_p+3_Nd4001_dt1,dwell,3,xi_0.25,3,4001,1.0,linear,8,context,0.007901818581922066,0.007901818581922066,2.652536124755288e-10,3.3568679124370325e-08
dwell_r3_xi_0.25_p+3_Nd4001_dt1,dwell,3,xi_0.25,3,4001,1.0,atomic,16,context,0.30831151812290786,0.049228820943765426,1.6526677893871658e-09,5.360382899247808e-09
dwell_r3_xi_0.25_p+3_Nd4001_dt1,dwell,3,xi_0.25,3,4001,1.0,static,16,context,0.1174226714329814,0.03626618813922549,1.2174973893853419e-09,1.0368503582208352e-08
dwell_r3_xi_0.25_p+3_Nd4001_dt1,dwell,3,xi_0.25,3,4001,1.0,static_lti,16,context,0.12600752177807495,0.03974220139709727,1.3341911276597088e-09,1.058818639421774e-08
dwell_r3_xi_0.25_p+3_Nd4001_dt1,dwell,3,xi_0.25,3,4001,1.0,static_mh,16,context,0.3817997935128445,0.11766878883176744,3.95027574072116e-09,1.0346458557181658e-08
dwell_r3_xi_0.25_p+3_Nd4001_dt1,dwell,3,xi_0.25,3,4001,1.0,static_lti_mh,16,context,0.131140455888835,0.04133918534894044,1.3878037043329204e-09,1.0582574956955559e-08
dwell_r3_xi_0.25_p+3_Nd4001_dt1,dwell,3,xi_0.25,3,4001,1.0,linear,16,context,0.007827844907182831,0.007827844907182831,2.6278970104112993e-10,3.357114303580467e-08
dwell_r3_xi_0.5_p+3_Nd4001_dt1,dwell,3,xi_0.5,3,4001,1.0,atomic,2,context,0.4101958690425444,0.0663354882653333,2.1857321698816875e-09,5.328508487868241e-09
dwell_r3_xi_0.5_p+3_Nd4001_dt1,dwell,3,xi_0.5,3,4001,1.0,static,2,context,0.1528423738748452,0.046473503654359,1.531286414568102e-09,1.0018729595380363e-08
dwell_r3_xi_0.5_p+3_Nd4001_dt1,dwell,3,xi_0.5,3,4001,1.0,static_lti,2,context,0.15654333720136576,0.048835276530849,1.6091060415745403e-09,1.0278981337319424e-08
dwell_r3_xi_0.5_p+3_Nd4001_dt1,dwell,3,xi_0.5,3,4001,1.0,static_mh,2,context,0.2932093748215165,0.08983553925184776,2.9600509964746566e-09,1.0095349094061231e-08
dwell_r3_xi_0.5_p+3_Nd4001_dt1,dwell,3,xi_0.5,3,4001,1.0,static_lti_mh,2,context,0.159192646212455,0.049643832189296,1.6357476803115399e-09,1.0275271623593135e-08
dwell_r3_xi_0.5_p+3_Nd4001_dt1,dwell,3,xi_0.5,3,4001,1.0,linear,2,context,0.005626078839529746,0.005626078839529746,1.8537741759982223e-10,3.294966581295134e-08
dwell_r3_xi_0.5_p+3_Nd4001_dt1,dwell,3,xi_0.5,3,4001,1.0,atomic,2,zerofill,0.41038097331431916,0.06635947144506725,2.18643150552358e-09,5.327809152226333e-09
dwell_r3_xi_0.5_p+3_Nd4001_dt1,dwell,3,xi_0.5,3,4001,1.0,static,2,zerofill,0.1529102898896297,0.04649334832342388,1.531876601153553e-09,1.0018139408794909e-08
dwell_r3_xi_0.5_p+3_Nd4001_dt1,dwell,3,xi_0.5,3,4001,1.0,static_lti,2,zerofill,0.1566336212569761,0.04886165875762995,1.6099083942864275e-09,1.0278178984607532e-08
dwell_r3_xi_0.5_p+3_Nd4001_dt1,dwell,3,xi_0.5,3,4001,1.0,static_mh,2,zerofill,0.2933634240564521,0.08987576870934101,2.961253427883664e-09,1.009414666265222e-08
dwell_r3_xi_0.5_p+3_Nd4001_dt1,dwell,3,xi_0.5,3,4001,1.0,static_lti_mh,2,zerofill,0.15928630834241994,0.04967109227989291,1.6365778495452398e-09,1.0274441454359443e-08
dwell_r3_xi_0.5_p+3_Nd4001_dt1,dwell,3,xi_0.5,3,4001,1.0,linear,2,zerofill,0.0056678883074743475,0.0056678883074743475,1.8674726147433487e-10,3.294829596907685e-08
dwell_r3_xi_0.5_p+3_Nd4001_dt1,dwell,3,xi_0.5,3,4001,1.0,atomic,4,context,0.4079042127165837,0.0660712267998424,2.1770589163507547e-09,5.337181741399172e-09
dwell_r3_xi_0.5_p+3_Nd4001_dt1,dwell,3,xi_0.5,3,4001,1.0,static,4,context,0.15011025992735536,0.04575048201324666,1.5074866869964196e-09,1.0042529322952045e-08
dwell_r3_xi_0.5_p+3_Nd4001_dt1,dwell,3,xi_0.5,3,4001,1.0,static_lti,4,context,0.15394204204702006,0.04813128137427427,1.5859344581066679e-09,1.0302152920787293e-08
dwell_r3_xi_0.5_p+3_Nd4001_dt1,dwell,3,xi_0.5,3,4001,1.0,static_mh,4,context,0.290502039641061,0.08919137615517773,2.9388720343949623e-09,1.0116528056140942e-08
dwell_r3_xi_0.5_p+3_Nd4001_dt1,dwell,3,xi_0.5,3,4001,1.0,static_lti_mh,4,context,0.15655757235607048,0.04893256019140786,1.6123367405799187e-09,1.0298682563324767e-08
dwell_r3_xi_0.5_p+3_Nd4001_dt1,dwell,3,xi_0.5,3,4001,1.0,linear,4,context,0.005610339649440477,0.005610339649440477,1.8486170984189584e-10,3.295018152070922e-08
dwell_r3_xi_0.5_p+3_Nd4001_dt1,dwell,3,xi_0.5,3,4001,1.0,atomic,8,context,0.40359715155198256,0.06557129574416855,2.1606813053094528e-09,5.353559352440477e-09
dwell_r3_xi_0.5_p+3_Nd4001_dt1,dwell,3,xi_0.5,3,4001,1.0,static,8,context,0.149261931948476,0.04552350315550902,1.5000737914966678e-09,1.0049942218451794e-08
dwell_r3_xi_0.5_p+3_Nd4001_dt1,dwell,3,xi_0.5,3,4001,1.0,static_lti,8,context,0.15303553313001503,0.04788336134176456,1.5778349735559268e-09,1.031025240533804e-08
dwell_r3_xi_0.5_p+3_Nd4001_dt1,dwell,3,xi_0.5,3,4001,1.0,static_mh,8,context,0.28878544891824826,0.08877852384678735,2.9253973802367963e-09,1.0130002710299096e-08
dwell_r3_xi_0.5_p+3_Nd4001_dt1,dwell,3,xi_0.5,3,4001,1.0,static_lti_mh,8,context,0.15562514559374668,0.04867822877720541,1.6040271539675675e-09,1.0306992149937114e-08
dwell_r3_xi_0.5_p+3_Nd4001_dt1,dwell,3,xi_0.5,3,4001,1.0,linear,8,context,0.005566028561118505,0.005566028561118505,1.834097331818667e-10,3.295163349736929e-08
dwell_r3_xi_0.5_p+3_Nd4001_dt1,dwell,3,xi_0.5,3,4001,1.0,atomic,16,context,0.3984203982167859,0.06496663178872385,2.140863190336116e-09,5.373377467413814e-09
dwell_r3_xi_0.5_p+3_Nd4001_dt1,dwell,3,xi_0.5,3,4001,1.0,static,16,context,0.14703579217939336,0.04492934820572036,1.4805691028007991e-09,1.0069446907147664e-08
dwell_r3_xi_0.5_p+3_Nd4001_dt1,dwell,3,xi_0.5,3,4001,1.0,static_lti,16,context,0.15094839711546518,0.04731360916274369,1.5591383063828258e-09,1.032894907251113e-08
dwell_r3_xi_0.5_p+3_Nd4001_dt1,dwell,3,xi_0.5,3,4001,1.0,static_mh,16,context,0.2840697729480616,0.08764517714470292,2.8881954996495672e-09,1.0167204590886321e-08
dwell_r3_xi_0.5_p+3_Nd4001_dt1,dwell,3,xi_0.5,3,4001,1.0,static_lti_mh,16,context,0.15343020754388148,0.04808060415175049,1.5844133020833405e-09,1.0326606001821341e-08
dwell_r3_xi_0.5_p+3_Nd4001_dt1,dwell,3,xi_0.5,3,4001,1.0,linear,16,context,0.005515981861827514,0.005515981861827514,1.8176965930682378e-10,3.295327357124434e-08
dwell_r3_xi_1_p+3_Nd4001_dt1,dwell,3,xi_1,3,4001,1.0,atomic,2,context,0.5354820082928654,0.08722080976224708,2.8711518637086787e-09,5.361808275990461e-09
dwell_r3_xi_1_p+3_Nd4001_dt1,dwell,3,xi_1,3,4001,1.0,static,2,context,0.16123498411657505,0.048841838771433124,1.607785307173995e-09,9.971690176193678e-09
dwell_r3_xi_1_p+3_Nd4001_dt1,dwell,3,xi_1,3,4001,1.0,static_lti,2,context,0.1622474794915058,0.05045767978893036,1.6609758813212693e-09,1.0237298517837541e-08
dwell_r3_xi_1_p+3_Nd4001_dt1,dwell,3,xi_1,3,4001,1.0,static_mh,2,context,0.24266472291522742,0.07386346917028841,2.4314522846823706e-09,1.0019801211615645e-08
dwell_r3_xi_1_p+3_Nd4001_dt1,dwell,3,xi_1,3,4001,1.0,static_lti_mh,2,context,0.16428310315233122,0.05108227996027446,1.681536593276544e-09,1.0235602816178497e-08
dwell_r3_xi_1_p+3_Nd4001_dt1,dwell,3,xi_1,3,4001,1.0,linear,2,context,0.004502118655267553,0.004502118655267553,1.4820163219012087e-10,3.2918197750457444e-08
dwell_r3_xi_1_p+3_Nd4001_dt1,dwell,3,xi_1,3,4001,1.0,atomic,2,zerofill,0.5358221730476982,0.08725982717518685,2.8723394349195105e-09,5.3606207047796405e-09
dwell_r3_xi_1_p+3_Nd4001_dt1,dwell,3,xi_1,3,4001,1.0,static,2,zerofill,0.16127750327023183,0.04885457662220329,1.6081504118329793e-09,9.971325071534682e-09
dwell_r3_xi_1_p+3_Nd4001_dt1,dwell,3,xi_1,3,4001,1.0,static_lti,2,zerofill,0.16234656735131892,0.050485892839365644,1.661848591775187e-09,1.0236425807383639e-08
dwell_r3_xi_1_p+3_Nd4001_dt1,dwell,3,xi_1,3,4001,1.0,static_mh,2,zerofill,0.24283186881745247,0.07390689620016982,2.4327998271421758e-09,1.0018453669155838e-08
dwell_r3_xi_1_p+3_Nd4001_dt1,dwell,3,xi_1,3,4001,1.0,static_lti_mh,2,zerofill,0.16438022246953213,0.05110993766867722,1.6823903305158634e-09,1.0234749078939192e-08
dwell_r3_xi_1_p+3_Nd4001_dt1,dwell,3,xi_1,3,4001,1.0,linear,2,zerofill,0.004535975225499072,0.004535975225499072,1.493110969594469e-10,3.291708828568809e-08
dwell_r3_xi_1_p+3_Nd4001_dt1,dwell,3,xi_1,3,4001,1.0,atomic,4,context,0.5317559254107412,0.08682336894342647,2.858108961962413e-09,5.3748511777367406e-09
dwell_r3_xi_1_p+3_Nd4001_dt1,dwell,3,xi_1,3,4001,1.0,static,4,context,0.15996576455311684,0.048509702786090625,1.5968744125259578e-09,9.982601070841716e-09
dwell_r3_xi_1_p+3_Nd4001_dt1,dwell,3,xi_1,3,4001,1.0,static_lti,4,context,0.16093792942263294,0.05010617389126134,1.6494281020306301e-09,1.0248846297128193e-08
dwell_r3_xi_1_p+3_Nd4001_dt1,dwell,3,xi_1,3,4001,1.0,static_mh,4,context,0.2410785229835263,0.07347340866625214,2.418646158637007e-09,1.003260733766102e-08
dwell_r3_xi_1_p+3_Nd4001_dt1,dwell,3,xi_1,3,4001,1.0,static_lti_mh,4,context,0.16294283732367942,0.05072321559358232,1.6697402880327336e-09,1.0247399121422327e-08
dwell_r3_xi_1_p+3_Nd4001_dt1,dwell,3,xi_1,3,4001,1.0,linear,4,context,0.0044880133817850375,0.0044880133817850375,1.477393865728153e-10,3.291865999607476e-08
dwell_r3_xi_1_p+3_Nd4001_dt1,dwell,3,xi_1,3,4001,1.0,atomic,8,context,0.5271805268525842,0.08633123600677854,2.842006028552432e-09,5.390954111146718e-09
dwell_r3_xi_1_p+3_Nd4001_dt1,dwell,3,xi_1,3,4001,1.0,static,8,context,0.15831723634767328,0.04807646561457531,1.582667078893537e-09,9.996808404474128e-09
dwell_r3_xi_1_p+3_Nd4001_dt1,dwell,3,xi_1,3,4001,1.0,static_lti,8,context,0.15948632332046545,0.04971469282225932,1.6365971720525301e-09,1.0261677227106284e-08
dwell_r3_xi_1_p+3_Nd4001_dt1,dwell,3,xi_1,3,4001,1.0,static_mh,8,context,0.23885529340893816,0.07292397416321626,2.4006418045675795e-09,1.0050611691730444e-08
dwell_r3_xi_1_p+3_Nd4001_dt1,dwell,3,xi_1,3,4001,1.0,static_lti_mh,8,context,0.1614605515895485,0.050324208357421046,1.656662294545274e-09,1.026047711490979e-08
dwell_r3_xi_1_p+3_Nd4001_dt1,dwell,3,xi_1,3,4001,1.0,linear,8,context,0.004453579731411817,0.004453579731411817,1.4661090273649617e-10,3.291978847991107e-08
dwell_r3_xi_1_p+3_Nd4001_dt1,dwell,3,xi_1,3,4001,1.0,atomic,16,context,0.5184611590795081,0.08538648055086817,2.8110498784646953e-09,5.421910261234458e-09
dwell_r3_xi_1_p+3_Nd4001_dt1,dwell,3,xi_1,3,4001,1.0,static,16,context,0.1555559681643077,0.04734838195650296,1.55877912388057e-09,1.0020696359487104e-08
dwell_r3_xi_1_p+3_Nd4001_dt1,dwell,3,xi_1,3,4001,1.0,static_lti,16,context,0.15675640767259383,0.04897652080620684,1.6123798752648266e-09,1.0285894523893989e-08
dwell_r3_xi_1_p+3_Nd4001_dt1,dwell,3,xi_1,3,4001,1.0,static_mh,16,context,0.2350591314304193,0.071981851400459,2.3697495590110333e-09,1.0081503937286995e-08
dwell_r3_xi_1_p+3_Nd4001_dt1,dwell,3,xi_1,3,4001,1.0,static_lti_mh,16,context,0.15870759521976227,0.049581132089701586,1.6322845775551823e-09,1.028485483189988e-08
dwell_r3_xi_1_p+3_Nd4001_dt1,dwell,3,xi_1,3,4001,1.0,linear,16,context,0.004401767967112204,0.004401767967112204,1.4491274530994522e-10,3.292148663733762e-08
dwell_r3_xi_2_p+3_Nd4001_dt1,dwell,3,xi_2,3,4001,1.0,atomic,2,context,0.6426872898260385,0.09987888362041662,3.27266978239922e-09,5.092165092116666e-09
dwell_r3_xi_2_p+3_Nd4001_dt1,dwell,3,xi_2,3,4001,1.0,static,2,context,0.16244885140408177,0.04949503885258076,1.6217734135587121e-09,9.983286428567279e-09
dwell_r3_xi_2_p+3_Nd4001_dt1,dwell,3,xi_2,3,4001,1.0,static_lti,2,context,0.161387831407113,0.0504208463953531,1.6521087783497637e-09,1.023688566817776e-08
dwell_r3_xi_2_p+3_Nd4001_dt1,dwell,3,xi_2,3,4001,1.0,static_mh,2,context,0.21656793168016547,0.06580342973884963,2.156140400036893e-09,9.955954158629316e-09
dwell_r3_xi_2_p+3_Nd4001_dt1,dwell,3,xi_2,3,4001,1.0,static_lti_mh,2,context,0.16276258884114772,0.05083593429741696,1.6657097076441534e-09,1.0233983862654366e-08
dwell_r3_xi_2_p+3_Nd4001_dt1,dwell,3,xi_2,3,4001,1.0,linear,2,context,0.004007383827480095,0.004007383827480095,1.3130747444586554e-10,3.276638328114273e-08
dwell_r3_xi_2_p+3_Nd4001_dt1,dwell,3,xi_2,3,4001,1.0,atomic,2,zerofill,0.6430995892569144,0.09992272351100621,3.273947548386826e-09,5.090887326129054e-09
dwell_r3_xi_2_p+3_Nd4001_dt1,dwell,3,xi_2,3,4001,1.0,static,2,zerofill,0.1624915075339287,0.04950861859621518,1.622139737406612e-09,9.982920104719347e-09
dwell_r3_xi_2_p+3_Nd4001_dt1,dwell,3,xi_2,3,4001,1.0,static_lti,2,zerofill,0.16145613296448943,0.05044166395189298,1.6527107771803486e-09,1.023628366934717e-08
dwell_r3_xi_2_p+3_Nd4001_dt1,dwell,3,xi_2,3,4001,1.0,static_mh,2,zerofill,0.21661489094279307,0.06581834817154496,2.156524682910239e-09,9.955569875755987e-09
dwell_r3_xi_2_p+3_Nd4001_dt1,dwell,3,xi_2,3,4001,1.0,static_lti_mh,2,zerofill,0.16283061723795486,0.05085667168278786,1.6663084203928579e-09,1.0233385149905648e-08
dwell_r3_xi_2_p+3_Nd4001_dt1,dwell,3,xi_2,3,4001,1.0,linear,2,zerofill,0.004056054331407964,0.004056054331407964,1.3289578854377597e-10,3.276479496704481e-08
dwell_r3_xi_2_p+3_Nd4001_dt1,dwell,3,xi_2,3,4001,1.0,atomic,4,context,0.6378978758130069,0.09942331660476363,3.257779667936651e-09,5.107055206579235e-09
dwell_r3_xi_2_p+3_Nd4001_dt1,dwell,3,xi_2,3,4001,1.0,static,4,context,0.16187342437408667,0.04934358030921347,1.616829111762431e-09,9.988230730363541e-09
dwell_r3_xi_2_p+3_Nd4001_dt1,dwell,3,xi_2,3,4001,1.0,static_lti,4,context,0.1607241786970432,0.05024164448775607,1.6462557625850825e-09,1.0242738683942445e-08
dwell_r3_xi_2_p+3_Nd4001_dt1,dwell,3,xi_2,3,4001,1.0,static_mh,4,context,0.21570940116361764,0.06558810581239122,2.1491095335663772e-09,9.962985025099843e-09
dwell_r3_xi_2_p+3_Nd4001_dt1,dwell,3,xi_2,3,4001,1.0,static_lti_mh,4,context,0.16210763276835818,0.05065932818756407,1.6599419029325457e-09,1.0239751667365968e-08
dwell_r3_xi_2_p+3_Nd4001_dt1,dwell,3,xi_2,3,4001,1.0,linear,4,context,0.003995928806962149,0.003995928806962149,1.3093362871401063e-10,3.276675712687463e-08
dwell_r3_xi_2_p+3_Nd4001_dt1,dwell,3,xi_2,3,4001,1.0,atomic,8,context,0.6300480334343765,0.09866829245053067,3.233185559316338e-09,5.131649315199544e-09
dwell_r3_xi_2_p+3_Nd4001_dt1,dwell,3,xi_2,3,4001,1.0,static,8,context,0.16070217337715653,0.04903377376094162,1.6067501048743256e-09,9.998309737251641e-09
dwell_r3_xi_2_p+3_Nd4001_dt1,dwell,3,xi_2,3,4001,1.0,static_lti,8,context,0.1594700052899513,0.04990126976184382,1.635176415629505e-09,1.0253818030898017e-08
dwell_r3_xi_2_p+3_Nd4001_dt1,dwell,3,xi_2,3,4001,1.0,static_mh,8,context,0.21388376603105452,0.06512788183465192,2.1341255820579965e-09,9.977968976608236e-09
dwell_r3_xi_2_p+3_Nd4001_dt1,dwell,3,xi_2,3,4001,1.0,static_lti_mh,8,context,0.16085037348860004,0.05031860449954023,1.6488517373950822e-09,1.0250841832903431e-08
dwell_r3_xi_2_p+3_Nd4001_dt1,dwell,3,xi_2,3,4001,1.0,linear,8,context,0.003950720695999115,0.003950720695999115,1.2945813478631686e-10,3.276823262080227e-08
dwell_r3_xi_2_p+3_Nd4001_dt1,dwell,3,xi_2,3,4001,1.0,atomic,16,context,0.6191755864110895,0.09761249439476692,3.1987275389571866e-09,5.166107335558696e-09
dwell_r3_xi_2_p+3_Nd4001_dt1,dwell,3,xi_2,3,4001,1.0,static,16,context,0.1585440715261765,0.04846330117117386,1.5881255473102702e-09,1.0016934294815697e-08
dwell_r3_xi_2_p+3_Nd4001_dt1,dwell,3,xi_2,3,4001,1.0,static_lti,16,context,0.15732553331043708,0.049319306773829126,1.6161765536050324e-09,1.0272817892922497e-08
dwell_r3_xi_2_p+3_Nd4001_dt1,dwell,3,xi_2,3,4001,1.0,static_mh,16,context,0.21129886685228555,0.06447528511939406,2.1128327000788014e-09,9.999261858587424e-09
dwell_r3_xi_2_p+3_Nd4001_dt1,dwell,3,xi_2,3,4001,1.0,static_lti_mh,16,context,0.15867003457458617,0.04972778103756973,1.6295621133582559e-09,1.0270131456940259e-08
dwell_r3_xi_2_p+3_Nd4001_dt1,dwell,3,xi_2,3,4001,1.0,linear,16,context,0.003907214781900284,0.003907214781900284,1.2803807136553484e-10,3.2769652684223107e-08
dwell_r3_xi_4_p+0_Nd4001_dt1,dwell,3,xi_4,0,4001,1.0,atomic,2,context,0.33782755647578216,0.10104083599091257,1.648382517755398e-09,4.87936074532027e-09
dwell_r3_xi_4_p+0_Nd4001_dt1,dwell,3,xi_4,0,4001,1.0,static,2,context,0.03061243714498961,0.017584435261372842,2.868728805060115e-10,9.37112191189797e-09
dwell_r3_xi_4_p+0_Nd4001_dt1,dwell,3,xi_4,0,4001,1.0,static_lti,2,context,0.032616307276180485,0.01902858540100082,3.1043277903447256e-10,9.517716901728479e-09
dwell_r3_xi_4_p+0_Nd4001_dt1,dwell,3,xi_4,0,4001,1.0,static_mh,2,context,0.03173021103204238,0.018222117903657235,2.9727604977028994e-10,9.368864564754684e-09
dwell_r3_xi_4_p+0_Nd4001_dt1,dwell,3,xi_4,0,4001,1.0,static_lti_mh,2,context,0.03295950609613919,0.019229161775283127,3.137049866087592e-10,9.517891005214606e-09
dwell_r3_xi_4_p+0_Nd4001_dt1,dwell,3,xi_4,0,4001,1.0,linear,2,context,0.0035984471666316476,0.0035984471666316476,5.870514967904197e-11,1.6314022955071854e-08
dwell_r3_xi_4_p+0_Nd4001_dt1,dwell,3,xi_4,0,4001,1.0,atomic,2,zerofill,0.33787053461980837,0.10105309651383168,1.6485392637658981e-09,4.879203999309767e-09
dwell_r3_xi_4_p+0_Nd4001_dt1,dwell,3,xi_4,0,4001,1.0,static,2,zerofill,0.030615383341347037,0.017586538962440636,2.8689966951545977e-10,9.371095122888523e-09
dwell_r3_xi_4_p+0_Nd4001_dt1,dwell,3,xi_4,0,4001,1.0,static_lti,2,zerofill,0.03264359039318557,0.01904449928231574,3.1068424332115024e-10,9.517465437441782e-09
dwell_r3_xi_4_p+0_Nd4001_dt1,dwell,3,xi_4,0,4001,1.0,static_mh,2,zerofill,0.0317331416181313,0.018224227479841627,2.973026615587991e-10,9.368837952966179e-09
dwell_r3_xi_4_p+0_Nd4001_dt1,dwell,3,xi_4,0,4001,1.0,static_lti_mh,2,zerofill,0.03298728934134077,0.01924535854797492,3.139609799809222e-10,9.51763501184245e-09
dwell_r3_xi_4_p+0_Nd4001_dt1,dwell,3,xi_4,0,4001,1.0,linear,2,zerofill,0.0036247905825218772,0.0036247905825218772,5.913336458124529e-11,1.6313594740169626e-08
dwell_r3_xi_4_p+0_Nd4001_dt1,dwell,3,xi_4,0,4001,1.0,atomic,4,context,0.3357922416084663,0.10058467625647943,1.6409479518411733e-09,4.8867953112344936e-09
dwell_r3_xi_4_p+0_Nd4001_dt1,dwell,3,xi_4,0,4001,1.0,static,4,context,0.03049490320642198,0.0175188419371271,2.8580404953588657e-10,9.372190742868092e-09
dwell_r3_xi_4_p+0_Nd4001_dt1,dwell,3,xi_4,0,4001,1.0,static_lti,4,context,0.03249886027791217,0.01896213910095993,3.093501364055264e-10,9.518799544357438e-09
dwell_r3_xi_4_p+0_Nd4001_dt1,dwell,3,xi_4,0,4001,1.0,static_mh,4,context,0.03162221263127746,0.018161917339885248,2.9629524267095864e-10,9.369845371854014e-09
dwell_r3_xi_4_p+0_Nd4001_dt1,dwell,3,xi_4,0,4001,1.0,static_lti_mh,4,context,0.03284067762724154,0.019161954996032987,3.126099518761192e-10,9.51898603994722e-09
dwell_r3_xi_4_p+0_Nd4001_dt1,dwell,3,xi_4,0,4001,1.0,linear,4,context,0.0035940225915991135,0.0035940225915991135,5.863322555731307e-11,1.631409487919356e-08
dwell_r3_xi_4_p+0_Nd4001_dt1,dwell,3,xi_4,0,4001,1.0,atomic,8,context,0.3332558734236859,0.10001215175959294,1.6316513776426149e-09,4.896091885433058e-09
dwell_r3_xi_4_p+0_Nd4001_dt1,dwell,3,xi_4,0,4001,1.0,static,8,context,0.030336013336200493,0.017429783502682872,2.8435874805020574e-10,9.373636044353775e-09
dwell_r3_xi_4_p+0_Nd4001_dt1,dwell,3,xi_4,0,4001,1.0,static_lti,8,context,0.03232587382428694,0.0188638625054586,3.0775507479010035e-10,9.52039460597285e-09
dwell_r3_xi_4_p+0_Nd4001_dt1,dwell,3,xi_4,0,4001,1.0,static_mh,8,context,0.03146621971180196,0.01807457395489994,2.9487820204795327e-10,9.371262412477021e-09
dwell_r3_xi_4_p+0_Nd4001_dt1,dwell,3,xi_4,0,4001,1.0,static_lti_mh,8,context,0.03266553695389474,0.019062486142533558,3.1099552632887706e-10,9.520600465494468e-09
dwell_r3_xi_4_p+0_Nd4001_dt1,dwell,3,xi_4,0,4001,1.0,linear,8,context,0.003567177626320155,0.003567177626320155,5.819683094382493e-11,1.631453127380704e-08
dwell_r3_xi_4_p+0_Nd4001_dt1,dwell,3,xi_4,0,4001,1.0,atomic,16,context,0.3276769926788795,0.09874785899522537,1.6110780658393172e-09,4.91666519723635e-09
dwell_r3_xi_4_p+0_Nd4001_dt1,dwell,3,xi_4,0,4001,1.0,static,16,context,0.030079625840124156,0.017286206736370706,2.820256438762613e-10,9.37596914852772e-09
dwell_r3_xi_4_p+0_Nd4001_dt1,dwell,3,xi_4,0,4001,1.0,static_lti,16,context,0.032051066283486064,0.01870786213591402,3.0522004884555796e-10,9.522929631917395e-09
dwell_r3_xi_4_p+0_Nd4001_dt1,dwell,3,xi_4,0,4001,1.0,static_mh,16,context,0.031182533074688178,0.017915958818895544,2.9230009212654136e-10,9.37384052239843e-09
dwell_r3_xi_4_p+0_Nd4001_dt1,dwell,3,xi_4,0,4001,1.0,static_lti_mh,16,context,0.032378885316021885,0.01889983040447466,3.0835202426216074e-10,9.523243967561181e-09
dwell_r3_xi_4_p+0_Nd4001_dt1,dwell,3,xi_4,0,4001,1.0,linear,16,context,0.0035341430912099537,0.0035341430912099537,5.765978598139755e-11,1.631506831876948e-08
dwell_r3_xi_4_p+3_Nd4001_dt1,dwell,3,xi_4,3,4001,1.0,atomic,2,context,0.6640530347479625,0.10098336216215546,3.2870847018001403e-09,4.9500334006420654e-09
dwell_r3_xi_4_p+3_Nd4001_dt1,dwell,3,xi_4,3,4001,1.0,static,2,context,0.16634350678921908,0.05078129134099321,1.652969383576244e-09,9.937083902353892e-09
dwell_r3_xi_4_p+3_Nd4001_dt1,dwell,3,xi_4,3,4001,1.0,static_lti,2,context,0.16425109007414487,0.05149822925086516,1.676306253979672e-09,1.02057542097466e-08
dwell_r3_xi_4_p+3_Nd4001_dt1,dwell,3,xi_4,3,4001,1.0,static_mh,2,context,0.202562403238833,0.06173538171057093,2.0095332977204015e-09,9.920564061194729e-09
dwell_r3_xi_4_p+3_Nd4001_dt1,dwell,3,xi_4,3,4001,1.0,static_lti_mh,2,context,0.16624323816786324,0.052120291859504425,1.6965548616774092e-09,1.0205256348317289e-08
dwell_r3_xi_4_p+3_Nd4001_dt1,dwell,3,xi_4,3,4001,1.0,linear,2,context,0.0035984471666316007,0.0035984471666316007,1.171321728491984e-10,3.255075520779213e-08
dwell_r3_xi_4_p+3_Nd4001_dt1,dwell,3,xi_4,3,4001,1.0,atomic,2,zerofill,0.6642218522904311,0.10100143927842987,3.2875868298503684e-09,4.949531272591843e-09
dwell_r3_xi_4_p+3_Nd4001_dt1,dwell,3,xi_4,3,4001,1.0,static,2,zerofill,0.1663581061743034,0.05078644560418087,1.653093766742734e-09,9.936959519187409e-09
dwell_r3_xi_4_p+3_Nd4001_dt1,dwell,3,xi_4,3,4001,1.0,static_lti,2,zerofill,0.16428673870652294,0.05150918118333731,1.6766187381537744e-09,1.020544172557249e-08
dwell_r3_xi_4_p+3_Nd4001_dt1,dwell,3,xi_4,3,4001,1.0,static_mh,2,zerofill,0.20257709070716562,0.061740724580223554,2.0096544608222266e-09,9.920442898092921e-09
dwell_r3_xi_4_p+3_Nd4001_dt1,dwell,3,xi_4,3,4001,1.0,static_lti_mh,2,zerofill,0.16627975709243747,0.05213147720485065,1.6968744119264596e-09,1.0204936798068216e-08
dwell_r3_xi_4_p+3_Nd4001_dt1,dwell,3,xi_4,3,4001,1.0,linear,2,zerofill,0.0036247905825217766,0.0036247905825217766,1.1798657390627128e-10,3.2549900806735075e-08
dwell_r3_xi_4_p+3_Nd4001_dt1,dwell,3,xi_4,3,4001,1.0,atomic,4,context,0.6600609970172047,0.10061722472220541,3.275181090945252e-09,4.961937011496959e-09
dwell_r3_xi_4_p+3_Nd4001_dt1,dwell,3,xi_4,3,4001,1.0,static,4,context,0.16564815774149788,0.05059895848361475,1.6470415726988903e-09,9.943011713231244e-09
dwell_r3_xi_4_p+3_Nd4001_dt1,dwell,3,xi_4,3,4001,1.0,static_lti,4,context,0.16349446918684074,0.05129411211698391,1.66966944821025e-09,1.0212391015516e-08
dwell_r3_xi_4_p+3_Nd4001_dt1,dwell,3,xi_4,3,4001,1.0,static_mh,4,context,0.20190499271127074,0.061568407887570696,2.004107009209468e-09,9.925990349705676e-09
dwell_r3_xi_4_p+3_Nd4001_dt1,dwell,3,xi_4,3,4001,1.0,static_lti_mh,4,context,0.16547396723108473,0.05191312529847799,1.689818883584488e-09,1.0211992326410186e-08
dwell_r3_xi_4_p+3_Nd4001_dt1,dwell,3,xi_4,3,4001,1.0,linear,4,context,0.003594022591599074,0.003594022591599074,1.169886653595759e-10,3.2550898715281755e-08
dwell_r3_xi_4_p+3_Nd4001_dt1,dwell,3,xi_4,3,4001,1.0,atomic,8,context,0.654976661295251,0.10014623889943629,3.259937278638019e-09,4.977180823804196e-09
dwell_r3_xi_4_p+3_Nd4001_dt1,dwell,3,xi_4,3,4001,1.0,static,8,context,0.1646297593227988,0.05033050545412538,1.6383470091907867e-09,9.951706276739358e-09
dwell_r3_xi_4_p+3_Nd4001_dt1,dwell,3,xi_4,3,4001,1.0,static_lti,8,context,0.16249145970744752,0.0510220526221377,1.66085809315874e-09,1.0221202370567525e-08
dwell_r3_xi_4_p+3_Nd4001_dt1,dwell,3,xi_4,3,4001,1.0,static_mh,8,context,0.20067441066764138,0.061254236146609825,1.9939337720845133e-09,9.936163586830624e-09
dwell_r3_xi_4_p+3_Nd4001_dt1,dwell,3,xi_4,3,4001,1.0,static_lti_mh,8,context,0.164442938287077,0.051633964645333534,1.6807769122535441e-09,1.0221034297741142e-08
dwell_r3_xi_4_p+3_Nd4001_dt1,dwell,3,xi_4,3,4001,1.0,linear,8,context,0.003567177626320163,0.003567177626320163,1.1611794363282912e-10,3.255176943700847e-08
dwell_r3_xi_4_p+3_Nd4001_dt1,dwell,3,xi_4,3,4001,1.0,atomic,16,context,0.6441720018982268,0.09913819158766651,3.2272297860542007e-09,5.0098883163880095e-09
dwell_r3_xi_4_p+3_Nd4001_dt1,dwell,3,xi_4,3,4001,1.0,static,16,context,0.16307062746326487,0.04991903602129085,1.6250064416049364e-09,9.965046844325191e-09
dwell_r3_xi_4_p+3_Nd4001_dt1,dwell,3,xi_4,3,4001,1.0,static_lti,16,context,0.16093632792925386,0.05059977058928737,1.647166285748275e-09,1.0234894177977977e-08
dwell_r3_xi_4_p+3_Nd4001_dt1,dwell,3,xi_4,3,4001,1.0,static_mh,16,context,0.19841915190484719,0.06067781580904027,1.9752352892021762e-09,9.954862069712955e-09
dwell_r3_xi_4_p+3_Nd4001_dt1,dwell,3,xi_4,3,4001,1.0,static_lti_mh,16,context,0.16285005144034378,0.05120216726616511,1.6667760089791126e-09,1.0235035201015556e-08
dwell_r3_xi_4_p+3_Nd4001_dt1,dwell,3,xi_4,3,4001,1.0,linear,16,context,0.003534143091209943,0.003534143091209943,1.150463980578532e-10,3.2552840982583453e-08
dwell_r3_xi_4_p+6_Nd4001_dt1,dwell,3,xi_4,6,4001,1.0,atomic,2,context,0.8408682342441455,0.06883186503321928,4.47044345678281e-09,5.316461336895764e-09
dwell_r3_xi_4_p+6_Nd4001_dt1,dwell,3,xi_4,6,4001,1.0,static,2,context,0.6765976259283547,0.08885997308187371,5.7712149023136795e-09,8.529759315065638e-09
dwell_r3_xi_4_p+6_Nd4001_dt1,dwell,3,xi_4,6,4001,1.0,static_lti,2,context,0.6827644960891471,0.09103782236122353,5.91266032233869e-09,8.659882516162184e-09
dwell_r3_xi_4_p+6_Nd4001_dt1,dwell,3,xi_4,6,4001,1.0,static_mh,2,context,0.776416816415975,0.10173182935923081,6.607207151600964e-09,8.509871259744933e-09
dwell_r3_xi_4_p+6_Nd4001_dt1,dwell,3,xi_4,6,4001,1.0,static_lti_mh,2,context,0.6883080246653256,0.09175477698413682,5.9592245858707925e-09,8.657787461897357e-09
dwell_r3_xi_4_p+6_Nd4001_dt1,dwell,3,xi_4,6,4001,1.0,linear,2,context,0.003598447166631478,0.003598447166631478,2.337094103564196e-10,6.494729518988491e-08
dwell_r3_xi_4_p+6_Nd4001_dt1,dwell,3,xi_4,6,4001,1.0,atomic,2,zerofill,0.8414435557317976,0.06885924735942303,4.4721044767124575e-09,5.31480031696612e-09
dwell_r3_xi_4_p+6_Nd4001_dt1,dwell,3,xi_4,6,4001,1.0,static,2,zerofill,0.6766743308429943,0.08886831400176999,5.7716051238660245e-09,8.529369093513293e-09
dwell_r3_xi_4_p+6_Nd4001_dt1,dwell,3,xi_4,6,4001,1.0,static_lti,2,zerofill,0.6829127494843145,0.09105195842543981,5.9134232002627835e-09,8.659119638238072e-09
dwell_r3_xi_4_p+6_Nd4001_dt1,dwell,3,xi_4,6,4001,1.0,static_mh,2,zerofill,0.7764616615042984,0.10173780746160575,6.607421975222842e-09,8.50965643612304e-09
dwell_r3_xi_4_p+6_Nd4001_dt1,dwell,3,xi_4,6,4001,1.0,static_lti_mh,2,zerofill,0.6884619324679139,0.09176933685996973,5.960013766259134e-09,8.656998281509055e-09
dwell_r3_xi_4_p+6_Nd4001_dt1,dwell,3,xi_4,6,4001,1.0,linear,2,zerofill,0.0036247905825217,0.0036247905825217,2.3541416458746896e-10,6.494559043565371e-08
dwell_r3_xi_4_p+6_Nd4001_dt1,dwell,3,xi_4,6,4001,1.0,atomic,4,context,0.8323047893367127,0.06844899196414687,4.4455964858934986e-09,5.341308307785085e-09
dwell_r3_xi_4_p+6_Nd4001_dt1,dwell,3,xi_4,6,4001,1.0,static,4,context,0.6726403693317231,0.0885488640267834,5.7510345653230675e-09,8.54993965205626e-09
dwell_r3_xi_4_p+6_Nd4001_dt1,dwell,3,xi_4,6,4001,1.0,static_lti,4,context,0.6780335132603106,0.09066149725722825,5.8882449842897464e-09,8.684297854211127e-09
dwell_r3_xi_4_p+6_Nd4001_dt1,dwell,3,xi_4,6,4001,1.0,static_mh,4,context,0.7724534371595276,0.10143839219857141,6.5881782470786766e-09,8.528900164267223e-09
dwell_r3_xi_4_p+6_Nd4001_dt1,dwell,3,xi_4,6,4001,1.0,static_lti_mh,4,context,0.6834656054561514,0.09137092835276299,5.934320818203339e-09,8.682691229564825e-09
dwell_r3_xi_4_p+6_Nd4001_dt1,dwell,3,xi_4,6,4001,1.0,linear,4,context,0.003594022591598896,0.003594022591598896,2.3342307527045606e-10,6.494758152497078e-08
dwell_r3_xi_4_p+6_Nd4001_dt1,dwell,3,xi_4,6,4001,1.0,atomic,8,context,0.8261805825360024,0.06817137061594701,4.427684086114392e-09,5.359220707564194e-09
dwell_r3_xi_4_p+6_Nd4001_dt1,dwell,3,xi_4,6,4001,1.0,static,8,context,0.6665783358340467,0.08806766578338923,5.719934904743394e-09,8.581039312635935e-09
dwell_r3_xi_4_p+6_Nd4001_dt1,dwell,3,xi_4,6,4001,1.0,static_lti,8,context,0.6719331122513723,0.09017120724408692,5.856558489774178e-09,8.715984348726694e-09
dwell_r3_xi_4_p+6_Nd4001_dt1,dwell,3,xi_4,6,4001,1.0,static_mh,8,context,0.7652353609932673,0.10089872460550525,6.553303435277105e-09,8.563774976068784e-09
dwell_r3_xi_4_p+6_Nd4001_dt1,dwell,3,xi_4,6,4001,1.0,static_lti_mh,8,context,0.6772192099932963,0.0908706103361608,5.901984244201218e-09,8.715027803566943e-09
dwell_r3_xi_4_p+6_Nd4001_dt1,dwell,3,xi_4,6,4001,1.0,linear,8,context,0.0035671776263199186,0.0035671776263199186,2.3168575702224946e-10,6.494931884321898e-08
dwell_r3_xi_4_p+6_Nd4001_dt1,dwell,3,xi_4,6,4001,1.0,atomic,16,context,0.8146003197487345,0.06764256380685019,4.3934830648464404e-09,5.393421728832148e-09
dwell_r3_xi_4_p+6_Nd4001_dt1,dwell,3,xi_4,6,4001,1.0,static,16,context,0.6575572215735086,0.08734574407210033,5.673233327804784e-09,8.627740889574538e-09
dwell_r3_xi_4_p+6_Nd4001_dt1,dwell,3,xi_4,6,4001,1.0,static_lti,16,context,0.6627119813914419,0.08942403043460787,5.808221054817188e-09,8.76432178368368e-09
dwell_r3_xi_4_p+6_Nd4001_dt1,dwell,3,xi_4,6,4001,1.0,static_mh,16,context,0.7535774144663167,0.10001885982578267,6.496370658933019e-09,8.620707752412866e-09
dwell_r3_xi_4_p+6_Nd4001_dt1,dwell,3,xi_4,6,4001,1.0,static_lti_mh,16,context,0.6679851933661604,0.09012480811233639,5.8537375859190274e-09,8.763274461849132e-09
dwell_r3_xi_4_p+6_Nd4001_dt1,dwell,3,xi_4,6,4001,1.0,linear,16,context,0.003534143091209678,0.003534143091209678,2.2954774251772702e-10,6.495145685772352e-08
dwell_r4_xi_0.05_p+0_Nd4001_dt1,dwell,4,xi_0.05,0,4001,1.0,atomic,2,context,0.1747953196476267,0.07807610432051074,1.470975320759299e-09,8.415415948920525e-09
dwell_r4_xi_0.05_p+0_Nd4001_dt1,dwell,4,xi_0.05,0,4001,1.0,static,2,context,0.01204697964746198,0.0058247689461248,1.097402520712586e-10,9.109358136450272e-09
dwell_r4_xi_0.05_p+0_Nd4001_dt1,dwell,4,xi_0.05,0,4001,1.0,static_lti,2,context,0.013990246942811136,0.00787756604729598,1.4841551514474905e-10,1.0608498602736394e-08
dwell_r4_xi_0.05_p+0_Nd4001_dt1,dwell,4,xi_0.05,0,4001,1.0,static_mh,2,context,0.11929837207580492,0.05751796868118103,1.0836543801276343e-09,9.083563851475321e-09
dwell_r4_xi_0.05_p+0_Nd4001_dt1,dwell,4,xi_0.05,0,4001,1.0,static_lti_mh,2,context,0.01675278470115843,0.00943217103689722,1.7770470154991586e-10,1.0607472412489599e-08
dwell_r4_xi_0.05_p+0_Nd4001_dt1,dwell,4,xi_0.05,0,4001,1.0,linear,2,context,0.009572880114212584,0.009572880114212584,1.8035569934160945e-10,1.8840275569088185e-08
dwell_r4_xi_0.05_p+0_Nd4001_dt1,dwell,4,xi_0.05,0,4001,1.0,atomic,2,zerofill,0.17533907943391078,0.07829287230979046,1.4748686353422544e-09,8.411522634337574e-09
dwell_r4_xi_0.05_p+0_Nd4001_dt1,dwell,4,xi_0.05,0,4001,1.0,static,2,zerofill,0.012064204419585596,0.005833751947927847,1.0989528830058823e-10,9.109203100220936e-09
dwell_r4_xi_0.05_p+0_Nd4001_dt1,dwell,4,xi_0.05,0,4001,1.0,static_lti,2,zerofill,0.014076895003650926,0.007926702723276792,1.4932196103349556e-10,1.0607592156847659e-08
dwell_r4_xi_0.05_p+0_Nd4001_dt1,dwell,4,xi_0.05,0,4001,1.0,static_mh,2,zerofill,0.11934786902076196,0.057546726460618945,1.0840560503075791e-09,9.083162181295377e-09
dwell_r4_xi_0.05_p+0_Nd4001_dt1,dwell,4,xi_0.05,0,4001,1.0,static_lti_mh,2,zerofill,0.01682453817644469,0.009473125731496357,1.7845323089890638e-10,1.0606723883140582e-08
dwell_r4_xi_0.05_p+0_Nd4001_dt1,dwell,4,xi_0.05,0,4001,1.0,linear,2,zerofill,0.009703386095269039,0.009703386095269039,1.8279083888890419e-10,1.8837840429540908e-08
dwell_r4_xi_0.05_p+0_Nd4001_dt1,dwell,4,xi_0.05,0,4001,1.0,atomic,4,context,0.17421132247795362,0.07785054456323202,1.4667898909293266e-09,8.419601378750502e-09
dwell_r4_xi_0.05_p+0_Nd4001_dt1,dwell,4,xi_0.05,0,4001,1.0,static,4,context,0.01182660768420199,0.0057192132645604915,1.0775626872735098e-10,9.11134211979417e-09
dwell_r4_xi_0.05_p+0_Nd4001_dt1,dwell,4,xi_0.05,0,4001,1.0,static_lti,4,context,0.013753878245978764,0.00774593939582557,1.4594201832872155e-10,1.0610972099552413e-08
dwell_r4_xi_0.05_p+0_Nd4001_dt1,dwell,4,xi_0.05,0,4001,1.0,static_mh,4,context,0.11857113375133174,0.057202005714903435,1.0777487067589322e-09,9.089469524844004e-09
dwell_r4_xi_0.05_p+0_Nd4001_dt1,dwell,4,xi_0.05,0,4001,1.0,static_lti_mh,4,context,0.016490788985529144,0.009286648655186249,1.749706754713304e-10,1.0610206438568171e-08
dwell_r4_xi_0.05_p+0_Nd4001_dt1,dwell,4,xi_0.05,0,4001,1.0,linear,4,context,0.009528707104408648,0.009528707104408648,1.7953132290578818e-10,1.8841099945524027e-08
dwell_r4_xi_0.05_p+0_Nd4001_dt1,dwell,4,xi_0.05,0,4001,1.0,atomic,8,context,0.17312273343173998,0.07743165415910773,1.4589769949950884e-09,8.42741427468475e-09
dwell_r4_xi_0.05_p+0_Nd4001_dt1,dwell,4,xi_0.05,0,4001,1.0,static,8,context,0.011660252425522799,0.005639385822228322,1.0625801902186037e-10,9.11284036949965e-09
dwell_r4_xi_0.05_p+0_Nd4001_dt1,dwell,4,xi_0.05,0,4001,1.0,static_lti,8,context,0.013546938322253838,0.0076305366350837124,1.4377553380402503e-10,1.0613138584077109e-08
dwell_r4_xi_0.05_p+0_Nd4001_dt1,dwell,4,xi_0.05,0,4001,1.0,static_mh,8,context,0.11778609055335336,0.05686009026606726,1.0713649931986967e-09,9.09585323840426e-09
dwell_r4_xi_0.05_p+0_Nd4001_dt1,dwell,4,xi_0.05,0,4001,1.0,static_lti_mh,8,context,0.016285040813033547,0.009172140376556165,1.7282262596074233e-10,1.0612354488078759e-08
dwell_r4_xi_0.05_p+0_Nd4001_dt1,dwell,4,xi_0.05,0,4001,1.0,linear,8,context,0.009473725300190427,0.009473725300190427,1.785051271341721e-10,1.884212614129566e-08
dwell_r4_xi_0.05_p+0_Nd4001_dt1,dwell,4,xi_0.05,0,4001,1.0,atomic,16,context,0.17061309281560688,0.076464998013522,1.4409097264137506e-09,8.44548154326608e-09
dwell_r4_xi_0.05_p+0_Nd4001_dt1,dwell,4,xi_0.05,0,4001,1.0,static,16,context,0.011505654742168681,0.0055649002139346974,1.0486522007575911e-10,9.114233168445766e-09
dwell_r4_xi_0.05_p+0_Nd4001_dt1,dwell,4,xi_0.05,0,4001,1.0,static_lti,16,context,0.013383920849165853,0.007539160002312069,1.420682568303988e-10,1.0614845861050735e-08
dwell_r4_xi_0.05_p+0_Nd4001_dt1,dwell,4,xi_0.05,0,4001,1.0,static_mh,16,context,0.11636755075292828,0.056240962334993115,1.0598071242613552e-09,9.10741110734159e-09
dwell_r4_xi_0.05_p+0_Nd4001_dt1,dwell,4,xi_0.05,0,4001,1.0,static_lti_mh,16,context,0.01607554232220793,0.009055091133387639,1.706345285636945e-10,1.0614542585475793e-08
dwell_r4_xi_0.05_p+0_Nd4001_dt1,dwell,4,xi_0.05,0,4001,1.0,linear,16,context,0.0093710282435781,0.0093710282435781,1.765880611189165e-10,1.88440432073109e-08
dwell_r4_xi_0.05_p+3_Nd4001_dt1,dwell,4,xi_0.05,3,4001,1.0,atomic,2,context,0.31787661533153266,0.08147549865871141,3.062769248429372e-09,9.635088272331785e-09
dwell_r4_xi_0.05_p+3_Nd4001_dt1,dwell,4,xi_0.05,3,4001,1.0,static,2,context,0.03788368533311861,0.011128565363440732,4.1833714841140413e-10,1.1042672980014597e-08
dwell_r4_xi_0.05_p+3_Nd4001_dt1,dwell,4,xi_0.05,3,4001,1.0,static_lti,2,context,0.045292624927234106,0.014159575584884605,5.322767382358208e-10,1.1751951649765544e-08
dwell_r4_xi_0.05_p+3_Nd4001_dt1,dwell,4,xi_0.05,3,4001,1.0,static_mh,2,context,1.6608578940194674,0.4821737616679375,1.8125534595647095e-08,1.091335668205858e-08
dwell_r4_xi_0.05_p+3_Nd4001_dt1,dwell,4,xi_0.05,3,4001,1.0,static_lti_mh,2,context,0.07131494275943621,0.022279298661980293,8.375076181407454e-10,1.1743788689081273e-08
dwell_r4_xi_0.05_p+3_Nd4001_dt1,dwell,4,xi_0.05,3,4001,1.0,linear,2,context,0.009572880114212463,0.009572880114212463,3.5985693018616616e-10,3.759129184663049e-08
dwell_r4_xi_0.05_p+3_Nd4001_dt1,dwell,4,xi_0.05,3,4001,1.0,atomic,2,zerofill,0.3188805663518203,0.08168116428785345,3.0701036173998144e-09,9.627753903361344e-09
dwell_r4_xi_0.05_p+3_Nd4001_dt1,dwell,4,xi_0.05,3,4001,1.0,static,2,zerofill,0.03796851024761584,0.011154013394133695,4.1923957828485747e-10,1.1041770550141161e-08
dwell_r4_xi_0.05_p+3_Nd4001_dt1,dwell,4,xi_0.05,3,4001,1.0,static_lti,2,zerofill,0.04539631841808081,0.014192419374296555,5.334424214024402e-10,1.1750785966598922e-08
dwell_r4_xi_0.05_p+3_Nd4001_dt1,dwell,4,xi_0.05,3,4001,1.0,static_mh,2,zerofill,1.6620887164653104,0.4823703371693169,1.8130580409590366e-08,1.0908310868115306e-08
dwell_r4_xi_0.05_p+3_Nd4001_dt1,dwell,4,xi_0.05,3,4001,1.0,static_lti_mh,2,zerofill,0.07140739708878441,0.022309140526085718,8.385210180017194e-10,1.1742775289220304e-08
dwell_r4_xi_0.05_p+3_Nd4001_dt1,dwell,4,xi_0.05,3,4001,1.0,linear,2,zerofill,0.009703386095268782,0.009703386095268782,3.647156723565679e-10,3.7586433104460046e-08
dwell_r4_xi_0.05_p+3_Nd4001_dt1,dwell,4,xi_0.05,3,4001,1.0,atomic,4,context,0.31643991489747453,0.0811922194953143,3.052253967521836e-09,9.645603553239344e-09
dwell_r4_xi_0.05_p+3_Nd4001_dt1,dwell,4,xi_0.05,3,4001,1.0,static,4,context,0.03680128099743692,0.010821415035822067,4.0680877037971035e-10,1.105420135804629e-08
dwell_r4_xi_0.05_p+3_Nd4001_dt1,dwell,4,xi_0.05,3,4001,1.0,static_lti,4,context,0.04413884431414891,0.01381351914498387,5.192907507368868e-10,1.1764937637264457e-08
dwell_r4_xi_0.05_p+3_Nd4001_dt1,dwell,4,xi_0.05,3,4001,1.0,static_mh,4,context,1.6445867624053407,0.4803665387999882,1.805838888295956e-08,1.0980502394746087e-08
dwell_r4_xi_0.05_p+3_Nd4001_dt1,dwell,4,xi_0.05,3,4001,1.0,static_lti_mh,4,context,0.07001666349857706,0.021899288641553775,8.232585715426333e-10,1.1758037735679368e-08
dwell_r4_xi_0.05_p+3_Nd4001_dt1,dwell,4,xi_0.05,3,4001,1.0,linear,4,context,0.00952870710440858,0.00952870710440858,3.5821208295042447e-10,3.759293669386616e-08
dwell_r4_xi_0.05_p+3_Nd4001_dt1,dwell,4,xi_0.05,3,4001,1.0,atomic,8,context,0.31401999717994006,0.0807153015475981,3.0344904882864398e-09,9.663367032474728e-09
dwell_r4_xi_0.05_p+3_Nd4001_dt1,dwell,4,xi_0.05,3,4001,1.0,static,8,context,0.03608114974198155,0.010616456514139215,3.991255151597798e-10,1.1061884613266208e-08
dwell_r4_xi_0.05_p+3_Nd4001_dt1,dwell,4,xi_0.05,3,4001,1.0,static_lti,8,context,0.0433061076497138,0.013562987972867563,5.099003188650632e-10,1.1774328069136294e-08
dwell_r4_xi_0.05_p+3_Nd4001_dt1,dwell,4,xi_0.05,3,4001,1.0,static_mh,8,context,1.6221989087717026,0.4778467058101771,1.7964639366240962e-08,1.107425191146469e-08
dwell_r4_xi_0.05_p+3_Nd4001_dt1,dwell,4,xi_0.05,3,4001,1.0,static_lti_mh,8,context,0.06905507496464493,0.02161678013462159,8.126825081264961e-10,1.1768613799095523e-08
dwell_r4_xi_0.05_p+3_Nd4001_dt1,dwell,4,xi_0.05,3,4001,1.0,linear,8,context,0.009473725300190321,0.009473725300190321,3.5616455319953636e-10,3.7594984223617004e-08
dwell_r4_xi_0.05_p+3_Nd4001_dt1,dwell,4,xi_0.05,3,4001,1.0,atomic,16,context,0.30926801691524436,0.07977426452295804,2.9994173567079128e-09,9.698440164053273e-09
dwell_r4_xi_0.05_p+3_Nd4001_dt1,dwell,4,xi_0.05,3,4001,1.0,static,16,context,0.03557680423355437,0.010472091418557856,3.937381679377936e-10,1.1067271960488186e-08
dwell_r4_xi_0.05_p+3_Nd4001_dt1,dwell,4,xi_0.05,3,4001,1.0,static_lti,16,context,0.04273262101553145,0.013389376746183318,5.034246225666665e-10,1.178080376543469e-08
dwell_r4_xi_0.05_p+3_Nd4001_dt1,dwell,4,xi_0.05,3,4001,1.0,static_mh,16,context,1.5730050574306855,0.4721667692130303,1.7752908300780265e-08,1.1285982976925392e-08
dwell_r4_xi_0.05_p+3_Nd4001_dt1,dwell,4,xi_0.05,3,4001,1.0,static_lti_mh,16,context,0.06805337536624782,0.02132102174364656,8.01645030048959e-10,1.1779651277173063e-08
dwell_r4_xi_0.05_p+3_Nd4001_dt1,dwell,4,xi_0.05,3,4001,1.0,linear,16,context,0.009371028243577887,0.009371028243577887,3.523395036239859e-10,3.7598809273192584e-08
dwell_r4_xi_0.05_p+6_Nd4001_dt1,dwell,4,xi_0.05,6,4001,1.0,atomic,2,context,0.5499439119349667,0.07203244787249914,5.402756871528941e-09,9.824196166695343e-09
dwell_r4_xi_0.05_p+6_Nd4001_dt1,dwell,4,xi_0.05,6,4001,1.0,static,2,context,0.11866111352120044,0.019668489899629837,1.475225014508949e-09,1.2432253252413477e-08
dwell_r4_xi_0.05_p+6_Nd4001_dt1,dwell,4,xi_0.05,6,4001,1.0,static_lti,2,context,0.14039241637821204,0.025265975153914186,1.895061530052558e-09,1.3498318348957906e-08
dwell_r4_xi_0.05_p+6_Nd4001_dt1,dwell,4,xi_0.05,6,4001,1.0,static_mh,2,context,1.6441172432251707,0.2679671814108095,2.0098741240532324e-08,1.2224639893141546e-08
dwell_r4_xi_0.05_p+6_Nd4001_dt1,dwell,4,xi_0.05,6,4001,1.0,static_lti_mh,2,context,0.18321825550234247,0.03296190984521311,2.4722911711977612e-09,1.349369452524971e-08
dwell_r4_xi_0.05_p+6_Nd4001_dt1,dwell,4,xi_0.05,6,4001,1.0,linear,2,context,0.009572880114211698,0.009572880114211698,7.180089715807904e-10,7.500448799257909e-08
dwell_r4_xi_0.05_p+6_Nd4001_dt1,dwell,4,xi_0.05,6,4001,1.0,atomic,2,zerofill,0.5516048395451244,0.07218198764215428,5.4132732596227456e-09,9.81367977860156e-09
dwell_r4_xi_0.05_p+6_Nd4001_dt1,dwell,4,xi_0.05,6,4001,1.0,static,2,zerofill,0.11894763199334708,0.0197134808428347,1.4784084255153029e-09,1.242906984140712e-08
dwell_r4_xi_0.05_p+6_Nd4001_dt1,dwell,4,xi_0.05,6,4001,1.0,static_lti,2,zerofill,0.14077236852045658,0.025329189767631082,1.899557356840544e-09,1.3493822522169944e-08
dwell_r4_xi_0.05_p+6_Nd4001_dt1,dwell,4,xi_0.05,6,4001,1.0,static_mh,2,zerofill,1.64564509614658,0.26809595695213945,2.0105800937164023e-08,1.2217580196509861e-08
dwell_r4_xi_0.05_p+6_Nd4001_dt1,dwell,4,xi_0.05,6,4001,1.0,static_lti_mh,2,zerofill,0.1837009557886728,0.03303954362033349,2.4777937520473733e-09,1.3488191944400089e-08
dwell_r4_xi_0.05_p+6_Nd4001_dt1,dwell,4,xi_0.05,6,4001,1.0,linear,2,zerofill,0.009703386095267576,0.009703386095267576,7.277034367315112e-10,7.499479352742837e-08
dwell_r4_xi_0.05_p+6_Nd4001_dt1,dwell,4,xi_0.05,6,4001,1.0,atomic,4,context,0.5474271285942888,0.0718162732025433,5.386778495041288e-09,9.840174543183002e-09
dwell_r4_xi_0.05_p+6_Nd4001_dt1,dwell,4,xi_0.05,6,4001,1.0,static,4,context,0.11489997856872886,0.019108481542091056,1.4332845865383085e-09,1.2474193680384122e-08
dwell_r4_xi_0.05_p+6_Nd4001_dt1,dwell,4,xi_0.05,6,4001,1.0,static_lti,4,context,0.1365182785793967,0.024651429717434493,1.8490487678104015e-09,1.3544331111200077e-08
dwell_r4_xi_0.05_p+6_Nd4001_dt1,dwell,4,xi_0.05,6,4001,1.0,static_mh,4,context,1.6224020705889344,0.26660589166435034,1.9997513374419574e-08,1.2325867759254305e-08
dwell_r4_xi_0.05_p+6_Nd4001_dt1,dwell,4,xi_0.05,6,4001,1.0,static_lti_mh,4,context,0.1791737980414724,0.03234343649868336,2.4260090424835765e-09,1.3539976653963885e-08
dwell_r4_xi_0.05_p+6_Nd4001_dt1,dwell,4,xi_0.05,6,4001,1.0,linear,4,context,0.00952870710440801,0.00952870710440801,7.1472706987745e-10,7.50077698942824e-08
dwell_r4_xi_0.05_p+6_Nd4001_dt1,dwell,4,xi_0.05,6,4001,1.0,atomic,8,context,0.5428041906711574,0.0714192826085658,5.357292889323485e-09,9.869660148900821e-09
dwell_r4_xi_0.05_p+6_Nd4001_dt1,dwell,4,xi_0.05,6,4001,1.0,static,8,context,0.11244241695181571,0.018740065964783413,1.4057271155863736e-09,1.250175115133608e-08
dwell_r4_xi_0.05_p+6_Nd4001_dt1,dwell,4,xi_0.05,6,4001,1.0,static_lti,8,context,0.13386252717929348,0.024227170589183066,1.8173250134311862e-09,1.3576054865579284e-08
dwell_r4_xi_0.05_p+6_Nd4001_dt1,dwell,4,xi_0.05,6,4001,1.0,static_mh,8,context,1.597740000780628,0.265031382901383,1.988049573176274e-08,1.2442885401911122e-08
dwell_r4_xi_0.05_p+6_Nd4001_dt1,dwell,4,xi_0.05,6,4001,1.0,static_lti_mh,8,context,0.17623604036214235,0.03189084842065066,2.392191705632645e-09,1.3573793990814815e-08
dwell_r4_xi_0.05_p+6_Nd4001_dt1,dwell,4,xi_0.05,6,4001,1.0,linear,8,context,0.00947372530018975,0.00947372530018975,7.106417109267258e-10,7.50118552532331e-08
dwell_r4_xi_0.05_p+6_Nd4001_dt1,dwell,4,xi_0.05,6,4001,1.0,atomic,16,context,0.5342615260479722,0.07067949253595827,5.302339287759831e-09,9.924613750464462e-09
dwell_r4_xi_0.05_p+6_Nd4001_dt1,dwell,4,xi_0.05,6,4001,1.0,static,16,context,0.11075988484755092,0.018485730078733737,1.386789991588111e-09,1.2520688275334326e-08
dwell_r4_xi_0.05_p+6_Nd4001_dt1,dwell,4,xi_0.05,6,4001,1.0,static_lti,16,context,0.13193068282541795,0.02391585290169736,1.7941550213654995e-09,1.3599224857644981e-08
dwell_r4_xi_0.05_p+6_Nd4001_dt1,dwell,4,xi_0.05,6,4001,1.0,static_mh,16,context,1.5488273645030524,0.26182148620035467,1.964171364067911e-08,1.2681667492994763e-08
dwell_r4_xi_0.05_p+6_Nd4001_dt1,dwell,4,xi_0.05,6,4001,1.0,static_lti_mh,16,context,0.17353817052302728,0.0314716446681216,2.3609866453031104e-09,1.3604999051144337e-08
dwell_r4_xi_0.05_p+6_Nd4001_dt1,dwell,4,xi_0.05,6,4001,1.0,linear,16,context,0.009371028243577315,0.009371028243577315,7.030097336557415e-10,7.501948723050409e-08
dwell_r4_xi_0.1_p+0_Nd4001_dt1,dwell,4,xi_0.1,0,4001,1.0,atomic,2,context,0.14457954351824837,0.06252150158132977,1.1390859953000094e-09,7.878611092420814e-09
dwell_r4_xi_0.1_p+0_Nd4001_dt1,dwell,4,xi_0.1,0,4001,1.0,static,2,context,0.016611206911002166,0.008538392405847719,1.5556189416252708e-10,9.36487607408545e-09
dwell_r4_xi_0.1_p+0_Nd4001_dt1,dwell,4,xi_0.1,0,4001,1.0,static_lti,2,context,0.020739990922368993,0.011725604561231192,2.1363005692929306e-10,1.0300392981314356e-08
dwell_r4_xi_0.1_p+0_Nd4001_dt1,dwell,4,xi_0.1,0,4001,1.0,static_mh,2,context,0.059561574539380824,0.030444969329468843,5.546801870301255e-10,9.312718666686404e-09
dwell_r4_xi_0.1_p+0_Nd4001_dt1,dwell,4,xi_0.1,0,4001,1.0,static_lti_mh,2,context,0.02230666301952103,0.01261398504056452,2.2981555690789065e-10,1.0302552053921028e-08
dwell_r4_xi_0.1_p+0_Nd4001_dt1,dwell,4,xi_0.1,0,4001,1.0,linear,2,context,0.009919185740018278,0.009919185740018278,1.807187171686299e-10,1.821910809065028e-08
dwell_r4_xi_0.1_p+0_Nd4001_dt1,dwell,4,xi_0.1,0,4001,1.0,atomic,2,zerofill,0.14461519842248813,0.06253585121489694,1.1393314150047571e-09,7.878365672716095e-09
dwell_r4_xi_0.1_p+0_Nd4001_dt1,dwell,4,xi_0.1,0,4001,1.0,static,2,zerofill,0.016632347152471322,0.00854920119996107,1.5575663097381354e-10,9.36468133727418e-09
dwell_r4_xi_0.1_p+0_Nd4001_dt1,dwell,4,xi_0.1,0,4001,1.0,static_lti,2,zerofill,0.020780356108085873,0.011748126097679891,2.1403737009236463e-10,1.029998566815129e-08
dwell_r4_xi_0.1_p+0_Nd4001_dt1,dwell,4,xi_0.1,0,4001,1.0,static_mh,2,zerofill,0.05958061820757984,0.03045458431954279,5.548475629912085e-10,9.312551290725293e-09
dwell_r4_xi_0.1_p+0_Nd4001_dt1,dwell,4,xi_0.1,0,4001,1.0,static_lti_mh,2,zerofill,0.02234187812297536,0.01263364093030237,2.3017043372961365e-10,1.0302197177099313e-08
dwell_r4_xi_0.1_p+0_Nd4001_dt1,dwell,4,xi_0.1,0,4001,1.0,linear,2,zerofill,0.009933384158317418,0.009933384158317418,1.8097485536721457e-10,1.8218851952451748e-08
dwell_r4_xi_0.1_p+0_Nd4001_dt1,dwell,4,xi_0.1,0,4001,1.0,atomic,4,context,0.14410727626438607,0.06234062417670304,1.1358338439484223e-09,7.88186324377242e-09
dwell_r4_xi_0.1_p+0_Nd4001_dt1,dwell,4,xi_0.1,0,4001,1.0,static,4,context,0.01598016625466948,0.008218817413526765,1.497452279119936e-10,9.370692740335998e-09
dwell_r4_xi_0.1_p+0_Nd4001_dt1,dwell,4,xi_0.1,0,4001,1.0,static_lti,4,context,0.0201692826429392,0.011408892153043049,2.0786775879325516e-10,1.0306155279450401e-08
dwell_r4_xi_0.1_p+0_Nd4001_dt1,dwell,4,xi_0.1,0,4001,1.0,static_mh,4,context,0.058792337213451756,0.030072460312435646,5.47914279729411e-10,9.319484573987093e-09
dwell_r4_xi_0.1_p+0_Nd4001_dt1,dwell,4,xi_0.1,0,4001,1.0,static_lti_mh,4,context,0.021728030018291003,0.012293269278832853,2.239809351297423e-10,1.0308386675699159e-08
dwell_r4_xi_0.1_p+0_Nd4001_dt1,dwell,4,xi_0.1,0,4001,1.0,linear,4,context,0.009880709272783806,0.009880709272783806,1.8002456893007618e-10,1.8219802238888848e-08
dwell_r4_xi_0.1_p+0_Nd4001_dt1,dwell,4,xi_0.1,0,4001,1.0,atomic,8,context,0.14341719183416535,0.06207608796651212,1.131076917828628e-09,7.886620169892205e-09
dwell_r4_xi_0.1_p+0_Nd4001_dt1,dwell,4,xi_0.1,0,4001,1.0,static,8,context,0.015795125039203852,0.008124676390555122,1.4803822584860044e-10,9.372399742399397e-09
dwell_r4_xi_0.1_p+0_Nd4001_dt1,dwell,4,xi_0.1,0,4001,1.0,static_lti,8,context,0.019922417002887913,0.01127135201420863,2.0537322040767305e-10,1.0308649817835987e-08
dwell_r4_xi_0.1_p+0_Nd4001_dt1,dwell,4,xi_0.1,0,4001,1.0,static_mh,8,context,0.058395386709742064,0.02987896049681444,5.444190130810377e-10,9.32297984063547e-09
dwell_r4_xi_0.1_p+0_Nd4001_dt1,dwell,4,xi_0.1,0,4001,1.0,static_lti_mh,8,context,0.021482491515489324,0.01215659451155474,2.21503060225693e-10,1.0310864550603204e-08
dwell_r4_xi_0.1_p+0_Nd4001_dt1,dwell,4,xi_0.1,0,4001,1.0,linear,8,context,0.009824574692463593,0.009824574692463593,1.7901175841047822e-10,1.822081504940847e-08
dwell_r4_xi_0.1_p+0_Nd4001_dt1,dwell,4,xi_0.1,0,4001,1.0,atomic,16,context,0.14165614161264464,0.06140154521197437,1.118911491049933e-09,7.898785596670915e-09
dwell_r4_xi_0.1_p+0_Nd4001_dt1,dwell,4,xi_0.1,0,4001,1.0,static,16,context,0.015511285386610119,0.007980011707777153,1.454186009117497e-10,9.375019367336255e-09
dwell_r4_xi_0.1_p+0_Nd4001_dt1,dwell,4,xi_0.1,0,4001,1.0,static_lti,16,context,0.01971360927085361,0.01115425117511935,2.0326230831507348e-10,1.0310760729928584e-08
dwell_r4_xi_0.1_p+0_Nd4001_dt1,dwell,4,xi_0.1,0,4001,1.0,static_mh,16,context,0.0576823310126286,0.029530704169922213,5.381337573908209e-10,9.329265096325689e-09
dwell_r4_xi_0.1_p+0_Nd4001_dt1,dwell,4,xi_0.1,0,4001,1.0,static_lti_mh,16,context,0.021273582865717622,0.012039490726205247,2.1939390081201163e-10,1.031297371001689e-08
dwell_r4_xi_0.1_p+0_Nd4001_dt1,dwell,4,xi_0.1,0,4001,1.0,linear,16,context,0.009711497888600115,0.009711497888600115,1.7697122353107673e-10,1.8222855584287897e-08
dwell_r4_xi_0.1_p+3_Nd4001_dt1,dwell,4,xi_0.1,3,4001,1.0,atomic,2,context,0.2775581629543979,0.05868941423100903,2.1334717046023455e-09,7.68657524568236e-09
dwell_r4_xi_0.1_p+3_Nd4001_dt1,dwell,4,xi_0.1,3,4001,1.0,static,2,context,0.07308554590447092,0.021654890139053255,7.871963962034618e-10,1.077089028290758e-08
dwell_r4_xi_0.1_p+3_Nd4001_dt1,dwell,4,xi_0.1,3,4001,1.0,static_lti,2,context,0.0817651825270302,0.025326253753582075,9.206574383953828e-10,1.1259773536138428e-08
dwell_r4_xi_0.1_p+3_Nd4001_dt1,dwell,4,xi_0.1,3,4001,1.0,static_mh,2,context,0.7557843981759603,0.21841048328765025,7.939636000601364e-09,1.0505159963295343e-08
dwell_r4_xi_0.1_p+3_Nd4001_dt1,dwell,4,xi_0.1,3,4001,1.0,static_lti_mh,2,context,0.09728544251971621,0.03009612434714876,1.0940512962030918e-09,1.1245786295121878e-08
dwell_r4_xi_0.1_p+3_Nd4001_dt1,dwell,4,xi_0.1,3,4001,1.0,linear,2,context,0.009919185740017796,0.009919185740017796,3.6058124597607196e-10,3.6351899785619404e-08
dwell_r4_xi_0.1_p+3_Nd4001_dt1,dwell,4,xi_0.1,3,4001,1.0,atomic,2,zerofill,0.2776818684676805,0.058710712188495565,2.134215920951989e-09,7.685831029332732e-09
dwell_r4_xi_0.1_p+3_Nd4001_dt1,dwell,4,xi_0.1,3,4001,1.0,static,2,zerofill,0.07319737989317829,0.021686070852713714,7.883187914355372e-10,1.0769767887675519e-08
dwell_r4_xi_0.1_p+3_Nd4001_dt1,dwell,4,xi_0.1,3,4001,1.0,static_lti,2,zerofill,0.08192139233574793,0.02537133181700243,9.222831452930781e-10,1.1258147829240724e-08
dwell_r4_xi_0.1_p+3_Nd4001_dt1,dwell,4,xi_0.1,3,4001,1.0,static_mh,2,zerofill,0.7559805295505743,0.2184458320929528,7.940809357269888e-09,1.0503986606626827e-08
dwell_r4_xi_0.1_p+3_Nd4001_dt1,dwell,4,xi_0.1,3,4001,1.0,static_lti_mh,2,zerofill,0.09743757613294227,0.030139433332417358,1.0956102569493368e-09,1.1244227334375639e-08
dwell_r4_xi_0.1_p+3_Nd4001_dt1,dwell,4,xi_0.1,3,4001,1.0,linear,2,zerofill,0.009933384158316856,0.009933384158316856,3.610923088711275e-10,3.635138872272429e-08
dwell_r4_xi_0.1_p+3_Nd4001_dt1,dwell,4,xi_0.1,3,4001,1.0,atomic,4,context,0.276231353097304,0.05846735759066978,2.1254805016135553e-09,7.694566448671173e-09
dwell_r4_xi_0.1_p+3_Nd4001_dt1,dwell,4,xi_0.1,3,4001,1.0,static,4,context,0.06957005553140505,0.020680231819864385,7.517943569419043e-10,1.0806292322169157e-08
dwell_r4_xi_0.1_p+3_Nd4001_dt1,dwell,4,xi_0.1,3,4001,1.0,static_lti,4,context,0.07864646946532322,0.02442975442487183,8.881018200411837e-10,1.1292329154492629e-08
dwell_r4_xi_0.1_p+3_Nd4001_dt1,dwell,4,xi_0.1,3,4001,1.0,static_mh,4,context,0.7475051784488046,0.21703307862472004,7.889865316841654e-09,1.0554930647055066e-08
dwell_r4_xi_0.1_p+3_Nd4001_dt1,dwell,4,xi_0.1,3,4001,1.0,static_lti_mh,4,context,0.09412328480235356,0.02920092437954587,1.0615495202013565e-09,1.1278288071123634e-08
dwell_r4_xi_0.1_p+3_Nd4001_dt1,dwell,4,xi_0.1,3,4001,1.0,linear,4,context,0.009880709272783405,0.009880709272783405,3.5919623815468543e-10,3.6353284793440695e-08
dwell_r4_xi_0.1_p+3_Nd4001_dt1,dwell,4,xi_0.1,3,4001,1.0,atomic,8,context,0.2747257276432297,0.05821412116421729,2.1163921660979536e-09,7.703654784186753e-09
dwell_r4_xi_0.1_p+3_Nd4001_dt1,dwell,4,xi_0.1,3,4001,1.0,static,8,context,0.06861174464357739,0.020412522049314912,7.421034774982791e-10,1.0815983201612787e-08
dwell_r4_xi_0.1_p+3_Nd4001_dt1,dwell,4,xi_0.1,3,4001,1.0,static_lti,8,context,0.07752220356081478,0.02410431177902694,8.763196213923492e-10,1.1304111353141453e-08
dwell_r4_xi_0.1_p+3_Nd4001_dt1,dwell,4,xi_0.1,3,4001,1.0,static_mh,8,context,0.7414755333135526,0.21601579282062072,7.853320165898396e-09,1.0591475797998329e-08
dwell_r4_xi_0.1_p+3_Nd4001_dt1,dwell,4,xi_0.1,3,4001,1.0,static_lti_mh,8,context,0.09293704958942763,0.028862595087455787,1.0493084652782804e-09,1.1290529126046714e-08
dwell_r4_xi_0.1_p+3_Nd4001_dt1,dwell,4,xi_0.1,3,4001,1.0,linear,8,context,0.009824574692463171,0.009824574692463171,3.5717541549272703e-10,3.635530561610273e-08
dwell_r4_xi_0.1_p+3_Nd4001_dt1,dwell,4,xi_0.1,3,4001,1.0,atomic,16,context,0.2705652782198139,0.05751381955675649,2.0911666490352134e-09,7.728880301249512e-09
dwell_r4_xi_0.1_p+3_Nd4001_dt1,dwell,4,xi_0.1,3,4001,1.0,static,16,context,0.06743542672970257,0.020082418418855198,7.301842227334212e-10,1.0827902456377644e-08
dwell_r4_xi_0.1_p+3_Nd4001_dt1,dwell,4,xi_0.1,3,4001,1.0,static_lti,16,context,0.07648559343977764,0.02380222960283685,8.65434240009257e-10,1.131499673452456e-08
dwell_r4_xi_0.1_p+3_Nd4001_dt1,dwell,4,xi_0.1,3,4001,1.0,static_mh,16,context,0.7298289222418105,0.2140303382522215,7.782009761898908e-09,1.0662786201997807e-08
dwell_r4_xi_0.1_p+3_Nd4001_dt1,dwell,4,xi_0.1,3,4001,1.0,static_lti_mh,16,context,0.09176621236327957,0.028526347430212245,1.03720022117438e-09,1.1302637370150603e-08
dwell_r4_xi_0.1_p+3_Nd4001_dt1,dwell,4,xi_0.1,3,4001,1.0,linear,16,context,0.009711497888599704,0.009711497888599704,3.53104013145478e-10,3.6359377018450025e-08
dwell_r4_xi_0.25_p+3_Nd4001_dt1,dwell,4,xi_0.25,3,4001,1.0,atomic,2,context,0.31222798224333403,0.0489186842924785,1.6788306938748726e-09,5.376938613293412e-09
dwell_r4_xi_0.25_p+3_Nd4001_dt1,dwell,4,xi_0.25,3,4001,1.0,static,2,context,0.12591228266457663,0.03773421580424554,1.2949931221107275e-09,1.0284883211596741e-08
dwell_r4_xi_0.25_p+3_Nd4001_dt1,dwell,4,xi_0.25,3,4001,1.0,static_lti,2,context,0.13042417811188348,0.04053757239448838,1.3912009649348998e-09,1.0666741282751023e-08
dwell_r4_xi_0.25_p+3_Nd4001_dt1,dwell,4,xi_0.25,3,4001,1.0,static_mh,2,context,0.400643733399582,0.11862570253596068,4.07109212727665e-09,1.0161377273350102e-08
dwell_r4_xi_0.25_p+3_Nd4001_dt1,dwell,4,xi_0.25,3,4001,1.0,static_lti_mh,2,context,0.1355034198798154,0.04210609361134676,1.4450307357257854e-09,1.0664164321516413e-08
dwell_r4_xi_0.25_p+3_Nd4001_dt1,dwell,4,xi_0.25,3,4001,1.0,linear,2,context,0.007868373454907249,0.007868373454907249,2.700331592728388e-10,3.431880309448555e-08
dwell_r4_xi_0.25_p+3_Nd4001_dt1,dwell,4,xi_0.25,3,4001,1.0,atomic,2,zerofill,0.3125993179583711,0.04896524995656178,1.680351835412406e-09,5.375417471755901e-09
dwell_r4_xi_0.25_p+3_Nd4001_dt1,dwell,4,xi_0.25,3,4001,1.0,static,2,zerofill,0.1259499773228042,0.03774597689011471,1.2953374403889632e-09,1.0284538893318503e-08
dwell_r4_xi_0.25_p+3_Nd4001_dt1,dwell,4,xi_0.25,3,4001,1.0,static_lti,2,zerofill,0.13059132668508863,0.04058538172355385,1.3927779543775767e-09,1.0665164293308376e-08
dwell_r4_xi_0.25_p+3_Nd4001_dt1,dwell,4,xi_0.25,3,4001,1.0,static_mh,2,zerofill,0.4007642944603459,0.11865661877757759,4.0719666972722836e-09,1.016050270335445e-08
dwell_r4_xi_0.25_p+3_Nd4001_dt1,dwell,4,xi_0.25,3,4001,1.0,static_lti_mh,2,zerofill,0.13566229484552694,0.04215149459742496,1.4465226129753963e-09,1.0662672444266786e-08
dwell_r4_xi_0.25_p+3_Nd4001_dt1,dwell,4,xi_0.25,3,4001,1.0,linear,2,zerofill,0.007914519554288261,0.007914519554288261,2.716044025355466e-10,3.431723185122277e-08
dwell_r4_xi_0.25_p+3_Nd4001_dt1,dwell,4,xi_0.25,3,4001,1.0,atomic,4,context,0.3111499541614911,0.048788852053235125,1.674409772529396e-09,5.381359534638897e-09
dwell_r4_xi_0.25_p+3_Nd4001_dt1,dwell,4,xi_0.25,3,4001,1.0,static,4,context,0.12269686922021408,0.03687514534709674,1.2655371285483338e-09,1.0314339205159107e-08
dwell_r4_xi_0.25_p+3_Nd4001_dt1,dwell,4,xi_0.25,3,4001,1.0,static_lti,4,context,0.1270901741881038,0.03961734435868069,1.3596480704947974e-09,1.069829417719113e-08
dwell_r4_xi_0.25_p+3_Nd4001_dt1,dwell,4,xi_0.25,3,4001,1.0,static_mh,4,context,0.3949244754587313,0.11740929058870513,4.029429988083431e-09,1.0203039412543315e-08
dwell_r4_xi_0.25_p+3_Nd4001_dt1,dwell,4,xi_0.25,3,4001,1.0,static_lti_mh,4,context,0.13217148871233483,0.04119074931661381,1.4136465666027773e-09,1.0695548490639414e-08
dwell_r4_xi_0.25_p+3_Nd4001_dt1,dwell,4,xi_0.25,3,4001,1.0,linear,4,context,0.007847447120990628,0.007847447120990628,2.693205844330394e-10,3.431951566932528e-08
dwell_r4_xi_0.25_p+3_Nd4001_dt1,dwell,4,xi_0.25,3,4001,1.0,atomic,8,context,0.308481730801403,0.048466378035481844,1.6634362381793507e-09,5.392333068988944e-09
dwell_r4_xi_0.25_p+3_Nd4001_dt1,dwell,4,xi_0.25,3,4001,1.0,static,8,context,0.12143599447897165,0.03653518163305194,1.2539403099689254e-09,1.032593602373852e-08
dwell_r4_xi_0.25_p+3_Nd4001_dt1,dwell,4,xi_0.25,3,4001,1.0,static_lti,8,context,0.1259510010146291,0.03929974555997774,1.3488241450152568e-09,1.0709118102670673e-08
dwell_r4_xi_0.25_p+3_Nd4001_dt1,dwell,4,xi_0.25,3,4001,1.0,static_mh,8,context,0.39254722083714705,0.11689519019327245,4.012012106495832e-09,1.0220457294130899e-08
dwell_r4_xi_0.25_p+3_Nd4001_dt1,dwell,4,xi_0.25,3,4001,1.0,static_lti_mh,8,context,0.13095351305955522,0.04085282387222331,1.4021280404173103e-09,1.0707067016824883e-08
dwell_r4_xi_0.25_p+3_Nd4001_dt1,dwell,4,xi_0.25,3,4001,1.0,linear,8,context,0.007790725731012836,0.007790725731012836,2.6738898238270683e-10,3.4321447271375685e-08
dwell_r4_xi_0.25_p+3_Nd4001_dt1,dwell,4,xi_0.25,3,4001,1.0,atomic,16,context,0.30298562515997085,0.04779908717151041,1.64069091265259e-09,5.415078394515698e-09
dwell_r4_xi_0.25_p+3_Nd4001_dt1,dwell,4,xi_0.25,3,4001,1.0,static,16,context,0.12037959226945054,0.036248031794348635,1.2442040190670594e-09,1.0335672314640399e-08
dwell_r4_xi_0.25_p+3_Nd4001_dt1,dwell,4,xi_0.25,3,4001,1.0,static_lti,16,context,0.12484236946702636,0.03898848554636859,1.3382693628538695e-09,1.071967288483207e-08
dwell_r4_xi_0.25_p+3_Nd4001_dt1,dwell,4,xi_0.25,3,4001,1.0,static_mh,16,context,0.3874897705032311,0.1157986618994078,3.974758170464128e-09,1.0257711230162615e-08
dwell_r4_xi_0.25_p+3_Nd4001_dt1,dwell,4,xi_0.25,3,4001,1.0,static_lti_mh,16,context,0.12981126570051593,0.04053354505594587,1.39130311824286e-09,1.071789193899933e-08
dwell_r4_xi_0.25_p+3_Nd4001_dt1,dwell,4,xi_0.25,3,4001,1.0,linear,16,context,0.007694250333536211,0.007694250333536211,2.641030895968911e-10,3.4324733164161506e-08
dwell_r4_xi_0.5_p+3_Nd4001_dt1,dwell,4,xi_0.5,3,4001,1.0,atomic,2,context,0.4365966176227659,0.06757354958161357,2.2293272966309746e-09,5.106148803372517e-09
dwell_r4_xi_0.5_p+3_Nd4001_dt1,dwell,4,xi_0.5,3,4001,1.0,static,2,context,0.15022671995180562,0.04580414132531964,1.5111300677190152e-09,1.0058996616605904e-08
dwell_r4_xi_0.5_p+3_Nd4001_dt1,dwell,4,xi_0.5,3,4001,1.0,static_lti,2,context,0.1533208848270341,0.04821444379034585,1.5906486531964592e-09,1.0374637838745308e-08
dwell_r4_xi_0.5_p+3_Nd4001_dt1,dwell,4,xi_0.5,3,4001,1.0,static_mh,2,context,0.2954081173682155,0.08910750312306515,2.939756610046878e-09,9.951509241645443e-09
dwell_r4_xi_0.5_p+3_Nd4001_dt1,dwell,4,xi_0.5,3,4001,1.0,static_lti_mh,2,context,0.156020078996782,0.04907798078833844,1.6191377086507768e-09,1.0377752139736914e-08
dwell_r4_xi_0.5_p+3_Nd4001_dt1,dwell,4,xi_0.5,3,4001,1.0,linear,2,context,0.005673936848606762,0.005673936848606762,1.8718954937659708e-10,3.299112316037877e-08
dwell_r4_xi_0.5_p+3_Nd4001_dt1,dwell,4,xi_0.5,3,4001,1.0,atomic,2,zerofill,0.4367911036632212,0.06759712637137837,2.230018472028846e-09,5.10545762797462e-09
dwell_r4_xi_0.5_p+3_Nd4001_dt1,dwell,4,xi_0.5,3,4001,1.0,static,2,zerofill,0.15028982283305073,0.04582264802066438,1.5116818866226896e-09,1.0058444797702234e-08
dwell_r4_xi_0.5_p+3_Nd4001_dt1,dwell,4,xi_0.5,3,4001,1.0,static_lti,2,zerofill,0.15349682925861077,0.04826428523128773,1.59223111073865e-09,1.0373055381203125e-08
dwell_r4_xi_0.5_p+3_Nd4001_dt1,dwell,4,xi_0.5,3,4001,1.0,static_mh,2,zerofill,0.29548798937958093,0.08912956363430302,2.940370160358243e-09,9.950895691334083e-09
dwell_r4_xi_0.5_p+3_Nd4001_dt1,dwell,4,xi_0.5,3,4001,1.0,static_lti_mh,2,zerofill,0.15618712472848903,0.049125337384337345,1.6206370846277098e-09,1.0376252763759986e-08
dwell_r4_xi_0.5_p+3_Nd4001_dt1,dwell,4,xi_0.5,3,4001,1.0,linear,2,zerofill,0.00571301321553745,0.00571301321553745,1.8847139938463108e-10,3.298984131037069e-08
dwell_r4_xi_0.5_p+3_Nd4001_dt1,dwell,4,xi_0.5,3,4001,1.0,atomic,4,context,0.43349298400659125,0.06723732135467804,2.2182720523764484e-09,5.117204047627031e-09
dwell_r4_xi_0.5_p+3_Nd4001_dt1,dwell,4,xi_0.5,3,4001,1.0,static,4,context,0.14699794061877566,0.04494509702510026,1.4828141664984859e-09,1.0087312517826457e-08
dwell_r4_xi_0.5_p+3_Nd4001_dt1,dwell,4,xi_0.5,3,4001,1.0,static_lti,4,context,0.15026923130504483,0.047379367557755306,1.5631248359558217e-09,1.0402161655985956e-08
dwell_r4_xi_0.5_p+3_Nd4001_dt1,dwell,4,xi_0.5,3,4001,1.0,static_mh,4,context,0.29100992785080976,0.08807839330985892,2.9058539864614504e-09,9.985411865230853e-09
dwell_r4_xi_0.5_p+3_Nd4001_dt1,dwell,4,xi_0.5,3,4001,1.0,static_lti_mh,4,context,0.1529061785104705,0.048227564980799255,1.5911082921751884e-09,1.0405781556212488e-08
dwell_r4_xi_0.5_p+3_Nd4001_dt1,dwell,4,xi_0.5,3,4001,1.0,linear,4,context,0.005657025377895925,0.005657025377895925,1.8663475942439165e-10,3.299167795033096e-08
dwell_r4_xi_0.5_p+3_Nd4001_dt1,dwell,4,xi_0.5,3,4001,1.0,atomic,8,context,0.4302529723102021,0.06688309590781025,2.2066798366718766e-09,5.128796263331595e-09
dwell_r4_xi_0.5_p+3_Nd4001_dt1,dwell,4,xi_0.5,3,4001,1.0,static,8,context,0.14544534452271643,0.044528760716808766,1.4691412993383026e-09,1.0100985384986621e-08
dwell_r4_xi_0.5_p+3_Nd4001_dt1,dwell,4,xi_0.5,3,4001,1.0,static_lti,8,context,0.148678478327437,0.046940722083395545,1.5487193517929148e-09,1.0416567140148861e-08
dwell_r4_xi_0.5_p+3_Nd4001_dt1,dwell,4,xi_0.5,3,4001,1.0,static_mh,8,context,0.28854009547427617,0.08749451737196316,2.8867142688815398e-09,1.0004551582810769e-08
dwell_r4_xi_0.5_p+3_Nd4001_dt1,dwell,4,xi_0.5,3,4001,1.0,static_lti_mh,8,context,0.15133089076328948,0.04779397406352474,1.576870769047085e-09,1.0420019079340603e-08
dwell_r4_xi_0.5_p+3_Nd4001_dt1,dwell,4,xi_0.5,3,4001,1.0,linear,8,context,0.005614060611843171,0.005614060611843171,1.8522519309040316e-10,3.299308751666492e-08
dwell_r4_xi_0.5_p+3_Nd4001_dt1,dwell,4,xi_0.5,3,4001,1.0,atomic,16,context,0.42183220063524113,0.06595795172976394,2.1763046473340542e-09,5.159171452669418e-09
dwell_r4_xi_0.5_p+3_Nd4001_dt1,dwell,4,xi_0.5,3,4001,1.0,static,16,context,0.14341528954500604,0.04398220962037463,1.4512076965186924e-09,1.0118918987806248e-08
dwell_r4_xi_0.5_p+3_Nd4001_dt1,dwell,4,xi_0.5,3,4001,1.0,static_lti,16,context,0.146803166579917,0.046421280153091014,1.5316856433972472e-09,1.043360084854454e-08
dwell_r4_xi_0.5_p+3_Nd4001_dt1,dwell,4,xi_0.5,3,4001,1.0,static_mh,16,context,0.28450700076977403,0.08653653818696638,2.8553019807543647e-09,1.003596387093794e-08
dwell_r4_xi_0.5_p+3_Nd4001_dt1,dwell,4,xi_0.5,3,4001,1.0,static_lti_mh,16,context,0.1493504483151398,0.047246561108757704,1.558916064173992e-09,1.0437973784213699e-08
dwell_r4_xi_0.5_p+3_Nd4001_dt1,dwell,4,xi_0.5,3,4001,1.0,linear,16,context,0.005545593474602949,0.005545593474602949,1.829787089273367e-10,3.299533400082803e-08
dwell_r4_xi_1_p+3_Nd4001_dt1,dwell,4,xi_1,3,4001,1.0,atomic,2,context,0.5772533931854846,0.08718600748854445,2.839889032096478e-09,4.919657581265974e-09
dwell_r4_xi_1_p+3_Nd4001_dt1,dwell,4,xi_1,3,4001,1.0,static,2,context,0.16171192829048867,0.04942752749922821,1.6099910670545223e-09,9.95592028413909e-09
dwell_r4_xi_1_p+3_Nd4001_dt1,dwell,4,xi_1,3,4001,1.0,static_lti,2,context,0.16199376441808183,0.051039980969546137,1.6625131294476586e-09,1.0262821753786518e-08
dwell_r4_xi_1_p+3_Nd4001_dt1,dwell,4,xi_1,3,4001,1.0,static_mh,2,context,0.2434379139216309,0.07454675987538299,2.4281938334685904e-09,9.974591855278099e-09
dwell_r4_xi_1_p+3_Nd4001_dt1,dwell,4,xi_1,3,4001,1.0,static_lti_mh,2,context,0.16378751481642956,0.05160816319998601,1.6810203937546097e-09,1.0263422066319711e-08
dwell_r4_xi_1_p+3_Nd4001_dt1,dwell,4,xi_1,3,4001,1.0,linear,2,context,0.00455935465589204,0.00455935465589204,1.4851077201128964e-10,3.257276154627928e-08
dwell_r4_xi_1_p+3_Nd4001_dt1,dwell,4,xi_1,3,4001,1.0,atomic,2,zerofill,0.5782501543814991,0.08728956574581463,2.8429960958031182e-09,4.916550517559324e-09
dwell_r4_xi_1_p+3_Nd4001_dt1,dwell,4,xi_1,3,4001,1.0,static,2,zerofill,0.1617452863786517,0.049440931329249885,1.6102769390700868e-09,9.95563441212357e-09
dwell_r4_xi_1_p+3_Nd4001_dt1,dwell,4,xi_1,3,4001,1.0,static_lti,2,zerofill,0.1621626262496785,0.051090542887789706,1.6640043139338491e-09,1.0261330569300323e-08
dwell_r4_xi_1_p+3_Nd4001_dt1,dwell,4,xi_1,3,4001,1.0,static_mh,2,zerofill,0.24337351369467258,0.07453787539130204,2.4276772019236643e-09,9.97510848682301e-09
dwell_r4_xi_1_p+3_Nd4001_dt1,dwell,4,xi_1,3,4001,1.0,static_lti_mh,2,zerofill,0.1639466922912954,0.0516560889001329,1.6824239851895265e-09,1.0262018474884797e-08
dwell_r4_xi_1_p+3_Nd4001_dt1,dwell,4,xi_1,3,4001,1.0,linear,2,zerofill,0.004653385043523316,0.004653385043523316,1.5155941489650202e-10,3.2569712903394004e-08
dwell_r4_xi_1_p+3_Nd4001_dt1,dwell,4,xi_1,3,4001,1.0,atomic,4,context,0.5736798745036346,0.08684161153016798,2.8287174535818113e-09,4.930829159780626e-09
dwell_r4_xi_1_p+3_Nd4001_dt1,dwell,4,xi_1,3,4001,1.0,static,4,context,0.1600398523046875,0.048986159903591925,1.5956406503937656e-09,9.970270700799877e-09
dwell_r4_xi_1_p+3_Nd4001_dt1,dwell,4,xi_1,3,4001,1.0,static_lti,4,context,0.1602476475110015,0.05056498161906993,1.6470680763013923e-09,1.0278266806932788e-08
dwell_r4_xi_1_p+3_Nd4001_dt1,dwell,4,xi_1,3,4001,1.0,static_mh,4,context,0.24130116805222435,0.07401841883843317,2.4110238118055757e-09,9.991761876941111e-09
dwell_r4_xi_1_p+3_Nd4001_dt1,dwell,4,xi_1,3,4001,1.0,static_lti_mh,4,context,0.16205442521063057,0.0511373963895933,1.6657135116351778e-09,1.0278728948439164e-08
dwell_r4_xi_1_p+3_Nd4001_dt1,dwell,4,xi_1,3,4001,1.0,linear,4,context,0.00454289481607433,0.00454289481607433,1.479770541977059e-10,3.2573295264092844e-08
dwell_r4_xi_1_p+3_Nd4001_dt1,dwell,4,xi_1,3,4001,1.0,atomic,8,context,0.570332248903098,0.0865151311816555,2.818205939258212e-09,4.941340674104224e-09
dwell_r4_xi_1_p+3_Nd4001_dt1,dwell,4,xi_1,3,4001,1.0,static,8,context,0.15903002060585877,0.04871734749371328,1.5869538215622659e-09,9.978957529631367e-09
dwell_r4_xi_1_p+3_Nd4001_dt1,dwell,4,xi_1,3,4001,1.0,static_lti,8,context,0.15910649977978075,0.05025213397142655,1.6369490571691195e-09,1.0288385826065058e-08
dwell_r4_xi_1_p+3_Nd4001_dt1,dwell,4,xi_1,3,4001,1.0,static_mh,8,context,0.23951962391913645,0.0735743236637428,2.3966627929014982e-09,1.0006122895845181e-08
dwell_r4_xi_1_p+3_Nd4001_dt1,dwell,4,xi_1,3,4001,1.0,static_lti_mh,8,context,0.16091357100472234,0.0508250731308137,1.655612388308596e-09,1.0288830071765723e-08
dwell_r4_xi_1_p+3_Nd4001_dt1,dwell,4,xi_1,3,4001,1.0,linear,8,context,0.00449904232076877,0.00449904232076877,1.465550316596304e-10,3.2574717286630885e-08
dwell_r4_xi_1_p+3_Nd4001_dt1,dwell,4,xi_1,3,4001,1.0,atomic,16,context,0.560274069042399,0.08553398422883668,2.78635198857144e-09,4.973194624791e-09
dwell_r4_xi_1_p+3_Nd4001_dt1,dwell,4,xi_1,3,4001,1.0,static,16,context,0.15713803712026542,0.04821461878600074,1.5706376844689891e-09,9.995273666724647e-09
dwell_r4_xi_1_p+3_Nd4001_dt1,dwell,4,xi_1,3,4001,1.0,static_lti,16,context,0.1572169617315103,0.04973451831585414,1.6201498767936868e-09,1.030518500644048e-08
dwell_r4_xi_1_p+3_Nd4001_dt1,dwell,4,xi_1,3,4001,1.0,static_mh,16,context,0.23688959112406419,0.07291837924179917,2.3753864950359143e-09,1.0027399193710766e-08
dwell_r4_xi_1_p+3_Nd4001_dt1,dwell,4,xi_1,3,4001,1.0,static_lti_mh,16,context,0.1590170893653802,0.05030632208158163,1.6387769356647535e-09,1.0305665524409565e-08
dwell_r4_xi_1_p+3_Nd4001_dt1,dwell,4,xi_1,3,4001,1.0,linear,16,context,0.004460600060462135,0.004460600060462135,1.453083468605727e-10,3.257596397142994e-08
dwell_r4_xi_2_p+3_Nd4001_dt1,dwell,4,xi_2,3,4001,1.0,atomic,2,context,0.6708726088283578,0.10056496654917736,3.31984487910019e-09,4.948547362662663e-09
dwell_r4_xi_2_p+3_Nd4001_dt1,dwell,4,xi_2,3,4001,1.0,static,2,context,0.1651844092825819,0.04985663840861353,1.6458644733804607e-09,9.96380034004826e-09
dwell_r4_xi_2_p+3_Nd4001_dt1,dwell,4,xi_2,3,4001,1.0,static_lti,2,context,0.1631186571951733,0.050851849442070024,1.6787183226524027e-09,1.029139371006345e-08
dwell_r4_xi_2_p+3_Nd4001_dt1,dwell,4,xi_2,3,4001,1.0,static_mh,2,context,0.21624948798469704,0.06534146771191102,2.157048765786644e-09,9.974815597895374e-09
dwell_r4_xi_2_p+3_Nd4001_dt1,dwell,4,xi_2,3,4001,1.0,static_lti_mh,2,context,0.16519941025099313,0.0514743714203244,1.6992689823160191e-09,1.0286168574901457e-08
dwell_r4_xi_2_p+3_Nd4001_dt1,dwell,4,xi_2,3,4001,1.0,linear,2,context,0.0038998936207666765,0.0038998936207666765,1.2874306341668702e-10,3.3011942359437365e-08
dwell_r4_xi_2_p+3_Nd4001_dt1,dwell,4,xi_2,3,4001,1.0,atomic,2,zerofill,0.6713296365007909,0.10061055059150778,3.3211980670253542e-09,4.947194174737497e-09
dwell_r4_xi_2_p+3_Nd4001_dt1,dwell,4,xi_2,3,4001,1.0,static,2,zerofill,0.16520611500845106,0.04986453732710464,1.646050081330856e-09,9.963614732097857e-09
dwell_r4_xi_2_p+3_Nd4001_dt1,dwell,4,xi_2,3,4001,1.0,static_lti,2,zerofill,0.16318102396579925,0.05087088695811348,1.679270120676713e-09,1.0290841912039156e-08
dwell_r4_xi_2_p+3_Nd4001_dt1,dwell,4,xi_2,3,4001,1.0,static_mh,2,zerofill,0.2162819697005269,0.06535252060480212,2.1573151506659568e-09,9.974549213016073e-09
dwell_r4_xi_2_p+3_Nd4001_dt1,dwell,4,xi_2,3,4001,1.0,static_lti_mh,2,zerofill,0.16526513377035743,0.051494296617289416,1.6998491448729567e-09,1.0285588412344529e-08
dwell_r4_xi_2_p+3_Nd4001_dt1,dwell,4,xi_2,3,4001,1.0,linear,2,zerofill,0.0039457268381730085,0.0039457268381730085,1.3025016035501522e-10,3.301043526249906e-08
dwell_r4_xi_2_p+3_Nd4001_dt1,dwell,4,xi_2,3,4001,1.0,atomic,4,context,0.6651273073307784,0.10004719531937867,3.3027705710587705e-09,4.9656216707040865e-09
dwell_r4_xi_2_p+3_Nd4001_dt1,dwell,4,xi_2,3,4001,1.0,static,4,context,0.16434610530501229,0.04963905614999279,1.6386907529388225e-09,9.97097406048992e-09
dwell_r4_xi_2_p+3_Nd4001_dt1,dwell,4,xi_2,3,4001,1.0,static_lti,4,context,0.16207034620888655,0.050570339369826,1.6694343914982756e-09,1.0300677641217613e-08
dwell_r4_xi_2_p+3_Nd4001_dt1,dwell,4,xi_2,3,4001,1.0,static_mh,4,context,0.21546383143640283,0.06514579623255773,2.1506012031444443e-09,9.98126316053757e-09
dwell_r4_xi_2_p+3_Nd4001_dt1,dwell,4,xi_2,3,4001,1.0,static_lti_mh,4,context,0.16410714903342277,0.05118172866507414,1.6896176516622392e-09,1.0295819905555268e-08
dwell_r4_xi_2_p+3_Nd4001_dt1,dwell,4,xi_2,3,4001,1.0,linear,4,context,0.0038943233212451723,0.0038943233212451723,1.285598903451228e-10,3.301212553250895e-08
dwell_r4_xi_2_p+3_Nd4001_dt1,dwell,4,xi_2,3,4001,1.0,atomic,8,context,0.6599049340578902,0.0995708146282683,3.287147790883662e-09,4.981244450879188e-09
dwell_r4_xi_2_p+3_Nd4001_dt1,dwell,4,xi_2,3,4001,1.0,static,8,context,0.1628325193975106,0.049244358565977205,1.6257121635286769e-09,9.983952649900048e-09
dwell_r4_xi_2_p+3_Nd4001_dt1,dwell,4,xi_2,3,4001,1.0,static_lti,8,context,0.16056358485617725,0.05016365373201101,1.6560610070676163e-09,1.0314051025648259e-08
dwell_r4_xi_2_p+3_Nd4001_dt1,dwell,4,xi_2,3,4001,1.0,static_mh,8,context,0.21381837872504164,0.06473388905908598,2.137070598551387e-09,9.994793765130635e-09
dwell_r4_xi_2_p+3_Nd4001_dt1,dwell,4,xi_2,3,4001,1.0,static_lti_mh,8,context,0.1625785944349814,0.05077007039417708,1.6760807407499832e-09,1.0309356816467516e-08
dwell_r4_xi_2_p+3_Nd4001_dt1,dwell,4,xi_2,3,4001,1.0,linear,8,context,0.003862696421593952,0.003862696421593952,1.2751983657560653e-10,3.301316558627849e-08
dwell_r4_xi_2_p+3_Nd4001_dt1,dwell,4,xi_2,3,4001,1.0,atomic,16,context,0.6423644861103255,0.09795555412628788,3.233948114597635e-09,5.034444127165223e-09
dwell_r4_xi_2_p+3_Nd4001_dt1,dwell,4,xi_2,3,4001,1.0,static,16,context,0.16054485786588998,0.048646339625374235,1.6060318347108002e-09,1.0003632978717933e-08
dwell_r4_xi_2_p+3_Nd4001_dt1,dwell,4,xi_2,3,4001,1.0,static_lti,16,context,0.1583796344225579,0.049572709370736504,1.636615416399004e-09,1.0333496616316864e-08
dwell_r4_xi_2_p+3_Nd4001_dt1,dwell,4,xi_2,3,4001,1.0,static_mh,16,context,0.21068369699352996,0.06394753383999878,2.1111922477454877e-09,1.0020672115936535e-08
dwell_r4_xi_2_p+3_Nd4001_dt1,dwell,4,xi_2,3,4001,1.0,static_lti_mh,16,context,0.16035516650960002,0.05016974900967311,1.6563263478709433e-09,1.0329111209346557e-08
dwell_r4_xi_2_p+3_Nd4001_dt1,dwell,4,xi_2,3,4001,1.0,linear,16,context,0.0038238368968292026,0.0038238368968292026,1.2624184747183254e-10,3.301444357538227e-08
dwell_r4_xi_4_p+0_Nd4001_dt1,dwell,4,xi_4,0,4001,1.0,atomic,2,context,0.329742248550385,0.09663454030459523,1.5848020228013057e-09,4.8061843144711445e-09
dwell_r4_xi_4_p+0_Nd4001_dt1,dwell,4,xi_4,0,4001,1.0,static,2,context,0.030830992821055128,0.01761644610234429,2.889089069970751e-10,9.37072992342216e-09
dwell_r4_xi_4_p+0_Nd4001_dt1,dwell,4,xi_4,0,4001,1.0,static_lti,2,context,0.03244721435300885,0.01892640550410754,3.1039218102268004e-10,9.566065599523404e-09
dwell_r4_xi_4_p+0_Nd4001_dt1,dwell,4,xi_4,0,4001,1.0,static_mh,2,context,0.03213625967222634,0.018372886158935568,3.0131448918368364e-10,9.376153051317723e-09
dwell_r4_xi_4_p+0_Nd4001_dt1,dwell,4,xi_4,0,4001,1.0,static_lti_mh,2,context,0.032844858471548125,0.0191541140842697,3.1412659127922726e-10,9.56395021617583e-09
dwell_r4_xi_4_p+0_Nd4001_dt1,dwell,4,xi_4,0,4001,1.0,linear,2,context,0.0036445104334150435,0.0036445104334150435,5.976980372433115e-11,1.6399954072384034e-08
dwell_r4_xi_4_p+0_Nd4001_dt1,dwell,4,xi_4,0,4001,1.0,atomic,2,zerofill,0.33000512469167,0.09669596593475992,1.5857519674018426e-09,4.805234369870591e-09
dwell_r4_xi_4_p+0_Nd4001_dt1,dwell,4,xi_4,0,4001,1.0,static,2,zerofill,0.03083631720501259,0.01762003552353067,2.889573078568832e-10,9.370681522562358e-09
dwell_r4_xi_4_p+0_Nd4001_dt1,dwell,4,xi_4,0,4001,1.0,static_lti,2,zerofill,0.03249181841506024,0.018952290617081306,3.1080543890616013e-10,9.56565234163992e-09
dwell_r4_xi_4_p+0_Nd4001_dt1,dwell,4,xi_4,0,4001,1.0,static_mh,2,zerofill,0.03214060482957564,0.018375958525217118,3.0135396138364306e-10,9.376113579117793e-09
dwell_r4_xi_4_p+0_Nd4001_dt1,dwell,4,xi_4,0,4001,1.0,static_lti_mh,2,zerofill,0.03289103629536492,0.019180880710903365,3.145541701743442e-10,9.563522637280721e-09
dwell_r4_xi_4_p+0_Nd4001_dt1,dwell,4,xi_4,0,4001,1.0,linear,2,zerofill,0.0036808605241421388,0.0036808605241421388,6.036375728257692e-11,1.6399360118825827e-08
dwell_r4_xi_4_p+0_Nd4001_dt1,dwell,4,xi_4,0,4001,1.0,atomic,4,context,0.3279021093336439,0.09622757451337928,1.578141856982015e-09,4.812844480290424e-09
dwell_r4_xi_4_p+0_Nd4001_dt1,dwell,4,xi_4,0,4001,1.0,static,4,context,0.030756102949669534,0.017574775262267382,2.882280740078297e-10,9.371410756411407e-09
dwell_r4_xi_4_p+0_Nd4001_dt1,dwell,4,xi_4,0,4001,1.0,static_lti,4,context,0.032353084975720675,0.01887305261029914,3.0951995250795394e-10,9.566937828038121e-09
dwell_r4_xi_4_p+0_Nd4001_dt1,dwell,4,xi_4,0,4001,1.0,static_mh,4,context,0.03206845618823764,0.018335162871837698,3.006985069399885e-10,9.376769033561442e-09
dwell_r4_xi_4_p+0_Nd4001_dt1,dwell,4,xi_4,0,4001,1.0,static_lti_mh,4,context,0.03275012886204014,0.019100452432006622,3.1324933235278134e-10,9.56482747510227e-09
dwell_r4_xi_4_p+0_Nd4001_dt1,dwell,4,xi_4,0,4001,1.0,linear,4,context,0.0036355722715726005,0.0036355722715726005,5.962374927214012e-11,1.640010012683624e-08
dwell_r4_xi_4_p+0_Nd4001_dt1,dwell,4,xi_4,0,4001,1.0,atomic,8,context,0.3230805163200611,0.09515480614374978,1.5606028054765393e-09,4.8303835317958995e-09
dwell_r4_xi_4_p+0_Nd4001_dt1,dwell,4,xi_4,0,4001,1.0,static,8,context,0.03050996611188868,0.017437682391591196,2.8598971680122087e-10,9.37364911361801e-09
dwell_r4_xi_4_p+0_Nd4001_dt1,dwell,4,xi_4,0,4001,1.0,static_lti,8,context,0.03214707347516775,0.018755965033306954,3.076104385750077e-10,9.568847341971074e-09
dwell_r4_xi_4_p+0_Nd4001_dt1,dwell,4,xi_4,0,4001,1.0,static_mh,8,context,0.03179997832660293,0.01818575677799568,2.982586397641275e-10,9.379208900737302e-09
dwell_r4_xi_4_p+0_Nd4001_dt1,dwell,4,xi_4,0,4001,1.0,static_lti_mh,8,context,0.032539938508715116,0.01898106660057507,3.113022556427141e-10,9.566774551812337e-09
dwell_r4_xi_4_p+0_Nd4001_dt1,dwell,4,xi_4,0,4001,1.0,linear,8,context,0.003600550450432246,0.003600550450432246,5.905144849662925e-11,1.6400672427611763e-08
dwell_r4_xi_4_p+0_Nd4001_dt1,dwell,4,xi_4,0,4001,1.0,atomic,16,context,0.31990035400497374,0.09444182101434806,1.5489644998812532e-09,4.842021837391184e-09
dwell_r4_xi_4_p+0_Nd4001_dt1,dwell,4,xi_4,0,4001,1.0,static,16,context,0.03016788046600346,0.017247278269289106,2.82877029178032e-10,9.376761801241206e-09
dwell_r4_xi_4_p+0_Nd4001_dt1,dwell,4,xi_4,0,4001,1.0,static_lti,16,context,0.03179043976856734,0.018553640434131147,3.043030096980489e-10,9.572154770848034e-09
dwell_r4_xi_4_p+0_Nd4001_dt1,dwell,4,xi_4,0,4001,1.0,static_mh,16,context,0.03142491031959765,0.017977158285842613,2.948479783049274e-10,9.382619562196496e-09
dwell_r4_xi_4_p+0_Nd4001_dt1,dwell,4,xi_4,0,4001,1.0,static_lti_mh,16,context,0.03217187019715657,0.018772390316448506,3.0789078255570387e-10,9.570186024899356e-09
dwell_r4_xi_4_p+0_Nd4001_dt1,dwell,4,xi_4,0,4001,1.0,linear,16,context,0.0035648308093508612,0.0035648308093508612,5.84677033168234e-11,1.6401256172791576e-08
dwell_r4_xi_4_p+3_Nd4001_dt1,dwell,4,xi_4,3,4001,1.0,atomic,2,context,0.7288478277257529,0.10336622607138987,3.382371390303931e-09,4.640709983122338e-09
dwell_r4_xi_4_p+3_Nd4001_dt1,dwell,4,xi_4,3,4001,1.0,static,2,context,0.16704064330987325,0.05078479998908148,1.66179090670043e-09,9.948422574125746e-09
dwell_r4_xi_4_p+3_Nd4001_dt1,dwell,4,xi_4,3,4001,1.0,static_lti,2,context,0.1642939698565544,0.05152255373758192,1.6859318400290197e-09,1.0261678146197406e-08
dwell_r4_xi_4_p+3_Nd4001_dt1,dwell,4,xi_4,3,4001,1.0,static_mh,2,context,0.20448570503303712,0.06239014971178983,2.0415436012551277e-09,9.983796182355592e-09
dwell_r4_xi_4_p+3_Nd4001_dt1,dwell,4,xi_4,3,4001,1.0,static_lti_mh,2,context,0.16629392629387377,0.05211760840372499,1.7054033439711207e-09,1.02553555741858e-08
dwell_r4_xi_4_p+3_Nd4001_dt1,dwell,4,xi_4,3,4001,1.0,linear,2,context,0.003644510433414681,0.003644510433414681,1.1925643694423258e-10,3.272221032784825e-08
dwell_r4_xi_4_p+3_Nd4001_dt1,dwell,4,xi_4,3,4001,1.0,atomic,2,zerofill,0.7291565254339757,0.1033952893863567,3.3831998731597345e-09,4.639881500266542e-09
dwell_r4_xi_4_p+3_Nd4001_dt1,dwell,4,xi_4,3,4001,1.0,static,2,zerofill,0.16707852806699458,0.05079650874041632,1.6621138443296485e-09,9.948099636496556e-09
dwell_r4_xi_4_p+3_Nd4001_dt1,dwell,4,xi_4,3,4001,1.0,static_lti,2,zerofill,0.16437476699858103,0.05154618158050751,1.6866439082480388e-09,1.0260966077978373e-08
dwell_r4_xi_4_p+3_Nd4001_dt1,dwell,4,xi_4,3,4001,1.0,static_mh,2,zerofill,0.20453848104338468,0.06240577792564853,2.0419810342960174e-09,9.983358749314719e-09
dwell_r4_xi_4_p+3_Nd4001_dt1,dwell,4,xi_4,3,4001,1.0,static_lti_mh,2,zerofill,0.1663758589680453,0.05214151220747847,1.7061237367161436e-09,1.0254635181440761e-08
dwell_r4_xi_4_p+3_Nd4001_dt1,dwell,4,xi_4,3,4001,1.0,linear,2,zerofill,0.0036808605241417437,0.0036808605241417437,1.2044153009584052e-10,3.2721025234696594e-08
dwell_r4_xi_4_p+3_Nd4001_dt1,dwell,4,xi_4,3,4001,1.0,atomic,4,context,0.7245462017371532,0.10301155609753442,3.3707958241353716e-09,4.652285549290906e-09
dwell_r4_xi_4_p+3_Nd4001_dt1,dwell,4,xi_4,3,4001,1.0,static,4,context,0.16655531199470858,0.05065786222582072,1.657651985071882e-09,9.952561495754306e-09
dwell_r4_xi_4_p+3_Nd4001_dt1,dwell,4,xi_4,3,4001,1.0,static_lti,4,context,0.16378321934584283,0.05138446631948946,1.6814282887947307e-09,1.0266181697431684e-08
dwell_r4_xi_4_p+3_Nd4001_dt1,dwell,4,xi_4,3,4001,1.0,static_mh,4,context,0.2039473309842681,0.0622531590707204,2.0370791063105e-09,9.98826067730023e-09
dwell_r4_xi_4_p+3_Nd4001_dt1,dwell,4,xi_4,3,4001,1.0,static_lti_mh,4,context,0.1657775271845846,0.051978317230956285,1.7008605762813508e-09,1.0259898341875563e-08
dwell_r4_xi_4_p+3_Nd4001_dt1,dwell,4,xi_4,3,4001,1.0,linear,4,context,0.0036355722715721325,0.0036355722715721325,1.1896501999983872e-10,3.272250174479261e-08
dwell_r4_xi_4_p+3_Nd4001_dt1,dwell,4,xi_4,3,4001,1.0,atomic,8,context,0.7141010437607167,0.1021416316167598,3.342446353320499e-09,4.680635020105777e-09
dwell_r4_xi_4_p+3_Nd4001_dt1,dwell,4,xi_4,3,4001,1.0,static,8,context,0.16499840284168338,0.050249640750926076,1.6443513367182101e-09,9.965862144107976e-09
dwell_r4_xi_4_p+3_Nd4001_dt1,dwell,4,xi_4,3,4001,1.0,static_lti,8,context,0.16257455593050338,0.051056512392154633,1.670755116764931e-09,1.0276854869461478e-08
dwell_r4_xi_4_p+3_Nd4001_dt1,dwell,4,xi_4,3,4001,1.0,static_mh,8,context,0.20198599202386905,0.06175292698057164,2.0207807759281065e-09,1.0004559007682608e-08
dwell_r4_xi_4_p+3_Nd4001_dt1,dwell,4,xi_4,3,4001,1.0,static_lti_mh,8,context,0.16454667077664845,0.051645119174933654,1.6900164753657137e-09,1.02707424427912e-08
dwell_r4_xi_4_p+3_Nd4001_dt1,dwell,4,xi_4,3,4001,1.0,linear,8,context,0.0036005504504317723,0.0036005504504317723,1.1782312982963416e-10,3.2723643634962815e-08
dwell_r4_xi_4_p+3_Nd4001_dt1,dwell,4,xi_4,3,4001,1.0,atomic,16,context,0.7044309030922573,0.10132651019525717,3.3158906278991738e-09,4.7071907455271035e-09
dwell_r4_xi_4_p+3_Nd4001_dt1,dwell,4,xi_4,3,4001,1.0,static,16,context,0.16291436111655896,0.049702098904460916,1.6264916617244153e-09,9.983721819101773e-09
dwell_r4_xi_4_p+3_Nd4001_dt1,dwell,4,xi_4,3,4001,1.0,static_lti,16,context,0.16048904265763736,0.05049033677321699,1.6522865949213332e-09,1.0295323391305082e-08
dwell_r4_xi_4_p+3_Nd4001_dt1,dwell,4,xi_4,3,4001,1.0,static_mh,16,context,0.19920589151804985,0.06104198806195387,1.9975873612238577e-09,1.0027752422386857e-08
dwell_r4_xi_4_p+3_Nd4001_dt1,dwell,4,xi_4,3,4001,1.0,static_lti_mh,16,context,0.16234902530182738,0.05104988342266449,1.6705976517928272e-09,1.0290161266364087e-08
dwell_r4_xi_4_p+3_Nd4001_dt1,dwell,4,xi_4,3,4001,1.0,linear,16,context,0.0035648308093504505,0.0035648308093504505,1.1665840507082495e-10,3.272480835972166e-08
dwell_r4_xi_4_p+6_Nd4001_dt1,dwell,4,xi_4,6,4001,1.0,atomic,2,context,0.8445561059458512,0.071336385229275,4.657509299681687e-09,5.514742320719547e-09
dwell_r4_xi_4_p+6_Nd4001_dt1,dwell,4,xi_4,6,4001,1.0,static,2,context,0.6772154618879626,0.08868249524380356,5.790026295690254e-09,8.549755021169536e-09
dwell_r4_xi_4_p+6_Nd4001_dt1,dwell,4,xi_4,6,4001,1.0,static_lti,2,context,0.684820588890268,0.0914597892078332,5.971354133144365e-09,8.719589086567582e-09
dwell_r4_xi_4_p+6_Nd4001_dt1,dwell,4,xi_4,6,4001,1.0,static_mh,2,context,0.7796861388448723,0.10246595117550686,6.68993976870032e-09,8.580298450106681e-09
dwell_r4_xi_4_p+6_Nd4001_dt1,dwell,4,xi_4,6,4001,1.0,static_lti_mh,2,context,0.6890369758899366,0.0920155050016065,6.007636480072382e-09,8.718888376510017e-09
dwell_r4_xi_4_p+6_Nd4001_dt1,dwell,4,xi_4,6,4001,1.0,linear,2,context,0.003644510433413347,0.003644510433413347,2.3794787445220417e-10,6.528939312964151e-08
dwell_r4_xi_4_p+6_Nd4001_dt1,dwell,4,xi_4,6,4001,1.0,atomic,2,zerofill,0.8450043523573808,0.07135949080571118,4.658849114112272e-09,5.51340250628897e-09
dwell_r4_xi_4_p+6_Nd4001_dt1,dwell,4,xi_4,6,4001,1.0,static,2,zerofill,0.6774549836013796,0.08870440625813165,5.791247104589442e-09,8.548534212270349e-09
dwell_r4_xi_4_p+6_Nd4001_dt1,dwell,4,xi_4,6,4001,1.0,static_lti,2,zerofill,0.6851705243706397,0.09149083575360341,5.973164806634982e-09,8.717778413076957e-09
dwell_r4_xi_4_p+6_Nd4001_dt1,dwell,4,xi_4,6,4001,1.0,static_mh,2,zerofill,0.7799686032083378,0.10249051809498186,6.6913013817847875e-09,8.578936837022233e-09
dwell_r4_xi_4_p+6_Nd4001_dt1,dwell,4,xi_4,6,4001,1.0,static_lti_mh,2,zerofill,0.689364231229963,0.09204470770124258,6.009325460297941e-09,8.717199396284469e-09
dwell_r4_xi_4_p+6_Nd4001_dt1,dwell,4,xi_4,6,4001,1.0,linear,2,zerofill,0.0036808605241404153,0.0036808605241404153,2.4031244615733637e-10,6.528702855793649e-08
dwell_r4_xi_4_p+6_Nd4001_dt1,dwell,4,xi_4,6,4001,1.0,atomic,4,context,0.8381408900090082,0.07104096097301492,4.638262536272123e-09,5.533989084129128e-09
dwell_r4_xi_4_p+6_Nd4001_dt1,dwell,4,xi_4,6,4001,1.0,static,4,context,0.6743121732031554,0.08845463483723609,5.775200860261835e-09,8.564580456597947e-09
dwell_r4_xi_4_p+6_Nd4001_dt1,dwell,4,xi_4,6,4001,1.0,static_lti,4,context,0.6818069333536001,0.09121966130789058,5.955729368251881e-09,8.735213851460071e-09
dwell_r4_xi_4_p+6_Nd4001_dt1,dwell,4,xi_4,6,4001,1.0,static_mh,4,context,0.7762328380651004,0.102209538936876,6.673258199317394e-09,8.596980019489625e-09
dwell_r4_xi_4_p+6_Nd4001_dt1,dwell,4,xi_4,6,4001,1.0,static_lti_mh,4,context,0.685887521855721,0.09176521383312956,5.991348478758364e-09,8.73517637782404e-09
dwell_r4_xi_4_p+6_Nd4001_dt1,dwell,4,xi_4,6,4001,1.0,linear,4,context,0.0036355722715709056,0.0036355722715709056,2.373664212051189e-10,6.528997458288858e-08
dwell_r4_xi_4_p+6_Nd4001_dt1,dwell,4,xi_4,6,4001,1.0,atomic,8,context,0.8260663374195488,0.07047803939998257,4.601669976157225e-09,5.570581644244019e-09
dwell_r4_xi_4_p+6_Nd4001_dt1,dwell,4,xi_4,6,4001,1.0,static,8,context,0.6652169154634872,0.0877350936819465,5.728421929564268e-09,8.611359387295516e-09
dwell_r4_xi_4_p+6_Nd4001_dt1,dwell,4,xi_4,6,4001,1.0,static_lti,8,context,0.6742784675347581,0.09061490195714317,5.9164510999254525e-09,8.7744921197865e-09
dwell_r4_xi_4_p+6_Nd4001_dt1,dwell,4,xi_4,6,4001,1.0,static_mh,8,context,0.7652222825752271,0.1013846869592103,6.619634626533217e-09,8.6506035922738e-09
dwell_r4_xi_4_p+6_Nd4001_dt1,dwell,4,xi_4,6,4001,1.0,static_lti_mh,8,context,0.6782149660272934,0.09115036237790318,5.9514125171642035e-09,8.775112339418209e-09
dwell_r4_xi_4_p+6_Nd4001_dt1,dwell,4,xi_4,6,4001,1.0,linear,8,context,0.003600550450430652,0.003600550450430652,2.3508805078068335e-10,6.529225295331304e-08
dwell_r4_xi_4_p+6_Nd4001_dt1,dwell,4,xi_4,6,4001,1.0,atomic,16,context,0.8122086135148421,0.0698231412060192,4.55907246180989e-09,5.613179158591351e-09
dwell_r4_xi_4_p+6_Nd4001_dt1,dwell,4,xi_4,6,4001,1.0,static,16,context,0.6533318034866088,0.08678390661227563,5.666518462652595e-09,8.673262854207189e-09
dwell_r4_xi_4_p+6_Nd4001_dt1,dwell,4,xi_4,6,4001,1.0,static_lti,16,context,0.6618003187735161,0.08960261868112435,5.850565074547959e-09,8.840378145163998e-09
dwell_r4_xi_4_p+6_Nd4001_dt1,dwell,4,xi_4,6,4001,1.0,static_mh,16,context,0.7516074279184505,0.10035129597159272,6.552395410299614e-09,8.717842808507409e-09
dwell_r4_xi_4_p+6_Nd4001_dt1,dwell,4,xi_4,6,4001,1.0,static_lti_mh,16,context,0.6656763068441489,0.09013545474376271,5.885356379806857e-09,8.841168476775548e-09
dwell_r4_xi_4_p+6_Nd4001_dt1,dwell,4,xi_4,6,4001,1.0,linear,16,context,0.0035648308093493035,0.0035648308093493035,2.3276411936211794e-10,6.529457688473157e-08
dwell_r5_xi_0.05_p+0_Nd4001_dt1,dwell,5,xi_0.05,0,4001,1.0,atomic,2,context,0.17927218564184388,0.07903462138678552,1.4818412201469168e-09,8.265873564499235e-09
dwell_r5_xi_0.05_p+0_Nd4001_dt1,dwell,5,xi_0.05,0,4001,1.0,static,2,context,0.011751628607168906,0.0057363436433196385,1.0755223868283159e-10,9.152113488101637e-09
dwell_r5_xi_0.05_p+0_Nd4001_dt1,dwell,5,xi_0.05,0,4001,1.0,static_lti,2,context,0.014134979390424901,0.00797110585429899,1.494523921010341e-10,1.0573230280213484e-08
dwell_r5_xi_0.05_p+0_Nd4001_dt1,dwell,5,xi_0.05,0,4001,1.0,static_mh,2,context,0.11453115897124812,0.056638087023314534,1.0619226170601789e-09,9.271910164872807e-09
dwell_r5_xi_0.05_p+0_Nd4001_dt1,dwell,5,xi_0.05,0,4001,1.0,static_lti_mh,2,context,0.016783009266061973,0.009457552747141693,1.7732218180489053e-10,1.0565577304629473e-08
dwell_r5_xi_0.05_p+0_Nd4001_dt1,dwell,5,xi_0.05,0,4001,1.0,linear,2,context,0.009688697775081141,0.009688697775081141,1.8165598165390142e-10,1.8749267019259468e-08
dwell_r5_xi_0.05_p+0_Nd4001_dt1,dwell,5,xi_0.05,0,4001,1.0,atomic,2,zerofill,0.1794173778632873,0.07909515379184912,1.4828587908284482e-09,8.264855993817717e-09
dwell_r5_xi_0.05_p+0_Nd4001_dt1,dwell,5,xi_0.05,0,4001,1.0,static,2,zerofill,0.011761229399818605,0.005741430013215442,1.0763908480951921e-10,9.152026641974974e-09
dwell_r5_xi_0.05_p+0_Nd4001_dt1,dwell,5,xi_0.05,0,4001,1.0,static_lti,2,zerofill,0.014179946582724786,0.007996742434952952,1.4992119300845034e-10,1.0572761479306068e-08
dwell_r5_xi_0.05_p+0_Nd4001_dt1,dwell,5,xi_0.05,0,4001,1.0,static_mh,2,zerofill,0.11452949049198421,0.05664182953051918,1.0619087367725967e-09,9.27192404516039e-09
dwell_r5_xi_0.05_p+0_Nd4001_dt1,dwell,5,xi_0.05,0,4001,1.0,static_lti_mh,2,zerofill,0.01682470837853712,0.009481412589502022,1.777554671025048e-10,1.0565144019331903e-08
dwell_r5_xi_0.05_p+0_Nd4001_dt1,dwell,5,xi_0.05,0,4001,1.0,linear,2,zerofill,0.00976861413915066,0.00976861413915066,1.8313985947320304e-10,1.8747783141440192e-08
dwell_r5_xi_0.05_p+0_Nd4001_dt1,dwell,5,xi_0.05,0,4001,1.0,atomic,4,context,0.1788474781446064,0.07887167559451391,1.4788632450151536e-09,8.268851539631019e-09
dwell_r5_xi_0.05_p+0_Nd4001_dt1,dwell,5,xi_0.05,0,4001,1.0,static,4,context,0.011398225043357064,0.005565489928177999,1.0435429998468254e-10,9.155311426799796e-09
dwell_r5_xi_0.05_p+0_Nd4001_dt1,dwell,5,xi_0.05,0,4001,1.0,static_lti,4,context,0.013855501637549613,0.007815246803251494,1.4653779269848212e-10,1.057614487961605e-08
dwell_r5_xi_0.05_p+0_Nd4001_dt1,dwell,5,xi_0.05,0,4001,1.0,static_mh,4,context,0.11403725850416073,0.05641590171034092,1.057811981867087e-09,9.276020800065901e-09
dwell_r5_xi_0.05_p+0_Nd4001_dt1,dwell,5,xi_0.05,0,4001,1.0,static_lti_mh,4,context,0.01649544494343686,0.009297649325485276,1.743332032552446e-10,1.0568566283179136e-08
dwell_r5_xi_0.05_p+0_Nd4001_dt1,dwell,5,xi_0.05,0,4001,1.0,linear,4,context,0.009636031367770576,0.009636031367770576,1.8067794946910215e-10,1.8750245051444286e-08
dwell_r5_xi_0.05_p+0_Nd4001_dt1,dwell,5,xi_0.05,0,4001,1.0,atomic,8,context,0.17767135193587238,0.07842682828860595,1.4706052424782772e-09,8.277109542167881e-09
dwell_r5_xi_0.05_p+0_Nd4001_dt1,dwell,5,xi_0.05,0,4001,1.0,static,8,context,0.01124831096272497,0.00549279455675981,1.0299705658504457e-10,9.156668670199435e-09
dwell_r5_xi_0.05_p+0_Nd4001_dt1,dwell,5,xi_0.05,0,4001,1.0,static_lti,8,context,0.01362509490300604,0.00768659815713843,1.441337332311054e-10,1.0578548939083416e-08
dwell_r5_xi_0.05_p+0_Nd4001_dt1,dwell,5,xi_0.05,0,4001,1.0,static_mh,8,context,0.11314985023561636,0.05601835131336438,1.0504170946868705e-09,9.283415687246125e-09
dwell_r5_xi_0.05_p+0_Nd4001_dt1,dwell,5,xi_0.05,0,4001,1.0,static_lti_mh,8,context,0.016242537603264343,0.00915685981833857,1.717030555402912e-10,1.0571196430894098e-08
dwell_r5_xi_0.05_p+0_Nd4001_dt1,dwell,5,xi_0.05,0,4001,1.0,linear,8,context,0.009579052659597501,0.009579052659597501,1.7961972154911388e-10,1.8751303279364295e-08
dwell_r5_xi_0.05_p+0_Nd4001_dt1,dwell,5,xi_0.05,0,4001,1.0,atomic,16,context,0.17592752434712441,0.07776492188892471,1.458330802365371e-09,8.289383982280814e-09
dwell_r5_xi_0.05_p+0_Nd4001_dt1,dwell,5,xi_0.05,0,4001,1.0,static,16,context,0.011066012157599073,0.005404240051131648,1.0134607659220613e-10,9.158319650192268e-09
dwell_r5_xi_0.05_p+0_Nd4001_dt1,dwell,5,xi_0.05,0,4001,1.0,static_lti,16,context,0.013445666876719924,0.007586003205554486,1.422608275400085e-10,1.0580421844774507e-08
dwell_r5_xi_0.05_p+0_Nd4001_dt1,dwell,5,xi_0.05,0,4001,1.0,static_mh,16,context,0.11197539640935013,0.05549023337396418,1.0406120728222574e-09,9.293220709110744e-09
dwell_r5_xi_0.05_p+0_Nd4001_dt1,dwell,5,xi_0.05,0,4001,1.0,static_lti_mh,16,context,0.01605655229390584,0.009052814487509197,1.6976803801193522e-10,1.0573131448422435e-08
dwell_r5_xi_0.05_p+0_Nd4001_dt1,dwell,5,xi_0.05,0,4001,1.0,linear,16,context,0.009484093775893125,0.009484093775893125,1.7785584746888876e-10,1.87530671534445e-08
dwell_r5_xi_0.05_p+3_Nd4001_dt1,dwell,5,xi_0.05,3,4001,1.0,atomic,2,context,0.3184489410049368,0.08058664509858281,3.0147226939609154e-09,9.466895020744248e-09
dwell_r5_xi_0.05_p+3_Nd4001_dt1,dwell,5,xi_0.05,3,4001,1.0,static,2,context,0.03682575424197649,0.010916352089359517,4.0837752134737445e-10,1.108945437109006e-08
dwell_r5_xi_0.05_p+3_Nd4001_dt1,dwell,5,xi_0.05,3,4001,1.0,static_lti,2,context,0.04475069726937379,0.014054254336728616,5.257655216171728e-10,1.1748767141042805e-08
dwell_r5_xi_0.05_p+3_Nd4001_dt1,dwell,5,xi_0.05,3,4001,1.0,static_mh,2,context,1.5592259660039263,0.48116339927811735,1.800018126493055e-08,1.1544305737200136e-08
dwell_r5_xi_0.05_p+3_Nd4001_dt1,dwell,5,xi_0.05,3,4001,1.0,static_lti_mh,2,context,0.07104318672878462,0.022221728570321852,8.313083307790791e-10,1.1701450470580555e-08
dwell_r5_xi_0.05_p+3_Nd4001_dt1,dwell,5,xi_0.05,3,4001,1.0,linear,2,context,0.009688697775080614,0.009688697775080614,3.6245133448268856e-10,3.7409705916817375e-08
dwell_r5_xi_0.05_p+3_Nd4001_dt1,dwell,5,xi_0.05,3,4001,1.0,atomic,2,zerofill,0.31873560065941164,0.08064803663805235,3.016780556700223e-09,9.46483715800494e-09
dwell_r5_xi_0.05_p+3_Nd4001_dt1,dwell,5,xi_0.05,3,4001,1.0,static,2,zerofill,0.03686836353762046,0.010929398741409925,4.0883323381430324e-10,1.1088998658623131e-08
dwell_r5_xi_0.05_p+3_Nd4001_dt1,dwell,5,xi_0.05,3,4001,1.0,static_lti,2,zerofill,0.044797679954720074,0.014069490408664414,5.262938426886931e-10,1.1748238819971312e-08
dwell_r5_xi_0.05_p+3_Nd4001_dt1,dwell,5,xi_0.05,3,4001,1.0,static_mh,2,zerofill,1.559349475145945,0.4812163763037026,1.8000738370285108e-08,1.1543748631845568e-08
dwell_r5_xi_0.05_p+3_Nd4001_dt1,dwell,5,xi_0.05,3,4001,1.0,static_lti_mh,2,zerofill,0.07108750454219531,0.02223643065353812,8.317924954214568e-10,1.1700966305938211e-08
dwell_r5_xi_0.05_p+3_Nd4001_dt1,dwell,5,xi_0.05,3,4001,1.0,linear,2,zerofill,0.009768614139149954,0.009768614139149954,3.654120599755516e-10,3.7406745191324454e-08
dwell_r5_xi_0.05_p+3_Nd4001_dt1,dwell,5,xi_0.05,3,4001,1.0,atomic,4,context,0.31737958727685917,0.08037703658730112,3.0070381514178887e-09,9.474579563287303e-09
dwell_r5_xi_0.05_p+3_Nd4001_dt1,dwell,5,xi_0.05,3,4001,1.0,static,4,context,0.035303674227423545,0.010479996997714874,3.9207405668216017e-10,1.1105757835755263e-08
dwell_r5_xi_0.05_p+3_Nd4001_dt1,dwell,5,xi_0.05,3,4001,1.0,static_lti,4,context,0.043360553303339315,0.013635102910474177,5.1011179798563e-10,1.1764420864674364e-08
dwell_r5_xi_0.05_p+3_Nd4001_dt1,dwell,5,xi_0.05,3,4001,1.0,static_mh,4,context,1.5518016269933121,0.48024051751400526,1.796659368565773e-08,1.1577893316472958e-08
dwell_r5_xi_0.05_p+3_Nd4001_dt1,dwell,5,xi_0.05,3,4001,1.0,static_lti_mh,4,context,0.06960966017855863,0.021801377279391247,8.156256564818682e-10,1.171713314487778e-08
dwell_r5_xi_0.05_p+3_Nd4001_dt1,dwell,5,xi_0.05,3,4001,1.0,linear,4,context,0.009636031367769986,0.009636031367769986,3.6049990372152876e-10,3.7411657347578485e-08
dwell_r5_xi_0.05_p+3_Nd4001_dt1,dwell,5,xi_0.05,3,4001,1.0,atomic,8,context,0.31464824161908267,0.07984636746111581,2.9873535309010175e-09,9.494264183804171e-09
dwell_r5_xi_0.05_p+3_Nd4001_dt1,dwell,5,xi_0.05,3,4001,1.0,static,8,context,0.034625126167555025,0.010284728699948864,3.847904616464053e-10,1.111304143079102e-08
dwell_r5_xi_0.05_p+3_Nd4001_dt1,dwell,5,xi_0.05,3,4001,1.0,static_lti,8,context,0.042426539681580284,0.01335259449513775,4.995708831859465e-10,1.1774961779474038e-08
dwell_r5_xi_0.05_p+3_Nd4001_dt1,dwell,5,xi_0.05,3,4001,1.0,static_mh,8,context,1.5250569291098601,0.4769357498555867,1.7843963872719184e-08,1.1700523129411494e-08
dwell_r5_xi_0.05_p+3_Nd4001_dt1,dwell,5,xi_0.05,3,4001,1.0,static_lti_mh,8,context,0.0684621945356634,0.021463813180045876,8.030421436671553e-10,1.1729716657692496e-08
dwell_r5_xi_0.05_p+3_Nd4001_dt1,dwell,5,xi_0.05,3,4001,1.0,linear,8,context,0.009579052659596911,0.009579052659596911,3.5838846143212784e-10,3.7413768789867884e-08
dwell_r5_xi_0.05_p+3_Nd4001_dt1,dwell,5,xi_0.05,3,4001,1.0,atomic,16,context,0.31075541098569215,0.0790852712248254,2.959156384319401e-09,9.522461330385804e-09
dwell_r5_xi_0.05_p+3_Nd4001_dt1,dwell,5,xi_0.05,3,4001,1.0,static,16,context,0.0339996092570875,0.010104089793844468,3.780676396265007e-10,1.1119764252810918e-08
dwell_r5_xi_0.05_p+3_Nd4001_dt1,dwell,5,xi_0.05,3,4001,1.0,static_lti,16,context,0.04174751065838279,0.013146216190401723,4.918957596905708e-10,1.1782636902969435e-08
dwell_r5_xi_0.05_p+3_Nd4001_dt1,dwell,5,xi_0.05,3,4001,1.0,static_mh,16,context,1.491117460836817,0.4726305548028446,1.7684553672368668e-08,1.1859933329762013e-08
dwell_r5_xi_0.05_p+3_Nd4001_dt1,dwell,5,xi_0.05,3,4001,1.0,static_lti_mh,16,context,0.06762786815708861,0.021216813969152353,7.938756425738344e-10,1.1738883158785806e-08
dwell_r5_xi_0.05_p+3_Nd4001_dt1,dwell,5,xi_0.05,3,4001,1.0,linear,16,context,0.009484093775892526,0.009484093775892526,3.548690699515044e-10,3.741728818134851e-08
dwell_r5_xi_0.05_p+6_Nd4001_dt1,dwell,5,xi_0.05,6,4001,1.0,atomic,2,context,0.5518352661806322,0.07285399026171652,5.437980394736838e-09,9.854354601825729e-09
dwell_r5_xi_0.05_p+6_Nd4001_dt1,dwell,5,xi_0.05,6,4001,1.0,static,2,context,0.11574404448479926,0.01936680872823459,1.445580753976901e-09,1.2489461210824978e-08
dwell_r5_xi_0.05_p+6_Nd4001_dt1,dwell,5,xi_0.05,6,4001,1.0,static_lti,2,context,0.1369538501192588,0.024874138745004815,1.8566598527463164e-09,1.3556828458123265e-08
dwell_r5_xi_0.05_p+6_Nd4001_dt1,dwell,5,xi_0.05,6,4001,1.0,static_mh,2,context,1.561401314322465,0.26695676148046854,1.9926233689578318e-08,1.2761763107791965e-08
dwell_r5_xi_0.05_p+6_Nd4001_dt1,dwell,5,xi_0.05,6,4001,1.0,static_lti_mh,2,context,0.18079056460597412,0.03273972359461429,2.4437642248151693e-09,1.3517100464514046e-08
dwell_r5_xi_0.05_p+6_Nd4001_dt1,dwell,5,xi_0.05,6,4001,1.0,linear,2,context,0.009688697775080087,0.009688697775080087,7.231854887034512e-10,7.46421764298942e-08
dwell_r5_xi_0.05_p+6_Nd4001_dt1,dwell,5,xi_0.05,6,4001,1.0,atomic,2,zerofill,0.5523457351317238,0.07290317355243549,5.4412208726428994e-09,9.851114123919638e-09
dwell_r5_xi_0.05_p+6_Nd4001_dt1,dwell,5,xi_0.05,6,4001,1.0,static,2,zerofill,0.11587645885376141,0.019388198562578642,1.4470628034562927e-09,1.2487979161345594e-08
dwell_r5_xi_0.05_p+6_Nd4001_dt1,dwell,5,xi_0.05,6,4001,1.0,static_lti,2,zerofill,0.13715401314368403,0.02490807973738772,1.8590461396999093e-09,1.3554442171169666e-08
dwell_r5_xi_0.05_p+6_Nd4001_dt1,dwell,5,xi_0.05,6,4001,1.0,static_mh,2,zerofill,1.5614619078815974,0.2669819357980102,1.992653557993442e-08,1.2761461217435865e-08
dwell_r5_xi_0.05_p+6_Nd4001_dt1,dwell,5,xi_0.05,6,4001,1.0,static_lti_mh,2,zerofill,0.18101397060066035,0.03277657382711894,2.44632118125237e-09,1.3514543508076859e-08
dwell_r5_xi_0.05_p+6_Nd4001_dt1,dwell,5,xi_0.05,6,4001,1.0,linear,2,zerofill,0.009768614139149409,0.009768614139149409,7.290929127043279e-10,7.463626900589328e-08
dwell_r5_xi_0.05_p+6_Nd4001_dt1,dwell,5,xi_0.05,6,4001,1.0,atomic,4,context,0.5499330211287335,0.07268816783070445,5.4258860674172334e-09,9.866448929145302e-09
dwell_r5_xi_0.05_p+6_Nd4001_dt1,dwell,5,xi_0.05,6,4001,1.0,static,4,context,0.1107503145519436,0.01861357769394062,1.389430424351388e-09,1.2545611540450512e-08
dwell_r5_xi_0.05_p+6_Nd4001_dt1,dwell,5,xi_0.05,6,4001,1.0,static_lti,4,context,0.13226139558153555,0.0241201714230184,1.8004760055678308e-09,1.3613012305301786e-08
dwell_r5_xi_0.05_p+6_Nd4001_dt1,dwell,5,xi_0.05,6,4001,1.0,static_mh,4,context,1.547606161717076,0.26601707772598415,1.9857129417406536e-08,1.283086737996375e-08
dwell_r5_xi_0.05_p+6_Nd4001_dt1,dwell,5,xi_0.05,6,4001,1.0,static_lti_mh,4,context,0.1759763551535536,0.03199670051981281,2.388427948247702e-09,1.3572436741081527e-08
dwell_r5_xi_0.05_p+6_Nd4001_dt1,dwell,5,xi_0.05,6,4001,1.0,linear,4,context,0.009636031367769448,0.009636031367769448,7.192918724454383e-10,7.464607004615223e-08
dwell_r5_xi_0.05_p+6_Nd4001_dt1,dwell,5,xi_0.05,6,4001,1.0,atomic,8,context,0.5450880658482968,0.07226962159319612,5.3949476989869655e-09,9.897387297575564e-09
dwell_r5_xi_0.05_p+6_Nd4001_dt1,dwell,5,xi_0.05,6,4001,1.0,static,8,context,0.10840342186294555,0.0182566864301907,1.3628668073302414e-09,1.2572175157471633e-08
dwell_r5_xi_0.05_p+6_Nd4001_dt1,dwell,5,xi_0.05,6,4001,1.0,static_lti,8,context,0.12929124768503542,0.023639192845979554,1.7646724341273311e-09,1.364881587674229e-08
dwell_r5_xi_0.05_p+6_Nd4001_dt1,dwell,5,xi_0.05,6,4001,1.0,static_mh,8,context,1.5193601167126807,0.2640750196414279,1.9713274930286695e-08,1.2974721867083591e-08
dwell_r5_xi_0.05_p+6_Nd4001_dt1,dwell,5,xi_0.05,6,4001,1.0,static_lti_mh,8,context,0.1725910030772917,0.03146998623253148,2.3492433759793085e-09,1.3611621313349939e-08
dwell_r5_xi_0.05_p+6_Nd4001_dt1,dwell,5,xi_0.05,6,4001,1.0,linear,8,context,0.009579052659596307,0.009579052659596307,7.150789912151606e-10,7.465028292738255e-08
dwell_r5_xi_0.05_p+6_Nd4001_dt1,dwell,5,xi_0.05,6,4001,1.0,atomic,16,context,0.5374345311485792,0.07160287004143476,5.345677310177661e-09,9.946657686384865e-09
dwell_r5_xi_0.05_p+6_Nd4001_dt1,dwell,5,xi_0.05,6,4001,1.0,static,16,context,0.10632131630658455,0.01793804199844955,1.3392058732371488e-09,1.2595836091564744e-08
dwell_r5_xi_0.05_p+6_Nd4001_dt1,dwell,5,xi_0.05,6,4001,1.0,static_lti,16,context,0.12705889902124354,0.023274861425813427,1.7376384291509752e-09,1.3675849881718648e-08
dwell_r5_xi_0.05_p+6_Nd4001_dt1,dwell,5,xi_0.05,6,4001,1.0,static_mh,16,context,1.4857773780581631,0.2617022811348126,1.9537987031449316e-08,1.3150009765920983e-08
dwell_r5_xi_0.05_p+6_Nd4001_dt1,dwell,5,xi_0.05,6,4001,1.0,static_lti_mh,16,context,0.16988687892476903,0.03104560122114287,2.317780920410741e-09,1.3643083768918512e-08
dwell_r5_xi_0.05_p+6_Nd4001_dt1,dwell,5,xi_0.05,6,4001,1.0,linear,16,context,0.009484093775892022,0.009484093775892022,7.080568820222568e-10,7.46573050365754e-08
dwell_r5_xi_0.1_p+0_Nd4001_dt1,dwell,5,xi_0.1,0,4001,1.0,atomic,2,context,0.13427789355898115,0.06145463768011509,1.1251339662771741e-09,8.3791451925254e-09
dwell_r5_xi_0.1_p+0_Nd4001_dt1,dwell,5,xi_0.1,0,4001,1.0,static,2,context,0.016752499333424823,0.008573479336722497,1.5696639301875248e-10,9.369729847150086e-09
dwell_r5_xi_0.1_p+0_Nd4001_dt1,dwell,5,xi_0.1,0,4001,1.0,static_lti,2,context,0.020933329464180778,0.011823489298734686,2.1646876317400441e-10,1.0340866394158952e-08
dwell_r5_xi_0.1_p+0_Nd4001_dt1,dwell,5,xi_0.1,0,4001,1.0,static_mh,2,context,0.059288666344902,0.030328335417371715,5.552622488208612e-10,9.36540291850579e-09
dwell_r5_xi_0.1_p+0_Nd4001_dt1,dwell,5,xi_0.1,0,4001,1.0,static_lti_mh,2,context,0.022403634797742506,0.012660642637245192,2.3179567244720444e-10,1.0346342213655493e-08
dwell_r5_xi_0.1_p+0_Nd4001_dt1,dwell,5,xi_0.1,0,4001,1.0,linear,2,context,0.00985131463489936,0.00985131463489936,1.803614686641487e-10,1.8308365466797543e-08
dwell_r5_xi_0.1_p+0_Nd4001_dt1,dwell,5,xi_0.1,0,4001,1.0,atomic,2,zerofill,0.13443504528812486,0.06152184550373001,1.1262947177553838e-09,8.377984441047184e-09
dwell_r5_xi_0.1_p+0_Nd4001_dt1,dwell,5,xi_0.1,0,4001,1.0,static,2,zerofill,0.01676455655376178,0.008580079202918253,1.5707750320304924e-10,9.369618736965805e-09
dwell_r5_xi_0.1_p+0_Nd4001_dt1,dwell,5,xi_0.1,0,4001,1.0,static_lti,2,zerofill,0.020993258237767917,0.011857375959411713,2.1707573627184824e-10,1.0340259421061099e-08
dwell_r5_xi_0.1_p+0_Nd4001_dt1,dwell,5,xi_0.1,0,4001,1.0,static_mh,2,zerofill,0.05932678427026541,0.030348620491437203,5.55599245614245e-10,9.365065921712385e-09
dwell_r5_xi_0.1_p+0_Nd4001_dt1,dwell,5,xi_0.1,0,4001,1.0,static_lti_mh,2,zerofill,0.02246533852916213,0.012695531990133131,2.3242005343800215e-10,1.0345717832664707e-08
dwell_r5_xi_0.1_p+0_Nd4001_dt1,dwell,5,xi_0.1,0,4001,1.0,linear,2,zerofill,0.009913821092044132,0.009913821092044132,1.8149462580839256e-10,1.8307232309653286e-08
dwell_r5_xi_0.1_p+0_Nd4001_dt1,dwell,5,xi_0.1,0,4001,1.0,atomic,4,context,0.13367553499177626,0.06120956406900044,1.1206818547719149e-09,8.383597304030684e-09
dwell_r5_xi_0.1_p+0_Nd4001_dt1,dwell,5,xi_0.1,0,4001,1.0,static,4,context,0.016184058983321058,0.008286942757604884,1.5172508612399574e-10,9.374971154044875e-09
dwell_r5_xi_0.1_p+0_Nd4001_dt1,dwell,5,xi_0.1,0,4001,1.0,static_lti,4,context,0.020406576303523903,0.01153156241218546,2.1113061249607972e-10,1.0346204544836886e-08
dwell_r5_xi_0.1_p+0_Nd4001_dt1,dwell,5,xi_0.1,0,4001,1.0,static_mh,4,context,0.058665489594104225,0.0300262904661055,5.497493635723729e-10,9.370915803754268e-09
dwell_r5_xi_0.1_p+0_Nd4001_dt1,dwell,5,xi_0.1,0,4001,1.0,static_lti_mh,4,context,0.021874837968360105,0.012367824368250785,2.2644167726599065e-10,1.0351696208836712e-08
dwell_r5_xi_0.1_p+0_Nd4001_dt1,dwell,5,xi_0.1,0,4001,1.0,linear,4,context,0.009819969058678593,0.009819969058678593,1.797931631415792e-10,1.830893377232013e-08
dwell_r5_xi_0.1_p+0_Nd4001_dt1,dwell,5,xi_0.1,0,4001,1.0,atomic,8,context,0.13307799619204078,0.06096395691685457,1.1162606898676846e-09,8.388018468934888e-09
dwell_r5_xi_0.1_p+0_Nd4001_dt1,dwell,5,xi_0.1,0,4001,1.0,static,8,context,0.015973463281461493,0.008180249645277499,1.497817985269725e-10,9.376914441641876e-09
dwell_r5_xi_0.1_p+0_Nd4001_dt1,dwell,5,xi_0.1,0,4001,1.0,static_lti,8,context,0.02019201573896975,0.011411942673866497,2.0895466183788413e-10,1.0348380495495075e-08
dwell_r5_xi_0.1_p+0_Nd4001_dt1,dwell,5,xi_0.1,0,4001,1.0,static_mh,8,context,0.05826769767004047,0.029831880227155917,5.46226932871688e-10,9.374438234454934e-09
dwell_r5_xi_0.1_p+0_Nd4001_dt1,dwell,5,xi_0.1,0,4001,1.0,static_lti_mh,8,context,0.021655891018859147,0.012245827965195277,2.2422324704206784e-10,1.0353914639060654e-08
dwell_r5_xi_0.1_p+0_Nd4001_dt1,dwell,5,xi_0.1,0,4001,1.0,linear,8,context,0.009751541527975431,0.009751541527975431,1.7855242710273953e-10,1.8310174508358962e-08
dwell_r5_xi_0.1_p+0_Nd4001_dt1,dwell,5,xi_0.1,0,4001,1.0,atomic,16,context,0.13124609283398306,0.06021470628470877,1.10267740388064e-09,8.40160175492194e-09
dwell_r5_xi_0.1_p+0_Nd4001_dt1,dwell,5,xi_0.1,0,4001,1.0,static,16,context,0.015812610858635046,0.008098160842257323,1.4829697800943696e-10,9.37839926215942e-09
dwell_r5_xi_0.1_p+0_Nd4001_dt1,dwell,5,xi_0.1,0,4001,1.0,static_lti,16,context,0.02001834236786705,0.011314322077818153,2.0719269535997323e-10,1.0350142461972966e-08
dwell_r5_xi_0.1_p+0_Nd4001_dt1,dwell,5,xi_0.1,0,4001,1.0,static_mh,16,context,0.057667258617448224,0.02953759525572634,5.409050523216209e-10,9.379760115005028e-09
dwell_r5_xi_0.1_p+0_Nd4001_dt1,dwell,5,xi_0.1,0,4001,1.0,static_lti_mh,16,context,0.021459862530633502,0.012135815087626128,2.2223622600642573e-10,1.0355901660096293e-08
dwell_r5_xi_0.1_p+0_Nd4001_dt1,dwell,5,xi_0.1,0,4001,1.0,linear,16,context,0.009627347108963739,0.009627347108963739,1.7630008965211486e-10,1.8312426845809586e-08
dwell_r5_xi_0.1_p+3_Nd4001_dt1,dwell,5,xi_0.1,3,4001,1.0,atomic,2,context,0.2702352752106678,0.060801628869412365,2.221082995792446e-09,8.219071303925632e-09
dwell_r5_xi_0.1_p+3_Nd4001_dt1,dwell,5,xi_0.1,3,4001,1.0,static,2,context,0.07459150367042985,0.0219952320843659,8.034856447023618e-10,1.0771811870859039e-08
dwell_r5_xi_0.1_p+3_Nd4001_dt1,dwell,5,xi_0.1,3,4001,1.0,static_lti,2,context,0.08263894908182542,0.025505168212358494,9.317035822011353e-10,1.1274388076724011e-08
dwell_r5_xi_0.1_p+3_Nd4001_dt1,dwell,5,xi_0.1,3,4001,1.0,static_mh,2,context,0.7416732126808565,0.2190863857036319,8.003223843576364e-09,1.07907683690609e-08
dwell_r5_xi_0.1_p+3_Nd4001_dt1,dwell,5,xi_0.1,3,4001,1.0,static_lti_mh,2,context,0.09768361048972013,0.03013187806140729,1.1007172544213123e-09,1.126818766119571e-08
dwell_r5_xi_0.1_p+3_Nd4001_dt1,dwell,5,xi_0.1,3,4001,1.0,linear,2,context,0.009851314634897019,0.009851314634897019,3.59868441497931e-10,3.652999166457877e-08
dwell_r5_xi_0.1_p+3_Nd4001_dt1,dwell,5,xi_0.1,3,4001,1.0,atomic,2,zerofill,0.27062472291469775,0.06087435779124593,2.223602149080465e-09,8.216552150637603e-09
dwell_r5_xi_0.1_p+3_Nd4001_dt1,dwell,5,xi_0.1,3,4001,1.0,static,2,zerofill,0.07465958258739212,0.022015274846401374,8.041680312904253e-10,1.0771129484271003e-08
dwell_r5_xi_0.1_p+3_Nd4001_dt1,dwell,5,xi_0.1,3,4001,1.0,static_lti,2,zerofill,0.082756249445581,0.02554018479425896,9.329249926738994e-10,1.1273166666251275e-08
dwell_r5_xi_0.1_p+3_Nd4001_dt1,dwell,5,xi_0.1,3,4001,1.0,static_mh,2,zerofill,0.7424261931279185,0.21922760764500274,8.00788701819042e-09,1.078610519444682e-08
dwell_r5_xi_0.1_p+3_Nd4001_dt1,dwell,5,xi_0.1,3,4001,1.0,static_lti_mh,2,zerofill,0.09780231744586732,0.03016709985001336,1.1019356998894058e-09,1.1266969215727605e-08
dwell_r5_xi_0.1_p+3_Nd4001_dt1,dwell,5,xi_0.1,3,4001,1.0,linear,2,zerofill,0.009913821092041648,0.009913821092041648,3.621293872447745e-10,3.652773071883202e-08
dwell_r5_xi_0.1_p+3_Nd4001_dt1,dwell,5,xi_0.1,3,4001,1.0,atomic,4,context,0.26868473055402187,0.06052476846751044,2.2110379177789953e-09,8.229116381939103e-09
dwell_r5_xi_0.1_p+3_Nd4001_dt1,dwell,5,xi_0.1,3,4001,1.0,static,4,context,0.07145550575649941,0.021131516499660462,7.719580830119546e-10,1.0803339432549454e-08
dwell_r5_xi_0.1_p+3_Nd4001_dt1,dwell,5,xi_0.1,3,4001,1.0,static_lti,4,context,0.0797827092924486,0.024688004309427764,9.01880585825582e-10,1.1304211073099578e-08
dwell_r5_xi_0.1_p+3_Nd4001_dt1,dwell,5,xi_0.1,3,4001,1.0,static_mh,4,context,0.7344287442354117,0.21784580061052972,7.958152299869775e-09,1.0835839912767482e-08
dwell_r5_xi_0.1_p+3_Nd4001_dt1,dwell,5,xi_0.1,3,4001,1.0,static_lti_mh,4,context,0.09465552935538002,0.02927768343635867,1.0695467303979554e-09,1.1299358185219051e-08
dwell_r5_xi_0.1_p+3_Nd4001_dt1,dwell,5,xi_0.1,3,4001,1.0,linear,4,context,0.009819969058676319,0.009819969058676319,3.5873452290536187e-10,3.6531125583171386e-08
dwell_r5_xi_0.1_p+3_Nd4001_dt1,dwell,5,xi_0.1,3,4001,1.0,atomic,8,context,0.2670085623818606,0.06022267919140442,2.2001513433911397e-09,8.240002956326949e-09
dwell_r5_xi_0.1_p+3_Nd4001_dt1,dwell,5,xi_0.1,3,4001,1.0,static,8,context,0.07047156042652049,0.020858277122932378,7.620279776492312e-10,1.0813269537912176e-08
dwell_r5_xi_0.1_p+3_Nd4001_dt1,dwell,5,xi_0.1,3,4001,1.0,static_lti,8,context,0.07872614893905426,0.024383269821498,8.90808655050579e-10,1.1315283003874575e-08
dwell_r5_xi_0.1_p+3_Nd4001_dt1,dwell,5,xi_0.1,3,4001,1.0,static_mh,8,context,0.728602744881767,0.2168313949957604,7.921631707434699e-09,1.0872360505202558e-08
dwell_r5_xi_0.1_p+3_Nd4001_dt1,dwell,5,xi_0.1,3,4001,1.0,static_lti_mh,8,context,0.09354221213431155,0.028960819815684196,1.0580430409061047e-09,1.131086187471091e-08
dwell_r5_xi_0.1_p+3_Nd4001_dt1,dwell,5,xi_0.1,3,4001,1.0,linear,8,context,0.009751541527973083,0.009751541527973083,3.5625892904423815e-10,3.6533601177032444e-08
dwell_r5_xi_0.1_p+3_Nd4001_dt1,dwell,5,xi_0.1,3,4001,1.0,atomic,16,context,0.2635185502544883,0.05959235998500148,2.177391321196474e-09,8.262762978521617e-09
dwell_r5_xi_0.1_p+3_Nd4001_dt1,dwell,5,xi_0.1,3,4001,1.0,static,16,context,0.0697912717664008,0.020667517860442863,7.551517347412918e-10,1.0820145780820117e-08
dwell_r5_xi_0.1_p+3_Nd4001_dt1,dwell,5,xi_0.1,3,4001,1.0,static_lti,16,context,0.07809007858922927,0.02419755772840601,8.841326674298953e-10,1.1321958991495252e-08
dwell_r5_xi_0.1_p+3_Nd4001_dt1,dwell,5,xi_0.1,3,4001,1.0,static_mh,16,context,0.7166894679425114,0.214739738267957,7.846180995992323e-09,1.0947811216644943e-08
dwell_r5_xi_0.1_p+3_Nd4001_dt1,dwell,5,xi_0.1,3,4001,1.0,static_lti_mh,16,context,0.0927668877705554,0.02873762067890068,1.0500179196431116e-09,1.1318886995973919e-08
dwell_r5_xi_0.1_p+3_Nd4001_dt1,dwell,5,xi_0.1,3,4001,1.0,linear,16,context,0.009627347108961492,0.009627347108961492,3.5176492500841837e-10,3.653809518106837e-08
dwell_r5_xi_0.25_p+3_Nd4001_dt1,dwell,5,xi_0.25,3,4001,1.0,atomic,2,context,0.3212825197394269,0.05127262266035627,1.7596033695855386e-09,5.476810163878969e-09
dwell_r5_xi_0.25_p+3_Nd4001_dt1,dwell,5,xi_0.25,3,4001,1.0,static,2,context,0.12420692358421316,0.03728326542952854,1.2795085578814158e-09,1.0301427013558549e-08
dwell_r5_xi_0.25_p+3_Nd4001_dt1,dwell,5,xi_0.25,3,4001,1.0,static_lti,2,context,0.13054619708585502,0.04053832336705084,1.3912175093232337e-09,1.06568980206163e-08
dwell_r5_xi_0.25_p+3_Nd4001_dt1,dwell,5,xi_0.25,3,4001,1.0,static_mh,2,context,0.4013551304369088,0.1180216562368048,4.050335114979758e-09,1.0091649035532765e-08
dwell_r5_xi_0.25_p+3_Nd4001_dt1,dwell,5,xi_0.25,3,4001,1.0,static_lti_mh,2,context,0.1349898640832902,0.04194012808897556,1.439325450446886e-09,1.066247055081711e-08
dwell_r5_xi_0.25_p+3_Nd4001_dt1,dwell,5,xi_0.25,3,4001,1.0,linear,2,context,0.007787603321943363,0.007787603321943363,2.6725945222385196e-10,3.431857545578715e-08
dwell_r5_xi_0.25_p+3_Nd4001_dt1,dwell,5,xi_0.25,3,4001,1.0,atomic,2,zerofill,0.32172523780348306,0.051327910201695366,1.761437852822757e-09,5.474975680641761e-09
dwell_r5_xi_0.25_p+3_Nd4001_dt1,dwell,5,xi_0.25,3,4001,1.0,static,2,zerofill,0.12436392195257737,0.03732651216384035,1.2809469775971084e-09,1.0299988593842842e-08
dwell_r5_xi_0.25_p+3_Nd4001_dt1,dwell,5,xi_0.25,3,4001,1.0,static_lti,2,zerofill,0.13082357731555996,0.040615943530064626,1.393831544686663e-09,1.0654283985252884e-08
dwell_r5_xi_0.25_p+3_Nd4001_dt1,dwell,5,xi_0.25,3,4001,1.0,static_mh,2,zerofill,0.40158179686605655,0.11807342845270823,4.051967155333167e-09,1.0090016995179337e-08
dwell_r5_xi_0.25_p+3_Nd4001_dt1,dwell,5,xi_0.25,3,4001,1.0,static_lti_mh,2,zerofill,0.13527317505073347,0.04201916256560027,1.4419863032825483e-09,1.0659809697981431e-08
dwell_r5_xi_0.25_p+3_Nd4001_dt1,dwell,5,xi_0.25,3,4001,1.0,linear,2,zerofill,0.007823594550443623,0.007823594550443623,2.6848503147969693e-10,3.431734987653124e-08
dwell_r5_xi_0.25_p+3_Nd4001_dt1,dwell,5,xi_0.25,3,4001,1.0,atomic,4,context,0.319739751347851,0.05108495374954493,1.7532010091210117e-09,5.483212524343495e-09
dwell_r5_xi_0.25_p+3_Nd4001_dt1,dwell,5,xi_0.25,3,4001,1.0,static,4,context,0.12003152306436907,0.03616346277128961,1.2411055461609353e-09,1.0339830025279027e-08
dwell_r5_xi_0.25_p+3_Nd4001_dt1,dwell,5,xi_0.25,3,4001,1.0,static_lti,4,context,0.1264683275950116,0.03941333693995928,1.3526390262529816e-09,1.0695476503686564e-08
dwell_r5_xi_0.25_p+3_Nd4001_dt1,dwell,5,xi_0.25,3,4001,1.0,static_mh,4,context,0.3949161492042095,0.1166617347664859,4.003751713687964e-09,1.013823243682456e-08
dwell_r5_xi_0.25_p+3_Nd4001_dt1,dwell,5,xi_0.25,3,4001,1.0,static_lti_mh,4,context,0.13095044551806836,0.04082954353883837,1.4012422774265384e-09,1.0700553723837442e-08
dwell_r5_xi_0.25_p+3_Nd4001_dt1,dwell,5,xi_0.25,3,4001,1.0,linear,4,context,0.00776566262128277,0.00776566262128277,2.6651228091299886e-10,3.431932262709799e-08
dwell_r5_xi_0.25_p+3_Nd4001_dt1,dwell,5,xi_0.25,3,4001,1.0,atomic,8,context,0.3183245144283976,0.05091064366464964,1.747314715786762e-09,5.489098817677753e-09
dwell_r5_xi_0.25_p+3_Nd4001_dt1,dwell,5,xi_0.25,3,4001,1.0,static,8,context,0.11899303577867457,0.03588188580283613,1.2315096133229598e-09,1.0349425958117002e-08
dwell_r5_xi_0.25_p+3_Nd4001_dt1,dwell,5,xi_0.25,3,4001,1.0,static_lti,8,context,0.1253612806142785,0.039104616219785546,1.342117609553409e-09,1.0705997920386139e-08
dwell_r5_xi_0.25_p+3_Nd4001_dt1,dwell,5,xi_0.25,3,4001,1.0,static_mh,8,context,0.3921938735926383,0.11607772466427609,3.9839275617284495e-09,1.0158056588784078e-08
dwell_r5_xi_0.25_p+3_Nd4001_dt1,dwell,5,xi_0.25,3,4001,1.0,static_lti_mh,8,context,0.12980654718387943,0.04051163694464686,1.3904082584432838e-09,1.0711387742820707e-08
dwell_r5_xi_0.25_p+3_Nd4001_dt1,dwell,5,xi_0.25,3,4001,1.0,linear,8,context,0.007710346017041298,0.007710346017041298,2.646283780681959e-10,3.4321206529942755e-08
dwell_r5_xi_0.25_p+3_Nd4001_dt1,dwell,5,xi_0.25,3,4001,1.0,atomic,16,context,0.31461651523332146,0.050454939491056824,1.7318321976822104e-09,5.504581335782305e-09
dwell_r5_xi_0.25_p+3_Nd4001_dt1,dwell,5,xi_0.25,3,4001,1.0,static,16,context,0.1174957489718206,0.03547462390097598,1.2176428411586281e-09,1.0363292730281327e-08
dwell_r5_xi_0.25_p+3_Nd4001_dt1,dwell,5,xi_0.25,3,4001,1.0,static_lti,16,context,0.12390805614798124,0.03869775431339124,1.3282746461286626e-09,1.0719840883810874e-08
dwell_r5_xi_0.25_p+3_Nd4001_dt1,dwell,5,xi_0.25,3,4001,1.0,static_mh,16,context,0.3867998517262103,0.11491606295903599,3.9444173329869945e-09,1.0197566817525523e-08
dwell_r5_xi_0.25_p+3_Nd4001_dt1,dwell,5,xi_0.25,3,4001,1.0,static_lti_mh,16,context,0.12831806463739492,0.04009626939277978,1.3762777448908456e-09,1.0725518256373121e-08
dwell_r5_xi_0.25_p+3_Nd4001_dt1,dwell,5,xi_0.25,3,4001,1.0,linear,16,context,0.007618526706469607,0.007618526706469607,2.615008556596232e-10,3.4324334052351385e-08
dwell_r5_xi_0.5_p+3_Nd4001_dt1,dwell,5,xi_0.5,3,4001,1.0,atomic,2,context,0.45756281213022926,0.06950162913056485,2.2954521018798228e-09,5.016692880247669e-09
dwell_r5_xi_0.5_p+3_Nd4001_dt1,dwell,5,xi_0.5,3,4001,1.0,static,2,context,0.15087224225989268,0.04610227040481831,1.522634142911523e-09,1.0092208613753031e-08
dwell_r5_xi_0.5_p+3_Nd4001_dt1,dwell,5,xi_0.5,3,4001,1.0,static_lti,2,context,0.15558107806733917,0.04871722118999813,1.6089989425750978e-09,1.0341867806563758e-08
dwell_r5_xi_0.5_p+3_Nd4001_dt1,dwell,5,xi_0.5,3,4001,1.0,static_mh,2,context,0.29059070645351415,0.08892149597757901,2.9368381345505457e-09,1.010644204831221e-08
dwell_r5_xi_0.5_p+3_Nd4001_dt1,dwell,5,xi_0.5,3,4001,1.0,static_lti_mh,2,context,0.1574016730061079,0.04935780917657779,1.63015584290431e-09,1.0356661474881863e-08
dwell_r5_xi_0.5_p+3_Nd4001_dt1,dwell,5,xi_0.5,3,4001,1.0,linear,2,context,0.005736565078927671,0.005736565078927671,1.8946333392067202e-10,3.3027313612571824e-08
dwell_r5_xi_0.5_p+3_Nd4001_dt1,dwell,5,xi_0.5,3,4001,1.0,atomic,2,zerofill,0.4596898556247227,0.06973910961279478,2.30276236982043e-09,5.009382612307063e-09
dwell_r5_xi_0.5_p+3_Nd4001_dt1,dwell,5,xi_0.5,3,4001,1.0,static,2,zerofill,0.1507453824772035,0.04607924834089643,1.5215215636988755e-09,1.009332119296568e-08
dwell_r5_xi_0.5_p+3_Nd4001_dt1,dwell,5,xi_0.5,3,4001,1.0,static_lti,2,zerofill,0.1555953008953802,0.04873235374878807,1.6091262281458541e-09,1.0341740520993014e-08
dwell_r5_xi_0.5_p+3_Nd4001_dt1,dwell,5,xi_0.5,3,4001,1.0,static_mh,2,zerofill,0.2903248050794952,0.08887900719762998,2.9347554675999464e-09,1.010852471526285e-08
dwell_r5_xi_0.5_p+3_Nd4001_dt1,dwell,5,xi_0.5,3,4001,1.0,static_lti_mh,2,zerofill,0.15742188169523297,0.04937471156564656,1.6303366711359428e-09,1.0356480646650233e-08
dwell_r5_xi_0.5_p+3_Nd4001_dt1,dwell,5,xi_0.5,3,4001,1.0,linear,2,zerofill,0.005969386513742783,0.005969386513742783,1.9710717144341777e-10,3.3019669775049014e-08
dwell_r5_xi_0.5_p+3_Nd4001_dt1,dwell,5,xi_0.5,3,4001,1.0,atomic,4,context,0.45464505769175734,0.06919579131902492,2.2853895248680684e-09,5.026755457259427e-09
dwell_r5_xi_0.5_p+3_Nd4001_dt1,dwell,5,xi_0.5,3,4001,1.0,static,4,context,0.14781222385494722,0.04528686817419434,1.4957287454407465e-09,1.011911401122381e-08
dwell_r5_xi_0.5_p+3_Nd4001_dt1,dwell,5,xi_0.5,3,4001,1.0,static_lti,4,context,0.15281815949438543,0.04796594528956877,1.5842129532094214e-09,1.0366653795929441e-08
dwell_r5_xi_0.5_p+3_Nd4001_dt1,dwell,5,xi_0.5,3,4001,1.0,static_mh,4,context,0.2870020710846326,0.08806676758263184,2.9086576551224523e-09,1.013462252774034e-08
dwell_r5_xi_0.5_p+3_Nd4001_dt1,dwell,5,xi_0.5,3,4001,1.0,static_lti_mh,4,context,0.1545597527754938,0.04858512614212917,1.6046631772399016e-09,1.0382154140546275e-08
dwell_r5_xi_0.5_p+3_Nd4001_dt1,dwell,5,xi_0.5,3,4001,1.0,linear,4,context,0.0057196556078457795,0.0057196556078457795,1.88908035631203e-10,3.302786891086128e-08
dwell_r5_xi_0.5_p+3_Nd4001_dt1,dwell,5,xi_0.5,3,4001,1.0,atomic,8,context,0.44953050739683714,0.06865521842815715,2.26765302779179e-09,5.0444919543357e-09
dwell_r5_xi_0.5_p+3_Nd4001_dt1,dwell,5,xi_0.5,3,4001,1.0,static,8,context,0.14611380808057206,0.04483052228457474,1.480733321131056e-09,1.0134109435533497e-08
dwell_r5_xi_0.5_p+3_Nd4001_dt1,dwell,5,xi_0.5,3,4001,1.0,static_lti,8,context,0.150812657464733,0.04741650240979915,1.5661471584915896e-09,1.0384719590647274e-08
dwell_r5_xi_0.5_p+3_Nd4001_dt1,dwell,5,xi_0.5,3,4001,1.0,static_mh,8,context,0.2839209947306439,0.0873258818279436,2.8843371977462037e-09,1.0158942985116606e-08
dwell_r5_xi_0.5_p+3_Nd4001_dt1,dwell,5,xi_0.5,3,4001,1.0,static_lti_mh,8,context,0.1525559099454471,0.048036114387223564,1.5866126818535584e-09,1.0400204635932621e-08
dwell_r5_xi_0.5_p+3_Nd4001_dt1,dwell,5,xi_0.5,3,4001,1.0,linear,8,context,0.005667555305646404,0.005667555305646404,1.8719697123205945e-10,3.302957997526042e-08
dwell_r5_xi_0.5_p+3_Nd4001_dt1,dwell,5,xi_0.5,3,4001,1.0,atomic,16,context,0.4419615403876247,0.06784954733240937,2.2411741016129816e-09,5.0709708805145085e-09
dwell_r5_xi_0.5_p+3_Nd4001_dt1,dwell,5,xi_0.5,3,4001,1.0,static,16,context,0.14444241260299492,0.044379814590527776,1.4659330092120868e-09,1.0148909747452471e-08
dwell_r5_xi_0.5_p+3_Nd4001_dt1,dwell,5,xi_0.5,3,4001,1.0,static_lti,16,context,0.1492845070696546,0.0469956812598472,1.5523390776833929e-09,1.0398527671455469e-08
dwell_r5_xi_0.5_p+3_Nd4001_dt1,dwell,5,xi_0.5,3,4001,1.0,static_mh,16,context,0.27953622080532975,0.08626679987589002,2.8495240618727516e-09,1.0193756120990034e-08
dwell_r5_xi_0.5_p+3_Nd4001_dt1,dwell,5,xi_0.5,3,4001,1.0,static_lti_mh,16,context,0.1510297483310402,0.047615812187714913,1.5728229486860588e-09,1.0413994369100107e-08
dwell_r5_xi_0.5_p+3_Nd4001_dt1,dwell,5,xi_0.5,3,4001,1.0,linear,16,context,0.0056083005952540085,0.0056083005952540085,1.8525072815246465e-10,3.303152621834001e-08
dwell_r5_xi_1_p+3_Nd4001_dt1,dwell,5,xi_1,3,4001,1.0,atomic,2,context,0.49921110419027626,0.08651815723547937,2.868778801577211e-09,5.746624579255683e-09
dwell_r5_xi_1_p+3_Nd4001_dt1,dwell,5,xi_1,3,4001,1.0,static,2,context,0.16203589293977563,0.04891481914041168,1.6219230820077088e-09,1.000965312426509e-08
dwell_r5_xi_1_p+3_Nd4001_dt1,dwell,5,xi_1,3,4001,1.0,static_lti,2,context,0.1618172952323204,0.05031511997253045,1.668354414705649e-09,1.031011185986269e-08
dwell_r5_xi_1_p+3_Nd4001_dt1,dwell,5,xi_1,3,4001,1.0,static_mh,2,context,0.24372316083076825,0.07304784790951778,2.4221287678758514e-09,9.938032805826288e-09
dwell_r5_xi_1_p+3_Nd4001_dt1,dwell,5,xi_1,3,4001,1.0,static_lti_mh,2,context,0.16345816010460942,0.05083937045582146,1.6857375712734488e-09,1.031296063894648e-08
dwell_r5_xi_1_p+3_Nd4001_dt1,dwell,5,xi_1,3,4001,1.0,linear,2,context,0.004533270998630403,0.004533270998630403,1.503147103246737e-10,3.315811262333246e-08
dwell_r5_xi_1_p+3_Nd4001_dt1,dwell,5,xi_1,3,4001,1.0,atomic,2,zerofill,0.49953091721054976,0.08655997686510739,2.8700044150953993e-09,5.745398965737504e-09
dwell_r5_xi_1_p+3_Nd4001_dt1,dwell,5,xi_1,3,4001,1.0,static,2,zerofill,0.16208477187153947,0.0489302619936398,1.6223441021982143e-09,1.0009232104074561e-08
dwell_r5_xi_1_p+3_Nd4001_dt1,dwell,5,xi_1,3,4001,1.0,static_lti,2,zerofill,0.1619046449154593,0.05034132033911085,1.6691295084347496e-09,1.0309336766133598e-08
dwell_r5_xi_1_p+3_Nd4001_dt1,dwell,5,xi_1,3,4001,1.0,static_mh,2,zerofill,0.2437689224729275,0.07306297489553217,2.4224944151378214e-09,9.937667158564312e-09
dwell_r5_xi_1_p+3_Nd4001_dt1,dwell,5,xi_1,3,4001,1.0,static_lti_mh,2,zerofill,0.16354358901225088,0.05086506029560949,1.6864947624695954e-09,1.0312203447750323e-08
dwell_r5_xi_1_p+3_Nd4001_dt1,dwell,5,xi_1,3,4001,1.0,linear,2,zerofill,0.004589639043686567,0.004589639043686567,1.5217522920092723e-10,3.315625210445623e-08
dwell_r5_xi_1_p+3_Nd4001_dt1,dwell,5,xi_1,3,4001,1.0,atomic,4,context,0.495965082559078,0.08614114579231967,2.856309481331629e-09,5.759093899501269e-09
dwell_r5_xi_1_p+3_Nd4001_dt1,dwell,5,xi_1,3,4001,1.0,static,4,context,0.160517226394311,0.048519242127053074,1.6088243317386078e-09,1.0022751874534178e-08
dwell_r5_xi_1_p+3_Nd4001_dt1,dwell,5,xi_1,3,4001,1.0,static_lti,4,context,0.1598437626490877,0.04978549160545971,1.6508112400579371e-09,1.0327655034510408e-08
dwell_r5_xi_1_p+3_Nd4001_dt1,dwell,5,xi_1,3,4001,1.0,static_mh,4,context,0.24195388209529664,0.07262006878591594,2.4079711164773103e-09,9.95219045722482e-09
dwell_r5_xi_1_p+3_Nd4001_dt1,dwell,5,xi_1,3,4001,1.0,static_lti_mh,4,context,0.1614541445430799,0.050302160967660374,1.667943210899436e-09,1.0330754999320492e-08
dwell_r5_xi_1_p+3_Nd4001_dt1,dwell,5,xi_1,3,4001,1.0,linear,4,context,0.004522133828367498,0.004522133828367498,1.499470852286739e-10,3.315848024842847e-08
dwell_r5_xi_1_p+3_Nd4001_dt1,dwell,5,xi_1,3,4001,1.0,atomic,8,context,0.493741128653091,0.08587966668064444,2.8477350643010863e-09,5.767668316531804e-09
dwell_r5_xi_1_p+3_Nd4001_dt1,dwell,5,xi_1,3,4001,1.0,static,8,context,0.15961625718360428,0.04828276862256488,1.6010371083450333e-09,1.0030539097927746e-08
dwell_r5_xi_1_p+3_Nd4001_dt1,dwell,5,xi_1,3,4001,1.0,static_lti,8,context,0.15890640797417413,0.04953190465987271,1.642457954873835e-09,1.0336008319694517e-08
dwell_r5_xi_1_p+3_Nd4001_dt1,dwell,5,xi_1,3,4001,1.0,static_mh,8,context,0.23991620725090124,0.07212439210149102,2.391615714376164e-09,9.968545859325975e-09
dwell_r5_xi_1_p+3_Nd4001_dt1,dwell,5,xi_1,3,4001,1.0,static_lti_mh,8,context,0.16054009385332368,0.05005509168605535,1.6598066253709866e-09,1.0338891584848936e-08
dwell_r5_xi_1_p+3_Nd4001_dt1,dwell,5,xi_1,3,4001,1.0,linear,8,context,0.0044883293147884125,0.0044883293147884125,1.4883118744956823e-10,3.315959614620755e-08
dwell_r5_xi_1_p+3_Nd4001_dt1,dwell,5,xi_1,3,4001,1.0,atomic,16,context,0.4876033274584059,0.08515743706234026,2.8239378592059364e-09,5.791465521626956e-09
dwell_r5_xi_1_p+3_Nd4001_dt1,dwell,5,xi_1,3,4001,1.0,static,16,context,0.15800648094817354,0.04785969510510709,1.5870933837337675e-09,1.0044482822539016e-08
dwell_r5_xi_1_p+3_Nd4001_dt1,dwell,5,xi_1,3,4001,1.0,static_lti,16,context,0.15751155673443565,0.04915364729949534,1.6300026200352381e-09,1.0348463654533116e-08
dwell_r5_xi_1_p+3_Nd4001_dt1,dwell,5,xi_1,3,4001,1.0,static_mh,16,context,0.23712447351665386,0.07144215981864764,2.369120382376334e-09,9.991041191325807e-09
dwell_r5_xi_1_p+3_Nd4001_dt1,dwell,5,xi_1,3,4001,1.0,static_lti_mh,16,context,0.15915039456205993,0.04967861834844993,1.6474113828077092e-09,1.0351286827412226e-08
dwell_r5_xi_1_p+3_Nd4001_dt1,dwell,5,xi_1,3,4001,1.0,linear,16,context,0.004434391169297892,0.004434391169297892,1.4705051651967437e-10,3.3161376817137504e-08
dwell_r5_xi_2_p+3_Nd4001_dt1,dwell,5,xi_2,3,4001,1.0,atomic,2,context,0.5875345500629207,0.09875713491690906,3.253776187609728e-09,5.538016763884392e-09
dwell_r5_xi_2_p+3_Nd4001_dt1,dwell,5,xi_2,3,4001,1.0,static,2,context,0.1642500512801353,0.049824347108890096,1.6415753081790823e-09,9.994367096904629e-09
dwell_r5_xi_2_p+3_Nd4001_dt1,dwell,5,xi_2,3,4001,1.0,static_lti,2,context,0.1620344021079631,0.05065337684999621,1.6688895597792417e-09,1.0299600196427823e-08
dwell_r5_xi_2_p+3_Nd4001_dt1,dwell,5,xi_2,3,4001,1.0,static_mh,2,context,0.21677562437666448,0.06567820894200252,2.163916485428075e-09,9.982286946008755e-09
dwell_r5_xi_2_p+3_Nd4001_dt1,dwell,5,xi_2,3,4001,1.0,static_lti_mh,2,context,0.16322686224745647,0.051058926290148,1.682251299286717e-09,1.0306215999768329e-08
dwell_r5_xi_2_p+3_Nd4001_dt1,dwell,5,xi_2,3,4001,1.0,linear,2,context,0.00391936376178647,0.00391936376178647,1.291322646147139e-10,3.2947251764111487e-08
dwell_r5_xi_2_p+3_Nd4001_dt1,dwell,5,xi_2,3,4001,1.0,atomic,2,zerofill,0.5878398705076647,0.09880611075187457,3.254841074424046e-09,5.536951877070078e-09
dwell_r5_xi_2_p+3_Nd4001_dt1,dwell,5,xi_2,3,4001,1.0,static,2,zerofill,0.16426231056462035,0.04983594162788519,1.6416805454511066e-09,9.994261859632578e-09
dwell_r5_xi_2_p+3_Nd4001_dt1,dwell,5,xi_2,3,4001,1.0,static_lti,2,zerofill,0.16215679560475033,0.05069484468319175,1.6699742706274824e-09,1.029851548557957e-08
dwell_r5_xi_2_p+3_Nd4001_dt1,dwell,5,xi_2,3,4001,1.0,static_mh,2,zerofill,0.21679131103944926,0.06569318820112975,2.164045175342048e-09,9.982158256094772e-09
dwell_r5_xi_2_p+3_Nd4001_dt1,dwell,5,xi_2,3,4001,1.0,static_lti_mh,2,zerofill,0.1633500894223588,0.051100674051187685,1.6833429791629072e-09,1.0305124319892152e-08
dwell_r5_xi_2_p+3_Nd4001_dt1,dwell,5,xi_2,3,4001,1.0,linear,2,zerofill,0.004088614124472638,0.004088614124472638,1.3468589228476818e-10,3.294169813644137e-08
dwell_r5_xi_2_p+3_Nd4001_dt1,dwell,5,xi_2,3,4001,1.0,atomic,4,context,0.5848075345753563,0.0984670174784968,3.2442467923008238e-09,5.5475461591933055e-09
dwell_r5_xi_2_p+3_Nd4001_dt1,dwell,5,xi_2,3,4001,1.0,static,4,context,0.16361876340140913,0.049659329674404146,1.636153151883343e-09,9.999789253200357e-09
dwell_r5_xi_2_p+3_Nd4001_dt1,dwell,5,xi_2,3,4001,1.0,static_lti,4,context,0.16120088801516919,0.05042853163417135,1.6614964704331429e-09,1.0306993285773923e-08
dwell_r5_xi_2_p+3_Nd4001_dt1,dwell,5,xi_2,3,4001,1.0,static_mh,4,context,0.2159998196961762,0.06548432094756242,2.15754781266246e-09,9.988655618774365e-09
dwell_r5_xi_2_p+3_Nd4001_dt1,dwell,5,xi_2,3,4001,1.0,static_lti_mh,4,context,0.16238702629149637,0.0508324611560616,1.6748049577750513e-09,1.0313662341279999e-08
dwell_r5_xi_2_p+3_Nd4001_dt1,dwell,5,xi_2,3,4001,1.0,linear,4,context,0.003910335061851236,0.003910335061851236,1.2883595244471278e-10,3.29475480762815e-08
dwell_r5_xi_2_p+3_Nd4001_dt1,dwell,5,xi_2,3,4001,1.0,atomic,8,context,0.5799832688160546,0.09794983103425833,3.2273081085108393e-09,5.564484842983291e-09
dwell_r5_xi_2_p+3_Nd4001_dt1,dwell,5,xi_2,3,4001,1.0,static,8,context,0.1621155930651149,0.04926520404389432,1.6232186497870768e-09,1.0012723755296627e-08
dwell_r5_xi_2_p+3_Nd4001_dt1,dwell,5,xi_2,3,4001,1.0,static_lti,8,context,0.1596301646701244,0.050003231544396835,1.647535609923973e-09,1.0320954146283092e-08
dwell_r5_xi_2_p+3_Nd4001_dt1,dwell,5,xi_2,3,4001,1.0,static_mh,8,context,0.21412876675160378,0.06501507671238024,2.1421546319557443e-09,1.0004048799481072e-08
dwell_r5_xi_2_p+3_Nd4001_dt1,dwell,5,xi_2,3,4001,1.0,static_lti_mh,8,context,0.16079211106429814,0.05040077497147137,1.6606341024087032e-09,1.0327833196646338e-08
dwell_r5_xi_2_p+3_Nd4001_dt1,dwell,5,xi_2,3,4001,1.0,linear,8,context,0.0038788110419702504,0.0038788110419702504,1.2780132640304103e-10,3.294858270232315e-08
dwell_r5_xi_2_p+3_Nd4001_dt1,dwell,5,xi_2,3,4001,1.0,atomic,16,context,0.5700332474203222,0.09687528902274037,3.1920434137440976e-09,5.599749537750029e-09
dwell_r5_xi_2_p+3_Nd4001_dt1,dwell,5,xi_2,3,4001,1.0,static,16,context,0.16025818130217487,0.04877658100252861,1.6071896734938137e-09,1.0028752731589888e-08
dwell_r5_xi_2_p+3_Nd4001_dt1,dwell,5,xi_2,3,4001,1.0,static_lti,16,context,0.15792869261723327,0.04954077529386734,1.6323698962223987e-09,1.0336119859984667e-08
dwell_r5_xi_2_p+3_Nd4001_dt1,dwell,5,xi_2,3,4001,1.0,static_mh,16,context,0.21188060031699968,0.06444899268035637,2.12359606544742e-09,1.0022607365989414e-08
dwell_r5_xi_2_p+3_Nd4001_dt1,dwell,5,xi_2,3,4001,1.0,static_lti_mh,16,context,0.15908250167408827,0.049936252495568864,1.645400880797639e-09,1.03430664182574e-08
dwell_r5_xi_2_p+3_Nd4001_dt1,dwell,5,xi_2,3,4001,1.0,linear,16,context,0.0038348002452596674,0.0038348002452596674,1.2635677260309357e-10,3.2950027256123095e-08
dwell_r5_xi_4_p+0_Nd4001_dt1,dwell,5,xi_4,0,4001,1.0,atomic,2,context,0.39566437674311206,0.10970001191690215,1.8169555650857072e-09,4.592163641422231e-09
dwell_r5_xi_4_p+0_Nd4001_dt1,dwell,5,xi_4,0,4001,1.0,static,2,context,0.03064034112475585,0.01736991631728035,2.876970163108329e-10,9.389484769097046e-09
dwell_r5_xi_4_p+0_Nd4001_dt1,dwell,5,xi_4,0,4001,1.0,static_lti,2,context,0.03224420162879424,0.018763153068742915,3.1077312382273925e-10,9.638108811018514e-09
dwell_r5_xi_4_p+0_Nd4001_dt1,dwell,5,xi_4,0,4001,1.0,static_mh,2,context,0.03192878127216817,0.0180935919032838,2.9968321722666924e-10,9.385989858870638e-09
dwell_r5_xi_4_p+0_Nd4001_dt1,dwell,5,xi_4,0,4001,1.0,static_lti_mh,2,context,0.03257640327672604,0.018952583654566087,3.1391065271717163e-10,9.63613601079904e-09
dwell_r5_xi_4_p+0_Nd4001_dt1,dwell,5,xi_4,0,4001,1.0,linear,2,context,0.0035775782183485637,0.0035775782183485637,5.92552410867723e-11,1.6562947745730898e-08
dwell_r5_xi_4_p+0_Nd4001_dt1,dwell,5,xi_4,0,4001,1.0,atomic,2,zerofill,0.39598612912401415,0.10976829309854984,1.8180139850472623e-09,4.591105221460675e-09
dwell_r5_xi_4_p+0_Nd4001_dt1,dwell,5,xi_4,0,4001,1.0,static,2,zerofill,0.030645642014029903,0.017373524996273374,2.877453089703775e-10,9.389436476437485e-09
dwell_r5_xi_4_p+0_Nd4001_dt1,dwell,5,xi_4,0,4001,1.0,static_lti,2,zerofill,0.03228395627085342,0.01878631244688141,3.111443003421274e-10,9.637737634499105e-09
dwell_r5_xi_4_p+0_Nd4001_dt1,dwell,5,xi_4,0,4001,1.0,static_mh,2,zerofill,0.03193343579907897,0.018096869761939728,2.9972555265341915e-10,9.38594752344387e-09
dwell_r5_xi_4_p+0_Nd4001_dt1,dwell,5,xi_4,0,4001,1.0,static_lti_mh,2,zerofill,0.032615805909091945,0.018975540466271146,3.142783491270937e-10,9.635768314389123e-09
dwell_r5_xi_4_p+0_Nd4001_dt1,dwell,5,xi_4,0,4001,1.0,linear,2,zerofill,0.003617609329423522,0.003617609329423522,5.991588433851941e-11,1.6562287102479143e-08
dwell_r5_xi_4_p+0_Nd4001_dt1,dwell,5,xi_4,0,4001,1.0,atomic,4,context,0.39316523371323187,0.10920196080325895,1.808717867590241e-09,4.600401338917697e-09
dwell_r5_xi_4_p+0_Nd4001_dt1,dwell,5,xi_4,0,4001,1.0,static,4,context,0.030489219039215774,0.017286670531713674,2.8632004070134894e-10,9.390861744706515e-09
dwell_r5_xi_4_p+0_Nd4001_dt1,dwell,5,xi_4,0,4001,1.0,static_lti,4,context,0.032096882948958134,0.018679974402117133,3.0939740659152415e-10,9.639484528249719e-09
dwell_r5_xi_4_p+0_Nd4001_dt1,dwell,5,xi_4,0,4001,1.0,static_mh,4,context,0.03176809791782774,0.01800522409400857,2.98221481457389e-10,9.387451594639916e-09
dwell_r5_xi_4_p+0_Nd4001_dt1,dwell,5,xi_4,0,4001,1.0,static_lti_mh,4,context,0.03242588402394084,0.018867643684761532,3.1250578287176616e-10,9.637540880644468e-09
dwell_r5_xi_4_p+0_Nd4001_dt1,dwell,5,xi_4,0,4001,1.0,linear,4,context,0.0035711990000101444,0.0035711990000101444,5.914995841215685e-11,1.656305302840554e-08
dwell_r5_xi_4_p+0_Nd4001_dt1,dwell,5,xi_4,0,4001,1.0,atomic,8,context,0.38780623567074657,0.10812628168658424,1.790953469984701e-09,4.618165736523246e-09
dwell_r5_xi_4_p+0_Nd4001_dt1,dwell,5,xi_4,0,4001,1.0,static,8,context,0.030309268626474678,0.017187143977421125,2.8467986381620126e-10,9.39250192159166e-09
dwell_r5_xi_4_p+0_Nd4001_dt1,dwell,5,xi_4,0,4001,1.0,static_lti,8,context,0.03191743549733713,0.01857822771092331,3.077211281664959e-10,9.641160806674744e-09
dwell_r5_xi_4_p+0_Nd4001_dt1,dwell,5,xi_4,0,4001,1.0,static_mh,8,context,0.031580046506353196,0.01790138380204232,2.965102002742181e-10,9.389162875823089e-09
dwell_r5_xi_4_p+0_Nd4001_dt1,dwell,5,xi_4,0,4001,1.0,static_lti_mh,8,context,0.03224393305465524,0.018764532763494744,3.108069984579173e-10,9.639239665058303e-09
dwell_r5_xi_4_p+0_Nd4001_dt1,dwell,5,xi_4,0,4001,1.0,linear,8,context,0.0035419861687314134,0.0035419861687314134,5.866781249275508e-11,1.6563535174324905e-08
dwell_r5_xi_4_p+0_Nd4001_dt1,dwell,5,xi_4,0,4001,1.0,atomic,16,context,0.3837713738095963,0.10731001754128655,1.777487617784368e-09,4.631631588723571e-09
dwell_r5_xi_4_p+0_Nd4001_dt1,dwell,5,xi_4,0,4001,1.0,static,16,context,0.030144135128473953,0.01709572073101556,2.8317423305599953e-10,9.394007552351868e-09
dwell_r5_xi_4_p+0_Nd4001_dt1,dwell,5,xi_4,0,4001,1.0,static_lti,16,context,0.03170426335068989,0.018457394742893977,3.0572905832794066e-10,9.643152876513308e-09
dwell_r5_xi_4_p+0_Nd4001_dt1,dwell,5,xi_4,0,4001,1.0,static_mh,16,context,0.03139980132534004,0.01780177651805964,2.948693706367291e-10,9.390803705460576e-09
dwell_r5_xi_4_p+0_Nd4001_dt1,dwell,5,xi_4,0,4001,1.0,static_lti_mh,16,context,0.032032029373515646,0.018644471505810462,3.0882780565161246e-10,9.64121885786462e-09
dwell_r5_xi_4_p+0_Nd4001_dt1,dwell,5,xi_4,0,4001,1.0,linear,16,context,0.00351129101739683,0.00351129101739683,5.816117123882741e-11,1.6564041815578827e-08
dwell_r5_xi_4_p+3_Nd4001_dt1,dwell,5,xi_4,3,4001,1.0,atomic,2,context,0.6913156581206678,0.10507678803294837,3.4725173202900546e-09,5.02305608082138e-09
dwell_r5_xi_4_p+3_Nd4001_dt1,dwell,5,xi_4,3,4001,1.0,static,2,context,0.16633240399670993,0.05018132606763217,1.6583636327971421e-09,9.970177746183148e-09
dwell_r5_xi_4_p+3_Nd4001_dt1,dwell,5,xi_4,3,4001,1.0,static_lti,2,context,0.16350775025425154,0.050953482239537884,1.683881406333108e-09,1.0298480675776552e-08
dwell_r5_xi_4_p+3_Nd4001_dt1,dwell,5,xi_4,3,4001,1.0,static_mh,2,context,0.20403087436515,0.061693948208844565,2.0388261548793665e-09,9.992733507726482e-09
dwell_r5_xi_4_p+3_Nd4001_dt1,dwell,5,xi_4,3,4001,1.0,static_lti_mh,2,context,0.1652716336328993,0.05149712366320488,1.7018473557597199e-09,1.0297274361914136e-08
dwell_r5_xi_4_p+3_Nd4001_dt1,dwell,5,xi_4,3,4001,1.0,linear,2,context,0.0035775782183483447,0.0035775782183483447,1.1822974950482483e-10,3.304742546185553e-08
dwell_r5_xi_4_p+3_Nd4001_dt1,dwell,5,xi_4,3,4001,1.0,atomic,2,zerofill,0.6914596994656587,0.10509392351954475,3.4729450737588926e-09,5.022628327352542e-09
dwell_r5_xi_4_p+3_Nd4001_dt1,dwell,5,xi_4,3,4001,1.0,static,2,zerofill,0.16637077521251015,0.05019325320089818,1.6586916312775532e-09,9.969849747702738e-09
dwell_r5_xi_4_p+3_Nd4001_dt1,dwell,5,xi_4,3,4001,1.0,static_lti,2,zerofill,0.16357705585914623,0.05097407674795153,1.6844948099999609e-09,1.0297867272109693e-08
dwell_r5_xi_4_p+3_Nd4001_dt1,dwell,5,xi_4,3,4001,1.0,static_mh,2,zerofill,0.20405206933870876,0.06170173202262007,2.0390020573406215e-09,9.992557605265226e-09
dwell_r5_xi_4_p+3_Nd4001_dt1,dwell,5,xi_4,3,4001,1.0,static_lti_mh,2,zerofill,0.16534283990752063,0.05151821778321602,1.7024765530405129e-09,1.0296645164633316e-08
dwell_r5_xi_4_p+3_Nd4001_dt1,dwell,5,xi_4,3,4001,1.0,linear,2,zerofill,0.0036176093294232534,0.0036176093294232534,1.1954790608867281e-10,3.3046107305271695e-08
dwell_r5_xi_4_p+3_Nd4001_dt1,dwell,5,xi_4,3,4001,1.0,atomic,4,context,0.6875043261163557,0.10473283140406568,3.4611724400998284e-09,5.034400961011621e-09
dwell_r5_xi_4_p+3_Nd4001_dt1,dwell,5,xi_4,3,4001,1.0,static,4,context,0.16533784876837565,0.04992352942653043,1.6498546047797588e-09,9.978686774200538e-09
dwell_r5_xi_4_p+3_Nd4001_dt1,dwell,5,xi_4,3,4001,1.0,static_lti,4,context,0.16264749177381613,0.05072258258378098,1.6762614222883992e-09,1.0306100659821259e-08
dwell_r5_xi_4_p+3_Nd4001_dt1,dwell,5,xi_4,3,4001,1.0,static_mh,4,context,0.20287963793763944,0.061404164224696155,2.0292624392243045e-09,1.0002297223381547e-08
dwell_r5_xi_4_p+3_Nd4001_dt1,dwell,5,xi_4,3,4001,1.0,static_lti_mh,4,context,0.164400950887562,0.05126380525146372,1.6941475517496913e-09,1.0304974165924151e-08
dwell_r5_xi_4_p+3_Nd4001_dt1,dwell,5,xi_4,3,4001,1.0,linear,4,context,0.0035711990000098217,0.0035711990000098217,1.1801968295174182e-10,3.304763552840859e-08
dwell_r5_xi_4_p+3_Nd4001_dt1,dwell,5,xi_4,3,4001,1.0,atomic,8,context,0.6814372221186085,0.10418012095678783,3.4430068887518387e-09,5.05256651235961e-09
dwell_r5_xi_4_p+3_Nd4001_dt1,dwell,5,xi_4,3,4001,1.0,static,8,context,0.1642537816410721,0.04964093217314658,1.6405631887017941e-09,9.987978190278493e-09
dwell_r5_xi_4_p+3_Nd4001_dt1,dwell,5,xi_4,3,4001,1.0,static_lti,8,context,0.16158985497388062,0.05043716708002564,1.6668776356833482e-09,1.0315484446426308e-08
dwell_r5_xi_4_p+3_Nd4001_dt1,dwell,5,xi_4,3,4001,1.0,static_mh,8,context,0.20148325948756077,0.06105062841472912,2.0176376477977753e-09,1.0013922014808088e-08
dwell_r5_xi_4_p+3_Nd4001_dt1,dwell,5,xi_4,3,4001,1.0,static_lti_mh,8,context,0.16331782456287833,0.050971994592849734,1.6845529349058473e-09,1.031456878276801e-08
dwell_r5_xi_4_p+3_Nd4001_dt1,dwell,5,xi_4,3,4001,1.0,linear,8,context,0.0035419861687310756,0.0035419861687310756,1.170576753684433e-10,3.304859753599192e-08
dwell_r5_xi_4_p+3_Nd4001_dt1,dwell,5,xi_4,3,4001,1.0,atomic,16,context,0.6707719360407738,0.1032010439904638,3.410754092233544e-09,5.084819308877909e-09
dwell_r5_xi_4_p+3_Nd4001_dt1,dwell,5,xi_4,3,4001,1.0,static,16,context,0.16321379306414102,0.04936921695817222,1.631633288380408e-09,9.996908090599892e-09
dwell_r5_xi_4_p+3_Nd4001_dt1,dwell,5,xi_4,3,4001,1.0,static_lti,16,context,0.16043297398312883,0.05012445851295704,1.6565937260271934e-09,1.0325768356082467e-08
dwell_r5_xi_4_p+3_Nd4001_dt1,dwell,5,xi_4,3,4001,1.0,static_mh,16,context,0.20007621228836794,0.06069350809400068,2.005896676033153e-09,1.0025662986572703e-08
dwell_r5_xi_4_p+3_Nd4001_dt1,dwell,5,xi_4,3,4001,1.0,static_lti_mh,16,context,0.16214346412255434,0.050655061129340664,1.674129934724341e-09,1.0324991782949502e-08
dwell_r5_xi_4_p+3_Nd4001_dt1,dwell,5,xi_4,3,4001,1.0,linear,16,context,0.0035112910173965093,0.0035112910173965093,1.1604679316727332e-10,3.304960841819305e-08
dwell_r5_xi_4_p+6_Nd4001_dt1,dwell,5,xi_4,6,4001,1.0,atomic,2,context,0.8460434332357936,0.07058531422283514,4.654274398807971e-09,5.501223951360448e-09
dwell_r5_xi_4_p+6_Nd4001_dt1,dwell,5,xi_4,6,4001,1.0,static,2,context,0.6748694929016675,0.0877712644899412,5.787486444799001e-09,8.575712053474422e-09
dwell_r5_xi_4_p+6_Nd4001_dt1,dwell,5,xi_4,6,4001,1.0,static_lti,2,context,0.6847815869952014,0.0902864148037977,5.953331137052976e-09,8.693766377650417e-09
dwell_r5_xi_4_p+6_Nd4001_dt1,dwell,5,xi_4,6,4001,1.0,static_mh,2,context,0.7759241909534033,0.10162044547137751,6.700677654557821e-09,8.635737527817609e-09
dwell_r5_xi_4_p+6_Nd4001_dt1,dwell,5,xi_4,6,4001,1.0,static_lti_mh,2,context,0.6894312474315851,0.09096773252531044,5.998256057535444e-09,8.700296193248296e-09
dwell_r5_xi_4_p+6_Nd4001_dt1,dwell,5,xi_4,6,4001,1.0,linear,2,context,0.0035775782183482606,0.0035775782183482606,2.3589936369518276e-10,6.593828263078358e-08
dwell_r5_xi_4_p+6_Nd4001_dt1,dwell,5,xi_4,6,4001,1.0,atomic,2,zerofill,0.8465121868374991,0.07060931002682096,4.655670933615257e-09,5.4998274165531695e-09
dwell_r5_xi_4_p+6_Nd4001_dt1,dwell,5,xi_4,6,4001,1.0,static,2,zerofill,0.6751135189623357,0.0877937126066047,5.7887357316121835e-09,8.574462766661223e-09
dwell_r5_xi_4_p+6_Nd4001_dt1,dwell,5,xi_4,6,4001,1.0,static_lti,2,zerofill,0.6850976005890637,0.0903147430104307,5.954961516418673e-09,8.692135998284698e-09
dwell_r5_xi_4_p+6_Nd4001_dt1,dwell,5,xi_4,6,4001,1.0,static_mh,2,zerofill,0.7760837876796174,0.10163626795154837,6.701453651415319e-09,8.634961530960121e-09
dwell_r5_xi_4_p+6_Nd4001_dt1,dwell,5,xi_4,6,4001,1.0,static_lti_mh,2,zerofill,0.6897603605661289,0.09099706112485727,5.999950606548689e-09,8.69860164423505e-09
dwell_r5_xi_4_p+6_Nd4001_dt1,dwell,5,xi_4,6,4001,1.0,linear,2,zerofill,0.003617609329423152,0.003617609329423152,2.385294318521617e-10,6.593565256262665e-08
dwell_r5_xi_4_p+6_Nd4001_dt1,dwell,5,xi_4,6,4001,1.0,atomic,4,context,0.8368390265240311,0.07016680071746993,4.626707746570283e-09,5.528790603598146e-09
dwell_r5_xi_4_p+6_Nd4001_dt1,dwell,5,xi_4,6,4001,1.0,static,4,context,0.6689714930717349,0.0873111006317512,5.757180625650546e-09,8.606017872622855e-09
dwell_r5_xi_4_p+6_Nd4001_dt1,dwell,5,xi_4,6,4001,1.0,static_lti,4,context,0.6794756245016735,0.08986929962340712,5.925864946026235e-09,8.72123256867714e-09
dwell_r5_xi_4_p+6_Nd4001_dt1,dwell,5,xi_4,6,4001,1.0,static_mh,4,context,0.7693086589110665,0.1011301106725619,6.6683882074696885e-09,8.668026974905746e-09
dwell_r5_xi_4_p+6_Nd4001_dt1,dwell,5,xi_4,6,4001,1.0,static_lti_mh,4,context,0.6840411763596693,0.0905448403372544,5.970409223689198e-09,8.728143027094546e-09
dwell_r5_xi_4_p+6_Nd4001_dt1,dwell,5,xi_4,6,4001,1.0,linear,4,context,0.0035711990000098152,0.0035711990000098152,2.3548022581818576e-10,6.593870176866049e-08
dwell_r5_xi_4_p+6_Nd4001_dt1,dwell,5,xi_4,6,4001,1.0,atomic,8,context,0.8256439409940852,0.06965060989428934,4.592804485208845e-09,5.562693864959577e-09
dwell_r5_xi_4_p+6_Nd4001_dt1,dwell,5,xi_4,6,4001,1.0,static,8,context,0.6628185843150053,0.08682562840355128,5.72533587528e-09,8.637862622993424e-09
dwell_r5_xi_4_p+6_Nd4001_dt1,dwell,5,xi_4,6,4001,1.0,static_lti,8,context,0.6729829370324125,0.0893533995183041,5.892018672904288e-09,8.755078841799096e-09
dwell_r5_xi_4_p+6_Nd4001_dt1,dwell,5,xi_4,6,4001,1.0,static_mh,8,context,0.7620253021006232,0.10058380813757034,6.632558793882081e-09,8.703856388493346e-09
dwell_r5_xi_4_p+6_Nd4001_dt1,dwell,5,xi_4,6,4001,1.0,static_lti_mh,8,context,0.6774221964012194,0.0900199077154462,5.9359686374761515e-09,8.762583613307576e-09
dwell_r5_xi_4_p+6_Nd4001_dt1,dwell,5,xi_4,6,4001,1.0,linear,8,context,0.00354198616873107,0.00354198616873107,2.335607683405158e-10,6.594062122613818e-08
dwell_r5_xi_4_p+6_Nd4001_dt1,dwell,5,xi_4,6,4001,1.0,atomic,16,context,0.8148773920433406,0.06914804405012953,4.5598044511251845e-09,5.595693899043236e-09
dwell_r5_xi_4_p+6_Nd4001_dt1,dwell,5,xi_4,6,4001,1.0,static,16,context,0.6566675944287164,0.08633662191153198,5.693264622234505e-09,8.669933876038905e-09
dwell_r5_xi_4_p+6_Nd4001_dt1,dwell,5,xi_4,6,4001,1.0,static_lti,16,context,0.6661306742637754,0.08880463373215154,5.856011832798151e-09,8.791085681905227e-09
dwell_r5_xi_4_p+6_Nd4001_dt1,dwell,5,xi_4,6,4001,1.0,static_mh,16,context,0.7543363975266334,0.10000224008143926,6.5944115370098e-09,8.742003645365621e-09
dwell_r5_xi_4_p+6_Nd4001_dt1,dwell,5,xi_4,6,4001,1.0,static_lti_mh,16,context,0.6703702251461997,0.08945615327410973,5.898974750234575e-09,8.799577500549162e-09
dwell_r5_xi_4_p+6_Nd4001_dt1,dwell,5,xi_4,6,4001,1.0,linear,16,context,0.003511291017396389,0.003511291017396389,2.315437931796415e-10,6.59426382012991e-08
dwell_r6_xi_0.05_p+0_Nd4001_dt1,dwell,6,xi_0.05,0,4001,1.0,atomic,2,context,0.17232366131329674,0.07878280907755257,1.474858272130923e-09,8.558652136861956e-09
dwell_r6_xi_0.05_p+0_Nd4001_dt1,dwell,6,xi_0.05,0,4001,1.0,static,2,context,0.011822085288527186,0.005786232098479351,1.0832150281048154e-10,9.162639260909646e-09
dwell_r6_xi_0.05_p+0_Nd4001_dt1,dwell,6,xi_0.05,0,4001,1.0,static_lti,2,context,0.014040772028327628,0.007922164269452992,1.4830734830083501e-10,1.0562620630946861e-08
dwell_r6_xi_0.05_p+0_Nd4001_dt1,dwell,6,xi_0.05,0,4001,1.0,static_mh,2,context,0.11689055562188891,0.05699473246603246,1.0669732855383506e-09,9.127968293603947e-09
dwell_r6_xi_0.05_p+0_Nd4001_dt1,dwell,6,xi_0.05,0,4001,1.0,static_lti_mh,2,context,0.016727063983944412,0.009439571573083467,1.7671406215319678e-10,1.056455946619305e-08
dwell_r6_xi_0.05_p+0_Nd4001_dt1,dwell,6,xi_0.05,0,4001,1.0,linear,2,context,0.009567285771582912,0.009567285771582912,1.7910494341690063e-10,1.872055959161212e-08
dwell_r6_xi_0.05_p+0_Nd4001_dt1,dwell,6,xi_0.05,0,4001,1.0,atomic,2,zerofill,0.1728792755088927,0.07901869849976463,1.4789126609514129e-09,8.55459774804146e-09
dwell_r6_xi_0.05_p+0_Nd4001_dt1,dwell,6,xi_0.05,0,4001,1.0,static,2,zerofill,0.011828888187885118,0.005790938336317151,1.0838310661866768e-10,9.16257765710147e-09
dwell_r6_xi_0.05_p+0_Nd4001_dt1,dwell,6,xi_0.05,0,4001,1.0,static_lti,2,zerofill,0.014205063340171393,0.008015522629681237,1.50018389650058e-10,1.0560909589597643e-08
dwell_r6_xi_0.05_p+0_Nd4001_dt1,dwell,6,xi_0.05,0,4001,1.0,static_mh,2,zerofill,0.11687927129059475,0.05700374009004062,1.0668810615881734e-09,9.12806051755411e-09
dwell_r6_xi_0.05_p+0_Nd4001_dt1,dwell,6,xi_0.05,0,4001,1.0,static_lti_mh,2,zerofill,0.016876715940864206,0.009524951191646104,1.7826882977972142e-10,1.0563004698566539e-08
dwell_r6_xi_0.05_p+0_Nd4001_dt1,dwell,6,xi_0.05,0,4001,1.0,linear,2,zerofill,0.009814124303595552,0.009814124303595552,1.8368098898492564e-10,1.871598354604408e-08
dwell_r6_xi_0.05_p+0_Nd4001_dt1,dwell,6,xi_0.05,0,4001,1.0,atomic,4,context,0.17169585887122768,0.07853376552292743,1.4702724893344222e-09,8.563237919658449e-09
dwell_r6_xi_0.05_p+0_Nd4001_dt1,dwell,6,xi_0.05,0,4001,1.0,static,4,context,0.011561297495802344,0.005659755956284013,1.0595930837470978e-10,9.165001455345416e-09
dwell_r6_xi_0.05_p+0_Nd4001_dt1,dwell,6,xi_0.05,0,4001,1.0,static_lti,4,context,0.013755446684037723,0.007762957110454432,1.453344583617609e-10,1.0565593520885936e-08
dwell_r6_xi_0.05_p+0_Nd4001_dt1,dwell,6,xi_0.05,0,4001,1.0,static_mh,4,context,0.11625929644293544,0.056716044344936364,1.0618113005148909e-09,9.133130278627387e-09
dwell_r6_xi_0.05_p+0_Nd4001_dt1,dwell,6,xi_0.05,0,4001,1.0,static_lti_mh,4,context,0.016430516267695865,0.009274443947106487,1.7363180917797567e-10,1.0567641719168265e-08
dwell_r6_xi_0.05_p+0_Nd4001_dt1,dwell,6,xi_0.05,0,4001,1.0,linear,4,context,0.009514789825024112,0.009514789825024112,1.7813145248266412e-10,1.872153308254633e-08
dwell_r6_xi_0.05_p+0_Nd4001_dt1,dwell,6,xi_0.05,0,4001,1.0,atomic,8,context,0.17045074031264454,0.07804309752923448,1.4611629676022376e-09,8.572347441390633e-09
dwell_r6_xi_0.05_p+0_Nd4001_dt1,dwell,6,xi_0.05,0,4001,1.0,static,8,context,0.01135334441910063,0.005558805551500769,1.0407481344409842e-10,9.166885950276036e-09
dwell_r6_xi_0.05_p+0_Nd4001_dt1,dwell,6,xi_0.05,0,4001,1.0,static_lti,8,context,0.013524890602501487,0.007634178016923467,1.4293100299143233e-10,1.0567996976256253e-08
dwell_r6_xi_0.05_p+0_Nd4001_dt1,dwell,6,xi_0.05,0,4001,1.0,static_mh,8,context,0.11518937822725676,0.05624506107430228,1.0530489300672783e-09,9.141892649074998e-09
dwell_r6_xi_0.05_p+0_Nd4001_dt1,dwell,6,xi_0.05,0,4001,1.0,static_lti_mh,8,context,0.0161691072423492,0.009128757520193917,1.709132883113875e-10,1.057036024003485e-08
dwell_r6_xi_0.05_p+0_Nd4001_dt1,dwell,6,xi_0.05,0,4001,1.0,linear,8,context,0.009461911697319168,0.009461911697319168,1.7715077197783302e-10,1.8722513763051174e-08
dwell_r6_xi_0.05_p+0_Nd4001_dt1,dwell,6,xi_0.05,0,4001,1.0,atomic,16,context,0.16891654820535193,0.07743611995426476,1.4499118412444621e-09,8.583598567748399e-09
dwell_r6_xi_0.05_p+0_Nd4001_dt1,dwell,6,xi_0.05,0,4001,1.0,static,16,context,0.011210713358333875,0.005489317065798383,1.0278182608771117e-10,9.16817893763243e-09
dwell_r6_xi_0.05_p+0_Nd4001_dt1,dwell,6,xi_0.05,0,4001,1.0,static_lti,16,context,0.013392819608445215,0.0075600258899868366,1.4155372279087086e-10,1.0569374256456813e-08
dwell_r6_xi_0.05_p+0_Nd4001_dt1,dwell,6,xi_0.05,0,4001,1.0,static_mh,16,context,0.1140184710906266,0.05572749864952852,1.043440195900933e-09,9.151501383241349e-09
dwell_r6_xi_0.05_p+0_Nd4001_dt1,dwell,6,xi_0.05,0,4001,1.0,static_lti_mh,16,context,0.016001509627207283,0.009034921160372458,1.6916962243034898e-10,1.0572103905915898e-08
dwell_r6_xi_0.05_p+0_Nd4001_dt1,dwell,6,xi_0.05,0,4001,1.0,linear,16,context,0.009383224826778983,0.009383224826778983,1.7569125097488284e-10,1.87239732840541e-08
dwell_r6_xi_0.05_p+3_Nd4001_dt1,dwell,6,xi_0.05,3,4001,1.0,atomic,2,context,0.31541021517599777,0.08220754706521259,3.070651406214975e-09,9.735421550952504e-09
dwell_r6_xi_0.05_p+3_Nd4001_dt1,dwell,6,xi_0.05,3,4001,1.0,static,2,context,0.037493927659293096,0.011131214361176705,4.157778726071662e-10,1.1089205601113202e-08
dwell_r6_xi_0.05_p+3_Nd4001_dt1,dwell,6,xi_0.05,3,4001,1.0,static_lti,2,context,0.04432892694926611,0.013908161638094493,5.195035932406772e-10,1.17192909685191e-08
dwell_r6_xi_0.05_p+3_Nd4001_dt1,dwell,6,xi_0.05,3,4001,1.0,static_mh,2,context,1.6125589307207637,0.48029815972864603,1.7940301982289998e-08,1.1125362081664352e-08
dwell_r6_xi_0.05_p+3_Nd4001_dt1,dwell,6,xi_0.05,3,4001,1.0,static_lti_mh,2,context,0.07059179029047599,0.022232623659838142,8.304424537904654e-10,1.1764008964403698e-08
dwell_r6_xi_0.05_p+3_Nd4001_dt1,dwell,6,xi_0.05,3,4001,1.0,linear,2,context,0.0095672857715839,0.0095672857715839,3.5736134402441377e-10,3.735242706827302e-08
dwell_r6_xi_0.05_p+3_Nd4001_dt1,dwell,6,xi_0.05,3,4001,1.0,atomic,2,zerofill,0.3165566684270166,0.08245466402758772,3.079128979535438e-09,9.72694397763206e-09
dwell_r6_xi_0.05_p+3_Nd4001_dt1,dwell,6,xi_0.05,3,4001,1.0,static,2,zerofill,0.03754990627377352,0.011149957352940021,4.1637616514373265e-10,1.1088607308576634e-08
dwell_r6_xi_0.05_p+3_Nd4001_dt1,dwell,6,xi_0.05,3,4001,1.0,static_lti,2,zerofill,0.04445313964330569,0.013948884242748882,5.20897322311118e-10,1.171789723944867e-08
dwell_r6_xi_0.05_p+3_Nd4001_dt1,dwell,6,xi_0.05,3,4001,1.0,static_mh,2,zerofill,1.6127123594205692,0.48043308741329094,1.794095530711272e-08,1.1124708756841622e-08
dwell_r6_xi_0.05_p+3_Nd4001_dt1,dwell,6,xi_0.05,3,4001,1.0,static_lti_mh,2,zerofill,0.07072338634378034,0.02227677710726597,8.318882960784895e-10,1.176256312211567e-08
dwell_r6_xi_0.05_p+3_Nd4001_dt1,dwell,6,xi_0.05,3,4001,1.0,linear,2,zerofill,0.009814124303596277,0.009814124303596277,3.664917552978649e-10,3.734329665699955e-08
dwell_r6_xi_0.05_p+3_Nd4001_dt1,dwell,6,xi_0.05,3,4001,1.0,atomic,4,context,0.31430128143001895,0.08198337301140013,3.0624372032451416e-09,9.743635753922345e-09
dwell_r6_xi_0.05_p+3_Nd4001_dt1,dwell,6,xi_0.05,3,4001,1.0,static,4,context,0.03629478735732765,0.010787120550407757,4.0294608621269204e-10,1.1102037387507665e-08
dwell_r6_xi_0.05_p+3_Nd4001_dt1,dwell,6,xi_0.05,3,4001,1.0,static_lti,4,context,0.04312501242929064,0.01354534619253049,5.05977865842042e-10,1.1732816695917756e-08
dwell_r6_xi_0.05_p+3_Nd4001_dt1,dwell,6,xi_0.05,3,4001,1.0,static_mh,4,context,1.5978877007771142,0.47859121244829067,1.787747295959681e-08,1.1188191104357527e-08
dwell_r6_xi_0.05_p+3_Nd4001_dt1,dwell,6,xi_0.05,3,4001,1.0,static_lti_mh,4,context,0.0692145676312264,0.021825815963909326,8.152895928027166e-10,1.177916182539145e-08
dwell_r6_xi_0.05_p+3_Nd4001_dt1,dwell,6,xi_0.05,3,4001,1.0,linear,4,context,0.009514789825024898,0.009514789825024898,3.5541897424936103e-10,3.735436943804809e-08
dwell_r6_xi_0.05_p+3_Nd4001_dt1,dwell,6,xi_0.05,3,4001,1.0,atomic,8,context,0.31147286343851005,0.08141655460336508,3.041423368008895e-09,9.764649589158585e-09
dwell_r6_xi_0.05_p+3_Nd4001_dt1,dwell,6,xi_0.05,3,4001,1.0,static,8,context,0.035298294687235804,0.010500502108782488,3.922601815449183e-10,1.1112723292175452e-08
dwell_r6_xi_0.05_p+3_Nd4001_dt1,dwell,6,xi_0.05,3,4001,1.0,static_lti,8,context,0.04201374050590122,0.0132096828027652,4.93465219156483e-10,1.1745329342603315e-08
dwell_r6_xi_0.05_p+3_Nd4001_dt1,dwell,6,xi_0.05,3,4001,1.0,static_mh,8,context,1.56819329200694,0.4751032220953375,1.7748110920888264e-08,1.1317553143066066e-08
dwell_r6_xi_0.05_p+3_Nd4001_dt1,dwell,6,xi_0.05,3,4001,1.0,static_lti_mh,8,context,0.06787253523705608,0.02142840034542276,8.004863122385796e-10,1.1793965105955573e-08
dwell_r6_xi_0.05_p+3_Nd4001_dt1,dwell,6,xi_0.05,3,4001,1.0,linear,8,context,0.009461911697319934,0.009461911697319934,3.53462259395046e-10,3.735632615290242e-08
dwell_r6_xi_0.05_p+3_Nd4001_dt1,dwell,6,xi_0.05,3,4001,1.0,atomic,16,context,0.30768907429945697,0.08065393091007507,3.013169423100852e-09,9.792903534066664e-09
dwell_r6_xi_0.05_p+3_Nd4001_dt1,dwell,6,xi_0.05,3,4001,1.0,static,16,context,0.03476734306516063,0.010347055421762745,3.865581089996296e-10,1.1118425364720738e-08
dwell_r6_xi_0.05_p+3_Nd4001_dt1,dwell,6,xi_0.05,3,4001,1.0,static_lti,16,context,0.04149870451237356,0.013053183319373942,4.876569859430679e-10,1.1751137575816721e-08
dwell_r6_xi_0.05_p+3_Nd4001_dt1,dwell,6,xi_0.05,3,4001,1.0,static_mh,16,context,1.534574233229493,0.4710479555968405,1.7597992814523396e-08,1.1467671249430947e-08
dwell_r6_xi_0.05_p+3_Nd4001_dt1,dwell,6,xi_0.05,3,4001,1.0,static_lti_mh,16,context,0.06705275198507041,0.02118419470513526,7.914253777623983e-10,1.180302604043176e-08
dwell_r6_xi_0.05_p+3_Nd4001_dt1,dwell,6,xi_0.05,3,4001,1.0,linear,16,context,0.009383224826779769,0.009383224826779769,3.505501321399546e-10,3.7359238280157464e-08
dwell_r6_xi_0.05_p+6_Nd4001_dt1,dwell,6,xi_0.05,6,4001,1.0,atomic,2,context,0.5693018111853116,0.0723176494007153,5.389681826967721e-09,9.467178429919561e-09
dwell_r6_xi_0.05_p+6_Nd4001_dt1,dwell,6,xi_0.05,6,4001,1.0,static,2,context,0.11837447728281207,0.019780389589863237,1.474190701527045e-09,1.24536195247985e-08
dwell_r6_xi_0.05_p+6_Nd4001_dt1,dwell,6,xi_0.05,6,4001,1.0,static_lti,2,context,0.13617146798509908,0.024559584000579237,1.8303739773447313e-09,1.3441684990463823e-08
dwell_r6_xi_0.05_p+6_Nd4001_dt1,dwell,6,xi_0.05,6,4001,1.0,static_mh,2,context,1.567900810127341,0.2663791463427653,1.9852675744084356e-08,1.2661946225075278e-08
dwell_r6_xi_0.05_p+6_Nd4001_dt1,dwell,6,xi_0.05,6,4001,1.0,static_lti_mh,2,context,0.17983295932998303,0.032498413756342895,2.4220382089203603e-09,1.3468266428714333e-08
dwell_r6_xi_0.05_p+6_Nd4001_dt1,dwell,6,xi_0.05,6,4001,1.0,linear,2,context,0.009567285771585053,0.009567285771585053,7.130296225586222e-10,7.452789010194807e-08
dwell_r6_xi_0.05_p+6_Nd4001_dt1,dwell,6,xi_0.05,6,4001,1.0,atomic,2,zerofill,0.5717532722696174,0.07253350586796267,5.40444777013996e-09,9.4524124867473e-09
dwell_r6_xi_0.05_p+6_Nd4001_dt1,dwell,6,xi_0.05,6,4001,1.0,static,2,zerofill,0.11859461243797767,0.01981811858922519,1.4766415263709872e-09,1.2451168699954542e-08
dwell_r6_xi_0.05_p+6_Nd4001_dt1,dwell,6,xi_0.05,6,4001,1.0,static_lti,2,zerofill,0.13651577102059828,0.024620240850902298,1.8344460835683723e-09,1.343761288424017e-08
dwell_r6_xi_0.05_p+6_Nd4001_dt1,dwell,6,xi_0.05,6,4001,1.0,static_mh,2,zerofill,1.568102471340727,0.2664576202301225,1.985367002817858e-08,1.2660951940981063e-08
dwell_r6_xi_0.05_p+6_Nd4001_dt1,dwell,6,xi_0.05,6,4001,1.0,static_lti_mh,2,zerofill,0.18021079882255844,0.03256422870780746,2.426350017419625e-09,1.3463954620215018e-08
dwell_r6_xi_0.05_p+6_Nd4001_dt1,dwell,6,xi_0.05,6,4001,1.0,linear,2,zerofill,0.009814124303597335,0.009814124303597335,7.312471880926993e-10,7.450967253641397e-08
dwell_r6_xi_0.05_p+6_Nd4001_dt1,dwell,6,xi_0.05,6,4001,1.0,atomic,4,context,0.5670844822848445,0.07213416053118807,5.376286347288194e-09,9.480573909599072e-09
dwell_r6_xi_0.05_p+6_Nd4001_dt1,dwell,6,xi_0.05,6,4001,1.0,static,4,context,0.11426870569048271,0.019163675384093273,1.4283025625122163e-09,1.2499507663813311e-08
dwell_r6_xi_0.05_p+6_Nd4001_dt1,dwell,6,xi_0.05,6,4001,1.0,static_lti,4,context,0.13237055366831496,0.02395294959553457,1.7852556256210414e-09,1.3486803342187509e-08
dwell_r6_xi_0.05_p+6_Nd4001_dt1,dwell,6,xi_0.05,6,4001,1.0,static_mh,4,context,1.5462566187135447,0.2649211917707497,1.974504417790499e-08,1.276957779125465e-08
dwell_r6_xi_0.05_p+6_Nd4001_dt1,dwell,6,xi_0.05,6,4001,1.0,static_lti_mh,4,context,0.17554871967351843,0.03183815165956082,2.3729536578744816e-09,1.3517350979760191e-08
dwell_r6_xi_0.05_p+6_Nd4001_dt1,dwell,6,xi_0.05,6,4001,1.0,linear,4,context,0.009514789825026177,0.009514789825026177,7.091540853447336e-10,7.453176563916193e-08
dwell_r6_xi_0.05_p+6_Nd4001_dt1,dwell,6,xi_0.05,6,4001,1.0,atomic,8,context,0.5624451515273594,0.07175270473811717,5.348135907514725e-09,9.508724349372532e-09
dwell_r6_xi_0.05_p+6_Nd4001_dt1,dwell,6,xi_0.05,6,4001,1.0,static,8,context,0.11081290647681469,0.01864095298031676,1.3894159160715943e-09,1.2538394310253932e-08
dwell_r6_xi_0.05_p+6_Nd4001_dt1,dwell,6,xi_0.05,6,4001,1.0,static_lti,8,context,0.12857383639777392,0.023342967131650693,1.7398836902436325e-09,1.3532175277564918e-08
dwell_r6_xi_0.05_p+6_Nd4001_dt1,dwell,6,xi_0.05,6,4001,1.0,static_mh,8,context,1.5138510090920199,0.2626988374499964,1.958043380464164e-08,1.2934188164518004e-08
dwell_r6_xi_0.05_p+6_Nd4001_dt1,dwell,6,xi_0.05,6,4001,1.0,static_lti_mh,8,context,0.1714939941187452,0.031208788753355872,2.326167973333517e-09,1.3564136664301148e-08
dwell_r6_xi_0.05_p+6_Nd4001_dt1,dwell,6,xi_0.05,6,4001,1.0,linear,8,context,0.009461911697321187,0.009461911697321187,7.052499259347767e-10,7.453566979857188e-08
dwell_r6_xi_0.05_p+6_Nd4001_dt1,dwell,6,xi_0.05,6,4001,1.0,atomic,16,context,0.5551242955760031,0.07114660061786716,5.303372925262486e-09,9.553487331624798e-09
dwell_r6_xi_0.05_p+6_Nd4001_dt1,dwell,6,xi_0.05,6,4001,1.0,static,16,context,0.10901441768701775,0.018366718719326727,1.369082400790452e-09,1.2558727825535068e-08
dwell_r6_xi_0.05_p+6_Nd4001_dt1,dwell,6,xi_0.05,6,4001,1.0,static_lti,16,context,0.12677762517104937,0.02305175404897786,1.7183118693158996e-09,1.3553747098492653e-08
dwell_r6_xi_0.05_p+6_Nd4001_dt1,dwell,6,xi_0.05,6,4001,1.0,static_mh,16,context,1.4835178763145251,0.26055906660000244,1.942245851857458e-08,1.309216345058505e-08
dwell_r6_xi_0.05_p+6_Nd4001_dt1,dwell,6,xi_0.05,6,4001,1.0,static_lti_mh,16,context,0.16911819172409728,0.030836573815783808,2.298603858262434e-09,1.3591700779372224e-08
dwell_r6_xi_0.05_p+6_Nd4001_dt1,dwell,6,xi_0.05,6,4001,1.0,linear,16,context,0.009383224826781096,0.009383224826781096,6.994394681663068e-10,7.454148025634047e-08
dwell_r6_xi_0.1_p+0_Nd4001_dt1,dwell,6,xi_0.1,0,4001,1.0,atomic,2,context,0.13779605221527755,0.06287427271754191,1.1411986142623723e-09,8.281794695246334e-09
dwell_r6_xi_0.1_p+0_Nd4001_dt1,dwell,6,xi_0.1,0,4001,1.0,static,2,context,0.01656808382504134,0.008571704190009084,1.5558059792516943e-10,9.390379694362829e-09
dwell_r6_xi_0.1_p+0_Nd4001_dt1,dwell,6,xi_0.1,0,4001,1.0,static_lti,2,context,0.020767285003533524,0.011761204673717173,2.1347158218432123e-10,1.0279224373720461e-08
dwell_r6_xi_0.1_p+0_Nd4001_dt1,dwell,6,xi_0.1,0,4001,1.0,static_mh,2,context,0.05912998041954558,0.030581166687696205,5.550630414972366e-10,9.387167686491554e-09
dwell_r6_xi_0.1_p+0_Nd4001_dt1,dwell,6,xi_0.1,0,4001,1.0,static_lti_mh,2,context,0.022512560937680587,0.012741172248590484,2.312584700500709e-10,1.0272419503504823e-08
dwell_r6_xi_0.1_p+0_Nd4001_dt1,dwell,6,xi_0.1,0,4001,1.0,linear,2,context,0.009884066123291013,0.009884066123291013,1.7940060497956794e-10,1.8150486119960766e-08
dwell_r6_xi_0.1_p+0_Nd4001_dt1,dwell,6,xi_0.1,0,4001,1.0,atomic,2,zerofill,0.13825098998323357,0.0630682512680286,1.1445086936969435e-09,8.27848461581175e-09
dwell_r6_xi_0.1_p+0_Nd4001_dt1,dwell,6,xi_0.1,0,4001,1.0,static,2,zerofill,0.01657138864105455,0.008574964627444802,1.5561112551775245e-10,9.390349166770243e-09
dwell_r6_xi_0.1_p+0_Nd4001_dt1,dwell,6,xi_0.1,0,4001,1.0,static_lti,2,zerofill,0.020886809329522492,0.011829688030109517,2.1467506268160118e-10,1.0278020893223188e-08
dwell_r6_xi_0.1_p+0_Nd4001_dt1,dwell,6,xi_0.1,0,4001,1.0,static_mh,2,zerofill,0.05912008838677091,0.030581965926070244,5.549753666703366e-10,9.387255361318462e-09
dwell_r6_xi_0.1_p+0_Nd4001_dt1,dwell,6,xi_0.1,0,4001,1.0,static_lti_mh,2,zerofill,0.022620178761125303,0.012803089054879277,2.3233951211381907e-10,1.0271338461441085e-08
dwell_r6_xi_0.1_p+0_Nd4001_dt1,dwell,6,xi_0.1,0,4001,1.0,linear,2,zerofill,0.0100700047536276,0.0100700047536276,1.8274183530341278e-10,1.8147144889636938e-08
dwell_r6_xi_0.1_p+0_Nd4001_dt1,dwell,6,xi_0.1,0,4001,1.0,atomic,4,context,0.13744379166338463,0.06273097593769245,1.1386337846053886e-09,8.284359524903323e-09
dwell_r6_xi_0.1_p+0_Nd4001_dt1,dwell,6,xi_0.1,0,4001,1.0,static,4,context,0.015982289307244994,0.008273141502505839,1.5016629788974794e-10,9.395793994398254e-09
dwell_r6_xi_0.1_p+0_Nd4001_dt1,dwell,6,xi_0.1,0,4001,1.0,static_lti,4,context,0.020240810130377613,0.011468596322468851,2.0816719395111178e-10,1.028452876195367e-08
dwell_r6_xi_0.1_p+0_Nd4001_dt1,dwell,6,xi_0.1,0,4001,1.0,static_mh,4,context,0.05850801308570001,0.030276315049191597,5.495472479593981e-10,9.392683480029395e-09
dwell_r6_xi_0.1_p+0_Nd4001_dt1,dwell,6,xi_0.1,0,4001,1.0,static_lti_mh,4,context,0.0219823701899028,0.012447166247932526,2.2592927657578557e-10,1.0277748696979094e-08
dwell_r6_xi_0.1_p+0_Nd4001_dt1,dwell,6,xi_0.1,0,4001,1.0,linear,4,context,0.009852068882147331,0.009852068882147331,1.788255054187994e-10,1.8151061219521546e-08
dwell_r6_xi_0.1_p+0_Nd4001_dt1,dwell,6,xi_0.1,0,4001,1.0,atomic,8,context,0.13662425731679714,0.0623973896562304,1.1326605554345056e-09,8.290332754074203e-09
dwell_r6_xi_0.1_p+0_Nd4001_dt1,dwell,6,xi_0.1,0,4001,1.0,static,8,context,0.015784207782258638,0.008171609436897043,1.4833408472024872e-10,9.397626207567757e-09
dwell_r6_xi_0.1_p+0_Nd4001_dt1,dwell,6,xi_0.1,0,4001,1.0,static_lti,8,context,0.02000070627038592,0.011334401511784572,2.0574625930002715e-10,1.028694969660475e-08
dwell_r6_xi_0.1_p+0_Nd4001_dt1,dwell,6,xi_0.1,0,4001,1.0,static_mh,8,context,0.05794629876707965,0.02999939942358675,5.445602228077905e-10,9.397670505181e-09
dwell_r6_xi_0.1_p+0_Nd4001_dt1,dwell,6,xi_0.1,0,4001,1.0,static_lti_mh,8,context,0.02174345455990332,0.012313874541001125,2.235260169376091e-10,1.0280151956617282e-08
dwell_r6_xi_0.1_p+0_Nd4001_dt1,dwell,6,xi_0.1,0,4001,1.0,linear,8,context,0.009779213059920671,0.009779213059920671,1.7751590182196224e-10,1.8152370823118383e-08
dwell_r6_xi_0.1_p+0_Nd4001_dt1,dwell,6,xi_0.1,0,4001,1.0,atomic,16,context,0.13526098964279754,0.061842883614772026,1.1227051859173279e-09,8.300288123591372e-09
dwell_r6_xi_0.1_p+0_Nd4001_dt1,dwell,6,xi_0.1,0,4001,1.0,static,16,context,0.015612755570236272,0.008083418059905279,1.4674761015874885e-10,9.39921268212925e-09
dwell_r6_xi_0.1_p+0_Nd4001_dt1,dwell,6,xi_0.1,0,4001,1.0,static_lti,16,context,0.019776794108678847,0.011208870685401856,2.0348755606492215e-10,1.0289208399839875e-08
dwell_r6_xi_0.1_p+0_Nd4001_dt1,dwell,6,xi_0.1,0,4001,1.0,static_mh,16,context,0.05729212651715922,0.029676165520578477,5.387456564224002e-10,9.403485071566402e-09
dwell_r6_xi_0.1_p+0_Nd4001_dt1,dwell,6,xi_0.1,0,4001,1.0,static_lti_mh,16,context,0.021488457474557014,0.012171305942252937,2.2095975320092836e-10,1.0282718220353947e-08
dwell_r6_xi_0.1_p+0_Nd4001_dt1,dwell,6,xi_0.1,0,4001,1.0,linear,16,context,0.009680070619992117,0.009680070619992117,1.757334854048619e-10,1.815415323953546e-08
dwell_r6_xi_0.1_p+3_Nd4001_dt1,dwell,6,xi_0.1,3,4001,1.0,atomic,2,context,0.2650765048135722,0.058954233405167776,2.135026439897739e-09,8.054378268640968e-09
dwell_r6_xi_0.1_p+3_Nd4001_dt1,dwell,6,xi_0.1,3,4001,1.0,static,2,context,0.07343007792370373,0.021883241427558996,7.925011715004088e-10,1.0792596084724894e-08
dwell_r6_xi_0.1_p+3_Nd4001_dt1,dwell,6,xi_0.1,3,4001,1.0,static_lti,2,context,0.0813675290758458,0.02523486877703837,9.138802921251133e-10,1.1231510929541075e-08
dwell_r6_xi_0.1_p+3_Nd4001_dt1,dwell,6,xi_0.1,3,4001,1.0,static_mh,2,context,0.7434100882883609,0.22049816148001974,7.985336718285898e-09,1.0741496307470703e-08
dwell_r6_xi_0.1_p+3_Nd4001_dt1,dwell,6,xi_0.1,3,4001,1.0,static_lti_mh,2,context,0.09679520929848007,0.029995787490764477,1.0862968726639786e-09,1.122263054687187e-08
dwell_r6_xi_0.1_p+3_Nd4001_dt1,dwell,6,xi_0.1,3,4001,1.0,linear,2,context,0.009884066123292177,0.009884066123292177,3.5795126639839457e-10,3.6214980953523654e-08
dwell_r6_xi_0.1_p+3_Nd4001_dt1,dwell,6,xi_0.1,3,4001,1.0,atomic,2,zerofill,0.2661045147469295,0.059145702011376505,2.1415661692571544e-09,8.047838539281548e-09
dwell_r6_xi_0.1_p+3_Nd4001_dt1,dwell,6,xi_0.1,3,4001,1.0,static,2,zerofill,0.07345496886827481,0.02189418208883398,7.92751426908147e-10,1.0792345829317153e-08
dwell_r6_xi_0.1_p+3_Nd4001_dt1,dwell,6,xi_0.1,3,4001,1.0,static_lti,2,zerofill,0.08144209668120676,0.025260903316878306,9.146547273696547e-10,1.1230736494296525e-08
dwell_r6_xi_0.1_p+3_Nd4001_dt1,dwell,6,xi_0.1,3,4001,1.0,static_mh,2,zerofill,0.7433002131636498,0.2205200618285706,7.9846597131221e-09,1.0742173312634507e-08
dwell_r6_xi_0.1_p+3_Nd4001_dt1,dwell,6,xi_0.1,3,4001,1.0,static_lti_mh,2,zerofill,0.09686206501478506,0.030020202059216006,1.0869809121872442e-09,1.1221946507348642e-08
dwell_r6_xi_0.1_p+3_Nd4001_dt1,dwell,6,xi_0.1,3,4001,1.0,linear,2,zerofill,0.010070004753628414,0.010070004753628414,3.6461789734918116e-10,3.620831432257293e-08
dwell_r6_xi_0.1_p+3_Nd4001_dt1,dwell,6,xi_0.1,3,4001,1.0,atomic,4,context,0.264225201739086,0.05880260758890225,2.129602788341245e-09,8.059801920197455e-09
dwell_r6_xi_0.1_p+3_Nd4001_dt1,dwell,6,xi_0.1,3,4001,1.0,static,4,context,0.07033168528803557,0.021019883487295037,7.612587999175714e-10,1.082383845630772e-08
dwell_r6_xi_0.1_p+3_Nd4001_dt1,dwell,6,xi_0.1,3,4001,1.0,static_lti,4,context,0.07845476508119892,0.02439646372211955,8.835454633494381e-10,1.1261845758316763e-08
dwell_r6_xi_0.1_p+3_Nd4001_dt1,dwell,6,xi_0.1,3,4001,1.0,static_mh,4,context,0.737465265193895,0.21947636326489328,7.948584158912778e-09,1.0778248866843822e-08
dwell_r6_xi_0.1_p+3_Nd4001_dt1,dwell,6,xi_0.1,3,4001,1.0,static_lti_mh,4,context,0.09380284417652963,0.029147086356770446,1.0555946227989407e-09,1.1253332796736888e-08
dwell_r6_xi_0.1_p+3_Nd4001_dt1,dwell,6,xi_0.1,3,4001,1.0,linear,4,context,0.009852068882148493,0.009852068882148493,3.568037919174381e-10,3.6216128428004656e-08
dwell_r6_xi_0.1_p+3_Nd4001_dt1,dwell,6,xi_0.1,3,4001,1.0,atomic,8,context,0.2617036429267231,0.05835362878773977,2.1134949926067195e-09,8.075909715931992e-09
dwell_r6_xi_0.1_p+3_Nd4001_dt1,dwell,6,xi_0.1,3,4001,1.0,static,8,context,0.06928731142625517,0.020726483518778368,7.506871473344839e-10,1.0834410108890798e-08
dwell_r6_xi_0.1_p+3_Nd4001_dt1,dwell,6,xi_0.1,3,4001,1.0,static_lti,8,context,0.07734414199436726,0.02407415903997242,8.71935741430525e-10,1.1273455480235663e-08
dwell_r6_xi_0.1_p+3_Nd4001_dt1,dwell,6,xi_0.1,3,4001,1.0,static_mh,8,context,0.7261147917904334,0.21750367184802594,7.877709250893417e-09,1.0849123774863177e-08
dwell_r6_xi_0.1_p+3_Nd4001_dt1,dwell,6,xi_0.1,3,4001,1.0,static_lti_mh,8,context,0.09256325132396968,0.028792466362990925,1.0428268943535527e-09,1.1266100525182263e-08
dwell_r6_xi_0.1_p+3_Nd4001_dt1,dwell,6,xi_0.1,3,4001,1.0,linear,8,context,0.009779213059921755,0.009779213059921755,3.541907892131179e-10,3.621874143070893e-08
dwell_r6_xi_0.1_p+3_Nd4001_dt1,dwell,6,xi_0.1,3,4001,1.0,atomic,16,context,0.25777669423385263,0.05765180669419634,2.0882809118814974e-09,8.101123796657228e-09
dwell_r6_xi_0.1_p+3_Nd4001_dt1,dwell,6,xi_0.1,3,4001,1.0,static,16,context,0.06843279715516547,0.02048522639854164,7.420219714979358e-10,1.0843075284727365e-08
dwell_r6_xi_0.1_p+3_Nd4001_dt1,dwell,6,xi_0.1,3,4001,1.0,static_lti,16,context,0.07648705074634843,0.02382399652182156,8.629598972526126e-10,1.128243132441358e-08
dwell_r6_xi_0.1_p+3_Nd4001_dt1,dwell,6,xi_0.1,3,4001,1.0,static_mh,16,context,0.7123666310028965,0.2150775857748979,7.790604366133227e-09,1.0936228659623375e-08
dwell_r6_xi_0.1_p+3_Nd4001_dt1,dwell,6,xi_0.1,3,4001,1.0,static_lti_mh,16,context,0.09141751118231235,0.028463132196926644,1.0310000512990889e-09,1.1277927368236743e-08
dwell_r6_xi_0.1_p+3_Nd4001_dt1,dwell,6,xi_0.1,3,4001,1.0,linear,16,context,0.009680070619993217,0.009680070619993217,3.5063440090649737e-10,3.622229781901561e-08
dwell_r6_xi_0.25_p+3_Nd4001_dt1,dwell,6,xi_0.25,3,4001,1.0,atomic,2,context,0.3002927505842478,0.051039682670615746,1.7131505007882038e-09,5.7049345928435116e-09
dwell_r6_xi_0.25_p+3_Nd4001_dt1,dwell,6,xi_0.25,3,4001,1.0,static,2,context,0.12208607682095986,0.03760206379941034,1.2621158882266357e-09,1.0337918303964654e-08
dwell_r6_xi_0.25_p+3_Nd4001_dt1,dwell,6,xi_0.25,3,4001,1.0,static_lti,2,context,0.1295340674470163,0.04083261204048099,1.3705494647581934e-09,1.0580610118792058e-08
dwell_r6_xi_0.25_p+3_Nd4001_dt1,dwell,6,xi_0.25,3,4001,1.0,static_mh,2,context,0.3953576816133678,0.1201045813526197,4.031318631407857e-09,1.0196636663177839e-08
dwell_r6_xi_0.25_p+3_Nd4001_dt1,dwell,6,xi_0.25,3,4001,1.0,static_lti_mh,2,context,0.13493108126467263,0.042510628986729346,1.4268722203354232e-09,1.05748223979363e-08
dwell_r6_xi_0.25_p+3_Nd4001_dt1,dwell,6,xi_0.25,3,4001,1.0,linear,2,context,0.00804948355243262,0.00804948355243262,2.701814756163332e-10,3.3565069591909676e-08
dwell_r6_xi_0.25_p+3_Nd4001_dt1,dwell,6,xi_0.25,3,4001,1.0,atomic,2,zerofill,0.30051472783482086,0.051071409099093655,1.7141242426986273e-09,5.703960850933079e-09
dwell_r6_xi_0.25_p+3_Nd4001_dt1,dwell,6,xi_0.25,3,4001,1.0,static,2,zerofill,0.12222785368085326,0.03764297633527379,1.263421931014796e-09,1.0336612261176509e-08
dwell_r6_xi_0.25_p+3_Nd4001_dt1,dwell,6,xi_0.25,3,4001,1.0,static_lti,2,zerofill,0.1297648326296507,0.04089917502830119,1.3727106547297035e-09,1.0578448928820527e-08
dwell_r6_xi_0.25_p+3_Nd4001_dt1,dwell,6,xi_0.25,3,4001,1.0,static_mh,2,zerofill,0.39565075658937326,0.12017476471625402,4.033459839751912e-09,1.019449545483378e-08
dwell_r6_xi_0.25_p+3_Nd4001_dt1,dwell,6,xi_0.25,3,4001,1.0,static_lti_mh,2,zerofill,0.13514147517693922,0.04257128689063158,1.4288322211850794e-09,1.0572862397086647e-08
dwell_r6_xi_0.25_p+3_Nd4001_dt1,dwell,6,xi_0.25,3,4001,1.0,linear,2,zerofill,0.008103092060394659,0.008103092060394659,2.7196638562666466e-10,3.356328468189939e-08
dwell_r6_xi_0.25_p+3_Nd4001_dt1,dwell,6,xi_0.25,3,4001,1.0,atomic,4,context,0.29852063719493954,0.050806627613586,1.705364878682926e-09,5.712720214948794e-09
dwell_r6_xi_0.25_p+3_Nd4001_dt1,dwell,6,xi_0.25,3,4001,1.0,static,4,context,0.11830236954570325,0.0365591863641868,1.2271381775797298e-09,1.0372896014611564e-08
dwell_r6_xi_0.25_p+3_Nd4001_dt1,dwell,6,xi_0.25,3,4001,1.0,static_lti,4,context,0.1258332872304289,0.03979555415293676,1.3357694373321295e-09,1.0615390146218123e-08
dwell_r6_xi_0.25_p+3_Nd4001_dt1,dwell,6,xi_0.25,3,4001,1.0,static_mh,4,context,0.38934545263151304,0.1187874087934719,3.987193885940352e-09,1.0240761408645342e-08
dwell_r6_xi_0.25_p+3_Nd4001_dt1,dwell,6,xi_0.25,3,4001,1.0,static_lti_mh,4,context,0.1311607001391127,0.04145959395092184,1.3916242570969341e-09,1.061007036117479e-08
dwell_r6_xi_0.25_p+3_Nd4001_dt1,dwell,6,xi_0.25,3,4001,1.0,linear,4,context,0.008027679406434205,0.008027679406434205,2.6945544626934204e-10,3.356579562125673e-08
dwell_r6_xi_0.25_p+3_Nd4001_dt1,dwell,6,xi_0.25,3,4001,1.0,atomic,8,context,0.29656309947069054,0.050547036021784585,1.6967398720531602e-09,5.721345221578553e-09
dwell_r6_xi_0.25_p+3_Nd4001_dt1,dwell,6,xi_0.25,3,4001,1.0,static,8,context,0.11694204224100789,0.03618093067776697,1.2145049941702042e-09,1.03855291980211e-08
dwell_r6_xi_0.25_p+3_Nd4001_dt1,dwell,6,xi_0.25,3,4001,1.0,static_lti,8,context,0.12458423973138491,0.03944224150275589,1.3239791898388174e-09,1.0627180393711423e-08
dwell_r6_xi_0.25_p+3_Nd4001_dt1,dwell,6,xi_0.25,3,4001,1.0,static_mh,8,context,0.3860496152398962,0.1180557836046118,3.962842748724094e-09,1.0265112545861577e-08
dwell_r6_xi_0.25_p+3_Nd4001_dt1,dwell,6,xi_0.25,3,4001,1.0,static_lti_mh,8,context,0.1298728759020139,0.04109716609980844,1.3795309446014584e-09,1.0622163673670264e-08
dwell_r6_xi_0.25_p+3_Nd4001_dt1,dwell,6,xi_0.25,3,4001,1.0,linear,8,context,0.007975166191403706,0.007975166191403706,2.6770674461254527e-10,3.356754432291352e-08
dwell_r6_xi_0.25_p+3_Nd4001_dt1,dwell,6,xi_0.25,3,4001,1.0,atomic,16,context,0.29242123021092015,0.04999638763160311,1.6784044692109112e-09,5.739680624420795e-09
dwell_r6_xi_0.25_p+3_Nd4001_dt1,dwell,6,xi_0.25,3,4001,1.0,static,16,context,0.11580136696822582,0.03586146816232236,1.2038879464575565e-09,1.0396146245733744e-08
dwell_r6_xi_0.25_p+3_Nd4001_dt1,dwell,6,xi_0.25,3,4001,1.0,static_lti,16,context,0.12328773853571537,0.039073373877407364,1.3117132746913731e-09,1.063944630885886e-08
dwell_r6_xi_0.25_p+3_Nd4001_dt1,dwell,6,xi_0.25,3,4001,1.0,static_mh,16,context,0.38103537013260974,0.11693512417525107,3.925572312736729e-09,1.030238298184899e-08
dwell_r6_xi_0.25_p+3_Nd4001_dt1,dwell,6,xi_0.25,3,4001,1.0,static_lti_mh,16,context,0.12848214863269036,0.040703585650735494,1.3664403230988594e-09,1.063525429517287e-08
dwell_r6_xi_0.25_p+3_Nd4001_dt1,dwell,6,xi_0.25,3,4001,1.0,linear,16,context,0.007885976840824316,0.007885976840824316,2.647363019756808e-10,3.357051476555035e-08
dwell_r6_xi_0.5_p+3_Nd4001_dt1,dwell,6,xi_0.5,3,4001,1.0,atomic,2,context,0.4287786707212469,0.06691087348832618,2.2030578432334895e-09,5.137983751681805e-09
dwell_r6_xi_0.5_p+3_Nd4001_dt1,dwell,6,xi_0.5,3,4001,1.0,static,2,context,0.1522182225082481,0.046538829897859534,1.5323030305272654e-09,1.0066488790093683e-08
dwell_r6_xi_0.5_p+3_Nd4001_dt1,dwell,6,xi_0.5,3,4001,1.0,static_lti,2,context,0.15574447612608458,0.048733996182794,1.6045794491286507e-09,1.0302641153254428e-08
dwell_r6_xi_0.5_p+3_Nd4001_dt1,dwell,6,xi_0.5,3,4001,1.0,static_mh,2,context,0.2922804713590231,0.0892059622667809,2.93712941692967e-09,1.0049010128089753e-08
dwell_r6_xi_0.5_p+3_Nd4001_dt1,dwell,6,xi_0.5,3,4001,1.0,static_lti_mh,2,context,0.15851067362527224,0.049624226381052725,1.6338905090253559e-09,1.0307763330108361e-08
dwell_r6_xi_0.5_p+3_Nd4001_dt1,dwell,6,xi_0.5,3,4001,1.0,linear,2,context,0.005758646677970013,0.005758646677970013,1.8960493368130563e-10,3.292525905550842e-08
dwell_r6_xi_0.5_p+3_Nd4001_dt1,dwell,6,xi_0.5,3,4001,1.0,atomic,2,zerofill,0.4293427555243788,0.0669770865915065,2.20508552941433e-09,5.135956065500962e-09
dwell_r6_xi_0.5_p+3_Nd4001_dt1,dwell,6,xi_0.5,3,4001,1.0,static,2,zerofill,0.1522152870292325,0.04654126730323261,1.532277384307381e-09,1.0066514436313559e-08
dwell_r6_xi_0.5_p+3_Nd4001_dt1,dwell,6,xi_0.5,3,4001,1.0,static_lti,2,zerofill,0.15575579339929704,0.04874042853264142,1.6046803335935231e-09,1.0302540268789548e-08
dwell_r6_xi_0.5_p+3_Nd4001_dt1,dwell,6,xi_0.5,3,4001,1.0,static_mh,2,zerofill,0.29232719136872787,0.0892231619977245,2.937492707165953e-09,1.0048646837853468e-08
dwell_r6_xi_0.5_p+3_Nd4001_dt1,dwell,6,xi_0.5,3,4001,1.0,static_lti_mh,2,zerofill,0.15852748307815423,0.049632198683453956,1.6340400677233998e-09,1.0307613771410325e-08
dwell_r6_xi_0.5_p+3_Nd4001_dt1,dwell,6,xi_0.5,3,4001,1.0,linear,2,zerofill,0.005828156452059404,0.005828156452059404,1.9188029981030394e-10,3.292298368937955e-08
dwell_r6_xi_0.5_p+3_Nd4001_dt1,dwell,6,xi_0.5,3,4001,1.0,atomic,4,context,0.42416818966006037,0.06640401409563707,2.1864245712984737e-09,5.154617023616816e-09
dwell_r6_xi_0.5_p+3_Nd4001_dt1,dwell,6,xi_0.5,3,4001,1.0,static,4,context,0.15033226751159953,0.04603641466956952,1.5157991512842238e-09,1.0082992669336713e-08
dwell_r6_xi_0.5_p+3_Nd4001_dt1,dwell,6,xi_0.5,3,4001,1.0,static_lti,4,context,0.153974019402018,0.04825270330225377,1.588772871165244e-09,1.0318447731217838e-08
dwell_r6_xi_0.5_p+3_Nd4001_dt1,dwell,6,xi_0.5,3,4001,1.0,static_mh,4,context,0.28927628514541054,0.08849255539624568,2.9137138790538148e-09,1.0072425665965593e-08
dwell_r6_xi_0.5_p+3_Nd4001_dt1,dwell,6,xi_0.5,3,4001,1.0,static_lti_mh,4,context,0.1567673227645365,0.04915116785576042,1.6183557962787534e-09,1.0323298042854972e-08
dwell_r6_xi_0.5_p+3_Nd4001_dt1,dwell,6,xi_0.5,3,4001,1.0,linear,4,context,0.00573325235150526,0.00573325235150526,1.8877358523435196e-10,3.292609040395538e-08
dwell_r6_xi_0.5_p+3_Nd4001_dt1,dwell,6,xi_0.5,3,4001,1.0,atomic,8,context,0.42010934638158537,0.06595359296818833,2.171692056008205e-09,5.169349538907085e-09
dwell_r6_xi_0.5_p+3_Nd4001_dt1,dwell,6,xi_0.5,3,4001,1.0,static,8,context,0.1484812872746684,0.04554081213928921,1.4995486295152953e-09,1.0099243191105641e-08
dwell_r6_xi_0.5_p+3_Nd4001_dt1,dwell,6,xi_0.5,3,4001,1.0,static_lti,8,context,0.15226294568500523,0.04778518239445177,1.5734503054441346e-09,1.0333770296938943e-08
dwell_r6_xi_0.5_p+3_Nd4001_dt1,dwell,6,xi_0.5,3,4001,1.0,static_mh,8,context,0.28625363146687577,0.08776971200674002,2.890044010416573e-09,1.0096095534602847e-08
dwell_r6_xi_0.5_p+3_Nd4001_dt1,dwell,6,xi_0.5,3,4001,1.0,static_lti_mh,8,context,0.15505214104846032,0.04868339681905134,1.6030263306871524e-09,1.0338627508446589e-08
dwell_r6_xi_0.5_p+3_Nd4001_dt1,dwell,6,xi_0.5,3,4001,1.0,linear,8,context,0.005687825167274462,0.005687825167274462,1.872863050492394e-10,3.292757768414052e-08
dwell_r6_xi_0.5_p+3_Nd4001_dt1,dwell,6,xi_0.5,3,4001,1.0,atomic,16,context,0.41566487826079274,0.0654573695463864,2.155462926089313e-09,5.185578668825976e-09
dwell_r6_xi_0.5_p+3_Nd4001_dt1,dwell,6,xi_0.5,3,4001,1.0,static,16,context,0.14676547889495783,0.045079599626779925,1.4844379844750105e-09,1.0114353836145924e-08
dwell_r6_xi_0.5_p+3_Nd4001_dt1,dwell,6,xi_0.5,3,4001,1.0,static_lti,16,context,0.15079944128975264,0.04738364668741639,1.5603085557121817e-09,1.0346912046670893e-08
dwell_r6_xi_0.5_p+3_Nd4001_dt1,dwell,6,xi_0.5,3,4001,1.0,static_mh,16,context,0.2829714853164389,0.08698086597901379,2.8642157971845594e-09,1.0121923747834836e-08
dwell_r6_xi_0.5_p+3_Nd4001_dt1,dwell,6,xi_0.5,3,4001,1.0,static_lti_mh,16,context,0.1535526403758687,0.048272783343082985,1.5895871703402604e-09,1.0352066668793469e-08
dwell_r6_xi_0.5_p+3_Nd4001_dt1,dwell,6,xi_0.5,3,4001,1.0,linear,16,context,0.005636359309341763,0.005636359309341763,1.8560115711333566e-10,3.2929262832076424e-08
dwell_r6_xi_1_p+3_Nd4001_dt1,dwell,6,xi_1,3,4001,1.0,atomic,2,context,0.5200075180710354,0.08547634693732503,2.813503742992905e-09,5.410505896971603e-09
dwell_r6_xi_1_p+3_Nd4001_dt1,dwell,6,xi_1,3,4001,1.0,static,2,context,0.15952665409659064,0.048452064862397955,1.5948279346337467e-09,9.997250576496802e-09
dwell_r6_xi_1_p+3_Nd4001_dt1,dwell,6,xi_1,3,4001,1.0,static_lti,2,context,0.16007920766871717,0.04995156328322244,1.644184798500368e-09,1.0271070318532544e-08
dwell_r6_xi_1_p+3_Nd4001_dt1,dwell,6,xi_1,3,4001,1.0,static_mh,2,context,0.23672936224920496,0.07252278135447311,2.3871295873544926e-09,1.0083791738692565e-08
dwell_r6_xi_1_p+3_Nd4001_dt1,dwell,6,xi_1,3,4001,1.0,static_lti_mh,2,context,0.16185110735114183,0.0505093397933089,1.662544337192779e-09,1.0272060317671037e-08
dwell_r6_xi_1_p+3_Nd4001_dt1,dwell,6,xi_1,3,4001,1.0,linear,2,context,0.004627639003144574,0.004627639003144574,1.5232143304058088e-10,3.2915582424877e-08
dwell_r6_xi_1_p+3_Nd4001_dt1,dwell,6,xi_1,3,4001,1.0,atomic,2,zerofill,0.5204289672527034,0.08552455132419484,2.8150034863757288e-09,5.4090061535887844e-09
dwell_r6_xi_1_p+3_Nd4001_dt1,dwell,6,xi_1,3,4001,1.0,static,2,zerofill,0.159612863390455,0.048476141642039575,1.5955711619124328e-09,9.99650734921813e-09
dwell_r6_xi_1_p+3_Nd4001_dt1,dwell,6,xi_1,3,4001,1.0,static_lti,2,zerofill,0.16013413255377937,0.04996787954666026,1.644671067579849e-09,1.0270584049453064e-08
dwell_r6_xi_1_p+3_Nd4001_dt1,dwell,6,xi_1,3,4001,1.0,static_mh,2,zerofill,0.23683451054287688,0.07255106610150407,2.387986851188928e-09,1.0082934474858145e-08
dwell_r6_xi_1_p+3_Nd4001_dt1,dwell,6,xi_1,3,4001,1.0,static_lti_mh,2,zerofill,0.1618901063860653,0.05052137470884363,1.6628891206080615e-09,1.0271715534255742e-08
dwell_r6_xi_1_p+3_Nd4001_dt1,dwell,6,xi_1,3,4001,1.0,linear,2,zerofill,0.0046586636101009354,0.0046586636101009354,1.5333789071367961e-10,3.2914565967203924e-08
dwell_r6_xi_1_p+3_Nd4001_dt1,dwell,6,xi_1,3,4001,1.0,atomic,4,context,0.5182979363806494,0.08529013703686417,2.8074115909879826e-09,5.416598048976522e-09
dwell_r6_xi_1_p+3_Nd4001_dt1,dwell,6,xi_1,3,4001,1.0,static,4,context,0.15788621249719054,0.04802112846309338,1.5806642754172315e-09,1.0011414235713319e-08
dwell_r6_xi_1_p+3_Nd4001_dt1,dwell,6,xi_1,3,4001,1.0,static_lti,4,context,0.15859683076246076,0.04955166333892174,1.6310433872359253e-09,1.0284211729796979e-08
dwell_r6_xi_1_p+3_Nd4001_dt1,dwell,6,xi_1,3,4001,1.0,static_mh,4,context,0.23458915193270427,0.07199075556308569,2.369648925812304e-09,1.0101272400234757e-08
dwell_r6_xi_1_p+3_Nd4001_dt1,dwell,6,xi_1,3,4001,1.0,static_lti_mh,4,context,0.16035771159521042,0.05010703649447902,1.6493240594027571e-09,1.0285280595461049e-08
dwell_r6_xi_1_p+3_Nd4001_dt1,dwell,6,xi_1,3,4001,1.0,linear,4,context,0.004614378816858923,0.004614378816858923,1.518869710580951e-10,3.291601688685951e-08
dwell_r6_xi_1_p+3_Nd4001_dt1,dwell,6,xi_1,3,4001,1.0,atomic,8,context,0.5152118013740251,0.08495192049815187,2.7963792370684874e-09,5.427630402896027e-09
dwell_r6_xi_1_p+3_Nd4001_dt1,dwell,6,xi_1,3,4001,1.0,static,8,context,0.15718462480258974,0.04783500839002027,1.5745944704070538e-09,1.00174840407235e-08
dwell_r6_xi_1_p+3_Nd4001_dt1,dwell,6,xi_1,3,4001,1.0,static_lti,8,context,0.1577833797108542,0.04933037551902614,1.6238177671474458e-09,1.0291437349885468e-08
dwell_r6_xi_1_p+3_Nd4001_dt1,dwell,6,xi_1,3,4001,1.0,static_mh,8,context,0.23352588424374313,0.07172365783167563,2.36094188796433e-09,1.0109979438082726e-08
dwell_r6_xi_1_p+3_Nd4001_dt1,dwell,6,xi_1,3,4001,1.0,static_lti_mh,8,context,0.15955150685282643,0.049887993303868165,1.6421729825046582e-09,1.0292431672359147e-08
dwell_r6_xi_1_p+3_Nd4001_dt1,dwell,6,xi_1,3,4001,1.0,linear,8,context,0.004578314107094628,0.004578314107094628,1.5070527463985575e-10,3.291719858327773e-08
dwell_r6_xi_1_p+3_Nd4001_dt1,dwell,6,xi_1,3,4001,1.0,atomic,16,context,0.5099435232785654,0.08437279934604046,2.7774419285393942e-09,5.4465677114251115e-09
dwell_r6_xi_1_p+3_Nd4001_dt1,dwell,6,xi_1,3,4001,1.0,static,16,context,0.1549390827456454,0.04724117462967663,1.5551175282425058e-09,1.0036960982888048e-08
dwell_r6_xi_1_p+3_Nd4001_dt1,dwell,6,xi_1,3,4001,1.0,static_lti,16,context,0.15556450300927685,0.04872783656372918,1.6040564898652697e-09,1.0311198627167626e-08
dwell_r6_xi_1_p+3_Nd4001_dt1,dwell,6,xi_1,3,4001,1.0,static_mh,16,context,0.22971597178891942,0.07076889082255064,2.329619096797256e-09,1.0141302229249815e-08
dwell_r6_xi_1_p+3_Nd4001_dt1,dwell,6,xi_1,3,4001,1.0,static_lti_mh,16,context,0.15731806480480942,0.04928234578372555,1.622310206339261e-09,1.0312294448524547e-08
dwell_r6_xi_1_p+3_Nd4001_dt1,dwell,6,xi_1,3,4001,1.0,linear,16,context,0.004532835890996743,0.004532835890996743,1.4921501427501706e-10,3.291868884364256e-08
dwell_r6_xi_2_p+3_Nd4001_dt1,dwell,6,xi_2,3,4001,1.0,atomic,2,context,0.5910724487253953,0.09804160672759937,3.151869601290787e-09,5.332459004116271e-09
dwell_r6_xi_2_p+3_Nd4001_dt1,dwell,6,xi_2,3,4001,1.0,static,2,context,0.16358534750389622,0.05068917775732115,1.62957017760451e-09,9.96159009636054e-09
dwell_r6_xi_2_p+3_Nd4001_dt1,dwell,6,xi_2,3,4001,1.0,static_lti,2,context,0.16291917147203644,0.051610932138737645,1.6592030009701575e-09,1.0184209666539731e-08
dwell_r6_xi_2_p+3_Nd4001_dt1,dwell,6,xi_2,3,4001,1.0,static_mh,2,context,0.21741022719660252,0.0671124044667018,2.1575487649426946e-09,9.923860495263816e-09
dwell_r6_xi_2_p+3_Nd4001_dt1,dwell,6,xi_2,3,4001,1.0,static_lti_mh,2,context,0.16441717022828944,0.0521125476570282,1.6753290800544025e-09,1.0189501970677677e-08
dwell_r6_xi_2_p+3_Nd4001_dt1,dwell,6,xi_2,3,4001,1.0,linear,2,context,0.004061045606333241,0.004061045606333241,1.3055565512732462e-10,3.214828588078937e-08
dwell_r6_xi_2_p+3_Nd4001_dt1,dwell,6,xi_2,3,4001,1.0,atomic,2,zerofill,0.5932195108001785,0.09828176078511716,3.1590557551229842e-09,5.325272850284063e-09
dwell_r6_xi_2_p+3_Nd4001_dt1,dwell,6,xi_2,3,4001,1.0,static,2,zerofill,0.16358605405045734,0.050697940549872846,1.6295762264284895e-09,9.961584047536561e-09
dwell_r6_xi_2_p+3_Nd4001_dt1,dwell,6,xi_2,3,4001,1.0,static_lti,2,zerofill,0.16303667512875775,0.05165167379534908,1.6602319297238467e-09,1.0183180737786043e-08
dwell_r6_xi_2_p+3_Nd4001_dt1,dwell,6,xi_2,3,4001,1.0,static_mh,2,zerofill,0.21744192139551816,0.06713179486127026,2.1578071171507305e-09,9.92360214305578e-09
dwell_r6_xi_2_p+3_Nd4001_dt1,dwell,6,xi_2,3,4001,1.0,static_lti_mh,2,zerofill,0.16451231060137425,0.05214726242148477,1.6761615598918536e-09,1.018866949084023e-08
dwell_r6_xi_2_p+3_Nd4001_dt1,dwell,6,xi_2,3,4001,1.0,linear,2,zerofill,0.0042308930790518106,0.0042308930790518106,1.3599295559947464e-10,3.2142848580317264e-08
dwell_r6_xi_2_p+3_Nd4001_dt1,dwell,6,xi_2,3,4001,1.0,atomic,4,context,0.5867223031880134,0.09758603975397201,3.137250173118999e-09,5.347078432288054e-09
dwell_r6_xi_2_p+3_Nd4001_dt1,dwell,6,xi_2,3,4001,1.0,static,4,context,0.1630670005886834,0.05055065671931147,1.625130571378515e-09,9.966029702586537e-09
dwell_r6_xi_2_p+3_Nd4001_dt1,dwell,6,xi_2,3,4001,1.0,static_lti,4,context,0.1624185112482827,0.05147405849751699,1.6548166042971295e-09,1.0188596063212755e-08
dwell_r6_xi_2_p+3_Nd4001_dt1,dwell,6,xi_2,3,4001,1.0,static_mh,4,context,0.216560538338784,0.06689624418544543,2.1506175901892486e-09,9.930791670017255e-09
dwell_r6_xi_2_p+3_Nd4001_dt1,dwell,6,xi_2,3,4001,1.0,static_lti_mh,4,context,0.1638975149534761,0.051970599684434966,1.6707796859894137e-09,1.019405136474266e-08
dwell_r6_xi_2_p+3_Nd4001_dt1,dwell,6,xi_2,3,4001,1.0,linear,4,context,0.004052638302825799,0.004052638302825799,1.3028646565823393e-10,3.2148555070258444e-08
dwell_r6_xi_2_p+3_Nd4001_dt1,dwell,6,xi_2,3,4001,1.0,atomic,8,context,0.578474918205102,0.09671300736402656,3.1093121844590028e-09,5.375016420948049e-09
dwell_r6_xi_2_p+3_Nd4001_dt1,dwell,6,xi_2,3,4001,1.0,static,8,context,0.1605403032233258,0.049873669403283485,1.6034327975720719e-09,9.987727476392982e-09
dwell_r6_xi_2_p+3_Nd4001_dt1,dwell,6,xi_2,3,4001,1.0,static_lti,8,context,0.15997648423262714,0.0508047577133022,1.633367180816423e-09,1.0210045486693466e-08
dwell_r6_xi_2_p+3_Nd4001_dt1,dwell,6,xi_2,3,4001,1.0,static_mh,8,context,0.21307173078863026,0.06600510213835492,2.122056524855679e-09,9.959352735350824e-09
dwell_r6_xi_2_p+3_Nd4001_dt1,dwell,6,xi_2,3,4001,1.0,static_lti_mh,8,context,0.1614304261697481,0.051294914718942354,1.6491256727863641e-09,1.0215705377945714e-08
dwell_r6_xi_2_p+3_Nd4001_dt1,dwell,6,xi_2,3,4001,1.0,linear,8,context,0.004011065459651073,0.004011065459651073,1.2895529821973766e-10,3.214988623769696e-08
dwell_r6_xi_2_p+3_Nd4001_dt1,dwell,6,xi_2,3,4001,1.0,atomic,16,context,0.5706999018988461,0.09588148307394576,3.082705675940893e-09,5.401622929466156e-09
dwell_r6_xi_2_p+3_Nd4001_dt1,dwell,6,xi_2,3,4001,1.0,static,16,context,0.15927731809589732,0.049533177411071466,1.5925515778133595e-09,9.9986086961517e-09
dwell_r6_xi_2_p+3_Nd4001_dt1,dwell,6,xi_2,3,4001,1.0,static_lti,16,context,0.15873804346033835,0.05046325964287478,1.6224548467569638e-09,1.022095782075293e-08
dwell_r6_xi_2_p+3_Nd4001_dt1,dwell,6,xi_2,3,4001,1.0,static_mh,16,context,0.21132457751841396,0.06555559411794899,2.107691658474076e-09,9.973717601732437e-09
dwell_r6_xi_2_p+3_Nd4001_dt1,dwell,6,xi_2,3,4001,1.0,static_lti_mh,16,context,0.16017781530434114,0.050949748975275336,1.6380960673367425e-09,1.0226734983395336e-08
dwell_r6_xi_2_p+3_Nd4001_dt1,dwell,6,xi_2,3,4001,1.0,linear,16,context,0.003969734291272027,0.003969734291272027,1.2763175995352148e-10,3.215120977596318e-08
dwell_r6_xi_4_p+0_Nd4001_dt1,dwell,6,xi_4,0,4001,1.0,atomic,2,context,0.3142634167570473,0.09672873578197667,1.5808392100006513e-09,5.030299823993756e-09
dwell_r6_xi_4_p+0_Nd4001_dt1,dwell,6,xi_4,0,4001,1.0,static,2,context,0.030426947384089114,0.017457066185900424,2.8530109997974336e-10,9.376592938433688e-09
dwell_r6_xi_4_p+0_Nd4001_dt1,dwell,6,xi_4,0,4001,1.0,static_lti,2,context,0.03275563042047014,0.01910212336884565,3.121862947098247e-10,9.53076740402861e-09
dwell_r6_xi_4_p+0_Nd4001_dt1,dwell,6,xi_4,0,4001,1.0,static_mh,2,context,0.03168345981650657,0.018197323719888175,2.973991401925699e-10,9.386574001543537e-09
dwell_r6_xi_4_p+0_Nd4001_dt1,dwell,6,xi_4,0,4001,1.0,static_lti_mh,2,context,0.03307893885275007,0.019293298583999287,3.153106741783662e-10,9.532067385291967e-09
dwell_r6_xi_4_p+0_Nd4001_dt1,dwell,6,xi_4,0,4001,1.0,linear,2,context,0.0036461908339578803,0.0036461908339578803,5.95897526300514e-11,1.634301531205587e-08
dwell_r6_xi_4_p+0_Nd4001_dt1,dwell,6,xi_4,0,4001,1.0,atomic,2,zerofill,0.3144240267939287,0.09676988603751754,1.5814538644985827e-09,5.02968516949583e-09
dwell_r6_xi_4_p+0_Nd4001_dt1,dwell,6,xi_4,0,4001,1.0,static,2,zerofill,0.030432365930514956,0.01746072204935428,2.853504069559541e-10,9.376543631457497e-09
dwell_r6_xi_4_p+0_Nd4001_dt1,dwell,6,xi_4,0,4001,1.0,static_lti,2,zerofill,0.03279523396746281,0.019125185378313387,3.125517613409126e-10,9.530401937397523e-09
dwell_r6_xi_4_p+0_Nd4001_dt1,dwell,6,xi_4,0,4001,1.0,static_mh,2,zerofill,0.031688855892970096,0.018200993692609066,2.974482351020999e-10,9.386524906634016e-09
dwell_r6_xi_4_p+0_Nd4001_dt1,dwell,6,xi_4,0,4001,1.0,static_lti_mh,2,zerofill,0.033120241833869156,0.019317323056900735,3.156917554729708e-10,9.531686303997352e-09
dwell_r6_xi_4_p+0_Nd4001_dt1,dwell,6,xi_4,0,4001,1.0,linear,2,zerofill,0.0036829138429073835,0.0036829138429073835,6.018771508342081e-11,1.634241734960249e-08
dwell_r6_xi_4_p+0_Nd4001_dt1,dwell,6,xi_4,0,4001,1.0,atomic,4,context,0.31192808519277154,0.09617965720020309,1.5718848945245754e-09,5.0392541394698415e-09
dwell_r6_xi_4_p+0_Nd4001_dt1,dwell,6,xi_4,0,4001,1.0,static,4,context,0.030365014585813407,0.01742236647004778,2.8473749520789236e-10,9.377156543205556e-09
dwell_r6_xi_4_p+0_Nd4001_dt1,dwell,6,xi_4,0,4001,1.0,static_lti,4,context,0.03267485888282847,0.01905627639153304,3.114408376751089e-10,9.531512861063327e-09
dwell_r6_xi_4_p+0_Nd4001_dt1,dwell,6,xi_4,0,4001,1.0,static_mh,4,context,0.03161753465715166,0.01816039742911933,2.9679929444929785e-10,9.387173847286791e-09
dwell_r6_xi_4_p+0_Nd4001_dt1,dwell,6,xi_4,0,4001,1.0,static_lti_mh,4,context,0.033001739049550796,0.019249474112166414,3.145983097181631e-10,9.532779749752165e-09
dwell_r6_xi_4_p+0_Nd4001_dt1,dwell,6,xi_4,0,4001,1.0,linear,4,context,0.003633877904882733,0.003633877904882733,5.938925084066237e-11,1.6343215813845262e-08
dwell_r6_xi_4_p+0_Nd4001_dt1,dwell,6,xi_4,0,4001,1.0,atomic,8,context,0.3094498715249984,0.09559330217033155,1.562347799019518e-09,5.048791234974891e-09
dwell_r6_xi_4_p+0_Nd4001_dt1,dwell,6,xi_4,0,4001,1.0,static,8,context,0.03026015766396331,0.01736346099912159,2.83783115128732e-10,9.378110923284714e-09
dwell_r6_xi_4_p+0_Nd4001_dt1,dwell,6,xi_4,0,4001,1.0,static_lti,8,context,0.032565921909638494,0.018994189901990987,3.1043525135952996e-10,9.53251844737891e-09
dwell_r6_xi_4_p+0_Nd4001_dt1,dwell,6,xi_4,0,4001,1.0,static_mh,8,context,0.03149786038741257,0.018093227446961478,2.9571019555900503e-10,9.388262946177105e-09
dwell_r6_xi_4_p+0_Nd4001_dt1,dwell,6,xi_4,0,4001,1.0,static_lti_mh,8,context,0.0328915560663255,0.019186689560568175,3.135814071158631e-10,9.533796652354459e-09
dwell_r6_xi_4_p+0_Nd4001_dt1,dwell,6,xi_4,0,4001,1.0,linear,8,context,0.003604436421357712,0.003604436421357712,5.890981043399684e-11,1.6343695254251927e-08
dwell_r6_xi_4_p+0_Nd4001_dt1,dwell,6,xi_4,0,4001,1.0,atomic,16,context,0.30540407629958455,0.094632918333971,1.5467002490819754e-09,5.064438784912444e-09
dwell_r6_xi_4_p+0_Nd4001_dt1,dwell,6,xi_4,0,4001,1.0,static,16,context,0.029987114944534002,0.017210807246015026,2.8129704042697124e-10,9.380596997986482e-09
dwell_r6_xi_4_p+0_Nd4001_dt1,dwell,6,xi_4,0,4001,1.0,static_lti,16,context,0.03226580334823047,0.018824023753043036,3.0766378909298667e-10,9.535289909645459e-09
dwell_r6_xi_4_p+0_Nd4001_dt1,dwell,6,xi_4,0,4001,1.0,static_mh,16,context,0.031205599866071455,0.01792986116667574,2.9304940839542325e-10,9.390923733340683e-09
dwell_r6_xi_4_p+0_Nd4001_dt1,dwell,6,xi_4,0,4001,1.0,static_lti_mh,16,context,0.03259000223761761,0.019015737075761718,3.107971918160735e-10,9.536580867654255e-09
dwell_r6_xi_4_p+0_Nd4001_dt1,dwell,6,xi_4,0,4001,1.0,linear,16,context,0.003572855485157131,0.003572855485157131,5.839549879804016e-11,1.634420956588788e-08
dwell_r6_xi_4_p+3_Nd4001_dt1,dwell,6,xi_4,3,4001,1.0,atomic,2,context,0.7038892321236945,0.10484434093181531,3.4188274446458992e-09,4.85705319618401e-09
dwell_r6_xi_4_p+3_Nd4001_dt1,dwell,6,xi_4,3,4001,1.0,static,2,context,0.16596589818919777,0.050720277269672,1.6539173634786457e-09,9.965404830293591e-09
dwell_r6_xi_4_p+3_Nd4001_dt1,dwell,6,xi_4,3,4001,1.0,static_lti,2,context,0.1639950368703893,0.05140208764891776,1.6761502471602337e-09,1.0220737646377375e-08
dwell_r6_xi_4_p+3_Nd4001_dt1,dwell,6,xi_4,3,4001,1.0,static_mh,2,context,0.20186146257493168,0.06205139980463322,2.023409434837697e-09,1.0023752969126539e-08
dwell_r6_xi_4_p+3_Nd4001_dt1,dwell,6,xi_4,3,4001,1.0,static_lti_mh,2,context,0.16585872600969234,0.05200045416537538,1.6956621430836666e-09,1.0223532905857341e-08
dwell_r6_xi_4_p+3_Nd4001_dt1,dwell,6,xi_4,3,4001,1.0,linear,2,context,0.0036461908339576916,0.0036461908339576916,1.1889718778105385e-10,3.260860256510465e-08
dwell_r6_xi_4_p+3_Nd4001_dt1,dwell,6,xi_4,3,4001,1.0,atomic,2,zerofill,0.7043109393179319,0.1048850340385762,3.4200292525017192e-09,4.8558513883282015e-09
dwell_r6_xi_4_p+3_Nd4001_dt1,dwell,6,xi_4,3,4001,1.0,static,2,zerofill,0.16599847714978253,0.050730672317990194,1.6541958051211869e-09,9.965126388651055e-09
dwell_r6_xi_4_p+3_Nd4001_dt1,dwell,6,xi_4,3,4001,1.0,static_lti,2,zerofill,0.16404857517327906,0.05141838491740426,1.6766203314501297e-09,1.0220267562087456e-08
dwell_r6_xi_4_p+3_Nd4001_dt1,dwell,6,xi_4,3,4001,1.0,static_mh,2,zerofill,0.2018993427007509,0.062063358758806544,2.023725352327764e-09,1.002343705163651e-08
dwell_r6_xi_4_p+3_Nd4001_dt1,dwell,6,xi_4,3,4001,1.0,static_lti_mh,2,zerofill,0.16591485929106042,0.05201745202096445,1.6961543577978142e-09,1.022304069114323e-08
dwell_r6_xi_4_p+3_Nd4001_dt1,dwell,6,xi_4,3,4001,1.0,linear,2,zerofill,0.003682913842907159,0.003682913842907159,1.2009027973002686e-10,3.260740947315562e-08
dwell_r6_xi_4_p+3_Nd4001_dt1,dwell,6,xi_4,3,4001,1.0,atomic,4,context,0.7006086177926371,0.10455572125781036,3.409457788303226e-09,4.86642285252669e-09
dwell_r6_xi_4_p+3_Nd4001_dt1,dwell,6,xi_4,3,4001,1.0,static,4,context,0.1655436602040245,0.05060894519318778,1.6503072263378002e-09,9.969014967434433e-09
dwell_r6_xi_4_p+3_Nd4001_dt1,dwell,6,xi_4,3,4001,1.0,static_lti,4,context,0.1635756268891331,0.05128848034161081,1.6724661897722725e-09,1.0224421703765333e-08
dwell_r6_xi_4_p+3_Nd4001_dt1,dwell,6,xi_4,3,4001,1.0,static_mh,4,context,0.20128085422999897,0.061902068397294514,2.0185647104745984e-09,1.0028597693489671e-08
dwell_r6_xi_4_p+3_Nd4001_dt1,dwell,6,xi_4,3,4001,1.0,static_lti_mh,4,context,0.1654387306402316,0.05188683179916731,1.6919778340186765e-09,1.022721721492234e-08
dwell_r6_xi_4_p+3_Nd4001_dt1,dwell,6,xi_4,3,4001,1.0,linear,4,context,0.0036338779048825376,0.0036338779048825376,1.184971341166017e-10,3.260900261876906e-08
dwell_r6_xi_4_p+3_Nd4001_dt1,dwell,6,xi_4,3,4001,1.0,atomic,8,context,0.6980568696410022,0.10432839756327188,3.4021447908759736e-09,4.873735849953936e-09
dwell_r6_xi_4_p+3_Nd4001_dt1,dwell,6,xi_4,3,4001,1.0,static,8,context,0.16485556183494066,0.05042687609727198,1.644418373534747e-09,9.974903820237489e-09
dwell_r6_xi_4_p+3_Nd4001_dt1,dwell,6,xi_4,3,4001,1.0,static_lti,8,context,0.1629731428296508,0.05112454649981711,1.6671693769164273e-09,1.0229718516621181e-08
dwell_r6_xi_4_p+3_Nd4001_dt1,dwell,6,xi_4,3,4001,1.0,static_mh,8,context,0.20022314840359792,0.06162923780488232,2.0097269320788505e-09,1.003743547188541e-08
dwell_r6_xi_4_p+3_Nd4001_dt1,dwell,6,xi_4,3,4001,1.0,static_lti_mh,8,context,0.16481773000130942,0.051718107770161593,1.6865253857417665e-09,1.0232669663199266e-08
dwell_r6_xi_4_p+3_Nd4001_dt1,dwell,6,xi_4,3,4001,1.0,linear,8,context,0.00360443642135761,0.00360443642135761,1.175405247409117e-10,3.2609959228144766e-08
dwell_r6_xi_4_p+3_Nd4001_dt1,dwell,6,xi_4,3,4001,1.0,atomic,16,context,0.6879879204933427,0.10343363199330005,3.3730726643302075e-09,4.902807976499708e-09
dwell_r6_xi_4_p+3_Nd4001_dt1,dwell,6,xi_4,3,4001,1.0,static,16,context,0.16311932146434113,0.049968695105580344,1.6295283872831754e-09,9.989793806489074e-09
dwell_r6_xi_4_p+3_Nd4001_dt1,dwell,6,xi_4,3,4001,1.0,static_lti,16,context,0.16132319533455786,0.05067726426419856,1.65263552578023e-09,1.0244252367757377e-08
dwell_r6_xi_4_p+3_Nd4001_dt1,dwell,6,xi_4,3,4001,1.0,static_mh,16,context,0.19795640569547718,0.06104490024136813,1.990734351417353e-09,1.0056428052546906e-08
dwell_r6_xi_4_p+3_Nd4001_dt1,dwell,6,xi_4,3,4001,1.0,static_lti_mh,16,context,0.1631405993396296,0.051264041661114056,1.671770914912758e-09,1.0247424134028277e-08
dwell_r6_xi_4_p+3_Nd4001_dt1,dwell,6,xi_4,3,4001,1.0,linear,16,context,0.0035728554851569903,0.0035728554851569903,1.1651433811553602e-10,3.2610985414770116e-08
dwell_r6_xi_4_p+6_Nd4001_dt1,dwell,6,xi_4,6,4001,1.0,atomic,2,context,0.8381488102884554,0.07024097154808161,4.5700683722953895e-09,5.452573953690354e-09
dwell_r6_xi_4_p+6_Nd4001_dt1,dwell,6,xi_4,6,4001,1.0,static,2,context,0.6746682021350118,0.0889836279904447,5.789516502528169e-09,8.58127963376225e-09
dwell_r6_xi_4_p+6_Nd4001_dt1,dwell,6,xi_4,6,4001,1.0,static_lti,2,context,0.6811247214963844,0.09077274217217464,5.905921130142869e-09,8.670836549828885e-09
dwell_r6_xi_4_p+6_Nd4001_dt1,dwell,6,xi_4,6,4001,1.0,static_mh,2,context,0.7691500548885192,0.10234532648766234,6.658864895018463e-09,8.65743277621374e-09
dwell_r6_xi_4_p+6_Nd4001_dt1,dwell,6,xi_4,6,4001,1.0,static_lti_mh,2,context,0.6859597045148269,0.09143404116247078,5.948947038435076e-09,8.672443875756101e-09
dwell_r6_xi_4_p+6_Nd4001_dt1,dwell,6,xi_4,6,4001,1.0,linear,2,context,0.003646190833957629,0.003646190833957629,2.372310781353111e-10,6.506271584195087e-08
dwell_r6_xi_4_p+6_Nd4001_dt1,dwell,6,xi_4,6,4001,1.0,atomic,2,zerofill,0.8388593998540885,0.07027592750695115,4.572175407861918e-09,5.450466918123828e-09
dwell_r6_xi_4_p+6_Nd4001_dt1,dwell,6,xi_4,6,4001,1.0,static,2,zerofill,0.6748525196002723,0.08900139915408414,5.790460872072528e-09,8.580335264217914e-09
dwell_r6_xi_4_p+6_Nd4001_dt1,dwell,6,xi_4,6,4001,1.0,static_lti,2,zerofill,0.6813307629764638,0.09079239576712082,5.906983712256747e-09,8.669773967715003e-09
dwell_r6_xi_4_p+6_Nd4001_dt1,dwell,6,xi_4,6,4001,1.0,static_mh,2,zerofill,0.7693432665600021,0.10236360221459703,6.65981028367711e-09,8.656487387555114e-09
dwell_r6_xi_4_p+6_Nd4001_dt1,dwell,6,xi_4,6,4001,1.0,static_lti_mh,2,zerofill,0.6861687539944102,0.09145391290663633,5.9500222391673e-09,8.671368675023886e-09
dwell_r6_xi_4_p+6_Nd4001_dt1,dwell,6,xi_4,6,4001,1.0,linear,2,zerofill,0.003682913842907015,0.003682913842907015,2.3961160953938473e-10,6.506033531054676e-08
dwell_r6_xi_4_p+6_Nd4001_dt1,dwell,6,xi_4,6,4001,1.0,atomic,4,context,0.8336031256630605,0.07003235169645934,4.556550898833861e-09,5.466091427151874e-09
dwell_r6_xi_4_p+6_Nd4001_dt1,dwell,6,xi_4,6,4001,1.0,static,4,context,0.6720635968342411,0.08877708749432123,5.776149279855657e-09,8.594646856434773e-09
dwell_r6_xi_4_p+6_Nd4001_dt1,dwell,6,xi_4,6,4001,1.0,static_lti,4,context,0.6786355411736537,0.09057401195151783,5.893063499530358e-09,8.683694180441402e-09
dwell_r6_xi_4_p+6_Nd4001_dt1,dwell,6,xi_4,6,4001,1.0,static_mh,4,context,0.7656607537043485,0.10208111506362368,6.6417560645851265e-09,8.67454160664707e-09
dwell_r6_xi_4_p+6_Nd4001_dt1,dwell,6,xi_4,6,4001,1.0,static_lti_mh,4,context,0.6832577192455771,0.09121895758154812,5.935025928593868e-09,8.686364985597324e-09
dwell_r6_xi_4_p+6_Nd4001_dt1,dwell,6,xi_4,6,4001,1.0,linear,4,context,0.0036338779048825758,0.0036338779048825758,2.3643286613467154e-10,6.506351405395157e-08
dwell_r6_xi_4_p+6_Nd4001_dt1,dwell,6,xi_4,6,4001,1.0,atomic,8,context,0.8290619313002212,0.06982171939379714,4.542979688832189e-09,5.479662637153554e-09
dwell_r6_xi_4_p+6_Nd4001_dt1,dwell,6,xi_4,6,4001,1.0,static,8,context,0.6679582623504936,0.08844936512806352,5.75499533319416e-09,8.615800803096253e-09
dwell_r6_xi_4_p+6_Nd4001_dt1,dwell,6,xi_4,6,4001,1.0,static_lti,8,context,0.6749171475092585,0.09027506544548057,5.873785296144527e-09,8.702972383827232e-09
dwell_r6_xi_4_p+6_Nd4001_dt1,dwell,6,xi_4,6,4001,1.0,static_mh,8,context,0.7598208736518645,0.1016357035926676,6.612970019794113e-09,8.703327651438083e-09
dwell_r6_xi_4_p+6_Nd4001_dt1,dwell,6,xi_4,6,4001,1.0,static_lti_mh,8,context,0.6793890459781926,0.09090874384789198,5.915015849279007e-09,8.706375064912174e-09
dwell_r6_xi_4_p+6_Nd4001_dt1,dwell,6,xi_4,6,4001,1.0,linear,8,context,0.003604436421357574,0.003604436421357574,2.3452417949720617e-10,6.506542274058895e-08
dwell_r6_xi_4_p+6_Nd4001_dt1,dwell,6,xi_4,6,4001,1.0,atomic,16,context,0.8193159378076278,0.06936838585448474,4.5136253830222425e-09,5.50901694296349e-09
dwell_r6_xi_4_p+6_Nd4001_dt1,dwell,6,xi_4,6,4001,1.0,static,16,context,0.6577637729753105,0.08763230036119628,5.702012096874425e-09,8.668784039416007e-09
dwell_r6_xi_4_p+6_Nd4001_dt1,dwell,6,xi_4,6,4001,1.0,static_lti,16,context,0.6651497368911164,0.08948765807732349,5.82273552987552e-09,8.75402215009624e-09
dwell_r6_xi_4_p+6_Nd4001_dt1,dwell,6,xi_4,6,4001,1.0,static_mh,16,context,0.7476656186813546,0.10070219654226148,6.5524371778338005e-09,8.763860493398406e-09
dwell_r6_xi_4_p+6_Nd4001_dt1,dwell,6,xi_4,6,4001,1.0,static_lti_mh,16,context,0.6695288659408511,0.09011563343397241,5.8635962977133195e-09,8.75779461647787e-09
dwell_r6_xi_4_p+6_Nd4001_dt1,dwell,6,xi_4,6,4001,1.0,linear,16,context,0.0035728554851570432,0.0035728554851570432,2.3247666799547537e-10,6.50674702520908e-08
dwell_r7_xi_0.05_p+0_Nd4001_dt1,dwell,7,xi_0.05,0,4001,1.0,atomic,2,context,0.18385158577476424,0.08021138887270134,1.500124538506302e-09,8.159432142968285e-09
dwell_r7_xi_0.05_p+0_Nd4001_dt1,dwell,7,xi_0.05,0,4001,1.0,static,2,context,0.011871907575647607,0.005803506657263074,1.0853798778826484e-10,9.142421897800544e-09
dwell_r7_xi_0.05_p+0_Nd4001_dt1,dwell,7,xi_0.05,0,4001,1.0,static_lti,2,context,0.014308573377651675,0.00806903515234691,1.5090821645434852e-10,1.054669899446786e-08
dwell_r7_xi_0.05_p+0_Nd4001_dt1,dwell,7,xi_0.05,0,4001,1.0,static_mh,2,context,0.11756771967380783,0.05708466915643122,1.0676054133656887e-09,9.080769928410322e-09
dwell_r7_xi_0.05_p+0_Nd4001_dt1,dwell,7,xi_0.05,0,4001,1.0,static_lti_mh,2,context,0.016843457091098638,0.009498068767235673,1.7763420165636492e-10,1.0546184236147123e-08
dwell_r7_xi_0.05_p+0_Nd4001_dt1,dwell,7,xi_0.05,0,4001,1.0,linear,2,context,0.00972289508449971,0.00972289508449971,1.8183893467707153e-10,1.8702138930508476e-08
dwell_r7_xi_0.05_p+0_Nd4001_dt1,dwell,7,xi_0.05,0,4001,1.0,atomic,2,zerofill,0.1841330413539828,0.08032170843312957,1.5020639470184272e-09,8.157492734456142e-09
dwell_r7_xi_0.05_p+0_Nd4001_dt1,dwell,7,xi_0.05,0,4001,1.0,static,2,zerofill,0.011874904818764636,0.0058054331022407875,1.0856506827121367e-10,9.142394817317605e-09
dwell_r7_xi_0.05_p+0_Nd4001_dt1,dwell,7,xi_0.05,0,4001,1.0,static_lti,2,zerofill,0.014369542972313276,0.0081035985388671,1.5154213529306544e-10,1.0546065075629158e-08
dwell_r7_xi_0.05_p+0_Nd4001_dt1,dwell,7,xi_0.05,0,4001,1.0,static_mh,2,zerofill,0.1175576451257413,0.05708499672710199,1.067523552127014e-09,9.080851789649035e-09
dwell_r7_xi_0.05_p+0_Nd4001_dt1,dwell,7,xi_0.05,0,4001,1.0,static_lti_mh,2,zerofill,0.016906626231126234,0.009533883522966224,1.7828931921739287e-10,1.0545529118586076e-08
dwell_r7_xi_0.05_p+0_Nd4001_dt1,dwell,7,xi_0.05,0,4001,1.0,linear,2,zerofill,0.009806118545031342,0.009806118545031342,1.8338027681449396e-10,1.8700597588371072e-08
dwell_r7_xi_0.05_p+0_Nd4001_dt1,dwell,7,xi_0.05,0,4001,1.0,atomic,4,context,0.1827820220113544,0.07981338164474741,1.4927461435123698e-09,8.16681053796221e-09
dwell_r7_xi_0.05_p+0_Nd4001_dt1,dwell,7,xi_0.05,0,4001,1.0,static,4,context,0.011588007827953004,0.005666066398696111,1.059721890144379e-10,9.144987696574387e-09
dwell_r7_xi_0.05_p+0_Nd4001_dt1,dwell,7,xi_0.05,0,4001,1.0,static_lti,4,context,0.014039775387573145,0.007919204741531844,1.4811253569262223e-10,1.0549494675229581e-08
dwell_r7_xi_0.05_p+0_Nd4001_dt1,dwell,7,xi_0.05,0,4001,1.0,static_mh,4,context,0.11681535782151653,0.05675509326221382,1.061487996698986e-09,9.086887345077051e-09
dwell_r7_xi_0.05_p+0_Nd4001_dt1,dwell,7,xi_0.05,0,4001,1.0,static_lti_mh,4,context,0.016541583759911223,0.009330204137678984,1.7450239493291848e-10,1.0549316042870553e-08
dwell_r7_xi_0.05_p+0_Nd4001_dt1,dwell,7,xi_0.05,0,4001,1.0,linear,4,context,0.009678798284247489,0.009678798284247489,1.8102213582370388e-10,1.8702955729361814e-08
dwell_r7_xi_0.05_p+0_Nd4001_dt1,dwell,7,xi_0.05,0,4001,1.0,atomic,8,context,0.18195393677175323,0.07950182799170187,1.4870244186204684e-09,8.172532262854101e-09
dwell_r7_xi_0.05_p+0_Nd4001_dt1,dwell,7,xi_0.05,0,4001,1.0,static,8,context,0.011404032783468245,0.005576729612528092,1.0430870986688136e-10,9.14665117572194e-09
dwell_r7_xi_0.05_p+0_Nd4001_dt1,dwell,7,xi_0.05,0,4001,1.0,static_lti,8,context,0.013768564267202138,0.00776775461961648,1.4529025418669986e-10,1.0552316956735518e-08
dwell_r7_xi_0.05_p+0_Nd4001_dt1,dwell,7,xi_0.05,0,4001,1.0,static_mh,8,context,0.11621628737428794,0.0564903386033488,1.056611087333565e-09,9.091764254442471e-09
dwell_r7_xi_0.05_p+0_Nd4001_dt1,dwell,7,xi_0.05,0,4001,1.0,static_lti_mh,8,context,0.01626881431257627,0.009178163083424022,1.7167092842892872e-10,1.055214750937455e-08
dwell_r7_xi_0.05_p+0_Nd4001_dt1,dwell,7,xi_0.05,0,4001,1.0,linear,8,context,0.009607334780602201,0.009607334780602201,1.7969827584478126e-10,1.8704279589340752e-08
dwell_r7_xi_0.05_p+0_Nd4001_dt1,dwell,7,xi_0.05,0,4001,1.0,atomic,16,context,0.17932161334335125,0.07851806431585862,1.4687827889399157e-09,8.190773892534656e-09
dwell_r7_xi_0.05_p+0_Nd4001_dt1,dwell,7,xi_0.05,0,4001,1.0,static,16,context,0.01127076353231352,0.005511688867056251,1.0310332808712516e-10,9.147856557501691e-09
dwell_r7_xi_0.05_p+0_Nd4001_dt1,dwell,7,xi_0.05,0,4001,1.0,static_lti,16,context,0.013600711581911031,0.0076734979523569525,1.435427862567823e-10,1.055406442466543e-08
dwell_r7_xi_0.05_p+0_Nd4001_dt1,dwell,7,xi_0.05,0,4001,1.0,static_mh,16,context,0.11488445511691182,0.05590362109250046,1.0457501368064033e-09,9.102625204969627e-09
dwell_r7_xi_0.05_p+0_Nd4001_dt1,dwell,7,xi_0.05,0,4001,1.0,static_lti_mh,16,context,0.016079193712644255,0.009071898260901193,1.6970168769092276e-10,1.0554116750112526e-08
dwell_r7_xi_0.05_p+0_Nd4001_dt1,dwell,7,xi_0.05,0,4001,1.0,linear,16,context,0.009498068552424712,0.009498068552424712,1.776737587652835e-10,1.8706304106420256e-08
dwell_r7_xi_0.05_p+3_Nd4001_dt1,dwell,7,xi_0.05,3,4001,1.0,atomic,2,context,0.34181775154257554,0.08153312684735615,3.0424635015185263e-09,8.900835277829532e-09
dwell_r7_xi_0.05_p+3_Nd4001_dt1,dwell,7,xi_0.05,3,4001,1.0,static,2,context,0.03798188335587532,0.011257600095355922,4.200849241184538e-10,1.1060139387571256e-08
dwell_r7_xi_0.05_p+3_Nd4001_dt1,dwell,7,xi_0.05,3,4001,1.0,static_lti,2,context,0.045196833125684836,0.014162991590797402,5.285015631497541e-10,1.1693331735878033e-08
dwell_r7_xi_0.05_p+3_Nd4001_dt1,dwell,7,xi_0.05,3,4001,1.0,static_mh,2,context,1.6477564607570356,0.47947630555724546,1.7891981037743894e-08,1.0858389248568752e-08
dwell_r7_xi_0.05_p+3_Nd4001_dt1,dwell,7,xi_0.05,3,4001,1.0,static_lti_mh,2,context,0.07036671906910869,0.022073985608024437,8.237056291388553e-10,1.1705897902243758e-08
dwell_r7_xi_0.05_p+3_Nd4001_dt1,dwell,7,xi_0.05,3,4001,1.0,linear,2,context,0.009722895084500771,0.009722895084500771,3.6281637375528563e-10,3.7315673017355685e-08
dwell_r7_xi_0.05_p+3_Nd4001_dt1,dwell,7,xi_0.05,3,4001,1.0,atomic,2,zerofill,0.34233771468378726,0.0816322499716473,3.045911297270545e-09,8.897387482077492e-09
dwell_r7_xi_0.05_p+3_Nd4001_dt1,dwell,7,xi_0.05,3,4001,1.0,static,2,zerofill,0.03800094602236993,0.011263971630460948,4.202880412247883e-10,1.1059936270464905e-08
dwell_r7_xi_0.05_p+3_Nd4001_dt1,dwell,7,xi_0.05,3,4001,1.0,static_lti,2,zerofill,0.04524684910083148,0.014179154838280436,5.290610992918485e-10,1.1692772199735919e-08
dwell_r7_xi_0.05_p+3_Nd4001_dt1,dwell,7,xi_0.05,3,4001,1.0,static_mh,2,zerofill,1.6478132187607943,0.47952206305333583,1.7892213796041723e-08,1.0858156490270914e-08
dwell_r7_xi_0.05_p+3_Nd4001_dt1,dwell,7,xi_0.05,3,4001,1.0,static_lti_mh,2,zerofill,0.0704206141046898,0.022091600861636616,8.242950140737474e-10,1.170530851730888e-08
dwell_r7_xi_0.05_p+3_Nd4001_dt1,dwell,7,xi_0.05,3,4001,1.0,linear,2,zerofill,0.009806118545032261,0.009806118545032261,3.658917556365528e-10,3.731259763547444e-08
dwell_r7_xi_0.05_p+3_Nd4001_dt1,dwell,7,xi_0.05,3,4001,1.0,atomic,4,context,0.3390949262593036,0.08104458042384088,3.0243651435444477e-09,8.91893363580361e-09
dwell_r7_xi_0.05_p+3_Nd4001_dt1,dwell,7,xi_0.05,3,4001,1.0,static,4,context,0.036587895540151495,0.010858539743248736,4.052114149709751e-10,1.1075012896718719e-08
dwell_r7_xi_0.05_p+3_Nd4001_dt1,dwell,7,xi_0.05,3,4001,1.0,static_lti,4,context,0.04391034987894575,0.013776211576716454,5.140910580920023e-10,1.1707742240935777e-08
dwell_r7_xi_0.05_p+3_Nd4001_dt1,dwell,7,xi_0.05,3,4001,1.0,static_mh,4,context,1.6283815094094611,0.4773104641600859,1.7811939094574333e-08,1.0938431191738294e-08
dwell_r7_xi_0.05_p+3_Nd4001_dt1,dwell,7,xi_0.05,3,4001,1.0,static_lti_mh,4,context,0.06888626593227538,0.021638553730053543,8.074924605154263e-10,1.1722111070867187e-08
dwell_r7_xi_0.05_p+3_Nd4001_dt1,dwell,7,xi_0.05,3,4001,1.0,linear,4,context,0.009678798284248509,0.009678798284248509,3.611866457842502e-10,3.7317302745326697e-08
dwell_r7_xi_0.05_p+3_Nd4001_dt1,dwell,7,xi_0.05,3,4001,1.0,atomic,8,context,0.33720702303679423,0.080701438039421,3.0117731639464537e-09,8.931525615401626e-09
dwell_r7_xi_0.05_p+3_Nd4001_dt1,dwell,7,xi_0.05,3,4001,1.0,static,8,context,0.03569812817675168,0.010602826171188016,3.956968809994988e-10,1.1084527430690204e-08
dwell_r7_xi_0.05_p+3_Nd4001_dt1,dwell,7,xi_0.05,3,4001,1.0,static_lti,8,context,0.04284456779509622,0.013454623613013063,5.021258023788712e-10,1.1719707496648899e-08
dwell_r7_xi_0.05_p+3_Nd4001_dt1,dwell,7,xi_0.05,3,4001,1.0,static_mh,8,context,1.613451025676311,0.47560222553406767,1.774944851511832e-08,1.1000921771194309e-08
dwell_r7_xi_0.05_p+3_Nd4001_dt1,dwell,7,xi_0.05,3,4001,1.0,static_lti_mh,8,context,0.06779394681581057,0.02131571020092706,7.95501115138151e-10,1.1734102416244458e-08
dwell_r7_xi_0.05_p+3_Nd4001_dt1,dwell,7,xi_0.05,3,4001,1.0,linear,8,context,0.009607334780603044,0.009607334780603044,3.585451978580039e-10,3.731994419325297e-08
dwell_r7_xi_0.05_p+3_Nd4001_dt1,dwell,7,xi_0.05,3,4001,1.0,atomic,16,context,0.33155278793322657,0.07967656498059714,2.9738468074995506e-09,8.969451971848512e-09
dwell_r7_xi_0.05_p+3_Nd4001_dt1,dwell,7,xi_0.05,3,4001,1.0,static,16,context,0.03528262760028098,0.010482488094942044,3.912482141190045e-10,1.1088976097570713e-08
dwell_r7_xi_0.05_p+3_Nd4001_dt1,dwell,7,xi_0.05,3,4001,1.0,static_lti,16,context,0.042327809412831964,0.013297494935422592,4.963154833680124e-10,1.1725517815659767e-08
dwell_r7_xi_0.05_p+3_Nd4001_dt1,dwell,7,xi_0.05,3,4001,1.0,static_mh,16,context,1.571629628126515,0.4707574903613224,1.757054486671756e-08,1.117982541959507e-08
dwell_r7_xi_0.05_p+3_Nd4001_dt1,dwell,7,xi_0.05,3,4001,1.0,static_lti_mh,16,context,0.06695047309362828,0.02106486734780895,7.862247641817664e-10,1.1743378767200852e-08
dwell_r7_xi_0.05_p+3_Nd4001_dt1,dwell,7,xi_0.05,3,4001,1.0,linear,16,context,0.009498068552425444,0.009498068552425444,3.5450575522326686e-10,3.73239836358877e-08
dwell_r7_xi_0.05_p+6_Nd4001_dt1,dwell,7,xi_0.05,6,4001,1.0,atomic,2,context,0.5679089155816687,0.07336840877886142,5.462612309538145e-09,9.61881766540534e-09
dwell_r7_xi_0.05_p+6_Nd4001_dt1,dwell,7,xi_0.05,6,4001,1.0,static,2,context,0.12053886713356493,0.02009497514308233,1.4961624547061367e-09,1.241228236406346e-08
dwell_r7_xi_0.05_p+6_Nd4001_dt1,dwell,7,xi_0.05,6,4001,1.0,static_lti,2,context,0.1384888948441399,0.024942382394579042,1.857074009993943e-09,1.3409551806186027e-08
dwell_r7_xi_0.05_p+6_Nd4001_dt1,dwell,7,xi_0.05,6,4001,1.0,static_mh,2,context,1.6128464327095953,0.26623587679090666,1.9822474032143745e-08,1.2290366664879449e-08
dwell_r7_xi_0.05_p+6_Nd4001_dt1,dwell,7,xi_0.05,6,4001,1.0,static_lti_mh,2,context,0.17974573305142255,0.03247195962900431,2.417685340823843e-09,1.3450585445231011e-08
dwell_r7_xi_0.05_p+6_Nd4001_dt1,dwell,7,xi_0.05,6,4001,1.0,linear,2,context,0.009722895084500409,0.009722895084500409,7.239138378075655e-10,7.445455612923158e-08
dwell_r7_xi_0.05_p+6_Nd4001_dt1,dwell,7,xi_0.05,6,4001,1.0,atomic,2,zerofill,0.5686050923330335,0.07343179785882067,5.466881323623968e-09,9.614548651319502e-09
dwell_r7_xi_0.05_p+6_Nd4001_dt1,dwell,7,xi_0.05,6,4001,1.0,static,2,zerofill,0.12061163396336529,0.020107457573920094,1.4969684453016668e-09,1.24114763734679e-08
dwell_r7_xi_0.05_p+6_Nd4001_dt1,dwell,7,xi_0.05,6,4001,1.0,static_lti,2,zerofill,0.13861846030111677,0.024964934229483107,1.8585999071826863e-09,1.3408025908997293e-08
dwell_r7_xi_0.05_p+6_Nd4001_dt1,dwell,7,xi_0.05,6,4001,1.0,static_mh,2,zerofill,1.6126651924072162,0.2662463685309263,1.9821621450734847e-08,1.229121924628833e-08
dwell_r7_xi_0.05_p+6_Nd4001_dt1,dwell,7,xi_0.05,6,4001,1.0,static_lti_mh,2,zerofill,0.1798571989248169,0.03249170464638066,2.418956071939177e-09,1.3449314714115714e-08
dwell_r7_xi_0.05_p+6_Nd4001_dt1,dwell,7,xi_0.05,6,4001,1.0,linear,2,zerofill,0.00980611854503189,0.00980611854503189,7.300500313793956e-10,7.444841993565982e-08
dwell_r7_xi_0.05_p+6_Nd4001_dt1,dwell,7,xi_0.05,6,4001,1.0,atomic,4,context,0.5638817627084415,0.07303254074144683,5.437842886349014e-09,9.643587088594466e-09
dwell_r7_xi_0.05_p+6_Nd4001_dt1,dwell,7,xi_0.05,6,4001,1.0,static,4,context,0.11571869733781386,0.01937390433471803,1.4425384465306453e-09,1.2465906372238959e-08
dwell_r7_xi_0.05_p+6_Nd4001_dt1,dwell,7,xi_0.05,6,4001,1.0,static_lti,4,context,0.13416339517923354,0.024254438725059245,1.8059323384404908e-09,1.3460693477739462e-08
dwell_r7_xi_0.05_p+6_Nd4001_dt1,dwell,7,xi_0.05,6,4001,1.0,static_mh,4,context,1.5858203205670476,0.26449904820103926,1.9694019311173326e-08,1.2418821385849858e-08
dwell_r7_xi_0.05_p+6_Nd4001_dt1,dwell,7,xi_0.05,6,4001,1.0,static_lti_mh,4,context,0.17540595065828998,0.031803564273848846,2.368023678093751e-09,1.3500247107961123e-08
dwell_r7_xi_0.05_p+6_Nd4001_dt1,dwell,7,xi_0.05,6,4001,1.0,linear,4,context,0.009678798284248225,0.009678798284248225,7.206621030033137e-10,7.44578078640358e-08
dwell_r7_xi_0.05_p+6_Nd4001_dt1,dwell,7,xi_0.05,6,4001,1.0,atomic,8,context,0.559815227190361,0.07268973538659537,5.412701453739645e-09,9.668728521203829e-09
dwell_r7_xi_0.05_p+6_Nd4001_dt1,dwell,7,xi_0.05,6,4001,1.0,static,8,context,0.1125456656224394,0.018895070388109482,1.4069851047647812e-09,1.2501459714004801e-08
dwell_r7_xi_0.05_p+6_Nd4001_dt1,dwell,7,xi_0.05,6,4001,1.0,static_lti,8,context,0.1308091651980043,0.02371651813663025,1.7660049457196659e-09,1.3500620870460298e-08
dwell_r7_xi_0.05_p+6_Nd4001_dt1,dwell,7,xi_0.05,6,4001,1.0,static_mh,8,context,1.567874282861899,0.2633147684988726,1.9607228209937786e-08,1.2505612487085372e-08
dwell_r7_xi_0.05_p+6_Nd4001_dt1,dwell,7,xi_0.05,6,4001,1.0,static_lti_mh,8,context,0.1718845602786935,0.031256522080042114,2.327456849329623e-09,1.3540813936725241e-08
dwell_r7_xi_0.05_p+6_Nd4001_dt1,dwell,7,xi_0.05,6,4001,1.0,linear,8,context,0.009607334780602743,0.009607334780602743,7.153917214991194e-10,7.446307824553995e-08
dwell_r7_xi_0.05_p+6_Nd4001_dt1,dwell,7,xi_0.05,6,4001,1.0,atomic,16,context,0.5507598384026156,0.07192373799817292,5.356242617448879e-09,9.725187357494588e-09
dwell_r7_xi_0.05_p+6_Nd4001_dt1,dwell,7,xi_0.05,6,4001,1.0,static,16,context,0.11111180260812767,0.0186763934276662,1.3908522721670703e-09,1.251759254660253e-08
dwell_r7_xi_0.05_p+6_Nd4001_dt1,dwell,7,xi_0.05,6,4001,1.0,static_lti,16,context,0.12920013853178147,0.023455631359231337,1.7467675596710053e-09,1.3519858256508945e-08
dwell_r7_xi_0.05_p+6_Nd4001_dt1,dwell,7,xi_0.05,6,4001,1.0,static_mh,16,context,1.528150867176374,0.26064774975381105,1.941073453953378e-08,1.2702106157489398e-08
dwell_r7_xi_0.05_p+6_Nd4001_dt1,dwell,7,xi_0.05,6,4001,1.0,static_lti_mh,16,context,0.16956957295757707,0.03089324137817456,2.300654841731352e-09,1.3567615944323513e-08
dwell_r7_xi_0.05_p+6_Nd4001_dt1,dwell,7,xi_0.05,6,4001,1.0,linear,16,context,0.009498068552425055,0.009498068552425055,7.073319738365437e-10,7.447113799320252e-08
dwell_r7_xi_0.1_p+0_Nd4001_dt1,dwell,7,xi_0.1,0,4001,1.0,atomic,2,context,0.13637294004123676,0.06122757628883326,1.1154129345390014e-09,8.179136815571479e-09
dwell_r7_xi_0.1_p+0_Nd4001_dt1,dwell,7,xi_0.1,0,4001,1.0,static,2,context,0.01706845359114825,0.008760164011799593,1.595882254321149e-10,9.349893625681346e-09
dwell_r7_xi_0.1_p+0_Nd4001_dt1,dwell,7,xi_0.1,0,4001,1.0,static_lti,2,context,0.020931101677593808,0.011811562944246179,2.151770637299681e-10,1.0280255050325872e-08
dwell_r7_xi_0.1_p+0_Nd4001_dt1,dwell,7,xi_0.1,0,4001,1.0,static_mh,2,context,0.058969860587266935,0.030349972621644593,5.529004098641912e-10,9.375982991277008e-09
dwell_r7_xi_0.1_p+0_Nd4001_dt1,dwell,7,xi_0.1,0,4001,1.0,static_lti_mh,2,context,0.02234281836596696,0.012623590904699361,2.2997017731042506e-10,1.0292800735502571e-08
dwell_r7_xi_0.1_p+0_Nd4001_dt1,dwell,7,xi_0.1,0,4001,1.0,linear,2,context,0.00986261866412466,0.00986261866412466,1.7967218520124182e-10,1.8217492870813366e-08
dwell_r7_xi_0.1_p+0_Nd4001_dt1,dwell,7,xi_0.1,0,4001,1.0,atomic,2,zerofill,0.13664644944040952,0.06134133890942662,1.1173810670196676e-09,8.177168683090804e-09
dwell_r7_xi_0.1_p+0_Nd4001_dt1,dwell,7,xi_0.1,0,4001,1.0,static,2,zerofill,0.017082682066533062,0.008768162605917926,1.5971902574328893e-10,9.349762825370195e-09
dwell_r7_xi_0.1_p+0_Nd4001_dt1,dwell,7,xi_0.1,0,4001,1.0,static_lti,2,zerofill,0.021014316597381143,0.011858662411635608,2.1601492720112653e-10,1.027941718685474e-08
dwell_r7_xi_0.1_p+0_Nd4001_dt1,dwell,7,xi_0.1,0,4001,1.0,static_mh,2,zerofill,0.059003560967290716,0.030369186306104884,5.531987792007546e-10,9.37568462194047e-09
dwell_r7_xi_0.1_p+0_Nd4001_dt1,dwell,7,xi_0.1,0,4001,1.0,static_lti_mh,2,zerofill,0.02243639453126249,0.012676484405387722,2.309122024849312e-10,1.0291858710328081e-08
dwell_r7_xi_0.1_p+0_Nd4001_dt1,dwell,7,xi_0.1,0,4001,1.0,linear,2,zerofill,0.009956916205550633,0.009956916205550633,1.813731139845376e-10,1.8215791942030047e-08
dwell_r7_xi_0.1_p+0_Nd4001_dt1,dwell,7,xi_0.1,0,4001,1.0,atomic,4,context,0.13587516705650318,0.06102852596148589,1.1118286028595072e-09,8.182721147250972e-09
dwell_r7_xi_0.1_p+0_Nd4001_dt1,dwell,7,xi_0.1,0,4001,1.0,static,4,context,0.016410586464826623,0.008427656261972852,1.535365493350237e-10,9.355945301778452e-09
dwell_r7_xi_0.1_p+0_Nd4001_dt1,dwell,7,xi_0.1,0,4001,1.0,static_lti,4,context,0.020277151188045375,0.011449437225388276,2.0858789546817263e-10,1.0286844218587668e-08
dwell_r7_xi_0.1_p+0_Nd4001_dt1,dwell,7,xi_0.1,0,4001,1.0,static_mh,4,context,0.058293330590214666,0.03001983209525395,5.469066711132236e-10,9.381976730028003e-09
dwell_r7_xi_0.1_p+0_Nd4001_dt1,dwell,7,xi_0.1,0,4001,1.0,static_lti_mh,4,context,0.021704301249479228,0.012270033277382714,2.2353766113311399e-10,1.0299233251679897e-08
dwell_r7_xi_0.1_p+0_Nd4001_dt1,dwell,7,xi_0.1,0,4001,1.0,linear,4,context,0.009824591983985848,0.009824591983985848,1.789861742050462e-10,1.8218178881809535e-08
dwell_r7_xi_0.1_p+0_Nd4001_dt1,dwell,7,xi_0.1,0,4001,1.0,atomic,8,context,0.13494441653887915,0.060656225688607596,1.1051180786854662e-09,8.189431671425013e-09
dwell_r7_xi_0.1_p+0_Nd4001_dt1,dwell,7,xi_0.1,0,4001,1.0,static,8,context,0.016186974325808307,0.008314106961678934,1.5147777177309235e-10,9.358004079340393e-09
dwell_r7_xi_0.1_p+0_Nd4001_dt1,dwell,7,xi_0.1,0,4001,1.0,static_lti,8,context,0.020045600543545868,0.01132052343145339,2.062527788739629e-10,1.0289179335181884e-08
dwell_r7_xi_0.1_p+0_Nd4001_dt1,dwell,7,xi_0.1,0,4001,1.0,static_mh,8,context,0.057815473569800935,0.029785252204981464,5.42668461748906e-10,9.386214939392297e-09
dwell_r7_xi_0.1_p+0_Nd4001_dt1,dwell,7,xi_0.1,0,4001,1.0,static_lti_mh,8,context,0.021478636984679455,0.012144349149490336,2.2126236254576165e-10,1.0301508550267244e-08
dwell_r7_xi_0.1_p+0_Nd4001_dt1,dwell,7,xi_0.1,0,4001,1.0,linear,8,context,0.009758701075225062,0.009758701075225062,1.7779736309481672e-10,1.821936769291975e-08
dwell_r7_xi_0.1_p+0_Nd4001_dt1,dwell,7,xi_0.1,0,4001,1.0,atomic,16,context,0.13362403686276927,0.06012551625409891,1.095579502591257e-09,8.198970247519222e-09
dwell_r7_xi_0.1_p+0_Nd4001_dt1,dwell,7,xi_0.1,0,4001,1.0,static,16,context,0.016017879656305883,0.008227643198606357,1.499203300797102e-10,9.359561521033772e-09
dwell_r7_xi_0.1_p+0_Nd4001_dt1,dwell,7,xi_0.1,0,4001,1.0,static_lti,16,context,0.019819608242972856,0.0111940425106241,2.0397269395485433e-10,1.0291459420100995e-08
dwell_r7_xi_0.1_p+0_Nd4001_dt1,dwell,7,xi_0.1,0,4001,1.0,static_mh,16,context,0.05728927329476853,0.029525333909949384,5.379970543986458e-10,9.390886346742575e-09
dwell_r7_xi_0.1_p+0_Nd4001_dt1,dwell,7,xi_0.1,0,4001,1.0,static_lti_mh,16,context,0.021245281858787088,0.01201371900360488,2.1890846200165938e-10,1.0303862450811328e-08
dwell_r7_xi_0.1_p+0_Nd4001_dt1,dwell,7,xi_0.1,0,4001,1.0,linear,16,context,0.009638318340669338,0.009638318340669338,1.7562500368164124e-10,1.8221540052332913e-08
dwell_r7_xi_0.1_p+3_Nd4001_dt1,dwell,7,xi_0.1,3,4001,1.0,atomic,2,context,0.26723364311420245,0.05932467887641404,2.156373590509481e-09,8.069244446096757e-09
dwell_r7_xi_0.1_p+3_Nd4001_dt1,dwell,7,xi_0.1,3,4001,1.0,static,2,context,0.07592560235987117,0.022436907682942563,8.155519102090275e-10,1.0741461178582229e-08
dwell_r7_xi_0.1_p+3_Nd4001_dt1,dwell,7,xi_0.1,3,4001,1.0,static_lti,2,context,0.08300965785691405,0.02553830322525254,9.282835350205686e-10,1.1182837744261946e-08
dwell_r7_xi_0.1_p+3_Nd4001_dt1,dwell,7,xi_0.1,3,4001,1.0,static_mh,2,context,0.7267919841458222,0.21813453042255027,7.928901588515553e-09,1.0909451069186134e-08
dwell_r7_xi_0.1_p+3_Nd4001_dt1,dwell,7,xi_0.1,3,4001,1.0,static_lti_mh,2,context,0.09797922859252083,0.030180364355473516,1.0970163156495562e-09,1.119641715298518e-08
dwell_r7_xi_0.1_p+3_Nd4001_dt1,dwell,7,xi_0.1,3,4001,1.0,linear,2,context,0.009862618664125142,0.009862618664125142,3.5849314018016133e-10,3.6348676998347806e-08
dwell_r7_xi_0.1_p+3_Nd4001_dt1,dwell,7,xi_0.1,3,4001,1.0,atomic,2,zerofill,0.2676306956892366,0.0593997592778255,2.1589010729196135e-09,8.066716963686608e-09
dwell_r7_xi_0.1_p+3_Nd4001_dt1,dwell,7,xi_0.1,3,4001,1.0,static,2,zerofill,0.07600074014675656,0.022459640457575956,8.163019929838432e-10,1.0740711095807401e-08
dwell_r7_xi_0.1_p+3_Nd4001_dt1,dwell,7,xi_0.1,3,4001,1.0,static_lti,2,zerofill,0.08314008601682284,0.02557773811789801,9.296301354911548e-10,1.118149114379134e-08
dwell_r7_xi_0.1_p+3_Nd4001_dt1,dwell,7,xi_0.1,3,4001,1.0,static_mh,2,zerofill,0.7272571814956517,0.21823574071503773,7.931839800485287e-09,1.09065128572164e-08
dwell_r7_xi_0.1_p+3_Nd4001_dt1,dwell,7,xi_0.1,3,4001,1.0,static_lti_mh,2,zerofill,0.09813580016503938,0.030227105078877894,1.098612694385187e-09,1.1194820774249568e-08
dwell_r7_xi_0.1_p+3_Nd4001_dt1,dwell,7,xi_0.1,3,4001,1.0,linear,2,zerofill,0.009956916205550899,0.009956916205550899,3.6188693928191024e-10,3.634528319924609e-08
dwell_r7_xi_0.1_p+3_Nd4001_dt1,dwell,7,xi_0.1,3,4001,1.0,atomic,4,context,0.26645906400608455,0.05918667538971371,2.1514383594042024e-09,8.074179677202028e-09
dwell_r7_xi_0.1_p+3_Nd4001_dt1,dwell,7,xi_0.1,3,4001,1.0,static,4,context,0.07232960108885757,0.02144511691913021,7.795309815584487e-10,1.0777482107232804e-08
dwell_r7_xi_0.1_p+3_Nd4001_dt1,dwell,7,xi_0.1,3,4001,1.0,static_lti,4,context,0.07955621596141166,0.024553208215362193,8.925102424345538e-10,1.1218611036847974e-08
dwell_r7_xi_0.1_p+3_Nd4001_dt1,dwell,7,xi_0.1,3,4001,1.0,static_mh,4,context,0.7201844370455118,0.2169734920211753,7.88699636589769e-09,1.0951356291804003e-08
dwell_r7_xi_0.1_p+3_Nd4001_dt1,dwell,7,xi_0.1,3,4001,1.0,static_lti_mh,4,context,0.0944378590132375,0.02918255132458658,1.0607870763409877e-09,1.1232646392293747e-08
dwell_r7_xi_0.1_p+3_Nd4001_dt1,dwell,7,xi_0.1,3,4001,1.0,linear,4,context,0.009824591983986294,0.009824591983986294,3.571243682917969e-10,3.6350045770236145e-08
dwell_r7_xi_0.1_p+3_Nd4001_dt1,dwell,7,xi_0.1,3,4001,1.0,atomic,8,context,0.26422034886576934,0.05878949787049462,2.1371403865031963e-09,8.088477650103014e-09
dwell_r7_xi_0.1_p+3_Nd4001_dt1,dwell,7,xi_0.1,3,4001,1.0,static,8,context,0.07125059090353741,0.02114509791129113,7.686754328525184e-10,1.0788337655938731e-08
dwell_r7_xi_0.1_p+3_Nd4001_dt1,dwell,7,xi_0.1,3,4001,1.0,static_lti,8,context,0.07838078460864288,0.024215225538161196,8.802819949217655e-10,1.1230839284360759e-08
dwell_r7_xi_0.1_p+3_Nd4001_dt1,dwell,7,xi_0.1,3,4001,1.0,static_mh,8,context,0.7136488856681452,0.21581040075286084,7.845229845173677e-09,1.0993122812528005e-08
dwell_r7_xi_0.1_p+3_Nd4001_dt1,dwell,7,xi_0.1,3,4001,1.0,static_lti_mh,8,context,0.09325897031393118,0.028847452116514547,1.0486746306581723e-09,1.124475883797657e-08
dwell_r7_xi_0.1_p+3_Nd4001_dt1,dwell,7,xi_0.1,3,4001,1.0,linear,8,context,0.009758701075225468,0.009758701075225468,3.547523782839387e-10,3.6352417760244017e-08
dwell_r7_xi_0.1_p+3_Nd4001_dt1,dwell,7,xi_0.1,3,4001,1.0,atomic,16,context,0.26138935290420184,0.05828317726270551,2.118987032417919e-09,8.106631004188298e-09
dwell_r7_xi_0.1_p+3_Nd4001_dt1,dwell,7,xi_0.1,3,4001,1.0,static,16,context,0.07047770717237149,0.020928334329057566,7.608862648906516e-10,1.0796126823900602e-08
dwell_r7_xi_0.1_p+3_Nd4001_dt1,dwell,7,xi_0.1,3,4001,1.0,static_lti,16,context,0.07746530333570398,0.023949872464141934,8.707395780918336e-10,1.1240381701190696e-08
dwell_r7_xi_0.1_p+3_Nd4001_dt1,dwell,7,xi_0.1,3,4001,1.0,static_mh,16,context,0.7043824009997509,0.21414073952833085,7.78546180019721e-09,1.1052890857504492e-08
dwell_r7_xi_0.1_p+3_Nd4001_dt1,dwell,7,xi_0.1,3,4001,1.0,static_lti_mh,16,context,0.09229126979773467,0.02857000220930075,1.0387124903088946e-09,1.1254720978325844e-08
dwell_r7_xi_0.1_p+3_Nd4001_dt1,dwell,7,xi_0.1,3,4001,1.0,linear,16,context,0.009638318340669739,0.009638318340669739,3.504179514122616e-10,3.635675218711567e-08
dwell_r7_xi_0.25_p+3_Nd4001_dt1,dwell,7,xi_0.25,3,4001,1.0,atomic,2,context,0.31920764425778386,0.05221219861323091,1.7502834562270458e-09,5.483212848165885e-09
dwell_r7_xi_0.25_p+3_Nd4001_dt1,dwell,7,xi_0.25,3,4001,1.0,static,2,context,0.12554947274808295,0.03849610072338381,1.2904855573025878e-09,1.0278701527420733e-08
dwell_r7_xi_0.25_p+3_Nd4001_dt1,dwell,7,xi_0.25,3,4001,1.0,static_lti,2,context,0.13368203850207072,0.041971501910481115,1.4069896954751335e-09,1.0524897070995362e-08
dwell_r7_xi_0.25_p+3_Nd4001_dt1,dwell,7,xi_0.25,3,4001,1.0,static_mh,2,context,0.39370989296787834,0.12057809172904434,4.0420791451462286e-09,1.0266643580317678e-08
dwell_r7_xi_0.25_p+3_Nd4001_dt1,dwell,7,xi_0.25,3,4001,1.0,static_lti_mh,2,context,0.13872968635745972,0.04361437344584561,1.4620628574071829e-09,1.0538932911878275e-08
dwell_r7_xi_0.25_p+3_Nd4001_dt1,dwell,7,xi_0.25,3,4001,1.0,linear,2,context,0.008068050341501917,0.008068050341501917,2.704612219329014e-10,3.35225005403912e-08
dwell_r7_xi_0.25_p+3_Nd4001_dt1,dwell,7,xi_0.25,3,4001,1.0,atomic,2,zerofill,0.31920893008348455,0.052221569171413906,1.7502888006845052e-09,5.4832075037084394e-09
dwell_r7_xi_0.25_p+3_Nd4001_dt1,dwell,7,xi_0.25,3,4001,1.0,static,2,zerofill,0.12558275960509643,0.03851196137747653,1.290789529325174e-09,1.0278397555398129e-08
dwell_r7_xi_0.25_p+3_Nd4001_dt1,dwell,7,xi_0.25,3,4001,1.0,static_lti,2,zerofill,0.1338651472350293,0.042029617795246006,1.4086893689961771e-09,1.0523197397474323e-08
dwell_r7_xi_0.25_p+3_Nd4001_dt1,dwell,7,xi_0.25,3,4001,1.0,static_mh,2,zerofill,0.39373165322990666,0.12060414619720498,4.042239437734791e-09,1.0266483287729112e-08
dwell_r7_xi_0.25_p+3_Nd4001_dt1,dwell,7,xi_0.25,3,4001,1.0,static_lti_mh,2,zerofill,0.13890046619847674,0.04366921839674028,1.4636431862775223e-09,1.0537352583007914e-08
dwell_r7_xi_0.25_p+3_Nd4001_dt1,dwell,7,xi_0.25,3,4001,1.0,linear,2,zerofill,0.00824589032849941,0.00824589032849941,2.7637410599958856e-10,3.351658765632446e-08
dwell_r7_xi_0.25_p+3_Nd4001_dt1,dwell,7,xi_0.25,3,4001,1.0,atomic,4,context,0.31794743391428093,0.05205352515473584,1.7450404538363031e-09,5.488455850556632e-09
dwell_r7_xi_0.25_p+3_Nd4001_dt1,dwell,7,xi_0.25,3,4001,1.0,static,4,context,0.12066640737194682,0.03715844397773938,1.2456983028529e-09,1.0323488781870427e-08
dwell_r7_xi_0.25_p+3_Nd4001_dt1,dwell,7,xi_0.25,3,4001,1.0,static_lti,4,context,0.1293541648853264,0.04076655649613729,1.3666565335948328e-09,1.0565230232875656e-08
dwell_r7_xi_0.25_p+3_Nd4001_dt1,dwell,7,xi_0.25,3,4001,1.0,static_mh,4,context,0.3867340390559144,0.11903227597489244,3.9904336213720646e-09,1.0318289104091827e-08
dwell_r7_xi_0.25_p+3_Nd4001_dt1,dwell,7,xi_0.25,3,4001,1.0,static_lti_mh,4,context,0.13438435269181465,0.04240825530066053,1.421692783654587e-09,1.0579302985630872e-08
dwell_r7_xi_0.25_p+3_Nd4001_dt1,dwell,7,xi_0.25,3,4001,1.0,linear,4,context,0.008024072611655293,0.008024072611655293,2.689987137323488e-10,3.352396304859171e-08
dwell_r7_xi_0.25_p+3_Nd4001_dt1,dwell,7,xi_0.25,3,4001,1.0,atomic,8,context,0.3159360048286417,0.05180055581755947,1.7366512618903807e-09,5.49684504250255e-09
dwell_r7_xi_0.25_p+3_Nd4001_dt1,dwell,7,xi_0.25,3,4001,1.0,static,8,context,0.11957271352764463,0.03685567990812221,1.2356134410158525e-09,1.0333573643707472e-08
dwell_r7_xi_0.25_p+3_Nd4001_dt1,dwell,7,xi_0.25,3,4001,1.0,static_lti,8,context,0.1280204343855537,0.04039180454398066,1.3541645880864318e-09,1.0577722178384055e-08
dwell_r7_xi_0.25_p+3_Nd4001_dt1,dwell,7,xi_0.25,3,4001,1.0,static_mh,8,context,0.38402519996402784,0.11842363777559184,3.970238479775456e-09,1.0338484245688443e-08
dwell_r7_xi_0.25_p+3_Nd4001_dt1,dwell,7,xi_0.25,3,4001,1.0,static_lti_mh,8,context,0.13299320248538352,0.04201856590617652,1.4087029444392467e-09,1.0592292824846208e-08
dwell_r7_xi_0.25_p+3_Nd4001_dt1,dwell,7,xi_0.25,3,4001,1.0,linear,8,context,0.007971053500099022,0.007971053500099022,2.6723535879223504e-10,3.3525726403531887e-08
dwell_r7_xi_0.25_p+3_Nd4001_dt1,dwell,7,xi_0.25,3,4001,1.0,atomic,16,context,0.31072786594012336,0.05114467079442937,1.7148097086786602e-09,5.518686595714272e-09
dwell_r7_xi_0.25_p+3_Nd4001_dt1,dwell,7,xi_0.25,3,4001,1.0,static,16,context,0.11802179922468284,0.036424974592022014,1.2212787588335823e-09,1.0347908325889736e-08
dwell_r7_xi_0.25_p+3_Nd4001_dt1,dwell,7,xi_0.25,3,4001,1.0,static_lti,16,context,0.1264415998255196,0.039946145409339766,1.3393387210869736e-09,1.0592548045383525e-08
dwell_r7_xi_0.25_p+3_Nd4001_dt1,dwell,7,xi_0.25,3,4001,1.0,static_mh,16,context,0.3788534600859864,0.1172569157494632,3.93146137053239e-09,1.03772613549315e-08
dwell_r7_xi_0.25_p+3_Nd4001_dt1,dwell,7,xi_0.25,3,4001,1.0,static_lti_mh,16,context,0.13133885237018278,0.041552987343838055,1.3932138972644647e-09,1.0607781872020981e-08
dwell_r7_xi_0.25_p+3_Nd4001_dt1,dwell,7,xi_0.25,3,4001,1.0,linear,16,context,0.007884370933823237,0.007884370933823237,2.643519962908145e-10,3.352860976603325e-08
dwell_r7_xi_0.5_p+3_Nd4001_dt1,dwell,7,xi_0.5,3,4001,1.0,atomic,2,context,0.41061882418913015,0.06710623733755844,2.1977107958723213e-09,5.352192024348256e-09
dwell_r7_xi_0.5_p+3_Nd4001_dt1,dwell,7,xi_0.5,3,4001,1.0,static,2,context,0.1496036793977631,0.04607046986655869,1.5087952031543645e-09,1.0085281386314114e-08
dwell_r7_xi_0.5_p+3_Nd4001_dt1,dwell,7,xi_0.5,3,4001,1.0,static_lti,2,context,0.1541912255045674,0.04842070102906244,1.5857646266171699e-09,1.0284402510116873e-08
dwell_r7_xi_0.5_p+3_Nd4001_dt1,dwell,7,xi_0.5,3,4001,1.0,static_mh,2,context,0.28826562199466976,0.08935736788483863,2.9264291947021794e-09,1.0151849445149207e-08
dwell_r7_xi_0.5_p+3_Nd4001_dt1,dwell,7,xi_0.5,3,4001,1.0,static_lti_mh,2,context,0.1571053830387344,0.04930711075286801,1.6147943010090523e-09,1.0278414843436168e-08
dwell_r7_xi_0.5_p+3_Nd4001_dt1,dwell,7,xi_0.5,3,4001,1.0,linear,2,context,0.005709508275046532,0.005709508275046532,1.8698482396016053e-10,3.2749724661470366e-08
dwell_r7_xi_0.5_p+3_Nd4001_dt1,dwell,7,xi_0.5,3,4001,1.0,atomic,2,zerofill,0.4109391366702322,0.06714592247823059,2.198925854596044e-09,5.350976965624532e-09
dwell_r7_xi_0.5_p+3_Nd4001_dt1,dwell,7,xi_0.5,3,4001,1.0,static,2,zerofill,0.1497842570483488,0.04612060924934043,1.5103791319715084e-09,1.0083697457496978e-08
dwell_r7_xi_0.5_p+3_Nd4001_dt1,dwell,7,xi_0.5,3,4001,1.0,static_lti,2,zerofill,0.1544216890293011,0.048485258327437324,1.587817758219584e-09,1.028234937851444e-08
dwell_r7_xi_0.5_p+3_Nd4001_dt1,dwell,7,xi_0.5,3,4001,1.0,static_mh,2,zerofill,0.28844939259924357,0.0894050208360648,2.9278771456428956e-09,1.0150401494208497e-08
dwell_r7_xi_0.5_p+3_Nd4001_dt1,dwell,7,xi_0.5,3,4001,1.0,static_lti_mh,2,zerofill,0.15733032853721243,0.04937001174017279,1.6167920738950722e-09,1.0276417070550143e-08
dwell_r7_xi_0.5_p+3_Nd4001_dt1,dwell,7,xi_0.5,3,4001,1.0,linear,2,zerofill,0.005748209824471099,0.005748209824471099,1.8824504503263724e-10,3.274846444039783e-08
dwell_r7_xi_0.5_p+3_Nd4001_dt1,dwell,7,xi_0.5,3,4001,1.0,atomic,4,context,0.408018353874166,0.0668033135275616,2.187825827795727e-09,5.362076992424852e-09
dwell_r7_xi_0.5_p+3_Nd4001_dt1,dwell,7,xi_0.5,3,4001,1.0,static,4,context,0.14526149281106032,0.04490216369995499,1.4705574960161575e-09,1.012351909345233e-08
dwell_r7_xi_0.5_p+3_Nd4001_dt1,dwell,7,xi_0.5,3,4001,1.0,static_lti,4,context,0.14998040340903682,0.04727006193570639,1.5481067767959418e-09,1.0322060359938085e-08
dwell_r7_xi_0.5_p+3_Nd4001_dt1,dwell,7,xi_0.5,3,4001,1.0,static_mh,4,context,0.2835160168347373,0.08820884831409488,2.8888626385586503e-09,1.0189416001292726e-08
dwell_r7_xi_0.5_p+3_Nd4001_dt1,dwell,7,xi_0.5,3,4001,1.0,static_lti_mh,4,context,0.1528060618559197,0.04813585024535478,1.5764615682760209e-09,1.0316747576169204e-08
dwell_r7_xi_0.5_p+3_Nd4001_dt1,dwell,7,xi_0.5,3,4001,1.0,linear,4,context,0.005693096025950845,0.005693096025950845,1.8645037001881053e-10,3.275025911541166e-08
dwell_r7_xi_0.5_p+3_Nd4001_dt1,dwell,7,xi_0.5,3,4001,1.0,atomic,8,context,0.40644901491277813,0.06661711760942195,2.1818427340262805e-09,5.368060086194311e-09
dwell_r7_xi_0.5_p+3_Nd4001_dt1,dwell,7,xi_0.5,3,4001,1.0,static,8,context,0.14423401327593874,0.044622242640059685,1.4614669528481975e-09,1.0132609636620302e-08
dwell_r7_xi_0.5_p+3_Nd4001_dt1,dwell,7,xi_0.5,3,4001,1.0,static_lti,8,context,0.1488599724707953,0.046960213636768645,1.5380401402598991e-09,1.0332126996474125e-08
dwell_r7_xi_0.5_p+3_Nd4001_dt1,dwell,7,xi_0.5,3,4001,1.0,static_mh,8,context,0.2811202056881788,0.08762240334991496,2.869807505149289e-09,1.0208471134702095e-08
dwell_r7_xi_0.5_p+3_Nd4001_dt1,dwell,7,xi_0.5,3,4001,1.0,static_lti_mh,8,context,0.15166809229685066,0.047822066574090764,1.566267533407115e-09,1.0326941611038105e-08
dwell_r7_xi_0.5_p+3_Nd4001_dt1,dwell,7,xi_0.5,3,4001,1.0,linear,8,context,0.005640147770548012,0.005640147770548012,1.8472602648698548e-10,3.2751983458943487e-08
dwell_r7_xi_0.5_p+3_Nd4001_dt1,dwell,7,xi_0.5,3,4001,1.0,atomic,16,context,0.40105770482010444,0.0659825869169249,2.1611862853866453e-09,5.388716534833937e-09
dwell_r7_xi_0.5_p+3_Nd4001_dt1,dwell,7,xi_0.5,3,4001,1.0,static,16,context,0.1422139804954226,0.04407254412952853,1.4435471900299635e-09,1.0150529399438521e-08
dwell_r7_xi_0.5_p+3_Nd4001_dt1,dwell,7,xi_0.5,3,4001,1.0,static_lti,16,context,0.14672876030665985,0.04637121903338051,1.5188377311998957e-09,1.035132940553412e-08
dwell_r7_xi_0.5_p+3_Nd4001_dt1,dwell,7,xi_0.5,3,4001,1.0,static_mh,16,context,0.2763660816041346,0.08645641199018746,2.8317836660781633e-09,1.0246494973773215e-08
dwell_r7_xi_0.5_p+3_Nd4001_dt1,dwell,7,xi_0.5,3,4001,1.0,static_lti_mh,16,context,0.1494627915787471,0.047214387885476966,1.5464547896476093e-09,1.0346754354797611e-08
dwell_r7_xi_0.5_p+3_Nd4001_dt1,dwell,7,xi_0.5,3,4001,1.0,linear,16,context,0.005581661828433919,0.005581661828433919,1.8282112837536084e-10,3.275388835705514e-08
dwell_r7_xi_1_p+3_Nd4001_dt1,dwell,7,xi_1,3,4001,1.0,atomic,2,context,0.5355065433208364,0.08697990033731937,2.8002035122571435e-09,5.229074316986387e-09
dwell_r7_xi_1_p+3_Nd4001_dt1,dwell,7,xi_1,3,4001,1.0,static,2,context,0.16077468291418345,0.04983012622080921,1.604215386757099e-09,9.978034835331502e-09
dwell_r7_xi_1_p+3_Nd4001_dt1,dwell,7,xi_1,3,4001,1.0,static_lti,2,context,0.1616935568929048,0.05108326875122338,1.6445586626336636e-09,1.0170836081755016e-08
dwell_r7_xi_1_p+3_Nd4001_dt1,dwell,7,xi_1,3,4001,1.0,static_mh,2,context,0.23959647789032631,0.07454569670437881,2.3999006773487245e-09,1.0016427196593696e-08
dwell_r7_xi_1_p+3_Nd4001_dt1,dwell,7,xi_1,3,4001,1.0,static_lti_mh,2,context,0.16365520935283123,0.05167950453029598,1.6637536894871967e-09,1.0166212832860329e-08
dwell_r7_xi_1_p+3_Nd4001_dt1,dwell,7,xi_1,3,4001,1.0,linear,2,context,0.004661837731660551,0.004661837731660551,1.5008173542557847e-10,3.2193684993861684e-08
dwell_r7_xi_1_p+3_Nd4001_dt1,dwell,7,xi_1,3,4001,1.0,atomic,2,zerofill,0.5372744081673133,0.08718241950265467,2.8062169452626635e-09,5.223060883980865e-09
dwell_r7_xi_1_p+3_Nd4001_dt1,dwell,7,xi_1,3,4001,1.0,static,2,zerofill,0.16081958322972978,0.049851108983672766,1.6046013355463096e-09,9.977648886542298e-09
dwell_r7_xi_1_p+3_Nd4001_dt1,dwell,7,xi_1,3,4001,1.0,static_lti,2,zerofill,0.16188135843042104,0.05114356136603538,1.6462026331131963e-09,1.0169192111275481e-08
dwell_r7_xi_1_p+3_Nd4001_dt1,dwell,7,xi_1,3,4001,1.0,static_mh,2,zerofill,0.23953369731843008,0.0745433879625738,2.3993933599364477e-09,1.0016934514005996e-08
dwell_r7_xi_1_p+3_Nd4001_dt1,dwell,7,xi_1,3,4001,1.0,static_lti_mh,2,zerofill,0.16383856746220352,0.05173858982566818,1.665355335640387e-09,1.0164611186707145e-08
dwell_r7_xi_1_p+3_Nd4001_dt1,dwell,7,xi_1,3,4001,1.0,linear,2,zerofill,0.004843137323720219,0.004843137323720219,1.558903056784735e-10,3.2187876423608724e-08
dwell_r7_xi_1_p+3_Nd4001_dt1,dwell,7,xi_1,3,4001,1.0,atomic,4,context,0.5323952913723197,0.08664889645985258,2.7895868210226703e-09,5.2396910082208634e-09
dwell_r7_xi_1_p+3_Nd4001_dt1,dwell,7,xi_1,3,4001,1.0,static,4,context,0.1587491140436115,0.04928763636994007,1.586773132426993e-09,9.995477089661585e-09
dwell_r7_xi_1_p+3_Nd4001_dt1,dwell,7,xi_1,3,4001,1.0,static_lti,4,context,0.15976359830322026,0.05055681999668762,1.6276334095139973e-09,1.0187761334874679e-08
dwell_r7_xi_1_p+3_Nd4001_dt1,dwell,7,xi_1,3,4001,1.0,static_mh,4,context,0.2372752304232597,0.07396093808158317,2.3811088954658938e-09,1.0035218978476556e-08
dwell_r7_xi_1_p+3_Nd4001_dt1,dwell,7,xi_1,3,4001,1.0,static_lti_mh,4,context,0.16174037467982816,0.05115829135078987,1.646997263309916e-09,1.0182969259037615e-08
dwell_r7_xi_1_p+3_Nd4001_dt1,dwell,7,xi_1,3,4001,1.0,linear,4,context,0.004647596313280798,0.004647596313280798,1.4962537267821683e-10,3.219414135660899e-08
dwell_r7_xi_1_p+3_Nd4001_dt1,dwell,7,xi_1,3,4001,1.0,atomic,8,context,0.5279262801942942,0.08616962103967002,2.7742613187463672e-09,5.255016510497163e-09
dwell_r7_xi_1_p+3_Nd4001_dt1,dwell,7,xi_1,3,4001,1.0,static,8,context,0.1570598618609581,0.048832520654552077,1.572180212866881e-09,1.0010070009221708e-08
dwell_r7_xi_1_p+3_Nd4001_dt1,dwell,7,xi_1,3,4001,1.0,static_lti,8,context,0.15778933096730546,0.050015330576313945,1.610261195164142e-09,1.020513354922453e-08
dwell_r7_xi_1_p+3_Nd4001_dt1,dwell,7,xi_1,3,4001,1.0,static_mh,8,context,0.23478555417944957,0.0733296852637878,2.3608750611716866e-09,1.0055452812770754e-08
dwell_r7_xi_1_p+3_Nd4001_dt1,dwell,7,xi_1,3,4001,1.0,static_lti_mh,8,context,0.15976827005202698,0.050618543195974,1.6296818380486237e-09,1.0200284684298914e-08
dwell_r7_xi_1_p+3_Nd4001_dt1,dwell,7,xi_1,3,4001,1.0,linear,8,context,0.0046098048606227834,0.0046098048606227834,1.484142921541593e-10,3.2195352437133e-08
dwell_r7_xi_1_p+3_Nd4001_dt1,dwell,7,xi_1,3,4001,1.0,atomic,16,context,0.5197575322554459,0.08528852199905557,2.746015427952833e-09,5.2832624012906956e-09
dwell_r7_xi_1_p+3_Nd4001_dt1,dwell,7,xi_1,3,4001,1.0,static,16,context,0.15441937805113812,0.048119238887349675,1.5492843499793951e-09,1.0032965872109187e-08
dwell_r7_xi_1_p+3_Nd4001_dt1,dwell,7,xi_1,3,4001,1.0,static_lti,16,context,0.15512483012582312,0.04928199164154465,1.5867212398102378e-09,1.0228673504578437e-08
dwell_r7_xi_1_p+3_Nd4001_dt1,dwell,7,xi_1,3,4001,1.0,static_mh,16,context,0.23088736226567366,0.07233735708458483,2.3290296738147574e-09,1.0087298200127679e-08
dwell_r7_xi_1_p+3_Nd4001_dt1,dwell,7,xi_1,3,4001,1.0,static_lti_mh,16,context,0.15706365192083357,0.04987576515818178,1.6058388326489722e-09,1.0224127689698568e-08
dwell_r7_xi_1_p+3_Nd4001_dt1,dwell,7,xi_1,3,4001,1.0,linear,16,context,0.004565390326173245,0.004565390326173245,1.469908491372048e-10,3.219677588014998e-08
dwell_r7_xi_2_p+3_Nd4001_dt1,dwell,7,xi_2,3,4001,1.0,atomic,2,context,0.6392607081238003,0.0999578126784246,3.27578156532478e-09,5.12432803032591e-09
dwell_r7_xi_2_p+3_Nd4001_dt1,dwell,7,xi_2,3,4001,1.0,static,2,context,0.16495308845957246,0.05026832722553657,1.6473755800847892e-09,9.986933833545872e-09
dwell_r7_xi_2_p+3_Nd4001_dt1,dwell,7,xi_2,3,4001,1.0,static_lti,2,context,0.16379370400548338,0.05108098408346131,1.6740076789952451e-09,1.0220219935555055e-08
dwell_r7_xi_2_p+3_Nd4001_dt1,dwell,7,xi_2,3,4001,1.0,static_mh,2,context,0.2152502248715438,0.06575387023253149,2.1548622382267917e-09,1.0010963935172482e-08
dwell_r7_xi_2_p+3_Nd4001_dt1,dwell,7,xi_2,3,4001,1.0,static_lti_mh,2,context,0.16526694671510544,0.05155246542508692,1.6894588963229042e-09,1.022260609216233e-08
dwell_r7_xi_2_p+3_Nd4001_dt1,dwell,7,xi_2,3,4001,1.0,linear,2,context,0.003969895083424399,0.003969895083424399,1.3009997700121826e-10,3.2771641130877217e-08
dwell_r7_xi_2_p+3_Nd4001_dt1,dwell,7,xi_2,3,4001,1.0,atomic,2,zerofill,0.6392321140493603,0.09995853552601718,3.275692178705336e-09,5.1244174169453465e-09
dwell_r7_xi_2_p+3_Nd4001_dt1,dwell,7,xi_2,3,4001,1.0,static,2,zerofill,0.16498886795152626,0.05027942215503284,1.6476823018300103e-09,9.986627111800655e-09
dwell_r7_xi_2_p+3_Nd4001_dt1,dwell,7,xi_2,3,4001,1.0,static_lti,2,zerofill,0.16385833077049927,0.051100065042873614,1.6745751877157836e-09,1.0219652426834503e-08
dwell_r7_xi_2_p+3_Nd4001_dt1,dwell,7,xi_2,3,4001,1.0,static_mh,2,zerofill,0.21530471080073896,0.06576983596963117,2.155311061198756e-09,1.0010515112200502e-08
dwell_r7_xi_2_p+3_Nd4001_dt1,dwell,7,xi_2,3,4001,1.0,static_lti_mh,2,zerofill,0.16533380499103476,0.051572142118943384,1.6900453942138104e-09,1.0222019594271439e-08
dwell_r7_xi_2_p+3_Nd4001_dt1,dwell,7,xi_2,3,4001,1.0,linear,2,zerofill,0.004004551703492474,0.004004551703492474,1.3123120127082254e-10,3.277050990660762e-08
dwell_r7_xi_2_p+3_Nd4001_dt1,dwell,7,xi_2,3,4001,1.0,atomic,4,context,0.6354016716540446,0.0995874773641974,3.26368975381769e-09,5.136419841832997e-09
dwell_r7_xi_2_p+3_Nd4001_dt1,dwell,7,xi_2,3,4001,1.0,static,4,context,0.16398615996625038,0.05001449093643097,1.6390793896173213e-09,9.995230024013346e-09
dwell_r7_xi_2_p+3_Nd4001_dt1,dwell,7,xi_2,3,4001,1.0,static_lti,4,context,0.16281205722635317,0.05081701443922172,1.6653797619390092e-09,1.022884785261129e-08
dwell_r7_xi_2_p+3_Nd4001_dt1,dwell,7,xi_2,3,4001,1.0,static_mh,4,context,0.21360059733207806,0.06533774651525058,2.1412544978875354e-09,1.0024571675511726e-08
dwell_r7_xi_2_p+3_Nd4001_dt1,dwell,7,xi_2,3,4001,1.0,static_lti_mh,4,context,0.1642804509043591,0.05128746083667795,1.6807972735352044e-09,1.0231267714950039e-08
dwell_r7_xi_2_p+3_Nd4001_dt1,dwell,7,xi_2,3,4001,1.0,linear,4,context,0.003956149321710608,0.003956149321710608,1.296512809398822e-10,3.277208982693858e-08
dwell_r7_xi_2_p+3_Nd4001_dt1,dwell,7,xi_2,3,4001,1.0,atomic,8,context,0.6317015926981538,0.09922944279720249,3.2520423061162018e-09,5.148067289534484e-09
dwell_r7_xi_2_p+3_Nd4001_dt1,dwell,7,xi_2,3,4001,1.0,static,8,context,0.16308172252710082,0.04977600467825448,1.6313068831188191e-09,1.000300253051184e-08
dwell_r7_xi_2_p+3_Nd4001_dt1,dwell,7,xi_2,3,4001,1.0,static_lti,8,context,0.16165627284091735,0.05050513433716067,1.6552026184022772e-09,1.0239024996148021e-08
dwell_r7_xi_2_p+3_Nd4001_dt1,dwell,7,xi_2,3,4001,1.0,static_mh,8,context,0.21223455699665508,0.06499132808302566,2.1299580295802688e-09,1.0035868143819e-08
dwell_r7_xi_2_p+3_Nd4001_dt1,dwell,7,xi_2,3,4001,1.0,static_lti_mh,8,context,0.16307920672428988,0.050963672793184554,1.670230279708594e-09,1.0241834708776646e-08
dwell_r7_xi_2_p+3_Nd4001_dt1,dwell,7,xi_2,3,4001,1.0,linear,8,context,0.003929570981397707,0.003929570981397707,1.2878366255173792e-10,3.2772957445326746e-08
dwell_r7_xi_2_p+3_Nd4001_dt1,dwell,7,xi_2,3,4001,1.0,atomic,16,context,0.6246341069091692,0.09854195354950426,3.2296471758805448e-09,5.170462419770142e-09
dwell_r7_xi_2_p+3_Nd4001_dt1,dwell,7,xi_2,3,4001,1.0,static,16,context,0.16194963029136059,0.04947654399326778,1.6215609171976954e-09,1.0012748496432967e-08
dwell_r7_xi_2_p+3_Nd4001_dt1,dwell,7,xi_2,3,4001,1.0,static_lti,16,context,0.16060520348565602,0.050220083588186755,1.6459299343156587e-09,1.0248297680234626e-08
dwell_r7_xi_2_p+3_Nd4001_dt1,dwell,7,xi_2,3,4001,1.0,static_mh,16,context,0.21047033505909044,0.06454229977657308,2.1153310715879696e-09,1.005049510181129e-08
dwell_r7_xi_2_p+3_Nd4001_dt1,dwell,7,xi_2,3,4001,1.0,static_lti_mh,16,context,0.16200493920616932,0.0506726273756428,1.660761756828549e-09,1.025130323165669e-08
dwell_r7_xi_2_p+3_Nd4001_dt1,dwell,7,xi_2,3,4001,1.0,linear,16,context,0.003887318764597187,0.003887318764597187,1.274042944919059e-10,3.277433681338655e-08
dwell_r7_xi_4_p+0_Nd4001_dt1,dwell,7,xi_4,0,4001,1.0,atomic,2,context,0.3611215291546472,0.10077260052213413,1.643483654977659e-09,4.551054208329549e-09
dwell_r7_xi_4_p+0_Nd4001_dt1,dwell,7,xi_4,0,4001,1.0,static,2,context,0.030746340731495535,0.01765164811204352,2.878778061223978e-10,9.36299407582852e-09
dwell_r7_xi_4_p+0_Nd4001_dt1,dwell,7,xi_4,0,4001,1.0,static_lti,2,context,0.03253621989443956,0.01897131472555898,3.094000303985889e-10,9.509403102216719e-09
dwell_r7_xi_4_p+0_Nd4001_dt1,dwell,7,xi_4,0,4001,1.0,static_mh,2,context,0.03193665027632346,0.01832418471250112,2.9884609417390577e-10,9.357465219057684e-09
dwell_r7_xi_4_p+0_Nd4001_dt1,dwell,7,xi_4,0,4001,1.0,static_lti_mh,2,context,0.03288290923782684,0.019171053133076703,3.1265753101210676e-10,9.508207706039624e-09
dwell_r7_xi_4_p+0_Nd4001_dt1,dwell,7,xi_4,0,4001,1.0,linear,2,context,0.003689592908149918,0.003689592908149918,6.017295977922095e-11,1.630883440997116e-08
dwell_r7_xi_4_p+0_Nd4001_dt1,dwell,7,xi_4,0,4001,1.0,atomic,2,zerofill,0.3613795592883733,0.10082902604866113,1.6443462425771e-09,4.550191620730121e-09
dwell_r7_xi_4_p+0_Nd4001_dt1,dwell,7,xi_4,0,4001,1.0,static,2,zerofill,0.030752522972785024,0.01765571042609618,2.8793396343201203e-10,9.362937918518886e-09
dwell_r7_xi_4_p+0_Nd4001_dt1,dwell,7,xi_4,0,4001,1.0,static_lti,2,zerofill,0.03258087259321687,0.018997195409468363,3.098112529222138e-10,9.508991879693073e-09
dwell_r7_xi_4_p+0_Nd4001_dt1,dwell,7,xi_4,0,4001,1.0,static_mh,2,zerofill,0.031941102609870285,0.018327302732093816,2.9888646717213484e-10,9.357424846059458e-09
dwell_r7_xi_4_p+0_Nd4001_dt1,dwell,7,xi_4,0,4001,1.0,static_lti_mh,2,zerofill,0.032927568512276996,0.019196932898784345,3.130686243650363e-10,9.507796612686695e-09
dwell_r7_xi_4_p+0_Nd4001_dt1,dwell,7,xi_4,0,4001,1.0,linear,2,zerofill,0.0037247799396488398,0.0037247799396488398,6.074468968124538e-11,1.6308262680069145e-08
dwell_r7_xi_4_p+0_Nd4001_dt1,dwell,7,xi_4,0,4001,1.0,atomic,4,context,0.35856273122910814,0.10024621604556157,1.63491192854972e-09,4.559625934757487e-09
dwell_r7_xi_4_p+0_Nd4001_dt1,dwell,7,xi_4,0,4001,1.0,static,4,context,0.03067734813420337,0.01761307805272227,2.8725105587811215e-10,9.363620826072798e-09
dwell_r7_xi_4_p+0_Nd4001_dt1,dwell,7,xi_4,0,4001,1.0,static_lti,4,context,0.032447926127719344,0.018921299791138973,3.085867971130076e-10,9.510216335502276e-09
dwell_r7_xi_4_p+0_Nd4001_dt1,dwell,7,xi_4,0,4001,1.0,static_mh,4,context,0.03186554060668683,0.01828449904363404,2.982012366472439e-10,9.358110076584352e-09
dwell_r7_xi_4_p+0_Nd4001_dt1,dwell,7,xi_4,0,4001,1.0,static_lti_mh,4,context,0.03279233088040158,0.01911976986831685,3.118236384566332e-10,9.509041598595096e-09
dwell_r7_xi_4_p+0_Nd4001_dt1,dwell,7,xi_4,0,4001,1.0,linear,4,context,0.003681617697293819,0.003681617697293819,6.004337048422603e-11,1.6308963999266148e-08
dwell_r7_xi_4_p+0_Nd4001_dt1,dwell,7,xi_4,0,4001,1.0,atomic,8,context,0.3551151641713029,0.09953218971052838,1.6233117217302532e-09,4.571226141576959e-09
dwell_r7_xi_4_p+0_Nd4001_dt1,dwell,7,xi_4,0,4001,1.0,static,8,context,0.030349742165367614,0.017430045605541185,2.8427383567122456e-10,9.366598046279688e-09
dwell_r7_xi_4_p+0_Nd4001_dt1,dwell,7,xi_4,0,4001,1.0,static_lti,8,context,0.03208004001276496,0.018712926368874127,3.051968695837432e-10,9.513606263031542e-09
dwell_r7_xi_4_p+0_Nd4001_dt1,dwell,7,xi_4,0,4001,1.0,static_mh,8,context,0.03154455988348767,0.018105452028712474,2.9528931887173013e-10,9.361021994359871e-09
dwell_r7_xi_4_p+0_Nd4001_dt1,dwell,7,xi_4,0,4001,1.0,static_lti_mh,8,context,0.0324182519498667,0.01890798743867304,3.08378201391862e-10,9.512487035659861e-09
dwell_r7_xi_4_p+0_Nd4001_dt1,dwell,7,xi_4,0,4001,1.0,linear,8,context,0.0036539039849076862,0.0036539039849076862,5.9593034032789e-11,1.6309414335717578e-08
dwell_r7_xi_4_p+0_Nd4001_dt1,dwell,7,xi_4,0,4001,1.0,atomic,16,context,0.35026539246073424,0.09852249328186626,1.6068931692384122e-09,4.587644694068797e-09
dwell_r7_xi_4_p+0_Nd4001_dt1,dwell,7,xi_4,0,4001,1.0,static,16,context,0.03010562399823041,0.017293417027173755,2.820541052920293e-10,9.368817776658881e-09
dwell_r7_xi_4_p+0_Nd4001_dt1,dwell,7,xi_4,0,4001,1.0,static_lti,16,context,0.03180728626078855,0.0185581623147182,3.026819892978404e-10,9.516121143317446e-09
dwell_r7_xi_4_p+0_Nd4001_dt1,dwell,7,xi_4,0,4001,1.0,static_mh,16,context,0.03129332342556762,0.017965078966844246,2.9300885224312564e-10,9.363302460988476e-09
dwell_r7_xi_4_p+0_Nd4001_dt1,dwell,7,xi_4,0,4001,1.0,static_lti_mh,16,context,0.03213975705246912,0.018750041076672098,3.0581151496893294e-10,9.515053722082793e-09
dwell_r7_xi_4_p+0_Nd4001_dt1,dwell,7,xi_4,0,4001,1.0,linear,16,context,0.0036232958668912744,0.0036232958668912744,5.909563577507417e-11,1.630991173397529e-08
dwell_r7_xi_4_p+3_Nd4001_dt1,dwell,7,xi_4,3,4001,1.0,atomic,2,context,0.7035352144789834,0.09940568610974049,3.2347010566095035e-09,4.597781305097889e-09
dwell_r7_xi_4_p+3_Nd4001_dt1,dwell,7,xi_4,3,4001,1.0,static,2,context,0.16677311759868985,0.0509895334166987,1.6592199508279362e-09,9.948965245229492e-09
dwell_r7_xi_4_p+3_Nd4001_dt1,dwell,7,xi_4,3,4001,1.0,static_lti,2,context,0.163772920467187,0.051316251912889445,1.6698515022632874e-09,1.0196139248782911e-08
dwell_r7_xi_4_p+3_Nd4001_dt1,dwell,7,xi_4,3,4001,1.0,static_mh,2,context,0.2039293966199607,0.062360665042620944,2.0292411530820016e-09,9.950704443379786e-09
dwell_r7_xi_4_p+3_Nd4001_dt1,dwell,7,xi_4,3,4001,1.0,static_lti_mh,2,context,0.16584957737987796,0.051952105891216814,1.6905424467760013e-09,1.0193227341808769e-08
dwell_r7_xi_4_p+3_Nd4001_dt1,dwell,7,xi_4,3,4001,1.0,linear,2,context,0.0036895929081487305,0.0036895929081487305,1.200608390275793e-10,3.254040269928326e-08
dwell_r7_xi_4_p+3_Nd4001_dt1,dwell,7,xi_4,3,4001,1.0,atomic,2,zerofill,0.7038048441653092,0.09943153190107852,3.2354286624355676e-09,4.597053699271829e-09
dwell_r7_xi_4_p+3_Nd4001_dt1,dwell,7,xi_4,3,4001,1.0,static,2,zerofill,0.16681492052359329,0.05100227504645284,1.6595763876884006e-09,9.948608808369034e-09
dwell_r7_xi_4_p+3_Nd4001_dt1,dwell,7,xi_4,3,4001,1.0,static_lti,2,zerofill,0.16385374181014825,0.051339810782660984,1.6705595514257408e-09,1.019543119962046e-08
dwell_r7_xi_4_p+3_Nd4001_dt1,dwell,7,xi_4,3,4001,1.0,static_mh,2,zerofill,0.20396390028768485,0.062371615173396656,2.0295263242567002e-09,9.950419272205108e-09
dwell_r7_xi_4_p+3_Nd4001_dt1,dwell,7,xi_4,3,4001,1.0,static_lti_mh,2,zerofill,0.1659321588828929,0.051976114974458115,1.691264420201337e-09,1.0192505368383423e-08
dwell_r7_xi_4_p+3_Nd4001_dt1,dwell,7,xi_4,3,4001,1.0,linear,2,zerofill,0.003724779939647535,0.003724779939647535,1.2120159015542574e-10,3.253926194815544e-08
dwell_r7_xi_4_p+3_Nd4001_dt1,dwell,7,xi_4,3,4001,1.0,atomic,4,context,0.7007791418805757,0.09917593357941748,3.227250460140855e-09,4.605231901566545e-09
dwell_r7_xi_4_p+3_Nd4001_dt1,dwell,7,xi_4,3,4001,1.0,static,4,context,0.16634748798732013,0.05087755620848938,1.6555893225165042e-09,9.952595873540944e-09
dwell_r7_xi_4_p+3_Nd4001_dt1,dwell,7,xi_4,3,4001,1.0,static_lti,4,context,0.16328309837286514,0.0511839084560485,1.6655582272317658e-09,1.0200432523814436e-08
dwell_r7_xi_4_p+3_Nd4001_dt1,dwell,7,xi_4,3,4001,1.0,static_mh,4,context,0.2033634442432403,0.062216352431578976,2.0245612495526784e-09,9.955384346909112e-09
dwell_r7_xi_4_p+3_Nd4001_dt1,dwell,7,xi_4,3,4001,1.0,static_lti_mh,4,context,0.16533355590836574,0.05181298465498184,1.68602878273045e-09,1.0197741005854326e-08
dwell_r7_xi_4_p+3_Nd4001_dt1,dwell,7,xi_4,3,4001,1.0,linear,4,context,0.003681617697292599,0.003681617697292599,1.198022743908517e-10,3.254066126392002e-08
dwell_r7_xi_4_p+3_Nd4001_dt1,dwell,7,xi_4,3,4001,1.0,atomic,8,context,0.6951593827793003,0.09870403586007104,3.211983285764671e-09,4.620499075942723e-09
dwell_r7_xi_4_p+3_Nd4001_dt1,dwell,7,xi_4,3,4001,1.0,static,8,context,0.16431689896329227,0.050342756501094967,1.6382318213418734e-09,9.969953374715571e-09
dwell_r7_xi_4_p+3_Nd4001_dt1,dwell,7,xi_4,3,4001,1.0,static_lti,8,context,0.16123668931214563,0.05063009738581578,1.6475823419259404e-09,1.0218408409120266e-08
dwell_r7_xi_4_p+3_Nd4001_dt1,dwell,7,xi_4,3,4001,1.0,static_mh,8,context,0.20110503422846576,0.061639404587720256,2.005842370629293e-09,9.974103225832487e-09
dwell_r7_xi_4_p+3_Nd4001_dt1,dwell,7,xi_4,3,4001,1.0,static_lti_mh,8,context,0.16325267089586112,0.051250971363246335,1.6677865495927914e-09,1.0215983238991982e-08
dwell_r7_xi_4_p+3_Nd4001_dt1,dwell,7,xi_4,3,4001,1.0,linear,8,context,0.0036539039849063887,0.0036539039849063887,1.1890373504024013e-10,3.2541559803270636e-08
dwell_r7_xi_4_p+3_Nd4001_dt1,dwell,7,xi_4,3,4001,1.0,atomic,16,context,0.6849970201496841,0.09784471214108545,3.1841166565789638e-09,4.648365705128436e-09
dwell_r7_xi_4_p+3_Nd4001_dt1,dwell,7,xi_4,3,4001,1.0,static,16,context,0.16279614299674403,0.049940541400237126,1.6251926775743927e-09,9.982992518483051e-09
dwell_r7_xi_4_p+3_Nd4001_dt1,dwell,7,xi_4,3,4001,1.0,static_lti,16,context,0.15973514546481554,0.05022200625568107,1.6343522623373216e-09,1.02316384887089e-08
dwell_r7_xi_4_p+3_Nd4001_dt1,dwell,7,xi_4,3,4001,1.0,static_mh,16,context,0.19913675644015122,0.06113444146347234,1.9894707551881653e-09,9.99047484127363e-09
dwell_r7_xi_4_p+3_Nd4001_dt1,dwell,7,xi_4,3,4001,1.0,static_lti_mh,16,context,0.16172177677890792,0.05083572165357514,1.6543241277357884e-09,1.0229445660848989e-08
dwell_r7_xi_4_p+3_Nd4001_dt1,dwell,7,xi_4,3,4001,1.0,linear,16,context,0.0036232958668901785,0.0036232958668901785,1.17911295041097e-10,3.2542552243269753e-08
dwell_r7_xi_4_p+6_Nd4001_dt1,dwell,7,xi_4,6,4001,1.0,atomic,2,context,0.8477861377556712,0.06798602076827642,4.414103842411125e-09,5.206624224944868e-09
dwell_r7_xi_4_p+6_Nd4001_dt1,dwell,7,xi_4,6,4001,1.0,static,2,context,0.6759410268297918,0.08914811565541032,5.788087542283059e-09,8.563006701086888e-09
dwell_r7_xi_4_p+6_Nd4001_dt1,dwell,7,xi_4,6,4001,1.0,static_lti,2,context,0.6817065188601393,0.0908829880483361,5.900726976230927e-09,8.655817148554415e-09
dwell_r7_xi_4_p+6_Nd4001_dt1,dwell,7,xi_4,6,4001,1.0,static_mh,2,context,0.777895862734109,0.10296812132214854,6.685374064222843e-09,8.594176141682292e-09
dwell_r7_xi_4_p+6_Nd4001_dt1,dwell,7,xi_4,6,4001,1.0,static_lti_mh,2,context,0.6875069342767224,0.09166706630405415,5.951634542260016e-09,8.656835655805146e-09
dwell_r7_xi_4_p+6_Nd4001_dt1,dwell,7,xi_4,6,4001,1.0,linear,2,context,0.0036895929081486047,0.0036895929081486047,2.395528676152652e-10,6.492663921979135e-08
dwell_r7_xi_4_p+6_Nd4001_dt1,dwell,7,xi_4,6,4001,1.0,atomic,2,zerofill,0.8481839943920323,0.06800566774393339,4.415224666964969e-09,5.205503400391028e-09
dwell_r7_xi_4_p+6_Nd4001_dt1,dwell,7,xi_4,6,4001,1.0,static,2,zerofill,0.6761966364600394,0.08917135370296045,5.789393347896227e-09,8.561700895473706e-09
dwell_r7_xi_4_p+6_Nd4001_dt1,dwell,7,xi_4,6,4001,1.0,static_lti,2,zerofill,0.6820654095838398,0.09091462009856932,5.902573808383213e-09,8.653970316402134e-09
dwell_r7_xi_4_p+6_Nd4001_dt1,dwell,7,xi_4,6,4001,1.0,static_mh,2,zerofill,0.7781411876908871,0.1029899941426383,6.686559777654989e-09,8.59299042825014e-09
dwell_r7_xi_4_p+6_Nd4001_dt1,dwell,7,xi_4,6,4001,1.0,static_lti_mh,2,zerofill,0.6878912444360916,0.09170063903808882,5.95360558743339e-09,8.654864610631787e-09
dwell_r7_xi_4_p+6_Nd4001_dt1,dwell,7,xi_4,6,4001,1.0,linear,2,zerofill,0.003724779939647502,0.003724779939647502,2.418289653514213e-10,6.492436312205521e-08
dwell_r7_xi_4_p+6_Nd4001_dt1,dwell,7,xi_4,6,4001,1.0,atomic,4,context,0.8439564237515453,0.06781893020849954,4.403290201995521e-09,5.217437865360472e-09
dwell_r7_xi_4_p+6_Nd4001_dt1,dwell,7,xi_4,6,4001,1.0,static,4,context,0.6734526178452809,0.08895129345086986,5.7753544283710295e-09,8.575739814998924e-09
dwell_r7_xi_4_p+6_Nd4001_dt1,dwell,7,xi_4,6,4001,1.0,static_lti,4,context,0.6787482086473755,0.0906473351599504,5.885473591513389e-09,8.671070533271965e-09
dwell_r7_xi_4_p+6_Nd4001_dt1,dwell,7,xi_4,6,4001,1.0,static_mh,4,context,0.7747741852594675,0.10273448179795709,6.670257636286595e-09,8.609292569618545e-09
dwell_r7_xi_4_p+6_Nd4001_dt1,dwell,7,xi_4,6,4001,1.0,static_lti_mh,4,context,0.6844075232534289,0.09142099993915356,5.935705444646741e-09,8.672764753418428e-09
dwell_r7_xi_4_p+6_Nd4001_dt1,dwell,7,xi_4,6,4001,1.0,linear,4,context,0.0036816176972924728,0.0036816176972924728,2.390369633396186e-10,6.492715512406697e-08
dwell_r7_xi_4_p+6_Nd4001_dt1,dwell,7,xi_4,6,4001,1.0,atomic,8,context,0.8319636888471578,0.06729101574347265,4.369134858426044e-09,5.2515932089299506e-09
dwell_r7_xi_4_p+6_Nd4001_dt1,dwell,7,xi_4,6,4001,1.0,static,8,context,0.6616847792061976,0.08801347193967207,5.714622138097611e-09,8.636472105272337e-09
dwell_r7_xi_4_p+6_Nd4001_dt1,dwell,7,xi_4,6,4001,1.0,static_lti,8,context,0.6666358627217411,0.08967427330193928,5.822456223296525e-09,8.734087901488826e-09
dwell_r7_xi_4_p+6_Nd4001_dt1,dwell,7,xi_4,6,4001,1.0,static_mh,8,context,0.7619853474716715,0.10176924005140899,6.607769689778684e-09,8.671780516126451e-09
dwell_r7_xi_4_p+6_Nd4001_dt1,dwell,7,xi_4,6,4001,1.0,static_lti_mh,8,context,0.6722864560731254,0.09045031059994836,5.872843508622934e-09,8.735626689442242e-09
dwell_r7_xi_4_p+6_Nd4001_dt1,dwell,7,xi_4,6,4001,1.0,linear,8,context,0.0036539039849063566,0.0036539039849063566,2.372441416348328e-10,6.492894794577175e-08
dwell_r7_xi_4_p+6_Nd4001_dt1,dwell,7,xi_4,6,4001,1.0,atomic,16,context,0.8213156460923361,0.06681611289171976,4.33843222369077e-09,5.28229584366523e-09
dwell_r7_xi_4_p+6_Nd4001_dt1,dwell,7,xi_4,6,4001,1.0,static,16,context,0.652863854010259,0.0873009456102643,5.668531424568739e-09,8.682562818801213e-09
dwell_r7_xi_4_p+6_Nd4001_dt1,dwell,7,xi_4,6,4001,1.0,static_lti,16,context,0.6578227129281776,0.0889564513177073,5.7760249466674295e-09,8.780519178117931e-09
dwell_r7_xi_4_p+6_Nd4001_dt1,dwell,7,xi_4,6,4001,1.0,static_mh,16,context,0.7513369207471253,0.10095410579930529,6.555043787467478e-09,8.724506418437654e-09
dwell_r7_xi_4_p+6_Nd4001_dt1,dwell,7,xi_4,6,4001,1.0,static_lti_mh,16,context,0.6633561798843592,0.08972524472178225,5.82594341592955e-09,8.782526782135607e-09
dwell_r7_xi_4_p+6_Nd4001_dt1,dwell,7,xi_4,6,4001,1.0,linear,16,context,0.0036232958668900622,0.0036232958668900622,2.3526396350466937e-10,6.493092812390188e-08
shuffle_r0_BLOCK_SHUFFLED_CYCLES_p+3_Nd4001_dt1,shuffle,0,BLOCK_SHUFFLED_CYCLES,3,4001,1.0,atomic,2,context,0.7351432595112805,0.08547927952573575,2.9545353294779383e-09,4.0189926130072915e-09
shuffle_r0_BLOCK_SHUFFLED_CYCLES_p+3_Nd4001_dt1,shuffle,0,BLOCK_SHUFFLED_CYCLES,3,4001,1.0,static,2,context,1.0208715846968102,0.12867453949831595,4.447551208449503e-09,4.3566216114932675e-09
shuffle_r0_BLOCK_SHUFFLED_CYCLES_p+3_Nd4001_dt1,shuffle,0,BLOCK_SHUFFLED_CYCLES,3,4001,1.0,static_lti,2,context,1.0792038393558265,0.1394431187790149,4.819760100588447e-09,4.466033130001972e-09
shuffle_r0_BLOCK_SHUFFLED_CYCLES_p+3_Nd4001_dt1,shuffle,0,BLOCK_SHUFFLED_CYCLES,3,4001,1.0,static_mh,2,context,1.2413386780619315,0.15982849763903823,5.524367373612993e-09,4.450330495008855e-09
shuffle_r0_BLOCK_SHUFFLED_CYCLES_p+3_Nd4001_dt1,shuffle,0,BLOCK_SHUFFLED_CYCLES,3,4001,1.0,static_lti_mh,2,context,1.0967660273291777,0.14187937610696386,4.903967739996048e-09,4.4712979959254306e-09
shuffle_r0_BLOCK_SHUFFLED_CYCLES_p+3_Nd4001_dt1,shuffle,0,BLOCK_SHUFFLED_CYCLES,3,4001,1.0,linear,2,context,4.8220653838020803e-05,4.8220653838020803e-05,1.666715327567358e-12,3.4564345252680786e-08
shuffle_r0_BLOCK_SHUFFLED_CYCLES_p+3_Nd4001_dt1,shuffle,0,BLOCK_SHUFFLED_CYCLES,3,4001,1.0,atomic,2,zerofill,0.736528827429776,0.08557411265630845,2.957742064166874e-09,4.015785878318359e-09
shuffle_r0_BLOCK_SHUFFLED_CYCLES_p+3_Nd4001_dt1,shuffle,0,BLOCK_SHUFFLED_CYCLES,3,4001,1.0,static,2,zerofill,1.0219957874096166,0.12874771346757596,4.449973432009417e-09,4.354199387933353e-09
shuffle_r0_BLOCK_SHUFFLED_CYCLES_p+3_Nd4001_dt1,shuffle,0,BLOCK_SHUFFLED_CYCLES,3,4001,1.0,static_lti,2,zerofill,1.0805668808808142,0.13953112216191188,4.8226859323240656e-09,4.463107298266348e-09
shuffle_r0_BLOCK_SHUFFLED_CYCLES_p+3_Nd4001_dt1,shuffle,0,BLOCK_SHUFFLED_CYCLES,3,4001,1.0,static_mh,2,zerofill,1.2470303116377888,0.1601584789820178,5.53563987418313e-09,4.439057994438716e-09
shuffle_r0_BLOCK_SHUFFLED_CYCLES_p+3_Nd4001_dt1,shuffle,0,BLOCK_SHUFFLED_CYCLES,3,4001,1.0,static_lti_mh,2,zerofill,1.0986905162359766,0.14200141396510124,4.908067898321246e-09,4.46719783760024e-09
shuffle_r0_BLOCK_SHUFFLED_CYCLES_p+3_Nd4001_dt1,shuffle,0,BLOCK_SHUFFLED_CYCLES,3,4001,1.0,linear,2,zerofill,7.226392908561596e-05,7.226392908561596e-05,2.4976953443494665e-12,3.4563514272664004e-08
shuffle_r0_BLOCK_SHUFFLED_CYCLES_p+3_Nd4001_dt1,shuffle,0,BLOCK_SHUFFLED_CYCLES,3,4001,1.0,atomic,4,context,0.7282971873914456,0.0850186218018624,2.938615432437976e-09,4.034912510047258e-09
shuffle_r0_BLOCK_SHUFFLED_CYCLES_p+3_Nd4001_dt1,shuffle,0,BLOCK_SHUFFLED_CYCLES,3,4001,1.0,static,4,context,1.00648516661452,0.12777070457492337,4.416314406417705e-09,4.387858413525072e-09
shuffle_r0_BLOCK_SHUFFLED_CYCLES_p+3_Nd4001_dt1,shuffle,0,BLOCK_SHUFFLED_CYCLES,3,4001,1.0,static_lti,4,context,1.065381547735979,0.1385782881823897,4.7898717671836795e-09,4.49592146340674e-09
shuffle_r0_BLOCK_SHUFFLED_CYCLES_p+3_Nd4001_dt1,shuffle,0,BLOCK_SHUFFLED_CYCLES,3,4001,1.0,static_mh,4,context,1.2102121895069013,0.15801510663819907,5.461693227720287e-09,4.513004640901562e-09
shuffle_r0_BLOCK_SHUFFLED_CYCLES_p+3_Nd4001_dt1,shuffle,0,BLOCK_SHUFFLED_CYCLES,3,4001,1.0,static_lti_mh,4,context,1.083344411250089,0.14104586779465175,4.875162111530378e-09,4.500103624391109e-09
shuffle_r0_BLOCK_SHUFFLED_CYCLES_p+3_Nd4001_dt1,shuffle,0,BLOCK_SHUFFLED_CYCLES,3,4001,1.0,linear,4,context,4.739179793121375e-05,4.739179793121375e-05,1.6380678234964771e-12,3.456437390018481e-08
shuffle_r0_BLOCK_SHUFFLED_CYCLES_p+3_Nd4001_dt1,shuffle,0,BLOCK_SHUFFLED_CYCLES,3,4001,1.0,atomic,8,context,0.715521364852021,0.08414810723022113,2.9085666512064377e-09,4.064961291278796e-09
shuffle_r0_BLOCK_SHUFFLED_CYCLES_p+3_Nd4001_dt1,shuffle,0,BLOCK_SHUFFLED_CYCLES,3,4001,1.0,static,8,context,0.9791236018922973,0.1260139113023399,4.355651862724717e-09,4.44852095721806e-09
shuffle_r0_BLOCK_SHUFFLED_CYCLES_p+3_Nd4001_dt1,shuffle,0,BLOCK_SHUFFLED_CYCLES,3,4001,1.0,static_lti,8,context,1.0334885907564364,0.1365363493764719,4.719358349765148e-09,4.566434880825274e-09
shuffle_r0_BLOCK_SHUFFLED_CYCLES_p+3_Nd4001_dt1,shuffle,0,BLOCK_SHUFFLED_CYCLES,3,4001,1.0,static_mh,8,context,1.163752725575754,0.15520945160758912,5.364791315659482e-09,4.609906552962366e-09
shuffle_r0_BLOCK_SHUFFLED_CYCLES_p+3_Nd4001_dt1,shuffle,0,BLOCK_SHUFFLED_CYCLES,3,4001,1.0,static_lti_mh,8,context,1.0498445071319729,0.13891622710492504,4.801618464968806e-09,4.573647270952677e-09
shuffle_r0_BLOCK_SHUFFLED_CYCLES_p+3_Nd4001_dt1,shuffle,0,BLOCK_SHUFFLED_CYCLES,3,4001,1.0,linear,8,context,3.363526106349295e-05,3.363526106349295e-05,1.162597732189548e-12,3.456484937027614e-08
shuffle_r0_BLOCK_SHUFFLED_CYCLES_p+3_Nd4001_dt1,shuffle,0,BLOCK_SHUFFLED_CYCLES,3,4001,1.0,atomic,16,context,0.6999822200028999,0.08307308374155978,2.8714097788768297e-09,4.1021181636084046e-09
shuffle_r0_BLOCK_SHUFFLED_CYCLES_p+3_Nd4001_dt1,shuffle,0,BLOCK_SHUFFLED_CYCLES,3,4001,1.0,static,16,context,0.9667543337245245,0.12520443930925632,4.327674322405488e-09,4.476498497537281e-09
shuffle_r0_BLOCK_SHUFFLED_CYCLES_p+3_Nd4001_dt1,shuffle,0,BLOCK_SHUFFLED_CYCLES,3,4001,1.0,static_lti,16,context,1.0202093697649777,0.1356678969113059,4.68934230349137e-09,4.596450927099051e-09
shuffle_r0_BLOCK_SHUFFLED_CYCLES_p+3_Nd4001_dt1,shuffle,0,BLOCK_SHUFFLED_CYCLES,3,4001,1.0,static_mh,16,context,1.1372408225886685,0.1535549733100906,5.307606653070251e-09,4.6670912155516e-09
shuffle_r0_BLOCK_SHUFFLED_CYCLES_p+3_Nd4001_dt1,shuffle,0,BLOCK_SHUFFLED_CYCLES,3,4001,1.0,static_lti_mh,16,context,1.036092388008064,0.13802245444222178,4.770727262550228e-09,4.604538473371254e-09
shuffle_r0_BLOCK_SHUFFLED_CYCLES_p+3_Nd4001_dt1,shuffle,0,BLOCK_SHUFFLED_CYCLES,3,4001,1.0,linear,16,context,3.323383307700402e-05,3.323383307700402e-05,1.1487228954175554e-12,3.456486324511295e-08
shuffle_r0_BLOCK_SHUFFLED_CYCLES_p+6_Nd4001_dt1,shuffle,0,BLOCK_SHUFFLED_CYCLES,6,4001,1.0,atomic,2,context,0.8742142219205417,0.05481012006742552,3.779976396526323e-09,4.323855986033009e-09
shuffle_r0_BLOCK_SHUFFLED_CYCLES_p+6_Nd4001_dt1,shuffle,0,BLOCK_SHUFFLED_CYCLES,6,4001,1.0,static,2,context,1.497668583191477,0.10094903979458278,6.9619440206682045e-09,4.648521107274986e-09
shuffle_r0_BLOCK_SHUFFLED_CYCLES_p+6_Nd4001_dt1,shuffle,0,BLOCK_SHUFFLED_CYCLES,6,4001,1.0,static_lti,2,context,1.563830599182949,0.10851434690664717,7.483684937872865e-09,4.785483121882158e-09
shuffle_r0_BLOCK_SHUFFLED_CYCLES_p+6_Nd4001_dt1,shuffle,0,BLOCK_SHUFFLED_CYCLES,6,4001,1.0,static_mh,2,context,2.139352473425017,0.14332938141191956,9.884701547803464e-09,4.62041747238521e-09
shuffle_r0_BLOCK_SHUFFLED_CYCLES_p+6_Nd4001_dt1,shuffle,0,BLOCK_SHUFFLED_CYCLES,6,4001,1.0,static_lti_mh,2,context,1.5887020101183675,0.1112060642270723,7.669319049325486e-09,4.8274119378460895e-09
shuffle_r0_BLOCK_SHUFFLED_CYCLES_p+6_Nd4001_dt1,shuffle,0,BLOCK_SHUFFLED_CYCLES,6,4001,1.0,linear,2,context,4.822065383846238e-05,4.822065383846238e-05,3.325534282906667e-12,6.896493552424857e-08
shuffle_r0_BLOCK_SHUFFLED_CYCLES_p+6_Nd4001_dt1,shuffle,0,BLOCK_SHUFFLED_CYCLES,6,4001,1.0,atomic,2,zerofill,0.8767933908718153,0.05489759999378322,3.78591842251767e-09,4.317913960041654e-09
shuffle_r0_BLOCK_SHUFFLED_CYCLES_p+6_Nd4001_dt1,shuffle,0,BLOCK_SHUFFLED_CYCLES,6,4001,1.0,static,2,zerofill,1.5006877239372636,0.10103284740880994,6.967556292583754e-09,4.64290883535943e-09
shuffle_r0_BLOCK_SHUFFLED_CYCLES_p+6_Nd4001_dt1,shuffle,0,BLOCK_SHUFFLED_CYCLES,6,4001,1.0,static_lti,2,zerofill,1.5682028404927193,0.10863509193946219,7.491831991782624e-09,4.777336067972392e-09
shuffle_r0_BLOCK_SHUFFLED_CYCLES_p+6_Nd4001_dt1,shuffle,0,BLOCK_SHUFFLED_CYCLES,6,4001,1.0,static_mh,2,zerofill,2.1502922389539907,0.14356548669516628,9.900746498544494e-09,4.604372521644179e-09
shuffle_r0_BLOCK_SHUFFLED_CYCLES_p+6_Nd4001_dt1,shuffle,0,BLOCK_SHUFFLED_CYCLES,6,4001,1.0,static_lti_mh,2,zerofill,1.594262643875389,0.1113587777736224,7.67966629378973e-09,4.817064693381844e-09
shuffle_r0_BLOCK_SHUFFLED_CYCLES_p+6_Nd4001_dt1,shuffle,0,BLOCK_SHUFFLED_CYCLES,6,4001,1.0,linear,2,zerofill,7.226392908606407e-05,7.226392908606407e-05,4.983557394884697e-12,6.896327750113665e-08
shuffle_r0_BLOCK_SHUFFLED_CYCLES_p+6_Nd4001_dt1,shuffle,0,BLOCK_SHUFFLED_CYCLES,6,4001,1.0,atomic,4,context,0.8658745744430134,0.05452984906270784,3.7606506416438504e-09,4.343181740915472e-09
shuffle_r0_BLOCK_SHUFFLED_CYCLES_p+6_Nd4001_dt1,shuffle,0,BLOCK_SHUFFLED_CYCLES,6,4001,1.0,static,4,context,1.4694615289686788,0.10017904325293758,6.9088469849822606e-09,4.701618142960938e-09
shuffle_r0_BLOCK_SHUFFLED_CYCLES_p+6_Nd4001_dt1,shuffle,0,BLOCK_SHUFFLED_CYCLES,6,4001,1.0,static_lti,4,context,1.5339670904256741,0.10769647607927722,7.42728668484973e-09,4.84188137490529e-09
shuffle_r0_BLOCK_SHUFFLED_CYCLES_p+6_Nd4001_dt1,shuffle,0,BLOCK_SHUFFLED_CYCLES,6,4001,1.0,static_mh,4,context,2.0786213098282826,0.1420076388086454,9.793555771444146e-09,4.711563248744527e-09
shuffle_r0_BLOCK_SHUFFLED_CYCLES_p+6_Nd4001_dt1,shuffle,0,BLOCK_SHUFFLED_CYCLES,6,4001,1.0,static_lti_mh,4,context,1.5580620645486416,0.11036755022716727,7.611497293916144e-09,4.885233693255432e-09
shuffle_r0_BLOCK_SHUFFLED_CYCLES_p+6_Nd4001_dt1,shuffle,0,BLOCK_SHUFFLED_CYCLES,6,4001,1.0,linear,4,context,4.7391797931562804e-05,4.7391797931562804e-05,3.2683749976097427e-12,6.896499268353384e-08
shuffle_r0_BLOCK_SHUFFLED_CYCLES_p+6_Nd4001_dt1,shuffle,0,BLOCK_SHUFFLED_CYCLES,6,4001,1.0,atomic,8,context,0.8512681877443254,0.05403222436344436,3.72638321759883e-09,4.377449164960494e-09
shuffle_r0_BLOCK_SHUFFLED_CYCLES_p+6_Nd4001_dt1,shuffle,0,BLOCK_SHUFFLED_CYCLES,6,4001,1.0,static,8,context,1.4260115256207668,0.09895668213909901,6.824640738682592e-09,4.785824389260607e-09
shuffle_r0_BLOCK_SHUFFLED_CYCLES_p+6_Nd4001_dt1,shuffle,0,BLOCK_SHUFFLED_CYCLES,6,4001,1.0,static_lti,8,context,1.4849197969675434,0.10630925336110257,7.331717734506045e-09,4.9374503252489796e-09
shuffle_r0_BLOCK_SHUFFLED_CYCLES_p+6_Nd4001_dt1,shuffle,0,BLOCK_SHUFFLED_CYCLES,6,4001,1.0,static_mh,8,context,2.0001472715663913,0.14021872967309498,9.670316689763244e-09,4.834802330425426e-09
shuffle_r0_BLOCK_SHUFFLED_CYCLES_p+6_Nd4001_dt1,shuffle,0,BLOCK_SHUFFLED_CYCLES,6,4001,1.0,static_lti_mh,8,context,1.50610953436825,0.10889758822466593,7.510224684955301e-09,4.9865063022162775e-09
shuffle_r0_BLOCK_SHUFFLED_CYCLES_p+6_Nd4001_dt1,shuffle,0,BLOCK_SHUFFLED_CYCLES,6,4001,1.0,linear,8,context,3.363526106383778e-05,3.363526106383778e-05,2.319687442529909e-12,6.8965941371089e-08
shuffle_r0_BLOCK_SHUFFLED_CYCLES_p+6_Nd4001_dt1,shuffle,0,BLOCK_SHUFFLED_CYCLES,6,4001,1.0,atomic,16,context,0.8327846782922488,0.05339208582806394,3.6822369390016533e-09,4.4215954435576774e-09
shuffle_r0_BLOCK_SHUFFLED_CYCLES_p+6_Nd4001_dt1,shuffle,0,BLOCK_SHUFFLED_CYCLES,6,4001,1.0,static,16,context,1.4004983756651528,0.09821910411146864,6.7737756947641134e-09,4.836689433179082e-09
shuffle_r0_BLOCK_SHUFFLED_CYCLES_p+6_Nd4001_dt1,shuffle,0,BLOCK_SHUFFLED_CYCLES,6,4001,1.0,static_lti,16,context,1.458632389766844,0.10554375148162523,7.278927098633325e-09,4.990240961121691e-09
shuffle_r0_BLOCK_SHUFFLED_CYCLES_p+6_Nd4001_dt1,shuffle,0,BLOCK_SHUFFLED_CYCLES,6,4001,1.0,static_mh,16,context,1.912931115549702,0.13811968224067467,9.52555773130066e-09,4.9795612888880135e-09
shuffle_r0_BLOCK_SHUFFLED_CYCLES_p+6_Nd4001_dt1,shuffle,0,BLOCK_SHUFFLED_CYCLES,6,4001,1.0,static_lti_mh,16,context,1.4761919276041606,0.10802396171003927,7.449977200496091e-09,5.0467537866754915e-09
shuffle_r0_BLOCK_SHUFFLED_CYCLES_p+6_Nd4001_dt1,shuffle,0,BLOCK_SHUFFLED_CYCLES,6,4001,1.0,linear,16,context,3.3233833077349765e-05,3.3233833077349765e-05,2.292003503592468e-12,6.896596905502794e-08
shuffle_r0_ORIGINAL_p+3_Nd4001_dt1,shuffle,0,ORIGINAL,3,4001,1.0,atomic,2,context,0.8768708503222786,0.09584690783993502,3.2392673416052154e-09,3.6941213639553406e-09
shuffle_r0_ORIGINAL_p+3_Nd4001_dt1,shuffle,0,ORIGINAL,3,4001,1.0,static,2,context,1.0123199601878683,0.13095607565959727,4.425826024323444e-09,4.37196360674553e-09
shuffle_r0_ORIGINAL_p+3_Nd4001_dt1,shuffle,0,ORIGINAL,3,4001,1.0,static_lti,2,context,1.0427220934702406,0.13966204922242573,4.7200553998401206e-09,4.526666721073779e-09
shuffle_r0_ORIGINAL_p+3_Nd4001_dt1,shuffle,0,ORIGINAL,3,4001,1.0,static_mh,2,context,1.2659140058389078,0.1648828220534656,5.572423281108298e-09,4.401897171060614e-09
shuffle_r0_ORIGINAL_p+3_Nd4001_dt1,shuffle,0,ORIGINAL,3,4001,1.0,static_lti_mh,2,context,1.0580337159470128,0.14189607357810208,4.795557075363949e-09,4.532518201531599e-09
shuffle_r0_ORIGINAL_p+3_Nd4001_dt1,shuffle,0,ORIGINAL,3,4001,1.0,linear,2,context,4.736136507806188e-05,4.736136507806188e-05,1.6006371682580886e-12,3.3796263380920055e-08
shuffle_r0_ORIGINAL_p+3_Nd4001_dt1,shuffle,0,ORIGINAL,3,4001,1.0,atomic,2,zerofill,0.8777866259325802,0.09590087747177438,3.241068923424939e-09,3.6923197821356126e-09
shuffle_r0_ORIGINAL_p+3_Nd4001_dt1,shuffle,0,ORIGINAL,3,4001,1.0,static,2,zerofill,1.0127142609406128,0.13098232323666212,4.4266825137787894e-09,4.3711071172901925e-09
shuffle_r0_ORIGINAL_p+3_Nd4001_dt1,shuffle,0,ORIGINAL,3,4001,1.0,static_lti,2,zerofill,1.0432053512002295,0.13969469363641143,4.721126044395134e-09,4.525596076518761e-09
shuffle_r0_ORIGINAL_p+3_Nd4001_dt1,shuffle,0,ORIGINAL,3,4001,1.0,static_mh,2,zerofill,1.2685330137422324,0.16503433273483187,5.577505245272268e-09,4.396815206896637e-09
shuffle_r0_ORIGINAL_p+3_Nd4001_dt1,shuffle,0,ORIGINAL,3,4001,1.0,static_lti_mh,2,zerofill,1.059121506060824,0.14196790336477497,4.79795150836646e-09,4.530123768529085e-09
shuffle_r0_ORIGINAL_p+3_Nd4001_dt1,shuffle,0,ORIGINAL,3,4001,1.0,linear,2,zerofill,5.426992933240813e-05,5.426992933240813e-05,1.834108154928034e-12,3.3796029909933336e-08
shuffle_r0_ORIGINAL_p+3_Nd4001_dt1,shuffle,0,ORIGINAL,3,4001,1.0,atomic,4,context,0.8682665816379227,0.09534332639063811,3.2222541310278324e-09,3.711134574532721e-09
shuffle_r0_ORIGINAL_p+3_Nd4001_dt1,shuffle,0,ORIGINAL,3,4001,1.0,static,4,context,1.0044174878322107,0.13044581969920782,4.408589434764644e-09,4.389200196304332e-09
shuffle_r0_ORIGINAL_p+3_Nd4001_dt1,shuffle,0,ORIGINAL,3,4001,1.0,static_lti,4,context,1.0325339412461032,0.13899041357264227,4.697365313988979e-09,4.549356806924923e-09
shuffle_r0_ORIGINAL_p+3_Nd4001_dt1,shuffle,0,ORIGINAL,3,4001,1.0,static_mh,4,context,1.2466804963419067,0.1637674842896579,5.53473927077293e-09,4.439581181395981e-09
shuffle_r0_ORIGINAL_p+3_Nd4001_dt1,shuffle,0,ORIGINAL,3,4001,1.0,static_lti_mh,4,context,1.0472775098263662,0.14119119514355236,4.771743645192779e-09,4.556331631702768e-09
shuffle_r0_ORIGINAL_p+3_Nd4001_dt1,shuffle,0,ORIGINAL,3,4001,1.0,linear,4,context,4.5511418158143296e-05,4.5511418158143296e-05,1.5381187202150316e-12,3.3796325899368137e-08
shuffle_r0_ORIGINAL_p+3_Nd4001_dt1,shuffle,0,ORIGINAL,3,4001,1.0,atomic,8,context,0.8510532506921286,0.09432086593847662,3.187743515197671e-09,3.745645190362886e-09
shuffle_r0_ORIGINAL_p+3_Nd4001_dt1,shuffle,0,ORIGINAL,3,4001,1.0,static,8,context,0.9777263145733263,0.12869127194372912,4.349353279567529e-09,4.448436351501452e-09
shuffle_r0_ORIGINAL_p+3_Nd4001_dt1,shuffle,0,ORIGINAL,3,4001,1.0,static_lti,8,context,1.0014091879624964,0.1368950981412066,4.626616359169403e-09,4.620105761744492e-09
shuffle_r0_ORIGINAL_p+3_Nd4001_dt1,shuffle,0,ORIGINAL,3,4001,1.0,static_mh,8,context,1.1950650901941338,0.16067632226471887,5.430345653095063e-09,4.543974799073852e-09
shuffle_r0_ORIGINAL_p+3_Nd4001_dt1,shuffle,0,ORIGINAL,3,4001,1.0,static_lti_mh,8,context,1.0145923137614508,0.1390019349250661,4.697820702222284e-09,4.630254574673259e-09
shuffle_r0_ORIGINAL_p+3_Nd4001_dt1,shuffle,0,ORIGINAL,3,4001,1.0,linear,8,context,3.1459826935041e-05,3.1459826935041e-05,1.0632415033894217e-12,3.379680077658494e-08
shuffle_r0_ORIGINAL_p+3_Nd4001_dt1,shuffle,0,ORIGINAL,3,4001,1.0,atomic,16,context,0.8263716764090043,0.09282307127937657,3.1371248918373142e-09,3.79626381372324e-09
shuffle_r0_ORIGINAL_p+3_Nd4001_dt1,shuffle,0,ORIGINAL,3,4001,1.0,static,16,context,0.9531908240739981,0.1270377742142321,4.293473144102076e-09,4.5043164869669e-09
shuffle_r0_ORIGINAL_p+3_Nd4001_dt1,shuffle,0,ORIGINAL,3,4001,1.0,static_lti,16,context,0.973211633144933,0.13494150708998148,4.5605942035671196e-09,4.6861279173467765e-09
shuffle_r0_ORIGINAL_p+3_Nd4001_dt1,shuffle,0,ORIGINAL,3,4001,1.0,static_mh,16,context,1.144584207456596,0.157511434999827,5.32338605775867e-09,4.650934394410242e-09
shuffle_r0_ORIGINAL_p+3_Nd4001_dt1,shuffle,0,ORIGINAL,3,4001,1.0,static_lti_mh,16,context,0.984880465471495,0.13695103963353975,4.628510018853813e-09,4.699565258041738e-09
shuffle_r0_ORIGINAL_p+3_Nd4001_dt1,shuffle,0,ORIGINAL,3,4001,1.0,linear,16,context,3.080814685664119e-05,3.080814685664119e-05,1.0412174801290168e-12,3.37968228006082e-08
shuffle_r0_ORIGINAL_p+6_Nd4001_dt1,shuffle,0,ORIGINAL,6,4001,1.0,atomic,2,context,1.0776838442726033,0.062036529727402284,4.183272751645537e-09,3.8817254001511836e-09
shuffle_r0_ORIGINAL_p+6_Nd4001_dt1,shuffle,0,ORIGINAL,6,4001,1.0,static,2,context,1.5073921653994191,0.10346414625628458,6.976836804187044e-09,4.6284151956822505e-09
shuffle_r0_ORIGINAL_p+6_Nd4001_dt1,shuffle,0,ORIGINAL,6,4001,1.0,static_lti,2,context,1.5330310180321058,0.11036390324345255,7.442104051149865e-09,4.854503244626462e-09
shuffle_r0_ORIGINAL_p+6_Nd4001_dt1,shuffle,0,ORIGINAL,6,4001,1.0,static_mh,2,context,2.1746618188874725,0.14724710305806862,9.929227129374344e-09,4.565871825741624e-09
shuffle_r0_ORIGINAL_p+6_Nd4001_dt1,shuffle,0,ORIGINAL,6,4001,1.0,static_lti_mh,2,context,1.596577959044821,0.11416898661211021,7.69868999565369e-09,4.821994411259165e-09
shuffle_r0_ORIGINAL_p+6_Nd4001_dt1,shuffle,0,ORIGINAL,6,4001,1.0,linear,2,context,4.7361365077959145e-05,4.7361365077959145e-05,3.1936910217569533e-12,6.743241071071284e-08
shuffle_r0_ORIGINAL_p+6_Nd4001_dt1,shuffle,0,ORIGINAL,6,4001,1.0,atomic,2,zerofill,1.0802646666930351,0.06210837480550938,4.188088506151721e-09,3.8769096456450114e-09
shuffle_r0_ORIGINAL_p+6_Nd4001_dt1,shuffle,0,ORIGINAL,6,4001,1.0,static,2,zerofill,1.5076049554599305,0.10347068551373746,6.977229561725434e-09,4.6280224381438605e-09
shuffle_r0_ORIGINAL_p+6_Nd4001_dt1,shuffle,0,ORIGINAL,6,4001,1.0,static_lti,2,zerofill,1.5333877673143106,0.11037480338945195,7.44278765773009e-09,4.853819638046247e-09
shuffle_r0_ORIGINAL_p+6_Nd4001_dt1,shuffle,0,ORIGINAL,6,4001,1.0,static_mh,2,zerofill,2.1819355239581806,0.14740290294892822,9.939664426045205e-09,4.555434529070764e-09
shuffle_r0_ORIGINAL_p+6_Nd4001_dt1,shuffle,0,ORIGINAL,6,4001,1.0,static_lti_mh,2,zerofill,1.597826211405899,0.11420413533147361,7.701006958152003e-09,4.819677448760853e-09
shuffle_r0_ORIGINAL_p+6_Nd4001_dt1,shuffle,0,ORIGINAL,6,4001,1.0,linear,2,zerofill,5.42699293322996e-05,5.42699293322996e-05,3.65952688309771e-12,6.743194487485144e-08
shuffle_r0_ORIGINAL_p+6_Nd4001_dt1,shuffle,0,ORIGINAL,6,4001,1.0,atomic,4,context,1.0671115412443823,0.061741999237777324,4.1634195524427375e-09,3.901578599353992e-09
shuffle_r0_ORIGINAL_p+6_Nd4001_dt1,shuffle,0,ORIGINAL,6,4001,1.0,static,4,context,1.4949120436390644,0.1031206132797755,6.953684410760251e-09,4.651567589109053e-09
shuffle_r0_ORIGINAL_p+6_Nd4001_dt1,shuffle,0,ORIGINAL,6,4001,1.0,static_lti,4,context,1.5170231309426425,0.10990585025225266,7.411230143453079e-09,4.885377152323257e-09
shuffle_r0_ORIGINAL_p+6_Nd4001_dt1,shuffle,0,ORIGINAL,6,4001,1.0,static_mh,4,context,2.1208448625850207,0.1460792116058067,9.850491615323503e-09,4.644607339792452e-09
shuffle_r0_ORIGINAL_p+6_Nd4001_dt1,shuffle,0,ORIGINAL,6,4001,1.0,static_lti_mh,4,context,1.5768756999034004,0.11362203677295347,7.661822022754311e-09,4.858862384158546e-09
shuffle_r0_ORIGINAL_p+6_Nd4001_dt1,shuffle,0,ORIGINAL,6,4001,1.0,linear,4,context,4.5511418157995865e-05,4.5511418157995865e-05,3.0689503183832877e-12,6.74325354514163e-08
shuffle_r0_ORIGINAL_p+6_Nd4001_dt1,shuffle,0,ORIGINAL,6,4001,1.0,atomic,8,context,1.0422036930966012,0.06103546127150737,4.1158337373656965e-09,3.949164414431031e-09
shuffle_r0_ORIGINAL_p+6_Nd4001_dt1,shuffle,0,ORIGINAL,6,4001,1.0,static,8,context,1.448540539594739,0.1018127900383679,6.865591041758269e-09,4.7396609581110296e-09
shuffle_r0_ORIGINAL_p+6_Nd4001_dt1,shuffle,0,ORIGINAL,6,4001,1.0,static_lti,8,context,1.4650390943389342,0.1083764982730898,7.308204749132749e-09,4.988402546643584e-09
shuffle_r0_ORIGINAL_p+6_Nd4001_dt1,shuffle,0,ORIGINAL,6,4001,1.0,static_mh,8,context,1.9983354010153473,0.14326290804038125,9.660716867572519e-09,4.834382087543433e-09
shuffle_r0_ORIGINAL_p+6_Nd4001_dt1,shuffle,0,ORIGINAL,6,4001,1.0,static_lti_mh,8,context,1.517934217523013,0.11193374867689657,7.548082533608188e-09,4.972601873304667e-09
shuffle_r0_ORIGINAL_p+6_Nd4001_dt1,shuffle,0,ORIGINAL,6,4001,1.0,linear,8,context,3.1459826934855984e-05,3.1459826934855984e-05,2.1214457034113033e-12,6.743348295603123e-08
shuffle_r0_ORIGINAL_p+6_Nd4001_dt1,shuffle,0,ORIGINAL,6,4001,1.0,atomic,16,context,0.9989944283514742,0.05976953539174593,4.030470572623953e-09,4.0345275791727645e-09
shuffle_r0_ORIGINAL_p+6_Nd4001_dt1,shuffle,0,ORIGINAL,6,4001,1.0,static,16,context,1.3996105557431788,0.10037952728495975,6.768945553353001e-09,4.836306446516303e-09
shuffle_r0_ORIGINAL_p+6_Nd4001_dt1,shuffle,0,ORIGINAL,6,4001,1.0,static_lti,16,context,1.410629278620103,0.10670675072238012,7.1956125452209195e-09,5.100994750555417e-09
shuffle_r0_ORIGINAL_p+6_Nd4001_dt1,shuffle,0,ORIGINAL,6,4001,1.0,static_mh,16,context,1.8805813179593618,0.14033218507584794,9.463094177210761e-09,5.032004777905197e-09
shuffle_r0_ORIGINAL_p+6_Nd4001_dt1,shuffle,0,ORIGINAL,6,4001,1.0,static_lti_mh,16,context,1.4601205295734356,0.11020074141186767,7.431224660367902e-09,5.089459746544954e-09
shuffle_r0_ORIGINAL_p+6_Nd4001_dt1,shuffle,0,ORIGINAL,6,4001,1.0,linear,16,context,3.080814685647459e-05,3.080814685647459e-05,2.077501999777061e-12,6.743352689973484e-08
shuffle_r1_BLOCK_SHUFFLED_CYCLES_p+3_Nd4001_dt1,shuffle,1,BLOCK_SHUFFLED_CYCLES,3,4001,1.0,atomic,2,context,0.5643357897928104,0.07870188842842987,2.7446636469208258e-09,4.863529296854447e-09
shuffle_r1_BLOCK_SHUFFLED_CYCLES_p+3_Nd4001_dt1,shuffle,1,BLOCK_SHUFFLED_CYCLES,3,4001,1.0,static,2,context,0.6101557835094373,0.1106578778646136,3.859102502941923e-09,6.324782305177041e-09
shuffle_r1_BLOCK_SHUFFLED_CYCLES_p+3_Nd4001_dt1,shuffle,1,BLOCK_SHUFFLED_CYCLES,3,4001,1.0,static_lti,2,context,0.6672981683309416,0.12252294507965159,4.27288696610638e-09,6.403264940459531e-09
shuffle_r1_BLOCK_SHUFFLED_CYCLES_p+3_Nd4001_dt1,shuffle,1,BLOCK_SHUFFLED_CYCLES,3,4001,1.0,static_mh,2,context,0.7659859286310129,0.13847333928209368,4.829143848827954e-09,6.304481150794385e-09
shuffle_r1_BLOCK_SHUFFLED_CYCLES_p+3_Nd4001_dt1,shuffle,1,BLOCK_SHUFFLED_CYCLES,3,4001,1.0,static_lti_mh,2,context,0.6739308047876001,0.12402119651630583,4.3251372530340106e-09,6.417776457624823e-09
shuffle_r1_BLOCK_SHUFFLED_CYCLES_p+3_Nd4001_dt1,shuffle,1,BLOCK_SHUFFLED_CYCLES,3,4001,1.0,linear,2,context,5.880680588328298e-05,5.880680588328298e-05,2.0508390017369828e-12,3.4874177757713844e-08
shuffle_r1_BLOCK_SHUFFLED_CYCLES_p+3_Nd4001_dt1,shuffle,1,BLOCK_SHUFFLED_CYCLES,3,4001,1.0,atomic,2,zerofill,0.5644902290412301,0.07871610968839052,2.745143752066469e-09,4.863049191708799e-09
shuffle_r1_BLOCK_SHUFFLED_CYCLES_p+3_Nd4001_dt1,shuffle,1,BLOCK_SHUFFLED_CYCLES,3,4001,1.0,static,2,zerofill,0.6108629931299313,0.11073813887601743,3.861879242436731e-09,6.322005565682229e-09
shuffle_r1_BLOCK_SHUFFLED_CYCLES_p+3_Nd4001_dt1,shuffle,1,BLOCK_SHUFFLED_CYCLES,3,4001,1.0,static_lti,2,zerofill,0.6677159325420814,0.1225696473335199,4.2744909892342825e-09,6.401660917331625e-09
shuffle_r1_BLOCK_SHUFFLED_CYCLES_p+3_Nd4001_dt1,shuffle,1,BLOCK_SHUFFLED_CYCLES,3,4001,1.0,static_mh,2,zerofill,0.7665626601491444,0.13853315787548834,4.831202079236168e-09,6.302422920386178e-09
shuffle_r1_BLOCK_SHUFFLED_CYCLES_p+3_Nd4001_dt1,shuffle,1,BLOCK_SHUFFLED_CYCLES,3,4001,1.0,static_lti_mh,2,zerofill,0.6743722553813294,0.12407043172802382,4.326829308799114e-09,6.41608440185973e-09
shuffle_r1_BLOCK_SHUFFLED_CYCLES_p+3_Nd4001_dt1,shuffle,1,BLOCK_SHUFFLED_CYCLES,3,4001,1.0,linear,2,zerofill,6.45808329138105e-05,6.45808329138105e-05,2.2521904433336373e-12,3.4873976406272243e-08
shuffle_r1_BLOCK_SHUFFLED_CYCLES_p+3_Nd4001_dt1,shuffle,1,BLOCK_SHUFFLED_CYCLES,3,4001,1.0,atomic,4,context,0.5613652137630594,0.07843651703919897,2.735410537256362e-09,4.872782406518909e-09
shuffle_r1_BLOCK_SHUFFLED_CYCLES_p+3_Nd4001_dt1,shuffle,1,BLOCK_SHUFFLED_CYCLES,3,4001,1.0,static,4,context,0.601564669000327,0.10968496606393804,3.825175100520586e-09,6.35870970759838e-09
shuffle_r1_BLOCK_SHUFFLED_CYCLES_p+3_Nd4001_dt1,shuffle,1,BLOCK_SHUFFLED_CYCLES,3,4001,1.0,static_lti,4,context,0.6589927459185556,0.12160366844151872,4.240830273706863e-09,6.435321632859043e-09
shuffle_r1_BLOCK_SHUFFLED_CYCLES_p+3_Nd4001_dt1,shuffle,1,BLOCK_SHUFFLED_CYCLES,3,4001,1.0,static_mh,4,context,0.7548758995179982,0.13732876832053154,4.789230502734928e-09,6.344394496887419e-09
shuffle_r1_BLOCK_SHUFFLED_CYCLES_p+3_Nd4001_dt1,shuffle,1,BLOCK_SHUFFLED_CYCLES,3,4001,1.0,static_lti_mh,4,context,0.665536326491584,0.12309361560890433,4.2927909845526175e-09,6.450122726106223e-09
shuffle_r1_BLOCK_SHUFFLED_CYCLES_p+3_Nd4001_dt1,shuffle,1,BLOCK_SHUFFLED_CYCLES,3,4001,1.0,linear,4,context,5.8258652859983777e-05,5.8258652859983777e-05,2.031723729394035e-12,3.4874196872986204e-08
shuffle_r1_BLOCK_SHUFFLED_CYCLES_p+3_Nd4001_dt1,shuffle,1,BLOCK_SHUFFLED_CYCLES,3,4001,1.0,atomic,8,context,0.5571641053626628,0.07805848987322692,2.7222641469492443e-09,4.885928796826026e-09
shuffle_r1_BLOCK_SHUFFLED_CYCLES_p+3_Nd4001_dt1,shuffle,1,BLOCK_SHUFFLED_CYCLES,3,4001,1.0,static,8,context,0.5956408604759778,0.10900657476765714,3.80156842328966e-09,6.382316384829308e-09
shuffle_r1_BLOCK_SHUFFLED_CYCLES_p+3_Nd4001_dt1,shuffle,1,BLOCK_SHUFFLED_CYCLES,3,4001,1.0,static_lti,8,context,0.6530550312227726,0.120939200759864,4.217714827995869e-09,6.4584370785700385e-09
shuffle_r1_BLOCK_SHUFFLED_CYCLES_p+3_Nd4001_dt1,shuffle,1,BLOCK_SHUFFLED_CYCLES,3,4001,1.0,static_mh,8,context,0.7465043303639187,0.13645490005855856,4.758819735153044e-09,6.374805264469307e-09
shuffle_r1_BLOCK_SHUFFLED_CYCLES_p+3_Nd4001_dt1,shuffle,1,BLOCK_SHUFFLED_CYCLES,3,4001,1.0,static_lti_mh,8,context,0.6593309011348963,0.12240027642869082,4.268669361137451e-09,6.474244349521392e-09
shuffle_r1_BLOCK_SHUFFLED_CYCLES_p+3_Nd4001_dt1,shuffle,1,BLOCK_SHUFFLED_CYCLES,3,4001,1.0,linear,8,context,4.4664946993316336e-05,4.4664946993316336e-05,1.5576753281131213e-12,3.487467092138746e-08
shuffle_r1_BLOCK_SHUFFLED_CYCLES_p+3_Nd4001_dt1,shuffle,1,BLOCK_SHUFFLED_CYCLES,3,4001,1.0,atomic,16,context,0.547410408863749,0.07717536561554089,2.691466973603011e-09,4.9167259701722615e-09
shuffle_r1_BLOCK_SHUFFLED_CYCLES_p+3_Nd4001_dt1,shuffle,1,BLOCK_SHUFFLED_CYCLES,3,4001,1.0,static,16,context,0.5861338420139031,0.10790960050025505,3.763313896405386e-09,6.420570911713575e-09
shuffle_r1_BLOCK_SHUFFLED_CYCLES_p+3_Nd4001_dt1,shuffle,1,BLOCK_SHUFFLED_CYCLES,3,4001,1.0,static_lti,16,context,0.6422856407730261,0.11972473991853178,4.1753632243116895e-09,6.500788682254223e-09
shuffle_r1_BLOCK_SHUFFLED_CYCLES_p+3_Nd4001_dt1,shuffle,1,BLOCK_SHUFFLED_CYCLES,3,4001,1.0,static_mh,16,context,0.7335883453727864,0.1350929465637038,4.711324671323707e-09,6.422300328298647e-09
shuffle_r1_BLOCK_SHUFFLED_CYCLES_p+3_Nd4001_dt1,shuffle,1,BLOCK_SHUFFLED_CYCLES,3,4001,1.0,static_lti_mh,16,context,0.6486221837220871,0.12119435358018307,4.226615545602847e-09,6.516298165055993e-09
shuffle_r1_BLOCK_SHUFFLED_CYCLES_p+3_Nd4001_dt1,shuffle,1,BLOCK_SHUFFLED_CYCLES,3,4001,1.0,linear,16,context,4.410964015614238e-05,4.410964015614238e-05,1.538310039102214e-12,3.4874690286676494e-08
shuffle_r1_BLOCK_SHUFFLED_CYCLES_p+6_Nd4001_dt1,shuffle,1,BLOCK_SHUFFLED_CYCLES,6,4001,1.0,atomic,2,context,0.5734438832734862,0.04617033512392177,3.2126765532147178e-09,5.602425358302291e-09
shuffle_r1_BLOCK_SHUFFLED_CYCLES_p+6_Nd4001_dt1,shuffle,1,BLOCK_SHUFFLED_CYCLES,6,4001,1.0,static,2,context,1.0122847140949096,0.09419834824202168,6.5546161607109465e-09,6.4750717554512036e-09
shuffle_r1_BLOCK_SHUFFLED_CYCLES_p+6_Nd4001_dt1,shuffle,1,BLOCK_SHUFFLED_CYCLES,6,4001,1.0,static_lti,2,context,1.0961658642932912,0.10314258655826475,7.17698428188299e-09,6.547352472529384e-09
shuffle_r1_BLOCK_SHUFFLED_CYCLES_p+6_Nd4001_dt1,shuffle,1,BLOCK_SHUFFLED_CYCLES,6,4001,1.0,static_mh,2,context,1.4411005664764087,0.13653622000919788,9.500617907814245e-09,6.5926127078305976e-09
shuffle_r1_BLOCK_SHUFFLED_CYCLES_p+6_Nd4001_dt1,shuffle,1,BLOCK_SHUFFLED_CYCLES,6,4001,1.0,static_lti_mh,2,context,1.1182760693134495,0.10568496068555744,7.353890638016867e-09,6.5760958673931826e-09
shuffle_r1_BLOCK_SHUFFLED_CYCLES_p+6_Nd4001_dt1,shuffle,1,BLOCK_SHUFFLED_CYCLES,6,4001,1.0,linear,2,context,5.880680588326092e-05,5.880680588326092e-05,4.091961774232709e-12,6.95831326454931e-08
shuffle_r1_BLOCK_SHUFFLED_CYCLES_p+6_Nd4001_dt1,shuffle,1,BLOCK_SHUFFLED_CYCLES,6,4001,1.0,atomic,2,zerofill,0.5737148728963264,0.04618446610151848,3.2136412763427764e-09,5.60146063517426e-09
shuffle_r1_BLOCK_SHUFFLED_CYCLES_p+6_Nd4001_dt1,shuffle,1,BLOCK_SHUFFLED_CYCLES,6,4001,1.0,static,2,zerofill,1.0132826494852558,0.09424501758229774,6.557825696769606e-09,6.4718622193925454e-09
shuffle_r1_BLOCK_SHUFFLED_CYCLES_p+6_Nd4001_dt1,shuffle,1,BLOCK_SHUFFLED_CYCLES,6,4001,1.0,static_lti,2,zerofill,1.0969775673080275,0.10317960439307568,7.17951864649583e-09,6.544818107916555e-09
shuffle_r1_BLOCK_SHUFFLED_CYCLES_p+6_Nd4001_dt1,shuffle,1,BLOCK_SHUFFLED_CYCLES,6,4001,1.0,static_mh,2,zerofill,1.4444144499531681,0.13666545370584302,9.509555488068528e-09,6.583675127576336e-09
shuffle_r1_BLOCK_SHUFFLED_CYCLES_p+6_Nd4001_dt1,shuffle,1,BLOCK_SHUFFLED_CYCLES,6,4001,1.0,static_lti_mh,2,zerofill,1.1194461636984143,0.10573774620360105,7.357521139692828e-09,6.572465365717212e-09
shuffle_r1_BLOCK_SHUFFLED_CYCLES_p+6_Nd4001_dt1,shuffle,1,BLOCK_SHUFFLED_CYCLES,6,4001,1.0,linear,2,zerofill,6.458083291374664e-05,6.458083291374664e-05,4.493710717712264e-12,6.958273089654958e-08
shuffle_r1_BLOCK_SHUFFLED_CYCLES_p+6_Nd4001_dt1,shuffle,1,BLOCK_SHUFFLED_CYCLES,6,4001,1.0,atomic,4,context,0.5697129604987654,0.0459789424507124,3.1993606050834676e-09,5.615741306433559e-09
shuffle_r1_BLOCK_SHUFFLED_CYCLES_p+6_Nd4001_dt1,shuffle,1,BLOCK_SHUFFLED_CYCLES,6,4001,1.0,static,4,context,0.9973922021133967,0.09350447954288085,6.506338169239273e-09,6.523349746922872e-09
shuffle_r1_BLOCK_SHUFFLED_CYCLES_p+6_Nd4001_dt1,shuffle,1,BLOCK_SHUFFLED_CYCLES,6,4001,1.0,static_lti,4,context,1.082275216294221,0.10251483905125826,7.1333075537492306e-09,6.5910292006631436e-09
shuffle_r1_BLOCK_SHUFFLED_CYCLES_p+6_Nd4001_dt1,shuffle,1,BLOCK_SHUFFLED_CYCLES,6,4001,1.0,static_mh,4,context,1.4145769736322098,0.13549539942055072,9.42819951852639e-09,6.665031097118454e-09
shuffle_r1_BLOCK_SHUFFLED_CYCLES_p+6_Nd4001_dt1,shuffle,1,BLOCK_SHUFFLED_CYCLES,6,4001,1.0,static_lti_mh,4,context,1.103656658975456,0.10502812427246247,7.308189908528895e-09,6.621796596881151e-09
shuffle_r1_BLOCK_SHUFFLED_CYCLES_p+6_Nd4001_dt1,shuffle,1,BLOCK_SHUFFLED_CYCLES,6,4001,1.0,linear,4,context,5.825865285997627e-05,5.825865285997627e-05,4.053821791687456e-12,6.958317078547544e-08
shuffle_r1_BLOCK_SHUFFLED_CYCLES_p+6_Nd4001_dt1,shuffle,1,BLOCK_SHUFFLED_CYCLES,6,4001,1.0,atomic,8,context,0.5645322476266921,0.0457110771452216,3.18076492364794e-09,5.6343369878690846e-09
shuffle_r1_BLOCK_SHUFFLED_CYCLES_p+6_Nd4001_dt1,shuffle,1,BLOCK_SHUFFLED_CYCLES,6,4001,1.0,static,8,context,0.9813319708047781,0.09274331090762475,6.453461363440774e-09,6.57622655272137e-09
shuffle_r1_BLOCK_SHUFFLED_CYCLES_p+6_Nd4001_dt1,shuffle,1,BLOCK_SHUFFLED_CYCLES,6,4001,1.0,static_lti,8,context,1.0663749577810155,0.10178459555132036,7.082591168630455e-09,6.641745585781933e-09
shuffle_r1_BLOCK_SHUFFLED_CYCLES_p+6_Nd4001_dt1,shuffle,1,BLOCK_SHUFFLED_CYCLES,6,4001,1.0,static_mh,8,context,1.3902598609778924,0.1345191090118606,9.360393371304036e-09,6.732837244340814e-09
shuffle_r1_BLOCK_SHUFFLED_CYCLES_p+6_Nd4001_dt1,shuffle,1,BLOCK_SHUFFLED_CYCLES,6,4001,1.0,static_lti_mh,8,context,1.0869346821872166,0.10426418850566158,7.255131453976096e-09,6.6748550514339485e-09
shuffle_r1_BLOCK_SHUFFLED_CYCLES_p+6_Nd4001_dt1,shuffle,1,BLOCK_SHUFFLED_CYCLES,6,4001,1.0,linear,8,context,4.4664946993303346e-05,4.4664946993303346e-05,3.1079708811400198e-12,6.958411663638604e-08
shuffle_r1_BLOCK_SHUFFLED_CYCLES_p+6_Nd4001_dt1,shuffle,1,BLOCK_SHUFFLED_CYCLES,6,4001,1.0,atomic,16,context,0.5572804550653297,0.04533399129783224,3.1545274897137133e-09,5.660574421803308e-09
shuffle_r1_BLOCK_SHUFFLED_CYCLES_p+6_Nd4001_dt1,shuffle,1,BLOCK_SHUFFLED_CYCLES,6,4001,1.0,static,16,context,0.9597596699504193,0.09170295590963708,6.381072723212602e-09,6.648615192949549e-09
shuffle_r1_BLOCK_SHUFFLED_CYCLES_p+6_Nd4001_dt1,shuffle,1,BLOCK_SHUFFLED_CYCLES,6,4001,1.0,static_lti,16,context,1.0425643787306356,0.10067186979805508,7.005167019874334e-09,6.719169734538034e-09
shuffle_r1_BLOCK_SHUFFLED_CYCLES_p+6_Nd4001_dt1,shuffle,1,BLOCK_SHUFFLED_CYCLES,6,4001,1.0,static_mh,16,context,1.3544542884457318,0.1330475754832918,9.258003151420585e-09,6.8352274642242534e-09
shuffle_r1_BLOCK_SHUFFLED_CYCLES_p+6_Nd4001_dt1,shuffle,1,BLOCK_SHUFFLED_CYCLES,6,4001,1.0,static_lti_mh,16,context,1.0627375918545783,0.10313887641076416,7.176831591078071e-09,6.753154914331972e-09
shuffle_r1_BLOCK_SHUFFLED_CYCLES_p+6_Nd4001_dt1,shuffle,1,BLOCK_SHUFFLED_CYCLES,6,4001,1.0,linear,16,context,4.410964015612936e-05,4.410964015612936e-05,3.0693320497580705e-12,6.95841552752174e-08
shuffle_r1_ORIGINAL_p+3_Nd4001_dt1,shuffle,1,ORIGINAL,3,4001,1.0,atomic,2,context,0.6639217838777106,0.08773389919341092,3.036004349354679e-09,4.572834365552145e-09
shuffle_r1_ORIGINAL_p+3_Nd4001_dt1,shuffle,1,ORIGINAL,3,4001,1.0,static,2,context,0.6134849957192358,0.11188040050350094,3.871586532217897e-09,6.310808836781636e-09
shuffle_r1_ORIGINAL_p+3_Nd4001_dt1,shuffle,1,ORIGINAL,3,4001,1.0,static_lti,2,context,0.645304919257707,0.12082817245547532,4.18122140326519e-09,6.479450688327064e-09
shuffle_r1_ORIGINAL_p+3_Nd4001_dt1,shuffle,1,ORIGINAL,3,4001,1.0,static_mh,2,context,0.7562522555035371,0.13814860484113198,4.780589589781475e-09,6.3214219263364774e-09
shuffle_r1_ORIGINAL_p+3_Nd4001_dt1,shuffle,1,ORIGINAL,3,4001,1.0,static_lti_mh,2,context,0.6520258998255114,0.12207480186878732,4.224360627164325e-09,6.478823353941624e-09
shuffle_r1_ORIGINAL_p+3_Nd4001_dt1,shuffle,1,ORIGINAL,3,4001,1.0,linear,2,context,4.597448281842788e-05,4.597448281842788e-05,1.5909327076455962e-12,3.460468960420595e-08
shuffle_r1_ORIGINAL_p+3_Nd4001_dt1,shuffle,1,ORIGINAL,3,4001,1.0,atomic,2,zerofill,0.6654099960175657,0.0878526798068692,3.0400906389966477e-09,4.5687480759101706e-09
shuffle_r1_ORIGINAL_p+3_Nd4001_dt1,shuffle,1,ORIGINAL,3,4001,1.0,static,2,zerofill,0.6143740072616495,0.11198171501075738,3.875061799951779e-09,6.307333569047736e-09
shuffle_r1_ORIGINAL_p+3_Nd4001_dt1,shuffle,1,ORIGINAL,3,4001,1.0,static_lti,2,zerofill,0.6465601430642804,0.12097187087326702,4.186160889254681e-09,6.474511202337593e-09
shuffle_r1_ORIGINAL_p+3_Nd4001_dt1,shuffle,1,ORIGINAL,3,4001,1.0,static_mh,2,zerofill,0.7591109365945665,0.13844656171040168,4.790862352546637e-09,6.311149163571316e-09
shuffle_r1_ORIGINAL_p+3_Nd4001_dt1,shuffle,1,ORIGINAL,3,4001,1.0,static_lti_mh,2,zerofill,0.6534927701202314,0.12224186269938841,4.230108214147689e-09,6.47307576695825e-09
shuffle_r1_ORIGINAL_p+3_Nd4001_dt1,shuffle,1,ORIGINAL,3,4001,1.0,linear,2,zerofill,5.3894550841491e-05,5.3894550841491e-05,1.8649894330637676e-12,3.460441554748047e-08
shuffle_r1_ORIGINAL_p+3_Nd4001_dt1,shuffle,1,ORIGINAL,3,4001,1.0,atomic,4,context,0.6544005617782006,0.0869733473502613,3.0096872816356612e-09,4.599151433271156e-09
shuffle_r1_ORIGINAL_p+3_Nd4001_dt1,shuffle,1,ORIGINAL,3,4001,1.0,static,4,context,0.6041803575658014,0.11082255939597448,3.8349822985325736e-09,6.347413070466968e-09
shuffle_r1_ORIGINAL_p+3_Nd4001_dt1,shuffle,1,ORIGINAL,3,4001,1.0,static_lti,4,context,0.6353767308554512,0.11969138407409229,4.141885386087562e-09,6.518786705504714e-09
shuffle_r1_ORIGINAL_p+3_Nd4001_dt1,shuffle,1,ORIGINAL,3,4001,1.0,static_mh,4,context,0.7451939846613819,0.13699102611896333,4.740534446122176e-09,6.3614770699957915e-09
shuffle_r1_ORIGINAL_p+3_Nd4001_dt1,shuffle,1,ORIGINAL,3,4001,1.0,static_lti_mh,4,context,0.6419418770020292,0.12092489838087048,4.18457078838529e-09,6.5186131927206595e-09
shuffle_r1_ORIGINAL_p+3_Nd4001_dt1,shuffle,1,ORIGINAL,3,4001,1.0,linear,4,context,4.5445253646832185e-05,4.5445253646832185e-05,1.5726197286710105e-12,3.460470791718492e-08
shuffle_r1_ORIGINAL_p+3_Nd4001_dt1,shuffle,1,ORIGINAL,3,4001,1.0,atomic,8,context,0.6469414360043341,0.08637030319183132,2.988857367320639e-09,4.619981347586176e-09
shuffle_r1_ORIGINAL_p+3_Nd4001_dt1,shuffle,1,ORIGINAL,3,4001,1.0,static,8,context,0.592645914989439,0.10949272719259828,3.78901233692297e-09,6.393383032076566e-09
shuffle_r1_ORIGINAL_p+3_Nd4001_dt1,shuffle,1,ORIGINAL,3,4001,1.0,static_lti,8,context,0.6233572104473296,0.11829509354341665,4.093619551963834e-09,6.567052539628437e-09
shuffle_r1_ORIGINAL_p+3_Nd4001_dt1,shuffle,1,ORIGINAL,3,4001,1.0,static_mh,8,context,0.7308238377971538,0.13546302326612555,4.687718349086205e-09,6.4142931670317526e-09
shuffle_r1_ORIGINAL_p+3_Nd4001_dt1,shuffle,1,ORIGINAL,3,4001,1.0,static_lti_mh,8,context,0.6298595894583227,0.11952693915801033,4.1362477552295154e-09,6.566936225876431e-09
shuffle_r1_ORIGINAL_p+3_Nd4001_dt1,shuffle,1,ORIGINAL,3,4001,1.0,linear,8,context,3.2646253122947616e-05,3.2646253122947616e-05,1.1297285126488336e-12,3.460515080840098e-08
shuffle_r1_ORIGINAL_p+3_Nd4001_dt1,shuffle,1,ORIGINAL,3,4001,1.0,atomic,16,context,0.6371818754550772,0.08557436568827231,2.961316757218498e-09,4.647521957688323e-09
shuffle_r1_ORIGINAL_p+3_Nd4001_dt1,shuffle,1,ORIGINAL,3,4001,1.0,static,16,context,0.5846564903510455,0.1085611467134522,3.7567785675034245e-09,6.425616801496107e-09
shuffle_r1_ORIGINAL_p+3_Nd4001_dt1,shuffle,1,ORIGINAL,3,4001,1.0,static_lti,16,context,0.614358523984231,0.1172371647192645,4.057013775791535e-09,6.60365831580074e-09
shuffle_r1_ORIGINAL_p+3_Nd4001_dt1,shuffle,1,ORIGINAL,3,4001,1.0,static_mh,16,context,0.7183577878606792,0.1341181971275204,4.641185025530261e-09,6.460826490587707e-09
shuffle_r1_ORIGINAL_p+3_Nd4001_dt1,shuffle,1,ORIGINAL,3,4001,1.0,static_lti_mh,16,context,0.6206637131848834,0.11845005376564345,4.098986025644635e-09,6.6041979554613154e-09
shuffle_r1_ORIGINAL_p+3_Nd4001_dt1,shuffle,1,ORIGINAL,3,4001,1.0,linear,16,context,3.165772727840603e-05,3.165772727840603e-05,1.0955215096364407e-12,3.4605185015403937e-08
shuffle_r1_ORIGINAL_p+6_Nd4001_dt1,shuffle,1,ORIGINAL,6,4001,1.0,atomic,2,context,0.7472790768979618,0.05562218195532822,3.840457642431133e-09,5.139254879680692e-09
shuffle_r1_ORIGINAL_p+6_Nd4001_dt1,shuffle,1,ORIGINAL,6,4001,1.0,static,2,context,1.0289458883194464,0.09565112745248291,6.604273520356808e-09,6.4184847768267145e-09
shuffle_r1_ORIGINAL_p+6_Nd4001_dt1,shuffle,1,ORIGINAL,6,4001,1.0,static_lti,2,context,1.093891679690774,0.10366332154524266,7.157478931480258e-09,6.5431331679052215e-09
shuffle_r1_ORIGINAL_p+6_Nd4001_dt1,shuffle,1,ORIGINAL,6,4001,1.0,static_mh,2,context,1.4894734460823884,0.13909146502262923,9.60363044139675e-09,6.447668111610991e-09
shuffle_r1_ORIGINAL_p+6_Nd4001_dt1,shuffle,1,ORIGINAL,6,4001,1.0,static_lti_mh,2,context,1.1223142379014104,0.10615895950154393,7.3297913350050955e-09,6.5309617284290215e-09
shuffle_r1_ORIGINAL_p+6_Nd4001_dt1,shuffle,1,ORIGINAL,6,4001,1.0,linear,2,context,4.597448281849254e-05,4.597448281849254e-05,3.1743280772210877e-12,6.904543308846668e-08
shuffle_r1_ORIGINAL_p+6_Nd4001_dt1,shuffle,1,ORIGINAL,6,4001,1.0,atomic,2,zerofill,0.7483298459594758,0.05566735799209988,3.8435464017057545e-09,5.136166120406072e-09
shuffle_r1_ORIGINAL_p+6_Nd4001_dt1,shuffle,1,ORIGINAL,6,4001,1.0,static,2,zerofill,1.0299359982144942,0.09569722712515234,6.6074041635368585e-09,6.4153541336466635e-09
shuffle_r1_ORIGINAL_p+6_Nd4001_dt1,shuffle,1,ORIGINAL,6,4001,1.0,static_lti,2,zerofill,1.0956091247990918,0.10374180779248501,7.1628413208301185e-09,6.537770778555363e-09
shuffle_r1_ORIGINAL_p+6_Nd4001_dt1,shuffle,1,ORIGINAL,6,4001,1.0,static_mh,2,zerofill,1.493046910219168,0.1392264202096439,9.612872349628897e-09,6.438426203378834e-09
shuffle_r1_ORIGINAL_p+6_Nd4001_dt1,shuffle,1,ORIGINAL,6,4001,1.0,static_lti_mh,2,zerofill,1.1242209724191787,0.10624470581412365,7.335653630088102e-09,6.525099433346026e-09
shuffle_r1_ORIGINAL_p+6_Nd4001_dt1,shuffle,1,ORIGINAL,6,4001,1.0,linear,2,zerofill,5.389455084157707e-05,5.389455084157707e-05,3.721143133613219e-12,6.90448862734103e-08
shuffle_r1_ORIGINAL_p+6_Nd4001_dt1,shuffle,1,ORIGINAL,6,4001,1.0,atomic,4,context,0.7401883584191982,0.05531886191785263,3.819516800386003e-09,5.1601957217258184e-09
shuffle_r1_ORIGINAL_p+6_Nd4001_dt1,shuffle,1,ORIGINAL,6,4001,1.0,static,4,context,1.013244865855423,0.0949260924323435,6.554216631910148e-09,6.468541665273388e-09
shuffle_r1_ORIGINAL_p+6_Nd4001_dt1,shuffle,1,ORIGINAL,6,4001,1.0,static_lti,4,context,1.0782208513596663,0.10294868673587144,7.108140423229453e-09,6.592471676156042e-09
shuffle_r1_ORIGINAL_p+6_Nd4001_dt1,shuffle,1,ORIGINAL,6,4001,1.0,static_mh,4,context,1.4537936779271357,0.13773354244526928,9.509877121615337e-09,6.541421431392394e-09
shuffle_r1_ORIGINAL_p+6_Nd4001_dt1,shuffle,1,ORIGINAL,6,4001,1.0,static_lti_mh,4,context,1.105270655943623,0.10539313942467775,7.2769188071106896e-09,6.583834256323427e-09
shuffle_r1_ORIGINAL_p+6_Nd4001_dt1,shuffle,1,ORIGINAL,6,4001,1.0,linear,4,context,4.544525364691553e-05,4.544525364691553e-05,3.137788880399569e-12,6.904546962766347e-08
shuffle_r1_ORIGINAL_p+6_Nd4001_dt1,shuffle,1,ORIGINAL,6,4001,1.0,atomic,8,context,0.7274144085117321,0.05476549892951364,3.781357988385106e-09,5.198354533726725e-09
shuffle_r1_ORIGINAL_p+6_Nd4001_dt1,shuffle,1,ORIGINAL,6,4001,1.0,static,8,context,0.989137789464247,0.09378948688859447,6.475822048643873e-09,6.546936248539663e-09
shuffle_r1_ORIGINAL_p+6_Nd4001_dt1,shuffle,1,ORIGINAL,6,4001,1.0,static_lti,8,context,1.0513912953177074,0.10169862777262816,7.021919384515796e-09,6.678692714869706e-09
shuffle_r1_ORIGINAL_p+6_Nd4001_dt1,shuffle,1,ORIGINAL,6,4001,1.0,static_mh,8,context,1.4132573957092667,0.1361404078939026,9.399998703457209e-09,6.651299849550523e-09
shuffle_r1_ORIGINAL_p+6_Nd4001_dt1,shuffle,1,ORIGINAL,6,4001,1.0,static_lti_mh,8,context,1.0783515622479167,0.1041567547073356,7.191644085334898e-09,6.669108978099217e-09
shuffle_r1_ORIGINAL_p+6_Nd4001_dt1,shuffle,1,ORIGINAL,6,4001,1.0,linear,8,context,3.2646253123027054e-05,3.2646253123027054e-05,2.254104727439518e-12,6.904635331181648e-08
shuffle_r1_ORIGINAL_p+6_Nd4001_dt1,shuffle,1,ORIGINAL,6,4001,1.0,atomic,16,context,0.717327107985399,0.05432321636885378,3.750823698103247e-09,5.2288888240085775e-09
shuffle_r1_ORIGINAL_p+6_Nd4001_dt1,shuffle,1,ORIGINAL,6,4001,1.0,static,16,context,0.9753548293046436,0.09312779597251687,6.4301410600222665e-09,6.592617237161255e-09
shuffle_r1_ORIGINAL_p+6_Nd4001_dt1,shuffle,1,ORIGINAL,6,4001,1.0,static_lti,16,context,1.0349238790212907,0.10091576912124482,6.967872737176582e-09,6.732739362208916e-09
shuffle_r1_ORIGINAL_p+6_Nd4001_dt1,shuffle,1,ORIGINAL,6,4001,1.0,static_mh,16,context,1.3680604585827447,0.13430169739039466,9.273051614745766e-09,6.7782469382619776e-09
shuffle_r1_ORIGINAL_p+6_Nd4001_dt1,shuffle,1,ORIGINAL,6,4001,1.0,static_lti_mh,16,context,1.0605290490210786,0.10332120871384234,7.133959733333231e-09,6.72679333010089e-09
shuffle_r1_ORIGINAL_p+6_Nd4001_dt1,shuffle,1,ORIGINAL,6,4001,1.0,linear,16,context,3.165772727849426e-05,3.165772727849426e-05,2.1858527834214713e-12,6.904642156376038e-08
shuffle_r2_BLOCK_SHUFFLED_CYCLES_p+3_Nd4001_dt1,shuffle,2,BLOCK_SHUFFLED_CYCLES,3,4001,1.0,atomic,2,context,0.6437669205766344,0.08743160675729207,2.9741957468932732e-09,4.619988464503937e-09
shuffle_r2_BLOCK_SHUFFLED_CYCLES_p+3_Nd4001_dt1,shuffle,2,BLOCK_SHUFFLED_CYCLES,3,4001,1.0,static,2,context,0.7790657107302432,0.1237501035968043,4.2096565011888015e-09,5.403467824611297e-09
shuffle_r2_BLOCK_SHUFFLED_CYCLES_p+3_Nd4001_dt1,shuffle,2,BLOCK_SHUFFLED_CYCLES,3,4001,1.0,static_lti,2,context,0.8162573912588502,0.13371624221288897,4.5486786029693534e-09,5.572603264215814e-09
shuffle_r2_BLOCK_SHUFFLED_CYCLES_p+3_Nd4001_dt1,shuffle,2,BLOCK_SHUFFLED_CYCLES,3,4001,1.0,static_mh,2,context,0.9373279195558307,0.15073883374466152,5.127742870602485e-09,5.4705965368367096e-09
shuffle_r2_BLOCK_SHUFFLED_CYCLES_p+3_Nd4001_dt1,shuffle,2,BLOCK_SHUFFLED_CYCLES,3,4001,1.0,static_lti_mh,2,context,0.8249319679714413,0.1351739308585967,4.598265377491222e-09,5.574114661598872e-09
shuffle_r2_BLOCK_SHUFFLED_CYCLES_p+3_Nd4001_dt1,shuffle,2,BLOCK_SHUFFLED_CYCLES,3,4001,1.0,linear,2,context,4.9831474910716944e-05,4.9831474910716944e-05,1.6951371047348633e-12,3.4017397794707874e-08
shuffle_r2_BLOCK_SHUFFLED_CYCLES_p+3_Nd4001_dt1,shuffle,2,BLOCK_SHUFFLED_CYCLES,3,4001,1.0,atomic,2,zerofill,0.6439325961143868,0.08744534974616444,2.9746613493608476e-09,4.619522862036379e-09
shuffle_r2_BLOCK_SHUFFLED_CYCLES_p+3_Nd4001_dt1,shuffle,2,BLOCK_SHUFFLED_CYCLES,3,4001,1.0,static,2,zerofill,0.7793924780130287,0.12377935271086553,4.210648792951574e-09,5.402475532848531e-09
shuffle_r2_BLOCK_SHUFFLED_CYCLES_p+3_Nd4001_dt1,shuffle,2,BLOCK_SHUFFLED_CYCLES,3,4001,1.0,static_lti,2,zerofill,0.8166098915676938,0.13374811495242742,4.5497599272431105e-09,5.571521939942057e-09
shuffle_r2_BLOCK_SHUFFLED_CYCLES_p+3_Nd4001_dt1,shuffle,2,BLOCK_SHUFFLED_CYCLES,3,4001,1.0,static_mh,2,zerofill,0.9396170544904187,0.15092872690675962,5.13419926549575e-09,5.464140141943437e-09
shuffle_r2_BLOCK_SHUFFLED_CYCLES_p+3_Nd4001_dt1,shuffle,2,BLOCK_SHUFFLED_CYCLES,3,4001,1.0,static_lti_mh,2,zerofill,0.8252546603695218,0.13520298657556468,4.599250842405448e-09,5.57312919668464e-09
shuffle_r2_BLOCK_SHUFFLED_CYCLES_p+3_Nd4001_dt1,shuffle,2,BLOCK_SHUFFLED_CYCLES,3,4001,1.0,linear,2,zerofill,5.0469647177724864e-05,5.0469647177724864e-05,1.7168449690149705e-12,3.401737608684358e-08
shuffle_r2_BLOCK_SHUFFLED_CYCLES_p+3_Nd4001_dt1,shuffle,2,BLOCK_SHUFFLED_CYCLES,3,4001,1.0,atomic,4,context,0.6390297846358948,0.0870390381077466,2.960843022247172e-09,4.633341189150042e-09
shuffle_r2_BLOCK_SHUFFLED_CYCLES_p+3_Nd4001_dt1,shuffle,2,BLOCK_SHUFFLED_CYCLES,3,4001,1.0,static,4,context,0.7719037643034806,0.12310800326258432,4.187815954394876e-09,5.425308371405221e-09
shuffle_r2_BLOCK_SHUFFLED_CYCLES_p+3_Nd4001_dt1,shuffle,2,BLOCK_SHUFFLED_CYCLES,3,4001,1.0,static_lti,4,context,0.8096849899182956,0.13312123070975737,4.528440061251791e-09,5.59284180593338e-09
shuffle_r2_BLOCK_SHUFFLED_CYCLES_p+3_Nd4001_dt1,shuffle,2,BLOCK_SHUFFLED_CYCLES,3,4001,1.0,static_mh,4,context,0.9263929470859683,0.14982589621719164,5.0966895890720875e-09,5.501649818367108e-09
shuffle_r2_BLOCK_SHUFFLED_CYCLES_p+3_Nd4001_dt1,shuffle,2,BLOCK_SHUFFLED_CYCLES,3,4001,1.0,static_lti_mh,4,context,0.818407212454588,0.1345859052654505,4.578264502472276e-09,5.594115536617801e-09
shuffle_r2_BLOCK_SHUFFLED_CYCLES_p+3_Nd4001_dt1,shuffle,2,BLOCK_SHUFFLED_CYCLES,3,4001,1.0,linear,4,context,4.934535020708975e-05,4.934535020708975e-05,1.6786012232826049e-12,3.401741433058935e-08
shuffle_r2_BLOCK_SHUFFLED_CYCLES_p+3_Nd4001_dt1,shuffle,2,BLOCK_SHUFFLED_CYCLES,3,4001,1.0,atomic,8,context,0.6333232606968101,0.08656200739091939,2.944655000530913e-09,4.649529210866303e-09
shuffle_r2_BLOCK_SHUFFLED_CYCLES_p+3_Nd4001_dt1,shuffle,2,BLOCK_SHUFFLED_CYCLES,3,4001,1.0,static,8,context,0.7571782152087155,0.12176984651880092,4.142350648664416e-09,5.47077367713568e-09
shuffle_r2_BLOCK_SHUFFLED_CYCLES_p+3_Nd4001_dt1,shuffle,2,BLOCK_SHUFFLED_CYCLES,3,4001,1.0,static_lti,8,context,0.7935619797514509,0.13164151824211423,4.47816388104913e-09,5.643117986136031e-09
shuffle_r2_BLOCK_SHUFFLED_CYCLES_p+3_Nd4001_dt1,shuffle,2,BLOCK_SHUFFLED_CYCLES,3,4001,1.0,static_mh,8,context,0.908691743075723,0.14832402772353281,5.0456672979236435e-09,5.552672109515557e-09
shuffle_r2_BLOCK_SHUFFLED_CYCLES_p+3_Nd4001_dt1,shuffle,2,BLOCK_SHUFFLED_CYCLES,3,4001,1.0,static_lti_mh,8,context,0.8021722207388032,0.1331026811810581,4.527869530033455e-09,5.644510509056612e-09
shuffle_r2_BLOCK_SHUFFLED_CYCLES_p+3_Nd4001_dt1,shuffle,2,BLOCK_SHUFFLED_CYCLES,3,4001,1.0,linear,8,context,3.598834668360973e-05,3.598834668360973e-05,1.2242468516718849e-12,3.401786868496093e-08
shuffle_r2_BLOCK_SHUFFLED_CYCLES_p+3_Nd4001_dt1,shuffle,2,BLOCK_SHUFFLED_CYCLES,3,4001,1.0,atomic,16,context,0.6209668498411003,0.08552009513022593,2.9092122687929252e-09,4.6849719426042886e-09
shuffle_r2_BLOCK_SHUFFLED_CYCLES_p+3_Nd4001_dt1,shuffle,2,BLOCK_SHUFFLED_CYCLES,3,4001,1.0,static,16,context,0.7457684728711985,0.12071874099944598,4.1065955534081025e-09,5.506528772392007e-09
shuffle_r2_BLOCK_SHUFFLED_CYCLES_p+3_Nd4001_dt1,shuffle,2,BLOCK_SHUFFLED_CYCLES,3,4001,1.0,static_lti,16,context,0.7812402141852997,0.13049395189221957,4.439127497110819e-09,5.682154370074346e-09
shuffle_r2_BLOCK_SHUFFLED_CYCLES_p+3_Nd4001_dt1,shuffle,2,BLOCK_SHUFFLED_CYCLES,3,4001,1.0,static_mh,16,context,0.8939431892017852,0.1470528888222582,5.0024274139511865e-09,5.595911993488005e-09
shuffle_r2_BLOCK_SHUFFLED_CYCLES_p+3_Nd4001_dt1,shuffle,2,BLOCK_SHUFFLED_CYCLES,3,4001,1.0,static_lti_mh,16,context,0.789749434213683,0.13195092271485534,4.488690554612461e-09,5.683689484477621e-09
shuffle_r2_BLOCK_SHUFFLED_CYCLES_p+3_Nd4001_dt1,shuffle,2,BLOCK_SHUFFLED_CYCLES,3,4001,1.0,linear,16,context,3.5678035871857533e-05,3.5678035871857533e-05,1.213691115834097e-12,3.4017879240696765e-08
shuffle_r2_BLOCK_SHUFFLED_CYCLES_p+6_Nd4001_dt1,shuffle,2,BLOCK_SHUFFLED_CYCLES,6,4001,1.0,atomic,2,context,0.6969767879270301,0.051466320495882456,3.4932060911997903e-09,5.011940356850896e-09
shuffle_r2_BLOCK_SHUFFLED_CYCLES_p+6_Nd4001_dt1,shuffle,2,BLOCK_SHUFFLED_CYCLES,6,4001,1.0,static,2,context,1.2035730041260544,0.10086936714603657,6.846370292941249e-09,5.6883714319536234e-09
shuffle_r2_BLOCK_SHUFFLED_CYCLES_p+6_Nd4001_dt1,shuffle,2,BLOCK_SHUFFLED_CYCLES,6,4001,1.0,static_lti,2,context,1.2593273165569696,0.10835662626558143,7.354557762159643e-09,5.840068475817055e-09
shuffle_r2_BLOCK_SHUFFLED_CYCLES_p+6_Nd4001_dt1,shuffle,2,BLOCK_SHUFFLED_CYCLES,6,4001,1.0,static_mh,2,context,1.7706917891714993,0.14435050421990336,9.797592984116078e-09,5.5332006643010066e-09
shuffle_r2_BLOCK_SHUFFLED_CYCLES_p+6_Nd4001_dt1,shuffle,2,BLOCK_SHUFFLED_CYCLES,6,4001,1.0,static_lti_mh,2,context,1.2928308315947692,0.11094906476614605,7.53051597860058e-09,5.824827034261958e-09
shuffle_r2_BLOCK_SHUFFLED_CYCLES_p+6_Nd4001_dt1,shuffle,2,BLOCK_SHUFFLED_CYCLES,6,4001,1.0,linear,2,context,4.983147491088419e-05,4.983147491088419e-05,3.382243183794278e-12,6.787363187308607e-08
shuffle_r2_BLOCK_SHUFFLED_CYCLES_p+6_Nd4001_dt1,shuffle,2,BLOCK_SHUFFLED_CYCLES,6,4001,1.0,atomic,2,zerofill,0.6972546597940144,0.0514784426802998,3.4940266382026363e-09,5.011119809848033e-09
shuffle_r2_BLOCK_SHUFFLED_CYCLES_p+6_Nd4001_dt1,shuffle,2,BLOCK_SHUFFLED_CYCLES,6,4001,1.0,static,2,zerofill,1.2040164055926939,0.10088629197557589,6.847514672914696e-09,5.687227051980169e-09
shuffle_r2_BLOCK_SHUFFLED_CYCLES_p+6_Nd4001_dt1,shuffle,2,BLOCK_SHUFFLED_CYCLES,6,4001,1.0,static_lti,2,zerofill,1.259608868167522,0.1083674165746976,7.355285445923093e-09,5.839340792053613e-09
shuffle_r2_BLOCK_SHUFFLED_CYCLES_p+6_Nd4001_dt1,shuffle,2,BLOCK_SHUFFLED_CYCLES,6,4001,1.0,static_mh,2,zerofill,1.775632092587567,0.14449569630867112,9.807441439974714e-09,5.523352208442386e-09
shuffle_r2_BLOCK_SHUFFLED_CYCLES_p+6_Nd4001_dt1,shuffle,2,BLOCK_SHUFFLED_CYCLES,6,4001,1.0,static_lti_mh,2,zerofill,1.2935402650235974,0.11097568085893338,7.532317702807583e-09,5.82302531005494e-09
shuffle_r2_BLOCK_SHUFFLED_CYCLES_p+6_Nd4001_dt1,shuffle,2,BLOCK_SHUFFLED_CYCLES,6,4001,1.0,linear,2,zerofill,5.046964717788629e-05,5.046964717788629e-05,3.4255560673304387e-12,6.787358856020249e-08
shuffle_r2_BLOCK_SHUFFLED_CYCLES_p+6_Nd4001_dt1,shuffle,2,BLOCK_SHUFFLED_CYCLES,6,4001,1.0,atomic,4,context,0.6932009170732666,0.051301625953709976,3.4820293670890146e-09,5.023117080961663e-09
shuffle_r2_BLOCK_SHUFFLED_CYCLES_p+6_Nd4001_dt1,shuffle,2,BLOCK_SHUFFLED_CYCLES,6,4001,1.0,static,4,context,1.1946048856298446,0.10052684092992027,6.82312511136608e-09,5.71161661352879e-09
shuffle_r2_BLOCK_SHUFFLED_CYCLES_p+6_Nd4001_dt1,shuffle,2,BLOCK_SHUFFLED_CYCLES,6,4001,1.0,static_lti,4,context,1.251670108936785,0.1080639682181946,7.334697562986617e-09,5.859928674990075e-09
shuffle_r2_BLOCK_SHUFFLED_CYCLES_p+6_Nd4001_dt1,shuffle,2,BLOCK_SHUFFLED_CYCLES,6,4001,1.0,static_mh,4,context,1.7438354988973337,0.14355250721352913,9.743434765357924e-09,5.5873588830591625e-09
shuffle_r2_BLOCK_SHUFFLED_CYCLES_p+6_Nd4001_dt1,shuffle,2,BLOCK_SHUFFLED_CYCLES,6,4001,1.0,static_lti_mh,4,context,1.284664852019003,0.11064227287517771,7.509696549198443e-09,5.845646463664095e-09
shuffle_r2_BLOCK_SHUFFLED_CYCLES_p+6_Nd4001_dt1,shuffle,2,BLOCK_SHUFFLED_CYCLES,6,4001,1.0,linear,4,context,4.9345350207261746e-05,4.9345350207261746e-05,3.3492497626881117e-12,6.787366486650712e-08
shuffle_r2_BLOCK_SHUFFLED_CYCLES_p+6_Nd4001_dt1,shuffle,2,BLOCK_SHUFFLED_CYCLES,6,4001,1.0,atomic,8,context,0.6873566160451768,0.051044615200634934,3.4646313801778163e-09,5.040515067872864e-09
shuffle_r2_BLOCK_SHUFFLED_CYCLES_p+6_Nd4001_dt1,shuffle,2,BLOCK_SHUFFLED_CYCLES,6,4001,1.0,static,8,context,1.172991676007592,0.09968852197778842,6.766315705001054e-09,5.768426019893819e-09
shuffle_r2_BLOCK_SHUFFLED_CYCLES_p+6_Nd4001_dt1,shuffle,2,BLOCK_SHUFFLED_CYCLES,6,4001,1.0,static_lti,8,context,1.2262199312890527,0.10707554572216778,7.267706775739834e-09,5.926919462236862e-09
shuffle_r2_BLOCK_SHUFFLED_CYCLES_p+6_Nd4001_dt1,shuffle,2,BLOCK_SHUFFLED_CYCLES,6,4001,1.0,static_mh,8,context,1.700927955978341,0.14224285377648593,9.654672738015424e-09,5.676120910401665e-09
shuffle_r2_BLOCK_SHUFFLED_CYCLES_p+6_Nd4001_dt1,shuffle,2,BLOCK_SHUFFLED_CYCLES,6,4001,1.0,static_lti_mh,8,context,1.2577789828949995,0.10961521850606042,7.440085977500347e-09,5.915257035362191e-09
shuffle_r2_BLOCK_SHUFFLED_CYCLES_p+6_Nd4001_dt1,shuffle,2,BLOCK_SHUFFLED_CYCLES,6,4001,1.0,linear,8,context,3.598834668378367e-05,3.598834668378367e-05,2.4426936073720118e-12,6.787457142266244e-08
shuffle_r2_BLOCK_SHUFFLED_CYCLES_p+6_Nd4001_dt1,shuffle,2,BLOCK_SHUFFLED_CYCLES,6,4001,1.0,atomic,16,context,0.6726291099754905,0.05039072058435888,3.4202496246447354e-09,5.084896823405938e-09
shuffle_r2_BLOCK_SHUFFLED_CYCLES_p+6_Nd4001_dt1,shuffle,2,BLOCK_SHUFFLED_CYCLES,6,4001,1.0,static,16,context,1.1543055498651185,0.09895133052391579,6.716281235072679e-09,5.818460489822198e-09
shuffle_r2_BLOCK_SHUFFLED_CYCLES_p+6_Nd4001_dt1,shuffle,2,BLOCK_SHUFFLED_CYCLES,6,4001,1.0,static_lti,16,context,1.205593956337768,0.10625890998063725,7.212280212743006e-09,5.982346025233691e-09
shuffle_r2_BLOCK_SHUFFLED_CYCLES_p+6_Nd4001_dt1,shuffle,2,BLOCK_SHUFFLED_CYCLES,6,4001,1.0,static_mh,16,context,1.6615124968791584,0.14100434821716012,9.570612673729309e-09,5.760180974687775e-09
shuffle_r2_BLOCK_SHUFFLED_CYCLES_p+6_Nd4001_dt1,shuffle,2,BLOCK_SHUFFLED_CYCLES,6,4001,1.0,static_lti_mh,16,context,1.2358653723966602,0.10876103345302837,7.382110823776516e-09,5.973232189086024e-09
shuffle_r2_BLOCK_SHUFFLED_CYCLES_p+6_Nd4001_dt1,shuffle,2,BLOCK_SHUFFLED_CYCLES,6,4001,1.0,linear,16,context,3.567803587203376e-05,3.567803587203376e-05,2.4216321454482615e-12,6.787459248412435e-08
shuffle_r2_ORIGINAL_p+3_Nd4001_dt1,shuffle,2,ORIGINAL,3,4001,1.0,atomic,2,context,0.7440355381818704,0.09574132046900906,3.1922278613730344e-09,4.2904239079407165e-09
shuffle_r2_ORIGINAL_p+3_Nd4001_dt1,shuffle,2,ORIGINAL,3,4001,1.0,static,2,context,0.7936130062813727,0.12801785968213913,4.268399228554091e-09,5.378439106680599e-09
shuffle_r2_ORIGINAL_p+3_Nd4001_dt1,shuffle,2,ORIGINAL,3,4001,1.0,static_lti,2,context,0.8049237950584874,0.13431372019890003,4.478317174687162e-09,5.563653605695379e-09
shuffle_r2_ORIGINAL_p+3_Nd4001_dt1,shuffle,2,ORIGINAL,3,4001,1.0,static_mh,2,context,0.9530401425889038,0.15506589552866956,5.17024070307877e-09,5.424997827514351e-09
shuffle_r2_ORIGINAL_p+3_Nd4001_dt1,shuffle,2,ORIGINAL,3,4001,1.0,static_lti_mh,2,context,0.8135889760820121,0.135703857702364,4.524667440674289e-09,5.561367685269852e-09
shuffle_r2_ORIGINAL_p+3_Nd4001_dt1,shuffle,2,ORIGINAL,3,4001,1.0,linear,2,context,4.2843366827775535e-05,4.2843366827775535e-05,1.4284928241293754e-12,3.334221677469282e-08
shuffle_r2_ORIGINAL_p+3_Nd4001_dt1,shuffle,2,ORIGINAL,3,4001,1.0,atomic,2,zerofill,0.7446067706373958,0.09578665574968805,3.19363266469343e-09,4.289019104620318e-09
shuffle_r2_ORIGINAL_p+3_Nd4001_dt1,shuffle,2,ORIGINAL,3,4001,1.0,static,2,zerofill,0.79410831994052,0.12806667547788486,4.269884096733362e-09,5.376954238501346e-09
shuffle_r2_ORIGINAL_p+3_Nd4001_dt1,shuffle,2,ORIGINAL,3,4001,1.0,static_lti,2,zerofill,0.8058530746486685,0.13440408134863763,4.48118019262323e-09,5.560790587759326e-09
shuffle_r2_ORIGINAL_p+3_Nd4001_dt1,shuffle,2,ORIGINAL,3,4001,1.0,static_mh,2,zerofill,0.9547785590536844,0.15521578242628653,5.175065242155628e-09,5.420173288437502e-09
shuffle_r2_ORIGINAL_p+3_Nd4001_dt1,shuffle,2,ORIGINAL,3,4001,1.0,static_lti_mh,2,zerofill,0.814475770535003,0.13578991654707023,4.527385465403209e-09,5.558649660540933e-09
shuffle_r2_ORIGINAL_p+3_Nd4001_dt1,shuffle,2,ORIGINAL,3,4001,1.0,linear,2,zerofill,7.627864927187502e-05,7.627864927187502e-05,2.5432142298604798e-12,3.3341102053287114e-08
shuffle_r2_ORIGINAL_p+3_Nd4001_dt1,shuffle,2,ORIGINAL,3,4001,1.0,atomic,4,context,0.7338629981400241,0.0949863045330347,3.167056028854067e-09,4.315595740459692e-09
shuffle_r2_ORIGINAL_p+3_Nd4001_dt1,shuffle,2,ORIGINAL,3,4001,1.0,static,4,context,0.775551815786721,0.12637690459151052,4.213688905596497e-09,5.433149429638204e-09
shuffle_r2_ORIGINAL_p+3_Nd4001_dt1,shuffle,2,ORIGINAL,3,4001,1.0,static_lti,4,context,0.78936155096239,0.13286239160508742,4.42992956099814e-09,5.612041219384409e-09
shuffle_r2_ORIGINAL_p+3_Nd4001_dt1,shuffle,2,ORIGINAL,3,4001,1.0,static_mh,4,context,0.9282514090391408,0.15297411284264947,5.100499369026636e-09,5.494739161566484e-09
shuffle_r2_ORIGINAL_p+3_Nd4001_dt1,shuffle,2,ORIGINAL,3,4001,1.0,static_lti_mh,4,context,0.798243165278857,0.13428036459319198,4.477207954686643e-09,5.608827171257498e-09
shuffle_r2_ORIGINAL_p+3_Nd4001_dt1,shuffle,2,ORIGINAL,3,4001,1.0,linear,4,context,4.2188949787712126e-05,4.2188949787712126e-05,1.406674029830544e-12,3.3342238593487086e-08
shuffle_r2_ORIGINAL_p+3_Nd4001_dt1,shuffle,2,ORIGINAL,3,4001,1.0,atomic,8,context,0.7209734242199812,0.0940155666686101,3.1347335132807105e-09,4.347918256033041e-09
shuffle_r2_ORIGINAL_p+3_Nd4001_dt1,shuffle,2,ORIGINAL,3,4001,1.0,static,8,context,0.7617447244555362,0.12509807219814906,4.171108394725854e-09,5.475729940508863e-09
shuffle_r2_ORIGINAL_p+3_Nd4001_dt1,shuffle,2,ORIGINAL,3,4001,1.0,static_lti,8,context,0.775124826930479,0.13151062561024415,4.384920285659321e-09,5.6570504947232265e-09
shuffle_r2_ORIGINAL_p+3_Nd4001_dt1,shuffle,2,ORIGINAL,3,4001,1.0,static_mh,8,context,0.9103504100724554,0.1514277382747996,5.0490107418434825e-09,5.54622778874964e-09
shuffle_r2_ORIGINAL_p+3_Nd4001_dt1,shuffle,2,ORIGINAL,3,4001,1.0,static_lti_mh,8,context,0.784033153719717,0.13293860717300754,4.432533056817951e-09,5.653502069126188e-09
shuffle_r2_ORIGINAL_p+3_Nd4001_dt1,shuffle,2,ORIGINAL,3,4001,1.0,linear,8,context,2.813360103604649e-05,2.813360103604649e-05,9.380504223074492e-13,3.334270721709466e-08
shuffle_r2_ORIGINAL_p+3_Nd4001_dt1,shuffle,2,ORIGINAL,3,4001,1.0,atomic,16,context,0.7032088824980509,0.09265544029607643,3.0893845393195396e-09,4.393267229994215e-09
shuffle_r2_ORIGINAL_p+3_Nd4001_dt1,shuffle,2,ORIGINAL,3,4001,1.0,static,16,context,0.7319763332084002,0.12227538586211437,4.0769941345553515e-09,5.569844200679361e-09
shuffle_r2_ORIGINAL_p+3_Nd4001_dt1,shuffle,2,ORIGINAL,3,4001,1.0,static_lti,16,context,0.7459072567563331,0.12867126508297733,4.29025015403083e-09,5.7517206263517205e-09
shuffle_r2_ORIGINAL_p+3_Nd4001_dt1,shuffle,2,ORIGINAL,3,4001,1.0,static_mh,16,context,0.8723344863278215,0.14805030250999757,4.9364000014938746e-09,5.658838529099245e-09
shuffle_r2_ORIGINAL_p+3_Nd4001_dt1,shuffle,2,ORIGINAL,3,4001,1.0,static_lti_mh,16,context,0.7542315302221747,0.1300580394172021,4.336488984411312e-09,5.749546141532837e-09
shuffle_r2_ORIGINAL_p+3_Nd4001_dt1,shuffle,2,ORIGINAL,3,4001,1.0,linear,16,context,2.7705847990982355e-05,2.7705847990982355e-05,9.237883729068283e-13,3.334272147914408e-08
shuffle_r2_ORIGINAL_p+6_Nd4001_dt1,shuffle,2,ORIGINAL,6,4001,1.0,atomic,2,context,0.8652985492077409,0.06141059466237203,4.0854299992372605e-09,4.72141089682612e-09
shuffle_r2_ORIGINAL_p+6_Nd4001_dt1,shuffle,2,ORIGINAL,6,4001,1.0,static,2,context,1.2416984224811003,0.10462483082118931,6.960320525342717e-09,5.605483907626257e-09
shuffle_r2_ORIGINAL_p+6_Nd4001_dt1,shuffle,2,ORIGINAL,6,4001,1.0,static_lti,2,context,1.260726895933784,0.1106584484150099,7.361715796911778e-09,5.83926290511885e-09
shuffle_r2_ORIGINAL_p+6_Nd4001_dt1,shuffle,2,ORIGINAL,6,4001,1.0,static_mh,2,context,1.8342241973659572,0.14982153005615667,9.967097319089974e-09,5.4339580370836086e-09
shuffle_r2_ORIGINAL_p+6_Nd4001_dt1,shuffle,2,ORIGINAL,6,4001,1.0,static_lti_mh,2,context,1.2825737101083077,0.11285636255028111,7.507935262679084e-09,5.853804115511671e-09
shuffle_r2_ORIGINAL_p+6_Nd4001_dt1,shuffle,2,ORIGINAL,6,4001,1.0,linear,2,context,4.284336682779259e-05,4.284336682779259e-05,2.85021789918993e-12,6.652646862806747e-08
shuffle_r2_ORIGINAL_p+6_Nd4001_dt1,shuffle,2,ORIGINAL,6,4001,1.0,atomic,2,zerofill,0.8660078529134957,0.06143962590831745,4.0872246938524476e-09,4.719616202210946e-09
shuffle_r2_ORIGINAL_p+6_Nd4001_dt1,shuffle,2,ORIGINAL,6,4001,1.0,static,2,zerofill,1.2422650384426268,0.1046496217420821,6.961737020092306e-09,5.604067412876668e-09
shuffle_r2_ORIGINAL_p+6_Nd4001_dt1,shuffle,2,ORIGINAL,6,4001,1.0,static_lti,2,zerofill,1.2618811691679719,0.11070694185107201,7.3646956638343235e-09,5.836283038196279e-09
shuffle_r2_ORIGINAL_p+6_Nd4001_dt1,shuffle,2,ORIGINAL,6,4001,1.0,static_mh,2,zerofill,1.840136345642406,0.1499965757843871,9.9784088766117e-09,5.422646479561904e-09
shuffle_r2_ORIGINAL_p+6_Nd4001_dt1,shuffle,2,ORIGINAL,6,4001,1.0,static_lti_mh,2,zerofill,1.283687791783644,0.112903063563444,7.510791001506248e-09,5.85094837668452e-09
shuffle_r2_ORIGINAL_p+6_Nd4001_dt1,shuffle,2,ORIGINAL,6,4001,1.0,linear,2,zerofill,7.627864927189516e-05,7.627864927189516e-05,5.074379511734528e-12,6.652424446645492e-08
shuffle_r2_ORIGINAL_p+6_Nd4001_dt1,shuffle,2,ORIGINAL,6,4001,1.0,atomic,4,context,0.8542482637247124,0.06098761067864855,4.057293023561844e-09,4.749547872501542e-09
shuffle_r2_ORIGINAL_p+6_Nd4001_dt1,shuffle,2,ORIGINAL,6,4001,1.0,static,4,context,1.2043085490543157,0.10319553945913888,6.8652393109220125e-09,5.70056512204696e-09
shuffle_r2_ORIGINAL_p+6_Nd4001_dt1,shuffle,2,ORIGINAL,6,4001,1.0,static_lti,4,context,1.2238843452866621,0.1092042542668921,7.2649781496597125e-09,5.936000552370891e-09
shuffle_r2_ORIGINAL_p+6_Nd4001_dt1,shuffle,2,ORIGINAL,6,4001,1.0,static_mh,4,context,1.7724503741075468,0.1480014704118881,9.846021621392606e-09,5.555033734780988e-09
shuffle_r2_ORIGINAL_p+6_Nd4001_dt1,shuffle,2,ORIGINAL,6,4001,1.0,static_lti_mh,4,context,1.244691090740374,0.11137128734912849,7.409143302361186e-09,5.9525960758295764e-09
shuffle_r2_ORIGINAL_p+6_Nd4001_dt1,shuffle,2,ORIGINAL,6,4001,1.0,linear,4,context,4.2188949787741196e-05,4.2188949787741196e-05,2.8066836811682156e-12,6.652651216228547e-08
shuffle_r2_ORIGINAL_p+6_Nd4001_dt1,shuffle,2,ORIGINAL,6,4001,1.0,atomic,8,context,0.8406001936101721,0.06045737879978965,4.022075075307086e-09,4.784765820756307e-09
shuffle_r2_ORIGINAL_p+6_Nd4001_dt1,shuffle,2,ORIGINAL,6,4001,1.0,static,8,context,1.178773626729935,0.10218984452018147,6.798429484600122e-09,5.767374948368851e-09
shuffle_r2_ORIGINAL_p+6_Nd4001_dt1,shuffle,2,ORIGINAL,6,4001,1.0,static_lti,8,context,1.197977105001338,0.10815102139247328,7.195011364157647e-09,6.005967337872965e-09
shuffle_r2_ORIGINAL_p+6_Nd4001_dt1,shuffle,2,ORIGINAL,6,4001,1.0,static_mh,8,context,1.7070955592998782,0.14598353271815578,9.711911763415943e-09,5.689143592757652e-09
shuffle_r2_ORIGINAL_p+6_Nd4001_dt1,shuffle,2,ORIGINAL,6,4001,1.0,static_lti_mh,8,context,1.2186189307151043,0.1103182448684718,7.339191209504572e-09,6.022548168686188e-09
shuffle_r2_ORIGINAL_p+6_Nd4001_dt1,shuffle,2,ORIGINAL,6,4001,1.0,linear,8,context,2.813360103607448e-05,2.813360103607448e-05,1.871656657172548e-12,6.65274471893095e-08
shuffle_r2_ORIGINAL_p+6_Nd4001_dt1,shuffle,2,ORIGINAL,6,4001,1.0,atomic,16,context,0.8245687059368679,0.05982541672257541,3.980033954013321e-09,4.826806942050074e-09
shuffle_r2_ORIGINAL_p+6_Nd4001_dt1,shuffle,2,ORIGINAL,6,4001,1.0,static,16,context,1.1183899488284335,0.09971869810084145,6.634033259338527e-09,5.931771173630442e-09
shuffle_r2_ORIGINAL_p+6_Nd4001_dt1,shuffle,2,ORIGINAL,6,4001,1.0,static_lti,16,context,1.1386462803847954,0.10564646181558979,7.0283924155057375e-09,6.172586286524868e-09
shuffle_r2_ORIGINAL_p+6_Nd4001_dt1,shuffle,2,ORIGINAL,6,4001,1.0,static_mh,16,context,1.6070561499568152,0.14270201427990545,9.493604779618616e-09,5.907450576554981e-09
shuffle_r2_ORIGINAL_p+6_Nd4001_dt1,shuffle,2,ORIGINAL,6,4001,1.0,static_lti_mh,16,context,1.1574457922500612,0.1077513499441674,7.1684253092169005e-09,6.193314068973861e-09
shuffle_r2_ORIGINAL_p+6_Nd4001_dt1,shuffle,2,ORIGINAL,6,4001,1.0,linear,16,context,2.770584799101228e-05,2.770584799101228e-05,1.843200127469394e-12,6.652747564583926e-08
shuffle_r3_BLOCK_SHUFFLED_CYCLES_p+3_Nd4001_dt1,shuffle,3,BLOCK_SHUFFLED_CYCLES,3,4001,1.0,atomic,2,context,0.5765454012645502,0.07957602487589689,2.706454384536709e-09,4.6942606403599446e-09
shuffle_r3_BLOCK_SHUFFLED_CYCLES_p+3_Nd4001_dt1,shuffle,3,BLOCK_SHUFFLED_CYCLES,3,4001,1.0,static,2,context,0.5159010203196778,0.10052047028854334,3.4187943915570437e-09,6.62684169424319e-09
shuffle_r3_BLOCK_SHUFFLED_CYCLES_p+3_Nd4001_dt1,shuffle,3,BLOCK_SHUFFLED_CYCLES,3,4001,1.0,static_lti,2,context,0.5670487732219031,0.11133023184971275,3.786444404467965e-09,6.6774580658271105e-09
shuffle_r3_BLOCK_SHUFFLED_CYCLES_p+3_Nd4001_dt1,shuffle,3,BLOCK_SHUFFLED_CYCLES,3,4001,1.0,static_mh,2,context,0.629497462437175,0.12243105252038901,4.163993607547191e-09,6.614790139781961e-09
shuffle_r3_BLOCK_SHUFFLED_CYCLES_p+3_Nd4001_dt1,shuffle,3,BLOCK_SHUFFLED_CYCLES,3,4001,1.0,static_lti_mh,2,context,0.5773517578939965,0.11328262176607394,3.852846995671808e-09,6.673309543086559e-09
shuffle_r3_BLOCK_SHUFFLED_CYCLES_p+3_Nd4001_dt1,shuffle,3,BLOCK_SHUFFLED_CYCLES,3,4001,1.0,linear,2,context,5.5643097460378115e-05,5.5643097460378115e-05,1.8924733338427694e-12,3.401092714492299e-08
shuffle_r3_BLOCK_SHUFFLED_CYCLES_p+3_Nd4001_dt1,shuffle,3,BLOCK_SHUFFLED_CYCLES,3,4001,1.0,atomic,2,zerofill,0.5772999567776697,0.0796443533133347,2.7087000450599247e-09,4.692014979836734e-09
shuffle_r3_BLOCK_SHUFFLED_CYCLES_p+3_Nd4001_dt1,shuffle,3,BLOCK_SHUFFLED_CYCLES,3,4001,1.0,static,2,zerofill,0.5165057531711312,0.10060107412277365,3.421436959094625e-09,6.624199126705599e-09
shuffle_r3_BLOCK_SHUFFLED_CYCLES_p+3_Nd4001_dt1,shuffle,3,BLOCK_SHUFFLED_CYCLES,3,4001,1.0,static_lti,2,zerofill,0.5675308669235742,0.11139383194657881,3.788498054922083e-09,6.675404415372981e-09
shuffle_r3_BLOCK_SHUFFLED_CYCLES_p+3_Nd4001_dt1,shuffle,3,BLOCK_SHUFFLED_CYCLES,3,4001,1.0,static_mh,2,zerofill,0.6318882168825234,0.12271953033911243,4.173684429974922e-09,6.605099317354207e-09
shuffle_r3_BLOCK_SHUFFLED_CYCLES_p+3_Nd4001_dt1,shuffle,3,BLOCK_SHUFFLED_CYCLES,3,4001,1.0,static_lti_mh,2,zerofill,0.5781105950861024,0.11338024544648236,3.856055868035691e-09,6.670100670722665e-09
shuffle_r3_BLOCK_SHUFFLED_CYCLES_p+3_Nd4001_dt1,shuffle,3,BLOCK_SHUFFLED_CYCLES,3,4001,1.0,linear,2,zerofill,8.453420291383049e-05,8.453420291383049e-05,2.875003559146988e-12,3.400994461469765e-08
shuffle_r3_BLOCK_SHUFFLED_CYCLES_p+3_Nd4001_dt1,shuffle,3,BLOCK_SHUFFLED_CYCLES,3,4001,1.0,atomic,4,context,0.571467952195342,0.07913001992788284,2.6912871205236447e-09,4.7094279043730095e-09
shuffle_r3_BLOCK_SHUFFLED_CYCLES_p+3_Nd4001_dt1,shuffle,3,BLOCK_SHUFFLED_CYCLES,3,4001,1.0,static,4,context,0.5093135464627319,0.0996699960136212,3.3898712121969593e-09,6.6557648736032725e-09
shuffle_r3_BLOCK_SHUFFLED_CYCLES_p+3_Nd4001_dt1,shuffle,3,BLOCK_SHUFFLED_CYCLES,3,4001,1.0,static_lti,4,context,0.5610295768361813,0.11057311662506837,3.760696697920918e-09,6.703205772374152e-09
shuffle_r3_BLOCK_SHUFFLED_CYCLES_p+3_Nd4001_dt1,shuffle,3,BLOCK_SHUFFLED_CYCLES,3,4001,1.0,static_mh,4,context,0.6222421457624789,0.12156113438982123,4.134409616448115e-09,6.644374130881025e-09
shuffle_r3_BLOCK_SHUFFLED_CYCLES_p+3_Nd4001_dt1,shuffle,3,BLOCK_SHUFFLED_CYCLES,3,4001,1.0,static_lti_mh,4,context,0.5713502076474452,0.11253314817287081,3.827359232130163e-09,6.69879730662819e-09
shuffle_r3_BLOCK_SHUFFLED_CYCLES_p+3_Nd4001_dt1,shuffle,3,BLOCK_SHUFFLED_CYCLES,3,4001,1.0,linear,4,context,5.49824919720599e-05,5.49824919720599e-05,1.870006763976037e-12,3.4010949611492804e-08
shuffle_r3_BLOCK_SHUFFLED_CYCLES_p+3_Nd4001_dt1,shuffle,3,BLOCK_SHUFFLED_CYCLES,3,4001,1.0,atomic,8,context,0.5690729508074089,0.07891758622117448,2.684098744507387e-09,4.71661628038927e-09
shuffle_r3_BLOCK_SHUFFLED_CYCLES_p+3_Nd4001_dt1,shuffle,3,BLOCK_SHUFFLED_CYCLES,3,4001,1.0,static,8,context,0.5038157472200895,0.09895320273795788,3.3655384047044527e-09,6.6800976810957704e-09
shuffle_r3_BLOCK_SHUFFLED_CYCLES_p+3_Nd4001_dt1,shuffle,3,BLOCK_SHUFFLED_CYCLES,3,4001,1.0,static_lti,8,context,0.5549010026734291,0.10979479535351583,3.734276306118774e-09,6.7296261641763045e-09
shuffle_r3_BLOCK_SHUFFLED_CYCLES_p+3_Nd4001_dt1,shuffle,3,BLOCK_SHUFFLED_CYCLES,3,4001,1.0,static_mh,8,context,0.6148957529587842,0.12067076455596587,4.10418340388255e-09,6.674600343446588e-09
shuffle_r3_BLOCK_SHUFFLED_CYCLES_p+3_Nd4001_dt1,shuffle,3,BLOCK_SHUFFLED_CYCLES,3,4001,1.0,static_lti_mh,8,context,0.5650444908733612,0.11173804939354724,3.800369124954986e-09,6.7257874138033715e-09
shuffle_r3_BLOCK_SHUFFLED_CYCLES_p+3_Nd4001_dt1,shuffle,3,BLOCK_SHUFFLED_CYCLES,3,4001,1.0,linear,8,context,4.131008290057434e-05,4.131008290057434e-05,1.4050143568529117e-12,3.401141460389995e-08
shuffle_r3_BLOCK_SHUFFLED_CYCLES_p+3_Nd4001_dt1,shuffle,3,BLOCK_SHUFFLED_CYCLES,3,4001,1.0,atomic,16,context,0.5581018805570418,0.07794107726511,2.650887611652792e-09,4.749827413243868e-09
shuffle_r3_BLOCK_SHUFFLED_CYCLES_p+3_Nd4001_dt1,shuffle,3,BLOCK_SHUFFLED_CYCLES,3,4001,1.0,static,16,context,0.49520818113730275,0.09782248162564687,3.3270826344947385e-09,6.7185534513054875e-09
shuffle_r3_BLOCK_SHUFFLED_CYCLES_p+3_Nd4001_dt1,shuffle,3,BLOCK_SHUFFLED_CYCLES,3,4001,1.0,static_lti,16,context,0.5450272805619666,0.10853026422020645,3.6912696488933176e-09,6.772632821401755e-09
shuffle_r3_BLOCK_SHUFFLED_CYCLES_p+3_Nd4001_dt1,shuffle,3,BLOCK_SHUFFLED_CYCLES,3,4001,1.0,static_mh,16,context,0.6027653003919544,0.11918542765128039,4.053667010216598e-09,6.725116737112536e-09
shuffle_r3_BLOCK_SHUFFLED_CYCLES_p+3_Nd4001_dt1,shuffle,3,BLOCK_SHUFFLED_CYCLES,3,4001,1.0,static_lti_mh,16,context,0.5547973704323373,0.11043468821325807,3.75604183510962e-09,6.770114703648733e-09
shuffle_r3_BLOCK_SHUFFLED_CYCLES_p+3_Nd4001_dt1,shuffle,3,BLOCK_SHUFFLED_CYCLES,3,4001,1.0,linear,16,context,4.0812827195587535e-05,4.0812827195587535e-05,1.3881026771199127e-12,3.4011431515579665e-08
shuffle_r3_BLOCK_SHUFFLED_CYCLES_p+6_Nd4001_dt1,shuffle,3,BLOCK_SHUFFLED_CYCLES,6,4001,1.0,atomic,2,context,0.6231901119585492,0.0504417198958088,3.423011492181774e-09,5.49272433322795e-09
shuffle_r3_BLOCK_SHUFFLED_CYCLES_p+6_Nd4001_dt1,shuffle,3,BLOCK_SHUFFLED_CYCLES,6,4001,1.0,static,2,context,0.9382740824939984,0.08858346289226957,6.0113376808686336e-09,6.406803505528018e-09
shuffle_r3_BLOCK_SHUFFLED_CYCLES_p+6_Nd4001_dt1,shuffle,3,BLOCK_SHUFFLED_CYCLES,6,4001,1.0,static_lti,2,context,1.0109308945567526,0.0961805735281948,6.526883087882188e-09,6.45630984573276e-09
shuffle_r3_BLOCK_SHUFFLED_CYCLES_p+6_Nd4001_dt1,shuffle,3,BLOCK_SHUFFLED_CYCLES,6,4001,1.0,static_mh,2,context,1.2609405390362156,0.12091463232875842,8.205354157019222e-09,6.507328381472202e-09
shuffle_r3_BLOCK_SHUFFLED_CYCLES_p+6_Nd4001_dt1,shuffle,3,BLOCK_SHUFFLED_CYCLES,6,4001,1.0,static_lti_mh,2,context,1.034418334662681,0.09841287539559834,6.678368702605964e-09,6.4561584794257816e-09
shuffle_r3_BLOCK_SHUFFLED_CYCLES_p+6_Nd4001_dt1,shuffle,3,BLOCK_SHUFFLED_CYCLES,6,4001,1.0,linear,2,context,5.5643097460769546e-05,5.5643097460769546e-05,3.7759807251265145e-12,6.786072122941613e-08
shuffle_r3_BLOCK_SHUFFLED_CYCLES_p+6_Nd4001_dt1,shuffle,3,BLOCK_SHUFFLED_CYCLES,6,4001,1.0,atomic,2,zerofill,0.6245225829691556,0.05050956884794254,3.4275167517700416e-09,5.488219073639683e-09
shuffle_r3_BLOCK_SHUFFLED_CYCLES_p+6_Nd4001_dt1,shuffle,3,BLOCK_SHUFFLED_CYCLES,6,4001,1.0,static,2,zerofill,0.9392580200750984,0.08863392554461769,6.014588354414166e-09,6.403552831982493e-09
shuffle_r3_BLOCK_SHUFFLED_CYCLES_p+6_Nd4001_dt1,shuffle,3,BLOCK_SHUFFLED_CYCLES,6,4001,1.0,static_lti,2,zerofill,1.01162653108355,0.09621625346734826,6.529115731410998e-09,6.454077202203943e-09
shuffle_r3_BLOCK_SHUFFLED_CYCLES_p+6_Nd4001_dt1,shuffle,3,BLOCK_SHUFFLED_CYCLES,6,4001,1.0,static_mh,2,zerofill,1.2627170124255866,0.12099341340551392,8.210463101550106e-09,6.502219436941305e-09
shuffle_r3_BLOCK_SHUFFLED_CYCLES_p+6_Nd4001_dt1,shuffle,3,BLOCK_SHUFFLED_CYCLES,6,4001,1.0,static_lti_mh,2,zerofill,1.0357336751976212,0.0984771916488635,6.682540194708028e-09,6.451986987323723e-09
shuffle_r3_BLOCK_SHUFFLED_CYCLES_p+6_Nd4001_dt1,shuffle,3,BLOCK_SHUFFLED_CYCLES,6,4001,1.0,linear,2,zerofill,8.453420291421534e-05,8.453420291421534e-05,5.736386256993427e-12,6.785876082388413e-08
shuffle_r3_BLOCK_SHUFFLED_CYCLES_p+6_Nd4001_dt1,shuffle,3,BLOCK_SHUFFLED_CYCLES,6,4001,1.0,atomic,4,context,0.6199147364468753,0.05027802829395005,3.41190551581854e-09,5.503830309591179e-09
shuffle_r3_BLOCK_SHUFFLED_CYCLES_p+6_Nd4001_dt1,shuffle,3,BLOCK_SHUFFLED_CYCLES,6,4001,1.0,static,4,context,0.9241175386681743,0.08788878277351121,5.964200126750068e-09,6.4539410596465824e-09
shuffle_r3_BLOCK_SHUFFLED_CYCLES_p+6_Nd4001_dt1,shuffle,3,BLOCK_SHUFFLED_CYCLES,6,4001,1.0,static_lti,4,context,0.9997792869751605,0.09564996646850128,6.490879997794333e-09,6.492312935820602e-09
shuffle_r3_BLOCK_SHUFFLED_CYCLES_p+6_Nd4001_dt1,shuffle,3,BLOCK_SHUFFLED_CYCLES,6,4001,1.0,static_mh,4,context,1.2332323181101137,0.11972479426663421,8.124616254844717e-09,6.588066283646712e-09
shuffle_r3_BLOCK_SHUFFLED_CYCLES_p+6_Nd4001_dt1,shuffle,3,BLOCK_SHUFFLED_CYCLES,6,4001,1.0,static_lti_mh,4,context,1.023410903240971,0.09789525441171733,6.643246957637535e-09,6.491280224394214e-09
shuffle_r3_BLOCK_SHUFFLED_CYCLES_p+6_Nd4001_dt1,shuffle,3,BLOCK_SHUFFLED_CYCLES,6,4001,1.0,linear,4,context,5.498249197246383e-05,5.498249197246383e-05,3.73115402492566e-12,6.786076605611629e-08
shuffle_r3_BLOCK_SHUFFLED_CYCLES_p+6_Nd4001_dt1,shuffle,3,BLOCK_SHUFFLED_CYCLES,6,4001,1.0,atomic,8,context,0.6150279950802631,0.050031938038806005,3.3952520613083862e-09,5.520483764101332e-09
shuffle_r3_BLOCK_SHUFFLED_CYCLES_p+6_Nd4001_dt1,shuffle,3,BLOCK_SHUFFLED_CYCLES,6,4001,1.0,static,8,context,0.911607785368672,0.08726520888989452,5.9219648883901615e-09,6.496176298006497e-09
shuffle_r3_BLOCK_SHUFFLED_CYCLES_p+6_Nd4001_dt1,shuffle,3,BLOCK_SHUFFLED_CYCLES,6,4001,1.0,static_lti,8,context,0.9848128676320801,0.09492726383408752,6.441924915182484e-09,6.541268018432459e-09
shuffle_r3_BLOCK_SHUFFLED_CYCLES_p+6_Nd4001_dt1,shuffle,3,BLOCK_SHUFFLED_CYCLES,6,4001,1.0,static_mh,8,context,1.2129572380687337,0.11883370480773192,8.064256493290795e-09,6.648426045200635e-09
shuffle_r3_BLOCK_SHUFFLED_CYCLES_p+6_Nd4001_dt1,shuffle,3,BLOCK_SHUFFLED_CYCLES,6,4001,1.0,static_lti_mh,8,context,1.0078329016059075,0.09715176918448273,6.59288361621187e-09,6.541643565819884e-09
shuffle_r3_BLOCK_SHUFFLED_CYCLES_p+6_Nd4001_dt1,shuffle,3,BLOCK_SHUFFLED_CYCLES,6,4001,1.0,linear,8,context,4.131008290096428e-05,4.131008290096428e-05,2.803372198245281e-12,6.786169383794297e-08
shuffle_r3_BLOCK_SHUFFLED_CYCLES_p+6_Nd4001_dt1,shuffle,3,BLOCK_SHUFFLED_CYCLES,6,4001,1.0,atomic,16,context,0.6039676301476148,0.04947096066799297,3.357184856030622e-09,5.5585509693791e-09
shuffle_r3_BLOCK_SHUFFLED_CYCLES_p+6_Nd4001_dt1,shuffle,3,BLOCK_SHUFFLED_CYCLES,6,4001,1.0,static,16,context,0.8937693062852038,0.08636346223550888,5.860773747193652e-09,6.5573674392030035e-09
shuffle_r3_BLOCK_SHUFFLED_CYCLES_p+6_Nd4001_dt1,shuffle,3,BLOCK_SHUFFLED_CYCLES,6,4001,1.0,static_lti,16,context,0.96550367688188,0.09398026620453116,6.3776632231786946e-09,6.605529710436245e-09
shuffle_r3_BLOCK_SHUFFLED_CYCLES_p+6_Nd4001_dt1,shuffle,3,BLOCK_SHUFFLED_CYCLES,6,4001,1.0,static_mh,16,context,1.181904735204486,0.1174393504418355,7.969637206994601e-09,6.743045331496826e-09
shuffle_r3_BLOCK_SHUFFLED_CYCLES_p+6_Nd4001_dt1,shuffle,3,BLOCK_SHUFFLED_CYCLES,6,4001,1.0,static_lti_mh,16,context,0.9875551924721118,0.09616824965272104,6.526143559891888e-09,6.608383622139867e-09
shuffle_r3_BLOCK_SHUFFLED_CYCLES_p+6_Nd4001_dt1,shuffle,3,BLOCK_SHUFFLED_CYCLES,6,4001,1.0,linear,16,context,4.081282719596612e-05,4.081282719596612e-05,2.7696289609904374e-12,6.786172758118025e-08
shuffle_r3_ORIGINAL_p+3_Nd4001_dt1,shuffle,3,ORIGINAL,3,4001,1.0,atomic,2,context,0.6217277064862295,0.08726868185403808,2.938144207747049e-09,4.725773320208506e-09
shuffle_r3_ORIGINAL_p+3_Nd4001_dt1,shuffle,3,ORIGINAL,3,4001,1.0,static,2,context,0.5183025886255835,0.10119638184473818,3.4070591745544757e-09,6.573494420680388e-09
shuffle_r3_ORIGINAL_p+3_Nd4001_dt1,shuffle,3,ORIGINAL,3,4001,1.0,static_lti,2,context,0.5464784847766007,0.10901667234386486,3.670351122418876e-09,6.716368941623216e-09
shuffle_r3_ORIGINAL_p+3_Nd4001_dt1,shuffle,3,ORIGINAL,3,4001,1.0,static_mh,2,context,0.6233588825290314,0.12298031096571756,4.140476063740779e-09,6.642202717866857e-09
shuffle_r3_ORIGINAL_p+3_Nd4001_dt1,shuffle,3,ORIGINAL,3,4001,1.0,static_lti_mh,2,context,0.5559258187225699,0.11090031256317527,3.733769137705309e-09,6.71630820508557e-09
shuffle_r3_ORIGINAL_p+3_Nd4001_dt1,shuffle,3,ORIGINAL,3,4001,1.0,linear,2,context,4.8995365814328415e-05,4.8995365814328415e-05,1.6495659979669525e-12,3.366779634257872e-08
shuffle_r3_ORIGINAL_p+3_Nd4001_dt1,shuffle,3,ORIGINAL,3,4001,1.0,atomic,2,zerofill,0.6224692958551534,0.08733434480042916,2.9403042383024303e-09,4.7236132896531325e-09
shuffle_r3_ORIGINAL_p+3_Nd4001_dt1,shuffle,3,ORIGINAL,3,4001,1.0,static,2,zerofill,0.5192071136617805,0.10131437658348975,3.4109729860587397e-09,6.569580609176129e-09
shuffle_r3_ORIGINAL_p+3_Nd4001_dt1,shuffle,3,ORIGINAL,3,4001,1.0,static_lti,2,zerofill,0.5473539190995174,0.1091314174989221,3.674150989937419e-09,6.712569074104688e-09
shuffle_r3_ORIGINAL_p+3_Nd4001_dt1,shuffle,3,ORIGINAL,3,4001,1.0,static_mh,2,zerofill,0.6250120356489326,0.1231831378608214,4.147233292552118e-09,6.6354454890555205e-09
shuffle_r3_ORIGINAL_p+3_Nd4001_dt1,shuffle,3,ORIGINAL,3,4001,1.0,static_lti_mh,2,zerofill,0.556801200225442,0.11101439750043712,3.737545684106649e-09,6.7125316586842176e-09
shuffle_r3_ORIGINAL_p+3_Nd4001_dt1,shuffle,3,ORIGINAL,3,4001,1.0,linear,2,zerofill,6.623801512205961e-05,6.623801512205961e-05,2.23004955318764e-12,3.3667215859023445e-08
shuffle_r3_ORIGINAL_p+3_Nd4001_dt1,shuffle,3,ORIGINAL,3,4001,1.0,atomic,4,context,0.6164160229933184,0.08680735784705662,2.9226149060208115e-09,4.741302621934749e-09
shuffle_r3_ORIGINAL_p+3_Nd4001_dt1,shuffle,3,ORIGINAL,3,4001,1.0,static,4,context,0.5143330549843043,0.10068449775822813,3.3898280197845475e-09,6.590725575450315e-09
shuffle_r3_ORIGINAL_p+3_Nd4001_dt1,shuffle,3,ORIGINAL,3,4001,1.0,static_lti,4,context,0.5420298981382757,0.10844107601651969,3.6509751367989897e-09,6.735744927243109e-09
shuffle_r3_ORIGINAL_p+3_Nd4001_dt1,shuffle,3,ORIGINAL,3,4001,1.0,static_mh,4,context,0.6176683467548857,0.12228620538279321,4.117110525148786e-09,6.665568256458853e-09
shuffle_r3_ORIGINAL_p+3_Nd4001_dt1,shuffle,3,ORIGINAL,3,4001,1.0,static_lti_mh,4,context,0.551461747426783,0.11032622748269985,3.7144440858813044e-09,6.735633256909569e-09
shuffle_r3_ORIGINAL_p+3_Nd4001_dt1,shuffle,3,ORIGINAL,3,4001,1.0,linear,4,context,4.8153274255915915e-05,4.8153274255915915e-05,1.6212159960219309e-12,3.366782469258058e-08
shuffle_r3_ORIGINAL_p+3_Nd4001_dt1,shuffle,3,ORIGINAL,3,4001,1.0,atomic,8,context,0.6101403874845759,0.08625726766626195,2.9041353452799052e-09,4.759782182675656e-09
shuffle_r3_ORIGINAL_p+3_Nd4001_dt1,shuffle,3,ORIGINAL,3,4001,1.0,static,8,context,0.5079799300299548,0.09985836894603552,3.362061268857145e-09,6.618492326377716e-09
shuffle_r3_ORIGINAL_p+3_Nd4001_dt1,shuffle,3,ORIGINAL,3,4001,1.0,static_lti,8,context,0.5349095120447258,0.10751147368290973,3.6197282755780017e-09,6.766991788464106e-09
shuffle_r3_ORIGINAL_p+3_Nd4001_dt1,shuffle,3,ORIGINAL,3,4001,1.0,static_mh,8,context,0.6102903852993121,0.12137740281259445,4.086570501979916e-09,6.696108279627722e-09
shuffle_r3_ORIGINAL_p+3_Nd4001_dt1,shuffle,3,ORIGINAL,3,4001,1.0,static_lti_mh,8,context,0.5441776832804405,0.10938097872181943,3.6826713273180943e-09,6.7674060154727805e-09
shuffle_r3_ORIGINAL_p+3_Nd4001_dt1,shuffle,3,ORIGINAL,3,4001,1.0,linear,8,context,3.411088642395634e-05,3.411088642395634e-05,1.1484554705108835e-12,3.366829745310618e-08
shuffle_r3_ORIGINAL_p+3_Nd4001_dt1,shuffle,3,ORIGINAL,3,4001,1.0,atomic,16,context,0.6001547674447462,0.08537500823336884,2.8744323582216917e-09,4.789485169733871e-09
shuffle_r3_ORIGINAL_p+3_Nd4001_dt1,shuffle,3,ORIGINAL,3,4001,1.0,static,16,context,0.5025670628386629,0.09915016799069486,3.3382187257485663e-09,6.642334869486306e-09
shuffle_r3_ORIGINAL_p+3_Nd4001_dt1,shuffle,3,ORIGINAL,3,4001,1.0,static_lti,16,context,0.5290991817997109,0.10674769998280348,3.594014798307022e-09,6.792705265735086e-09
shuffle_r3_ORIGINAL_p+3_Nd4001_dt1,shuffle,3,ORIGINAL,3,4001,1.0,static_mh,16,context,0.6030366679927165,0.1204774028962738,4.056270710662234e-09,6.726408070945407e-09
shuffle_r3_ORIGINAL_p+3_Nd4001_dt1,shuffle,3,ORIGINAL,3,4001,1.0,static_lti_mh,16,context,0.5382867380734365,0.10861118556287556,3.656755211002468e-09,6.793322131788411e-09
shuffle_r3_ORIGINAL_p+3_Nd4001_dt1,shuffle,3,ORIGINAL,3,4001,1.0,linear,16,context,3.3698283325539375e-05,3.3698283325539375e-05,1.1345642947720824e-12,3.3668311344281886e-08
shuffle_r3_ORIGINAL_p+6_Nd4001_dt1,shuffle,3,ORIGINAL,6,4001,1.0,atomic,2,context,0.6813212131628568,0.05430156144213908,3.647766321752645e-09,5.353959705465264e-09
shuffle_r3_ORIGINAL_p+6_Nd4001_dt1,shuffle,3,ORIGINAL,6,4001,1.0,static,2,context,0.9322886862907033,0.08883553106170496,5.967623209641779e-09,6.401046475620293e-09
shuffle_r3_ORIGINAL_p+6_Nd4001_dt1,shuffle,3,ORIGINAL,6,4001,1.0,static_lti,2,context,0.9848950066570479,0.09602018503239622,6.450260137415206e-09,6.5491855414201155e-09
shuffle_r3_ORIGINAL_p+6_Nd4001_dt1,shuffle,3,ORIGINAL,6,4001,1.0,static_mh,2,context,1.2597377294495562,0.12143014368881577,8.157201686836019e-09,6.475317438019672e-09
shuffle_r3_ORIGINAL_p+6_Nd4001_dt1,shuffle,3,ORIGINAL,6,4001,1.0,static_lti_mh,2,context,0.9975057155292542,0.09766373605815994,6.560667461268153e-09,6.577072551195569e-09
shuffle_r3_ORIGINAL_p+6_Nd4001_dt1,shuffle,3,ORIGINAL,6,4001,1.0,linear,2,context,4.899536581420767e-05,4.899536581420767e-05,3.2913168717893356e-12,6.717608527039347e-08
shuffle_r3_ORIGINAL_p+6_Nd4001_dt1,shuffle,3,ORIGINAL,6,4001,1.0,atomic,2,zerofill,0.6821592047479376,0.054342202265301336,3.650433473094429e-09,5.351292554123475e-09
shuffle_r3_ORIGINAL_p+6_Nd4001_dt1,shuffle,3,ORIGINAL,6,4001,1.0,static,2,zerofill,0.9337235004788477,0.08890776692240324,5.972372757495913e-09,6.3962969277661554e-09
shuffle_r3_ORIGINAL_p+6_Nd4001_dt1,shuffle,3,ORIGINAL,6,4001,1.0,static_lti,2,zerofill,0.9867004250857933,0.09611043893211577,6.456211724338145e-09,6.543233954497161e-09
shuffle_r3_ORIGINAL_p+6_Nd4001_dt1,shuffle,3,ORIGINAL,6,4001,1.0,static_mh,2,zerofill,1.2645985410815566,0.12163914257445556,8.171100529280987e-09,6.461418595574686e-09
shuffle_r3_ORIGINAL_p+6_Nd4001_dt1,shuffle,3,ORIGINAL,6,4001,1.0,static_lti_mh,2,zerofill,0.9992019467673408,0.09774849179530364,6.5662478059324544e-09,6.571492206531272e-09
shuffle_r3_ORIGINAL_p+6_Nd4001_dt1,shuffle,3,ORIGINAL,6,4001,1.0,linear,2,zerofill,6.623801512193644e-05,6.623801512193644e-05,4.449533833980163e-12,6.717492705343135e-08
shuffle_r3_ORIGINAL_p+6_Nd4001_dt1,shuffle,3,ORIGINAL,6,4001,1.0,atomic,4,context,0.6778857681870712,0.05413833056269549,3.6368041726484324e-09,5.36492185456947e-09
shuffle_r3_ORIGINAL_p+6_Nd4001_dt1,shuffle,3,ORIGINAL,6,4001,1.0,static,4,context,0.9222216364890439,0.08833641703724232,5.934099680185255e-09,6.434570005076814e-09
shuffle_r3_ORIGINAL_p+6_Nd4001_dt1,shuffle,3,ORIGINAL,6,4001,1.0,static_lti,4,context,0.9750037393876615,0.09553183843899991,6.417460328840118e-09,6.581985349995192e-09
shuffle_r3_ORIGINAL_p+6_Nd4001_dt1,shuffle,3,ORIGINAL,6,4001,1.0,static_mh,4,context,1.2403757097280075,0.12059698234541427,8.101239991039265e-09,6.531279133816417e-09
shuffle_r3_ORIGINAL_p+6_Nd4001_dt1,shuffle,3,ORIGINAL,6,4001,1.0,static_lti_mh,4,context,0.9867108265690644,0.09713166672652178,6.524930620796066e-09,6.612809391667657e-09
shuffle_r3_ORIGINAL_p+6_Nd4001_dt1,shuffle,3,ORIGINAL,6,4001,1.0,linear,4,context,4.815327425579957e-05,4.815327425579957e-05,3.2347511812794427e-12,6.717614183608398e-08
shuffle_r3_ORIGINAL_p+6_Nd4001_dt1,shuffle,3,ORIGINAL,6,4001,1.0,atomic,8,context,0.6716949829030721,0.05384181614965306,3.61693626635766e-09,5.384789760860245e-09
shuffle_r3_ORIGINAL_p+6_Nd4001_dt1,shuffle,3,ORIGINAL,6,4001,1.0,static,8,context,0.912962404722999,0.08787155159107021,5.9029547006264566e-09,6.465714984635611e-09
shuffle_r3_ORIGINAL_p+6_Nd4001_dt1,shuffle,3,ORIGINAL,6,4001,1.0,static_lti,8,context,0.9631361918426181,0.09493819077046198,6.3776709222740195e-09,6.621774756561289e-09
shuffle_r3_ORIGINAL_p+6_Nd4001_dt1,shuffle,3,ORIGINAL,6,4001,1.0,static_mh,8,context,1.2211596293326306,0.11975416088955866,8.044735459234057e-09,6.587783665621621e-09
shuffle_r3_ORIGINAL_p+6_Nd4001_dt1,shuffle,3,ORIGINAL,6,4001,1.0,static_lti_mh,8,context,0.9751729992068703,0.09655528177867911,6.486302382575515e-09,6.651437629888202e-09
shuffle_r3_ORIGINAL_p+6_Nd4001_dt1,shuffle,3,ORIGINAL,6,4001,1.0,linear,8,context,3.411088642385713e-05,3.411088642385713e-05,2.291469920723523e-12,6.717708511734455e-08
shuffle_r3_ORIGINAL_p+6_Nd4001_dt1,shuffle,3,ORIGINAL,6,4001,1.0,atomic,16,context,0.6608254770496483,0.05331718797592609,3.58169475264419e-09,5.420031274573717e-09
shuffle_r3_ORIGINAL_p+6_Nd4001_dt1,shuffle,3,ORIGINAL,6,4001,1.0,static,16,context,0.9025020310280213,0.08734231843464446,5.867404780657137e-09,6.501264904604922e-09
shuffle_r3_ORIGINAL_p+6_Nd4001_dt1,shuffle,3,ORIGINAL,6,4001,1.0,static_lti,16,context,0.9512841361822307,0.09433942819201413,6.33745041233903e-09,6.6619952664962864e-09
shuffle_r3_ORIGINAL_p+6_Nd4001_dt1,shuffle,3,ORIGINAL,6,4001,1.0,static_mh,16,context,1.2016802515999487,0.1188864729565443,7.986450008224274e-09,6.6460691166314035e-09
shuffle_r3_ORIGINAL_p+6_Nd4001_dt1,shuffle,3,ORIGINAL,6,4001,1.0,static_lti_mh,16,context,0.9632301036130069,0.09595291454160076,6.4458397669011425e-09,6.691900245562572e-09
shuffle_r3_ORIGINAL_p+6_Nd4001_dt1,shuffle,3,ORIGINAL,6,4001,1.0,linear,16,context,3.369828332543781e-05,3.369828332543781e-05,2.2637533812611274e-12,6.7177112833884e-08
shuffle_r4_BLOCK_SHUFFLED_CYCLES_p+3_Nd4001_dt1,shuffle,4,BLOCK_SHUFFLED_CYCLES,3,4001,1.0,atomic,2,context,0.7068836488410873,0.09721286698486481,3.2212846638598096e-09,4.557022459270349e-09
shuffle_r4_BLOCK_SHUFFLED_CYCLES_p+3_Nd4001_dt1,shuffle,4,BLOCK_SHUFFLED_CYCLES,3,4001,1.0,static,2,context,0.7943091538194451,0.12601292907761927,4.1756151060639694e-09,5.2569142455245214e-09
shuffle_r4_BLOCK_SHUFFLED_CYCLES_p+3_Nd4001_dt1,shuffle,4,BLOCK_SHUFFLED_CYCLES,3,4001,1.0,static_lti,2,context,0.7839444978099254,0.13095455360306144,4.33936276408581e-09,5.53529334820069e-09
shuffle_r4_BLOCK_SHUFFLED_CYCLES_p+3_Nd4001_dt1,shuffle,4,BLOCK_SHUFFLED_CYCLES,3,4001,1.0,static_mh,2,context,0.9494499480461754,0.1549912951657636,5.135853901181368e-09,5.409293993590899e-09
shuffle_r4_BLOCK_SHUFFLED_CYCLES_p+3_Nd4001_dt1,shuffle,4,BLOCK_SHUFFLED_CYCLES,3,4001,1.0,static_lti_mh,2,context,0.7979500586434554,0.13310378891589256,4.410580689932259e-09,5.527389392552223e-09
shuffle_r4_BLOCK_SHUFFLED_CYCLES_p+3_Nd4001_dt1,shuffle,4,BLOCK_SHUFFLED_CYCLES,3,4001,1.0,linear,2,context,6.03047817033845e-05,6.03047817033845e-05,1.9982835038572674e-12,3.313640224561359e-08
shuffle_r4_BLOCK_SHUFFLED_CYCLES_p+3_Nd4001_dt1,shuffle,4,BLOCK_SHUFFLED_CYCLES,3,4001,1.0,atomic,2,zerofill,0.7074067725407261,0.09725632220259715,3.222680866854068e-09,4.555626256276102e-09
shuffle_r4_BLOCK_SHUFFLED_CYCLES_p+3_Nd4001_dt1,shuffle,4,BLOCK_SHUFFLED_CYCLES,3,4001,1.0,static,2,zerofill,0.7946715927208793,0.12604667882139178,4.1766767544634925e-09,5.255852597124998e-09
shuffle_r4_BLOCK_SHUFFLED_CYCLES_p+3_Nd4001_dt1,shuffle,4,BLOCK_SHUFFLED_CYCLES,3,4001,1.0,static_lti,2,zerofill,0.7843335072803485,0.13099275003222519,4.3405695348633755e-09,5.5340865774231206e-09
shuffle_r4_BLOCK_SHUFFLED_CYCLES_p+3_Nd4001_dt1,shuffle,4,BLOCK_SHUFFLED_CYCLES,3,4001,1.0,static_mh,2,zerofill,0.9530414285138025,0.15529359392029954,5.1458011421553645e-09,5.399346752616893e-09
shuffle_r4_BLOCK_SHUFFLED_CYCLES_p+3_Nd4001_dt1,shuffle,4,BLOCK_SHUFFLED_CYCLES,3,4001,1.0,static_lti_mh,2,zerofill,0.7984800747535363,0.13315475485908745,4.4122096239782106e-09,5.525760458506256e-09
shuffle_r4_BLOCK_SHUFFLED_CYCLES_p+3_Nd4001_dt1,shuffle,4,BLOCK_SHUFFLED_CYCLES,3,4001,1.0,linear,2,zerofill,7.3880193023206e-05,7.3880193023206e-05,2.4480905621682382e-12,3.313595243855529e-08
shuffle_r4_BLOCK_SHUFFLED_CYCLES_p+3_Nd4001_dt1,shuffle,4,BLOCK_SHUFFLED_CYCLES,3,4001,1.0,atomic,4,context,0.7036353739744776,0.09695057703079527,3.212595914056211e-09,4.565711209073947e-09
shuffle_r4_BLOCK_SHUFFLED_CYCLES_p+3_Nd4001_dt1,shuffle,4,BLOCK_SHUFFLED_CYCLES,3,4001,1.0,static,4,context,0.7853229548620592,0.1252143097827484,4.149155088181185e-09,5.283374263407311e-09
shuffle_r4_BLOCK_SHUFFLED_CYCLES_p+3_Nd4001_dt1,shuffle,4,BLOCK_SHUFFLED_CYCLES,3,4001,1.0,static_lti,4,context,0.7768147138615289,0.13028414788206877,4.317151418493171e-09,5.557504693793332e-09
shuffle_r4_BLOCK_SHUFFLED_CYCLES_p+3_Nd4001_dt1,shuffle,4,BLOCK_SHUFFLED_CYCLES,3,4001,1.0,static_mh,4,context,0.936044374401284,0.15386084066191041,5.098398825276724e-09,5.4467490694955355e-09
shuffle_r4_BLOCK_SHUFFLED_CYCLES_p+3_Nd4001_dt1,shuffle,4,BLOCK_SHUFFLED_CYCLES,3,4001,1.0,static_lti_mh,4,context,0.7904056062844588,0.1324007860610765,4.387289249269111e-09,5.550680833215359e-09
shuffle_r4_BLOCK_SHUFFLED_CYCLES_p+3_Nd4001_dt1,shuffle,4,BLOCK_SHUFFLED_CYCLES,3,4001,1.0,linear,4,context,5.9496782181584037e-05,5.9496782181584037e-05,1.971510899572429e-12,3.3136429018217866e-08
shuffle_r4_BLOCK_SHUFFLED_CYCLES_p+3_Nd4001_dt1,shuffle,4,BLOCK_SHUFFLED_CYCLES,3,4001,1.0,atomic,8,context,0.6959459732569429,0.09632450231799937,3.191895028768172e-09,4.586412094361994e-09
shuffle_r4_BLOCK_SHUFFLED_CYCLES_p+3_Nd4001_dt1,shuffle,4,BLOCK_SHUFFLED_CYCLES,3,4001,1.0,static,8,context,0.7796923216647819,0.12470810196087806,4.132439422130912e-09,5.300089929457582e-09
shuffle_r4_BLOCK_SHUFFLED_CYCLES_p+3_Nd4001_dt1,shuffle,4,BLOCK_SHUFFLED_CYCLES,3,4001,1.0,static_lti,8,context,0.7707010654768489,0.12970325177415892,4.297963182682791e-09,5.576692929603712e-09
shuffle_r4_BLOCK_SHUFFLED_CYCLES_p+3_Nd4001_dt1,shuffle,4,BLOCK_SHUFFLED_CYCLES,3,4001,1.0,static_mh,8,context,0.9260441577889637,0.15300524016212816,5.070118751682542e-09,5.4750291430897104e-09
shuffle_r4_BLOCK_SHUFFLED_CYCLES_p+3_Nd4001_dt1,shuffle,4,BLOCK_SHUFFLED_CYCLES,3,4001,1.0,static_lti_mh,8,context,0.784200982599157,0.1318164060117725,4.367986555176238e-09,5.5699835273082365e-09
shuffle_r4_BLOCK_SHUFFLED_CYCLES_p+3_Nd4001_dt1,shuffle,4,BLOCK_SHUFFLED_CYCLES,3,4001,1.0,linear,8,context,4.5399304266093884e-05,4.5399304266093884e-05,1.5043920301615783e-12,3.313689613708732e-08
shuffle_r4_BLOCK_SHUFFLED_CYCLES_p+3_Nd4001_dt1,shuffle,4,BLOCK_SHUFFLED_CYCLES,3,4001,1.0,atomic,16,context,0.6800380181645245,0.09501392014427198,3.1484671796102423e-09,4.629839943519923e-09
shuffle_r4_BLOCK_SHUFFLED_CYCLES_p+3_Nd4001_dt1,shuffle,4,BLOCK_SHUFFLED_CYCLES,3,4001,1.0,static,16,context,0.7599292994512986,0.12291197564360387,4.0729223750302235e-09,5.3596069765582765e-09
shuffle_r4_BLOCK_SHUFFLED_CYCLES_p+3_Nd4001_dt1,shuffle,4,BLOCK_SHUFFLED_CYCLES,3,4001,1.0,static_lti,16,context,0.75055368534585,0.12776631647394168,4.2337802025964714e-09,5.640875909690024e-09
shuffle_r4_BLOCK_SHUFFLED_CYCLES_p+3_Nd4001_dt1,shuffle,4,BLOCK_SHUFFLED_CYCLES,3,4001,1.0,static_mh,16,context,0.903307532393758,0.1510314551733005,5.00471487735557e-09,5.540433017416687e-09
shuffle_r4_BLOCK_SHUFFLED_CYCLES_p+3_Nd4001_dt1,shuffle,4,BLOCK_SHUFFLED_CYCLES,3,4001,1.0,static_lti_mh,16,context,0.7636002312801481,0.12985290071292588,4.302923144851231e-09,5.6350469376332385e-09
shuffle_r4_BLOCK_SHUFFLED_CYCLES_p+3_Nd4001_dt1,shuffle,4,BLOCK_SHUFFLED_CYCLES,3,4001,1.0,linear,16,context,4.515275659949482e-05,4.515275659949482e-05,1.4962225746140796e-12,3.313690430654282e-08
shuffle_r4_BLOCK_SHUFFLED_CYCLES_p+6_Nd4001_dt1,shuffle,4,BLOCK_SHUFFLED_CYCLES,6,4001,1.0,atomic,2,context,0.8825072260426637,0.06491157781964647,4.2916818480433365e-09,4.863055759087757e-09
shuffle_r4_BLOCK_SHUFFLED_CYCLES_p+6_Nd4001_dt1,shuffle,4,BLOCK_SHUFFLED_CYCLES,6,4001,1.0,static,2,context,1.235763684419459,0.10324023793607623,6.8258124362497055e-09,5.523558041322728e-09
shuffle_r4_BLOCK_SHUFFLED_CYCLES_p+6_Nd4001_dt1,shuffle,4,BLOCK_SHUFFLED_CYCLES,6,4001,1.0,static_lti,2,context,1.2300226482660683,0.10853680758017678,7.175999453142765e-09,5.8340384734042005e-09
shuffle_r4_BLOCK_SHUFFLED_CYCLES_p+6_Nd4001_dt1,shuffle,4,BLOCK_SHUFFLED_CYCLES,6,4001,1.0,static_mh,2,context,1.8999815639292748,0.1485355325523685,9.82054773981339e-09,5.168759490225744e-09
shuffle_r4_BLOCK_SHUFFLED_CYCLES_p+6_Nd4001_dt1,shuffle,4,BLOCK_SHUFFLED_CYCLES,6,4001,1.0,static_lti_mh,2,context,1.2533169483952689,0.11060906907903092,7.313008710316292e-09,5.834923655727927e-09
shuffle_r4_BLOCK_SHUFFLED_CYCLES_p+6_Nd4001_dt1,shuffle,4,BLOCK_SHUFFLED_CYCLES,6,4001,1.0,linear,2,context,6.0304781703193905e-05,6.0304781703193905e-05,3.987099769857709e-12,6.611581465432187e-08
shuffle_r4_BLOCK_SHUFFLED_CYCLES_p+6_Nd4001_dt1,shuffle,4,BLOCK_SHUFFLED_CYCLES,6,4001,1.0,atomic,2,zerofill,0.8836711941391818,0.06495791021156166,4.294686853254852e-09,4.860050753876245e-09
shuffle_r4_BLOCK_SHUFFLED_CYCLES_p+6_Nd4001_dt1,shuffle,4,BLOCK_SHUFFLED_CYCLES,6,4001,1.0,static,2,zerofill,1.236124901893072,0.10325513497898091,6.826704696641495e-09,5.522665780930949e-09
shuffle_r4_BLOCK_SHUFFLED_CYCLES_p+6_Nd4001_dt1,shuffle,4,BLOCK_SHUFFLED_CYCLES,6,4001,1.0,static_lti,2,zerofill,1.2305597884078248,0.10855953017143732,7.177404345434325e-09,5.832633581112625e-09
shuffle_r4_BLOCK_SHUFFLED_CYCLES_p+6_Nd4001_dt1,shuffle,4,BLOCK_SHUFFLED_CYCLES,6,4001,1.0,static_mh,2,zerofill,1.9077455496414375,0.1487462934349691,9.834348869983334e-09,5.154958360055778e-09
shuffle_r4_BLOCK_SHUFFLED_CYCLES_p+6_Nd4001_dt1,shuffle,4,BLOCK_SHUFFLED_CYCLES,6,4001,1.0,static_lti_mh,2,zerofill,1.2543678766121094,0.11065171241808895,7.315728801378855e-09,5.832203564665354e-09
shuffle_r4_BLOCK_SHUFFLED_CYCLES_p+6_Nd4001_dt1,shuffle,4,BLOCK_SHUFFLED_CYCLES,6,4001,1.0,linear,2,zerofill,7.388019302295331e-05,7.388019302295331e-05,4.8845828423084726e-12,6.611491717124936e-08
shuffle_r4_BLOCK_SHUFFLED_CYCLES_p+6_Nd4001_dt1,shuffle,4,BLOCK_SHUFFLED_CYCLES,6,4001,1.0,atomic,4,context,0.8772217730392727,0.0647044301053713,4.2779895645653415e-09,4.876748042565763e-09
shuffle_r4_BLOCK_SHUFFLED_CYCLES_p+6_Nd4001_dt1,shuffle,4,BLOCK_SHUFFLED_CYCLES,6,4001,1.0,static,4,context,1.2216871796047946,0.10271082618881923,6.790815433937e-09,5.558555043635451e-09
shuffle_r4_BLOCK_SHUFFLED_CYCLES_p+6_Nd4001_dt1,shuffle,4,BLOCK_SHUFFLED_CYCLES,6,4001,1.0,static_lti,4,context,1.217831265418105,0.10805166816374444,7.143929837348241e-09,5.866108089198706e-09
shuffle_r4_BLOCK_SHUFFLED_CYCLES_p+6_Nd4001_dt1,shuffle,4,BLOCK_SHUFFLED_CYCLES,6,4001,1.0,static_mh,4,context,1.8635038655133642,0.1475395250583444,9.754703774264888e-09,5.234603455774227e-09
shuffle_r4_BLOCK_SHUFFLED_CYCLES_p+6_Nd4001_dt1,shuffle,4,BLOCK_SHUFFLED_CYCLES,6,4001,1.0,static_lti_mh,4,context,1.240314264980248,0.11009676326679123,7.279143075377389e-09,5.868789290666836e-09
shuffle_r4_BLOCK_SHUFFLED_CYCLES_p+6_Nd4001_dt1,shuffle,4,BLOCK_SHUFFLED_CYCLES,6,4001,1.0,linear,4,context,5.949678218131949e-05,5.949678218131949e-05,3.933681401449713e-12,6.611586807269033e-08
shuffle_r4_BLOCK_SHUFFLED_CYCLES_p+6_Nd4001_dt1,shuffle,4,BLOCK_SHUFFLED_CYCLES,6,4001,1.0,atomic,8,context,0.8706504351918858,0.06444441069067985,4.2608582190283e-09,4.893879388102797e-09
shuffle_r4_BLOCK_SHUFFLED_CYCLES_p+6_Nd4001_dt1,shuffle,4,BLOCK_SHUFFLED_CYCLES,6,4001,1.0,static,8,context,1.2119363175127271,0.10233876545647348,6.7663116978969836e-09,5.583058779675465e-09
shuffle_r4_BLOCK_SHUFFLED_CYCLES_p+6_Nd4001_dt1,shuffle,4,BLOCK_SHUFFLED_CYCLES,6,4001,1.0,static_lti,8,context,1.2069652998910325,0.1076133164105708,7.115048128932412e-09,5.894989797614542e-09
shuffle_r4_BLOCK_SHUFFLED_CYCLES_p+6_Nd4001_dt1,shuffle,4,BLOCK_SHUFFLED_CYCLES,6,4001,1.0,static_mh,8,context,1.8330413383576636,0.14668614064950233,9.698418238377405e-09,5.290888991661707e-09
shuffle_r4_BLOCK_SHUFFLED_CYCLES_p+6_Nd4001_dt1,shuffle,4,BLOCK_SHUFFLED_CYCLES,6,4001,1.0,static_lti_mh,8,context,1.2288476743319854,0.10963855375568309,7.248950341628924e-09,5.898982024415297e-09
shuffle_r4_BLOCK_SHUFFLED_CYCLES_p+6_Nd4001_dt1,shuffle,4,BLOCK_SHUFFLED_CYCLES,6,4001,1.0,linear,8,context,4.539930426583627e-05,4.539930426583627e-05,3.001656724703837e-12,6.611680009736699e-08
shuffle_r4_BLOCK_SHUFFLED_CYCLES_p+6_Nd4001_dt1,shuffle,4,BLOCK_SHUFFLED_CYCLES,6,4001,1.0,atomic,16,context,0.8501648816061905,0.06362483886835564,4.206671789784287e-09,4.948065817346807e-09
shuffle_r4_BLOCK_SHUFFLED_CYCLES_p+6_Nd4001_dt1,shuffle,4,BLOCK_SHUFFLED_CYCLES,6,4001,1.0,static,16,context,1.1803680038830944,0.10111614738372973,6.68547775140007e-09,5.663892726172381e-09
shuffle_r4_BLOCK_SHUFFLED_CYCLES_p+6_Nd4001_dt1,shuffle,4,BLOCK_SHUFFLED_CYCLES,6,4001,1.0,static_lti,16,context,1.174676280678838,0.10628946249736997,7.027520876935415e-09,5.9825170496115366e-09
shuffle_r4_BLOCK_SHUFFLED_CYCLES_p+6_Nd4001_dt1,shuffle,4,BLOCK_SHUFFLED_CYCLES,6,4001,1.0,static_mh,16,context,1.7776180987353343,0.14508935755361993,9.592846414614625e-09,5.396460815424496e-09
shuffle_r4_BLOCK_SHUFFLED_CYCLES_p+6_Nd4001_dt1,shuffle,4,BLOCK_SHUFFLED_CYCLES,6,4001,1.0,static_lti_mh,16,context,1.195615406762616,0.10828810677499047,7.159664873682911e-09,5.988267492361305e-09
shuffle_r4_BLOCK_SHUFFLED_CYCLES_p+6_Nd4001_dt1,shuffle,4,BLOCK_SHUFFLED_CYCLES,6,4001,1.0,linear,16,context,4.515275659922257e-05,4.515275659922257e-05,2.9853565179151368e-12,6.611681639757379e-08
shuffle_r4_ORIGINAL_p+3_Nd4001_dt1,shuffle,4,ORIGINAL,3,4001,1.0,atomic,2,context,0.7788019458987345,0.09853575129449661,3.221231831553756e-09,4.1361373690925575e-09
shuffle_r4_ORIGINAL_p+3_Nd4001_dt1,shuffle,4,ORIGINAL,3,4001,1.0,static,2,context,0.7269137458870119,0.12194121995568764,3.986379909214715e-09,5.483979264073979e-09
shuffle_r4_ORIGINAL_p+3_Nd4001_dt1,shuffle,4,ORIGINAL,3,4001,1.0,static_lti,2,context,0.7054481715135752,0.12541115288699223,4.099815472092482e-09,5.8116466065765235e-09
shuffle_r4_ORIGINAL_p+3_Nd4001_dt1,shuffle,4,ORIGINAL,3,4001,1.0,static_mh,2,context,0.9199793933666083,0.15407056792701154,5.036720288748372e-09,5.474818593834806e-09
shuffle_r4_ORIGINAL_p+3_Nd4001_dt1,shuffle,4,ORIGINAL,3,4001,1.0,static_lti_mh,2,context,0.7090814427215918,0.12638816945360767,4.131755116566608e-09,5.826911928068702e-09
shuffle_r4_ORIGINAL_p+3_Nd4001_dt1,shuffle,4,ORIGINAL,3,4001,1.0,linear,2,context,5.463467943816993e-05,5.463467943816993e-05,1.7860620759563623e-12,3.269099579833078e-08
shuffle_r4_ORIGINAL_p+3_Nd4001_dt1,shuffle,4,ORIGINAL,3,4001,1.0,atomic,2,zerofill,0.782324687612861,0.09878627702032122,3.2294068536172014e-09,4.127962347029111e-09
shuffle_r4_ORIGINAL_p+3_Nd4001_dt1,shuffle,4,ORIGINAL,3,4001,1.0,static,2,zerofill,0.7304012034504977,0.12227987265740292,3.997432343138338e-09,5.472926830150356e-09
shuffle_r4_ORIGINAL_p+3_Nd4001_dt1,shuffle,4,ORIGINAL,3,4001,1.0,static_lti,2,zerofill,0.7085788549650577,0.12573747660442453,4.110464337261454e-09,5.800997741407559e-09
shuffle_r4_ORIGINAL_p+3_Nd4001_dt1,shuffle,4,ORIGINAL,3,4001,1.0,static_mh,2,zerofill,0.9262301058354346,0.15461473612121268,5.0544863473025306e-09,5.4570525352806575e-09
shuffle_r4_ORIGINAL_p+3_Nd4001_dt1,shuffle,4,ORIGINAL,3,4001,1.0,static_lti_mh,2,zerofill,0.7123132170351942,0.1267251640652972,4.142752674787504e-09,5.815914369847805e-09
shuffle_r4_ORIGINAL_p+3_Nd4001_dt1,shuffle,4,ORIGINAL,3,4001,1.0,linear,2,zerofill,5.9252927407131364e-05,5.9252927407131364e-05,1.9370282557172366e-12,3.2690844832150963e-08
shuffle_r4_ORIGINAL_p+3_Nd4001_dt1,shuffle,4,ORIGINAL,3,4001,1.0,atomic,4,context,0.7642214853645836,0.0974899807260264,3.1870486021949854e-09,4.1703205984513185e-09
shuffle_r4_ORIGINAL_p+3_Nd4001_dt1,shuffle,4,ORIGINAL,3,4001,1.0,static,4,context,0.7125959017277016,0.1205386070253912,3.940532105657149e-09,5.529827067631539e-09
shuffle_r4_ORIGINAL_p+3_Nd4001_dt1,shuffle,4,ORIGINAL,3,4001,1.0,static_lti,4,context,0.6919659010057321,0.12399441076772562,4.053505914908573e-09,5.857956163760438e-09
shuffle_r4_ORIGINAL_p+3_Nd4001_dt1,shuffle,4,ORIGINAL,3,4001,1.0,static_mh,4,context,0.9026488240629049,0.15254493171793743,4.986852061955452e-09,5.524686820627732e-09
shuffle_r4_ORIGINAL_p+3_Nd4001_dt1,shuffle,4,ORIGINAL,3,4001,1.0,static_lti_mh,4,context,0.6956884469419398,0.12498020727105381,4.085732625228786e-09,5.872934419406522e-09
shuffle_r4_ORIGINAL_p+3_Nd4001_dt1,shuffle,4,ORIGINAL,3,4001,1.0,linear,4,context,5.3363245271711616e-05,5.3363245271711616e-05,1.744499844858351e-12,3.269103736056187e-08
shuffle_r4_ORIGINAL_p+3_Nd4001_dt1,shuffle,4,ORIGINAL,3,4001,1.0,atomic,8,context,0.7420804801428541,0.09586726135846337,3.134045832690891e-09,4.2233233679554165e-09
shuffle_r4_ORIGINAL_p+3_Nd4001_dt1,shuffle,4,ORIGINAL,3,4001,1.0,static,8,context,0.6888875726710186,0.11816232788728057,3.862905292678345e-09,5.6074538806103456e-09
shuffle_r4_ORIGINAL_p+3_Nd4001_dt1,shuffle,4,ORIGINAL,3,4001,1.0,static_lti,8,context,0.6690901833762458,0.12153673261950022,3.973219689261363e-09,5.938242389407654e-09
shuffle_r4_ORIGINAL_p+3_Nd4001_dt1,shuffle,4,ORIGINAL,3,4001,1.0,static_mh,8,context,0.8694675475656228,0.1495432190812583,4.888794108933027e-09,5.622744773650159e-09
shuffle_r4_ORIGINAL_p+3_Nd4001_dt1,shuffle,4,ORIGINAL,3,4001,1.0,static_lti_mh,8,context,0.6721343779366283,0.12244783858057746,4.003005121743647e-09,5.955661922891656e-09
shuffle_r4_ORIGINAL_p+3_Nd4001_dt1,shuffle,4,ORIGINAL,3,4001,1.0,linear,8,context,3.880940562067072e-05,3.880940562067072e-05,1.268738193113469e-12,3.269151312221365e-08
shuffle_r4_ORIGINAL_p+3_Nd4001_dt1,shuffle,4,ORIGINAL,3,4001,1.0,atomic,16,context,0.7264460813995737,0.09469728953842664,3.0958001427340393e-09,4.2615690579122674e-09
shuffle_r4_ORIGINAL_p+3_Nd4001_dt1,shuffle,4,ORIGINAL,3,4001,1.0,static,16,context,0.6689515806935129,0.11611331659921265,3.795923028560397e-09,5.674436144728295e-09
shuffle_r4_ORIGINAL_p+3_Nd4001_dt1,shuffle,4,ORIGINAL,3,4001,1.0,static_lti,16,context,0.6489861890040198,0.11932207384333583,3.900822241439394e-09,6.010639837229621e-09
shuffle_r4_ORIGINAL_p+3_Nd4001_dt1,shuffle,4,ORIGINAL,3,4001,1.0,static_mh,16,context,0.8384793310775271,0.14664408281884106,4.794020765900088e-09,5.7175181166830994e-09
shuffle_r4_ORIGINAL_p+3_Nd4001_dt1,shuffle,4,ORIGINAL,3,4001,1.0,static_lti_mh,16,context,0.6518885412474382,0.12021494216369202,3.930011481037215e-09,6.028655563598096e-09
shuffle_r4_ORIGINAL_p+3_Nd4001_dt1,shuffle,4,ORIGINAL,3,4001,1.0,linear,16,context,3.801502425741061e-05,3.801502425741061e-05,1.2427696515471466e-12,3.2691539090755214e-08
shuffle_r4_ORIGINAL_p+6_Nd4001_dt1,shuffle,4,ORIGINAL,6,4001,1.0,atomic,2,context,1.0192363233799389,0.06745988402521563,4.400213407798572e-09,4.317166987541036e-09
shuffle_r4_ORIGINAL_p+6_Nd4001_dt1,shuffle,4,ORIGINAL,6,4001,1.0,static,2,context,1.1272500697610095,0.10056215227842405,6.559378765122162e-09,5.818920700100581e-09
shuffle_r4_ORIGINAL_p+6_Nd4001_dt1,shuffle,4,ORIGINAL,6,4001,1.0,static_lti,2,context,1.1111145728138314,0.10520605775674104,6.862287307665782e-09,6.176039335248253e-09
shuffle_r4_ORIGINAL_p+6_Nd4001_dt1,shuffle,4,ORIGINAL,6,4001,1.0,static_mh,2,context,1.6228288965945756,0.14126674589884203,9.214421850292703e-09,5.6779996151342275e-09
shuffle_r4_ORIGINAL_p+6_Nd4001_dt1,shuffle,4,ORIGINAL,6,4001,1.0,static_lti_mh,2,context,1.1415229281910464,0.10796452345387167,7.042214058517142e-09,6.169139387919985e-09
shuffle_r4_ORIGINAL_p+6_Nd4001_dt1,shuffle,4,ORIGINAL,6,4001,1.0,linear,2,context,5.463467943813917e-05,5.463467943813917e-05,3.5636623523487962e-12,6.522711195521517e-08
shuffle_r4_ORIGINAL_p+6_Nd4001_dt1,shuffle,4,ORIGINAL,6,4001,1.0,atomic,2,zerofill,1.0262338040272287,0.0676887685148455,4.415122493011935e-09,4.302257902327674e-09
shuffle_r4_ORIGINAL_p+6_Nd4001_dt1,shuffle,4,ORIGINAL,6,4001,1.0,static,2,zerofill,1.1319829562025558,0.10076065928815192,6.572296453233042e-09,5.8060030119896986e-09
shuffle_r4_ORIGINAL_p+6_Nd4001_dt1,shuffle,4,ORIGINAL,6,4001,1.0,static_lti,2,zerofill,1.115582782285979,0.10540652398747667,6.8753313906906514e-09,6.1629952522233925e-09
shuffle_r4_ORIGINAL_p+6_Nd4001_dt1,shuffle,4,ORIGINAL,6,4001,1.0,static_mh,2,zerofill,1.6297743752260783,0.14149730564407725,9.22941797519532e-09,5.6630034902316085e-09
shuffle_r4_ORIGINAL_p+6_Nd4001_dt1,shuffle,4,ORIGINAL,6,4001,1.0,static_lti_mh,2,zerofill,1.1462898022878996,0.10817508222556477,7.055915614903792e-09,6.155437831533325e-09
shuffle_r4_ORIGINAL_p+6_Nd4001_dt1,shuffle,4,ORIGINAL,6,4001,1.0,linear,2,zerofill,5.925292740707984e-05,5.925292740707984e-05,3.864879481659139e-12,6.522681073808589e-08
shuffle_r4_ORIGINAL_p+6_Nd4001_dt1,shuffle,4,ORIGINAL,6,4001,1.0,atomic,4,context,0.9980821083641421,0.06675906339005458,4.354506437934197e-09,4.362873957405407e-09
shuffle_r4_ORIGINAL_p+6_Nd4001_dt1,shuffle,4,ORIGINAL,6,4001,1.0,static,4,context,1.1072590489041216,0.09971571187631241,6.5041761714302386e-09,5.874123293792508e-09
shuffle_r4_ORIGINAL_p+6_Nd4001_dt1,shuffle,4,ORIGINAL,6,4001,1.0,static_lti,4,context,1.0925771891899434,0.10436714354639828,6.8075760114588116e-09,6.230750631455222e-09
shuffle_r4_ORIGINAL_p+6_Nd4001_dt1,shuffle,4,ORIGINAL,6,4001,1.0,static_mh,4,context,1.5826212846279117,0.139911332540039,9.126023753896976e-09,5.766397711529947e-09
shuffle_r4_ORIGINAL_p+6_Nd4001_dt1,shuffle,4,ORIGINAL,6,4001,1.0,static_lti_mh,4,context,1.1216303972548871,0.107077605569974,6.984371846092928e-09,6.2269816003441915e-09
shuffle_r4_ORIGINAL_p+6_Nd4001_dt1,shuffle,4,ORIGINAL,6,4001,1.0,linear,4,context,5.336324527163735e-05,5.336324527163735e-05,3.4807347989100722e-12,6.522719488276865e-08
shuffle_r4_ORIGINAL_p+6_Nd4001_dt1,shuffle,4,ORIGINAL,6,4001,1.0,atomic,8,context,0.9669693428383206,0.06570010889047441,4.2854961735141195e-09,4.431884221825494e-09
shuffle_r4_ORIGINAL_p+6_Nd4001_dt1,shuffle,4,ORIGINAL,6,4001,1.0,static,8,context,1.069549056366032,0.0980733356128705,6.397141672829999e-09,5.981157792392744e-09
shuffle_r4_ORIGINAL_p+6_Nd4001_dt1,shuffle,4,ORIGINAL,6,4001,1.0,static_lti,8,context,1.0564082113860283,0.10268553581958106,6.697986932771492e-09,6.340339710142542e-09
shuffle_r4_ORIGINAL_p+6_Nd4001_dt1,shuffle,4,ORIGINAL,6,4001,1.0,static_mh,8,context,1.5027222244441167,0.13708702619574556,8.941932306073767e-09,5.9504891593531495e-09
shuffle_r4_ORIGINAL_p+6_Nd4001_dt1,shuffle,4,ORIGINAL,6,4001,1.0,static_lti_mh,8,context,1.0825009991099217,0.10528230306319197,6.8673692408671e-09,6.343984205570012e-09
shuffle_r4_ORIGINAL_p+6_Nd4001_dt1,shuffle,4,ORIGINAL,6,4001,1.0,linear,8,context,3.88094056206602e-05,3.88094056206602e-05,2.531465504280319e-12,6.522814415206329e-08
shuffle_r4_ORIGINAL_p+6_Nd4001_dt1,shuffle,4,ORIGINAL,6,4001,1.0,atomic,16,context,0.940523027226174,0.06477408137435264,4.225096473411394e-09,4.492283921928215e-09
shuffle_r4_ORIGINAL_p+6_Nd4001_dt1,shuffle,4,ORIGINAL,6,4001,1.0,static,16,context,1.0385650035351148,0.096679576151604,6.306234339137825e-09,6.072065126084913e-09
shuffle_r4_ORIGINAL_p+6_Nd4001_dt1,shuffle,4,ORIGINAL,6,4001,1.0,static_lti,16,context,1.0249939859041743,0.10117752912000615,6.599627696807132e-09,6.438698946106914e-09
shuffle_r4_ORIGINAL_p+6_Nd4001_dt1,shuffle,4,ORIGINAL,6,4001,1.0,static_mh,16,context,1.44146266074499,0.1347979419612861,8.792626574079852e-09,6.0997948913470745e-09
shuffle_r4_ORIGINAL_p+6_Nd4001_dt1,shuffle,4,ORIGINAL,6,4001,1.0,static_lti_mh,16,context,1.0487813750836656,0.1036815051055573,6.76295753308711e-09,6.4483959133500066e-09
shuffle_r4_ORIGINAL_p+6_Nd4001_dt1,shuffle,4,ORIGINAL,6,4001,1.0,linear,16,context,3.801502425734156e-05,3.801502425734156e-05,2.4796514519145142e-12,6.522819596611563e-08
shuffle_r5_BLOCK_SHUFFLED_CYCLES_p+3_Nd4001_dt1,shuffle,5,BLOCK_SHUFFLED_CYCLES,3,4001,1.0,atomic,2,context,0.6150272246186704,0.08077102038234166,2.7224153180431376e-09,4.426495623394706e-09
shuffle_r5_BLOCK_SHUFFLED_CYCLES_p+3_Nd4001_dt1,shuffle,5,BLOCK_SHUFFLED_CYCLES,3,4001,1.0,static,2,context,0.6284366614571052,0.11121755952002668,3.748626502914522e-09,5.9650028918155186e-09
shuffle_r5_BLOCK_SHUFFLED_CYCLES_p+3_Nd4001_dt1,shuffle,5,BLOCK_SHUFFLED_CYCLES,3,4001,1.0,static_lti,2,context,0.6511316452704791,0.11822187987303379,3.984709555118685e-09,6.119668094864969e-09
shuffle_r5_BLOCK_SHUFFLED_CYCLES_p+3_Nd4001_dt1,shuffle,5,BLOCK_SHUFFLED_CYCLES,3,4001,1.0,static_mh,2,context,0.7466785045060322,0.13352826198037837,4.50061648455456e-09,6.0275158015054395e-09
shuffle_r5_BLOCK_SHUFFLED_CYCLES_p+3_Nd4001_dt1,shuffle,5,BLOCK_SHUFFLED_CYCLES,3,4001,1.0,static_lti_mh,2,context,0.6559964504463341,0.11919641199341167,4.017556498983986e-09,6.124357069692185e-09
shuffle_r5_BLOCK_SHUFFLED_CYCLES_p+3_Nd4001_dt1,shuffle,5,BLOCK_SHUFFLED_CYCLES,3,4001,1.0,linear,2,context,5.975372758139377e-05,5.975372758139377e-05,2.014020158563298e-12,3.370534760061442e-08
shuffle_r5_BLOCK_SHUFFLED_CYCLES_p+3_Nd4001_dt1,shuffle,5,BLOCK_SHUFFLED_CYCLES,3,4001,1.0,atomic,2,zerofill,0.6170451971687901,0.08094432278775558,2.7279393112357086e-09,4.420971630202142e-09
shuffle_r5_BLOCK_SHUFFLED_CYCLES_p+3_Nd4001_dt1,shuffle,5,BLOCK_SHUFFLED_CYCLES,3,4001,1.0,static,2,zerofill,0.6295742585705846,0.11135405235793136,3.7527906396735095e-09,5.9608387550565115e-09
shuffle_r5_BLOCK_SHUFFLED_CYCLES_p+3_Nd4001_dt1,shuffle,5,BLOCK_SHUFFLED_CYCLES,3,4001,1.0,static_lti,2,zerofill,0.6528105663910082,0.11842008101761238,3.990925899704097e-09,6.1134517502795556e-09
shuffle_r5_BLOCK_SHUFFLED_CYCLES_p+3_Nd4001_dt1,shuffle,5,BLOCK_SHUFFLED_CYCLES,3,4001,1.0,static_mh,2,zerofill,0.7477269997270991,0.1336510854634308,4.5042325078315176e-09,6.023899778228478e-09
shuffle_r5_BLOCK_SHUFFLED_CYCLES_p+3_Nd4001_dt1,shuffle,5,BLOCK_SHUFFLED_CYCLES,3,4001,1.0,static_lti_mh,2,zerofill,0.6576907629091171,0.11939601162474862,4.023816155333586e-09,6.118097413342592e-09
shuffle_r5_BLOCK_SHUFFLED_CYCLES_p+3_Nd4001_dt1,shuffle,5,BLOCK_SHUFFLED_CYCLES,3,4001,1.0,linear,2,zerofill,0.00017604794863636489,0.00017604794863636489,5.9330673629428595e-12,3.3701428553410084e-08
shuffle_r5_BLOCK_SHUFFLED_CYCLES_p+3_Nd4001_dt1,shuffle,5,BLOCK_SHUFFLED_CYCLES,3,4001,1.0,atomic,4,context,0.6092668033706495,0.08030086248644903,2.706570537432568e-09,4.442340404005265e-09
shuffle_r5_BLOCK_SHUFFLED_CYCLES_p+3_Nd4001_dt1,shuffle,5,BLOCK_SHUFFLED_CYCLES,3,4001,1.0,static,4,context,0.6193495442006918,0.11022436579288906,3.715153383471661e-09,5.9984760112583795e-09
shuffle_r5_BLOCK_SHUFFLED_CYCLES_p+3_Nd4001_dt1,shuffle,5,BLOCK_SHUFFLED_CYCLES,3,4001,1.0,static_lti,4,context,0.6399499280911524,0.11698383003522964,3.94298364831141e-09,6.161394001672244e-09
shuffle_r5_BLOCK_SHUFFLED_CYCLES_p+3_Nd4001_dt1,shuffle,5,BLOCK_SHUFFLED_CYCLES,3,4001,1.0,static_mh,4,context,0.7357875576787302,0.13240612075489547,4.462797712433215e-09,6.065334573626786e-09
shuffle_r5_BLOCK_SHUFFLED_CYCLES_p+3_Nd4001_dt1,shuffle,5,BLOCK_SHUFFLED_CYCLES,3,4001,1.0,static_lti_mh,4,context,0.6448595705368986,0.11796606385587811,3.9760902057943466e-09,6.1658233628818205e-09
shuffle_r5_BLOCK_SHUFFLED_CYCLES_p+3_Nd4001_dt1,shuffle,5,BLOCK_SHUFFLED_CYCLES,3,4001,1.0,linear,4,context,5.899453050568512e-05,5.899453050568512e-05,1.9884326667512368e-12,3.370537318810627e-08
shuffle_r5_BLOCK_SHUFFLED_CYCLES_p+3_Nd4001_dt1,shuffle,5,BLOCK_SHUFFLED_CYCLES,3,4001,1.0,atomic,8,context,0.6040136911376113,0.07986810374370457,2.6920219629107092e-09,4.456888978527129e-09
shuffle_r5_BLOCK_SHUFFLED_CYCLES_p+3_Nd4001_dt1,shuffle,5,BLOCK_SHUFFLED_CYCLES,3,4001,1.0,static,8,context,0.6135441909639856,0.10958252135929449,3.693571531346208e-09,6.020057863383824e-09
shuffle_r5_BLOCK_SHUFFLED_CYCLES_p+3_Nd4001_dt1,shuffle,5,BLOCK_SHUFFLED_CYCLES,3,4001,1.0,static_lti,8,context,0.634400776787534,0.11636154800836108,3.9220643560288366e-09,6.18231329395482e-09
shuffle_r5_BLOCK_SHUFFLED_CYCLES_p+3_Nd4001_dt1,shuffle,5,BLOCK_SHUFFLED_CYCLES,3,4001,1.0,static_mh,8,context,0.7273846131724617,0.13152889483188968,4.433292604279833e-09,6.094839681780162e-09
shuffle_r5_BLOCK_SHUFFLED_CYCLES_p+3_Nd4001_dt1,shuffle,5,BLOCK_SHUFFLED_CYCLES,3,4001,1.0,static_lti_mh,8,context,0.6392794283680949,0.11734171198141852,3.9551016114417324e-09,6.186811957234448e-09
shuffle_r5_BLOCK_SHUFFLED_CYCLES_p+3_Nd4001_dt1,shuffle,5,BLOCK_SHUFFLED_CYCLES,3,4001,1.0,linear,8,context,4.498178151051028e-05,4.498178151051028e-05,1.5161489766393677e-12,3.3705845471796396e-08
shuffle_r5_BLOCK_SHUFFLED_CYCLES_p+3_Nd4001_dt1,shuffle,5,BLOCK_SHUFFLED_CYCLES,3,4001,1.0,atomic,16,context,0.5896410890184433,0.07867252306621605,2.6517253875263733e-09,4.497185553911475e-09
shuffle_r5_BLOCK_SHUFFLED_CYCLES_p+3_Nd4001_dt1,shuffle,5,BLOCK_SHUFFLED_CYCLES,3,4001,1.0,static,16,context,0.5976250591419543,0.10780278915338667,3.633586183623302e-09,6.080043211106738e-09
shuffle_r5_BLOCK_SHUFFLED_CYCLES_p+3_Nd4001_dt1,shuffle,5,BLOCK_SHUFFLED_CYCLES,3,4001,1.0,static_lti,16,context,0.6185695096414922,0.1145674522955033,3.8615950016056205e-09,6.2427826483780405e-09
shuffle_r5_BLOCK_SHUFFLED_CYCLES_p+3_Nd4001_dt1,shuffle,5,BLOCK_SHUFFLED_CYCLES,3,4001,1.0,static_mh,16,context,0.7060204008760272,0.129264388273798,4.356967931487279e-09,6.171164354572716e-09
shuffle_r5_BLOCK_SHUFFLED_CYCLES_p+3_Nd4001_dt1,shuffle,5,BLOCK_SHUFFLED_CYCLES,3,4001,1.0,static_lti_mh,16,context,0.6232856572283708,0.1155331511370145,3.894144715723531e-09,6.247768852952641e-09
shuffle_r5_BLOCK_SHUFFLED_CYCLES_p+3_Nd4001_dt1,shuffle,5,BLOCK_SHUFFLED_CYCLES,3,4001,1.0,linear,16,context,4.442280702625962e-05,4.442280702625962e-05,1.4973091059704757e-12,3.370586431166704e-08
shuffle_r5_BLOCK_SHUFFLED_CYCLES_p+6_Nd4001_dt1,shuffle,5,BLOCK_SHUFFLED_CYCLES,6,4001,1.0,atomic,2,context,0.7031198462039017,0.053534876961706765,3.6002745394994995e-09,5.120427988112052e-09
shuffle_r5_BLOCK_SHUFFLED_CYCLES_p+6_Nd4001_dt1,shuffle,5,BLOCK_SHUFFLED_CYCLES,6,4001,1.0,static,2,context,1.0721867900017454,0.09523695277506754,6.404781252058385e-09,5.973568516030643e-09
shuffle_r5_BLOCK_SHUFFLED_CYCLES_p+6_Nd4001_dt1,shuffle,5,BLOCK_SHUFFLED_CYCLES,6,4001,1.0,static_lti,2,context,1.1159789839811554,0.10193502349117259,6.855233271967004e-09,6.142797821793714e-09
shuffle_r5_BLOCK_SHUFFLED_CYCLES_p+6_Nd4001_dt1,shuffle,5,BLOCK_SHUFFLED_CYCLES,6,4001,1.0,static_mh,2,context,1.5315114895695094,0.13335714648836944,8.968402776115667e-09,5.855916091518571e-09
shuffle_r5_BLOCK_SHUFFLED_CYCLES_p+6_Nd4001_dt1,shuffle,5,BLOCK_SHUFFLED_CYCLES,6,4001,1.0,static_lti_mh,2,context,1.1411046267798262,0.10418808750027157,7.006754101904167e-09,6.140325731284679e-09
shuffle_r5_BLOCK_SHUFFLED_CYCLES_p+6_Nd4001_dt1,shuffle,5,BLOCK_SHUFFLED_CYCLES,6,4001,1.0,linear,2,context,5.975372758147121e-05,5.975372758147121e-05,4.018498523974214e-12,6.725100988043286e-08
shuffle_r5_BLOCK_SHUFFLED_CYCLES_p+6_Nd4001_dt1,shuffle,5,BLOCK_SHUFFLED_CYCLES,6,4001,1.0,atomic,2,zerofill,0.7051829110901295,0.05363323213132344,3.6064696374658357e-09,5.1142328901457065e-09
shuffle_r5_BLOCK_SHUFFLED_CYCLES_p+6_Nd4001_dt1,shuffle,5,BLOCK_SHUFFLED_CYCLES,6,4001,1.0,static,2,zerofill,1.074465208223853,0.09534559683958443,6.4113421176270015e-09,5.967007650462023e-09
shuffle_r5_BLOCK_SHUFFLED_CYCLES_p+6_Nd4001_dt1,shuffle,5,BLOCK_SHUFFLED_CYCLES,6,4001,1.0,static_lti,2,zerofill,1.1185068279716763,0.10205588020180043,6.862562979076639e-09,6.135468114684068e-09
shuffle_r5_BLOCK_SHUFFLED_CYCLES_p+6_Nd4001_dt1,shuffle,5,BLOCK_SHUFFLED_CYCLES,6,4001,1.0,static_mh,2,zerofill,1.5365585794199021,0.13354593192719327,8.980054521480455e-09,5.844264346153793e-09
shuffle_r5_BLOCK_SHUFFLED_CYCLES_p+6_Nd4001_dt1,shuffle,5,BLOCK_SHUFFLED_CYCLES,6,4001,1.0,static_lti_mh,2,zerofill,1.1437709810874108,0.10431377820297745,7.014391244167975e-09,6.132688589020875e-09
shuffle_r5_BLOCK_SHUFFLED_CYCLES_p+6_Nd4001_dt1,shuffle,5,BLOCK_SHUFFLED_CYCLES,6,4001,1.0,linear,2,zerofill,0.0001760479486364495,0.0001760479486364495,1.1838025721457356e-11,6.724319035323525e-08
shuffle_r5_BLOCK_SHUFFLED_CYCLES_p+6_Nd4001_dt1,shuffle,5,BLOCK_SHUFFLED_CYCLES,6,4001,1.0,atomic,4,context,0.6971673163741745,0.05326779157110342,3.582315496778052e-09,5.138387030833498e-09
shuffle_r5_BLOCK_SHUFFLED_CYCLES_p+6_Nd4001_dt1,shuffle,5,BLOCK_SHUFFLED_CYCLES,6,4001,1.0,static,4,context,1.0551642986892744,0.09450116264182956,6.355303447177557e-09,6.023046320911461e-09
shuffle_r5_BLOCK_SHUFFLED_CYCLES_p+6_Nd4001_dt1,shuffle,5,BLOCK_SHUFFLED_CYCLES,6,4001,1.0,static_lti,4,context,1.0953503402571596,0.1010356947333955,6.794757663043883e-09,6.2032734307168355e-09
shuffle_r5_BLOCK_SHUFFLED_CYCLES_p+6_Nd4001_dt1,shuffle,5,BLOCK_SHUFFLED_CYCLES,6,4001,1.0,static_mh,4,context,1.506924775828109,0.1325030511162247,8.910970764583428e-09,5.913348103050818e-09
shuffle_r5_BLOCK_SHUFFLED_CYCLES_p+6_Nd4001_dt1,shuffle,5,BLOCK_SHUFFLED_CYCLES,6,4001,1.0,static_lti_mh,4,context,1.1193763950585696,0.10325193790030866,6.943802367306944e-09,6.2032774658819035e-09
shuffle_r5_BLOCK_SHUFFLED_CYCLES_p+6_Nd4001_dt1,shuffle,5,BLOCK_SHUFFLED_CYCLES,6,4001,1.0,linear,4,context,5.89945305057601e-05,5.89945305057601e-05,3.9674447658268516e-12,6.725106093419081e-08
shuffle_r5_BLOCK_SHUFFLED_CYCLES_p+6_Nd4001_dt1,shuffle,5,BLOCK_SHUFFLED_CYCLES,6,4001,1.0,atomic,8,context,0.6937925081929985,0.053114811602549404,3.5720774832635107e-09,5.148625044348034e-09
shuffle_r5_BLOCK_SHUFFLED_CYCLES_p+6_Nd4001_dt1,shuffle,5,BLOCK_SHUFFLED_CYCLES,6,4001,1.0,static,8,context,1.0411505713591926,0.09388495958790145,6.313951608649791e-09,6.064398159439231e-09
shuffle_r5_BLOCK_SHUFFLED_CYCLES_p+6_Nd4001_dt1,shuffle,5,BLOCK_SHUFFLED_CYCLES,6,4001,1.0,static_lti,8,context,1.0820438654591307,0.10044477220093558,6.7551121479130516e-09,6.242918945847667e-09
shuffle_r5_BLOCK_SHUFFLED_CYCLES_p+6_Nd4001_dt1,shuffle,5,BLOCK_SHUFFLED_CYCLES,6,4001,1.0,static_mh,8,context,1.4815654734198955,0.13160264959132859,8.850541819872313e-09,5.9737770477619325e-09
shuffle_r5_BLOCK_SHUFFLED_CYCLES_p+6_Nd4001_dt1,shuffle,5,BLOCK_SHUFFLED_CYCLES,6,4001,1.0,static_lti_mh,8,context,1.1053758809657026,0.10263711013902971,6.902551266081636e-09,6.244528567107217e-09
shuffle_r5_BLOCK_SHUFFLED_CYCLES_p+6_Nd4001_dt1,shuffle,5,BLOCK_SHUFFLED_CYCLES,6,4001,1.0,linear,8,context,4.498178151057923e-05,4.498178151057923e-05,3.0251149169717984e-12,6.725200326403978e-08
shuffle_r5_BLOCK_SHUFFLED_CYCLES_p+6_Nd4001_dt1,shuffle,5,BLOCK_SHUFFLED_CYCLES,6,4001,1.0,atomic,16,context,0.678998076053856,0.05244020123475359,3.5267105558590922e-09,5.193991971752457e-09
shuffle_r5_BLOCK_SHUFFLED_CYCLES_p+6_Nd4001_dt1,shuffle,5,BLOCK_SHUFFLED_CYCLES,6,4001,1.0,static,16,context,1.0111167493661923,0.09253825455860527,6.223386476181636e-09,6.154963291907388e-09
shuffle_r5_BLOCK_SHUFFLED_CYCLES_p+6_Nd4001_dt1,shuffle,5,BLOCK_SHUFFLED_CYCLES,6,4001,1.0,static_lti,16,context,1.0522904572327043,0.09909891729858772,6.664604434803686e-09,6.333426658957024e-09
shuffle_r5_BLOCK_SHUFFLED_CYCLES_p+6_Nd4001_dt1,shuffle,5,BLOCK_SHUFFLED_CYCLES,6,4001,1.0,static_mh,16,context,1.4310581470440813,0.12975712479260898,8.726431457718069e-09,6.097887409916172e-09
shuffle_r5_BLOCK_SHUFFLED_CYCLES_p+6_Nd4001_dt1,shuffle,5,BLOCK_SHUFFLED_CYCLES,6,4001,1.0,static_lti_mh,16,context,1.0746816140930104,0.101263327158801,6.810165415148684e-09,6.336914418040174e-09
shuffle_r5_BLOCK_SHUFFLED_CYCLES_p+6_Nd4001_dt1,shuffle,5,BLOCK_SHUFFLED_CYCLES,6,4001,1.0,linear,16,context,4.4422807026326865e-05,4.4422807026326865e-05,2.9875244330071567e-12,6.72520408545237e-08
shuffle_r5_ORIGINAL_p+3_Nd4001_dt1,shuffle,5,ORIGINAL,3,4001,1.0,atomic,2,context,0.6834889151884239,0.08872856323235899,2.9753755283676375e-09,4.3532169465358295e-09
shuffle_r5_ORIGINAL_p+3_Nd4001_dt1,shuffle,5,ORIGINAL,3,4001,1.0,static,2,context,0.6137060470141298,0.10948947050070912,3.671560535569816e-09,5.98260446256493e-09
shuffle_r5_ORIGINAL_p+3_Nd4001_dt1,shuffle,5,ORIGINAL,3,4001,1.0,static_lti,2,context,0.6486317748834785,0.11716378454274931,3.9289068214315375e-09,6.057222253931877e-09
shuffle_r5_ORIGINAL_p+3_Nd4001_dt1,shuffle,5,ORIGINAL,3,4001,1.0,static_mh,2,context,0.731075325245675,0.1303338323476549,4.370544063359253e-09,5.978240425349534e-09
shuffle_r5_ORIGINAL_p+3_Nd4001_dt1,shuffle,5,ORIGINAL,3,4001,1.0,static_lti_mh,2,context,0.6558313058577381,0.11838003353331161,3.969691855597414e-09,6.052916077870967e-09
shuffle_r5_ORIGINAL_p+3_Nd4001_dt1,shuffle,5,ORIGINAL,3,4001,1.0,linear,2,context,4.631058445860084e-05,4.631058445860084e-05,1.5529540283626676e-12,3.353345777250824e-08
shuffle_r5_ORIGINAL_p+3_Nd4001_dt1,shuffle,5,ORIGINAL,3,4001,1.0,atomic,2,zerofill,0.6838121351452847,0.08875501703729112,2.9762111599468936e-09,4.352381314956569e-09
shuffle_r5_ORIGINAL_p+3_Nd4001_dt1,shuffle,5,ORIGINAL,3,4001,1.0,static,2,zerofill,0.6143392200415637,0.1095613391442651,3.6739070211984087e-09,5.980257976936337e-09
shuffle_r5_ORIGINAL_p+3_Nd4001_dt1,shuffle,5,ORIGINAL,3,4001,1.0,static_lti,2,zerofill,0.649213103461623,0.11722948206339048,3.931041922342981e-09,6.055087153020406e-09
shuffle_r5_ORIGINAL_p+3_Nd4001_dt1,shuffle,5,ORIGINAL,3,4001,1.0,static_mh,2,zerofill,0.7327526468232821,0.13050866246038356,4.376331058796795e-09,5.972453429911983e-09
shuffle_r5_ORIGINAL_p+3_Nd4001_dt1,shuffle,5,ORIGINAL,3,4001,1.0,static_lti_mh,2,zerofill,0.6563034044432143,0.11843353036388357,3.97141712713323e-09,6.0511908063351376e-09
shuffle_r5_ORIGINAL_p+3_Nd4001_dt1,shuffle,5,ORIGINAL,3,4001,1.0,linear,2,zerofill,6.360047134574083e-05,6.360047134574083e-05,2.1327068476314466e-12,3.3532878019688904e-08
shuffle_r5_ORIGINAL_p+3_Nd4001_dt1,shuffle,5,ORIGINAL,3,4001,1.0,atomic,4,context,0.6779787076781363,0.08830220402922782,2.9610802762270968e-09,4.367512198676364e-09
shuffle_r5_ORIGINAL_p+3_Nd4001_dt1,shuffle,5,ORIGINAL,3,4001,1.0,static,4,context,0.599801936126386,0.10793883455009273,3.619564851625079e-09,6.034600146509681e-09
shuffle_r5_ORIGINAL_p+3_Nd4001_dt1,shuffle,5,ORIGINAL,3,4001,1.0,static_lti,4,context,0.6340990059428095,0.11555726222916453,3.875037251033084e-09,6.111091824330317e-09
shuffle_r5_ORIGINAL_p+3_Nd4001_dt1,shuffle,5,ORIGINAL,3,4001,1.0,static_mh,4,context,0.7101191373886588,0.12814909839006855,4.297285348998959e-09,6.0514991397098345e-09
shuffle_r5_ORIGINAL_p+3_Nd4001_dt1,shuffle,5,ORIGINAL,3,4001,1.0,static_lti_mh,4,context,0.641281605060432,0.11677981543768876,3.916033715755539e-09,6.106574217712836e-09
shuffle_r5_ORIGINAL_p+3_Nd4001_dt1,shuffle,5,ORIGINAL,3,4001,1.0,linear,4,context,4.561952303845623e-05,4.561952303845623e-05,1.5297814065359932e-12,3.3533480945130044e-08
shuffle_r5_ORIGINAL_p+3_Nd4001_dt1,shuffle,5,ORIGINAL,3,4001,1.0,atomic,8,context,0.6697722837950961,0.08766084511592254,2.939615279613773e-09,4.388977195289693e-09
shuffle_r5_ORIGINAL_p+3_Nd4001_dt1,shuffle,5,ORIGINAL,3,4001,1.0,static,8,context,0.5946293661564414,0.10735356469485184,3.599990151597012e-09,6.054174846537749e-09
shuffle_r5_ORIGINAL_p+3_Nd4001_dt1,shuffle,5,ORIGINAL,3,4001,1.0,static_lti,8,context,0.6279072138723902,0.11486247162991679,3.8517935369091785e-09,6.134335538454221e-09
shuffle_r5_ORIGINAL_p+3_Nd4001_dt1,shuffle,5,ORIGINAL,3,4001,1.0,static_mh,8,context,0.7011523714540288,0.12719606982453072,4.265387926257798e-09,6.083396562450989e-09
shuffle_r5_ORIGINAL_p+3_Nd4001_dt1,shuffle,5,ORIGINAL,3,4001,1.0,static_lti_mh,8,context,0.634682408000894,0.11604300616127386,3.891381534742188e-09,6.13122639872619e-09
shuffle_r5_ORIGINAL_p+3_Nd4001_dt1,shuffle,5,ORIGINAL,3,4001,1.0,linear,8,context,3.133119037268925e-05,3.133119037268925e-05,1.0506588868296925e-12,3.353396006764972e-08
shuffle_r5_ORIGINAL_p+3_Nd4001_dt1,shuffle,5,ORIGINAL,3,4001,1.0,atomic,16,context,0.6462777707428562,0.08579295283667782,2.8769788984190086e-09,4.451613576484458e-09
shuffle_r5_ORIGINAL_p+3_Nd4001_dt1,shuffle,5,ORIGINAL,3,4001,1.0,static,16,context,0.5761569329636942,0.10523761370046095,3.5290357066106247e-09,6.125129291524124e-09
shuffle_r5_ORIGINAL_p+3_Nd4001_dt1,shuffle,5,ORIGINAL,3,4001,1.0,static_lti,16,context,0.6079051405499736,0.11258680804621356,3.775483420018519e-09,6.210645655344891e-09
shuffle_r5_ORIGINAL_p+3_Nd4001_dt1,shuffle,5,ORIGINAL,3,4001,1.0,static_mh,16,context,0.6782985011026009,0.12472569505740932,4.182548576616935e-09,6.1662359120918556e-09
shuffle_r5_ORIGINAL_p+3_Nd4001_dt1,shuffle,5,ORIGINAL,3,4001,1.0,static_lti_mh,16,context,0.6142598816139553,0.11372982717153009,3.8138133969606244e-09,6.208794536507752e-09
shuffle_r5_ORIGINAL_p+3_Nd4001_dt1,shuffle,5,ORIGINAL,3,4001,1.0,linear,16,context,3.082929119756961e-05,3.082929119756961e-05,1.03382873879478e-12,3.353397689779778e-08
shuffle_r5_ORIGINAL_p+6_Nd4001_dt1,shuffle,5,ORIGINAL,6,4001,1.0,atomic,2,context,0.7913170446332646,0.05870699711052573,3.927970380068911e-09,4.96383896531551e-09
shuffle_r5_ORIGINAL_p+6_Nd4001_dt1,shuffle,5,ORIGINAL,6,4001,1.0,static,2,context,1.0711778123230609,0.0953264751874257,6.378108051884124e-09,5.954294402394253e-09
shuffle_r5_ORIGINAL_p+6_Nd4001_dt1,shuffle,5,ORIGINAL,6,4001,1.0,static_lti,2,context,1.133339661379308,0.10241231058788776,6.85220744277374e-09,6.046031632242006e-09
shuffle_r5_ORIGINAL_p+6_Nd4001_dt1,shuffle,5,ORIGINAL,6,4001,1.0,static_mh,2,context,1.514654053337797,0.13357579257107208,8.937295084700021e-09,5.9005520534574715e-09
shuffle_r5_ORIGINAL_p+6_Nd4001_dt1,shuffle,5,ORIGINAL,6,4001,1.0,static_lti_mh,2,context,1.162750593924984,0.10501871388405888,7.026596790718068e-09,6.043081661217707e-09
shuffle_r5_ORIGINAL_p+6_Nd4001_dt1,shuffle,5,ORIGINAL,6,4001,1.0,linear,2,context,4.631058445854305e-05,4.631058445854305e-05,3.098550649667316e-12,6.690804458408681e-08
shuffle_r5_ORIGINAL_p+6_Nd4001_dt1,shuffle,5,ORIGINAL,6,4001,1.0,atomic,2,zerofill,0.7931043683345742,0.058781963177406575,3.932918216451933e-09,4.958891128932499e-09
shuffle_r5_ORIGINAL_p+6_Nd4001_dt1,shuffle,5,ORIGINAL,6,4001,1.0,static,2,zerofill,1.0715048708778117,0.09534217402963227,6.379048142805066e-09,5.953354311473304e-09
shuffle_r5_ORIGINAL_p+6_Nd4001_dt1,shuffle,5,ORIGINAL,6,4001,1.0,static_lti,2,zerofill,1.134142633971333,0.1024480810425652,6.854482266215206e-09,6.0437568088005255e-09
shuffle_r5_ORIGINAL_p+6_Nd4001_dt1,shuffle,5,ORIGINAL,6,4001,1.0,static_mh,2,zerofill,1.516905803030643,0.1336570016045298,8.94257401339811e-09,5.8952731247593895e-09
shuffle_r5_ORIGINAL_p+6_Nd4001_dt1,shuffle,5,ORIGINAL,6,4001,1.0,static_lti_mh,2,zerofill,1.1635987883856458,0.10505593796438292,7.0289658567472654e-09,6.040712595188514e-09
shuffle_r5_ORIGINAL_p+6_Nd4001_dt1,shuffle,5,ORIGINAL,6,4001,1.0,linear,2,zerofill,6.36004713456733e-05,6.36004713456733e-05,4.2553096019506495e-12,6.690688782513458e-08
shuffle_r5_ORIGINAL_p+6_Nd4001_dt1,shuffle,5,ORIGINAL,6,4001,1.0,atomic,4,context,0.7827363246159057,0.05834986820674495,3.904078281285433e-09,4.9877310640990016e-09
shuffle_r5_ORIGINAL_p+6_Nd4001_dt1,shuffle,5,ORIGINAL,6,4001,1.0,static,4,context,1.047873971160148,0.0943137206426971,6.310350986290871e-09,6.0220514679875106e-09
shuffle_r5_ORIGINAL_p+6_Nd4001_dt1,shuffle,5,ORIGINAL,6,4001,1.0,static_lti,4,context,1.107882208681682,0.10132089903598648,6.779187914617838e-09,6.119051160397904e-09
shuffle_r5_ORIGINAL_p+6_Nd4001_dt1,shuffle,5,ORIGINAL,6,4001,1.0,static_mh,4,context,1.4748786902668771,0.13215835961126804,8.842463527432947e-09,5.9953836107245645e-09
shuffle_r5_ORIGINAL_p+6_Nd4001_dt1,shuffle,5,ORIGINAL,6,4001,1.0,static_lti_mh,4,context,1.1364199756187585,0.1039054898722502,6.9521179530219385e-09,6.117560498913833e-09
shuffle_r5_ORIGINAL_p+6_Nd4001_dt1,shuffle,5,ORIGINAL,6,4001,1.0,linear,4,context,4.5619523038408494e-05,4.5619523038408494e-05,3.0523151905982083e-12,6.690809081954604e-08
shuffle_r5_ORIGINAL_p+6_Nd4001_dt1,shuffle,5,ORIGINAL,6,4001,1.0,atomic,8,context,0.7756734864755048,0.05805252794678688,3.884239308939507e-09,5.007570036444926e-09
shuffle_r5_ORIGINAL_p+6_Nd4001_dt1,shuffle,5,ORIGINAL,6,4001,1.0,static,8,context,1.0368118818535312,0.09382355661441749,6.277644739954903e-09,6.05475771432347e-09
shuffle_r5_ORIGINAL_p+6_Nd4001_dt1,shuffle,5,ORIGINAL,6,4001,1.0,static_lti,8,context,1.0945818535076663,0.10073873358835599,6.740332639697466e-09,6.157906435318277e-09
shuffle_r5_ORIGINAL_p+6_Nd4001_dt1,shuffle,5,ORIGINAL,6,4001,1.0,static_mh,8,context,1.4532752482044258,0.1313674135899945,8.789668423185571e-09,6.04817871497194e-09
shuffle_r5_ORIGINAL_p+6_Nd4001_dt1,shuffle,5,ORIGINAL,6,4001,1.0,static_lti_mh,8,context,1.1224034218971373,0.10330018635347724,6.911717002621259e-09,6.1579614493145085e-09
shuffle_r5_ORIGINAL_p+6_Nd4001_dt1,shuffle,5,ORIGINAL,6,4001,1.0,linear,8,context,3.1331190372648244e-05,3.1331190372648244e-05,2.0963400827757255e-12,6.690904679465373e-08
shuffle_r5_ORIGINAL_p+6_Nd4001_dt1,shuffle,5,ORIGINAL,6,4001,1.0,atomic,16,context,0.7483874272715658,0.056884492703962314,3.8060890944326805e-09,5.0857202509517476e-09
shuffle_r5_ORIGINAL_p+6_Nd4001_dt1,shuffle,5,ORIGINAL,6,4001,1.0,static,16,context,1.0005722846537741,0.09218427602037377,6.167965133578087e-09,6.1644373207002985e-09
shuffle_r5_ORIGINAL_p+6_Nd4001_dt1,shuffle,5,ORIGINAL,6,4001,1.0,static_lti,16,context,1.05556273856428,0.09899167579776375,6.623441992429686e-09,6.2747970825860504e-09
shuffle_r5_ORIGINAL_p+6_Nd4001_dt1,shuffle,5,ORIGINAL,6,4001,1.0,static_mh,16,context,1.3853707135781523,0.12879409488886842,8.617494446772217e-09,6.220352691385288e-09
shuffle_r5_ORIGINAL_p+6_Nd4001_dt1,shuffle,5,ORIGINAL,6,4001,1.0,static_lti_mh,16,context,1.0819444267885687,0.10151159777593763,6.792047654606591e-09,6.277630797329185e-09
shuffle_r5_ORIGINAL_p+6_Nd4001_dt1,shuffle,5,ORIGINAL,6,4001,1.0,linear,16,context,3.082929119752516e-05,3.082929119752516e-05,2.062759522646084e-12,6.690908037521386e-08
shuffle_r6_BLOCK_SHUFFLED_CYCLES_p+3_Nd4001_dt1,shuffle,6,BLOCK_SHUFFLED_CYCLES,3,4001,1.0,atomic,2,context,0.5895886832673813,0.08483497200032644,2.8125651478587103e-09,4.770385232416678e-09
shuffle_r6_BLOCK_SHUFFLED_CYCLES_p+3_Nd4001_dt1,shuffle,6,BLOCK_SHUFFLED_CYCLES,3,4001,1.0,static,2,context,0.5328076945070775,0.1067958556966469,3.5406424330166737e-09,6.645253943436888e-09
shuffle_r6_BLOCK_SHUFFLED_CYCLES_p+3_Nd4001_dt1,shuffle,6,BLOCK_SHUFFLED_CYCLES,3,4001,1.0,static_lti,2,context,0.5727898992466744,0.11503964496839753,3.8139518223558735e-09,6.658552860956402e-09
shuffle_r6_BLOCK_SHUFFLED_CYCLES_p+3_Nd4001_dt1,shuffle,6,BLOCK_SHUFFLED_CYCLES,3,4001,1.0,static_mh,2,context,0.6290384925374503,0.1270960019621544,4.213660676985456e-09,6.6985736595993655e-09
shuffle_r6_BLOCK_SHUFFLED_CYCLES_p+3_Nd4001_dt1,shuffle,6,BLOCK_SHUFFLED_CYCLES,3,4001,1.0,static_lti_mh,2,context,0.5803687286463824,0.11641856583921793,3.859667695084747e-09,6.650371573407834e-09
shuffle_r6_BLOCK_SHUFFLED_CYCLES_p+3_Nd4001_dt1,shuffle,6,BLOCK_SHUFFLED_CYCLES,3,4001,1.0,linear,2,context,5.205534362521549e-05,5.205534362521549e-05,1.7258100260765902e-12,3.315336920070991e-08
shuffle_r6_BLOCK_SHUFFLED_CYCLES_p+3_Nd4001_dt1,shuffle,6,BLOCK_SHUFFLED_CYCLES,3,4001,1.0,atomic,2,zerofill,0.5904987797674618,0.08492195588434842,2.815294801574441e-09,4.7676555787009466e-09
shuffle_r6_BLOCK_SHUFFLED_CYCLES_p+3_Nd4001_dt1,shuffle,6,BLOCK_SHUFFLED_CYCLES,3,4001,1.0,static,2,zerofill,0.5336118622712476,0.10690681219688086,3.5441269515819636e-09,6.641769424871593e-09
shuffle_r6_BLOCK_SHUFFLED_CYCLES_p+3_Nd4001_dt1,shuffle,6,BLOCK_SHUFFLED_CYCLES,3,4001,1.0,static_lti,2,zerofill,0.5739214879335711,0.11519034886779683,3.818739064379275e-09,6.6537656189330146e-09
shuffle_r6_BLOCK_SHUFFLED_CYCLES_p+3_Nd4001_dt1,shuffle,6,BLOCK_SHUFFLED_CYCLES,3,4001,1.0,static_mh,2,zerofill,0.6300855078044288,0.127232745244074,4.217963217468764e-09,6.694271119116059e-09
shuffle_r6_BLOCK_SHUFFLED_CYCLES_p+3_Nd4001_dt1,shuffle,6,BLOCK_SHUFFLED_CYCLES,3,4001,1.0,static_lti_mh,2,zerofill,0.5814223848639447,0.11655859790811789,3.864098646249021e-09,6.645940622243563e-09
shuffle_r6_BLOCK_SHUFFLED_CYCLES_p+3_Nd4001_dt1,shuffle,6,BLOCK_SHUFFLED_CYCLES,3,4001,1.0,linear,2,zerofill,0.00010681448652757774,0.00010681448652757774,3.5410662121755968e-12,3.315155394452373e-08
shuffle_r6_BLOCK_SHUFFLED_CYCLES_p+3_Nd4001_dt1,shuffle,6,BLOCK_SHUFFLED_CYCLES,3,4001,1.0,atomic,4,context,0.5864566661516296,0.08455085772047483,2.8031473499979562e-09,4.7798030302774265e-09
shuffle_r6_BLOCK_SHUFFLED_CYCLES_p+3_Nd4001_dt1,shuffle,6,BLOCK_SHUFFLED_CYCLES,3,4001,1.0,static,4,context,0.5284387264801983,0.10622284965595113,3.521647296668472e-09,6.664249079785101e-09
shuffle_r6_BLOCK_SHUFFLED_CYCLES_p+3_Nd4001_dt1,shuffle,6,BLOCK_SHUFFLED_CYCLES,3,4001,1.0,static_lti,4,context,0.5684092819201381,0.11447862666714219,3.795354271086191e-09,6.677150412226099e-09
shuffle_r6_BLOCK_SHUFFLED_CYCLES_p+3_Nd4001_dt1,shuffle,6,BLOCK_SHUFFLED_CYCLES,3,4001,1.0,static_mh,4,context,0.623932078264012,0.12646059703298773,4.192597177714216e-09,6.719637158870603e-09
shuffle_r6_BLOCK_SHUFFLED_CYCLES_p+3_Nd4001_dt1,shuffle,6,BLOCK_SHUFFLED_CYCLES,3,4001,1.0,static_lti_mh,4,context,0.5758570124961834,0.11584419607751853,3.840627522915164e-09,6.6694117455774124e-09
shuffle_r6_BLOCK_SHUFFLED_CYCLES_p+3_Nd4001_dt1,shuffle,6,BLOCK_SHUFFLED_CYCLES,3,4001,1.0,linear,4,context,5.150316611466974e-05,5.150316611466974e-05,1.707504424001605e-12,3.315338750631203e-08
shuffle_r6_BLOCK_SHUFFLED_CYCLES_p+3_Nd4001_dt1,shuffle,6,BLOCK_SHUFFLED_CYCLES,3,4001,1.0,atomic,8,context,0.5810970011318912,0.08406089254238326,2.786944585028903e-09,4.796005795246484e-09
shuffle_r6_BLOCK_SHUFFLED_CYCLES_p+3_Nd4001_dt1,shuffle,6,BLOCK_SHUFFLED_CYCLES,3,4001,1.0,static,8,context,0.5203230273550632,0.10514825994420025,3.4860725934946415e-09,6.6998237829589285e-09
shuffle_r6_BLOCK_SHUFFLED_CYCLES_p+3_Nd4001_dt1,shuffle,6,BLOCK_SHUFFLED_CYCLES,3,4001,1.0,static_lti,8,context,0.5594072732527715,0.1133143155760546,3.756809006539109e-09,6.715695676773177e-09
shuffle_r6_BLOCK_SHUFFLED_CYCLES_p+3_Nd4001_dt1,shuffle,6,BLOCK_SHUFFLED_CYCLES,3,4001,1.0,static_mh,8,context,0.6132256054798924,0.12511360022992052,4.1480010517190505e-09,6.764233284865766e-09
shuffle_r6_BLOCK_SHUFFLED_CYCLES_p+3_Nd4001_dt1,shuffle,6,BLOCK_SHUFFLED_CYCLES,3,4001,1.0,static_lti_mh,8,context,0.566555021261756,0.11464798923863705,3.801025460584678e-09,6.709013807907905e-09
shuffle_r6_BLOCK_SHUFFLED_CYCLES_p+3_Nd4001_dt1,shuffle,6,BLOCK_SHUFFLED_CYCLES,3,4001,1.0,linear,8,context,3.670467709852817e-05,3.670467709852817e-05,1.216902390530783e-12,3.315387810834549e-08
shuffle_r6_BLOCK_SHUFFLED_CYCLES_p+3_Nd4001_dt1,shuffle,6,BLOCK_SHUFFLED_CYCLES,3,4001,1.0,atomic,16,context,0.5723063667673877,0.08325208805262949,2.760130514789697e-09,4.822819865485691e-09
shuffle_r6_BLOCK_SHUFFLED_CYCLES_p+3_Nd4001_dt1,shuffle,6,BLOCK_SHUFFLED_CYCLES,3,4001,1.0,static,16,context,0.5108211284744877,0.10387728079632177,3.443935872672082e-09,6.741960503781482e-09
shuffle_r6_BLOCK_SHUFFLED_CYCLES_p+3_Nd4001_dt1,shuffle,6,BLOCK_SHUFFLED_CYCLES,3,4001,1.0,static_lti,16,context,0.5495105099428591,0.11202051282576903,3.7139156862628393e-09,6.7585889970494484e-09
shuffle_r6_BLOCK_SHUFFLED_CYCLES_p+3_Nd4001_dt1,shuffle,6,BLOCK_SHUFFLED_CYCLES,3,4001,1.0,static_mh,16,context,0.601435470825728,0.12361147662143988,4.0982012173119705e-09,6.8140331192728505e-09
shuffle_r6_BLOCK_SHUFFLED_CYCLES_p+3_Nd4001_dt1,shuffle,6,BLOCK_SHUFFLED_CYCLES,3,4001,1.0,static_lti_mh,16,context,0.5564630837785565,0.11333587155964736,3.757524944170912e-09,6.752514324321671e-09
shuffle_r6_BLOCK_SHUFFLED_CYCLES_p+3_Nd4001_dt1,shuffle,6,BLOCK_SHUFFLED_CYCLES,3,4001,1.0,linear,16,context,3.636583011462691e-05,3.636583011462691e-05,1.205668707451351e-12,3.315388934202858e-08
shuffle_r6_BLOCK_SHUFFLED_CYCLES_p+6_Nd4001_dt1,shuffle,6,BLOCK_SHUFFLED_CYCLES,6,4001,1.0,atomic,2,context,0.6171562854188428,0.05152610890912237,3.4084350069669514e-09,5.52280692507857e-09
shuffle_r6_BLOCK_SHUFFLED_CYCLES_p+6_Nd4001_dt1,shuffle,6,BLOCK_SHUFFLED_CYCLES,6,4001,1.0,static,2,context,0.937504948125848,0.09224189163507496,6.101770523995047e-09,6.508520873615659e-09
shuffle_r6_BLOCK_SHUFFLED_CYCLES_p+6_Nd4001_dt1,shuffle,6,BLOCK_SHUFFLED_CYCLES,6,4001,1.0,static_lti,2,context,0.9986054655841399,0.09921637599964934,6.563130350441214e-09,6.572295642906455e-09
shuffle_r6_BLOCK_SHUFFLED_CYCLES_p+6_Nd4001_dt1,shuffle,6,BLOCK_SHUFFLED_CYCLES,6,4001,1.0,static_mh,2,context,1.3081059275722737,0.12855461671802715,8.503845238959378e-09,6.500884263051805e-09
shuffle_r6_BLOCK_SHUFFLED_CYCLES_p+6_Nd4001_dt1,shuffle,6,BLOCK_SHUFFLED_CYCLES,6,4001,1.0,static_lti_mh,2,context,1.0202658711190913,0.10142902970716978,6.709496658991881e-09,6.576223755904416e-09
shuffle_r6_BLOCK_SHUFFLED_CYCLES_p+6_Nd4001_dt1,shuffle,6,BLOCK_SHUFFLED_CYCLES,6,4001,1.0,linear,2,context,5.205534362485774e-05,5.205534362485774e-05,3.443443707802408e-12,6.614966818042628e-08
shuffle_r6_BLOCK_SHUFFLED_CYCLES_p+6_Nd4001_dt1,shuffle,6,BLOCK_SHUFFLED_CYCLES,6,4001,1.0,atomic,2,zerofill,0.6179145432282003,0.05156806095776255,3.4110233460717796e-09,5.520218585973731e-09
shuffle_r6_BLOCK_SHUFFLED_CYCLES_p+6_Nd4001_dt1,shuffle,6,BLOCK_SHUFFLED_CYCLES,6,4001,1.0,static,2,zerofill,0.9385999415073603,0.09230252030501677,6.105446778763996e-09,6.504844618846717e-09
shuffle_r6_BLOCK_SHUFFLED_CYCLES_p+6_Nd4001_dt1,shuffle,6,BLOCK_SHUFFLED_CYCLES,6,4001,1.0,static_lti,2,zerofill,1.0004900585391334,0.09931541271166103,6.569321884367558e-09,6.5661041089801126e-09
shuffle_r6_BLOCK_SHUFFLED_CYCLES_p+6_Nd4001_dt1,shuffle,6,BLOCK_SHUFFLED_CYCLES,6,4001,1.0,static_mh,2,zerofill,1.3105067585392254,0.12866377873246304,8.510600261074607e-09,6.494129240936587e-09
shuffle_r6_BLOCK_SHUFFLED_CYCLES_p+6_Nd4001_dt1,shuffle,6,BLOCK_SHUFFLED_CYCLES,6,4001,1.0,static_lti_mh,2,zerofill,1.0221753621005807,0.10152846324049239,6.715706427041427e-09,6.570013987854866e-09
shuffle_r6_BLOCK_SHUFFLED_CYCLES_p+6_Nd4001_dt1,shuffle,6,BLOCK_SHUFFLED_CYCLES,6,4001,1.0,linear,2,zerofill,0.00010681448652724473,0.00010681448652724473,7.065355967941551e-12,6.614604626816626e-08
shuffle_r6_BLOCK_SHUFFLED_CYCLES_p+6_Nd4001_dt1,shuffle,6,BLOCK_SHUFFLED_CYCLES,6,4001,1.0,atomic,4,context,0.6155094824299994,0.051440973693430404,3.402805219553173e-09,5.528436712492349e-09
shuffle_r6_BLOCK_SHUFFLED_CYCLES_p+6_Nd4001_dt1,shuffle,6,BLOCK_SHUFFLED_CYCLES,6,4001,1.0,static,4,context,0.9280385829201598,0.09175875751223173,6.06981471352305e-09,6.540476684087651e-09
shuffle_r6_BLOCK_SHUFFLED_CYCLES_p+6_Nd4001_dt1,shuffle,6,BLOCK_SHUFFLED_CYCLES,6,4001,1.0,static_lti,4,context,0.9882588765092817,0.09869929394476482,6.528929149028745e-09,6.6064968443189344e-09
shuffle_r6_BLOCK_SHUFFLED_CYCLES_p+6_Nd4001_dt1,shuffle,6,BLOCK_SHUFFLED_CYCLES,6,4001,1.0,static_mh,4,context,1.292791650363724,0.12789813384982174,8.460423786474037e-09,6.5443057155371605e-09
shuffle_r6_BLOCK_SHUFFLED_CYCLES_p+6_Nd4001_dt1,shuffle,6,BLOCK_SHUFFLED_CYCLES,6,4001,1.0,static_lti_mh,4,context,1.0097681294039758,0.10090969728554113,6.675146677299831e-09,6.610573737596465e-09
shuffle_r6_BLOCK_SHUFFLED_CYCLES_p+6_Nd4001_dt1,shuffle,6,BLOCK_SHUFFLED_CYCLES,6,4001,1.0,linear,4,context,5.1503166114324e-05,5.1503166114324e-05,3.406919229830168e-12,6.614970470490433e-08
shuffle_r6_BLOCK_SHUFFLED_CYCLES_p+6_Nd4001_dt1,shuffle,6,BLOCK_SHUFFLED_CYCLES,6,4001,1.0,atomic,8,context,0.6103458925153135,0.05117223359641649,3.3850782329565125e-09,5.5461636990890075e-09
shuffle_r6_BLOCK_SHUFFLED_CYCLES_p+6_Nd4001_dt1,shuffle,6,BLOCK_SHUFFLED_CYCLES,6,4001,1.0,static,8,context,0.9120425691318358,0.09093024016051411,6.015097545134703e-09,6.5951938524760025e-09
shuffle_r6_BLOCK_SHUFFLED_CYCLES_p+6_Nd4001_dt1,shuffle,6,BLOCK_SHUFFLED_CYCLES,6,4001,1.0,static_lti,8,context,0.9687016603392138,0.0977057138321046,6.463299760120235e-09,6.672126233227429e-09
shuffle_r6_BLOCK_SHUFFLED_CYCLES_p+6_Nd4001_dt1,shuffle,6,BLOCK_SHUFFLED_CYCLES,6,4001,1.0,static_mh,8,context,1.262885471756015,0.1265887837164901,8.373934576995649e-09,6.630794925015547e-09
shuffle_r6_BLOCK_SHUFFLED_CYCLES_p+6_Nd4001_dt1,shuffle,6,BLOCK_SHUFFLED_CYCLES,6,4001,1.0,static_lti_mh,8,context,0.98934298577072,0.09988217355408151,6.607274058523472e-09,6.678446356372821e-09
shuffle_r6_BLOCK_SHUFFLED_CYCLES_p+6_Nd4001_dt1,shuffle,6,BLOCK_SHUFFLED_CYCLES,6,4001,1.0,linear,8,context,3.67046770982217e-05,3.67046770982217e-05,2.4280394808013342e-12,6.61506835846533e-08
shuffle_r6_BLOCK_SHUFFLED_CYCLES_p+6_Nd4001_dt1,shuffle,6,BLOCK_SHUFFLED_CYCLES,6,4001,1.0,atomic,16,context,0.6000906364731925,0.05063486270496995,3.3495319160859654e-09,5.581710015959559e-09
shuffle_r6_BLOCK_SHUFFLED_CYCLES_p+6_Nd4001_dt1,shuffle,6,BLOCK_SHUFFLED_CYCLES,6,4001,1.0,static,16,context,0.8924821676086344,0.08989973057458849,5.946930646610748e-09,6.663360750999966e-09
shuffle_r6_BLOCK_SHUFFLED_CYCLES_p+6_Nd4001_dt1,shuffle,6,BLOCK_SHUFFLED_CYCLES,6,4001,1.0,static_lti,16,context,0.9477658877739897,0.09662154911702006,6.391583688788408e-09,6.743842304559272e-09
shuffle_r6_BLOCK_SHUFFLED_CYCLES_p+6_Nd4001_dt1,shuffle,6,BLOCK_SHUFFLED_CYCLES,6,4001,1.0,static_mh,16,context,1.2276497458973092,0.12500323651130044,8.269052347357238e-09,6.735677154653954e-09
shuffle_r6_BLOCK_SHUFFLED_CYCLES_p+6_Nd4001_dt1,shuffle,6,BLOCK_SHUFFLED_CYCLES,6,4001,1.0,static_lti_mh,16,context,0.9677680208901884,0.09877521735805997,6.534050363420387e-09,6.751670051475898e-09
shuffle_r6_BLOCK_SHUFFLED_CYCLES_p+6_Nd4001_dt1,shuffle,6,BLOCK_SHUFFLED_CYCLES,6,4001,1.0,linear,16,context,3.636583011432347e-05,3.636583011432347e-05,2.405625336294844e-12,6.615070599879793e-08
shuffle_r6_ORIGINAL_p+3_Nd4001_dt1,shuffle,6,ORIGINAL,3,4001,1.0,atomic,2,context,0.6311532214297468,0.08037351335081669,2.7468976705699256e-09,4.352188307535527e-09
shuffle_r6_ORIGINAL_p+3_Nd4001_dt1,shuffle,6,ORIGINAL,3,4001,1.0,static,2,context,0.5403038120670647,0.10542743817152621,3.6031569637060983e-09,6.668760951216202e-09
shuffle_r6_ORIGINAL_p+3_Nd4001_dt1,shuffle,6,ORIGINAL,3,4001,1.0,static_lti,2,context,0.5785082066776924,0.11433867538864415,3.907713225254027e-09,6.754810355579197e-09
shuffle_r6_ORIGINAL_p+3_Nd4001_dt1,shuffle,6,ORIGINAL,3,4001,1.0,static_mh,2,context,0.6541024476658654,0.12717423356229807,4.346389642120113e-09,6.644814826224859e-09
shuffle_r6_ORIGINAL_p+3_Nd4001_dt1,shuffle,6,ORIGINAL,3,4001,1.0,static_lti_mh,2,context,0.5859275940503955,0.11589744267121557,3.960986673669388e-09,6.760198212014409e-09
shuffle_r6_ORIGINAL_p+3_Nd4001_dt1,shuffle,6,ORIGINAL,3,4001,1.0,linear,2,context,4.096750348174095e-05,4.096750348174095e-05,1.4001321479113375e-12,3.4176652930178446e-08
shuffle_r6_ORIGINAL_p+3_Nd4001_dt1,shuffle,6,ORIGINAL,3,4001,1.0,atomic,2,zerofill,0.6319587808232556,0.0804371982745723,2.7490459761611292e-09,4.3500400019443265e-09
shuffle_r6_ORIGINAL_p+3_Nd4001_dt1,shuffle,6,ORIGINAL,3,4001,1.0,static,2,zerofill,0.5416284243514896,0.10559618076231608,3.608886958391165e-09,6.663030956531149e-09
shuffle_r6_ORIGINAL_p+3_Nd4001_dt1,shuffle,6,ORIGINAL,3,4001,1.0,static_lti,2,zerofill,0.5805569210723729,0.11459603796176253,3.916468795537078e-09,6.746054785296146e-09
shuffle_r6_ORIGINAL_p+3_Nd4001_dt1,shuffle,6,ORIGINAL,3,4001,1.0,static_mh,2,zerofill,0.6560645019189697,0.12740589138987918,4.35426221421847e-09,6.636942254126505e-09
shuffle_r6_ORIGINAL_p+3_Nd4001_dt1,shuffle,6,ORIGINAL,3,4001,1.0,static_lti_mh,2,zerofill,0.5881515410574817,0.1161756246699714,3.970453227831408e-09,6.750731657852384e-09
shuffle_r6_ORIGINAL_p+3_Nd4001_dt1,shuffle,6,ORIGINAL,3,4001,1.0,linear,2,zerofill,5.123764872933334e-05,5.123764872933334e-05,1.7511133541290686e-12,3.417630194897221e-08
shuffle_r6_ORIGINAL_p+3_Nd4001_dt1,shuffle,6,ORIGINAL,3,4001,1.0,atomic,4,context,0.6264174172186627,0.08000266550813909,2.7342249633693944e-09,4.3648610147360606e-09
shuffle_r6_ORIGINAL_p+3_Nd4001_dt1,shuffle,6,ORIGINAL,3,4001,1.0,static,4,context,0.5265005962140764,0.10366296872911517,3.542855417077222e-09,6.72906249784509e-09
shuffle_r6_ORIGINAL_p+3_Nd4001_dt1,shuffle,6,ORIGINAL,3,4001,1.0,static_lti,4,context,0.5633474158250357,0.11242192666824875,3.842207461139368e-09,6.820316119693855e-09
shuffle_r6_ORIGINAL_p+3_Nd4001_dt1,shuffle,6,ORIGINAL,3,4001,1.0,static_mh,4,context,0.6371052911366184,0.12515554614358074,4.277400214060298e-09,6.7138042542846635e-09
shuffle_r6_ORIGINAL_p+3_Nd4001_dt1,shuffle,6,ORIGINAL,3,4001,1.0,static_lti_mh,4,context,0.5707324557906635,0.11398385761899603,3.8955890649830305e-09,6.825595820700754e-09
shuffle_r6_ORIGINAL_p+3_Nd4001_dt1,shuffle,6,ORIGINAL,3,4001,1.0,linear,4,context,4.0371036328978126e-05,4.0371036328978126e-05,1.3797477199875898e-12,3.417667331460634e-08
shuffle_r6_ORIGINAL_p+3_Nd4001_dt1,shuffle,6,ORIGINAL,3,4001,1.0,atomic,8,context,0.621291366203636,0.07959778276714029,2.7204245443321706e-09,4.378661433773277e-09
shuffle_r6_ORIGINAL_p+3_Nd4001_dt1,shuffle,6,ORIGINAL,3,4001,1.0,static,8,context,0.5198815827305827,0.10280411674314555,3.5135506633973385e-09,6.7583672515249675e-09
shuffle_r6_ORIGINAL_p+3_Nd4001_dt1,shuffle,6,ORIGINAL,3,4001,1.0,static_lti,8,context,0.5556890690696179,0.11143800902222742,3.808632406287678e-09,6.853891174545534e-09
shuffle_r6_ORIGINAL_p+3_Nd4001_dt1,shuffle,6,ORIGINAL,3,4001,1.0,static_mh,8,context,0.6280735614692903,0.12406408062162691,4.240155419660877e-09,6.751049048684085e-09
shuffle_r6_ORIGINAL_p+3_Nd4001_dt1,shuffle,6,ORIGINAL,3,4001,1.0,static_lti_mh,8,context,0.5628439080855483,0.11297424223776714,3.861136463562723e-09,6.860048422121072e-09
shuffle_r6_ORIGINAL_p+3_Nd4001_dt1,shuffle,6,ORIGINAL,3,4001,1.0,linear,8,context,2.6723302001309683e-05,2.6723302001309683e-05,9.133260267140948e-13,3.417713973629956e-08
shuffle_r6_ORIGINAL_p+3_Nd4001_dt1,shuffle,6,ORIGINAL,3,4001,1.0,atomic,16,context,0.6083023015880642,0.07856303057124497,2.685061344119852e-09,4.414024633985598e-09
shuffle_r6_ORIGINAL_p+3_Nd4001_dt1,shuffle,6,ORIGINAL,3,4001,1.0,static,16,context,0.51117095808917,0.10166421906648934,3.4745943825068657e-09,6.797323532415448e-09
shuffle_r6_ORIGINAL_p+3_Nd4001_dt1,shuffle,6,ORIGINAL,3,4001,1.0,static_lti,16,context,0.5449900351338682,0.1100492023975354,3.7611693077557595e-09,6.901354273077465e-09
shuffle_r6_ORIGINAL_p+3_Nd4001_dt1,shuffle,6,ORIGINAL,3,4001,1.0,static_mh,16,context,0.6150090761388168,0.12246609233693848,4.185543354276882e-09,6.8056611140680826e-09
shuffle_r6_ORIGINAL_p+3_Nd4001_dt1,shuffle,6,ORIGINAL,3,4001,1.0,static_lti_mh,16,context,0.5518737480099073,0.11155528507714091,3.812642937969018e-09,6.908541947714775e-09
shuffle_r6_ORIGINAL_p+3_Nd4001_dt1,shuffle,6,ORIGINAL,3,4001,1.0,linear,16,context,2.610125890851985e-05,2.610125890851985e-05,8.920669278990617e-13,3.417716099539848e-08
shuffle_r6_ORIGINAL_p+6_Nd4001_dt1,shuffle,6,ORIGINAL,6,4001,1.0,atomic,2,context,0.6628175623250969,0.05023992156938073,3.4259299669094316e-09,5.168737465090117e-09
shuffle_r6_ORIGINAL_p+6_Nd4001_dt1,shuffle,6,ORIGINAL,6,4001,1.0,static,2,context,0.9556446720721716,0.0907749660999451,6.1900709016338345e-09,6.477377086413926e-09
shuffle_r6_ORIGINAL_p+6_Nd4001_dt1,shuffle,6,ORIGINAL,6,4001,1.0,static_lti,2,context,1.008795938038395,0.09752825589866387,6.6505871041661855e-09,6.592599011746876e-09
shuffle_r6_ORIGINAL_p+6_Nd4001_dt1,shuffle,6,ORIGINAL,6,4001,1.0,static_mh,2,context,1.2912782013707782,0.12429878581855862,8.476106687351782e-09,6.564121254702378e-09
shuffle_r6_ORIGINAL_p+6_Nd4001_dt1,shuffle,6,ORIGINAL,6,4001,1.0,static_lti_mh,2,context,1.0270447770760607,0.0994308641185206,6.780328598819871e-09,6.6017848005839525e-09
shuffle_r6_ORIGINAL_p+6_Nd4001_dt1,shuffle,6,ORIGINAL,6,4001,1.0,linear,2,context,4.096750348182577e-05,4.096750348182577e-05,2.793630910709708e-12,6.819138764335575e-08
shuffle_r6_ORIGINAL_p+6_Nd4001_dt1,shuffle,6,ORIGINAL,6,4001,1.0,atomic,2,zerofill,0.6631811284706373,0.05025700678640887,3.4270598366063154e-09,5.167607595393225e-09
shuffle_r6_ORIGINAL_p+6_Nd4001_dt1,shuffle,6,ORIGINAL,6,4001,1.0,static,2,zerofill,0.9574231483563324,0.09086220363471746,6.195956119422031e-09,6.4714918686257095e-09
shuffle_r6_ORIGINAL_p+6_Nd4001_dt1,shuffle,6,ORIGINAL,6,4001,1.0,static_lti,2,zerofill,1.0113926171067278,0.09765406853170153,6.659098055093477e-09,6.584088060819582e-09
shuffle_r6_ORIGINAL_p+6_Nd4001_dt1,shuffle,6,ORIGINAL,6,4001,1.0,static_mh,2,zerofill,1.2933350175601768,0.12438639586438513,8.48199383020813e-09,6.558234111846026e-09
shuffle_r6_ORIGINAL_p+6_Nd4001_dt1,shuffle,6,ORIGINAL,6,4001,1.0,static_lti_mh,2,zerofill,1.030012717962125,0.0995734296759226,6.7899806107788586e-09,6.592132788624981e-09
shuffle_r6_ORIGINAL_p+6_Nd4001_dt1,shuffle,6,ORIGINAL,6,4001,1.0,linear,2,zerofill,5.123764872940956e-05,5.123764872940956e-05,3.493930484737674e-12,6.819068734378156e-08
shuffle_r6_ORIGINAL_p+6_Nd4001_dt1,shuffle,6,ORIGINAL,6,4001,1.0,atomic,4,context,0.6564430164905847,0.049948197645489294,3.4060389392376242e-09,5.18862849276191e-09
shuffle_r6_ORIGINAL_p+6_Nd4001_dt1,shuffle,6,ORIGINAL,6,4001,1.0,static,4,context,0.9277662345150562,0.08940123866583274,6.096398157810239e-09,6.571049830237494e-09
shuffle_r6_ORIGINAL_p+6_Nd4001_dt1,shuffle,6,ORIGINAL,6,4001,1.0,static_lti,4,context,0.9808826723732591,0.09616587886616726,6.557688635112423e-09,6.68549748080064e-09
shuffle_r6_ORIGINAL_p+6_Nd4001_dt1,shuffle,6,ORIGINAL,6,4001,1.0,static_mh,4,context,1.250337999187384,0.12254745809734308,8.356686204108432e-09,6.683541737945728e-09
shuffle_r6_ORIGINAL_p+6_Nd4001_dt1,shuffle,6,ORIGINAL,6,4001,1.0,static_lti_mh,4,context,0.9987887667200376,0.09806220802264715,6.687002028849373e-09,6.695111370554443e-09
shuffle_r6_ORIGINAL_p+6_Nd4001_dt1,shuffle,6,ORIGINAL,6,4001,1.0,linear,4,context,4.0371036329069185e-05,4.0371036329069185e-05,2.752958629861676e-12,6.819142831563645e-08
shuffle_r6_ORIGINAL_p+6_Nd4001_dt1,shuffle,6,ORIGINAL,6,4001,1.0,atomic,8,context,0.6510752187334471,0.04970014649534489,3.389170229641564e-09,5.2054972023579724e-09
shuffle_r6_ORIGINAL_p+6_Nd4001_dt1,shuffle,6,ORIGINAL,6,4001,1.0,static,8,context,0.9187668138533934,0.08894806753977841,6.065578549515946e-09,6.6018694385317925e-09
shuffle_r6_ORIGINAL_p+6_Nd4001_dt1,shuffle,6,ORIGINAL,6,4001,1.0,static_lti,8,context,0.9701443181142134,0.09563020184518857,6.521249050617667e-09,6.721937065295404e-09
shuffle_r6_ORIGINAL_p+6_Nd4001_dt1,shuffle,6,ORIGINAL,6,4001,1.0,static_mh,8,context,1.2346663950079486,0.12185844553068856,8.309814858628049e-09,6.730413083426112e-09
shuffle_r6_ORIGINAL_p+6_Nd4001_dt1,shuffle,6,ORIGINAL,6,4001,1.0,static_lti_mh,8,context,0.9873600785886597,0.09749626840028755,6.648500530966193e-09,6.733612868437634e-09
shuffle_r6_ORIGINAL_p+6_Nd4001_dt1,shuffle,6,ORIGINAL,6,4001,1.0,linear,8,context,2.67233020013889e-05,2.67233020013889e-05,1.822325002388297e-12,6.8192358949264e-08
shuffle_r6_ORIGINAL_p+6_Nd4001_dt1,shuffle,6,ORIGINAL,6,4001,1.0,atomic,16,context,0.6361821632972399,0.049005285862034086,3.341788122595789e-09,5.25287930940375e-09
shuffle_r6_ORIGINAL_p+6_Nd4001_dt1,shuffle,6,ORIGINAL,6,4001,1.0,static,16,context,0.898070257466468,0.0878923699847283,5.993591771072839e-09,6.673856216974903e-09
shuffle_r6_ORIGINAL_p+6_Nd4001_dt1,shuffle,6,ORIGINAL,6,4001,1.0,static_lti,16,context,0.9454403891770267,0.09437842418293489,6.435891382243389e-09,6.807294733669683e-09
shuffle_r6_ORIGINAL_p+6_Nd4001_dt1,shuffle,6,ORIGINAL,6,4001,1.0,static_mh,16,context,1.20102586702743,0.12034987640666284,8.206947076361028e-09,6.83328086569312e-09
shuffle_r6_ORIGINAL_p+6_Nd4001_dt1,shuffle,6,ORIGINAL,6,4001,1.0,static_lti_mh,16,context,0.9622610604896754,0.09623318229262023,6.5623717916972736e-09,6.819741607706555e-09
shuffle_r6_ORIGINAL_p+6_Nd4001_dt1,shuffle,6,ORIGINAL,6,4001,1.0,linear,16,context,2.610125890859488e-05,2.610125890859488e-05,1.7799075236721702e-12,6.819240136674268e-08
shuffle_r7_BLOCK_SHUFFLED_CYCLES_p+3_Nd4001_dt1,shuffle,7,BLOCK_SHUFFLED_CYCLES,3,4001,1.0,atomic,2,context,0.6269599205325627,0.08181065663367167,2.7735756920387035e-09,4.423848480908839e-09
shuffle_r7_BLOCK_SHUFFLED_CYCLES_p+3_Nd4001_dt1,shuffle,7,BLOCK_SHUFFLED_CYCLES,3,4001,1.0,static,2,context,0.6512792392353461,0.11358769296021069,3.850892745182174e-09,5.912813603122725e-09
shuffle_r7_BLOCK_SHUFFLED_CYCLES_p+3_Nd4001_dt1,shuffle,7,BLOCK_SHUFFLED_CYCLES,3,4001,1.0,static_lti,2,context,0.7031552280297084,0.12386618525334854,4.199358061903772e-09,5.972163605567828e-09
shuffle_r7_BLOCK_SHUFFLED_CYCLES_p+3_Nd4001_dt1,shuffle,7,BLOCK_SHUFFLED_CYCLES,3,4001,1.0,static_mh,2,context,0.7628067364364132,0.13308559691843008,4.5119180283109336e-09,5.914890119336332e-09
shuffle_r7_BLOCK_SHUFFLED_CYCLES_p+3_Nd4001_dt1,shuffle,7,BLOCK_SHUFFLED_CYCLES,3,4001,1.0,static_lti_mh,2,context,0.7146212166267131,0.12567706723043548,4.2607512646901695e-09,5.9622512815985986e-09
shuffle_r7_BLOCK_SHUFFLED_CYCLES_p+3_Nd4001_dt1,shuffle,7,BLOCK_SHUFFLED_CYCLES,3,4001,1.0,linear,2,context,4.575531952146396e-05,4.575531952146396e-05,1.5512140744017012e-12,3.390237661162047e-08
shuffle_r7_BLOCK_SHUFFLED_CYCLES_p+3_Nd4001_dt1,shuffle,7,BLOCK_SHUFFLED_CYCLES,3,4001,1.0,atomic,2,zerofill,0.6279019993217898,0.08189603570008051,2.7761358054990696e-09,4.4212883674484755e-09
shuffle_r7_BLOCK_SHUFFLED_CYCLES_p+3_Nd4001_dt1,shuffle,7,BLOCK_SHUFFLED_CYCLES,3,4001,1.0,static,2,zerofill,0.6529432133039256,0.11377696892055562,3.856845017727747e-09,5.906861330577152e-09
shuffle_r7_BLOCK_SHUFFLED_CYCLES_p+3_Nd4001_dt1,shuffle,7,BLOCK_SHUFFLED_CYCLES,3,4001,1.0,static_lti,2,zerofill,0.7043698233790685,0.12400665878073514,4.203614040882884e-09,5.967907626588708e-09
shuffle_r7_BLOCK_SHUFFLED_CYCLES_p+3_Nd4001_dt1,shuffle,7,BLOCK_SHUFFLED_CYCLES,3,4001,1.0,static_mh,2,zerofill,0.7675371183983543,0.13356860778617086,4.52774778896271e-09,5.899060358684561e-09
shuffle_r7_BLOCK_SHUFFLED_CYCLES_p+3_Nd4001_dt1,shuffle,7,BLOCK_SHUFFLED_CYCLES,3,4001,1.0,static_lti_mh,2,zerofill,0.7162681018261413,0.12586098347086475,4.266472482360348e-09,5.956530063928412e-09
shuffle_r7_BLOCK_SHUFFLED_CYCLES_p+3_Nd4001_dt1,shuffle,7,BLOCK_SHUFFLED_CYCLES,3,4001,1.0,linear,2,zerofill,0.00016623037175408724,0.00016623037175408724,5.634925830573373e-12,3.389829289986426e-08
shuffle_r7_BLOCK_SHUFFLED_CYCLES_p+3_Nd4001_dt1,shuffle,7,BLOCK_SHUFFLED_CYCLES,3,4001,1.0,atomic,4,context,0.6190228983450391,0.08117090338077072,2.751888424006171e-09,4.44553574894137e-09
shuffle_r7_BLOCK_SHUFFLED_CYCLES_p+3_Nd4001_dt1,shuffle,7,BLOCK_SHUFFLED_CYCLES,3,4001,1.0,static,4,context,0.6407410867503668,0.11246743412305568,3.812915923690868e-09,5.950790424614026e-09
shuffle_r7_BLOCK_SHUFFLED_CYCLES_p+3_Nd4001_dt1,shuffle,7,BLOCK_SHUFFLED_CYCLES,3,4001,1.0,static_lti,4,context,0.6926587749607485,0.12277371861145561,4.16232370156292e-09,6.009197965908669e-09
shuffle_r7_BLOCK_SHUFFLED_CYCLES_p+3_Nd4001_dt1,shuffle,7,BLOCK_SHUFFLED_CYCLES,3,4001,1.0,static_mh,4,context,0.748245843599107,0.13163238475617578,4.462653743492279e-09,5.964154404154989e-09
shuffle_r7_BLOCK_SHUFFLED_CYCLES_p+3_Nd4001_dt1,shuffle,7,BLOCK_SHUFFLED_CYCLES,3,4001,1.0,static_lti_mh,4,context,0.7041227515426289,0.1245935412661771,4.2240200568908886e-09,5.9989824893978845e-09
shuffle_r7_BLOCK_SHUFFLED_CYCLES_p+3_Nd4001_dt1,shuffle,7,BLOCK_SHUFFLED_CYCLES,3,4001,1.0,linear,4,context,4.506932797414719e-05,4.506932797414719e-05,1.5279583787307546e-12,3.3902399867316124e-08
shuffle_r7_BLOCK_SHUFFLED_CYCLES_p+3_Nd4001_dt1,shuffle,7,BLOCK_SHUFFLED_CYCLES,3,4001,1.0,atomic,8,context,0.6135369481899202,0.08072397053295957,2.736773810387406e-09,4.460650362560134e-09
shuffle_r7_BLOCK_SHUFFLED_CYCLES_p+3_Nd4001_dt1,shuffle,7,BLOCK_SHUFFLED_CYCLES,3,4001,1.0,static,8,context,0.6368118737074865,0.11204454176805073,3.7986308835299154e-09,5.965075464774988e-09
shuffle_r7_BLOCK_SHUFFLED_CYCLES_p+3_Nd4001_dt1,shuffle,7,BLOCK_SHUFFLED_CYCLES,3,4001,1.0,static_lti,8,context,0.6885019628309696,0.12233568313150565,4.147530051602903e-09,6.023991615868698e-09
shuffle_r7_BLOCK_SHUFFLED_CYCLES_p+3_Nd4001_dt1,shuffle,7,BLOCK_SHUFFLED_CYCLES,3,4001,1.0,static_mh,8,context,0.7429993474182869,0.13110105918447043,4.444701405558496e-09,5.982106742088778e-09
shuffle_r7_BLOCK_SHUFFLED_CYCLES_p+3_Nd4001_dt1,shuffle,7,BLOCK_SHUFFLED_CYCLES,3,4001,1.0,static_lti_mh,8,context,0.6997223574437275,0.12413374065147342,4.208489351520005e-09,6.014513194768765e-09
shuffle_r7_BLOCK_SHUFFLED_CYCLES_p+3_Nd4001_dt1,shuffle,7,BLOCK_SHUFFLED_CYCLES,3,4001,1.0,linear,8,context,3.1372839528285077e-05,3.1372839528285077e-05,1.0636291179884497e-12,3.390286419657693e-08
shuffle_r7_BLOCK_SHUFFLED_CYCLES_p+3_Nd4001_dt1,shuffle,7,BLOCK_SHUFFLED_CYCLES,3,4001,1.0,atomic,16,context,0.5992324294641606,0.07954708891800115,2.6968750092721197e-09,4.500549163675423e-09
shuffle_r7_BLOCK_SHUFFLED_CYCLES_p+3_Nd4001_dt1,shuffle,7,BLOCK_SHUFFLED_CYCLES,3,4001,1.0,static,16,context,0.6227232925740152,0.11051693238346524,3.74684173991107e-09,6.0168646083938335e-09
shuffle_r7_BLOCK_SHUFFLED_CYCLES_p+3_Nd4001_dt1,shuffle,7,BLOCK_SHUFFLED_CYCLES,3,4001,1.0,static_lti,16,context,0.6736205660645371,0.12075572636932533,4.093966292187465e-09,6.077555375284129e-09
shuffle_r7_BLOCK_SHUFFLED_CYCLES_p+3_Nd4001_dt1,shuffle,7,BLOCK_SHUFFLED_CYCLES,3,4001,1.0,static_mh,16,context,0.7257118136792841,0.12933342403868522,4.384774903743753e-09,6.042033243903522e-09
shuffle_r7_BLOCK_SHUFFLED_CYCLES_p+3_Nd4001_dt1,shuffle,7,BLOCK_SHUFFLED_CYCLES,3,4001,1.0,static_lti_mh,16,context,0.6843693715852098,0.12251666605065485,4.153667210021286e-09,6.069335336267483e-09
shuffle_r7_BLOCK_SHUFFLED_CYCLES_p+3_Nd4001_dt1,shuffle,7,BLOCK_SHUFFLED_CYCLES,3,4001,1.0,linear,16,context,3.105525752433429e-05,3.105525752433429e-05,1.0528625127969248e-12,3.390287496318208e-08
shuffle_r7_BLOCK_SHUFFLED_CYCLES_p+6_Nd4001_dt1,shuffle,7,BLOCK_SHUFFLED_CYCLES,6,4001,1.0,atomic,2,context,0.6498683207320805,0.05019116829726532,3.3951381360534778e-09,5.224347806689261e-09
shuffle_r7_BLOCK_SHUFFLED_CYCLES_p+6_Nd4001_dt1,shuffle,7,BLOCK_SHUFFLED_CYCLES,6,4001,1.0,static,2,context,1.1016736589504672,0.09647383348984286,6.525888962630202e-09,5.923613503519026e-09
shuffle_r7_BLOCK_SHUFFLED_CYCLES_p+6_Nd4001_dt1,shuffle,7,BLOCK_SHUFFLED_CYCLES,6,4001,1.0,static_lti,2,context,1.187137782840605,0.10494882986266367,7.099172756660687e-09,5.9800748146299046e-09
shuffle_r7_BLOCK_SHUFFLED_CYCLES_p+6_Nd4001_dt1,shuffle,7,BLOCK_SHUFFLED_CYCLES,6,4001,1.0,static_mh,2,context,1.4890521211500736,0.12936035186771347,8.750469033080875e-09,5.876536427967629e-09
shuffle_r7_BLOCK_SHUFFLED_CYCLES_p+6_Nd4001_dt1,shuffle,7,BLOCK_SHUFFLED_CYCLES,6,4001,1.0,static_lti_mh,2,context,1.2229496006196194,0.1077193029370249,7.2865790097680815e-09,5.958200571860251e-09
shuffle_r7_BLOCK_SHUFFLED_CYCLES_p+6_Nd4001_dt1,shuffle,7,BLOCK_SHUFFLED_CYCLES,6,4001,1.0,linear,2,context,4.575531952126215e-05,4.575531952126215e-05,3.0950789850893614e-12,6.764413444104793e-08
shuffle_r7_BLOCK_SHUFFLED_CYCLES_p+6_Nd4001_dt1,shuffle,7,BLOCK_SHUFFLED_CYCLES,6,4001,1.0,atomic,2,zerofill,0.6520396462998798,0.050298736469968984,3.4020046540533015e-09,5.217481288689438e-09
shuffle_r7_BLOCK_SHUFFLED_CYCLES_p+6_Nd4001_dt1,shuffle,7,BLOCK_SHUFFLED_CYCLES,6,4001,1.0,static,2,zerofill,1.105995702017244,0.0966651938928931,6.53804573609779e-09,5.911456730051428e-09
shuffle_r7_BLOCK_SHUFFLED_CYCLES_p+6_Nd4001_dt1,shuffle,7,BLOCK_SHUFFLED_CYCLES,6,4001,1.0,static_lti,2,zerofill,1.190350430426969,0.1050911545744763,7.10794389786833e-09,5.971303673422261e-09
shuffle_r7_BLOCK_SHUFFLED_CYCLES_p+6_Nd4001_dt1,shuffle,7,BLOCK_SHUFFLED_CYCLES,6,4001,1.0,static_mh,2,zerofill,1.5006217511701299,0.12977792568477736,8.777658012077462e-09,5.849347448971045e-09
shuffle_r7_BLOCK_SHUFFLED_CYCLES_p+6_Nd4001_dt1,shuffle,7,BLOCK_SHUFFLED_CYCLES,6,4001,1.0,static_lti_mh,2,zerofill,1.2274641596238964,0.10791082245031129,7.298654915871783e-09,5.946124665756548e-09
shuffle_r7_BLOCK_SHUFFLED_CYCLES_p+6_Nd4001_dt1,shuffle,7,BLOCK_SHUFFLED_CYCLES,6,4001,1.0,linear,2,zerofill,0.00016623037175378543,0.00016623037175378543,1.124315515736726e-11,6.763598636487576e-08
shuffle_r7_BLOCK_SHUFFLED_CYCLES_p+6_Nd4001_dt1,shuffle,7,BLOCK_SHUFFLED_CYCLES,6,4001,1.0,atomic,4,context,0.6428476221244237,0.04986108010695989,3.3728119197456597e-09,5.246674022997084e-09
shuffle_r7_BLOCK_SHUFFLED_CYCLES_p+6_Nd4001_dt1,shuffle,7,BLOCK_SHUFFLED_CYCLES,6,4001,1.0,static,4,context,1.0765225821813427,0.09541310729783134,6.454141484776561e-09,5.995360981372657e-09
shuffle_r7_BLOCK_SHUFFLED_CYCLES_p+6_Nd4001_dt1,shuffle,7,BLOCK_SHUFFLED_CYCLES,6,4001,1.0,static_lti,4,context,1.1637486692200758,0.10399314250420688,7.034530937909595e-09,6.044716633380999e-09
shuffle_r7_BLOCK_SHUFFLED_CYCLES_p+6_Nd4001_dt1,shuffle,7,BLOCK_SHUFFLED_CYCLES,6,4001,1.0,static_mh,4,context,1.4486085252237666,0.12792536392271342,8.653406451500085e-09,5.973599009548417e-09
shuffle_r7_BLOCK_SHUFFLED_CYCLES_p+6_Nd4001_dt1,shuffle,7,BLOCK_SHUFFLED_CYCLES,6,4001,1.0,static_lti_mh,4,context,1.1987705090218868,0.1067506284005484,7.221058812551704e-09,6.023720769076631e-09
shuffle_r7_BLOCK_SHUFFLED_CYCLES_p+6_Nd4001_dt1,shuffle,7,BLOCK_SHUFFLED_CYCLES,6,4001,1.0,linear,4,context,4.506932797395542e-05,4.506932797395542e-05,3.0486777719094156e-12,6.764418084226105e-08
shuffle_r7_BLOCK_SHUFFLED_CYCLES_p+6_Nd4001_dt1,shuffle,7,BLOCK_SHUFFLED_CYCLES,6,4001,1.0,atomic,8,context,0.6356887980895626,0.049520937143029645,3.3498491066831864e-09,5.269636836059559e-09
shuffle_r7_BLOCK_SHUFFLED_CYCLES_p+6_Nd4001_dt1,shuffle,7,BLOCK_SHUFFLED_CYCLES,6,4001,1.0,static,8,context,1.0696246733356438,0.09511640439978586,6.434159381702811e-09,6.015343084446405e-09
shuffle_r7_BLOCK_SHUFFLED_CYCLES_p+6_Nd4001_dt1,shuffle,7,BLOCK_SHUFFLED_CYCLES,6,4001,1.0,static_lti,8,context,1.156895350300729,0.10370778813457829,7.015324456306367e-09,6.063923114984228e-09
shuffle_r7_BLOCK_SHUFFLED_CYCLES_p+6_Nd4001_dt1,shuffle,7,BLOCK_SHUFFLED_CYCLES,6,4001,1.0,static_mh,8,context,1.4350747722132822,0.127432810667247,8.620206151245885e-09,6.006799309802613e-09
shuffle_r7_BLOCK_SHUFFLED_CYCLES_p+6_Nd4001_dt1,shuffle,7,BLOCK_SHUFFLED_CYCLES,6,4001,1.0,static_lti_mh,8,context,1.191389132960907,0.10644921815070761,7.2007687839054444e-09,6.0440107977228995e-09
shuffle_r7_BLOCK_SHUFFLED_CYCLES_p+6_Nd4001_dt1,shuffle,7,BLOCK_SHUFFLED_CYCLES,6,4001,1.0,linear,8,context,3.13728395281132e-05,3.13728395281132e-05,2.122219096214289e-12,6.764510730093679e-08
shuffle_r7_BLOCK_SHUFFLED_CYCLES_p+6_Nd4001_dt1,shuffle,7,BLOCK_SHUFFLED_CYCLES,6,4001,1.0,atomic,16,context,0.6235471941969741,0.048938341778708885,3.310440432054005e-09,5.309045510688739e-09
shuffle_r7_BLOCK_SHUFFLED_CYCLES_p+6_Nd4001_dt1,shuffle,7,BLOCK_SHUFFLED_CYCLES,6,4001,1.0,static,16,context,1.0436938489703218,0.09398807478567153,6.357835422955994e-09,6.091667043193222e-09
shuffle_r7_BLOCK_SHUFFLED_CYCLES_p+6_Nd4001_dt1,shuffle,7,BLOCK_SHUFFLED_CYCLES,6,4001,1.0,static_lti,16,context,1.1285237849246508,0.10251288164591606,6.934497080868617e-09,6.144750490421979e-09
shuffle_r7_BLOCK_SHUFFLED_CYCLES_p+6_Nd4001_dt1,shuffle,7,BLOCK_SHUFFLED_CYCLES,6,4001,1.0,static_mh,16,context,1.3829927420478432,0.12549201043581087,8.488923207185375e-09,6.138082253863129e-09
shuffle_r7_BLOCK_SHUFFLED_CYCLES_p+6_Nd4001_dt1,shuffle,7,BLOCK_SHUFFLED_CYCLES,6,4001,1.0,static_lti_mh,16,context,1.1614068277813074,0.10520976804102919,7.1169283083795386e-09,6.127851273248804e-09
shuffle_r7_BLOCK_SHUFFLED_CYCLES_p+6_Nd4001_dt1,shuffle,7,BLOCK_SHUFFLED_CYCLES,6,4001,1.0,linear,16,context,3.1055257524161596e-05,3.1055257524161596e-05,2.100736894615439e-12,6.76451287831384e-08
shuffle_r7_ORIGINAL_p+3_Nd4001_dt1,shuffle,7,ORIGINAL,3,4001,1.0,atomic,2,context,0.6565474039149448,0.08717888809859901,2.9382042617867473e-09,4.475235518816231e-09
shuffle_r7_ORIGINAL_p+3_Nd4001_dt1,shuffle,7,ORIGINAL,3,4001,1.0,static,2,context,0.6264807128375094,0.11063696688233719,3.728815710945806e-09,5.952004003534185e-09
shuffle_r7_ORIGINAL_p+3_Nd4001_dt1,shuffle,7,ORIGINAL,3,4001,1.0,static_lti,2,context,0.6667128514569103,0.11922223603354075,4.018166435173017e-09,6.026832130792834e-09
shuffle_r7_ORIGINAL_p+3_Nd4001_dt1,shuffle,7,ORIGINAL,3,4001,1.0,static_mh,2,context,0.7328011873010664,0.12978090499670533,4.374026974610938e-09,5.9689136022290575e-09
shuffle_r7_ORIGINAL_p+3_Nd4001_dt1,shuffle,7,ORIGINAL,3,4001,1.0,static_lti_mh,2,context,0.6749286329155358,0.12076629277160758,4.070206030850097e-09,6.03057246699958e-09
shuffle_r7_ORIGINAL_p+3_Nd4001_dt1,shuffle,7,ORIGINAL,3,4001,1.0,linear,2,context,4.27346362692022e-05,4.27346362692022e-05,1.440292405083958e-12,3.3703162839879866e-08
shuffle_r7_ORIGINAL_p+3_Nd4001_dt1,shuffle,7,ORIGINAL,3,4001,1.0,atomic,2,zerofill,0.6604147690035393,0.08752702768852119,2.948627783627075e-09,4.464811996975907e-09
shuffle_r7_ORIGINAL_p+3_Nd4001_dt1,shuffle,7,ORIGINAL,3,4001,1.0,static,2,zerofill,0.6258657345583744,0.11061928736777607,3.7265643853279e-09,5.954255329152109e-09
shuffle_r7_ORIGINAL_p+3_Nd4001_dt1,shuffle,7,ORIGINAL,3,4001,1.0,static_lti,2,zerofill,0.666283028064714,0.11922905074524263,4.01661179326224e-09,6.028386772703626e-09
shuffle_r7_ORIGINAL_p+3_Nd4001_dt1,shuffle,7,ORIGINAL,3,4001,1.0,static_mh,2,zerofill,0.7326929881524142,0.12982749401456362,4.373654241891095e-09,5.9692863349489175e-09
shuffle_r7_ORIGINAL_p+3_Nd4001_dt1,shuffle,7,ORIGINAL,3,4001,1.0,static_lti_mh,2,zerofill,0.6745468811769766,0.1207791315755858,4.0688312222080374e-09,6.031947275641652e-09
shuffle_r7_ORIGINAL_p+3_Nd4001_dt1,shuffle,7,ORIGINAL,3,4001,1.0,linear,2,zerofill,0.00048698854803733035,0.00048698854803733035,1.6405766321245698e-11,3.368819736596374e-08
shuffle_r7_ORIGINAL_p+3_Nd4001_dt1,shuffle,7,ORIGINAL,3,4001,1.0,atomic,4,context,0.6531330830706036,0.08690457362017066,2.928961273383873e-09,4.4844785072191064e-09
shuffle_r7_ORIGINAL_p+3_Nd4001_dt1,shuffle,7,ORIGINAL,3,4001,1.0,static,4,context,0.6156122434105236,0.1094488616366081,3.6887756742318325e-09,5.992044040248168e-09
shuffle_r7_ORIGINAL_p+3_Nd4001_dt1,shuffle,7,ORIGINAL,3,4001,1.0,static_lti,4,context,0.6557789413473389,0.11804130283581862,3.9783683443059245e-09,6.0666302216599355e-09
shuffle_r7_ORIGINAL_p+3_Nd4001_dt1,shuffle,7,ORIGINAL,3,4001,1.0,static_mh,4,context,0.7193635107178963,0.12839666168996478,4.327376961370782e-09,6.0155636154692235e-09
shuffle_r7_ORIGINAL_p+3_Nd4001_dt1,shuffle,7,ORIGINAL,3,4001,1.0,static_lti_mh,4,context,0.6634606515962024,0.11953263402299476,4.0286309612323905e-09,6.0721475366173025e-09
shuffle_r7_ORIGINAL_p+3_Nd4001_dt1,shuffle,7,ORIGINAL,3,4001,1.0,linear,4,context,4.1957148951845966e-05,4.1957148951845966e-05,1.4140897228110036e-12,3.3703189042562166e-08
shuffle_r7_ORIGINAL_p+3_Nd4001_dt1,shuffle,7,ORIGINAL,3,4001,1.0,atomic,8,context,0.6470581068392397,0.0864126569867248,2.912420812407846e-09,4.501018968195126e-09
shuffle_r7_ORIGINAL_p+3_Nd4001_dt1,shuffle,7,ORIGINAL,3,4001,1.0,static,8,context,0.610745427059659,0.1089102317484873,3.6706709027264956e-09,6.010148811753504e-09
shuffle_r7_ORIGINAL_p+3_Nd4001_dt1,shuffle,7,ORIGINAL,3,4001,1.0,static_lti,8,context,0.6507813000780134,0.11749479738211041,3.960001985564118e-09,6.084996580401752e-09
shuffle_r7_ORIGINAL_p+3_Nd4001_dt1,shuffle,7,ORIGINAL,3,4001,1.0,static_mh,8,context,0.7115342318372267,0.12757849410351924,4.299859238211164e-09,6.043081338628857e-09
shuffle_r7_ORIGINAL_p+3_Nd4001_dt1,shuffle,7,ORIGINAL,3,4001,1.0,static_lti_mh,8,context,0.6584106845654983,0.11898243792009185,4.010140882055454e-09,6.0906376157942305e-09
shuffle_r7_ORIGINAL_p+3_Nd4001_dt1,shuffle,7,ORIGINAL,3,4001,1.0,linear,8,context,2.8669255360062244e-05,2.8669255360062244e-05,9.662581721067522e-13,3.370363687411288e-08
shuffle_r7_ORIGINAL_p+3_Nd4001_dt1,shuffle,7,ORIGINAL,3,4001,1.0,atomic,16,context,0.6316449851151777,0.08515108439066651,2.8699025232751148e-09,4.5435372573278646e-09
shuffle_r7_ORIGINAL_p+3_Nd4001_dt1,shuffle,7,ORIGINAL,3,4001,1.0,static,16,context,0.5985092533127299,0.10754516343871606,3.6246647723565173e-09,6.056154942123471e-09
shuffle_r7_ORIGINAL_p+3_Nd4001_dt1,shuffle,7,ORIGINAL,3,4001,1.0,static_lti,16,context,0.6377574326512934,0.11605901107639602,3.911612531072739e-09,6.13338603489313e-09
shuffle_r7_ORIGINAL_p+3_Nd4001_dt1,shuffle,7,ORIGINAL,3,4001,1.0,static_mh,16,context,0.6964038748120439,0.1259792416086263,4.2459605295703266e-09,6.096980047269684e-09
shuffle_r7_ORIGINAL_p+3_Nd4001_dt1,shuffle,7,ORIGINAL,3,4001,1.0,static_lti_mh,16,context,0.6450229654094104,0.11751169662734716,3.960573339476219e-09,6.140205158373478e-09
shuffle_r7_ORIGINAL_p+3_Nd4001_dt1,shuffle,7,ORIGINAL,3,4001,1.0,linear,16,context,2.8217821110476874e-05,2.8217821110476874e-05,9.51043625407546e-13,3.370365208865957e-08
shuffle_r7_ORIGINAL_p+6_Nd4001_dt1,shuffle,7,ORIGINAL,6,4001,1.0,atomic,2,context,0.7623480036916347,0.05654733533624152,3.802618907918958e-09,4.9880355028214844e-09
shuffle_r7_ORIGINAL_p+6_Nd4001_dt1,shuffle,7,ORIGINAL,6,4001,1.0,static,2,context,1.0630141183593576,0.09495055365650207,6.385106716428818e-09,6.0066057507152495e-09
shuffle_r7_ORIGINAL_p+6_Nd4001_dt1,shuffle,7,ORIGINAL,6,4001,1.0,static_lti,2,context,1.1274973527677898,0.1017083002317314,6.83954253995775e-09,6.066127360004868e-09
shuffle_r7_ORIGINAL_p+6_Nd4001_dt1,shuffle,7,ORIGINAL,6,4001,1.0,static_mh,2,context,1.405104375444588,0.1257365687758346,8.455363121901271e-09,6.017605004771205e-09
shuffle_r7_ORIGINAL_p+6_Nd4001_dt1,shuffle,7,ORIGINAL,6,4001,1.0,static_lti_mh,2,context,1.1539492706033134,0.10430813209774827,7.014372525355663e-09,6.078579625678323e-09
shuffle_r7_ORIGINAL_p+6_Nd4001_dt1,shuffle,7,ORIGINAL,6,4001,1.0,linear,2,context,4.273463626929704e-05,4.273463626929704e-05,2.8737611584063223e-12,6.724665070967256e-08
shuffle_r7_ORIGINAL_p+6_Nd4001_dt1,shuffle,7,ORIGINAL,6,4001,1.0,atomic,2,zerofill,0.7673613732672212,0.056782957588616526,3.816768173490817e-09,4.973886237249642e-09
shuffle_r7_ORIGINAL_p+6_Nd4001_dt1,shuffle,7,ORIGINAL,6,4001,1.0,static,2,zerofill,1.0613706132518508,0.09492148704981565,6.3803177244995655e-09,6.01139474264452e-09
shuffle_r7_ORIGINAL_p+6_Nd4001_dt1,shuffle,7,ORIGINAL,6,4001,1.0,static_lti,2,zerofill,1.1259407386778977,0.10168740359706262,6.8351009207028596e-09,6.070568979259755e-09
shuffle_r7_ORIGINAL_p+6_Nd4001_dt1,shuffle,7,ORIGINAL,6,4001,1.0,static_mh,2,zerofill,1.4063032587948452,0.1258370292144525,8.458361250429865e-09,6.0146068762426085e-09
shuffle_r7_ORIGINAL_p+6_Nd4001_dt1,shuffle,7,ORIGINAL,6,4001,1.0,static_lti_mh,2,zerofill,1.1528963393386267,0.10431024101216663,7.011399634178411e-09,6.081552516855581e-09
shuffle_r7_ORIGINAL_p+6_Nd4001_dt1,shuffle,7,ORIGINAL,6,4001,1.0,linear,2,zerofill,0.0004869885480377316,0.0004869885480377316,3.273380728899444e-11,6.721679066354194e-08
shuffle_r7_ORIGINAL_p+6_Nd4001_dt1,shuffle,7,ORIGINAL,6,4001,1.0,atomic,4,context,0.7557089133454955,0.05626680316755866,3.783757000856082e-09,5.006897409884355e-09
shuffle_r7_ORIGINAL_p+6_Nd4001_dt1,shuffle,7,ORIGINAL,6,4001,1.0,static,4,context,1.044648274919134,0.09414815470043911,6.3311529962814564e-09,6.060559470862621e-09
shuffle_r7_ORIGINAL_p+6_Nd4001_dt1,shuffle,7,ORIGINAL,6,4001,1.0,static_lti,4,context,1.1091188270947197,0.10092217120043159,6.786683271911887e-09,6.118986628050719e-09
shuffle_r7_ORIGINAL_p+6_Nd4001_dt1,shuffle,7,ORIGINAL,6,4001,1.0,static_mh,4,context,1.3747649576522967,0.12459322607155249,8.37848366831138e-09,6.0944844583611015e-09
shuffle_r7_ORIGINAL_p+6_Nd4001_dt1,shuffle,7,ORIGINAL,6,4001,1.0,static_lti_mh,4,context,1.1341406598012604,0.10346905074820503,6.957952524414597e-09,6.134999626619387e-09
shuffle_r7_ORIGINAL_p+6_Nd4001_dt1,shuffle,7,ORIGINAL,6,4001,1.0,linear,4,context,4.1957148951950165e-05,4.1957148951950165e-05,2.82147993391662e-12,6.724670299089704e-08
shuffle_r7_ORIGINAL_p+6_Nd4001_dt1,shuffle,7,ORIGINAL,6,4001,1.0,atomic,8,context,0.7501189821614681,0.05602824514880043,3.76776482418009e-09,5.022889586560353e-09
shuffle_r7_ORIGINAL_p+6_Nd4001_dt1,shuffle,7,ORIGINAL,6,4001,1.0,static,8,context,1.0327928306465477,0.09362129729982034,6.295807227650102e-09,6.095905239493974e-09
shuffle_r7_ORIGINAL_p+6_Nd4001_dt1,shuffle,7,ORIGINAL,6,4001,1.0,static_lti,8,context,1.0961063300926153,0.10035595818472114,6.748696985619865e-09,6.156972914342749e-09
shuffle_r7_ORIGINAL_p+6_Nd4001_dt1,shuffle,7,ORIGINAL,6,4001,1.0,static_mh,8,context,1.3511260889756547,0.12368037630166684,8.317208044499216e-09,6.155760082173264e-09
shuffle_r7_ORIGINAL_p+6_Nd4001_dt1,shuffle,7,ORIGINAL,6,4001,1.0,static_lti_mh,8,context,1.120391892468121,0.10287613417097852,6.9181727635341265e-09,6.1747793874998714e-09
shuffle_r7_ORIGINAL_p+6_Nd4001_dt1,shuffle,7,ORIGINAL,6,4001,1.0,linear,8,context,2.8669255360148438e-05,2.8669255360148438e-05,1.9279385173411322e-12,6.724759653231363e-08
shuffle_r7_ORIGINAL_p+6_Nd4001_dt1,shuffle,7,ORIGINAL,6,4001,1.0,atomic,16,context,0.736332170003751,0.05543514745422711,3.727882112556597e-09,5.062772298183857e-09
shuffle_r7_ORIGINAL_p+6_Nd4001_dt1,shuffle,7,ORIGINAL,6,4001,1.0,static,16,context,1.0114107416336156,0.09265762437106724,6.231005352156786e-09,6.160707114987289e-09
shuffle_r7_ORIGINAL_p+6_Nd4001_dt1,shuffle,7,ORIGINAL,6,4001,1.0,static_lti,16,context,1.073445536355259,0.09935528461856061,6.6814071095116865e-09,6.2242627904509354e-09
shuffle_r7_ORIGINAL_p+6_Nd4001_dt1,shuffle,7,ORIGINAL,6,4001,1.0,static_mh,16,context,1.316819413618448,0.1223248465334473,8.226055638975243e-09,6.246912487697243e-09
shuffle_r7_ORIGINAL_p+6_Nd4001_dt1,shuffle,7,ORIGINAL,6,4001,1.0,static_lti_mh,16,context,1.0960971074956873,0.10181183164159953,6.846604067153091e-09,6.246348083880906e-09
shuffle_r7_ORIGINAL_p+6_Nd4001_dt1,shuffle,7,ORIGINAL,6,4001,1.0,linear,16,context,2.821782111056725e-05,2.821782111056725e-05,1.8975815056731537e-12,6.724762688932532e-08
