job_id,tag,design,realization,variant,Pavg_over_P1dB_dB,Nd,dt_ns,tau_atom_s,E1dB_Vpm,runtime_atomic_s,meta_n_events,meta_n_plateaus,meta_n_spikes,meta_plateau_len_samples,meta_tw_dwell_samples,meta_spike_share_of_high_time,meta_xi_nominal,model,D_gain,D_BLA,BLA_residual_power,BLA_fit_ac_power,gain_abs,gain_phase,out_bb_rms,dc_shift_mean,dc_shift_std,AIR,SER,EVM,cal_var,D_ref_linear,NMSE_full_vs_static,NMSE_full_vs_static_lti,NMSE_full_vs_static_mh,NMSE_full_vs_static_lti_mh,AIR_linear_ref,loss_vs_linear
dwell_r0_xi_0.05_p+3_Nd4001_dt1,p1,dwell,0,xi_0.05,3,4001,1.0,2.5350000000000003e-06,0.07321886766113006,36.15674298399972,1459,1459,0,127.08019191226867,137.08073,0.0,0.05,atomic,0.7746596351811004,0.31125236972665693,2.9168973780971265e-09,9.371486490717347e-09,0.0008525357510130814,1.5507831263509675,0.00011086164579595516,2.043327597026751e-05,0.0002261405705001864,0.7690249130412001,0.3283018867924528,0.8590692889620056,0.007595465221781208,0.07833961627840035,0.567501844120743,0.5267966631955544,0.8224256736218006,0.6002893498899033,1.4999770084514585,0.7309520954102584
dwell_r0_xi_0.05_p+3_Nd4001_dt1,p1,dwell,0,xi_0.05,3,4001,1.0,2.5350000000000003e-06,0.07321886766113006,36.15674298399972,1459,1459,0,127.08019191226867,137.08073,0.0,0.05,static,0.10624198598417318,0.03800716968504602,4.205773284831328e-10,1.106573659570893e-08,0.0010439700102666712,1.4162424334569734,0.00010719294137901551,1.2821445699919582e-07,7.600277668498218e-06,1.9957536423190256,0.0,0.33471547957540615,0.001139648107601783,0.011295517893830499,,,,,1.4999770084514585,-0.4957766338675671
dwell_r0_xi_0.05_p+3_Nd4001_dt1,p1,dwell,0,xi_0.05,3,4001,1.0,2.5350000000000003e-06,0.07321886766113006,36.15674298399972,1459,1459,0,127.08019191226867,137.08073,0.0,0.05,static_lti,0.18525439965928278,0.046242214078178134,5.425973283902203e-10,1.1733809446772876e-08,0.0010426837329608701,1.4663286058467628,0.0001108148809301176,-1.9694023761404837e-06,4.981542181546851e-05,1.9699132297216915,0.0,0.4025897856348054,0.001578454488546726,0.014572630089408532,,,,,1.4999770084514585,-0.46993622127023293
dwell_r0_xi_0.05_p+3_Nd4001_dt1,p1,dwell,0,xi_0.05,3,4001,1.0,2.5350000000000003e-06,0.07321886766113006,36.15674298399972,1459,1459,0,127.08019191226867,137.08073,0.0,0.05,static_mh,1.7502657264725585,1.5870604780420923,1.7901652835159437e-08,1.1279754667726434e-08,0.0010553306227821695,1.4198647349290467,0.00017083944815833208,3.022653722300202e-05,6.566175456491521e-05,0.5297289689040972,0.3169811320754717,1.2880884245735988,0.0170523379337492,0.4807877796408478,,,,,1.4999770084514585,0.9702480395473614
dwell_r0_xi_0.05_p+3_Nd4001_dt1,p1,dwell,0,xi_0.05,3,4001,1.0,2.5350000000000003e-06,0.07321886766113006,36.15674298399972,1459,1459,0,127.08019191226867,137.08073,0.0,0.05,static_lti_mh,0.21363724669193895,0.07191709959957915,8.437788089622043e-10,1.1732659042984292e-08,0.0010429347239394465,1.4651501433349656,0.00011215940755801477,2.814434508311192e-05,5.4711588094614536e-05,1.9522317563582634,0.0,0.4348539656954388,0.0018250309226806557,0.022661513090689107,,,,,1.4999770084514585,-0.45225474790680487
dwell_r0_xi_0.05_p+3_Nd4001_dt1,p1,dwell,0,xi_0.05,3,4001,1.0,2.5350000000000003e-06,0.07321886766113006,36.15674298399972,1459,1459,0,127.08019191226867,137.08073,0.0,0.05,linear,0.1742637302456716,0.00983196970266666,3.6608357316074886e-10,3.7234001347813187e-08,0.0018333033856760819,1.2923053032732077,0.00019392930600843218,2.6384080529493397e-06,0.0002032181011390684,1.4999770084514585,0.19245283018867926,0.4014210889190655,0.0015644591225726207,0.00983196970266666,,,,,1.4999770084514585,0.0
dwell_r0_xi_0.1_p+3_Nd4001_dt1,p1,dwell,0,xi_0.1,3,4001,1.0,2.5350000000000003e-06,0.07321886766113006,27.704125320000458,1459,731,728,253.6388508891929,254.40724,0.0364,0.1,atomic,0.6150923722388032,0.27940275221723504,2.101177798404135e-09,7.520247319433968e-09,0.0007665634515934018,1.577770338639484,9.810885842305886e-05,-6.695902690427167e-06,0.000208412921284127,0.884842296199921,0.22264150943396227,0.7241913032327894,0.0054175212376969826,0.0572701574136988,0.5144980022213099,0.4870988575429628,0.7395520312435727,0.5317604067928935,1.7534214367225422,0.8685791405226212
dwell_r0_xi_0.1_p+3_Nd4001_dt1,p1,dwell,0,xi_0.1,3,4001,1.0,2.5350000000000003e-06,0.07321886766113006,27.704125320000458,1459,731,728,253.6388508891929,254.40724,0.0364,0.1,static,0.14805952728761154,0.07478119525818352,8.057616708261718e-10,1.0774923669570458e-08,0.0009974979624389885,1.4347684356995298,0.000107631738399407,-2.1784346301990313e-09,5.381188849574274e-06,1.9949654517855173,0.0,0.4096304395049548,0.0016547431797049829,0.021962014714408378,,,,,1.7534214367225422,-0.24154401506297507
dwell_r0_xi_0.1_p+3_Nd4001_dt1,p1,dwell,0,xi_0.1,3,4001,1.0,2.5350000000000003e-06,0.07321886766113006,27.704125320000458,1459,731,728,253.6388508891929,254.40724,0.0364,0.1,static_lti,0.21009574105478665,0.08307196610740028,9.367158794813814e-10,1.1275956539542359e-08,0.0009977519329495942,1.4733519572534497,0.0001105270659205276,-7.896187174350787e-07,3.657523249872165e-05,1.979917944862322,0.0,0.42784357363346015,0.001934034619778018,0.025531331004237046,,,,,1.7534214367225422,-0.22649650813977984
dwell_r0_xi_0.1_p+3_Nd4001_dt1,p1,dwell,0,xi_0.1,3,4001,1.0,2.5350000000000003e-06,0.07321886766113006,27.704125320000458,1459,731,728,253.6388508891929,254.40724,0.0364,0.1,static_mh,0.8613878367891699,0.7368470755071485,7.971705299176292e-09,1.08186699305139e-08,0.0009978755472916062,1.4373423998849575,0.00013709180207094942,3.007346731922909e-05,0.00013307698861601518,1.1612291800354209,0.16226415094339622,0.8388707938581712,0.0089929429626256,0.21727852716042895,,,,,1.7534214367225422,0.5921922566871214
dwell_r0_xi_0.1_p+3_Nd4001_dt1,p1,dwell,0,xi_0.1,3,4001,1.0,2.5350000000000003e-06,0.07321886766113006,27.704125320000458,1459,731,728,253.6388508891929,254.40724,0.0364,0.1,static_lti_mh,0.22616608341988184,0.0974283949166282,1.0986007619601995e-09,1.1275981328649603e-08,0.0009977407517950127,1.4734031200346023,0.00011125632677018758,2.9259703046884753e-05,5.9350739216000944e-05,1.9720724656771038,0.0,0.4419651338623296,0.0021008484459195207,0.029943700442702264,,,,,1.7534214367225422,-0.21865102895456157
dwell_r0_xi_0.1_p+3_Nd4001_dt1,p1,dwell,0,xi_0.1,3,4001,1.0,2.5350000000000003e-06,0.07321886766113006,27.704125320000458,1459,731,728,253.6388508891929,254.40724,0.0364,0.1,linear,0.12031305289402155,0.009907403723021091,3.6349152303288393e-10,3.668887765099003e-08,0.0018061981088156806,1.2722203209343528,0.00019250641132534195,-9.485562983161124e-07,0.00013760860510017776,1.7534214367225422,0.07924528301886792,0.3016401299973488,0.0011081453609210297,0.009907403723021091,,,,,1.7534214367225422,0.0
dwell_r0_xi_0.25_p+3_Nd4001_dt1,p1,dwell,0,xi_0.25,3,4001,1.0,2.5350000000000003e-06,0.07321886766113006,26.00574847200005,1459,293,1166,632.7986348122867,605.90671,0.0583,0.25,atomic,0.5793785283662279,0.30980552370561104,1.7118618369839668e-09,5.5256014047401e-09,0.0006673771323358051,1.64178971323795,8.509136999889166e-05,6.131038927912114e-05,0.00026766590381424116,1.0853485442198916,0.16226415094339622,0.6451560672397485,0.0038890215763952183,0.05025067138526405,0.4414048011664235,0.4143959400813705,0.5646912481352047,0.43170450307999947,1.8776268027099972,0.7922782584901056
dwell_r0_xi_0.25_p+3_Nd4001_dt1,p1,dwell,0,xi_0.25,3,4001,1.0,2.5350000000000003e-06,0.07321886766113006,26.00574847200005,1459,293,1166,632.7986348122867,605.90671,0.0583,0.25,static,0.1589378617783555,0.1261012587054723,1.2995081292288693e-09,1.0305274844750423e-08,0.000986528614483062,1.4392428443292586,0.00010774688230513583,-3.255166468748863e-08,4.036384135731444e-06,1.9969040934294306,0.0,0.3924179719180266,0.001611284676184039,0.03814627708472641,,,,,1.8776268027099972,-0.11927729071943349
dwell_r0_xi_0.25_p+3_Nd4001_dt1,p1,dwell,0,xi_0.25,3,4001,1.0,2.5350000000000003e-06,0.07321886766113006,26.00574847200005,1459,293,1166,632.7986348122867,605.90671,0.0583,0.25,static_lti,0.20094486187492203,0.13344150904200475,1.4180575176000065e-09,1.0626809662004273e-08,0.000987326341960608,1.4633259452694696,0.00010977050741462461,9.472401359873601e-07,2.6376447043351433e-05,1.9944087011169334,0.0,0.40168884508393987,0.001677556439098364,0.0416262228544491,,,,,1.8776268027099972,-0.1167818984069362
dwell_r0_xi_0.25_p+3_Nd4001_dt1,p1,dwell,0,xi_0.25,3,4001,1.0,2.5350000000000003e-06,0.07321886766113006,26.00574847200005,1459,293,1166,632.7986348122867,605.90671,0.0583,0.25,static_mh,0.4335872761495871,0.39869876057562065,4.088181137969987e-09,1.0253809497846651e-08,0.0009860839706449986,1.4415660540834336,0.00011977410945502615,2.979174696447049e-05,0.0002107317771922617,1.5404695331652432,0.07169811320754717,0.6751914348763135,0.004948029416205981,0.12000609073072567,,,,,1.8776268027099972,0.337157269544754
dwell_r0_xi_0.25_p+3_Nd4001_dt1,p1,dwell,0,xi_0.25,3,4001,1.0,2.5350000000000003e-06,0.07321886766113006,26.00574847200005,1459,293,1166,632.7986348122867,605.90671,0.0583,0.25,static_lti_mh,0.20613916463919826,0.1390688879874244,1.4767101681050428e-09,1.061855163635577e-08,0.0009872568994054236,1.4629483285366223,0.0001099997734140202,3.0772454832144966e-05,8.504614281610468e-05,1.9925187868994387,0.0,0.40133785765190483,0.0017081128464282876,0.043347936022373953,,,,,1.8776268027099972,-0.11489198418944158
dwell_r0_xi_0.25_p+3_Nd4001_dt1,p1,dwell,0,xi_0.25,3,4001,1.0,2.5350000000000003e-06,0.07321886766113006,26.00574847200005,1459,293,1166,632.7986348122867,605.90671,0.0583,0.25,linear,0.07007160801396492,0.00788800649597019,2.687163557837116e-10,3.406644707011752e-08,0.0017659743427481526,1.2478085614169558,0.00018537524983857585,3.6327558372899597e-06,8.28683338733174e-05,1.8776268027099972,0.022641509433962263,0.19467940388782876,0.00041905939886793575,0.00788800649597019,,,,,1.8776268027099972,0.0
dwell_r0_xi_0.5_p+3_Nd4001_dt1,p1,dwell,0,xi_0.5,3,4001,1.0,2.5350000000000003e-06,0.07321886766113006,25.97811574499974,1459,146,1313,1269.9315068493152,1196.56055,0.06565,0.5,atomic,0.7186651013796639,0.4201009588014492,2.1060760239279063e-09,5.013261645335338e-09,0.0006334100960616864,1.6804734125350458,8.438063288456007e-05,6.784357836713013e-05,0.0003078713793628386,1.23336414201471,0.09433962264150944,0.7175721935927808,0.007123818940832212,0.06363673211495534,0.4391961658956974,0.4171827928183487,0.5100421213034061,0.4253995094071284,1.9949317172065386,0.7615675751918287
dwell_r0_xi_0.5_p+3_Nd4001_dt1,p1,dwell,0,xi_0.5,3,4001,1.0,2.5350000000000003e-06,0.07321886766113006,25.97811574499974,1459,146,1313,1269.9315068493152,1196.56055,0.06565,0.5,static,0.16293308052774091,0.1511223016808358,1.5249105682384154e-09,1.0090572677082202e-08,0.0009835627979487842,1.440079063462415,0.00010778925655186926,1.7035718407752235e-08,3.649854190829879e-06,1.9964610079927456,0.0,0.39438758557365733,0.0017530059900807994,0.046076363924066104,,,,,1.9949317172065386,-0.0015292907862070049
dwell_r0_xi_0.5_p+3_Nd4001_dt1,p1,dwell,0,xi_0.5,3,4001,1.0,2.5350000000000003e-06,0.07321886766113006,25.97811574499974,1459,146,1313,1269.9315068493152,1196.56055,0.06565,0.5,static_lti,0.20383509236965375,0.15428106582091294,1.603198258846579e-09,1.0391412908098175e-08,0.0009823593929019466,1.462066656710892,0.00010953512628753452,-9.511373110646953e-07,2.3284111791208312e-05,1.994914487910759,0.0,0.3914019055901938,0.0018101087967170393,0.048441887646157894,,,,,1.9949317172065386,1.7229295779630505e-05
dwell_r0_xi_0.5_p+3_Nd4001_dt1,p1,dwell,0,xi_0.5,3,4001,1.0,2.5350000000000003e-06,0.07321886766113006,25.97811574499974,1459,146,1313,1269.9315068493152,1196.56055,0.06565,0.5,static_mh,0.30434655009763234,0.2923333879896501,2.9626584005873087e-09,1.0134519429892148e-08,0.0009861731631956912,1.4387160160757906,0.00011445019046054003,2.9455145031451406e-05,0.00022398761943067636,1.8120924900838336,0.026415094339622643,0.5099634739046621,0.0032455872854950272,0.0895190377005832,,,,,1.9949317172065386,0.18283922712270506
dwell_r0_xi_0.5_p+3_Nd4001_dt1,p1,dwell,0,xi_0.5,3,4001,1.0,2.5350000000000003e-06,0.07321886766113006,25.97811574499974,1459,146,1313,1269.9315068493152,1196.56055,0.06565,0.5,static_lti_mh,0.2068616984131977,0.1573605635728518,1.634280726091677e-09,1.0385580027076281e-08,0.0009821589547395673,1.4621010734888704,0.0001096505949043216,2.891633976181455e-05,9.967307402455822e-05,1.9940973686817038,0.0,0.38960367810424057,0.0018544913584390465,0.04938106867242453,,,,,1.9949317172065386,0.0008343485248347715
dwell_r0_xi_0.5_p+3_Nd4001_dt1,p1,dwell,0,xi_0.5,3,4001,1.0,2.5350000000000003e-06,0.07321886766113006,25.97811574499974,1459,146,1313,1269.9315068493152,1196.56055,0.06565,0.5,linear,0.05426240025947114,0.0056201072268131785,1.859990714311603e-10,3.309528874178244e-08,0.0017485840683313671,1.2422051573725006,0.0001825357810501306,-1.9378436073569073e-06,6.902906956487065e-05,1.9949317172065386,0.0037735849056603774,0.13063418307127922,0.00022205770908524878,0.0056201072268131785,,,,,1.9949317172065386,0.0
dwell_r0_xi_1_p+3_Nd4001_dt1,p1,dwell,0,xi_1,3,4001,1.0,2.5350000000000003e-06,0.07321886766113006,23.943588387001,1459,73,1386,2539.8630136986303,2373.85055,0.0693,1,atomic,0.7892530688035396,0.5385265462981437,2.8531183006626706e-09,5.298008650223721e-09,0.0006614606475026883,1.6414413104723273,9.029852120067682e-05,8.041759883550421e-05,0.00031425455261855067,1.1356488888215994,0.09433962264150944,0.7992684396107516,0.00695998195386766,0.08689909115062477,0.3714783398778892,0.34528239171233566,0.41855496863784764,0.3485976579042584,1.9999999375656925,0.8643510487440931
dwell_r0_xi_1_p+3_Nd4001_dt1,p1,dwell,0,xi_1,3,4001,1.0,2.5350000000000003e-06,0.07321886766113006,23.943588387001,1459,73,1386,2539.8630136986303,2373.85055,0.0693,1,static,0.16527549522689106,0.1602650474074836,1.6048331343549266e-09,1.0013619066136991e-08,0.000978567751128655,1.4410459805751399,0.00010780286970230585,-3.9135441521534786e-08,3.3167312249486406e-06,1.996475449957186,0.0,0.4032615865469148,0.0017662884441935244,0.04887934047160285,,,,,1.9999999375656925,0.0035244876085065435
dwell_r0_xi_1_p+3_Nd4001_dt1,p1,dwell,0,xi_1,3,4001,1.0,2.5350000000000003e-06,0.07321886766113006,23.943588387001,1459,73,1386,2539.8630136986303,2373.85055,0.0693,1,static_lti,0.2047867067768145,0.16179819940684628,1.6691515534101967e-09,1.031625543132941e-08,0.0009774676158942693,1.4608455190030518,0.00010949114344785178,6.887398734156935e-07,2.0955298352921302e-05,1.995864937333604,0.0,0.40315938187992445,0.0017660356247703108,0.05083832414180322,,,,,1.9999999375656925,0.00413500023208857
dwell_r0_xi_1_p+3_Nd4001_dt1,p1,dwell,0,xi_1,3,4001,1.0,2.5350000000000003e-06,0.07321886766113006,23.943588387001,1459,73,1386,2539.8630136986303,2373.85055,0.0693,1,static_mh,0.2479175904668917,0.24243285954857532,2.418776977338686e-09,9.977100389124624e-09,0.0009767350008524297,1.4428501874030641,0.00011134415241383073,3.0195482183584264e-05,0.0002313180206267913,1.8114635233152063,0.018867924528301886,0.5031300244914269,0.0026571547247727337,0.07367010368198477,,,,,1.9999999375656925,0.18853641425048617
dwell_r0_xi_1_p+3_Nd4001_dt1,p1,dwell,0,xi_1,3,4001,1.0,2.5350000000000003e-06,0.07321886766113006,23.943588387001,1459,73,1386,2539.8630136986303,2373.85055,0.0693,1,static_lti_mh,0.20672781063673745,0.16347693452375017,1.6871938720149656e-09,1.0320684547518522e-08,0.0009775962986598465,1.4609081530178767,0.00010959455629102554,3.0430713824488598e-05,0.00013690388682132207,1.9951319653090573,0.0,0.4062965429418385,0.001828078520840589,0.0513878495816142,,,,,1.9999999375656925,0.004867972256635156
dwell_r0_xi_1_p+3_Nd4001_dt1,p1,dwell,0,xi_1,3,4001,1.0,2.5350000000000003e-06,0.07321886766113006,23.943588387001,1459,73,1386,2539.8630136986303,2373.85055,0.0693,1,linear,0.044828313523293,0.0045830255488406345,1.5047239151370324e-10,3.283254476985583e-08,0.0017412205832026547,1.2394968856265685,0.0001816169825435297,1.3112231623146511e-06,5.612587130983602e-05,1.9999999375656925,0.0,0.1229771854385743,0.00016381434489950186,0.0045830255488406345,,,,,1.9999999375656925,0.0
dwell_r0_xi_2_p+3_Nd4001_dt1,p1,dwell,0,xi_2,3,4001,1.0,2.5350000000000003e-06,0.07321886766113006,23.362645455999882,1459,37,1422,5011.081081081081,4664.79323,0.0711,2,atomic,0.9388139271234296,0.6438993728947795,3.209872512965709e-09,4.985053019286351e-09,0.0006359348521409215,1.6297497464311321,9.056050614083762e-05,6.40284978188669e-05,0.00031188717466895503,1.3344483748873937,0.05660377358490566,0.9310622563603289,0.009313302045262258,0.0978363948109301,0.3521471106765418,0.3235860614531059,0.38673543106983904,0.32476140717588053,1.9089079841709906,0.574459609283597
dwell_r0_xi_2_p+3_Nd4001_dt1,p1,dwell,0,xi_2,3,4001,1.0,2.5350000000000003e-06,0.07321886766113006,23.362645455999882,1459,37,1422,5011.081081081081,4664.79323,0.0711,2,static,0.16600647819563497,0.16353473867585763,1.6345855961321075e-09,9.995341719853303e-09,0.000976891217477366,1.4423539012822206,0.0001078729730868798,4.022780436078405e-08,3.1769756037948747e-06,1.9946173652242905,0.0,0.41131576024190153,0.0019242897949401047,0.049821904480462725,,,,,1.9089079841709906,-0.08570938105329984
dwell_r0_xi_2_p+3_Nd4001_dt1,p1,dwell,0,xi_2,3,4001,1.0,2.5350000000000003e-06,0.07321886766113006,23.362645455999882,1459,37,1422,5011.081081081081,4664.79323,0.0711,2,static_lti,0.2052919988245022,0.16262028137349396,1.6764096884751158e-09,1.0308736858134348e-08,0.000975402185073561,1.4611854598023233,0.0001095081850954213,-1.2988261446568373e-06,2.0715274518109834e-05,1.9933796795470136,0.0,0.407961705010887,0.00192076934229093,0.05109669604758908,,,,,1.9089079841709906,-0.08447169537602295
dwell_r0_xi_2_p+3_Nd4001_dt1,p1,dwell,0,xi_2,3,4001,1.0,2.5350000000000003e-06,0.07321886766113006,23.362645455999882,1459,37,1422,5011.081081081081,4664.79323,0.0711,2,static_mh,0.22021013548698695,0.21691664052056855,2.1729847677160187e-09,1.001760290266883e-08,0.0009776945484931618,1.4433528371478703,0.00011043774760949299,3.127196489523869e-05,0.0002350602595868969,1.9189953980024081,0.011320754716981131,0.48029694823481583,0.002622944758992027,0.0662322241128437,,,,,1.9089079841709906,-0.010087413831417535
dwell_r0_xi_2_p+3_Nd4001_dt1,p1,dwell,0,xi_2,3,4001,1.0,2.5350000000000003e-06,0.07321886766113006,23.362645455999882,1459,37,1422,5011.081081081081,4664.79323,0.0711,2,static_lti_mh,0.20695325864045613,0.16368039061044184,1.6886219437465672e-09,1.0316580608397223e-08,0.0009755458971112326,1.4612382673266024,0.00010959959832997413,2.9922870961672808e-05,0.0001667389104789224,1.9930740670911378,0.0,0.4129948927792292,0.0019530314149970478,0.0514689236122177,,,,,1.9089079841709906,-0.08416608292014716
dwell_r0_xi_2_p+3_Nd4001_dt1,p1,dwell,0,xi_2,3,4001,1.0,2.5350000000000003e-06,0.07321886766113006,23.362645455999882,1459,37,1422,5011.081081081081,4664.79323,0.0711,2,linear,0.04296648987566212,0.0040411615792652926,1.3258474516364327e-10,3.2808573120144324e-08,0.0017383708837285068,1.2384153237468534,0.00018165592818020023,-2.3446729734365344e-06,5.030974453980239e-05,1.9089079841709906,0.0037735849056603774,0.11418282760728192,0.000147404947280473,0.0040411615792652926,,,,,1.9089079841709906,0.0
dwell_r0_xi_4_p+3_Nd4001_dt1,p1,dwell,0,xi_4,3,4001,1.0,2.5350000000000003e-06,0.07321886766113006,23.486587377999967,1459,18,1441,10300.555555555555,9568.40055,0.07205,4,atomic,1.0469499595512213,0.7117765390654833,3.272282715782201e-09,4.5973455658969835e-09,0.00060558988794307,1.6200204533183835,8.871585452437569e-05,2.589994399104287e-05,0.00029674525446024493,1.2963278738870367,0.06792452830188679,0.8682525795690592,0.007802422714384627,0.10019101745684418,0.314507603515356,0.27981692501201927,0.3349111719117565,0.27977509671486134,1.905628062737146,0.6093001888501093
dwell_r0_xi_4_p+3_Nd4001_dt1,p1,dwell,0,xi_4,3,4001,1.0,2.5350000000000003e-06,0.07321886766113006,23.486587377999967,1459,18,1441,10300.555555555555,9568.40055,0.07205,4,static,0.166805820940356,0.1659613513080655,1.6574852663958356e-09,9.987176251169052e-09,0.0009757066370024941,1.443216710938769,0.00010791902089896589,-3.80580184054526e-08,3.101945876874916e-06,1.994622095871797,0.0,0.4268629242630808,0.0019163201897285757,0.05074901824924723,,,,,1.905628062737146,-0.08899403313465104
dwell_r0_xi_4_p+3_Nd4001_dt1,p1,dwell,0,xi_4,3,4001,1.0,2.5350000000000003e-06,0.07321886766113006,23.486587377999967,1459,18,1441,10300.555555555555,9568.40055,0.07205,4,static_lti,0.20467892269757615,0.1633725789399663,1.6800243623405486e-09,1.0283392557314644e-08,0.0009733008018365653,1.460224238999843,0.0001093867619609224,-5.653512604121228e-07,2.0275676358693117e-05,1.9936634186365305,0.0,0.42407692272521613,0.0019087556065299689,0.051439122115996536,,,,,1.905628062737146,-0.0880353558993845
dwell_r0_xi_4_p+3_Nd4001_dt1,p1,dwell,0,xi_4,3,4001,1.0,2.5350000000000003e-06,0.07321886766113006,23.486587377999967,1459,18,1441,10300.555555555555,9568.40055,0.07205,4,static_mh,0.2042316347080202,0.2030410663643928,2.0241416017315526e-09,9.96912416771332e-09,0.0009746952084433681,1.4420872452401021,0.00010952181880517416,3.118873298812993e-05,0.0002366238672257449,1.9789549053032243,0.0,0.4824302771422399,0.0023337217942223038,0.06197533164726366,,,,,1.905628062737146,-0.07332684256607824
dwell_r0_xi_4_p+3_Nd4001_dt1,p1,dwell,0,xi_4,3,4001,1.0,2.5350000000000003e-06,0.07321886766113006,23.486587377999967,1459,18,1441,10300.555555555555,9568.40055,0.07205,4,static_lti_mh,0.20630946880980913,0.16486133000451839,1.6955510992432205e-09,1.028471078813176e-08,0.000973327302116453,1.4604245352788865,0.00010946418775993119,3.0402389835443177e-05,0.00020179967604562997,1.9932304522874125,0.0,0.4278328830530262,0.0019214558229750166,0.05191452100514526,,,,,1.905628062737146,-0.08760238955026645
dwell_r0_xi_4_p+3_Nd4001_dt1,p1,dwell,0,xi_4,3,4001,1.0,2.5350000000000003e-06,0.07321886766113006,23.486587377999967,1459,18,1441,10300.555555555555,9568.40055,0.07205,4,linear,0.03890284450643523,0.0037876692160682054,1.2370694323150258e-10,3.26604400159095e-08,0.0017350004603960871,1.2359160643092106,0.00018106834307383897,-2.532763617696522e-06,4.636923721487601e-05,1.905628062737146,0.0037735849056603774,0.09925075856009218,9.623731232174985e-05,0.0037876692160682054,,,,,1.905628062737146,0.0
dwell_r0_xi_0.05_p+0_Nd4001_dt1,p1,dwell,0,xi_0.05,0,4001,1.0,2.5350000000000003e-06,0.07321886766113006,31.020852432999163,1459,1459,0,127.08019191226867,137.08073,0.0,0.05,atomic,0.44296385911622427,0.17155403651303822,1.4412207715289363e-09,8.40097266623862e-09,0.0011952010674685962,1.4265457086988864,9.921176861013089e-05,-8.712635807926264e-05,0.00018200258820678863,1.0975940391913535,0.26037735849056604,0.6297645190816412,0.002053853509707461,0.07723084785113893,0.354689598951533,0.21843159382868846,0.43430082477173754,0.23294449623778735,1.4945039262766138,0.3969098870852603
dwell_r0_xi_0.05_p+0_Nd4001_dt1,p1,dwell,0,xi_0.05,0,4001,1.0,2.5350000000000003e-06,0.07321886766113006,31.020852432999163,1459,1459,0,127.08019191226867,137.08073,0.0,0.05,static,0.024841327836473397,0.01201728962075556,1.0966484334749251e-10,9.125588781524064e-09,0.001373785250226725,1.355851918411437,9.611620819529111e-05,2.415796525039776e-07,1.2661002363217364e-05,1.9999718425337432,0.0,0.1696505157219524,0.0001497133779410941,0.005876621402149373,,,,,1.4945039262766138,-0.5054679162571294
dwell_r0_xi_0.05_p+0_Nd4001_dt1,p1,dwell,0,xi_0.05,0,4001,1.0,2.5350000000000003e-06,0.07321886766113006,31.020852432999163,1459,1459,0,127.08019191226867,137.08073,0.0,0.05,static_lti,0.13593552143314822,0.014384942840689818,1.5170171078370356e-10,1.054586816671903e-08,0.0014043924202751256,1.4236842666182012,0.00010344214527140195,-7.213827422725459e-07,8.27235761726508e-05,1.834719094369077,0.06792452830188679,0.33941635113629637,0.0005730968838466163,0.008129255403295762,,,,,1.4945039262766138,-0.3402151680924632
dwell_r0_xi_0.05_p+0_Nd4001_dt1,p1,dwell,0,xi_0.05,0,4001,1.0,2.5350000000000003e-06,0.07321886766113006,31.020852432999163,1459,1459,0,127.08019191226867,137.08073,0.0,0.05,static_mh,0.12963506060960253,0.11599099350659053,1.0636389545524633e-09,9.170013312214867e-09,0.0013774282867643451,1.3566084323503822,0.00010117655388674816,-3.634099072401136e-05,1.91725771998365e-05,1.964804668375293,0.0,0.3570639730905922,0.0006521528092964107,0.05699733163049023,,,,,1.4945039262766138,-0.47030074209867934
dwell_r0_xi_0.05_p+0_Nd4001_dt1,p1,dwell,0,xi_0.05,0,4001,1.0,2.5350000000000003e-06,0.07321886766113006,31.020852432999163,1459,1459,0,127.08019191226867,137.08073,0.0,0.05,static_lti_mh,0.1387498407991773,0.017030563719947028,1.7952698614841091e-10,1.0541458820775272e-08,0.0014041902298429403,1.423098705031612,0.00010355444579037342,-3.7300551232700495e-05,8.299881653848846e-05,1.827491351369005,0.07169811320754717,0.3452088208256274,0.0005958389692559298,0.00962033133736518,,,,,1.4945039262766138,-0.3329874250923912
dwell_r0_xi_0.05_p+0_Nd4001_dt1,p1,dwell,0,xi_0.05,0,4001,1.0,2.5350000000000003e-06,0.07321886766113006,31.020852432999163,1459,1459,0,127.08019191226867,137.08073,0.0,0.05,linear,0.17426373024576788,0.009831969702667726,1.834764133088426e-10,1.8661206132384606e-08,0.0018333033856762263,1.2923053032731848,0.0001372914346572111,1.867849858570775e-06,0.00014386739801195157,1.4945039262766138,0.19245283018867926,0.40239514928669434,0.0007872805432666299,0.009831969702667726,,,,,1.4945039262766138,0.0
dwell_r0_xi_0.1_p+0_Nd4001_dt1,p1,dwell,0,xi_0.1,0,4001,1.0,2.5350000000000003e-06,0.07321886766113006,27.24655151600018,1459,731,728,253.6388508891929,254.40724,0.0364,0.1,atomic,0.28520289742597416,0.1315109574347976,1.0778904658713996e-09,8.196202711137675e-09,0.0011917275228146432,1.4232628915096053,9.630842069975003e-05,-0.00011307256069537555,0.00014580098985766507,1.4073029678295796,0.12075471698113208,0.46614795122824637,0.0012815362871145676,0.05861924277641184,0.2632080502524462,0.1685784172848832,0.3129901579323771,0.17643318859089238,1.7512790067338844,0.3439760389043047
dwell_r0_xi_0.1_p+0_Nd4001_dt1,p1,dwell,0,xi_0.1,0,4001,1.0,2.5350000000000003e-06,0.07321886766113006,27.24655151600018,1459,731,728,253.6388508891929,254.40724,0.0364,0.1,static,0.0295194386434289,0.016823616772251953,1.574151603986449e-10,9.35679661095691e-09,0.0013486405741273144,1.3667914043531493,9.755491681141903e-05,2.102406767938568e-08,8.178039852580525e-06,1.999998409634706,0.0,0.18607002589680618,0.00017079792925125392,0.008560756214348864,,,,,1.7512790067338844,-0.24871940290082173
dwell_r0_xi_0.1_p+0_Nd4001_dt1,p1,dwell,0,xi_0.1,0,4001,1.0,2.5350000000000003e-06,0.07321886766113006,27.24655151600018,1459,731,728,253.6388508891929,254.40724,0.0364,0.1,static_lti,0.11048929409617654,0.021142674713438538,2.1910330073090852e-10,1.0363083370508644e-08,0.0013694860447674274,1.4170209918659977,0.00010288146057569724,-6.981662728444781e-07,5.71283430166782e-05,1.9415410853612898,0.022641509433962263,0.281682739267729,0.0004697432745089178,0.011915560982604188,,,,,1.7512790067338844,-0.1902620786274054
dwell_r0_xi_0.1_p+0_Nd4001_dt1,p1,dwell,0,xi_0.1,0,4001,1.0,2.5350000000000003e-06,0.07321886766113006,27.24655151600018,1459,731,728,253.6388508891929,254.40724,0.0364,0.1,static_mh,0.07270585325098448,0.05924317782427909,5.546005323236154e-10,9.36142443217029e-09,0.0013488248871288712,1.3673236584718516,9.959258372638231e-05,-3.6558188843317975e-05,3.1906571703739914e-05,1.995332377797442,0.0,0.25971299829660066,0.0004002221963351867,0.0301610082634166,,,,,1.7512790067338844,-0.24405337106355773
dwell_r0_xi_0.1_p+0_Nd4001_dt1,p1,dwell,0,xi_0.1,0,4001,1.0,2.5350000000000003e-06,0.07321886766113006,27.24655151600018,1459,731,728,253.6388508891929,254.40724,0.0364,0.1,static_lti_mh,0.11206948787631502,0.022528703338024373,2.335226899916425e-10,1.0365562832792888e-08,0.001369604977401657,1.4169179162533523,0.00010296327134282832,-3.7282616949800587e-05,5.8308852852604935e-05,1.940601096628773,0.01509433962264151,0.28211247323361005,0.0004782086175680121,0.012699734984068449,,,,,1.7512790067338844,-0.18932208989488863
dwell_r0_xi_0.1_p+0_Nd4001_dt1,p1,dwell,0,xi_0.1,0,4001,1.0,2.5350000000000003e-06,0.07321886766113006,27.24655151600018,1459,731,728,253.6388508891929,254.40724,0.0364,0.1,linear,0.12031305289410506,0.009907403723022151,1.821773108758343e-10,1.838799709478913e-08,0.0018061981088160512,1.2722203209343483,0.00013628410236469463,-6.715264326437917e-07,9.741943187565076e-05,1.7512790067338844,0.07547169811320754,0.30307435345389266,0.0005621196839433409,0.009907403723022151,,,,,1.7512790067338844,0.0
dwell_r0_xi_4_p+0_Nd4001_dt1,p1,dwell,0,xi_4,0,4001,1.0,2.5350000000000003e-06,0.07321886766113006,39.06959103199915,1459,18,1441,10300.555555555555,9568.40055,0.07205,4,atomic,0.4693049293312246,0.35149599217200866,1.6657482054341757e-09,4.739024747169869e-09,0.000910858718633084,1.471699653246438,8.003301408732751e-05,-5.320847624224511e-05,0.00012114234677172607,1.6361429513234953,0.03773584905660377,0.6034346198816579,0.0020928538456526156,0.10176239569677809,0.25155701511904294,0.20933976037960073,0.2523728999475348,0.20908214602065003,1.9279523207505471,0.2918093694270518
dwell_r0_xi_4_p+0_Nd4001_dt1,p1,dwell,0,xi_4,0,4001,1.0,2.5350000000000003e-06,0.07321886766113006,39.06959103199915,1459,18,1441,10300.555555555555,9568.40055,0.07205,4,static,0.03066506473848046,0.03053327727882409,2.8716070383976267e-10,9.404843810818788e-09,0.0013378368193963572,1.3720540771038796,9.845076270913337e-05,-3.909311872847657e-08,3.5092917746788766e-06,1.9999999957524341,0.0,0.18807170343320984,0.00019142514883066917,0.017542964223149504,,,,,1.9279523207505471,-0.07204767500188702
dwell_r0_xi_4_p+0_Nd4001_dt1,p1,dwell,0,xi_4,0,4001,1.0,2.5350000000000003e-06,0.07321886766113006,39.06959103199915,1459,18,1441,10300.555555555555,9568.40055,0.07205,4,static_lti,0.0688215162887846,0.032630615083978624,3.1202850673835507e-10,9.562446369316483e-09,0.001326048866816895,1.3899438659948802,9.937396175134656e-05,-9.332495855892744e-07,2.243781977493126e-05,1.9998579866695185,0.0,0.20211543921666159,0.0002183292433947331,0.019062165738973104,,,,,1.9279523207505471,-0.0719056659189714
dwell_r0_xi_4_p+0_Nd4001_dt1,p1,dwell,0,xi_4,0,4001,1.0,2.5350000000000003e-06,0.07321886766113006,39.06959103199915,1459,18,1441,10300.555555555555,9568.40055,0.07205,4,static_mh,0.031905291197999876,0.03175814799657353,2.9855196158704926e-10,9.400798863310946e-09,0.0013375392415140596,1.3719665611105436,9.848817917071412e-05,-3.6367522082412945e-05,5.582215821637755e-05,1.9999999927562964,0.0,0.19271686956137088,0.0001972659533797124,0.01823886872695248,,,,,1.9279523207505471,-0.07204767200574924
dwell_r0_xi_4_p+0_Nd4001_dt1,p1,dwell,0,xi_4,0,4001,1.0,2.5350000000000003e-06,0.07321886766113006,39.06959103199915,1459,18,1441,10300.555555555555,9568.40055,0.07205,4,static_lti_mh,0.06921167964434527,0.03289370530495909,3.1461246716645383e-10,9.564518933019763e-09,0.0013261194719004698,1.3900793644920513,9.939750325053154e-05,-3.732284250308135e-05,5.2426858295281475e-05,1.999574721287402,0.0,0.2033559700918803,0.00021861213980702734,0.01922002273241976,,,,,1.9279523207505471,-0.07162240053685487
dwell_r0_xi_4_p+0_Nd4001_dt1,p1,dwell,0,xi_4,0,4001,1.0,2.5350000000000003e-06,0.07321886766113006,39.06959103199915,1459,18,1441,10300.555555555555,9568.40055,0.07205,4,linear,0.0389028445064413,0.0037876692160686075,6.200034065868905e-11,1.636899558062306e-08,0.0017350004603965308,1.235916064309218,0.00012818657016454497,-1.7930593259892807e-06,3.28269060113797e-05,1.9279523207505471,0.0037735849056603774,0.10323946736769052,5.337582042527138e-05,0.0037876692160686075,,,,,1.9279523207505471,0.0
dwell_r0_xi_0.05_p+6_Nd4001_dt1,p1,dwell,0,xi_0.05,6,4001,1.0,2.5350000000000003e-06,0.07321886766113006,33.46710647399959,1459,1459,0,127.08019191226867,137.08073,0.0,0.05,atomic,1.6549797090252856,0.5729217032080137,5.366876026943786e-09,9.367555805431245e-09,0.0005403297062556975,1.7429592620172025,0.00012140830015475163,0.00034035078401663016,0.00028507097765625967,0.41709800723151036,0.4490566037735849,1.3164587186725472,0.032282802699359965,0.0722406846376309,0.8351991378680441,0.9143100213508041,0.8747726433002,0.9525825286138412,1.5034486662710844,1.086350659039574
dwell_r0_xi_0.05_p+6_Nd4001_dt1,p1,dwell,0,xi_0.05,6,4001,1.0,2.5350000000000003e-06,0.07321886766113006,33.46710647399959,1459,1459,0,127.08019191226867,137.08073,0.0,0.05,static,0.39199955750908594,0.11939557868062349,1.486767943353828e-09,1.2452453933246968e-08,0.0007258091985540478,1.5572325501743538,0.00011808440972144964,-6.85152847973188e-08,1.2845333331984886e-05,1.909784685289271,0.0,0.6268736021009522,0.007774425060547301,0.020012598313422524,,,,,1.5034486662710844,-0.4063360190181866
dwell_r0_xi_0.05_p+6_Nd4001_dt1,p1,dwell,0,xi_0.05,6,4001,1.0,2.5350000000000003e-06,0.07321886766113006,33.46710647399959,1459,1459,0,127.08019191226867,137.08073,0.0,0.05,static_lti,0.7316349498598315,0.1431852113351292,1.929329583977308e-09,1.3474363490386274e-08,0.0006840801804351958,1.5868899695190697,0.00012412934911357548,-4.156634886223432e-06,8.090503326155661e-05,1.7299891460872372,0.0,0.8271243105668056,0.013197763605434962,0.025969686897635545,,,,,1.5034486662710844,-0.22654047981615277
dwell_r0_xi_0.05_p+6_Nd4001_dt1,p1,dwell,0,xi_0.05,6,4001,1.0,2.5350000000000003e-06,0.07321886766113006,33.46710647399959,1459,1459,0,127.08019191226867,137.08073,0.0,0.05,static_mh,2.166007652258684,1.5637587897335377,1.9810943055302562e-08,1.2668797250168179e-08,0.0007346374181626052,1.5607315739086494,0.00018023761743837186,2.0732339616964455e-05,7.042378480062942e-05,0.5318249565136456,0.2830188679245283,1.4100604332984572,0.03911265812353079,0.26666464484128594,,,,,1.5034486662710844,0.9716237097574388
dwell_r0_xi_0.05_p+6_Nd4001_dt1,p1,dwell,0,xi_0.05,6,4001,1.0,2.5350000000000003e-06,0.07321886766113006,33.46710647399959,1459,1459,0,127.08019191226867,137.08073,0.0,0.05,static_lti_mh,0.7932659998880534,0.18505213000343038,2.498488904741824e-09,1.3501540915500451e-08,0.0006851107623856578,1.5868541105550418,0.00012650975542590075,1.6660620499992086e-05,8.345459304036809e-05,1.6389305527191143,0.033962264150943396,0.8415035655320513,0.014119009537551543,0.03363084001417804,,,,,1.5034486662710844,-0.13548188644802983
dwell_r0_xi_0.05_p+6_Nd4001_dt1,p1,dwell,0,xi_0.05,6,4001,1.0,2.5350000000000003e-06,0.07321886766113006,33.46710647399959,1459,1459,0,127.08019191226867,137.08073,0.0,0.05,linear,0.1742637302457151,0.009831969702667741,7.304327576568713e-10,7.429159972479172e-08,0.0018333033856767612,1.2923053032732845,0.0002739324257395454,3.7268504328219667e-06,0.0002870531976058828,1.5034486662710844,0.19245283018867926,0.4009703266268499,0.0031161700090971104,0.009831969702667741,,,,,1.5034486662710844,0.0
dwell_r0_xi_4_p+6_Nd4001_dt1,p1,dwell,0,xi_4,6,4001,1.0,2.5350000000000003e-06,0.07321886766113006,33.71853335399828,1459,18,1441,10300.555555555555,9568.40055,0.07205,4,atomic,1.4227905371403329,0.7985038382184423,4.1885979816442124e-09,5.245557730804997e-09,0.00043146811145204666,1.822452609694985,9.713650686296379e-05,0.00010569419814929769,0.0003753591863435559,1.1238855862357686,0.11320754716981132,1.0339172081238812,0.021754568886824317,0.06427567522588284,0.3501806887560724,0.34024660678078666,0.38764551782203105,0.3427481208403418,1.8888118827550673,0.7649262965192987
dwell_r0_xi_4_p+6_Nd4001_dt1,p1,dwell,0,xi_4,6,4001,1.0,2.5350000000000003e-06,0.07321886766113006,33.71853335399828,1459,18,1441,10300.555555555555,9568.40055,0.07205,4,static,0.6783904951940146,0.6732783731915648,5.782964293425452e-09,8.589261921502491e-09,0.0006398388917380189,1.6194076657933612,0.00011990574171751054,-3.907931333545865e-08,3.1447670653475065e-06,1.705003436271711,0.0,0.8648836659471248,0.01551313216311228,0.08874185023151374,,,,,1.8888118827550673,0.18380844648335626
dwell_r0_xi_4_p+6_Nd4001_dt1,p1,dwell,0,xi_4,6,4001,1.0,2.5350000000000003e-06,0.07321886766113006,33.71853335399828,1459,18,1441,10300.555555555555,9568.40055,0.07205,4,static_lti,0.7400599224178209,0.676765012577339,5.937008211021372e-09,8.772628756931942e-09,0.0006357318839785765,1.6352048510699113,0.00012130386194514188,3.9018826807930356e-07,2.065507183990594e-05,1.6951496789364984,0.0,0.8678397819634287,0.01586178806372495,0.09110571443173267,,,,,1.8888118827550673,0.1936622038185689
dwell_r0_xi_4_p+6_Nd4001_dt1,p1,dwell,0,xi_4,6,4001,1.0,2.5350000000000003e-06,0.07321886766113006,33.71853335399828,1459,18,1441,10300.555555555555,9568.40055,0.07205,4,static_mh,0.7836205277997984,0.7768182950470925,6.656638455544763e-09,8.569106183501024e-09,0.0006388415547553645,1.617510834268922,0.00012341043445139154,2.1945586124044018e-05,0.0002365719257286739,1.5985223875746521,0.0,0.9321096490590298,0.017587461691199742,0.10214872215947624,,,,,1.8888118827550673,0.29028949518041514
dwell_r0_xi_4_p+6_Nd4001_dt1,p1,dwell,0,xi_4,6,4001,1.0,2.5350000000000003e-06,0.07321886766113006,33.71853335399828,1459,18,1441,10300.555555555555,9568.40055,0.07205,4,static_lti_mh,0.7448778745763834,0.6819859683123664,5.9780659552189565e-09,8.765672950738563e-09,0.0006355890638448882,1.6350635964185456,0.00012144491609285047,2.2116354827547166e-05,0.0002016709449538444,1.692939019565098,0.0,0.8723057796730634,0.0158902649131371,0.09173576158429216,,,,,1.8888118827550673,0.19587286318996933
dwell_r0_xi_4_p+6_Nd4001_dt1,p1,dwell,0,xi_4,6,4001,1.0,2.5350000000000003e-06,0.07321886766113006,33.71853335399828,1459,18,1441,10300.555555555555,9568.40055,0.07205,4,linear,0.03890284450644193,0.003787669216067507,2.468278019297675e-10,6.516614515404619e-08,0.0017350004603965724,1.2359160643092095,0.00025576583273443195,-3.5776237016510157e-06,6.549828848153123e-05,1.8888118827550673,0.0037735849056603774,0.09729600389994633,0.00018137781958210407,0.003787669216067507,,,,,1.8888118827550673,0.0
shuffle_r0_ORIGINAL_p+3_Nd4001_dt1,p1,shuffle,0,ORIGINAL,3,4001,1.0,2.5350000000000003e-06,0.07321886766113006,40.595897516999685,319,634,atomic,1.245335973873278,0.8777866259325768,3.2410689234249384e-09,3.6923197821356263e-09,0.0005387804170136687,1.7304274417381704,8.328566127509154e-05,1.8813817662756608e-06,0.00028551397727455955,0.7600347020313071,0.10943396226415095,0.9234727742755794,0.009851139227188475,0.09590087747177409,0.35734363495918964,0.35197242578409726,0.43259590964582084,0.356691639733066,1.9099209281928278,1.1498862261615206
shuffle_r0_ORIGINAL_p+3_Nd4001_dt1,p1,shuffle,0,ORIGINAL,3,4001,1.0,2.5350000000000003e-06,0.07321886766113006,40.595897516999685,319,634,static,1.0590179095040244,1.012714260940609,4.426682513778788e-09,4.3711071172902066e-09,0.0006337769198016893,1.6250276312315197,9.381113893267144e-05,3.5726745361888615e-09,2.2436504890403366e-06,0.6915501917034658,0.033962264150943396,0.9268598644551941,0.01078921642685649,0.1309823232366617,,,,,1.9099209281928278,1.2183707364893621
shuffle_r0_ORIGINAL_p+3_Nd4001_dt1,p1,shuffle,0,ORIGINAL,3,4001,1.0,2.5350000000000003e-06,0.07321886766113006,40.595897516999685,319,634,static_lti,1.1739044283038542,1.04320535120023,4.7211260443951336e-09,4.525596076518758e-09,0.0006323439600703683,1.6476732045509057,9.617393518201131e-05,-1.3294427149758784e-07,1.3833459914862665e-05,0.6581957022922779,0.04905660377358491,0.9638092894292597,0.011295400216916182,0.139694693636411,,,,,1.9099209281928278,1.2517252259005498
shuffle_r0_ORIGINAL_p+3_Nd4001_dt1,p1,shuffle,0,ORIGINAL,3,4001,1.0,2.5350000000000003e-06,0.07321886766113006,40.595897516999685,319,634,static_mh,1.3533539940998458,1.268533013742231,5.577505245272268e-09,4.396815206896642e-09,0.0006312156005119626,1.619348342588159,9.988722065398217e-05,-6.801424734350015e-05,0.0004135078595233491,0.315467973517463,0.045283018867924525,1.041804602991839,0.009209519801909078,0.1650343327348314,,,,,1.9099209281928278,1.5944529546753647
shuffle_r0_ORIGINAL_p+3_Nd4001_dt1,p1,shuffle,0,ORIGINAL,3,4001,1.0,2.5350000000000003e-06,0.07321886766113006,40.595897516999685,319,634,static_lti_mh,1.193208270045644,1.0591215060608226,4.797951508366459e-09,4.53012376852909e-09,0.0006323183403380931,1.6467919133374767,9.659544444159246e-05,-6.81899746682219e-05,0.00023919871363239456,0.6873326245568186,0.05660377358490566,0.9395961656001601,0.010445704997494221,0.14196790336477452,,,,,1.9099209281928278,1.2225883036360092
shuffle_r0_ORIGINAL_p+3_Nd4001_dt1,p1,shuffle,0,ORIGINAL,3,4001,1.0,2.5350000000000003e-06,0.07321886766113006,40.595897516999685,319,634,linear,0.042078648611449894,5.426992933240793e-05,1.834108154928032e-12,3.3796029909933435e-08,0.0017461199460256619,1.2405964261441516,0.0001839621730833392,-4.375046121556858e-07,2.5589126914349745e-05,1.9099209281928278,0.01509433962264151,0.10126253129709506,9.053461891036528e-05,5.426992933240793e-05,,,,,1.9099209281928278,0.0
shuffle_r0_BLOCK_SHUFFLED_CYCLES_p+3_Nd4001_dt1,p1,shuffle,0,BLOCK_SHUFFLED_CYCLES,3,4001,1.0,2.5350000000000003e-06,0.07321886766113006,35.62844610799948,319,634,atomic,1.0297231823163353,0.7365288274297761,2.957742064166874e-09,4.0157858783183585e-09,0.0005682137774815803,1.7409433809440409,8.353679916054729e-05,-5.987260083173321e-06,0.0003014943999303301,0.6063893680501871,0.16226415094339622,0.9377906585751986,0.010569950030066435,0.0855741126563082,0.3929162352478449,0.38519084410269744,0.4533141015713058,0.3920748449972577,1.9275172657711468,1.3211278977209597
shuffle_r0_BLOCK_SHUFFLED_CYCLES_p+3_Nd4001_dt1,p1,shuffle,0,BLOCK_SHUFFLED_CYCLES,3,4001,1.0,2.5350000000000003e-06,0.07321886766113006,35.62844610799948,319,634,static,1.0623027950794646,1.0219957874096175,4.449973432009417e-09,4.3541993879333485e-09,0.0006333911010648476,1.6242231391265356,9.387794906927729e-05,-6.178167651011172e-08,2.5263973619810947e-06,0.8720200984105776,0.026415094339622643,0.8503973330737302,0.009028355980531989,0.1287477134675756,,,,,1.9275172657711468,1.0554971673605693
shuffle_r0_BLOCK_SHUFFLED_CYCLES_p+3_Nd4001_dt1,p1,shuffle,0,BLOCK_SHUFFLED_CYCLES,3,4001,1.0,2.5350000000000003e-06,0.07321886766113006,35.62844610799948,319,634,static_lti,1.1777904073858305,1.0805668808808155,4.8226859323240656e-09,4.463107298266343e-09,0.0006330024010106004,1.6490889439158771,9.640957598260222e-05,-7.084401451053601e-08,1.4634161668305227e-05,0.7445530633338026,0.045283018867924525,0.8786727413551582,0.009427260404082767,0.13953112216191146,,,,,1.9275172657711468,1.1829642024373443
shuffle_r0_BLOCK_SHUFFLED_CYCLES_p+3_Nd4001_dt1,p1,shuffle,0,BLOCK_SHUFFLED_CYCLES,3,4001,1.0,2.5350000000000003e-06,0.07321886766113006,35.62844610799948,319,634,static_mh,1.3069037118667184,1.2470303116378005,5.53563987418313e-09,4.439057994438674e-09,0.0006374395916056624,1.6308993559850404,9.991605357014868e-05,-6.806002670267515e-05,0.0004129488962342814,0.17630583007282324,0.045283018867924525,1.017910640521615,0.012230936546989202,0.16015847898201732,,,,,1.9275172657711468,1.7512114356983235
shuffle_r0_BLOCK_SHUFFLED_CYCLES_p+3_Nd4001_dt1,p1,shuffle,0,BLOCK_SHUFFLED_CYCLES,3,4001,1.0,2.5350000000000003e-06,0.07321886766113006,35.62844610799948,319,634,static_lti_mh,1.1974593613249405,1.0986905162359784,4.908067898321247e-09,4.467197837600234e-09,0.0006331917682566937,1.6484644229814485,9.687092435925006e-05,-6.813417054672901e-05,0.00021754377819906479,0.5223730033679255,0.045283018867924525,0.9151834194326764,0.009770817851802178,0.14200141396510085,,,,,1.9275172657711468,1.4051442624032213
shuffle_r0_BLOCK_SHUFFLED_CYCLES_p+3_Nd4001_dt1,p1,shuffle,0,BLOCK_SHUFFLED_CYCLES,3,4001,1.0,2.5350000000000003e-06,0.07321886766113006,35.62844610799948,319,634,linear,0.043662104395910326,7.226392908561574e-05,2.4976953443494665e-12,3.45635142726641e-08,0.0017642030717608319,1.2412894147855031,0.00018613219901032654,-1.022990749889443e-06,2.439099437657518e-05,1.9275172657711468,0.011320754716981131,0.0839131172893908,0.00010947334954464789,7.226392908561574e-05,,,,,1.9275172657711468,0.0
shuffle_r0_ORIGINAL_p+6_Nd4001_dt1,p1,shuffle,0,ORIGINAL,6,4001,1.0,2.5350000000000003e-06,0.07321886766113006,33.44914023199999,319,634,atomic,1.676087486283647,1.080264666693033,4.188088506151721e-09,3.876909645645019e-09,0.0003768180323805571,1.8936639219809857,8.983559637694605e-05,4.416027961122037e-05,0.0004900636363567237,0.5832579961162913,0.2037735849056604,1.096720437187234,0.034027967179359374,0.06210837480550925,0.45333112198073894,0.45961855400674373,0.5444780731537846,0.4626710975944892,1.9210625851850518,1.3378045890687607
shuffle_r0_ORIGINAL_p+6_Nd4001_dt1,p1,shuffle,0,ORIGINAL,6,4001,1.0,2.5350000000000003e-06,0.07321886766113006,33.44914023199999,319,634,static,1.589791357554936,1.50760495545993,6.977229561725434e-09,4.628022438143862e-09,0.00045948844458504714,1.7477492057202335,0.00010775407063734305,2.235826311964079e-08,3.025604336856766e-06,0.751011395838717,0.04905660377358491,1.0965494487584866,0.030218803520217028,0.10347068551373724,,,,,1.9210625851850518,1.1700511893463348
shuffle_r0_ORIGINAL_p+6_Nd4001_dt1,p1,shuffle,0,ORIGINAL,6,4001,1.0,2.5350000000000003e-06,0.07321886766113006,33.44914023199999,319,634,static_lti,1.736576553191786,1.5333877673143173,7.442787657730088e-09,4.853819638046225e-09,0.0004601172823628436,1.7772100385676195,0.00011091465273732094,-1.2680124514116402e-06,1.8871041073122926e-05,0.7090645743882625,0.0830188679245283,1.128155469236171,0.03159066944630892,0.11037480338945169,,,,,1.9210625851850518,1.2119980107967891
shuffle_r0_ORIGINAL_p+6_Nd4001_dt1,p1,shuffle,0,ORIGINAL,6,4001,1.0,2.5350000000000003e-06,0.07321886766113006,33.44914023199999,319,634,static_mh,2.3905279943290156,2.1819355239581593,9.939664426045202e-09,4.5554345290708065e-09,0.0004488038977574037,1.7316382642801564,0.00012042242122377512,-0.00011710304636559891,0.0007788851677291779,0.4770708360196727,0.24150943396226415,1.208084929029631,0.05581657374154207,0.14740290294892786,,,,,1.9210625851850518,1.443991749165379
shuffle_r0_ORIGINAL_p+6_Nd4001_dt1,p1,shuffle,0,ORIGINAL,6,4001,1.0,2.5350000000000003e-06,0.07321886766113006,33.44914023199999,319,634,static_lti_mh,1.8016022074386568,1.5978262114058932,7.701006958152003e-09,4.81967744876087e-09,0.00045887087560385836,1.7783845747338567,0.0001119182612170227,-0.00011831025276516986,0.0005194514649160734,0.8041737126555786,0.12830188679245283,1.0692828408931179,0.030182960928396833,0.11420413533147336,,,,,1.9210625851850518,1.1168888725294732
shuffle_r0_ORIGINAL_p+6_Nd4001_dt1,p1,shuffle,0,ORIGINAL,6,4001,1.0,2.5350000000000003e-06,0.07321886766113006,33.44914023199999,319,634,linear,0.042078648611448326,5.426992933229942e-05,3.659526883097706e-12,6.743194487485159e-08,0.0017461199460256642,1.2405964261441575,0.0002598534762706067,-6.179916906156584e-07,3.614560250063493e-05,1.9210625851850518,0.01509433962264151,0.09967401690227976,0.00017115200885819425,5.426992933229942e-05,,,,,1.9210625851850518,0.0
shuffle_r0_BLOCK_SHUFFLED_CYCLES_p+6_Nd4001_dt1,p1,shuffle,0,BLOCK_SHUFFLED_CYCLES,6,4001,1.0,2.5350000000000003e-06,0.07321886766113006,34.16407770099977,319,634,atomic,1.3983675380310518,0.8767933908718174,3.785918422517669e-09,4.317913960041643e-09,0.00039892499592132543,1.906361205582334,9.004414525376687e-05,5.099234428051222e-05,0.0004810522717429,0.375643807090667,0.23773584905660378,0.949569432972448,0.02121173130760841,0.05489759999378319,0.5088694023584508,0.5109179256594166,0.591804345908495,0.5138091414140333,1.934827518919556,1.5591837118288892
shuffle_r0_BLOCK_SHUFFLED_CYCLES_p+6_Nd4001_dt1,p1,shuffle,0,BLOCK_SHUFFLED_CYCLES,6,4001,1.0,2.5350000000000003e-06,0.07321886766113006,34.16407770099977,319,634,static,1.5941629330943137,1.5006877239372696,6.967556292583754e-09,4.6429088353594116e-09,0.00045912408680623987,1.745872065235001,0.00010777727404623507,-2.028949725304175e-08,3.1052561647421245e-06,0.6485289283018456,0.052830188679245285,1.0493172452524764,0.025712622225417023,0.1010328474088099,,,,,1.934827518919556,1.2862985906177105
shuffle_r0_BLOCK_SHUFFLED_CYCLES_p+6_Nd4001_dt1,p1,shuffle,0,BLOCK_SHUFFLED_CYCLES,6,4001,1.0,2.5350000000000003e-06,0.07321886766113006,34.16407770099977,319,634,static_lti,1.7340645009763727,1.5682028404927235,7.491831991782624e-09,4.777336067972379e-09,0.000459734475565992,1.7740875254374653,0.00011079235221420412,-3.794072548461751e-07,1.848886640841072e-05,0.5928901349832667,0.06792452830188679,1.0581370115958153,0.025519509251574583,0.10863509193946215,,,,,1.934827518919556,1.3419373839362894
shuffle_r0_BLOCK_SHUFFLED_CYCLES_p+6_Nd4001_dt1,p1,shuffle,0,BLOCK_SHUFFLED_CYCLES,6,4001,1.0,2.5350000000000003e-06,0.07321886766113006,34.16407770099977,319,634,static_mh,2.38360250777524,2.150292238954007,9.900746498544494e-09,4.604372521644144e-09,0.0004493397842174192,1.727264920592689,0.00012046016480863737,-0.00011692061666381462,0.0007781088123827424,0.38926971387769355,0.0830188679245283,1.3708492331548032,0.038783157788028,0.14356548669516622,,,,,1.934827518919556,1.5455578050418626
shuffle_r0_BLOCK_SHUFFLED_CYCLES_p+6_Nd4001_dt1,p1,shuffle,0,BLOCK_SHUFFLED_CYCLES,6,4001,1.0,2.5350000000000003e-06,0.07321886766113006,34.16407770099977,319,634,static_lti_mh,1.77674674832682,1.5942626438753966,7.679666293789731e-09,4.817064693381822e-09,0.0004603985717252866,1.7748351010337406,0.00011181501172288326,-0.00011747311048787897,0.00046138616111123047,0.596760971728437,0.06792452830188679,1.047768386193608,0.02502272437125235,0.11135877777362238,,,,,1.934827518919556,1.338066547191119
shuffle_r0_BLOCK_SHUFFLED_CYCLES_p+6_Nd4001_dt1,p1,shuffle,0,BLOCK_SHUFFLED_CYCLES,6,4001,1.0,2.5350000000000003e-06,0.07321886766113006,34.16407770099977,319,634,linear,0.043662104395922385,7.226392908606325e-05,4.983557394884642e-12,6.896327750113667e-08,0.0017642030717608366,1.2412894147855078,0.0002629187193652827,-1.4450128420202504e-06,3.445319530759416e-05,1.934827518919556,0.007547169811320755,0.08231850106219014,0.0002071120837072468,7.226392908606325e-05,,,,,1.934827518919556,0.0
dwell_r1_xi_0.05_p+3_Nd4001_dt1,p1,dwell,1,xi_0.05,3,4001,1.0,2.5350000000000003e-06,0.07321886766113006,31.509152658998573,1459,1459,0,127.08019191226867,137.08073,0.0,0.05,atomic,0.7448129730964986,0.3047611765777958,2.9994873437528242e-09,9.84209136293038e-09,0.0008771175992350863,1.5410546329057342,0.00011333491458182177,2.0923446206598074e-05,0.00023824704130727859,0.7973971188062754,0.3320754716981132,0.8051474035253404,0.00618536220550683,0.07931456598200806,0.5603998255569812,0.5195559505816499,0.8291184159556696,0.5938101542009647,1.4989953665677753,0.7015982477614999
dwell_r1_xi_0.05_p+3_Nd4001_dt1,p1,dwell,1,xi_0.05,3,4001,1.0,2.5350000000000003e-06,0.07321886766113006,31.509152658998573,1459,1459,0,127.08019191226867,137.08073,0.0,0.05,static,0.10702440509591657,0.03616344668015156,4.0105586560680325e-10,1.109008964643086e-08,0.0010416603213391972,1.416379025643919,0.00010722122593477864,3.1839561483294866e-08,7.518362533766262e-06,1.9969905579811087,0.0,0.3261805480692204,0.0011442915681132088,0.010605002878706414,,,,,1.4989953665677753,-0.49799519141333337
dwell_r1_xi_0.05_p+3_Nd4001_dt1,p1,dwell,1,xi_0.05,3,4001,1.0,2.5350000000000003e-06,0.07321886766113006,31.509152658998573,1459,1459,0,127.08019191226867,137.08073,0.0,0.05,static_lti,0.18189220890491437,0.04283488105339701,5.064279792834711e-10,1.1822794106797431e-08,0.001044243931111158,1.4668570629445252,0.00011105938794002493,1.554783622164646e-06,4.868001449595847e-05,1.9783746333967167,0.0,0.4088432139007556,0.0015229238765904873,0.013391326841792433,,,,,1.4989953665677753,-0.4793792668289414
dwell_r1_xi_0.05_p+3_Nd4001_dt1,p1,dwell,1,xi_0.05,3,4001,1.0,2.5350000000000003e-06,0.07321886766113006,31.509152658998573,1459,1459,0,127.08019191226867,137.08073,0.0,0.05,static_mh,1.8285406945789988,1.6344089629131067,1.8050607506984508e-08,1.1044119260586903e-08,0.001036928909751501,1.4191448300587808,0.0001705962471840178,3.0310877422889078e-05,6.79305321209625e-05,0.5037726252217014,0.3471698113207547,1.347128846979655,0.018352291360125946,0.4773069315027693,,,,,1.4989953665677753,0.9952227413460739
dwell_r1_xi_0.05_p+3_Nd4001_dt1,p1,dwell,1,xi_0.05,3,4001,1.0,2.5350000000000003e-06,0.07321886766113006,31.509152658998573,1459,1459,0,127.08019191226867,137.08073,0.0,0.05,static_lti_mh,0.2123060472691648,0.06888837211875497,8.145429924332339e-10,1.1824099878990657e-08,0.0010439198178951216,1.4668203306528074,0.00011244312017600765,3.172869914151227e-05,5.312976669095395e-05,1.95685214549775,0.0,0.43804134297676856,0.0018481686444414413,0.02153872195963227,,,,,1.4989953665677753,-0.4578567789299748
dwell_r1_xi_0.05_p+3_Nd4001_dt1,p1,dwell,1,xi_0.05,3,4001,1.0,2.5350000000000003e-06,0.07321886766113006,31.509152658998573,1459,1459,0,127.08019191226867,137.08073,0.0,0.05,linear,0.17579396328907612,0.00965213001062301,3.6502049086025327e-10,3.7817610253748806e-08,0.0018424273322594708,1.2937573737441337,0.0001954300832601728,4.986054449243156e-06,0.00020079707440420337,1.4989953665677753,0.2037735849056604,0.39545109340391316,0.0013479054085135049,0.00965213001062301,,,,,1.4989953665677753,0.0
dwell_r1_xi_0.1_p+3_Nd4001_dt1,p1,dwell,1,xi_0.1,3,4001,1.0,2.5350000000000003e-06,0.07321886766113006,28.62016364400006,1459,731,728,253.6388508891929,254.40724,0.0364,0.1,atomic,0.5286931326607507,0.24969641513881466,2.0835346412266217e-09,8.344271342735595e-09,0.0008197529683048046,1.5626892025115242,0.00010211987128890497,1.3115850181449606e-05,0.00020866685120958495,1.0635045284079876,0.17358490566037735,0.67577684106797,0.005137922687722681,0.056930062316192735,0.48376736336990067,0.4534626021865769,0.7212645018783941,0.4983568019556038,1.7905069728470955,0.7270024444391079
dwell_r1_xi_0.1_p+3_Nd4001_dt1,p1,dwell,1,xi_0.1,3,4001,1.0,2.5350000000000003e-06,0.07321886766113006,28.62016364400006,1459,731,728,253.6388508891929,254.40724,0.0364,0.1,static,0.1486276557374721,0.07310929443151273,7.889363719126992e-10,1.0791191161771618e-08,0.0009965835653420838,1.4334725736924552,0.00010763317486605541,-6.062835848709055e-08,5.249444726660126e-06,1.99534664786244,0.0,0.3928881626225033,0.0016399101262840057,0.021556731492623046,,,,,1.7905069728470955,-0.2048396750153445
dwell_r1_xi_0.1_p+3_Nd4001_dt1,p1,dwell,1,xi_0.1,3,4001,1.0,2.5350000000000003e-06,0.07321886766113006,28.62016364400006,1459,731,728,253.6388508891929,254.40724,0.0364,0.1,static_lti,0.20551850728926274,0.0810399855071882,9.157018140534976e-10,1.1299382746956135e-08,0.0009990977523178233,1.4727056911810137,0.00011054162942860505,1.1879032131186242e-06,3.667380718743485e-05,1.9831321322971707,0.0,0.4199460442154307,0.0019376920011567793,0.02502044377165994,,,,,1.7905069728470955,-0.1926251594500752
dwell_r1_xi_0.1_p+3_Nd4001_dt1,p1,dwell,1,xi_0.1,3,4001,1.0,2.5350000000000003e-06,0.07321886766113006,28.62016364400006,1459,731,728,253.6388508891929,254.40724,0.0364,0.1,static_mh,0.8682533627987506,0.747681873823596,7.983571412833748e-09,1.0677765092801152e-08,0.0009919737272940557,1.4352777391885283,0.00013661480408434033,2.9731976108903684e-05,0.0001342987380833828,1.109868383517255,0.1811320754716981,0.9351676702224525,0.010110322762885876,0.2181414261347837,,,,,1.7905069728470955,0.6806385893298406
dwell_r1_xi_0.1_p+3_Nd4001_dt1,p1,dwell,1,xi_0.1,3,4001,1.0,2.5350000000000003e-06,0.07321886766113006,28.62016364400006,1459,731,728,253.6388508891929,254.40724,0.0364,0.1,static_lti_mh,0.22075000101485243,0.09554190883523048,1.078514759399326e-09,1.1288394512394653e-08,0.0009989963575936297,1.472691053381737,0.00011122764440850418,3.0951418508649064e-05,6.124513920034822e-05,1.9744418899655172,0.0,0.4391538957010668,0.00212182680129307,0.029469110446558158,,,,,1.7905069728470955,-0.1839349171184217
dwell_r1_xi_0.1_p+3_Nd4001_dt1,p1,dwell,1,xi_0.1,3,4001,1.0,2.5350000000000003e-06,0.07321886766113006,28.62016364400006,1459,731,728,253.6388508891929,254.40724,0.0364,0.1,linear,0.11518066056583919,0.009653141830090693,3.532870785905854e-10,3.659814439785002e-08,0.0018067152200124917,1.2734809072659832,0.00019225143825230646,1.0695259459679148e-06,0.0001400088563683085,1.7905069728470955,0.06792452830188679,0.2948426144025179,0.0009735473179613784,0.009653141830090693,,,,,1.7905069728470955,0.0
dwell_r1_xi_0.25_p+3_Nd4001_dt1,p1,dwell,1,xi_0.25,3,4001,1.0,2.5350000000000003e-06,0.07321886766113006,27.43906512399917,1459,293,1166,632.7986348122867,605.90671,0.0583,0.25,atomic,0.592144279734727,0.31547243381268353,1.6610813069867695e-09,5.265377031240268e-09,0.0006501632451209986,1.6480416417719839,8.32365246860007e-05,5.188931439132392e-05,0.00026576424098447086,1.1869431061038673,0.1471698113207547,0.714568102143638,0.005913199275795036,0.048836269362344246,0.4463675797332618,0.42529754348380205,0.5858625783582663,0.4418643351022623,1.9853896699879523,0.798446563884085
dwell_r1_xi_0.25_p+3_Nd4001_dt1,p1,dwell,1,xi_0.25,3,4001,1.0,2.5350000000000003e-06,0.07321886766113006,27.43906512399917,1459,293,1166,632.7986348122867,605.90671,0.0583,0.25,static,0.1585810236656084,0.12267015441751361,1.2687371092524683e-09,1.0342671493950046e-08,0.0009868184490466466,1.4387135891113507,0.00010779406646776867,-1.8627712781421198e-09,4.039086929635425e-06,1.9974001471483165,0.0,0.3721308662536829,0.0015974097900111766,0.037301236824976824,,,,,1.9853896699879523,-0.012010477160364186
dwell_r1_xi_0.25_p+3_Nd4001_dt1,p1,dwell,1,xi_0.25,3,4001,1.0,2.5350000000000003e-06,0.07321886766113006,27.43906512399917,1459,293,1166,632.7986348122867,605.90671,0.0583,0.25,static_lti,0.19765812422603055,0.12954484190925114,1.3787900941956176e-09,1.0643342288853839e-08,0.0009876028447383246,1.462243600138563,0.00010968302667367495,8.836508021297748e-07,2.6442967434037606e-05,1.9956818110379915,0.0,0.3756428470515002,0.0016708223999649834,0.040536826313707655,,,,,1.9853896699879523,-0.010292141050039172
dwell_r1_xi_0.25_p+3_Nd4001_dt1,p1,dwell,1,xi_0.25,3,4001,1.0,2.5350000000000003e-06,0.07321886766113006,27.43906512399917,1459,293,1166,632.7986348122867,605.90671,0.0583,0.25,static_mh,0.43790688983814735,0.38807980943177955,4.017547583685151e-09,1.035237465604712e-08,0.0009854165191633204,1.4382037784086477,0.00011990548416643752,2.9891855119100115e-05,0.00021130535884298496,1.6064584935569395,0.06037735849056604,0.6407115737781633,0.004910840995220475,0.118117057333453,,,,,1.9853896699879523,0.3789311764310128
dwell_r1_xi_0.25_p+3_Nd4001_dt1,p1,dwell,1,xi_0.25,3,4001,1.0,2.5350000000000003e-06,0.07321886766113006,27.43906512399917,1459,293,1166,632.7986348122867,605.90671,0.0583,0.25,static_lti_mh,0.2023994544136156,0.1341349152528663,1.428604172266241e-09,1.0650501918706907e-08,0.0009879865316252726,1.4623015269892514,0.00010994174923988346,3.0967144082959814e-05,8.237393626470844e-05,1.9943905807108675,0.0,0.3840837431830766,0.0016926018601114447,0.04200137457179794,,,,,1.9853896699879523,-0.0090009107229152
dwell_r1_xi_0.25_p+3_Nd4001_dt1,p1,dwell,1,xi_0.25,3,4001,1.0,2.5350000000000003e-06,0.07321886766113006,27.43906512399917,1459,293,1166,632.7986348122867,605.90671,0.0583,0.25,linear,0.06734211053022932,0.007961415370283342,2.707937854674e-10,3.401327187099932e-08,0.0017666574477265536,1.2462793689385396,0.00018526598434567888,8.881942797882647e-08,8.591168920122253e-05,1.9853896699879523,0.0037735849056603774,0.1929097187318737,0.0004505597280847789,0.007961415370283342,,,,,1.9853896699879523,0.0
dwell_r1_xi_0.5_p+3_Nd4001_dt1,p1,dwell,1,xi_0.5,3,4001,1.0,2.5350000000000003e-06,0.07321886766113006,38.202132656000686,1459,146,1313,1269.9315068493152,1196.56055,0.06565,0.5,atomic,0.6383662412642457,0.420915160397669,2.192098383800966e-09,5.207934021026784e-09,0.0006592145734636622,1.6598493072780705,8.60252892409914e-05,9.224256962210053e-05,0.00030551792349080883,1.241857544835831,0.10566037735849057,0.7679870141148248,0.00620848338981204,0.06609800779949376,0.4017849431370921,0.3800524820570146,0.4804904532917993,0.38809534900106124,1.9987042735900473,0.7568467287542162
dwell_r1_xi_0.5_p+3_Nd4001_dt1,p1,dwell,1,xi_0.5,3,4001,1.0,2.5350000000000003e-06,0.07321886766113006,38.202132656000686,1459,146,1313,1269.9315068493152,1196.56055,0.06565,0.5,static,0.16292714010798348,0.15294285729276258,1.542798150154597e-09,1.008741550578841e-08,0.000980918844747196,1.4408783662006748,0.00010786365760408246,-3.7472730085036874e-08,3.6328954337396023e-06,1.9982260102122429,0.0,0.39199493532702423,0.0015874514410418705,0.046519757012521985,,,,,1.9987042735900473,0.0004782633778044332
dwell_r1_xi_0.5_p+3_Nd4001_dt1,p1,dwell,1,xi_0.5,3,4001,1.0,2.5350000000000003e-06,0.07321886766113006,38.202132656000686,1459,146,1313,1269.9315068493152,1196.56055,0.06565,0.5,static_lti,0.20051669317410406,0.1580492847505131,1.6336991146285561e-09,1.033664351728901e-08,0.0009794554195001661,1.460153453790577,0.00010942939866962265,-1.0535787713256068e-06,2.3331106599558015e-05,1.997269896094306,0.0,0.39664195682498593,0.0016613471213357094,0.049260679912325,,,,,1.9987042735900473,0.001434377495741268
dwell_r1_xi_0.5_p+3_Nd4001_dt1,p1,dwell,1,xi_0.5,3,4001,1.0,2.5350000000000003e-06,0.07321886766113006,38.202132656000686,1459,146,1313,1269.9315068493152,1196.56055,0.06565,0.5,static_mh,0.3046974212709243,0.2937258288474677,2.970690222599294e-09,1.0113820205243095e-08,0.0009822890918120902,1.4341723252771441,0.00011439950924439668,3.050335082688016e-05,0.00022481642349836436,1.8413441698133977,0.018867924528301886,0.5217521513787032,0.0033350241704579358,0.08957476861178891,,,,,1.9987042735900473,0.15736010377664966
dwell_r1_xi_0.5_p+3_Nd4001_dt1,p1,dwell,1,xi_0.5,3,4001,1.0,2.5350000000000003e-06,0.07321886766113006,38.202132656000686,1459,146,1313,1269.9315068493152,1196.56055,0.06565,0.5,static_lti_mh,0.20313707851904372,0.16059529415031285,1.6591495757770225e-09,1.033124653219355e-08,0.0009792074163925853,1.4602770312230073,0.00010952039981378091,2.995041648630669e-05,0.00010013673367145518,1.9962086864346735,0.0,0.3991548295590139,0.0017072863078548993,0.05002808378065648,,,,,1.9987042735900473,0.0024955871553737907
dwell_r1_xi_0.5_p+3_Nd4001_dt1,p1,dwell,1,xi_0.5,3,4001,1.0,2.5350000000000003e-06,0.07321886766113006,38.202132656000686,1459,146,1313,1269.9315068493152,1196.56055,0.06565,0.5,linear,0.05055504984955374,0.0057640367830157,1.91160613411329e-10,3.316436390111224e-08,0.0017477928737892412,1.2397482520691874,0.00018266693483549756,-7.368567604089898e-06,6.93069922332652e-05,1.9987042735900473,0.0,0.13935357454484734,0.00027664994599532967,0.0057640367830157,,,,,1.9987042735900473,0.0
dwell_r1_xi_1_p+3_Nd4001_dt1,p1,dwell,1,xi_1,3,4001,1.0,2.5350000000000003e-06,0.07321886766113006,25.362092932999076,1459,73,1386,2539.8630136986303,2373.85055,0.0693,1,atomic,0.8612302117849324,0.6130334002762502,2.954243009569448e-09,4.819057180633522e-09,0.0006323726580656133,1.6331825874577905,8.817098219893535e-05,7.511795719619577e-05,0.0003193851399356414,1.1403809365464925,0.10566037735849057,0.8925582495235453,0.00818588194617871,0.08966173385384117,0.38000870782701224,0.3563316610924574,0.42692064818303593,0.3595512876005456,1.7944588885943857,0.6540779520478932
dwell_r1_xi_1_p+3_Nd4001_dt1,p1,dwell,1,xi_1,3,4001,1.0,2.5350000000000003e-06,0.07321886766113006,25.362092932999076,1459,73,1386,2539.8630136986303,2373.85055,0.0693,1,static,0.16520352582185296,0.16191976390896032,1.6225079731221883e-09,1.0020444286433412e-08,0.0009781401237822665,1.4422761879934625,0.000107923491167309,-1.370223396298433e-07,3.2576451446744426e-06,1.9962208778478485,0.0,0.4139418747515431,0.0018419027051267349,0.04924336880567546,,,,,1.7944588885943857,-0.20176198925346278
dwell_r1_xi_1_p+3_Nd4001_dt1,p1,dwell,1,xi_1,3,4001,1.0,2.5350000000000003e-06,0.07321886766113006,25.362092932999076,1459,73,1386,2539.8630136986303,2373.85055,0.0693,1,static_lti,0.19854018260517184,0.16319713533677327,1.676293098360559e-09,1.027158408694714e-08,0.0009769885779411368,1.4588264200074017,0.00010932664675496838,1.0192332102764772e-06,2.1339637745204126e-05,1.9950547600806607,0.0,0.417143343150439,0.0018656712872910273,0.050875755704382596,,,,,1.7944588885943857,-0.200595871486275
dwell_r1_xi_1_p+3_Nd4001_dt1,p1,dwell,1,xi_1,3,4001,1.0,2.5350000000000003e-06,0.07321886766113006,25.362092932999076,1459,73,1386,2539.8630136986303,2373.85055,0.0693,1,static_mh,0.24361837046543422,0.23967330158310612,2.391757440488718e-09,9.979240176901314e-09,0.0009759536849947585,1.4413743698882766,0.00011125266773962877,3.036398794825522e-05,0.00023162159281645876,1.9448777498934469,0.011320754716981131,0.503638696784867,0.002540001464400647,0.07259020953164501,,,,,1.7944588885943857,-0.15041886129906112
dwell_r1_xi_1_p+3_Nd4001_dt1,p1,dwell,1,xi_1,3,4001,1.0,2.5350000000000003e-06,0.07321886766113006,25.362092932999076,1459,73,1386,2539.8630136986303,2373.85055,0.0693,1,static_lti_mh,0.2006177252028918,0.16503035923996562,1.6958298970009021e-09,1.027586623946596e-08,0.0009771154450574308,1.4590612317517049,0.00010943600691764908,3.090313931959809e-05,0.00013742307545468193,1.99473031290679,0.0,0.41907390817921336,0.0018750003857013404,0.05146870057532665,,,,,1.7944588885943857,-0.2002714243124042
dwell_r1_xi_1_p+3_Nd4001_dt1,p1,dwell,1,xi_1,3,4001,1.0,2.5350000000000003e-06,0.07321886766113006,25.362092932999076,1459,73,1386,2539.8630136986303,2373.85055,0.0693,1,linear,0.04159407878225299,0.00464512059524059,1.5305096675317853e-10,3.2948760665114956e-08,0.0017444038689929644,1.2354485477158186,0.0001819544252634666,-1.0602816922818353e-06,5.8774897314615633e-05,1.7944588885943857,0.011320754716981131,0.14411769372514185,0.00012712611784184184,0.00464512059524059,,,,,1.7944588885943857,0.0
dwell_r1_xi_2_p+3_Nd4001_dt1,p1,dwell,1,xi_2,3,4001,1.0,2.5350000000000003e-06,0.07321886766113006,27.336271182999553,1459,37,1422,5011.081081081081,4664.79323,0.0711,2,atomic,0.8034624520567786,0.5964930490508257,3.2308143102456874e-09,5.416348632036444e-09,0.0006763138908004579,1.606021439178646,9.30145051283273e-05,6.0828664186193784e-05,0.00030767755190398146,1.2846592851604934,0.07924528301886792,0.7911258497311379,0.0064289375968902,0.09836577827746938,0.32246418667783866,0.29733315462063253,0.3533065631031073,0.2985656714907373,1.999999364950093,0.7153400797895995
dwell_r1_xi_2_p+3_Nd4001_dt1,p1,dwell,1,xi_2,3,4001,1.0,2.5350000000000003e-06,0.07321886766113006,27.336271182999553,1459,37,1422,5011.081081081081,4664.79323,0.0711,2,static,0.16615257312779488,0.16406862701582475,1.6410056228599935e-09,1.0001946458061816e-08,0.0009759305342235468,1.4432507567099964,0.00010791891398957128,4.135076369263137e-08,3.1258684492105993e-06,1.9967863809605484,0.0,0.3973796423238863,0.001764956580423354,0.049962263302607314,,,,,1.999999364950093,0.0032129839895445045
dwell_r1_xi_2_p+3_Nd4001_dt1,p1,dwell,1,xi_2,3,4001,1.0,2.5350000000000003e-06,0.07321886766113006,27.336271182999553,1459,37,1422,5011.081081081081,4664.79323,0.0711,2,static_lti,0.20145056154002045,0.16342650798897876,1.6784775625875025e-09,1.0270534341348691e-08,0.000974042895593979,1.4589653131417628,0.00010932766748659457,5.795240034837912e-07,2.023331904800674e-05,1.9968300341747318,0.0,0.3915770541301979,0.0016950649136761387,0.051103138685997127,,,,,1.999999364950093,0.003169330775361079
dwell_r1_xi_2_p+3_Nd4001_dt1,p1,dwell,1,xi_2,3,4001,1.0,2.5350000000000003e-06,0.07321886766113006,27.336271182999553,1459,37,1422,5011.081081081081,4664.79323,0.0711,2,static_mh,0.21854949303763188,0.21592660695513882,2.157508671189614e-09,9.991861131027083e-09,0.0009752598100365835,1.4457220304936633,0.00011024096258283189,3.1248786936918504e-05,0.00023513480803155902,1.9418804803933363,0.007547169811320755,0.43922492861571777,0.0023776124389171495,0.06568777998442643,,,,,1.999999364950093,0.05811888455675662
dwell_r1_xi_2_p+3_Nd4001_dt1,p1,dwell,1,xi_2,3,4001,1.0,2.5350000000000003e-06,0.07321886766113006,27.336271182999553,1459,37,1422,5011.081081081081,4664.79323,0.0711,2,static_lti_mh,0.20310730889147416,0.1646786738626518,1.6924937464905927e-09,1.027755268361097e-08,0.0009742283726333952,1.45888722900952,0.00010942377065907204,3.1788199967664465e-05,0.00017359845348431874,1.9966177436897423,0.0,0.3926740122721115,0.0017198805371602724,0.051529877181532256,,,,,1.999999364950093,0.0033816212603505758
dwell_r1_xi_2_p+3_Nd4001_dt1,p1,dwell,1,xi_2,3,4001,1.0,2.5350000000000003e-06,0.07321886766113006,27.336271182999553,1459,37,1422,5011.081081081081,4664.79323,0.0711,2,linear,0.0397419359296967,0.004033491724905608,1.324796388874549e-10,3.2844901619466e-08,0.0017394435564437713,1.2355221737029018,0.0001816173071989864,2.9657699121754465e-06,5.281721861056817e-05,1.999999364950093,0.0,0.08118061286867147,0.00011844533471492709,0.004033491724905608,,,,,1.999999364950093,0.0
dwell_r1_xi_4_p+3_Nd4001_dt1,p1,dwell,1,xi_4,3,4001,1.0,2.5350000000000003e-06,0.07321886766113006,27.03637716400044,1459,18,1441,10300.555555555555,9568.40055,0.07205,4,atomic,0.9923171184537498,0.7408074259731376,3.4031304671029205e-09,4.593812572319329e-09,0.0006184275969893693,1.6023581549167807,8.944980288908488e-05,4.393931023602528e-05,0.00028773683537011924,1.3923565543243033,0.05660377358490566,0.9589666593945152,0.009264210893016479,0.10322233083924898,0.30164916465993025,0.27281049113324674,0.3242791498551061,0.27291362152727144,2.0,0.6076434456756967
dwell_r1_xi_4_p+3_Nd4001_dt1,p1,dwell,1,xi_4,3,4001,1.0,2.5350000000000003e-06,0.07321886766113006,27.03637716400044,1459,18,1441,10300.555555555555,9568.40055,0.07205,4,static,0.16695086695995262,0.16623142421882836,1.6612781486722398e-09,9.993767162130069e-09,0.000975521377811821,1.4433199005766997,0.0001079740129559481,7.292531516324037e-08,2.995140903214489e-06,1.9953698909160271,0.0,0.4213614967435327,0.0019162306814475786,0.0503891944008372,,,,,2.0,0.004630109083972878
dwell_r1_xi_4_p+3_Nd4001_dt1,p1,dwell,1,xi_4,3,4001,1.0,2.5350000000000003e-06,0.07321886766113006,27.03637716400044,1459,18,1441,10300.555555555555,9568.40055,0.07205,4,static_lti,0.19757976183834644,0.16336483102630578,1.6807630653897077e-09,1.0288402068123606e-08,0.0009758561394403561,1.459756820975299,0.00010941955315260082,-1.0300944967821059e-07,2.0357593954712265e-05,1.9951883490504276,0.0,0.41823486060933923,0.0018809268893731172,0.05098020275012858,,,,,2.0,0.004811650949572366
dwell_r1_xi_4_p+3_Nd4001_dt1,p1,dwell,1,xi_4,3,4001,1.0,2.5350000000000003e-06,0.07321886766113006,27.03637716400044,1459,18,1441,10300.555555555555,9568.40055,0.07205,4,static_mh,0.2055286587498803,0.20451967085491088,2.0426241368236814e-09,9.987421397097531e-09,0.0009751040481332866,1.4445578310322456,0.00010970076351782042,3.1276982285994715e-05,0.00023667699993185263,1.9425710133297494,0.0037735849056603774,0.4650734213908737,0.002154381533278777,0.061956021513022076,,,,,2.0,0.05742898667025065
dwell_r1_xi_4_p+3_Nd4001_dt1,p1,dwell,1,xi_4,3,4001,1.0,2.5350000000000003e-06,0.07321886766113006,27.03637716400044,1459,18,1441,10300.555555555555,9568.40055,0.07205,4,static_lti_mh,0.19919990432810641,0.1646647802482516,1.6949720812147926e-09,1.029347064174514e-08,0.0009759817283693825,1.459785368931768,0.00010950749238634647,3.10366023428627e-05,0.00020111444590366372,1.9951854737260055,0.0,0.41973287285641137,0.0018798122601367756,0.05141118467884835,,,,,2.0,0.004814526273994479
dwell_r1_xi_4_p+3_Nd4001_dt1,p1,dwell,1,xi_4,3,4001,1.0,2.5350000000000003e-06,0.07321886766113006,27.03637716400044,1459,18,1441,10300.555555555555,9568.40055,0.07205,4,linear,0.03700713612792381,0.00374593579158394,1.2349951911087221e-10,3.296893646397804e-08,0.0017437314061424416,1.2346156894145273,0.00018195053863653615,7.660466802430369e-07,4.685009624039159e-05,2.0,0.0,0.09806769178242623,8.010336044612945e-05,0.00374593579158394,,,,,2.0,0.0
dwell_r1_xi_0.05_p+0_Nd4001_dt1,p1,dwell,1,xi_0.05,0,4001,1.0,2.5350000000000003e-06,0.07321886766113006,26.848442059999797,1459,1459,0,127.08019191226867,137.08073,0.0,0.05,atomic,0.44299842617219143,0.17203850558309644,1.470853541716137e-09,8.549560092555552e-09,0.0012034635827903625,1.4279530284069017,0.00010011870474339907,-9.743068160408826e-05,0.00018914716810392108,1.1253558971013176,0.2641509433962264,0.5960750027547294,0.001700648401788204,0.07760243502783981,0.35545321861997314,0.21890040120594104,0.4411303884002584,0.23395003580968163,1.5022037353722955,0.3768478382709779
dwell_r1_xi_0.05_p+0_Nd4001_dt1,p1,dwell,1,xi_0.05,0,4001,1.0,2.5350000000000003e-06,0.07321886766113006,26.848442059999797,1459,1459,0,127.08019191226867,137.08073,0.0,0.05,static,0.024932795743717106,0.011654380909570466,1.0653121501917197e-10,9.140872934030288e-09,0.0013717825729781428,1.3549314962953083,9.618527599979497e-05,-5.942278894035296e-08,1.2782292853241437e-05,1.999994197441042,0.0,0.16568779253333496,0.00014370290037123335,0.005620601546987747,,,,,1.5022037353722955,-0.49779046206874655
dwell_r1_xi_0.05_p+0_Nd4001_dt1,p1,dwell,1,xi_0.05,0,4001,1.0,2.5350000000000003e-06,0.07321886766113006,26.848442059999797,1459,1459,0,127.08019191226867,137.08073,0.0,0.05,static_lti,0.13617007064060915,0.01364173977197999,1.4571656535873506e-10,1.0681670211744954e-08,0.0014098185160010752,1.4246725111441594,0.00010407220665230184,2.4582798798918658e-06,8.003430469082666e-05,1.8700124977914627,0.04905660377358491,0.34694985331860406,0.0005112476292132297,0.007688026016878272,,,,,1.5022037353722955,-0.36780876241916727
dwell_r1_xi_0.05_p+0_Nd4001_dt1,p1,dwell,1,xi_0.05,0,4001,1.0,2.5350000000000003e-06,0.07321886766113006,26.848442059999797,1459,1459,0,127.08019191226867,137.08073,0.0,0.05,static_mh,0.13261674603839518,0.11764628636863264,1.072574155504211e-09,9.116940182399036e-09,0.0013698036217520062,1.3556126509738446,0.00010096672389994386,-3.6572390623927716e-05,1.9763386178626695e-05,1.9661191481967693,0.0,0.3589419915100188,0.0006872561906237483,0.05658915986831765,,,,,1.5022037353722955,-0.4639154128244738
dwell_r1_xi_0.05_p+0_Nd4001_dt1,p1,dwell,1,xi_0.05,0,4001,1.0,2.5350000000000003e-06,0.07321886766113006,26.848442059999797,1459,1459,0,127.08019191226867,137.08073,0.0,0.05,static_lti_mh,0.1393025081374725,0.016271633819828796,1.7373296644783902e-10,1.0677044995698346e-08,0.0014093990311578658,1.4247037384659578,0.00010418411183494645,-3.407792640784723e-05,8.002549987915037e-05,1.861497790635417,0.03773584905660377,0.3496860309956351,0.0005327316044226781,0.0091661751891571,,,,,1.5022037353722955,-0.35929405526312164
dwell_r1_xi_0.05_p+0_Nd4001_dt1,p1,dwell,1,xi_0.05,0,4001,1.0,2.5350000000000003e-06,0.07321886766113006,26.848442059999797,1459,1459,0,127.08019191226867,137.08073,0.0,0.05,linear,0.17579396328917524,0.009652130010623495,1.8294361003152886e-10,1.895370346547076e-08,0.0018424273322596235,1.2937573737441044,0.00013835390358588048,3.5298562280503916e-06,0.00014215344234112004,1.5022037353722955,0.2037735849056604,0.39537817322922403,0.0006818043039221964,0.009652130010623495,,,,,1.5022037353722955,0.0
dwell_r1_xi_0.1_p+0_Nd4001_dt1,p1,dwell,1,xi_0.1,0,4001,1.0,2.5350000000000003e-06,0.07321886766113006,25.699137642001006,1459,731,728,253.6388508891929,254.40724,0.0364,0.1,atomic,0.2614905311434299,0.11988386466588298,1.048155866196784e-09,8.743093735908502e-09,0.001235161503695855,1.4187487998017267,9.895932772097377e-05,-0.00010023447997505927,0.00015648437855454814,1.495060469789739,0.12075471698113208,0.4345217713314916,0.0011660139480573855,0.05714349550899241,0.2479337172472385,0.154974529107495,0.2982395991144833,0.16287525651669352,1.794487748967412,0.2994272791776731
dwell_r1_xi_0.1_p+0_Nd4001_dt1,p1,dwell,1,xi_0.1,0,4001,1.0,2.5350000000000003e-06,0.07321886766113006,25.699137642001006,1459,731,728,253.6388508891929,254.40724,0.0364,0.1,static,0.02955752120508066,0.016422764079917405,1.5398211317589646e-10,9.376138658911483e-09,0.001348871499419324,1.3647761325789527,9.76400377744351e-05,-1.5103229845482813e-07,8.29429149500307e-06,1.9999984374747606,0.0,0.17895673934141004,0.00017403368305812117,0.008394816531113165,,,,,1.794487748967412,-0.20551068850734855
dwell_r1_xi_0.1_p+0_Nd4001_dt1,p1,dwell,1,xi_0.1,0,4001,1.0,2.5350000000000003e-06,0.07321886766113006,25.699137642001006,1459,731,728,253.6388508891929,254.40724,0.0364,0.1,static_lti,0.10644331541307521,0.020750785671073545,2.1517230694566185e-10,1.0369357110444766e-08,0.001371253902516918,1.41759156270502,0.00010289617326386253,1.1968784608399618e-06,5.865626843833292e-05,1.9624070045655053,0.0037735849056603774,0.27981863322603867,0.0004517604414814693,0.01173079133757434,,,,,1.794487748967412,-0.1679192555980933
dwell_r1_xi_0.1_p+0_Nd4001_dt1,p1,dwell,1,xi_0.1,0,4001,1.0,2.5350000000000003e-06,0.07321886766113006,25.699137642001006,1459,731,728,253.6388508891929,254.40724,0.0364,0.1,static_mh,0.07245615699979284,0.05921474232174468,5.538889839754584e-10,9.353903475014544e-09,0.0013475514665556951,1.3653408422926556,9.955080235296855e-05,-3.676048647855914e-05,3.21244492960236e-05,1.9948982498940173,0.0,0.2722925552989335,0.0004215415158818873,0.03019699043724065,,,,,1.794487748967412,-0.20041050092660528
dwell_r1_xi_0.1_p+0_Nd4001_dt1,p1,dwell,1,xi_0.1,0,4001,1.0,2.5350000000000003e-06,0.07321886766113006,25.699137642001006,1459,731,728,253.6388508891929,254.40724,0.0364,0.1,static_lti_mh,0.10747444514138113,0.022300276492432467,2.311137232720421e-10,1.0363715595655052e-08,0.0013712821081732311,1.4176611557075067,0.00010294641003853111,-3.5418793449040234e-05,5.965711467138096e-05,1.9592968296485522,0.007547169811320755,0.28198538278281476,0.000467296283323592,0.012599887510797938,,,,,1.794487748967412,-0.1648090806811402
dwell_r1_xi_0.1_p+0_Nd4001_dt1,p1,dwell,1,xi_0.1,0,4001,1.0,2.5350000000000003e-06,0.07321886766113006,25.699137642001006,1459,731,728,253.6388508891929,254.40724,0.0364,0.1,linear,0.11518066056591861,0.009653141830091812,1.7706297359509742e-10,1.8342522746649975e-08,0.0018067152200128714,1.2734809072659794,0.00013610359525250825,7.571663847374081e-07,9.911867964239054e-05,1.794487748967412,0.06792452830188679,0.2947237379500201,0.000493426401981993,0.009653141830091812,,,,,1.794487748967412,0.0
dwell_r1_xi_4_p+0_Nd4001_dt1,p1,dwell,1,xi_4,0,4001,1.0,2.5350000000000003e-06,0.07321886766113006,25.70831380600066,1459,18,1441,10300.555555555555,9568.40055,0.07205,4,atomic,0.5189801422781798,0.406833142123875,1.75293604507531e-09,4.308734622563187e-09,0.0008710161627418873,1.475910072891414,7.786053892642492e-05,-4.681787377823008e-05,0.00012520756226381188,1.6181914399382369,0.03773584905660377,0.7071606486453018,0.00245915777679136,0.10608674729652957,0.2666434038419159,0.22910339655709894,0.2679391129137238,0.22896549855882067,2.0,0.3818085600617631
dwell_r1_xi_4_p+0_Nd4001_dt1,p1,dwell,1,xi_4,0,4001,1.0,2.5350000000000003e-06,0.07321886766113006,25.70831380600066,1459,18,1441,10300.555555555555,9568.40055,0.07205,4,static,0.030684545171377035,0.030574260628565476,2.877916365022779e-10,9.412873135299786e-09,0.0013376545153178357,1.3720250163140466,9.850756194201551e-05,6.689796652111963e-08,3.433623801268766e-06,1.999999999024458,0.0,0.1867235849467606,0.00018712102798126964,0.017416995161600536,,,,,2.0,9.755420915524837e-10
dwell_r1_xi_4_p+0_Nd4001_dt1,p1,dwell,1,xi_4,0,4001,1.0,2.5350000000000003e-06,0.07321886766113006,25.70831380600066,1459,18,1441,10300.555555555555,9568.40055,0.07205,4,static_lti,0.0651541727551783,0.03245011475501744,3.1219727941542045e-10,9.620837453807416e-09,0.001331498967346873,1.3891186956883084,9.968075501982741e-05,1.5010224011622512e-07,2.288084066651692e-05,1.9999999546960783,0.0,0.19771118745539756,0.00020469927484475402,0.018894011553390606,,,,,2.0,4.530392172519271e-08
dwell_r1_xi_4_p+0_Nd4001_dt1,p1,dwell,1,xi_4,0,4001,1.0,2.5350000000000003e-06,0.07321886766113006,25.70831380600066,1459,18,1441,10300.555555555555,9568.40055,0.07205,4,static_mh,0.03207325135452156,0.03195140859031218,3.004945774442515e-10,9.404736463961806e-09,0.0013370688514439863,1.3723450423125614,9.85308338609097e-05,-3.625715165180368e-05,5.5857065273241074e-05,1.9999999985964696,0.0,0.18872324804956755,0.00019020089282895607,0.01818577031995264,,,,,2.0,1.4035304030102225e-09
dwell_r1_xi_4_p+0_Nd4001_dt1,p1,dwell,1,xi_4,0,4001,1.0,2.5350000000000003e-06,0.07321886766113006,25.70831380600066,1459,18,1441,10300.555555555555,9568.40055,0.07205,4,static_lti_mh,0.06543660521663545,0.03268223001938271,3.1443540847737145e-10,9.620990008664972e-09,0.0013314826764814843,1.3891890201797512,9.9692879875045e-05,-3.619005886927261e-05,5.313082307415704e-05,1.9999999556769636,0.0,0.1980879942786247,0.000204492752818961,0.019029461921291513,,,,,2.0,4.432303635226731e-08
dwell_r1_xi_4_p+0_Nd4001_dt1,p1,dwell,1,xi_4,0,4001,1.0,2.5350000000000003e-06,0.07321886766113006,25.70831380600066,1459,18,1441,10300.555555555555,9568.40055,0.07205,4,linear,0.03700713612792994,0.003745935791583517,6.189638233746911e-11,1.6523610062014354e-08,0.0017437314061428855,1.2346156894145275,0.00012881111679415865,5.42319517919321e-07,3.31673281313755e-05,2.0,0.0,0.10214146763281212,4.394893973742359e-05,0.003745935791583517,,,,,2.0,0.0
dwell_r1_xi_0.05_p+6_Nd4001_dt1,p1,dwell,1,xi_0.05,6,4001,1.0,2.5350000000000003e-06,0.07321886766113006,23.123324887999843,1459,1459,0,127.08019191226867,137.08073,0.0,0.05,atomic,1.5782896598190965,0.5493198792615398,5.39084619040434e-09,9.81367395196283e-09,0.0005558320212879578,1.7129723839528914,0.0001233108760984917,0.00033504220360143716,0.000290115749796608,0.501367334774497,0.42641509433962266,1.143750939597903,0.024522450836361624,0.07144352250050097,0.8315177391142824,0.9145131294786575,0.8833861742726451,0.9516290170857141,1.496378772197594,0.9950114374230971
dwell_r1_xi_0.05_p+6_Nd4001_dt1,p1,dwell,1,xi_0.05,6,4001,1.0,2.5350000000000003e-06,0.07321886766113006,23.123324887999843,1459,1459,0,127.08019191226867,137.08073,0.0,0.05,static,0.3953543791475341,0.1131289175425832,1.4173671644721704e-09,1.2528778629377895e-08,0.0007236155611796618,1.5594206721188415,0.00011811776011049578,1.877394425705533e-07,1.2713453091440682e-05,1.9118192871902702,0.0,0.6219879835297671,0.008333963914127926,0.018784008916203868,,,,,1.496378772197594,-0.4154405149926761
dwell_r1_xi_0.05_p+6_Nd4001_dt1,p1,dwell,1,xi_0.05,6,4001,1.0,2.5350000000000003e-06,0.07321886766113006,23.123324887999843,1459,1459,0,127.08019191226867,137.08073,0.0,0.05,static_lti,0.7285762773522462,0.13254759055654927,1.796068923460093e-09,1.355037021735849e-08,0.000681997202909258,1.5873052803752454,0.0001239052403420932,-2.2798418585438648e-07,8.506526884094793e-05,1.744806845273825,0.0,0.8413921884035862,0.013798799274234962,0.023802847644600906,,,,,1.496378772197594,-0.24842807307623094
dwell_r1_xi_0.05_p+6_Nd4001_dt1,p1,dwell,1,xi_0.05,6,4001,1.0,2.5350000000000003e-06,0.07321886766113006,23.123324887999843,1459,1459,0,127.08019191226867,137.08073,0.0,0.05,static_mh,2.268044170198775,1.5928528756766516,1.993574058757889e-08,1.2515745108668678e-08,0.0007212675446564325,1.562294520100018,0.00018016794390675678,2.1027360941514474e-05,7.276911643152895e-05,0.49975693734109367,0.3169811320754717,1.4879754141937311,0.04659641969614895,0.2642033330069866,,,,,1.496378772197594,0.9966218348565004
dwell_r1_xi_0.05_p+6_Nd4001_dt1,p1,dwell,1,xi_0.05,6,4001,1.0,2.5350000000000003e-06,0.07321886766113006,23.123324887999843,1459,1459,0,127.08019191226867,137.08073,0.0,0.05,static_lti_mh,0.7947879518989325,0.17565653157161565,2.3834708347222244e-09,1.3568928029018248e-08,0.0006823850196379833,1.5868069726476661,0.00012632729856659034,2.0500137238576152e-05,8.848456959421399e-05,1.62131406475204,0.026415094339622643,0.8781245256435852,0.015291549014462955,0.03158753676053091,,,,,1.496378772197594,-0.12493529255444602
dwell_r1_xi_0.05_p+6_Nd4001_dt1,p1,dwell,1,xi_0.05,6,4001,1.0,2.5350000000000003e-06,0.07321886766113006,23.123324887999843,1459,1459,0,127.08019191226867,137.08073,0.0,0.05,linear,0.1757939632891129,0.00965213001062245,7.283116296048613e-10,7.545605258148545e-08,0.0018424273322601794,1.2937573737442185,0.0002760523299537447,7.042989109088401e-06,0.0002836334064463439,1.496378772197594,0.2037735849056604,0.39571165066882985,0.002675083568736749,0.00965213001062245,,,,,1.496378772197594,0.0
dwell_r1_xi_4_p+6_Nd4001_dt1,p1,dwell,1,xi_4,6,4001,1.0,2.5350000000000003e-06,0.07321886766113006,23.483760383000117,1459,18,1441,10300.555555555555,9568.40055,0.07205,4,atomic,1.3242173971932885,0.8579707149545328,4.525860444092227e-09,5.275075670073506e-09,0.00044874693859325355,1.7818933195872098,9.901388993598697e-05,0.00012292168680814468,0.00037670165760257814,1.222206763242493,0.0830188679245283,1.0627647093713046,0.02008741902776368,0.06880123288890615,0.33099919422876745,0.3239964609579913,0.37006224170308955,0.32672722458889275,2.0,0.7777932367575069
dwell_r1_xi_4_p+6_Nd4001_dt1,p1,dwell,1,xi_4,6,4001,1.0,2.5350000000000003e-06,0.07321886766113006,23.483760383000117,1459,18,1441,10300.555555555555,9568.40055,0.07205,4,static,0.6790596361020321,0.6747087460750736,5.7969377589748515e-09,8.591763175884246e-09,0.0006397110104616596,1.6197865644868072,0.00011996727331443292,4.654865658365346e-08,3.0603323498883937e-06,1.7113830812011315,0.0,0.8532986485375417,0.015772818496040814,0.08812389814589586,,,,,2.0,0.2886169187988685
dwell_r1_xi_4_p+6_Nd4001_dt1,p1,dwell,1,xi_4,6,4001,1.0,2.5350000000000003e-06,0.07321886766113006,23.483760383000117,1459,18,1441,10300.555555555555,9568.40055,0.07205,4,static_lti,0.7289328296882815,0.6824957619937486,5.938365974452429e-09,8.70095655554682e-09,0.000635883451037847,1.6360751559843545,0.00012100690178144027,-3.661980988224052e-07,1.964446372230586e-05,1.7025791194990765,0.0,0.8593903135432972,0.01594285916723821,0.09027386182911917,,,,,2.0,0.2974208805009235
dwell_r1_xi_4_p+6_Nd4001_dt1,p1,dwell,1,xi_4,6,4001,1.0,2.5350000000000003e-06,0.07321886766113006,23.483760383000117,1459,18,1441,10300.555555555555,9568.40055,0.07205,4,static_mh,0.7841417202983064,0.7786265929556582,6.707879516094452e-09,8.61501466400141e-09,0.000640415478718695,1.6206529293169443,0.00012380746085410933,2.196510192233982e-05,0.00023665523785363398,1.5923358042587754,0.011320754716981131,0.9198009938298981,0.01740862095034812,0.10197185407693338,,,,,2.0,0.4076641957412246
dwell_r1_xi_4_p+6_Nd4001_dt1,p1,dwell,1,xi_4,6,4001,1.0,2.5350000000000003e-06,0.07321886766113006,23.483760383000117,1459,18,1441,10300.555555555555,9568.40055,0.07205,4,static_lti_mh,0.7342113875419657,0.6868921306724826,5.9826409850201175e-09,8.709724158818037e-09,0.0006360641715904672,1.6356987483652092,0.00012122531358665979,2.1491790362296787e-05,0.000200265158575855,1.6956362737544382,0.007547169811320755,0.8641901782608228,0.015917763728085184,0.09094692175901661,,,,,2.0,0.30436372624556185
dwell_r1_xi_4_p+6_Nd4001_dt1,p1,dwell,1,xi_4,6,4001,1.0,2.5350000000000003e-06,0.07321886766113006,23.483760383000117,1459,18,1441,10300.555555555555,9568.40055,0.07205,4,linear,0.03700713612792573,0.0037459357915829985,2.4641393639863796e-10,6.57816764911781e-08,0.0017437314061429293,1.234615689414522,0.00025701196708843925,1.0820696967761394e-06,6.617751990874003e-05,2.0,0.0,0.09595142915162728,0.0001526603110397079,0.0037459357915829985,,,,,2.0,0.0
shuffle_r1_ORIGINAL_p+3_Nd4001_dt1,p1,shuffle,1,ORIGINAL,3,4001,1.0,2.5350000000000003e-06,0.07321886766113006,22.256379356000252,349,634,atomic,0.9013916483434274,0.6654099960175613,3.0400906389966477e-09,4.5687480759102e-09,0.0006120197135433308,1.6829931324599368,8.727951733680849e-05,5.231854829875989e-05,0.00028675335404601435,0.9370690432631169,0.12452830188679245,0.8079205874763218,0.008007612546728427,0.08785267980686935,0.36117647187942564,0.35310475709886446,0.4117160875024597,0.355655820561356,1.8875944996795162,0.9505254564163993
shuffle_r1_ORIGINAL_p+3_Nd4001_dt1,p1,shuffle,1,ORIGINAL,3,4001,1.0,2.5350000000000003e-06,0.07321886766113006,22.256379356000252,349,634,static,0.6529719957339939,0.6143740072616468,3.875061799951779e-09,6.307333569047763e-09,0.0007593364422656667,1.58739245715929,0.00010093183588213205,6.310939846208046e-08,2.52164477496973e-06,0.7913026879680547,0.026415094339622643,0.8094861693614167,0.006420573932010356,0.11198171501075757,,,,,1.8875944996795162,1.0962918117114615
shuffle_r1_ORIGINAL_p+3_Nd4001_dt1,p1,shuffle,1,ORIGINAL,3,4001,1.0,2.5350000000000003e-06,0.07321886766113006,22.256379356000252,349,634,static_lti,0.7350432251506493,0.6465601430642816,4.186160889254682e-09,6.474511202337584e-09,0.0007583665278766039,1.6104424186964141,0.00010327397378207074,8.405911792890971e-07,1.5865033710644693e-05,0.7995232735804515,0.06037735849056604,0.8175132083374819,0.006831615175355781,0.12097187087326726,,,,,1.8875944996795162,1.0880712260990646
shuffle_r1_ORIGINAL_p+3_Nd4001_dt1,p1,shuffle,1,ORIGINAL,3,4001,1.0,2.5350000000000003e-06,0.07321886766113006,22.256379356000252,349,634,static_mh,0.804956586038378,0.7591109365945604,4.790862352546637e-09,6.311149163571368e-09,0.0007587688084793907,1.5835349126009124,0.00010538944427840361,-3.272945002475005e-05,0.00022850330494186401,0.7169275719243469,0.03018867924528302,0.9036764285739811,0.009365024884295066,0.1384465617104019,,,,,1.8875944996795162,1.1706669277551693
shuffle_r1_ORIGINAL_p+3_Nd4001_dt1,p1,shuffle,1,ORIGINAL,3,4001,1.0,2.5350000000000003e-06,0.07321886766113006,22.256379356000252,349,634,static_lti_mh,0.7425662181875671,0.653492770120228,4.23010821414769e-09,6.473075766958286e-09,0.0007582350623103729,1.6100457312341316,0.00010347915735118094,-3.197406703072751e-05,9.509534120267851e-05,0.7571412148480333,0.05660377358490566,0.828413537031047,0.007214292239104046,0.12224186269938864,,,,,1.8875944996795162,1.130453284831483
shuffle_r1_ORIGINAL_p+3_Nd4001_dt1,p1,shuffle,1,ORIGINAL,3,4001,1.0,2.5350000000000003e-06,0.07321886766113006,22.256379356000252,349,634,linear,0.042429246503698205,5.389455084149128e-05,1.864989433063774e-12,3.460441554748041e-08,0.001762772153516052,1.240409441205967,0.0001862161490796444,1.4456762774596687e-06,2.3006322832889534e-05,1.8875944996795162,0.01509433962264151,0.10560016845133977,0.00014147363533774274,5.389455084149128e-05,,,,,1.8875944996795162,0.0
shuffle_r1_BLOCK_SHUFFLED_CYCLES_p+3_Nd4001_dt1,p1,shuffle,1,BLOCK_SHUFFLED_CYCLES,3,4001,1.0,2.5350000000000003e-06,0.07321886766113006,21.990391986999384,349,634,atomic,0.771223442524861,0.5644902290412309,2.745143752066469e-09,4.863049191708793e-09,0.000633770526605603,1.699172964683539,8.72342885143946e-05,5.280608496731792e-05,0.00029407519674694483,0.7979228217547302,0.14339622641509434,0.9417015187831872,0.011269187702125056,0.07871610968839036,0.4063253265572544,0.39707083208110494,0.45596111543232115,0.4010533074191569,1.9322468425622108,1.1343240208074805
shuffle_r1_BLOCK_SHUFFLED_CYCLES_p+3_Nd4001_dt1,p1,shuffle,1,BLOCK_SHUFFLED_CYCLES,3,4001,1.0,2.5350000000000003e-06,0.07321886766113006,21.990391986999384,349,634,static,0.652579650175632,0.6108629931299093,3.861879242436731e-09,6.3220055656824564e-09,0.0007591078705454062,1.5887478598835427,0.00010094138505754426,4.820197027324031e-08,2.573513434698247e-06,1.0457513683887418,0.022641509433962263,0.9340751803537795,0.010032364981062804,0.11073813887601719,,,,,1.9322468425622108,0.886495474173469
shuffle_r1_BLOCK_SHUFFLED_CYCLES_p+3_Nd4001_dt1,p1,shuffle,1,BLOCK_SHUFFLED_CYCLES,3,4001,1.0,2.5350000000000003e-06,0.07321886766113006,21.990391986999384,349,634,static_lti,0.7351412224716734,0.6677159325420666,4.274490989234282e-09,6.401660917331766e-09,0.0007585215326210026,1.61480560945745,0.00010335121308455276,-8.316409405629704e-07,1.6403659351528358e-05,1.0261736380442992,0.04150943396226415,0.9414750785221917,0.010762852562981987,0.12256964733351962,,,,,1.9322468425622108,0.9060732045179116
shuffle_r1_BLOCK_SHUFFLED_CYCLES_p+3_Nd4001_dt1,p1,shuffle,1,BLOCK_SHUFFLED_CYCLES,3,4001,1.0,2.5350000000000003e-06,0.07321886766113006,21.990391986999384,349,634,static_mh,0.8189302365839547,0.7665626601491478,4.831202079236168e-09,6.302422920386151e-09,0.0007565510335546465,1.5907211947122668,0.0001055406213024784,-3.2753975867645606e-05,0.000228891213727774,0.932198118499127,0.045283018867924525,0.9543861046541251,0.012986170187598083,0.13853315787548803,,,,,1.9322468425622108,1.0000487240630838
shuffle_r1_BLOCK_SHUFFLED_CYCLES_p+3_Nd4001_dt1,p1,shuffle,1,BLOCK_SHUFFLED_CYCLES,3,4001,1.0,2.5350000000000003e-06,0.07321886766113006,21.990391986999384,349,634,static_lti_mh,0.7441997491828558,0.674372255381324,4.326829308799113e-09,6.4160844018597806e-09,0.0007589110725804555,1.615366245400289,0.00010367344702008518,-3.366658021175675e-05,9.477046232027915e-05,1.0023080568858902,0.045283018867924525,0.946655045655905,0.011300108800537216,0.12407043172802354,,,,,1.9322468425622108,0.9299387856763206
shuffle_r1_BLOCK_SHUFFLED_CYCLES_p+3_Nd4001_dt1,p1,shuffle,1,BLOCK_SHUFFLED_CYCLES,3,4001,1.0,2.5350000000000003e-06,0.07321886766113006,21.990391986999384,349,634,linear,0.04161991099680354,6.458083291380998e-05,2.252190443333624e-12,3.4873976406272316e-08,0.001769449110066631,1.2400453357565748,0.00018686998142566113,6.71714745267162e-08,2.469364507391532e-05,1.9322468425622108,0.011320754716981131,0.10603454320960559,0.0001504557173608377,6.458083291380998e-05,,,,,1.9322468425622108,0.0
shuffle_r1_ORIGINAL_p+6_Nd4001_dt1,p1,shuffle,1,ORIGINAL,6,4001,1.0,2.5350000000000003e-06,0.07321886766113006,21.982251805000487,349,634,atomic,1.1524483262535605,0.748329845959478,3.8435464017057545e-09,5.1361661204060565e-09,0.0004423915903342078,1.86576789963628,9.481232937105587e-05,0.00013646337339703318,0.0003699160495361459,0.8216473882059137,0.17358490566037735,0.8654116937002473,0.018208027970124704,0.05566735799210014,0.4745103200482767,0.48571869973511705,0.5708074255983079,0.49200836833484585,1.8918637568479486,1.070216368642035
shuffle_r1_ORIGINAL_p+6_Nd4001_dt1,p1,shuffle,1,ORIGINAL,6,4001,1.0,2.5350000000000003e-06,0.07321886766113006,21.982251805000487,349,634,static,1.1069205012001715,1.0299359982145022,6.6074041635368585e-09,6.415354133646615e-09,0.0005384798153170105,1.7737934554371702,0.00011414102990077609,1.0678812439443807e-07,3.5200222973827946e-06,0.9312286738952286,0.05660377358490566,0.9914591165402383,0.020505192521605247,0.09569722712515277,,,,,1.8918637568479486,0.96063508295272
shuffle_r1_ORIGINAL_p+6_Nd4001_dt1,p1,shuffle,1,ORIGINAL,6,4001,1.0,2.5350000000000003e-06,0.07321886766113006,21.982251805000487,349,634,static_lti,1.2319525699053981,1.0956091247991042,7.1628413208301185e-09,6.537770778555289e-09,0.0005366232900280358,1.7979200081295035,0.00011707302843455,1.2660210738373858e-06,2.1256046754565617e-05,0.9061029227272802,0.09056603773584905,0.997727195957369,0.021144915345976904,0.1037418077924855,,,,,1.8918637568479486,0.9857608341206684
shuffle_r1_ORIGINAL_p+6_Nd4001_dt1,p1,shuffle,1,ORIGINAL,6,4001,1.0,2.5350000000000003e-06,0.07321886766113006,21.982251805000487,349,634,static_mh,1.6347136803315807,1.49304691021917,9.612872349628897e-09,6.438426203378826e-09,0.0005346017624174415,1.762872850585056,0.00012671697154060285,-6.605652718841068e-05,0.0005417018561083099,-0.04016280998284009,0.09056603773584905,1.3746042380110077,0.02978163320188841,0.13922642020964454,,,,,1.8918637568479486,1.9320265668307888
shuffle_r1_ORIGINAL_p+6_Nd4001_dt1,p1,shuffle,1,ORIGINAL,6,4001,1.0,2.5350000000000003e-06,0.07321886766113006,21.982251805000487,349,634,static_lti_mh,1.2665610937829244,1.1242209724191845,7.335653630088102e-09,6.525099433345993e-09,0.0005356137425265443,1.797650365103735,0.00011775409266079944,-6.518136021105936e-05,0.0002741295542554352,0.7869059357037426,0.09433962264150944,1.0130801421059532,0.02079732804147248,0.10624470581412414,,,,,1.8918637568479486,1.1049578211442062
shuffle_r1_ORIGINAL_p+6_Nd4001_dt1,p1,shuffle,1,ORIGINAL,6,4001,1.0,2.5350000000000003e-06,0.07321886766113006,21.982251805000487,349,634,linear,0.04242924650369758,5.3894550841576226e-05,3.721143133613143e-12,6.904488627340998e-08,0.0017627721535160424,1.24040944120596,0.00026303730199006407,2.0420720192832187e-06,3.249729476516804e-05,1.8918637568479486,0.01509433962264151,0.10384556588995288,0.00027150287709498477,5.3894550841576226e-05,,,,,1.8918637568479486,0.0
shuffle_r1_BLOCK_SHUFFLED_CYCLES_p+6_Nd4001_dt1,p1,shuffle,1,BLOCK_SHUFFLED_CYCLES,6,4001,1.0,2.5350000000000003e-06,0.07321886766113006,23.105479850000847,349,634,atomic,0.9560688162768536,0.5737148728963313,3.213641276342776e-09,5.601460635174212e-09,0.0004595677656272996,1.8793120168408504,9.389691802206738e-05,0.00015492016349631107,0.0003715102293802957,0.6647773393273808,0.25660377358490566,0.8770952664406277,0.016089047618743524,0.046184466101518405,0.5596245143554074,0.5647924443800378,0.6302823787959569,0.5701244166104685,1.9327543120943214,1.2679769727669405
shuffle_r1_BLOCK_SHUFFLED_CYCLES_p+6_Nd4001_dt1,p1,shuffle,1,BLOCK_SHUFFLED_CYCLES,6,4001,1.0,2.5350000000000003e-06,0.07321886766113006,23.105479850000847,349,634,static,1.108484625176943,1.0132826494852487,6.5578256967696055e-09,6.471862219392589e-09,0.0005381579285472855,1.7752860581694967,0.00011415829937542304,6.379710754686279e-08,3.3190290923466368e-06,0.8832540301758431,0.052830188679245285,1.2141103813913738,0.03438421944172071,0.09424501758229757,,,,,1.9327543120943214,1.0495002819184782
shuffle_r1_BLOCK_SHUFFLED_CYCLES_p+6_Nd4001_dt1,p1,shuffle,1,BLOCK_SHUFFLED_CYCLES,6,4001,1.0,2.5350000000000003e-06,0.07321886766113006,23.105479850000847,349,634,static_lti,1.2338007378989253,1.0969775673080038,7.179518646495829e-09,6.544818107916695e-09,0.0005366009327992773,1.8028723920480336,0.0001171610988570871,-1.780587491181588e-07,2.044514697108802e-05,0.8563011346700188,0.06037735849056604,1.1827460739221145,0.03449755540922297,0.10317960439307551,,,,,1.9327543120943214,1.0764531774243027
shuffle_r1_BLOCK_SHUFFLED_CYCLES_p+6_Nd4001_dt1,p1,shuffle,1,BLOCK_SHUFFLED_CYCLES,6,4001,1.0,2.5350000000000003e-06,0.07321886766113006,23.105479850000847,349,634,static_mh,1.586201993143682,1.4444144499531404,9.509555488068528e-09,6.583675127576462e-09,0.0005400305783803244,1.76893190984104,0.00012687042176953296,-6.604002361871866e-05,0.0005414239807840256,0.6786120478254929,0.04905660377358491,1.3839852369376702,0.049678611914185385,0.1366654537058428,,,,,1.9327543120943214,1.2541422642688285
shuffle_r1_BLOCK_SHUFFLED_CYCLES_p+6_Nd4001_dt1,p1,shuffle,1,BLOCK_SHUFFLED_CYCLES,6,4001,1.0,2.5350000000000003e-06,0.07321886766113006,23.105479850000847,349,634,static_lti_mh,1.2622308745164248,1.1194461636983863,7.3575211396928275e-09,6.572465365717375e-09,0.0005371985609882352,1.8019553003720055,0.00011803543968449783,-6.673890385447476e-05,0.0002724056706139008,0.8310717729159305,0.045283018867924525,1.2035694317056111,0.037031431729664485,0.10573774620360088,,,,,1.9327543120943214,1.1016825391783909
shuffle_r1_BLOCK_SHUFFLED_CYCLES_p+6_Nd4001_dt1,p1,shuffle,1,BLOCK_SHUFFLED_CYCLES,6,4001,1.0,2.5350000000000003e-06,0.07321886766113006,23.105479850000847,349,634,linear,0.041619910996803774,6.458083291374672e-05,4.4937107177122765e-12,6.958273089654968e-08,0.001769449110066637,1.2400453357565724,0.00026396086472670435,9.488222969687889e-08,3.488070078049521e-05,1.9327543120943214,0.011320754716981131,0.10419998386638339,0.0002944556144909723,6.458083291374672e-05,,,,,1.9327543120943214,0.0
dwell_r2_xi_0.05_p+3_Nd4001_dt1,p1,dwell,2,xi_0.05,3,4001,1.0,2.5350000000000003e-06,0.07321886766113006,22.36104468800113,1459,1459,0,127.08019191226867,137.08073,0.0,0.05,atomic,0.7717935717291552,0.3236214696497043,3.090771373143091e-09,9.550575789945632e-09,0.0008657435571362525,1.5452703993236618,0.00011247558570626478,2.1733112625259735e-05,0.00022809013069286746,0.8849520665977837,0.2679245283018868,0.773565046987384,0.006175191769223691,0.08329221936326267,0.5633215408482661,0.523965779693304,0.8174654192199251,0.5978921244878171,1.5926611633777688,0.7077090967799851
dwell_r2_xi_0.05_p+3_Nd4001_dt1,p1,dwell,2,xi_0.05,3,4001,1.0,2.5350000000000003e-06,0.07321886766113006,22.36104468800113,1459,1459,0,127.08019191226867,137.08073,0.0,0.05,static,0.10655182592296218,0.03766591695769019,4.1689362231208726e-10,1.1068192572621566e-08,0.0010441920918600972,1.4166270195787345,0.00010724327838637117,-1.010814186059451e-07,7.397266774120712e-06,1.997235677878749,0.0,0.3238797291236357,0.0010539873995915896,0.011234734261645422,,,,,1.5926611633777688,-0.40457451450098025
dwell_r2_xi_0.05_p+3_Nd4001_dt1,p1,dwell,2,xi_0.05,3,4001,1.0,2.5350000000000003e-06,0.07321886766113006,22.36104468800113,1459,1459,0,127.08019191226867,137.08073,0.0,0.05,static_lti,0.18564529666108986,0.04591773715152474,5.374988294745398e-10,1.170569071600454e-08,0.001041523431988344,1.4652033072023842,0.00011072811441209437,-1.836752911077074e-06,5.003096781886754e-05,1.9758346704575276,0.0,0.38591750969252653,0.0014935116749282245,0.014484885812360484,,,,,1.5926611633777688,-0.38317350707975883
dwell_r2_xi_0.05_p+3_Nd4001_dt1,p1,dwell,2,xi_0.05,3,4001,1.0,2.5350000000000003e-06,0.07321886766113006,22.36104468800113,1459,1459,0,127.08019191226867,137.08073,0.0,0.05,static_mh,1.7740804982466323,1.6040435494187613,1.7903040492073015e-08,1.1161193534028632e-08,0.0010491052519706584,1.4091809227257677,0.00017054485676723584,3.001439585727645e-05,6.981284966612656e-05,0.47520879816573697,0.37358490566037733,1.2884514227448878,0.01709414720270126,0.4824633710835407,,,,,1.5926611633777688,1.1174523652120318
dwell_r2_xi_0.05_p+3_Nd4001_dt1,p1,dwell,2,xi_0.05,3,4001,1.0,2.5350000000000003e-06,0.07321886766113006,22.36104468800113,1459,1459,0,127.08019191226867,137.08073,0.0,0.05,static_lti_mh,0.2131341487792014,0.07142928607721191,8.343277032250921e-10,1.1680470981093393e-08,0.001041014239037137,1.4648322940921128,0.00011194704578266019,2.8276900360425926e-05,5.529053671020775e-05,1.9623534769189142,0.0037735849056603774,0.412671872753206,0.0017258292035680562,0.022484033171046917,,,,,1.5926611633777688,-0.3696923135411454
dwell_r2_xi_0.05_p+3_Nd4001_dt1,p1,dwell,2,xi_0.05,3,4001,1.0,2.5350000000000003e-06,0.07321886766113006,22.36104468800113,1459,1459,0,127.08019191226867,137.08073,0.0,0.05,linear,0.17334233123551254,0.010090057032976496,3.744174386192423e-10,3.7107564149098945e-08,0.0018318843472663346,1.2899888816758092,0.00019371745552817919,-1.0361907538488705e-05,0.00019874943632466386,1.5926611633777688,0.15471698113207547,0.37090598479591796,0.0013469749550404336,0.010090057032976496,,,,,1.5926611633777688,0.0
dwell_r2_xi_0.1_p+3_Nd4001_dt1,p1,dwell,2,xi_0.1,3,4001,1.0,2.5350000000000003e-06,0.07321886766113006,22.229425411000193,1459,731,728,253.6388508891929,254.40724,0.0364,0.1,atomic,0.5471740241991888,0.2663672302419042,2.115514060745791e-09,7.942095800690517e-09,0.0007998706213738782,1.5599423382666116,0.00010031661141360659,6.477867658598885e-06,0.00020807191954841424,1.1266727845731965,0.19622641509433963,0.6666277999054993,0.0055345970900053925,0.058033329270050824,0.48499358506198287,0.4610841539171547,0.7227476403314864,0.5040769988728158,1.8392524772636276,0.7125796926904311
dwell_r2_xi_0.1_p+3_Nd4001_dt1,p1,dwell,2,xi_0.1,3,4001,1.0,2.5350000000000003e-06,0.07321886766113006,22.229425411000193,1459,731,728,253.6388508891929,254.40724,0.0364,0.1,static,0.1481656119067456,0.07117136760717353,7.69783929633689e-10,1.0815921563886044e-08,0.000996554169371369,1.4338240804550886,0.00010771333742735105,-1.961431002403756e-07,5.430206413763305e-06,1.9949760016452749,0.0,0.37010583304249073,0.001675962762686121,0.021116911999855343,,,,,1.8392524772636276,-0.15572352438164727
dwell_r2_xi_0.1_p+3_Nd4001_dt1,p1,dwell,2,xi_0.1,3,4001,1.0,2.5350000000000003e-06,0.07321886766113006,22.229425411000193,1459,731,728,253.6388508891929,254.40724,0.0364,0.1,static_lti,0.20770327701255892,0.07916615488688565,8.951120704177577e-10,1.1306751877702202e-08,0.0009971830840605725,1.4736712114529296,0.00011054017426314324,2.3311242185774647e-06,3.6346477806424316e-05,1.9837299647361697,0.0,0.4003857083214142,0.001851876631300859,0.024554945996358817,,,,,1.8392524772636276,-0.14447748747254208
dwell_r2_xi_0.1_p+3_Nd4001_dt1,p1,dwell,2,xi_0.1,3,4001,1.0,2.5350000000000003e-06,0.07321886766113006,22.229425411000193,1459,731,728,253.6388508891929,254.40724,0.0364,0.1,static_mh,0.8742465297556697,0.7415775210140965,7.866125391884577e-09,1.0607286721862556e-08,0.0009849226786943562,1.4372770346085049,0.00013596610938483908,3.012936900172258e-05,0.00013353080772859834,0.9897938074180257,0.20754716981132076,0.8677488477658767,0.008242449813656457,0.2157855877288824,,,,,1.8392524772636276,0.8494586698456019
dwell_r2_xi_0.1_p+3_Nd4001_dt1,p1,dwell,2,xi_0.1,3,4001,1.0,2.5350000000000003e-06,0.07321886766113006,22.229425411000193,1459,731,728,253.6388508891929,254.40724,0.0364,0.1,static_lti_mh,0.2224624458440921,0.0937773555890194,1.0603120347538543e-09,1.1306695823250625e-08,0.0009978298484963977,1.4742366682534587,0.00011128509541714657,3.270727409510143e-05,5.7978183903896404e-05,1.9805608252506823,0.0,0.42898646408322466,0.0020457279775033294,0.029086754176512235,,,,,1.8392524772636276,-0.14130834798705472
dwell_r2_xi_0.1_p+3_Nd4001_dt1,p1,dwell,2,xi_0.1,3,4001,1.0,2.5350000000000003e-06,0.07321886766113006,22.229425411000193,1459,731,728,253.6388508891929,254.40724,0.0364,0.1,linear,0.11416713143453008,0.009866532950291305,3.5966899451906337e-10,3.6453432662832624e-08,0.0018032999462420272,1.2717794719620026,0.0001919693766147904,1.2913223465821695e-06,0.000132333939932942,1.8392524772636276,0.05660377358490566,0.30165392417606957,0.000954693282864339,0.009866532950291305,,,,,1.8392524772636276,0.0
dwell_r2_xi_0.25_p+3_Nd4001_dt1,p1,dwell,2,xi_0.25,3,4001,1.0,2.5350000000000003e-06,0.07321886766113006,24.916694281000673,1459,293,1166,632.7986348122867,605.90671,0.0583,0.25,atomic,0.5877436741762927,0.313178408902689,1.6928117350664584e-09,5.405263220404348e-09,0.0006586324678055472,1.642063302741801,8.428103780945593e-05,5.4639118267972384e-05,0.00026512231126227015,1.2905657663506003,0.12830188679245283,0.6601984508272473,0.0041103904236250545,0.04988647815425488,0.44106188197404905,0.4179879582202912,0.5833012782448933,0.43635815571374276,1.8693298312955098,0.5787640649449095
dwell_r2_xi_0.25_p+3_Nd4001_dt1,p1,dwell,2,xi_0.25,3,4001,1.0,2.5350000000000003e-06,0.07321886766113006,24.916694281000673,1459,293,1166,632.7986348122867,605.90671,0.0583,0.25,static,0.15932378882179693,0.12422159496765921,1.2822912122693255e-09,1.0322611077431157e-08,0.0009855562379533671,1.4388971895858116,0.0001078073269037103,8.126515830071367e-08,4.0881287030736964e-06,1.9969505471375608,0.0,0.38728478570636093,0.0016651217729512784,0.037788604144899395,,,,,1.8693298312955098,-0.12762071584205104
dwell_r2_xi_0.25_p+3_Nd4001_dt1,p1,dwell,2,xi_0.25,3,4001,1.0,2.5350000000000003e-06,0.07321886766113006,24.916694281000673,1459,293,1166,632.7986348122867,605.90671,0.0583,0.25,static_lti,0.1989851484391427,0.13134680432944945,1.3959790033317444e-09,1.0628191606628606e-08,0.0009864695947544683,1.4622341651736221,0.0001097401925598816,-4.4299932317881096e-06,2.478838165684087e-05,1.9941768915574487,0.0,0.39620904425010367,0.0016913007439934339,0.0411389374322677,,,,,1.8693298312955098,-0.12484706026193892
dwell_r2_xi_0.25_p+3_Nd4001_dt1,p1,dwell,2,xi_0.25,3,4001,1.0,2.5350000000000003e-06,0.07321886766113006,24.916694281000673,1459,293,1166,632.7986348122867,605.90671,0.0583,0.25,static_mh,0.435959147408209,0.3857524464603888,4.0596228093216995e-09,1.0523906838627305e-08,0.0009927121171049173,1.4313651586378109,0.00012082967432047074,3.04312332150417e-05,0.00021127308627797543,1.6070129282789045,0.07169811320754717,0.6194322921243142,0.004758722007041038,0.11963544462538298,,,,,1.8693298312955098,0.26231690301660526
dwell_r2_xi_0.25_p+3_Nd4001_dt1,p1,dwell,2,xi_0.25,3,4001,1.0,2.5350000000000003e-06,0.07321886766113006,24.916694281000673,1459,293,1166,632.7986348122867,605.90671,0.0583,0.25,static_lti_mh,0.20488588362463225,0.13590948434393166,1.443777385768088e-09,1.0623080447531348e-08,0.00098579629297898,1.462325442363788,0.00010993505558760014,2.5966294580307472e-05,8.562994618676356e-05,1.9919634184309631,0.0,0.4061290531766542,0.0017593867787298915,0.042547536458269704,,,,,1.8693298312955098,-0.12263358713545336
dwell_r2_xi_0.25_p+3_Nd4001_dt1,p1,dwell,2,xi_0.25,3,4001,1.0,2.5350000000000003e-06,0.07321886766113006,24.916694281000673,1459,293,1166,632.7986348122867,605.90671,0.0583,0.25,linear,0.06540465397720918,0.007996974551331996,2.7136356115706295e-10,3.393327806849954e-08,0.0017650144621986802,1.2468067697164875,0.0001850842846035166,-1.0714420292816967e-05,8.566026850933205e-05,1.8693298312955098,0.022641509433962263,0.18791941295198883,0.00036278202766339834,0.007996974551331996,,,,,1.8693298312955098,0.0
dwell_r2_xi_0.5_p+3_Nd4001_dt1,p1,dwell,2,xi_0.5,3,4001,1.0,2.5350000000000003e-06,0.07321886766113006,26.245160877999297,1459,146,1313,1269.9315068493152,1196.56055,0.06565,0.5,atomic,0.6376149007255437,0.40878652947153127,2.141300499079526e-09,5.238187525033529e-09,0.000659290029173062,1.657085284680728,8.59604674549965e-05,9.675786333155358e-05,0.0003091938374724274,1.3216536402312646,0.10943396226415095,0.7235254816380108,0.005385264315952582,0.0645398573807889,0.3949266517770166,0.3731182870231242,0.47086581198825617,0.3808969963731138,1.8567972646310817,0.5351436243998171
dwell_r2_xi_0.5_p+3_Nd4001_dt1,p1,dwell,2,xi_0.5,3,4001,1.0,2.5350000000000003e-06,0.07321886766113006,26.245160877999297,1459,146,1313,1269.9315068493152,1196.56055,0.06565,0.5,static,0.1631508549603281,0.15096849540067508,1.5210834280351597e-09,1.007550233575659e-08,0.0009806551924546986,1.4398580913150962,0.00010778927473757565,8.339823102145772e-08,3.4870395435334357e-06,1.9961750510962608,0.0,0.40043360175631704,0.001719834851264973,0.045846207737714036,,,,,1.8567972646310817,-0.13937778646517907
dwell_r2_xi_0.5_p+3_Nd4001_dt1,p1,dwell,2,xi_0.5,3,4001,1.0,2.5350000000000003e-06,0.07321886766113006,26.245160877999297,1459,146,1313,1269.9315068493152,1196.56055,0.06565,0.5,static_lti,0.2009597788354644,0.15510025450355253,1.6093617898299201e-09,1.0376267885447333e-08,0.0009811501585202532,1.4598992482254753,0.00010957706515621815,-1.3897458845733496e-06,2.2302290637270453e-05,1.994165651082505,0.0,0.41131767757968646,0.0017446583830814694,0.04850696127627281,,,,,1.8567972646310817,-0.13736838645142324
dwell_r2_xi_0.5_p+3_Nd4001_dt1,p1,dwell,2,xi_0.5,3,4001,1.0,2.5350000000000003e-06,0.07321886766113006,26.245160877999297,1459,146,1313,1269.9315068493152,1196.56055,0.06565,0.5,static_mh,0.3091707299319945,0.2942290841023768,2.96404834711383e-09,1.0073947503036414e-08,0.000980113921662639,1.443280973609338,0.00011424150167369623,3.0439065778858663e-05,0.00022466896348076945,1.7928424976885478,0.03018867924528302,0.5650982540997405,0.002623333840374182,0.0893378849324151,,,,,1.8567972646310817,0.06395476694253399
dwell_r2_xi_0.5_p+3_Nd4001_dt1,p1,dwell,2,xi_0.5,3,4001,1.0,2.5350000000000003e-06,0.07321886766113006,26.245160877999297,1459,146,1313,1269.9315068493152,1196.56055,0.06565,0.5,static_lti_mh,0.20408381297707961,0.15780336616036236,1.638319122491953e-09,1.0382028991872495e-08,0.0009812946832938655,1.4598202176716244,0.00010973574329549019,2.893101903571513e-05,0.00010736612488501658,1.9937666225607678,0.0,0.41809229278095683,0.0017869211769590448,0.04937974962192493,,,,,1.8567972646310817,-0.136969357929686
dwell_r2_xi_0.5_p+3_Nd4001_dt1,p1,dwell,2,xi_0.5,3,4001,1.0,2.5350000000000003e-06,0.07321886766113006,26.245160877999297,1459,146,1313,1269.9315068493152,1196.56055,0.06565,0.5,linear,0.050464256400502935,0.00567156520954285,1.881709366369184e-10,3.317795523540947e-08,0.0017503767513365773,1.2415686291269692,0.0001827935028382658,7.909439591110074e-07,6.71718970532829e-05,1.8567972646310817,0.011320754716981131,0.15549430050306184,0.00018861133198506378,0.00567156520954285,,,,,1.8567972646310817,0.0
dwell_r2_xi_1_p+3_Nd4001_dt1,p1,dwell,2,xi_1,3,4001,1.0,2.5350000000000003e-06,0.07321886766113006,24.218933498001206,1459,73,1386,2539.8630136986303,2373.85055,0.0693,1,atomic,0.8244906710920785,0.584949948605779,2.951802908203489e-09,5.046248683736233e-09,0.0006477083489939196,1.6284120758629375,8.94636428635816e-05,7.56654874768592e-05,0.00031578952769113414,1.0920928063219737,0.10943396226415095,0.8085036339233685,0.007132803535858867,0.08880226882828957,0.38108832066291043,0.35910938870099723,0.42253339265789197,0.3627754647140359,1.995942003475394,0.9038491971534204
dwell_r2_xi_1_p+3_Nd4001_dt1,p1,dwell,2,xi_1,3,4001,1.0,2.5350000000000003e-06,0.07321886766113006,24.218933498001206,1459,73,1386,2539.8630136986303,2373.85055,0.0693,1,static,0.16567477676217304,0.1616673597109122,1.621121379922384e-09,1.0027511940698577e-08,0.0009779282810246292,1.4423846234740894,0.00010800374155049854,-2.260234252410431e-08,3.3197115742728768e-06,1.9957332637687721,0.0,0.4034128255040512,0.0018159523460597677,0.04876994198463305,,,,,1.995942003475394,0.00020873970662194097
dwell_r2_xi_1_p+3_Nd4001_dt1,p1,dwell,2,xi_1,3,4001,1.0,2.5350000000000003e-06,0.07321886766113006,24.218933498001206,1459,73,1386,2539.8630136986303,2373.85055,0.0693,1,static_lti,0.1972063284726026,0.16117988559942012,1.6642325767111399e-09,1.0325311812463076e-08,0.0009789827875523107,1.4618325631556188,0.00010957453975863722,-1.3454506039465508e-06,2.142791788840127e-05,1.9953009575691014,0.0,0.40006924045450093,0.00177443394133592,0.05006690258999894,,,,,1.995942003475394,0.0006410459062926588
dwell_r2_xi_1_p+3_Nd4001_dt1,p1,dwell,2,xi_1,3,4001,1.0,2.5350000000000003e-06,0.07321886766113006,24.218933498001206,1459,73,1386,2539.8630136986303,2373.85055,0.0693,1,static_mh,0.24957287188233943,0.245387347184095,2.4557471985260157e-09,1.0007635791765825e-08,0.000977001868725602,1.439638238740819,0.00011170089683612467,3.1204032067609725e-05,0.00023189820158575674,1.9066508677372236,0.007547169811320755,0.47749641393421344,0.00265184951498172,0.07387889018327123,,,,,1.995942003475394,0.08929113573817049
dwell_r2_xi_1_p+3_Nd4001_dt1,p1,dwell,2,xi_1,3,4001,1.0,2.5350000000000003e-06,0.07321886766113006,24.218933498001206,1459,73,1386,2539.8630136986303,2373.85055,0.0693,1,static_lti_mh,0.19906800251988613,0.16329763949254128,1.6851115093650244e-09,1.0319264348227109e-08,0.0009788273675820237,1.462023914320324,0.00010964190167931249,2.96283933028645e-05,0.0001373625129620481,1.9953332604419092,0.0,0.4039100435454477,0.0017727135763886373,0.050695026027788505,,,,,1.995942003475394,0.0006087430334849042
dwell_r2_xi_1_p+3_Nd4001_dt1,p1,dwell,2,xi_1,3,4001,1.0,2.5350000000000003e-06,0.07321886766113006,24.218933498001206,1459,73,1386,2539.8630136986303,2373.85055,0.0693,1,linear,0.04383362424871823,0.004546979291506875,1.511423849109504e-10,3.324017445895638e-08,0.0017496829112196143,1.2376388889050889,0.00018291334880826294,-4.09208304804477e-06,5.7943369961900664e-05,1.995942003475394,0.0,0.11239693796698211,0.00013997456264576614,0.004546979291506875,,,,,1.995942003475394,0.0
dwell_r2_xi_2_p+3_Nd4001_dt1,p1,dwell,2,xi_2,3,4001,1.0,2.5350000000000003e-06,0.07321886766113006,24.50447865500064,1459,37,1422,5011.081081081081,4664.79323,0.0711,2,atomic,0.8343484182585718,0.6062666253431701,3.2143099271860864e-09,5.301809126251447e-09,0.0006658130476479115,1.5964242398463038,9.234472855954186e-05,5.925454772754563e-05,0.0003150657095193307,1.280037928367536,0.07547169811320754,0.8390664689826041,0.006879862104965057,0.09753252677900177,0.335170951490063,0.3061425391691427,0.36248001852697864,0.30736602519961725,1.9852888975179341,0.7052509691503981
dwell_r2_xi_2_p+3_Nd4001_dt1,p1,dwell,2,xi_2,3,4001,1.0,2.5350000000000003e-06,0.07321886766113006,24.50447865500064,1459,37,1422,5011.081081081081,4664.79323,0.0711,2,static,0.1666231020426657,0.16572851442259584,1.6543513032356807e-09,9.982297307132094e-09,0.0009759353030285578,1.442960898992877,0.00010795428030522184,-9.179977533636903e-08,3.1594410665408427e-06,1.9956843173162244,0.0,0.4137937490176067,0.0018611856730611825,0.05019835250484521,,,,,1.9852888975179341,-0.010395419798290284
dwell_r2_xi_2_p+3_Nd4001_dt1,p1,dwell,2,xi_2,3,4001,1.0,2.5350000000000003e-06,0.07321886766113006,24.50447865500064,1459,37,1422,5011.081081081081,4664.79323,0.0711,2,static_lti,0.1988232842559392,0.16411275133844377,1.686354252929121e-09,1.0275583336308913e-08,0.0009761027484606673,1.4594665420882735,0.00010945011683210373,-1.1993881253535009e-06,2.028430397452131e-05,1.9939961184104178,0.0,0.4098491166820259,0.0019020576450861433,0.05116942518255523,,,,,1.9852888975179341,-0.008707220892483658
dwell_r2_xi_2_p+3_Nd4001_dt1,p1,dwell,2,xi_2,3,4001,1.0,2.5350000000000003e-06,0.07321886766113006,24.50447865500064,1459,37,1422,5011.081081081081,4664.79323,0.0711,2,static_mh,0.21889402042988568,0.2180462890574642,2.1711854439571384e-09,9.957451939872003e-09,0.0009747548101551025,1.4398160458961775,0.00011020490596462993,3.111257107014678e-05,0.00023508777395659522,1.893558871414518,0.011320754716981131,0.4978046469737317,0.0027255159806278237,0.06588076671259614,,,,,1.9852888975179341,0.09173002610341618
dwell_r2_xi_2_p+3_Nd4001_dt1,p1,dwell,2,xi_2,3,4001,1.0,2.5350000000000003e-06,0.07321886766113006,24.50447865500064,1459,37,1422,5011.081081081081,4664.79323,0.0711,2,static_lti_mh,0.20029369195657673,0.16576216095705343,1.7026849529744584e-09,1.0271855429150681e-08,0.0009760184309856514,1.4596890960404636,0.00010950769728396525,3.000887155782742e-05,0.00016944381303959165,1.9933984240171378,0.0,0.41798593447459004,0.0019217704568715531,0.05166495127542522,,,,,1.9852888975179341,-0.008109526499203712
dwell_r2_xi_2_p+3_Nd4001_dt1,p1,dwell,2,xi_2,3,4001,1.0,2.5350000000000003e-06,0.07321886766113006,24.50447865500064,1459,37,1422,5011.081081081081,4664.79323,0.0711,2,linear,0.03895115911735422,0.003930007611053464,1.2951845804989115e-10,3.295628682387536e-08,0.0017437958632438044,1.2352170438488865,0.0001819934107041963,-5.807373618141789e-06,5.0998283313683645e-05,1.9852888975179341,0.0037735849056603774,0.10120494911637823,0.00011969876218774818,0.003930007611053464,,,,,1.9852888975179341,0.0
dwell_r2_xi_4_p+3_Nd4001_dt1,p1,dwell,2,xi_4,3,4001,1.0,2.5350000000000003e-06,0.07321886766113006,27.423993481001162,1459,18,1441,10300.555555555555,9568.40055,0.07205,4,atomic,0.9924741254116768,0.6976960011810324,3.4300568952255394e-09,4.916262798438394e-09,0.0006323124081267453,1.6190523094515596,9.137617801224505e-05,3.664849751477684e-05,0.0002924673014307018,1.3717229540937423,0.07924528301886792,0.8748883193208514,0.008964989937681127,0.10549866678360463,0.3097549923051015,0.28148857571639496,0.32963311194975464,0.28106459560439456,1.9998542946181788,0.6281313405244364
dwell_r2_xi_4_p+3_Nd4001_dt1,p1,dwell,2,xi_4,3,4001,1.0,2.5350000000000003e-06,0.07321886766113006,27.423993481001162,1459,18,1441,10300.555555555555,9568.40055,0.07205,4,static,0.16685230856708833,0.16438539807386776,1.6426347334660689e-09,9.992582995284892e-09,0.0009755731834892563,1.4433526592246686,0.00010792356803942816,1.6669389483642204e-08,3.0831493642204264e-06,1.996057093768784,0.0,0.41030319795377274,0.0018136348306423782,0.050522711338791694,,,,,1.9998542946181788,0.003797200849394722
dwell_r2_xi_4_p+3_Nd4001_dt1,p1,dwell,2,xi_4,3,4001,1.0,2.5350000000000003e-06,0.07321886766113006,27.423993481001162,1459,18,1441,10300.555555555555,9568.40055,0.07205,4,static_lti,0.20461494712749032,0.16216253320957277,1.6644328416633283e-09,1.0263979038316315e-08,0.0009721823473055164,1.4592154109813684,0.00010927299773862217,-7.579214352725314e-07,2.038176728298983e-05,1.9951022795713877,0.0,0.4116145588326214,0.0018436209437730537,0.051193158338203475,,,,,1.9998542946181788,0.004752015046791014
dwell_r2_xi_4_p+3_Nd4001_dt1,p1,dwell,2,xi_4,3,4001,1.0,2.5350000000000003e-06,0.07321886766113006,27.423993481001162,1459,18,1441,10300.555555555555,9568.40055,0.07205,4,static_mh,0.2010617807078009,0.19820605410350475,1.9913034013380405e-09,1.004663258317108e-08,0.0009780788832425037,1.4435339719342788,0.00010977143026728212,3.123708146767664e-05,0.00023675029412444378,1.95454901006266,0.0037735849056603774,0.43826434454014546,0.0021621778407724932,0.06124675491396095,,,,,1.9998542946181788,0.045305284555518854
dwell_r2_xi_4_p+3_Nd4001_dt1,p1,dwell,2,xi_4,3,4001,1.0,2.5350000000000003e-06,0.07321886766113006,27.423993481001162,1459,18,1441,10300.555555555555,9568.40055,0.07205,4,static_lti_mh,0.20621746157098492,0.16357655326002773,1.6796049907351183e-09,1.0268005757922727e-08,0.0009723178717450064,1.4589887432836575,0.0001093612059436332,2.9628571556727506e-05,0.00019951588562187362,1.9947746305630547,0.0,0.41377812661267943,0.0018520565629991318,0.0516598099268532,,,,,1.9998542946181788,0.005079664055124056
dwell_r2_xi_4_p+3_Nd4001_dt1,p1,dwell,2,xi_4,3,4001,1.0,2.5350000000000003e-06,0.07321886766113006,27.423993481001162,1459,18,1441,10300.555555555555,9568.40055,0.07205,4,linear,0.037827757091714494,0.0037027645424216665,1.203872374632119e-10,3.251279850067829e-08,0.001732397853688318,1.2357536800196627,0.00018071440038200268,1.2966265682770753e-07,4.6722059956340705e-05,1.9998542946181788,0.0,0.09017679974037497,7.898680708720046e-05,0.0037027645424216665,,,,,1.9998542946181788,0.0
dwell_r2_xi_0.05_p+0_Nd4001_dt1,p1,dwell,2,xi_0.05,0,4001,1.0,2.5350000000000003e-06,0.07321886766113006,23.794355840000208,1459,1459,0,127.08019191226867,137.08073,0.0,0.05,atomic,0.4542348545350904,0.18170891096575298,1.5010411682648295e-09,8.26069101557564e-09,0.0011861655850396342,1.4276738735350976,9.884712498519594e-05,-0.00010206049323994614,0.0001915938732457732,1.1521206552473113,0.2188679245283019,0.584631348969033,0.0017856734203128947,0.08071052209791502,0.35923644518340964,0.22363694078463997,0.43701370191576117,0.2383453976008145,1.58675542752519,0.4346347722778787
dwell_r2_xi_0.05_p+0_Nd4001_dt1,p1,dwell,2,xi_0.05,0,4001,1.0,2.5350000000000003e-06,0.07321886766113006,23.794355840000208,1459,1459,0,127.08019191226867,137.08073,0.0,0.05,static,0.024994744799646643,0.011860146543542078,1.08155506170844e-10,9.1192386007857e-09,0.0013736556142986997,1.3565192410015083,9.612268721887396e-05,-2.9174437627655547e-08,1.2610465867904154e-05,1.9999743865030384,0.0,0.16114969628144638,0.00013720922047503415,0.005815488312624998,,,,,1.58675542752519,-0.4132189589778483
dwell_r2_xi_0.05_p+0_Nd4001_dt1,p1,dwell,2,xi_0.05,0,4001,1.0,2.5350000000000003e-06,0.07321886766113006,23.794355840000208,1459,1459,0,127.08019191226867,137.08073,0.0,0.05,static_lti,0.13523451451046511,0.01463456534092963,1.5376548730137704e-10,1.0507007466175242e-08,0.0014029774920723476,1.4218228412223592,0.00010332029491983495,-3.947284169550994e-06,8.258477716758014e-05,1.870449457743233,0.03773584905660377,0.32049708023692913,0.0005077538693022267,0.008267922974478254,,,,,1.58675542752519,-0.28369403021804285
dwell_r2_xi_0.05_p+0_Nd4001_dt1,p1,dwell,2,xi_0.05,0,4001,1.0,2.5350000000000003e-06,0.07321886766113006,23.794355840000208,1459,1459,0,127.08019191226867,137.08073,0.0,0.05,static_mh,0.13052349228711244,0.11629729390763406,1.0639277176213506e-09,9.148344573402938e-09,0.0013760066955736188,1.3546642485351446,0.0001011204042187036,-3.6622927365645596e-05,1.987711988853014e-05,1.967381191671363,0.0,0.34598720090880425,0.0006597622400581614,0.05720706625450274,,,,,1.58675542752519,-0.380625764146173
dwell_r2_xi_0.05_p+0_Nd4001_dt1,p1,dwell,2,xi_0.05,0,4001,1.0,2.5350000000000003e-06,0.07321886766113006,23.794355840000208,1459,1459,0,127.08019191226867,137.08073,0.0,0.05,static_lti_mh,0.13748784217669227,0.017068800367893124,1.7938000540114155e-10,1.0509233310769759e-08,0.0014034160890584026,1.4216143885866168,0.0001034536037661894,-4.054141972616956e-05,8.269602819019165e-05,1.8720244533533006,0.033962264150943396,0.32461347916574984,0.0005177555102140855,0.009645207737099596,,,,,1.58675542752519,-0.28526902582811053
dwell_r2_xi_0.05_p+0_Nd4001_dt1,p1,dwell,2,xi_0.05,0,4001,1.0,2.5350000000000003e-06,0.07321886766113006,23.794355840000208,1459,1459,0,127.08019191226867,137.08073,0.0,0.05,linear,0.17334233123560655,0.010090057032975844,1.8765324028337657e-10,1.8597837422533608e-08,0.0018318843472664818,1.2899888816757823,0.00013714145600279633,-7.335668760054234e-06,0.0001407038255947674,1.58675542752519,0.15849056603773584,0.37220585822585306,0.0006801339654972911,0.010090057032975844,,,,,1.58675542752519,0.0
dwell_r2_xi_0.1_p+0_Nd4001_dt1,p1,dwell,2,xi_0.1,0,4001,1.0,2.5350000000000003e-06,0.07321886766113006,25.15402866600016,1459,731,728,253.6388508891929,254.40724,0.0364,0.1,atomic,0.27611776779201125,0.13540052465467314,1.103239255334896e-09,8.147968836521192e-09,0.0011931520260498375,1.4177159936681152,9.623664706459622e-05,-0.00012591500303929564,0.00015675439661383143,1.4796300193021836,0.13584905660377358,0.45972436211532186,0.0013219539413448884,0.06038530667122633,0.2550798503397485,0.16795210498407634,0.30311592256638875,0.17553220688549714,1.83653179544178,0.3569017761395963
dwell_r2_xi_0.1_p+0_Nd4001_dt1,p1,dwell,2,xi_0.1,0,4001,1.0,2.5350000000000003e-06,0.07321886766113006,25.15402866600016,1459,731,728,253.6388508891929,254.40724,0.0364,0.1,static,0.029360560803029134,0.01601944549228468,1.5063614181224553e-10,9.403330588739494e-09,0.0013500505680343253,1.3661746964723895,9.780532588505659e-05,-3.6971334386989553e-07,8.423061516867648e-06,1.999994266999331,0.0,0.17117379934705487,0.00017159746324453383,0.008245001775559164,,,,,1.83653179544178,-0.163462471557551
dwell_r2_xi_0.1_p+0_Nd4001_dt1,p1,dwell,2,xi_0.1,0,4001,1.0,2.5350000000000003e-06,0.07321886766113006,25.15402866600016,1459,731,728,253.6388508891929,254.40724,0.0364,0.1,static_lti,0.10590945174959006,0.020605094941805513,2.1284503726275748e-10,1.0329728538688647e-08,0.0013682185407997247,1.4175724400387322,0.0001027419474963297,2.2491072943834147e-06,5.5554749559510865e-05,1.9666611414203354,0.007547169811320755,0.2880976992209541,0.00043443718446518995,0.011649977814339716,,,,,1.83653179544178,-0.13012934597855552
dwell_r2_xi_0.1_p+0_Nd4001_dt1,p1,dwell,2,xi_0.1,0,4001,1.0,2.5350000000000003e-06,0.07321886766113006,25.15402866600016,1459,731,728,253.6388508891929,254.40724,0.0364,0.1,static_mh,0.07236436477018617,0.0580342283390842,5.430943087955667e-10,9.358172312076907e-09,0.001346530288248949,1.367307425120639,9.956087143861001e-05,-3.6892943404516574e-05,3.2005935090100054e-05,1.9986747206144702,0.0,0.258326964668788,0.00037417386994492984,0.029726023824327086,,,,,1.83653179544178,-0.16214292517269024
dwell_r2_xi_0.1_p+0_Nd4001_dt1,p1,dwell,2,xi_0.1,0,4001,1.0,2.5350000000000003e-06,0.07321886766113006,25.15402866600016,1459,731,728,253.6388508891929,254.40724,0.0364,0.1,static_lti_mh,0.10756306726281657,0.021953332432848496,2.2685157727909487e-10,1.0333354991684985e-08,0.0013683396449503844,1.4180198959379655,0.00010282709038995658,-3.42621967085502e-05,5.617326948435719e-05,1.9697861181071368,0.007547169811320755,0.29593346019290584,0.0004462262403970202,0.012416619510779887,,,,,1.83653179544178,-0.13325432266535686
dwell_r2_xi_0.1_p+0_Nd4001_dt1,p1,dwell,2,xi_0.1,0,4001,1.0,2.5350000000000003e-06,0.07321886766113006,25.15402866600016,1459,731,728,253.6388508891929,254.40724,0.0364,0.1,linear,0.11416713143461328,0.009866532950292736,1.8026150838453812e-10,1.8269995072503138e-08,0.00180329994624241,1.2717794719619946,0.0001359039109052918,9.141862115418837e-07,9.368525490647129e-05,1.83653179544178,0.052830188679245285,0.3035789687819207,0.00048294403170735106,0.009866532950292736,,,,,1.83653179544178,0.0
dwell_r2_xi_4_p+0_Nd4001_dt1,p1,dwell,2,xi_4,0,4001,1.0,2.5350000000000003e-06,0.07321886766113006,25.94442152999909,1459,18,1441,10300.555555555555,9568.40055,0.07205,4,atomic,0.4321241689744396,0.3270377213454206,1.6080891522410109e-09,4.9171366092736765e-09,0.0009315109737991424,1.474156638551321,8.079593326408549e-05,-4.603349571123811e-05,0.00011902289712245805,1.7713887903546934,0.022641509433962263,0.5745287438876195,0.0020046449609344547,0.09868605080272584,0.23478028321264108,0.1957063635517106,0.23536116080965128,0.1955280693984064,1.999856151522324,0.22846736116763067
dwell_r2_xi_4_p+0_Nd4001_dt1,p1,dwell,2,xi_4,0,4001,1.0,2.5350000000000003e-06,0.07321886766113006,25.94442152999909,1459,18,1441,10300.555555555555,9568.40055,0.07205,4,static,0.030674324028766953,0.030284907281681928,2.8458896362822305e-10,9.397055800146333e-09,0.0013375018295445553,1.3718818133564579,9.843591312958045e-05,4.7689902218273105e-08,3.527813541982295e-06,1.9999999949174398,0.0,0.1823751212813974,0.00018040418360093746,0.017464803418001485,,,,,1.999856151522324,-0.00014384339511575028
dwell_r2_xi_4_p+0_Nd4001_dt1,p1,dwell,2,xi_4,0,4001,1.0,2.5350000000000003e-06,0.07321886766113006,25.94442152999909,1459,18,1441,10300.555555555555,9568.40055,0.07205,4,static_lti,0.0682600901169719,0.0324279374588059,3.08980994006266e-10,9.528234547719017e-09,0.0013242748565368814,1.3892949248268995,9.922258623311467e-05,-4.116846349733075e-07,2.2909538026650583e-05,1.999917039106508,0.0,0.19766891409484852,0.00020848894948290436,0.018961706214537733,,,,,1.999856151522324,-6.088758418387741e-05
dwell_r2_xi_4_p+0_Nd4001_dt1,p1,dwell,2,xi_4,0,4001,1.0,2.5350000000000003e-06,0.07321886766113006,25.94442152999909,1459,18,1441,10300.555555555555,9568.40055,0.07205,4,static_mh,0.031745357414092366,0.031350841875375464,2.9499803609441175e-10,9.40957302732333e-09,0.0013383892883494302,1.3718165033363694,9.855305223456088e-05,-3.62734166617122e-05,5.5981240568370134e-05,1.9999999485515476,0.0,0.18403252066751877,0.00018436233597678088,0.01810359278659838,,,,,1.999856151522324,-0.00014379702922351356
dwell_r2_xi_4_p+0_Nd4001_dt1,p1,dwell,2,xi_4,0,4001,1.0,2.5350000000000003e-06,0.07321886766113006,25.94442152999909,1459,18,1441,10300.555555555555,9568.40055,0.07205,4,static_lti_mh,0.06855581509849705,0.032678839839794076,3.1139512458444134e-10,9.528952867085736e-09,0.0013243023934662547,1.3891769002805514,9.923881619164727e-05,-3.69274948967433e-05,5.157251376162654e-05,1.9998954536428326,0.0,0.198505953791242,0.00020953797561469782,0.01910985783445894,,,,,1.999856151522324,-3.9302120508510896e-05
dwell_r2_xi_4_p+0_Nd4001_dt1,p1,dwell,2,xi_4,0,4001,1.0,2.5350000000000003e-06,0.07321886766113006,25.94442152999909,1459,18,1441,10300.555555555555,9568.40055,0.07205,4,linear,0.03782775709172267,0.0037027645424217485,6.033654650821833e-11,1.629499953803596e-08,0.0017323978536887797,1.235753680019668,0.0001279359979279463,9.17941312930022e-08,3.3076685383833766e-05,1.999856151522324,0.0,0.09488013324750652,4.391945375982956e-05,0.0037027645424217485,,,,,1.999856151522324,0.0
dwell_r2_xi_0.05_p+6_Nd4001_dt1,p1,dwell,2,xi_0.05,6,4001,1.0,2.5350000000000003e-06,0.07321886766113006,26.938912039999195,1459,1459,0,127.08019191226867,137.08073,0.0,0.05,atomic,1.5747532866652705,0.5631643065646589,5.421849923841334e-09,9.627474363414458e-09,0.0005547404565500697,1.725791608986573,0.00012269039606779136,0.0003188033242436048,0.00028332146179219927,0.6186147688113945,0.35094339622641507,1.0915990234105655,0.026176205920308372,0.07322932741027795,0.8253465120556073,0.9093720890417006,0.8742337427810547,0.948465396700536,1.5965499773367127,0.9779352085253181
dwell_r2_xi_0.05_p+6_Nd4001_dt1,p1,dwell,2,xi_0.05,6,4001,1.0,2.5350000000000003e-06,0.07321886766113006,26.938912039999195,1459,1459,0,127.08019191226867,137.08073,0.0,0.05,static,0.39220988243718663,0.11886618216649344,1.4818080247188033e-09,1.2466186746397431e-08,0.0007262776534574065,1.55701403761435,0.00011818164776785235,-2.1782489354184652e-07,1.2956378156936562e-05,1.9274529536412655,0.0,0.6247126772321625,0.007693736743289761,0.020013797232593045,,,,,1.5965499773367127,-0.3309029763045528
dwell_r2_xi_0.05_p+6_Nd4001_dt1,p1,dwell,2,xi_0.05,6,4001,1.0,2.5350000000000003e-06,0.07321886766113006,26.938912039999195,1459,1459,0,127.08019191226867,137.08073,0.0,0.05,static_lti,0.7380992638636982,0.14040715613522448,1.897981377952899e-09,1.3517696890926097e-08,0.0006833499720778845,1.58723829566634,0.0001242317709779535,2.2866228836456995e-06,7.767638660678906e-05,1.750947497431193,0.0,0.8200218182280314,0.013601205100313816,0.0256347744214675,,,,,1.5965499773367127,-0.15439752009448027
dwell_r2_xi_0.05_p+6_Nd4001_dt1,p1,dwell,2,xi_0.05,6,4001,1.0,2.5350000000000003e-06,0.07321886766113006,26.938912039999195,1459,1459,0,127.08019191226867,137.08073,0.0,0.05,static_mh,2.210236452630318,1.5928053762813148,1.9830537693900146e-08,1.2450069537182273e-08,0.0007276147372638597,1.5494176698383104,0.0001797381692732704,2.0673944099820714e-05,7.460443791040507e-05,0.46492147484589547,0.37735849056603776,1.4562038203392922,0.04275750551904442,0.26783790733912777,,,,,1.5965499773367127,1.1316285024908173
dwell_r2_xi_0.05_p+6_Nd4001_dt1,p1,dwell,2,xi_0.05,6,4001,1.0,2.5350000000000003e-06,0.07321886766113006,26.938912039999195,1459,1459,0,127.08019191226867,137.08073,0.0,0.05,static_lti_mh,0.8076215754383332,0.18398415675798663,2.4784692123691106e-09,1.3471101295038666e-08,0.0006815847865758932,1.5878117722043923,0.00012636794204178158,2.317637702467093e-05,8.239269853229954e-05,1.6498080317030468,0.04150943396226415,0.8620952999262459,0.014613782279520655,0.033475038220955135,,,,,1.5965499773367127,-0.05325805436633413
dwell_r2_xi_0.05_p+6_Nd4001_dt1,p1,dwell,2,xi_0.05,6,4001,1.0,2.5350000000000003e-06,0.07321886766113006,26.938912039999195,1459,1459,0,127.08019191226867,137.08073,0.0,0.05,linear,0.173342331235551,0.010090057032975289,7.470610053440628e-10,7.40393243469878e-08,0.0018318843472670352,1.2899888816758918,0.00027363317898234215,-1.4636583432025916e-05,0.00028074104078119807,1.5965499773367127,0.15471698113207547,0.3702032067907148,0.002676576479414941,0.010090057032975289,,,,,1.5965499773367127,0.0
dwell_r2_xi_4_p+6_Nd4001_dt1,p1,dwell,2,xi_4,6,4001,1.0,2.5350000000000003e-06,0.07321886766113006,25.117947461998483,1459,18,1441,10300.555555555555,9568.40055,0.07205,4,atomic,1.4223591960430408,0.8458727684208741,4.774265752449528e-09,5.6441889734344004e-09,0.00045358942910009786,1.7969338731769935,0.00010208365712440425,0.00012845001043870687,0.00036133562528531697,1.1274672028481485,0.09056603773584905,1.0159071101808186,0.02141136398473229,0.0735956655660283,0.3353720964351002,0.3318391083278884,0.3729062609650717,0.3331794280433423,1.9998393146806617,0.8723721118325132
dwell_r2_xi_4_p+6_Nd4001_dt1,p1,dwell,2,xi_4,6,4001,1.0,2.5350000000000003e-06,0.07321886766113006,25.117947461998483,1459,18,1441,10300.555555555555,9568.40055,0.07205,4,static,0.6784165426613883,0.6639239600909461,5.734259903716509e-09,8.63692267248649e-09,0.0006399954984371393,1.620078433977132,0.00011995341504648578,-3.5328904522091575e-08,3.1066974080976453e-06,1.7385281889376962,0.0,0.8199634598846997,0.01451708755763519,0.08839404759278054,,,,,1.9998393146806617,0.26131112574296544
dwell_r2_xi_4_p+6_Nd4001_dt1,p1,dwell,2,xi_4,6,4001,1.0,2.5350000000000003e-06,0.07321886766113006,25.117947461998483,1459,18,1441,10300.555555555555,9568.40055,0.07205,4,static_lti,0.7415277832136006,0.6680938869166414,5.8803464193378895e-09,8.80167673210814e-09,0.000635050540723965,1.6334487245089413,0.00012124116067396731,-1.4761897351033711e-06,1.9413780165220436e-05,1.7314710850483521,0.0,0.8235494925360601,0.014726276057650263,0.09064598221578751,,,,,1.9998393146806617,0.26836822963230955
dwell_r2_xi_4_p+6_Nd4001_dt1,p1,dwell,2,xi_4,6,4001,1.0,2.5350000000000003e-06,0.07321886766113006,25.117947461998483,1459,18,1441,10300.555555555555,9568.40055,0.07205,4,static_mh,0.7707639849848086,0.7544523484510124,6.556012764338282e-09,8.689763876802317e-09,0.000641763447636835,1.6205257069298171,0.00012353953620643473,2.1893292675708872e-05,0.0002366164856512488,1.6033464582706884,0.0037735849056603774,0.8569940054967198,0.0166067978957936,0.1010614297294406,,,,,1.9998393146806617,0.3964928564099732
dwell_r2_xi_4_p+6_Nd4001_dt1,p1,dwell,2,xi_4,6,4001,1.0,2.5350000000000003e-06,0.07321886766113006,25.117947461998483,1459,18,1441,10300.555555555555,9568.40055,0.07205,4,static_lti_mh,0.7456156619105966,0.6718318729421974,5.917092361870697e-09,8.807400482441516e-09,0.0006352232702104526,1.6334803842064138,0.00012141447101603566,1.9611121080477407e-05,0.00019990492803333317,1.7277330678282374,0.0,0.8240560271394936,0.014718942419758803,0.09121242368297343,,,,,1.9998393146806617,0.27210624685242424
dwell_r2_xi_4_p+6_Nd4001_dt1,p1,dwell,2,xi_4,6,4001,1.0,2.5350000000000003e-06,0.07321886766113006,25.117947461998483,1459,18,1441,10300.555555555555,9568.40055,0.07205,4,linear,0.037827757091723285,0.0037027645424224024,2.4020411811360625e-10,6.487156160258065e-08,0.0017323978536888586,1.2357536800196633,0.00025526587539356825,1.8315337090507706e-07,6.599666385044325e-05,1.9998393146806617,0.0,0.08766858509410648,0.00014905046420864835,0.0037027645424224024,,,,,1.9998393146806617,0.0
shuffle_r2_ORIGINAL_p+3_Nd4001_dt1,p1,shuffle,2,ORIGINAL,3,4001,1.0,2.5350000000000003e-06,0.07321886766113006,25.859796126998845,338,634,atomic,1.047689866334558,0.7446067706373899,3.193632664693429e-09,4.289019104620351e-09,0.0005844086446147738,1.7028693324211506,8.65159502042508e-05,2.337973499266367e-05,0.00027784208177482914,0.9465825879977319,0.10943396226415095,0.8463687403869968,0.008094256694697103,0.09578665574968788,0.3595243084076432,0.3508559596011154,0.40542156853598077,0.3537865982625342,1.9348967717437549,0.988314183746023
shuffle_r2_ORIGINAL_p+3_Nd4001_dt1,p1,shuffle,2,ORIGINAL,3,4001,1.0,2.5350000000000003e-06,0.07321886766113006,25.859796126998845,338,634,static,0.8215529764691039,0.7941083199405167,4.269884096733362e-09,5.376954238501368e-09,0.0007035460869073977,1.599750989796564,9.825830167768683e-05,2.1046610752676635e-08,2.330145066111168e-06,0.5812868506794957,0.045283018867924525,0.90867121706769,0.007492866968949499,0.1280666754778847,,,,,1.9348967717437549,1.3536099210642591
shuffle_r2_ORIGINAL_p+3_Nd4001_dt1,p1,shuffle,2,ORIGINAL,3,4001,1.0,2.5350000000000003e-06,0.07321886766113006,25.859796126998845,338,634,static_lti,0.9151884253280884,0.8058530746486593,4.48118019262323e-09,5.56079058775939e-09,0.0007000429355221916,1.615215450744867,0.00010024843123046672,-5.852069421347219e-07,1.5475819714399857e-05,0.5685546946209293,0.06415094339622641,0.9255878254788071,0.008260185996874642,0.13440408134863743,,,,,1.9348967717437549,1.3663420771228254
shuffle_r2_ORIGINAL_p+3_Nd4001_dt1,p1,shuffle,2,ORIGINAL,3,4001,1.0,2.5350000000000003e-06,0.07321886766113006,25.859796126998845,338,634,static_mh,0.9952698529213173,0.9547785590536896,5.175065242155628e-09,5.420173288437472e-09,0.0007044910881580606,1.5931858338380251,0.00010296915531459863,-5.1518490659520755e-05,0.0003207410524577842,0.495004741611502,0.04150943396226415,0.8825275473654023,0.0077510679062100995,0.1552157824262863,,,,,1.9348967717437549,1.4398920301322529
shuffle_r2_ORIGINAL_p+3_Nd4001_dt1,p1,shuffle,2,ORIGINAL,3,4001,1.0,2.5350000000000003e-06,0.07321886766113006,25.859796126998845,338,634,static_lti_mh,0.922047581673885,0.8144757705350028,4.52738546540321e-09,5.558649660540936e-09,0.0007003241866755669,1.6139223582240787,0.00010046746837329157,-5.211135394220134e-05,0.00013787863631888498,0.5340685402836532,0.06415094339622641,0.9432419019818248,0.00823459510118774,0.13578991654707007,,,,,1.9348967717437549,1.4008282314601015
shuffle_r2_ORIGINAL_p+3_Nd4001_dt1,p1,shuffle,2,ORIGINAL,3,4001,1.0,2.5350000000000003e-06,0.07321886766113006,25.859796126998845,338,634,linear,0.035827758936883745,7.627864927187525e-05,2.543214229860491e-12,3.334110205328716e-08,0.0017345376079399317,1.2369354083834243,0.00018263171634646418,-1.3709480598858725e-07,1.95661138686278e-05,1.9348967717437549,0.011320754716981131,0.09798707546464856,0.00012527427482925726,7.627864927187525e-05,,,,,1.9348967717437549,0.0
shuffle_r2_BLOCK_SHUFFLED_CYCLES_p+3_Nd4001_dt1,p1,shuffle,2,BLOCK_SHUFFLED_CYCLES,3,4001,1.0,2.5350000000000003e-06,0.07321886766113006,24.979210370000146,338,634,atomic,0.8909639525875527,0.6439325961143945,2.9746613493608476e-09,4.6195228620363236e-09,0.0006139409814426722,1.712041262749869,8.717117358578071e-05,2.2863890444323037e-05,0.00028799377880594183,0.8933042173487324,0.07924528301886792,0.7777965771309712,0.008420237147953973,0.08744534974616464,0.39006675202188246,0.38708000518579505,0.43524878471268225,0.39031157801098454,1.9550788119448,1.0617745945960675
shuffle_r2_BLOCK_SHUFFLED_CYCLES_p+3_Nd4001_dt1,p1,shuffle,2,BLOCK_SHUFFLED_CYCLES,3,4001,1.0,2.5350000000000003e-06,0.07321886766113006,24.979210370000146,338,634,static,0.8263133570688831,0.7793924780130294,4.2106487929515735e-09,5.402475532848525e-09,0.000702865646556421,1.6007238415567857,9.806775842188441e-05,-2.4243173373761133e-08,2.422803102808047e-06,0.9641661916813816,0.03018867924528302,0.7108623331763342,0.009126738419891492,0.12377935271086579,,,,,1.9550788119448,0.9909126202634183
shuffle_r2_BLOCK_SHUFFLED_CYCLES_p+3_Nd4001_dt1,p1,shuffle,2,BLOCK_SHUFFLED_CYCLES,3,4001,1.0,2.5350000000000003e-06,0.07321886766113006,24.979210370000146,338,634,static_lti,0.9309135819336892,0.8166098915676951,4.54975992724311e-09,5.571521939942047e-09,0.0007013971978337424,1.623639489264585,0.00010062521434662547,7.770795764598269e-07,1.4673754982826917e-05,0.9786702224503726,0.03018867924528302,0.7088613920639986,0.008990676365428862,0.1337481149524277,,,,,1.9550788119448,0.9764085894944273
shuffle_r2_BLOCK_SHUFFLED_CYCLES_p+3_Nd4001_dt1,p1,shuffle,2,BLOCK_SHUFFLED_CYCLES,3,4001,1.0,2.5350000000000003e-06,0.07321886766113006,24.979210370000146,338,634,static_mh,0.9985790998129884,0.9396170544903939,5.1341992654957494e-09,5.46414014194358e-09,0.0007054819819970107,1.5970034094963643,0.00010297036610474762,-5.176153155248131e-05,0.0003202503880766863,0.751550920472768,0.03773584905660377,0.777490642397037,0.010270514049018084,0.15092872690675996,,,,,1.9550788119448,1.203527891472032
shuffle_r2_BLOCK_SHUFFLED_CYCLES_p+3_Nd4001_dt1,p1,shuffle,2,BLOCK_SHUFFLED_CYCLES,3,4001,1.0,2.5350000000000003e-06,0.07321886766113006,24.979210370000146,338,634,static_lti_mh,0.9405341206013985,0.8252546603695213,4.599250842405447e-09,5.573129196684641e-09,0.0007014203022220403,1.6223205153126532,0.00010087887197858838,-5.092300116553483e-05,0.000139130874379676,0.9265182448449969,0.03773584905660377,0.7216015193973507,0.00891738702260503,0.13520298657556498,,,,,1.9550788119448,1.028560567099803
shuffle_r2_BLOCK_SHUFFLED_CYCLES_p+3_Nd4001_dt1,p1,shuffle,2,BLOCK_SHUFFLED_CYCLES,3,4001,1.0,2.5350000000000003e-06,0.07321886766113006,24.979210370000146,338,634,linear,0.03848128906549792,5.046964717772464e-05,1.7168449690149587e-12,3.40173760868435e-08,0.0017534351653801547,1.2384761881497122,0.0001845247292040468,4.4017224615886055e-07,2.1456799753134976e-05,1.9550788119448,0.0037735849056603774,0.10437477041840036,0.00010175543713690505,5.046964717772464e-05,,,,,1.9550788119448,0.0
shuffle_r2_ORIGINAL_p+6_Nd4001_dt1,p1,shuffle,2,ORIGINAL,6,4001,1.0,2.5350000000000003e-06,0.07321886766113006,23.85300684899994,338,634,atomic,1.3553724683565656,0.8660078529134979,4.0872246938524476e-09,4.719616202210933e-09,0.0004185055606996911,1.8791828017561587,9.385950875913395e-05,9.748444730416169e-05,0.00040842904479753566,0.7802435500122094,0.27547169811320754,0.8839032306507925,0.0190140952104585,0.061439625908317426,0.44738147292018876,0.4487511242525414,0.5416330611973798,0.45224944837239656,1.942678765349446,1.1624352153372366
shuffle_r2_ORIGINAL_p+6_Nd4001_dt1,p1,shuffle,2,ORIGINAL,6,4001,1.0,2.5350000000000003e-06,0.07321886766113006,23.85300684899994,338,634,static,1.2941756385436938,1.2422650384426304,6.961737020092306e-09,5.604067412876652e-09,0.00050652719950144,1.7522030589917217,0.00011215257890131703,-9.379695158036028e-09,3.1811803026506742e-06,0.8435844361743785,0.07547169811320754,1.0819810576776807,0.023919115964294163,0.10464962174208206,,,,,1.942678765349446,1.0990943291750674
shuffle_r2_ORIGINAL_p+6_Nd4001_dt1,p1,shuffle,2,ORIGINAL,6,4001,1.0,2.5350000000000003e-06,0.07321886766113006,23.85300684899994,338,634,static_lti,1.4227181858917148,1.2618811691679797,7.364695663834322e-09,5.836283038196242e-09,0.0005052107352454642,1.772352845401619,0.0001149499459152799,-6.40417367571618e-07,1.855334565416732e-05,0.8118213860189926,0.10566037735849057,1.0824321373553627,0.02534888167720286,0.11070694185107194,,,,,1.942678765349446,1.1308573793304535
shuffle_r2_ORIGINAL_p+6_Nd4001_dt1,p1,shuffle,2,ORIGINAL,6,4001,1.0,2.5350000000000003e-06,0.07321886766113006,23.85300684899994,338,634,static_mh,1.9179825992819362,1.8401363456424202,9.9784088766117e-09,5.4226464795618616e-09,0.0004972271643369446,1.7530439258088637,0.00012413975800735304,-9.000383620861228e-05,0.0006650669605709625,0.15071993899863953,0.1169811320754717,1.2643989617613207,0.031933040902819274,0.14999657578438705,,,,,1.942678765349446,1.7919588263508064
shuffle_r2_ORIGINAL_p+6_Nd4001_dt1,p1,shuffle,2,ORIGINAL,6,4001,1.0,2.5350000000000003e-06,0.07321886766113006,23.85300684899994,338,634,static_lti_mh,1.4472360102834434,1.283687791783644,7.510791001506248e-09,5.85094837668452e-09,0.000505725119628215,1.771902461778057,0.0001156473836881577,-9.057558619215614e-05,0.00035446528135688385,0.7888598556168362,0.10566037735849057,1.0359921838725275,0.025079934160018625,0.11290306356344396,,,,,1.942678765349446,1.1538189097326097
shuffle_r2_ORIGINAL_p+6_Nd4001_dt1,p1,shuffle,2,ORIGINAL,6,4001,1.0,2.5350000000000003e-06,0.07321886766113006,23.85300684899994,338,634,linear,0.03582775893688219,7.627864927189469e-05,5.074379511734498e-12,6.652424446645495e-08,0.0017345376079399217,1.2369354083834176,0.0002579741561782733,-1.9365156063198344e-07,2.763787044180158e-05,1.942678765349446,0.011320754716981131,0.09571225886863173,0.00024260376889799118,7.627864927189469e-05,,,,,1.942678765349446,0.0
shuffle_r2_BLOCK_SHUFFLED_CYCLES_p+6_Nd4001_dt1,p1,shuffle,2,BLOCK_SHUFFLED_CYCLES,6,4001,1.0,2.5350000000000003e-06,0.07321886766113006,25.94119378600044,338,634,atomic,1.1377069120677714,0.6972546597940124,3.4940266382026367e-09,5.011119809848048e-09,0.00043260795640267814,1.889978371765948,9.224781363298747e-05,8.515371210363932e-05,0.00042088594234115364,0.7195652719235868,0.15849056603773584,0.8483200420945453,0.018032905007782932,0.0514784426802998,0.5142851898364672,0.5191028545565991,0.5831429112000327,0.5240860704846028,1.959223296616428,1.2396580246928413
shuffle_r2_BLOCK_SHUFFLED_CYCLES_p+6_Nd4001_dt1,p1,shuffle,2,BLOCK_SHUFFLED_CYCLES,6,4001,1.0,2.5350000000000003e-06,0.07321886766113006,25.94119378600044,338,634,static,1.2985879492948131,1.2040164055926865,6.847514672914696e-09,5.687227051980204e-09,0.000506471273289458,1.752673086743683,0.00011199036089368056,-1.0549618549555407e-07,3.3470362320771495e-06,0.8109716777945608,0.06037735849056604,0.889755282675393,0.023887635184676636,0.10088629197557587,,,,,1.959223296616428,1.1482516188218672
shuffle_r2_BLOCK_SHUFFLED_CYCLES_p+6_Nd4001_dt1,p1,shuffle,2,BLOCK_SHUFFLED_CYCLES,6,4001,1.0,2.5350000000000003e-06,0.07321886766113006,25.94119378600044,338,634,static_lti,1.4250271367149216,1.259608868167518,7.3552854459230935e-09,5.839340792053632e-09,0.0005059037867681279,1.773611433363438,0.00011489859554229958,1.6169800965206584e-06,1.9874424960176894e-05,0.7780723835059499,0.07547169811320754,0.90840237585196,0.02513611239798061,0.10836741657469759,,,,,1.959223296616428,1.181150913110478
shuffle_r2_BLOCK_SHUFFLED_CYCLES_p+6_Nd4001_dt1,p1,shuffle,2,BLOCK_SHUFFLED_CYCLES,6,4001,1.0,2.5350000000000003e-06,0.07321886766113006,25.94119378600044,338,634,static_mh,1.9155838050360317,1.7756320925875975,9.807441439974714e-09,5.523352208442291e-09,0.0004973329569845944,1.747508831512083,0.0001238379092543283,-9.07606069458212e-05,0.0006645165285284705,0.419904614270461,0.06792452830188679,1.0414244132921502,0.026566658811382128,0.1444956963086711,,,,,1.959223296616428,1.539318682345967
shuffle_r2_BLOCK_SHUFFLED_CYCLES_p+6_Nd4001_dt1,p1,shuffle,2,BLOCK_SHUFFLED_CYCLES,6,4001,1.0,2.5350000000000003e-06,0.07321886766113006,25.94119378600044,338,634,static_lti_mh,1.4614731429799492,1.2935402650236096,7.532317702807585e-09,5.823025310054887e-09,0.0005051933880745347,1.7726410227071885,0.00011559568729870138,-8.912322411583996e-05,0.00034522798739844467,0.818223417776852,0.06792452830188679,0.9011337057340499,0.024011697642571037,0.11097568085893338,,,,,1.959223296616428,1.140999878839576
shuffle_r2_BLOCK_SHUFFLED_CYCLES_p+6_Nd4001_dt1,p1,shuffle,2,BLOCK_SHUFFLED_CYCLES,6,4001,1.0,2.5350000000000003e-06,0.07321886766113006,25.94119378600044,338,634,linear,0.03848128906549765,5.046964717788639e-05,3.4255560673304463e-12,6.78735885602025e-08,0.001753435165380159,1.2384761881497102,0.00026064810791206285,6.217598238004966e-07,3.0308535238754863e-05,1.959223296616428,0.0037735849056603774,0.10191104347871292,0.00019350416299313054,5.046964717788639e-05,,,,,1.959223296616428,0.0
dwell_r3_xi_0.05_p+3_Nd4001_dt1,p1,dwell,3,xi_0.05,3,4001,1.0,2.5350000000000003e-06,0.07321886766113006,25.42473231599979,1459,1459,0,127.08019191226867,137.08073,0.0,0.05,atomic,0.7440905304083956,0.296762703133414,2.8888034081183828e-09,9.734388377031594e-09,0.0008723970331158257,1.5485701002085481,0.00011248132868577682,1.5244188072651525e-05,0.00024162774268462922,0.8049842172784696,0.3132075471698113,0.775960389559218,0.006067779739536273,0.07711139787043315,0.560092869171964,0.5194178693078185,0.8283625920377756,0.5921406888296602,1.5914262049328247,0.7864419876543551
dwell_r3_xi_0.05_p+3_Nd4001_dt1,p1,dwell,3,xi_0.05,3,4001,1.0,2.5350000000000003e-06,0.07321886766113006,25.42473231599979,1459,1459,0,127.08019191226867,137.08073,0.0,0.05,static,0.10753488703533672,0.03857433124753855,4.248255450116962e-10,1.1013166820327043e-08,0.0010421021580137892,1.4158218243264298,0.00010718303208848006,3.13545007243583e-08,7.63890529800915e-06,1.9982660334898974,0.0,0.3342767499036882,0.0010757716681637447,0.011339951875873049,,,,,1.5914262049328247,-0.4068398285570727
dwell_r3_xi_0.05_p+3_Nd4001_dt1,p1,dwell,3,xi_0.05,3,4001,1.0,2.5350000000000003e-06,0.07321886766113006,25.42473231599979,1459,1459,0,127.08019191226867,137.08073,0.0,0.05,static_lti,0.1844864843209208,0.04477280348249884,5.239954823746811e-10,1.1703432477251616e-08,0.0010418773658040612,1.4686809671559393,0.00011080206785312168,-2.5047285049722418e-06,4.935877113783768e-05,1.9794959300779968,0.0,0.40068853745126226,0.0015276083892739889,0.01398711452989526,,,,,1.5914262049328247,-0.38806972514517213
dwell_r3_xi_0.05_p+3_Nd4001_dt1,p1,dwell,3,xi_0.05,3,4001,1.0,2.5350000000000003e-06,0.07321886766113006,25.42473231599979,1459,1459,0,127.08019191226867,137.08073,0.0,0.05,static_mh,1.8033786505153624,1.6193404051872868,1.8046710436666332e-08,1.1144482271211604e-08,0.0010464033971038112,1.4093523527201632,0.0001710566589989682,3.0229904498814126e-05,6.651262854963179e-05,0.5550904053975443,0.3660377358490566,1.263642027832698,0.018895062816721098,0.4817243931599682,,,,,1.5914262049328247,1.0363357995352804
dwell_r3_xi_0.05_p+3_Nd4001_dt1,p1,dwell,3,xi_0.05,3,4001,1.0,2.5350000000000003e-06,0.07321886766113006,25.42473231599979,1459,1459,0,127.08019191226867,137.08073,0.0,0.05,static_lti_mh,0.21533247034649874,0.07227404887163982,8.44943997839086e-10,1.1690835244884698e-08,0.001041459099494554,1.4685752725802856,0.00011218308070447435,2.7731158932458675e-05,5.400139560203045e-05,1.9543408715333062,0.0,0.43329783132523747,0.0019446765467155405,0.022554256413745595,,,,,1.5914262049328247,-0.36291466660048144
dwell_r3_xi_0.05_p+3_Nd4001_dt1,p1,dwell,3,xi_0.05,3,4001,1.0,2.5350000000000003e-06,0.07321886766113006,25.42473231599979,1459,1459,0,127.08019191226867,137.08073,0.0,0.05,linear,0.17878850115735298,0.009693617499467795,3.6314936627800056e-10,3.7462729089314534e-08,0.0018369217976758679,1.2961395913871807,0.00019479462072685946,-5.440818299295991e-06,0.00019248963741089217,1.5914262049328247,0.1471698113207547,0.38046357180746343,0.0016674731899596663,0.009693617499467795,,,,,1.5914262049328247,0.0
dwell_r3_xi_0.1_p+3_Nd4001_dt1,p1,dwell,3,xi_0.1,3,4001,1.0,2.5350000000000003e-06,0.07321886766113006,24.801363812999625,1459,731,728,253.6388508891929,254.40724,0.0364,0.1,atomic,0.5893024598243949,0.27526445060696597,2.1496747416481587e-09,7.809489154549614e-09,0.0007869609805911423,1.576286768999031,9.986505635646487e-05,-1.173130286546736e-05,0.00021503765554258696,0.9658431425971018,0.24150943396226415,0.7345890668037272,0.0067439011766079774,0.0592205205204065,0.5039498476954066,0.47678444006494886,0.7396364699708319,0.5197737728858624,1.7680596669946933,0.8022165243975915
dwell_r3_xi_0.1_p+3_Nd4001_dt1,p1,dwell,3,xi_0.1,3,4001,1.0,2.5350000000000003e-06,0.07321886766113006,24.801363812999625,1459,731,728,253.6388508891929,254.40724,0.0364,0.1,static,0.1483091865754726,0.07571235311225141,8.122469199608771e-10,1.0728063342010211e-08,0.0009966079802805113,1.4348417202766672,0.00010763012197771283,-6.899211955401178e-08,5.389237761168588e-06,1.9958451843799345,0.0,0.4039749337179776,0.0015459847218834053,0.022376262073163903,,,,,1.7680596669946933,-0.22778551738524122
dwell_r3_xi_0.1_p+3_Nd4001_dt1,p1,dwell,3,xi_0.1,3,4001,1.0,2.5350000000000003e-06,0.07321886766113006,24.801363812999625,1459,731,728,253.6388508891929,254.40724,0.0364,0.1,static_lti,0.21100668257427332,0.0830277241491581,9.288293262101582e-10,1.1186978033283555e-08,0.0009943698493749542,1.4744742804644773,0.0001102666718189827,-3.50134466912345e-06,3.838446296125867e-05,1.9834091549378468,0.0,0.43532439565134334,0.0018463165176647925,0.025587943658216417,,,,,1.7680596669946933,-0.21534948794315345
dwell_r3_xi_0.1_p+3_Nd4001_dt1,p1,dwell,3,xi_0.1,3,4001,1.0,2.5350000000000003e-06,0.07321886766113006,24.801363812999625,1459,731,728,253.6388508891929,254.40724,0.0364,0.1,static_mh,0.860776045012846,0.7371089282133111,7.943444916253209e-09,1.0776487181490854e-08,0.0009971261796847097,1.4234653059596645,0.00013701013433885798,3.018038122878066e-05,0.00013369011491347983,1.0499773380038602,0.2037735849056604,1.0050650667444472,0.011317703758464252,0.2188307531143172,,,,,1.7680596669946933,0.7180823289908331
dwell_r3_xi_0.1_p+3_Nd4001_dt1,p1,dwell,3,xi_0.1,3,4001,1.0,2.5350000000000003e-06,0.07321886766113006,24.801363812999625,1459,731,728,253.6388508891929,254.40724,0.0364,0.1,static_lti_mh,0.22795149113629706,0.09861762352121514,1.1022707934917492e-09,1.1177219183897925e-08,0.000994133243299838,1.4748043044536754,0.00011100581452814717,2.676585083440232e-05,6.19063752846611e-05,1.9666689242701867,0.0,0.45861611710202416,0.0021524329033363243,0.03036601253219121,,,,,1.7680596669946933,-0.1986092572754934
dwell_r3_xi_0.1_p+3_Nd4001_dt1,p1,dwell,3,xi_0.1,3,4001,1.0,2.5350000000000003e-06,0.07321886766113006,24.801363812999625,1459,731,728,253.6388508891929,254.40724,0.0364,0.1,linear,0.11816365224683999,0.010118603634528716,3.673001598559122e-10,3.6299490831179254e-08,0.0018002333532498758,1.2722878723487656,0.00019168478715216812,-1.5312466860257818e-05,0.00014322290212901266,1.7680596669946933,0.08679245283018867,0.32357576349418465,0.0012127860478449578,0.010118603634528716,,,,,1.7680596669946933,0.0
dwell_r3_xi_0.25_p+3_Nd4001_dt1,p1,dwell,3,xi_0.25,3,4001,1.0,2.5350000000000003e-06,0.07321886766113006,23.634716110000227,1459,293,1166,632.7986348122867,605.90671,0.0583,0.25,atomic,0.5880197208882808,0.31644290864413366,1.685777745322876e-09,5.3272729433121005e-09,0.0006545907924315481,1.6638239105851589,8.377468605771502e-05,4.971136197799035e-05,0.00025959983344167495,1.2552074895114533,0.13584905660377358,0.6554841363016649,0.004994656644133759,0.050223666612049384,0.4472797700381971,0.42758356440284323,0.5797267638843405,0.444989529434284,1.9736462819581713,0.7184387924467179
dwell_r3_xi_0.25_p+3_Nd4001_dt1,p1,dwell,3,xi_0.25,3,4001,1.0,2.5350000000000003e-06,0.07321886766113006,23.634716110000227,1459,293,1166,632.7986348122867,605.90671,0.0583,0.25,static,0.15875012550567594,0.12525316002159032,1.2896504406861501e-09,1.0296350530907553e-08,0.0009849546438273904,1.4399987402471717,0.00010784130375764619,-1.188424500816374e-07,4.012383731198069e-06,1.995200878879741,0.0,0.41302222578213904,0.001780464261432598,0.03842201260445411,,,,,1.9736462819581713,-0.021554596921569802
dwell_r3_xi_0.25_p+3_Nd4001_dt1,p1,dwell,3,xi_0.25,3,4001,1.0,2.5350000000000003e-06,0.07321886766113006,23.634716110000227,1459,293,1166,632.7986348122867,605.90671,0.0583,0.25,static_lti,0.2056820866613776,0.1335750561901872,1.4048758736432711e-09,1.051750164823421e-08,0.0009795111398384854,1.4648465855859605,0.0001093891270886953,-6.741719897872949e-07,2.5753168077935832e-05,1.9937527768229457,0.0,0.41657378344316337,0.0017884350291207584,0.041854875415772756,,,,,1.9736462819581713,-0.02010649486477445
dwell_r3_xi_0.25_p+3_Nd4001_dt1,p1,dwell,3,xi_0.25,3,4001,1.0,2.5350000000000003e-06,0.07321886766113006,23.634716110000227,1459,293,1166,632.7986348122867,605.90671,0.0583,0.25,static_mh,0.43684409968134696,0.39787683037066346,4.069270770868131e-09,1.0227463527034696e-08,0.000982557437641482,1.4341282024970978,0.0001197722799043857,3.065391649863426e-05,0.00021167038718499447,1.6678568077886822,0.045283018867924525,0.5769984092644724,0.004544619862451735,0.12123407081227937,,,,,1.9736462819581713,0.3057894741694891
dwell_r3_xi_0.25_p+3_Nd4001_dt1,p1,dwell,3,xi_0.25,3,4001,1.0,2.5350000000000003e-06,0.07321886766113006,23.634716110000227,1459,293,1166,632.7986348122867,605.90671,0.0583,0.25,static_lti_mh,0.2104524576191681,0.13867905465918884,1.4578654010254666e-09,1.0512513260263047e-08,0.0009795450742040954,1.4650879314573404,0.00010960868041386618,3.015289124562059e-05,8.311691197617312e-05,1.9926733974841142,0.0,0.42261407216969743,0.0018623808792584274,0.04343357009516166,,,,,1.9736462819581713,-0.01902711552594294
dwell_r3_xi_0.25_p+3_Nd4001_dt1,p1,dwell,3,xi_0.25,3,4001,1.0,2.5350000000000003e-06,0.07321886766113006,23.634716110000227,1459,293,1166,632.7986348122867,605.90671,0.0583,0.25,linear,0.07032508070313423,0.008000113101733607,2.68527041865416e-10,3.356540569498033e-08,0.0017513088349229951,1.2477701115712792,0.00018416905051940344,-6.597087084514311e-06,8.432286176145179e-05,1.9736462819581713,0.007547169811320755,0.17731520184823887,0.00044396096970910145,0.008000113101733607,,,,,1.9736462819581713,0.0
dwell_r3_xi_0.5_p+3_Nd4001_dt1,p1,dwell,3,xi_0.5,3,4001,1.0,2.5350000000000003e-06,0.07321886766113006,28.94675527400068,1459,146,1313,1269.9315068493152,1196.56055,0.06565,0.5,atomic,0.666988196688637,0.4103809733143182,2.18643150552358e-09,5.327809152226344e-09,0.0006618677444675562,1.65778156127796,8.686402086555775e-05,7.449286144512658e-05,0.00029881161086110547,1.1871189064571503,0.1320754716981132,0.7198934401518523,0.005550976813675478,0.0663594714450675,0.41119391566954233,0.38579101567093327,0.4867493439239654,0.3935269840448194,1.99694728661477,0.8098283801576196
dwell_r3_xi_0.5_p+3_Nd4001_dt1,p1,dwell,3,xi_0.5,3,4001,1.0,2.5350000000000003e-06,0.07321886766113006,28.94675527400068,1459,146,1313,1269.9315068493152,1196.56055,0.06565,0.5,static,0.1639847152318715,0.15291028988963,1.5318766011535532e-09,1.001813940879489e-08,0.0009820024773215098,1.4396961423071464,0.00010773105769054347,6.7618605170615305e-09,3.597923423912275e-06,1.9967443937934903,0.0,0.394711407142249,0.0017638115443604132,0.046493348323424055,,,,,1.99694728661477,0.00020289282127960995
dwell_r3_xi_0.5_p+3_Nd4001_dt1,p1,dwell,3,xi_0.5,3,4001,1.0,2.5350000000000003e-06,0.07321886766113006,28.94675527400068,1459,146,1313,1269.9315068493152,1196.56055,0.06565,0.5,static_lti,0.20248776094326945,0.1566336212569767,1.6099083942864275e-09,1.0278178984607494e-08,0.00098019072993499,1.460897528683297,0.00010929348273382686,-3.8111075753010536e-06,2.1851021893455044e-05,1.995485102753097,0.0,0.3985813975371608,0.0017889441686181936,0.04886165875763013,,,,,1.99694728661477,0.00146218386167285
dwell_r3_xi_0.5_p+3_Nd4001_dt1,p1,dwell,3,xi_0.5,3,4001,1.0,2.5350000000000003e-06,0.07321886766113006,28.94675527400068,1459,146,1313,1269.9315068493152,1196.56055,0.06565,0.5,static_mh,0.3055429688039231,0.2933634240564526,2.9612534278836643e-09,1.0094146662652204e-08,0.0009858127634410178,1.4340498329097608,0.00011451023357680818,2.94216669967434e-05,0.00022398551746533981,1.8406217416855595,0.03018867924528302,0.5370211493162514,0.0028701190097724493,0.08987576870934134,,,,,1.99694728661477,0.15632554492921047
dwell_r3_xi_0.5_p+3_Nd4001_dt1,p1,dwell,3,xi_0.5,3,4001,1.0,2.5350000000000003e-06,0.07321886766113006,28.94675527400068,1459,146,1313,1269.9315068493152,1196.56055,0.06565,0.5,static_lti_mh,0.2054911224594178,0.15928630834242033,1.6365778495452398e-09,1.0274441454359418e-08,0.0009799126970933265,1.4609571433369855,0.00010939896875360679,2.58386766296001e-05,0.00010365242183367336,1.9945534298278556,0.0,0.4050337016318151,0.0018534120738578162,0.04967109227989309,,,,,1.99694728661477,0.0023938567869143945
dwell_r3_xi_0.5_p+3_Nd4001_dt1,p1,dwell,3,xi_0.5,3,4001,1.0,2.5350000000000003e-06,0.07321886766113006,28.94675527400068,1459,146,1313,1269.9315068493152,1196.56055,0.06565,0.5,linear,0.05271733841295068,0.005667888307474369,1.867472614743349e-10,3.294829596907673e-08,0.001748971819161555,1.241647021383658,0.00018244432099662907,-1.0153952323171393e-05,6.752528229933213e-05,1.99694728661477,0.0,0.160983283797396,0.0002044949234611563,0.005667888307474369,,,,,1.99694728661477,0.0
dwell_r3_xi_1_p+3_Nd4001_dt1,p1,dwell,3,xi_1,3,4001,1.0,2.5350000000000003e-06,0.07321886766113006,26.031323784998676,1459,73,1386,2539.8630136986303,2373.85055,0.0693,1,atomic,0.7793438610527565,0.5358221730476973,2.87233943491951e-09,5.360620704779649e-09,0.0006661295910114243,1.6361681063893607,9.080933819075478e-05,8.278340589640299e-05,0.00031767627841595124,1.2795891177199608,0.0830188679245283,0.7042780244176016,0.006120632095814131,0.08725982717518674,0.38393570671854477,0.3568352815952228,0.42620698412297753,0.3600675106017192,1.9656978382497605,0.6861087205297998
dwell_r3_xi_1_p+3_Nd4001_dt1,p1,dwell,3,xi_1,3,4001,1.0,2.5350000000000003e-06,0.07321886766113006,26.031323784998676,1459,73,1386,2539.8630136986303,2373.85055,0.0693,1,static,0.1655169539685658,0.16127750327023183,1.6081504118329793e-09,9.971325071534682e-09,0.0009761033614059634,1.4425621687460923,0.0001078324972581244,4.958045067360057e-08,3.2968094963408254e-06,1.9954277054311904,0.0,0.4132638419394439,0.0018600021239359543,0.04885457662220324,,,,,1.9656978382497605,-0.029729867181429892
dwell_r3_xi_1_p+3_Nd4001_dt1,p1,dwell,3,xi_1,3,4001,1.0,2.5350000000000003e-06,0.07321886766113006,26.031323784998676,1459,73,1386,2539.8630136986303,2373.85055,0.0693,1,static_lti,0.20320921984340126,0.16234656735131908,1.661848591775187e-09,1.0236425807383627e-08,0.0009738275951000186,1.4611423320608312,0.0001093061068385574,-2.5137922220476654e-06,2.201732302696905e-05,1.9937103272084435,0.0,0.4150990740954932,0.001880702222922158,0.05048589283936558,,,,,1.9656978382497605,-0.028012488958683024
dwell_r3_xi_1_p+3_Nd4001_dt1,p1,dwell,3,xi_1,3,4001,1.0,2.5350000000000003e-06,0.07321886766113006,26.031323784998676,1459,73,1386,2539.8630136986303,2373.85055,0.0693,1,static_mh,0.2472003451560331,0.2428318688174517,2.4327998271421758e-09,1.0018453669155869e-08,0.0009784735459757745,1.4419457966501579,0.00011178815416332944,3.1273079619735186e-05,0.00023205883528292862,1.880064535013231,0.018867924528301886,0.5006323086439685,0.002673717402673705,0.07390689620016973,,,,,1.9656978382497605,0.08563330323652951
dwell_r3_xi_1_p+3_Nd4001_dt1,p1,dwell,3,xi_1,3,4001,1.0,2.5350000000000003e-06,0.07321886766113006,26.031323784998676,1459,73,1386,2539.8630136986303,2373.85055,0.0693,1,static_lti_mh,0.2049789263833893,0.1643802224695323,1.6823903305158634e-09,1.023474907893918e-08,0.0009738833619219214,1.4609653449560094,0.0001093930072212244,2.8514596224611036e-05,0.00013170209519022677,1.9928503815850138,0.0,0.41553662523313345,0.0019230047152797415,0.051109937668677156,,,,,1.9656978382497605,-0.0271525433352533
dwell_r3_xi_1_p+3_Nd4001_dt1,p1,dwell,3,xi_1,3,4001,1.0,2.5350000000000003e-06,0.07321886766113006,26.031323784998676,1459,73,1386,2539.8630136986303,2373.85055,0.0693,1,linear,0.0460123700130901,0.004535975225499067,1.493110969594469e-10,3.291708828568813e-08,0.0017411480686697852,1.2387924529854595,0.00018212347490606054,-3.6214841323461074e-06,6.130255256988495e-05,1.9656978382497605,0.0037735849056603774,0.12178792533899496,0.00016292218423837767,0.004535975225499067,,,,,1.9656978382497605,0.0
dwell_r3_xi_2_p+3_Nd4001_dt1,p1,dwell,3,xi_2,3,4001,1.0,2.5350000000000003e-06,0.07321886766113006,24.27936445799969,1459,37,1422,5011.081081081081,4664.79323,0.0711,2,atomic,0.9152102094016092,0.6430995892569139,3.2739475483868256e-09,5.090887326129058e-09,0.0006461131697228507,1.6241857266851287,9.161500248294572e-05,4.722095857179474e-05,0.0003138380437409651,1.3160826056306374,0.06792452830188679,0.8108466608145579,0.008525681864047431,0.09992272351100594,0.35988944241037546,0.33172296458213074,0.3902570737713496,0.3329970879923246,1.9999999464132414,0.683917340782604
dwell_r3_xi_2_p+3_Nd4001_dt1,p1,dwell,3,xi_2,3,4001,1.0,2.5350000000000003e-06,0.07321886766113006,24.27936445799969,1459,37,1422,5011.081081081081,4664.79323,0.0711,2,static,0.16550064883908702,0.1624915075339282,1.6221397374066122e-09,9.98292010471938e-09,0.0009755635460619915,1.4428520143255872,0.00010790087748973228,-3.492330456341694e-08,3.1839594118091305e-06,1.9964046404687472,0.0,0.40571265852599253,0.0018080956214612724,0.049508618596215054,,,,,1.9999999464132414,0.003595305944494198
dwell_r3_xi_2_p+3_Nd4001_dt1,p1,dwell,3,xi_2,3,4001,1.0,2.5350000000000003e-06,0.07321886766113006,24.27936445799969,1459,37,1422,5011.081081081081,4664.79323,0.0711,2,static_lti,0.20243940138782807,0.1614561329644888,1.6527107771803486e-09,1.0236283669347212e-08,0.0009721406288504171,1.4615571579589208,0.00010920731688184699,-2.496371173241353e-06,2.0389739704449078e-05,1.9953181451577793,0.0,0.4022419165293077,0.0018260699041143752,0.05044166395189285,,,,,1.9999999464132414,0.004681801255462137
dwell_r3_xi_2_p+3_Nd4001_dt1,p1,dwell,3,xi_2,3,4001,1.0,2.5350000000000003e-06,0.07321886766113006,24.27936445799969,1459,37,1422,5011.081081081081,4664.79323,0.0711,2,static_mh,0.22003362680193897,0.21661489094279296,2.1565246829102386e-09,9.95556987575599e-09,0.0009741186477094208,1.438929140132033,0.00011021039220878168,3.120992491903624e-05,0.0002350918495277638,1.9321663148571202,0.0037735849056603774,0.4473238202490178,0.002173727089179426,0.06581834817154478,,,,,1.9999999464132414,0.06783363155612121
dwell_r3_xi_2_p+3_Nd4001_dt1,p1,dwell,3,xi_2,3,4001,1.0,2.5350000000000003e-06,0.07321886766113006,24.27936445799969,1459,37,1422,5011.081081081081,4664.79323,0.0711,2,static_lti_mh,0.20393656029468282,0.16283061723795403,1.666308420392858e-09,1.02333851499057e-08,0.0009719730398288098,1.4617199884629337,0.00010925686121169473,2.8742736508128848e-05,0.00016913400051544477,1.9950659302121991,0.0,0.4008383160754495,0.001847860910235727,0.050856671682787735,,,,,1.9999999464132414,0.0049340162010422794
dwell_r3_xi_2_p+3_Nd4001_dt1,p1,dwell,3,xi_2,3,4001,1.0,2.5350000000000003e-06,0.07321886766113006,24.27936445799969,1459,37,1422,5011.081081081081,4664.79323,0.0711,2,linear,0.04306842130331683,0.0040560543314079565,1.3289578854377605e-10,3.276479496704489e-08,0.0017362587185076454,1.2382066199492063,0.00018143821679980174,-7.05994200933575e-06,5.1887915494785734e-05,1.9999999464132414,0.0,0.09734633451525176,9.944461427537746e-05,0.0040560543314079565,,,,,1.9999999464132414,0.0
dwell_r3_xi_4_p+3_Nd4001_dt1,p1,dwell,3,xi_4,3,4001,1.0,2.5350000000000003e-06,0.07321886766113006,23.846981205000702,1459,18,1441,10300.555555555555,9568.40055,0.07205,4,atomic,0.9454082541644384,0.6642218522904276,3.2875868298503684e-09,4.949531272591868e-09,0.0006361885870258401,1.603151240652357,9.088742042771925e-05,4.078792219654278e-05,0.000289150231793759,1.3955277603840357,0.06415094339622641,0.8660480463453071,0.008212959015531271,0.10100143927843004,0.29948152480767454,0.26648263668365296,0.3168702619406915,0.2666027070335714,2.0,0.6044722396159643
dwell_r3_xi_4_p+3_Nd4001_dt1,p1,dwell,3,xi_4,3,4001,1.0,2.5350000000000003e-06,0.07321886766113006,23.846981205000702,1459,18,1441,10300.555555555555,9568.40055,0.07205,4,static,0.16703294208395003,0.1663581061743037,1.6530937667427341e-09,9.936959519187394e-09,0.000974327057339276,1.4431814483809986,0.00010785854352434266,-2.0791404430529652e-08,3.045652413962115e-06,1.9946022474920366,0.0,0.4179050170239432,0.001922115929309097,0.05078644560418096,,,,,2.0,0.0053977525079633715
dwell_r3_xi_4_p+3_Nd4001_dt1,p1,dwell,3,xi_4,3,4001,1.0,2.5350000000000003e-06,0.07321886766113006,23.846981205000702,1459,18,1441,10300.555555555555,9568.40055,0.07205,4,static_lti,0.20353628795645473,0.16428673870652286,1.6766187381537746e-09,1.0205441725572497e-08,0.0009714487388712252,1.460353773448491,0.00010920710220002591,-1.1916704616170667e-06,2.0228918898998278e-05,1.9937486134962494,0.0,0.41941300266355686,0.0019241825588461787,0.0515091811833374,,,,,2.0,0.006251386503750567
dwell_r3_xi_4_p+3_Nd4001_dt1,p1,dwell,3,xi_4,3,4001,1.0,2.5350000000000003e-06,0.07321886766113006,23.846981205000702,1459,18,1441,10300.555555555555,9568.40055,0.07205,4,static_mh,0.20353273924238016,0.20257709070716554,2.0096544608222266e-09,9.920442898092925e-09,0.0009734118838710567,1.443531716233988,0.00010942897864913288,3.122833824906972e-05,0.00023665778537125263,1.9819634455714803,0.0,0.4569395578871457,0.002264008535972807,0.06174072458022365,,,,,2.0,0.018036554428519702
dwell_r3_xi_4_p+3_Nd4001_dt1,p1,dwell,3,xi_4,3,4001,1.0,2.5350000000000003e-06,0.07321886766113006,23.846981205000702,1459,18,1441,10300.555555555555,9568.40055,0.07205,4,static_lti_mh,0.20550614302381334,0.1662797570924375,1.6968744119264596e-09,1.0204936798068213e-08,0.0009714611092826703,1.460403672116257,0.00010929583142865879,3.005080774085027e-05,0.00020154566539756842,1.993309163571121,0.0,0.4215376047321105,0.001942992430473351,0.05213147720485074,,,,,2.0,0.00669083642887891
dwell_r3_xi_4_p+3_Nd4001_dt1,p1,dwell,3,xi_4,3,4001,1.0,2.5350000000000003e-06,0.07321886766113006,23.846981205000702,1459,18,1441,10300.555555555555,9568.40055,0.07205,4,linear,0.038075776002640095,0.003624790582521781,1.1798657390627123e-10,3.254990080673502e-08,0.0017344013422492595,1.2360332948189219,0.00018095555029864317,-2.14195648994159e-06,4.756786684292263e-05,2.0,0.0,0.08949904976468302,0.00010594909417845372,0.003624790582521781,,,,,2.0,0.0
dwell_r3_xi_0.05_p+0_Nd4001_dt1,p1,dwell,3,xi_0.05,0,4001,1.0,2.5350000000000003e-06,0.07321886766113006,23.795370697998806,1459,1459,0,127.08019191226867,137.08073,0.0,0.05,atomic,0.42442556280080823,0.16241311190123178,1.412646234483549e-09,8.697858306801121e-09,0.0012203394094637667,1.4285805923421466,0.00010070790623467591,-7.62893285836094e-05,0.00017832174531124954,1.1289322615593465,0.24150943396226415,0.5778695899070606,0.0016735453561960393,0.07523743903782132,0.3451507480694877,0.20913779308889602,0.42952571856474486,0.2236038805920854,1.5903970869174164,0.46146482535807
dwell_r3_xi_0.05_p+0_Nd4001_dt1,p1,dwell,3,xi_0.05,0,4001,1.0,2.5350000000000003e-06,0.07321886766113006,23.795370697998806,1459,1459,0,127.08019191226867,137.08073,0.0,0.05,static,0.024963583149109562,0.011955811727835351,1.0880831995223662e-10,9.10087264914942e-09,0.0013730367995575877,1.354412897554009,9.617543164327358e-05,1.2352824860747431e-07,1.2732945313873294e-05,1.9999984084845193,0.0,0.1676841361751198,0.0001344656781709856,0.005795123463594591,,,,,1.5903970869174164,-0.4096013215671028
dwell_r3_xi_0.05_p+0_Nd4001_dt1,p1,dwell,3,xi_0.05,0,4001,1.0,2.5350000000000003e-06,0.07321886766113006,23.795370697998806,1459,1459,0,127.08019191226867,137.08073,0.0,0.05,static_lti,0.13785341506139753,0.013920046682357348,1.4722851113317765e-10,1.057672538697583e-08,0.0014062042695361676,1.4269646339465774,0.00010374483546277341,-3.0249378583071227e-06,7.91458986118116e-05,1.8713908129332708,0.04150943396226415,0.33429598532318616,0.0005897040159667738,0.007841380142184953,,,,,1.5903970869174164,-0.2809937260158544
dwell_r3_xi_0.05_p+0_Nd4001_dt1,p1,dwell,3,xi_0.05,0,4001,1.0,2.5350000000000003e-06,0.07321886766113006,23.795370697998806,1459,1459,0,127.08019191226867,137.08073,0.0,0.05,static_mh,0.1316781847965655,0.11696127413049909,1.0674600778820484e-09,9.126611229380367e-09,0.0013747586571854363,1.3523975524308094,0.00010117997646416076,-3.640973528773836e-05,1.9374650516236247e-05,1.9647696138662571,0.0,0.3505813391861583,0.0007164427590893049,0.056852848628673354,,,,,1.5903970869174164,-0.3743725269488407
dwell_r3_xi_0.05_p+0_Nd4001_dt1,p1,dwell,3,xi_0.05,0,4001,1.0,2.5350000000000003e-06,0.07321886766113006,23.795370697998806,1459,1459,0,127.08019191226867,137.08073,0.0,0.05,static_lti_mh,0.14099890197948545,0.01674254999789515,1.7705917783448518e-10,1.0575400871237942e-08,0.0014061297837070692,1.4266798947465222,0.00010387867708915091,-3.954993936739885e-05,7.914554341181102e-05,1.8600457592655604,0.04905660377358491,0.33849852058129376,0.0006283300827819814,0.009430159351452246,,,,,1.5903970869174164,-0.26964867234814394
dwell_r3_xi_0.05_p+0_Nd4001_dt1,p1,dwell,3,xi_0.05,0,4001,1.0,2.5350000000000003e-06,0.07321886766113006,23.795370697998806,1459,1459,0,127.08019191226867,137.08073,0.0,0.05,linear,0.17878850115745032,0.00969361749946854,1.8200582627838206e-10,1.8775841556401485e-08,0.0018369217976760153,1.2961395913871583,0.00013790403056428727,-3.851804378589828e-06,0.00013627222734267436,1.5903970869174164,0.1471698113207547,0.38148610912210357,0.0008398760398278845,0.00969361749946854,,,,,1.5903970869174164,0.0
dwell_r3_xi_0.1_p+0_Nd4001_dt1,p1,dwell,3,xi_0.1,0,4001,1.0,2.5350000000000003e-06,0.07321886766113006,25.57993742399958,1459,731,728,253.6388508891929,254.40724,0.0364,0.1,atomic,0.29265207805719473,0.14001950953608663,1.1312945670292847e-09,8.079549562610922e-09,0.001185369994644095,1.4229152160990117,9.606716357889358e-05,-0.00013083028610719639,0.00016049605733350715,1.4667583882881428,0.13962264150943396,0.5045366342289462,0.0014691065159908962,0.06218350078849443,0.26544566638672157,0.17360131028311787,0.31715898683590515,0.18130761016203673,1.7678508491036922,0.3010924608155494
dwell_r3_xi_0.1_p+0_Nd4001_dt1,p1,dwell,3,xi_0.1,0,4001,1.0,2.5350000000000003e-06,0.07321886766113006,25.57993742399958,1459,731,728,253.6388508891929,254.40724,0.0364,0.1,static,0.029488966893470313,0.016997160527110297,1.5861734398425517e-10,9.33199070110929e-09,0.0013482834638530357,1.3666916741902406,9.757523427289053e-05,4.0554264427426614e-08,8.236352600384075e-06,1.9999985590454403,0.0,0.18616181771918017,0.00016676125442708088,0.00871866799521057,,,,,1.7678508491036922,-0.23214770994174816
dwell_r3_xi_0.1_p+0_Nd4001_dt1,p1,dwell,3,xi_0.1,0,4001,1.0,2.5350000000000003e-06,0.07321886766113006,25.57993742399958,1459,731,728,253.6388508891929,254.40724,0.0364,0.1,static_lti,0.11039412915916424,0.021127429807214156,2.1714041738404738e-10,1.0277654185361572e-08,0.0013651910445868407,1.4176531944768826,0.00010258269867377334,-6.338277711767276e-06,5.9722823815826945e-05,1.947910735940861,0.007547169811320755,0.30263178369814553,0.000516926006859012,0.01193548675043305,,,,,1.7678508491036922,-0.18005988683716878
dwell_r3_xi_0.1_p+0_Nd4001_dt1,p1,dwell,3,xi_0.1,0,4001,1.0,2.5350000000000003e-06,0.07321886766113006,25.57993742399958,1459,731,728,253.6388508891929,254.40724,0.0364,0.1,static_mh,0.07263374950662398,0.05924099249470197,5.536066463230164e-10,9.344992766158104e-09,0.001348982088756658,1.3636250927677334,9.965263641984735e-05,-3.650015360794226e-05,3.2009595488472414e-05,1.9934828047270114,0.0,0.2845205414837724,0.00044854022574758863,0.03042991660301319,,,,,1.7678508491036922,-0.22563195562331928
dwell_r3_xi_0.1_p+0_Nd4001_dt1,p1,dwell,3,xi_0.1,0,4001,1.0,2.5350000000000003e-06,0.07321886766113006,25.57993742399958,1459,731,728,253.6388508891929,254.40724,0.0364,0.1,static_lti_mh,0.11197345197001232,0.022680927026364473,2.332134018262736e-10,1.028235757538414e-08,0.0013655709133510224,1.4174756032710485,0.00010268392177188897,-4.287492187340114e-05,6.086535548600415e-05,1.9427214862607636,0.01509433962264151,0.3056219420539368,0.0005365536159596149,0.01281896526245419,,,,,1.7678508491036922,-0.1748706371570714
dwell_r3_xi_0.1_p+0_Nd4001_dt1,p1,dwell,3,xi_0.1,0,4001,1.0,2.5350000000000003e-06,0.07321886766113006,25.57993742399958,1459,731,728,253.6388508891929,254.40724,0.0364,0.1,linear,0.11816365224692757,0.010118603634529742,1.8408615102905698e-10,1.8192841391757147e-08,0.0018002333532502353,1.2722878723487554,0.0001357024369949481,-1.0840396362242325e-05,0.00010139404978949649,1.7678508491036922,0.09056603773584905,0.32428690415517986,0.0006135813642264504,0.010118603634529742,,,,,1.7678508491036922,0.0
dwell_r3_xi_4_p+0_Nd4001_dt1,p1,dwell,3,xi_4,0,4001,1.0,2.5350000000000003e-06,0.07321886766113006,24.184608943000057,1459,18,1441,10300.555555555555,9568.40055,0.07205,4,atomic,0.4468207638512096,0.33787053461980804,1.6485392637658981e-09,4.879203999309772e-09,0.0009276363761226797,1.467944581456483,8.088645067178739e-05,-4.795954503862033e-05,0.00011442615192379682,1.6700466980241804,0.03018867924528302,0.6117355155523153,0.0019600654605458957,0.10105309651383168,0.24206759688955726,0.20047441139058858,0.24214466110053454,0.20036678076942674,2.0,0.3299533019758196
dwell_r3_xi_4_p+0_Nd4001_dt1,p1,dwell,3,xi_4,0,4001,1.0,2.5350000000000003e-06,0.07321886766113006,24.184608943000057,1459,18,1441,10300.555555555555,9568.40055,0.07205,4,static,0.030717572392499927,0.030615383341347016,2.868996695154597e-10,9.371095122888528e-09,0.0013368332772959223,1.3715488378866498,9.841973818729733e-05,-3.8699811953757635e-08,3.426318659189515e-06,1.9999999965396456,0.0,0.1834251819228797,0.00019262490311399008,0.017586538962440633,,,,,2.0,3.460354447426539e-09
dwell_r3_xi_4_p+0_Nd4001_dt1,p1,dwell,3,xi_4,0,4001,1.0,2.5350000000000003e-06,0.07321886766113006,24.184608943000057,1459,18,1441,10300.555555555555,9568.40055,0.07205,4,static_lti,0.06772691865706898,0.03264359039318554,3.1068424332115024e-10,9.51746543744179e-09,0.0013249802034079393,1.3900288252678918,9.928352881280976e-05,-1.0264320810585654e-06,2.2981137025530895e-05,1.9999997709335997,0.0,0.19959869450815862,0.00022256553006093035,0.01904449928231574,,,,,2.0,2.2906640029241032e-07
dwell_r3_xi_4_p+0_Nd4001_dt1,p1,dwell,3,xi_4,0,4001,1.0,2.5350000000000003e-06,0.07321886766113006,24.184608943000057,1459,18,1441,10300.555555555555,9568.40055,0.07205,4,static_mh,0.03184046697943249,0.03173314161813129,2.973026615587991e-10,9.368837952966182e-09,0.0013366690142768633,1.371752357818552,9.845957926595953e-05,-3.6335705939296416e-05,5.584548777609787e-05,1.9999999942027071,0.0,0.18562728904914366,0.00019782762667533405,0.018224227479841627,,,,,2.0,5.797292867981696e-09
dwell_r3_xi_4_p+0_Nd4001_dt1,p1,dwell,3,xi_4,0,4001,1.0,2.5350000000000003e-06,0.07321886766113006,24.184608943000057,1459,18,1441,10300.555555555555,9568.40055,0.07205,4,static_lti_mh,0.068053023239168,0.03298728934134095,3.139609799809222e-10,9.517635011842398e-09,0.0013250101634455936,1.3900659505630983,9.929992079830429e-05,-3.7323653117305784e-05,5.293303603062949e-05,1.9999997771181164,0.0,0.200090566784337,0.0002228224762826351,0.01924535854797492,,,,,2.0,2.2288188361585526e-07
dwell_r3_xi_4_p+0_Nd4001_dt1,p1,dwell,3,xi_4,0,4001,1.0,2.5350000000000003e-06,0.07321886766113006,24.184608943000057,1459,18,1441,10300.555555555555,9568.40055,0.07205,4,linear,0.0380757760026479,0.0036247905825218772,5.913336458124529e-11,1.6313594740169626e-08,0.0017344013422497181,1.2360332948189277,0.00012810671899483617,-1.5163890673885957e-06,3.3675470803592576e-05,2.0,0.0,0.09489349017509688,5.7291900370411234e-05,0.0036247905825218772,,,,,2.0,0.0
dwell_r3_xi_0.05_p+6_Nd4001_dt1,p1,dwell,3,xi_0.05,6,4001,1.0,2.5350000000000003e-06,0.07321886766113006,23.479169258000184,1459,1459,0,127.08019191226867,137.08073,0.0,0.05,atomic,1.5466871292260018,0.5266689389747942,5.216803362129422e-09,9.905280103065075e-09,0.0005594124407533699,1.7337445267774156,0.00012303472715354723,0.0003255274820877433,0.0002875185258435701,0.5044179966407963,0.37735849056603776,1.1058612944426778,0.026613344345787656,0.06979190542177667,0.8313404580434867,0.9139104509837855,0.8849902567693501,0.950851484454165,1.5916919021891374,1.087273905548341
dwell_r3_xi_0.05_p+6_Nd4001_dt1,p1,dwell,3,xi_0.05,6,4001,1.0,2.5350000000000003e-06,0.07321886766113006,23.479169258000184,1459,1459,0,127.08019191226867,137.08073,0.0,0.05,static,0.39802211513011565,0.12212125948842477,1.5100761223196484e-09,1.2365382805954279e-08,0.0007232372048717397,1.5589733523872995,0.00011802599999533625,-1.3931224391465135e-07,1.2585276700297543e-05,1.9266011771941756,0.0,0.6409936644090012,0.007895170325602769,0.020202235467352767,,,,,1.5916919021891374,-0.3349092750050382
dwell_r3_xi_0.05_p+6_Nd4001_dt1,p1,dwell,3,xi_0.05,6,4001,1.0,2.5350000000000003e-06,0.07321886766113006,23.479169258000184,1459,1459,0,127.08019191226867,137.08073,0.0,0.05,static_lti,0.737283369725004,0.13986889867460692,1.874785310542744e-09,1.3403875545658456e-08,0.000680802929688758,1.588066932426897,0.00012382751381303524,-1.4201253119130015e-06,8.03031274568067e-05,1.7427046290374297,0.0,0.8362403717569007,0.013814756661734597,0.025081420555235663,,,,,1.5916919021891374,-0.15101272684829237
dwell_r3_xi_0.05_p+6_Nd4001_dt1,p1,dwell,3,xi_0.05,6,4001,1.0,2.5350000000000003e-06,0.07321886766113006,23.479169258000184,1459,1459,0,127.08019191226867,137.08073,0.0,0.05,static_mh,2.2564962557301658,1.6036680610345946,2.002894900482441e-08,1.2489460563243295e-08,0.0007254432740095688,1.5538918476591213,0.00018054391191249373,2.0630335209350184e-05,7.128654916166063e-05,0.5264514585132609,0.33584905660377357,1.44031332794759,0.04935416421544826,0.26795307731739154,,,,,1.5916919021891374,1.0652404436758764
dwell_r3_xi_0.05_p+6_Nd4001_dt1,p1,dwell,3,xi_0.05,6,4001,1.0,2.5350000000000003e-06,0.07321886766113006,23.479169258000184,1459,1459,0,127.08019191226867,137.08073,0.0,0.05,static_lti_mh,0.8047519288487335,0.18440503562338795,2.4685830077801208e-09,1.338674401940807e-08,0.0006804448735047936,1.5893778853816625,0.00012614902919733364,1.938909878483062e-05,8.481188455981398e-05,1.616497026372967,0.033962264150943396,0.8715147170964155,0.0155849026139586,0.03302541802811408,,,,,1.5916919021891374,-0.02480512418382963
dwell_r3_xi_0.05_p+6_Nd4001_dt1,p1,dwell,3,xi_0.05,6,4001,1.0,2.5350000000000003e-06,0.07321886766113006,23.479169258000184,1459,1459,0,127.08019191226867,137.08073,0.0,0.05,linear,0.178788501157393,0.009693617499468317,7.245782452393686e-10,7.474797156779818e-08,0.0018369217976765668,1.2961395913872642,0.00027515471526723986,-7.685360121231092e-06,0.00027189883979370383,1.5916919021891374,0.1471698113207547,0.37998085631687284,0.0033186172817374735,0.009693617499468317,,,,,1.5916919021891374,0.0
dwell_r3_xi_4_p+6_Nd4001_dt1,p1,dwell,3,xi_4,6,4001,1.0,2.5350000000000003e-06,0.07321886766113006,23.186947762998898,1459,18,1441,10300.555555555555,9568.40055,0.07205,4,atomic,1.3999524533300092,0.8414435557317981,4.4721044767124575e-09,5.314800316966118e-09,0.00044200274585815246,1.8066798363437475,9.906494364114274e-05,0.00011511452689916762,0.00036665903177406117,1.3088169378756749,0.1018867924528302,0.9855887908259569,0.018647912032999613,0.06885924735942293,0.33754267664843185,0.32994115670299223,0.3726878055919203,0.33151065942822117,2.0,0.6911830621243251
dwell_r3_xi_4_p+6_Nd4001_dt1,p1,dwell,3,xi_4,6,4001,1.0,2.5350000000000003e-06,0.07321886766113006,23.186947762998898,1459,18,1441,10300.555555555555,9568.40055,0.07205,4,static,0.6807925028696276,0.6766743308429941,5.7716051238660245e-09,8.529369093513296e-09,0.0006384536367832196,1.6207064488356715,0.00011983800542967413,1.7821088476440025e-08,3.1734215019281803e-06,1.7076205140763991,0.0,0.8474153952971466,0.015471661554308201,0.08886831400176987,,,,,2.0,0.29237948592360086
dwell_r3_xi_4_p+6_Nd4001_dt1,p1,dwell,3,xi_4,6,4001,1.0,2.5350000000000003e-06,0.07321886766113006,23.186947762998898,1459,18,1441,10300.555555555555,9568.40055,0.07205,4,static_lti,0.7413962759589816,0.682912749484312,5.9134232002627835e-09,8.659119638238101e-09,0.0006331731193377472,1.6358651440492076,0.00012096560687530917,-1.1310422438034053e-06,1.957268481591864e-05,1.6960663832733254,0.0,0.8487455708971171,0.01574369802045736,0.09105195842543969,,,,,2.0,0.3039336167266746
dwell_r3_xi_4_p+6_Nd4001_dt1,p1,dwell,3,xi_4,6,4001,1.0,2.5350000000000003e-06,0.07321886766113006,23.186947762998898,1459,18,1441,10300.555555555555,9568.40055,0.07205,4,static_mh,0.7822465753373468,0.7764616615042987,6.607421975222841e-09,8.509656436123035e-09,0.0006374610340276192,1.6207659220000477,0.00012321452557073498,2.189769382362636e-05,0.0002366426754686792,1.6033586471721655,0.0,0.9060479213483986,0.017352762009218654,0.1017378074616056,,,,,2.0,0.3966413528278345
dwell_r3_xi_4_p+6_Nd4001_dt1,p1,dwell,3,xi_4,6,4001,1.0,2.5350000000000003e-06,0.07321886766113006,23.186947762998898,1459,18,1441,10300.555555555555,9568.40055,0.07205,4,static_lti_mh,0.7470530422784938,0.6884619324679171,5.9600137662591344e-09,8.656998281509016e-09,0.0006331110032853767,1.6357951567923918,0.00012115095644904121,2.0736538979847437e-05,0.00020122979102868936,1.6866887188111161,0.0037735849056603774,0.8486474407788697,0.015823767909945677,0.0917693368599696,,,,,2.0,0.31331128118888385
dwell_r3_xi_4_p+6_Nd4001_dt1,p1,dwell,3,xi_4,6,4001,1.0,2.5350000000000003e-06,0.07321886766113006,23.186947762998898,1459,18,1441,10300.555555555555,9568.40055,0.07205,4,linear,0.03807577600264461,0.0036247905825216955,2.35414164587469e-10,6.494559043565381e-08,0.0017344013422497335,1.2360332948189177,0.0002556065087047051,-3.025593960990379e-06,6.719139783324309e-05,2.0,0.0,0.0865477273993477,0.00020319382225172255,0.0036247905825216955,,,,,2.0,0.0
shuffle_r3_ORIGINAL_p+3_Nd4001_dt1,p1,shuffle,3,ORIGINAL,3,4001,1.0,2.5350000000000003e-06,0.07321886766113006,22.96622044400101,322,634,atomic,0.8696979658370133,0.6224692958551552,2.9403042383024303e-09,4.723613289653119e-09,0.0006216607866476399,1.6999809618446986,8.75704638410007e-05,6.532531307093974e-05,0.000287331583256545,0.8769071772026509,0.12452830188679245,0.9020000032254513,0.009696558430499809,0.08733434480042912,0.3959860280115481,0.388442409350102,0.4334685181838383,0.3915011523425811,1.946207587724394,1.0693004105217432
shuffle_r3_ORIGINAL_p+3_Nd4001_dt1,p1,shuffle,3,ORIGINAL,3,4001,1.0,2.5350000000000003e-06,0.07321886766113006,22.96622044400101,322,634,static,0.5491406450688177,0.5192071136617815,3.4109729860587393e-09,6.569580609176116e-09,0.0007793735831347332,1.5536491122333815,0.00010002199329114866,-4.191628664576231e-08,2.461186328748851e-06,1.1922939877128915,0.026415094339622643,0.8641533947591409,0.00762433006263048,0.1013143765834897,,,,,1.946207587724394,0.7539136000115025
shuffle_r3_ORIGINAL_p+3_Nd4001_dt1,p1,shuffle,3,ORIGINAL,3,4001,1.0,2.5350000000000003e-06,0.07321886766113006,22.96622044400101,322,634,static_lti,0.6323069630800348,0.5473539190995184,3.674150989937419e-09,6.7125690741046744e-09,0.0007745546881923461,1.5749718421002792,0.00010203281020807831,-1.0581105252768013e-06,1.5005784528236615e-05,1.1500192919930765,0.06037735849056604,0.888360470917869,0.008219056227334001,0.10913141749892206,,,,,1.946207587724394,0.7961882957313176
shuffle_r3_ORIGINAL_p+3_Nd4001_dt1,p1,shuffle,3,ORIGINAL,3,4001,1.0,2.5350000000000003e-06,0.07321886766113006,22.96622044400101,322,634,static_mh,0.6587956402216603,0.6250120356489351,4.147233292552118e-09,6.635445489055493e-09,0.0007828538312198197,1.552536645671547,0.0001039528667043322,-1.2788373174255506e-05,0.00025522060222160864,1.095329079940334,0.03018867924528302,0.8933634460665615,0.009544059740676498,0.12318313786082136,,,,,1.946207587724394,0.8508785077840602
shuffle_r3_ORIGINAL_p+3_Nd4001_dt1,p1,shuffle,3,ORIGINAL,3,4001,1.0,2.5350000000000003e-06,0.07321886766113006,22.96622044400101,322,634,static_lti_mh,0.6432949904605428,0.55680120022544,3.737545684106649e-09,6.712531658684242e-09,0.0007743116201797088,1.5758814687890157,0.00010234300401072406,-1.3840809922201786e-05,0.00011619778724032389,1.14805825663574,0.052830188679245285,0.8832635684655,0.008277039598844318,0.11101439750043708,,,,,1.946207587724394,0.798149331088654
shuffle_r3_ORIGINAL_p+3_Nd4001_dt1,p1,shuffle,3,ORIGINAL,3,4001,1.0,2.5350000000000003e-06,0.07321886766113006,22.96622044400101,322,634,linear,0.042325328442265206,6.623801512206054e-05,2.2300495531876725e-12,3.366721585902346e-08,0.0017451394219916727,1.240545576699624,0.00018362152271250113,-1.1396338675881615e-06,2.3439974163915e-05,1.946207587724394,0.011320754716981131,0.09969582978550562,0.00012462851017144876,6.623801512206054e-05,,,,,1.946207587724394,0.0
shuffle_r3_BLOCK_SHUFFLED_CYCLES_p+3_Nd4001_dt1,p1,shuffle,3,BLOCK_SHUFFLED_CYCLES,3,4001,1.0,2.5350000000000003e-06,0.07321886766113006,27.904975920000652,322,634,atomic,0.8226255645694446,0.5772999567776702,2.7087000450599247e-09,4.692014979836729e-09,0.0006177213831153587,1.734868885161426,8.607164506398816e-05,6.756062646839311e-05,0.0003231709822416309,0.7750602980097987,0.1320754716981132,0.7389782155047855,0.007825660642700816,0.07964435331333519,0.4392700560412385,0.4300715550434974,0.4746883550986784,0.4370635482962959,1.9500350225446674,1.1749747245348687
shuffle_r3_BLOCK_SHUFFLED_CYCLES_p+3_Nd4001_dt1,p1,shuffle,3,BLOCK_SHUFFLED_CYCLES,3,4001,1.0,2.5350000000000003e-06,0.07321886766113006,27.904975920000652,322,634,static,0.5459291065109707,0.5165057531711335,3.4214369590946246e-09,6.62419912670557e-09,0.00078144507218632,1.5520100906612377,0.00010039467510675285,2.4781579830122713e-08,2.5010469443834136e-06,1.0918164069325154,0.01509433962264151,0.5943400876701102,0.005941020740198843,0.10060107412277426,,,,,1.9500350225446674,0.8582186156121521
shuffle_r3_BLOCK_SHUFFLED_CYCLES_p+3_Nd4001_dt1,p1,shuffle,3,BLOCK_SHUFFLED_CYCLES,3,4001,1.0,2.5350000000000003e-06,0.07321886766113006,27.904975920000652,322,634,static_lti,0.6389836375840849,0.5675308669235756,3.788498054922083e-09,6.675404415372966e-09,0.0007745760347061983,1.5762537812683302,0.00010245743181026105,-1.4182879933573092e-06,1.526199003559595e-05,1.0652684443900544,0.033962264150943396,0.6049772699853341,0.006325423070169094,0.11139383194657951,,,,,1.9500350225446674,0.884766578154613
shuffle_r3_BLOCK_SHUFFLED_CYCLES_p+3_Nd4001_dt1,p1,shuffle,3,BLOCK_SHUFFLED_CYCLES,3,4001,1.0,2.5350000000000003e-06,0.07321886766113006,27.904975920000652,322,634,static_mh,0.6713979616296204,0.6318882168825312,4.173684429974922e-09,6.605099317354126e-09,0.0007784836012009685,1.5458294003870716,0.00010398293215046331,-1.2750594129478415e-05,0.000255262308545221,1.1951984769492938,0.022641509433962263,0.5506810124278817,0.006412846395980085,0.12271953033911319,,,,,1.9500350225446674,0.7548365455953736
shuffle_r3_BLOCK_SHUFFLED_CYCLES_p+3_Nd4001_dt1,p1,shuffle,3,BLOCK_SHUFFLED_CYCLES,3,4001,1.0,2.5350000000000003e-06,0.07321886766113006,27.904975920000652,322,634,static_lti_mh,0.6504912612425652,0.578110595086107,3.856055868035691e-09,6.670100670722613e-09,0.0007741637304290663,1.5768147725231334,0.00010275970174694045,-1.454938163526264e-05,0.0001167334840647097,1.0670816408813715,0.03773584905660377,0.6153989252419374,0.006415109912581394,0.11338024544648306,,,,,1.9500350225446674,0.882953381663296
shuffle_r3_BLOCK_SHUFFLED_CYCLES_p+3_Nd4001_dt1,p1,shuffle,3,BLOCK_SHUFFLED_CYCLES,3,4001,1.0,2.5350000000000003e-06,0.07321886766113006,27.904975920000652,322,634,linear,0.045596417306772934,8.453420291383148e-05,2.8750035591470034e-12,3.400994461469744e-08,0.0017484120779989723,1.2422351672470742,0.00018462498180311587,-2.950274341794468e-06,2.4916312086194137e-05,1.9500350225446674,0.0037735849056603774,0.10002322362647001,0.00014054491337149778,8.453420291383148e-05,,,,,1.9500350225446674,0.0
shuffle_r3_ORIGINAL_p+6_Nd4001_dt1,p1,shuffle,3,ORIGINAL,6,4001,1.0,2.5350000000000003e-06,0.07321886766113006,25.35661020200132,322,634,atomic,1.0792961201397748,0.6821592047479335,3.650433473094429e-09,5.351292554123507e-09,0.000452291591500617,1.8868261926562073,9.491858497459082e-05,0.00017578208526511095,0.0003891979796054817,0.7985470753829591,0.25660377358490566,1.1176072674095594,0.030058665918073563,0.054342202265301474,0.5021432351083296,0.51199631760888,0.5712238919789664,0.5132680460800989,1.9530257341013262,1.154478658718367
shuffle_r3_ORIGINAL_p+6_Nd4001_dt1,p1,shuffle,3,ORIGINAL,6,4001,1.0,2.5350000000000003e-06,0.07321886766113006,25.35661020200132,322,634,static,1.0127714635864518,0.9337235004788514,5.972372757495913e-09,6.396296927766129e-09,0.00053886261285128,1.7642866310351153,0.00011133796159960755,1.1210202658759466e-09,2.934608852884495e-06,0.8232987719971119,0.06037735849056604,1.2399858909025971,0.030576729060394832,0.08890776692240346,,,,,1.9530257341013262,1.1297269621042143
shuffle_r3_ORIGINAL_p+6_Nd4001_dt1,p1,shuffle,3,ORIGINAL,6,4001,1.0,2.5350000000000003e-06,0.07321886766113006,25.35661020200132,322,634,static_lti,1.1427827123988537,0.9867004250857995,6.456211724338144e-09,6.543233954497119e-09,0.0005354108155969266,1.7861152426614197,0.00011413652651881307,-1.2674858653640935e-06,1.782438745421743e-05,0.7919983080006887,0.09056603773584905,1.292149835050366,0.03545093232643962,0.096110438932116,,,,,1.9530257341013262,1.1610274261006375
shuffle_r3_ORIGINAL_p+6_Nd4001_dt1,p1,shuffle,3,ORIGINAL,6,4001,1.0,2.5350000000000003e-06,0.07321886766113006,25.35661020200132,322,634,static_mh,1.3691215700501222,1.2645985410815515,8.171100529280987e-09,6.461418595574711e-09,0.0005402312055670828,1.7705536426539665,0.00012108547413453563,-3.411314344446698e-05,0.0005254934462676163,0.6053762477947956,0.0830188679245283,1.3486326836652578,0.03822700360258947,0.12163914257445588,,,,,1.9530257341013262,1.3476494863065307
shuffle_r3_ORIGINAL_p+6_Nd4001_dt1,p1,shuffle,3,ORIGINAL,6,4001,1.0,2.5350000000000003e-06,0.07321886766113006,25.35661020200132,322,634,static_lti_mh,1.1559845562401052,0.9992019467673439,6.5662478059324544e-09,6.571492206531251e-09,0.0005366007791204135,1.7860682536670747,0.00011474031307588742,-3.4471316762658735e-05,0.00026147168605866815,0.7788093281295116,0.08679245283018867,1.3231600619086583,0.03748753873119488,0.09774849179530389,,,,,1.9530257341013262,1.1742164059718145
shuffle_r3_ORIGINAL_p+6_Nd4001_dt1,p1,shuffle,3,ORIGINAL,6,4001,1.0,2.5350000000000003e-06,0.07321886766113006,25.35661020200132,322,634,linear,0.04232532844226435,6.623801512193754e-05,4.4495338339802254e-12,6.717492705343117e-08,0.0017451394219916538,1.2405455766996267,0.0002593722948322059,-1.60977562509151e-06,3.310984355151684e-05,1.9530257341013262,0.007547169811320755,0.09750292758004052,0.0002382197385912872,6.623801512193754e-05,,,,,1.9530257341013262,0.0
shuffle_r3_BLOCK_SHUFFLED_CYCLES_p+6_Nd4001_dt1,p1,shuffle,3,BLOCK_SHUFFLED_CYCLES,6,4001,1.0,2.5350000000000003e-06,0.07321886766113006,23.823932354000135,322,634,atomic,1.0622320137773686,0.624522582969155,3.4275167517700416e-09,5.488219073639689e-09,0.00045124703039368914,1.9278812817521271,9.448483970664054e-05,0.00017983408135462318,0.0003957614825233431,0.8549547555201296,0.2,0.8351425726035953,0.017567879479594043,0.0505095688479425,0.5520785034923863,0.5569756101602601,0.59805993486128,0.5598180610818053,1.952532320062225,1.0975775645420955
shuffle_r3_BLOCK_SHUFFLED_CYCLES_p+6_Nd4001_dt1,p1,shuffle,3,BLOCK_SHUFFLED_CYCLES,6,4001,1.0,2.5350000000000003e-06,0.07321886766113006,23.823932354000135,322,634,static,1.0093957386516292,0.9392580200751007,6.014588354414166e-09,6.403552831982477e-09,0.0005395107236022401,1.760884728368556,0.00011160315154915195,5.783799515784874e-08,3.063205126594365e-06,0.8410209017587544,0.06415094339622641,0.8298861498870859,0.018004947672026626,0.08863392554461762,,,,,1.952532320062225,1.1115114183034707
shuffle_r3_BLOCK_SHUFFLED_CYCLES_p+6_Nd4001_dt1,p1,shuffle,3,BLOCK_SHUFFLED_CYCLES,6,4001,1.0,2.5350000000000003e-06,0.07321886766113006,23.823932354000135,322,634,static_lti,1.1373813949923381,1.0116265310835562,6.529115731410999e-09,6.4540772022039045e-09,0.0005348774223277565,1.780740012743525,0.00011410820471828705,-1.998380266882425e-06,1.9713939868426917e-05,0.7714420249750895,0.08679245283018867,0.852536449429306,0.018471424718811646,0.0962162534673482,,,,,1.952532320062225,1.1810902950871356
shuffle_r3_BLOCK_SHUFFLED_CYCLES_p+6_Nd4001_dt1,p1,shuffle,3,BLOCK_SHUFFLED_CYCLES,6,4001,1.0,2.5350000000000003e-06,0.07321886766113006,23.823932354000135,322,634,static_mh,1.3466290121879136,1.2627170124255764,8.210463101550106e-09,6.502219436941358e-09,0.0005434107648464301,1.7710082026325553,0.00012145286306617223,-3.269409199519865e-05,0.0005265619236386737,0.7757474782392842,0.06792452830188679,0.8446622227963437,0.02505726931135786,0.12099341340551382,,,,,1.952532320062225,1.1767848418229407
shuffle_r3_BLOCK_SHUFFLED_CYCLES_p+6_Nd4001_dt1,p1,shuffle,3,BLOCK_SHUFFLED_CYCLES,6,4001,1.0,2.5350000000000003e-06,0.07321886766113006,23.823932354000135,322,634,static_lti_mh,1.1617554903919853,1.0357336751976347,6.682540194708028e-09,6.4519869873236396e-09,0.0005349441711346439,1.78081038285571,0.00011476894881817558,-3.4805694204227404e-05,0.0002559451448755017,0.8174124192864474,0.07547169811320754,0.8429119502570979,0.01772276219132296,0.09847719164886341,,,,,1.952532320062225,1.1351199007757777
shuffle_r3_BLOCK_SHUFFLED_CYCLES_p+6_Nd4001_dt1,p1,shuffle,3,BLOCK_SHUFFLED_CYCLES,6,4001,1.0,2.5350000000000003e-06,0.07321886766113006,23.823932354000135,322,634,linear,0.045596417306769874,8.453420291421608e-05,5.736386256993483e-12,6.785876082388419e-08,0.001748412077998975,1.2422351672470713,0.00026078971847219253,-4.167373274721716e-06,3.519522629528255e-05,1.952532320062225,0.0037735849056603774,0.09800621009164746,0.00026900906772652297,8.453420291421608e-05,,,,,1.952532320062225,0.0
dwell_r4_xi_0.05_p+3_Nd4001_dt1,p1,dwell,4,xi_0.05,3,4001,1.0,2.5350000000000003e-06,0.07321886766113006,22.568437477999396,1459,1459,0,127.08019191226867,137.08073,0.0,0.05,atomic,0.781010375503373,0.3188805663518202,3.0701036173998144e-09,9.627753903361347e-09,0.0008653251335368299,1.5367020742296562,0.0001127432563630045,1.0731823374948559e-05,0.00023782842349661512,0.6280375432951001,0.39245283018867927,0.9232216116593287,0.0068001405690125034,0.08168116428785353,0.5701739039908073,0.529207674440708,0.8233170580798759,0.6032926652093279,1.4317154124686584,0.8036778691735583
dwell_r4_xi_0.05_p+3_Nd4001_dt1,p1,dwell,4,xi_0.05,3,4001,1.0,2.5350000000000003e-06,0.07321886766113006,22.568437477999396,1459,1459,0,127.08019191226867,137.08073,0.0,0.05,static,0.10699788644034978,0.03796851024761598,4.1923957828485747e-10,1.1041770550141121e-08,0.0010427624176428856,1.4170619864589489,0.00010724318321633661,-1.0529518853026966e-07,7.511796315575526e-06,1.9959224109419134,0.0,0.3698738518204997,0.0011226437629200728,0.011154013394133707,,,,,1.4317154124686584,-0.564206998473255
dwell_r4_xi_0.05_p+3_Nd4001_dt1,p1,dwell,4,xi_0.05,3,4001,1.0,2.5350000000000003e-06,0.07321886766113006,22.568437477999396,1459,1459,0,127.08019191226867,137.08073,0.0,0.05,static_lti,0.18503149047669937,0.04539631841808094,5.334424214024402e-10,1.1750785966598887e-08,0.0010434131685205454,1.4669293115622348,0.00011101970476736101,1.4213859601410864e-06,4.933170799620961e-05,1.9675461225998994,0.0,0.46376518036203557,0.001587852468273169,0.014192419374296569,,,,,1.4317154124686584,-0.535830710131241
dwell_r4_xi_0.05_p+3_Nd4001_dt1,p1,dwell,4,xi_0.05,3,4001,1.0,2.5350000000000003e-06,0.07321886766113006,22.568437477999396,1459,1459,0,127.08019191226867,137.08073,0.0,0.05,static_mh,1.841518562476267,1.6620887164653215,1.8130580409590366e-08,1.0908310868115234e-08,0.001036005556295101,1.4084829580479945,0.00017059139085301317,3.017633999538109e-05,6.743004179878149e-05,0.48363557029578796,0.37735849056603776,1.4571160976815156,0.02106568828485282,0.4823703371693174,,,,,1.4317154124686584,0.9480798421728704
dwell_r4_xi_0.05_p+3_Nd4001_dt1,p1,dwell,4,xi_0.05,3,4001,1.0,2.5350000000000003e-06,0.07321886766113006,22.568437477999396,1459,1459,0,127.08019191226867,137.08073,0.0,0.05,static_lti_mh,0.21527656868196982,0.07140739708878445,8.385210180017194e-10,1.1742775289220297e-08,0.0010427313984414655,1.4676201521136734,0.00011235094307958673,3.1703118370174364e-05,5.4821378544085234e-05,1.9472214476856522,0.0,0.503238489733964,0.0018608597069252279,0.022309140526085743,,,,,1.4317154124686584,-0.5155060352169938
dwell_r4_xi_0.05_p+3_Nd4001_dt1,p1,dwell,4,xi_0.05,3,4001,1.0,2.5350000000000003e-06,0.07321886766113006,22.568437477999396,1459,1459,0,127.08019191226867,137.08073,0.0,0.05,linear,0.1783986962302803,0.009703386095268792,3.647156723565679e-10,3.7586433104460006e-08,0.0018391351912634803,1.2928636097460091,0.0001950495075849473,-5.198085519813781e-06,0.00020070531847806502,1.4317154124686584,0.22641509433962265,0.4449606512200028,0.0016032244290058954,0.009703386095268792,,,,,1.4317154124686584,0.0
dwell_r4_xi_0.1_p+3_Nd4001_dt1,p1,dwell,4,xi_0.1,3,4001,1.0,2.5350000000000003e-06,0.07321886766113006,23.053104574000827,1459,731,728,253.6388508891929,254.40724,0.0364,0.1,atomic,0.5834195926697221,0.27768186846768084,2.1342159209519895e-09,7.685831029332724e-09,0.00078236849489922,1.5697224791558562,9.916820102807599e-05,-1.2676816595447498e-05,0.00021306600188764424,1.1150416169298327,0.17358490566037735,0.6810425641473666,0.005539892194614709,0.05871071218849576,0.5038178124008951,0.4795076418714222,0.7336910305094815,0.5220446691661331,1.7989506090191074,0.6839089920892747
dwell_r4_xi_0.1_p+3_Nd4001_dt1,p1,dwell,4,xi_0.1,3,4001,1.0,2.5350000000000003e-06,0.07321886766113006,23.053104574000827,1459,731,728,253.6388508891929,254.40724,0.0364,0.1,static,0.14853947990002297,0.07319737989317812,7.883187914355373e-10,1.0769767887675545e-08,0.0009966039132886253,1.4342354871281664,0.00010770908912169872,-2.632862503023099e-07,5.492641653256934e-06,1.9956790741453194,0.0,0.35639893441154985,0.001683941772995334,0.021686070852713783,,,,,1.7989506090191074,-0.196728465126212
dwell_r4_xi_0.1_p+3_Nd4001_dt1,p1,dwell,4,xi_0.1,3,4001,1.0,2.5350000000000003e-06,0.07321886766113006,23.053104574000827,1459,731,728,253.6388508891929,254.40724,0.0364,0.1,static_lti,0.20928800488166613,0.081921392335748,9.222831452930781e-10,1.1258147829240714e-08,0.0009970548116613688,1.4733620415687463,0.00011055469453338546,2.9955081674157086e-06,3.9181183982386e-05,1.986380758829012,0.0,0.3907702794938732,0.0019506537222976957,0.02537133181700251,,,,,1.7989506090191074,-0.1874301498099047
dwell_r4_xi_0.1_p+3_Nd4001_dt1,p1,dwell,4,xi_0.1,3,4001,1.0,2.5350000000000003e-06,0.07321886766113006,23.053104574000827,1459,731,728,253.6388508891929,254.40724,0.0364,0.1,static_mh,0.8832020999767216,0.7559805295505748,7.940809357269888e-09,1.0503986606626818e-08,0.0009831981247077634,1.4244754286893841,0.00013591929288337342,3.0296634359878485e-05,0.00013274167515923486,1.0332716972896945,0.21509433962264152,0.8786108978442855,0.008599003230548297,0.21844583209295348,,,,,1.7989506090191074,0.7656789117294129
dwell_r4_xi_0.1_p+3_Nd4001_dt1,p1,dwell,4,xi_0.1,3,4001,1.0,2.5350000000000003e-06,0.07321886766113006,23.053104574000827,1459,731,728,253.6388508891929,254.40724,0.0364,0.1,static_lti_mh,0.22489536907544908,0.09743757613294214,1.095610256949337e-09,1.1244227334375655e-08,0.0009971438252809617,1.4740730919955582,0.00011127628744291616,3.3634642171320504e-05,6.120801725203551e-05,1.9818800741688114,0.0,0.405756779187166,0.001998140232962117,0.030139433332417455,,,,,1.7989506090191074,-0.18292946514970398
dwell_r4_xi_0.1_p+3_Nd4001_dt1,p1,dwell,4,xi_0.1,3,4001,1.0,2.5350000000000003e-06,0.07321886766113006,23.053104574000827,1459,731,728,253.6388508891929,254.40724,0.0364,0.1,linear,0.11568236705338573,0.00993338415831689,3.610923088711276e-10,3.6351388722724176e-08,0.0018021426364157567,1.2718064940152765,0.0001918701798678494,-6.540878578603169e-06,0.00013738221723163925,1.7989506090191074,0.06415094339622641,0.2941683533253217,0.0009722186923246387,0.00993338415831689,,,,,1.7989506090191074,0.0
dwell_r4_xi_0.25_p+3_Nd4001_dt1,p1,dwell,4,xi_0.25,3,4001,1.0,2.5350000000000003e-06,0.07321886766113006,26.87064956299946,1459,293,1166,632.7986348122867,605.90671,0.0583,0.25,atomic,0.5896193464021061,0.3125993179583722,1.680351835412406e-09,5.375417471755882e-09,0.0006567396332291587,1.6354527309291078,8.411862978002389e-05,5.864198067382383e-05,0.0002627679755548036,1.2304299816512356,0.1509433962264151,0.7073766829166241,0.005432936879481289,0.04896524995656175,0.4450686651551055,0.42066766414976614,0.5785287928058638,0.4367398479823096,1.9717233997884884,0.7412934181372528
dwell_r4_xi_0.25_p+3_Nd4001_dt1,p1,dwell,4,xi_0.25,3,4001,1.0,2.5350000000000003e-06,0.07321886766113006,26.87064956299946,1459,293,1166,632.7986348122867,605.90671,0.0583,0.25,static,0.15935096028672613,0.12594997732280402,1.2953374403889632e-09,1.0284538893318517e-08,0.000985172106875667,1.4393275055858408,0.00010780729704534918,-1.0497535015132423e-07,4.104410342222115e-06,1.9975646753775118,0.0,0.3760904603897042,0.0015881501063288092,0.03774597689011469,,,,,1.9717233997884884,-0.025841275589023383
dwell_r4_xi_0.25_p+3_Nd4001_dt1,p1,dwell,4,xi_0.25,3,4001,1.0,2.5350000000000003e-06,0.07321886766113006,26.87064956299946,1459,293,1166,632.7986348122867,605.90671,0.0583,0.25,static_lti,0.19719513163740474,0.13059132668508874,1.3927779543775765e-09,1.0665164293308366e-08,0.000989285715340353,1.4639697144716393,0.00011000634202838209,2.221301541067721e-06,2.5532082710510033e-05,1.9946321347254277,0.0,0.386854609841986,0.0017166942822115186,0.040585381723553825,,,,,1.9717233997884884,-0.022908734936939235
dwell_r4_xi_0.25_p+3_Nd4001_dt1,p1,dwell,4,xi_0.25,3,4001,1.0,2.5350000000000003e-06,0.07321886766113006,26.87064956299946,1459,293,1166,632.7986348122867,605.90671,0.0583,0.25,static_mh,0.4410648774576643,0.4007642944603448,4.0719666972722836e-09,1.0160502703354478e-08,0.0009796387877080066,1.437279860402512,0.00011949401026892134,2.9988034731077828e-05,0.0002105331746161304,1.5985950238394877,0.06792452830188679,0.6188218105117109,0.004159397044263766,0.11865661877757752,,,,,1.9717233997884884,0.3731283759490007
dwell_r4_xi_0.25_p+3_Nd4001_dt1,p1,dwell,4,xi_0.25,3,4001,1.0,2.5350000000000003e-06,0.07321886766113006,26.87064956299946,1459,293,1166,632.7986348122867,605.90671,0.0583,0.25,static_lti_mh,0.20233776206437482,0.1356622948455266,1.4465226129753963e-09,1.0662672444266813e-08,0.0009892635404623476,1.4643928446154526,0.00011023903354360374,3.2209782169347624e-05,8.641593349761267e-05,1.9931749260468536,0.0,0.3937818947477602,0.0017970265674544478,0.042151494597424934,,,,,1.9717233997884884,-0.021451526258365217
dwell_r4_xi_0.25_p+3_Nd4001_dt1,p1,dwell,4,xi_0.25,3,4001,1.0,2.5350000000000003e-06,0.07321886766113006,26.87064956299946,1459,293,1166,632.7986348122867,605.90671,0.0583,0.25,linear,0.0675107749320695,0.007914519554288254,2.7160440253554647e-10,3.431723185122279e-08,0.001774391510981068,1.2468509993928627,0.0001862470697487006,-4.501741790615037e-07,8.510379053013638e-05,1.9717233997884884,0.01509433962264151,0.19711971094398262,0.0004988535972339656,0.007914519554288254,,,,,1.9717233997884884,0.0
dwell_r4_xi_0.5_p+3_Nd4001_dt1,p1,dwell,4,xi_0.5,3,4001,1.0,2.5350000000000003e-06,0.07321886766113006,23.591060869999637,1459,146,1313,1269.9315068493152,1196.56055,0.06565,0.5,atomic,0.698543911911175,0.4367911036632184,2.2300184720288455e-09,5.105457627974652e-09,0.0006475343505531696,1.661275248485421,8.57570104931302e-05,8.061235268249918e-05,0.00030160336593597445,1.2741252784104584,0.13962264150943396,0.7379653776747387,0.005767220586292162,0.06759712637137803,0.410171219692485,0.3911329234464007,0.4910064103563956,0.39886343259785134,1.9314505357316682,0.6573252573212098
dwell_r4_xi_0.5_p+3_Nd4001_dt1,p1,dwell,4,xi_0.5,3,4001,1.0,2.5350000000000003e-06,0.07321886766113006,23.591060869999637,1459,146,1313,1269.9315068493152,1196.56055,0.06565,0.5,static,0.16424179755132623,0.15028982283305017,1.5116818866226896e-09,1.0058444797702272e-08,0.0009822782138923113,1.44005061282197,0.00010775288265959665,-7.93759051555996e-09,3.5821977488960525e-06,1.996062692691213,0.0,0.40175659590547985,0.001760473686795615,0.04582264802066417,,,,,1.9314505357316682,-0.06461215695954481
dwell_r4_xi_0.5_p+3_Nd4001_dt1,p1,dwell,4,xi_0.5,3,4001,1.0,2.5350000000000003e-06,0.07321886766113006,23.591060869999637,1459,146,1313,1269.9315068493152,1196.56055,0.06565,0.5,static_lti,0.20440849004573428,0.15349682925861022,1.59223111073865e-09,1.0373055381203163e-08,0.0009821135318184217,1.461123521428659,0.00010957378630019815,2.453658096599662e-06,2.2935883202434856e-05,1.9948070059468,0.0,0.40256909320477674,0.00171854397785958,0.04826428523128751,,,,,1.9314505357316682,-0.06335647021513169
dwell_r4_xi_0.5_p+3_Nd4001_dt1,p1,dwell,4,xi_0.5,3,4001,1.0,2.5350000000000003e-06,0.07321886766113006,23.591060869999637,1459,146,1313,1269.9315068493152,1196.56055,0.06565,0.5,static_mh,0.3121705692868196,0.2954879893795808,2.940370160358243e-09,9.950895691334086e-09,0.0009766516412803555,1.4393039535593761,0.00011370246352553923,2.9277158634706988e-05,0.00022393959374288167,1.5803621422677139,0.07547169811320754,0.6069142331489012,0.0030517614867585446,0.0891295636343026,,,,,1.9314505357316682,0.3510883934639544
dwell_r4_xi_0.5_p+3_Nd4001_dt1,p1,dwell,4,xi_0.5,3,4001,1.0,2.5350000000000003e-06,0.07321886766113006,23.591060869999637,1459,146,1313,1269.9315068493152,1196.56055,0.06565,0.5,static_lti_mh,0.20777099124277662,0.1561871247284887,1.6206370846277098e-09,1.0376252763760007e-08,0.0009820397944049664,1.4615730537099225,0.0001097183008589877,3.1279107783632723e-05,0.00010861642645357003,1.994554679291358,0.0,0.4079956546996139,0.0017308965465213857,0.049125337384337116,,,,,1.9314505357316682,-0.06310414355968974
dwell_r4_xi_0.5_p+3_Nd4001_dt1,p1,dwell,4,xi_0.5,3,4001,1.0,2.5350000000000003e-06,0.07321886766113006,23.591060869999637,1459,146,1313,1269.9315068493152,1196.56055,0.06565,0.5,linear,0.05251783232629088,0.005713013215537422,1.8847139938463103e-10,3.2989841310370843e-08,0.0017494416626364483,1.2422909354016012,0.00018243965875694375,3.031734740497815e-06,6.608120860617612e-05,1.9314505357316682,0.007547169811320755,0.1649390070113523,0.00020708109392896098,0.005713013215537422,,,,,1.9314505357316682,0.0
dwell_r4_xi_1_p+3_Nd4001_dt1,p1,dwell,4,xi_1,3,4001,1.0,2.5350000000000003e-06,0.07321886766113006,23.199482854000962,1459,73,1386,2539.8630136986303,2373.85055,0.0693,1,atomic,0.8297002898011341,0.5782501543814985,2.8429960958031186e-09,4.916550517559329e-09,0.0006426412997091917,1.631640188859376,8.818511216796416e-05,6.942329145009027e-05,0.00031314115942816,1.2742978995226988,0.08679245283018867,0.8718426570909269,0.007478961607032221,0.08728956574581456,0.37233967168613685,0.348786971939234,0.42032794096025683,0.3523428126785897,1.9999999158202413,0.7257020162975425
dwell_r4_xi_1_p+3_Nd4001_dt1,p1,dwell,4,xi_1,3,4001,1.0,2.5350000000000003e-06,0.07321886766113006,23.199482854000962,1459,73,1386,2539.8630136986303,2373.85055,0.0693,1,static,0.16592680576896904,0.16174528637865182,1.6102769390700868e-09,9.955634412123564e-09,0.0009828669315818472,1.4410060064228454,0.00010770128647430476,8.379773872592522e-09,3.3752907185071806e-06,1.9960961869625526,0.0,0.4131486517852178,0.001811659607768238,0.049440931329249836,,,,,1.9999999158202413,0.0039037288576886375
dwell_r4_xi_1_p+3_Nd4001_dt1,p1,dwell,4,xi_1,3,4001,1.0,2.5350000000000003e-06,0.07321886766113006,23.199482854000962,1459,73,1386,2539.8630136986303,2373.85055,0.0693,1,static_lti,0.20194081215928475,0.16216262624967803,1.6640043139338491e-09,1.0261330569300354e-08,0.0009829562498072687,1.4597939254590244,0.00010935462736013611,1.6976533208654112e-07,2.1440033927613938e-05,1.9956959301692034,0.0,0.41511357521997255,0.0017608404262312502,0.05109054288778965,,,,,1.9999999158202413,0.004303985651037845
dwell_r4_xi_1_p+3_Nd4001_dt1,p1,dwell,4,xi_1,3,4001,1.0,2.5350000000000003e-06,0.07321886766113006,23.199482854000962,1459,73,1386,2539.8630136986303,2373.85055,0.0693,1,static_mh,0.24959485742216114,0.2433735136946717,2.427677201923664e-09,9.975108486823044e-09,0.0009831401731725787,1.4368004717405165,0.00011153980864793807,2.790868359200009e-05,0.0002299191141551059,1.783938966339561,0.022641509433962263,0.5533086073881762,0.002656834404512931,0.07453787539130195,,,,,1.9999999158202413,0.21606094948068022
dwell_r4_xi_1_p+3_Nd4001_dt1,p1,dwell,4,xi_1,3,4001,1.0,2.5350000000000003e-06,0.07321886766113006,23.199482854000962,1459,73,1386,2539.8630136986303,2373.85055,0.0693,1,static_lti_mh,0.20407713035881658,0.1639466922912951,1.6824239851895265e-09,1.0262018474884817e-08,0.0009828703296415426,1.460049219596324,0.00010944211088764612,2.8205357796669715e-05,0.00014012986276336315,1.9954720569186266,0.0,0.4160053162373995,0.0017705197213558261,0.05165608890013285,,,,,1.9999999158202413,0.0045278589016146675
dwell_r4_xi_1_p+3_Nd4001_dt1,p1,dwell,4,xi_1,3,4001,1.0,2.5350000000000003e-06,0.07321886766113006,23.199482854000962,1459,73,1386,2539.8630136986303,2373.85055,0.0693,1,linear,0.04458902706461485,0.00465338504352331,1.51559414896502e-10,3.256971290339404e-08,0.0017465571417202845,1.2382333926646245,0.00018110964872070385,-3.195898016647573e-06,5.659843942315071e-05,1.9999999158202413,0.0,0.12801422942690155,0.00014336956115288424,0.00465338504352331,,,,,1.9999999158202413,0.0
dwell_r4_xi_2_p+3_Nd4001_dt1,p1,dwell,4,xi_2,3,4001,1.0,2.5350000000000003e-06,0.07321886766113006,23.64685889499924,1459,37,1422,5011.081081081081,4664.79323,0.0711,2,atomic,0.9162015502263581,0.67132963650079,3.3211980670253542e-09,4.947194174737504e-09,0.00064277796867423,1.6070980029093649,9.108060481233288e-05,5.7921829644641944e-05,0.0003188715500318785,1.2196685437778494,0.10566037735849057,0.8049119202172659,0.007743159620414376,0.10061055059150778,0.34242885256939076,0.3161636914964002,0.36368688598568366,0.31749025173663664,1.966793032992104,0.7471244892142546
dwell_r4_xi_2_p+3_Nd4001_dt1,p1,dwell,4,xi_2,3,4001,1.0,2.5350000000000003e-06,0.07321886766113006,23.64685889499924,1459,37,1422,5011.081081081081,4664.79323,0.0711,2,static,0.16698173863736512,0.16520611500845062,1.646050081330856e-09,9.963614732097884e-09,0.0009759978289213855,1.4426943591997448,0.00010794511605440923,1.7236043911103823e-08,3.1815769652742324e-06,1.9968791827966286,0.0,0.40591751818587174,0.0017626226075465594,0.04986453732710464,,,,,1.966793032992104,-0.03008614980452462
dwell_r4_xi_2_p+3_Nd4001_dt1,p1,dwell,4,xi_2,3,4001,1.0,2.5350000000000003e-06,0.07321886766113006,23.64685889499924,1459,37,1422,5011.081081081081,4664.79323,0.0711,2,static_lti,0.20037341894563898,0.1631810239657993,1.679270120676713e-09,1.0290841912039152e-08,0.0009771516364097679,1.4613082047906005,0.0001096030488680118,1.5466998855638743e-06,2.0148335885271044e-05,1.9960302095422755,0.0,0.40468473114282083,0.0017873076013410082,0.05087088695811348,,,,,1.966793032992104,-0.02923717655017155
dwell_r4_xi_2_p+3_Nd4001_dt1,p1,dwell,4,xi_2,3,4001,1.0,2.5350000000000003e-06,0.07321886766113006,23.64685889499924,1459,37,1422,5011.081081081081,4664.79323,0.0711,2,static_mh,0.21813160205095014,0.21628196970052688,2.1573151506659568e-09,9.974549213016074e-09,0.0009765347650593793,1.443199216930921,0.00011033208393270486,3.124154073967568e-05,0.00023505314341155215,1.897860648347077,0.01509433962264151,0.4590790545374183,0.002332714031783367,0.06535252060480212,,,,,1.966793032992104,0.06893238464502693
dwell_r4_xi_2_p+3_Nd4001_dt1,p1,dwell,4,xi_2,3,4001,1.0,2.5350000000000003e-06,0.07321886766113006,23.64685889499924,1459,37,1422,5011.081081081081,4664.79323,0.0711,2,static_lti_mh,0.20208674687088365,0.1652651337703572,1.699849144872957e-09,1.0285588412344544e-08,0.0009770799090414786,1.461164722280342,0.00010967186282243014,3.23699441824623e-05,0.00017557678620132118,1.9957579697215695,0.0,0.4045581942348288,0.0018113431166962388,0.05149429661728942,,,,,1.966793032992104,-0.02896493672946554
dwell_r4_xi_2_p+3_Nd4001_dt1,p1,dwell,4,xi_2,3,4001,1.0,2.5350000000000003e-06,0.07321886766113006,23.64685889499924,1459,37,1422,5011.081081081081,4664.79323,0.0711,2,linear,0.0411180477043681,0.003945726838173007,1.3025016035501517e-10,3.301043526249906e-08,0.0017458293754365056,1.2373342669798189,0.00018230235199861235,3.389070277781953e-06,5.19328226640847e-05,1.966793032992104,0.0037735849056603774,0.10371767314516954,0.0001049955480190164,0.003945726838173007,,,,,1.966793032992104,0.0
dwell_r4_xi_4_p+3_Nd4001_dt1,p1,dwell,4,xi_4,3,4001,1.0,2.5350000000000003e-06,0.07321886766113006,23.91712795100102,1459,18,1441,10300.555555555555,9568.40055,0.07205,4,atomic,1.0164590205441661,0.7291565254339747,3.3831998731597345e-09,4.639881500266549e-09,0.0006172641809348574,1.6038370048986927,8.968601137657451e-05,4.1092828052202414e-05,0.00028565602696301566,1.447826906698308,0.052830188679245285,0.8626347704940419,0.007830215436396514,0.10339528938635648,0.3070190618705319,0.27969221788632004,0.32351915374523726,0.2801816083656473,2.0,0.552173093301692
dwell_r4_xi_4_p+3_Nd4001_dt1,p1,dwell,4,xi_4,3,4001,1.0,2.5350000000000003e-06,0.07321886766113006,23.91712795100102,1459,18,1441,10300.555555555555,9568.40055,0.07205,4,static,0.16770398507284145,0.16707852806699489,1.6621138443296485e-09,9.948099636496538e-09,0.0009757732303148116,1.4431873591863962,0.00010794131075994693,2.3683190804418804e-08,3.0888590419113746e-06,1.9955301804090742,0.0,0.41396553742193415,0.001863824041337896,0.050796508740416205,,,,,2.0,0.00446981959092585
dwell_r4_xi_4_p+3_Nd4001_dt1,p1,dwell,4,xi_4,3,4001,1.0,2.5350000000000003e-06,0.07321886766113006,23.91712795100102,1459,18,1441,10300.555555555555,9568.40055,0.07205,4,static_lti,0.20268555476650602,0.164374766998581,1.6866439082480388e-09,1.0260966077978375e-08,0.0009753481152562631,1.4606104246622917,0.00010949793871080577,-7.978188188089134e-07,1.9280838588699192e-05,1.9955057969409034,0.0,0.41355279902029474,0.0017965016770659925,0.05154618158050739,,,,,2.0,0.004494203059096646
dwell_r4_xi_4_p+3_Nd4001_dt1,p1,dwell,4,xi_4,3,4001,1.0,2.5350000000000003e-06,0.07321886766113006,23.91712795100102,1459,18,1441,10300.555555555555,9568.40055,0.07205,4,static_mh,0.20542095132709307,0.20453848104338518,2.0419810342960174e-09,9.983358749314696e-09,0.000977404846796188,1.4397132060303095,0.0001098496162419699,3.125347264059902e-05,0.00023675559530630404,1.9887208284393947,0.0,0.44770094855343295,0.0021163626130614433,0.062405777925648394,,,,,2.0,0.011279171560605317
dwell_r4_xi_4_p+3_Nd4001_dt1,p1,dwell,4,xi_4,3,4001,1.0,2.5350000000000003e-06,0.07321886766113006,23.91712795100102,1459,18,1441,10300.555555555555,9568.40055,0.07205,4,static_lti_mh,0.20456423804319743,0.166375858968045,1.7061237367161436e-09,1.025463518144078e-08,0.0009751233669217507,1.4606203709106909,0.00010955637443125794,3.043048240460972e-05,0.0002004327818373244,1.9955897811417391,0.0,0.4165579018298755,0.0017883473178375087,0.052141512207478355,,,,,2.0,0.0044102188582608726
dwell_r4_xi_4_p+3_Nd4001_dt1,p1,dwell,4,xi_4,3,4001,1.0,2.5350000000000003e-06,0.07321886766113006,23.91712795100102,1459,18,1441,10300.555555555555,9568.40055,0.07205,4,linear,0.03860214623149898,0.0036808605241417363,1.2044153009584055e-10,3.272102523469667e-08,0.0017401305942866077,1.2361244769145099,0.00018157483847965693,-3.7237598394226207e-06,4.428098219729228e-05,2.0,0.0,0.08614110855496694,8.848662668510407e-05,0.0036808605241417363,,,,,2.0,0.0
dwell_r4_xi_0.05_p+0_Nd4001_dt1,p1,dwell,4,xi_0.05,0,4001,1.0,2.5350000000000003e-06,0.07321886766113006,26.761948833000133,1459,1459,0,127.08019191226867,137.08073,0.0,0.05,atomic,0.450335830392278,0.17533907943391105,1.4748686353422544e-09,8.41152263433756e-09,0.0011951761744925025,1.4226407644117134,9.95032500031514e-05,-8.59732826927652e-05,0.00018228069963759674,0.9093689052379599,0.3169811320754717,0.7019862977192457,0.001843778561771293,0.07829287230979037,0.35780843576848625,0.22191173324431165,0.4386190347398158,0.2365594704935865,1.4287970179409402,0.5194281127029803
dwell_r4_xi_0.05_p+0_Nd4001_dt1,p1,dwell,4,xi_0.05,0,4001,1.0,2.5350000000000003e-06,0.07321886766113006,26.761948833000133,1459,1459,0,127.08019191226867,137.08073,0.0,0.05,static,0.025045740366527743,0.012064204419585594,1.0989528830058822e-10,9.109203100220936e-09,0.0013728399864996142,1.3564396559398317,9.617497305893694e-05,-1.199668028263839e-07,1.269488954550948e-05,1.999990454946244,0.0,0.18278784958501632,0.00013835123095385954,0.00583375194792784,,,,,1.4287970179409402,-0.5711934370053038
dwell_r4_xi_0.05_p+0_Nd4001_dt1,p1,dwell,4,xi_0.05,0,4001,1.0,2.5350000000000003e-06,0.07321886766113006,26.761948833000133,1459,1459,0,127.08019191226867,137.08073,0.0,0.05,static_lti,0.13804264905571223,0.014076895003650934,1.4932196103349556e-10,1.0607592156847652e-08,0.0014073817000781598,1.424379445613724,0.00010386773723782804,-7.969714649022504e-07,8.102058677685873e-05,1.815038962147411,0.07169811320754717,0.39616613593195465,0.0005835340661577476,0.007926702723276783,,,,,1.4287970179409402,-0.38624194420647084
dwell_r4_xi_0.05_p+0_Nd4001_dt1,p1,dwell,4,xi_0.05,0,4001,1.0,2.5350000000000003e-06,0.07321886766113006,26.761948833000133,1459,1459,0,127.08019191226867,137.08073,0.0,0.05,static_mh,0.13333395582494714,0.11934786902076187,1.0840560503075791e-09,9.083162181295383e-09,0.001371100976946281,1.3540439832997089,0.00010100521892446788,-3.666471554025157e-05,1.9218802008048726e-05,1.94333146789318,0.0,0.3804366235809512,0.0007265063235140862,0.05754672646061888,,,,,1.4287970179409402,-0.5145344499522397
dwell_r4_xi_0.05_p+0_Nd4001_dt1,p1,dwell,4,xi_0.05,0,4001,1.0,2.5350000000000003e-06,0.07321886766113006,26.761948833000133,1459,1459,0,127.08019191226867,137.08073,0.0,0.05,static_lti_mh,0.1407802090348322,0.016824538176444696,1.784532308989064e-10,1.0606723883140578e-08,0.00140753748500932,1.4244767238819296,0.00010400434947200235,-3.7341687841455025e-05,8.125764807038455e-05,1.8125209794799115,0.06792452830188679,0.3991217238131551,0.0005918197162103814,0.00947312573149635,,,,,1.4287970179409402,-0.38372396153897137
dwell_r4_xi_0.05_p+0_Nd4001_dt1,p1,dwell,4,xi_0.05,0,4001,1.0,2.5350000000000003e-06,0.07321886766113006,26.761948833000133,1459,1459,0,127.08019191226867,137.08073,0.0,0.05,linear,0.17839869623038365,0.009703386095269027,1.8279083888890416e-10,1.8837840429540928e-08,0.0018391351912636327,1.2928636097459831,0.00013808447664096562,-3.6799627306190037e-06,0.0001420884841200248,1.4287970179409402,0.2188679245283019,0.44628148245110866,0.0008082100918529818,0.009703386095269027,,,,,1.4287970179409402,0.0
dwell_r4_xi_0.1_p+0_Nd4001_dt1,p1,dwell,4,xi_0.1,0,4001,1.0,2.5350000000000003e-06,0.07321886766113006,24.194575470999553,1459,731,728,253.6388508891929,254.40724,0.0364,0.1,atomic,0.294244227378188,0.14461519842248877,1.139331415004757e-09,7.878365672716058e-09,0.0011713651039507848,1.4210405629204572,9.505155108314886e-05,-0.00014254733179706023,0.00015798186652572822,1.5316363143221172,0.09811320754716982,0.46975882438612554,0.0012410407972378633,0.06253585121489717,0.266996768926089,0.17790532955846058,0.31543720239110395,0.18525022896431492,1.7988301181637385,0.2671938038416213
dwell_r4_xi_0.1_p+0_Nd4001_dt1,p1,dwell,4,xi_0.1,0,4001,1.0,2.5350000000000003e-06,0.07321886766113006,24.194575470999553,1459,731,728,253.6388508891929,254.40724,0.0364,0.1,static,0.02962703000150579,0.016632347152471368,1.5575663097381352e-10,9.364681337274154e-09,0.0013494011468526248,1.3665797007006173,9.775477806131748e-05,-3.8827203993457164e-07,8.42789560900992e-06,1.999997641592803,0.0,0.16633470016956922,0.0001802590098302767,0.0085492011999611,,,,,1.7988301181637385,-0.2011675234290644
dwell_r4_xi_0.1_p+0_Nd4001_dt1,p1,dwell,4,xi_0.1,0,4001,1.0,2.5350000000000003e-06,0.07321886766113006,24.194575470999553,1459,731,728,253.6388508891929,254.40724,0.0364,0.1,static_lti,0.10729325743679634,0.02078035610808596,2.1403737009236463e-10,1.0299985668151247e-08,0.0013674319191540696,1.4172263952661148,0.00010269984409403158,3.680444474195407e-08,5.858689858008299e-05,1.9646571033575995,0.011320754716981131,0.2799937782568365,0.0004335285312393145,0.011748126097679936,,,,,1.7988301181637385,-0.16582698519386097
dwell_r4_xi_0.1_p+0_Nd4001_dt1,p1,dwell,4,xi_0.1,0,4001,1.0,2.5350000000000003e-06,0.07321886766113006,24.194575470999553,1459,731,728,253.6388508891929,254.40724,0.0364,0.1,static_mh,0.0731786141273088,0.059580618207579955,5.548475629912085e-10,9.312551290725275e-09,0.0013456060018526225,1.3644047723167592,9.949939923505505e-05,-3.686005164078881e-05,3.155654263874937e-05,1.9965972141387696,0.0,0.25568841179128793,0.00039406050310899517,0.030454584319542906,,,,,1.7988301181637385,-0.19776709597503106
dwell_r4_xi_0.1_p+0_Nd4001_dt1,p1,dwell,4,xi_0.1,0,4001,1.0,2.5350000000000003e-06,0.07321886766113006,24.194575470999553,1459,731,728,253.6388508891929,254.40724,0.0364,0.1,static_lti_mh,0.1088996179965179,0.022341878122975486,2.3017043372961365e-10,1.0302197177099255e-08,0.001367632668542942,1.417602456357734,0.0001027894041931836,-3.641682904142521e-05,5.908384706906279e-05,1.9652482528364759,0.007547169811320755,0.281839670272487,0.00042677505243820884,0.012633640930302418,,,,,1.7988301181637385,-0.16641813467273736
dwell_r4_xi_0.1_p+0_Nd4001_dt1,p1,dwell,4,xi_0.1,0,4001,1.0,2.5350000000000003e-06,0.07321886766113006,24.194575470999553,1459,731,728,253.6388508891929,254.40724,0.0364,0.1,linear,0.11568236705346978,0.009933384158317456,1.8097485536721457e-10,1.8218851952451678e-08,0.0018021426364161167,1.271806494015269,0.00013583368498647002,-4.630587415891124e-06,9.725916153848686e-05,1.7988301181637385,0.06415094339622641,0.2955944716886018,0.000488771674200118,0.009933384158317456,,,,,1.7988301181637385,0.0
dwell_r4_xi_4_p+0_Nd4001_dt1,p1,dwell,4,xi_4,0,4001,1.0,2.5350000000000003e-06,0.07321886766113006,23.050767558999723,1459,18,1441,10300.555555555555,9568.40055,0.07205,4,atomic,0.43761981679710016,0.33000512469166937,1.5857519674018426e-09,4.8052343698706e-09,0.0009216310484606115,1.4679525672499039,8.004657961159431e-05,-5.098677623302569e-05,0.00012673727067121656,1.6334881979741567,0.022641509433962263,0.587420886266486,0.0018030954882750675,0.09669596593476001,0.23747557185800303,0.19776777724050718,0.2379192535057898,0.19761164227461456,2.0,0.3665118020258433
dwell_r4_xi_4_p+0_Nd4001_dt1,p1,dwell,4,xi_4,0,4001,1.0,2.5350000000000003e-06,0.07321886766113006,23.050767558999723,1459,18,1441,10300.555555555555,9568.40055,0.07205,4,static,0.030939190228909515,0.030836317205012568,2.889573078568832e-10,9.370681522562365e-09,0.001338009193724374,1.371895818627387,9.847054708657984e-05,9.916598283462527e-08,3.506197426169293e-06,1.999999996708187,0.0,0.1836312954921179,0.00019382206749598825,0.017620035523530687,,,,,2.0,3.2918130443704285e-09
dwell_r4_xi_4_p+0_Nd4001_dt1,p1,dwell,4,xi_4,0,4001,1.0,2.5350000000000003e-06,0.07321886766113006,23.050767558999723,1459,18,1441,10300.555555555555,9568.40055,0.07205,4,static_lti,0.0675113129841886,0.03249181841506024,3.108054389061602e-10,9.565652341639924e-09,0.0013295648975084362,1.3902759873122597,9.956999207515978e-05,-1.7540749894642836e-06,2.127724070096328e-05,1.9999998782269037,0.0,0.1962078037586329,0.00020118210458311807,0.01895229061708133,,,,,2.0,1.2177309627325883e-07
dwell_r4_xi_4_p+0_Nd4001_dt1,p1,dwell,4,xi_4,0,4001,1.0,2.5350000000000003e-06,0.07321886766113006,23.050767558999723,1459,18,1441,10300.555555555555,9568.40055,0.07205,4,static_mh,0.03225660244945742,0.03214060482957565,3.0135396138364306e-10,9.37611357911779e-09,0.0013383885262505024,1.371293117567983,9.856060721732325e-05,-3.622025228250166e-05,5.594723710428123e-05,1.9999999966418474,0.0,0.18300048597940546,0.00019449170282594157,0.018375958525217135,,,,,2.0,3.3581526448500654e-09
dwell_r4_xi_4_p+0_Nd4001_dt1,p1,dwell,4,xi_4,0,4001,1.0,2.5350000000000003e-06,0.07321886766113006,23.050767558999723,1459,18,1441,10300.555555555555,9568.40055,0.07205,4,static_lti_mh,0.06772605985908413,0.03289103629536496,3.145541701743442e-10,9.56352263728071e-09,0.00132954014708259,1.390191682407659,9.957793553102206e-05,-3.8073545629236684e-05,5.211111215790873e-05,1.9999999195612521,0.0,0.19648502851040883,0.0001991762753308509,0.019180880710903382,,,,,2.0,8.043874788477012e-08
dwell_r4_xi_4_p+0_Nd4001_dt1,p1,dwell,4,xi_4,0,4001,1.0,2.5350000000000003e-06,0.07321886766113006,23.050767558999723,1459,18,1441,10300.555555555555,9568.40055,0.07205,4,linear,0.03860214623150523,0.003680860524142144,6.036375728257695e-11,1.639936011882581e-08,0.001740130594287074,1.2361244769145143,0.0001285451414519041,-2.636220080378776e-06,3.1348534674961754e-05,2.0,0.0,0.09126806017575917,4.911722027379125e-05,0.003680860524142144,,,,,2.0,0.0
dwell_r4_xi_0.05_p+6_Nd4001_dt1,p1,dwell,4,xi_0.05,6,4001,1.0,2.5350000000000003e-06,0.07321886766113006,23.977421765001054,1459,1459,0,127.08019191226867,137.08073,0.0,0.05,atomic,1.5790798472827212,0.5516048395451251,5.4132732596227456e-09,9.813679778601549e-09,0.0005574699065513817,1.7217236687401956,0.00012344621922452767,0.0003316152366239545,0.0003021836681998942,0.33614392645050734,0.49433962264150944,1.2844989055117435,0.028019793629755357,0.07218198764215437,0.8311040607483493,0.9125872128543874,0.8775472810704501,0.9509405137197681,1.4333827032527986,1.0972387768022913
dwell_r4_xi_0.05_p+6_Nd4001_dt1,p1,dwell,4,xi_0.05,6,4001,1.0,2.5350000000000003e-06,0.07321886766113006,23.977421765001054,1459,1459,0,127.08019191226867,137.08073,0.0,0.05,static,0.3946225197450655,0.1189476319933469,1.4784084255153027e-09,1.2429069841407137e-08,0.0007245079846492022,1.5585745981411514,0.00011812794284690385,-7.505882853779564e-08,1.2917666502134342e-05,1.8966486466887928,0.0,0.7130052551598595,0.008331419829837369,0.019713480842834724,,,,,1.4333827032527986,-0.46326594343599425
dwell_r4_xi_0.05_p+6_Nd4001_dt1,p1,dwell,4,xi_0.05,6,4001,1.0,2.5350000000000003e-06,0.07321886766113006,23.977421765001054,1459,1459,0,127.08019191226867,137.08073,0.0,0.05,static_lti,0.738029314316331,0.14077236852045671,1.8995573568405438e-09,1.3493822522169929e-08,0.0006827878162953952,1.587868419997486,0.0001242574024381831,5.134859598126493e-06,8.32769303555309e-05,1.7069354435450756,0.0,0.9443762093997159,0.014386847686466833,0.02532918976763111,,,,,1.4333827032527986,-0.27355274029227705
dwell_r4_xi_0.05_p+6_Nd4001_dt1,p1,dwell,4,xi_0.05,6,4001,1.0,2.5350000000000003e-06,0.07321886766113006,23.977421765001054,1459,1459,0,127.08019191226867,137.08073,0.0,0.05,static_mh,2.2997370526065533,1.6456450961465845,2.0105800937164023e-08,1.2217580196509828e-08,0.0007180687763968114,1.5517122067984248,0.00017998248537422475,2.0926576508431447e-05,7.272654285724907e-05,0.4750777975160437,0.3433962264150943,1.683576620520754,0.053196857273416144,0.26809595695213984,,,,,1.4333827032527986,0.958304905736755
dwell_r4_xi_0.05_p+6_Nd4001_dt1,p1,dwell,4,xi_0.05,6,4001,1.0,2.5350000000000003e-06,0.07321886766113006,23.977421765001054,1459,1459,0,127.08019191226867,137.08073,0.0,0.05,static_lti_mh,0.810074413502849,0.18370095578867324,2.4777937520473733e-09,1.3488191944400057e-08,0.0006813919072172607,1.5893028022128899,0.00012654031894779265,2.6136558587851035e-05,8.69894877812274e-05,1.5918664960581814,0.03773584905660377,0.9951268393679159,0.015571583504815658,0.03303954362033354,,,,,1.4333827032527986,-0.15848379280538283
dwell_r4_xi_0.05_p+6_Nd4001_dt1,p1,dwell,4,xi_0.05,6,4001,1.0,2.5350000000000003e-06,0.07321886766113006,23.977421765001054,1459,1459,0,127.08019191226867,137.08073,0.0,0.05,linear,0.17839869623032242,0.009703386095267589,7.277034367315111e-10,7.499479352742826e-08,0.0018391351912641902,1.2928636097460915,0.0002755147525239194,-7.342490956894631e-06,0.000283503797755739,1.4333827032527986,0.22264150943396227,0.44426719503813317,0.0031891977963619425,0.009703386095267589,,,,,1.4333827032527986,0.0
dwell_r4_xi_4_p+6_Nd4001_dt1,p1,dwell,4,xi_4,6,4001,1.0,2.5350000000000003e-06,0.07321886766113006,24.913392018001105,1459,18,1441,10300.555555555555,9568.40055,0.07205,4,atomic,1.3976509209708967,0.8450043523573808,4.658849114112272e-09,5.51340250628897e-09,0.0004512432809427354,1.789734086939628,0.00010092622637890166,0.0001219033209865289,0.0003569971040817909,1.264077515107167,0.08679245283018867,0.9311908715973635,0.01981331374896373,0.07135949080571154,0.34088846844152565,0.33543512529317115,0.3739044530251207,0.3389643483921683,2.0,0.735922484892833
dwell_r4_xi_4_p+6_Nd4001_dt1,p1,dwell,4,xi_4,6,4001,1.0,2.5350000000000003e-06,0.07321886766113006,24.913392018001105,1459,18,1441,10300.555555555555,9568.40055,0.07205,4,static,0.681177158945753,0.6774549836013822,5.791247104589443e-09,8.548534212270318e-09,0.0006398227845971024,1.6197667899262111,0.00011990519255898412,-1.245061193989361e-07,3.014899450313144e-06,1.7375638746554274,0.0,0.8272222929903285,0.014482920080784587,0.08870440625813213,,,,,2.0,0.2624361253445726
dwell_r4_xi_4_p+6_Nd4001_dt1,p1,dwell,4,xi_4,6,4001,1.0,2.5350000000000003e-06,0.07321886766113006,24.913392018001105,1459,18,1441,10300.555555555555,9568.40055,0.07205,4,static_lti,0.7405488817902459,0.6851705243706384,5.9731648066349815e-09,8.717778413076972e-09,0.0006364684870999132,1.6358035754383433,0.00012135938330795008,1.6682260379882122e-06,2.040997320249344e-05,1.7282443440457225,0.0,0.8293567474743171,0.014655819924006743,0.09149083575360385,,,,,2.0,0.27175565595427753
dwell_r4_xi_4_p+6_Nd4001_dt1,p1,dwell,4,xi_4,6,4001,1.0,2.5350000000000003e-06,0.07321886766113006,24.913392018001105,1459,18,1441,10300.555555555555,9568.40055,0.07205,4,static_mh,0.7845761692195001,0.7799686032083399,6.6913013817847875e-09,8.57893683702221e-09,0.0006408413687617207,1.6147967554795468,0.00012372728661099675,2.1822113265457257e-05,0.00023671439982403465,1.6671097403041268,0.0,0.901264261923102,0.016196554754194542,0.10249051809498239,,,,,2.0,0.33289025969587316
dwell_r4_xi_4_p+6_Nd4001_dt1,p1,dwell,4,xi_4,6,4001,1.0,2.5350000000000003e-06,0.07321886766113006,24.913392018001105,1459,18,1441,10300.555555555555,9568.40055,0.07205,4,static_lti_mh,0.7461031998256848,0.6893642312299652,6.00932546029794e-09,8.71719939628444e-09,0.000636224459073495,1.6363750612074726,0.00012150394947632853,2.361211783833038e-05,0.00019940097937041037,1.7224667766514612,0.0037735849056603774,0.8384738496045456,0.014841289873670562,0.09204470770124304,,,,,2.0,0.2775332233485388
dwell_r4_xi_4_p+6_Nd4001_dt1,p1,dwell,4,xi_4,6,4001,1.0,2.5350000000000003e-06,0.07321886766113006,24.913392018001105,1459,18,1441,10300.555555555555,9568.40055,0.07205,4,linear,0.03860214623150386,0.003680860524140436,2.403124461573365e-10,6.528702855793616e-08,0.001740130594287091,1.2361244769145028,0.00025648127651132856,-5.259950580343757e-06,6.254854986644692e-05,2.0,0.0,0.08348017779717036,0.00016695141942595545,0.003680860524140436,,,,,2.0,0.0
shuffle_r4_ORIGINAL_p+3_Nd4001_dt1,p1,shuffle,4,ORIGINAL,3,4001,1.0,2.5350000000000003e-06,0.07321886766113006,24.102870944998358,328,634,atomic,1.1863518231072068,0.7823246876128676,3.2294068536172006e-09,4.127962347029075e-09,0.0005623814681114486,1.70752154294584,8.588999495408549e-05,1.3754268309507081e-05,0.00030462223368788875,0.8054431122755341,0.15471698113207547,1.1222704235858407,0.012856680289186002,0.09878627702032118,0.3588739568094073,0.347057792380857,0.4194227326917577,0.3489122730954641,1.9352898613440013,1.1298467490684672
shuffle_r4_ORIGINAL_p+3_Nd4001_dt1,p1,shuffle,4,ORIGINAL,3,4001,1.0,2.5350000000000003e-06,0.07321886766113006,24.102870944998358,328,634,static,0.8641652554969708,0.7304012034504989,3.997432343138338e-09,5.472926830150348e-09,0.0006909884231013762,1.571479103551828,9.746018949133926e-05,6.110795436817167e-08,2.4747871399799752e-06,0.9960768415402589,0.01509433962264151,0.9798334205838344,0.01330220195637404,0.1222798726574029,,,,,1.9352898613440013,0.9392130198037424
shuffle_r4_ORIGINAL_p+3_Nd4001_dt1,p1,shuffle,4,ORIGINAL,3,4001,1.0,2.5350000000000003e-06,0.07321886766113006,24.102870944998358,328,634,static_lti,0.9562608408734229,0.7085788549650519,4.110464337261454e-09,5.800997741407607e-09,0.0006900574225863582,1.5877229848739347,9.969701859345645e-05,2.0209210334898683e-06,1.4625426468129562e-05,0.9983930076282478,0.045283018867924525,0.9687669189835317,0.012967605640264468,0.1257374766044245,,,,,1.9352898613440013,0.9368968537157535
shuffle_r4_ORIGINAL_p+3_Nd4001_dt1,p1,shuffle,4,ORIGINAL,3,4001,1.0,2.5350000000000003e-06,0.07321886766113006,24.102870944998358,328,634,static_mh,1.0839147575170254,0.9262301058354286,5.05448634730253e-09,5.457052535280692e-09,0.0006885300926583236,1.5752463241770327,0.00010265491227957561,-5.437827164361475e-05,0.0004071591730935769,0.7901786046326138,0.03773584905660377,1.6173411065511547,0.02999071152611731,0.15461473612121263,,,,,1.9352898613440013,1.1451112567113875
shuffle_r4_ORIGINAL_p+3_Nd4001_dt1,p1,shuffle,4,ORIGINAL,3,4001,1.0,2.5350000000000003e-06,0.07321886766113006,24.102870944998358,328,634,static_lti_mh,0.9555203611058376,0.7123132170351916,4.142752674787504e-09,5.815914369847826e-09,0.0006918296739205873,1.5871699812467883,9.993318694242783e-05,-5.277336801768594e-05,0.00021592289991533706,1.008519590344888,0.033962264150943396,1.0101427322721497,0.013455091005045458,0.12672516406529719,,,,,1.9352898613440013,0.9267702709991132
shuffle_r4_ORIGINAL_p+3_Nd4001_dt1,p1,shuffle,4,ORIGINAL,3,4001,1.0,2.5350000000000003e-06,0.07321886766113006,24.102870944998358,328,634,linear,0.04248929037045529,5.9252927407131946e-05,1.937028255717256e-12,3.269084483215097e-08,0.0017168007247459636,1.2408586729274655,0.00018097398155535562,3.7766315046811804e-06,2.276137456858467e-05,1.9352898613440013,0.0037735849056603774,0.10433602472747855,9.659267647525118e-05,5.9252927407131946e-05,,,,,1.9352898613440013,0.0
shuffle_r4_BLOCK_SHUFFLED_CYCLES_p+3_Nd4001_dt1,p1,shuffle,4,BLOCK_SHUFFLED_CYCLES,3,4001,1.0,2.5350000000000003e-06,0.07321886766113006,23.815571541999816,328,634,atomic,0.9732287453563928,0.7074067725407275,3.222680866854068e-09,4.5556262562760935e-09,0.0006093198325588878,1.7049029353761602,8.821923811139451e-05,1.7447164948006304e-05,0.00030408219253315577,0.8153261753426717,0.15849056603773584,0.9734517343572289,0.009267923836026516,0.09725632220259714,0.385179541282319,0.3782505947858109,0.45088442631678893,0.3802557810032198,1.930182981536253,1.1148568061935813
shuffle_r4_BLOCK_SHUFFLED_CYCLES_p+3_Nd4001_dt1,p1,shuffle,4,BLOCK_SHUFFLED_CYCLES,3,4001,1.0,2.5350000000000003e-06,0.07321886766113006,23.815571541999816,328,634,static,0.8668401264344047,0.7946715927208776,4.1766767544634925e-09,5.25585259712501e-09,0.0006898457711198787,1.5738876435080118,9.717241283444973e-05,-8.034925495137194e-09,2.5171884609966845e-06,1.0202918821519202,0.04150943396226415,0.9440239498722842,0.008996556087306127,0.12604667882139176,,,,,1.930182981536253,0.9098910993843328
shuffle_r4_BLOCK_SHUFFLED_CYCLES_p+3_Nd4001_dt1,p1,shuffle,4,BLOCK_SHUFFLED_CYCLES,3,4001,1.0,2.5350000000000003e-06,0.07321886766113006,23.815571541999816,328,634,static_lti,0.9572967769705507,0.7843335072803498,4.3405695348633755e-09,5.534086577423111e-09,0.0006893251704152851,1.5947969662059673,9.942078688032099e-05,1.7306803981876068e-06,1.534667278614776e-05,1.1011595696108603,0.052830188679245285,0.9093822594688528,0.00895849661156692,0.13099275003222516,,,,,1.930182981536253,0.8290234119253928
shuffle_r4_BLOCK_SHUFFLED_CYCLES_p+3_Nd4001_dt1,p1,shuffle,4,BLOCK_SHUFFLED_CYCLES,3,4001,1.0,2.5350000000000003e-06,0.07321886766113006,23.815571541999816,328,634,static_mh,1.049625621782491,0.9530414285137911,5.145801142155364e-09,5.399346752616957e-09,0.0006961142979193279,1.5719211480814774,0.00010273780098718404,-5.440568080410342e-05,0.00040758519570049647,0.8156510618316033,0.052830188679245285,0.9318238323898334,0.009143477097675884,0.15529359392029948,,,,,1.930182981536253,1.1145319197046497
shuffle_r4_BLOCK_SHUFFLED_CYCLES_p+3_Nd4001_dt1,p1,shuffle,4,BLOCK_SHUFFLED_CYCLES,3,4001,1.0,2.5350000000000003e-06,0.07321886766113006,23.815571541999816,328,634,static_lti_mh,0.9744018234085788,0.7984800747535367,4.4122096239782106e-09,5.525760458506254e-09,0.0006885295091154633,1.5967906480803,9.97397334316787e-05,-5.278175455794855e-05,0.00018366695522127916,1.0744252980385913,0.05660377358490566,0.9037770401023727,0.009416119745102022,0.13315475485908743,,,,,1.930182981536253,0.8557576834976617
shuffle_r4_BLOCK_SHUFFLED_CYCLES_p+3_Nd4001_dt1,p1,shuffle,4,BLOCK_SHUFFLED_CYCLES,3,4001,1.0,2.5350000000000003e-06,0.07321886766113006,23.815571541999816,328,634,linear,0.043975776110502914,7.388019302320589e-05,2.4480905621682354e-12,3.3135952438555296e-08,0.0017290678984611262,1.2418861091478954,0.0001821161870011599,1.104377292415041e-06,2.569459512742165e-05,1.930182981536253,0.011320754716981131,0.10526143130790723,9.787301959408866e-05,7.388019302320589e-05,,,,,1.930182981536253,0.0
shuffle_r4_ORIGINAL_p+6_Nd4001_dt1,p1,shuffle,4,ORIGINAL,6,4001,1.0,2.5350000000000003e-06,0.07321886766113006,23.60549743899901,328,634,atomic,1.6293930117623836,1.0262338040272387,4.415122493011935e-09,4.302257902327632e-09,0.00039518003669130534,1.8755548671600413,9.348293242191202e-05,8.600815060558205e-05,0.00046583981291244207,0.6871316983141881,0.20754716981132076,1.196996835689328,0.03030945343672371,0.06768876851484544,0.4545064463247679,0.45563446574242306,0.5434808873177179,0.45681038722152134,1.9384367932974542,1.251305094983266
shuffle_r4_ORIGINAL_p+6_Nd4001_dt1,p1,shuffle,4,ORIGINAL,6,4001,1.0,2.5350000000000003e-06,0.07321886766113006,23.60549743899901,328,634,static,1.3506696442917994,1.131982956202551,6.5722964532330415e-09,5.8060030119897226e-09,0.0004980402515255092,1.743123051577467,0.0001114677009285475,1.1251350729560849e-07,3.122958459794405e-06,0.7943598022688813,0.07924528301886792,1.3026925510560208,0.03937444809718156,0.10076065928815184,,,,,1.9384367932974542,1.144076991028573
shuffle_r4_ORIGINAL_p+6_Nd4001_dt1,p1,shuffle,4,ORIGINAL,6,4001,1.0,2.5350000000000003e-06,0.07321886766113006,23.60549743899901,328,634,static_lti,1.470189010140613,1.1155827822859832,6.8753313906906514e-09,6.162995252223369e-09,0.000498626764958344,1.7654547129209581,0.00011438955136719831,1.9322176163987004e-06,1.771686951376441e-05,0.7561164740389097,0.1169811320754717,1.3406365738201473,0.04123941277831064,0.10540652398747659,,,,,1.9384367932974542,1.1823203192585445
shuffle_r4_ORIGINAL_p+6_Nd4001_dt1,p1,shuffle,4,ORIGINAL,6,4001,1.0,2.5350000000000003e-06,0.07321886766113006,23.60549743899901,328,634,static_mh,1.9919161140732136,1.6297743752260887,9.22941797519532e-09,5.663003490231572e-09,0.00048421440311385746,1.7171513762983022,0.00012223407050274617,-8.520349833339116e-05,0.0006974104220885164,0.6583000366859435,0.04150943396226415,1.5051079178631315,0.05825311813967233,0.14149730564407714,,,,,1.9384367932974542,1.2801367566115107
shuffle_r4_ORIGINAL_p+6_Nd4001_dt1,p1,shuffle,4,ORIGINAL,6,4001,1.0,2.5350000000000003e-06,0.07321886766113006,23.60549743899901,328,634,static_lti_mh,1.5087846408730992,1.1462898022879096,7.055915614903791e-09,6.155437831533271e-09,0.0004980485904443349,1.7649743524108465,0.0001151413192512195,-8.409608541065923e-05,0.00042000757037845396,0.7599821619324834,0.11320754716981132,1.4220037752828243,0.04390937291009683,0.10817508222556466,,,,,1.9384367932974542,1.1784546313649709
shuffle_r4_ORIGINAL_p+6_Nd4001_dt1,p1,shuffle,4,ORIGINAL,6,4001,1.0,2.5350000000000003e-06,0.07321886766113006,23.60549743899901,328,634,linear,0.04248929037045522,5.9252927407079966e-05,3.8648794816591506e-12,6.522681073808595e-08,0.0017168007247459554,1.2408586729274647,0.0002556325435468052,5.334633792566976e-06,3.2151296145348666e-05,1.9384367932974542,0.007547169811320755,0.10184517075458667,0.00018544747859792736,5.9252927407079966e-05,,,,,1.9384367932974542,0.0
shuffle_r4_BLOCK_SHUFFLED_CYCLES_p+6_Nd4001_dt1,p1,shuffle,4,BLOCK_SHUFFLED_CYCLES,6,4001,1.0,2.5350000000000003e-06,0.07321886766113006,24.49956192100035,328,634,atomic,1.3202440249921414,0.8836711941391735,4.294686853254852e-09,4.8600507538762906e-09,0.00043156638151939565,1.8754845217444118,9.571377901582301e-05,0.00010757491268706011,0.0004746092316410868,0.6905607450603145,0.22264150943396227,1.0727982061635175,0.02269947324218997,0.0649579102115617,0.5080752188500147,0.5083078438327598,0.6010429068088647,0.5114220485441593,1.9395236071808404,1.2489628621205258
shuffle_r4_BLOCK_SHUFFLED_CYCLES_p+6_Nd4001_dt1,p1,shuffle,4,BLOCK_SHUFFLED_CYCLES,6,4001,1.0,2.5350000000000003e-06,0.07321886766113006,24.49956192100035,328,634,static,1.3476939223641196,1.2361249018930693,6.826704696641495e-09,5.522665780930961e-09,0.0004983026068912969,1.7467815912069597,0.00011123599132937909,6.74449725117273e-08,2.901215227580862e-06,0.8127227177594145,0.06792452830188679,1.1751373442183248,0.02730919050244741,0.10325513497898096,,,,,1.9395236071808404,1.1268008894214259
shuffle_r4_BLOCK_SHUFFLED_CYCLES_p+6_Nd4001_dt1,p1,shuffle,4,BLOCK_SHUFFLED_CYCLES,6,4001,1.0,2.5350000000000003e-06,0.07321886766113006,24.49956192100035,328,634,static_lti,1.463105140179519,1.2305597884078345,7.1774043454343255e-09,5.83263358111258e-09,0.0004993318785077046,1.7756451541537177,0.00011416487941259494,2.358781806671501e-06,1.964256595410554e-05,0.7873033135998048,0.10943396226415095,1.198234587097425,0.027463356713690653,0.10855953017143741,,,,,1.9395236071808404,1.1522202935810357
shuffle_r4_BLOCK_SHUFFLED_CYCLES_p+6_Nd4001_dt1,p1,shuffle,4,BLOCK_SHUFFLED_CYCLES,6,4001,1.0,2.5350000000000003e-06,0.07321886766113006,24.49956192100035,328,634,static_mh,2.0645048318728847,1.9077455496414284,9.834348869983335e-09,5.1549583600558036e-09,0.00048050964858418674,1.7162568897773895,0.00012251702520551898,-8.586937191919629e-05,0.0006963703766227747,-0.3264233130611469,0.13962264150943396,1.8135224381866164,0.04137911573021537,0.1487462934349692,,,,,1.9395236071808404,2.265946920241987
shuffle_r4_BLOCK_SHUFFLED_CYCLES_p+6_Nd4001_dt1,p1,shuffle,4,BLOCK_SHUFFLED_CYCLES,6,4001,1.0,2.5350000000000003e-06,0.07321886766113006,24.49956192100035,328,634,static_lti_mh,1.4882070667957923,1.2543678766121067,7.315728801378855e-09,5.832203564665366e-09,0.0004994326819409586,1.7773562210763592,0.00011476591168832109,-8.35769594495362e-05,0.0003534103434603549,0.6445650926759705,0.1320754716981132,1.1700347691200232,0.026367406869124,0.11065171241808902,,,,,1.9395236071808404,1.2949585145048699
shuffle_r4_BLOCK_SHUFFLED_CYCLES_p+6_Nd4001_dt1,p1,shuffle,4,BLOCK_SHUFFLED_CYCLES,6,4001,1.0,2.5350000000000003e-06,0.07321886766113006,24.49956192100035,328,634,linear,0.04397577611050645,7.38801930229545e-05,4.884582842308549e-12,6.611491717124932e-08,0.001729067898461098,1.2418861091479014,0.00025724595162267456,1.5599743889646894e-06,3.629458031136333e-05,1.9395236071808404,0.011320754716981131,0.10309513187781025,0.00018551476793198318,7.38801930229545e-05,,,,,1.9395236071808404,0.0
dwell_r5_xi_0.05_p+3_Nd4001_dt1,p1,dwell,5,xi_0.05,3,4001,1.0,2.5350000000000003e-06,0.07321886766113006,23.84881331500037,1459,1459,0,127.08019191226867,137.08073,0.0,0.05,atomic,0.7830565349789677,0.31873560065941026,3.016780556700223e-09,9.464837158004982e-09,0.0008568919735515001,1.5528643384108352,0.00011175308682740326,1.7447173588366895e-06,0.0002425210367768273,0.8502209628727512,0.2830188679245283,0.7957929710699456,0.006468339972830755,0.08064803663805219,0.5682396505061815,0.5279763268733635,0.8105706809132818,0.6030264991605544,1.6519666201924954,0.8017456573197442
dwell_r5_xi_0.05_p+3_Nd4001_dt1,p1,dwell,5,xi_0.05,3,4001,1.0,2.5350000000000003e-06,0.07321886766113006,23.84881331500037,1459,1459,0,127.08019191226867,137.08073,0.0,0.05,static,0.10652402845118467,0.03686836353762041,4.0883323381430324e-10,1.1088998658623147e-08,0.0010440005941606647,1.416632139396476,0.00010729950014063507,4.6790102801643744e-08,7.405462744926935e-06,1.998520726118349,0.0,0.34270503040118516,0.0009824214834434875,0.010929398741409904,,,,,1.6519666201924954,-0.3465541059258537
dwell_r5_xi_0.05_p+3_Nd4001_dt1,p1,dwell,5,xi_0.05,3,4001,1.0,2.5350000000000003e-06,0.07321886766113006,23.84881331500037,1459,1459,0,127.08019191226867,137.08073,0.0,0.05,static_lti,0.18660753647461836,0.04479767995472008,5.26293842688693e-10,1.1748238819971308e-08,0.0010416507356126711,1.468040294792227,0.00011086326726221714,-4.37176925728899e-06,4.774811424387689e-05,1.9846704274538682,0.0,0.3924171366958125,0.0013135096432924252,0.014069490408664384,,,,,1.6519666201924954,-0.33270380726137283
dwell_r5_xi_0.05_p+3_Nd4001_dt1,p1,dwell,5,xi_0.05,3,4001,1.0,2.5350000000000003e-06,0.07321886766113006,23.84881331500037,1459,1459,0,127.08019191226867,137.08073,0.0,0.05,static_mh,1.7076574749258235,1.559349475145944,1.8000738370285108e-08,1.1543748631845575e-08,0.0010698294718530174,1.4019743479860811,0.00017193182743578846,3.0165303409231746e-05,6.705511036920126e-05,0.5212027544662109,0.3169811320754717,1.2917777110362185,0.017385576259766635,0.48121637630370173,,,,,1.6519666201924954,1.1307638657262844
dwell_r5_xi_0.05_p+3_Nd4001_dt1,p1,dwell,5,xi_0.05,3,4001,1.0,2.5350000000000003e-06,0.07321886766113006,23.84881331500037,1459,1459,0,127.08019191226867,137.08073,0.0,0.05,static_lti_mh,0.21431348442069093,0.07108750454219523,8.317924954214568e-10,1.1700966305938223e-08,0.0010404737431113347,1.466307743324631,0.00011202161518279478,2.578385289318518e-05,5.2316361814990524e-05,1.967860321784479,0.0,0.4286457940342017,0.001639505776273938,0.02223643065353808,,,,,1.6519666201924954,-0.3158937015919836
dwell_r5_xi_0.05_p+3_Nd4001_dt1,p1,dwell,5,xi_0.05,3,4001,1.0,2.5350000000000003e-06,0.07321886766113006,23.84881331500037,1459,1459,0,127.08019191226867,137.08073,0.0,0.05,linear,0.1787701663164753,0.009768614139149935,3.654120599755516e-10,3.7406745191324527e-08,0.001833346356497726,1.2933899830629534,0.00019443269822893306,-1.34915027390228e-05,0.00020457805011006735,1.6519666201924954,0.12830188679245283,0.3770960678820286,0.0014701484907719772,0.009768614139149935,,,,,1.6519666201924954,0.0
dwell_r5_xi_0.1_p+3_Nd4001_dt1,p1,dwell,5,xi_0.1,3,4001,1.0,2.5350000000000003e-06,0.07321886766113006,38.696126938000816,1459,731,728,253.6388508891929,254.40724,0.0364,0.1,atomic,0.570227734387962,0.2706247229146966,2.223602149080464e-09,8.216552150637634e-09,0.0008096812189867016,1.566719852375787,0.00010222255746501852,-1.2617727730709792e-05,0.00021841542472800056,1.0444217977256878,0.19622641509433963,0.7371283317612981,0.005504284378995884,0.060874357791246045,0.4943533917645462,0.4658514154921798,0.7331752428263429,0.5095583800395089,1.801367339787863,0.7569455420621751
dwell_r5_xi_0.1_p+3_Nd4001_dt1,p1,dwell,5,xi_0.1,3,4001,1.0,2.5350000000000003e-06,0.07321886766113006,38.696126938000816,1459,731,728,253.6388508891929,254.40724,0.0364,0.1,static,0.14775959968734573,0.07465958258739241,8.041680312904253e-10,1.0771129484270961e-08,0.0009972006277239084,1.4337911364927516,0.00010765519862748987,-5.8811678667995316e-08,5.374818800372247e-06,1.9958371876296213,0.0,0.38377424918157377,0.0016131642340832877,0.022015274846401426,,,,,1.801367339787863,-0.19446984784175836
dwell_r5_xi_0.1_p+3_Nd4001_dt1,p1,dwell,5,xi_0.1,3,4001,1.0,2.5350000000000003e-06,0.07321886766113006,38.696126938000816,1459,731,728,253.6388508891929,254.40724,0.0364,0.1,static_lti,0.21053635935432627,0.08275624944558133,9.329249926738992e-10,1.1273166666251229e-08,0.000997105985381771,1.4741970037070207,0.00011055056790747814,-1.044366381907203e-06,3.8139414681059505e-05,1.9855707380246292,0.0,0.40370026054433894,0.0018318402990698812,0.025540184794259013,,,,,1.801367339787863,-0.18420339823676635
dwell_r5_xi_0.1_p+3_Nd4001_dt1,p1,dwell,5,xi_0.1,3,4001,1.0,2.5350000000000003e-06,0.07321886766113006,38.696126938000816,1459,731,728,253.6388508891929,254.40724,0.0364,0.1,static_mh,0.8718630166831963,0.7424261931279117,8.00788701819042e-09,1.0786105194446918e-08,0.0009949801539938035,1.429852945536195,0.00013711832633646242,3.0275236851711882e-05,0.00013426881605186638,1.206893929552729,0.12830188679245283,0.917164724719185,0.009488555147242133,0.21922760764500326,,,,,1.801367339787863,0.5944734102351339
dwell_r5_xi_0.1_p+3_Nd4001_dt1,p1,dwell,5,xi_0.1,3,4001,1.0,2.5350000000000003e-06,0.07321886766113006,38.696126938000816,1459,731,728,253.6388508891929,254.40724,0.0364,0.1,static_lti_mh,0.2263130458638737,0.09780231744586744,1.1019356998894058e-09,1.126696921572759e-08,0.0009972565104312697,1.4742401058146917,0.00011128557959429812,2.9421185787725175e-05,6.129599759782763e-05,1.980467018040038,0.0,0.41940619354939596,0.0018971791469992035,0.030167099850013434,,,,,1.801367339787863,-0.1790996782521752
dwell_r5_xi_0.1_p+3_Nd4001_dt1,p1,dwell,5,xi_0.1,3,4001,1.0,2.5350000000000003e-06,0.07321886766113006,38.696126938000816,1459,731,728,253.6388508891929,254.40724,0.0364,0.1,linear,0.11875032380466026,0.009913821092041671,3.621293872447745e-10,3.652773071883193e-08,0.0018031375023243395,1.2728500953857131,0.00019214155804871556,-6.620720007324132e-06,0.00013470488349507953,1.801367339787863,0.05660377358490566,0.29722773045018125,0.0010628441001293751,0.009913821092041671,,,,,1.801367339787863,0.0
dwell_r5_xi_0.25_p+3_Nd4001_dt1,p1,dwell,5,xi_0.25,3,4001,1.0,2.5350000000000003e-06,0.07321886766113006,24.601389041001312,1459,293,1166,632.7986348122867,605.90671,0.0583,0.25,atomic,0.6093167101375672,0.3217252378034827,1.7614378528227567e-09,5.474975680641766e-09,0.0006613531636312945,1.633762930863675,8.510653384709017e-05,5.5958995286871266e-05,0.00026691155878214056,1.1464842529261938,0.14339622641509434,0.7258112035904155,0.004742637964694231,0.051327910201695304,0.4519477625189401,0.4253854372922345,0.5964415402979143,0.44256538999770795,1.9044418932227338,0.75795764029654
dwell_r5_xi_0.25_p+3_Nd4001_dt1,p1,dwell,5,xi_0.25,3,4001,1.0,2.5350000000000003e-06,0.07321886766113006,24.601389041001312,1459,293,1166,632.7986348122867,605.90671,0.0583,0.25,static,0.1590006867029899,0.12436392195257781,1.2809469775971086e-09,1.0299988593842808e-08,0.0009858764288425187,1.4383526001836924,0.00010772477998569788,-2.164938917786437e-07,4.02386836019015e-06,1.995763643273419,0.0,0.41422759328834924,0.0018158785222330764,0.03732651216384031,,,,,1.9044418932227338,-0.0913217500506851
dwell_r5_xi_0.25_p+3_Nd4001_dt1,p1,dwell,5,xi_0.25,3,4001,1.0,2.5350000000000003e-06,0.07321886766113006,24.601389041001312,1459,293,1166,632.7986348122867,605.90671,0.0583,0.25,static_lti,0.19750194476459682,0.13082357731556032,1.393831544686663e-09,1.0654283985252855e-08,0.000989267986372847,1.4626870084771462,0.00010987086516084622,2.353503976670916e-06,2.631340397079374e-05,1.9916583717973335,0.0,0.4169877270010248,0.001907180111809595,0.04061594353006458,,,,,1.9044418932227338,-0.08721647857459969
dwell_r5_xi_0.25_p+3_Nd4001_dt1,p1,dwell,5,xi_0.25,3,4001,1.0,2.5350000000000003e-06,0.07321886766113006,24.601389041001312,1459,293,1166,632.7986348122867,605.90671,0.0583,0.25,static_mh,0.44829084386829887,0.40158179686605766,4.051967155333169e-09,1.0090016995179316e-08,0.0009745851456656289,1.4372814261763227,0.00011899820677420079,2.964489581528978e-05,0.00021093103869759648,1.5557828068874864,0.07169811320754717,0.7487858048330038,0.004499222844456344,0.11807342845270817,,,,,1.9044418932227338,0.34865908633524745
dwell_r5_xi_0.25_p+3_Nd4001_dt1,p1,dwell,5,xi_0.25,3,4001,1.0,2.5350000000000003e-06,0.07321886766113006,24.601389041001312,1459,293,1166,632.7986348122867,605.90671,0.0583,0.25,static_lti_mh,0.20227430891658982,0.13527317505073377,1.4419863032825481e-09,1.0659809697981406e-08,0.0009894996333393122,1.4632493008574787,0.00011011698727397555,3.276474428879092e-05,8.678020120553672e-05,1.9913560383378723,0.0,0.42949311560049547,0.001912916452813836,0.04201916256560021,,,,,1.9044418932227338,-0.08691414511513851
dwell_r5_xi_0.25_p+3_Nd4001_dt1,p1,dwell,5,xi_0.25,3,4001,1.0,2.5350000000000003e-06,0.07321886766113006,24.601389041001312,1459,293,1166,632.7986348122867,605.90671,0.0583,0.25,linear,0.06968999289243105,0.007823594550443614,2.6848503147969693e-10,3.431734987653128e-08,0.0017734243723811437,1.247465770991952,0.00018615172768040713,-1.1117661786154707e-06,8.853881724254589e-05,1.9044418932227338,0.022641509433962263,0.21923332588114763,0.0003737125691356065,0.007823594550443614,,,,,1.9044418932227338,0.0
dwell_r5_xi_0.5_p+3_Nd4001_dt1,p1,dwell,5,xi_0.5,3,4001,1.0,2.5350000000000003e-06,0.07321886766113006,24.016703807999875,1459,146,1313,1269.9315068493152,1196.56055,0.06565,0.5,atomic,0.7020323996143669,0.4596898556247238,2.30276236982043e-09,5.00938261230705e-09,0.0006439701390557851,1.658006238048522,8.55748510826928e-05,9.477957286842e-05,0.00031663462800924546,1.3134844625542281,0.12830188679245283,0.7250895190655552,0.005814924241519422,0.06973910961279475,0.41617694707950015,0.39702032299529877,0.502261276084147,0.4046429658381175,1.9524848854689347,0.6390004229147066
dwell_r5_xi_0.5_p+3_Nd4001_dt1,p1,dwell,5,xi_0.5,3,4001,1.0,2.5350000000000003e-06,0.07321886766113006,24.016703807999875,1459,146,1313,1269.9315068493152,1196.56055,0.06565,0.5,static,0.1631986548983985,0.15074538247720382,1.5215215636988755e-09,1.009332119296566e-08,0.0009817636897626707,1.4408412455776884,0.00010783887642812413,1.0284446491355629e-07,3.536924471620082e-06,1.9966320322446387,0.0,0.40424396775973165,0.0017878910026268573,0.04607924834089642,,,,,1.9524848854689347,-0.04414714677570397
dwell_r5_xi_0.5_p+3_Nd4001_dt1,p1,dwell,5,xi_0.5,3,4001,1.0,2.5350000000000003e-06,0.07321886766113006,24.016703807999875,1459,146,1313,1269.9315068493152,1196.56055,0.06565,0.5,static_lti,0.20048760672467922,0.15559530089538054,1.6091262281458541e-09,1.0341740520992993e-08,0.0009802754034905787,1.460535902784751,0.00010938317848539704,-3.076085134730117e-07,2.2944606796190886e-05,1.996466513563517,0.0,0.40944776715092307,0.0017369143999524266,0.04873235374878806,,,,,1.9524848854689347,-0.04398162809458217
dwell_r5_xi_0.5_p+3_Nd4001_dt1,p1,dwell,5,xi_0.5,3,4001,1.0,2.5350000000000003e-06,0.07321886766113006,24.016703807999875,1459,146,1313,1269.9315068493152,1196.56055,0.06565,0.5,static_mh,0.3100430672258913,0.2903248050794958,2.934755467599947e-09,1.010852471526283e-08,0.0009803425871811988,1.4442433983280916,0.00011428851516665788,2.9985385770411846e-05,0.00022408584007568575,1.7832239009203956,0.03773584905660377,0.5604996453838701,0.00345551915775191,0.08887900719762995,,,,,1.9524848854689347,0.1692609845485391
dwell_r5_xi_0.5_p+3_Nd4001_dt1,p1,dwell,5,xi_0.5,3,4001,1.0,2.5350000000000003e-06,0.07321886766113006,24.016703807999875,1459,146,1313,1269.9315068493152,1196.56055,0.06565,0.5,static_lti_mh,0.20324593948012182,0.15742188169523322,1.6303366711359426e-09,1.0356480646650215e-08,0.0009806227965329037,1.4606306608452788,0.0001095454884560841,2.980821801917564e-05,0.00010649033684107804,1.9955699317164408,0.0,0.4138475095611639,0.0017933378309654443,0.04937471156564654,,,,,1.9524848854689347,-0.04308504624750609
dwell_r5_xi_0.5_p+3_Nd4001_dt1,p1,dwell,5,xi_0.5,3,4001,1.0,2.5350000000000003e-06,0.07321886766113006,24.016703807999875,1459,146,1313,1269.9315068493152,1196.56055,0.06565,0.5,linear,0.04944550223636904,0.0059693865137427785,1.971071714434177e-10,3.301966977504903e-08,0.0017479380803376368,1.2397056116476863,0.0001823148399399111,2.446556315275601e-06,6.72326472432916e-05,1.9524848854689347,0.007547169811320755,0.16503909468465142,0.00027994329268148744,0.0059693865137427785,,,,,1.9524848854689347,0.0
dwell_r5_xi_1_p+3_Nd4001_dt1,p1,dwell,5,xi_1,3,4001,1.0,2.5350000000000003e-06,0.07321886766113006,27.136431610000727,1459,73,1386,2539.8630136986303,2373.85055,0.0693,1,atomic,0.690595253980148,0.49953091721054843,2.8700044150953993e-09,5.745398965737519e-09,0.0006986531108377666,1.607657377945275,9.288339708489957e-05,9.729520885994785e-05,0.0003202249232642068,1.2101475793517118,0.07547169811320754,0.7384164875856423,0.005640574155503222,0.08655997686510741,0.3561404516028008,0.33009244695340606,0.4058222894670216,0.3337200218001971,1.9394383152698984,0.7292907359181866
dwell_r5_xi_1_p+3_Nd4001_dt1,p1,dwell,5,xi_1,3,4001,1.0,2.5350000000000003e-06,0.07321886766113006,27.136431610000727,1459,73,1386,2539.8630136986303,2373.85055,0.0693,1,static,0.16543746307182475,0.1620847718715392,1.6223441021982143e-09,1.000923210407458e-08,0.000977728803912949,1.442427701564512,0.00010791344007264915,-9.004875933104431e-08,3.365079911877947e-06,1.9959150621314818,0.0,0.41952494283392977,0.0018088937774817626,0.04893026199363982,,,,,1.9394383152698984,-0.05647674686158344
dwell_r5_xi_1_p+3_Nd4001_dt1,p1,dwell,5,xi_1,3,4001,1.0,2.5350000000000003e-06,0.07321886766113006,27.136431610000727,1459,73,1386,2539.8630136986303,2373.85055,0.0693,1,static_lti,0.1985700692945153,0.16190464491545903,1.6691295084347494e-09,1.0309336766133614e-08,0.00097839112553114,1.4610655893092903,0.00010950823011644621,1.390296024756716e-06,2.1085497170812547e-05,1.994479988088703,0.0,0.4199302122779426,0.0018150185552491935,0.050341320339110866,,,,,1.9394383152698984,-0.055041672818804566
dwell_r5_xi_1_p+3_Nd4001_dt1,p1,dwell,5,xi_1,3,4001,1.0,2.5350000000000003e-06,0.07321886766113006,27.136431610000727,1459,73,1386,2539.8630136986303,2373.85055,0.0693,1,static_mh,0.24780819256110212,0.2437689224729275,2.422494415137822e-09,9.937667158564314e-09,0.000974051163250107,1.4419268310390565,0.0001112418329882719,3.0704411647700223e-05,0.00023182519916638847,1.9103907046321145,0.007547169811320755,0.5117359218755109,0.0030486867802704287,0.0730629748955322,,,,,1.9394383152698984,0.029047610637783938
dwell_r5_xi_1_p+3_Nd4001_dt1,p1,dwell,5,xi_1,3,4001,1.0,2.5350000000000003e-06,0.07321886766113006,27.136431610000727,1459,73,1386,2539.8630136986303,2373.85055,0.0693,1,static_lti_mh,0.20052153724679345,0.16354358901225044,1.6864947624695954e-09,1.0312203447750351e-08,0.000978420850165127,1.4614633084143058,0.00010960047746557811,3.112385911852394e-05,0.00013474929651911656,1.9946046983662844,0.0,0.42173769722581156,0.0018276939730062485,0.05086506029560951,,,,,1.9394383152698984,-0.055166383096385996
dwell_r5_xi_1_p+3_Nd4001_dt1,p1,dwell,5,xi_1,3,4001,1.0,2.5350000000000003e-06,0.07321886766113006,27.136431610000727,1459,73,1386,2539.8630136986303,2373.85055,0.0693,1,linear,0.043735736134956724,0.004589639043686572,1.5217522920092733e-10,3.315625210445622e-08,0.001748338007663921,1.2377024573952964,0.00018259259376392418,8.814166193554222e-08,5.930810357850488e-05,1.9394383152698984,0.0037735849056603774,0.11727010632156486,0.00020903915462892517,0.004589639043686572,,,,,1.9394383152698984,0.0
dwell_r5_xi_2_p+3_Nd4001_dt1,p1,dwell,5,xi_2,3,4001,1.0,2.5350000000000003e-06,0.07321886766113006,23.722514322998904,1459,37,1422,5011.081081081081,4664.79323,0.0711,2,atomic,0.81833229418233,0.5878398705076653,3.254841074424046e-09,5.536951877070073e-09,0.0006801748769650164,1.6049924186441422,9.378008269067286e-05,8.004572925262318e-05,0.00031020860003048577,1.2760921579640072,0.06792452830188679,0.8037982675193932,0.0074904712369309925,0.09880611075187463,0.3291457830173963,0.3000226521070031,0.3616058956882265,0.30141970504293525,1.999999498066997,0.7239073401029898
dwell_r5_xi_2_p+3_Nd4001_dt1,p1,dwell,5,xi_2,3,4001,1.0,2.5350000000000003e-06,0.07321886766113006,23.722514322998904,1459,37,1422,5011.081081081081,4664.79323,0.0711,2,static,0.16651040958407867,0.16426231056462035,1.6416805454511066e-09,9.994261859632578e-09,0.0009769558976457295,1.4426703334321018,0.00010792338389526253,5.333107077218484e-08,3.2083538546107046e-06,1.9957676611413313,0.0,0.421720770810582,0.0018359023853013734,0.04983594162788523,,,,,1.999999498066997,0.004231836925665755
dwell_r5_xi_2_p+3_Nd4001_dt1,p1,dwell,5,xi_2,3,4001,1.0,2.5350000000000003e-06,0.07321886766113006,23.722514322998904,1459,37,1422,5011.081081081081,4664.79323,0.0711,2,static_lti,0.20003341523672943,0.16215679560475063,1.6699742706274822e-09,1.029851548557955e-08,0.0009768806189688214,1.4613552045128533,0.00010945397561623462,7.981017512462546e-07,2.0833147625964504e-05,1.9953832491219206,0.0,0.4162666597788325,0.0018191278839976158,0.050694844683191784,,,,,1.999999498066997,0.0046162489450765065
dwell_r5_xi_2_p+3_Nd4001_dt1,p1,dwell,5,xi_2,3,4001,1.0,2.5350000000000003e-06,0.07321886766113006,23.722514322998904,1459,37,1422,5011.081081081081,4664.79323,0.0711,2,static_mh,0.21945560188638943,0.21679131103944932,2.1640451753420478e-09,9.982158256094767e-09,0.0009762381283157024,1.4476874996614544,0.00011026606085907004,3.1041767257266106e-05,0.00023492663577711877,1.9723254164251411,0.0,0.47912396174005484,0.0025177896632755784,0.06569318820112979,,,,,1.999999498066997,0.02767408164185592
dwell_r5_xi_2_p+3_Nd4001_dt1,p1,dwell,5,xi_2,3,4001,1.0,2.5350000000000003e-06,0.07321886766113006,23.722514322998904,1459,37,1422,5011.081081081081,4664.79323,0.0711,2,static_lti_mh,0.20150022764700484,0.16335008942235896,1.6833429791629072e-09,1.030512431989214e-08,0.0009770985968285198,1.461315280437607,0.00010954527703635445,3.139515840229877e-05,0.00016823468455191736,1.9955015079721092,0.0,0.41907827894443644,0.0018139037664354869,0.05110067405118772,,,,,1.999999498066997,0.004497990094887827
dwell_r5_xi_2_p+3_Nd4001_dt1,p1,dwell,5,xi_2,3,4001,1.0,2.5350000000000003e-06,0.07321886766113006,23.722514322998904,1459,37,1422,5011.081081081081,4664.79323,0.0711,2,linear,0.04133378253211645,0.004088614124472637,1.3468589228476802e-10,3.2941698136441345e-08,0.0017433417092087744,1.2374848720386855,0.0001819452714208357,4.520579483846497e-06,5.128118261840296e-05,1.999999498066997,0.0,0.10112141614964411,0.00014809376065169752,0.004088614124472637,,,,,1.999999498066997,0.0
dwell_r5_xi_4_p+3_Nd4001_dt1,p1,dwell,5,xi_4,3,4001,1.0,2.5350000000000003e-06,0.07321886766113006,23.741028881999227,1459,18,1441,10300.555555555555,9568.40055,0.07205,4,atomic,0.9295619216906527,0.6914596994656571,3.472945073758892e-09,5.022628327352553e-09,0.0006483161270103004,1.5883310000279733,9.222202973440274e-05,4.811328541129162e-05,0.0002864873696074868,1.3604885680905676,0.052830188679245285,0.8666196419101262,0.00831087286935214,0.10509392351954475,0.29563471800081204,0.26578830631572975,0.31460612709376296,0.26611293316021833,1.9999998490280735,0.6395112809375059
dwell_r5_xi_4_p+3_Nd4001_dt1,p1,dwell,5,xi_4,3,4001,1.0,2.5350000000000003e-06,0.07321886766113006,23.741028881999227,1459,18,1441,10300.555555555555,9568.40055,0.07205,4,static,0.16705875211110502,0.16637077521251037,1.6586916312775532e-09,9.969849747702724e-09,0.0009752952253189681,1.4431034232529352,0.00010791414563537087,1.1407191939187274e-07,3.0769879490173275e-06,1.995829651630363,0.0,0.41359249557130556,0.001845751375058601,0.05019325320089818,,,,,1.9999998490280735,0.004170197397710407
dwell_r5_xi_4_p+3_Nd4001_dt1,p1,dwell,5,xi_4,3,4001,1.0,2.5350000000000003e-06,0.07321886766113006,23.741028881999227,1459,18,1441,10300.555555555555,9568.40055,0.07205,4,static_lti,0.19863192773483782,0.16357705585914648,1.6844948099999609e-09,1.0297867272109676e-08,0.0009768955590298437,1.460551678265039,0.00010954392810595544,-1.2152451291529605e-07,2.073456050661904e-05,1.9961051078770715,0.0,0.41736284506659593,0.0017828575112912423,0.05097407674795153,,,,,1.9999998490280735,0.003894741151001968
dwell_r5_xi_4_p+3_Nd4001_dt1,p1,dwell,5,xi_4,3,4001,1.0,2.5350000000000003e-06,0.07321886766113006,23.741028881999227,1459,18,1441,10300.555555555555,9568.40055,0.07205,4,static_mh,0.20481911450227547,0.2040520693387091,2.0390020573406215e-09,9.99255760526521e-09,0.0009763822524223049,1.4439522328254442,0.00010975859656059182,3.135290268321078e-05,0.00023665217421693795,1.8947480220141104,0.011320754716981131,0.4601199461755392,0.0022987131798325572,0.06170173202262007,,,,,1.9999998490280735,0.10525182701396307
dwell_r5_xi_4_p+3_Nd4001_dt1,p1,dwell,5,xi_4,3,4001,1.0,2.5350000000000003e-06,0.07321886766113006,23.741028881999227,1459,18,1441,10300.555555555555,9568.40055,0.07205,4,static_lti_mh,0.20045220772106515,0.1653428399075201,1.7024765530405129e-09,1.0296645164633349e-08,0.0009768370620810557,1.4603976948351545,0.00010962043207011096,3.110943699859043e-05,0.00020296478840653727,1.9958969351079034,0.0,0.42034544591469486,0.0018018847574132817,0.05151821778321602,,,,,1.9999998490280735,0.004102913920170037
dwell_r5_xi_4_p+3_Nd4001_dt1,p1,dwell,5,xi_4,3,4001,1.0,2.5350000000000003e-06,0.07321886766113006,23.741028881999227,1459,18,1441,10300.555555555555,9568.40055,0.07205,4,linear,0.038444016502558215,0.003617609329423252,1.1954790608867276e-10,3.3046107305271695e-08,0.0017461139553167483,1.2358327252179606,0.00018226317806555465,2.430526882120524e-06,4.863674133727921e-05,1.9999998490280735,0.0,0.09644799441696454,0.00010723629853972684,0.003617609329423252,,,,,1.9999998490280735,0.0
dwell_r5_xi_0.05_p+0_Nd4001_dt1,p1,dwell,5,xi_0.05,0,4001,1.0,2.5350000000000003e-06,0.07321886766113006,23.510559161000856,1459,1459,0,127.08019191226867,137.08073,0.0,0.05,atomic,0.46118416946000224,0.17941737786328738,1.4828587908284484e-09,8.264855993817715e-09,0.0011816044573650024,1.4291692965656244,9.876212750505982e-05,-0.00010261464259780879,0.00018587623018932614,1.180487856323866,0.22641509433962265,0.606664055689923,0.001825592902907988,0.07909515379184918,0.36161564571372223,0.2233551421827681,0.43383168583383264,0.23850687663150275,1.6523168329362825,0.4718289766124164
dwell_r5_xi_0.05_p+0_Nd4001_dt1,p1,dwell,5,xi_0.05,0,4001,1.0,2.5350000000000003e-06,0.07321886766113006,23.510559161000856,1459,1459,0,127.08019191226867,137.08073,0.0,0.05,static,0.024757692175464203,0.011761229399818614,1.0763908480951921e-10,9.152026641974968e-09,0.0013751822373456346,1.3564990325339203,9.628784417666636e-05,3.676456896452082e-07,1.2449344245108055e-05,1.9999988753088696,0.0,0.1743852785904481,0.00011693986121977197,0.005741430013215447,,,,,1.6523168329362825,-0.34768204237258704
dwell_r5_xi_0.05_p+0_Nd4001_dt1,p1,dwell,5,xi_0.05,0,4001,1.0,2.5350000000000003e-06,0.07321886766113006,23.510559161000856,1459,1459,0,127.08019191226867,137.08073,0.0,0.05,static_lti,0.13877004352531455,0.014179946582724767,1.4992119300845034e-10,1.0572761479306083e-08,0.0014038053813150578,1.4254988992579318,0.00010360665165984543,-7.066229467009287e-06,8.174080750275454e-05,1.9056042478941673,0.026415094339622643,0.31879141178912684,0.0005058583454539255,0.007996742434952957,,,,,1.6523168329362825,-0.25328741495788476
dwell_r5_xi_0.05_p+0_Nd4001_dt1,p1,dwell,5,xi_0.05,0,4001,1.0,2.5350000000000003e-06,0.07321886766113006,23.510559161000856,1459,1459,0,127.08019191226867,137.08073,0.0,0.05,static_mh,0.12756224086489187,0.11452949049198403,1.0619087367725967e-09,9.271924045160404e-09,0.0013849485691520996,1.3524604034792027,0.0001017137348506817,-3.622668744783365e-05,1.9439086283293097e-05,1.9768358141248203,0.0,0.35506723973428694,0.0006217931528981885,0.05664182953051922,,,,,1.6523168329362825,-0.32451898118853784
dwell_r5_xi_0.05_p+0_Nd4001_dt1,p1,dwell,5,xi_0.05,0,4001,1.0,2.5350000000000003e-06,0.07321886766113006,23.510559161000856,1459,1459,0,127.08019191226867,137.08073,0.0,0.05,static_lti_mh,0.1406644486453382,0.016824708378537154,1.7775546710250478e-10,1.056514401933188e-08,0.0014039608461395151,1.424441643880561,0.00010370427305452671,-4.36523631794625e-05,8.174614227011081e-05,1.8990659321477001,0.03018867924528302,0.32432055116709463,0.0005206743855255779,0.009481412589502027,,,,,1.6523168329362825,-0.24674909921141763
dwell_r5_xi_0.05_p+0_Nd4001_dt1,p1,dwell,5,xi_0.05,0,4001,1.0,2.5350000000000003e-06,0.07321886766113006,23.510559161000856,1459,1459,0,127.08019191226867,137.08073,0.0,0.05,linear,0.17877016631657386,0.009768614139150667,1.8313985947320304e-10,1.874778314144018e-08,0.001833346356497865,1.293389983062931,0.00013764780905760644,-9.551252489099489e-06,0.0001448301681529497,1.6523168329362825,0.12452830188679245,0.37702620946190873,0.0007401145359006246,0.009768614139150667,,,,,1.6523168329362825,0.0
dwell_r5_xi_0.1_p+0_Nd4001_dt1,p1,dwell,5,xi_0.1,0,4001,1.0,2.5350000000000003e-06,0.07321886766113006,44.6746930900008,1459,731,728,253.6388508891929,254.40724,0.0364,0.1,atomic,0.28582972073532165,0.13443504528812492,1.1262947177553836e-09,8.377984441047181e-09,0.0012058958233515176,1.4201171651120479,9.752905920985523e-05,-0.00013024199273560917,0.00015072287519058284,1.4916016514496964,0.13584905660377358,0.47067954716151933,0.0012869201000997891,0.06152184550372997,0.2618874651636427,0.16673273880049141,0.3121640854024729,0.17442724939966733,1.8006601835153973,0.3090585320657009
dwell_r5_xi_0.1_p+0_Nd4001_dt1,p1,dwell,5,xi_0.1,0,4001,1.0,2.5350000000000003e-06,0.07321886766113006,44.6746930900008,1459,731,728,253.6388508891929,254.40724,0.0364,0.1,static,0.02943000689744456,0.016764556553761793,1.5707750320304922e-10,9.369618736965795e-09,0.0013493191256601085,1.366102003036344,9.765379418325575e-05,-4.577607802998798e-08,8.223430955913502e-06,1.9999990030163408,0.0,0.1786876207019158,0.00017303368147246462,0.008580079202918247,,,,,1.8006601835153973,-0.19933881950094356
dwell_r5_xi_0.1_p+0_Nd4001_dt1,p1,dwell,5,xi_0.1,0,4001,1.0,2.5350000000000003e-06,0.07321886766113006,44.6746930900008,1459,731,728,253.6388508891929,254.40724,0.0364,0.1,static_lti,0.10991149341674626,0.020993258237767928,2.1707573627184826e-10,1.0340259421061096e-08,0.00136796475826189,1.417935866217423,0.000102800484394249,-2.3924717662645324e-06,5.720276032643382e-05,1.9637479408497867,0.0037735849056603774,0.27583063239600797,0.0004382483213060274,0.01185737595941171,,,,,1.8006601835153973,-0.1630877573343894
dwell_r5_xi_0.1_p+0_Nd4001_dt1,p1,dwell,5,xi_0.1,0,4001,1.0,2.5350000000000003e-06,0.07321886766113006,44.6746930900008,1459,731,728,253.6388508891929,254.40724,0.0364,0.1,static_mh,0.07311651618474205,0.05932678427026542,5.555992456142449e-10,9.365065921712382e-09,0.0013486177935107524,1.3653610732255759,9.964463290261836e-05,-3.656731833842838e-05,3.210627569069623e-05,1.9971618126072217,0.0,0.2699130934920374,0.0004028621162165065,0.030348620491437186,,,,,1.8006601835153973,-0.19650162909182445
dwell_r5_xi_0.1_p+0_Nd4001_dt1,p1,dwell,5,xi_0.1,0,4001,1.0,2.5350000000000003e-06,0.07321886766113006,44.6746930900008,1459,731,728,253.6388508891929,254.40724,0.0364,0.1,static_lti_mh,0.111538677696343,0.02246533852916214,2.3242005343800215e-10,1.0345717832664702e-08,0.001368309213253692,1.4178848060644162,0.0001029022162779245,-3.888321847743374e-05,5.8206792283508146e-05,1.960231490320674,0.007547169811320755,0.2813453627981579,0.0004405163058136523,0.012695531990133126,,,,,1.8006601835153973,-0.15957130680527665
dwell_r5_xi_0.1_p+0_Nd4001_dt1,p1,dwell,5,xi_0.1,0,4001,1.0,2.5350000000000003e-06,0.07321886766113006,44.6746930900008,1459,731,728,253.6388508891929,254.40724,0.0364,0.1,linear,0.1187503238047477,0.009913821092044129,1.8149462580839256e-10,1.8307232309653293e-08,0.0018031375023246784,1.2728500953857094,0.0001360258060255884,-4.687110818775194e-06,9.536375440629789e-05,1.8006601835153973,0.05660377358490566,0.29862503169049753,0.0005370264886814058,0.009913821092044129,,,,,1.8006601835153973,0.0
dwell_r5_xi_4_p+0_Nd4001_dt1,p1,dwell,5,xi_4,0,4001,1.0,2.5350000000000003e-06,0.07321886766113006,65.62474402400039,1459,18,1441,10300.555555555555,9568.40055,0.07205,4,atomic,0.5099467136661012,0.39598612912401343,1.8180139850472623e-09,4.591105221460683e-09,0.000899162530257221,1.4663423953568568,8.01329121280132e-05,-4.6608112350438846e-05,0.0001282560259524574,1.643158254795496,0.052830188679245285,0.6746901820185452,0.0024173553745630858,0.10976829309854988,0.26886472555574115,0.23111060210212275,0.2693979830243065,0.23103467198705116,1.9999973294313915,0.3568390746358956
dwell_r5_xi_4_p+0_Nd4001_dt1,p1,dwell,5,xi_4,0,4001,1.0,2.5350000000000003e-06,0.07321886766113006,65.62474402400039,1459,18,1441,10300.555555555555,9568.40055,0.07205,4,static,0.03075352474293346,0.030645642014029965,2.8774530897037754e-10,9.389436476437468e-09,0.0013372631341427529,1.3716861952775738,9.845282008492846e-05,1.2389721184946132e-07,3.5147010802166038e-06,1.9999999968945639,0.0,0.18317086876697664,0.00018399669745520605,0.017373524996273385,,,,,1.9999973294313915,-2.6674631723455633e-06
dwell_r5_xi_4_p+0_Nd4001_dt1,p1,dwell,5,xi_4,0,4001,1.0,2.5350000000000003e-06,0.07321886766113006,65.62474402400039,1459,18,1441,10300.555555555555,9568.40055,0.07205,4,static_lti,0.06618822548475284,0.03228395627085352,3.111443003421274e-10,9.637737634499074e-09,0.0013331838197993468,1.390066502757144,9.982421381769941e-05,5.349850919218847e-07,2.3647530782343817e-05,1.999999505136794,0.0,0.20270269360726476,0.000204826650417202,0.018786312446881417,,,,,1.9999973294313915,-2.175705402507333e-06
dwell_r5_xi_4_p+0_Nd4001_dt1,p1,dwell,5,xi_4,0,4001,1.0,2.5350000000000003e-06,0.07321886766113006,65.62474402400039,1459,18,1441,10300.555555555555,9568.40055,0.07205,4,static_mh,0.03204643725305612,0.03193343579907898,2.997255526534191e-10,9.385947523443867e-09,0.0013370114307378535,1.3716469921692847,9.849566804007004e-05,-3.618562322730235e-05,5.5848143033078625e-05,1.9999990192059909,0.0,0.1876159308774983,0.00019488443207941135,0.01809686976193973,,,,,1.9999973294313915,-1.689774599356042e-06
dwell_r5_xi_4_p+0_Nd4001_dt1,p1,dwell,5,xi_4,0,4001,1.0,2.5350000000000003e-06,0.07321886766113006,65.62474402400039,1459,18,1441,10300.555555555555,9568.40055,0.07205,4,static_lti_mh,0.0665066920488878,0.03261580590909197,3.1427834912709374e-10,9.635768314389116e-09,0.0013330627806565954,1.3899996067782268,9.98302907850431e-05,-3.577478114586448e-05,5.400392357580077e-05,1.9999998022404741,0.0,0.20285914513765926,0.00020407495437353102,0.018975540466271156,,,,,1.9999973294313915,-2.472809082609828e-06
dwell_r5_xi_4_p+0_Nd4001_dt1,p1,dwell,5,xi_4,0,4001,1.0,2.5350000000000003e-06,0.07321886766113006,65.62474402400039,1459,18,1441,10300.555555555555,9568.40055,0.07205,4,linear,0.03844401650256079,0.0036176093294235222,5.99158843385194e-11,1.6562287102479137e-08,0.0017461139553171822,1.2358327252179586,0.00012903244855996503,1.7206812600291975e-06,3.443217599590827e-05,1.9999973294313915,0.0,0.10186223138864249,5.7157347622612867e-05,0.0036176093294235222,,,,,1.9999973294313915,0.0
dwell_r5_xi_0.05_p+6_Nd4001_dt1,p1,dwell,5,xi_0.05,6,4001,1.0,2.5350000000000003e-06,0.07321886766113006,30.89546575500026,1459,1459,0,127.08019191226867,137.08073,0.0,0.05,atomic,1.5197809056637759,0.5523457351317256,5.4412208726428994e-09,9.851114123919605e-09,0.0005648442399939209,1.7305241012389982,0.0001237165474681523,0.0003177145931264846,0.00029262417978461223,0.5846260549427102,0.3433962264150943,1.0927007364174366,0.02725364703625992,0.07290317355243557,0.8222325273892631,0.9066660006615673,0.8707860217996644,0.9464925276822129,1.6511777136374313,1.066551658694721
dwell_r5_xi_0.05_p+6_Nd4001_dt1,p1,dwell,5,xi_0.05,6,4001,1.0,2.5350000000000003e-06,0.07321886766113006,30.89546575500026,1459,1459,0,127.08019191226867,137.08073,0.0,0.05,static,0.39504231917717025,0.11587645885376156,1.4470628034562927e-09,1.2487979161345578e-08,0.0007246589200044499,1.557467810683225,0.00011812211467837531,-5.025611617459819e-07,1.270145856144594e-05,1.9392842221633737,0.0,0.6482622923930631,0.007267662424739274,0.01938819856257866,,,,,1.6511777136374313,-0.28810650852594244
dwell_r5_xi_0.05_p+6_Nd4001_dt1,p1,dwell,5,xi_0.05,6,4001,1.0,2.5350000000000003e-06,0.07321886766113006,30.89546575500026,1459,1459,0,127.08019191226867,137.08073,0.0,0.05,static_lti,0.7383184324142478,0.1371540131436842,1.8590461396999095e-09,1.355444217116965e-08,0.0006827457323620299,1.5886889144523668,0.00012423029461872074,6.488893412343801e-07,8.309488415492966e-05,1.7871442787170748,0.0,0.8336344285441384,0.011902568162161365,0.024908079737387748,,,,,1.6511777136374313,-0.13596656507964355
dwell_r5_xi_0.05_p+6_Nd4001_dt1,p1,dwell,5,xi_0.05,6,4001,1.0,2.5350000000000003e-06,0.07321886766113006,30.89546575500026,1459,1459,0,127.08019191226867,137.08073,0.0,0.05,static_mh,2.1415911858170698,1.5614619078815992,1.992653557993442e-08,1.2761461217435851e-08,0.0007395925223689736,1.5427464104159943,0.0001808490543499148,2.039846713119996e-05,7.168347496450791e-05,0.5160571145189182,0.30943396226415093,1.4821506156412805,0.046887308794165125,0.2669819357980105,,,,,1.6511777136374313,1.1351205991185132
dwell_r5_xi_0.05_p+6_Nd4001_dt1,p1,dwell,5,xi_0.05,6,4001,1.0,2.5350000000000003e-06,0.07321886766113006,30.89546575500026,1459,1459,0,127.08019191226867,137.08073,0.0,0.05,static_lti_mh,0.8100539438243398,0.181013970600661,2.4463211812523694e-09,1.3514543508076809e-08,0.0006808565847411998,1.5905211130772015,0.00012641286346048728,2.1589302330734272e-05,8.712646980090848e-05,1.6512146165361816,0.033962264150943396,0.8981689884128223,0.013829817523718788,0.03277657382711897,,,,,1.6511777136374313,-3.690289875035724e-05
dwell_r5_xi_0.05_p+6_Nd4001_dt1,p1,dwell,5,xi_0.05,6,4001,1.0,2.5350000000000003e-06,0.07321886766113006,30.89546575500026,1459,1459,0,127.08019191226867,137.08073,0.0,0.05,linear,0.1787701663165165,0.009768614139149418,7.290929127043277e-10,7.46362690058932e-08,0.0018333463564984152,1.2933899830630342,0.0002746434861506744,-1.9057254152256993e-05,0.0002889741765861843,1.6511777136374313,0.12830188679245283,0.3773761026973957,0.0029270722495249374,0.009768614139149418,,,,,1.6511777136374313,0.0
dwell_r5_xi_4_p+6_Nd4001_dt1,p1,dwell,5,xi_4,6,4001,1.0,2.5350000000000003e-06,0.07321886766113006,24.65842402599992,1459,18,1441,10300.555555555555,9568.40055,0.07205,4,atomic,1.3485292316742743,0.8465121868374956,4.655670933615257e-09,5.499827416553192e-09,0.0004548544748126183,1.777908247466238,0.00010081085881365447,0.00012833370954316202,0.0003637833961631495,1.12107295817459,0.12452830188679245,1.0547834601617752,0.022281464988640313,0.07060931002682086,0.32766036725843894,0.31896573885995233,0.36510837666108037,0.32191256402825236,1.9999999806638697,0.8789270224892798
dwell_r5_xi_4_p+6_Nd4001_dt1,p1,dwell,5,xi_4,6,4001,1.0,2.5350000000000003e-06,0.07321886766113006,24.65842402599992,1459,18,1441,10300.555555555555,9568.40055,0.07205,4,static,0.6792725010236343,0.6751135189623322,5.7887357316121835e-09,8.574462766661268e-09,0.0006397124895073662,1.6199037205070475,0.00011990640880857723,4.193899416592198e-08,3.06891846050384e-06,1.7357006974274125,0.0,0.8298812937950699,0.014700304413763217,0.08779371260660458,,,,,1.9999999806638697,0.26429928323645724
dwell_r5_xi_4_p+6_Nd4001_dt1,p1,dwell,5,xi_4,6,4001,1.0,2.5350000000000003e-06,0.07321886766113006,24.65842402599992,1459,18,1441,10300.555555555555,9568.40055,0.07205,4,static_lti,0.7315921062831944,0.6850976005890607,5.954961516418673e-09,8.692135998284736e-09,0.0006361694717192364,1.6366576627856033,0.00012108656231477366,-1.3078364443532524e-06,1.881517300757222e-05,1.735043438919142,0.0,0.8360595132152312,0.014656637287539706,0.09031474301043058,,,,,1.9999999806638697,0.2649565417447277
dwell_r5_xi_4_p+6_Nd4001_dt1,p1,dwell,5,xi_4,6,4001,1.0,2.5350000000000003e-06,0.07321886766113006,24.65842402599992,1459,18,1441,10300.555555555555,9568.40055,0.07205,4,static_mh,0.7804664407117466,0.7760837876796176,6.701453651415319e-09,8.63496153096012e-09,0.0006419702005547137,1.6212611856223687,0.0001238874578746195,2.195730550474449e-05,0.00023664953866513752,1.5992654657232108,0.01509433962264151,0.887997372161337,0.016800445280201557,0.10163626795154823,,,,,1.9999999806638697,0.4007345149406589
dwell_r5_xi_4_p+6_Nd4001_dt1,p1,dwell,5,xi_4,6,4001,1.0,2.5350000000000003e-06,0.07321886766113006,24.65842402599992,1459,18,1441,10300.555555555555,9568.40055,0.07205,4,static_lti_mh,0.7366588580862552,0.6897603605661254,5.999950606548689e-09,8.698601644235092e-09,0.0006363555835298894,1.6365674547647795,0.00012129798965247649,2.0592951714093932e-05,0.00020216794201002554,1.7291292074270037,0.0,0.8412723528832392,0.014814368460561304,0.09099706112485713,,,,,1.9999999806638697,0.27087077323686604
dwell_r5_xi_4_p+6_Nd4001_dt1,p1,dwell,5,xi_4,6,4001,1.0,2.5350000000000003e-06,0.07321886766113006,24.65842402599992,1459,18,1441,10300.555555555555,9568.40055,0.07205,4,linear,0.0384440165025576,0.0036176093294231475,2.3852943185216177e-10,6.593565256262674e-08,0.0017461139553172002,1.2358327252179555,0.00025745358201985884,3.4332104742086095e-06,6.870122318701235e-05,1.9999999806638697,0.0,0.09335846009619424,0.00020774453047246074,0.0036176093294231475,,,,,1.9999999806638697,0.0
shuffle_r5_ORIGINAL_p+3_Nd4001_dt1,p1,shuffle,5,ORIGINAL,3,4001,1.0,2.5350000000000003e-06,0.07321886766113006,25.27051143599965,327,634,atomic,0.9408369197784109,0.6838121351452869,2.9762111599468936e-09,4.352381314956555e-09,0.00059716031662537,1.7070492344104735,8.565558444880586e-05,5.3054105146007004e-05,0.0002986752888458545,0.8384360526412327,0.2037735849056604,1.037171948535635,0.011170997557333572,0.08875501703729129,0.3845260868734973,0.37354324099068337,0.42614094400782465,0.37564620239888846,1.938106466987708,1.0996704143464753
shuffle_r5_ORIGINAL_p+3_Nd4001_dt1,p1,shuffle,5,ORIGINAL,3,4001,1.0,2.5350000000000003e-06,0.07321886766113006,25.27051143599965,327,634,static,0.6505307683001272,0.6143392200415655,3.6739070211984087e-09,5.980257976936319e-09,0.0007432257059433202,1.5739768788473145,9.834153473402853e-05,-2.229634787599011e-08,2.2128683887331376e-06,1.1355117589555679,0.01509433962264151,0.9064980211951008,0.008682150249256634,0.10956133914426532,,,,,1.938106466987708,0.8025947080321401
shuffle_r5_ORIGINAL_p+3_Nd4001_dt1,p1,shuffle,5,ORIGINAL,3,4001,1.0,2.5350000000000003e-06,0.07321886766113006,25.27051143599965,327,634,static_lti,0.7340563771242214,0.6492131034616223,3.931041922342982e-09,6.0550871530204136e-09,0.0007374662625352377,1.5960768867857273,0.00010001514312271302,5.376494486820995e-07,1.4937334385152335e-05,1.1374588323253616,0.045283018867924525,0.8935381615477671,0.008441172634074588,0.11722948206339073,,,,,1.938106466987708,0.8006476346623463
shuffle_r5_ORIGINAL_p+3_Nd4001_dt1,p1,shuffle,5,ORIGINAL,3,4001,1.0,2.5350000000000003e-06,0.07321886766113006,25.27051143599965,327,634,static_mh,0.7708880623768537,0.7327526468232813,4.376331058796795e-09,5.9724534299119886e-09,0.0007428896235216871,1.5692018570429582,0.00010181469191266503,-2.558495612273847e-05,0.0002830629771705463,1.1200567840864448,0.045283018867924525,0.9387788677142674,0.009818069389387339,0.13050866246038384,,,,,1.938106466987708,0.8180496829012631
shuffle_r5_ORIGINAL_p+3_Nd4001_dt1,p1,shuffle,5,ORIGINAL,3,4001,1.0,2.5350000000000003e-06,0.07321886766113006,25.27051143599965,327,634,static_lti_mh,0.7417153172138492,0.6563034044432156,3.97141712713323e-09,6.051190806335126e-09,0.0007371858004658813,1.5960876668807595,0.00010019761942123234,-2.505557323313131e-05,0.00014592324061347598,1.1775007174673089,0.045283018867924525,0.8614565500481062,0.008034965691956351,0.11843353036388381,,,,,1.938106466987708,0.760605749520399
shuffle_r5_ORIGINAL_p+3_Nd4001_dt1,p1,shuffle,5,ORIGINAL,3,4001,1.0,2.5350000000000003e-06,0.07321886766113006,25.27051143599965,327,634,linear,0.04149109236229665,6.360047134574194e-05,2.1327068476314797e-12,3.353287801968884e-08,0.0017437997892710275,1.2401130483101523,0.00018325995335104892,1.0673797026746838e-06,2.3238412440859247e-05,1.938106466987708,0.011320754716981131,0.10258859380352886,9.675144543912198e-05,6.360047134574194e-05,,,,,1.938106466987708,0.0
shuffle_r5_BLOCK_SHUFFLED_CYCLES_p+3_Nd4001_dt1,p1,shuffle,5,BLOCK_SHUFFLED_CYCLES,3,4001,1.0,2.5350000000000003e-06,0.07321886766113006,23.936464935000913,327,634,atomic,0.8710349333360661,0.6170451971687896,2.7279393112357086e-09,4.420971630202146e-09,0.0005990692434292162,1.7324760031456559,8.460906820131161e-05,4.839868966366516e-05,0.0003102184870960545,0.8965345274279777,0.17735849056603772,1.0034676325382679,0.011435928469724788,0.08094432278775547,0.43772858831584555,0.431669369855872,0.4789692321586259,0.4331782281427302,1.9305635662067229,1.0340290387787452
shuffle_r5_BLOCK_SHUFFLED_CYCLES_p+3_Nd4001_dt1,p1,shuffle,5,BLOCK_SHUFFLED_CYCLES,3,4001,1.0,2.5350000000000003e-06,0.07321886766113006,23.936464935000913,327,634,static,0.6470435330795795,0.62957425857058,3.75279063967351e-09,5.960838755056555e-09,0.0007442798366942253,1.5728754654449324,9.857924652192677e-05,-4.611424319517772e-08,2.311465869697923e-06,1.1361641298954819,0.022641509433962263,0.8291665533531125,0.008201421400501894,0.11135405235793124,,,,,1.9305635662067229,0.794399436311241
shuffle_r5_BLOCK_SHUFFLED_CYCLES_p+3_Nd4001_dt1,p1,shuffle,5,BLOCK_SHUFFLED_CYCLES,3,4001,1.0,2.5350000000000003e-06,0.07321886766113006,23.936464935000913,327,634,static_lti,0.72778761073303,0.6528105663910063,3.990925899704096e-09,6.113451750279572e-09,0.0007411525972942997,1.5930217150818764,0.00010054108834437024,-3.364009257467455e-07,1.4963497714222884e-05,1.1320135075424642,0.03773584905660377,0.8418618581433943,0.008455414297935325,0.11842008101761219,,,,,1.9305635662067229,0.7985500586642587
shuffle_r5_BLOCK_SHUFFLED_CYCLES_p+3_Nd4001_dt1,p1,shuffle,5,BLOCK_SHUFFLED_CYCLES,3,4001,1.0,2.5350000000000003e-06,0.07321886766113006,23.936464935000913,327,634,static_mh,0.7707977105380459,0.747726999727097,4.5042325078315176e-09,6.023899778228495e-09,0.00074729008238075,1.5789483493231984,0.0001026279740129039,-2.528287991225577e-05,0.00028428685033235484,1.1209901003013658,0.022641509433962263,0.8983222381077441,0.009495301001060103,0.1336510854634306,,,,,1.9305635662067229,0.8095734659053571
shuffle_r5_BLOCK_SHUFFLED_CYCLES_p+3_Nd4001_dt1,p1,shuffle,5,BLOCK_SHUFFLED_CYCLES,3,4001,1.0,2.5350000000000003e-06,0.07321886766113006,23.936464935000913,327,634,static_lti_mh,0.734655964810638,0.6576907629091148,4.023816155333586e-09,6.118097413342614e-09,0.0007410564702538334,1.5931721419286426,0.00010072725539888248,-2.5664074895866598e-05,0.00013165577430419574,1.1407028370174273,0.04150943396226415,0.8589137265792751,0.008567555257637562,0.11939601162474846,,,,,1.9305635662067229,0.7898607291892956
shuffle_r5_BLOCK_SHUFFLED_CYCLES_p+3_Nd4001_dt1,p1,shuffle,5,BLOCK_SHUFFLED_CYCLES,3,4001,1.0,2.5350000000000003e-06,0.07321886766113006,23.936464935000913,327,634,linear,0.03844664706419717,0.00017604794863636673,5.93306736294293e-12,3.370142855341013e-08,0.0017460967894646071,1.2382432360944373,0.00018361024142891883,-4.574558136377017e-07,2.3288625360636177e-05,1.9305635662067229,0.011320754716981131,0.11260592348867315,0.00012124886117173963,0.00017604794863636673,,,,,1.9305635662067229,0.0
shuffle_r5_ORIGINAL_p+6_Nd4001_dt1,p1,shuffle,5,ORIGINAL,6,4001,1.0,2.5350000000000003e-06,0.07321886766113006,23.21013901599872,327,634,atomic,1.256170839497053,0.7931043683345709,3.9329182164519325e-09,4.958891128932519e-09,0.00043190104633769827,1.8915844797069687,9.44066969947407e-05,0.0001282692167000931,0.00040573878115176675,0.6927141615571865,0.2830188679245283,1.204253542629025,0.029792958256607428,0.05878196317740656,0.49615851250626913,0.49871087559764404,0.5723335258207956,0.5024758108921654,1.9418053652760727,1.2490912037188862
shuffle_r5_ORIGINAL_p+6_Nd4001_dt1,p1,shuffle,5,ORIGINAL,6,4001,1.0,2.5350000000000003e-06,0.07321886766113006,23.21013901599872,327,634,static,1.1448316187448333,1.0715048708778097,6.379048142805065e-09,5.953354311473314e-09,0.0005216778758192017,1.7778411000515013,0.00011115291278852345,-5.284579444604143e-08,3.1307701866455926e-06,0.8862234676642792,0.04905660377358491,1.2267671889661105,0.031267424545537395,0.09534217402963226,,,,,1.9418053652760727,1.0555818976117934
shuffle_r5_ORIGINAL_p+6_Nd4001_dt1,p1,shuffle,5,ORIGINAL,6,4001,1.0,2.5350000000000003e-06,0.07321886766113006,23.21013901599872,327,634,static_lti,1.2787245808369572,1.134142633971331,6.854482266215206e-09,6.043756808800536e-09,0.0005176002395855717,1.8018388878563285,0.00011366882890679167,-2.0606423436932758e-07,1.917915717452271e-05,0.8390065388173547,0.10566037735849057,1.2437906311248488,0.03286298531238289,0.1024480810425652,,,,,1.9418053652760727,1.102798826458718
shuffle_r5_ORIGINAL_p+6_Nd4001_dt1,p1,shuffle,5,ORIGINAL,6,4001,1.0,2.5350000000000003e-06,0.07321886766113006,23.21013901599872,327,634,static_mh,1.634693460982606,1.5169058030306408,8.94257401339811e-09,5.895273124759398e-09,0.000516292213797066,1.7836946162665923,0.00012190483930734338,-6.082693061739998e-05,0.0005787158839856713,0.4447996335656643,0.2943396226415094,1.4640173308767304,0.03965850667452507,0.1336570016045298,,,,,1.9418053652760727,1.4970057317104084
shuffle_r5_ORIGINAL_p+6_Nd4001_dt1,p1,shuffle,5,ORIGINAL,6,4001,1.0,2.5350000000000003e-06,0.07321886766113006,23.21013901599872,327,634,static_lti_mh,1.3118576895514638,1.1635987883856478,7.028965856747266e-09,6.040712595188505e-09,0.0005172816577299924,1.8019652562958521,0.00011442079149586301,-6.076304592063835e-05,0.00032593348353798416,0.8381824378939002,0.12075471698113208,1.181200367848876,0.029958984033841143,0.10505593796438292,,,,,1.9418053652760727,1.1036229273821725
shuffle_r5_ORIGINAL_p+6_Nd4001_dt1,p1,shuffle,5,ORIGINAL,6,4001,1.0,2.5350000000000003e-06,0.07321886766113006,23.21013901599872,327,634,linear,0.04149109236229783,6.360047134567369e-05,4.255309601950676e-12,6.690688782513458e-08,0.0017437997892710375,1.2401130483101517,0.00025886156453417303,1.5077139043966668e-06,3.282513005014231e-05,1.9418053652760727,0.0,0.1003267095797736,0.00018429609817468252,6.360047134567369e-05,,,,,1.9418053652760727,0.0
shuffle_r5_BLOCK_SHUFFLED_CYCLES_p+6_Nd4001_dt1,p1,shuffle,5,BLOCK_SHUFFLED_CYCLES,6,4001,1.0,2.5350000000000003e-06,0.07321886766113006,24.741190198999902,327,634,atomic,1.1327773362704692,0.7051829110901282,3.6064696374658357e-09,5.114232890145716e-09,0.00043873371097847354,1.9067878306261246,9.34589583037467e-05,0.0001436456280595462,0.0004264331863310209,0.543350106502895,0.24528301886792453,1.0450125010300086,0.024229342227743127,0.05363323213132329,0.554227812931036,0.560495316031756,0.6230257980553444,0.5620495776920571,1.9341957321570693,1.3908456256541744
shuffle_r5_BLOCK_SHUFFLED_CYCLES_p+6_Nd4001_dt1,p1,shuffle,5,BLOCK_SHUFFLED_CYCLES,6,4001,1.0,2.5350000000000003e-06,0.07321886766113006,24.741190198999902,327,634,static,1.134010894455093,1.0744652082238517,6.4113421176270015e-09,5.96700765046203e-09,0.0005225538921228215,1.7766310732453685,0.0001113180848597623,-1.1555844243247237e-08,3.0676035820533107e-06,0.9339557022526475,0.04905660377358491,1.1338621268239772,0.02851078611740515,0.09534559683958414,,,,,1.9341957321570693,1.0002400299044218
shuffle_r5_BLOCK_SHUFFLED_CYCLES_p+6_Nd4001_dt1,p1,shuffle,5,BLOCK_SHUFFLED_CYCLES,6,4001,1.0,2.5350000000000003e-06,0.07321886766113006,24.741190198999902,327,634,static_lti,1.2677911124934766,1.11850682797167,6.862562979076639e-09,6.135468114684104e-09,0.0005194398795639665,1.7992401927866613,0.000114066740139229,-1.9002700261174714e-07,1.9612686842916114e-05,0.886897130798601,0.09811320754716982,1.1819086273200465,0.031229100736456357,0.10205588020180012,,,,,1.9341957321570693,1.0472986013584684
shuffle_r5_BLOCK_SHUFFLED_CYCLES_p+6_Nd4001_dt1,p1,shuffle,5,BLOCK_SHUFFLED_CYCLES,6,4001,1.0,2.5350000000000003e-06,0.07321886766113006,24.741190198999902,327,634,static_mh,1.6149712225779658,1.5365585794199075,8.980054521480455e-09,5.844264346153772e-09,0.0005165970774781527,1.7660033220923483,0.00012181000608700272,-5.9717789602546275e-05,0.0005796573856279728,0.7802546792572909,0.07169811320754717,1.6269103572207586,0.05962099446031062,0.13354593192719288,,,,,1.9341957321570693,1.1539410528997784
shuffle_r5_BLOCK_SHUFFLED_CYCLES_p+6_Nd4001_dt1,p1,shuffle,5,BLOCK_SHUFFLED_CYCLES,6,4001,1.0,2.5350000000000003e-06,0.07321886766113006,24.741190198999902,327,634,static_lti_mh,1.2958087362466602,1.1437709810874066,7.014391244167975e-09,6.132688589020897e-09,0.0005192121249871563,1.8003042398283209,0.0001147175322813502,-6.026595609327778e-05,0.0002891833033709498,0.9002337565217139,0.09811320754716982,1.181771858303527,0.032095194486732266,0.10431377820297714,,,,,1.9341957321570693,1.0339619756353553
shuffle_r5_BLOCK_SHUFFLED_CYCLES_p+6_Nd4001_dt1,p1,shuffle,5,BLOCK_SHUFFLED_CYCLES,6,4001,1.0,2.5350000000000003e-06,0.07321886766113006,24.741190198999902,327,634,linear,0.038446647064196704,0.0001760479486364504,1.1838025721457452e-11,6.724319035323545e-08,0.0017460967894646108,1.2382432360944386,0.0002593563595955961,-6.461735117695356e-07,3.289605768455319e-05,1.9341957321570693,0.011320754716981131,0.10994928182161674,0.00023502093086606908,0.0001760479486364504,,,,,1.9341957321570693,0.0
dwell_r6_xi_0.05_p+3_Nd4001_dt1,p1,dwell,6,xi_0.05,3,4001,1.0,2.5350000000000003e-06,0.07321886766113006,27.276876224999796,1459,1459,0,127.08019191226867,137.08073,0.0,0.05,atomic,0.7168409277411067,0.31655666842701524,3.079128979535438e-09,9.726943977632102e-09,0.0008838741222015496,1.5468226923056902,0.00011319613307733548,5.047788496352848e-05,0.00024305367902707417,0.8362800072448539,0.27547169811320754,0.8212826368706088,0.006318469167312119,0.08245466402758742,0.547131489848099,0.5076782145055755,0.832041881901775,0.5788763308625289,1.647422257864051,0.8111422506191971
dwell_r6_xi_0.05_p+3_Nd4001_dt1,p1,dwell,6,xi_0.05,3,4001,1.0,2.5350000000000003e-06,0.07321886766113006,27.276876224999796,1459,1459,0,127.08019191226867,137.08073,0.0,0.05,static,0.10618209813111672,0.03754990627377344,4.1637616514373265e-10,1.1088607308576657e-08,0.001043703521306485,1.4162688491209232,0.00010729076822406414,2.0621570126553808e-07,7.6140447615262695e-06,1.9982614628059108,0.0,0.3402216909614983,0.0011021249549231006,0.01114995735293998,,,,,1.647422257864051,-0.35083920494185983
dwell_r6_xi_0.05_p+3_Nd4001_dt1,p1,dwell,6,xi_0.05,3,4001,1.0,2.5350000000000003e-06,0.07321886766113006,27.276876224999796,1459,1459,0,127.08019191226867,137.08073,0.0,0.05,static_lti,0.18065775354839966,0.04445313964330556,5.20897322311118e-10,1.1717897239448706e-08,0.0010419689385588703,1.4678387394762318,0.00011065949357583224,3.1589400527237595e-06,4.865649583236392e-05,1.9827700891486384,0.0,0.40641178487940166,0.0015007596089981693,0.01394888424274883,,,,,1.647422257864051,-0.33534783128458745
dwell_r6_xi_0.05_p+3_Nd4001_dt1,p1,dwell,6,xi_0.05,3,4001,1.0,2.5350000000000003e-06,0.07321886766113006,27.276876224999796,1459,1459,0,127.08019191226867,137.08073,0.0,0.05,static_mh,1.8185436990246786,1.6127123594205635,1.794095530711272e-08,1.1124708756841661e-08,0.001039262365573925,1.4477143409031632,0.00017051271015972502,3.0360954533839097e-05,6.844549172578279e-05,0.46151961353949156,0.30943396226415093,1.220128222852225,0.013489084191796877,0.4804330874132891,,,,,1.647422257864051,1.1859026443245595
dwell_r6_xi_0.05_p+3_Nd4001_dt1,p1,dwell,6,xi_0.05,3,4001,1.0,2.5350000000000003e-06,0.07321886766113006,27.276876224999796,1459,1459,0,127.08019191226867,137.08073,0.0,0.05,static_lti_mh,0.20869046351307136,0.07072338634378018,8.318882960784894e-10,1.1762563122115693e-08,0.0010446710074885528,1.4672722965843878,0.00011225385566310775,3.329791529375284e-05,5.3698029315938945e-05,1.9740521905897843,0.0,0.44662479506236413,0.0017746079205958945,0.022276777107265888,,,,,1.647422257864051,-0.3266299327257334
dwell_r6_xi_0.05_p+3_Nd4001_dt1,p1,dwell,6,xi_0.05,3,4001,1.0,2.5350000000000003e-06,0.07321886766113006,27.276876224999796,1459,1459,0,127.08019191226867,137.08073,0.0,0.05,linear,0.1759092595242416,0.009814124303596239,3.6649175529786485e-10,3.734329665699969e-08,0.0018326840693505993,1.2929744026980088,0.0001942318492954671,2.3818305959922638e-05,0.00020878483053127274,1.647422257864051,0.14339622641509434,0.37933910617326905,0.0013362142704788985,0.009814124303596239,,,,,1.647422257864051,0.0
dwell_r6_xi_0.1_p+3_Nd4001_dt1,p1,dwell,6,xi_0.1,3,4001,1.0,2.5350000000000003e-06,0.07321886766113006,29.210245289999875,1459,731,728,253.6388508891929,254.40724,0.0364,0.1,atomic,0.5705747644121761,0.2661045147469287,2.141566169257154e-09,8.047838539281572e-09,0.0007995068876894502,1.5735313221338119,0.00010095379103066726,7.804052808563109e-06,0.0002067368746238035,1.112839585724331,0.17735849056603772,0.6645024095782197,0.0058639172672088884,0.05914570201137656,0.49623562764656143,0.4694226425959415,0.7264226734810459,0.5141511207018133,1.863709183643299,0.7508695979189681
dwell_r6_xi_0.1_p+3_Nd4001_dt1,p1,dwell,6,xi_0.1,3,4001,1.0,2.5350000000000003e-06,0.07321886766113006,29.210245289999875,1459,731,728,253.6388508891929,254.40724,0.0364,0.1,static,0.14811113953797198,0.07345496886827478,7.92751426908147e-10,1.0792345829317158e-08,0.000997091439436574,1.433430737735521,0.00010766197947108716,-1.7830163447174114e-08,5.280447512204171e-06,1.9972133223613373,0.0,0.3725328317608095,0.0015049873784279033,0.021894182088834,,,,,1.863709183643299,-0.13350413871803823
dwell_r6_xi_0.1_p+3_Nd4001_dt1,p1,dwell,6,xi_0.1,3,4001,1.0,2.5350000000000003e-06,0.07321886766113006,29.210245289999875,1459,731,728,253.6388508891929,254.40724,0.0364,0.1,static_lti,0.20917786240605835,0.08144209668120667,9.146547273696547e-10,1.1230736494296539e-08,0.0009948045696217078,1.474243202360604,0.00011023133098913235,7.319028085063612e-07,3.866906179757996e-05,1.9871951962528192,0.0,0.3924498580204011,0.0018643329937732573,0.025260903316878334,,,,,1.863709183643299,-0.12348601260952008
dwell_r6_xi_0.1_p+3_Nd4001_dt1,p1,dwell,6,xi_0.1,3,4001,1.0,2.5350000000000003e-06,0.07321886766113006,29.210245289999875,1459,731,728,253.6388508891929,254.40724,0.0364,0.1,static_mh,0.8547956797430263,0.7433002131636506,7.9846597131221e-09,1.0742173312634496e-08,0.0009973813480211118,1.4362610952723485,0.00013686573847251075,3.022302307600515e-05,0.00013332489193786855,1.0637210659865644,0.1660377358490566,0.9013267888330757,0.009001832182539924,0.2205200618285708,,,,,1.863709183643299,0.7999881176567347
dwell_r6_xi_0.1_p+3_Nd4001_dt1,p1,dwell,6,xi_0.1,3,4001,1.0,2.5350000000000003e-06,0.07321886766113006,29.210245289999875,1459,731,728,253.6388508891929,254.40724,0.0364,0.1,static_lti_mh,0.22582669478884174,0.09686206501478536,1.0869809121872442e-09,1.1221946507348605e-08,0.000994655478448183,1.474027821235548,0.00011096928725118799,3.0944580407663805e-05,6.107902568936836e-05,1.9811918764216916,0.0,0.42065531189464755,0.002019371110216286,0.03002020205921604,,,,,1.863709183643299,-0.11748269277839252
dwell_r6_xi_0.1_p+3_Nd4001_dt1,p1,dwell,6,xi_0.1,3,4001,1.0,2.5350000000000003e-06,0.07321886766113006,29.210245289999875,1459,731,728,253.6388508891929,254.40724,0.0364,0.1,linear,0.11701054933606324,0.010070004753628426,3.6461789734918116e-10,3.620831432257289e-08,0.0017960911136786389,1.2738134008483835,0.000191287599194638,2.070638414494085e-06,0.00012844670545535515,1.863709183643299,0.03773584905660377,0.3022615688584248,0.0010731386003058224,0.010070004753628426,,,,,1.863709183643299,0.0
dwell_r6_xi_0.25_p+3_Nd4001_dt1,p1,dwell,6,xi_0.25,3,4001,1.0,2.5350000000000003e-06,0.07321886766113006,26.169750959999874,1459,293,1166,632.7986348122867,605.90671,0.0583,0.25,atomic,0.5520029698994654,0.3005147278348204,1.7141242426986273e-09,5.703960850933087e-09,0.0006823735871027772,1.647456429680791,8.61346468455362e-05,6.199686173696039e-05,0.0002618262562383888,1.2839010854047714,0.12830188679245283,0.6369787371293057,0.004611248296006452,0.051071409099093815,0.43664924108266207,0.41523047606329677,0.5718692844358861,0.4317111153016663,1.9280158238318785,0.6441147384271071
dwell_r6_xi_0.25_p+3_Nd4001_dt1,p1,dwell,6,xi_0.25,3,4001,1.0,2.5350000000000003e-06,0.07321886766113006,26.169750959999874,1459,293,1166,632.7986348122867,605.90671,0.0583,0.25,static,0.1587247319700225,0.12222785368085373,1.263421931014796e-09,1.0336612261176469e-08,0.0009875567754667831,1.4379987197761235,0.00010771904824313845,-1.121290753600622e-07,4.079996694845546e-06,1.9969695531993625,0.0,0.37586783780302974,0.0016714384704635424,0.03764297633527391,,,,,1.9280158238318785,-0.068953729367484
dwell_r6_xi_0.25_p+3_Nd4001_dt1,p1,dwell,6,xi_0.25,3,4001,1.0,2.5350000000000003e-06,0.07321886766113006,26.169750959999874,1459,293,1166,632.7986348122867,605.90671,0.0583,0.25,static_lti,0.2019048002613671,0.12976483262965094,1.3727106547297037e-09,1.0578448928820509e-08,0.000984220858087567,1.462748036988709,0.00010933737411840347,1.2180453279181293e-06,2.708401211427019e-05,1.993656199064934,0.0,0.37914337578897067,0.0017438660404716418,0.04089917502830132,,,,,1.9280158238318785,-0.06564037523305544
dwell_r6_xi_0.25_p+3_Nd4001_dt1,p1,dwell,6,xi_0.25,3,4001,1.0,2.5350000000000003e-06,0.07321886766113006,26.169750959999874,1459,293,1166,632.7986348122867,605.90671,0.0583,0.25,static_mh,0.43982051561828295,0.3956507565893758,4.033459839751913e-09,1.0194495454833716e-08,0.0009811595692855544,1.4344243154547265,0.00011929624910464055,2.936452758176766e-05,0.00021082998079635992,1.574207043479652,0.05660377358490566,0.6559675183194361,0.005178867192562482,0.12017476471625442,,,,,1.9280158238318785,0.3538087803522265
dwell_r6_xi_0.25_p+3_Nd4001_dt1,p1,dwell,6,xi_0.25,3,4001,1.0,2.5350000000000003e-06,0.07321886766113006,26.169750959999874,1459,293,1166,632.7986348122867,605.90671,0.0583,0.25,static_lti_mh,0.2072803405793136,0.13514147517693972,1.4288322211850794e-09,1.057286239708661e-08,0.0009841012837413009,1.4631767684883656,0.00010956833714861101,3.1026364015949386e-05,8.326406508349172e-05,1.9922412645237213,0.0,0.3952067525626062,0.0018226003003916596,0.042571286890631714,,,,,1.9280158238318785,-0.06422544069184277
dwell_r6_xi_0.25_p+3_Nd4001_dt1,p1,dwell,6,xi_0.25,3,4001,1.0,2.5350000000000003e-06,0.07321886766113006,26.169750959999874,1459,293,1166,632.7986348122867,605.90671,0.0583,0.25,linear,0.06792928163377927,0.008103092060394685,2.7196638562666466e-10,3.356328468189929e-08,0.0017568554533254931,1.2478492190940949,0.00018395539005691848,-1.6781019586796815e-06,8.880842224327299e-05,1.9280158238318785,0.018867924528301886,0.19310516171024242,0.00044105427074148486,0.008103092060394685,,,,,1.9280158238318785,0.0
dwell_r6_xi_0.5_p+3_Nd4001_dt1,p1,dwell,6,xi_0.5,3,4001,1.0,2.5350000000000003e-06,0.07321886766113006,24.890813022999282,1459,146,1313,1269.9315068493152,1196.56055,0.06565,0.5,atomic,0.6742671968864037,0.42934275552437734,2.20508552941433e-09,5.13595606550098e-09,0.000652304726760035,1.6656259072298347,8.569821582185086e-05,9.797879485929311e-05,0.0003031958947751019,1.2634390735846175,0.11320754716981132,0.7506194462101018,0.005225100763655508,0.06697708659150634,0.40448636705562474,0.3819544746054503,0.48722323379205723,0.3893584450419842,1.8900740000048244,0.6266349264202069
dwell_r6_xi_0.5_p+3_Nd4001_dt1,p1,dwell,6,xi_0.5,3,4001,1.0,2.5350000000000003e-06,0.07321886766113006,24.890813022999282,1459,146,1313,1269.9315068493152,1196.56055,0.06565,0.5,static,0.1633957443628325,0.15221528702923198,1.532277384307381e-09,1.0066514436313594e-08,0.0009836185460163262,1.4398705555419191,0.00010772726513616216,8.74939520632079e-08,3.511471852270878e-06,1.9949504957200228,0.0,0.455511501503156,0.0018477962954302509,0.0465412673032325,,,,,1.8900740000048244,-0.10487649571519841
dwell_r6_xi_0.5_p+3_Nd4001_dt1,p1,dwell,6,xi_0.5,3,4001,1.0,2.5350000000000003e-06,0.07321886766113006,24.890813022999282,1459,146,1313,1269.9315068493152,1196.56055,0.06565,0.5,static_lti,0.19989327364161155,0.15575579339929652,1.6046803335935231e-09,1.0302540268789583e-08,0.0009813365123300562,1.4604527766522364,0.00010914888470295211,4.298514666426871e-07,2.184890114457049e-05,1.9930928961803804,0.0,0.4509856160218343,0.0018211422079014885,0.0487404285326413,,,,,1.8900740000048244,-0.10301889617555604
dwell_r6_xi_0.5_p+3_Nd4001_dt1,p1,dwell,6,xi_0.5,3,4001,1.0,2.5350000000000003e-06,0.07321886766113006,24.890813022999282,1459,146,1313,1269.9315068493152,1196.56055,0.06565,0.5,static_mh,0.30612518267452743,0.2923271913687274,2.937492707165953e-09,1.0048646837853483e-08,0.0009822718507874846,1.4420023345199444,0.00011397479683323118,2.8795178847318626e-05,0.000223523090037691,1.7848506078971267,0.026415094339622643,0.6506090508989154,0.0036872426867177355,0.08922316199772429,,,,,1.8900740000048244,0.10522339210769771
dwell_r6_xi_0.5_p+3_Nd4001_dt1,p1,dwell,6,xi_0.5,3,4001,1.0,2.5350000000000003e-06,0.07321886766113006,24.890813022999282,1459,146,1313,1269.9315068493152,1196.56055,0.06565,0.5,static_lti_mh,0.20296993396163898,0.15852748307815362,1.6340400677233998e-09,1.0307613771410365e-08,0.0009814968716585714,1.460463318930484,0.00010930616265739382,2.9647942802656664e-05,0.00010263082592372551,1.9929971363071337,0.0,0.4589394429506917,0.0018039692262336946,0.04963219868345384,,,,,1.8900740000048244,-0.10292313630230931
dwell_r6_xi_0.5_p+3_Nd4001_dt1,p1,dwell,6,xi_0.5,3,4001,1.0,2.5350000000000003e-06,0.07321886766113006,24.890813022999282,1459,146,1313,1269.9315068493152,1196.56055,0.06565,0.5,linear,0.05167501926349091,0.00582815645205939,1.9188029981030394e-10,3.292298368937963e-08,0.0017480537245625214,1.2409731126842716,0.0001820150529687882,3.5901677765000577e-06,6.705288969702895e-05,1.8900740000048244,0.007547169811320755,0.16869869828585754,0.00019181168312832394,0.00582815645205939,,,,,1.8900740000048244,0.0
dwell_r6_xi_1_p+3_Nd4001_dt1,p1,dwell,6,xi_1,3,4001,1.0,2.5350000000000003e-06,0.07321886766113006,24.058952801999112,1459,73,1386,2539.8630136986303,2373.85055,0.0693,1,atomic,0.7637774216574877,0.5204289672527045,2.8150034863757288e-09,5.409006153588773e-09,0.0006712806939051844,1.6268761930880433,9.070724347756463e-05,8.328702656408366e-05,0.0003277657580740452,1.2459035520970672,0.09433962264150944,0.7415432153325521,0.005384482430062252,0.08552455132419477,0.36766672676505946,0.33747014857763236,0.4075639320844353,0.340441179519202,1.9963288682041156,0.7504253161070484
dwell_r6_xi_1_p+3_Nd4001_dt1,p1,dwell,6,xi_1,3,4001,1.0,2.5350000000000003e-06,0.07321886766113006,24.058952801999112,1459,73,1386,2539.8630136986303,2373.85055,0.0693,1,static,0.16550981055863037,0.15961286339045522,1.5955711619124326e-09,9.996507349218115e-09,0.0009804081916208421,1.440840608335093,0.00010772446639568949,4.0121216354837145e-08,3.2651762745394954e-06,1.9959140340732273,0.0,0.41848363927538873,0.0018103041461246421,0.04847614164203953,,,,,1.9963288682041156,0.00041483413088827525
dwell_r6_xi_1_p+3_Nd4001_dt1,p1,dwell,6,xi_1,3,4001,1.0,2.5350000000000003e-06,0.07321886766113006,24.058952801999112,1459,73,1386,2539.8630136986303,2373.85055,0.0693,1,static_lti,0.19832211010146586,0.1601341325537795,1.644671067579849e-09,1.0270584049453054e-08,0.0009802777099532048,1.4594484277180908,0.00010921744087701924,-4.98069665997858e-07,2.1604951434473885e-05,1.995640494237124,0.0,0.41645644353053757,0.0017779673892274954,0.049967879546660224,,,,,1.9963288682041156,0.0006883739669916178
dwell_r6_xi_1_p+3_Nd4001_dt1,p1,dwell,6,xi_1,3,4001,1.0,2.5350000000000003e-06,0.07321886766113006,24.058952801999112,1459,73,1386,2539.8630136986303,2373.85055,0.0693,1,static_mh,0.24260409812683725,0.2368345105428771,2.387986851188928e-09,1.0082934474858135e-08,0.0009848432666749853,1.4425819915181632,0.00011172943771058169,2.9374789359992457e-05,0.00023086848937667952,1.8906064357149195,0.01509433962264151,0.4924056106830234,0.0025684236603839092,0.07255106610150401,,,,,1.9963288682041156,0.1057224324891961
dwell_r6_xi_1_p+3_Nd4001_dt1,p1,dwell,6,xi_1,3,4001,1.0,2.5350000000000003e-06,0.07321886766113006,24.058952801999112,1459,73,1386,2539.8630136986303,2373.85055,0.0693,1,static_lti_mh,0.19983615265539953,0.16189010638606524,1.6628891206080615e-09,1.0271715534255746e-08,0.000980454147091,1.459003198676317,0.00010930541197145738,2.8482869985853922e-05,0.00013605601035359877,1.9954053907537075,0.0,0.42021420987572633,0.0017852424919619398,0.05052137470884359,,,,,1.9963288682041156,0.0009234774504081056
dwell_r6_xi_1_p+3_Nd4001_dt1,p1,dwell,6,xi_1,3,4001,1.0,2.5350000000000003e-06,0.07321886766113006,24.058952801999112,1459,73,1386,2539.8630136986303,2373.85055,0.0693,1,linear,0.045322440527467714,0.004658663610100933,1.5333789071367967e-10,3.291456596720395e-08,0.0017484871194525244,1.238655927350174,0.00018201775823487626,8.870535665928763e-07,5.685282227004704e-05,1.9963288682041156,0.0,0.11877656725578811,0.00015402026773228366,0.004658663610100933,,,,,1.9963288682041156,0.0
dwell_r6_xi_2_p+3_Nd4001_dt1,p1,dwell,6,xi_2,3,4001,1.0,2.5350000000000003e-06,0.07321886766113006,25.741609797998535,1459,37,1422,5011.081081081081,4664.79323,0.0711,2,atomic,0.8461164784667812,0.5932195108001778,3.1590557551229847e-09,5.325272850284071e-09,0.0006671440598767004,1.6087618592711477,9.212338324983153e-05,5.272327120513079e-05,0.0003008569500663248,1.4053730164694094,0.04905660377358491,0.8033241763083608,0.008199183936637395,0.09828176078511756,0.3191920788665607,0.28742318385483145,0.34764171186548637,0.28824671637033505,2.0,0.5946269835305906
dwell_r6_xi_2_p+3_Nd4001_dt1,p1,dwell,6,xi_2,3,4001,1.0,2.5350000000000003e-06,0.07321886766113006,25.741609797998535,1459,37,1422,5011.081081081081,4664.79323,0.0711,2,static,0.16650216366244894,0.16358605405045723,1.6295762264284895e-09,9.961584047536568e-09,0.0009809821695984263,1.4412240161484429,0.00010769043181378083,2.607501341805352e-09,3.1016167760994154e-06,1.9961725212504462,0.0,0.4092159614703098,0.0017996386075418858,0.05069794054987305,,,,,2.0,0.003827478749553803
dwell_r6_xi_2_p+3_Nd4001_dt1,p1,dwell,6,xi_2,3,4001,1.0,2.5350000000000003e-06,0.07321886766113006,25.741609797998535,1459,37,1422,5011.081081081081,4664.79323,0.0711,2,static_lti,0.20436143463388026,0.1630366751287581,1.6602319297238467e-09,1.018318073778602e-08,0.0009758890462362228,1.4578772403800522,0.00010885694333720451,-6.483297662170822e-07,1.9986526957585065e-05,1.9961966838966694,0.0,0.40392726489543596,0.0017542192239522675,0.05165167379534928,,,,,2.0,0.003803316103330623
dwell_r6_xi_2_p+3_Nd4001_dt1,p1,dwell,6,xi_2,3,4001,1.0,2.5350000000000003e-06,0.07321886766113006,25.741609797998535,1459,37,1422,5011.081081081081,4664.79323,0.0711,2,static_mh,0.2203275421055505,0.21744192139551796,2.1578071171507305e-09,9.923602143055789e-09,0.000979176595108968,1.4427510983757124,0.00010994654684182901,2.8576211298641526e-05,0.00023343720624384532,1.8596300505618988,0.011320754716981131,0.4762044850489344,0.0027417026893924485,0.06713179486127052,,,,,2.0,0.14036994943810122
dwell_r6_xi_2_p+3_Nd4001_dt1,p1,dwell,6,xi_2,3,4001,1.0,2.5350000000000003e-06,0.07321886766113006,25.741609797998535,1459,37,1422,5011.081081081081,4664.79323,0.0711,2,static_lti_mh,0.2058742948736969,0.16451231060137433,1.6761615598918536e-09,1.0188669490840225e-08,0.0009761581688645163,1.4579560045863427,0.00010895507274766151,2.9016100256447324e-05,0.00017536711888151103,1.9957559233267963,0.0,0.4075959398029708,0.0017796134493280426,0.05214726242148498,,,,,2.0,0.0042440766732037005
dwell_r6_xi_2_p+3_Nd4001_dt1,p1,dwell,6,xi_2,3,4001,1.0,2.5350000000000003e-06,0.07321886766113006,25.741609797998535,1459,37,1422,5011.081081081081,4664.79323,0.0711,2,linear,0.04134160686438923,0.0042308930790518244,1.3599295559947453e-10,3.214284858031714e-08,0.001732617880370115,1.2365988174370277,0.0001797534322867363,-7.867666709349885e-07,5.0788102517413574e-05,2.0,0.0,0.09423650710111332,0.00011921369856543928,0.0042308930790518244,,,,,2.0,0.0
dwell_r6_xi_4_p+3_Nd4001_dt1,p1,dwell,6,xi_4,3,4001,1.0,2.5350000000000003e-06,0.07321886766113006,23.127455105999616,1459,18,1441,10300.555555555555,9568.40055,0.07205,4,atomic,0.9748873415629504,0.7043109393179354,3.420029252501719e-09,4.855851388328177e-09,0.0006328292408970403,1.5989885760174465,9.102933605543104e-05,3.907152120741829e-05,0.0002882992438109201,1.4064856479306402,0.04905660377358491,0.9136407439146933,0.009177795804206274,0.10488503403857637,0.2992281284406349,0.2690102221423536,0.3197803147053125,0.2693632350779644,1.9999999999982565,0.5935143520676163
dwell_r6_xi_4_p+3_Nd4001_dt1,p1,dwell,6,xi_4,3,4001,1.0,2.5350000000000003e-06,0.07321886766113006,23.127455105999616,1459,18,1441,10300.555555555555,9568.40055,0.07205,4,static,0.16649097923960107,0.16599847714978266,1.6541958051211869e-09,9.965126388651046e-09,0.0009756640366182256,1.4426730275059878,0.00010785316960307788,9.430644618234663e-08,2.949696381063914e-06,1.9963834549350832,0.0,0.39980739267820403,0.001802454447760221,0.05073067231799028,,,,,1.9999999999982565,0.0036165450631733265
dwell_r6_xi_4_p+3_Nd4001_dt1,p1,dwell,6,xi_4,3,4001,1.0,2.5350000000000003e-06,0.07321886766113006,23.127455105999616,1459,18,1441,10300.555555555555,9568.40055,0.07205,4,static_lti,0.2016259681928612,0.16404857517327923,1.6766203314501295e-09,1.0220267562087445e-08,0.0009727083053229186,1.4589743447073953,0.00010913389377573943,-6.329235947396455e-07,2.0122958073921262e-05,1.9965140079080252,0.0,0.3940903147104729,0.0017423786631676139,0.05141838491740434,,,,,1.9999999999982565,0.0034859920902312602
dwell_r6_xi_4_p+3_Nd4001_dt1,p1,dwell,6,xi_4,3,4001,1.0,2.5350000000000003e-06,0.07321886766113006,23.127455105999616,1459,18,1441,10300.555555555555,9568.40055,0.07205,4,static_mh,0.2027178608642421,0.20189934270075158,2.0237253523277638e-09,1.0023437051636475e-08,0.0009783879480187046,1.4445724762153032,0.00010981464455102962,3.1293255072363384e-05,0.00023671531686439014,1.9507806791486961,0.0037735849056603774,0.43988434629428513,0.00214750581382145,0.06206335875880663,,,,,1.9999999999982565,0.04921932084956038
dwell_r6_xi_4_p+3_Nd4001_dt1,p1,dwell,6,xi_4,3,4001,1.0,2.5350000000000003e-06,0.07321886766113006,23.127455105999616,1459,18,1441,10300.555555555555,9568.40055,0.07205,4,static_lti_mh,0.2036049015287185,0.16591485929106065,1.6961543577978142e-09,1.0223040691143216e-08,0.0009728190839085091,1.4587497936624008,0.00010923511505456144,3.0568239139197766e-05,0.00020161685712649608,1.99655595248538,0.0,0.3953917491105173,0.001733932306953911,0.052017452020964534,,,,,1.9999999999982565,0.0034440475128765247
dwell_r6_xi_4_p+3_Nd4001_dt1,p1,dwell,6,xi_4,3,4001,1.0,2.5350000000000003e-06,0.07321886766113006,23.127455105999616,1459,18,1441,10300.555555555555,9568.40055,0.07205,4,linear,0.03818220834579192,0.003682913842907164,1.2009027973002684e-10,3.2607409473155566e-08,0.0017356822222894383,1.2354934343727546,0.00018108475713381195,1.6382711094690578e-06,4.894533930252248e-05,1.9999999999982565,0.0,0.08644517424073922,8.747235755076077e-05,0.003682913842907164,,,,,1.9999999999982565,0.0
dwell_r6_xi_0.05_p+0_Nd4001_dt1,p1,dwell,6,xi_0.05,0,4001,1.0,2.5350000000000003e-06,0.07321886766113006,23.396177440999963,1459,1459,0,127.08019191226867,137.08073,0.0,0.05,atomic,0.4237312861146064,0.17287927550889254,1.478912660951413e-09,8.55459774804147e-09,0.0012135562198395788,1.4269665410796113,0.0001001814021587119,-7.395475491153948e-05,0.00019245092337275599,1.1960436437368247,0.21509433962264152,0.5966410865080013,0.0018320983640446131,0.07901869849976473,0.34493453007898833,0.21234282550445657,0.427531661632989,0.22664673692842638,1.6461308492634614,0.4500872055266367
dwell_r6_xi_0.05_p+0_Nd4001_dt1,p1,dwell,6,xi_0.05,0,4001,1.0,2.5350000000000003e-06,0.07321886766113006,23.396177440999963,1459,1459,0,127.08019191226867,137.08073,0.0,0.05,static,0.02467547280684267,0.0118288881878851,1.0838310661866768e-10,9.162577657101484e-09,0.0013750442146394427,1.3558805862326284,9.630870107609956e-05,-1.8402291886084063e-08,1.2673493873181343e-05,1.9999989682426043,0.0,0.17191475306040124,0.00013215264431915363,0.005790938336317157,,,,,1.6461308492634614,-0.35386811897914283
dwell_r6_xi_0.05_p+0_Nd4001_dt1,p1,dwell,6,xi_0.05,0,4001,1.0,2.5350000000000003e-06,0.07321886766113006,23.396177440999963,1459,1459,0,127.08019191226867,137.08073,0.0,0.05,static_lti,0.13548525582946006,0.014205063340171405,1.5001838965005796e-10,1.0560909589597632e-08,0.001404010196809836,1.4250870146340624,0.0001035190316590156,8.997981435489566e-06,8.304319137805282e-05,1.9012616202513437,0.026415094339622643,0.3391324921949304,0.0004917845334442066,0.008015522629681244,,,,,1.6461308492634614,-0.2551307709878823
dwell_r6_xi_0.05_p+0_Nd4001_dt1,p1,dwell,6,xi_0.05,0,4001,1.0,2.5350000000000003e-06,0.07321886766113006,23.396177440999963,1459,1459,0,127.08019191226867,137.08073,0.0,0.05,static_mh,0.13279506785241024,0.11687927129059451,1.0668810615881732e-09,9.128060517554126e-09,0.0013714000407511785,1.3642573788470258,0.00010099294952334345,-3.659579443253115e-05,1.985648016278296e-05,1.9839350529634507,0.0,0.354947965221605,0.0005450956602283353,0.05700374009004067,,,,,1.6461308492634614,-0.3378042036999893
dwell_r6_xi_0.05_p+0_Nd4001_dt1,p1,dwell,6,xi_0.05,0,4001,1.0,2.5350000000000003e-06,0.07321886766113006,23.396177440999963,1459,1459,0,127.08019191226867,137.08073,0.0,0.05,static_lti_mh,0.139368078062753,0.016876715940864227,1.782688297797214e-10,1.0563004698566524e-08,0.0014035998925774817,1.4253620208178366,0.00010366386463830084,-2.7582900045815233e-05,8.297596320141714e-05,1.9076646915144178,0.03018867924528302,0.3450164633314913,0.0004986500609368994,0.009524951191646112,,,,,1.6461308492634614,-0.2615338422509563
dwell_r6_xi_0.05_p+0_Nd4001_dt1,p1,dwell,6,xi_0.05,0,4001,1.0,2.5350000000000003e-06,0.07321886766113006,23.396177440999963,1459,1459,0,127.08019191226867,137.08073,0.0,0.05,linear,0.17590925952433906,0.009814124303595559,1.836809889849256e-10,1.871598354604406e-08,0.00183268406935075,1.2929744026979872,0.00013750561890186062,1.6862069295498493e-05,0.00014780834061796998,1.6461308492634614,0.13584905660377358,0.38051387859369845,0.0006750546499284767,0.009814124303595559,,,,,1.6461308492634614,0.0
dwell_r6_xi_0.1_p+0_Nd4001_dt1,p1,dwell,6,xi_0.1,0,4001,1.0,2.5350000000000003e-06,0.07321886766113006,23.333134253000026,1459,731,728,253.6388508891929,254.40724,0.0364,0.1,atomic,0.2908416185363785,0.13825098998323315,1.1445086936969435e-09,8.278484615811776e-09,0.0011979400171086647,1.4234442469199584,9.70852043418304e-05,-0.00011037304747310502,0.00015938432112502028,1.5258694274409514,0.09811320754716982,0.4747779913084606,0.0012885215733110036,0.06306825126802854,0.2645555757979431,0.17221153740556014,0.31318341173328695,0.17999558705758054,1.8605282861078554,0.3346588586669039
dwell_r6_xi_0.1_p+0_Nd4001_dt1,p1,dwell,6,xi_0.1,0,4001,1.0,2.5350000000000003e-06,0.07321886766113006,23.333134253000026,1459,731,728,253.6388508891929,254.40724,0.0364,0.1,static,0.029474194266374175,0.016571388641054525,1.5561112551775245e-10,9.390349166770256e-09,0.0013501412008899724,1.3652639637709671,9.773182665746358e-05,-6.217341424727053e-08,8.330869151654194e-06,1.9999996502526747,0.0,0.17342685452532536,0.00015619215775264497,0.008574964627444795,,,,,1.8605282861078554,-0.1394713641448193
dwell_r6_xi_0.1_p+0_Nd4001_dt1,p1,dwell,6,xi_0.1,0,4001,1.0,2.5350000000000003e-06,0.07321886766113006,23.333134253000026,1459,731,728,253.6388508891929,254.40724,0.0364,0.1,static_lti,0.10853011565097612,0.020886809329522495,2.146750626816012e-10,1.0278020893223187e-08,0.0013641021931948584,1.4187412672284772,0.00010245767323049045,1.1044680421473537e-06,5.6091539645164596e-05,1.9772489834123612,0.0037735849056603774,0.2725699386233833,0.00047466202296177277,0.011829688030109508,,,,,1.8605282861078554,-0.11672069730450585
dwell_r6_xi_0.1_p+0_Nd4001_dt1,p1,dwell,6,xi_0.1,0,4001,1.0,2.5350000000000003e-06,0.07321886766113006,23.333134253000026,1459,731,728,253.6388508891929,254.40724,0.0364,0.1,static_mh,0.07177077966583303,0.059120088386770804,5.549753666703367e-10,9.38725536131848e-09,0.0013504175503452232,1.3656703792397817,9.973512608983944e-05,-3.65744512296727e-05,3.193162219155615e-05,1.9984812798222789,0.0,0.26220140675721565,0.00037316327017447804,0.030581965926070223,,,,,1.8605282861078554,-0.1379529937144235
dwell_r6_xi_0.1_p+0_Nd4001_dt1,p1,dwell,6,xi_0.1,0,4001,1.0,2.5350000000000003e-06,0.07321886766113006,23.333134253000026,1459,731,728,253.6388508891929,254.40724,0.0364,0.1,static_lti_mh,0.1097600113634659,0.022620178761125275,2.3233951211381907e-10,1.0271338461441097e-08,0.001364059373902678,1.4186272397648985,0.00010250974396526723,-3.5415184033697345e-05,5.7058724111870476e-05,1.9735970998042238,0.0037735849056603774,0.27863041584925263,0.0004897364440476474,0.012803089054879264,,,,,1.8605282861078554,-0.11306881369636845
dwell_r6_xi_0.1_p+0_Nd4001_dt1,p1,dwell,6,xi_0.1,0,4001,1.0,2.5350000000000003e-06,0.07321886766113006,23.333134253000026,1459,731,728,253.6388508891929,254.40724,0.0364,0.1,linear,0.1170105493361458,0.010070004753627593,1.827418353034128e-10,1.8147144889636954e-08,0.001796091113679001,1.273813400848379,0.0001354212494548061,1.4658997365263299e-06,9.093330364514828e-05,1.8605282861078554,0.03773584905660377,0.30362226793502445,0.0005434306143488503,0.010070004753627593,,,,,1.8605282861078554,0.0
dwell_r6_xi_4_p+0_Nd4001_dt1,p1,dwell,6,xi_4,0,4001,1.0,2.5350000000000003e-06,0.07321886766113006,25.169284566998613,1459,18,1441,10300.555555555555,9568.40055,0.07205,4,atomic,0.41188448321818616,0.31442402679392917,1.5814538644985825e-09,5.0296851694958214e-09,0.0009449071923619684,1.4604233270231635,8.138051140563687e-05,-4.234907258769019e-05,0.0001184931468182022,1.7828140348547192,0.022641509433962263,0.565715476739035,0.0018381761622829106,0.09676988603751777,0.22783653556791753,0.18918398566466677,0.22884757885398177,0.18909318252362933,1.9999999999994844,0.21718596514476518
dwell_r6_xi_4_p+0_Nd4001_dt1,p1,dwell,6,xi_4,0,4001,1.0,2.5350000000000003e-06,0.07321886766113006,25.169284566998613,1459,18,1441,10300.555555555555,9568.40055,0.07205,4,static,0.030520244409177465,0.030432365930515036,2.853504069559541e-10,9.376543631457472e-09,0.001337067902500695,1.3715713931437055,9.837547532584375e-05,1.2069891456972079e-07,3.3383738428288855e-06,1.9999999993019164,0.0,0.180448673549975,0.00017941597131389776,0.01746072204935432,,,,,1.9999999999994844,6.975680033605158e-10
dwell_r6_xi_4_p+0_Nd4001_dt1,p1,dwell,6,xi_4,0,4001,1.0,2.5350000000000003e-06,0.07321886766113006,25.169284566998613,1459,18,1441,10300.555555555555,9568.40055,0.07205,4,static_lti,0.06739988238599758,0.03279523396746285,3.125517613409126e-10,9.530401937397511e-09,0.0013260189722999007,1.389034340594914,9.929303310278592e-05,2.577757251578688e-08,2.3549522162605734e-05,1.9999998333819882,0.0,0.1871607803675154,0.00019843974125618918,0.019125185378313436,,,,,1.9999999999994844,1.6661749624446998e-07
dwell_r6_xi_4_p+0_Nd4001_dt1,p1,dwell,6,xi_4,0,4001,1.0,2.5350000000000003e-06,0.07321886766113006,25.169284566998613,1459,18,1441,10300.555555555555,9568.40055,0.07205,4,static_mh,0.031802463388753345,0.03168885589297018,2.974482351020999e-10,9.386524906633993e-09,0.0013377627535840928,1.3717626088718249,9.848868166453758e-05,-3.6200059426977064e-05,5.591931797648426e-05,1.9999999988891637,0.0,0.1845910149534238,0.00018348546181831777,0.01820099369260911,,,,,1.9999999999994844,1.1103207242513236e-09
dwell_r6_xi_4_p+0_Nd4001_dt1,p1,dwell,6,xi_4,0,4001,1.0,2.5350000000000003e-06,0.07321886766113006,25.169284566998613,1459,18,1441,10300.555555555555,9568.40055,0.07205,4,static_lti_mh,0.06774396071439492,0.03312024183386925,3.1569175547297085e-10,9.531686303997327e-09,0.0013261032397234257,1.3889253013740874,9.931434942358741e-05,-3.629491312153154e-05,5.229590325226274e-05,1.9999998352408141,0.0,0.1875378814794546,0.00019818048978799462,0.019317323056900784,,,,,1.9999999999994844,1.6475867026244373e-07
dwell_r6_xi_4_p+0_Nd4001_dt1,p1,dwell,6,xi_4,0,4001,1.0,2.5350000000000003e-06,0.07321886766113006,25.169284566998613,1459,18,1441,10300.555555555555,9568.40055,0.07205,4,linear,0.03818220834579729,0.003682913842907393,6.018771508342082e-11,1.6342417349602452e-08,0.0017356822222898826,1.2354934343727557,0.00012819819042910732,1.1598071256269723e-06,3.4650646624470855e-05,1.9999999999994844,0.0,0.08962665707473691,4.840231071805625e-05,0.003682913842907393,,,,,1.9999999999994844,0.0
dwell_r6_xi_0.05_p+6_Nd4001_dt1,p1,dwell,6,xi_0.05,6,4001,1.0,2.5350000000000003e-06,0.07321886766113006,27.606716392001545,1459,1459,0,127.08019191226867,137.08073,0.0,0.05,atomic,1.5285360542830881,0.5717532722696177,5.40444777013996e-09,9.452412486747294e-09,0.0005553623140746567,1.7298041829198108,0.00012192530507156887,0.0003687291398772466,0.000296764893580155,0.48774273606238694,0.37358490566037733,1.2063482862680215,0.02644400885210792,0.07253350586796257,0.8233063716802708,0.9071801683262332,0.8890811451190809,0.9450701148162993,1.6479533407842017,1.1602106047218148
dwell_r6_xi_0.05_p+6_Nd4001_dt1,p1,dwell,6,xi_0.05,6,4001,1.0,2.5350000000000003e-06,0.07321886766113006,27.606716392001545,1459,1459,0,127.08019191226867,137.08073,0.0,0.05,static,0.393818522589425,0.11859461243797757,1.4766415263709872e-09,1.2451168699954552e-08,0.000724245435140427,1.5575867795410905,0.00011805137369740643,5.891929969875665e-07,1.2956480131083035e-05,1.920262650462365,0.0,0.6511028932301467,0.008288473548402094,0.019818118589225164,,,,,1.6479533407842017,-0.27230930967816325
dwell_r6_xi_0.05_p+6_Nd4001_dt1,p1,dwell,6,xi_0.05,6,4001,1.0,2.5350000000000003e-06,0.07321886766113006,27.606716392001545,1459,1459,0,127.08019191226867,137.08073,0.0,0.05,static_lti,0.7175715604955013,0.13651577102059823,1.8344460835683725e-09,1.3437612884240176e-08,0.0006831858109596833,1.5887455604411216,0.0001236100896839963,-7.473587588647716e-06,8.392670036863641e-05,1.7359776922149297,0.0,0.851670454600946,0.014151019532180828,0.02462024085090227,,,,,1.6479533407842017,-0.08802435143072795
dwell_r6_xi_0.05_p+6_Nd4001_dt1,p1,dwell,6,xi_0.05,6,4001,1.0,2.5350000000000003e-06,0.07321886766113006,27.606716392001545,1459,1459,0,127.08019191226867,137.08073,0.0,0.05,static_mh,2.2263266777641575,1.5681024713407277,1.985367002817858e-08,1.2660951940981058e-08,0.000727331918859425,1.586458275932879,0.00018035410114180717,2.1490296586428223e-05,7.324118396146387e-05,0.4623139966434001,0.3018867924528302,1.3788617095024673,0.03437163172411998,0.26645762023012215,,,,,1.6479533407842017,1.1856393441408017
dwell_r6_xi_0.05_p+6_Nd4001_dt1,p1,dwell,6,xi_0.05,6,4001,1.0,2.5350000000000003e-06,0.07321886766113006,27.606716392001545,1459,1459,0,127.08019191226867,137.08073,0.0,0.05,static_lti_mh,0.7620867265653779,0.18021079882255794,2.4263500174196246e-09,1.3463954620215054e-08,0.0006880182112571346,1.585047183825363,0.00012609165173616408,1.341082049993225e-05,8.847093191052966e-05,1.6602171426716945,0.011320754716981131,0.8929416631963061,0.015281771191187513,0.03256422870780742,,,,,1.6479533407842017,-0.012263801887492765
dwell_r6_xi_0.05_p+6_Nd4001_dt1,p1,dwell,6,xi_0.05,6,4001,1.0,2.5350000000000003e-06,0.07321886766113006,27.606716392001545,1459,1459,0,127.08019191226867,137.08073,0.0,0.05,linear,0.17590925952428377,0.00981412430359732,7.312471880926991e-10,7.450967253641407e-08,0.0018326840693512938,1.2929744026980963,0.000274359779491355,3.364425141770138e-05,0.00029491641187312636,1.6479533407842017,0.14339622641509434,0.3787314329756289,0.0026542213313699298,0.00981412430359732,,,,,1.6479533407842017,0.0
dwell_r6_xi_4_p+6_Nd4001_dt1,p1,dwell,6,xi_4,6,4001,1.0,2.5350000000000003e-06,0.07321886766113006,22.336954401000185,1459,18,1441,10300.555555555555,9568.40055,0.07205,4,atomic,1.379159845388703,0.8388593998540946,4.572175407861918e-09,5.4504669181237886e-09,0.00044918981192932327,1.7916823580457801,0.00010014624809576336,0.00012178130739150997,0.0003705455370976529,1.174665682222237,0.1018867924528302,1.0627893913649316,0.02503867702349671,0.07027592750695136,0.3296371402620572,0.32193568023575375,0.36670358708864176,0.3247993558017083,1.9999999999924116,0.8253343177701746
dwell_r6_xi_4_p+6_Nd4001_dt1,p1,dwell,6,xi_4,6,4001,1.0,2.5350000000000003e-06,0.07321886766113006,22.336954401000185,1459,18,1441,10300.555555555555,9568.40055,0.07205,4,static,0.6777110361056685,0.6748525196002764,5.790460872072528e-09,8.580335264217863e-09,0.0006405196028213085,1.6185937767816867,0.00011992381388537168,1.879527989914949e-08,3.0744431973464048e-06,1.7545139291679925,0.0,0.7864031110351123,0.013952643876608863,0.08900139915408442,,,,,1.9999999999924116,0.2454860708244191
dwell_r6_xi_4_p+6_Nd4001_dt1,p1,dwell,6,xi_4,6,4001,1.0,2.5350000000000003e-06,0.07321886766113006,22.336954401000185,1459,18,1441,10300.555555555555,9568.40055,0.07205,4,static_lti,0.7344975907512964,0.6813307629764653,5.906983712256748e-09,8.669773967714985e-09,0.0006344453354798274,1.6337095781770534,0.00012077883340964819,-1.9137975476852864e-06,1.8303971376413368e-05,1.7587107383134366,0.0,0.786467779617855,0.013857897362375167,0.09079239576712111,,,,,1.9999999999924116,0.24128926167897502
dwell_r6_xi_4_p+6_Nd4001_dt1,p1,dwell,6,xi_4,6,4001,1.0,2.5350000000000003e-06,0.07321886766113006,22.336954401000185,1459,18,1441,10300.555555555555,9568.40055,0.07205,4,static_mh,0.7731833648121782,0.7693432665600058,6.65981028367711e-09,8.65648738755507e-09,0.0006432068591259605,1.6213058603494186,0.00012379059156127079,2.189963476695293e-05,0.00023664095453073268,1.6279822470758694,0.0037735849056603774,0.8326367431596737,0.015717950761907105,0.10236360221459734,,,,,1.9999999999924116,0.37201775291654227
dwell_r6_xi_4_p+6_Nd4001_dt1,p1,dwell,6,xi_4,6,4001,1.0,2.5350000000000003e-06,0.07321886766113006,22.336954401000185,1459,18,1441,10300.555555555555,9568.40055,0.07205,4,static_lti_mh,0.7397677177057973,0.6861687539944132,5.950022239167301e-09,8.67136867502385e-09,0.0006344527765295302,1.6337325780425298,0.00012096546829407838,1.997115773798562e-05,0.00020162703288730162,1.7585763038767195,0.0,0.7857048076053444,0.013814106475439956,0.09145391290663663,,,,,1.9999999999924116,0.24142369611569214
dwell_r6_xi_4_p+6_Nd4001_dt1,p1,dwell,6,xi_4,6,4001,1.0,2.5350000000000003e-06,0.07321886766113006,22.336954401000185,1459,18,1441,10300.555555555555,9568.40055,0.07205,4,linear,0.03818220834579973,0.0036829138429070253,2.396116095393847e-10,6.506033531054656e-08,0.0017356822222898995,1.23549343437275,0.0002557890182104027,2.3141194503963187e-06,6.913712939910885e-05,1.9999999999924116,0.0,0.08504360368661738,0.0001651794849055067,0.0036829138429070253,,,,,1.9999999999924116,0.0
shuffle_r6_ORIGINAL_p+3_Nd4001_dt1,p1,shuffle,6,ORIGINAL,3,4001,1.0,2.5350000000000003e-06,0.07321886766113006,22.90589264600021,280,634,atomic,0.8995492724126568,0.6319587808232552,2.7490459761611292e-09,4.35004000194433e-09,0.0005911937552868239,1.6994249228525977,8.425750082528127e-05,6.323984073649976e-05,0.000289095327469167,0.8001273453582213,0.14339622641509434,0.869856617137764,0.009479963696960074,0.08043719827457219,0.40378557824186606,0.38934532188101134,0.4455771512650601,0.39194658084435546,1.9411732198636187,1.1410458745053975
shuffle_r6_ORIGINAL_p+3_Nd4001_dt1,p1,shuffle,6,ORIGINAL,3,4001,1.0,2.5350000000000003e-06,0.07321886766113006,22.90589264600021,280,634,static,0.5643954420335076,0.5416284243514886,3.6088869583911656e-09,6.663030956531163e-09,0.0007836216039905543,1.5622012122528726,0.00010137012171000183,4.539781643013921e-09,2.3088722108353645e-06,1.077867615687514,0.026415094339622643,0.7403179737220873,0.005094044288939008,0.10559618076231596,,,,,1.9411732198636187,0.8633056041761047
shuffle_r6_ORIGINAL_p+3_Nd4001_dt1,p1,shuffle,6,ORIGINAL,3,4001,1.0,2.5350000000000003e-06,0.07321886766113006,22.90589264600021,280,634,static_lti,0.643122824308353,0.5805569210723706,3.916468795537078e-09,6.746054785296174e-09,0.0007790205061067089,1.5862126789139404,0.0001032790629163968,-9.627034518428309e-07,1.4721185986108779e-05,1.015353555397318,0.033962264150943396,0.7469407281322565,0.005373191497300398,0.11459603796176238,,,,,1.9411732198636187,0.9258196644663006
shuffle_r6_ORIGINAL_p+3_Nd4001_dt1,p1,shuffle,6,ORIGINAL,3,4001,1.0,2.5350000000000003e-06,0.07321886766113006,22.90589264600021,280,634,static_mh,0.6818244439648339,0.6560645019189658,4.354262214218471e-09,6.636942254126547e-09,0.0007817829866680478,1.5582727324344579,0.00010485763848391965,-1.8842335064937564e-05,0.0002475957657296063,0.9565909523727353,0.026415094339622643,0.7763495654786388,0.006239667948595117,0.12740589138987904,,,,,1.9411732198636187,0.9845822674908834
shuffle_r6_ORIGINAL_p+3_Nd4001_dt1,p1,shuffle,6,ORIGINAL,3,4001,1.0,2.5350000000000003e-06,0.07321886766113006,22.90589264600021,280,634,static_lti_mh,0.6527550076161428,0.5881515410574767,3.970453227831409e-09,6.750731657852443e-09,0.0007788808989868413,1.5875367078547686,0.0001035628379746334,-1.9828092889130846e-05,0.00010765834232342098,1.0173362675116893,0.03018867924528302,0.7447366968460972,0.005531503444126845,0.11617562466997128,,,,,1.9411732198636187,0.9238369523519294
shuffle_r6_ORIGINAL_p+3_Nd4001_dt1,p1,shuffle,6,ORIGINAL,3,4001,1.0,2.5350000000000003e-06,0.07321886766113006,22.90589264600021,280,634,linear,0.038773001540329005,5.1237648729333935e-05,1.7511133541290913e-12,3.417630194897226e-08,0.0017541520474945302,1.2386617705879501,0.000184945224989272,-2.2953624265804975e-06,2.220775135742744e-05,1.9411732198636187,0.0037735849056603774,0.08340149546797501,0.0001340839582241638,5.1237648729333935e-05,,,,,1.9411732198636187,0.0
shuffle_r6_BLOCK_SHUFFLED_CYCLES_p+3_Nd4001_dt1,p1,shuffle,6,BLOCK_SHUFFLED_CYCLES,3,4001,1.0,2.5350000000000003e-06,0.07321886766113006,24.22395011699882,280,634,atomic,0.8136680556375836,0.5904987797674631,2.8152948015744415e-09,4.767655578700937e-09,0.0006279976666405777,1.7206456611505072,8.711348533047172e-05,7.209185033145659e-05,0.00030365862031444933,0.727020340478623,0.15849056603773584,0.8571127503040543,0.008361072415468561,0.08492195588434842,0.4125519561935571,0.4043951240498774,0.44478024103422004,0.4073119799232219,1.8573905388697247,1.1303701983911019
shuffle_r6_BLOCK_SHUFFLED_CYCLES_p+3_Nd4001_dt1,p1,shuffle,6,BLOCK_SHUFFLED_CYCLES,3,4001,1.0,2.5350000000000003e-06,0.07321886766113006,24.22395011699882,280,634,static,0.566507041007744,0.5336118622712495,3.5441269515819636e-09,6.641769424871569e-09,0.0007831614037071749,1.5630851643294246,0.00010096406338590158,7.87852596574522e-08,2.4024105707959553e-06,1.122962355358724,0.018867924528301886,0.6790355455882149,0.006633722332640171,0.10690681219688085,,,,,1.8573905388697247,0.7344281835110007
shuffle_r6_BLOCK_SHUFFLED_CYCLES_p+3_Nd4001_dt1,p1,shuffle,6,BLOCK_SHUFFLED_CYCLES,3,4001,1.0,2.5350000000000003e-06,0.07321886766113006,24.22395011699882,280,634,static_lti,0.6534931029070309,0.573921487933574,3.818739064379275e-09,6.653765618932982e-09,0.0007729331121143525,1.5825379694757546,0.00010237424136762835,-7.109255668753273e-07,1.4662755360788175e-05,1.0985457248746093,0.04150943396226415,0.7120472664327145,0.006714812655476939,0.11519034886779682,,,,,1.8573905388697247,0.7588448139951154
shuffle_r6_BLOCK_SHUFFLED_CYCLES_p+3_Nd4001_dt1,p1,shuffle,6,BLOCK_SHUFFLED_CYCLES,3,4001,1.0,2.5350000000000003e-06,0.07321886766113006,24.22395011699882,280,634,static_mh,0.6680786962353776,0.6300855078044325,4.217963217468763e-09,6.694271119116018e-09,0.0007855365533658858,1.5590002981386748,0.00010449697025398306,-1.945687095251822e-05,0.0002471447309146076,1.0243896250510227,0.033962264150943396,0.787994981167371,0.007318580452476715,0.12723274524407394,,,,,1.8573905388697247,0.833000913818702
shuffle_r6_BLOCK_SHUFFLED_CYCLES_p+3_Nd4001_dt1,p1,shuffle,6,BLOCK_SHUFFLED_CYCLES,3,4001,1.0,2.5350000000000003e-06,0.07321886766113006,24.22395011699882,280,634,static_lti_mh,0.6611456810133873,0.5814223848639476,3.864098646249021e-09,6.64594062224353e-09,0.0007725313874684014,1.5826879627528858,0.00010255749278065073,-2.0191779807626184e-05,0.00010582759318959016,1.1068908924553476,0.045283018867924525,0.7120119862707165,0.007070820564057845,0.11655859790811787,,,,,1.8573905388697247,0.7504996464143772
shuffle_r6_BLOCK_SHUFFLED_CYCLES_p+3_Nd4001_dt1,p1,shuffle,6,BLOCK_SHUFFLED_CYCLES,3,4001,1.0,2.5350000000000003e-06,0.07321886766113006,24.22395011699882,280,634,linear,0.039481166133703165,0.00010681448652757772,3.5410662121755968e-12,3.315155394452374e-08,0.0017345413232719433,1.2390609834619493,0.00018212149416951923,-1.2688837008302424e-06,2.1778856507195203e-05,1.8573905388697247,0.01509433962264151,0.10838646058535892,9.940660718577788e-05,0.00010681448652757772,,,,,1.8573905388697247,0.0
shuffle_r6_ORIGINAL_p+6_Nd4001_dt1,p1,shuffle,6,ORIGINAL,6,4001,1.0,2.5350000000000003e-06,0.07321886766113006,23.738234582000587,280,634,atomic,1.1351107476788858,0.6631811284706395,3.427059836606316e-09,5.167607595393209e-09,0.00043436841337817037,1.9048594219227182,9.270744940410778e-05,0.00014781259108559146,0.00036669279377503415,0.8342614806154053,0.22264150943396227,0.8660991246723418,0.018987682125242666,0.05025700678640888,0.5227107407233218,0.5260531337444841,0.586483298251174,0.528586197788465,1.9435282229723554,1.10926674235695
shuffle_r6_ORIGINAL_p+6_Nd4001_dt1,p1,shuffle,6,ORIGINAL,6,4001,1.0,2.5350000000000003e-06,0.07321886766113006,23.738234582000587,280,634,static,1.0114987510408964,0.9574231483563278,6.19595611942203e-09,6.471491868625739e-09,0.000543298596173826,1.7573455352514369,0.00011255631210761757,2.7871794934860298e-08,3.0022984571371794e-06,0.977611711957971,0.04905660377358491,0.9555847056109631,0.018206342636084883,0.09086220363471746,,,,,1.9435282229723554,0.9659165110143844
shuffle_r6_ORIGINAL_p+6_Nd4001_dt1,p1,shuffle,6,ORIGINAL,6,4001,1.0,2.5350000000000003e-06,0.07321886766113006,23.738234582000587,280,634,static_lti,1.1274004663540365,1.0113926171067307,6.659098055093477e-09,6.584088060819563e-09,0.0005401638522132319,1.781882226653747,0.00011508584720830947,7.612981312202785e-08,1.7262818409355695e-05,0.9285269449838297,0.09811320754716982,0.9904461982858447,0.01928142427144384,0.09765406853170155,,,,,1.9435282229723554,1.0150012779885258
shuffle_r6_ORIGINAL_p+6_Nd4001_dt1,p1,shuffle,6,ORIGINAL,6,4001,1.0,2.5350000000000003e-06,0.07321886766113006,23.738234582000587,280,634,static_mh,1.3772809868889575,1.2933350175601717,8.481993830208129e-09,6.558234111846051e-09,0.0005445538743178157,1.7552695907313294,0.00012264606597175678,-3.546736656722623e-05,0.0005253251994332636,0.842257988063448,0.07169811320754717,1.0081846159614027,0.026803924381711156,0.12438639586438513,,,,,1.9435282229723554,1.1012702349089074
shuffle_r6_ORIGINAL_p+6_Nd4001_dt1,p1,shuffle,6,ORIGINAL,6,4001,1.0,2.5350000000000003e-06,0.07321886766113006,23.738234582000587,280,634,static_lti_mh,1.1469329897371592,1.0300127179621237,6.789980610778858e-09,6.5921327886249875e-09,0.0005405140778583676,1.7818395785863315,0.00011568769745580973,-3.542249465244588e-05,0.00026396285889430037,1.0749284503235421,0.07547169811320754,0.958584917695471,0.02072099883804247,0.0995734296759226,,,,,1.9435282229723554,0.8685997726488133
shuffle_r6_ORIGINAL_p+6_Nd4001_dt1,p1,shuffle,6,ORIGINAL,6,4001,1.0,2.5350000000000003e-06,0.07321886766113006,23.738234582000587,280,634,linear,0.03877300154033083,5.123764872940976e-05,3.493930484737687e-12,6.819068734378155e-08,0.0017541520474945252,1.23866177058795,0.0002612420739960489,-3.242285606060872e-06,3.1369282574013414e-05,1.9435282229723554,0.0037735849056603774,0.08150882272456197,0.0002586494402068776,5.123764872940976e-05,,,,,1.9435282229723554,0.0
shuffle_r6_BLOCK_SHUFFLED_CYCLES_p+6_Nd4001_dt1,p1,shuffle,6,BLOCK_SHUFFLED_CYCLES,6,4001,1.0,2.5350000000000003e-06,0.07321886766113006,25.734998863001238,280,634,atomic,0.9789001782196459,0.6179145432281999,3.4110233460717796e-09,5.520218585973734e-09,0.000461914726095247,1.9101735708202403,9.452529141814891e-05,0.00017012453740664524,0.000373246745500266,0.6820096838943008,0.21509433962264152,0.8635658274354444,0.017202858224255248,0.05156806095776259,0.5168593608408026,0.5261636751232233,0.5903024123813952,0.5312762315042598,1.8603551031019514,1.1783454192076506
shuffle_r6_BLOCK_SHUFFLED_CYCLES_p+6_Nd4001_dt1,p1,shuffle,6,BLOCK_SHUFFLED_CYCLES,6,4001,1.0,2.5350000000000003e-06,0.07321886766113006,25.734998863001238,280,634,static,1.0135029751579625,0.9385999415073597,6.105446778763996e-09,6.504844618846721e-09,0.0005441319762635115,1.7578956168006086,0.00011232644966073399,2.5472772854867313e-08,2.972790739883082e-06,0.9758091050292514,0.045283018867924525,0.9475425487292849,0.021770385724483254,0.09230252030501686,,,,,1.8603551031019514,0.8845459980727
shuffle_r6_BLOCK_SHUFFLED_CYCLES_p+6_Nd4001_dt1,p1,shuffle,6,BLOCK_SHUFFLED_CYCLES,6,4001,1.0,2.5350000000000003e-06,0.07321886766113006,25.734998863001238,280,634,static_lti,1.1470893877542194,1.0004900585391334,6.569321884367557e-09,6.566104108980112e-09,0.0005377926261429984,1.7765180800024956,0.00011464092238959385,-7.08682795226529e-07,1.703042803005186e-05,0.9120152095354703,0.10943396226415095,1.0092454923017735,0.02373400455896652,0.0993154127116611,,,,,1.8603551031019514,0.9483398935664811
shuffle_r6_BLOCK_SHUFFLED_CYCLES_p+6_Nd4001_dt1,p1,shuffle,6,BLOCK_SHUFFLED_CYCLES,6,4001,1.0,2.5350000000000003e-06,0.07321886766113006,25.734998863001238,280,634,static_mh,1.4214640773727159,1.3105067585392312,8.510600261074607e-09,6.494129240936558e-09,0.0005412437506245042,1.7652673089109374,0.00012252407191212756,-3.734090887405512e-05,0.0005246066584740258,0.6559581549770521,0.09811320754716982,1.2149287621441096,0.03839173085687841,0.12866377873246315,,,,,1.8603551031019514,1.2043969481248993
shuffle_r6_BLOCK_SHUFFLED_CYCLES_p+6_Nd4001_dt1,p1,shuffle,6,BLOCK_SHUFFLED_CYCLES,6,4001,1.0,2.5350000000000003e-06,0.07321886766113006,25.734998863001238,280,634,static_lti_mh,1.1736544237392736,1.0221753621005827,6.715706427041427e-09,6.570013987854852e-09,0.0005375453751264268,1.7764583759598942,0.00011529431892875355,-3.7823122966987857e-05,0.00025543471262295085,0.9362286770688086,0.10943396226415095,1.0178889473578092,0.02524086418264103,0.10152846324049247,,,,,1.8603551031019514,0.9241264260331428
shuffle_r6_BLOCK_SHUFFLED_CYCLES_p+6_Nd4001_dt1,p1,shuffle,6,BLOCK_SHUFFLED_CYCLES,6,4001,1.0,2.5350000000000003e-06,0.07321886766113006,25.734998863001238,280,634,linear,0.03948116613369956,0.00010681448652724491,7.065355967941558e-12,6.614604626816621e-08,0.0017345413232719494,1.2390609834619521,0.0002572534481972397,-1.7923458671822868e-06,3.07634524953636e-05,1.8603551031019514,0.01509433962264151,0.10625057856514619,0.00019052063760617848,0.00010681448652724491,,,,,1.8603551031019514,0.0
dwell_r7_xi_0.05_p+3_Nd4001_dt1,p1,dwell,7,xi_0.05,3,4001,1.0,2.5350000000000003e-06,0.07321886766113006,26.30015051100054,1459,1459,0,127.08019191226867,137.08073,0.0,0.05,atomic,0.8626827051224227,0.34233771468378615,3.045911297270545e-09,8.897387482077522e-09,0.0008202898452529436,1.5616423572561435,0.00010935314436856461,1.6393692231141455e-06,0.00023117180917698175,0.6169827008364982,0.38113207547169814,0.8989445840414396,0.00743612244792708,0.08163224997164696,0.5931897344139435,0.5530553458501171,0.8339878768961007,0.626951945449902,1.5402869450935852,0.923304244257087
dwell_r7_xi_0.05_p+3_Nd4001_dt1,p1,dwell,7,xi_0.05,3,4001,1.0,2.5350000000000003e-06,0.07321886766113006,26.30015051100054,1459,1459,0,127.08019191226867,137.08073,0.0,0.05,static,0.1068120640862423,0.03800094602236976,4.2028804122478835e-10,1.1059936270464958e-08,0.0010433088050671299,1.416359753414183,0.00010726556667770701,-4.306003223639012e-08,7.700884388891172e-06,1.997855640112459,0.0,0.33544353363903806,0.0010151116595002137,0.011263971630460903,,,,,1.5402869450935852,-0.45756869501887376
dwell_r7_xi_0.05_p+3_Nd4001_dt1,p1,dwell,7,xi_0.05,3,4001,1.0,2.5350000000000003e-06,0.07321886766113006,26.30015051100054,1459,1459,0,127.08019191226867,137.08073,0.0,0.05,static_lti,0.18430524418159014,0.04524684910083123,5.290610992918485e-10,1.1692772199735983e-08,0.0010406650745826552,1.4688867624068882,0.00011067231350954078,2.5128441436489124e-06,5.0305423257330084e-05,1.973448126703795,0.0,0.40492350906388336,0.0015459502261173535,0.014179154838280377,,,,,1.5402869450935852,-0.4331611816102099
dwell_r7_xi_0.05_p+3_Nd4001_dt1,p1,dwell,7,xi_0.05,3,4001,1.0,2.5350000000000003e-06,0.07321886766113006,26.30015051100054,1459,1459,0,127.08019191226867,137.08073,0.0,0.05,static_mh,1.8504173554409442,1.6478132187607797,1.7892213796041723e-08,1.085815649027101e-08,0.001028826453147159,1.4171173252088904,0.00016965551401728514,3.015954026952664e-05,6.551907261661877e-05,0.5209460192259243,0.33584905660377357,1.4214157196814081,0.020423633035693296,0.4795220630533339,,,,,1.5402869450935852,1.019340925867661
dwell_r7_xi_0.05_p+3_Nd4001_dt1,p1,dwell,7,xi_0.05,3,4001,1.0,2.5350000000000003e-06,0.07321886766113006,26.30015051100054,1459,1459,0,127.08019191226867,137.08073,0.0,0.05,static_lti_mh,0.21497167282393387,0.07042061410468956,8.242950140737474e-10,1.1705308517308922e-08,0.0010403038749503184,1.4699624541758747,0.00011205717041058738,3.2716673253983145e-05,5.6213895186155175e-05,1.9498880023459055,0.0037735849056603774,0.4362247943508306,0.001920675056665305,0.022091600861636525,,,,,1.5402869450935852,-0.4096010572523203
dwell_r7_xi_0.05_p+3_Nd4001_dt1,p1,dwell,7,xi_0.05,3,4001,1.0,2.5350000000000003e-06,0.07321886766113006,26.30015051100054,1459,1459,0,127.08019191226867,137.08073,0.0,0.05,linear,0.17767883257609549,0.009806118545032222,3.658917556365528e-10,3.731259763547459e-08,0.0018323478993485525,1.2936633717821313,0.00019424130576608815,4.100678200115697e-06,0.0002072704040064426,1.5402869450935852,0.16981132075471697,0.41036612695822955,0.0015599381869756375,0.009806118545032222,,,,,1.5402869450935852,0.0
dwell_r7_xi_0.1_p+3_Nd4001_dt1,p1,dwell,7,xi_0.1,3,4001,1.0,2.5350000000000003e-06,0.07321886766113006,25.439601707999827,1459,731,728,253.6388508891929,254.40724,0.0364,0.1,atomic,0.5511728299712292,0.26763069568923703,2.1589010729196135e-09,8.066716963686595e-09,0.0008066340157355112,1.561576021799567,0.00010120659223581305,-3.860084471846884e-06,0.00021091448849489008,1.0673937954328279,0.22264150943396227,0.6565964826392868,0.005117751612006544,0.05939975927782567,0.4877775552217294,0.46184298282001607,0.7362039926619515,0.5058024356495033,1.759284320967157,0.6918905255343291
dwell_r7_xi_0.1_p+3_Nd4001_dt1,p1,dwell,7,xi_0.1,3,4001,1.0,2.5350000000000003e-06,0.07321886766113006,25.439601707999827,1459,731,728,253.6388508891929,254.40724,0.0364,0.1,static,0.1483064858411579,0.07600074014675658,8.163019929838431e-10,1.0740711095807398e-08,0.0009966799858270807,1.4343207576485364,0.00010763658847574417,-3.2743674136569604e-08,5.396494046559075e-06,1.9967682057407463,0.0,0.3929525914580985,0.0015411685269589867,0.022459640457576015,,,,,1.759284320967157,-0.2374838847735894
dwell_r7_xi_0.1_p+3_Nd4001_dt1,p1,dwell,7,xi_0.1,3,4001,1.0,2.5350000000000003e-06,0.07321886766113006,25.439601707999827,1459,731,728,253.6388508891929,254.40724,0.0364,0.1,static_lti,0.20560029174474484,0.08314008601682282,9.296301354911548e-10,1.1181491143791342e-08,0.0009957546611907293,1.472759292587784,0.00011018387801439381,-2.4111600393578023e-06,3.59395011635763e-05,1.9875724091461935,0.0,0.42034591435824736,0.0018216386609873313,0.02557773811789808,,,,,1.759284320967157,-0.22828808817903656
dwell_r7_xi_0.1_p+3_Nd4001_dt1,p1,dwell,7,xi_0.1,3,4001,1.0,2.5350000000000003e-06,0.07321886766113006,25.439601707999827,1459,731,728,253.6388508891929,254.40724,0.0364,0.1,static_mh,0.8639573961691092,0.7272571814956542,7.931839800485287e-09,1.0906512857216362e-08,0.0009987695980997542,1.430152430988564,0.00013738580097918802,3.0100730671461805e-05,0.00013535327339267512,1.0886276336640806,0.19245283018867926,0.9578847267898506,0.01102632267610584,0.21823574071503832,,,,,1.759284320967157,0.6706566873030764
dwell_r7_xi_0.1_p+3_Nd4001_dt1,p1,dwell,7,xi_0.1,3,4001,1.0,2.5350000000000003e-06,0.07321886766113006,25.439601707999827,1459,731,728,253.6388508891929,254.40724,0.0364,0.1,static_lti_mh,0.22294064500645303,0.09813580016503973,1.098612694385187e-09,1.1194820774249528e-08,0.0009960835127259063,1.4732887907147385,0.00011100602780257758,2.7871924586835995e-05,6.157204224652916e-05,1.9794531133170803,0.0,0.4371392296965606,0.0020471037339022846,0.030227105078877978,,,,,1.759284320967157,-0.22016879234992337
dwell_r7_xi_0.1_p+3_Nd4001_dt1,p1,dwell,7,xi_0.1,3,4001,1.0,2.5350000000000003e-06,0.07321886766113006,25.439601707999827,1459,731,728,253.6388508891929,254.40724,0.0364,0.1,linear,0.11589678273125818,0.009956916205550925,3.618869392819102e-10,3.634528319924599e-08,0.0018018775873612917,1.2715332265761325,0.00019177619757401802,-9.786573296703732e-06,0.0001365496834094091,1.759284320967157,0.07924528301886792,0.2968046817416116,0.0009297534662299122,0.009956916205550925,,,,,1.759284320967157,0.0
dwell_r7_xi_0.25_p+3_Nd4001_dt1,p1,dwell,7,xi_0.25,3,4001,1.0,2.5350000000000003e-06,0.07321886766113006,24.006056342999727,1459,293,1166,632.7986348122867,605.90671,0.0583,0.25,atomic,0.5620219310173519,0.31920893008348444,1.7502888006845052e-09,5.483207503708442e-09,0.0006711646369494019,1.6483194557281664,8.51416156933712e-05,6.126230801569666e-05,0.00026650990590670903,1.36017291638663,0.12075471698113208,0.6226911423689031,0.004680520210689067,0.0522215691714137,0.435634000645435,0.4187471075571764,0.5764673533401116,0.4353790606337926,1.9344737594138137,0.5743008430271836
dwell_r7_xi_0.25_p+3_Nd4001_dt1,p1,dwell,7,xi_0.25,3,4001,1.0,2.5350000000000003e-06,0.07321886766113006,24.006056342999727,1459,293,1166,632.7986348122867,605.90671,0.0583,0.25,static,0.15920352679477137,0.1255827596050958,1.290789529325174e-09,1.0278397555398182e-08,0.0009853036068941665,1.4386632832458746,0.00010771122933360385,1.3324525369694722e-07,3.9997655459874186e-06,1.997442879395057,0.0,0.37701572727388005,0.0016175038020070467,0.038511961377476374,,,,,1.9344737594138137,-0.06296911998124322
dwell_r7_xi_0.25_p+3_Nd4001_dt1,p1,dwell,7,xi_0.25,3,4001,1.0,2.5350000000000003e-06,0.07321886766113006,24.006056342999727,1459,293,1166,632.7986348122867,605.90671,0.0583,0.25,static_lti,0.20583802702593793,0.13386514723502904,1.4086893689961774e-09,1.0523197397474344e-08,0.0009810893724968477,1.4624580902903026,0.00010938056675316771,1.919510382661271e-06,2.635939315756007e-05,1.9955081897588587,0.0,0.3804475627413336,0.001641211415600607,0.04202961779524585,,,,,1.9344737594138137,-0.061034430345044965
dwell_r7_xi_0.25_p+3_Nd4001_dt1,p1,dwell,7,xi_0.25,3,4001,1.0,2.5350000000000003e-06,0.07321886766113006,24.006056342999727,1459,293,1166,632.7986348122867,605.90671,0.0583,0.25,static_mh,0.43903033222351406,0.39373165322990583,4.042239437734791e-09,1.0266483287729134e-08,0.0009834764329033575,1.4475078978708784,0.00011973059607960105,3.0408992406617415e-05,0.0002106204458273082,1.5108301211890631,0.0830188679245283,0.6311858491345211,0.0034964490822360465,0.12060414619720451,,,,,1.9344737594138137,0.4236436382247506
dwell_r7_xi_0.25_p+3_Nd4001_dt1,p1,dwell,7,xi_0.25,3,4001,1.0,2.5350000000000003e-06,0.07321886766113006,24.006056342999727,1459,293,1166,632.7986348122867,605.90671,0.0583,0.25,static_lti_mh,0.21150489925453891,0.1389004661984761,1.4636431862775223e-09,1.0537352583007962e-08,0.000981622606258565,1.4623116336647144,0.00010969530230872544,3.198072868074554e-05,8.451841680646392e-05,1.9944570025330193,0.0,0.38566063998787886,0.0016931026537901764,0.04366921839674011,,,,,1.9344737594138137,-0.059983243119205554
dwell_r7_xi_0.25_p+3_Nd4001_dt1,p1,dwell,7,xi_0.25,3,4001,1.0,2.5350000000000003e-06,0.07321886766113006,24.006056342999727,1459,293,1166,632.7986348122867,605.90671,0.0583,0.25,linear,0.0689556592384137,0.00824589032849938,2.763741059995886e-10,3.351658765632459e-08,0.001753605021747938,1.2478774445314038,0.00018404010983500855,1.0986039890243785e-05,8.65058757332869e-05,1.9344737594138137,0.007547169811320755,0.19330738183097304,0.00035261650191900716,0.00824589032849938,,,,,1.9344737594138137,0.0
dwell_r7_xi_0.5_p+3_Nd4001_dt1,p1,dwell,7,xi_0.5,3,4001,1.0,2.5350000000000003e-06,0.07321886766113006,26.981003893999514,1459,146,1313,1269.9315068493152,1196.56055,0.06565,0.5,atomic,0.6709110654986455,0.4109391366702313,2.1989258545960437e-09,5.350976965624543e-09,0.0006615522059837231,1.6680849157672448,8.692651135293748e-05,9.441803673149326e-05,0.0003100723936921251,1.3085493703980127,0.10943396226415095,0.6580261028144979,0.004767494158622243,0.06714592247823041,0.41575204056769444,0.39000890743195304,0.48495773242503815,0.3975402928039194,1.9968289808938933,0.6882796104958806
dwell_r7_xi_0.5_p+3_Nd4001_dt1,p1,dwell,7,xi_0.5,3,4001,1.0,2.5350000000000003e-06,0.07321886766113006,26.981003893999514,1459,146,1313,1269.9315068493152,1196.56055,0.06565,0.5,static,0.16303656018943027,0.1497842570483486,1.5103791319715082e-09,1.008369745749699e-08,0.000982633367957529,1.4407084536180725,0.00010776654582211137,1.0651915604631063e-07,3.517000589919832e-06,1.9972729674543859,0.0,0.3783485125888424,0.001735714405600832,0.046120609249340305,,,,,1.9968289808938933,-0.0004439865604926041
dwell_r7_xi_0.5_p+3_Nd4001_dt1,p1,dwell,7,xi_0.5,3,4001,1.0,2.5350000000000003e-06,0.07321886766113006,26.981003893999514,1459,146,1313,1269.9315068493152,1196.56055,0.06565,0.5,static_lti,0.2027320067772011,0.15442168902930065,1.587817758219584e-09,1.028234937851447e-08,0.0009777190824342542,1.4608750843844938,0.00010903748883671108,-6.388828768010563e-07,2.2868616237170574e-05,1.9957524879125805,0.0,0.3804802969545092,0.0018083571238188827,0.0484852583274372,,,,,1.9968289808938933,0.0010764929813127377
dwell_r7_xi_0.5_p+3_Nd4001_dt1,p1,dwell,7,xi_0.5,3,4001,1.0,2.5350000000000003e-06,0.07321886766113006,26.981003893999514,1459,146,1313,1269.9315068493152,1196.56055,0.06565,0.5,static_mh,0.30285009738821894,0.2884493925992434,2.9278771456428956e-09,1.0150401494208504e-08,0.0009860482731229284,1.4410748468610548,0.00011445828725652764,2.9531510460728543e-05,0.00022403994851633954,1.7961337968806135,0.03018867924528302,0.5092390153582732,0.0030893701514465924,0.08940502083606457,,,,,1.9968289808938933,0.2006951840132798
dwell_r7_xi_0.5_p+3_Nd4001_dt1,p1,dwell,7,xi_0.5,3,4001,1.0,2.5350000000000003e-06,0.07321886766113006,26.981003893999514,1459,146,1313,1269.9315068493152,1196.56055,0.06565,0.5,static_lti_mh,0.20538895743398367,0.15733032853721227,1.6167920738950724e-09,1.0276417070550156e-08,0.0009775883839548208,1.4606995258080606,0.00010914506156439014,2.8624517474655617e-05,0.00010167168661742476,1.9952834904193801,0.0,0.3842483437535983,0.0018439919275224502,0.04937001174017267,,,,,1.9968289808938933,0.0015454904745131337
dwell_r7_xi_0.5_p+3_Nd4001_dt1,p1,dwell,7,xi_0.5,3,4001,1.0,2.5350000000000003e-06,0.07321886766113006,26.981003893999514,1459,146,1313,1269.9315068493152,1196.56055,0.06565,0.5,linear,0.05269745825934414,0.005748209824471083,1.8824504503263724e-10,3.274846444039792e-08,0.0017408382725745224,1.2415134429006247,0.00018158915029731714,2.3997632751743615e-07,6.622117629102968e-05,1.9968289808938933,0.0,0.1284333029243747,0.0002503749748378391,0.005748209824471083,,,,,1.9968289808938933,0.0
dwell_r7_xi_1_p+3_Nd4001_dt1,p1,dwell,7,xi_1,3,4001,1.0,2.5350000000000003e-06,0.07321886766113006,26.53291783200075,1459,73,1386,2539.8630136986303,2373.85055,0.0693,1,atomic,0.8088466952528227,0.5372744081673112,2.8062169452626635e-09,5.223060883980886e-09,0.0006550453205908141,1.64732773216046,8.969589472186711e-05,7.702414012262565e-05,0.00031911782484713574,1.094893876669773,0.10566037735849057,0.8190264510942544,0.006985617485870986,0.08718241950265435,0.380497738891038,0.35435253878125333,0.4192455695448353,0.35776922483490387,1.9990641736063557,0.9041702969365828
dwell_r7_xi_1_p+3_Nd4001_dt1,p1,dwell,7,xi_1,3,4001,1.0,2.5350000000000003e-06,0.07321886766113006,26.53291783200075,1459,73,1386,2539.8630136986303,2373.85055,0.0693,1,static,0.1659142412263925,0.16081958322973,1.6046013355463096e-09,9.977648886542283e-09,0.0009799347397344248,1.4409763504670676,0.00010777747961769946,-2.7756266690252243e-08,3.2637871327600205e-06,1.996602168078254,0.0,0.4196803356219286,0.0017516914251851218,0.04985110898367258,,,,,1.9990641736063557,0.0024620055281017184
dwell_r7_xi_1_p+3_Nd4001_dt1,p1,dwell,7,xi_1,3,4001,1.0,2.5350000000000003e-06,0.07321886766113006,26.53291783200075,1459,73,1386,2539.8630136986303,2373.85055,0.0693,1,static_lti,0.20598957933426193,0.16188135843042092,1.6462026331131963e-09,1.0169192111275489e-08,0.0009731646532940323,1.4580195895970247,0.00010885661890229369,-8.649666618001054e-09,2.14419820570418e-05,1.9963031323769724,0.0,0.4146669561202429,0.0017291000906481263,0.05114356136603519,,,,,1.9990641736063557,0.0027610412293832542
dwell_r7_xi_1_p+3_Nd4001_dt1,p1,dwell,7,xi_1,3,4001,1.0,2.5350000000000003e-06,0.07321886766113006,26.53291783200075,1459,73,1386,2539.8630136986303,2373.85055,0.0693,1,static_mh,0.24482655312263638,0.23953369731843008,2.3993933599364477e-09,1.0016934514005996e-08,0.000981920100707173,1.4408461108008401,0.00011158713453341578,2.9660518794534063e-05,0.00023105159016994017,1.9310126341686824,0.007547169811320755,0.4939341815474761,0.0026080033103963013,0.07454338796257352,,,,,1.9990641736063557,0.06805153943767328
dwell_r7_xi_1_p+3_Nd4001_dt1,p1,dwell,7,xi_1,3,4001,1.0,2.5350000000000003e-06,0.07321886766113006,26.53291783200075,1459,73,1386,2539.8630136986303,2373.85055,0.0693,1,static_lti_mh,0.2076273785685687,0.16383856746220296,1.665355335640387e-09,1.0164611186707178e-08,0.0009731040244322266,1.4578612345357163,0.00010892487718983425,3.052709042650069e-05,0.00013460201357535506,1.9953582023810068,0.0,0.4156059015381676,0.00179046443096244,0.05173858982566799,,,,,1.9990641736063557,0.003705971225348881
dwell_r7_xi_1_p+3_Nd4001_dt1,p1,dwell,7,xi_1,3,4001,1.0,2.5350000000000003e-06,0.07321886766113006,26.53291783200075,1459,73,1386,2539.8630136986303,2373.85055,0.0693,1,linear,0.044163364772596005,0.004843137323720201,1.5589030567847347e-10,3.2187876423608844e-08,0.0017303942303021373,1.2377691001547322,0.00018013162080782487,-1.3715550381257222e-07,5.592608546513736e-05,1.9990641736063557,0.0,0.1184618450544252,0.00015245051387510408,0.004843137323720201,,,,,1.9990641736063557,0.0
dwell_r7_xi_2_p+3_Nd4001_dt1,p1,dwell,7,xi_2,3,4001,1.0,2.5350000000000003e-06,0.07321886766113006,27.303828939000596,1459,37,1422,5011.081081081081,4664.79323,0.0711,2,atomic,0.9039939345026797,0.6392321140493611,3.275692178705336e-09,5.12441741694534e-09,0.0006495060358860899,1.613813736223905,9.168578393168205e-05,5.90092426355217e-05,0.0003026950643549608,1.2753781181145691,0.0830188679245283,0.8883405572779037,0.007795366657526518,0.09995853552601731,0.3387982604705017,0.3069509581774103,0.3653220856653209,0.3082925278805024,1.999037240809621,0.723659122695052
dwell_r7_xi_2_p+3_Nd4001_dt1,p1,dwell,7,xi_2,3,4001,1.0,2.5350000000000003e-06,0.07321886766113006,27.303828939000596,1459,37,1422,5011.081081081081,4664.79323,0.0711,2,static,0.16618912433627073,0.16498886795152629,1.6476823018300103e-09,9.986627111800654e-09,0.0009766957699493411,1.4437947833440359,0.00010795326963622405,2.5906559569027013e-08,3.2246745984923982e-06,1.9961517090288994,0.0,0.39312326349995663,0.0018116426277571078,0.05027942215503291,,,,,1.999037240809621,0.0028855317807217062
dwell_r7_xi_2_p+3_Nd4001_dt1,p1,dwell,7,xi_2,3,4001,1.0,2.5350000000000003e-06,0.07321886766113006,27.303828939000596,1459,37,1422,5011.081081081081,4664.79323,0.0711,2,static_lti,0.19874677530557644,0.1638583307704995,1.6745751877157836e-09,1.021965242683449e-08,0.0009740424672290573,1.461335546958038,0.00010915277441266418,7.266305004141443e-07,2.068772824803513e-05,1.9955192173468903,0.0,0.39126117557204504,0.0017927123442050335,0.05110006504287369,,,,,1.999037240809621,0.0035180234627307794
dwell_r7_xi_2_p+3_Nd4001_dt1,p1,dwell,7,xi_2,3,4001,1.0,2.5350000000000003e-06,0.07321886766113006,27.303828939000596,1459,37,1422,5011.081081081081,4664.79323,0.0711,2,static_mh,0.2166311550965171,0.21530471080073926,2.1553110611987566e-09,1.0010515112200491e-08,0.0009778333205331148,1.4459533632022545,0.00011038734900446663,3.126352073057589e-05,0.00023507667039454416,1.9726865006864431,0.0037735849056603774,0.4363421911329817,0.0023861622046303797,0.06576983596963126,,,,,1.999037240809621,0.02635074012317795
dwell_r7_xi_2_p+3_Nd4001_dt1,p1,dwell,7,xi_2,3,4001,1.0,2.5350000000000003e-06,0.07321886766113006,27.303828939000596,1459,37,1422,5011.081081081081,4664.79323,0.0711,2,static_lti_mh,0.20029295529916444,0.16533380499103492,1.6900453942138101e-09,1.0222019594271429e-08,0.00097414452485943,1.46118123966051,0.00010923476036843192,3.19580072009014e-05,0.00017348706443015324,1.9946873251953685,0.0,0.393630332200383,0.001823185152733682,0.051572142118943454,,,,,1.999037240809621,0.004349915614252575
dwell_r7_xi_2_p+3_Nd4001_dt1,p1,dwell,7,xi_2,3,4001,1.0,2.5350000000000003e-06,0.07321886766113006,27.303828939000596,1459,37,1422,5011.081081081081,4664.79323,0.0711,2,linear,0.040110898331441436,0.004004551703492479,1.3123120127082254e-10,3.2770509906607575e-08,0.00173917431272525,1.2359928286128015,0.00018158766883994912,2.602035701066736e-06,5.222390578885495e-05,1.999037240809621,0.0,0.09172511216734301,0.00010704410352936654,0.004004551703492479,,,,,1.999037240809621,0.0
dwell_r7_xi_4_p+3_Nd4001_dt1,p1,dwell,7,xi_4,3,4001,1.0,2.5350000000000003e-06,0.07321886766113006,25.882812435998858,1459,18,1441,10300.555555555555,9568.40055,0.07205,4,atomic,1.011327313382159,0.7038048441653115,3.2354286624355676e-09,4.597053699271813e-09,0.0006108013572670114,1.6147418914973837,8.85613965956349e-05,1.9801602312960973e-05,0.0002895977394890417,1.2838157666555476,0.06415094339622641,0.9345001952973472,0.008262333496303545,0.09943153190107837,0.3021960699855369,0.26982731690474643,0.31985710107880005,0.2700521712419389,2.0,0.7161842333444524
dwell_r7_xi_4_p+3_Nd4001_dt1,p1,dwell,7,xi_4,3,4001,1.0,2.5350000000000003e-06,0.07321886766113006,25.882812435998858,1459,18,1441,10300.555555555555,9568.40055,0.07205,4,static,0.1674530627828863,0.16681492052359317,1.6595763876884008e-09,9.948608808369043e-09,0.0009760096372127245,1.4427117063517385,0.00010790957011305224,1.1725411052012073e-07,3.0135854301196812e-06,1.9961443382234856,0.0,0.41871440357881756,0.001834174951731328,0.05100227504645278,,,,,2.0,0.0038556617765144185
dwell_r7_xi_4_p+3_Nd4001_dt1,p1,dwell,7,xi_4,3,4001,1.0,2.5350000000000003e-06,0.07321886766113006,25.882812435998858,1459,18,1441,10300.555555555555,9568.40055,0.07205,4,static_lti,0.20186543711431176,0.16385374181014797,1.6705595514257408e-09,1.0195431199620476e-08,0.0009725585048147347,1.4598485230779414,0.00010910570447026217,2.1252179145051434e-07,1.961029150461582e-05,1.995605342370618,0.0,0.41360898594398604,0.0018135539159211181,0.051339810782660915,,,,,2.0,0.0043946576293820705
dwell_r7_xi_4_p+3_Nd4001_dt1,p1,dwell,7,xi_4,3,4001,1.0,2.5350000000000003e-06,0.07321886766113006,25.882812435998858,1459,18,1441,10300.555555555555,9568.40055,0.07205,4,static_mh,0.2047552679529445,0.20396390028768507,2.0295263242567002e-09,9.950419272205096e-09,0.0009760445981326223,1.4426441993090744,0.00010962308263227254,3.133324554521402e-05,0.0002366494939176716,1.98265151315572,0.0037735849056603774,0.47021161816775864,0.00214231837921122,0.06237161517339657,,,,,2.0,0.01734848684427992
dwell_r7_xi_4_p+3_Nd4001_dt1,p1,dwell,7,xi_4,3,4001,1.0,2.5350000000000003e-06,0.07321886766113006,25.882812435998858,1459,18,1441,10300.555555555555,9568.40055,0.07205,4,static_lti_mh,0.2038795008757525,0.16593215888289267,1.691264420201337e-09,1.0192505368383438e-08,0.0009724723490044614,1.4598337077543393,0.00010918670651794813,3.12431296386071e-05,0.00020553891911249727,1.9950419366889989,0.0,0.41512839707703103,0.0018537273229024512,0.051976114974458046,,,,,2.0,0.004958063311001126
dwell_r7_xi_4_p+3_Nd4001_dt1,p1,dwell,7,xi_4,3,4001,1.0,2.5350000000000003e-06,0.07321886766113006,25.882812435998858,1459,18,1441,10300.555555555555,9568.40055,0.07205,4,linear,0.03912050353643037,0.0037247799396475305,1.2120159015542577e-10,3.2539261948155484e-08,0.0017352812384302271,1.236200833645792,0.00018113659165563736,2.0734201917768707e-06,4.657553570102028e-05,2.0,0.0,0.09353893406799303,9.080561052711347e-05,0.0037247799396475305,,,,,2.0,0.0
dwell_r7_xi_0.05_p+0_Nd4001_dt1,p1,dwell,7,xi_0.05,0,4001,1.0,2.5350000000000003e-06,0.07321886766113006,25.49004079400038,1459,1459,0,127.08019191226867,137.08073,0.0,0.05,atomic,0.46949335682273563,0.1841330413539828,1.5020639470184272e-09,8.157492734456142e-09,0.0011731928619495768,1.4341865574880743,9.834640538852164e-05,-8.190627528428222e-05,0.0001833306076120667,1.0511341316113483,0.2792452830188679,0.6421708957338284,0.0020216739638711386,0.08032170843312973,0.36628594866449543,0.2301514158826035,0.4514861719352414,0.2445768840569027,1.5381549964430425,0.48702086483169427
dwell_r7_xi_0.05_p+0_Nd4001_dt1,p1,dwell,7,xi_0.05,0,4001,1.0,2.5350000000000003e-06,0.07321886766113006,25.49004079400038,1459,1459,0,127.08019191226867,137.08073,0.0,0.05,static,0.024772091485307075,0.011874904818764642,1.0856506827121368e-10,9.142394817317602e-09,0.0013748470370702236,1.3560356642387463,9.627236923270302e-05,-2.0635022790619001e-07,1.2840045155285648e-05,1.9999904339255756,0.0,0.17064866630843994,0.0001338421658047139,0.0058054331022408005,,,,,1.5381549964430425,-0.4618354374825331
dwell_r7_xi_0.05_p+0_Nd4001_dt1,p1,dwell,7,xi_0.05,0,4001,1.0,2.5350000000000003e-06,0.07321886766113006,25.49004079400038,1459,1459,0,127.08019191226867,137.08073,0.0,0.05,static_lti,0.13778931718636,0.014369542972313283,1.5154213529306544e-10,1.0546065075629153e-08,0.0014030948345405815,1.4260205109665498,0.00010351890606176284,2.989874639447889e-06,8.422300153319848e-05,1.852688543971075,0.045283018867924525,0.3516082363301355,0.0005984180550742712,0.008103598538867118,,,,,1.5381549964430425,-0.3145335475280324
dwell_r7_xi_0.05_p+0_Nd4001_dt1,p1,dwell,7,xi_0.05,0,4001,1.0,2.5350000000000003e-06,0.07321886766113006,25.49004079400038,1459,1459,0,127.08019191226867,137.08073,0.0,0.05,static_mh,0.1326217834635681,0.11755764512574145,1.067523552127014e-09,9.080851789649024e-09,0.001369715699259764,1.356421360788725,0.00010083248993225575,-3.677249647153658e-05,1.9299706821500454e-05,1.9649506298666335,0.0,0.377679382190161,0.0007101397349287517,0.057084996727102114,,,,,1.5381549964430425,-0.42679563342359095
dwell_r7_xi_0.05_p+0_Nd4001_dt1,p1,dwell,7,xi_0.05,0,4001,1.0,2.5350000000000003e-06,0.07321886766113006,25.49004079400038,1459,1459,0,127.08019191226867,137.08073,0.0,0.05,static_lti_mh,0.14091615082331516,0.016906626231126255,1.7828931921739287e-10,1.0545529118586063e-08,0.0014028863515504017,1.426705064160256,0.00010364731028190825,-3.357599296885511e-05,8.45214941858749e-05,1.8451968252268833,0.045283018867924525,0.35395961513492913,0.0006232271765347337,0.009533883522966245,,,,,1.5381549964430425,-0.3070418287838408
dwell_r7_xi_0.05_p+0_Nd4001_dt1,p1,dwell,7,xi_0.05,0,4001,1.0,2.5350000000000003e-06,0.07321886766113006,25.49004079400038,1459,1459,0,127.08019191226867,137.08073,0.0,0.05,linear,0.1776788325761927,0.009806118545031365,1.8338027681449398e-10,1.8700597588371032e-08,0.001832347899348703,1.2936633717821058,0.00013751231357037283,2.903057844888919e-06,0.0001467362087439625,1.5381549964430425,0.16226415094339622,0.41088954793831683,0.0007846340277246236,0.009806118545031365,,,,,1.5381549964430425,0.0
dwell_r7_xi_0.1_p+0_Nd4001_dt1,p1,dwell,7,xi_0.1,0,4001,1.0,2.5350000000000003e-06,0.07321886766113006,28.776985661999788,1459,731,728,253.6388508891929,254.40724,0.0364,0.1,atomic,0.2802503145449205,0.1366464494404091,1.1173810670196676e-09,8.177168683090829e-09,0.0011957174747539664,1.417913849193956,9.648370534095618e-05,-0.00013069943062112875,0.00016293835270025703,1.458231188913847,0.12830188679245283,0.44082628588376577,0.0012174311485959968,0.06134133890942651,0.2596245211780522,0.17003171699411343,0.314319447861373,0.17771048817967214,1.7585354547980272,0.30030426588418013
dwell_r7_xi_0.1_p+0_Nd4001_dt1,p1,dwell,7,xi_0.1,0,4001,1.0,2.5350000000000003e-06,0.07321886766113006,28.776985661999788,1459,731,728,253.6388508891929,254.40724,0.0364,0.1,static,0.029482351065081572,0.017082682066533045,1.5971902574328893e-10,9.349762825370205e-09,0.0013487480127464546,1.3662863992581509,9.763277654917726e-05,8.783223499408884e-08,8.366501891377055e-06,1.9999984010576786,0.0,0.18005592984872784,0.00016101518408343082,0.008768162605917909,,,,,1.7585354547980272,-0.24146294625965137
dwell_r7_xi_0.1_p+0_Nd4001_dt1,p1,dwell,7,xi_0.1,0,4001,1.0,2.5350000000000003e-06,0.07321886766113006,28.776985661999788,1459,731,728,253.6388508891929,254.40724,0.0364,0.1,static_lti,0.10674611039149143,0.021014316597381146,2.1601492720112653e-10,1.0279417186854738e-08,0.0013665892605488304,1.4166611371776023,0.00010256160529474313,-4.34565183478733e-06,5.65028810254339e-05,1.9645896239113074,0.0037735849056603774,0.28107519948179643,0.0004110760324992575,0.011858662411635587,,,,,1.7585354547980272,-0.20605416911328023
dwell_r7_xi_0.1_p+0_Nd4001_dt1,p1,dwell,7,xi_0.1,0,4001,1.0,2.5350000000000003e-06,0.07321886766113006,28.776985661999788,1459,731,728,253.6388508891929,254.40724,0.0364,0.1,static_mh,0.07325294799358462,0.05900356096729063,5.531987792007546e-10,9.375684621940484e-09,0.001349773831152633,1.365567335082445,9.97660973546211e-05,-3.647696979769672e-05,3.27380286841386e-05,1.9949125951352094,0.0,0.2661202112279293,0.0004160525195068038,0.03036918630610483,,,,,1.7585354547980272,-0.23637714033718216
dwell_r7_xi_0.1_p+0_Nd4001_dt1,p1,dwell,7,xi_0.1,0,4001,1.0,2.5350000000000003e-06,0.07321886766113006,28.776985661999788,1459,731,728,253.6388508891929,254.40724,0.0364,0.1,static_lti_mh,0.10907271110152178,0.02243639453126248,2.3091220248493117e-10,1.0291858710328085e-08,0.001366931940935423,1.4166426473136235,0.00010269372618753326,-4.087511266945071e-05,5.7457234450699295e-05,1.9632476900542164,0.007547169811320755,0.28114834853383097,0.0004268003482429368,0.012676484405387696,,,,,1.7585354547980272,-0.2047122352561892
dwell_r7_xi_0.1_p+0_Nd4001_dt1,p1,dwell,7,xi_0.1,0,4001,1.0,2.5350000000000003e-06,0.07321886766113006,28.776985661999788,1459,731,728,253.6388508891929,254.40724,0.0364,0.1,linear,0.11589678273134237,0.009956916205550613,1.8137311398453756e-10,1.821579194203008e-08,0.0018018775873616581,1.2715332265761259,0.00013576715061774608,-6.92836330896633e-06,9.666977272867787e-05,1.7585354547980272,0.07924528301886792,0.2977024530432775,0.0004690814230027569,0.009956916205550613,,,,,1.7585354547980272,0.0
dwell_r7_xi_4_p+0_Nd4001_dt1,p1,dwell,7,xi_4,0,4001,1.0,2.5350000000000003e-06,0.07321886766113006,26.451911218999157,1459,18,1441,10300.555555555555,9568.40055,0.07205,4,atomic,0.49474650705371165,0.3613795592883732,1.6443462425771e-09,4.550191620730122e-09,0.0008900457660880283,1.4747911233884392,7.88403011982527e-05,-4.36447605795493e-05,0.0001217011434693881,1.56457761634922,0.05660377358490566,0.6614968393448499,0.002197443800986634,0.10082902604866105,0.25438409596915285,0.21131649012536574,0.2546910345972683,0.2112719954225737,1.9999999999999978,0.4354223836507778
dwell_r7_xi_4_p+0_Nd4001_dt1,p1,dwell,7,xi_4,0,4001,1.0,2.5350000000000003e-06,0.07321886766113006,26.451911218999157,1459,18,1441,10300.555555555555,9568.40055,0.07205,4,static,0.030855424910016235,0.030752522972784933,2.87933963432012e-10,9.362937918518912e-09,0.001337753361851094,1.3716158937786234,9.843967234021682e-05,1.1349406804837375e-07,3.4852504114948376e-06,1.9999999996374862,0.0,0.18461863862934105,0.0001773300068193026,0.017655710426096163,,,,,1.9999999999999978,3.625115763128406e-10
dwell_r7_xi_4_p+0_Nd4001_dt1,p1,dwell,7,xi_4,0,4001,1.0,2.5350000000000003e-06,0.07321886766113006,26.451911218999157,1459,18,1441,10300.555555555555,9568.40055,0.07205,4,static_lti,0.06782764304625293,0.03258087259321673,3.0981125292221375e-10,9.508991879693111e-09,0.0013257766105022172,1.3899075818056006,9.929488813098922e-05,6.077571156032016e-07,2.2574163411587062e-05,1.9999999492281808,0.0,0.19585626964776856,0.00020737860533933007,0.018997195409468346,,,,,1.9999999999999978,5.0771816972883244e-08
dwell_r7_xi_4_p+0_Nd4001_dt1,p1,dwell,7,xi_4,0,4001,1.0,2.5350000000000003e-06,0.07321886766113006,26.451911218999157,1459,18,1441,10300.555555555555,9568.40055,0.07205,4,static_mh,0.032041969919039334,0.03194110260987021,2.988864671721348e-10,9.35742484605948e-09,0.0013373608519485901,1.3711977685220642,9.846827406764302e-05,-3.620234690412271e-05,5.5889238114779955e-05,1.99999999454575,0.0,0.18585567644114712,0.00017861167258092372,0.018327302732093795,,,,,1.9999999999999978,5.454247720138028e-09
dwell_r7_xi_4_p+0_Nd4001_dt1,p1,dwell,7,xi_4,0,4001,1.0,2.5350000000000003e-06,0.07321886766113006,26.451911218999157,1459,18,1441,10300.555555555555,9568.40055,0.07205,4,static_lti_mh,0.06818971480293523,0.03292756851227691,3.130686243650363e-10,9.50779661268672e-09,0.0013256910861310543,1.389867555935184,9.93052246551689e-05,-3.5751464938289424e-05,5.250084693244714e-05,1.9999999459409201,0.0,0.1959542367897461,0.00020895512327816286,0.019196932898784328,,,,,1.9999999999999978,5.40590776587635e-08
dwell_r7_xi_4_p+0_Nd4001_dt1,p1,dwell,7,xi_4,0,4001,1.0,2.5350000000000003e-06,0.07321886766113006,26.451911218999157,1459,18,1441,10300.555555555555,9568.40055,0.07205,4,linear,0.039120503536437756,0.0037247799396488367,6.074468968124538e-11,1.6308262680069158e-08,0.0017352812384306697,1.2362008336457964,0.0001282348864603193,1.4678690840247537e-06,3.297295415497012e-05,1.9999999999999978,0.0,0.09866710597839737,5.005774651588775e-05,0.0037247799396488367,,,,,1.9999999999999978,0.0
dwell_r7_xi_0.05_p+6_Nd4001_dt1,p1,dwell,7,xi_0.05,6,4001,1.0,2.5350000000000003e-06,0.07321886766113006,27.804911478000577,1459,1459,0,127.08019191226867,137.08073,0.0,0.05,atomic,1.6608690902790406,0.5686050923330349,5.466881323623968e-09,9.614548651319477e-09,0.0005459893035431396,1.7381372482885649,0.00012285276242930167,0.0003322362198086958,0.0002894952114186261,0.39874095327883713,0.4528301886792453,1.2468822021477113,0.03005078726673788,0.07343179785882098,0.838437929135258,0.9170617255980307,0.879653823481946,0.9550330024765795,1.5414175754455737,1.1426766221667366
dwell_r7_xi_0.05_p+6_Nd4001_dt1,p1,dwell,7,xi_0.05,6,4001,1.0,2.5350000000000003e-06,0.07321886766113006,27.804911478000577,1459,1459,0,127.08019191226867,137.08073,0.0,0.05,static,0.3967269566721583,0.12061163396336533,1.4969684453016668e-09,1.2411476373467896e-08,0.0007236993061406795,1.5576933136147424,0.0001180804753064501,2.3473623486482354e-07,1.2989982664677902e-05,1.9330265067713213,0.0,0.6369760181368253,0.0073640307797470245,0.020107457573920177,,,,,1.5414175754455737,-0.3916089313257476
dwell_r7_xi_0.05_p+6_Nd4001_dt1,p1,dwell,7,xi_0.05,6,4001,1.0,2.5350000000000003e-06,0.07321886766113006,27.804911478000577,1459,1459,0,127.08019191226867,137.08073,0.0,0.05,static_lti,0.7283156394948369,0.13861846030111735,1.8585999071826865e-09,1.3408025908997239e-08,0.0006816079206510864,1.5901897716397984,0.00012369551845081445,1.4712605293153881e-06,8.288486517499903e-05,1.7685954856058395,0.0,0.8459057098105546,0.012782529656354433,0.02496493422948321,,,,,1.5414175754455737,-0.22717791016026578
dwell_r7_xi_0.05_p+6_Nd4001_dt1,p1,dwell,7,xi_0.05,6,4001,1.0,2.5350000000000003e-06,0.07321886766113006,27.804911478000577,1459,1459,0,127.08019191226867,137.08073,0.0,0.05,static_mh,2.3130614502832887,1.6126651924072153,1.982162145073485e-08,1.2291219246288338e-08,0.000714001698195489,1.5582926838405207,0.00017931509290155793,2.1184115512191713e-05,7.026270511618445e-05,0.5399827561955945,0.2943396226415094,1.5740219931959913,0.04944991971980296,0.2662463685309275,,,,,1.5414175754455737,1.0014348192499791
dwell_r7_xi_0.05_p+6_Nd4001_dt1,p1,dwell,7,xi_0.05,6,4001,1.0,2.5350000000000003e-06,0.07321886766113006,27.804911478000577,1459,1459,0,127.08019191226867,137.08073,0.0,0.05,static_lti_mh,0.7976741398366071,0.17985719892481764,2.418956071939177e-09,1.344931471411566e-08,0.0006813714680538249,1.5891354114152436,0.00012610045762421836,2.2421920038993457e-05,8.743511720522277e-05,1.6558368917043618,0.022641509433962263,0.871285197751599,0.014807114872849372,0.0324917046463808,,,,,1.5414175754455737,-0.1144193162587881
dwell_r7_xi_0.05_p+6_Nd4001_dt1,p1,dwell,7,xi_0.05,6,4001,1.0,2.5350000000000003e-06,0.07321886766113006,27.804911478000577,1459,1459,0,127.08019191226867,137.08073,0.0,0.05,linear,0.17767883257613734,0.00980611854503193,7.300500313793956e-10,7.444841993565952e-08,0.001832347899349256,1.2936633717822166,0.0002743731371111489,5.792361916084063e-06,0.0002927772275482205,1.5414175754455737,0.16981132075471697,0.41023181757173394,0.0031076520159085785,0.00980611854503193,,,,,1.5414175754455737,0.0
dwell_r7_xi_4_p+6_Nd4001_dt1,p1,dwell,7,xi_4,6,4001,1.0,2.5350000000000003e-06,0.07321886766113006,26.902443165001387,1459,18,1441,10300.555555555555,9568.40055,0.07205,4,atomic,1.4539122865131884,0.8481839943920292,4.41522466696497e-09,5.205503400391048e-09,0.00043387648031940337,1.8101421546932526,9.81159717584047e-05,0.00010322176528091544,0.0003756066646866326,1.1380433654632547,0.1169811320754717,1.0808570555251011,0.024732328852257977,0.0680056677439333,0.3420527812054227,0.33356032088518833,0.37409928193831,0.33589678369264425,2.0,0.8619566345367453
dwell_r7_xi_4_p+6_Nd4001_dt1,p1,dwell,7,xi_4,6,4001,1.0,2.5350000000000003e-06,0.07321886766113006,26.902443165001387,1459,18,1441,10300.555555555555,9568.40055,0.07205,4,static,0.6800448353833685,0.6761966364600346,5.789393347896227e-09,8.561700895473767e-09,0.0006404330391897667,1.6187212139549598,0.00011990331752702021,6.99875574723781e-08,3.0597119675222657e-06,1.7274106230015254,0.0,0.8459399016458174,0.014948957070161714,0.08917135370296031,,,,,2.0,0.27258937699847463
dwell_r7_xi_4_p+6_Nd4001_dt1,p1,dwell,7,xi_4,6,4001,1.0,2.5350000000000003e-06,0.07321886766113006,26.902443165001387,1459,18,1441,10300.555555555555,9568.40055,0.07205,4,static_lti,0.7363728590483815,0.6820654095838369,5.902573808383213e-09,8.65397031640217e-09,0.0006344527767610396,1.6344193934448268,0.00012075842126493629,-7.838046489105986e-07,1.8027072719504394e-05,1.724308583067055,0.0,0.8460725652842686,0.014940393792938605,0.09091462009856917,,,,,2.0,0.27569141693294497
dwell_r7_xi_4_p+6_Nd4001_dt1,p1,dwell,7,xi_4,6,4001,1.0,2.5350000000000003e-06,0.07321886766113006,26.902443165001387,1459,18,1441,10300.555555555555,9568.40055,0.07205,4,static_mh,0.7825107878778511,0.7781411876908833,6.686559777654989e-09,8.592990428250183e-09,0.0006415505147160808,1.6200474686435344,0.0001237195598625356,2.1971738071132474e-05,0.00023659922234852,1.6306145579971698,0.007547169811320755,0.936593310595358,0.017229602716503693,0.10298999414263814,,,,,2.0,0.3693854420028302
dwell_r7_xi_4_p+6_Nd4001_dt1,p1,dwell,7,xi_4,6,4001,1.0,2.5350000000000003e-06,0.07321886766113006,26.902443165001387,1459,18,1441,10300.555555555555,9568.40055,0.07205,4,static_lti_mh,0.7421278691072415,0.6878912444360904,5.95360558743339e-09,8.654864610631804e-09,0.0006345327053636899,1.6345491502318925,0.00012097173193796948,2.0931331532294775e-05,0.00020606077227439552,1.7124286342937467,0.0037735849056603774,0.8514812878265442,0.01526939050885562,0.09170063903808867,,,,,2.0,0.2875713657062533
dwell_r7_xi_4_p+6_Nd4001_dt1,p1,dwell,7,xi_4,6,4001,1.0,2.5350000000000003e-06,0.07321886766113006,26.902443165001387,1459,18,1441,10300.555555555555,9568.40055,0.07205,4,linear,0.039120503536438596,0.0037247799396474958,2.418289653514213e-10,6.492436312205532e-08,0.0017352812384307343,1.2362008336457864,0.0002558622364185881,2.9287838666636397e-06,6.578969283860925e-05,2.0,0.0,0.0907864959771805,0.00017174488913762547,0.0037247799396474958,,,,,2.0,0.0
shuffle_r7_ORIGINAL_p+3_Nd4001_dt1,p1,shuffle,7,ORIGINAL,3,4001,1.0,2.5350000000000003e-06,0.07321886766113006,29.86748316900048,320,634,atomic,0.8999437246174101,0.6604147690035381,2.948627783627075e-09,4.464811996975916e-09,0.0006120177175036716,1.692819162334243,8.625540246626182e-05,5.0339883129018726e-05,0.0002816447594000103,0.7669435714340563,0.12075471698113208,0.8626542700913892,0.008114369752477342,0.08752702768852112,0.3721586863257788,0.36833558829903146,0.40703655819457274,0.37084307586257204,1.9102515816924839,1.1433080102584277
shuffle_r7_ORIGINAL_p+3_Nd4001_dt1,p1,shuffle,7,ORIGINAL,3,4001,1.0,2.5350000000000003e-06,0.07321886766113006,29.86748316900048,320,634,static,0.6789525270469288,0.6258657345583739,3.7265643853279e-09,5.954255329152113e-09,0.0007439801348182183,1.6032380506511394,9.858517364151523e-05,4.9325470592471374e-08,2.2495354641625127e-06,0.7277515704835148,0.04905660377358491,0.7933528094282192,0.00580463825261987,0.11061928736777599,,,,,1.9102515816924839,1.182500011208969
shuffle_r7_ORIGINAL_p+3_Nd4001_dt1,p1,shuffle,7,ORIGINAL,3,4001,1.0,2.5350000000000003e-06,0.07321886766113006,29.86748316900048,320,634,static_lti,0.7571478359462924,0.6662830280647114,4.01661179326224e-09,6.028386772703649e-09,0.0007407902712074024,1.6278779826695022,0.00010041645958980477,7.986838614053072e-08,1.3437580473221355e-05,0.6695581300754994,0.06415094339622641,0.8057815253688699,0.0059406981354093984,0.11922905074524255,,,,,1.9102515816924839,1.2406934516169845
shuffle_r7_ORIGINAL_p+3_Nd4001_dt1,p1,shuffle,7,ORIGINAL,3,4001,1.0,2.5350000000000003e-06,0.07321886766113006,29.86748316900048,320,634,static_mh,0.7920788193931192,0.7326929881524119,4.373654241891095e-09,5.9692863349489366e-09,0.0007443341466261273,1.6043948003698196,0.00010188730357673173,-3.248826848180384e-05,0.00024226736118212227,0.5469991718796816,0.06415094339622641,0.8679203440899487,0.0074834420792545394,0.12982749401456353,,,,,1.9102515816924839,1.3632524098128023
shuffle_r7_ORIGINAL_p+3_Nd4001_dt1,p1,shuffle,7,ORIGINAL,3,4001,1.0,2.5350000000000003e-06,0.07321886766113006,29.86748316900048,320,634,static_lti_mh,0.7678235007336618,0.6745468811769743,4.0688312222080374e-09,6.031947275641673e-09,0.000740597861784853,1.6282297059640554,0.00010069322959937252,-3.2004143032876464e-05,0.00010663811010682766,0.5696476589037724,0.06792452830188679,0.8228931211073216,0.006203410924708223,0.1207791315755857,,,,,1.9102515816924839,1.3406039227887114
shuffle_r7_ORIGINAL_p+3_Nd4001_dt1,p1,shuffle,7,ORIGINAL,3,4001,1.0,2.5350000000000003e-06,0.07321886766113006,29.86748316900048,320,634,linear,0.04372836018599211,0.0004869885480373306,1.640576632124572e-11,3.3688197365963765e-08,0.001760659394278155,1.241182167773991,0.00018383323970705008,2.6482733314255833e-07,2.4010924300356866e-05,1.9102515816924839,0.011320754716981131,0.09170719215691828,0.0001297766211444521,0.0004869885480373306,,,,,1.9102515816924839,0.0
shuffle_r7_BLOCK_SHUFFLED_CYCLES_p+3_Nd4001_dt1,p1,shuffle,7,BLOCK_SHUFFLED_CYCLES,3,4001,1.0,2.5350000000000003e-06,0.07321886766113006,28.061481848000767,320,634,atomic,0.860161326856368,0.6279019993217922,2.7761358054990696e-09,4.421288367448458e-09,0.0006048771464113638,1.7341761446986619,8.489635903081697e-05,4.476019315715911e-05,0.0003116520920754881,0.7203021374586718,0.16226415094339622,0.8290769736247957,0.006976519132238566,0.08189603570008093,0.42829529537204275,0.42095951629899286,0.4624135846025178,0.42582767517264225,1.916242383725386,1.1959402462667141
shuffle_r7_BLOCK_SHUFFLED_CYCLES_p+3_Nd4001_dt1,p1,shuffle,7,BLOCK_SHUFFLED_CYCLES,3,4001,1.0,2.5350000000000003e-06,0.07321886766113006,28.061481848000767,320,634,static,0.6866901757638273,0.6529432133039287,3.856845017727748e-09,5.906861330577126e-09,0.0007398499172633359,1.611432836223413,9.889571189557245e-05,1.0724310514591456e-08,2.3320017813375548e-06,1.0123890437571057,0.04150943396226415,0.7806931166242729,0.007292787807741789,0.11377696892055622,,,,,1.916242383725386,0.9038533399682802
shuffle_r7_BLOCK_SHUFFLED_CYCLES_p+3_Nd4001_dt1,p1,shuffle,7,BLOCK_SHUFFLED_CYCLES,3,4001,1.0,2.5350000000000003e-06,0.07321886766113006,28.061481848000767,320,634,static_lti,0.7720084138950452,0.7043698233790714,4.203614040882884e-09,5.967907626588683e-09,0.0007367395883960035,1.635700603198746,0.00010093730705307777,8.720319970258023e-07,1.3734593514896846e-05,0.9887089310524203,0.05660377358490566,0.783328307802029,0.007325946579029599,0.12400665878073576,,,,,1.916242383725386,0.9275334526729656
shuffle_r7_BLOCK_SHUFFLED_CYCLES_p+3_Nd4001_dt1,p1,shuffle,7,BLOCK_SHUFFLED_CYCLES,3,4001,1.0,2.5350000000000003e-06,0.07321886766113006,28.061481848000767,320,634,static_mh,0.8056639817111007,0.7675371183983564,4.527747788962708e-09,5.8990603586845426e-09,0.0007389433692579486,1.6114068222630817,0.0001021885878740724,-3.213879420719325e-05,0.0002431145029981737,0.8414863966715357,0.04150943396226415,0.845520660518146,0.009695315489447315,0.1335686077861715,,,,,1.916242383725386,1.0747559870538503
shuffle_r7_BLOCK_SHUFFLED_CYCLES_p+3_Nd4001_dt1,p1,shuffle,7,BLOCK_SHUFFLED_CYCLES,3,4001,1.0,2.5350000000000003e-06,0.07321886766113006,28.061481848000767,320,634,static_lti_mh,0.7844167004837629,0.7162681018261433,4.266472482360348e-09,5.9565300639283955e-09,0.0007360291718781013,1.6361066147536207,0.0001011922318507848,-3.097083476459914e-05,0.00010489625688612799,1.0211911494385488,0.052830188679245285,0.7831534366717319,0.008015307543762052,0.12586098347086538,,,,,1.916242383725386,0.8950512342868371
shuffle_r7_BLOCK_SHUFFLED_CYCLES_p+3_Nd4001_dt1,p1,shuffle,7,BLOCK_SHUFFLED_CYCLES,3,4001,1.0,2.5350000000000003e-06,0.07321886766113006,28.061481848000767,320,634,linear,0.038622106208822865,0.00016623037175408906,5.634925830573406e-12,3.389829289986409e-08,0.0017569126066865222,1.2384591103174594,0.0001843271500845503,-3.459664009560838e-07,2.3765192618049213e-05,1.916242383725386,0.007547169811320755,0.09194565234707047,0.00011684832207869288,0.00016623037175408906,,,,,1.916242383725386,0.0
shuffle_r7_ORIGINAL_p+6_Nd4001_dt1,p1,shuffle,7,ORIGINAL,6,4001,1.0,2.5350000000000003e-06,0.07321886766113006,28.90235551099977,320,634,atomic,1.1635646807375828,0.7673613732672233,3.816768173490817e-09,4.9738862372496285e-09,0.0004421301620577918,1.8661437816903454,9.391575741770113e-05,0.00011781866057675915,0.00036618285740462446,0.6710471697575625,0.19622641509433963,0.9770960805023151,0.020252602380679476,0.056782957588616526,0.4807163757709822,0.49005851244373005,0.557216207719219,0.4985673105748637,1.9155701962725704,1.244523026515008
shuffle_r7_ORIGINAL_p+6_Nd4001_dt1,p1,shuffle,7,ORIGINAL,6,4001,1.0,2.5350000000000003e-06,0.07321886766113006,28.90235551099977,320,634,static,1.1640724889301926,1.0613706132518521,6.3803177244995655e-09,6.011394742644512e-09,0.0005248730127970867,1.7816703875687865,0.00011149676585996639,1.335170166676e-07,2.9796926309973387e-06,0.792499095403809,0.08679245283018867,0.9997323966102194,0.01911295581063924,0.09492148704981565,,,,,1.9155701962725704,1.1230711008687613
shuffle_r7_ORIGINAL_p+6_Nd4001_dt1,p1,shuffle,7,ORIGINAL,6,4001,1.0,2.5350000000000003e-06,0.07321886766113006,28.90235551099977,320,634,static_lti,1.2821850777489863,1.1259407386778975,6.835100920702859e-09,6.070568979259755e-09,0.0005216020951362178,1.807416853697614,0.00011378130367957794,-1.0235559085885055e-06,1.7306662687987723e-05,0.7277423911858453,0.1169811320754717,1.0092706500952289,0.01904011442333312,0.1016874035970626,,,,,1.9155701962725704,1.1878278050867253
shuffle_r7_ORIGINAL_p+6_Nd4001_dt1,p1,shuffle,7,ORIGINAL,6,4001,1.0,2.5350000000000003e-06,0.07321886766113006,28.90235551099977,320,634,static_mh,1.5462529130932645,1.4063032587948436,8.458361250429865e-09,6.014606876242615e-09,0.0005229407855960258,1.7739377487213486,0.0001204696679606419,-7.03094522057769e-05,0.0005269732377570707,0.4418196125494353,0.09433962264150944,1.1991498565242475,0.03256887766033754,0.1258370292144525,,,,,1.9155701962725704,1.473750583723135
shuffle_r7_ORIGINAL_p+6_Nd4001_dt1,p1,shuffle,7,ORIGINAL,6,4001,1.0,2.5350000000000003e-06,0.07321886766113006,28.90235551099977,320,634,static_lti_mh,1.318458511056738,1.1528963393386282,7.0113996341784104e-09,6.081552516855572e-09,0.0005212470470609402,1.808113142864985,0.00011460065347362057,-7.130189102629797e-05,0.00028848776497282643,0.6543821112357098,0.1169811320754717,1.0224483282881232,0.019776617710329538,0.10431024101216661,,,,,1.9155701962725704,1.2611880850368606
shuffle_r7_ORIGINAL_p+6_Nd4001_dt1,p1,shuffle,7,ORIGINAL,6,4001,1.0,2.5350000000000003e-06,0.07321886766113006,28.90235551099977,320,634,linear,0.04372836018599336,0.0004869885480377331,3.273380728899454e-11,6.721679066354194e-08,0.0017606593942781643,1.2411821677739854,0.00025967135303584405,3.74078550906179e-07,3.391633205534829e-05,1.9155701962725704,0.0037735849056603774,0.08953408546512079,0.0002512882472442772,0.0004869885480377331,,,,,1.9155701962725704,0.0
shuffle_r7_BLOCK_SHUFFLED_CYCLES_p+6_Nd4001_dt1,p1,shuffle,7,BLOCK_SHUFFLED_CYCLES,6,4001,1.0,2.5350000000000003e-06,0.07321886766113006,28.827053921999322,320,634,atomic,1.0074838816307525,0.6520396462998773,3.402004654053301e-09,5.217481288689456e-09,0.0004510955907129226,1.9023232432845147,9.287585278095358e-05,0.0001407074101399806,0.0003822328482053966,0.748146204575505,0.22641509433962265,0.7879477697613448,0.014402864118396431,0.05029873646996923,0.5514477320932641,0.5573027499641448,0.611649287859791,0.565506733748885,1.922713027405317,1.174566822829812
shuffle_r7_BLOCK_SHUFFLED_CYCLES_p+6_Nd4001_dt1,p1,shuffle,7,BLOCK_SHUFFLED_CYCLES,6,4001,1.0,2.5350000000000003e-06,0.07321886766113006,28.827053921999322,320,634,static,1.1694380496756274,1.1059957020172462,6.53804573609779e-09,5.911456730051415e-09,0.0005215023910502116,1.7913727793696366,0.00011166006939412842,-3.2221543451626644e-08,3.0760917208648885e-06,0.8131183143627388,0.07169811320754717,1.029616462639944,0.022777640075559828,0.09666519389289358,,,,,1.922713027405317,1.1095947130425783
shuffle_r7_BLOCK_SHUFFLED_CYCLES_p+6_Nd4001_dt1,p1,shuffle,7,BLOCK_SHUFFLED_CYCLES,6,4001,1.0,2.5350000000000003e-06,0.07321886766113006,28.827053921999322,320,634,static_lti,1.2993439623536305,1.1903504304269727,7.10794389786833e-09,5.971303673422243e-09,0.0005192103503316964,1.815149053672479,0.00011444606698604638,9.895087820420333e-07,1.757346656518598e-05,0.7933374811560568,0.07924528301886792,1.0609869232444715,0.024950045222119976,0.10509115457447682,,,,,1.922713027405317,1.12937554624926
shuffle_r7_BLOCK_SHUFFLED_CYCLES_p+6_Nd4001_dt1,p1,shuffle,7,BLOCK_SHUFFLED_CYCLES,6,4001,1.0,2.5350000000000003e-06,0.07321886766113006,28.827053921999322,320,634,static_mh,1.5940741756650318,1.5006217511701316,8.777658012077462e-09,5.8493474489710385e-09,0.000516940369970818,1.7836671941282507,0.00012102378743385469,-7.05418684415197e-05,0.0005320641224131271,0.8438443682130982,0.06415094339622641,0.9561315387347569,0.029129779833992085,0.129777925684778,,,,,1.922713027405317,1.078868659192219
shuffle_r7_BLOCK_SHUFFLED_CYCLES_p+6_Nd4001_dt1,p1,shuffle,7,BLOCK_SHUFFLED_CYCLES,6,4001,1.0,2.5350000000000003e-06,0.07321886766113006,28.827053921999322,320,634,static_lti_mh,1.3400627566330412,1.2274641596238967,7.2986549158717825e-09,5.9461246657565466e-09,0.0005179198400797015,1.8169798574716063,0.00011516776978900079,-6.959862215925704e-05,0.00027946285844158183,0.8353040181642462,0.06792452830188679,1.0382662252512223,0.026695518906542925,0.1079108224503118,,,,,1.922713027405317,1.0874090092410709
shuffle_r7_BLOCK_SHUFFLED_CYCLES_p+6_Nd4001_dt1,p1,shuffle,7,BLOCK_SHUFFLED_CYCLES,6,4001,1.0,2.5350000000000003e-06,0.07321886766113006,28.827053921999322,320,634,linear,0.03862210620881931,0.0001662303717537861,1.124315515736725e-11,6.763598636487543e-08,0.0017569126066865242,1.2384591103174631,0.00026036901998773915,-4.886905305282297e-07,3.356922682818487e-05,1.922713027405317,0.0037735849056603774,0.08974614172656058,0.00022090563008398282,0.0001662303717537861,,,,,1.922713027405317,0.0
