config_version,modulation,seed,Pavg_over_P1dB_dB,sample_rate_Hz,information_symbol_rate_Hz,n_information_symbols,E_rms_Vpm,E_peak_Vpm,E_peak_over_E1dB,PAPR_linear,PAPR_dB,B_occ_99_Hz,amplitude_mean_norm,amplitude_std_norm,amplitude_q01_norm,amplitude_q50_norm,amplitude_q90_norm,amplitude_q99_norm,amplitude_q999_norm,exceedance_theta_0.50,occupancy_theta_0.50,dwell_mean_ns_theta_0.50,dwell_median_ns_theta_0.50,dwell_p90_ns_theta_0.50,dwell_max_ns_theta_0.50,crest_event_rate_Hz_theta_0.50,exceedance_theta_0.75,occupancy_theta_0.75,dwell_mean_ns_theta_0.75,dwell_median_ns_theta_0.75,dwell_p90_ns_theta_0.75,dwell_max_ns_theta_0.75,crest_event_rate_Hz_theta_0.75,exceedance_theta_1.00,occupancy_theta_1.00,dwell_mean_ns_theta_1.00,dwell_median_ns_theta_1.00,dwell_p90_ns_theta_1.00,dwell_max_ns_theta_1.00,crest_event_rate_Hz_theta_1.00,exceedance_theta_1.25,occupancy_theta_1.25,dwell_mean_ns_theta_1.25,dwell_median_ns_theta_1.25,dwell_p90_ns_theta_1.25,dwell_max_ns_theta_1.25,crest_event_rate_Hz_theta_1.25,exceedance_theta_1.50,occupancy_theta_1.50,dwell_mean_ns_theta_1.50,dwell_median_ns_theta_1.50,dwell_p90_ns_theta_1.50,dwell_max_ns_theta_1.50,crest_event_rate_Hz_theta_1.50,envelope_corr_1e_ns,envelope_corr_1e_s,seed_group,tau_atom_s,dwell_mean_over_tau_theta_0.50,dwell_p90_over_tau_theta_0.50,dwell_max_over_tau_theta_0.50,dwell_mean_over_tau_theta_0.75,dwell_p90_over_tau_theta_0.75,dwell_max_over_tau_theta_0.75,dwell_mean_over_tau_theta_1.00,dwell_p90_over_tau_theta_1.00,dwell_max_over_tau_theta_1.00,dwell_mean_over_tau_theta_1.25,dwell_p90_over_tau_theta_1.25,dwell_max_over_tau_theta_1.25,dwell_mean_over_tau_theta_1.50,dwell_p90_over_tau_theta_1.50,dwell_max_over_tau_theta_1.50,envelope_corr_over_tau
fair_v2,CE,20262002,-6,1000000000.0,5000000.0,1020,0.043957873460088,0.043957873460088,0.5011872336272724,1.0000000000000004,1.928654933106574e-15,5370140.075683593,1.0,8.003441164296688e-17,1.0,1.0,1.0,1.0000000000000002,1.0000000000000002,1.0,1.0,204000.00000000003,204000.00000000003,204000.00000000003,204000.00000000003,4901.960784313725,0.0,0.0,0.0,0.0,0.0,0.0,0.0,0.0,0.0,0.0,0.0,0.0,0.0,0.0,0.0,0.0,0.0,0.0,0.0,0.0,0.0,0.0,0.0,0.0,0.0,0.0,0.0,0.0,,,0,1.727e-06,118.12391430225829,118.12391430225829,118.12391430225829,0.0,0.0,0.0,0.0,0.0,0.0,0.0,0.0,0.0,0.0,0.0,0.0,
fair_v2,CE,20262002,0,1000000000.0,5000000.0,1020,0.0877074883610843,0.0877074883610843,1.0000000000000002,1.0000000000000004,1.928654933106574e-15,5370140.075683593,1.0,8.003441164296688e-17,1.0,1.0,1.0,1.0000000000000002,1.0000000000000002,1.0,1.0,204000.00000000003,204000.00000000003,204000.00000000003,204000.00000000003,4901.960784313725,1.0,1.0,204000.00000000003,204000.00000000003,204000.00000000003,204000.00000000003,4901.960784313725,0.0,0.0,0.0,0.0,0.0,0.0,0.0,0.0,0.0,0.0,0.0,0.0,0.0,0.0,0.0,0.0,0.0,0.0,0.0,0.0,0.0,,,0,1.727e-06,118.12391430225829,118.12391430225829,118.12391430225829,118.12391430225829,118.12391430225829,118.12391430225829,0.0,0.0,0.0,0.0,0.0,0.0,0.0,0.0,0.0,
fair_v2,CE,20262002,3,1000000000.0,5000000.0,1020,0.1238901202545948,0.1238901202545949,1.4125375446227546,1.0000000000000004,1.928654933106574e-15,5370140.075683593,1.0,8.003441164296688e-17,1.0,1.0,1.0,1.0000000000000002,1.0000000000000002,1.0,1.0,204000.00000000003,204000.00000000003,204000.00000000003,204000.00000000003,4901.960784313725,1.0,1.0,204000.00000000003,204000.00000000003,204000.00000000003,204000.00000000003,4901.960784313725,1.0,1.0,204000.00000000003,204000.00000000003,204000.00000000003,204000.00000000003,4901.960784313725,1.0,1.0,204000.00000000003,204000.00000000003,204000.00000000003,204000.00000000003,4901.960784313725,0.0,0.0,0.0,0.0,0.0,0.0,0.0,,,0,1.727e-06,118.12391430225829,118.12391430225829,118.12391430225829,118.12391430225829,118.12391430225829,118.12391430225829,118.12391430225829,118.12391430225829,118.12391430225829,118.12391430225829,118.12391430225829,118.12391430225829,0.0,0.0,0.0,
fair_v2,CE,20262102,-6,1000000000.0,5000000.0,1020,0.043957873460088,0.043957873460088,0.5011872336272724,1.0000000000000004,1.928654933106574e-15,5403518.676757812,1.0,8.036815505424639e-17,1.0,1.0,1.0,1.0000000000000002,1.0000000000000002,1.0,1.0,204000.00000000003,204000.00000000003,204000.00000000003,204000.00000000003,4901.960784313725,0.0,0.0,0.0,0.0,0.0,0.0,0.0,0.0,0.0,0.0,0.0,0.0,0.0,0.0,0.0,0.0,0.0,0.0,0.0,0.0,0.0,0.0,0.0,0.0,0.0,0.0,0.0,0.0,,,1,1.727e-06,118.12391430225829,118.12391430225829,118.12391430225829,0.0,0.0,0.0,0.0,0.0,0.0,0.0,0.0,0.0,0.0,0.0,0.0,
fair_v2,CE,20262102,0,1000000000.0,5000000.0,1020,0.0877074883610843,0.0877074883610843,1.0000000000000002,1.0000000000000004,1.928654933106574e-15,5403518.676757812,1.0,8.036815505424639e-17,1.0,1.0,1.0,1.0000000000000002,1.0000000000000002,1.0,1.0,204000.00000000003,204000.00000000003,204000.00000000003,204000.00000000003,4901.960784313725,1.0,1.0,204000.00000000003,204000.00000000003,204000.00000000003,204000.00000000003,4901.960784313725,0.0,0.0,0.0,0.0,0.0,0.0,0.0,0.0,0.0,0.0,0.0,0.0,0.0,0.0,0.0,0.0,0.0,0.0,0.0,0.0,0.0,,,1,1.727e-06,118.12391430225829,118.12391430225829,118.12391430225829,118.12391430225829,118.12391430225829,118.12391430225829,0.0,0.0,0.0,0.0,0.0,0.0,0.0,0.0,0.0,
fair_v2,CE,20262102,3,1000000000.0,5000000.0,1020,0.1238901202545948,0.1238901202545949,1.4125375446227546,1.0000000000000004,1.928654933106574e-15,5403518.676757812,1.0,8.036815505424639e-17,1.0,1.0,1.0,1.0000000000000002,1.0000000000000002,1.0,1.0,204000.00000000003,204000.00000000003,204000.00000000003,204000.00000000003,4901.960784313725,1.0,1.0,204000.00000000003,204000.00000000003,204000.00000000003,204000.00000000003,4901.960784313725,1.0,1.0,204000.00000000003,204000.00000000003,204000.00000000003,204000.00000000003,4901.960784313725,1.0,1.0,204000.00000000003,204000.00000000003,204000.00000000003,204000.00000000003,4901.960784313725,0.0,0.0,0.0,0.0,0.0,0.0,0.0,,,1,1.727e-06,118.12391430225829,118.12391430225829,118.12391430225829,118.12391430225829,118.12391430225829,118.12391430225829,118.12391430225829,118.12391430225829,118.12391430225829,118.12391430225829,118.12391430225829,118.12391430225829,0.0,0.0,0.0,
fair_v2,CE,20262202,-6,1000000000.0,5000000.0,1020,0.043957873460088,0.043957873460088,0.5011872336272724,1.0000000000000004,1.928654933106574e-15,5355358.123779296,1.0,7.999325672763118e-17,1.0,1.0,1.0,1.0000000000000002,1.0000000000000002,1.0,1.0,204000.00000000003,204000.00000000003,204000.00000000003,204000.00000000003,4901.960784313725,0.0,0.0,0.0,0.0,0.0,0.0,0.0,0.0,0.0,0.0,0.0,0.0,0.0,0.0,0.0,0.0,0.0,0.0,0.0,0.0,0.0,0.0,0.0,0.0,0.0,0.0,0.0,0.0,,,2,1.727e-06,118.12391430225829,118.12391430225829,118.12391430225829,0.0,0.0,0.0,0.0,0.0,0.0,0.0,0.0,0.0,0.0,0.0,0.0,
fair_v2,CE,20262202,0,1000000000.0,5000000.0,1020,0.0877074883610843,0.0877074883610843,1.0000000000000002,1.0000000000000004,1.928654933106574e-15,5355358.123779296,1.0,7.999325672763118e-17,1.0,1.0,1.0,1.0000000000000002,1.0000000000000002,1.0,1.0,204000.00000000003,204000.00000000003,204000.00000000003,204000.00000000003,4901.960784313725,1.0,1.0,204000.00000000003,204000.00000000003,204000.00000000003,204000.00000000003,4901.960784313725,0.0,0.0,0.0,0.0,0.0,0.0,0.0,0.0,0.0,0.0,0.0,0.0,0.0,0.0,0.0,0.0,0.0,0.0,0.0,0.0,0.0,,,2,1.727e-06,118.12391430225829,118.12391430225829,118.12391430225829,118.12391430225829,118.12391430225829,118.12391430225829,0.0,0.0,0.0,0.0,0.0,0.0,0.0,0.0,0.0,
fair_v2,CE,20262202,3,1000000000.0,5000000.0,1020,0.1238901202545948,0.1238901202545949,1.4125375446227546,1.0000000000000004,1.928654933106574e-15,5355358.123779296,1.0,7.999325672763118e-17,1.0,1.0,1.0,1.0000000000000002,1.0000000000000002,1.0,1.0,204000.00000000003,204000.00000000003,204000.00000000003,204000.00000000003,4901.960784313725,1.0,1.0,204000.00000000003,204000.00000000003,204000.00000000003,204000.00000000003,4901.960784313725,1.0,1.0,204000.00000000003,204000.00000000003,204000.00000000003,204000.00000000003,4901.960784313725,1.0,1.0,204000.00000000003,204000.00000000003,204000.00000000003,204000.00000000003,4901.960784313725,0.0,0.0,0.0,0.0,0.0,0.0,0.0,,,2,1.727e-06,118.12391430225829,118.12391430225829,118.12391430225829,118.12391430225829,118.12391430225829,118.12391430225829,118.12391430225829,118.12391430225829,118.12391430225829,118.12391430225829,118.12391430225829,118.12391430225829,0.0,0.0,0.0,
fair_v2,CE,20262302,-6,1000000000.0,5000000.0,1020,0.043957873460088,0.043957873460088,0.5011872336272724,1.0000000000000004,1.928654933106574e-15,5371570.587158202,1.0,7.979019279854902e-17,1.0,1.0,1.0,1.0000000000000002,1.0000000000000002,1.0,1.0,204000.00000000003,204000.00000000003,204000.00000000003,204000.00000000003,4901.960784313725,0.0,0.0,0.0,0.0,0.0,0.0,0.0,0.0,0.0,0.0,0.0,0.0,0.0,0.0,0.0,0.0,0.0,0.0,0.0,0.0,0.0,0.0,0.0,0.0,0.0,0.0,0.0,0.0,,,3,1.727e-06,118.12391430225829,118.12391430225829,118.12391430225829,0.0,0.0,0.0,0.0,0.0,0.0,0.0,0.0,0.0,0.0,0.0,0.0,
fair_v2,CE,20262302,0,1000000000.0,5000000.0,1020,0.0877074883610843,0.0877074883610843,1.0000000000000002,1.0000000000000004,1.928654933106574e-15,5371570.587158202,1.0,7.979019279854902e-17,1.0,1.0,1.0,1.0000000000000002,1.0000000000000002,1.0,1.0,204000.00000000003,204000.00000000003,204000.00000000003,204000.00000000003,4901.960784313725,1.0,1.0,204000.00000000003,204000.00000000003,204000.00000000003,204000.00000000003,4901.960784313725,0.0,0.0,0.0,0.0,0.0,0.0,0.0,0.0,0.0,0.0,0.0,0.0,0.0,0.0,0.0,0.0,0.0,0.0,0.0,0.0,0.0,,,3,1.727e-06,118.12391430225829,118.12391430225829,118.12391430225829,118.12391430225829,118.12391430225829,118.12391430225829,0.0,0.0,0.0,0.0,0.0,0.0,0.0,0.0,0.0,
fair_v2,CE,20262302,3,1000000000.0,5000000.0,1020,0.1238901202545948,0.1238901202545949,1.4125375446227546,1.0000000000000004,1.928654933106574e-15,5371570.587158202,1.0,7.979019279854902e-17,1.0,1.0,1.0,1.0000000000000002,1.0000000000000002,1.0,1.0,204000.00000000003,204000.00000000003,204000.00000000003,204000.00000000003,4901.960784313725,1.0,1.0,204000.00000000003,204000.00000000003,204000.00000000003,204000.00000000003,4901.960784313725,1.0,1.0,204000.00000000003,204000.00000000003,204000.00000000003,204000.00000000003,4901.960784313725,1.0,1.0,204000.00000000003,204000.00000000003,204000.00000000003,204000.00000000003,4901.960784313725,0.0,0.0,0.0,0.0,0.0,0.0,0.0,,,3,1.727e-06,118.12391430225829,118.12391430225829,118.12391430225829,118.12391430225829,118.12391430225829,118.12391430225829,118.12391430225829,118.12391430225829,118.12391430225829,118.12391430225829,118.12391430225829,118.12391430225829,0.0,0.0,0.0,
fair_v2,QPSK,20262003,-6,1000000000.0,5000000.0,1020,0.043957873460088,0.0784495636695766,0.8944454474241283,3.184987379930827,5.031077158433436,5352973.93798828,0.959502710179188,0.2816993950273826,0.1528668167113865,1.007946121198672,1.262230726400383,1.542560407930442,1.6999665728520608,0.5191568627450981,0.5191568627450981,158.7826086956522,148.0,244.00000000000003,421.0,3269607.8431372545,0.0159215686274509,0.0159215686274509,73.81818181818181,66.5,105.10000000000002,118.0,215686.2745098039,0.0,0.0,0.0,0.0,0.0,0.0,0.0,0.0,0.0,0.0,0.0,0.0,0.0,0.0,0.0,0.0,0.0,0.0,0.0,0.0,0.0,62.0,6.2e-08,0,1.727e-06,0.09194129050124622,0.1412854661262305,0.2437753329473075,0.04274359109333053,0.060856977417486996,0.06832657788071801,0.0,0.0,0.0,0.0,0.0,0.0,0.0,0.0,0.0,0.03590040532715692
fair_v2,QPSK,20262003,0,1000000000.0,5000000.0,1020,0.0877074883610843,0.1565274580156579,1.784653294040842,3.184987379930827,5.031077158433436,5352973.93798828,0.959502710179188,0.2816993950273826,0.1528668167113865,1.007946121198672,1.262230726400383,1.542560407930442,1.6999665728520608,0.9194901960784314,0.9194901960784314,710.5151515151516,514.0000000000001,1536.1,4340.0,1294117.6470588234,0.8116862745098039,0.8116862745098039,384.185614849188,294.0,734.0000000000001,2494.0,2112745.0980392154,0.5147941176470588,0.5147941176470588,156.7432835820896,146.0,241.0,420.0,3284313.725490196,0.1099509803921568,0.1099509803921568,92.3045267489712,95.0,145.8,164.0,1191176.4705882352,0.0155098039215686,0.0155098039215686,71.90909090909092,65.0,104.4,117.0,215686.2745098039,62.0,6.2e-08,0,1.727e-06,0.4114158375883913,0.8894614939200927,2.5130283729009846,0.22245837570885238,0.4250144759698901,1.4441227562246672,0.0907604421436535,0.13954834973943256,0.24319629415170818,0.05344790199708813,0.08442385639837871,0.09496236247828606,0.04163815339264096,0.060451650260567466,0.06774753908511871,0.03590040532715692
fair_v2,QPSK,20262003,3,1000000000.0,5000000.0,1020,0.1238901202545948,0.2211009112114787,2.520889781967361,3.184987379930827,5.031077158433436,5352973.93798828,0.959502710179188,0.2816993950273826,0.1528668167113865,1.007946121198672,1.262230726400383,1.542560407930442,1.6999665728520608,0.9534509803921568,0.9534509803921568,864.4622222222223,555.0000000000001,1878.4,4773.000000000001,1102941.1764705882,0.910936274509804,0.910936274509804,678.2153284671533,496.50000000000006,1526.4,4334.0,1343137.2549019607,0.8393872549019608,0.8393872549019608,454.2042440318302,323.0,910.4,2508.0,1848039.2156862745,0.6882549019607843,0.6882549019607843,251.62007168458783,225.00000000000003,459.30000000000007,1063.0,2735294.1176470583,0.3932058823529412,0.3932058823529412,125.5305164319249,114.0,191.20000000000005,401.0,3132352.9411764704,62.0,6.2e-08,0,1.727e-06,0.5005571639966545,1.087666473653735,2.7637521713954847,0.3927129869526076,0.8838448176027794,2.509554140127389,0.2630018784202839,0.5271569195136074,1.4522292993630574,0.14569778325685456,0.2659525188187609,0.6155182397220614,0.07268703904570058,0.11071221771858718,0.23219455703532138,0.03590040532715692
fair_v2,QPSK,20262103,-6,1000000000.0,5000000.0,1020,0.043957873460088,0.0772714406669799,0.88101303675303,3.0900440449544098,4.899646698275299,5384445.190429687,0.9584468042439842,0.285271315477904,0.1406698377891964,1.0086652213584637,1.2639347482821577,1.5197646929439126,1.6491951314421889,0.5200392156862745,0.5200392156862745,157.63447251114414,139.0,250.40000000000023,443.00000000000006,3299019.607843137,0.0127450980392156,0.0127450980392156,65.00000000000001,66.00000000000001,94.0,114.0,196078.431372549,0.0,0.0,0.0,0.0,0.0,0.0,0.0,0.0,0.0,0.0,0.0,0.0,0.0,0.0,0.0,0.0,0.0,0.0,0.0,0.0,0.0,61.00000000000001,6.100000000000003e-08,1,1.727e-06,0.0912764751077847,0.14499131441806615,0.25651418645049223,0.03763752171395485,0.05442964678633469,0.06601042269832079,0.0,0.0,0.0,0.0,0.0,0.0,0.0,0.0,0.0,0.03532136653155763
fair_v2,QPSK,20262103,0,1000000000.0,5000000.0,1020,0.0877074883610843,0.1541767935861788,1.7578521112296135,3.0900440449544098,4.899646698275299,5384445.190429687,0.9584468042439842,0.285271315477904,0.1406698377891964,1.0086652213584637,1.2639347482821577,1.5197646929439126,1.6491951314421889,0.9160735294117648,0.9160735294117648,682.0401459854016,520.0,1515.8000000000002,3137.0,1343137.2549019607,0.8098039215686275,0.8098039215686275,395.2153110047847,293.5,745.4000000000003,2500.0,2049019.607843137,0.515921568627451,0.515921568627451,156.15430267062317,136.0,248.0,442.0,3303921.5686274506,0.1105147058823529,0.1105147058823529,90.5421686746988,98.0,143.0,161.0,1220588.2352941176,0.0122892156862745,0.0122892156862745,67.75675675675676,71.0,92.4,112.0,181372.54901960783,61.00000000000001,6.100000000000003e-08,1,1.727e-06,0.39492770468176125,0.877707006369427,1.8164447017950205,0.22884499768661537,0.43161551823972233,1.447596988998263,0.09041939934604701,0.1436016213086277,0.2559351476548929,0.05242742830034673,0.08280254777070063,0.09322524609148813,0.039233790826147516,0.053503184713375805,0.06485234510712219,0.03532136653155763
fair_v2,QPSK,20262103,3,1000000000.0,5000000.0,1020,0.1238901202545948,0.2177805094500302,2.483032105006203,3.0900440449544098,4.899646698275299,5384445.190429687,0.9584468042439842,0.285271315477904,0.1406698377891964,1.0086652213584637,1.2639347482821577,1.5197646929439126,1.6491951314421889,0.9494509803921568,0.9494509803921568,797.0699588477366,566.0000000000001,1733.4,3760.000000000001,1191176.4705882352,0.9081519607843136,0.9081519607843136,666.4136690647483,514.0000000000001,1508.2000000000005,3110.0000000000005,1362745.0980392154,0.8349166666666666,0.8349166666666666,433.3918575063613,310.0,904.8,2509.0,1926470.588235294,0.6872401960784313,0.6872401960784313,244.2456445993032,223.00000000000003,453.8000000000002,1485.0000000000002,2813725.490196078,0.3974901960784314,0.3974901960784314,123.04704097116844,106.0,190.20000000000005,400.00000000000006,3230392.1568627446,61.00000000000001,6.100000000000003e-08,1,1.727e-06,0.4615344289795812,1.0037058482918357,2.1771858714533883,0.3858793683061658,0.8733063115228724,1.8008106543138396,0.25095069919302915,0.5239143022582513,1.4528083381586567,0.14142770387915649,0.2627678054429648,0.8598726114649684,0.07124901040600373,0.11013317892298788,0.23161551823972212,0.03532136653155763
fair_v2,QPSK,20262203,-6,1000000000.0,5000000.0,1020,0.043957873460088,0.0790049329666372,0.9007775099131852,3.230242069016501,5.092350688632706,5384922.02758789,0.957242760754454,0.2892858395829141,0.1360482417497367,1.0033112917223497,1.2662144025351845,1.546486937216589,1.7266348670757556,0.5102303921568627,0.5102303921568627,153.29455081001473,138.00000000000003,234.4000000000001,421.0,3328431.37254902,0.0162598039215686,0.0162598039215686,70.57446808510637,71.0,111.0,121.0,230392.15686274503,0.0,0.0,0.0,0.0,0.0,0.0,0.0,0.0,0.0,0.0,0.0,0.0,0.0,0.0,0.0,0.0,0.0,0.0,0.0,0.0,0.0,61.00000000000001,6.100000000000003e-08,2,1.727e-06,0.08876349207296742,0.1357266936884772,0.2437753329473075,0.040865355000061596,0.06427330631152288,0.07006369426751594,0.0,0.0,0.0,0.0,0.0,0.0,0.0,0.0,0.0,0.03532136653155763
fair_v2,QPSK,20262203,0,1000000000.0,5000000.0,1020,0.0877074883610843,0.1576355654449737,1.7972874197012845,3.230242069016501,5.092350688632706,5384922.02758789,0.957242760754454,0.2892858395829141,0.1360482417497367,1.0033112917223497,1.2662144025351845,1.546486937216589,1.7266348670757556,0.9157009803921567,0.9157009803921567,686.7757352941177,515.0,1515.8000000000002,4907.000000000001,1333333.3333333333,0.8058333333333333,0.8058333333333333,378.778801843318,280.0,728.8,1900.0,2127450.9803921566,0.5062401960784314,0.5062401960784314,151.64904552129224,135.0,233.0,419.00000000000006,3338235.2941176468,0.1129705882352941,0.1129705882352941,91.45238095238096,94.0,147.0,178.0,1235294.1176470586,0.0157892156862745,0.0157892156862745,70.0217391304348,71.00000000000001,110.5,120.0,225490.19607843136,61.00000000000001,6.100000000000003e-08,2,1.727e-06,0.3976697946115331,0.877707006369427,2.8413433700057915,0.21932762121790275,0.4220034742327736,1.1001737116386798,0.08781068067243328,0.1349160393746381,0.24261725535610892,0.052954476521355515,0.08511870295309787,0.10306890561667632,0.04054530349185571,0.06398378691372322,0.06948465547191662,0.03532136653155763
fair_v2,QPSK,20262203,3,1000000000.0,5000000.0,1020,0.1238901202545948,0.2226661545588626,2.5387359588062184,3.230242069016501,5.092350688632706,5384922.02758789,0.957242760754454,0.2892858395829141,0.1360482417497367,1.0033112917223497,1.2662144025351845,1.546486937216589,1.7266348670757556,0.9486960784313726,0.9486960784313726,780.3790322580645,555.0000000000001,1556.8000000000002,4931.0,1215686.274509804,0.9069852941176472,0.9069852941176472,653.7985865724381,503.0,1345.4000000000003,4902.000000000001,1387254.901960784,0.833,0.833,429.1212121212121,308.5,899.5,2286.0,1941176.470588235,0.6831323529411765,0.6831323529411765,239.03773584905665,222.0,442.0,1277.0,2857843.1372549017,0.390328431372549,0.390328431372549,122.50307692307692,109.0,190.0,394.0,3186274.509803921,61.00000000000001,6.100000000000003e-08,2,1.727e-06,0.451869734949661,0.9014475969889985,2.855240301100174,0.3785747461334326,0.7790387955993054,2.8384481760277946,0.24847782983278063,0.520845396641575,1.3236826867400118,0.13841212266882263,0.2559351476548929,0.7394325419803127,0.07093403411874749,0.11001737116386799,0.22814128546612625,0.03532136653155763
fair_v2,QPSK,20262303,-6,1000000000.0,5000000.0,1020,0.043957873460088,0.0759677527861071,0.8661489937250775,2.9866560443184733,4.7518521033239285,5356311.798095702,0.9616045627800964,0.2744388180278065,0.1525540261921269,1.0065974381972742,1.255342035401995,1.5082382914784669,1.6721289181249206,0.5170833333333333,0.5170833333333333,153.768221574344,136.49999999999997,240.50000000000003,446.00000000000006,3362745.0980392154,0.0112941176470588,0.0112941176470588,65.82857142857144,67.0,100.6,112.0,171568.62745098036,0.0,0.0,0.0,0.0,0.0,0.0,0.0,0.0,0.0,0.0,0.0,0.0,0.0,0.0,0.0,0.0,0.0,0.0,0.0,0.0,0.0,60.00000000000001,6.000000000000002e-08,3,1.727e-06,0.08903776582185526,0.13925883034163294,0.25825130283729014,0.03811729671602284,0.0582513028372901,0.06485234510712219,0.0,0.0,0.0,0.0,0.0,0.0,0.0,0.0,0.0,0.034742327735958325
fair_v2,QPSK,20262303,0,1000000000.0,5000000.0,1020,0.0877074883610843,0.1515755942869917,1.728194446327864,2.9866560443184733,4.7518521033239285,5356311.798095702,0.9616045627800964,0.2744388180278065,0.1525540261921269,1.0065974381972742,1.255342035401995,1.5082382914784669,1.6721289181249206,0.9227107843137254,0.9227107843137254,735.28515625,525.5,1632.0000000000002,5517.000000000001,1254901.9607843135,0.8255833333333333,0.8255833333333333,423.16331658291455,306.50000000000006,901.8,2288.0,1950980.3921568624,0.5124852941176471,0.5124852941176471,152.17903930131004,136.0,236.00000000000003,443.00000000000006,3367647.058823529,0.1052647058823529,0.1052647058823529,82.91119691119692,85.0,141.20000000000002,164.0,1269607.8431372547,0.0108235294117647,0.0108235294117647,64.94117647058825,65.0,100.4,112.0,166666.66666666666,60.00000000000001,6.000000000000002e-08,3,1.727e-06,0.42575863129704694,0.9449913144180663,3.1945570353213677,0.24502797717597832,0.5221771858714535,1.3248407643312101,0.08811756763248989,0.13665315576143605,0.25651418645049223,0.0480087996011563,0.08176027793862191,0.09496236247828606,0.037603460608331356,0.05813549507817024,0.06485234510712219,0.034742327735958325
fair_v2,QPSK,20262303,3,1000000000.0,5000000.0,1020,0.1238901202545948,0.214106217778882,2.4411395398466413,2.9866560443184733,4.7518521033239285,5356311.798095702,0.9616045627800964,0.2744388180278065,0.1525540261921269,1.0065974381972742,1.255342035401995,1.5082382914784669,1.6721289181249206,0.9540980392156864,0.9540980392156864,842.5800865800866,592.0,1760.0,5541.0,1132352.9411764704,0.9149411764705884,0.9149411764705884,707.0000000000001,518.0,1536.1000000000004,4341.0,1294117.6470588234,0.8501764705882353,0.8501764705882353,488.5521126760564,334.0,1082.6,2296.0,1740196.0784313723,0.6967843137254902,0.6967843137254902,246.35008665511268,222.0,455.8,1287.0000000000002,2828431.37254902,0.388156862745098,0.388156862745098,120.34042553191487,110.0,189.0,392.0,3225490.196078431,60.00000000000001,6.000000000000002e-08,3,1.727e-06,0.48788655852929164,1.019108280254777,3.20845396641575,0.40938042848870887,0.8894614939200929,2.513607411696584,0.2828906269114398,0.6268674001158078,1.3294730746960048,0.1426462574725609,0.2639258830341633,0.745222929936306,0.06968177506190787,0.10943833236826868,0.22698320787492765,0.034742327735958325
fair_v2,16QAM,20262004,-6,1000000000.0,5000000.0,1020,0.043957873460088,0.0909572517181609,1.0370522907200084,4.2815528608165705,6.316013102681661,5370616.912841796,0.925656925983248,0.378363919235495,0.1352722067542087,0.9665765633618036,1.4091539805474924,1.685538027566091,1.977035393781037,0.46775,0.46775,180.03962264150948,161.0,298.20000000000005,677.0,2598039.215686274,0.0561764705882352,0.0561764705882352,75.89403973509935,72.00000000000001,124.0,178.0,740196.0784313724,0.0006078431372549,0.0006078431372549,41.333333333333336,34.0,54.00000000000001,59.00000000000001,14705.882352941177,0.0,0.0,0.0,0.0,0.0,0.0,0.0,0.0,0.0,0.0,0.0,0.0,0.0,0.0,80.0,8e-08,0,1.727e-06,0.10424992625449306,0.17266936884771283,0.3920092646207296,0.04394559336137774,0.07180081065431385,0.10306890561667632,0.023933603551437952,0.031268094962362485,0.03416328894035901,0.0,0.0,0.0,0.0,0.0,0.0,0.04632310364794442
fair_v2,16QAM,20262004,0,1000000000.0,5000000.0,1020,0.0877074883610843,0.181483576626385,2.069191354325784,4.2815528608165705,6.316013102681661,5370616.912841796,0.925656925983248,0.378363919235495,0.1352722067542087,0.9665765633618036,1.4091539805474924,1.685538027566091,1.977035393781037,0.8347696078431373,0.8347696078431373,417.3848039215687,305.50000000000006,855.3000000000001,2193.0,2000000.0,0.6702745098039216,0.6702745098039216,312.89702517162465,245.00000000000003,564.4000000000003,1414.0000000000002,2142156.862745098,0.4649117647058823,0.4649117647058823,178.94716981132078,159.50000000000003,297.0,618.0,2598039.215686274,0.2080147058823529,0.2080147058823529,126.29464285714288,123.0,193.00000000000003,340.0,1647058.8235294116,0.0546078431372549,0.0546078431372549,74.26666666666667,70.0,124.2,178.0,735294.1176470587,80.0,8e-08,0,1.727e-06,0.2416819941641973,0.49525188187608576,1.2698320787492763,0.18117951660198303,0.32680949623624805,0.8187608569774177,0.10361735368345153,0.17197452229299365,0.35784597568037063,0.0731294978906444,0.11175448755066593,0.19687319050376378,0.04300328121984173,0.0719166184134337,0.10306890561667632,0.04632310364794442
fair_v2,16QAM,20262004,3,1000000000.0,5000000.0,1020,0.1238901202545948,0.2563523657171894,2.9228104749939745,4.2815528608165705,6.316013102681661,5370616.912841796,0.925656925983248,0.378363919235495,0.1352722067542087,0.9665765633618036,1.4091539805474924,1.685538027566091,1.977035393781037,0.9229607843137256,0.9229607843137256,617.3245901639344,454.0,1267.0,2618.0,1495098.039215686,0.8121029411764706,0.8121029411764706,402.1092233009709,297.5,826.9000000000001,1947.0,2019607.8431372547,0.6966764705882353,0.6966764705882353,332.8384074941452,256.0,663.8000000000018,1647.0,2093137.2549019605,0.5743431372549019,0.5743431372549019,237.65922920892496,196.0,440.6000000000001,863.0,2416666.6666666665,0.3968186274509804,0.3968186274509804,154.48664122137407,146.0,251.7,578.0,2568627.450980392,80.0,8e-08,0,1.727e-06,0.3574548871823593,0.7336421540243198,1.515923566878981,0.23283684035956626,0.47880718008106554,1.1273885350318473,0.19272635060460058,0.38436595251881983,0.9536768963520557,0.13761391384419513,0.2551244933410539,0.4997104806022004,0.08945375866900643,0.14574406485234512,0.3346844238563984,0.04632310364794442
fair_v2,16QAM,20262104,-6,1000000000.0,5000000.0,1020,0.043957873460088,0.0859466781960102,0.9799240612406436,3.8228287463668114,5.823848430952051,5359172.821044921,0.9298768060695852,0.3678710718904479,0.1408292953202244,0.9740127450990042,1.4019555982990208,1.6671025616737305,1.8499629539507152,0.4714803921568627,0.4714803921568627,179.10986964618252,150.00000000000003,329.40000000000003,814.0000000000001,2632352.9411764704,0.0489754901960784,0.0489754901960784,74.0074074074074,64.0,125.80000000000004,169.00000000000003,661764.7058823529,0.0,0.0,0.0,0.0,0.0,0.0,0.0,0.0,0.0,0.0,0.0,0.0,0.0,0.0,0.0,0.0,0.0,0.0,0.0,0.0,0.0,81.00000000000001,8.100000000000002e-08,1,1.727e-06,0.10371156319987408,0.19073537927041118,0.4713375796178345,0.04285316005061228,0.07284308048639263,0.0978575564562826,0.0,0.0,0.0,0.0,0.0,0.0,0.0,0.0,0.0,0.04690214244354373
fair_v2,16QAM,20262104,0,1000000000.0,5000000.0,1020,0.0877074883610843,0.1714861681012567,1.9552055509247133,3.8228287463668114,5.823848430952051,5359172.821044921,0.9298768060695852,0.3678710718904479,0.1408292953202244,0.9740127450990042,1.4019555982990208,1.6671025616737305,1.8499629539507152,0.8417205882352942,0.8417205882352942,449.5052356020943,353.0,898.1000000000009,3017.0,1872549.019607843,0.6851764705882353,0.6851764705882353,331.2227488151659,241.0,618.9000000000003,1724.0000000000002,2068627.450980392,0.4685098039215686,0.4685098039215686,177.9813780260708,150.00000000000003,328.0,736.0,2632352.9411764704,0.2024901960784313,0.2024901960784313,127.88854489164088,119.0,193.00000000000003,467.00000000000006,1583333.333333333,0.0477254901960784,0.0477254901960784,73.203007518797,63.00000000000001,124.60000000000002,167.0,651960.7843137254,81.00000000000001,8.100000000000002e-08,1,1.727e-06,0.26028097023861857,0.5200347423277365,1.7469600463231039,0.19179082154902485,0.3583671105964102,0.9982628836132024,0.10305812277132068,0.18992472495657212,0.42617255356108863,0.0740524290050034,0.11175448755066593,0.27041111754487557,0.04238738130793109,0.07214823393167345,0.09669947886508397,0.04690214244354373
fair_v2,16QAM,20262104,3,1000000000.0,5000000.0,1020,0.1238901202545948,0.2422306508265141,2.761801248135974,3.8228287463668114,5.823848430952051,5359172.821044921,0.9298768060695852,0.3678710718904479,0.1408292953202244,0.9740127450990042,1.4019555982990208,1.6671025616737305,1.8499629539507152,0.9309558823529412,0.9309558823529412,698.216911764706,513.5,1466.3000000000004,3520.0,1333333.3333333333,0.8194656862745098,0.8194656862745098,424.29187817258895,319.5,856.0,3011.0,1931372.549019608,0.709514705882353,0.709514705882353,352.1678832116788,260.0,692.0,2195.0,2014705.882352941,0.5919264705882353,0.5919264705882353,248.97525773195875,185.0,488.6000000000001,1119.0,2377450.9803921566,0.3903333333333333,0.3903333333333333,157.67920792079204,137.0,275.80000000000007,717.0000000000001,2475490.196078431,81.00000000000001,8.100000000000002e-08,1,1.727e-06,0.4042946796553017,0.8490445859872614,2.038216560509554,0.24568145811962305,0.49565720903300525,1.743485813549508,0.20391886694364728,0.4006948465547192,1.2709901563404749,0.14416633337114,0.28291835552982053,0.6479444122756225,0.09130237864550785,0.1596988998262884,0.41517081644470194,0.04690214244354373
fair_v2,16QAM,20262204,-6,1000000000.0,5000000.0,1020,0.043957873460088,0.0909943100242668,1.0374748122948292,4.285042399386384,6.319551235120624,5334377.288818358,0.9273055173071788,0.3743053266675026,0.1547753802423438,0.9644716570973062,1.4137565538400372,1.6938647790418953,1.9514483677018155,0.466142156862745,0.466142156862745,182.87115384615385,162.50000000000003,295.1,826.0,2549019.607843137,0.0546764705882352,0.0546764705882352,82.01470588235296,74.0,139.0,191.0,666666.6666666666,0.0006519607843137,0.0006519607843137,44.33333333333333,52.0,53.6,54.0,14705.882352941177,0.0,0.0,0.0,0.0,0.0,0.0,0.0,0.0,0.0,0.0,0.0,0.0,0.0,0.0,84.00000000000001,8.400000000000002e-08,2,1.727e-06,0.10588949267293217,0.17087434858135497,0.4782860451650261,0.04748969651554891,0.08048639258830342,0.11059640995946729,0.025670719938235862,0.031036479444122758,0.03126809496236248,0.0,0.0,0.0,0.0,0.0,0.0,0.04863925883034165
fair_v2,16QAM,20262204,0,1000000000.0,5000000.0,1020,0.0877074883610843,0.1815575176680147,2.070034395701285,4.285042399386384,6.319551235120624,5334377.288818358,0.9273055173071788,0.3743053266675026,0.1547753802423438,0.9644716570973062,1.4137565538400372,1.6938647790418953,1.9514483677018155,0.8387549019607843,0.8387549019607843,429.9145728643216,331.0,903.3,2289.0,1950980.3921568624,0.6664656862745097,0.6664656862745097,314.71990740740745,254.00000000000003,578.4000000000002,1286.0,2117647.058823529,0.4634950980392157,0.4634950980392157,182.1830443159923,162.00000000000003,295.00000000000006,825.0,2544117.647058823,0.2090196078431372,0.2090196078431372,134.0880503144654,122.0,202.6,488.00000000000006,1558823.5294117646,0.0532205882352941,0.0532205882352941,81.0223880597015,72.00000000000001,138.00000000000003,188.00000000000003,656862.7450980392,84.00000000000001,8.400000000000002e-08,2,1.727e-06,0.2489372164819465,0.5230457440648524,1.3254198031268096,0.18223503613631006,0.33491603937463826,0.7446438911407065,0.10549105055934703,0.17081644470179508,0.4777070063694268,0.07764218315834708,0.11731325998841922,0.282570932252461,0.046915105998669084,0.07990735379270414,0.1088592935726694,0.04863925883034165
fair_v2,16QAM,20262204,3,1000000000.0,5000000.0,1020,0.1238901202545948,0.2564568102145798,2.9240013025885405,4.285042399386384,6.319551235120624,5334377.288818358,0.9273055173071788,0.3743053266675026,0.1547753802423438,0.9644716570973062,1.4137565538400372,1.6938647790418953,1.9514483677018155,0.9321078431372548,0.9321078431372548,709.5149253731344,555.0,1403.7000000000005,5225.0,1313725.4901960783,0.8147401960784314,0.8147401960784314,407.3700980392158,318.00000000000006,809.8000000000002,1852.0,2000000.0,0.6940539215686274,0.6940539215686274,334.72104018912523,268.0,607.6000000000003,1327.0000000000002,2073529.4117647056,0.5723284313725491,0.5723284313725491,243.2395833333333,197.50000000000003,456.4000000000001,1251.0000000000002,2352941.176470588,0.3940343137254902,0.3940343137254902,156.08349514563108,146.0,263.0,808.0,2524509.803921568,84.00000000000001,8.400000000000002e-08,2,1.727e-06,0.41083666784779066,0.812796757382745,3.0254777070063694,0.2358830909317984,0.46890561667631747,1.0723798494499133,0.1938164679728577,0.35182397220613804,0.7683844817602782,0.14084515537541015,0.26427330631152296,0.724377533294731,0.09037839904205622,0.15228720324261727,0.4678633468442386,0.04863925883034165
fair_v2,16QAM,20262304,-6,1000000000.0,5000000.0,1020,0.043957873460088,0.0953193045728686,1.0867863890988083,4.702062325407812,6.722883813608698,5377292.63305664,0.923233471826672,0.384239452033325,0.1427160757214759,0.9572738808823776,1.4217409136622496,1.7355243974926866,1.9630137760279125,0.4599411764705882,0.4599411764705882,186.5367793240557,155.0,318.40000000000003,848.0000000000001,2465686.2745098034,0.0611617647058823,0.0611617647058823,81.01948051948052,75.50000000000001,151.00000000000003,190.0,754901.9607843136,0.0005098039215686,0.0005098039215686,52.0,52.0,81.60000000000001,89.0,9803.92156862745,0.0,0.0,0.0,0.0,0.0,0.0,0.0,0.0,0.0,0.0,0.0,0.0,0.0,0.0,85.0,8.500000000000003e-08,3,1.727e-06,0.10801203203477458,0.1843659525188188,0.4910248986682109,0.046913422420081376,0.0874348581354951,0.11001737116386799,0.03011001737116387,0.04724956572090331,0.05153445280833816,0.0,0.0,0.0,0.0,0.0,0.0,0.04921829762594096
fair_v2,16QAM,20262304,0,1000000000.0,5000000.0,1020,0.0877074883610843,0.1901870163032855,2.168423926589958,4.702062325407812,6.722883813608698,5377292.63305664,0.923233471826672,0.384239452033325,0.1427160757214759,0.9572738808823776,1.4217409136622496,1.7355243974926866,1.9630137760279125,0.8298725490196078,0.8298725490196078,440.8697916666667,351.50000000000006,918.5,1946.0,1882352.9411764704,0.6559705882352941,0.6559705882352941,308.33640552995394,230.5,577.7,1710.0000000000002,2127450.9803921566,0.4572990196078431,0.4572990196078431,185.09722222222223,156.5,314.4,845.0000000000001,2470588.235294117,0.2138970588235294,0.2138970588235294,136.78683385579936,125.0,212.00000000000003,468.0,1563725.4901960783,0.0595196078431372,0.0595196078431372,83.16438356164383,77.5,152.50000000000003,190.0,715686.2745098039,85.0,8.500000000000003e-08,3,1.727e-06,0.2552807131827833,0.5318471337579619,1.1268094962362478,0.17853874089748348,0.33451071221771866,0.990156340474812,0.10717847262433251,0.18204979733642154,0.48928778228141295,0.07920488352970433,0.12275622466705273,0.27099015634047485,0.0481554044942929,0.08830341632889406,0.11001737116386799,0.04921829762594096
fair_v2,16QAM,20262304,3,1000000000.0,5000000.0,1020,0.1238901202545948,0.2686463010281706,3.0629802089666107,4.702062325407812,6.722883813608698,5377292.63305664,0.923233471826672,0.384239452033325,0.1427160757214759,0.9572738808823776,1.4217409136622496,1.7355243974926866,1.9630137760279125,0.9265490196078432,0.9265490196078432,682.3682310469316,517.0,1406.0000000000002,3216.0,1357843.1372549017,0.806813725490196,0.806813725490196,411.475,312.00000000000006,858.9000000000012,1940.0,1960784.31372549,0.683593137254902,0.683593137254902,332.82338902147967,243.0,627.0,1716.0000000000002,2053921.5686274504,0.564485294117647,0.564485294117647,246.0576923076923,184.5,459.9,1689.0,2294117.647058823,0.3883480392156863,0.3883480392156863,159.0823293172691,143.0,262.3,794.0,2441176.470588235,85.0,8.500000000000003e-08,3,1.727e-06,0.3951176786606437,0.8141285466126233,1.8621887666473655,0.23825998841922413,0.497336421540244,1.1233352634626521,0.1927176543262766,0.36305732484076436,0.9936305732484079,0.14247694980179057,0.26629994209612046,0.9779965257672265,0.09211484036900355,0.15188187608569775,0.4597568037058483,0.04921829762594096
fair_v2,CE,20262002,-15,1000000000.0,5000000.0,1020,0.0155968420658744,0.0155968420658744,0.1778279410038923,1.0000000000000004,1.928654933106574e-15,5370140.075683593,1.0,8.003441164296688e-17,1.0,1.0,1.0,1.0000000000000002,1.0000000000000002,0.0,0.0,0.0,0.0,0.0,0.0,0.0,0.0,0.0,0.0,0.0,0.0,0.0,0.0,0.0,0.0,0.0,0.0,0.0,0.0,0.0,0.0,0.0,0.0,0.0,0.0,0.0,0.0,0.0,0.0,0.0,0.0,0.0,0.0,0.0,,,0,1.727e-06,0.0,0.0,0.0,0.0,0.0,0.0,0.0,0.0,0.0,0.0,0.0,0.0,0.0,0.0,0.0,
fair_v2,CE,20262002,-10,1000000000.0,5000000.0,1020,0.0277355431073735,0.0277355431073735,0.316227766016838,1.0000000000000004,1.928654933106574e-15,5370140.075683593,1.0,8.003441164296688e-17,1.0,1.0,1.0,1.0000000000000002,1.0000000000000002,0.0,0.0,0.0,0.0,0.0,0.0,0.0,0.0,0.0,0.0,0.0,0.0,0.0,0.0,0.0,0.0,0.0,0.0,0.0,0.0,0.0,0.0,0.0,0.0,0.0,0.0,0.0,0.0,0.0,0.0,0.0,0.0,0.0,0.0,0.0,,,0,1.727e-06,0.0,0.0,0.0,0.0,0.0,0.0,0.0,0.0,0.0,0.0,0.0,0.0,0.0,0.0,0.0,
fair_v2,CE,20262002,-3,1000000000.0,5000000.0,1020,0.0620921466441504,0.0620921466441505,0.707945784384138,1.0000000000000004,1.928654933106574e-15,5370140.075683593,1.0,8.003441164296688e-17,1.0,1.0,1.0,1.0000000000000002,1.0000000000000002,1.0,1.0,204000.00000000003,204000.00000000003,204000.00000000003,204000.00000000003,4901.960784313725,0.0,0.0,0.0,0.0,0.0,0.0,0.0,0.0,0.0,0.0,0.0,0.0,0.0,0.0,0.0,0.0,0.0,0.0,0.0,0.0,0.0,0.0,0.0,0.0,0.0,0.0,0.0,0.0,,,0,1.727e-06,118.12391430225829,118.12391430225829,118.12391430225829,0.0,0.0,0.0,0.0,0.0,0.0,0.0,0.0,0.0,0.0,0.0,0.0,
fair_v2,CE,20262002,6,1000000000.0,5000000.0,1020,0.1749994462674431,0.1749994462674432,1.99526231496888,1.0000000000000004,1.928654933106574e-15,5370140.075683593,1.0,8.003441164296688e-17,1.0,1.0,1.0,1.0000000000000002,1.0000000000000002,1.0,1.0,204000.00000000003,204000.00000000003,204000.00000000003,204000.00000000003,4901.960784313725,1.0,1.0,204000.00000000003,204000.00000000003,204000.00000000003,204000.00000000003,4901.960784313725,1.0,1.0,204000.00000000003,204000.00000000003,204000.00000000003,204000.00000000003,4901.960784313725,1.0,1.0,204000.00000000003,204000.00000000003,204000.00000000003,204000.00000000003,4901.960784313725,1.0,1.0,204000.00000000003,204000.00000000003,204000.00000000003,204000.00000000003,4901.960784313725,,,0,1.727e-06,118.12391430225829,118.12391430225829,118.12391430225829,118.12391430225829,118.12391430225829,118.12391430225829,118.12391430225829,118.12391430225829,118.12391430225829,118.12391430225829,118.12391430225829,118.12391430225829,118.12391430225829,118.12391430225829,118.12391430225829,
fair_v2,CE,20262102,-15,1000000000.0,5000000.0,1020,0.0155968420658744,0.0155968420658744,0.1778279410038923,1.0000000000000004,1.928654933106574e-15,5403518.676757812,1.0,8.036815505424639e-17,1.0,1.0,1.0,1.0000000000000002,1.0000000000000002,0.0,0.0,0.0,0.0,0.0,0.0,0.0,0.0,0.0,0.0,0.0,0.0,0.0,0.0,0.0,0.0,0.0,0.0,0.0,0.0,0.0,0.0,0.0,0.0,0.0,0.0,0.0,0.0,0.0,0.0,0.0,0.0,0.0,0.0,0.0,,,1,1.727e-06,0.0,0.0,0.0,0.0,0.0,0.0,0.0,0.0,0.0,0.0,0.0,0.0,0.0,0.0,0.0,
fair_v2,CE,20262102,-10,1000000000.0,5000000.0,1020,0.0277355431073735,0.0277355431073735,0.316227766016838,1.0000000000000004,1.928654933106574e-15,5403518.676757812,1.0,8.036815505424639e-17,1.0,1.0,1.0,1.0000000000000002,1.0000000000000002,0.0,0.0,0.0,0.0,0.0,0.0,0.0,0.0,0.0,0.0,0.0,0.0,0.0,0.0,0.0,0.0,0.0,0.0,0.0,0.0,0.0,0.0,0.0,0.0,0.0,0.0,0.0,0.0,0.0,0.0,0.0,0.0,0.0,0.0,0.0,,,1,1.727e-06,0.0,0.0,0.0,0.0,0.0,0.0,0.0,0.0,0.0,0.0,0.0,0.0,0.0,0.0,0.0,
fair_v2,CE,20262102,-3,1000000000.0,5000000.0,1020,0.0620921466441504,0.0620921466441505,0.707945784384138,1.0000000000000004,1.928654933106574e-15,5403518.676757812,1.0,8.036815505424639e-17,1.0,1.0,1.0,1.0000000000000002,1.0000000000000002,1.0,1.0,204000.00000000003,204000.00000000003,204000.00000000003,204000.00000000003,4901.960784313725,0.0,0.0,0.0,0.0,0.0,0.0,0.0,0.0,0.0,0.0,0.0,0.0,0.0,0.0,0.0,0.0,0.0,0.0,0.0,0.0,0.0,0.0,0.0,0.0,0.0,0.0,0.0,0.0,,,1,1.727e-06,118.12391430225829,118.12391430225829,118.12391430225829,0.0,0.0,0.0,0.0,0.0,0.0,0.0,0.0,0.0,0.0,0.0,0.0,
fair_v2,CE,20262102,6,1000000000.0,5000000.0,1020,0.1749994462674431,0.1749994462674432,1.99526231496888,1.0000000000000004,1.928654933106574e-15,5403518.676757812,1.0,8.036815505424639e-17,1.0,1.0,1.0,1.0000000000000002,1.0000000000000002,1.0,1.0,204000.00000000003,204000.00000000003,204000.00000000003,204000.00000000003,4901.960784313725,1.0,1.0,204000.00000000003,204000.00000000003,204000.00000000003,204000.00000000003,4901.960784313725,1.0,1.0,204000.00000000003,204000.00000000003,204000.00000000003,204000.00000000003,4901.960784313725,1.0,1.0,204000.00000000003,204000.00000000003,204000.00000000003,204000.00000000003,4901.960784313725,1.0,1.0,204000.00000000003,204000.00000000003,204000.00000000003,204000.00000000003,4901.960784313725,,,1,1.727e-06,118.12391430225829,118.12391430225829,118.12391430225829,118.12391430225829,118.12391430225829,118.12391430225829,118.12391430225829,118.12391430225829,118.12391430225829,118.12391430225829,118.12391430225829,118.12391430225829,118.12391430225829,118.12391430225829,118.12391430225829,
fair_v2,CE,20262202,-15,1000000000.0,5000000.0,1020,0.0155968420658744,0.0155968420658744,0.1778279410038923,1.0000000000000004,1.928654933106574e-15,5355358.123779296,1.0,7.999325672763118e-17,1.0,1.0,1.0,1.0000000000000002,1.0000000000000002,0.0,0.0,0.0,0.0,0.0,0.0,0.0,0.0,0.0,0.0,0.0,0.0,0.0,0.0,0.0,0.0,0.0,0.0,0.0,0.0,0.0,0.0,0.0,0.0,0.0,0.0,0.0,0.0,0.0,0.0,0.0,0.0,0.0,0.0,0.0,,,2,1.727e-06,0.0,0.0,0.0,0.0,0.0,0.0,0.0,0.0,0.0,0.0,0.0,0.0,0.0,0.0,0.0,
fair_v2,CE,20262202,-10,1000000000.0,5000000.0,1020,0.0277355431073735,0.0277355431073735,0.316227766016838,1.0000000000000004,1.928654933106574e-15,5355358.123779296,1.0,7.999325672763118e-17,1.0,1.0,1.0,1.0000000000000002,1.0000000000000002,0.0,0.0,0.0,0.0,0.0,0.0,0.0,0.0,0.0,0.0,0.0,0.0,0.0,0.0,0.0,0.0,0.0,0.0,0.0,0.0,0.0,0.0,0.0,0.0,0.0,0.0,0.0,0.0,0.0,0.0,0.0,0.0,0.0,0.0,0.0,,,2,1.727e-06,0.0,0.0,0.0,0.0,0.0,0.0,0.0,0.0,0.0,0.0,0.0,0.0,0.0,0.0,0.0,
fair_v2,CE,20262202,-3,1000000000.0,5000000.0,1020,0.0620921466441504,0.0620921466441505,0.707945784384138,1.0000000000000004,1.928654933106574e-15,5355358.123779296,1.0,7.999325672763118e-17,1.0,1.0,1.0,1.0000000000000002,1.0000000000000002,1.0,1.0,204000.00000000003,204000.00000000003,204000.00000000003,204000.00000000003,4901.960784313725,0.0,0.0,0.0,0.0,0.0,0.0,0.0,0.0,0.0,0.0,0.0,0.0,0.0,0.0,0.0,0.0,0.0,0.0,0.0,0.0,0.0,0.0,0.0,0.0,0.0,0.0,0.0,0.0,,,2,1.727e-06,118.12391430225829,118.12391430225829,118.12391430225829,0.0,0.0,0.0,0.0,0.0,0.0,0.0,0.0,0.0,0.0,0.0,0.0,
fair_v2,CE,20262202,6,1000000000.0,5000000.0,1020,0.1749994462674431,0.1749994462674432,1.99526231496888,1.0000000000000004,1.928654933106574e-15,5355358.123779296,1.0,7.999325672763118e-17,1.0,1.0,1.0,1.0000000000000002,1.0000000000000002,1.0,1.0,204000.00000000003,204000.00000000003,204000.00000000003,204000.00000000003,4901.960784313725,1.0,1.0,204000.00000000003,204000.00000000003,204000.00000000003,204000.00000000003,4901.960784313725,1.0,1.0,204000.00000000003,204000.00000000003,204000.00000000003,204000.00000000003,4901.960784313725,1.0,1.0,204000.00000000003,204000.00000000003,204000.00000000003,204000.00000000003,4901.960784313725,1.0,1.0,204000.00000000003,204000.00000000003,204000.00000000003,204000.00000000003,4901.960784313725,,,2,1.727e-06,118.12391430225829,118.12391430225829,118.12391430225829,118.12391430225829,118.12391430225829,118.12391430225829,118.12391430225829,118.12391430225829,118.12391430225829,118.12391430225829,118.12391430225829,118.12391430225829,118.12391430225829,118.12391430225829,118.12391430225829,
fair_v2,CE,20262302,-15,1000000000.0,5000000.0,1020,0.0155968420658744,0.0155968420658744,0.1778279410038923,1.0000000000000004,1.928654933106574e-15,5371570.587158202,1.0,7.979019279854902e-17,1.0,1.0,1.0,1.0000000000000002,1.0000000000000002,0.0,0.0,0.0,0.0,0.0,0.0,0.0,0.0,0.0,0.0,0.0,0.0,0.0,0.0,0.0,0.0,0.0,0.0,0.0,0.0,0.0,0.0,0.0,0.0,0.0,0.0,0.0,0.0,0.0,0.0,0.0,0.0,0.0,0.0,0.0,,,3,1.727e-06,0.0,0.0,0.0,0.0,0.0,0.0,0.0,0.0,0.0,0.0,0.0,0.0,0.0,0.0,0.0,
fair_v2,CE,20262302,-10,1000000000.0,5000000.0,1020,0.0277355431073735,0.0277355431073735,0.316227766016838,1.0000000000000004,1.928654933106574e-15,5371570.587158202,1.0,7.979019279854902e-17,1.0,1.0,1.0,1.0000000000000002,1.0000000000000002,0.0,0.0,0.0,0.0,0.0,0.0,0.0,0.0,0.0,0.0,0.0,0.0,0.0,0.0,0.0,0.0,0.0,0.0,0.0,0.0,0.0,0.0,0.0,0.0,0.0,0.0,0.0,0.0,0.0,0.0,0.0,0.0,0.0,0.0,0.0,,,3,1.727e-06,0.0,0.0,0.0,0.0,0.0,0.0,0.0,0.0,0.0,0.0,0.0,0.0,0.0,0.0,0.0,
fair_v2,CE,20262302,-3,1000000000.0,5000000.0,1020,0.0620921466441504,0.0620921466441505,0.707945784384138,1.0000000000000004,1.928654933106574e-15,5371570.587158202,1.0,7.979019279854902e-17,1.0,1.0,1.0,1.0000000000000002,1.0000000000000002,1.0,1.0,204000.00000000003,204000.00000000003,204000.00000000003,204000.00000000003,4901.960784313725,0.0,0.0,0.0,0.0,0.0,0.0,0.0,0.0,0.0,0.0,0.0,0.0,0.0,0.0,0.0,0.0,0.0,0.0,0.0,0.0,0.0,0.0,0.0,0.0,0.0,0.0,0.0,0.0,,,3,1.727e-06,118.12391430225829,118.12391430225829,118.12391430225829,0.0,0.0,0.0,0.0,0.0,0.0,0.0,0.0,0.0,0.0,0.0,0.0,
fair_v2,CE,20262302,6,1000000000.0,5000000.0,1020,0.1749994462674431,0.1749994462674432,1.99526231496888,1.0000000000000004,1.928654933106574e-15,5371570.587158202,1.0,7.979019279854902e-17,1.0,1.0,1.0,1.0000000000000002,1.0000000000000002,1.0,1.0,204000.00000000003,204000.00000000003,204000.00000000003,204000.00000000003,4901.960784313725,1.0,1.0,204000.00000000003,204000.00000000003,204000.00000000003,204000.00000000003,4901.960784313725,1.0,1.0,204000.00000000003,204000.00000000003,204000.00000000003,204000.00000000003,4901.960784313725,1.0,1.0,204000.00000000003,204000.00000000003,204000.00000000003,204000.00000000003,4901.960784313725,1.0,1.0,204000.00000000003,204000.00000000003,204000.00000000003,204000.00000000003,4901.960784313725,,,3,1.727e-06,118.12391430225829,118.12391430225829,118.12391430225829,118.12391430225829,118.12391430225829,118.12391430225829,118.12391430225829,118.12391430225829,118.12391430225829,118.12391430225829,118.12391430225829,118.12391430225829,118.12391430225829,118.12391430225829,118.12391430225829,
fair_v2,QPSK,20262003,-15,1000000000.0,5000000.0,1020,0.0155968420658744,0.0278349555694976,0.3173612206850969,3.184987379930827,5.031077158433436,5352973.93798828,0.959502710179188,0.2816993950273826,0.1528668167113865,1.007946121198672,1.262230726400383,1.542560407930442,1.6999665728520608,0.0,0.0,0.0,0.0,0.0,0.0,0.0,0.0,0.0,0.0,0.0,0.0,0.0,0.0,0.0,0.0,0.0,0.0,0.0,0.0,0.0,0.0,0.0,0.0,0.0,0.0,0.0,0.0,0.0,0.0,0.0,0.0,0.0,0.0,0.0,62.0,6.2e-08,0,1.727e-06,0.0,0.0,0.0,0.0,0.0,0.0,0.0,0.0,0.0,0.0,0.0,0.0,0.0,0.0,0.0,0.03590040532715692
fair_v2,QPSK,20262003,-10,1000000000.0,5000000.0,1020,0.0277355431073735,0.0494983283685859,0.5643569242891264,3.184987379930827,5.031077158433436,5352973.93798828,0.959502710179188,0.2816993950273826,0.1528668167113865,1.007946121198672,1.262230726400383,1.542560407930442,1.6999665728520608,0.0068333333333333,0.0068333333333333,69.70000000000002,66.5,91.5,98.0,98039.2156862745,0.0,0.0,0.0,0.0,0.0,0.0,0.0,0.0,0.0,0.0,0.0,0.0,0.0,0.0,0.0,0.0,0.0,0.0,0.0,0.0,0.0,0.0,0.0,0.0,0.0,0.0,0.0,0.0,62.0,6.2e-08,0,1.727e-06,0.040359004053271585,0.05298204979733643,0.05674580196873191,0.0,0.0,0.0,0.0,0.0,0.0,0.0,0.0,0.0,0.0,0.0,0.0,0.03590040532715692
fair_v2,QPSK,20262003,-3,1000000000.0,5000000.0,1020,0.0620921466441505,0.1108129540425501,1.2634377761034792,3.184987379930827,5.031077158433436,5352973.93798828,0.959502710179188,0.2816993950273826,0.1528668167113865,1.007946121198672,1.262230726400383,1.542560407930442,1.6999665728520608,0.8404019607843137,0.8404019607843137,458.40106951871655,327.0,911.0,2508.0,1833333.333333333,0.3980049019607843,0.3980049019607843,126.07608695652172,114.5,192.00000000000003,401.0,3156862.745098039,0.029656862745098,0.029656862745098,84.02777777777779,90.00000000000001,122.79999999999998,135.0,352941.1764705882,0.0002009803921568,0.0002009803921568,20.5,20.5,27.300000000000004,29.0,9803.92156862745,0.0,0.0,0.0,0.0,0.0,0.0,0.0,62.0,6.2e-08,0,1.727e-06,0.265432003195551,0.527504342790967,1.4522292993630574,0.07300294554517761,0.11117544875506662,0.23219455703532138,0.04865534324133051,0.07110596409959467,0.0781702374059062,0.011870295309785757,0.015807759119861035,0.01679212507237985,0.0,0.0,0.0,0.03590040532715692
fair_v2,QPSK,20262003,6,1000000000.0,5000000.0,1020,0.1749994462674432,0.3123133382365158,3.560851462884767,3.184987379930827,5.031077158433436,5352973.93798828,0.959502710179188,0.2816993950273826,0.1528668167113865,1.007946121198672,1.262230726400383,1.542560407930442,1.6999665728520608,0.9737745098039216,0.9737745098039216,1040.0523560209426,739.0,2176.0,5776.0,936274.5098039214,0.9490686274509804,0.9490686274509804,856.6814159292037,552.0,1865.0,4769.0,1107843.137254902,0.919235294117647,0.919235294117647,710.3181818181819,513.0,1536.1,4340.0,1294117.6470588234,0.8793725490196078,0.8793725490196078,571.3121019108281,381.5,1146.1,3367.0,1539215.6862745096,0.8102401960784313,0.8102401960784313,381.729792147806,293.00000000000006,729.6000000000001,2494.0,2122549.019607843,62.0,6.2e-08,0,1.727e-06,0.6022306635905864,1.259988419224088,3.344528083381587,0.49605177529195355,1.0799073537927042,2.7614360162130867,0.4113017844922883,0.8894614939200927,2.5130283729009846,0.33081187140175344,0.6636363636363636,1.9496236247828607,0.2210363590896387,0.4224667052692532,1.4441227562246672,0.03590040532715692
fair_v2,QPSK,20262103,-15,1000000000.0,5000000.0,1020,0.0155968420658744,0.0274169417540122,0.3125952215293072,3.0900440449544098,4.899646698275299,5384445.190429687,0.9584468042439842,0.285271315477904,0.1406698377891964,1.0086652213584637,1.2639347482821577,1.5197646929439126,1.6491951314421889,0.0,0.0,0.0,0.0,0.0,0.0,0.0,0.0,0.0,0.0,0.0,0.0,0.0,0.0,0.0,0.0,0.0,0.0,0.0,0.0,0.0,0.0,0.0,0.0,0.0,0.0,0.0,0.0,0.0,0.0,0.0,0.0,0.0,0.0,0.0,61.00000000000001,6.100000000000003e-08,1,1.727e-06,0.0,0.0,0.0,0.0,0.0,0.0,0.0,0.0,0.0,0.0,0.0,0.0,0.0,0.0,0.0,0.03532136653155763
fair_v2,QPSK,20262103,-10,1000000000.0,5000000.0,1020,0.0277355431073735,0.0487549830073964,0.5558816461221228,3.0900440449544098,4.899646698275299,5384445.190429687,0.9584468042439842,0.285271315477904,0.1406698377891964,1.0086652213584637,1.2639347482821577,1.5197646929439126,1.6491951314421889,0.0045245098039215,0.0045245098039215,54.294117647058826,56.00000000000001,69.00000000000001,93.0,83333.33333333333,0.0,0.0,0.0,0.0,0.0,0.0,0.0,0.0,0.0,0.0,0.0,0.0,0.0,0.0,0.0,0.0,0.0,0.0,0.0,0.0,0.0,0.0,0.0,0.0,0.0,0.0,0.0,0.0,61.00000000000001,6.100000000000003e-08,1,1.727e-06,0.031438400490479926,0.03995367689635207,0.05385060799073539,0.0,0.0,0.0,0.0,0.0,0.0,0.0,0.0,0.0,0.0,0.0,0.0,0.03532136653155763
fair_v2,QPSK,20262103,-3,1000000000.0,5000000.0,1020,0.0620921466441504,0.1091488110691987,1.2444639917157616,3.0900440449544098,4.899646698275299,5384445.190429687,0.9584468042439842,0.285271315477904,0.1406698377891964,1.0086652213584637,1.2639347482821577,1.5197646929439126,1.6491951314421889,0.8359117647058824,0.8359117647058824,436.1278772378517,312.00000000000006,905.0,2509.0,1916666.6666666665,0.402485294117647,0.402485294117647,124.40454545454546,107.5,191.0,401.0,3235294.1176470583,0.0295931372549019,0.0295931372549019,74.53086419753087,73.0,115.0,131.0,397058.8235294117,0.0,0.0,0.0,0.0,0.0,0.0,0.0,0.0,0.0,0.0,0.0,0.0,0.0,0.0,61.00000000000001,6.100000000000003e-08,1,1.727e-06,0.2525349607630873,0.5240301100173712,1.4528083381586567,0.07203505816707902,0.11059640995946729,0.23219455703532138,0.043156261839913654,0.0665894614939201,0.07585408222350898,0.0,0.0,0.0,0.0,0.0,0.0,0.03532136653155763
fair_v2,QPSK,20262103,6,1000000000.0,5000000.0,1020,0.1749994462674431,0.3076231460852383,3.507376072824931,3.0900440449544098,4.899646698275299,5384445.190429687,0.9584468042439842,0.285271315477904,0.1406698377891964,1.0086652213584637,1.2639347482821577,1.5197646929439126,1.6491951314421889,0.9708088235294118,0.9708088235294118,943.0714285714286,591.5,2299.9999999999995,5188.0,1029411.7647058822,0.9448039215686276,0.9448039215686276,774.0562248995985,558.0,1729.4,3545.0000000000005,1220588.2352941176,0.915813725490196,0.915813725490196,681.8467153284672,520.0,1515.5000000000002,3137.0,1343137.2549019607,0.8756666666666667,0.8756666666666667,544.6219512195122,475.50000000000006,1104.1,2699.0000000000005,1607843.1372549017,0.8088480392156863,0.8088480392156863,393.8066825775657,292.0,741.5999999999997,2499.0,2053921.5686274504,61.00000000000001,6.100000000000003e-08,1,1.727e-06,0.5460749441641162,1.3317892298784018,3.0040532715691954,0.4482085841920085,1.0013896931094384,2.052692530399537,0.39481570082713796,0.8775332947307471,1.8164447017950205,0.3153572386910899,0.6393167342211928,1.562825709322525,0.22802934717867154,0.42941517081644454,1.4470179502026637,0.03532136653155763
fair_v2,QPSK,20262203,-15,1000000000.0,5000000.0,1020,0.0155968420658744,0.0280320080320639,0.3196079212376778,3.230242069016501,5.092350688632706,5384922.02758789,0.957242760754454,0.2892858395829141,0.1360482417497367,1.0033112917223497,1.2662144025351845,1.546486937216589,1.7266348670757556,0.0,0.0,0.0,0.0,0.0,0.0,0.0,0.0,0.0,0.0,0.0,0.0,0.0,0.0,0.0,0.0,0.0,0.0,0.0,0.0,0.0,0.0,0.0,0.0,0.0,0.0,0.0,0.0,0.0,0.0,0.0,0.0,0.0,0.0,0.0,61.00000000000001,6.100000000000003e-08,2,1.727e-06,0.0,0.0,0.0,0.0,0.0,0.0,0.0,0.0,0.0,0.0,0.0,0.0,0.0,0.0,0.0,0.03532136653155763
fair_v2,QPSK,20262203,-10,1000000000.0,5000000.0,1020,0.0277355431073735,0.049848742705465,0.5683521856223043,3.230242069016501,5.092350688632706,5384922.02758789,0.957242760754454,0.2892858395829141,0.1360482417497367,1.0033112917223497,1.2662144025351845,1.546486937216589,1.7266348670757556,0.0067990196078431,0.0067990196078431,57.79166666666667,57.0,94.0,102.0,117647.0588235294,0.0,0.0,0.0,0.0,0.0,0.0,0.0,0.0,0.0,0.0,0.0,0.0,0.0,0.0,0.0,0.0,0.0,0.0,0.0,0.0,0.0,0.0,0.0,0.0,0.0,0.0,0.0,0.0,61.00000000000001,6.100000000000003e-08,2,1.727e-06,0.03346361706234318,0.05442964678633469,0.05906195715112913,0.0,0.0,0.0,0.0,0.0,0.0,0.0,0.0,0.0,0.0,0.0,0.0,0.03532136653155763
fair_v2,QPSK,20262203,-3,1000000000.0,5000000.0,1020,0.0620921466441504,0.111597434025779,1.272382052104169,3.230242069016501,5.092350688632706,5384922.02758789,0.957242760754454,0.2892858395829141,0.1360482417497367,1.0033112917223497,1.2662144025351845,1.546486937216589,1.7266348670757556,0.8340049019607844,0.8340049019607844,429.6388888888889,309.0,899.5,2286.0,1941176.470588235,0.3950637254901961,0.3950637254901961,123.79877112135176,110.0,191.0,395.00000000000006,3191176.4705882347,0.0350245098039215,0.0350245098039215,82.1264367816092,79.0,119.40000000000002,136.0,426470.5882352941,0.0003676470588235,0.0003676470588235,37.5,37.5,37.9,38.0,9803.92156862745,0.0,0.0,0.0,0.0,0.0,0.0,0.0,61.00000000000001,6.100000000000003e-08,2,1.727e-06,0.24877758476484596,0.520845396641575,1.3236826867400118,0.07168429132678157,0.11059640995946729,0.2287203242617256,0.04755439304088547,0.06913723219455706,0.0787492762015055,0.021713954834973948,0.021945570353213668,0.022003474232773598,0.0,0.0,0.0,0.03532136653155763
fair_v2,QPSK,20262203,6,1000000000.0,5000000.0,1020,0.1749994462674432,0.3145243032311666,3.58605985769763,3.230242069016501,5.092350688632706,5384922.02758789,0.957242760754454,0.2892858395829141,0.1360482417497367,1.0033112917223497,1.2662144025351845,1.546486937216589,1.7266348670757556,0.97025,0.97025,933.6367924528302,598.0,2158.0,4948.0,1039215.6862745096,0.943720588235294,0.943720588235294,760.9446640316206,547.0,1548.2000000000005,4927.0,1240196.0784313723,0.9154166666666668,0.9154166666666668,686.5624999999999,515.0,1514.9,4907.000000000001,1333333.3333333333,0.8741568627450981,0.8741568627450981,540.3878787878789,348.50000000000006,1115.2,3113.0,1617647.0588235292,0.8045294117647059,0.8045294117647059,376.4311926605505,278.5,727.0,1900.0,2137254.901960784,61.00000000000001,6.100000000000003e-08,2,1.727e-06,0.5406119238290852,1.2495657209033009,2.8650839606253617,0.4406164817785876,0.8964678633468447,2.8529241459177768,0.3975463231036479,0.8771858714533874,2.8413433700057915,0.31290554648979674,0.6457440648523453,1.802547770700637,0.2179682644241752,0.4209612044006949,1.1001737116386798,0.03532136653155763
fair_v2,QPSK,20262303,-15,1000000000.0,5000000.0,1020,0.0155968420658744,0.026954375838497,0.3073212600448457,2.9866560443184733,4.7518521033239285,5356311.798095702,0.9616045627800964,0.2744388180278065,0.1525540261921269,1.0065974381972742,1.255342035401995,1.5082382914784669,1.6721289181249206,0.0,0.0,0.0,0.0,0.0,0.0,0.0,0.0,0.0,0.0,0.0,0.0,0.0,0.0,0.0,0.0,0.0,0.0,0.0,0.0,0.0,0.0,0.0,0.0,0.0,0.0,0.0,0.0,0.0,0.0,0.0,0.0,0.0,0.0,0.0,60.00000000000001,6.000000000000002e-08,3,1.727e-06,0.0,0.0,0.0,0.0,0.0,0.0,0.0,0.0,0.0,0.0,0.0,0.0,0.0,0.0,0.0,0.034742327735958325
fair_v2,QPSK,20262303,-10,1000000000.0,5000000.0,1020,0.0277355431073735,0.0479324115640499,0.5465030690049665,2.9866560443184733,4.7518521033239285,5356311.798095702,0.9616045627800964,0.2744388180278065,0.1525540261921269,1.0065974381972742,1.255342035401995,1.5082382914784669,1.6721289181249206,0.003563725490196,0.003563725490196,55.92307692307693,54.0,86.20000000000002,89.0,63725.49019607843,0.0,0.0,0.0,0.0,0.0,0.0,0.0,0.0,0.0,0.0,0.0,0.0,0.0,0.0,0.0,0.0,0.0,0.0,0.0,0.0,0.0,0.0,0.0,0.0,0.0,0.0,0.0,0.0,60.00000000000001,6.000000000000002e-08,3,1.727e-06,0.032381631107745765,0.04991314418066012,0.05153445280833816,0.0,0.0,0.0,0.0,0.0,0.0,0.0,0.0,0.0,0.0,0.0,0.0,0.034742327735958325
fair_v2,QPSK,20262303,-3,1000000000.0,5000000.0,1020,0.0620921466441504,0.1073073029909962,1.2234679728738906,2.9866560443184733,4.7518521033239285,5356311.798095702,0.9616045627800964,0.2744388180278065,0.1525540261921269,1.0065974381972742,1.255342035401995,1.5082382914784669,1.6721289181249206,0.8510980392156863,0.8510980392156863,491.8526912181303,335.0,1082.8,2296.0,1730392.1568627448,0.393156862745098,0.393156862745098,121.52121212121212,111.0,189.0,392.0,3235294.1176470583,0.024828431372549,0.024828431372549,74.48529411764706,80.0,114.3,132.00000000000003,333333.3333333333,0.0,0.0,0.0,0.0,0.0,0.0,0.0,0.0,0.0,0.0,0.0,0.0,0.0,0.0,60.00000000000001,6.000000000000002e-08,3,1.727e-06,0.28480178993522315,0.6269832078749277,1.3294730746960048,0.07036549630643436,0.10943833236826868,0.22698320787492765,0.04312987499574237,0.06618413433700059,0.0764331210191083,0.0,0.0,0.0,0.0,0.0,0.0,0.034742327735958325
fair_v2,QPSK,20262303,6,1000000000.0,5000000.0,1020,0.1749994462674431,0.3024330711498467,3.448201251696495,2.9866560443184733,4.7518521033239285,5356311.798095702,0.9616045627800964,0.2744388180278065,0.1525540261921269,1.0065974381972742,1.255342035401995,1.5082382914784669,1.6721289181249206,0.9755490196078432,0.9755490196078432,1099.513812154696,756.0,2574.0000000000005,6580.000000000001,887254.9019607842,0.9495539215686276,0.9495539215686276,831.3690987124464,582.0,1755.0000000000002,5538.0,1142156.8627450978,0.9223529411764706,0.9223529411764706,732.1400778210118,527.0,1616.000000000001,4356.0,1259803.9215686272,0.8852745098039215,0.8852745098039215,596.0264026402641,482.0,1292.4,2336.0,1485294.1176470586,0.8244117647058824,0.8244117647058824,422.5628140703519,305.50000000000006,901.5,2288.0,1950980.3921568624,60.00000000000001,6.000000000000002e-08,3,1.727e-06,0.6366611535348559,1.490445859872612,3.810075275043429,0.4813949616169349,1.0162130862767809,3.2067168500289522,0.42393750887146026,0.9357266936884777,2.5222929936305736,0.3451224103302051,0.748349739432542,1.352634626519977,0.24468026292434972,0.5220034742327736,1.3248407643312101,0.034742327735958325
fair_v2,16QAM,20262004,-15,1000000000.0,5000000.0,1020,0.0155968420658744,0.0322728507574921,0.3679600380828094,4.2815528608165705,6.316013102681661,5370616.912841796,0.925656925983248,0.378363919235495,0.1352722067542087,0.9665765633618036,1.4091539805474924,1.685538027566091,1.977035393781037,0.0,0.0,0.0,0.0,0.0,0.0,0.0,0.0,0.0,0.0,0.0,0.0,0.0,0.0,0.0,0.0,0.0,0.0,0.0,0.0,0.0,0.0,0.0,0.0,0.0,0.0,0.0,0.0,0.0,0.0,0.0,0.0,0.0,0.0,0.0,80.0,8e-08,0,1.727e-06,0.0,0.0,0.0,0.0,0.0,0.0,0.0,0.0,0.0,0.0,0.0,0.0,0.0,0.0,0.0,0.04632310364794442
fair_v2,16QAM,20262004,-10,1000000000.0,5000000.0,1020,0.0277355431073735,0.0573901460053073,0.6543357594397979,4.2815528608165705,6.316013102681661,5370616.912841796,0.925656925983248,0.378363919235495,0.1352722067542087,0.9665765633618036,1.4091539805474924,1.685538027566091,1.977035393781037,0.0284019607843137,0.0284019607843137,69.80722891566266,64.0,137.39999999999995,162.00000000000003,406862.7450980392,0.0,0.0,0.0,0.0,0.0,0.0,0.0,0.0,0.0,0.0,0.0,0.0,0.0,0.0,0.0,0.0,0.0,0.0,0.0,0.0,0.0,0.0,0.0,0.0,0.0,0.0,0.0,0.0,80.0,8e-08,0,1.727e-06,0.040421093755450305,0.0795599305153445,0.09380428488708746,0.0,0.0,0.0,0.0,0.0,0.0,0.0,0.0,0.0,0.0,0.0,0.0,0.04632310364794442
fair_v2,16QAM,20262004,-3,1000000000.0,5000000.0,1020,0.0620921466441504,0.1284805330076049,1.4648752963790437,4.2815528608165705,6.316013102681661,5370616.912841796,0.925656925983248,0.378363919235495,0.1352722067542087,0.9665765633618036,1.4091539805474924,1.685538027566091,1.977035393781037,0.6977794117647059,0.6977794117647059,332.5864485981309,255.50000000000003,659.3000000000006,1648.0000000000002,2098039.215686274,0.399578431372549,0.399578431372549,155.2647619047619,147.0,252.6,579.0,2573529.4117647056,0.0980490196078431,0.0980490196078431,92.1751152073733,87.00000000000001,145.00000000000003,193.00000000000003,1063725.4901960783,0.0054362745098039,0.0054362745098039,92.41666666666669,102.5,121.5,122.0,58823.5294117647,0.0,0.0,0.0,0.0,0.0,0.0,0.0,80.0,8e-08,0,1.727e-06,0.19258045662891196,0.3817602779386223,0.9542559351476552,0.08990432073234622,0.1462651997683845,0.3352634626519977,0.053372967693904635,0.08396062536189927,0.11175448755066593,0.05351283535996914,0.07035321366531558,0.07064273306311523,0.0,0.0,0.0,0.04632310364794442
fair_v2,16QAM,20262004,6,1000000000.0,5000000.0,1020,0.1749994462674432,0.362107341228393,4.128579531745655,4.2815528608165705,6.316013102681661,5370616.912841796,0.925656925983248,0.378363919235495,0.1352722067542087,0.9665765633618036,1.4091539805474924,1.685538027566091,1.977035393781037,0.9637205882352942,0.9637205882352942,897.7123287671234,621.0000000000001,1908.8,3993.000000000001,1073529.4117647058,0.9127254901960784,0.9127254901960784,587.3690851735016,436.00000000000006,1171.0000000000002,2613.0,1553921.5686274508,0.8338039215686275,0.8338039215686275,414.8682926829269,305.00000000000006,851.4000000000002,2193.0,2009803.9215686272,0.7483872549019608,0.7483872549019608,364.3699284009547,267.0,760.6,1923.0,2053921.5686274504,0.6691029411764706,0.6691029411764706,312.350114416476,242.00000000000003,563.8000000000004,1414.0000000000002,2142156.862745098,80.0,8e-08,0,1.727e-06,0.5198102656439626,1.105269253039954,2.3121019108280265,0.3401094876511301,0.6780544296467865,1.5130283729009846,0.24022483652746204,0.4929936305732486,1.2698320787492763,0.21098432449389387,0.44041690793283156,1.1134916039374638,0.18086283405702147,0.3264620729588885,0.8187608569774177,0.04632310364794442
fair_v2,16QAM,20262104,-15,1000000000.0,5000000.0,1020,0.0155968420658744,0.0304950321840938,0.3476901773603226,3.8228287463668114,5.823848430952051,5359172.821044921,0.9298768060695852,0.3678710718904479,0.1408292953202244,0.9740127450990042,1.4019555982990208,1.6671025616737305,1.8499629539507152,0.0,0.0,0.0,0.0,0.0,0.0,0.0,0.0,0.0,0.0,0.0,0.0,0.0,0.0,0.0,0.0,0.0,0.0,0.0,0.0,0.0,0.0,0.0,0.0,0.0,0.0,0.0,0.0,0.0,0.0,0.0,0.0,0.0,0.0,0.0,81.00000000000001,8.100000000000002e-08,1,1.727e-06,0.0,0.0,0.0,0.0,0.0,0.0,0.0,0.0,0.0,0.0,0.0,0.0,0.0,0.0,0.0,0.04690214244354373
fair_v2,16QAM,20262104,-10,1000000000.0,5000000.0,1020,0.0277355431073735,0.0542286878414483,0.6182902834726429,3.8228287463668114,5.823848430952051,5359172.821044921,0.9298768060695852,0.3678710718904479,0.1408292953202244,0.9740127450990042,1.4019555982990208,1.6671025616737305,1.8499629539507152,0.0233382352941176,0.0233382352941176,64.33783783783784,65.5,114.40000000000002,149.0,362745.09803921566,0.0,0.0,0.0,0.0,0.0,0.0,0.0,0.0,0.0,0.0,0.0,0.0,0.0,0.0,0.0,0.0,0.0,0.0,0.0,0.0,0.0,0.0,0.0,0.0,0.0,0.0,0.0,0.0,81.00000000000001,8.100000000000002e-08,1,1.727e-06,0.03725410413308503,0.06624203821656054,0.08627678054429647,0.0,0.0,0.0,0.0,0.0,0.0,0.0,0.0,0.0,0.0,0.0,0.0,0.04690214244354373
fair_v2,16QAM,20262104,-3,1000000000.0,5000000.0,1020,0.0620921466441504,0.1214029097874743,1.3841795273816166,3.8228287463668114,5.823848430952051,5359172.821044921,0.9298768060695852,0.3678710718904479,0.1408292953202244,0.9740127450990042,1.4019555982990208,1.6671025616737305,1.8499629539507152,0.7104607843137255,0.7104607843137255,352.6374695863747,260.0,693.0000000000001,2195.0,2014705.882352941,0.3934019607843137,0.3934019607843137,157.98031496062993,137.0,279.20000000000005,717.0000000000001,2490196.078431372,0.0937303921568627,0.0937303921568627,86.91363636363637,80.50000000000001,140.0,221.0,1078431.3725490195,0.0031372549019607,0.0031372549019607,64.00000000000001,58.5,100.20000000000002,102.0,49019.60784313725,0.0,0.0,0.0,0.0,0.0,0.0,0.0,81.00000000000001,8.100000000000002e-08,1,1.727e-06,0.20419077567248103,0.4012738853503186,1.2709901563404749,0.09147673130320205,0.16166763173132603,0.41517081644470194,0.05032636732115598,0.08106543138390274,0.12796757382744645,0.03705848291835554,0.05801968731905039,0.05906195715112913,0.0,0.0,0.0,0.04690214244354373
fair_v2,16QAM,20262104,6,1000000000.0,5000000.0,1020,0.1749994462674432,0.342159888750856,3.901147953778047,3.8228287463668114,5.823848430952051,5359172.821044921,0.9298768060695852,0.3678710718904479,0.1408292953202244,0.9740127450990042,1.4019555982990208,1.6671025616737305,1.8499629539507152,0.9677107843137256,0.9677107843137256,1096.7388888888888,777.0,2525.5,6288.000000000001,882352.9411764705,0.92,0.92,634.0540540540542,471.0,1299.0000000000002,3333.0,1450980.392156863,0.8409117647058824,0.8409117647058824,447.9007832898173,351.0,895.2000000000004,3017.0,1877450.9803921569,0.7557352941176471,0.7557352941176471,389.3181818181818,285.0,780.0,2223.0,1941176.470588235,0.6839656862745098,0.6839656862745098,329.07783018867923,237.50000000000003,606.4999999999999,1724.0000000000002,2078431.3725490195,81.00000000000001,8.100000000000002e-08,1,1.727e-06,0.6350543653091424,1.4623624782860454,3.640995946728432,0.3671418958043163,0.7521713954834977,1.9299363057324843,0.2593519301041212,0.5183555298204983,1.7469600463231039,0.22543033110491134,0.45165026056745805,1.2872032426172555,0.1905488304508855,0.3511870295309785,0.9982628836132024,0.04690214244354373
fair_v2,16QAM,20262204,-15,1000000000.0,5000000.0,1020,0.0155968420658744,0.0322859995406808,0.3681099543947959,4.285042399386384,6.319551235120624,5334377.288818358,0.9273055173071788,0.3743053266675026,0.1547753802423438,0.9644716570973062,1.4137565538400372,1.6938647790418953,1.9514483677018155,0.0,0.0,0.0,0.0,0.0,0.0,0.0,0.0,0.0,0.0,0.0,0.0,0.0,0.0,0.0,0.0,0.0,0.0,0.0,0.0,0.0,0.0,0.0,0.0,0.0,0.0,0.0,0.0,0.0,0.0,0.0,0.0,0.0,0.0,0.0,84.00000000000001,8.400000000000002e-08,2,1.727e-06,0.0,0.0,0.0,0.0,0.0,0.0,0.0,0.0,0.0,0.0,0.0,0.0,0.0,0.0,0.0,0.04863925883034165
fair_v2,16QAM,20262204,-10,1000000000.0,5000000.0,1020,0.0277355431073735,0.0574135282157188,0.6546023525306325,4.285042399386384,6.319551235120624,5334377.288818358,0.9273055173071788,0.3743053266675026,0.1547753802423438,0.9644716570973062,1.4137565538400372,1.6938647790418953,1.9514483677018155,0.0264607843137254,0.0264607843137254,76.0281690140845,71.0,134.0,164.0,348039.21568627446,0.0,0.0,0.0,0.0,0.0,0.0,0.0,0.0,0.0,0.0,0.0,0.0,0.0,0.0,0.0,0.0,0.0,0.0,0.0,0.0,0.0,0.0,0.0,0.0,0.0,0.0,0.0,0.0,84.00000000000001,8.400000000000002e-08,2,1.727e-06,0.044023259417535904,0.0775911986103069,0.09496236247828606,0.0,0.0,0.0,0.0,0.0,0.0,0.0,0.0,0.0,0.0,0.0,0.0,0.04863925883034165
fair_v2,16QAM,20262204,-3,1000000000.0,5000000.0,1020,0.0620921466441504,0.1285328792563196,1.4654721239668913,4.285042399386384,6.319551235120624,5334377.288818358,0.9273055173071788,0.3743053266675026,0.1547753802423438,0.9644716570973062,1.4137565538400372,1.6938647790418953,1.9514483677018155,0.6951470588235295,0.6951470588235295,335.2482269503546,269.00000000000006,607.8000000000003,1329.0,2073529.4117647056,0.3972156862745098,0.3972156862745098,157.34368932038836,147.0,264.6,810.0000000000001,2524509.803921568,0.1007941176470588,0.1007941176470588,92.20627802690584,85.0,153.8,249.00000000000003,1093137.2549019607,0.0061372549019607,0.0061372549019607,69.55555555555556,73.0,110.6,125.0,88235.29411764705,0.0,0.0,0.0,0.0,0.0,0.0,0.0,84.00000000000001,8.400000000000002e-08,2,1.727e-06,0.19412172956013585,0.3519397799652579,0.7695425593514766,0.09110810035922895,0.15321366531557618,0.4690214244354373,0.053391012175394235,0.08905616676317314,0.144180660104227,0.040275365116129454,0.06404169079328315,0.07237984944991316,0.0,0.0,0.0,0.04863925883034165
fair_v2,16QAM,20262204,6,1000000000.0,5000000.0,1020,0.1749994462674432,0.3622548730022862,4.130261620432152,4.285042399386384,6.319551235120624,5334377.288818358,0.9273055173071788,0.3743053266675026,0.1547753802423438,0.9644716570973062,1.4137565538400372,1.6938647790418953,1.9514483677018155,0.971828431372549,0.971828431372549,1254.7658227848103,947.5,2560.0000000000023,5751.000000000001,774509.8039215686,0.9204264705882352,0.9204264705882352,640.8430034129694,488.00000000000006,1288.0000000000002,4475.0,1436274.5098039214,0.8379411764705882,0.8379411764705882,429.497487437186,331.0,903.3,2288.0,1950980.3921568624,0.7473529411764706,0.7473529411764706,382.1052631578948,301.0,729.2,1832.0,1955882.352941176,0.6653382352941176,0.6653382352941176,313.4618937644342,254.00000000000003,570.6000000000001,1285.0,2122549.019607843,84.00000000000001,8.400000000000002e-08,2,1.727e-06,0.7265580907844879,1.4823393167342227,3.330052113491605,0.3710729608644872,0.7458019687319052,2.5911986103068907,0.2486957078385559,0.5230457440648524,1.3248407643312101,0.22125377137110297,0.42223508975101337,1.0607990735379271,0.18150659743163533,0.33039953676896366,0.7440648523451071,0.04863925883034165
fair_v2,16QAM,20262304,-15,1000000000.0,5000000.0,1020,0.0155968420658744,0.0338205655148869,0.3856063620890675,4.702062325407812,6.722883813608698,5377292.63305664,0.923233471826672,0.384239452033325,0.1427160757214759,0.9572738808823776,1.4217409136622496,1.7355243974926866,1.9630137760279125,0.0,0.0,0.0,0.0,0.0,0.0,0.0,0.0,0.0,0.0,0.0,0.0,0.0,0.0,0.0,0.0,0.0,0.0,0.0,0.0,0.0,0.0,0.0,0.0,0.0,0.0,0.0,0.0,0.0,0.0,0.0,0.0,0.0,0.0,0.0,85.0,8.500000000000003e-08,3,1.727e-06,0.0,0.0,0.0,0.0,0.0,0.0,0.0,0.0,0.0,0.0,0.0,0.0,0.0,0.0,0.0,0.04921829762594096
fair_v2,16QAM,20262304,-10,1000000000.0,5000000.0,1020,0.0277355431073735,0.0601424152909959,0.6857158540830022,4.702062325407812,6.722883813608698,5377292.63305664,0.923233471826672,0.384239452033325,0.1427160757214759,0.9572738808823776,1.4217409136622496,1.7355243974926866,1.9630137760279125,0.0324705882352941,0.0324705882352941,77.92941176470589,69.00000000000001,141.20000000000002,166.0,416666.6666666666,0.0,0.0,0.0,0.0,0.0,0.0,0.0,0.0,0.0,0.0,0.0,0.0,0.0,0.0,0.0,0.0,0.0,0.0,0.0,0.0,0.0,0.0,0.0,0.0,0.0,0.0,0.0,0.0,85.0,8.500000000000003e-08,3,1.727e-06,0.04512415272999762,0.08176027793862191,0.09612044006948466,0.0,0.0,0.0,0.0,0.0,0.0,0.0,0.0,0.0,0.0,0.0,0.0,0.04921829762594096
fair_v2,16QAM,20262304,-3,1000000000.0,5000000.0,1020,0.0620921466441504,0.1346420964365083,1.5351265775870602,4.702062325407812,6.722883813608698,5377292.63305664,0.923233471826672,0.384239452033325,0.1427160757214759,0.9572738808823776,1.4217409136622496,1.7355243974926866,1.9630137760279125,0.6845637254901961,0.6845637254901961,333.2959427207638,243.0,628.0,1716.0000000000002,2053921.5686274504,0.3916029411764706,0.3916029411764706,160.41566265060243,143.0,264.20000000000005,796.0000000000001,2441176.470588235,0.1058235294117647,0.1058235294117647,93.8608695652174,82.5,162.1,224.00000000000003,1127450.9803921566,0.0079215686274509,0.0079215686274509,73.45454545454545,84.50000000000001,103.7,136.0,107843.13725490194,0.0002303921568627,0.0002303921568627,47.00000000000001,47.00000000000001,47.00000000000001,47.00000000000001,4901.960784313725,85.0,8.500000000000003e-08,3,1.727e-06,0.19299128125116607,0.3636363636363637,0.9936305732484079,0.09288689209646929,0.15298204979733646,0.46091488129704705,0.054349084866946965,0.09386218876664737,0.12970469021424438,0.04253303153129442,0.06004632310364795,0.0787492762015055,0.02721482339316735,0.02721482339316735,0.02721482339316735,0.04921829762594096
fair_v2,16QAM,20262304,6,1000000000.0,5000000.0,1020,0.1749994462674431,0.3794729864263175,4.326574543601788,4.702062325407812,6.722883813608698,5377292.63305664,0.923233471826672,0.384239452033325,0.1427160757214759,0.9572738808823776,1.4217409136622496,1.7355243974926866,1.9630137760279125,0.9661323529411764,0.9661323529411764,1071.1467391304343,769.5,2317.7000000000007,5105.0,901960.7843137254,0.9149656862745098,0.9149656862745098,626.3523489932886,494.5000000000001,1285.9,3211.0000000000005,1460784.31372549,0.8290441176470589,0.8290441176470589,441.579634464752,354.0,918.8,1946.0,1877450.9803921569,0.7372598039215686,0.7372598039215686,374.13184079602,283.00000000000006,721.8000000000004,1778.0000000000002,1970588.235294117,0.6547598039215686,0.6547598039215686,307.7672811059908,230.5,576.7,1709.0,2127450.9803921566,85.0,8.500000000000003e-08,3,1.727e-06,0.6202355177362099,1.34203821656051,2.955993051534453,0.3626823097818695,0.7445859872611467,1.8592935726693693,0.2556917397016515,0.5320208453966416,1.1268094962362478,0.21663685048987844,0.41795020266357874,1.0295309785755649,0.17820919577648572,0.3339316734221194,0.9895773016792125,0.04921829762594096
fair_v2,CE,20262402,-3,1000000000.0,5000000.0,1020,0.0620921466441504,0.0620921466441505,0.707945784384138,1.0000000000000004,1.928654933106574e-15,5401134.490966796,1.0,7.974474469856297e-17,1.0,1.0,1.0,1.0000000000000002,1.0000000000000002,1.0,1.0,204000.00000000003,204000.00000000003,204000.00000000003,204000.00000000003,4901.960784313725,0.0,0.0,0.0,0.0,0.0,0.0,0.0,0.0,0.0,0.0,0.0,0.0,0.0,0.0,0.0,0.0,0.0,0.0,0.0,0.0,0.0,0.0,0.0,0.0,0.0,0.0,0.0,0.0,,,4,1.727e-06,118.12391430225829,118.12391430225829,118.12391430225829,0.0,0.0,0.0,0.0,0.0,0.0,0.0,0.0,0.0,0.0,0.0,0.0,
fair_v2,CE,20262402,0,1000000000.0,5000000.0,1020,0.0877074883610843,0.0877074883610843,1.0000000000000002,1.0000000000000004,1.928654933106574e-15,5401134.490966796,1.0,7.974474469856297e-17,1.0,1.0,1.0,1.0000000000000002,1.0000000000000002,1.0,1.0,204000.00000000003,204000.00000000003,204000.00000000003,204000.00000000003,4901.960784313725,1.0,1.0,204000.00000000003,204000.00000000003,204000.00000000003,204000.00000000003,4901.960784313725,0.0,0.0,0.0,0.0,0.0,0.0,0.0,0.0,0.0,0.0,0.0,0.0,0.0,0.0,0.0,0.0,0.0,0.0,0.0,0.0,0.0,,,4,1.727e-06,118.12391430225829,118.12391430225829,118.12391430225829,118.12391430225829,118.12391430225829,118.12391430225829,0.0,0.0,0.0,0.0,0.0,0.0,0.0,0.0,0.0,
fair_v2,CE,20262402,3,1000000000.0,5000000.0,1020,0.1238901202545948,0.1238901202545949,1.4125375446227546,1.0000000000000004,1.928654933106574e-15,5401134.490966796,1.0,7.974474469856297e-17,1.0,1.0,1.0,1.0000000000000002,1.0000000000000002,1.0,1.0,204000.00000000003,204000.00000000003,204000.00000000003,204000.00000000003,4901.960784313725,1.0,1.0,204000.00000000003,204000.00000000003,204000.00000000003,204000.00000000003,4901.960784313725,1.0,1.0,204000.00000000003,204000.00000000003,204000.00000000003,204000.00000000003,4901.960784313725,1.0,1.0,204000.00000000003,204000.00000000003,204000.00000000003,204000.00000000003,4901.960784313725,0.0,0.0,0.0,0.0,0.0,0.0,0.0,,,4,1.727e-06,118.12391430225829,118.12391430225829,118.12391430225829,118.12391430225829,118.12391430225829,118.12391430225829,118.12391430225829,118.12391430225829,118.12391430225829,118.12391430225829,118.12391430225829,118.12391430225829,0.0,0.0,0.0,
fair_v2,CE,20262402,6,1000000000.0,5000000.0,1020,0.1749994462674431,0.1749994462674432,1.99526231496888,1.0000000000000004,1.928654933106574e-15,5401134.490966796,1.0,7.974474469856297e-17,1.0,1.0,1.0,1.0000000000000002,1.0000000000000002,1.0,1.0,204000.00000000003,204000.00000000003,204000.00000000003,204000.00000000003,4901.960784313725,1.0,1.0,204000.00000000003,204000.00000000003,204000.00000000003,204000.00000000003,4901.960784313725,1.0,1.0,204000.00000000003,204000.00000000003,204000.00000000003,204000.00000000003,4901.960784313725,1.0,1.0,204000.00000000003,204000.00000000003,204000.00000000003,204000.00000000003,4901.960784313725,1.0,1.0,204000.00000000003,204000.00000000003,204000.00000000003,204000.00000000003,4901.960784313725,,,4,1.727e-06,118.12391430225829,118.12391430225829,118.12391430225829,118.12391430225829,118.12391430225829,118.12391430225829,118.12391430225829,118.12391430225829,118.12391430225829,118.12391430225829,118.12391430225829,118.12391430225829,118.12391430225829,118.12391430225829,118.12391430225829,
fair_v2,CE,20262502,-3,1000000000.0,5000000.0,1020,0.0620921466441504,0.0620921466441505,0.707945784384138,1.0000000000000004,1.928654933106574e-15,5375862.12158203,1.0,7.981177157995039e-17,1.0,1.0,1.0,1.0000000000000002,1.0000000000000002,1.0,1.0,204000.00000000003,204000.00000000003,204000.00000000003,204000.00000000003,4901.960784313725,0.0,0.0,0.0,0.0,0.0,0.0,0.0,0.0,0.0,0.0,0.0,0.0,0.0,0.0,0.0,0.0,0.0,0.0,0.0,0.0,0.0,0.0,0.0,0.0,0.0,0.0,0.0,0.0,,,5,1.727e-06,118.12391430225829,118.12391430225829,118.12391430225829,0.0,0.0,0.0,0.0,0.0,0.0,0.0,0.0,0.0,0.0,0.0,0.0,
fair_v2,CE,20262502,0,1000000000.0,5000000.0,1020,0.0877074883610843,0.0877074883610843,1.0000000000000002,1.0000000000000004,1.928654933106574e-15,5375862.12158203,1.0,7.981177157995039e-17,1.0,1.0,1.0,1.0000000000000002,1.0000000000000002,1.0,1.0,204000.00000000003,204000.00000000003,204000.00000000003,204000.00000000003,4901.960784313725,1.0,1.0,204000.00000000003,204000.00000000003,204000.00000000003,204000.00000000003,4901.960784313725,0.0,0.0,0.0,0.0,0.0,0.0,0.0,0.0,0.0,0.0,0.0,0.0,0.0,0.0,0.0,0.0,0.0,0.0,0.0,0.0,0.0,,,5,1.727e-06,118.12391430225829,118.12391430225829,118.12391430225829,118.12391430225829,118.12391430225829,118.12391430225829,0.0,0.0,0.0,0.0,0.0,0.0,0.0,0.0,0.0,
fair_v2,CE,20262502,3,1000000000.0,5000000.0,1020,0.1238901202545948,0.1238901202545949,1.4125375446227546,1.0000000000000004,1.928654933106574e-15,5375862.12158203,1.0,7.981177157995039e-17,1.0,1.0,1.0,1.0000000000000002,1.0000000000000002,1.0,1.0,204000.00000000003,204000.00000000003,204000.00000000003,204000.00000000003,4901.960784313725,1.0,1.0,204000.00000000003,204000.00000000003,204000.00000000003,204000.00000000003,4901.960784313725,1.0,1.0,204000.00000000003,204000.00000000003,204000.00000000003,204000.00000000003,4901.960784313725,1.0,1.0,204000.00000000003,204000.00000000003,204000.00000000003,204000.00000000003,4901.960784313725,0.0,0.0,0.0,0.0,0.0,0.0,0.0,,,5,1.727e-06,118.12391430225829,118.12391430225829,118.12391430225829,118.12391430225829,118.12391430225829,118.12391430225829,118.12391430225829,118.12391430225829,118.12391430225829,118.12391430225829,118.12391430225829,118.12391430225829,0.0,0.0,0.0,
fair_v2,CE,20262502,6,1000000000.0,5000000.0,1020,0.1749994462674431,0.1749994462674432,1.99526231496888,1.0000000000000004,1.928654933106574e-15,5375862.12158203,1.0,7.981177157995039e-17,1.0,1.0,1.0,1.0000000000000002,1.0000000000000002,1.0,1.0,204000.00000000003,204000.00000000003,204000.00000000003,204000.00000000003,4901.960784313725,1.0,1.0,204000.00000000003,204000.00000000003,204000.00000000003,204000.00000000003,4901.960784313725,1.0,1.0,204000.00000000003,204000.00000000003,204000.00000000003,204000.00000000003,4901.960784313725,1.0,1.0,204000.00000000003,204000.00000000003,204000.00000000003,204000.00000000003,4901.960784313725,1.0,1.0,204000.00000000003,204000.00000000003,204000.00000000003,204000.00000000003,4901.960784313725,,,5,1.727e-06,118.12391430225829,118.12391430225829,118.12391430225829,118.12391430225829,118.12391430225829,118.12391430225829,118.12391430225829,118.12391430225829,118.12391430225829,118.12391430225829,118.12391430225829,118.12391430225829,118.12391430225829,118.12391430225829,118.12391430225829,
fair_v2,CE,20262602,-3,1000000000.0,5000000.0,1020,0.0620921466441504,0.0620921466441505,0.707945784384138,1.0000000000000004,1.928654933106574e-15,5368232.72705078,1.0,7.966894025102421e-17,1.0,1.0,1.0,1.0000000000000002,1.0000000000000002,1.0,1.0,204000.00000000003,204000.00000000003,204000.00000000003,204000.00000000003,4901.960784313725,0.0,0.0,0.0,0.0,0.0,0.0,0.0,0.0,0.0,0.0,0.0,0.0,0.0,0.0,0.0,0.0,0.0,0.0,0.0,0.0,0.0,0.0,0.0,0.0,0.0,0.0,0.0,0.0,,,6,1.727e-06,118.12391430225829,118.12391430225829,118.12391430225829,0.0,0.0,0.0,0.0,0.0,0.0,0.0,0.0,0.0,0.0,0.0,0.0,
fair_v2,CE,20262602,0,1000000000.0,5000000.0,1020,0.0877074883610843,0.0877074883610843,1.0000000000000002,1.0000000000000004,1.928654933106574e-15,5368232.72705078,1.0,7.966894025102421e-17,1.0,1.0,1.0,1.0000000000000002,1.0000000000000002,1.0,1.0,204000.00000000003,204000.00000000003,204000.00000000003,204000.00000000003,4901.960784313725,1.0,1.0,204000.00000000003,204000.00000000003,204000.00000000003,204000.00000000003,4901.960784313725,0.0,0.0,0.0,0.0,0.0,0.0,0.0,0.0,0.0,0.0,0.0,0.0,0.0,0.0,0.0,0.0,0.0,0.0,0.0,0.0,0.0,,,6,1.727e-06,118.12391430225829,118.12391430225829,118.12391430225829,118.12391430225829,118.12391430225829,118.12391430225829,0.0,0.0,0.0,0.0,0.0,0.0,0.0,0.0,0.0,
fair_v2,CE,20262602,3,1000000000.0,5000000.0,1020,0.1238901202545948,0.1238901202545949,1.4125375446227546,1.0000000000000004,1.928654933106574e-15,5368232.72705078,1.0,7.966894025102421e-17,1.0,1.0,1.0,1.0000000000000002,1.0000000000000002,1.0,1.0,204000.00000000003,204000.00000000003,204000.00000000003,204000.00000000003,4901.960784313725,1.0,1.0,204000.00000000003,204000.00000000003,204000.00000000003,204000.00000000003,4901.960784313725,1.0,1.0,204000.00000000003,204000.00000000003,204000.00000000003,204000.00000000003,4901.960784313725,1.0,1.0,204000.00000000003,204000.00000000003,204000.00000000003,204000.00000000003,4901.960784313725,0.0,0.0,0.0,0.0,0.0,0.0,0.0,,,6,1.727e-06,118.12391430225829,118.12391430225829,118.12391430225829,118.12391430225829,118.12391430225829,118.12391430225829,118.12391430225829,118.12391430225829,118.12391430225829,118.12391430225829,118.12391430225829,118.12391430225829,0.0,0.0,0.0,
fair_v2,CE,20262602,6,1000000000.0,5000000.0,1020,0.1749994462674431,0.1749994462674432,1.99526231496888,1.0000000000000004,1.928654933106574e-15,5368232.72705078,1.0,7.966894025102421e-17,1.0,1.0,1.0,1.0000000000000002,1.0000000000000002,1.0,1.0,204000.00000000003,204000.00000000003,204000.00000000003,204000.00000000003,4901.960784313725,1.0,1.0,204000.00000000003,204000.00000000003,204000.00000000003,204000.00000000003,4901.960784313725,1.0,1.0,204000.00000000003,204000.00000000003,204000.00000000003,204000.00000000003,4901.960784313725,1.0,1.0,204000.00000000003,204000.00000000003,204000.00000000003,204000.00000000003,4901.960784313725,1.0,1.0,204000.00000000003,204000.00000000003,204000.00000000003,204000.00000000003,4901.960784313725,,,6,1.727e-06,118.12391430225829,118.12391430225829,118.12391430225829,118.12391430225829,118.12391430225829,118.12391430225829,118.12391430225829,118.12391430225829,118.12391430225829,118.12391430225829,118.12391430225829,118.12391430225829,118.12391430225829,118.12391430225829,118.12391430225829,
fair_v2,CE,20262702,-3,1000000000.0,5000000.0,1020,0.0620921466441504,0.0620921466441505,0.707945784384138,1.0000000000000004,1.928654933106574e-15,5305290.222167968,1.0,8.006611292481555e-17,1.0,1.0,1.0,1.0000000000000002,1.0000000000000002,1.0,1.0,204000.00000000003,204000.00000000003,204000.00000000003,204000.00000000003,4901.960784313725,0.0,0.0,0.0,0.0,0.0,0.0,0.0,0.0,0.0,0.0,0.0,0.0,0.0,0.0,0.0,0.0,0.0,0.0,0.0,0.0,0.0,0.0,0.0,0.0,0.0,0.0,0.0,0.0,,,7,1.727e-06,118.12391430225829,118.12391430225829,118.12391430225829,0.0,0.0,0.0,0.0,0.0,0.0,0.0,0.0,0.0,0.0,0.0,0.0,
fair_v2,CE,20262702,0,1000000000.0,5000000.0,1020,0.0877074883610843,0.0877074883610843,1.0000000000000002,1.0000000000000004,1.928654933106574e-15,5305290.222167968,1.0,8.006611292481555e-17,1.0,1.0,1.0,1.0000000000000002,1.0000000000000002,1.0,1.0,204000.00000000003,204000.00000000003,204000.00000000003,204000.00000000003,4901.960784313725,1.0,1.0,204000.00000000003,204000.00000000003,204000.00000000003,204000.00000000003,4901.960784313725,0.0,0.0,0.0,0.0,0.0,0.0,0.0,0.0,0.0,0.0,0.0,0.0,0.0,0.0,0.0,0.0,0.0,0.0,0.0,0.0,0.0,,,7,1.727e-06,118.12391430225829,118.12391430225829,118.12391430225829,118.12391430225829,118.12391430225829,118.12391430225829,0.0,0.0,0.0,0.0,0.0,0.0,0.0,0.0,0.0,
fair_v2,CE,20262702,3,1000000000.0,5000000.0,1020,0.1238901202545948,0.1238901202545949,1.4125375446227546,1.0000000000000004,1.928654933106574e-15,5305290.222167968,1.0,8.006611292481555e-17,1.0,1.0,1.0,1.0000000000000002,1.0000000000000002,1.0,1.0,204000.00000000003,204000.00000000003,204000.00000000003,204000.00000000003,4901.960784313725,1.0,1.0,204000.00000000003,204000.00000000003,204000.00000000003,204000.00000000003,4901.960784313725,1.0,1.0,204000.00000000003,204000.00000000003,204000.00000000003,204000.00000000003,4901.960784313725,1.0,1.0,204000.00000000003,204000.00000000003,204000.00000000003,204000.00000000003,4901.960784313725,0.0,0.0,0.0,0.0,0.0,0.0,0.0,,,7,1.727e-06,118.12391430225829,118.12391430225829,118.12391430225829,118.12391430225829,118.12391430225829,118.12391430225829,118.12391430225829,118.12391430225829,118.12391430225829,118.12391430225829,118.12391430225829,118.12391430225829,0.0,0.0,0.0,
fair_v2,CE,20262702,6,1000000000.0,5000000.0,1020,0.1749994462674431,0.1749994462674432,1.99526231496888,1.0000000000000004,1.928654933106574e-15,5305290.222167968,1.0,8.006611292481555e-17,1.0,1.0,1.0,1.0000000000000002,1.0000000000000002,1.0,1.0,204000.00000000003,204000.00000000003,204000.00000000003,204000.00000000003,4901.960784313725,1.0,1.0,204000.00000000003,204000.00000000003,204000.00000000003,204000.00000000003,4901.960784313725,1.0,1.0,204000.00000000003,204000.00000000003,204000.00000000003,204000.00000000003,4901.960784313725,1.0,1.0,204000.00000000003,204000.00000000003,204000.00000000003,204000.00000000003,4901.960784313725,1.0,1.0,204000.00000000003,204000.00000000003,204000.00000000003,204000.00000000003,4901.960784313725,,,7,1.727e-06,118.12391430225829,118.12391430225829,118.12391430225829,118.12391430225829,118.12391430225829,118.12391430225829,118.12391430225829,118.12391430225829,118.12391430225829,118.12391430225829,118.12391430225829,118.12391430225829,118.12391430225829,118.12391430225829,118.12391430225829,
fair_v2,QPSK,20262403,-3,1000000000.0,5000000.0,1020,0.0620921466441504,0.111832450957147,1.27506160587728,3.243861754051432,5.110623372986861,5397796.630859374,0.9574725657191672,0.2885243246160618,0.1419900243710727,1.0041281250227367,1.2723315961269674,1.5402751309588127,1.7047273276686643,0.834063725490196,0.834063725490196,440.8005181347151,309.0,908.0,2093.0,1892156.8627450976,0.3904558823529411,0.3904558823529411,123.11128284389493,115.0,190.0,393.00000000000006,3171568.62745098,0.0324460784313725,0.0324460784313725,77.87058823529412,77.0,119.0,138.00000000000003,416666.6666666666,0.000392156862745,0.000392156862745,40.0,40.0,40.8,41.0,9803.92156862745,0.0,0.0,0.0,0.0,0.0,0.0,0.0,60.00000000000001,6.000000000000002e-08,4,1.727e-06,0.25524060112027513,0.5257672264041691,1.2119281991893458,0.07128620894261432,0.11001737116386799,0.227562246670527,0.045090091624374135,0.06890561667631732,0.07990735379270414,0.02316155182397221,0.02362478286045165,0.023740590619571515,0.0,0.0,0.0,0.034742327735958325
fair_v2,QPSK,20262403,0,1000000000.0,5000000.0,1020,0.0877074883610843,0.157967535684153,1.8010723900086392,3.243861754051432,5.110623372986861,5397796.630859374,0.9574725657191672,0.2885243246160618,0.1419900243710727,1.0041281250227367,1.2723315961269674,1.5402751309588127,1.7047273276686643,0.9145980392156864,0.9145980392156864,661.6241134751774,371.0,1518.7000000000005,3916.000000000001,1382352.9411764704,0.8091274509803922,0.8091274509803922,396.7836538461538,294.5,878.5000000000001,1728.0,2039215.6862745096,0.5084607843137255,0.5084607843137255,149.03160919540232,140.0,231.50000000000003,449.0,3411764.7058823523,0.1173431372549019,0.1173431372549019,92.42471042471044,93.0,145.00000000000003,167.0,1269607.8431372547,0.0145539215686274,0.0145539215686274,70.6904761904762,75.50000000000001,102.8,121.0,205882.35294117645,60.00000000000001,6.000000000000002e-08,4,1.727e-06,0.3831060298061248,0.8793862188766651,2.26751592356688,0.22975312903656853,0.5086855819339897,1.0005790387955993,0.08629508349473211,0.1340474811812392,0.25998841922408805,0.053517493007938885,0.08396062536189927,0.09669947886508397,0.0409325281936747,0.059525188187608574,0.07006369426751594,0.034742327735958325
fair_v2,QPSK,20262403,3,1000000000.0,5000000.0,1020,0.1238901202545948,0.2231350749854009,2.544082371470639,3.243861754051432,5.110623372986861,5397796.630859374,0.9574725657191672,0.2885243246160618,0.1419900243710727,1.0041281250227367,1.2723315961269674,1.5402751309588127,1.7047273276686643,0.9486960784313726,0.9486960784313726,771.0517928286853,553.0,1744.0000000000002,3947.000000000001,1230392.1568627448,0.9057843137254902,0.9057843137254902,628.5034013605442,363.5,1457.3999999999985,3310.0,1441176.4705882352,0.8332156862745098,0.8332156862745098,440.35233160621766,309.0,907.5,2093.0,1892156.8627450976,0.6853872549019607,0.6853872549019607,241.48359240069087,224.00000000000003,447.2000000000001,1453.0,2838235.2941176468,0.3858137254901961,0.3858137254901961,122.0248062015504,113.0,189.6,392.0,3161764.705882353,60.00000000000001,6.000000000000002e-08,4,1.727e-06,0.4464689014642069,1.0098436595251885,2.285466126230458,0.3639278525538763,0.8438911407064265,1.9166184134337,0.25498108373261014,0.5254777070063695,1.2119281991893458,0.13982836850068955,0.25894614939200933,0.8413433700057905,0.07065709681618439,0.10978575564562826,0.22698320787492765,0.034742327735958325
fair_v2,QPSK,20262403,6,1000000000.0,5000000.0,1020,0.1749994462674431,0.3151866709390923,3.59361186631517,3.243861754051432,5.110623372986861,5397796.630859374,0.9574725657191672,0.2885243246160618,0.1419900243710727,1.0041281250227367,1.2723315961269674,1.5402751309588127,1.7047273276686643,0.9712107843137257,0.9712107843137257,938.9905213270144,594.0,1961.0,6171.000000000001,1034313.725490196,0.9440588235294116,0.9440588235294116,752.296875,545.5,1732.0,3942.000000000001,1254901.9607843135,0.9143333333333332,0.9143333333333332,661.4326241134752,370.5,1518.6,3916.000000000001,1382352.9411764704,0.8713235294117647,0.8713235294117647,522.7941176470589,342.0,1116.0000000000005,2114.0,1666666.6666666665,0.8078823529411765,0.8078823529411765,393.3365155131265,293.00000000000006,878.0000000000001,1727.0000000000002,2053921.5686274504,60.00000000000001,6.000000000000002e-08,4,1.727e-06,0.5437119405483581,1.1354950781702373,3.5732484076433133,0.4356090764331211,1.0028951939779966,2.2825709322524617,0.3829951500367546,0.8793283149971048,2.26751592356688,0.3027180762287544,0.646207295888825,1.2240880138969312,0.2277571022079482,0.5083960625361901,1.0000000000000002,0.034742327735958325
fair_v2,QPSK,20262503,-3,1000000000.0,5000000.0,1020,0.0620921466441504,0.1138352341594649,1.2978964086944873,3.3610893787346914,5.264800614653598,5352497.100830077,0.9605869774993224,0.2779796011557617,0.1501472357989839,1.0092564369472246,1.2587923561290204,1.5042346874352797,1.7093370576738487,0.843078431372549,0.843078431372549,469.9125683060109,316.0,948.5,2285.0,1794117.6470588234,0.3987745098039216,0.3987745098039216,125.15384615384616,122.0,190.0,396.0,3186274.509803921,0.0274019607843137,0.0274019607843137,73.55263157894737,72.00000000000001,116.5,139.0,372549.0196078431,0.000313725490196,0.000313725490196,32.0,32.0,50.4,55.0,9803.92156862745,0.0,0.0,0.0,0.0,0.0,0.0,0.0,61.00000000000001,6.100000000000003e-08,5,1.727e-06,0.2720976075888888,0.549218297625941,1.3231036479444125,0.07246893234154382,0.11001737116386799,0.22929936305732485,0.04258982720263311,0.06745801968731906,0.08048639258830342,0.018529241459177767,0.02918355529820498,0.03184713375796178,0.0,0.0,0.0,0.03532136653155763
fair_v2,QPSK,20262503,0,1000000000.0,5000000.0,1020,0.0877074883610843,0.1607965421511668,1.833327406312002,3.3610893787346914,5.264800614653598,5352497.100830077,0.9605869774993224,0.2779796011557617,0.1501472357989839,1.0092564369472246,1.2587923561290204,1.5042346874352797,1.7093370576738487,0.9212598039215686,0.9212598039215686,714.5893536121673,516.0,1552.6,4929.000000000001,1289215.6862745096,0.8169754901960784,0.8169754901960784,407.4889975550122,299.0,890.2,2278.0,2004901.9607843133,0.5166372549019608,0.5166372549019608,161.6472392638037,165.0,249.00000000000003,430.0,3196078.4313725485,0.1075294117647058,0.1075294117647058,87.39442231075698,86.0,140.0,166.0,1230392.1568627448,0.0105735294117647,0.0105735294117647,61.62857142857144,52.0,106.0,124.0,171568.62745098036,61.00000000000001,6.100000000000003e-08,5,1.727e-06,0.41377495866367536,0.8990156340474812,2.8540822235089762,0.23595193836422249,0.5154603358425015,1.3190503763752173,0.09360002273526562,0.144180660104227,0.24898668210770122,0.05060476103691777,0.08106543138390274,0.09612044006948466,0.03568533377450576,0.06137811233352635,0.07180081065431385,0.03532136653155763
fair_v2,QPSK,20262503,3,1000000000.0,5000000.0,1020,0.1238901202545948,0.2271311528340384,2.589643793001558,3.3610893787346914,5.264800614653598,5352497.100830077,0.9605869774993224,0.2779796011557617,0.1501472357989839,1.0092564369472246,1.2587923561290204,1.5042346874352797,1.7093370576738487,0.9542107843137256,0.9542107843137256,850.0393013100438,555.0000000000001,1939.2,4958.000000000001,1122549.019607843,0.9129607843137256,0.9129607843137256,687.2472324723249,501.00000000000006,1531.0,4923.0,1328431.3725490195,0.8421323529411765,0.8421323529411765,465.5691056910569,316.0,945.6,2285.0,1808823.5294117648,0.6939950980392157,0.6939950980392157,258.8208409506399,228.0,454.4,1264.0,2681372.549019608,0.3933921568627451,0.3933921568627451,124.4217054263566,121.0,190.0,396.0,3161764.705882353,61.00000000000001,6.100000000000003e-08,5,1.727e-06,0.49220573324264266,1.1228720324261725,2.870874348581356,0.39794280976973073,0.8865083960625363,2.8506079907353796,0.26958257422759524,0.5475390851187031,1.3231036479444125,0.14986730802005785,0.2631152287203243,0.7319050376375218,0.07204499445648906,0.11001737116386799,0.22929936305732485,0.03532136653155763
fair_v2,QPSK,20262503,6,1000000000.0,5000000.0,1020,0.1749994462674432,0.3208312809315282,3.657969084813977,3.3610893787346914,5.264800614653598,5352497.100830077,0.9605869774993224,0.2779796011557617,0.1501472357989839,1.0092564369472246,1.2587923561290204,1.5042346874352797,1.7093370576738487,0.974529411764706,0.974529411764706,1057.4680851063831,741.0000000000001,2573.7,4978.0,921568.6274509802,0.9495049019607844,0.9495049019607844,820.7584745762712,542.5000000000001,1863.0,4954.0,1156862.745098039,0.920970588235294,0.920970588235294,711.659090909091,514.5,1551.4000000000003,4929.000000000001,1294117.6470588234,0.8791617647058824,0.8791617647058824,555.2600619195048,346.0,1299.8,2530.0000000000005,1583333.333333333,0.8156666666666667,0.8156666666666667,402.89588377723976,299.0,888.0000000000001,1892.0,2024509.8039215684,61.00000000000001,6.100000000000003e-08,5,1.727e-06,0.6123150463847036,1.4902721482339318,2.8824551244933416,0.475250998596567,1.0787492762015056,2.868558193398958,0.4120782228772965,0.8983207874927623,2.8540822235089762,0.3215171174982657,0.7526346265199769,1.4649681528662426,0.23329234729429058,0.514186450492183,1.0955414012738853,0.03532136653155763
fair_v2,QPSK,20262603,-3,1000000000.0,5000000.0,1020,0.0620921466441504,0.1099983074768102,1.2541495547558776,3.1383303487417016,4.966986566137033,5382061.004638671,0.9595298351575798,0.2816069875597332,0.1342191020445997,1.0085501008725644,1.2584053695897943,1.5114763674460736,1.6796580871847515,0.8424754901960785,0.8424754901960785,446.4025974025975,319.00000000000006,910.6000000000004,2491.0,1887254.901960784,0.3990392156862745,0.3990392156862745,120.06489675516224,107.5,189.3000000000001,394.0,3323529.4117647056,0.0279950980392156,0.0279950980392156,77.17567567567568,74.0,116.7,134.0,362745.09803921566,7.843137254901961e-05,7.843137254901961e-05,16.0,16.0,16.0,16.0,4901.960784313725,0.0,0.0,0.0,0.0,0.0,0.0,0.0,59.00000000000001,5.900000000000001e-08,6,1.727e-06,0.2584844223524016,0.5272727272727276,1.4423856398378692,0.06952223321086408,0.10961204400694853,0.22814128546612625,0.04468771029280584,0.06757382744643892,0.0775911986103069,0.009264620729588884,0.009264620729588884,0.009264620729588884,0.0,0.0,0.0,0.03416328894035901
fair_v2,QPSK,20262603,0,1000000000.0,5000000.0,1020,0.0877074883610843,0.1553767391559523,1.771533332664588,3.1383303487417016,4.966986566137033,5382061.004638671,0.9595298351575798,0.2816069875597332,0.1342191020445997,1.0085501008725644,1.2584053695897943,1.5114763674460736,1.6796580871847515,0.9185441176470588,0.9185441176470588,694.0111111111112,516.5,1535.1,3545.0000000000005,1323529.4117647058,0.8151078431372549,0.8151078431372549,393.1016548463357,300.00000000000006,876.4000000000001,2093.0,2073529.4117647056,0.5152254901960784,0.5152254901960784,150.3662374821173,132.00000000000003,231.20000000000005,416.0,3426470.588235293,0.1065980392156862,0.1065980392156862,87.33333333333333,86.0,144.00000000000003,178.0,1220588.2352941176,0.0114117647058823,0.0114117647058823,62.918918918918926,61.00000000000001,101.8,115.0,181372.54901960783,59.00000000000001,5.900000000000001e-08,6,1.727e-06,0.4018593579103134,0.8888824551244934,2.052692530399537,0.227621108770316,0.5074696004632312,1.2119281991893458,0.0870678850504443,0.1338737695425594,0.24088013896931096,0.05056938814900599,0.08338158656629997,0.10306890561667632,0.03643249503122115,0.05894614939200927,0.0665894614939201,0.03416328894035901
fair_v2,QPSK,20262603,3,1000000000.0,5000000.0,1020,0.1238901202545948,0.219475477618839,2.5023573439394027,3.1383303487417016,4.966986566137033,5382061.004638671,0.9595298351575798,0.2816069875597332,0.1342191020445997,1.0085501008725644,1.2584053695897943,1.5114763674460736,1.6796580871847515,0.9507696078431372,0.9507696078431372,798.1769547325104,577.0,1761.0000000000002,3567.0000000000005,1191176.4705882352,0.9107990196078432,0.9107990196078432,670.7689530685922,508.00000000000006,1512.8000000000002,3540.0000000000005,1357843.1372549017,0.841406862745098,0.841406862745098,445.8363636363636,318.0,908.6,2490.0000000000005,1887254.901960784,0.6913774509803922,0.6913774509803922,247.8752196836556,225.00000000000003,450.19999999999993,1301.0000000000002,2789215.6862745094,0.3939362745098039,0.3939362745098039,118.52949852507378,106.0,188.00000000000003,393.00000000000006,3323529.4117647056,59.00000000000001,5.900000000000001e-08,6,1.727e-06,0.4621754225434339,1.0196873190503766,2.065431383902722,0.3884012467102445,0.875969889982629,2.0497973364215407,0.25815655103437385,0.5261146496815288,1.4418066010422703,0.1435293686645371,0.2606832657788072,0.7533294730746962,0.06863317806894835,0.1088592935726694,0.227562246670527,0.03416328894035901
fair_v2,QPSK,20262603,6,1000000000.0,5000000.0,1020,0.1749994462674432,0.3100173522606211,3.5346736983768805,3.1383303487417016,4.966986566137033,5382061.004638671,0.9595298351575798,0.2816069875597332,0.1342191020445997,1.0085501008725644,1.2584053695897943,1.5114763674460736,1.6796580871847515,0.9720392156862744,0.9720392156862744,986.5472636815922,747.0,2531.0,5185.0,985294.1176470588,0.9461274509803922,0.9461274509803922,778.2661290322582,574.0,1748.1000000000004,3564.0,1215686.274509804,0.9182745098039216,0.9182745098039216,693.8074074074074,516.0,1535.1,3545.0000000000005,1323529.4117647058,0.8799411764705882,0.8799411764705882,560.9625,353.0,1126.3000000000002,3524.0,1568627.450980392,0.813906862745098,0.813906862745098,389.7582159624413,298.00000000000006,875.5,2092.0,2088235.2941176468,59.00000000000001,5.900000000000001e-08,6,1.727e-06,0.5712491393639793,1.4655471916618414,3.0023161551823976,0.4506462820105722,1.0122177185871457,2.0636942675159236,0.40174140556306165,0.8888824551244934,2.052692530399537,0.32481905037637526,0.6521713954834976,2.0405327156919513,0.22568512794582588,0.5069484655471916,1.2113491603937465,0.03416328894035901
fair_v2,QPSK,20262703,-3,1000000000.0,5000000.0,1020,0.0620921466441504,0.1098855473488632,1.2528639162083135,3.131899392521595,4.9580780256390975,5363941.192626952,0.9613566257701986,0.2753060807314976,0.1512423764237796,1.005258767258387,1.254409497436662,1.5210951332590246,1.664819218935168,0.8479901960784314,0.8479901960784314,480.52777777777777,320.0,938.7000000000004,2946.0000000000005,1764705.882352941,0.3926666666666666,0.3926666666666666,122.10975609756098,111.0,189.0,396.0,3215686.2745098034,0.0252647058823529,0.0252647058823529,76.92537313432835,78.00000000000001,119.4,135.0,328431.3725490196,6.372549019607843e-05,6.372549019607843e-05,13.0,13.0,13.0,13.0,4901.960784313725,0.0,0.0,0.0,0.0,0.0,0.0,0.0,61.00000000000001,6.100000000000003e-08,7,1.727e-06,0.278244225696455,0.543543717429068,1.7058482918355535,0.07070628610165662,0.10943833236826868,0.22929936305732485,0.04454277541072864,0.06913723219455706,0.0781702374059062,0.0075275043427909675,0.0075275043427909675,0.0075275043427909675,0.0,0.0,0.0,0.03532136653155763
fair_v2,QPSK,20262703,0,1000000000.0,5000000.0,1020,0.0877074883610843,0.1552174612416906,1.7697173199473395,3.131899392521595,4.9580780256390975,5363941.192626952,0.9613566257701986,0.2753060807314976,0.1512423764237796,1.005258767258387,1.254409497436662,1.5210951332590246,1.664819218935168,0.9224754901960784,0.9224754901960784,735.09765625,518.0,1730.5000000000002,3742.000000000001,1254901.9607843135,0.8236617647058824,0.8236617647058824,422.178391959799,298.0,880.6000000000001,2527.0,1950980.3921568624,0.5099019607843137,0.5099019607843137,150.9724238026125,137.0,232.0,416.0,3377450.9803921566,0.1035147058823529,0.1035147058823529,89.10126582278481,93.0,146.0,163.00000000000003,1161764.7058823528,0.011656862745098,0.011656862745098,74.3125,75.50000000000001,98.9,116.0,156862.7450980392,61.00000000000001,6.100000000000003e-08,7,1.727e-06,0.42565006152287205,1.002026635784598,2.1667631731326007,0.24445766760845342,0.5099015634047482,1.4632310364794443,0.08741889044737262,0.1343370005790388,0.24088013896931096,0.05159308964839886,0.08453966415749856,0.09438332368268677,0.043029820497973374,0.05726693688477128,0.0671685002895194,0.03532136653155763
fair_v2,QPSK,20262703,3,1000000000.0,5000000.0,1020,0.1238901202545948,0.2192504915849152,2.4997921577947766,3.131899392521595,4.9580780256390975,5363941.192626952,0.9613566257701986,0.2753060807314976,0.1512423764237796,1.005258767258387,1.254409497436662,1.5210951332590246,1.664819218935168,0.9544950980392156,0.9544950980392156,861.5796460176991,573.0000000000001,1941.5,4370.000000000001,1107843.137254902,0.9147745098039216,0.9147745098039216,704.2037735849057,509.0,1716.2000000000005,3551.0000000000005,1299019.607843137,0.8470686274509804,0.8470686274509804,478.67590027700834,319.00000000000006,937.0,2946.0000000000005,1769607.8431372547,0.6995833333333333,0.6995833333333333,252.14664310954063,225.00000000000003,444.50000000000006,1478.0,2774509.803921568,0.3878186274509804,0.3878186274509804,121.156202143951,110.0,188.00000000000003,396.0,3200980.392156862,61.00000000000001,6.100000000000003e-08,7,1.727e-06,0.4988880405429642,1.124203821656051,2.5303995367689645,0.4077613049130896,0.9937463810075279,2.0561667631731333,0.27717191677881203,0.542559351476549,1.7058482918355535,0.14600268854055629,0.2573827446438912,0.8558193398957731,0.07015414136881935,0.1088592935726694,0.22929936305732485,0.03532136653155763
fair_v2,QPSK,20262703,6,1000000000.0,5000000.0,1020,0.1749994462674431,0.309699551040688,3.5310502766386502,3.131899392521595,4.9580780256390975,5363941.192626952,0.9613566257701986,0.2753060807314976,0.1512423764237796,1.005258767258387,1.254409497436662,1.5210951332590246,1.664819218935168,0.9745392156862746,0.9745392156862746,1092.3406593406594,750.0,2375.600000000001,7773.0,892156.862745098,0.9500882352941176,0.9500882352941176,850.0789473684212,555.0,1936.5,4366.0,1117647.0588235292,0.9222303921568628,0.9222303921568628,734.9023437500001,518.0,1730.5000000000002,3742.000000000001,1254901.9607843135,0.8841078431372549,0.8841078431372549,578.0705128205128,364.5,1281.000000000004,2966.0,1529411.7647058822,0.8225539215686275,0.8225539215686275,420.55388471177946,297.0,879.2,2524.0000000000005,1955882.352941176,61.00000000000001,6.100000000000003e-08,7,1.727e-06,0.6325076197687663,1.37556456282571,4.500868558193399,0.49222868984853574,1.1213086276780544,2.5280833815865664,0.42553696800810664,1.002026635784598,2.1667631731326007,0.3347252535150625,0.7417486971627123,1.7174290677475392,0.24351701488811783,0.5090909090909091,1.4614939200926467,0.03532136653155763
fair_v2,16QAM,20262404,-3,1000000000.0,5000000.0,1020,0.0620921466441504,0.1321579719448856,1.5068037452036305,4.530158340481998,6.561133819677546,5365848.541259765,0.927796197669732,0.373087410119382,0.1395006604561263,0.9690846682140076,1.4094519937570584,1.6863147962435447,1.8785073011217424,0.7038186274509803,0.7038186274509803,344.3141486810552,248.0,644.8000000000001,2019.0,2044117.647058824,0.3954705882352941,0.3954705882352941,155.44508670520233,141.0,262.2,761.0,2544117.647058823,0.0980735294117647,0.0980735294117647,88.52654867256636,80.0,146.5,192.00000000000003,1107843.137254902,0.0043970588235294,0.0043970588235294,59.8,58.0,90.00000000000001,133.0,73529.41176470587,0.0001029411764705,0.0001029411764705,21.000000000000004,21.000000000000004,21.000000000000004,21.000000000000004,4901.960784313725,81.00000000000001,8.100000000000002e-08,4,1.727e-06,0.1993712499600783,0.37336421540243203,1.1690793283149972,0.09000873578760993,0.15182397220613783,0.44064852345107125,0.0512603061219261,0.08482918355529823,0.11117544875506662,0.03462651997683845,0.05211349160393748,0.07701215981470759,0.012159814707585412,0.012159814707585412,0.012159814707585412,0.04690214244354373
fair_v2,16QAM,20262404,0,1000000000.0,5000000.0,1020,0.0877074883610843,0.1866780971933516,2.128416862478306,4.530158340481998,6.561133819677546,5365848.541259765,0.927796197669732,0.373087410119382,0.1395006604561263,0.9690846682140076,1.4094519937570584,1.6863147962435447,1.8785073011217424,0.8383676470588235,0.8383676470588235,440.791237113402,334.0,909.2000000000004,2199.0,1901960.7843137253,0.676264705882353,0.676264705882353,320.8325581395349,222.0,604.9000000000002,2009.0,2107843.1372549017,0.4655245098039215,0.4655245098039215,179.18301886792452,156.00000000000003,316.2000000000001,865.0000000000001,2598039.215686274,0.2048970588235294,0.2048970588235294,129.8105590062112,121.0,198.90000000000003,403.00000000000006,1578431.3725490195,0.0536470588235294,0.0536470588235294,74.95890410958903,69.5,134.5,178.0,715686.2745098039,81.00000000000001,8.100000000000002e-08,4,1.727e-06,0.2552352270488721,0.5264620729588885,1.273306311522872,0.18577449805416035,0.3502605674580198,1.163288940359004,0.1037539194371306,0.18309206716850038,0.500868558193399,0.07516534974302909,0.11517081644470183,0.23335263462652003,0.043404113555060235,0.07788071800810656,0.10306890561667632,0.04690214244354373
fair_v2,16QAM,20262404,3,1000000000.0,5000000.0,1020,0.1238901202545948,0.2636898210443448,3.0064687288587733,4.530158340481998,6.561133819677546,5365848.541259765,0.927796197669732,0.373087410119382,0.1395006604561263,0.9690846682140076,1.4094519937570584,1.6863147962435447,1.8785073011217424,0.9275882352941176,0.9275882352941176,657.0416666666667,501.5,1399.6,2649.0,1411764.7058823528,0.8167941176470588,0.8167941176470588,415.5261845386534,312.00000000000006,847.0,2057.0,1965686.274509804,0.702735294117647,0.702735294117647,343.7841726618705,248.0,644.8000000000001,2019.0,2044117.647058824,0.5827941176470588,0.5827941176470588,249.24528301886795,186.00000000000003,466.0,1141.0000000000002,2338235.2941176468,0.3925980392156862,0.3925980392156862,155.21317829457365,140.0,262.0,759.0000000000001,2529411.764705882,81.00000000000001,8.100000000000002e-08,4,1.727e-06,0.3804526153252269,0.8104226983207875,1.5338737695425593,0.2406057814352365,0.49044585987261147,1.1910828025477707,0.1990643732842331,0.37336421540243203,1.1690793283149972,0.14432268848805324,0.2698320787492762,0.6606832657788074,0.08987445182083015,0.15170816444701796,0.43949044585987274,0.04690214244354373
fair_v2,16QAM,20262404,6,1000000000.0,5000000.0,1020,0.1749994462674431,0.3724717723599923,4.246749956247265,4.530158340481998,6.561133819677546,5365848.541259765,0.927796197669732,0.373087410119382,0.1395006604561263,0.9690846682140076,1.4094519937570584,1.6863147962435447,1.8785073011217424,0.9673970588235294,0.9673970588235294,1072.5489130434785,776.0000000000001,2398.4000000000005,5288.0,901960.7843137254,0.9155588235294118,0.9155588235294118,616.4158415841584,464.0,1319.2000000000005,2642.0000000000005,1485294.1176470586,0.8374656862745098,0.8374656862745098,439.18508997429313,332.0,905.7999999999996,2198.0,1906862.745098039,0.753014705882353,0.753014705882353,380.23514851485146,282.50000000000006,758.1999999999999,2036.0,1980392.1568627448,0.6751323529411765,0.6751323529411765,321.04195804195814,221.0,604.1999999999998,2009.0,2102941.176470588,81.00000000000001,8.100000000000002e-08,4,1.727e-06,0.6210474308300398,1.388766647365374,3.0619571511291257,0.3569286864992232,0.7638679791546038,1.5298204979733647,0.2543052055438872,0.5244933410538504,1.2727272727272727,0.22017090244056253,0.4390272148233932,1.1789229878401855,0.18589574872145814,0.3498552403011001,1.163288940359004,0.04690214244354373
fair_v2,16QAM,20262504,-3,1000000000.0,5000000.0,1020,0.0620921466441504,0.1383353324799808,1.5772351376710954,4.963555558868076,6.957928874575579,5383491.51611328,0.9267771452039262,0.3756116653242561,0.1358114664729383,0.9668573764370716,1.4109438135634105,1.6822983855112363,1.9159269854724803,0.7013627450980392,0.7013627450980392,339.0473933649289,246.5,683.5000000000002,1414.0000000000002,2068627.450980392,0.3960735294117647,0.3960735294117647,159.05314960629923,139.0,274.90000000000003,843.0,2490196.078431372,0.0989411764705882,0.0989411764705882,86.6266094420601,77.0,149.80000000000004,194.00000000000003,1142156.8627450978,0.003735294117647,0.003735294117647,63.49999999999999,59.00000000000001,116.8,142.0,58823.5294117647,0.0003333333333333,0.0003333333333333,68.0,68.0,68.0,68.0,4901.960784313725,82.0,8.2e-08,5,1.727e-06,0.19632159430511228,0.3957730167921253,0.8187608569774177,0.09209794418430761,0.15917776491024901,0.48812970469021427,0.050160167598181885,0.08674001158077595,0.11233352634626523,0.03676896352055587,0.06763173132599884,0.08222350897510133,0.03937463810075275,0.03937463810075275,0.03937463810075275,0.04748118123914303
fair_v2,16QAM,20262504,0,1000000000.0,5000000.0,1020,0.0877074883610843,0.1954038508758445,2.227903848658661,4.963555558868076,6.957928874575579,5383491.51611328,0.9267771452039262,0.3756116653242561,0.1358114664729383,0.9668573764370716,1.4109438135634105,1.6822983855112363,1.9159269854724803,0.8353039215686274,0.8353039215686274,432.492385786802,324.0,915.7,2350.0,1931372.549019608,0.673906862745098,0.673906862745098,318.97215777262176,235.00000000000003,597.0000000000001,1317.0,2112745.0980392154,0.4639166666666666,0.4639166666666666,179.9220532319392,150.50000000000003,318.5,866.0,2578431.37254902,0.2119901960784313,0.2119901960784313,133.0646153846154,122.0,213.6,599.0,1593137.2549019605,0.0487009803921568,0.0487009803921568,75.26515151515153,65.5,137.60000000000005,182.00000000000003,647058.8235294117,82.0,8.2e-08,5,1.727e-06,0.2504298701718599,0.5302258251302838,1.3607411696583671,0.18469725406637047,0.34568616097278526,0.7625940938042849,0.10418184900517616,0.1844238563983787,0.5014475969889983,0.07704957462919249,0.1236826867400116,0.3468442385639838,0.04358144268393257,0.07967573827446443,0.10538506079907356,0.04748118123914303
fair_v2,16QAM,20262504,3,1000000000.0,5000000.0,1020,0.1238901202545948,0.2760152757259962,3.14699783203989,4.963555558868076,6.957928874575579,5383491.51611328,0.9267771452039262,0.3756116653242561,0.1358114664729383,0.9668573764370716,1.4109438135634105,1.6822983855112363,1.9159269854724803,0.9258725490196078,0.9258725490196078,653.5570934256056,520.0,1323.6,3174.0,1416666.6666666665,0.8139166666666666,0.8139166666666666,415.0975,302.5,873.7000000000004,2342.0,1960784.31372549,0.7003088235294118,0.7003088235294118,338.5379146919432,245.50000000000003,683.5000000000002,1413.0,2068627.450980392,0.5757990196078432,0.5757990196078432,240.21063394683028,183.0,464.2000000000001,1056.0000000000002,2397058.823529412,0.3933480392156863,0.3933480392156863,158.27021696252467,139.0,274.2000000000001,843.0,2485294.1176470583,82.0,8.2e-08,5,1.727e-06,0.3784349122325452,0.7664157498552403,1.8378691372321947,0.2403575564562826,0.5059061957151132,1.3561088592935728,0.1960265863879231,0.3957730167921253,0.8181818181818182,0.13909127617071818,0.26878980891719756,0.6114649681528664,0.09164459580922102,0.15877243775332955,0.48812970469021427,0.04748118123914303
fair_v2,16QAM,20262504,6,1000000000.0,5000000.0,1020,0.1749994462674431,0.3898819398523712,4.445252590602757,4.963555558868076,6.957928874575579,5383491.51611328,0.9267771452039262,0.3756116653242561,0.1358114664729383,0.9668573764370716,1.4109438135634105,1.6822983855112363,1.9159269854724803,0.9654950980392156,0.9654950980392156,1020.523316062176,806.0000000000001,2230.2000000000007,4431.0,946078.4313725488,0.9147892156862744,0.9147892156862744,601.9903225806453,486.5000000000001,1170.3,3168.0,1519607.8431372547,0.8344019607843137,0.8344019607843137,432.02538071065993,324.0,915.4,2350.0,1931372.549019608,0.7517156862745098,0.7517156862745098,374.0243902439025,272.0,746.7000000000002,2316.0,2009803.9215686272,0.6727156862745098,0.6727156862745098,317.6712962962964,232.0,593.8000000000002,1316.0,2117647.058823529,82.0,8.2e-08,5,1.727e-06,0.5909225918136515,1.2913723219455708,2.5657209033005213,0.34857575134953406,0.6776491024898669,1.8343949044585988,0.2501594561150318,0.530052113491604,1.3607411696583671,0.2165746324515938,0.4323682686740013,1.3410538506079908,0.1839440048038775,0.34383323682686756,0.7620150550086856,0.04748118123914303
fair_v2,16QAM,20262604,-3,1000000000.0,5000000.0,1020,0.0620921466441504,0.1227775647775211,1.3998527043900313,3.909891279164962,5.921646813050256,5352497.100830077,0.925905948633156,0.3777541188203451,0.14437528307424,0.9684988065088538,1.4119412521288195,1.7096441679435277,1.892891068850012,0.698671568627451,0.698671568627451,351.9234567901235,253.0,702.0,1694.0,1985294.1176470583,0.3915931372549019,0.3915931372549019,158.18811881188117,142.0,279.40000000000015,728.0000000000001,2475490.196078431,0.0996372549019607,0.0996372549019607,91.97285067873304,83.0,155.0,232.0,1083333.3333333333,0.0060343137254901,0.0060343137254901,61.55,59.50000000000001,98.0,112.0,98039.2156862745,0.0,0.0,0.0,0.0,0.0,0.0,0.0,83.0,8.3e-08,6,1.727e-06,0.20377733456289726,0.4064852345107122,0.9808917197452229,0.09159705779495146,0.16178343949044596,0.42154024319629424,0.05325584868484832,0.0897510133178923,0.1343370005790388,0.035639837869137235,0.05674580196873191,0.06485234510712219,0.0,0.0,0.0,0.04806022003474233
fair_v2,16QAM,20262604,0,1000000000.0,5000000.0,1020,0.0877074883610843,0.1734279198856008,1.9773445018926168,3.909891279164962,5.921646813050256,5352497.100830077,0.925905948633156,0.3777541188203451,0.14437528307424,0.9684988065088538,1.4119412521288195,1.7096441679435277,1.892891068850012,0.8303774509803922,0.8303774509803922,429.9416243654823,315.00000000000006,859.0,2731.0,1931372.549019608,0.6722941176470588,0.6722941176470588,331.2753623188406,243.5,667.4999999999999,1548.0,2029411.7647058824,0.4637401960784313,0.4637401960784313,178.83364839319472,152.0,316.6,866.0,2593137.2549019605,0.2095245098039215,0.2095245098039215,133.571875,123.0,217.00000000000003,449.0,1568627.450980392,0.0550980392156862,0.0550980392156862,79.1549295774648,70.5,142.8,214.0,696078.4313725489,83.0,8.3e-08,6,1.727e-06,0.24895288035059776,0.49739432541980316,1.5813549507817026,0.19182128680882493,0.3865083960625362,0.8963520555877245,0.10355162037822509,0.18332368268674007,0.5014475969889983,0.07734329762594096,0.12565141864504925,0.25998841922408805,0.04583377508828304,0.08268674001158079,0.12391430225825131,0.04806022003474233
fair_v2,16QAM,20262604,3,1000000000.0,5000000.0,1020,0.1238901202545948,0.2449734481242383,2.793073347576701,3.909891279164962,5.921646813050256,5352497.100830077,0.925905948633156,0.3777541188203451,0.14437528307424,0.9684988065088538,1.4119412521288195,1.7096441679435277,1.892891068850012,0.9257598039215686,0.9257598039215686,648.9862542955327,431.00000000000006,1369.0000000000002,2871.0,1426470.588235294,0.8079166666666666,0.8079166666666666,415.1511335012595,300.00000000000006,849.2000000000002,2264.0000000000005,1946078.4313725487,0.69775,0.69775,351.4592592592593,252.00000000000003,702.0,1694.0,1985294.1176470583,0.5761323529411765,0.5761323529411765,246.9138655462185,188.50000000000003,450.5,1247.0,2333333.333333333,0.3886911764705882,0.3886911764705882,157.9541832669323,141.5,279.60000000000014,727.0000000000001,2460784.3137254897,83.0,8.3e-08,6,1.727e-06,0.37578821904778964,0.792704111175449,1.6624203821656052,0.24038861233425568,0.49171974522293005,1.3109438332368273,0.20350854618370545,0.4064852345107122,0.9808917197452229,0.14297270732265113,0.260856977417487,0.7220613781123336,0.0914616000387564,0.1618992472495658,0.42096120440069495,0.04806022003474233
fair_v2,16QAM,20262604,6,1000000000.0,5000000.0,1020,0.1749994462674431,0.3460341929111812,3.945320968337249,3.909891279164962,5.921646813050256,5352497.100830077,0.925905948633156,0.3777541188203451,0.14437528307424,0.9684988065088538,1.4119412521288195,1.7096441679435277,1.892891068850012,0.9671372549019608,0.9671372549019608,1006.6122448979592,708.5000000000001,2026.5,6529.000000000001,960784.31372549,0.9134607843137256,0.9134607843137256,589.7025316455697,396.50000000000006,1233.5000000000002,2861.0,1549019.607843137,0.8294705882352941,0.8294705882352941,430.5648854961833,316.0,859.0,2730.0,1926470.588235294,0.7461225490196078,0.7461225490196078,384.3661616161616,281.5,739.5000000000001,2233.0,1941176.470588235,0.6711813725490197,0.6711813725490197,331.5278450363196,244.00000000000003,669.0000000000003,1548.0,2024509.8039215684,83.0,8.3e-08,6,1.727e-06,0.5828675419212271,1.173422119281992,3.7805442964678644,0.3414606436859119,0.7142443543717432,1.6566299942096123,0.24931377272506272,0.49739432541980316,1.5807759119861031,0.2225629192913501,0.4281991893456863,1.2929936305732486,0.19196748409746361,0.3873769542559354,0.8963520555877245,0.04806022003474233
fair_v2,16QAM,20262704,-3,1000000000.0,5000000.0,1020,0.0620921466441505,0.1290662275552782,1.471553113274929,4.320677822371613,6.355518837186036,5378723.144531249,0.9274096937995684,0.3740471358620338,0.147341087349496,0.9672504064296676,1.4093287180989316,1.6770824641090714,1.946743875626816,0.7023137254901961,0.7023137254901961,337.11058823529413,263.0,662.0000000000003,1326.0,2083333.333333333,0.3930686274509803,0.3930686274509803,155.70097087378642,139.0,269.20000000000005,701.0,2524509.803921568,0.0980686274509804,0.0980686274509804,91.77064220183487,84.00000000000001,155.60000000000002,237.00000000000003,1068627.450980392,0.0054215686274509,0.0054215686274509,73.73333333333335,74.0,113.8,121.0,73529.41176470587,0.0,0.0,0.0,0.0,0.0,0.0,0.0,82.0,8.2e-08,7,1.727e-06,0.19520010899553802,0.3833236826867403,0.7678054429646787,0.09015690264839979,0.155877243775333,0.40590619571511294,0.05313876213192524,0.09009843659525191,0.13723219455703536,0.04269446052885545,0.06589461493920093,0.07006369426751594,0.0,0.0,0.0,0.04748118123914303
fair_v2,16QAM,20262704,0,1000000000.0,5000000.0,1020,0.0877074883610843,0.1823108921646544,2.078624021407338,4.320677822371613,6.355518837186036,5378723.144531249,0.9274096937995684,0.3740471358620338,0.147341087349496,0.9672504064296676,1.4093287180989316,1.6770824641090714,1.946743875626816,0.8382990196078431,0.8382990196078431,444.1896103896104,361.0,893.2,2112.0000000000005,1887254.901960784,0.6746666666666666,0.6746666666666666,312.0907029478458,245.00000000000003,581.0,1316.0,2161764.705882353,0.4628186274509804,0.4628186274509804,176.80711610486892,152.50000000000003,302.7,830.0000000000001,2617647.058823529,0.2090539215686274,0.2090539215686274,131.22153846153847,123.0,195.6,474.00000000000006,1593137.2549019605,0.0528774509803921,0.0528774509803921,77.6043165467626,72.00000000000001,135.60000000000002,172.0,681372.5490196077,82.0,8.2e-08,7,1.727e-06,0.25720301701772463,0.5171974522292995,1.2229299363057329,0.18071262475266114,0.3364215402431963,0.7620150550086856,0.10237817956274982,0.1752750434279097,0.4806022003474234,0.07598236158745715,0.11325998841922409,0.27446438911407073,0.04493590998654465,0.0785176606832658,0.09959467284308049,0.04748118123914303
fair_v2,16QAM,20262704,3,1000000000.0,5000000.0,1020,0.1238901202545948,0.2575209799762447,2.936134471392597,4.320677822371613,6.355518837186036,5378723.144531249,0.9274096937995684,0.3740471358620338,0.147341087349496,0.9672504064296676,1.4093287180989316,1.6770824641090714,1.946743875626816,0.927029411764706,0.927029411764706,668.2473498233215,488.00000000000006,1348.4000000000003,3150.0000000000005,1387254.901960784,0.8167794117647059,0.8167794117647059,420.7651515151516,337.0,866.0,2104.0,1941176.470588235,0.7011617647058823,0.7011617647058823,337.3514150943396,263.5,661.0999999999999,1325.0,2078431.3725490195,0.577,0.577,240.7116564417178,196.0,459.0,1000.0,2397058.823529412,0.3899019607843137,0.3899019607843137,155.3515625,138.00000000000003,268.0,700.0000000000001,2509803.921568627,82.0,8.2e-08,7,1.727e-06,0.38694114060412366,0.7807759119861034,1.8239722061378116,0.24363934656349256,0.5014475969889983,1.2182976259409382,0.19533955708994766,0.3828025477707006,0.7672264041690794,0.139381387632726,0.26577880718008107,0.5790387955993053,0.08995458164447018,0.1551823972206138,0.4053271569195137,0.04748118123914303
fair_v2,16QAM,20262704,6,1000000000.0,5000000.0,1020,0.1749994462674432,0.3637580527444901,4.147400176903127,4.320677822371613,6.355518837186036,5378723.144531249,0.9274096937995684,0.3740471358620338,0.147341087349496,0.9672504064296676,1.4093287180989316,1.6770824641090714,1.946743875626816,0.9696274509803922,0.9696274509803922,1111.2584269662923,791.5000000000001,2306.500000000001,5828.000000000001,872549.019607843,0.9156470588235294,0.9156470588235294,612.432786885246,463.0,1214.400000000001,2798.0,1495098.039215686,0.8374019607843137,0.8374019607843137,443.7142857142858,360.00000000000006,892.8000000000001,2112.0000000000005,1887254.901960784,0.7527745098039216,0.7527745098039216,375.4669926650366,300.00000000000006,761.9999999999999,1500.0,2004901.9607843133,0.6735343137254902,0.6735343137254902,310.86199095022624,244.00000000000003,579.5000000000002,1316.0,2166666.6666666665,82.0,8.2e-08,7,1.727e-06,0.6434617411501404,1.335552982049798,3.3746381007527515,0.3546223433035588,0.7031847133757968,1.620150550086856,0.256927785590206,0.5169658367110598,1.2229299363057329,0.21740995522005596,0.44122756224667053,0.8685581933989578,0.18000115283742113,0.3355529820497975,0.7620150550086856,0.04748118123914303
fair_v4_randomized_balanced_ofdm_training,OFDM,20262005,-15,1000000000.0,5000000.0,1020,0.0155968420658744,0.0493751344211736,0.5629523241835446,10.02174234399076,10.00943232968275,5350112.915039062,0.8857057838021312,0.4642469865701368,0.0986212682900301,0.8327421203701696,1.5078872370736824,2.188619216525262,2.803717846113169,0.0009705882352941,0.0009705882352941,66.0,45.00000000000001,97.8,111.0,14705.882352941177,0.0,0.0,0.0,0.0,0.0,0.0,0.0,0.0,0.0,0.0,0.0,0.0,0.0,0.0,0.0,0.0,0.0,0.0,0.0,0.0,0.0,0.0,0.0,0.0,0.0,0.0,0.0,0.0,95.0,9.5e-08,0,1.727e-06,0.038216560509554146,0.056629994209612046,0.06427330631152288,0.0,0.0,0.0,0.0,0.0,0.0,0.0,0.0,0.0,0.0,0.0,0.0,0.055008685581933996
fair_v4_randomized_balanced_ofdm_training,OFDM,20262005,-10,1000000000.0,5000000.0,1020,0.0277355431073735,0.0878027849090771,1.001086526929154,10.02174234399076,10.00943232968275,5350112.915039062,0.8857057838021312,0.4642469865701368,0.0986212682900301,0.8327421203701696,1.5078872370736824,2.188619216525262,2.803717846113169,0.0792058823529411,0.0792058823529411,115.41428571428573,112.5,171.10000000000002,397.0,686274.5098039214,0.0048823529411764,0.0048823529411764,90.54545454545456,89.0,144.00000000000003,175.00000000000003,53921.56862745097,5.392156862745098e-05,5.392156862745098e-05,11.000000000000002,11.000000000000002,11.000000000000002,11.000000000000002,4901.960784313725,0.0,0.0,0.0,0.0,0.0,0.0,0.0,0.0,0.0,0.0,0.0,0.0,0.0,0.0,95.0,9.5e-08,0,1.727e-06,0.0668293489949541,0.09907353792704114,0.22987840185292416,0.05242933094699165,0.08338158656629997,0.10133178922987843,0.006369426751592359,0.006369426751592359,0.006369426751592359,0.0,0.0,0.0,0.0,0.0,0.0,0.055008685581933996
fair_v4_randomized_balanced_ofdm_training,OFDM,20262005,-6,1000000000.0,5000000.0,1020,0.043957873460088,0.1391580360815237,1.5866152215945553,10.02174234399076,10.00943232968275,5350112.915039062,0.8857057838021312,0.4642469865701368,0.0986212682900301,0.8327421203701696,1.5078872370736824,2.188619216525262,2.803717846113169,0.3651960784313725,0.3651960784313725,179.9516908212561,165.0,316.70000000000005,697.0000000000001,2029411.7647058824,0.1037401960784313,0.1037401960784313,118.2290502793296,116.0,181.4000000000001,418.0,877450.9803921568,0.0192058823529411,0.0192058823529411,100.46153846153848,90.00000000000001,165.40000000000003,224.00000000000003,191176.47058823527,0.0033039215686274,0.0033039215686274,74.88888888888889,51.0,128.4,158.0,44117.64705882352,0.0003725490196078,0.0003725490196078,76.0,76.0,76.0,76.0,4901.960784313725,95.0,9.5e-08,0,1.727e-06,0.10419901031919869,0.1833815865663,0.4035900405327158,0.06845920687859271,0.10503763752171402,0.24203821656050956,0.058171128234822525,0.0957730167921251,0.12970469021424438,0.04336357202599241,0.07434858135495079,0.09148812970469022,0.044006948465547195,0.044006948465547195,0.044006948465547195,0.055008685581933996
fair_v4_randomized_balanced_ofdm_training,OFDM,20262005,-3,1000000000.0,5000000.0,1020,0.0620921466441504,0.1965659506011201,2.24115356937226,10.02174234399076,10.00943232968275,5350112.915039062,0.8857057838021312,0.4642469865701368,0.0986212682900301,0.8327421203701696,1.5078872370736824,2.188619216525262,2.803717846113169,0.6090980392156863,0.6090980392156863,257.25879917184267,209.0,471.4,1159.0,2367647.058823529,0.3221519607843137,0.3221519607843137,169.37886597938143,155.0,288.20000000000005,687.0,1901960.7843137253,0.1334656862745098,0.1334656862745098,127.22897196261682,124.0,200.6000000000001,438.00000000000006,1049019.607843137,0.0423774509803921,0.0423774509803921,105.42682926829268,104.0,160.70000000000002,322.0,401960.7843137254,0.0129509803921568,0.0129509803921568,88.06666666666669,78.00000000000001,152.60000000000002,207.0,147058.82352941175,95.0,9.5e-08,0,1.727e-06,0.14896282522978732,0.27295888824551245,0.6711059640995947,0.09807693455667715,0.1668789808917198,0.3977996525767227,0.07367051069057141,0.11615518239722068,0.2536189924724957,0.06104622424336577,0.09305153445280835,0.18645049218297627,0.05099401659911216,0.08836132020845398,0.11986103068905618,0.055008685581933996
fair_v4_randomized_balanced_ofdm_training,OFDM,20262005,0,1000000000.0,5000000.0,1020,0.0877074883610843,0.2776567852185438,3.165713560003615,10.02174234399076,10.00943232968275,5350112.915039062,0.8857057838021312,0.4642469865701368,0.0986212682900301,0.8327421203701696,1.5078872370736824,2.188619216525262,2.803717846113169,0.7812058823529412,0.7812058823529412,359.7426636568849,295.00000000000006,673.0000000000001,1573.0,2171568.62745098,0.5705735294117648,0.5705735294117648,242.49375,199.5,444.9000000000002,954.0,2352941.176470588,0.3634607843137254,0.3634607843137254,178.66506024096387,164.0,315.6,697.0000000000001,2034313.725490196,0.2103088235294117,0.2103088235294117,143.96979865771814,139.0,231.30000000000004,657.0,1460784.31372549,0.1026323529411764,0.1026323529411764,117.62359550561796,115.0,181.30000000000004,416.0,872549.019607843,95.0,9.5e-08,0,1.727e-06,0.20830495868956855,0.38969310943833246,0.910828025477707,0.14041328894035904,0.257614360162131,0.5524030110017372,0.10345400129760503,0.18274464389114073,0.4035900405327158,0.08336409881743959,0.1339316734221193,0.3804284887087435,0.06810862507563287,0.10497973364215406,0.24088013896931096,0.055008685581933996
fair_v4_randomized_balanced_ofdm_training,OFDM,20262005,3,1000000000.0,5000000.0,1020,0.1238901202545948,0.3922006336404494,4.471689259026464,10.02174234399076,10.00943232968275,5350112.915039062,0.8857057838021312,0.4642469865701368,0.0986212682900301,0.8327421203701696,1.5078872370736824,2.188619216525262,2.803717846113169,0.8835049019607844,0.8835049019607844,531.6666666666667,451.0,1044.2,2159.0,1661764.7058823528,0.7566813725490196,0.7566813725490196,338.51535087719304,274.5,630.5,1566.0000000000002,2235294.1176470583,0.6076372549019607,0.6076372549019607,256.64182194616984,209.0,470.6,1159.0,2367647.058823529,0.4542990196078431,0.4542990196078431,204.5849889624724,185.0,360.80000000000007,870.0,2220588.2352941176,0.3204950980392156,0.3204950980392156,168.9431524547804,154.0,287.2000000000001,687.0,1897058.823529412,95.0,9.5e-08,0,1.727e-06,0.30785562632696395,0.6046323103647945,1.2501447596989,0.19601352106380607,0.3650839606253619,0.9067747539085121,0.14860557148012152,0.272495657209033,0.6711059640995947,0.11846264560652718,0.20891719745222936,0.5037637521713956,0.09782463952216584,0.16629994209612053,0.3977996525767227,0.055008685581933996
fair_v4_randomized_balanced_ofdm_training,OFDM,20262005,6,1000000000.0,5000000.0,1020,0.1749994462674431,0.5539981200419688,6.316428966261185,10.02174234399076,10.00943232968275,5350112.915039062,0.8857057838021312,0.4642469865701368,0.0986212682900301,0.8327421203701696,1.5078872370736824,2.188619216525262,2.803717846113169,0.9375392156862744,0.9375392156862744,719.0150375939851,557.5,1405.0,4229.000000000001,1303921.5686274508,0.869343137254902,0.869343137254902,485.8794520547945,405.00000000000006,968.6000000000004,2149.0,1789215.6862745096,0.7802205882352942,0.7802205882352942,358.4797297297298,294.5,671.5,1573.0,2176470.588235294,0.6778627450980392,0.6778627450980392,288.6931106471817,232.0,539.0,1176.0,2348039.215686274,0.5688578431372548,0.5688578431372548,244.3094736842105,203.0,448.4000000000002,953.0,2328431.37254902,95.0,9.5e-08,0,1.727e-06,0.4163376013862103,0.8135495078170238,2.448755066589462,0.2813430527242586,0.5608569774174872,1.2443543717429069,0.2075736709494672,0.3888245512449335,0.910828025477707,0.16716451108696104,0.3121019108280255,0.680949623624783,0.14146466339560537,0.25964099594672857,0.5518239722061379,0.055008685581933996
fair_v4_randomized_balanced_ofdm_training,OFDM,20262105,-15,1000000000.0,5000000.0,1020,0.0155968420658744,0.0479877459782988,0.5471339662667954,9.466454537293703,9.761873535335376,5349636.077880858,0.8867446581216948,0.4622595713369696,0.0998627767192359,0.8382765381283308,1.5239762704969997,2.147256279638184,2.7406529088549525,0.0004362745098039,0.0004362745098039,89.0,89.0,89.0,89.0,4901.960784313725,0.0,0.0,0.0,0.0,0.0,0.0,0.0,0.0,0.0,0.0,0.0,0.0,0.0,0.0,0.0,0.0,0.0,0.0,0.0,0.0,0.0,0.0,0.0,0.0,0.0,0.0,0.0,0.0,92.0,9.2e-08,1,1.727e-06,0.05153445280833816,0.05153445280833816,0.05153445280833816,0.0,0.0,0.0,0.0,0.0,0.0,0.0,0.0,0.0,0.0,0.0,0.0,0.05327156919513608
fair_v4_randomized_balanced_ofdm_training,OFDM,20262105,-10,1000000000.0,5000000.0,1020,0.0277355431073735,0.0853356206073869,0.9729570667451728,9.466454537293703,9.761873535335376,5349636.077880858,0.8867446581216948,0.4622595713369696,0.0998627767192359,0.8382765381283308,1.5239762704969997,2.147256279638184,2.7406529088549525,0.0850686274509803,0.0850686274509803,114.9271523178808,105.0,186.00000000000003,417.00000000000006,740196.0784313724,0.0045,0.0045,91.8,90.5,129.50000000000003,152.0,49019.60784313725,0.0,0.0,0.0,0.0,0.0,0.0,0.0,0.0,0.0,0.0,0.0,0.0,0.0,0.0,0.0,0.0,0.0,0.0,0.0,0.0,0.0,92.0,9.2e-08,1,1.727e-06,0.06654727985980359,0.1077012159814708,0.2414591777649103,0.05315576143601622,0.07498552403011004,0.08801389693109439,0.0,0.0,0.0,0.0,0.0,0.0,0.0,0.0,0.0,0.05327156919513608
fair_v4_randomized_balanced_ofdm_training,OFDM,20262105,-6,1000000000.0,5000000.0,1020,0.043957873460088,0.1352478441750919,1.5420330316413575,9.466454537293703,9.761873535335376,5349636.077880858,0.8867446581216948,0.4622595713369696,0.0998627767192359,0.8382765381283308,1.5239762704969997,2.147256279638184,2.7406529088549525,0.3673529411764706,0.3673529411764706,173.07159353348732,157.00000000000003,286.20000000000005,844.0000000000001,2122549.019607843,0.1070441176470588,0.1070441176470588,126.2254335260116,118.0,198.60000000000005,434.00000000000006,848039.2156862745,0.0173333333333333,0.0173333333333333,95.5675675675676,95.0,159.39999999999995,202.0,181372.54901960783,0.0029460784313725,0.0029460784313725,75.125,73.0,114.3,136.0,39215.6862745098,0.0002401960784313,0.0002401960784313,49.0,49.0,49.0,49.0,4901.960784313725,92.0,9.2e-08,1,1.727e-06,0.100215167072083,0.16572090330052117,0.48870874348581367,0.07308942300290192,0.11499710480602204,0.2513028372900985,0.05533732922267956,0.09229878401852921,0.11696583671105965,0.04350028951939781,0.06618413433700059,0.0787492762015055,0.028372900984365956,0.028372900984365956,0.028372900984365956,0.05327156919513608
fair_v4_randomized_balanced_ofdm_training,OFDM,20262105,-3,1000000000.0,5000000.0,1020,0.0620921466441504,0.1910426577266052,2.178179552241865,9.466454537293703,9.761873535335376,5349636.077880858,0.8867446581216948,0.4622595713369696,0.0998627767192359,0.8382765381283308,1.5239762704969997,2.147256279638184,2.7406529088549525,0.6066519607843137,0.6066519607843137,252.0509164969449,211.00000000000003,470.00000000000006,1721.0000000000002,2406862.745098039,0.3195245098039215,0.3195245098039215,162.95749999999998,151.00000000000003,270.1,823.0000000000001,1960784.31372549,0.1326470588235294,0.1326470588235294,130.7246376811594,128.0,211.00000000000003,450.00000000000006,1014705.8823529412,0.0447794117647058,0.0447794117647058,99.29347826086956,87.00000000000001,165.70000000000005,250.00000000000003,450980.3921568627,0.0112058823529411,0.0112058823529411,91.44,77.0,161.20000000000002,185.0,122549.01960784312,92.0,9.2e-08,1,1.727e-06,0.145947259118092,0.2721482339316735,0.9965257672264044,0.09435871453387376,0.15639837869137233,0.4765489287782283,0.0756946367580541,0.12217718587145342,0.2605674580196874,0.0574947760630397,0.0959467284308049,0.14475969889982632,0.05294730746960047,0.09334105385060801,0.10712217718587146,0.05327156919513608
fair_v4_randomized_balanced_ofdm_training,OFDM,20262105,0,1000000000.0,5000000.0,1020,0.0877074883610843,0.2698549266633442,3.0767603964712147,9.466454537293703,9.761873535335376,5349636.077880858,0.8867446581216948,0.4622595713369696,0.0998627767192359,0.8382765381283308,1.5239762704969997,2.147256279638184,2.7406529088549525,0.7808627450980392,0.7808627450980392,336.0675105485232,254.00000000000003,654.9999999999998,2352.0,2323529.4117647056,0.5700686274509804,0.5700686274509804,238.3073770491804,201.0,447.0,1703.0,2392156.862745098,0.3655049019607843,0.3655049019607843,173.0,156.00000000000003,287.0,844.0000000000001,2112745.0980392154,0.2071029411764706,0.2071029411764706,139.8973509933775,128.50000000000003,234.0,491.00000000000006,1480392.1568627448,0.106156862745098,0.106156862745098,125.1791907514451,117.0,198.60000000000005,432.0,848039.2156862745,92.0,9.2e-08,1,1.727e-06,0.19459612654807368,0.3792704111175447,1.361899247249566,0.1379892165889869,0.2588303416328894,0.9861030689056167,0.1001737116386798,0.1661841343370006,0.48870874348581367,0.08100599362673856,0.13549507817023743,0.28430804863925885,0.07248360784681246,0.11499710480602204,0.2501447596988998,0.05327156919513608
fair_v4_randomized_balanced_ofdm_training,OFDM,20262105,3,1000000000.0,5000000.0,1020,0.1238901202545948,0.3811802155133937,4.346039575823982,9.466454537293703,9.761873535335376,5349636.077880858,0.8867446581216948,0.4622595713369696,0.0998627767192359,0.8382765381283308,1.5239762704969997,2.147256279638184,2.7406529088549525,0.8881372549019608,0.8881372549019608,506.0893854748604,394.5,1007.9,2597.0000000000005,1754901.9607843135,0.7536225490196078,0.7536225490196078,316.33539094650206,244.50000000000009,600.5,2345.0,2382352.9411764704,0.6052647058823529,0.6052647058823529,250.4543610547668,211.00000000000003,468.8000000000001,1719.0000000000002,2416666.6666666665,0.460421568627451,0.460421568627451,203.3030303030304,177.0,355.50000000000017,1092.0,2264705.8823529407,0.3173382352941176,0.3173382352941176,163.47727272727272,151.00000000000003,269.5,823.0000000000001,1941176.470588235,92.0,9.2e-08,1,1.727e-06,0.2930453882309557,0.5836132020845397,1.503763752171396,0.1831704637790979,0.34771279675738276,1.3578459756803707,0.14502279157774572,0.27145338737695435,0.9953676896352058,0.11772034180835578,0.2058482918355531,0.6323103647944412,0.09465968310785915,0.15605095541401276,0.4765489287782283,0.05327156919513608
fair_v4_randomized_balanced_ofdm_training,OFDM,20262105,6,1000000000.0,5000000.0,1020,0.1749994462674432,0.5384313656800616,6.138944071267724,9.466454537293703,9.761873535335376,5349636.077880858,0.8867446581216948,0.4622595713369696,0.0998627767192359,0.8382765381283308,1.5239762704969997,2.147256279638184,2.7406529088549525,0.9408235294117648,0.9408235294117648,716.1492537313434,501.5,1410.2000000000005,3807.0,1313725.4901960783,0.8751666666666666,0.8751666666666666,473.56498673740055,367.00000000000006,952.8000000000004,2539.0,1848039.2156862745,0.7798088235294117,0.7798088235294117,335.61392405063293,254.00000000000003,654.2999999999998,2352.0,2323529.4117647056,0.6735098039215687,0.6735098039215687,274.2435129740519,226.0,530.0,1799.0,2455882.3529411764,0.5685539215686275,0.5685539215686275,237.18813905930472,201.0,445.0,1702.0000000000002,2397058.823529412,92.0,9.2e-08,1,1.727e-06,0.4146782013499383,0.8165605095541404,2.204400694846555,0.27421249955842536,0.5517081644470182,1.470179502026636,0.19433348236863518,0.37886508396062535,1.361899247249566,0.15879763345341744,0.30689056166763173,1.04169079328315,0.13734113437134032,0.2576722640416908,0.9855240301100177,0.05327156919513608
fair_v4_randomized_balanced_ofdm_training,OFDM,20262205,-15,1000000000.0,5000000.0,1020,0.0155968420658744,0.0431529629349902,0.4920100180880006,7.655047529446392,8.839478915348957,5350589.752197265,0.8871088212291404,0.4615603311566594,0.0944452132240286,0.8361099814992465,1.519138069276076,2.108399633495849,2.537284409045894,0.0,0.0,0.0,0.0,0.0,0.0,0.0,0.0,0.0,0.0,0.0,0.0,0.0,0.0,0.0,0.0,0.0,0.0,0.0,0.0,0.0,0.0,0.0,0.0,0.0,0.0,0.0,0.0,0.0,0.0,0.0,0.0,0.0,0.0,0.0,95.0,9.5e-08,2,1.727e-06,0.0,0.0,0.0,0.0,0.0,0.0,0.0,0.0,0.0,0.0,0.0,0.0,0.0,0.0,0.0,0.055008685581933996
fair_v4_randomized_balanced_ofdm_training,OFDM,20262205,-10,1000000000.0,5000000.0,1020,0.0277355431073735,0.0767380254694658,0.8749312846987695,7.655047529446392,8.839478915348957,5350589.752197265,0.8871088212291404,0.4615603311566594,0.0944452132240286,0.8361099814992465,1.519138069276076,2.108399633495849,2.537284409045894,0.0818480392156862,0.0818480392156862,114.36301369863016,111.0,172.5,405.00000000000006,715686.2745098039,0.002563725490196,0.002563725490196,74.71428571428571,78.00000000000001,98.60000000000002,116.0,34313.72549019608,0.0,0.0,0.0,0.0,0.0,0.0,0.0,0.0,0.0,0.0,0.0,0.0,0.0,0.0,0.0,0.0,0.0,0.0,0.0,0.0,0.0,95.0,9.5e-08,2,1.727e-06,0.06622062171316165,0.09988419224088015,0.23451071221771866,0.04326247001406237,0.057093225246091506,0.0671685002895194,0.0,0.0,0.0,0.0,0.0,0.0,0.0,0.0,0.0,0.055008685581933996
fair_v4_randomized_balanced_ofdm_training,OFDM,20262205,-6,1000000000.0,5000000.0,1020,0.043957873460088,0.121621574169464,1.386672636990336,7.655047529446392,8.839478915348957,5350589.752197265,0.8871088212291404,0.4615603311566594,0.0944452132240286,0.8361099814992465,1.519138069276076,2.108399633495849,2.537284409045894,0.3757941176470588,0.3757941176470588,184.7277108433736,164.0,320.6000000000001,670.0,2034313.725490196,0.1078186274509803,0.1078186274509803,117.62032085561498,113.0,183.2,417.00000000000006,916666.6666666664,0.0181519607843137,0.0181519607843137,80.5,75.50000000000001,128.0,168.00000000000003,225490.19607843136,0.0013333333333333,0.0013333333333333,54.40000000000001,56.00000000000001,80.60000000000001,95.0,24509.803921568626,0.0,0.0,0.0,0.0,0.0,0.0,0.0,95.0,9.5e-08,2,1.727e-06,0.10696451120056376,0.1856398378691373,0.3879559930515345,0.06810672892623913,0.1060799073537927,0.2414591777649103,0.04661262304574407,0.07411696583671107,0.0972785176606833,0.03149971048060221,0.046670526925304004,0.055008685581933996,0.0,0.0,0.0,0.055008685581933996
fair_v4_randomized_balanced_ofdm_training,OFDM,20262205,-3,1000000000.0,5000000.0,1020,0.0620921466441504,0.1717950397504889,1.9587271618498887,7.655047529446392,8.839478915348957,5350589.752197265,0.8871088212291404,0.4615603311566594,0.0944452132240286,0.8361099814992465,1.519138069276076,2.108399633495849,2.537284409045894,0.6050098039215687,0.6050098039215687,252.39672801636,210.0,455.2,1432.0,2397058.823529412,0.3286960784313725,0.3286960784313725,171.0561224489796,155.5,293.4000000000002,662.0000000000001,1921568.62745098,0.138063725490196,0.138063725490196,128.6073059360731,122.0,196.40000000000003,430.0,1073529.4117647058,0.044485294117647,0.044485294117647,101.96629213483148,101.0,148.00000000000003,382.0,436274.5098039215,0.0093382352941176,0.0093382352941176,68.03571428571429,71.00000000000001,121.40000000000002,152.0,137254.9019607843,95.0,9.5e-08,2,1.727e-06,0.1461474974037985,0.2635784597568037,0.829183555298205,0.09904813112274442,0.16988998262883628,0.3833236826867401,0.07446861953449514,0.11372321945570356,0.24898668210770122,0.05904243898947973,0.08569774174869718,0.22119281991893458,0.039395318057738445,0.07029530978575566,0.08801389693109439,0.055008685581933996
fair_v4_randomized_balanced_ofdm_training,OFDM,20262205,0,1000000000.0,5000000.0,1020,0.0877074883610843,0.242666943627524,2.766775655785339,7.655047529446392,8.839478915348957,5350589.752197265,0.8871088212291404,0.4615603311566594,0.0944452132240286,0.8361099814992465,1.519138069276076,2.108399633495849,2.537284409045894,0.7807401960784314,0.7807401960784314,365.30045871559633,268.50000000000006,706.0000000000001,2237.0000000000005,2137254.901960784,0.5673186274509804,0.5673186274509804,239.11776859504133,203.0,430.1,929.0,2372549.019607843,0.3741274509803922,0.3741274509803922,184.3526570048309,164.50000000000003,319.7,670.0,2029411.7647058824,0.2133578431372549,0.2133578431372549,146.05704697986576,138.00000000000003,229.60000000000005,637.0,1460784.31372549,0.1064509803921568,0.1064509803921568,116.752688172043,113.0,180.00000000000003,417.00000000000006,911764.7058823528,95.0,9.5e-08,2,1.727e-06,0.21152313764655262,0.4088013896931096,1.2953097857556461,0.13845846473366608,0.2490445859872612,0.5379270411117545,0.1067473404776091,0.18511870295309785,0.3879559930515345,0.0845726965720126,0.1329473074696005,0.3688477127967574,0.06760433594212102,0.10422698320787496,0.2414591777649103,0.055008685581933996
fair_v4_randomized_balanced_ofdm_training,OFDM,20262205,3,1000000000.0,5000000.0,1020,0.1238901202545948,0.3427761687127312,3.908174491345034,7.655047529446392,8.839478915348957,5350589.752197265,0.8871088212291404,0.4615603311566594,0.0944452132240286,0.8361099814992465,1.519138069276076,2.108399633495849,2.537284409045894,0.8821274509803921,0.8821274509803921,527.7243401759531,378.0,1170.0,2479.0000000000005,1671568.6274509802,0.7559264705882353,0.7559264705882353,339.66740088105735,260.5,641.0000000000001,1852.0,2225490.196078432,0.6035392156862746,0.6035392156862746,250.75763747454167,210.0,450.00000000000006,1431.0000000000002,2406862.745098039,0.4603627450980392,0.4603627450980392,205.50109409190367,176.00000000000003,353.40000000000003,904.0,2240196.078431372,0.3268039215686275,0.3268039215686275,171.38303341902315,156.00000000000003,292.20000000000005,662.0000000000001,1906862.745098039,95.0,9.5e-08,2,1.727e-06,0.3055728663439219,0.677475390851187,1.435437174290678,0.19668060271051382,0.37116386797915474,1.0723798494499133,0.14519840039058582,0.2605674580196874,0.8286045165026059,0.1189931060173154,0.20463231036479448,0.5234510712217719,0.09923742525710663,0.16919513607411701,0.3833236826867401,0.055008685581933996
fair_v4_randomized_balanced_ofdm_training,OFDM,20262205,6,1000000000.0,5000000.0,1020,0.1749994462674431,0.4841842077086762,5.520443199961795,7.655047529446392,8.839478915348957,5350589.752197265,0.8871088212291404,0.4615603311566594,0.0944452132240286,0.8361099814992465,1.519138069276076,2.108399633495849,2.537284409045894,0.9386470588235294,0.9386470588235294,797.85,594.5,1914.9,2895.0000000000005,1176470.588235294,0.8678382352941176,0.8678382352941176,490.4127423822715,369.00000000000006,1078.0,2472.0,1769607.8431372547,0.7798088235294117,0.7798088235294117,364.8646788990826,268.50000000000006,705.5000000000001,2237.0000000000005,2137254.901960784,0.6755441176470588,0.6755441176470588,279.53549695740367,224.00000000000003,492.4,1450.0,2416666.6666666665,0.5659754901960784,0.5659754901960784,238.551652892562,202.50000000000003,429.4,929.0,2372549.019607843,95.0,9.5e-08,2,1.727e-06,0.4619861030689057,1.1088013896931095,1.676317313259989,0.28396800369558284,0.624203821656051,1.4313839027214825,0.21127080422645203,0.4085118702953099,1.2953097857556461,0.16186189748546825,0.2851187029530979,0.8396062536189925,0.1381306617791326,0.24863925883034166,0.5379270411117545,0.055008685581933996
fair_v4_randomized_balanced_ofdm_training,OFDM,20262305,-15,1000000000.0,5000000.0,1020,0.0155968420658744,0.0420329791383854,0.4792404836100111,7.262848674664709,8.611069954979314,5351066.589355468,0.8849764000718752,0.4656358784670959,0.0937852213511985,0.8285240390415385,1.5275275113238125,2.165165888309976,2.448089904934228,0.0,0.0,0.0,0.0,0.0,0.0,0.0,0.0,0.0,0.0,0.0,0.0,0.0,0.0,0.0,0.0,0.0,0.0,0.0,0.0,0.0,0.0,0.0,0.0,0.0,0.0,0.0,0.0,0.0,0.0,0.0,0.0,0.0,0.0,0.0,93.0,9.300000000000005e-08,3,1.727e-06,0.0,0.0,0.0,0.0,0.0,0.0,0.0,0.0,0.0,0.0,0.0,0.0,0.0,0.0,0.0,0.05385060799073541
fair_v4_randomized_balanced_ofdm_training,OFDM,20262305,-10,1000000000.0,5000000.0,1020,0.0277355431073735,0.0747463813443864,0.8522234844607786,7.262848674664709,8.611069954979314,5351066.589355468,0.8849764000718752,0.4656358784670959,0.0937852213511985,0.8285240390415385,1.5275275113238125,2.165165888309976,2.448089904934228,0.0858529411764705,0.0858529411764705,112.2692307692308,113.5,165.0,303.0,764705.8823529411,0.0025588235294117,0.0025588235294117,43.50000000000001,33.00000000000001,93.70000000000005,111.0,58823.5294117647,0.0,0.0,0.0,0.0,0.0,0.0,0.0,0.0,0.0,0.0,0.0,0.0,0.0,0.0,0.0,0.0,0.0,0.0,0.0,0.0,0.0,93.0,9.300000000000005e-08,3,1.727e-06,0.06500824016747586,0.09554140127388536,0.17544875506658947,0.025188187608569782,0.05425593514765492,0.06427330631152288,0.0,0.0,0.0,0.0,0.0,0.0,0.0,0.0,0.0,0.05385060799073541
fair_v4_randomized_balanced_ofdm_training,OFDM,20262305,-6,1000000000.0,5000000.0,1020,0.043957873460088,0.1184650309538204,1.350683198977377,7.262848674664709,8.611069954979314,5351066.589355468,0.8849764000718752,0.4656358784670959,0.0937852213511985,0.8285240390415385,1.5275275113238125,2.165165888309976,2.448089904934228,0.3637745098039215,0.3637745098039215,175.8530805687204,165.5,280.0,635.0000000000001,2068627.450980392,0.1084509803921568,0.1084509803921568,121.56043956043956,121.50000000000004,179.0,327.0,892156.862745098,0.0198872549019607,0.0198872549019607,88.19565217391306,89.5,136.0,218.00000000000003,225490.19607843136,0.0007598039215686,0.0007598039215686,77.5,77.5,78.7,79.0,9803.92156862745,0.0,0.0,0.0,0.0,0.0,0.0,0.0,93.0,9.300000000000005e-08,3,1.727e-06,0.10182575597493944,0.16213086276780547,0.36768963520555886,0.07038821051559906,0.10364794441227562,0.1893456861609728,0.05106870421187786,0.0787492762015055,0.12623045744064856,0.04487550665894615,0.04557035321366532,0.04574406485234511,0.0,0.0,0.0,0.05385060799073541
fair_v4_randomized_balanced_ofdm_training,OFDM,20262305,-3,1000000000.0,5000000.0,1020,0.0620921466441504,0.1673363039471681,1.907890729446712,7.262848674664709,8.611069954979314,5351066.589355468,0.8849764000718752,0.4656358784670959,0.0937852213511985,0.8285240390415385,1.5275275113238125,2.165165888309976,2.448089904934228,0.6071127450980393,0.6071127450980393,256.42028985507244,213.00000000000003,481.40000000000026,1384.0,2367647.058823529,0.3219901960784314,0.3219901960784314,167.13994910941474,159.0,261.0,625.0,1926470.588235294,0.135906862745098,0.135906862745098,128.95348837209306,125.0,192.6,346.0,1053921.5686274508,0.0487401960784313,0.0487401960784313,97.48039215686276,96.0,142.0,271.00000000000006,500000.0,0.0127254901960784,0.0127254901960784,76.3529411764706,73.0,123.8,175.00000000000003,166666.66666666666,93.0,9.300000000000005e-08,3,1.727e-06,0.1484772958049059,0.2787492762015057,0.8013896931094384,0.09678051482884469,0.15112912565141867,0.36189924724956574,0.07466907259530578,0.11152287203242618,0.2003474232773596,0.056444928869057776,0.08222350897510133,0.15691951360741174,0.044211315099288134,0.07168500289519399,0.10133178922987843,0.05385060799073541
fair_v4_randomized_balanced_ofdm_training,OFDM,20262305,0,1000000000.0,5000000.0,1020,0.0877074883610843,0.2363688119037798,2.694967286381174,7.262848674664709,8.611069954979314,5351066.589355468,0.8849764000718752,0.4656358784670959,0.0937852213511985,0.8285240390415385,1.5275275113238125,2.165165888309976,2.448089904934228,0.7827647058823529,0.7827647058823529,366.2477064220184,285.5,708.0,2113.0,2137254.901960784,0.5700441176470589,0.5700441176470589,237.3244897959184,201.0,430.0,940.0,2401960.7843137253,0.3620980392156863,0.3620980392156863,174.62884160756502,164.0,278.0,634.0000000000001,2073529.4117647056,0.20775,0.20775,143.66440677966102,135.0,221.0,596.0,1446078.431372549,0.1074411764705882,0.1074411764705882,121.7666666666667,121.50000000000004,178.1,327.0,882352.9411764705,93.0,9.300000000000005e-08,3,1.727e-06,0.21207163081761346,0.4099594672843081,1.2235089751013317,0.1374200867376482,0.24898668210770122,0.544296467863347,0.10111687412134629,0.16097278517660685,0.3671105964099596,0.08318726507218357,0.12796757382744645,0.34510712217718587,0.07050762401080875,0.10312680949623626,0.1893456861609728,0.05385060799073541
fair_v4_randomized_balanced_ofdm_training,OFDM,20262305,3,1000000000.0,5000000.0,1020,0.1238901202545948,0.3338798211919628,3.806742473543511,7.262848674664709,8.611069954979314,5351066.589355468,0.8849764000718752,0.4656358784670959,0.0937852213511985,0.8285240390415385,1.5275275113238125,2.165165888309976,2.448089904934228,0.8798627450980392,0.8798627450980392,518.7630057803468,387.5,1046.0,2880.0000000000005,1696078.431372549,0.7579754901960785,0.7579754901960785,342.09513274336285,268.0,641.7000000000002,2100.0,2215686.274509804,0.6058137254901961,0.6058137254901961,255.8716356107661,212.00000000000003,480.6000000000002,1384.0,2367647.058823529,0.4521225490196078,0.4521225490196078,197.92489270386267,179.0,342.0,715.0,2284313.725490196,0.3202450980392157,0.3202450980392157,166.65816326530611,158.0,259.90000000000003,625.0,1921568.62745098,93.0,9.300000000000005e-08,3,1.727e-06,0.30038390606852744,0.6056745801968733,1.6676317313259994,0.19808635364410127,0.3715691951360743,1.215981470758541,0.14815960371208228,0.2782860451650262,0.8013896931094384,0.11460619149036634,0.19803126809496238,0.4140127388535032,0.09650154213393522,0.15049218297625944,0.36189924724956574,0.05385060799073541
fair_v4_randomized_balanced_ofdm_training,OFDM,20262305,6,1000000000.0,5000000.0,1020,0.1749994462674432,0.4716177828255794,5.377166666590301,7.262848674664709,8.611069954979314,5351066.589355468,0.8849764000718752,0.4656358784670959,0.0937852213511985,0.8285240390415385,1.5275275113238125,2.165165888309976,2.448089904934228,0.9335735294117647,0.9335735294117647,718.6754716981133,479.0,1677.4,3894.000000000001,1299019.607843137,0.8667254901960785,0.8667254901960785,496.6629213483147,375.50000000000006,998.0,2871.0,1745098.039215686,0.7818235294117647,0.7818235294117647,365.8073394495413,285.0,707.0000000000001,2113.0,2137254.901960784,0.6729460784313726,0.6729460784313726,282.47119341563786,231.00000000000003,518.0,1411.0000000000002,2382352.9411764704,0.5684166666666667,0.5684166666666667,236.16496945010184,201.0,423.0,939.0,2406862.745098039,93.0,9.300000000000005e-08,3,1.727e-06,0.41614097955883805,0.9712796757382747,2.254777070063695,0.28758709979636055,0.5778807180081066,1.6624203821656052,0.2118166412562486,0.40938042848870887,1.2235089751013317,0.1635617796268893,0.2999420961204401,0.8170237405906198,0.13674867947313366,0.2449334105385061,0.5437174290677476,0.05385060799073541
fair_v4_randomized_balanced_ofdm_training,OFDM,20262405,-15,1000000000.0,5000000.0,1020,0.0155968420658744,0.0441499663345571,0.5033773872624814,8.012857226259827,9.037874045156606,5349159.240722655,0.8882909303690877,0.459281202558978,0.1045202925830787,0.8333344691867806,1.5232883386591507,2.127089864899029,2.4677798058323086,0.0001127450980392,0.0001127450980392,23.0,23.0,23.0,23.0,4901.960784313725,0.0,0.0,0.0,0.0,0.0,0.0,0.0,0.0,0.0,0.0,0.0,0.0,0.0,0.0,0.0,0.0,0.0,0.0,0.0,0.0,0.0,0.0,0.0,0.0,0.0,0.0,0.0,0.0,92.0,9.2e-08,4,1.727e-06,0.01331789229878402,0.01331789229878402,0.01331789229878402,0.0,0.0,0.0,0.0,0.0,0.0,0.0,0.0,0.0,0.0,0.0,0.0,0.05327156919513608
fair_v4_randomized_balanced_ofdm_training,OFDM,20262405,-10,1000000000.0,5000000.0,1020,0.0277355431073735,0.0785109760866545,0.8951456432480597,8.012857226259827,9.037874045156606,5349159.240722655,0.8882909303690877,0.459281202558978,0.1045202925830787,0.8333344691867806,1.5232883386591507,2.127089864899029,2.4677798058323086,0.0837941176470588,0.0837941176470588,115.50000000000004,112.0,186.00000000000003,377.0,725490.1960784313,0.0022303921568627,0.0022303921568627,65.0,56.00000000000001,98.8,115.0,34313.72549019608,0.0,0.0,0.0,0.0,0.0,0.0,0.0,0.0,0.0,0.0,0.0,0.0,0.0,0.0,0.0,0.0,0.0,0.0,0.0,0.0,0.0,92.0,9.2e-08,4,1.727e-06,0.06687898089171977,0.1077012159814708,0.21829762594093804,0.03763752171395483,0.05720903300521135,0.0665894614939201,0.0,0.0,0.0,0.0,0.0,0.0,0.0,0.0,0.0,0.05327156919513608
fair_v4_randomized_balanced_ofdm_training,OFDM,20262405,-6,1000000000.0,5000000.0,1020,0.043957873460088,0.124431511533216,1.4187102362450743,8.012857226259827,9.037874045156606,5349159.240722655,0.8882909303690877,0.459281202558978,0.1045202925830787,0.8333344691867806,1.5232883386591507,2.127089864899029,2.4677798058323086,0.3684460784313725,0.3684460784313725,177.6903073286052,158.0,309.8,578.0,2073529.4117647056,0.1084166666666666,0.1084166666666666,121.521978021978,120.5,195.50000000000003,445.0,892156.862745098,0.0183039215686274,0.0183039215686274,82.97777777777779,81.00000000000001,141.4,181.00000000000003,220588.2352941176,0.0008529411764705,0.0008529411764705,58.0,45.00000000000001,87.4,98.0,14705.882352941177,0.0,0.0,0.0,0.0,0.0,0.0,0.0,92.0,9.2e-08,4,1.727e-06,0.10288958154522596,0.17938621887666475,0.3346844238563984,0.07036593979269139,0.1132020845396642,0.2576722640416908,0.04804735250595124,0.08187608569774175,0.10480602200347426,0.0335842501447597,0.050607990735379284,0.05674580196873191,0.0,0.0,0.0,0.05327156919513608
fair_v4_randomized_balanced_ofdm_training,OFDM,20262405,-3,1000000000.0,5000000.0,1020,0.0620921466441504,0.1757641817748269,2.003981473636785,8.012857226259827,9.037874045156606,5349159.240722655,0.8882909303690877,0.459281202558978,0.1045202925830787,0.8333344691867806,1.5232883386591507,2.127089864899029,2.4677798058323086,0.608985294117647,0.608985294117647,247.47609561752992,206.00000000000003,457.9000000000001,1265.0000000000002,2460784.3137254897,0.3235441176470588,0.3235441176470588,166.2544080604534,151.00000000000003,290.40000000000003,562.0000000000001,1946078.4313725487,0.1382401960784313,0.1382401960784313,128.7716894977169,121.0,200.80000000000007,470.00000000000006,1073529.4117647058,0.0440980392156862,0.0440980392156862,103.40229885057474,103.0,157.4,289.0,426470.5882352941,0.0104509803921568,0.0104509803921568,76.14285714285714,64.0,136.8,153.0,137254.9019607843,92.0,9.2e-08,4,1.727e-06,0.143298260345993,0.2651418645049219,0.7324840764331213,0.09626775220640035,0.16815286624203826,0.3254198031268096,0.07456380399404569,0.11627099015634053,0.2721482339316735,0.05987394258863622,0.09114070642733064,0.1673422119281992,0.04408966829348995,0.07921250723798495,0.08859293572669369,0.05327156919513608
fair_v4_randomized_balanced_ofdm_training,OFDM,20262405,0,1000000000.0,5000000.0,1020,0.0877074883610843,0.2482735057568415,2.830699070240393,8.012857226259827,9.037874045156606,5349159.240722655,0.8882909303690877,0.459281202558978,0.1045202925830787,0.8333344691867806,1.5232883386591507,2.127089864899029,2.4677798058323086,0.7834215686274509,0.7834215686274509,356.7366071428571,273.5,654.2000000000002,1808.0,2196078.431372549,0.5706225490196078,0.5706225490196078,233.7489959839357,197.50000000000003,439.6000000000001,943.0,2441176.470588235,0.366656862745098,0.366656862745098,176.82742316784874,157.00000000000003,308.8,577.0,2073529.4117647056,0.2097156862745098,0.2097156862745098,141.66225165562912,131.0,231.00000000000003,514.0000000000001,1480392.1568627448,0.1073382352941176,0.1073382352941176,120.31318681318685,119.5,194.50000000000003,445.0,892156.862745098,92.0,9.2e-08,4,1.727e-06,0.20656433534618246,0.37880718008106556,1.0469021424435438,0.13534973710708498,0.25454545454545463,0.5460335842501448,0.1023899381400398,0.17880718008106544,0.3341053850607991,0.08202793958056116,0.13375796178343952,0.29762594093804295,0.06966600278702191,0.11262304574406487,0.2576722640416908,0.05327156919513608
fair_v4_randomized_balanced_ofdm_training,OFDM,20262405,3,1000000000.0,5000000.0,1020,0.1238901202545948,0.3506956482166521,3.998468714243279,8.012857226259827,9.037874045156606,5349159.240722655,0.8882909303690877,0.459281202558978,0.1045202925830787,0.8333344691867806,1.5232883386591507,2.127089864899029,2.4677798058323086,0.8884362745098039,0.8884362745098039,526.8633720930233,377.5,1059.4,3683.0,1686274.5098039214,0.7562892156862745,0.7562892156862745,328.2617021276596,252.50000000000003,617.3000000000001,1802.0,2303921.5686274506,0.6074558823529411,0.6074558823529411,246.8545816733067,205.50000000000003,457.9000000000001,1264.0,2460784.3137254897,0.4581813725490196,0.4581813725490196,198.8702127659575,176.00000000000003,352.2000000000001,655.0000000000001,2303921.5686274506,0.321828431372549,0.321828431372549,166.2101265822785,150.00000000000003,289.6000000000001,562.0000000000001,1936274.5098039208,92.0,9.2e-08,4,1.727e-06,0.3050743324221328,0.613433700057904,2.132599884192241,0.1900762606413779,0.35744064852345114,1.043427909669948,0.14293837966028183,0.2651418645049219,0.7319050376375218,0.1151535684805776,0.20393746381007538,0.379270411117545,0.0962421115126106,0.16768963520555885,0.3254198031268096,0.05327156919513608
fair_v4_randomized_balanced_ofdm_training,OFDM,20262405,6,1000000000.0,5000000.0,1020,0.1749994462674431,0.495370769841835,5.647987179868101,8.012857226259827,9.037874045156606,5349159.240722655,0.8882909303690877,0.459281202558978,0.1045202925830787,0.8333344691867806,1.5232883386591507,2.127089864899029,2.4677798058323086,0.9435,0.9435,748.9260700389107,529.0,1576.8000000000002,3705.0,1259803.9215686272,0.8741862745098039,0.8741862745098039,495.3722222222223,353.5,1001.6,3678.0,1764705.882352941,0.7824852941176471,0.7824852941176471,354.7266666666667,270.5,651.1,1808.0,2205882.3529411764,0.6778382352941177,0.6778382352941177,281.6272912423625,224.00000000000003,533.0,1372.0000000000002,2406862.745098039,0.5691960784313725,0.5691960784313725,233.16465863453817,197.0,439.30000000000007,943.0,2441176.470588235,92.0,9.2e-08,4,1.727e-06,0.43365724958825175,0.9130283729009846,2.145338737695426,0.28683973492890696,0.5799652576722641,2.1297046902142447,0.2054005018336229,0.37701215981470765,1.0469021424435438,0.16307312752887235,0.30862767805442964,0.7944412275622469,0.13501138311206612,0.25437174290677483,0.5460335842501448,0.05327156919513608
fair_v4_randomized_balanced_ofdm_training,OFDM,20262505,-15,1000000000.0,5000000.0,1020,0.0155968420658744,0.0409399039347294,0.4667777483968447,6.890016937564766,8.382202895247337,5362987.518310546,0.8919404311687471,0.4521529246245229,0.1187972274835009,0.8418951635262875,1.5098037117029877,2.1159369016664726,2.4987486591244243,0.0,0.0,0.0,0.0,0.0,0.0,0.0,0.0,0.0,0.0,0.0,0.0,0.0,0.0,0.0,0.0,0.0,0.0,0.0,0.0,0.0,0.0,0.0,0.0,0.0,0.0,0.0,0.0,0.0,0.0,0.0,0.0,0.0,0.0,0.0,91.0,9.100000000000005e-08,5,1.727e-06,0.0,0.0,0.0,0.0,0.0,0.0,0.0,0.0,0.0,0.0,0.0,0.0,0.0,0.0,0.0,0.0526925303995368
fair_v4_randomized_balanced_ofdm_training,OFDM,20262505,-10,1000000000.0,5000000.0,1020,0.0277355431073735,0.0728025882161007,0.8300612590384379,6.890016937564766,8.382202895247337,5362987.518310546,0.8919404311687471,0.4521529246245229,0.1187972274835009,0.8418951635262875,1.5098037117029877,2.1159369016664726,2.4987486591244243,0.0789705882352941,0.0789705882352941,108.12080536912752,99.0,174.8000000000001,264.00000000000006,730392.1568627451,0.0021862745098039,0.0021862745098039,63.71428571428572,69.00000000000001,88.4,89.0,34313.72549019608,0.0,0.0,0.0,0.0,0.0,0.0,0.0,0.0,0.0,0.0,0.0,0.0,0.0,0.0,0.0,0.0,0.0,0.0,0.0,0.0,0.0,91.0,9.100000000000005e-08,5,1.727e-06,0.06260614092016649,0.10121598147075861,0.1528662420382166,0.036893043262470025,0.05118702953097858,0.05153445280833816,0.0,0.0,0.0,0.0,0.0,0.0,0.0,0.0,0.0,0.0526925303995368
fair_v4_randomized_balanced_ofdm_training,OFDM,20262505,-6,1000000000.0,5000000.0,1020,0.043957873460088,0.1153843264572478,1.3155584387757209,6.890016937564766,8.382202895247337,5362987.518310546,0.8919404311687471,0.4521529246245229,0.1187972274835009,0.8418951635262875,1.5098037117029877,2.1159369016664726,2.4987486591244243,0.373578431372549,0.373578431372549,176.8213457076566,158.0,302.00000000000006,646.0,2112745.0980392154,0.1049362745098039,0.1049362745098039,113.26455026455028,107.0,187.4000000000001,438.00000000000006,926470.588235294,0.016,0.016,90.66666666666669,93.5,128.0,180.00000000000003,176470.5882352941,0.0010196078431372,0.0010196078431372,52.0,52.0,62.10000000000001,63.00000000000001,19607.8431372549,0.0,0.0,0.0,0.0,0.0,0.0,0.0,91.0,9.100000000000005e-08,5,1.727e-06,0.10238641905480986,0.1748697162709902,0.37405906195715116,0.06558456876928216,0.10851187029530984,0.2536189924724957,0.052499517467670356,0.07411696583671107,0.10422698320787496,0.03011001737116387,0.03595830920671685,0.03647944412275623,0.0,0.0,0.0,0.0526925303995368
fair_v4_randomized_balanced_ofdm_training,OFDM,20262505,-3,1000000000.0,5000000.0,1020,0.0620921466441504,0.1629846931818711,1.858275686916001,6.890016937564766,8.382202895247337,5362987.518310546,0.8919404311687471,0.4521529246245229,0.1187972274835009,0.8418951635262875,1.5098037117029877,2.1159369016664726,2.4987486591244243,0.6163235294117647,0.6163235294117647,254.00000000000009,212.00000000000003,467.2000000000001,1145.0,2426470.588235294,0.3282009803921568,0.3282009803921568,167.38250000000002,151.00000000000003,281.1,623.0,1960784.31372549,0.1373823529411764,0.1373823529411764,121.32467532467535,113.0,194.00000000000003,455.00000000000006,1132352.9411764704,0.0418235294117647,0.0418235294117647,92.7391304347826,92.5,151.00000000000003,230.00000000000003,450980.3921568627,0.0098725490196078,0.0098725490196078,74.5925925925926,70.0,117.80000000000004,146.0,132352.94117647057,91.0,9.100000000000005e-08,5,1.727e-06,0.14707585408222357,0.2705269253039954,0.6629994209612045,0.09692096120440072,0.1627678054429647,0.3607411696583671,0.07025169387647677,0.11233352634626523,0.2634626519976839,0.05369955439188338,0.0874348581354951,0.13317892298784023,0.043192004975444474,0.06821077012159818,0.08453966415749856,0.0526925303995368
fair_v4_randomized_balanced_ofdm_training,OFDM,20262505,0,1000000000.0,5000000.0,1020,0.0877074883610843,0.2302219983182132,2.6248841760284902,6.890016937564766,8.382202895247337,5362987.518310546,0.8919404311687471,0.4521529246245229,0.1187972274835009,0.8418951635262875,1.5098037117029877,2.1159369016664726,2.4987486591244243,0.7882156862745098,0.7882156862745098,367.1141552511416,278.5,713.5000000000002,1950.0,2147058.823529412,0.5800441176470589,0.5800441176470589,237.1322645290581,198.0,438.4,1136.0,2446078.431372549,0.3718137254901961,0.3718137254901961,176.8065268065268,158.0,301.0,646.0,2102941.176470588,0.2115833333333333,0.2115833333333333,142.9238410596027,134.5,228.90000000000003,486.0,1480392.1568627448,0.1035686274509803,0.1035686274509803,112.98395721925134,107.0,185.4,437.0,916666.6666666664,91.0,9.100000000000005e-08,5,1.727e-06,0.21257333830407737,0.4131441806601044,1.129125651418645,0.13730878085064166,0.2538506079907354,0.6577880718008107,0.10237783833614754,0.17429067747539087,0.37405906195715116,0.08275844878957887,0.13254198031268097,0.2814128546612623,0.06542209451027872,0.10735379270411119,0.25303995367689636,0.0526925303995368
fair_v4_randomized_balanced_ofdm_training,OFDM,20262505,3,1000000000.0,5000000.0,1020,0.1238901202545948,0.3251972162225528,3.707747448926405,6.890016937564766,8.382202895247337,5362987.518310546,0.8919404311687471,0.4521529246245229,0.1187972274835009,0.8418951635262875,1.5098037117029877,2.1159369016664726,2.4987486591244243,0.8926421568627451,0.8926421568627451,546.8438438438438,426.00000000000006,1116.8,2788.0000000000005,1632352.9411764704,0.7635490196078432,0.7635490196078432,342.3384615384616,267.0,667.0,1946.0,2230392.1568627446,0.6149166666666667,0.6149166666666667,252.9092741935484,210.5,465.0,1145.0,2431372.549019608,0.4642843137254901,0.4642843137254901,197.73277661795407,175.00000000000003,347.4,687.0,2348039.215686274,0.326406862745098,0.326406862745098,167.72544080604536,151.00000000000003,281.4000000000001,623.0,1946078.4313725487,91.0,9.100000000000005e-08,5,1.727e-06,0.31664380072023385,0.646670526925304,1.6143601621308632,0.1982272504565499,0.3862188766647366,1.1268094962362478,0.14644428152492672,0.26925303995367694,0.6629994209612045,0.11449494882336658,0.2011580775911986,0.3977996525767227,0.09711953723569507,0.16294151708164456,0.3607411696583671,0.0526925303995368
fair_v4_randomized_balanced_ofdm_training,OFDM,20262505,6,1000000000.0,5000000.0,1020,0.1749994462674431,0.4593532773211596,5.237332477587786,6.890016937564766,8.382202895247337,5362987.518310546,0.8919404311687471,0.4521529246245229,0.1187972274835009,0.8418951635262875,1.5098037117029877,2.1159369016664726,2.4987486591244243,0.9473382352941176,0.9473382352941176,782.4170040485831,591.0,1659.0000000000002,4328.0,1210784.31372549,0.8789362745098039,0.8789362745098039,502.249299719888,398.00000000000006,1007.4,2785.0,1749999.9999999998,0.7873823529411764,0.7873823529411764,365.8906605922552,279.0,711.5999999999999,1950.0,2151960.7843137253,0.6839656862745098,0.6839656862745098,284.7530612244898,226.50000000000003,552.2,1166.0000000000002,2401960.7843137253,0.5786029411764706,0.5786029411764706,236.5430861723448,197.0,438.4,1134.0,2446078.431372549,91.0,9.100000000000005e-08,5,1.727e-06,0.45304979968070824,0.9606253618992475,2.5060799073537927,0.29082182960039843,0.5833236826867401,1.612623045744065,0.2118648874303736,0.41204400694846555,1.129125651418645,0.1648830696146438,0.31974522292993635,0.67515923566879,0.1369676237245772,0.2538506079907354,0.6566299942096121,0.0526925303995368
fair_v4_randomized_balanced_ofdm_training,OFDM,20262605,-15,1000000000.0,5000000.0,1020,0.0155968420658744,0.0433931652249452,0.4947486929086288,7.740505276243302,8.887693110087334,5366802.215576171,0.8834460485860124,0.4685329009127973,0.0950883115181309,0.8212593971804247,1.53757860503324,2.096210147890915,2.510878350952156,0.0,0.0,0.0,0.0,0.0,0.0,0.0,0.0,0.0,0.0,0.0,0.0,0.0,0.0,0.0,0.0,0.0,0.0,0.0,0.0,0.0,0.0,0.0,0.0,0.0,0.0,0.0,0.0,0.0,0.0,0.0,0.0,0.0,0.0,0.0,91.0,9.100000000000005e-08,6,1.727e-06,0.0,0.0,0.0,0.0,0.0,0.0,0.0,0.0,0.0,0.0,0.0,0.0,0.0,0.0,0.0,0.0526925303995368
fair_v4_randomized_balanced_ofdm_training,OFDM,20262605,-10,1000000000.0,5000000.0,1020,0.0277355431073735,0.0771651722559371,0.8798014137430845,7.740505276243302,8.887693110087334,5366802.215576171,0.8834460485860124,0.4685329009127973,0.0950883115181309,0.8212593971804247,1.53757860503324,2.096210147890915,2.510878350952156,0.0887745098039215,0.0887745098039215,115.3503184713376,105.0,182.00000000000003,323.0,769607.8431372548,0.0024411764705882,0.0024411764705882,62.25000000000001,61.5,88.00000000000001,95.0,39215.6862745098,0.0,0.0,0.0,0.0,0.0,0.0,0.0,0.0,0.0,0.0,0.0,0.0,0.0,0.0,0.0,0.0,0.0,0.0,0.0,0.0,0.0,91.0,9.100000000000005e-08,6,1.727e-06,0.06679230947963961,0.10538506079907356,0.18702953097857558,0.03604516502605675,0.05095541401273887,0.055008685581933996,0.0,0.0,0.0,0.0,0.0,0.0,0.0,0.0,0.0,0.0526925303995368
fair_v4_randomized_balanced_ofdm_training,OFDM,20262605,-6,1000000000.0,5000000.0,1020,0.043957873460088,0.1222985562035239,1.394391271359078,7.740505276243302,8.887693110087334,5366802.215576171,0.8834460485860124,0.4685329009127973,0.0950883115181309,0.8212593971804247,1.53757860503324,2.096210147890915,2.510878350952156,0.3720196078431372,0.3720196078431372,177.3177570093458,161.5,289.6000000000001,690.0000000000001,2098039.215686274,0.1110490196078431,0.1110490196078431,122.45405405405404,116.0,191.8,344.0,906862.7450980392,0.0166274509803921,0.0166274509803921,82.73170731707317,82.0,134.0,196.0,200980.3921568627,0.0011078431372549,0.0011078431372549,56.5,58.5,73.9,79.0,19607.8431372549,0.0,0.0,0.0,0.0,0.0,0.0,0.0,91.0,9.100000000000005e-08,6,1.727e-06,0.10267386045706185,0.16768963520555885,0.3995367689635207,0.07090564797571167,0.11105964099594674,0.19918934568616098,0.04790486816275227,0.0775911986103069,0.11349160393746383,0.032715691951360745,0.042790966994788654,0.04574406485234511,0.0,0.0,0.0,0.0526925303995368
fair_v4_randomized_balanced_ofdm_training,OFDM,20262605,-3,1000000000.0,5000000.0,1020,0.0620921466441505,0.1727513022906336,1.9696300226889527,7.740505276243302,8.887693110087334,5366802.215576171,0.8834460485860124,0.4685329009127973,0.0950883115181309,0.8212593971804247,1.53757860503324,2.096210147890915,2.510878350952156,0.5934558823529412,0.5934558823529412,243.59154929577468,203.0,465.20000000000033,1261.0,2436274.509803921,0.3280833333333333,0.3280833333333333,167.74185463659148,158.0,263.20000000000005,628.0000000000001,1955882.352941176,0.1390980392156862,0.1390980392156862,127.24663677130047,121.0,200.00000000000009,362.00000000000006,1093137.2549019607,0.0478578431372549,0.0478578431372549,98.61616161616162,95.0,154.20000000000002,270.0,485294.11764705874,0.0087941176470588,0.0087941176470588,85.42857142857146,77.0,130.0,162.00000000000003,102941.17647058822,91.0,9.100000000000005e-08,6,1.727e-06,0.14104895732239414,0.269368847712797,0.7301679212507238,0.09712904148036566,0.15240301100173717,0.36363636363636376,0.07368073930011608,0.11580775911986109,0.20961204400694852,0.05710258344884866,0.08928778228141286,0.1563404748118124,0.049466457109769234,0.07527504342790967,0.09380428488708746,0.0526925303995368
fair_v4_randomized_balanced_ofdm_training,OFDM,20262605,0,1000000000.0,5000000.0,1020,0.0877074883610843,0.2440177003679948,2.782176356064314,7.740505276243302,8.887693110087334,5366802.215576171,0.8834460485860124,0.4685329009127973,0.0950883115181309,0.8212593971804247,1.53757860503324,2.096210147890915,2.510878350952156,0.7719754901960785,0.7719754901960785,343.8493449781659,268.0,674.0,1832.0,2245098.039215686,0.5570294117647059,0.5570294117647059,231.43380855397152,195.0,425.0,1240.0,2406862.745098039,0.3701764705882353,0.3701764705882353,176.4392523364486,160.0,288.6000000000001,688.0,2098039.215686274,0.2160539215686274,0.2160539215686274,138.6006289308176,131.5,222.90000000000003,396.0,1558823.5294117646,0.1100441176470588,0.1100441176470588,122.67213114754097,116.0,191.60000000000005,343.00000000000006,897058.8235294117,91.0,9.100000000000005e-08,6,1.727e-06,0.1991021105837672,0.3902721482339317,1.0607990735379271,0.13400915376605185,0.24609148812970472,0.7180081065431384,0.1021651721693391,0.1671105964099595,0.39837869137232196,0.08025514124540685,0.12906774753908515,0.22929936305732485,0.07103192307327214,0.11094383323682691,0.19861030689056172,0.0526925303995368
fair_v4_randomized_balanced_ofdm_training,OFDM,20262605,3,1000000000.0,5000000.0,1020,0.1238901202545949,0.3446841633222984,3.929928558702568,7.740505276243302,8.887693110087334,5366802.215576171,0.8834460485860124,0.4685329009127973,0.0950883115181309,0.8212593971804247,1.53757860503324,2.096210147890915,2.510878350952156,0.8761470588235294,0.8761470588235294,466.66840731070494,357.00000000000006,916.8,2326.0000000000005,1877450.9803921569,0.746735294117647,0.746735294117647,319.35849056603774,257.00000000000006,618.4000000000001,1456.0000000000002,2338235.2941176468,0.5920147058823529,0.5920147058823529,243.0,203.0,464.6000000000003,1260.0,2436274.509803921,0.4538235294117647,0.4538235294117647,201.26086956521743,178.50000000000003,335.0,1050.0,2254901.9607843133,0.3263872549019608,0.3263872549019608,167.29396984924622,158.0,262.3,627.0,1950980.3921568624,91.0,9.100000000000005e-08,6,1.727e-06,0.27021911251343655,0.5308627678054431,1.3468442385639843,0.18492095574177056,0.3580775911986104,0.8430804863925885,0.14070642733063116,0.26902142443543736,0.7295888824551245,0.11653785151431237,0.19397799652576725,0.6079907353792705,0.096869698812534,0.15188187608569775,0.36305732484076436,0.0526925303995368
fair_v4_randomized_balanced_ofdm_training,OFDM,20262605,6,1000000000.0,5000000.0,1020,0.1749994462674432,0.4868793217296277,5.5511716368525645,7.740505276243302,8.887693110087334,5366802.215576171,0.8834460485860124,0.4685329009127973,0.0950883115181309,0.8212593971804247,1.53757860503324,2.096210147890915,2.510878350952156,0.9358872549019608,0.9358872549019608,660.6262975778548,495.0,1274.8,3126.0,1416666.6666666665,0.860985294117647,0.860985294117647,433.6814814814815,323.0,893.6000000000003,2323.0,1985294.1176470583,0.7710441176470588,0.7710441176470588,342.686274509804,268.0,674.0,1832.0,2249999.9999999995,0.6631666666666667,0.6631666666666667,269.49402390438246,224.50000000000003,514.9000000000001,1333.0,2460784.3137254897,0.5557892156862745,0.5557892156862745,231.38979591836733,195.0,425.60000000000014,1240.0,2401960.7843137253,91.0,9.100000000000005e-08,6,1.727e-06,0.38252825569070925,0.7381586566299942,1.8100752750434281,0.25111840271075947,0.5174290677475393,1.345107122177186,0.19842864766056978,0.3902721482339317,1.0607990735379271,0.156047495022804,0.29814707585408234,0.7718587145338738,0.13398366874254045,0.24643891140706436,0.7180081065431384,0.0526925303995368
fair_v4_randomized_balanced_ofdm_training,OFDM,20262705,-15,1000000000.0,5000000.0,1020,0.0155968420658744,0.0427837679341678,0.48780062835719,7.524622395523592,8.764847108233386,5363941.192626952,0.8823943446685358,0.4705105955204255,0.0954416142949324,0.8297896638932358,1.52586400226414,2.1339094277314783,2.475022510513474,0.0,0.0,0.0,0.0,0.0,0.0,0.0,0.0,0.0,0.0,0.0,0.0,0.0,0.0,0.0,0.0,0.0,0.0,0.0,0.0,0.0,0.0,0.0,0.0,0.0,0.0,0.0,0.0,0.0,0.0,0.0,0.0,0.0,0.0,0.0,95.0,9.5e-08,7,1.727e-06,0.0,0.0,0.0,0.0,0.0,0.0,0.0,0.0,0.0,0.0,0.0,0.0,0.0,0.0,0.0,0.055008685581933996
fair_v4_randomized_balanced_ofdm_training,OFDM,20262705,-10,1000000000.0,5000000.0,1020,0.0277355431073735,0.0760814936012142,0.8674458136116395,7.524622395523592,8.764847108233386,5363941.192626952,0.8823943446685358,0.4705105955204255,0.0954416142949324,0.8297896638932358,1.52586400226414,2.1339094277314783,2.475022510513474,0.0861029411764705,0.0861029411764705,118.68243243243244,111.0,192.20000000000005,317.00000000000006,725490.1960784313,0.0029362745098039,0.0029362745098039,59.9,54.00000000000001,92.5,106.0,49019.60784313725,0.0,0.0,0.0,0.0,0.0,0.0,0.0,0.0,0.0,0.0,0.0,0.0,0.0,0.0,0.0,0.0,0.0,0.0,0.0,0.0,0.0,95.0,9.5e-08,7,1.727e-06,0.0687217327344716,0.11129125651418649,0.1835552982049798,0.03468442385639838,0.05356108859293573,0.06137811233352635,0.0,0.0,0.0,0.0,0.0,0.0,0.0,0.0,0.0,0.055008685581933996
fair_v4_randomized_balanced_ofdm_training,OFDM,20262705,-6,1000000000.0,5000000.0,1020,0.043957873460088,0.1205810412808381,1.3748089648219797,7.524622395523592,8.764847108233386,5363941.192626952,0.8823943446685358,0.4705105955204255,0.0954416142949324,0.8297896638932358,1.52586400226414,2.1339094277314783,2.475022510513474,0.371892156862745,0.371892156862745,177.25700934579442,159.0,314.90000000000003,556.0,2098039.215686274,0.1085882352941176,0.1085882352941176,121.04918032786884,117.0,207.4000000000001,344.0,897058.8235294117,0.0192794117647058,0.0192794117647058,85.49999999999999,81.50000000000001,140.0,160.0,225490.19607843136,0.0008382352941176,0.0008382352941176,57.0,67.0,82.2,86.0,14705.882352941177,0.0,0.0,0.0,0.0,0.0,0.0,0.0,95.0,9.5e-08,7,1.727e-06,0.10263868520312358,0.1823393167342212,0.3219455703532137,0.07009217158533229,0.12009264620729596,0.19918934568616098,0.04950781702374059,0.08106543138390274,0.09264620729588884,0.033005211349160395,0.04759698899826289,0.049797336421540245,0.0,0.0,0.0,0.055008685581933996
fair_v4_randomized_balanced_ofdm_training,OFDM,20262705,-3,1000000000.0,5000000.0,1020,0.0620921466441504,0.1703252479788901,1.9419692794949897,7.524622395523592,8.764847108233386,5363941.192626952,0.8823943446685358,0.4705105955204255,0.0954416142949324,0.8297896638932358,1.52586400226414,2.1339094277314783,2.475022510513474,0.598735294117647,0.598735294117647,251.32098765432096,207.0,455.0,1063.0,2382352.9411764704,0.3285098039215686,0.3285098039215686,166.70646766169153,152.0,301.0,537.0,1970588.235294117,0.1398431372549019,0.1398431372549019,124.03478260869564,120.5,204.2,359.0,1127450.9803921566,0.0464558823529411,0.0464558823529411,103.0108695652174,106.0,168.00000000000003,261.0,450980.3921568627,0.010656862745098,0.010656862745098,83.61538461538463,89.5,124.5,143.0,127450.98039215684,95.0,9.5e-08,7,1.727e-06,0.14552460200018585,0.26346265199768387,0.6155182397220614,0.09652951225344038,0.17429067747539087,0.3109438332368269,0.07182095113416077,0.11823972206137812,0.20787492762015058,0.05964728984668061,0.0972785176606833,0.15112912565141867,0.04841655160126499,0.0720903300521135,0.08280254777070063,0.055008685581933996
fair_v4_randomized_balanced_ofdm_training,OFDM,20262705,0,1000000000.0,5000000.0,1020,0.0877074883610843,0.2405908075673632,2.743104517790672,7.524622395523592,8.764847108233386,5363941.192626952,0.8823943446685358,0.4705105955204255,0.0954416142949324,0.8297896638932358,1.52586400226414,2.1339094277314783,2.475022510513474,0.7708529411764706,0.7708529411764706,357.3954545454546,273.0,694.9000000000002,1692.0,2156862.745098039,0.5623284313725491,0.5623284313725491,239.48851774530272,201.0,437.0,1056.0000000000002,2348039.215686274,0.370235294117647,0.370235294117647,176.88056206088993,158.0,315.2000000000001,554.0,2093137.2549019605,0.2144166666666666,0.2144166666666666,144.35973597359737,133.0,239.8,497.00000000000006,1485294.1176470586,0.1074411764705882,0.1074411764705882,121.7666666666667,117.0,209.0,344.0,882352.9411764705,95.0,9.5e-08,7,1.727e-06,0.20694583355266624,0.4023740590619573,0.9797336421540244,0.1386731428751029,0.25303995367689636,0.6114649681528664,0.10242070762066587,0.18251302837290106,0.32078749276201507,0.08358988765118551,0.1388535031847134,0.2877822814128547,0.07050762401080875,0.12101910828025478,0.19918934568616098,0.055008685581933996
fair_v4_randomized_balanced_ofdm_training,OFDM,20262705,3,1000000000.0,5000000.0,1020,0.1238901202545948,0.3398435485800088,3.8747381202036206,7.524622395523592,8.764847108233386,5363941.192626952,0.8823943446685358,0.4705105955204255,0.0954416142949324,0.8297896638932358,1.52586400226414,2.1339094277314783,2.475022510513474,0.8698676470588236,0.8698676470588236,480.9024390243903,359.0,942.8,3094.0000000000005,1808823.5294117648,0.7441421568627451,0.7441421568627451,330.01086956521743,262.5,638.1000000000001,1688.0000000000002,2254901.9607843133,0.5973039215686274,0.5973039215686274,250.7201646090535,207.0,455.0,1062.0000000000002,2382352.9411764704,0.4550539215686274,0.4550539215686274,202.6877729257642,177.0,355.6000000000001,825.0,2245098.039215686,0.3266078431372549,0.3266078431372549,166.57,152.0,301.1,536.0,1960784.31372549,95.0,9.5e-08,7,1.727e-06,0.27846116909345126,0.5459177764910249,1.7915460335842506,0.19108909644772293,0.3694846554719167,0.9774174869716273,0.14517670214768588,0.26346265199768387,0.6149392009264623,0.11736408391763996,0.20590619571511298,0.4777070063694268,0.09645049218297627,0.1743485813549508,0.3103647944412276,0.055008685581933996
fair_v4_randomized_balanced_ofdm_training,OFDM,20262705,6,1000000000.0,5000000.0,1020,0.1749994462674432,0.4800417716670893,5.473213070368608,7.524622395523592,8.764847108233386,5363941.192626952,0.8823943446685358,0.4705105955204255,0.0954416142949324,0.8297896638932358,1.52586400226414,2.1339094277314783,2.475022510513474,0.930122549019608,0.930122549019608,632.4833333333333,470.00000000000006,1353.300000000001,3187.0,1470588.2352941174,0.8565245098039216,0.8565245098039216,463.4774535809019,345.00000000000006,920.4,2270.0000000000005,1848039.2156862745,0.7699509803921568,0.7699509803921568,356.1678004535148,272.0,694.0,1692.0,2161764.705882353,0.6639019607843137,0.6639019607843137,287.5498938428875,233.0,569.0000000000001,1163.0000000000002,2308823.5294117643,0.560813725490196,0.560813725490196,237.85031185031187,200.00000000000003,436.00000000000006,1055.0,2357843.1372549017,95.0,9.5e-08,7,1.727e-06,0.36623238756996723,0.7836132020845403,1.8453966415749856,0.2683714265089183,0.5329473074696005,1.3144180660104232,0.2062349742058569,0.40185292414591783,0.9797336421540244,0.16650254420549368,0.32947307469600473,0.6734221192819921,0.13772455810672374,0.2524609148812971,0.610885929357267,0.055008685581933996
fair_v2,CE,20262402,-6,1000000000.0,5000000.0,1020,0.043957873460088,0.043957873460088,0.5011872336272724,1.0000000000000004,1.928654933106574e-15,5401134.490966796,1.0,7.974474469856297e-17,1.0,1.0,1.0,1.0000000000000002,1.0000000000000002,1.0,1.0,204000.00000000003,204000.00000000003,204000.00000000003,204000.00000000003,4901.960784313725,0.0,0.0,0.0,0.0,0.0,0.0,0.0,0.0,0.0,0.0,0.0,0.0,0.0,0.0,0.0,0.0,0.0,0.0,0.0,0.0,0.0,0.0,0.0,0.0,0.0,0.0,0.0,0.0,,,4,1.727e-06,118.12391430225829,118.12391430225829,118.12391430225829,0.0,0.0,0.0,0.0,0.0,0.0,0.0,0.0,0.0,0.0,0.0,0.0,
fair_v2,CE,20262502,-6,1000000000.0,5000000.0,1020,0.043957873460088,0.043957873460088,0.5011872336272724,1.0000000000000004,1.928654933106574e-15,5375862.12158203,1.0,7.981177157995039e-17,1.0,1.0,1.0,1.0000000000000002,1.0000000000000002,1.0,1.0,204000.00000000003,204000.00000000003,204000.00000000003,204000.00000000003,4901.960784313725,0.0,0.0,0.0,0.0,0.0,0.0,0.0,0.0,0.0,0.0,0.0,0.0,0.0,0.0,0.0,0.0,0.0,0.0,0.0,0.0,0.0,0.0,0.0,0.0,0.0,0.0,0.0,0.0,,,5,1.727e-06,118.12391430225829,118.12391430225829,118.12391430225829,0.0,0.0,0.0,0.0,0.0,0.0,0.0,0.0,0.0,0.0,0.0,0.0,
fair_v2,CE,20262602,-6,1000000000.0,5000000.0,1020,0.043957873460088,0.043957873460088,0.5011872336272724,1.0000000000000004,1.928654933106574e-15,5368232.72705078,1.0,7.966894025102421e-17,1.0,1.0,1.0,1.0000000000000002,1.0000000000000002,1.0,1.0,204000.00000000003,204000.00000000003,204000.00000000003,204000.00000000003,4901.960784313725,0.0,0.0,0.0,0.0,0.0,0.0,0.0,0.0,0.0,0.0,0.0,0.0,0.0,0.0,0.0,0.0,0.0,0.0,0.0,0.0,0.0,0.0,0.0,0.0,0.0,0.0,0.0,0.0,,,6,1.727e-06,118.12391430225829,118.12391430225829,118.12391430225829,0.0,0.0,0.0,0.0,0.0,0.0,0.0,0.0,0.0,0.0,0.0,0.0,
fair_v2,CE,20262702,-6,1000000000.0,5000000.0,1020,0.043957873460088,0.043957873460088,0.5011872336272724,1.0000000000000004,1.928654933106574e-15,5305290.222167968,1.0,8.006611292481555e-17,1.0,1.0,1.0,1.0000000000000002,1.0000000000000002,1.0,1.0,204000.00000000003,204000.00000000003,204000.00000000003,204000.00000000003,4901.960784313725,0.0,0.0,0.0,0.0,0.0,0.0,0.0,0.0,0.0,0.0,0.0,0.0,0.0,0.0,0.0,0.0,0.0,0.0,0.0,0.0,0.0,0.0,0.0,0.0,0.0,0.0,0.0,0.0,,,7,1.727e-06,118.12391430225829,118.12391430225829,118.12391430225829,0.0,0.0,0.0,0.0,0.0,0.0,0.0,0.0,0.0,0.0,0.0,0.0,
fair_v2,QPSK,20262403,-6,1000000000.0,5000000.0,1020,0.043957873460088,0.079171312212458,0.9026744887108896,3.243861754051432,5.110623372986861,5397796.630859374,0.9574725657191672,0.2885243246160618,0.1419900243710727,1.0041281250227367,1.2723315961269674,1.5402751309588127,1.7047273276686643,0.5130637254901961,0.5130637254901961,150.16499282639887,141.0,231.8,492.0,3416666.666666666,0.0150588235294117,0.0150588235294117,71.44186046511629,76.0,103.0,122.0,210784.3137254901,0.0,0.0,0.0,0.0,0.0,0.0,0.0,0.0,0.0,0.0,0.0,0.0,0.0,0.0,0.0,0.0,0.0,0.0,0.0,0.0,0.0,60.00000000000001,6.000000000000002e-08,4,1.727e-06,0.08695135658737631,0.13422119281991896,0.28488708743485813,0.04136760883909456,0.05964099594672844,0.07064273306311523,0.0,0.0,0.0,0.0,0.0,0.0,0.0,0.0,0.0,0.034742327735958325
fair_v2,QPSK,20262503,-6,1000000000.0,5000000.0,1020,0.043957873460088,0.0805891741375743,0.9188402911025744,3.3610893787346914,5.264800614653598,5352497.100830077,0.9605869774993224,0.2779796011557617,0.1501472357989839,1.0092564369472246,1.2587923561290204,1.5042346874352797,1.7093370576738487,0.5208676470588235,0.5208676470588235,162.47247706422016,165.5,251.0,431.00000000000006,3205882.352941176,0.0109803921568627,0.0109803921568627,62.22222222222224,53.5,107.5,125.0,176470.5882352941,0.0,0.0,0.0,0.0,0.0,0.0,0.0,0.0,0.0,0.0,0.0,0.0,0.0,0.0,0.0,0.0,0.0,0.0,0.0,0.0,0.0,61.00000000000001,6.100000000000003e-08,5,1.727e-06,0.09407786743730177,0.1453387376954256,0.2495657209033006,0.03602908061506789,0.062246670526925306,0.07237984944991316,0.0,0.0,0.0,0.0,0.0,0.0,0.0,0.0,0.0,0.03532136653155763
fair_v2,QPSK,20262603,-6,1000000000.0,5000000.0,1020,0.043957873460088,0.077872838067598,0.8878698902766671,3.1383303487417016,4.966986566137033,5382061.004638671,0.9595298351575798,0.2816069875597332,0.1342191020445997,1.0085501008725644,1.2584053695897943,1.5114763674460736,1.6796580871847515,0.5195049019607844,0.5195049019607844,152.05021520803447,134.0,235.8,418.0,3416666.666666666,0.0119166666666666,0.0119166666666666,63.97368421052633,63.00000000000001,102.3,116.0,186274.5098039216,0.0,0.0,0.0,0.0,0.0,0.0,0.0,0.0,0.0,0.0,0.0,0.0,0.0,0.0,0.0,0.0,0.0,0.0,0.0,0.0,0.0,59.00000000000001,5.900000000000001e-08,6,1.727e-06,0.08804297348467545,0.13653734800231618,0.24203821656050956,0.03704324505531346,0.059235668789808925,0.0671685002895194,0.0,0.0,0.0,0.0,0.0,0.0,0.0,0.0,0.0,0.03416328894035901
fair_v2,QPSK,20262703,-6,1000000000.0,5000000.0,1020,0.043957873460088,0.0777930100103712,0.8869597278866774,3.131899392521595,4.9580780256390975,5363941.192626952,0.9613566257701986,0.2753060807314976,0.1512423764237796,1.005258767258387,1.254409497436662,1.5210951332590246,1.664819218935168,0.5140637254901961,0.5140637254901961,152.20464441219158,139.0,233.0,417.00000000000006,3377450.9803921566,0.0120686274509803,0.0120686274509803,72.41176470588236,73.5,99.7,117.0,166666.66666666666,0.0,0.0,0.0,0.0,0.0,0.0,0.0,0.0,0.0,0.0,0.0,0.0,0.0,0.0,0.0,0.0,0.0,0.0,0.0,0.0,0.0,61.00000000000001,6.100000000000003e-08,7,1.727e-06,0.08813239398505594,0.1349160393746381,0.2414591777649103,0.041929221022514396,0.057730167921250734,0.06774753908511871,0.0,0.0,0.0,0.0,0.0,0.0,0.0,0.0,0.0,0.03532136653155763
fair_v2,16QAM,20262404,-6,1000000000.0,5000000.0,1020,0.043957873460088,0.0935606791111389,1.0667353593111406,4.530158340481998,6.561133819677546,5365848.541259765,0.927796197669732,0.373087410119382,0.1395006604561263,0.9690846682140076,1.4094519937570584,1.6863147962435447,1.8785073011217424,0.4679803921568627,0.4679803921568627,179.78907721280603,156.00000000000003,317.00000000000006,865.0000000000001,2602941.176470588,0.054906862745098,0.054906862745098,76.71917808219179,71.0,135.0,180.00000000000003,715686.2745098039,0.0003872549019607,0.0003872549019607,79.0,79.0,79.0,79.0,4901.960784313725,0.0,0.0,0.0,0.0,0.0,0.0,0.0,0.0,0.0,0.0,0.0,0.0,0.0,0.0,81.00000000000001,8.100000000000002e-08,4,1.727e-06,0.1041048507312137,0.1835552982049798,0.500868558193399,0.04442338047608095,0.0781702374059062,0.10422698320787496,0.04574406485234511,0.04574406485234511,0.04574406485234511,0.0,0.0,0.0,0.0,0.0,0.0,0.04690214244354373
fair_v2,16QAM,20262504,-6,1000000000.0,5000000.0,1020,0.043957873460088,0.0979339154605805,1.1165969666967874,4.963555558868076,6.957928874575579,5383491.51611328,0.9267771452039262,0.3756116653242561,0.1358114664729383,0.9668573764370716,1.4109438135634105,1.6822983855112363,1.9159269854724803,0.4667009803921568,0.4667009803921568,180.6584440227704,151.00000000000003,319.4000000000001,868.0000000000001,2583333.333333333,0.05,0.05,76.69172932330827,66.00000000000001,139.0,182.00000000000003,651960.7843137254,0.0006715686274509,0.0006715686274509,68.50000000000001,68.50000000000001,93.70000000000002,100.0,9803.92156862745,0.0,0.0,0.0,0.0,0.0,0.0,0.0,0.0,0.0,0.0,0.0,0.0,0.0,0.0,82.0,8.2e-08,5,1.727e-06,0.10460824784178947,0.18494499131441813,0.502605674580197,0.04440748657979634,0.08048639258830342,0.10538506079907356,0.03966415749855242,0.05425593514765491,0.057903879559930524,0.0,0.0,0.0,0.0,0.0,0.0,0.04748118123914303
fair_v2,16QAM,20262604,-6,1000000000.0,5000000.0,1020,0.043957873460088,0.0869198594011964,0.9910198208316574,3.909891279164962,5.921646813050256,5352497.100830077,0.925905948633156,0.3777541188203451,0.14437528307424,0.9684988065088538,1.4119412521288195,1.7096441679435277,1.892891068850012,0.4665196078431372,0.4665196078431372,179.9054820415879,152.0,318.20000000000005,866.0,2593137.2549019605,0.0566666666666666,0.0566666666666666,78.63945578231294,70.0,142.8,214.0,720588.2352941176,0.0,0.0,0.0,0.0,0.0,0.0,0.0,0.0,0.0,0.0,0.0,0.0,0.0,0.0,0.0,0.0,0.0,0.0,0.0,0.0,0.0,83.0,8.3e-08,6,1.727e-06,0.10417225364307349,0.18425014475969895,0.5014475969889983,0.0455352957627753,0.08268674001158079,0.12391430225825131,0.0,0.0,0.0,0.0,0.0,0.0,0.0,0.0,0.0,0.04806022003474233
fair_v2,16QAM,20262704,-6,1000000000.0,5000000.0,1020,0.043957873460088,0.091371891704123,1.0417798230403397,4.320677822371613,6.355518837186036,5378723.144531249,0.9274096937995684,0.3740471358620338,0.147341087349496,0.9672504064296676,1.4093287180989316,1.6770824641090714,1.946743875626816,0.4653970588235294,0.4653970588235294,178.12570356472796,153.0,304.8,831.0000000000001,2612745.0980392154,0.0545392156862745,0.0545392156862745,77.8041958041958,71.0,135.39999999999998,174.00000000000003,700980.3921568627,0.0005343137254901,0.0005343137254901,54.50000000000001,54.50000000000001,58.900000000000006,60.00000000000001,9803.92156862745,0.0,0.0,0.0,0.0,0.0,0.0,0.0,0.0,0.0,0.0,0.0,0.0,0.0,0.0,82.0,8.2e-08,7,1.727e-06,0.10314169285739894,0.17649102489866825,0.4811812391430227,0.045051647831034054,0.0784018529241459,0.10075275043427913,0.03155761436016214,0.03410538506079908,0.03474232773595831,0.0,0.0,0.0,0.0,0.0,0.0,0.04748118123914303
