group,op,case,seed,level,run,cw,g_coh,g_mag,g_rms,g_med,kappa,phase_mean_rad,phase_circ_sd_rad,phase_p05_p95_rad,mag_cv,lin_mag_cv,X_coh,X_mag,X_rms,X,kappa_rel_CW,phase_lag_vs_CW_rad,share_magnitude,share_phase,kappa_CW
revision_P2,OP1,FAST,20260701,H,results/revision/p2/OP1_FAST_s20260701_H.npz,results/revision/p2/OP1_CW_H.npz,0.23933640401150433,0.28634305535133675,0.32579927551365984,0.2568227853107933,0.8358379906152908,0.7067155440474517,0.6106433610713683,1.9579425627852425,0.5571861068012781,0.11076242405526082,0.44658352093229003,0.3378902547131656,0.2466558161847211,0.40614993337603056,0.8358379906158347,0.35323818383999467,0.696911750643997,0.3030882493560034,0.9999999999993493
revision_P2,OP1,FAST,20260702,H,results/revision/p2/OP1_FAST_s20260702_H.npz,results/revision/p2/OP1_CW_H.npz,0.22517655335566253,0.2730087432988444,0.30868891453453146,0.2342583158165648,0.8247961242368596,0.662055291417543,0.5985332655894493,1.885958745057679,0.5414589796881638,0.10727504210190238,0.47932527923874435,0.368723123859645,0.2862200260998098,0.4583256454970024,0.8247961242373962,0.308577931210086,0.7048570957021107,0.2951429042978893,0.9999999999993493
revision_P2,OP1,FAST,20260703,H,results/revision/p2/OP1_FAST_s20260703_H.npz,results/revision/p2/OP1_CW_H.npz,0.23815685332324368,0.2872296913491631,0.32505289264362,0.2596597979181863,0.8291512350432277,0.7193784922650359,0.6395463895560993,2.0461765540227086,0.5437930629382105,0.10824138866572405,0.4493109906269869,0.3358400903256876,0.24838167390235222,0.3995899230409874,0.8291512350437673,0.3659011320575788,0.6859580829492053,0.3140419170507948,0.9999999999993493
revision_P2,OP1,FAST,20260704,H,results/revision/p2/OP1_FAST_s20260704_H.npz,results/revision/p2/OP1_CW_H.npz,0.24648680844085788,0.29693489826951486,0.33436084679316336,0.2482383775929632,0.8301038708395014,0.6647232419529324,0.5931230827002771,1.8241400234919254,0.5331407264290255,0.11327948827129473,0.4300496732731901,0.313398784479783,0.22685893383265,0.42599961723095636,0.8301038708400416,0.3112458817454753,0.6687968148780884,0.33120318512191194,0.9999999999993493
revision_P2,OP1,FAST,20260705,H,results/revision/p2/OP1_FAST_s20260705_H.npz,results/revision/p2/OP1_CW_H.npz,0.2196586321760964,0.26585733709339926,0.292328096487255,0.2438638028125943,0.8262274593494757,0.5332262100521501,0.6004145960609595,1.8159678617429762,0.47264981717951343,0.1089407212225928,0.4920843432999803,0.38525928792103703,0.32405107130070376,0.43611492503602445,0.8262274593500134,0.17974884984469303,0.7182256672332539,0.2817743327667461,0.9999999999993493
revision_P2,OP1,FAST,20260706,H,results/revision/p2/OP1_FAST_s20260706_H.npz,results/revision/p2/OP1_CW_H.npz,0.24310727705111984,0.283167188388579,0.30948211962733885,0.24997037315912568,0.8585291199682128,0.5100547382626835,0.5618455783903543,1.8272425613750396,0.4574564674524598,0.1111938594544349,0.43786414834367604,0.34523379745491756,0.28438590156930865,0.42199473237966356,0.8585291199687715,0.15657737805522648,0.7351882403598511,0.26481175964014875,0.9999999999993493
revision_P2,OP1,JUMP,20260701,H,results/revision/p2/OP1_JUMP_s20260701_H.npz,results/revision/p2/OP1_CW_H.npz,0.20459585496590738,0.2231076933364692,0.24442961028425975,0.2061353750358455,0.917027341846773,0.7813706662355219,0.462289140965504,7.242619320253377,0.46324357278505124,0.1092494852955588,0.5269139345737067,0.48410909485724607,0.4348065232202706,0.5233541835065161,0.9170273418473698,0.42789330602806475,0.8842744926815628,0.11572550731843745,0.9999999999993493
revision_P2,OP1,JUMP,20260702,H,results/revision/p2/OP1_JUMP_s20260702_H.npz,results/revision/p2/OP1_CW_H.npz,0.1767804301362354,0.1946156844474735,0.21305856457436792,0.17434103103579984,0.9083565419617974,0.780878776654883,0.47236617059089164,13.443531171336346,0.4591528616128135,0.10134440409349837,0.5912314149695002,0.5499910374978889,0.5073456496148576,0.596872089169924,0.9083565419623885,0.42740141644742596,0.8925579523919285,0.10744204760807183,0.9999999999993493
revision_P2,OP1,JUMP,20260703,H,results/revision/p2/OP1_JUMP_s20260703_H.npz,results/revision/p2/OP1_CW_H.npz,0.20344167618716208,0.2260552350878322,0.25108181939408963,0.18727107813598243,0.8999644538562277,0.7290290517230705,0.45578879458520694,7.13091524034097,0.5007906282490833,0.11778253138728734,0.5295827369173618,0.4772935074639262,0.41942465033392884,0.5669740046888201,0.8999644538568133,0.37555169151561346,0.8602372434796853,0.13976275652031483,0.9999999999993493
revision_P2,OP1,JUMP,20260704,H,results/revision/p2/OP1_JUMP_s20260704_H.npz,results/revision/p2/OP1_CW_H.npz,0.19970745123170439,0.21943018533553452,0.23267333633852297,0.20941383127369118,0.9101184093078545,0.69482174605382,0.42092763599410987,1.264348971410204,0.3614505196169865,0.07484977484993882,0.5382173683075654,0.49261257989131324,0.461990502025615,0.5157734252302894,0.9101184093084467,0.3413443858463629,0.8781088100786426,0.12189118992135745,0.9999999999993493
revision_P2,OP1,JUMP,20260705,H,results/revision/p2/OP1_JUMP_s20260705_H.npz,results/revision/p2/OP1_CW_H.npz,0.1802739804224225,0.19462691465796092,0.21589270373069608,0.17752302876237325,0.926254114130297,0.7334957657823837,0.3847612535548344,1.4356605074429056,0.4952238309754456,0.10959483520042061,0.5831532945230398,0.5499650699332269,0.5007922825265584,0.5895143714361324,0.9262541141308998,0.38001840557492667,0.9124532063753433,0.08754679362465642,0.9999999999993493
revision_P2,OP1,JUMP,20260706,H,results/revision/p2/OP1_JUMP_s20260706_H.npz,results/revision/p2/OP1_CW_H.npz,0.20023209135493683,0.2218815956955227,0.24225081454266323,0.2113439864102568,0.9024276697095038,0.7568396970335148,0.5357114382593205,7.2201749812292935,0.4528806432127471,0.10470668340103796,0.5370042453354202,0.4869441948590526,0.4398445427096185,0.5113103369764298,0.902427669710091,0.40336233682605777,0.866673051029526,0.13332694897047415,0.9999999999993493
revision_P2,OP1,LONGRAMP,20260701,H,results/revision/p2/OP1_LONGRAMP_s20260701_H.npz,results/revision/p2/OP1_CW_H.npz,0.18888474280664064,0.21882927246196254,0.23030586593815647,0.20827076428653762,0.8631603106914002,0.7273790994877598,0.5606334853616453,2.138525005458433,0.33735634433356215,0.07462260316260279,0.5632426678031128,0.4940020679973619,0.46746479307079614,0.5184165334173427,0.8631603106919619,0.3739017392803027,0.8223577560919957,0.17764224390800387,0.9999999999993493
revision_P2,OP1,LONGRAMP,20260702,H,results/revision/p2/OP1_LONGRAMP_s20260702_H.npz,results/revision/p2/OP1_CW_H.npz,0.174492406017654,0.1909181710899788,0.20357039173620248,0.19564138504245243,0.9139643702925302,0.7728390949522435,0.41624417542658676,1.428391656704587,0.3757862500344005,0.06137551522819397,0.5965220027384484,0.5585407808269933,0.5292851085390575,0.5476193850897257,0.9139643702931249,0.4193617347447864,0.9008810185408311,0.09911898145916874,0.9999999999993493
revision_P2,OP1,LONGRAMP,20260703,H,results/revision/p2/OP1_LONGRAMP_s20260703_H.npz,results/revision/p2/OP1_CW_H.npz,0.21012155820341105,0.23357246189667277,0.25219419240306595,0.23644306769524856,0.8995990216362241,0.6547430224937545,0.4972036302871607,7.235762962945137,0.41636152652620767,0.08047114924745204,0.5141368760952759,0.45991145808417844,0.41685251528168166,0.45327385444527335,0.8995990216368095,0.3012656622862974,0.8534192388376521,0.14658076116234803,0.9999999999993493
revision_P2,OP1,LONGRAMP,20260704,H,results/revision/p2/OP1_LONGRAMP_s20260704_H.npz,results/revision/p2/OP1_CW_H.npz,0.24451105222206743,0.25791071010398114,0.2672913085523947,0.27521805130345994,0.9480453608285153,0.6087024676160504,0.40558287586660297,1.4844396064075673,0.2758866795114579,0.04366215221540637,0.43461820539689744,0.4036342373864512,0.38194352223512196,0.3636146500595949,0.9480453608291322,0.25522510740859333,0.906440067457108,0.09355993254289229,0.9999999999993493
revision_P2,OP1,LONGRAMP,20260705,H,results/revision/p2/OP1_LONGRAMP_s20260705_H.npz,results/revision/p2/OP1_CW_H.npz,0.21064023510171326,0.2351893433550133,0.2458875517756959,0.24822510034786732,0.8956198103914781,0.6760054629763329,0.48873181427604995,1.6195340025053189,0.3141228337798373,0.07176074988058494,0.5129375418610306,0.45617275043776007,0.43143533173684945,0.42603031813965964,0.8956198103920608,0.32252810276887584,0.8467542977642329,0.15324570223576733,0.9999999999993493
revision_P2,OP1,LONGRAMP,20260706,H,results/revision/p2/OP1_LONGRAMP_s20260706_H.npz,results/revision/p2/OP1_CW_H.npz,0.2172745314352457,0.23449727563510203,0.24907627502292784,0.2480591186316567,0.9265546085633147,0.6348599016514083,0.4241973036162783,1.2925626294901174,0.3648550193748972,0.06597885155886127,0.4975970886058757,0.4577730154806452,0.4240620614669528,0.4264141168478264,0.9265546085639177,0.2813825414439512,0.889181410091592,0.11081858990840814,0.9999999999993493
revision_P2,OP1,REF,20260701,H,results/revision/p2/OP1_REF_s20260701_H.npz,results/revision/p2/OP1_CW_H.npz,0.2034877238921194,0.2303929066495812,0.253539639691727,0.2076071551362536,0.8832204378653741,0.7451227540868832,0.4807030986558544,1.6815917360849424,0.4674531900688133,0.07862436466287283,0.5294762610185035,0.46726352922903003,0.4137414436319832,0.5199509936001943,0.8832204378659488,0.39164539387942615,0.8352845170599634,0.1647154829400368,0.9999999999993493
revision_P2,OP1,REF,20260702,H,results/revision/p2/OP1_REF_s20260702_H.npz,results/revision/p2/OP1_CW_H.npz,0.19570245783758422,0.2243926714357635,0.24254221769360673,0.21499910215343776,0.8721428226037571,0.7615086209983265,0.5171533683278312,1.7304003164997683,0.41740168106977543,0.07116089472427782,0.5474780963276825,0.4811378458392491,0.4391707325282955,0.5028586307737282,0.8721428226043246,0.40803126079086943,0.8274703192569007,0.17252968074309927,0.9999999999993493
revision_P2,OP1,REF,20260703,H,results/revision/p2/OP1_REF_s20260703_H.npz,results/revision/p2/OP1_CW_H.npz,0.20982296007151846,0.24043616640469104,0.2683948406426245,0.2169628505888755,0.8726763664928602,0.7125694932656099,0.49949901510253497,1.7162325061317585,0.5050102332798373,0.08473657442048281,0.5148273231983429,0.4440405453499686,0.37939182999910515,0.49831786489967944,0.8726763664934281,0.35909213305815285,0.8116966089087431,0.1883033910912567,0.9999999999993493
revision_P2,OP1,REF,20260704,H,results/revision/p2/OP1_REF_s20260704_H.npz,results/revision/p2/OP1_CW_H.npz,0.20113038973093822,0.2213573871687349,0.23312845649216582,0.21785083254232107,0.9086228939702014,0.7059720661071945,0.46002772125376856,5.640808191195458,0.33593933306643725,0.057552585467922523,0.5349271140838994,0.4881563198526999,0.4609381297631433,0.4962645885847434,0.9086228939707925,0.35249470589973747,0.8748302078417869,0.12516979215821344,0.9999999999993493
revision_P2,OP1,REF,20260705,H,results/revision/p2/OP1_REF_s20260705_H.npz,results/revision/p2/OP1_CW_H.npz,0.19224904154328826,0.21672797948289801,0.24039970528236698,0.18824505087895727,0.887052248638984,0.7058659079985052,0.44726131514346223,1.5652050643455755,0.48823665733016014,0.08062992232132737,0.5554634151271263,0.4988608782012076,0.44412485423778914,0.5647218922930854,0.8870522486395612,0.35238854779104817,0.8521672567763997,0.14783274322360015,0.9999999999993493
revision_P2,OP1,REF,20260706,H,results/revision/p2/OP1_REF_s20260706_H.npz,results/revision/p2/OP1_CW_H.npz,0.22943848899271893,0.25571903467140095,0.27273616972872855,0.2665988252072963,0.8972288249388534,0.6548832127724465,0.5413905900746017,2.0677293485635793,0.37955744188897517,0.07584190101560213,0.469470424838243,0.4087020385267184,0.3693533944872758,0.38354484427993896,0.8972288249394372,0.3014058525649895,0.828919634220816,0.17108036577918379,0.9999999999993493
revision_P2,OP1,SLOW,20260701,H,results/revision/p2/OP1_SLOW_s20260701_H.npz,results/revision/p2/OP1_CW_H.npz,0.3093661634374427,0.3223138062886659,0.33747372499664263,0.3556544244405814,0.9598290777540345,0.442763108861616,0.399004927471814,1.276662994677624,0.31185949039264266,0.029818833115798738,0.2846540265391232,0.25471525082955904,0.21966103971266093,0.17762201903713803,0.9598290777546591,0.08928574865415895,0.8776077497575695,0.12239225024243058,0.9999999999993493
revision_P2,OP1,SLOW,20260702,H,results/revision/p2/OP1_SLOW_s20260702_H.npz,results/revision/p2/OP1_CW_H.npz,0.3492308709242825,0.36054462257837416,0.3702535942626508,0.3724089124620408,0.9686203844251421,0.41351061010381934,0.30120620244687646,1.030574271482838,0.23797905810139086,0.044107144432796334,0.19247504462640685,0.1663143081050079,0.143864297013222,0.13888069857465013,0.9686203844257724,0.06003324989636227,0.8508639388767906,0.14913606112320896,0.9999999999993493
revision_P2,OP1,SLOW,20260703,H,results/revision/p2/OP1_SLOW_s20260703_H.npz,results/revision/p2/OP1_CW_H.npz,0.3150008505585325,0.33034746472841725,0.3404298538653997,0.3325786740026024,0.9535440231620925,0.46320995055304887,0.35040227223341996,1.105014966344519,0.252207760133124,0.03925116946183814,0.2716249651220737,0.23613905893714981,0.2128255963668294,0.23097996357624362,0.953544023162713,0.1097325903455918,0.849909117929269,0.15009088207073149,0.9999999999993493
revision_P2,OP1,SLOW,20260704,H,results/revision/p2/OP1_SLOW_s20260704_H.npz,results/revision/p2/OP1_CW_H.npz,0.2793352520210872,0.2941640417741494,0.31014753368918546,0.31444454541844113,0.9495900666049208,0.46708940336473403,0.4155407765909762,1.3377410529503315,0.3363470911548628,0.03681262868935575,0.35409436649858417,0.3198058233588009,0.2828472676588105,0.2729114201440078,0.9495900666055388,0.11361204315727697,0.8816639767391107,0.11833602326088925,0.9999999999993493
revision_P2,OP1,SLOW,20260705,H,results/revision/p2/OP1_SLOW_s20260705_H.npz,results/revision/p2/OP1_CW_H.npz,0.25809041721455345,0.2762005851716217,0.2964414147757224,0.2916772394514357,0.9344311021433382,0.5246756029381509,0.47252760417945494,7.348053244293301,0.3923184544631851,0.04142962339790159,0.4032187014511638,0.3613426424060703,0.3145398641198025,0.32555615004596283,0.9344311021439463,0.17119824273069378,0.8686230495823026,0.13137695041769737,0.9999999999993493
revision_P2,OP1,SLOW,20260706,H,results/revision/p2/OP1_SLOW_s20260706_H.npz,results/revision/p2/OP1_CW_H.npz,0.24542434959034704,0.26499245410747063,0.2827057693422998,0.29317983389422836,0.9261559934488265,0.5060826176218203,0.5228621927931083,2.066133591859718,0.3734069060364636,0.03347395472047294,0.4325063920437111,0.3872591529179844,0.34630073461868116,0.3220817082869055,0.9261559934494291,0.1526052574143632,0.8645911624936026,0.13540883750639746,0.9999999999993493
revision_P2,OP2,FAST,20260701,H,results/revision/p2/OP2_FAST_s20260701_H.npz,results/revision/p2/OP2_CW_H.npz,0.49513256396780236,0.5169536082555577,0.5287817198104016,0.5082114043466264,0.9577891634001943,0.5091421804840202,0.31180812158554755,1.0944245004326183,0.23625409762170457,0.0954463751929065,0.21789159994009477,0.1834232105081255,0.16473959711485664,0.19723238503504759,0.9577891634007651,0.23166836944746438,0.8245147026712322,0.17548529732876803,0.9999999999994039
revision_P2,OP2,FAST,20260702,H,results/revision/p2/OP2_FAST_s20260702_H.npz,results/revision/p2/OP2_CW_H.npz,0.4870183855034998,0.5037895462128025,0.5171606074391646,0.4922600269025865,0.9667099866692779,0.5042551187839668,0.27489266805309265,0.9629239122837676,0.24994153168736216,0.09078079521733422,0.23070870711167824,0.20421708320362453,0.18309623585163692,0.2224290829380009,0.9667099866698541,0.22678130774741104,0.8709165101466546,0.12908348985334564,0.9999999999994039
revision_P2,OP2,FAST,20260703,H,results/revision/p2/OP2_FAST_s20260703_H.npz,results/revision/p2/OP2_CW_H.npz,0.5176504537078398,0.5326722075695487,0.5439427781518389,0.5246818161864946,0.9717992535592397,0.48524298429150675,0.25150502708645156,0.8586860604152341,0.22490487898919798,0.08658420170320795,0.1823224776505512,0.1585942062064809,0.1407912811576132,0.171215823586215,0.971799253559819,0.20776917325495098,0.8578845628398776,0.14211543716012207,0.9999999999994039
revision_P2,OP2,FAST,20260704,H,results/revision/p2/OP2_FAST_s20260704_H.npz,results/revision/p2/OP2_CW_H.npz,0.472643983810944,0.4915654027790201,0.505066840826317,0.48516162902166027,0.9615078301664325,0.539442882780073,0.2950523793641214,1.0261547069378996,0.25375136225618405,0.09079575231167539,0.2534144249895156,0.2235262661555144,0.20219947636658497,0.23364166866159253,0.9615078301670056,0.26196907174351725,0.8656860997633861,0.13431390023661424,0.9999999999994039
revision_P2,OP2,FAST,20260705,H,results/revision/p2/OP2_FAST_s20260705_H.npz,results/revision/p2/OP2_CW_H.npz,0.46977768552483595,0.48521606307684745,0.49918908128925304,0.47154394243578124,0.9681824681274692,0.48481404962909525,0.2643312314599862,0.8533692136329676,0.2583836569357894,0.08875551499683329,0.2579420124070707,0.23355564470437318,0.21148394974200801,0.2551520828089112,0.9681824681280463,0.2073402385925395,0.891613521274715,0.10838647872528544,0.9999999999994039
revision_P2,OP2,FAST,20260706,H,results/revision/p2/OP2_FAST_s20260706_H.npz,results/revision/p2/OP2_CW_H.npz,0.4927480154168288,0.5088430195262267,0.5213750452604626,0.49556644803336414,0.9683694116028483,0.44347067391418127,0.2613382808544488,0.8798008613682461,0.24223175859530682,0.09161963977709833,0.22165821839298328,0.19623464735607576,0.17643913538716938,0.21720628041424306,0.9683694116034255,0.1659968628776255,0.8717359051552266,0.12826409484477355,0.9999999999994039
revision_P2,OP2,JUMP,20260701,H,results/revision/p2/OP2_JUMP_s20260701_H.npz,results/revision/p2/OP2_CW_H.npz,0.511679351801237,0.5205552701696783,0.5233394992085179,0.5101922694071916,0.9829491335943096,0.4580226908930263,0.18822908543155673,0.6268544961640503,0.16443020574101894,0.12703715130002122,0.19175439406772998,0.17773404715632657,0.1733360958254193,0.19410342274369208,0.9829491335948954,0.1805488798564705,0.9192166710569513,0.08078332894304906,0.9999999999994039
revision_P2,OP2,JUMP,20260702,H,results/revision/p2/OP2_JUMP_s20260702_H.npz,results/revision/p2/OP2_CW_H.npz,0.522460694728099,0.5306024270817612,0.5333879829980847,0.5225728619717441,0.9846556820359066,0.4406268655277211,0.17978228161691606,0.6150565290004387,0.15110788342033996,0.11035502947199533,0.17472425006053138,0.16186361893265133,0.15746357167411584,0.17454711471932538,0.9846556820364936,0.16315305449116532,0.9194779993173986,0.08052200068260096,0.9999999999994039
revision_P2,OP2,JUMP,20260703,H,results/revision/p2/OP2_JUMP_s20260703_H.npz,results/revision/p2/OP2_CW_H.npz,0.5165373133687813,0.5273861104523564,0.5302955133500966,0.5222431503530716,0.979429118688261,0.45985462713573183,0.2062094826463281,0.6819041116688285,0.17183932113190928,0.13514055201021474,0.18408078739016231,0.16694409320594505,0.16234841800544275,0.17506792516845004,0.9794291186888449,0.18238081609917606,0.8978302406450949,0.102169759354905,0.9999999999994039
revision_P2,OP2,JUMP,20260704,H,results/revision/p2/OP2_JUMP_s20260704_H.npz,results/revision/p2/OP2_CW_H.npz,0.506191655953949,0.513177212915975,0.5173153509260643,0.5128432805335632,0.986387632213183,0.451543589070448,0.16939265016357644,0.519597582820423,0.1479780764797815,0.07492703428370208,0.2004227252005959,0.18938838172078898,0.18285180397668854,0.18991590184006568,0.986387632213771,0.17406977803389223,0.9387234005815148,0.06127659941848499,0.9999999999994039
revision_P2,OP2,JUMP,20260705,H,results/revision/p2/OP2_JUMP_s20260705_H.npz,results/revision/p2/OP2_CW_H.npz,0.4799716880450292,0.4909794506683134,0.49516453770651075,0.4829479743438981,0.9775799931986958,0.47583127355315896,0.21669816626937471,0.7453696292415876,0.183192618456533,0.12713087492904207,0.24183962774995205,0.2244518325616982,0.21784109441704602,0.23713834400343736,0.9775799931992786,0.1983574625166032,0.9180989383881473,0.08190106161185232,0.9999999999994039
revision_P2,OP2,JUMP,20260706,H,results/revision/p2/OP2_JUMP_s20260706_H.npz,results/revision/p2/OP2_CW_H.npz,0.49678945160830534,0.5073997196439131,0.5115351405861204,0.5013051846337252,0.9790889359516126,0.4612064636084494,0.21388918744143973,0.748804345974545,0.1704860068018692,0.11177708380522304,0.21527439025546358,0.19851447511112463,0.19198218923099264,0.20814140730399344,0.9790889359521963,0.1837326525718936,0.9128261057860282,0.08717389421397147,0.9999999999994039
revision_P2,OP2,LONGRAMP,20260701,H,results/revision/p2/OP2_LONGRAMP_s20260701_H.npz,results/revision/p2/OP2_CW_H.npz,0.6112108195737993,0.6185204887754864,0.621504325098783,0.6092380472339396,0.9881820095949313,0.3293272988864062,0.15144637462363322,0.5095496431051415,0.1108421221491288,0.05088573621495528,0.0345350902283752,0.022988781017369564,0.018275531228647668,0.037651320019730816,0.9881820095955204,0.051853487849850444,0.6617384711194645,0.33826152888053623,0.9999999999994039
revision_P2,OP2,LONGRAMP,20260702,H,results/revision/p2/OP2_LONGRAMP_s20260702_H.npz,results/revision/p2/OP2_CW_H.npz,0.6185798604555638,0.6238319579669138,0.6259908058405457,0.618762623286228,0.9915809098199028,0.32590977788089465,0.1271576707735282,0.4243200749658296,0.09316428837973988,0.04164536085144078,0.022894997870427147,0.014598816443069262,0.01118871341421035,0.02260635814824774,0.9915809098204938,0.04843596684433888,0.6349607971713688,0.3650392028286316,0.9999999999994039
revision_P2,OP2,LONGRAMP,20260703,H,results/revision/p2/OP2_LONGRAMP_s20260703_H.npz,results/revision/p2/OP2_CW_H.npz,0.6082107118113362,0.616497108818565,0.6196629408827996,0.6088757100480132,0.9865589037017406,0.3307081773267936,0.16203310842657423,0.5623658332744522,0.1156490431664476,0.05519577661324837,0.039274042284576205,0.026184899745934964,0.02118417058679356,0.03822366561463775,0.9865589037023287,0.05323436629023781,0.6622517743907602,0.3377482256092422,0.9999999999994039
revision_P2,OP2,LONGRAMP,20260704,H,results/revision/p2/OP2_LONGRAMP_s20260704_H.npz,results/revision/p2/OP2_CW_H.npz,0.621160080833999,0.6234633265880785,0.6242382694790739,0.6208895204391935,0.9963057237597532,0.3146836255875961,0.085565541409949,0.3129116673711277,0.058004950668971246,0.02957910818810819,0.01881929738365573,0.015181104337047002,0.013957009239335738,0.01924672446006437,0.9963057237603471,0.03720981455104033,0.8051903654166201,0.19480963458338682,0.9999999999994039
revision_P2,OP2,LONGRAMP,20260705,H,results/revision/p2/OP2_LONGRAMP_s20260705_H.npz,results/revision/p2/OP2_CW_H.npz,0.6213543218596959,0.6283645246921765,0.6311285977144756,0.6188167080471322,0.988843732328914,0.30350302835764115,0.14527297055667343,0.49742499287110764,0.10596950142716706,0.048902213821794195,0.018512475435577103,0.007439201488136926,0.0030730884790339807,0.02252092619188928,0.9888437323295034,0.026029217321085374,0.39960505030080384,0.6003949496991967,0.9999999999994039
revision_P2,OP2,LONGRAMP,20260706,H,results/revision/p2/OP2_LONGRAMP_s20260706_H.npz,results/revision/p2/OP2_CW_H.npz,0.6077822200067071,0.6130699421565896,0.6149128850823001,0.6077336485839222,0.9913750099519121,0.3147488652125594,0.12919257519529193,0.41970870027877283,0.08984384261691791,0.045148945673621314,0.0399508853446886,0.031598431453998765,0.028687329968087316,0.04002765889347881,0.991375009952503,0.03727505417600363,0.7875343834139776,0.2124656165860188,0.9999999999994039
revision_P2,OP2,REF,20260701,H,results/revision/p2/OP2_REF_s20260701_H.npz,results/revision/p2/OP2_CW_H.npz,0.5163036317014132,0.5278501897072111,0.5368321861633671,0.5140062808716526,0.9781253123879666,0.4575017390151592,0.2192185974132109,0.7363471351714739,0.19909626369635894,0.07170044862750885,0.18444990953701512,0.16621103642493562,0.15202312920858652,0.18807883364437705,0.9781253123885497,0.18002792797860345,0.891523754708822,0.10847624529117769,0.9999999999994039
revision_P2,OP2,REF,20260702,H,results/revision/p2/OP2_REF_s20260702_H.npz,results/revision/p2/OP2_CW_H.npz,0.5456434255727866,0.5528684571964196,0.5586945980697844,0.5511175352369629,0.9869317347922667,0.4200806776340717,0.16436710636724455,0.5547556554512635,0.15751247894371947,0.05956436686644026,0.13810494878763613,0.12669233258238966,0.1174893957362142,0.1294581240333853,0.986931734792855,0.14260686659751592,0.9114907147682558,0.08850928523174455,0.9999999999994039
revision_P2,OP2,REF,20260703,H,results/revision/p2/OP2_REF_s20260703_H.npz,results/revision/p2/OP2_CW_H.npz,0.5304014382412415,0.5423117352394223,0.5501159982128888,0.5381811725517783,0.9780379139446013,0.4477774090350505,0.21608332673334424,0.6937822620358125,0.18716523340774546,0.07662926874411871,0.16218109968766703,0.14336766666564027,0.1310401001274898,0.14989232312905187,0.9780379139451842,0.17030359799849473,0.8745045078583454,0.125495492141655,0.9999999999994039
revision_P2,OP2,REF,20260704,H,results/revision/p2/OP2_REF_s20260704_H.npz,results/revision/p2/OP2_CW_H.npz,0.5209346484779424,0.5269233389606198,0.5325602868770337,0.5253936070810011,0.9886346076556592,0.4381322560930415,0.15270776320304008,0.5034066738942715,0.15403400572896175,0.046579578751218015,0.17713478347720446,0.16767508425225142,0.15877099545529982,0.17009148305814004,0.9886346076562486,0.16065844505648574,0.9413710291607585,0.05862897083924139,0.9999999999994039
revision_P2,OP2,REF,20260705,H,results/revision/p2/OP2_REF_s20260705_H.npz,results/revision/p2/OP2_CW_H.npz,0.4986666427683327,0.5083795039325043,0.5171164255238871,0.5009510036114093,0.9808944674420605,0.4585743495994702,0.20176984711378163,0.6928986968071538,0.19970503741237172,0.07099551726554708,0.21230919046530983,0.19696681378137348,0.1831660253374916,0.20870086947292277,0.9808944674426452,0.1811005385629144,0.919168527847043,0.08083147215295709,0.9999999999994039
revision_P2,OP2,REF,20260706,H,results/revision/p2/OP2_REF_s20260706_H.npz,results/revision/p2/OP2_CW_H.npz,0.5361711580500791,0.5453885472548728,0.5511207175356653,0.542237882795847,0.9830994082087201,0.40112580367414297,0.18651615876759675,0.613909435963983,0.15996269972222615,0.06606712504714433,0.15306728521276747,0.1385075530358606,0.12945305156872022,0.14348436852712465,0.9830994082093061,0.1236519926375872,0.8974018935922039,0.1025981064077968,0.9999999999994039
revision_P2,OP2,SLOW,20260701,H,results/revision/p2/OP2_SLOW_s20260701_H.npz,results/revision/p2/OP2_CW_H.npz,0.5853149356007895,0.5895837365569179,0.5929918503407708,0.6071143847935925,0.9927596358389098,0.3427560666430387,0.12267927240093542,0.3374490927105663,0.10987654833620503,0.02174565893887482,0.07544007175486733,0.06869709961233217,0.06331366371584646,0.0410058441757164,0.9927596358395016,0.06528225560648294,0.9073566681941277,0.09264333180587182,0.9999999999994039
revision_P2,OP2,SLOW,20260702,H,results/revision/p2/OP2_SLOW_s20260702_H.npz,results/revision/p2/OP2_CW_H.npz,0.5634312363906437,0.5686902395201738,0.5724092652597066,0.5760225440343447,0.9907524294175203,0.3635403746560118,0.1384705381413108,0.3781331721987564,0.12232909194979807,0.042643995862967535,0.11000743052336126,0.10170034102328718,0.09582579048413131,0.09011832500101435,0.9907524294181108,0.08606656361945601,0.920281257867994,0.07971874213200658,0.9999999999994039
revision_P2,OP2,SLOW,20260703,H,results/revision/p2/OP2_SLOW_s20260703_H.npz,results/revision/p2/OP2_CW_H.npz,0.5800344170628797,0.5858060461535639,0.5902537762374876,0.600497826423938,0.9901475426404678,0.3634443194898593,0.142372054626228,0.40259959797510225,0.12818538300077115,0.03421995232779459,0.08378114686427951,0.07466431649988714,0.06763870899059177,0.05145731916477658,0.990147542641058,0.0859705084533035,0.8868421519962686,0.11315784800373097,0.9999999999994039
revision_P2,OP2,SLOW,20260704,H,results/revision/p2/OP2_SLOW_s20260704_H.npz,results/revision/p2/OP2_CW_H.npz,0.5734759832685242,0.5789478557801148,0.5833006475997298,0.5965680359525138,0.9905485917998307,0.35651361647799334,0.14294571697387934,0.4567322405771016,0.12732055613836354,0.03317351804600697,0.09414080917511014,0.08549747248804829,0.07862182888620439,0.05766479207285302,0.9905485918004211,0.07903980544143757,0.9039524487621927,0.09604755123780993,0.9999999999994039
revision_P2,OP2,SLOW,20260705,H,results/revision/p2/OP2_SLOW_s20260705_H.npz,results/revision/p2/OP2_CW_H.npz,0.5786135399847145,0.5842619433671898,0.5887873204606301,0.6013621196559913,0.9903324126334111,0.3521450492015005,0.1421076694873591,0.3902554916503662,0.12986611997564135,0.03597461388284129,0.08602555569366488,0.07710337191183714,0.06995511365645368,0.050092086880353937,0.9903324126340014,0.07467123816494475,0.8920029603440073,0.10799703965599387,0.9999999999994039
revision_P2,OP2,SLOW,20260706,H,results/revision/p2/OP2_SLOW_s20260706_H.npz,results/revision/p2/OP2_CW_H.npz,0.6168711958566303,0.6181183753497773,0.618533002856338,0.6209463116010252,0.9979822966880069,0.28909746673068104,0.06419710383764544,0.17603335481061777,0.048636037389887664,0.03196971877553464,0.025593994125090225,0.023623956949858194,0.02296901385171568,0.019157017489412453,0.9979822966886017,0.011623655694125268,0.9220995639670669,0.07790043603294047,0.9999999999994039
revision_P4_OP3,OP3,OFF+0.125,0,H,results/revision/p4/OP3_OFF+0.125_H.npz,results/revision/p4/OP3_CW_H.npz,0.6173687037232728,0.6174055255537312,0.6174092891991604,0.6173421047384586,0.9999403603807637,0.31797174816672846,0.010929109189043293,0.03175039280109021,0.01755602010129815,0.01720518484730097,-0.002825289351829019,-0.0028851010369972396,-0.002891214528971453,-0.0027821254752016245,0.9999403603811581,0.042942149360686355,1.0211396435560802,-0.021139643556033746,0.9999999999996056
revision_P4_OP3,OP3,OFF+1.309,0,H,results/revision/p4/OP3_OFF+1.309_H.npz,results/revision/p4/OP3_CW_H.npz,0.7797008673339604,0.7852217805069273,0.785285631233479,0.7851624225745066,0.9929689760141361,0.7296710267922254,0.11959910784120323,0.3424923255246298,0.08938984699009367,0.08846826642243884,-0.2665101796972993,-0.27547809678876556,-0.2755818129679102,-0.27538173228292484,0.9929689760145277,0.45464142798618334,1.0298641411027316,-0.029864141102731764,0.9999999999996056
revision_P4_OP3,OP3,OFF+2.618,0,H,results/revision/p4/OP3_OFF+2.618_H.npz,results/revision/p4/OP3_CW_H.npz,1.364245916021088,1.364433499748147,1.364436743170894,1.3642105787405079,0.9998625189669605,0.850967796783433,0.016586165266795537,0.04690726995910999,0.011163115670072029,0.010948074493183092,-1.2160182355050688,-1.2163229378712432,-1.2163282063370562,-1.215960928705368,0.9998625189673549,0.575938197977391,1.0001727892559078,-0.00017278925590745193,0.9999999999996056
revision_P4_OP3,OP3,OFF-1.309,0,H,results/revision/p4/OP3_OFF-1.309_H.npz,results/revision/p4/OP3_CW_H.npz,0.5670966133950521,0.5676309729918174,0.5689909025086688,0.5733130528720212,0.9990586144481355,-0.08744376526741707,0.041643906740895006,0.132427660550906,0.16526139798669726,0.14968801214783722,0.07883437889127742,0.07796638977263903,0.07575738289745448,0.06873664163042004,0.9990586144485295,-0.3624733640734592,0.9885304270231294,0.011469572976868198,0.9999999999996056
revision_P4_OP3,OP3,OFF-2.618,0,H,results/revision/p4/OP3_OFF-2.618_H.npz,results/revision/p4/OP3_CW_H.npz,0.6916433556814984,0.6950989618036874,0.6985447361757579,0.6832697124908289,0.9950286127413827,-0.17286795190388393,0.09934908361494048,0.318671511158154,0.10567282992675602,0.03486552763766592,-0.1234736132663834,-0.1290867407025429,-0.13468389789668622,-0.10987189972189038,0.995028612741775,-0.44789755070992604,1.042806714623073,-0.042806714623072444,0.9999999999996056
revision_P4_OP3,OP3,REF,20260701,H,results/revision/p4/OP3_REF_s20260701_H.npz,results/revision/p4/OP3_CW_H.npz,0.3942777205840586,0.41236921092575,0.4272984509657749,0.39840208063961846,0.9561279313237842,0.5250703466583482,0.3009645851597136,1.0350388250854874,0.27829428981282056,0.058938792633244676,0.35955342918238187,0.33016644547696594,0.3059160755238004,0.35285398136452284,0.9561279313241612,0.25004074785230607,0.8993164166844809,0.10068358331551856,0.9999999999996056
revision_P4_OP3,OP3,REF,20260702,H,results/revision/p4/OP3_REF_s20260702_H.npz,results/revision/p4/OP3_CW_H.npz,0.44432229903278014,0.46002668207796704,0.4706097809535058,0.46374469316647693,0.9658620170155147,0.45363176631541197,0.27526718759491875,0.9166554156999673,0.22219377810683036,0.052001632229708786,0.27826332075825166,0.25275384420684743,0.23556314579933524,0.24671444646021634,0.9658620170158956,0.17860216750936986,0.893484097082322,0.10651590291767746,0.9999999999996056
revision_P4_OP3,OP3,REF,20260703,H,results/revision/p4/OP3_REF_s20260703_H.npz,results/revision/p4/OP3_CW_H.npz,0.4170444375054115,0.43801493162896477,0.4524780964833989,0.4410481433158402,0.9521237916580501,0.4932395464609872,0.32625575847159066,1.1424366117301394,0.2675529776212179,0.06461006331356624,0.3225722227387189,0.2885087178828649,0.26501541899604764,0.2835816783005226,0.9521237916584255,0.2182099476549451,0.8740276661877975,0.12597233381220216,0.9999999999996056
revision_P4P5_offsets,OP1,OFF+0.125,0,H,results/revision/p45/OP1_OFF+0.125_H.npz,results/revision/p2/OP1_CW_H.npz,0.5074480046926024,0.5074817823172026,0.5074861295960329,0.5072871165652375,0.9999334407149632,0.3532138664982393,0.011534750901260098,0.03243961558632957,0.017679870092736662,0.017188365921755728,-0.17336971459392347,-0.17344781844098334,-0.17345787063319928,-0.17299751112498796,0.9999334407156139,-0.0002634937092177436,1.0004163223758162,-0.00041632237581664744,0.9999999999993493
revision_P4P5_offsets,OP1,OFF+0.125,0,p+0,results/revision/p45/OP1_OFF+0.125_p+0.npz,results/revision/p3/OP1_CW_p+0.npz,0.8858036508193229,0.8858079677738341,0.8858069594176257,0.8856663436030774,0.999995126534567,0.08592647976592072,0.0031237075863550616,0.009333994323574832,0.01712199051401889,0.017188365921755756,0.006566514055929562,0.006561672569478927,0.006562803447419552,0.006720670746627411,0.9999951265354708,-0.0015981585974031015,0.9992602683984082,0.0007397316015916398,0.9999999999990962
revision_P4P5_offsets,OP1,OFF+0.125,0,p+3,results/revision/p45/OP1_OFF+0.125_p+3.npz,results/revision/p3/OP1_CW_p+3.npz,0.7934831056798007,0.7934957025377659,0.7934950032391904,0.7930729926771568,0.9999841248567258,0.16187726964137417,0.005636701698758129,0.016288687460580376,0.017137001670572232,0.01718836592175575,7.489028814455789e-05,5.9016082273988246e-05,5.9897319414359274e-05,0.0005917820072386393,0.9999841248572406,0.002666814645160609,0.7880275973711752,0.2119724026295936,0.9999999999994852
revision_P4P5_offsets,OP1,OFF+0.125,0,p+6,results/revision/p45/OP1_OFF+0.125_p+6.npz,results/revision/p3/OP1_CW_p+6.npz,0.6422045116259267,0.6422322619702602,0.6422345103397862,0.6419238170268826,0.999956790796762,0.27459595359460715,0.009296914675992233,0.026279420294247402,0.01739090961590755,0.017188365921755735,-0.0641054941426038,-0.06415147527941967,-0.06415520073131087,-0.06364033411807313,0.9999567907972838,0.011994057701164407,1.0006954286616039,-0.0006954286616068624,0.9999999999994782
revision_P4P5_offsets,OP1,OFF+0.125,0,p+8,results/revision/p45/OP1_OFF+0.125_p+8.npz,results/revision/p3/OP1_CW_p+8.npz,0.48730672634856625,0.48734090569880834,0.48734535531643575,0.48715116505892797,0.9999298656241609,0.3651325908170416,0.01183985811072019,0.03356670670620471,0.01771175322574297,0.017188365921755724,-0.1905861611675379,-0.19066966804060348,-0.19068053933036144,-0.19020605276923197,0.9999298656249445,-0.004800608809090834,1.0004020552593866,-0.000402055259386838,0.9999999999992164
revision_P4P5_offsets,OP1,OFF+0.125,0,p-3,results/revision/p45/OP1_OFF+0.125_p-3.npz,results/revision/p3/OP1_CW_p-3.npz,0.9402861523111852,0.940287636025407,0.940286905587374,0.940236385984994,0.9999984220634569,0.04397729069392412,0.00177787403981934,0.005697845990810191,0.017143098220257,0.017188365921755724,0.0038955843818698765,0.0038940125918427437,0.0038947863925747894,0.00394835630134982,0.9999984220654758,-0.0014587400978114118,0.9995957319559202,0.0004042680441096349,0.9999999999979811
revision_P4P5_offsets,OP1,OFF+0.125,0,p-6,results/revision/p45/OP1_OFF+0.125_p-6.npz,results/revision/p3/OP1_CW_p-6.npz,0.9704126246594026,0.9704132632953855,0.9704127641520286,0.9703611866531187,0.9999993418927718,0.022303929316925798,0.0011483742689406497,0.003844916740585097,0.01715840599007341,0.01718836592175578,0.0014559215997982378,0.0014552644532451753,0.0014557780692796563,0.0015088880492918344,0.9999993418957313,-0.0006453230178040807,0.9995483099537421,0.0004516900462137024,0.9999999999970406
revision_P4P5_offsets,OP1,OFF+0.250,0,H,results/revision/p45/OP1_OFF+0.250_H.npz,results/revision/p2/OP1_CW_H.npz,0.5487236258881678,0.5488812194141787,0.5489069080080363,0.5483247870720417,0.9997128822768266,0.37588659038403316,0.023986671970686095,0.06649743887893567,0.034496185212922824,0.033110096862074445,-0.2688111458618736,-0.269175548654885,-0.2692349482727594,-0.2678887153266192,0.9997128822774771,0.022409230176576086,1.001206142972121,-0.0012061429721214774,0.9999999999993493
revision_P4P5_offsets,OP1,OFF+0.250,0,p+0,results/revision/p45/OP1_OFF+0.250_p+0.npz,results/revision/p3/OP1_CW_p+0.npz,0.8889355933862678,0.8889527791146593,0.8889508370710517,0.8889966052973539,0.999980667445116,0.09092900670140949,0.006230580595676666,0.017637613972289065,0.03304397743875841,0.03311009686207445,0.003054023879151768,0.003034749994639707,0.003036928007947637,0.0029857652420646197,0.9999806674460199,0.003404368338085675,0.9936794192695818,0.006320580730409735,0.9999999999990962
revision_P4P5_offsets,OP1,OFF+0.250,0,p+3,results/revision/p45/OP1_OFF+0.250_p+3.npz,results/revision/p3/OP1_CW_p+3.npz,0.8001937184112491,0.8002443748179058,0.8002440420438475,0.7998418123143012,0.9999366988281945,0.16932397822453185,0.011270287837097492,0.03174138601049481,0.03309752138063847,0.033110096862074424,-0.008381635280825694,-0.008445471060326781,-0.008445051707075768,-0.007938093595556861,0.9999366988287093,0.010113523228318294,1.0075842118840521,-0.007584211884034657,0.9999999999994852
revision_P4P5_offsets,OP1,OFF+0.250,0,p+6,results/revision/p45/OP1_OFF+0.250_p+6.npz,results/revision/p3/OP1_CW_p+6.npz,0.6622444728061179,0.6623641426645495,0.6623762167845357,0.6617946742407255,0.9998193292016833,0.2922455902878942,0.019034005880464885,0.05308783345976659,0.03365674470946019,0.033110096862074424,-0.09731085537598472,-0.09750914322847914,-0.09752914952992597,-0.09656549539972592,0.999819329202205,0.029643694394451466,1.0019457488406678,-0.001945748840668128,0.9999999999994782
revision_P4P5_offsets,OP1,OFF+0.250,0,p+8,results/revision/p45/OP1_OFF+0.250_p+8.npz,results/revision/p3/OP1_CW_p+8.npz,0.531790758995602,0.5319513333514557,0.53197844403214,0.53147007717338,0.9996981408903667,0.38696308687291703,0.024593025651844323,0.06821513294222387,0.03461678832244123,0.03311009686207443,-0.29926940069377084,-0.2996617154209942,-0.2997279521439875,-0.29848586658100373,0.99969814089115,0.017029887246784614,1.0011531789446515,-0.0011531789446515216,0.9999999999992164
revision_P4P5_offsets,OP1,OFF+0.250,0,p-3,results/revision/p45/OP1_OFF+0.250_p-3.npz,results/revision/p3/OP1_CW_p-3.npz,0.941565258567166,0.9415707861078556,0.9415693284040056,0.9413116366395902,0.9999941294475454,0.047320374233479436,0.0034350950401591915,0.010024886151654866,0.03306325450916107,0.033110096862074424,0.0025405464644279174,0.002534690794022354,0.002536235033298029,0.002809275536275413,0.9999941294495643,0.001884343441743902,0.9976921865578934,0.0023078134420875447,0.9999999999979811
revision_P4P5_offsets,OP1,OFF+0.250,0,p-6,results/revision/p45/OP1_OFF+0.250_p-6.npz,results/revision/p3/OP1_CW_p-6.npz,0.9707330320219915,0.9707349420071396,0.9707340041861405,0.9705934376373828,0.9999980324339163,0.024241050216207954,0.0019898727903696345,0.006218659230596869,0.03308087376951936,0.03311009686207444,0.0011262258946322934,0.0011242605435616282,0.0011252255541387424,0.00126990431136087,0.9999980324368757,0.0012917978814780753,0.9982539409723807,0.0017460590276759565,0.9999999999970406
revision_P4P5_offsets,OP1,OFF+0.500,0,H,results/revision/p45/OP1_OFF+0.500_H.npz,results/revision/p2/OP1_CW_H.npz,0.5882757578235821,0.5891822494907508,0.5892844501136562,0.5879202779434883,0.9984614409752632,0.4847715419210789,0.05577757210790957,0.16084204810454583,0.06283752554590102,0.060002931098862,-0.360267360747873,-0.3623634373084301,-0.36259975534320943,-0.35944517463205905,0.9984614409759129,0.13129418171362184,1.0050043469509045,-0.005004346950904415,0.9999999999993493
revision_P4P5_offsets,OP1,OFF+0.500,0,p+0,results/revision/p45/OP1_OFF+0.500_p+0.npz,results/revision/p3/OP1_CW_p+0.npz,0.8800948057374132,0.8801714092705991,0.880171286572523,0.8798238221487908,0.9999129674829481,0.10794499126659911,0.013278892192324181,0.0381100583692328,0.060000599428007825,0.060002931098862025,0.01296901405148787,0.012883102784190803,0.012883240391838191,0.013273088407270706,0.9999129674838518,0.020420352903275287,0.9933325164171999,0.006667483582799932,0.9999999999990962
revision_P4P5_offsets,OP1,OFF+0.500,0,p+3,results/revision/p45/OP1_OFF+0.500_p+3.npz,results/revision/p3/OP1_CW_p+3.npz,0.79132193701831,0.79156490232802,0.7915741279340524,0.790920495793517,0.9996930569950796,0.20739884750619345,0.024925579112043853,0.07115387096118234,0.06019755469083444,0.06000293109886202,0.002798334297825944,0.0024921562433448674,0.00248053039462659,0.0033042978722053196,0.9996930569955943,0.04818839250997989,0.8904489752392546,0.10955102476068976,0.9999999999994852
revision_P4P5_offsets,OP1,OFF+0.500,0,p+6,results/revision/p45/OP1_OFF+0.500_p+6.npz,results/revision/p3/OP1_CW_p+6.npz,0.6731855528376605,0.6738180085922851,0.6738684471414497,0.6733092416248132,0.9990613849042917,0.37168926527370644,0.04357190835192974,0.12400415535561088,0.06124219200029984,0.06000293109886202,-0.11543975849431098,-0.11648771071317676,-0.11657128523802096,-0.11564464151454179,0.9990613849048131,0.10908736938026371,1.0085955770413637,-0.008595577041365689,0.9999999999994782
revision_P4P5_offsets,OP1,OFF+0.500,0,p+8,results/revision/p45/OP1_OFF+0.500_p+8.npz,results/revision/p3/OP1_CW_p+8.npz,0.5758756942560771,0.5768107232119853,0.5769206040404824,0.5756223510808699,0.9983789674527865,0.49886922668815453,0.05725200311061816,0.1655693627730892,0.06310906651908581,0.06000293109886202,-0.40697756682227415,-0.40926202643357223,-0.4095304869042893,-0.4063585504980436,0.9983789674535689,0.12893602706202212,1.0047514339977175,-0.0047514339977179,0.9999999999992164
revision_P4P5_offsets,OP1,OFF+0.500,0,p-3,results/revision/p45/OP1_OFF+0.500_p-3.npz,results/revision/p3/OP1_CW_p-3.npz,0.9363216662072991,0.9363445831988353,0.9363433238710345,0.9364397415679044,0.9999755250450022,0.05522267420716417,0.007046616187800757,0.020581677094414032,0.05998043161438513,0.060002931098862025,0.008095414512337196,0.008071137100059245,0.00807247118706722,0.007970380941695665,0.9999755250470211,0.009786643415428634,0.9969889065482156,0.003011093451771768,0.9999999999979811
revision_P4P5_offsets,OP1,OFF+0.500,0,p-6,results/revision/p45/OP1_OFF+0.500_p-6.npz,results/revision/p3/OP1_CW_p-6.npz,0.9681421001342316,0.9681491508316463,0.9681481566495378,0.9679172893432701,0.9999927173438011,0.028119876855543346,0.003847714257602708,0.01156216182579949,0.05998575304495515,0.06000293109886202,0.003792266739854111,0.003785011651541992,0.003786034657082382,0.004023631812715145,0.9999927173467605,0.005170624520813467,0.998083240821332,0.0019167591786614366,0.9999999999970406
revision_P4P5_offsets,OP1,OFF+0.750,0,H,results/revision/p45/OP1_OFF+0.750_H.npz,results/revision/p2/OP1_CW_H.npz,0.6327208112751825,0.6352154302942777,0.6353796288188832,0.6333827191074457,0.9960727984552588,0.5979290400678717,0.08941974088950558,0.2613540930820803,0.08208388980557313,0.07885111325593604,-0.46303745581447453,-0.46880575203182673,-0.4691854275328111,-0.46456775431840946,0.9960727984559069,0.2444516798604147,1.0103410801305281,-0.01034108013052815,0.9999999999993493
revision_P4P5_offsets,OP1,OFF+0.750,0,p+0,results/revision/p45/OP1_OFF+0.750_p+0.npz,results/revision/p3/OP1_CW_p+0.npz,0.8767442731553422,0.8769582262177641,0.8769640154492043,0.876366444270209,0.9997560282165953,0.13881912742141134,0.022337535457048176,0.06579169789759685,0.07893531007194421,0.07885111325593604,0.016726654087964588,0.016486704596171298,0.016480211943550205,0.017150555361973296,0.9997560282174989,0.05129448905808752,0.9855347551618722,0.014465244838124315,0.9999999999990962
revision_P4P5_offsets,OP1,OFF+0.750,0,p+3,results/revision/p45/OP1_OFF+0.750_p+3.npz,results/revision/p3/OP1_CW_p+3.npz,0.7968517563505344,0.7975320131769651,0.797556702236644,0.7968866596071877,0.9991470476229275,0.264804027618344,0.04173719622756572,0.12074895540786287,0.07924517414825645,0.07885111325593604,-0.0041701886144849265,-0.005027429148683371,-0.005058541607096512,-0.0042140934994963075,0.9991470476234419,0.10559357262213043,1.2050493244948925,-0.2050493244949018,0.9999999999994852
revision_P4P5_offsets,OP1,OFF+0.750,0,p+6,results/revision/p45/OP1_OFF+0.750_p+6.npz,results/revision/p3/OP1_CW_p+6.npz,0.7008748871682002,0.7025914260202928,0.7026802739854926,0.7023287011645616,0.9975568462857346,0.4606985617029381,0.07057464434828523,0.2045818124411462,0.08044875188363798,0.07885111325593602,-0.16131980489211828,-0.1641640365815007,-0.16431125387103163,-0.16372864591204683,0.9975568462862552,0.19809666580949534,1.0163559118029644,-0.016355911802963384,0.9999999999994782
revision_P4P5_offsets,OP1,OFF+0.750,0,p+8,results/revision/p45/OP1_OFF+0.750_p+8.npz,results/revision/p3/OP1_CW_p+8.npz,0.6228343160045575,0.6254222312712672,0.6255982766682305,0.6234223526908078,0.99586213099357,0.6158324731875131,0.09177825601986005,0.2694014618904301,0.08236530196761893,0.07885111325593604,-0.5217067141504215,-0.5280295000584314,-0.5284596135810389,-0.5231433502052254,0.9958621309943504,0.2458992735613807,1.0098764465556649,-0.009876446555665146,0.9999999999992164
revision_P4P5_offsets,OP1,OFF+0.750,0,p-3,results/revision/p45/OP1_OFF+0.750_p-3.npz,results/revision/p3/OP1_CW_p-3.npz,0.9324755149379361,0.9325371268160787,0.932538417433199,0.931487982865584,0.9999339309113054,0.07044782042348217,0.011633151367522456,0.034608637500231645,0.07886877229222022,0.07885111325593606,0.012169885090395627,0.012104615744626734,0.012103248514173437,0.013216090922891888,0.9999339309133243,0.025011789631746644,0.9946040239078204,0.005395976092181598,0.9999999999979811
revision_P4P5_offsets,OP1,OFF+0.750,0,p-6,results/revision/p45/OP1_OFF+0.750_p-6.npz,results/revision/p3/OP1_CW_p-6.npz,0.9656411359690266,0.9656587616726015,0.9656589883249789,0.96496976468705,0.9999817474823669,0.0353640897674614,0.006121525242538625,0.01844847616611741,0.07885410836355941,0.07885111325593602,0.006365731773177563,0.006347595118076921,0.006347361898148995,0.0070566026404566,0.9999817474853263,0.012414837432731522,0.9971418017235736,0.002858198276428286,0.9999999999970406
revision_P4P5_offsets,OP1,OFF+1.000,0,H,results/revision/p45/OP1_OFF+1.000_H.npz,results/revision/p2/OP1_CW_H.npz,0.6928233176079908,0.6973225946020302,0.697499919336461,0.6969593412182524,0.9935477825774351,0.6923132572833772,0.11471576169322437,0.3306627160970623,0.09157383575553331,0.08873055099301842,-0.6020122080057404,-0.6124158657460848,-0.6128258929222763,-0.6115756657486218,0.9935477825780816,0.33883589707592016,1.0137357647722296,-0.013735764772229623,0.9999999999993493
revision_P4P5_offsets,OP1,OFF+1.000,0,p+0,results/revision/p45/OP1_OFF+1.000_p+0.npz,results/revision/p3/OP1_CW_p+0.npz,0.8885211201474408,0.8889359854365148,0.8889493989950978,0.8883089641644291,0.9995333012771778,0.17122153975907367,0.030987447917310763,0.09096512969339196,0.08890178523918589,0.08873055099301838,0.0035188578117029135,0.003053584193624448,0.003038540817746571,0.003756958285824119,0.9995333012780812,0.08369690139574985,0.8675746827018506,0.1324253172981335,0.9999999999990962
revision_P4P5_offsets,OP1,OFF+1.000,0,p+3,results/revision/p45/OP1_OFF+1.000_p+3.npz,results/revision/p3/OP1_CW_p+3.npz,0.821892251918174,0.8231241820541376,0.8231610380237678,0.8161673803082028,0.9985033483855508,0.3124401497899592,0.055436218795493666,0.16226409266388447,0.0892377115815839,0.0887305509930184,-0.035725517390212236,-0.037277961124829284,-0.03732440598120035,-0.028511113944450273,0.9985033483860648,0.15322969479374565,1.0426689565403127,-0.042668956540308105,0.9999999999994852
revision_P4P5_offsets,OP1,OFF+1.000,0,p+6,results/revision/p45/OP1_OFF+1.000_p+6.npz,results/revision/p3/OP1_CW_p+6.npz,0.7412341320672611,0.7442462669746153,0.7443485464526379,0.7508715596704514,0.9959527712250427,0.531288383718759,0.09099809740383795,0.25553381630602334,0.09027816748734767,0.08873055099301845,-0.22819335289601828,-0.23318433200870947,-0.23335380474227363,-0.24416208812235296,0.9959527712255624,0.26868648782531623,1.019730255451569,-0.0197302554515696,0.9999999999994782
revision_P4P5_offsets,OP1,OFF+1.000,0,p+8,results/revision/p45/OP1_OFF+1.000_p+8.npz,results/revision/p3/OP1_CW_p+8.npz,0.6864933026683893,0.6911813359149023,0.691369581621903,0.6889559143822946,0.9932173613451127,0.7130434361607159,0.11758937299161645,0.3411789257239142,0.09177244209082479,0.08873055099301844,-0.6772381370877152,-0.6886919242077281,-0.689151845486792,-0.6832547229765467,0.993217361345891,0.34311023653458345,1.0131601379948487,-0.013160137994849096,0.9999999999992164
revision_P4P5_offsets,OP1,OFF+1.000,0,p-3,results/revision/p45/OP1_OFF+1.000_p-3.npz,results/revision/p3/OP1_CW_p-3.npz,0.9367502555870355,0.9368740191158649,0.9368790594827237,0.9347629119590624,0.999867897362608,0.0894212867383978,0.016499020425924712,0.048491934890582775,0.0887916403177156,0.08873055099301844,0.007641382755522397,0.0075102722469050365,0.007504932670102216,0.00974675219576071,0.9998678973646267,0.04398525594666227,0.9827772061867193,0.017222793813252455,0.9999999999979811
revision_P4P5_offsets,OP1,OFF+1.000,0,p-6,results/revision/p45/OP1_OFF+1.000_p-6.npz,results/revision/p3/OP1_CW_p-6.npz,0.9669210611891969,0.9669565087817116,0.9669584994596313,0.9652158571185031,0.9999633410684009,0.04567168588450168,0.008700355586195946,0.025993318503133342,0.08875393236380077,0.0887305509930185,0.005048702586912923,0.005012227401159808,0.005010179018062111,0.00680337620384297,0.9999633410713602,0.022722433549771798,0.9927571529143281,0.007242847085683406,0.9999999999970406
revision_P4P5_offsets,OP1,OFF+1.309,0,H,results/revision/p45/OP1_OFF+1.309_H.npz,results/revision/p2/OP1_CW_H.npz,0.7839093086910259,0.7899499472580922,0.7900837098104064,0.7892992749969034,0.9923531375778514,0.7677638768147664,0.12471651899708414,0.36090723586658147,0.09037493619813021,0.08846631510548363,-0.8126299311463585,-0.8265976722454569,-0.8269069707857994,-0.8250928416492924,0.9923531375784971,0.4142865166073093,1.0129060580081097,-0.012906058008109927,0.9999999999993493
revision_P4P5_offsets,OP1,OFF+1.309,0,p+0,results/revision/p45/OP1_OFF+1.309_p+0.npz,results/revision/p3/OP1_CW_p+0.npz,0.8916750654130283,0.8922142986882021,0.8922326013705905,0.8919767818361803,0.9993956235895719,0.19516837220754202,0.03526044023420156,0.10529813431517654,0.08869970672827213,0.08846631510548371,-1.830850813711038e-05,-0.0006230614813229618,-0.0006435880354389578,-0.00035651797206281977,0.9993956235904752,0.10764373384421819,34.020967536558224,-33.02096753655627,0.9999999999990962
revision_P4P5_offsets,OP1,OFF+1.309,0,p+3,results/revision/p45/OP1_OFF+1.309_p+3.npz,results/revision/p3/OP1_CW_p+3.npz,0.8348497752537128,0.8365420786888085,0.836584577326312,0.8364959421854621,0.9979770253305749,0.3653896029846019,0.06442826158940151,0.18826329780289786,0.08904320413175837,0.08846631510548361,-0.05205422413915084,-0.05418681736698461,-0.05424037295481554,-0.05412859428699135,0.9979770253310887,0.20617914798838832,1.0399061452350304,-0.03990614523502845,0.9999999999994852
revision_P4P5_offsets,OP1,OFF+1.309,0,p+6,results/revision/p45/OP1_OFF+1.309_p+6.npz,results/revision/p3/OP1_CW_p+6.npz,0.8005305530924867,0.8047379380085794,0.8048299665319504,0.8048458270452266,0.994771732861875,0.6127944998075017,0.10332701710454796,0.30065535454582215,0.08975972840364704,0.08846631510548365,-0.326444994318134,-0.3334164517334752,-0.333568939072199,-0.3335951427333801,0.9947717328623941,0.35019260391405893,1.0185555303298395,-0.018555530329839573,0.9999999999994782
revision_P4P5_offsets,OP1,OFF+1.309,0,p+8,results/revision/p45/OP1_OFF+1.309_p+8.npz,results/revision/p3/OP1_CW_p+8.npz,0.7809313350099583,0.7872041734887848,0.7873442127257196,0.7868526944937202,0.9920314974309318,0.7877451198137023,0.1272769202925557,0.36844927972875163,0.09047040492227824,0.08846631510548365,-0.9079688213043322,-0.9232945992581001,-0.9236367426507868,-0.92243579980132,0.9920314974317092,0.41781192018756996,1.0123838001835852,-0.012383800183585368,0.9999999999992164
revision_P4P5_offsets,OP1,OFF+1.309,0,p-3,results/revision/p45/OP1_OFF+1.309_p-3.npz,results/revision/p3/OP1_CW_p-3.npz,0.9387329445441625,0.9388912478327258,0.9388993416849865,0.9384181089051461,0.9998313933707138,0.10105786608207541,0.018640747920496054,0.05724650719665132,0.08856446927182689,0.08846631510548372,0.005540995314808561,0.005373294660631078,0.005364720334192663,0.005874571773414106,0.9998313933727324,0.05562183529033988,0.9696528805504888,0.03034711944952198,0.9999999999979811
revision_P4P5_offsets,OP1,OFF+1.309,0,p-6,results/revision/p45/OP1_OFF+1.309_p-6.npz,results/revision/p3/OP1_CW_p-6.npz,0.9681941547727051,0.9682397316549282,0.9682434089510445,0.9677147922193958,0.999952928101654,0.05175762238415524,0.00986051334742735,0.031321777567466035,0.08850957128012815,0.08846631510548357,0.0037387030807671806,0.0036918049656374796,0.0036880210706903283,0.004231999151769084,0.9999529281046133,0.02880837004942536,0.9874328205897983,0.012567179410156667,0.9999999999970406
revision_P4P5_offsets,OP1,OFF+1.750,0,H,results/revision/p45/OP1_OFF+1.750_H.npz,results/revision/p2/OP1_CW_H.npz,0.9584425519277515,0.9631695293395994,0.9632505003567722,0.9640539129950352,0.9950922685281698,0.8194472603101812,0.09944637620885602,0.2834523751653417,0.06849956394553523,0.06725539482635025,-1.2162023561239397,-1.2271325245049471,-1.2273197534182572,-1.2291771338294097,0.9950922685288173,0.46596990010272415,1.0061822623093921,-0.006182262309392367,0.9999999999993493
revision_P4P5_offsets,OP1,OFF+1.750,0,p+0,results/revision/p45/OP1_OFF+1.750_p+0.npz,results/revision/p3/OP1_CW_p+0.npz,0.922604811497158,0.9231745449895024,0.9231954512412862,0.9235659715778913,0.9993828539841826,0.25898744370558874,0.03540950278796652,0.10444125484846489,0.06759279256315333,0.06725539482635029,-0.03470618255708846,-0.03534514168534031,-0.035368588156283964,-0.03578395565774528,0.9993828539850859,0.17146280534226496,1.0180944219401646,-0.018094421940163898,0.9999999999990962
revision_P4P5_offsets,OP1,OFF+1.750,0,p+3,results/revision/p45/OP1_OFF+1.750_p+3.npz,results/revision/p3/OP1_CW_p+3.npz,0.9150463522525369,0.9166325228173405,0.9166710979714067,0.9160677884603872,0.998269567656264,0.44756188159347776,0.05920789514764881,0.1721936737368705,0.0678810557660537,0.06725539482635025,-0.1531156966267886,-0.15511454419418857,-0.1551631555183839,-0.15440279076361962,0.9982695676567779,0.28835142659726426,1.0121566693818749,-0.0121566693818745,0.9999999999994852
revision_P4P5_offsets,OP1,OFF+1.750,0,p+6,results/revision/p45/OP1_OFF+1.750_p+6.npz,results/revision/p3/OP1_CW_p+6.npz,0.9363892283928691,0.9397478552643052,0.9398094837048838,0.9396512064157014,0.9964260340126113,0.6740235230342835,0.08495168077984812,0.24439222069816302,0.06822789201998701,0.06725539482635022,-0.5515570266955729,-0.5571221282192291,-0.5572242439168165,-0.556961895845332,0.9964260340131312,0.4114216271408407,1.008150927326825,-0.008150927326825035,0.9999999999994782
revision_P4P5_offsets,OP1,OFF+1.750,0,p+8,results/revision/p45/OP1_OFF+1.750_p+8.npz,results/revision/p3/OP1_CW_p+8.npz,0.9620404029579754,0.9669462411287147,0.9670306208176236,0.9662374174799999,0.9949264623387825,0.8372791275457132,0.10109800436839399,0.28797023881203476,0.0685464325443177,0.06725539482635018,-1.3504538893364635,-1.3624398167170955,-1.3626459728881106,-1.3607079386902328,0.9949264623395621,0.46734592791958085,1.0059517919908192,-0.005951791990819264,0.9999999999992164
revision_P4P5_offsets,OP1,OFF+1.750,0,p-3,results/revision/p45/OP1_OFF+1.750_p-3.npz,results/revision/p3/OP1_CW_p-3.npz,0.9491836428377656,0.9493584896282155,0.9493691953618625,0.9487900169536145,0.9998158263792233,0.13766364079491913,0.019362873750393778,0.0583151217106586,0.0674236152545466,0.0672553948263502,-0.0055300884089743985,-0.005715314637911639,-0.005726655894989552,-0.005113043909152237,0.9998158263812419,0.09222761000318361,1.0333989972900701,-0.03339899729008355,0.9999999999979811
revision_P4P5_offsets,OP1,OFF+1.750,0,p-6,results/revision/p45/OP1_OFF+1.750_p-6.npz,results/revision/p3/OP1_CW_p-6.npz,0.9719642599403898,0.9720155519123881,0.9720210002209505,0.9717153677831405,0.9999472313257773,0.07077671020285425,0.010373701382006035,0.03263146753033186,0.06733906150557539,0.06725539482635019,-0.00014069429564167457,-0.0001934731762274211,-0.00019907942378494248,0.00011545038824745113,0.9999472313287366,0.047827457868124375,1.375095347500465,-0.3750953475008001,0.9999999999970406
revision_P4P5_offsets,OP1,OFF+2.000,0,H,results/revision/p45/OP1_OFF+2.000_H.npz,results/revision/p2/OP1_CW_H.npz,1.0794949016535897,1.082057644838912,1.0821228340350164,1.0848688305147736,0.9976316019783736,0.8048563494675224,0.0689114105411316,0.1967786529430593,0.04845998421632594,0.04719753018053165,-1.4961111541391645,-1.5020369735557462,-1.5021877102357353,-1.5085368749498986,0.9976316019790228,0.4513789892600653,1.0025922368222582,-0.0025922368222580055,0.9999999999993493
revision_P4P5_offsets,OP1,OFF+2.000,0,p+0,results/revision/p45/OP1_OFF+2.000_p+0.npz,results/revision/p3/OP1_CW_p+0.npz,0.9660761229282759,0.9664428409999066,0.96646656649375,0.9664073120354559,0.9996205486180111,0.2851484733329489,0.027643334635022686,0.08203833610869454,0.04771598713891619,0.04719753018053165,-0.08345948856754704,-0.08387076482617828,-0.08389737309196921,-0.08383073785891693,0.9996205486189146,0.1976238349696251,1.0047346233347112,-0.004734623334712922,0.9999999999990962
revision_P4P5_offsets,OP1,OFF+2.000,0,p+3,results/revision/p45/OP1_OFF+2.000_p+3.npz,results/revision/p3/OP1_CW_p+3.npz,0.9806830279685073,0.9815783846829028,0.9816146543754976,0.9806103752640174,0.9990878398216921,0.4597783188069669,0.04281932608609178,0.12434685711994514,0.047975760565552646,0.04719753018053163,-0.23582919070954467,-0.23695749407726518,-0.2370032001236475,-0.23573753833119637,0.9990878398222065,0.30056786381075334,1.0043098477589636,-0.00430984775896365,0.9999999999994852
revision_P4P5_offsets,OP1,OFF+2.000,0,p+6,results/revision/p45/OP1_OFF+2.000_p+6.npz,results/revision/p3/OP1_CW_p+6.npz,1.0253208256145923,1.027186934514357,1.0272390369043904,1.0256691656271726,0.9981832820910569,0.6821918595260739,0.06037849585634177,0.17796518018362406,0.04826263742309226,0.04719753018053168,-0.698912891522687,-0.7020049544035754,-0.7020912858414958,-0.699489978538379,0.9981832820915777,0.4195899636326311,1.003430961046178,-0.0034309610461782107,0.9999999999994782
revision_P4P5_offsets,OP1,OFF+2.000,0,p+8,results/revision/p45/OP1_OFF+2.000_p+8.npz,results/revision/p3/OP1_CW_p+8.npz,1.0854569440254838,1.0881022933914073,1.0881697267342765,1.0910442452210458,0.997568841291862,0.8186196694500893,0.06981537955314536,0.1992067899463743,0.04849570606088035,0.04719753018053167,-1.6519847689841969,-1.6584478776900964,-1.6586126306049649,-1.665635551428983,0.9975688412926437,0.44868646982395693,1.0024957428329628,-0.0024957428329627023,0.9999999999992164
revision_P4P5_offsets,OP1,OFF+2.000,0,p-3,results/revision/p45/OP1_OFF+2.000_p-3.npz,results/revision/p3/OP1_CW_p-3.npz,0.9698285445608749,0.9699556073485871,0.9699691808239268,0.9704615452671111,0.9998690014401178,0.16077510855757549,0.016258406887198356,0.049343474821242544,0.04749375985598627,0.04719753018053164,-0.0274005346724282,-0.027535140293960758,-0.027549519530617017,-0.028071059276220334,0.9998690014421365,0.11533907776583996,1.0048463976034805,-0.004846397603480272,0.9999999999979811
revision_P4P5_offsets,OP1,OFF+2.000,0,p-6,results/revision/p45/OP1_OFF+2.000_p-6.npz,results/revision/p3/OP1_CW_p-6.npz,0.9807080569852762,0.9807488470722293,0.9807560162396721,0.9811696909952512,0.9999584092430239,0.0852021672584853,0.009168967792933023,0.02774654783502964,0.0473525000224813,0.04719753018053176,-0.009137966734228176,-0.009179939288841643,-0.009187316281519031,-0.009612945415959695,0.9999584092459832,0.062252914923755426,1.004572282156881,-0.004572282156898264,0.9999999999970406
revision_P4P5_offsets,OP1,OFF+2.618,0,H,results/revision/p45/OP1_OFF+2.618_H.npz,results/revision/p2/OP1_CW_H.npz,1.3082886096461375,1.3084604989470936,1.308493710953755,1.3063722195276355,0.9998686324110705,0.7275089467139176,0.016243226831977202,0.05147507236233517,0.013043306106249444,0.010925022582024326,-2.0251498051251438,-2.025547263972435,-2.025624059942247,-2.0207180747742854,0.9998686324117211,0.3740315865064606,1.0001186819262216,-0.00011868192622166292,0.9999999999993493
revision_P4P5_offsets,OP1,OFF+2.618,0,p+0,results/revision/p45/OP1_OFF+2.618_p+0.npz,results/revision/p3/OP1_CW_p+0.npz,1.051979383048329,1.052029901756861,1.0520550625013338,1.0492597534982013,0.9999519797788563,0.3254582680899731,0.009827273228082177,0.031670639271472734,0.012930396552039671,0.010925022582024296,-0.17980044976824905,-0.17985710676636746,-0.17988532467323326,-0.17675017425561257,0.9999519797797601,0.2379336297266493,1.000290430808958,-0.00029043080895820587,0.9999999999990962
revision_P4P5_offsets,OP1,OFF+2.618,0,p+3,results/revision/p45/OP1_OFF+2.618_p+3.npz,results/revision/p3/OP1_CW_p+3.npz,1.112782119714735,1.1128693987957132,1.1128989482661058,1.1099587635617283,0.999921572934728,0.48464178804950303,0.012561658857916795,0.04082745450841213,0.013132713815316669,0.0109250225820243,-0.40229675361249817,-0.40240674025673195,-0.4024439776678397,-0.3987387291956983,0.9999215729352429,0.3254313330532895,1.0002319653617064,-0.00023196536170677797,0.9999999999994852
revision_P4P5_offsets,OP1,OFF+2.618,0,p+6,results/revision/p45/OP1_OFF+2.618_p+6.npz,results/revision/p3/OP1_CW_p+6.npz,1.2382360063596816,1.2383766035654122,1.238408513085486,1.2360796873819129,0.9998864665196953,0.6500000214703271,0.015104756965732317,0.04832583300094173,0.013072772072559434,0.010925022582024319,-1.0517042679700466,-1.05193723154424,-1.0519901042574182,-1.0481312218212993,0.999886466520217,0.38739812557688436,1.0001579860007008,-0.00015798600070084586,0.9999999999994782
revision_P4P5_offsets,OP1,OFF+2.618,0,p+8,results/revision/p45/OP1_OFF+2.618_p+8.npz,results/revision/p3/OP1_CW_p+8.npz,1.316719095757042,1.3168958707790577,1.3169296830916415,1.3147825381594345,0.9998657638573116,0.7383578500864717,0.016419371086674947,0.05200019966553693,0.013065773702489866,0.010925022582024314,-2.217003683285975,-2.2174355794249845,-2.2175181895507756,-2.2122721800395566,0.9998657638580951,0.3684246504603393,1.0001148916147091,-0.00011489161470897065,0.9999999999992164
revision_P4P5_offsets,OP1,OFF+2.618,0,p-3,results/revision/p45/OP1_OFF+2.618_p-3.npz,results/revision/p3/OP1_CW_p-3.npz,1.0175764854394782,1.017603029513578,1.0176201290027809,1.0155101976073528,0.9999739150991792,0.20220188547303974,0.007234590231621664,0.022809296939158424,0.012368015145955898,0.01092502258202429,-0.07798293943181434,-0.078011059241202,-0.0780291738066099,-0.0757939350112411,0.9999739151011982,0.15676585468130422,1.0003473787075914,-0.0003473787075903102,0.9999999999979811
revision_P4P5_offsets,OP1,OFF+2.618,0,p-6,results/revision/p45/OP1_OFF+2.618_p-6.npz,results/revision/p3/OP1_CW_p-6.npz,1.003789854781859,1.0038028314612115,1.003812799359528,1.0025926161425243,0.9999870724818203,0.114942594954625,0.0050870927063860205,0.015411189664976524,0.01179910415459189,0.010925022582024324,-0.03288888662430889,-0.032902239483731055,-0.0329124963400893,-0.031656902496844275,0.9999870724847797,0.09199334261989511,1.000399497847918,-0.0003994978479134768,0.9999999999970406
revision_P4P5_offsets,OP1,OFF+3.000,0,H,results/revision/p45/OP1_OFF+3.000_H.npz,results/revision/p2/OP1_CW_H.npz,1.4213388430627796,1.4233049176915833,1.4233225761454107,1.4319799441368992,0.9986186553532096,0.6855748310312639,0.052680424845091806,0.1486528843750009,0.04161440780699709,0.041314684047706995,-2.2865553459730523,-2.2911014913981003,-2.2911423229581986,-2.3111602002166562,0.9986186553538594,0.33209747082380686,1.0011617524807732,-0.00116175248077316,0.9999999999993493
revision_P4P5_offsets,OP1,OFF+3.000,0,p+0,results/revision/p45/OP1_OFF+3.000_p+0.npz,results/revision/p3/OP1_CW_p+0.npz,1.1173967445833974,1.1179046801225045,1.1179236659297347,1.1167859479653546,0.9995456360921116,0.36605456919140344,0.030250806297228726,0.08927293844442014,0.041724431186532636,0.041314684047707,-0.25316636720484587,-0.2537360196010394,-0.25375731228300036,-0.25248114634438146,0.9995456360930149,0.27852993082807964,1.002013826514564,-0.0020138265145648866,0.9999999999990962
revision_P4P5_offsets,OP1,OFF+3.000,0,p+3,results/revision/p45/OP1_OFF+3.000_p+3.npz,results/revision/p3/OP1_CW_p+3.npz,1.2049240891815824,1.205906769639029,1.2059264176840654,1.1994129806248721,0.9991851107546722,0.5045355145799324,0.040491518527541605,0.11757264318991317,0.04170785714138455,0.04131468404770699,-0.5184114739747785,-0.5196498202691986,-0.5196745801822567,-0.5114664106228826,0.9991851107551866,0.34532505958371884,1.0019518562063492,-0.0019518562063491854,0.9999999999994852
revision_P4P5_offsets,OP1,OFF+3.000,0,p+6,results/revision/p45/OP1_OFF+3.000_p+6.npz,results/revision/p3/OP1_CW_p+6.npz,1.351448747951107,1.3530431341667617,1.3530605346381082,1.3542905553347533,0.998821629425261,0.6235587508449741,0.04866644461205781,0.13889322194999099,0.04162532502736648,0.041314684047707016,-1.2392929537445787,-1.2419347837230328,-1.241963615560993,-1.2440015786310714,0.9988216294257821,0.3609568549515314,1.0014625696505763,-0.001462569650576724,0.9999999999994782
revision_P4P5_offsets,OP1,OFF+3.000,0,p+8,results/revision/p45/OP1_OFF+3.000_p+8.npz,results/revision/p3/OP1_CW_p+8.npz,1.4325688491588742,1.4345840355755632,1.4346018754139596,1.444327078306225,0.9985952817215894,0.6925393833023639,0.053123323849245944,0.14975515626653124,0.041615103280993195,0.041314684047706995,-2.500047412660303,-2.5049709093592347,-2.505014495589333,-2.528774955450688,0.9985952817223719,0.32260618367623145,1.0011220722950773,-0.0011220722950772849,0.9999999999992164
revision_P4P5_offsets,OP1,OFF+3.000,0,p-3,results/revision/p45/OP1_OFF+3.000_p-3.npz,results/revision/p3/OP1_CW_p-3.npz,1.0536165560298496,1.0538452847809898,1.0538606142935367,1.0551277900815388,0.9997829579403701,0.24662639567875605,0.020909166145569986,0.06181788376061262,0.041665879537120025,0.04131468404770703,-0.11616245889620092,-0.1164047656836722,-0.11642100520112963,-0.11776334684373113,0.9997829579423886,0.20119036488702052,1.0019751835691149,-0.001975183569114033,0.9999999999979811
revision_P4P5_offsets,OP1,OFF+3.000,0,p-6,results/revision/p45/OP1_OFF+3.000_p-6.npz,results/revision/p3/OP1_CW_p-6.npz,1.0198548555227709,1.0199402599726426,1.0199501516446143,1.0202750832134881,0.9999162652429525,0.1488174160588155,0.012981541646219166,0.03935167419090854,0.04154916234434026,0.04131468404770701,-0.04941959835630305,-0.04950747860693805,-0.04951765702716471,-0.049851968880955555,0.9999162652459117,0.1258681637240856,1.0017359667837107,-0.0017359667837104139,0.9999999999970406
revision_P4P5_offsets,OP1,OFF-0.125,0,H,results/revision/p45/OP1_OFF-0.125_H.npz,results/revision/p2/OP1_CW_H.npz,0.29918334250656287,0.2992193663784138,0.29922596358966325,0.2997260552457448,0.999879607151479,0.4147902985874402,0.015506540582524134,0.04644239285431845,0.01925216800495627,0.018070277701879328,0.30819971709054317,0.30811641925586275,0.3081011645547873,0.30694491276843594,0.9998796071521296,0.06131293837998314,0.9996732324869602,0.0003267675130402583,0.9999999999993493
revision_P4P5_offsets,OP1,OFF-0.125,0,p+0,results/revision/p45/OP1_OFF-0.125_p+0.npz,results/revision/p3/OP1_CW_p+0.npz,0.8867086078642409,0.8867137167989289,0.8867109360077142,0.8870207417696462,0.9999942383493217,0.09108687478556257,0.003396944227722081,0.010150576451352256,0.017895831062869082,0.01807027770187935,0.005551599937060225,0.005545870240647677,0.005548988913836372,0.005201706283149532,0.9999942383502255,0.0035622364222387547,0.9989650446059668,0.0010349553940214246,0.9999999999990962
revision_P4P5_offsets,OP1,OFF-0.125,0,p+3,results/revision/p45/OP1_OFF-0.125_p+3.npz,results/revision/p3/OP1_CW_p+3.npz,0.7499406107990368,0.7499537624674941,0.7499506351512051,0.7501264799828417,0.9999824633609224,0.16531037522807085,0.005928222640894854,0.017366828674936025,0.017837942875833963,0.018070277701879325,0.05494591861769471,0.0549293452552061,0.054933286211992116,0.05471176606563066,0.9999824633614373,0.006099920231857291,0.9996896863764784,0.0003103136235197832,0.9999999999994852
revision_P4P5_offsets,OP1,OFF-0.125,0,p+6,results/revision/p45/OP1_OFF-0.125_p+6.npz,results/revision/p3/OP1_CW_p+6.npz,0.46841686065037225,0.4684382995941152,0.4684369898289117,0.46895183071050117,0.9999542331535198,0.2840547161827685,0.009578656148876746,0.02916216411549133,0.017914828160342986,0.01807027770187934,0.22385323375394273,0.22381771033865616,0.22381988056415514,0.2229668557673865,0.9999542331540416,0.02145282028932577,0.9998193945187657,0.00018060548123426627,0.9999999999994782
revision_P4P5_offsets,OP1,OFF-0.125,0,p+8,results/revision/p45/OP1_OFF-0.125_p+8.npz,results/revision/p3/OP1_CW_p+8.npz,0.2832300148881497,0.28327050178679847,0.28327944209606615,0.28387244672918066,0.9998570733684115,0.4384173977017475,0.016889764525322575,0.05070976800091154,0.019740278809394832,0.01807027770187935,0.30801337654448147,0.30791445908989035,0.30789261615689256,0.3064438134503644,0.9998570733691949,0.06848419807561508,0.9996117836758219,0.0003882163241781948,0.9999999999992164
revision_P4P5_offsets,OP1,OFF-0.125,0,p-3,results/revision/p45/OP1_OFF-0.125_p-3.npz,results/revision/p3/OP1_CW_p-3.npz,0.9469777988930818,0.9469795355628658,0.946977773031676,0.9471568368821556,0.9999981660957614,0.047388960257639175,0.001915920896146479,0.006020336822199372,0.0179669501303542,0.018070277701879356,-0.003193298817780965,-0.003195138579572321,-0.0031932714174636168,-0.00338291336019636,0.9999981660977804,0.0019529294659036411,1.0005752140816495,-0.0005752140816546841,0.9999999999979811
revision_P4P5_offsets,OP1,OFF-0.125,0,p-6,results/revision/p45/OP1_OFF-0.125_p-6.npz,results/revision/p3/OP1_CW_p-6.npz,0.9752291786828645,0.975229870657124,0.9752288179672927,0.9752297163495914,0.9999992904500977,0.024192829713827312,0.0011913602272613762,0.00399614753782113,0.018010424139136238,0.018070277701879318,-0.003500260313138659,-0.003500972344185893,-0.0034998891348112515,-0.003500776080992418,0.9999992904530571,0.001243577379097433,1.0002030672601236,-0.0002030672600831094,0.9999999999970406
revision_P4P5_offsets,OP1,OFF-0.250,0,H,results/revision/p45/OP1_OFF-0.250_H.npz,results/revision/p2/OP1_CW_H.npz,0.21835587737359574,0.21864737965182462,0.21880529425532844,0.21973601439053217,0.9986667927203469,0.40438689145822315,0.051496641201039875,0.15440203695174604,0.05277690859634494,0.03658521668145898,0.49509669730799744,0.49442265791543116,0.49405751269593834,0.4919054918449285,0.9986667927209967,0.05090953125076608,0.9980478204015374,0.0019521795984625767,0.9999999999993493
revision_P4P5_offsets,OP1,OFF-0.250,0,p+0,results/revision/p45/OP1_OFF-0.250_p+0.npz,results/revision/p3/OP1_CW_p+0.npz,0.8005077152199641,0.8005446814620617,0.8005221870222488,0.8014014603334011,0.9999538236366394,0.1348514690363102,0.009636919910171767,0.028119171864871326,0.03580790155161218,0.03658521668145898,0.10222635759005316,0.10218489975456502,0.10221012738895952,0.10122416784601407,0.9999538236375433,0.047326830672986396,0.9995717861640616,0.000428213835937543,0.9999999999990962
revision_P4P5_offsets,OP1,OFF-0.250,0,p+3,results/revision/p45/OP1_OFF-0.250_p+3.npz,results/revision/p3/OP1_CW_p+3.npz,0.4875208323288006,0.48758214630510444,0.48755996603108914,0.48850710020146715,0.9998742489306295,0.22361869196245435,0.01588785647917571,0.0483211539768621,0.035318234821442994,0.03658521668145899,0.3856399483949332,0.38556268224548074,0.38559063320388764,0.3843971299021365,0.9998742489311442,0.06440823696624078,0.9997418603099654,0.0002581396900348827,0.9999999999994852
revision_P4P5_offsets,OP1,OFF-0.250,0,p+6,results/revision/p45/OP1_OFF-0.250_p+6.npz,results/revision/p3/OP1_CW_p+6.npz,0.2525926843202125,0.25273011110734,0.2527811363360767,0.2540141428003071,0.9994562310500898,0.3117890325559861,0.0328771471332815,0.09276500664951359,0.04174747420476215,0.036585216681458976,0.5814646918551558,0.5812369815285587,0.5811524349003171,0.5791094199149804,0.9994562310506113,0.049187136662543374,0.999375521725551,0.0006244782744488739,0.9999999999994782
revision_P4P5_offsets,OP1,OFF-0.250,0,p+8,results/revision/p45/OP1_OFF-0.250_p+8.npz,results/revision/p3/OP1_CW_p+8.npz,0.2156826844857525,0.21600101848897538,0.21617419285382894,0.2169938527670309,0.9985262384156808,0.4236269797347289,0.05414225823214659,0.16255008025823597,0.054265335942684824,0.03658521668145898,0.47304478787653226,0.4722670353068016,0.47184393627928356,0.46984136444424895,0.9985262384164633,0.05369378010859649,0.9976978501472283,0.0023021498527720087,0.9999999999992164
revision_P4P5_offsets,OP1,OFF-0.250,0,p-3,results/revision/p45/OP1_OFF-0.250_p-3.npz,results/revision/p3/OP1_CW_p-3.npz,0.9302840350447191,0.9302974496754893,0.9302834686107537,0.9307881070674554,0.9999855802778187,0.07323815939502164,0.0053830650156217056,0.015455572582975793,0.036171547968770666,0.03658521668145902,0.01449145793607265,0.014477246973760405,0.014492057998925834,0.01395751345184526,0.9999855802798376,0.027802128603286104,0.9990121706278221,0.000987829372180269,0.9999999999979811
revision_P4P5_offsets,OP1,OFF-0.250,0,p-6,results/revision/p45/OP1_OFF-0.250_p-6.npz,results/revision/p3/OP1_CW_p-6.npz,0.973703266620715,0.973707356728049,0.973699843473673,0.9738647549772448,0.9999957994490791,0.037566016487405235,0.0029035892004860443,0.008896528662620543,0.03637341363885038,0.036585216681459046,-0.0019301133312261687,-0.0019343220043999132,-0.0019265909440999707,-0.002096245667791319,0.9999957994520385,0.014616764152675356,1.0021784260997704,-0.0021784260998075028,0.9999999999970406
revision_P4P5_offsets,OP1,OFF-0.500,0,H,results/revision/p45/OP1_OFF-0.500_H.npz,results/revision/p2/OP1_CW_H.npz,0.37949562052633395,0.37999063879972755,0.380517719766133,0.3808863707803407,0.9986972882412125,0.07033440950365738,0.05049768480965884,0.1539727399657563,0.09030476282718602,0.07323903731857095,0.12249400169309654,0.1213493731902564,0.12013060626818473,0.1192783132916152,0.9986972882418623,-0.2831429507037997,0.9900241357558781,0.009975864244121429,0.9999999999993493
revision_P4P5_offsets,OP1,OFF-0.500,0,p+0,results/revision/p45/OP1_OFF-0.500_p+0.npz,results/revision/p3/OP1_CW_p+0.npz,0.799483393824035,0.7995354099098586,0.7996060748609582,0.7994526302195788,0.9999349421111573,-0.0771237243662872,0.011487758445545618,0.03632336801052654,0.07444244510042065,0.07323903731857091,0.10337513946078014,0.10331680314584257,0.10323755202992024,0.10340979077531187,0.999934942112061,-0.16464836272961106,0.999403763162847,0.0005962368371543788,0.9999999999990962
revision_P4P5_offsets,OP1,OFF-0.500,0,p+3,results/revision/p45/OP1_OFF-0.500_p+3.npz,results/revision/p3/OP1_CW_p+3.npz,0.6453360466237893,0.6454190241975382,0.645559363608876,0.6463512277682355,0.9998714361203528,-0.08699861020654098,0.015904458748852022,0.0548759289853256,0.07616570905941611,0.07323903731857097,0.18676565058247807,0.1866610845764619,0.1864842327949886,0.1854864120883689,0.9998714361208675,-0.24620906520275454,0.9993780852386283,0.0006219147613725583,0.9999999999994852
revision_P4P5_offsets,OP1,OFF-0.500,0,p+6,results/revision/p45/OP1_OFF-0.500_p+6.npz,results/revision/p3/OP1_CW_p+6.npz,0.47248790532188506,0.47270210034140053,0.4730287317777138,0.4732319022891811,0.9995468710222342,-0.026318638165585825,0.02941474729677677,0.09813839916816217,0.08218166030698446,0.073239037318571,0.21710768631004673,0.21675277429573392,0.21621155993272612,0.21587496005757867,0.9995468710227557,-0.28892053405902857,0.9981482617923616,0.0018517382076381841,0.9999999999994782
revision_P4P5_offsets,OP1,OFF-0.500,0,p+8,results/revision/p45/OP1_OFF-0.500_p+8.npz,results/revision/p3/OP1_CW_p+8.npz,0.3686763582862504,0.3692302211108066,0.36978852545158364,0.3703314893506394,0.9984999526233526,0.0878536507620341,0.054299580175924234,0.16593773063782435,0.09168767449336274,0.07323903731857097,0.0992511566292561,0.09789796083264068,0.09653391353862029,0.09520737756450237,0.9984999526241349,-0.2820795488640983,0.9856386624503946,0.01436133754960661,0.9999999999992164
revision_P4P5_offsets,OP1,OFF-0.500,0,p-3,results/revision/p45/OP1_OFF-0.500_p-3.npz,results/revision/p3/OP1_CW_p-3.npz,0.8985206468375382,0.8985461841506889,0.8985836114911547,0.8981858218981604,0.9999715792982029,-0.04947686852742569,0.007599452768304612,0.022693793621952278,0.07380861481285195,0.07323903731857105,0.04814041806421754,0.048113364779935,0.048073715639598835,0.04849516825360978,0.9999715793002217,-0.09491289931916122,0.9994239481552166,0.0005760518447831315,0.9999999999979811
revision_P4P5_offsets,OP1,OFF-0.500,0,p-6,results/revision/p45/OP1_OFF-0.500_p-6.npz,results/revision/p3/OP1_CW_p-6.npz,0.9511174481953178,0.9511280856242074,0.9511472291970184,0.9507806749885557,0.999988815986984,-0.02762783564441904,0.004752937395678907,0.013170622727224465,0.07351481058837006,0.07323903731857093,0.02131044915879521,0.02129950336259845,0.02127980483642533,0.021657021685950073,0.9999888159899434,-0.05057708797914893,0.9994807957410056,0.0005192042589969967,0.9999999999970406
revision_P4P5_offsets,OP1,OFF-0.750,0,H,results/revision/p45/OP1_OFF-0.750_H.npz,results/revision/p2/OP1_CW_H.npz,0.5249399519211727,0.5252294339381329,0.5258423718741524,0.5280443713931249,0.9994488465454237,-0.015977760807090628,0.03203135347747914,0.1085503395774474,0.1168689504943196,0.10628558955434687,-0.2138162646591122,-0.21448563261026887,-0.21590292621266038,-0.22099440963831296,0.999448846546074,-0.36945512101454775,1.0028451632831388,-0.0028451632831385104,0.9999999999993493
revision_P4P5_offsets,OP1,OFF-0.750,0,p+0,results/revision/p45/OP1_OFF-0.750_p+0.npz,results/revision/p3/OP1_CW_p+0.npz,0.8871629880542984,0.887206750479406,0.8872777535828628,0.8864548265058528,0.9999506739268114,-0.035775929989143855,0.009985790502336363,0.031223160677854384,0.10704438818439072,0.10628558955434683,0.005042010147341847,0.0049929303567006755,0.004913300001228915,0.005836383142776125,0.9999506739277152,-0.12330056835246767,0.9902414258780433,0.009758574121946181,0.9999999999990962
revision_P4P5_offsets,OP1,OFF-0.750,0,p+3,results/revision/p45/OP1_OFF-0.750_p+3.npz,results/revision/p3/OP1_CW_p+3.npz,0.7865074666952975,0.7865822855024416,0.7867283226960162,0.7860706575907811,0.9999048811440034,-0.053890489048178766,0.01379935005814864,0.04559868692088909,0.10803784942734636,0.10628558955434689,0.00886539449291146,0.008771109935368004,0.008587077968980172,0.00941592719321871,0.9999048811445183,-0.21310094404439234,0.9893178920912581,0.010682107908734449,0.9999999999994852
revision_P4P5_offsets,OP1,OFF-0.750,0,p+6,results/revision/p45/OP1_OFF-0.750_p+6.npz,results/revision/p3/OP1_CW_p+6.npz,0.6312077639471314,0.6313418870231012,0.6316855549966259,0.6329684481512416,0.999787558724161,-0.049935147710550166,0.019966184147740516,0.06446911340509198,0.11134592622953461,0.10628558955434689,-0.04588435210627684,-0.04610658832401815,-0.04667603150266397,-0.04880167057205531,0.9997875587246827,-0.3125370436039929,1.0047358581284815,-0.004735858128482709,0.9999999999994782
revision_P4P5_offsets,OP1,OFF-0.750,0,p+8,results/revision/p45/OP1_OFF-0.750_p+8.npz,results/revision/p3/OP1_CW_p+8.npz,0.5110884181308567,0.5114156263477552,0.5120745385571804,0.5148046133349349,0.9993601912025346,-0.008973321232446829,0.03457929458646662,0.1162393820976465,0.11791620547624032,0.1062855895543469,-0.24868951085307844,-0.2494889448713642,-0.2510987969726668,-0.2577688625883625,0.9993601912033176,-0.37890652085857923,1.0028817158666339,-0.0028817158666350315,0.9999999999992164
revision_P4P5_offsets,OP1,OFF-0.750,0,p-3,results/revision/p45/OP1_OFF-0.750_p-3.npz,results/revision/p3/OP1_CW_p-3.npz,0.9430505433131774,0.9430736582455587,0.9431096937292758,0.9423442002039992,0.9999754897910897,-0.0202231272494483,0.007014592659245227,0.02080369758008234,0.10664854749419814,0.1062855895543469,0.0009670906708744154,0.000942603567391509,0.0009044289087586366,0.001715415895355954,0.9999754897931087,-0.06565915804118383,0.9746676768202754,0.02533232317967835,0.9999999999979811
revision_P4P5_offsets,OP1,OFF-0.750,0,p-6,results/revision/p45/OP1_OFF-0.750_p-6.npz,results/revision/p3/OP1_CW_p-6.npz,0.9722755920620394,0.9722873642970271,0.9723057466445656,0.9720536270903575,0.9999878922267017,-0.010627593247701881,0.0049124967863527795,0.013898564646849344,0.10646533071559423,0.10628558955434693,-0.0004610516761920369,-0.00047316517550610726,-0.0004920804090562392,-0.00023261476155078675,0.9999878922296611,-0.03357684558243177,1.0262674125703957,-0.02626741257059999,0.9999999999970406
revision_P4P5_offsets,OP1,OFF-1.000,0,H,results/revision/p45/OP1_OFF-1.000_H.npz,results/revision/p2/OP1_CW_H.npz,0.6021527974447756,0.6023540951060375,0.6030795813147719,0.6050079309814446,0.9996658150697447,-0.04403365446398194,0.024688879442286357,0.07768564774830257,0.14113940556082288,0.13216634258944493,-0.3923551763844564,-0.39282063605066697,-0.39449817451232594,-0.3989568709278437,0.9996658150703952,-0.397511014671439,1.0010098009954982,-0.0010098009954983412,0.9999999999993493
revision_P4P5_offsets,OP1,OFF-1.000,0,p+0,results/revision/p45/OP1_OFF-1.000_p+0.npz,results/revision/p3/OP1_CW_p+0.npz,0.9084032851960415,0.9084766609417536,0.9085594828423753,0.9071465297478578,0.9999192321070351,-0.02787229468203761,0.01283242845207219,0.03952793396860279,0.13286634977124656,0.13216634258944485,-0.01877909559374702,-0.01886138688026806,-0.018954272079330314,-0.017369467757819335,0.9999192321079389,-0.11539693304536143,1.0043413808988375,-0.004341380898824628,0.9999999999990962
revision_P4P5_offsets,OP1,OFF-1.000,0,p+3,results/revision/p45/OP1_OFF-1.000_p+3.npz,results/revision/p3/OP1_CW_p+3.npz,0.8284833563447728,0.8285984849139499,0.8287739724354254,0.8275123703366387,0.9998610562639526,-0.04491748422521223,0.016821858011761916,0.0557308341691094,0.13378700797440637,0.13216634258944487,-0.04403144195207509,-0.04417652373883896,-0.044397668180736094,-0.04280775041064788,0.9998610562644673,-0.2041279392214258,1.0032247542409778,-0.003224754240976668,0.9999999999994852
revision_P4P5_offsets,OP1,OFF-1.000,0,p+6,results/revision/p45/OP1_OFF-1.000_p+6.npz,results/revision/p3/OP1_CW_p+6.npz,0.6996921949324679,0.6998480490312371,0.7002693258393283,0.6976528752573643,0.9997773029459966,-0.05570772471934443,0.02079695997028446,0.06921593123558471,0.13672326053202807,0.13216634258944485,-0.15936013428386264,-0.1596183778797795,-0.16031641558824172,-0.15598100219126398,0.9997773029465183,-0.3183096206127872,1.0015062182879737,-0.0015062182879747145,0.9999999999994782
revision_P4P5_offsets,OP1,OFF-1.000,0,p+8,results/revision/p45/OP1_OFF-1.000_p+8.npz,results/revision/p3/OP1_CW_p+8.npz,0.5889624444261058,0.5891748720043619,0.5899517151586611,0.5927911139117577,0.9996394490187039,-0.04082659973993845,0.025585247140291367,0.08009860750963704,0.1419606618639159,0.13216634258944485,-0.4389510709925166,-0.43947007333887766,-0.4413680539294069,-0.4483052128598388,0.9996394490194872,-0.4107597993660709,1.000990936246647,-0.0009909362466472673,0.9999999999992164
revision_P4P5_offsets,OP1,OFF-1.000,0,p-3,results/revision/p45/OP1_OFF-1.000_p-3.npz,results/revision/p3/OP1_CW_p-3.npz,0.9533706809158047,0.9534122944866816,0.9534538002027687,0.9518120490963831,0.9999563530162998,-0.015501273496623945,0.009409627479828648,0.02739548165152995,0.1325010666106834,0.1321663425894449,-0.009965681879796628,-0.010009765757540423,-0.010053735378257711,-0.008314472962508201,0.9999563530183186,-0.06093730428835948,1.0044016120551806,-0.004401612055202225,0.9999999999979811
revision_P4P5_offsets,OP1,OFF-1.000,0,p-6,results/revision/p45/OP1_OFF-1.000_p-6.npz,results/revision/p3/OP1_CW_p-6.npz,0.9773573689677496,0.9773795786924805,0.977400758453255,0.9762335133840969,0.9999772762545738,-0.008161786187499076,0.006776350366854704,0.018710889167796438,0.1323330629056563,0.13216634258944482,-0.005690145061831853,-0.005712998625007959,-0.005734792366458352,-0.0045336723168909465,0.9999772762575331,-0.031111038522228955,1.004004922668641,-0.004004922668691017,0.9999999999970406
revision_P4P5_offsets,OP1,OFF-1.309,0,H,results/revision/p45/OP1_OFF-1.309_H.npz,results/revision/p2/OP1_CW_H.npz,0.6489401438455555,0.6491443632377025,0.650098958051281,0.6492525344955484,0.9996854021944697,-0.05818296770629832,0.025161885102178386,0.08230962890410752,0.15944327532730743,0.1497095265212082,-0.5005413447903138,-0.5010135603614985,-0.5032208656086217,-0.5012634505905691,0.9996854021951201,-0.4116603279137554,1.0007753257505345,-0.0007753257505343119,0.9999999999993493
revision_P4P5_offsets,OP1,OFF-1.309,0,p+0,results/revision/p45/OP1_OFF-1.309_p+0.npz,results/revision/p3/OP1_CW_p+0.npz,0.9182677928633333,0.9184169158484818,0.9185255577275556,0.9135205245895759,0.9998376304022984,-0.02761339484230627,0.018562077114625836,0.05568649647565827,0.15051526270269736,0.14970952652120814,-0.029842193188767574,-0.03000943540549228,-0.030131277847128546,-0.024517935537784474,0.9998376304032022,-0.11513803320563008,1.0055221757274526,-0.00552217572745403,0.9999999999990962
revision_P4P5_offsets,OP1,OFF-1.309,0,p+3,results/revision/p45/OP1_OFF-1.309_p+3.npz,results/revision/p3/OP1_CW_p+3.npz,0.8483076741921984,0.848531237965499,0.8487642346885792,0.8441762054387492,0.9997365285291834,-0.04419829564452522,0.02364787637519989,0.07457168942031112,0.1515734297893563,0.14970952652120817,-0.06901349016035674,-0.06929521894387869,-0.06958883486537992,-0.06380704542901317,0.9997365285296981,-0.20340875064073877,1.0039484714760596,-0.003948471476059812,0.9999999999994852
revision_P4P5_offsets,OP1,OFF-1.309,0,p+6,results/revision/p45/OP1_OFF-1.309_p+6.npz,results/revision/p3/OP1_CW_p+6.npz,0.7368592407360435,0.7371070709330778,0.7376626693987317,0.7342503588127403,0.9996637799217953,-0.057932173764175844,0.026499204659343946,0.08726851820265966,0.15477345331071105,0.1497095265212082,-0.22094434449207667,-0.22135498856120916,-0.222275591529159,-0.21662146855845998,0.9996637799223169,-0.3205340696576186,1.0016845448496963,-0.0016845448496969502,0.9999999999994782
revision_P4P5_offsets,OP1,OFF-1.309,0,p+8,results/revision/p45/OP1_OFF-1.309_p+8.npz,results/revision/p3/OP1_CW_p+8.npz,0.6364390190633857,0.6366350164411188,0.6376565002069952,0.6372388560234343,0.9996921354109162,-0.05753261263257862,0.024813473605752548,0.08053510258336853,0.16030130022974243,0.14970952652120817,-0.5549456790832563,-0.5554245392186552,-0.5579202249316486,-0.5568997836782095,0.9996921354116995,-0.42746581225871105,1.0006975162230032,-0.0006975162230034484,0.9999999999992164
revision_P4P5_offsets,OP1,OFF-1.309,0,p-3,results/revision/p45/OP1_OFF-1.309_p-3.npz,results/revision/p3/OP1_CW_p-3.npz,0.9582343418980257,0.9583198888765616,0.9583730645667505,0.9535271400935004,0.9999107323352787,-0.015440785171647904,0.013748059454643224,0.03930062933287518,0.1500880065448472,0.14970952652120811,-0.015118064660880615,-0.015208689967789235,-0.015265022327972888,-0.010131376915849533,0.9999107323372974,-0.06087681596338344,1.0059494895026087,-0.005949489502617549,0.9999999999979811
revision_P4P5_offsets,OP1,OFF-1.309,0,p-6,results/revision/p45/OP1_OFF-1.309_p-6.npz,results/revision/p3/OP1_CW_p-6.npz,0.9797580103862948,0.9798037348449335,0.9798301308958882,0.9770551737830339,0.9999533330431262,-0.008080273214252654,0.009931525858039855,0.027271053116526712,0.14989339869147952,0.14970952652120814,-0.008160379075627722,-0.008207429045255177,-0.00823459029278606,-0.0053791519348569405,0.9999533330460855,-0.031029525548982535,1.00574215964137,-0.005742159641380756,0.9999999999970406
revision_P4P5_offsets,OP1,OFF-1.750,0,H,results/revision/p45/OP1_OFF-1.750_H.npz,results/revision/p2/OP1_CW_H.npz,0.5175748015174993,0.518266845347608,0.5187746922070222,0.5215173321759008,0.9986646959258132,-0.11183629799016583,0.05368942002142339,0.17579039358986354,0.14525252896278093,0.13820310186690013,-0.19678586085974237,-0.19838607066156677,-0.19956036264523824,-0.20590196887486933,0.998664695926463,-0.4653136581976228,1.0074382097587897,-0.007438209758789511,0.9999999999993493
revision_P4P5_offsets,OP1,OFF-1.750,0,p+0,results/revision/p45/OP1_OFF-1.750_p+0.npz,results/revision/p3/OP1_CW_p+0.npz,0.9249496427151535,0.9252816027368869,0.9254868454490136,0.9193909064896064,0.9996412335220418,-0.030417249293112507,0.028353910532956002,0.08424496480252076,0.13982937427271294,0.13820310186690007,-0.03733592318718082,-0.037708218108802205,-0.03793839889633288,-0.031101598830669763,0.9996412335229453,-0.11794188765643633,1.0097891932313527,-0.00978919323135817,0.9999999999990962
revision_P4P5_offsets,OP1,OFF-1.750,0,p+3,results/revision/p45/OP1_OFF-1.750_p+3.npz,results/revision/p3/OP1_CW_p+3.npz,0.8567773129340014,0.857186112428587,0.8575763710646364,0.8497111244853184,0.9995230913232747,-0.04628706822090864,0.032630140304280436,0.10013125127166946,0.14152122764539565,0.1382031018669002,-0.07968669087187208,-0.08020184850548318,-0.0806936414700079,-0.07078199430779519,0.9995230913237892,-0.2054975232171222,1.006221688355562,-0.006221688355562636,0.9999999999994852
revision_P4P5_offsets,OP1,OFF-1.750,0,p+6,results/revision/p45/OP1_OFF-1.750_p+6.npz,results/revision/p3/OP1_CW_p+6.npz,0.706958904337888,0.707178557541311,0.7078545513688017,0.706210581237543,0.9996893949893126,-0.06354059243647425,0.025981333446041564,0.09050053482342343,0.145083939324629,0.13820310186690019,-0.1714007619385456,-0.17176471793067005,-0.1728848108799217,-0.1701607553124358,0.9996893949898343,-0.32614248832991694,1.0019636709056592,-0.001963670905659938,0.9999999999994782
revision_P4P5_offsets,OP1,OFF-1.750,0,p+8,results/revision/p45/OP1_OFF-1.750_p+8.npz,results/revision/p3/OP1_CW_p+8.npz,0.4909393666840439,0.4917760579337862,0.49219869688884654,0.49688727659254417,0.9982986336234877,-0.12408714324879971,0.06032146993276026,0.197534183496792,0.14440397055081172,0.13820310186690016,-0.19946141586456645,-0.20150561712178816,-0.2025382071996702,-0.21399328701785492,0.99829863362427,-0.49402034287493213,1.009362680287224,-0.009362680287224171,0.9999999999992164
revision_P4P5_offsets,OP1,OFF-1.750,0,p-3,results/revision/p45/OP1_OFF-1.750_p-3.npz,results/revision/p3/OP1_CW_p-3.npz,0.9617787648195887,0.9619833542934465,0.9620914338886591,0.9571695853457559,0.9997873253492955,-0.01758408619486813,0.021841219578598643,0.0646848273109926,0.1390291467387572,0.13820310186690024,-0.018872895373115428,-0.019089629902134142,-0.01920412543114458,-0.013990048665497579,0.999787325351314,-0.06302011698660366,1.0113760032623211,-0.011376003262336105,0.9999999999979811
revision_P4P5_offsets,OP1,OFF-1.750,0,p-6,results/revision/p45/OP1_OFF-1.750_p-6.npz,results/revision/p3/OP1_CW_p-6.npz,0.9815194888530355,0.9816325200656926,0.9816887081619263,0.977973844033079,0.9998848538426076,-0.009446171037517053,0.01607340797515955,0.04763182558664182,0.138624551012281,0.13820310186690027,-0.009972921335999363,-0.010089229226379448,-0.010147046165762896,-0.006324453634987126,0.9998848538455667,-0.03239542337224693,1.0116040260926706,-0.011604026092654533,0.9999999999970406
revision_P4P5_offsets,OP1,OFF-2.000,0,H,results/revision/p45/OP1_OFF-2.000_H.npz,results/revision/p2/OP1_CW_H.npz,0.6442456412320939,0.6463887377015803,0.6472113328971881,0.646152378683658,0.9966845083391972,-0.13850976932585327,0.0860351988566844,0.28180066312267804,0.12054914443620496,0.1093381321522452,-0.4896862677365481,-0.4946417399603047,-0.49654382309081724,-0.4940949755146218,0.9966845083398458,-0.49198712953331036,1.0083323813892893,-0.008332381389289498,0.9999999999993493
revision_P4P5_offsets,OP1,OFF-2.000,0,p+0,results/revision/p45/OP1_OFF-2.000_p+0.npz,results/revision/p3/OP1_CW_p+0.npz,0.9229478438629637,0.9237638167281864,0.9242384365990388,0.9247623461971481,0.9991166867001645,-0.03875360142136321,0.04439461653097386,0.14416423243056253,0.11399542620867766,0.10933813215224521,-0.035090895172168235,-0.03600601306127915,-0.036538301759045044,-0.03712569590556458,0.9991166867010676,-0.126278239784687,1.0256225866459086,-0.02562258664591072,0.9999999999990962
revision_P4P5_offsets,OP1,OFF-2.000,0,p+3,results/revision/p45/OP1_OFF-2.000_p+3.npz,results/revision/p3/OP1_CW_p+3.npz,0.852898880351348,0.8544037739014743,0.8552084174483724,0.8582088590339907,0.9982386623326176,-0.06805380145217588,0.06255175185169175,0.20186325055479448,0.11773598601626492,0.10933813215224517,-0.07479919913076283,-0.0766956236885179,-0.07770961287181377,-0.08149059972076689,0.9982386623331315,-0.22726425644838943,1.024439158338325,-0.024439158338324517,0.9999999999994852
revision_P4P5_offsets,OP1,OFF-2.000,0,p+6,results/revision/p45/OP1_OFF-2.000_p+6.npz,results/revision/p3/OP1_CW_p+6.npz,0.7355899351595668,0.7377344469198132,0.7387067418231659,0.7411808206655122,0.9970931115265118,-0.11076007157768948,0.08027841272881998,0.2637045436641782,0.12092969261297049,0.1093381321522452,-0.21884115927113368,-0.22239452382185032,-0.22400557502041352,-0.22810494769593248,0.9970931115270321,-0.3733619674711322,1.014710024085981,-0.014710024085981918,0.9999999999994782
revision_P4P5_offsets,OP1,OFF-2.000,0,p+8,results/revision/p45/OP1_OFF-2.000_p+8.npz,results/revision/p3/OP1_CW_p+8.npz,0.6316855865724131,0.6338109419620745,0.63461463016279,0.6332444854688759,0.9966467044840186,-0.14180484189273224,0.08657970426465499,0.28238525456515823,0.12051067401032195,0.10933813215224521,-0.5433321087469667,-0.5485247699130931,-0.5504883382309835,-0.5471407512627506,0.9966467044847995,-0.5117380415188646,1.0077404735815572,-0.007740473581557227,0.9999999999992164
revision_P4P5_offsets,OP1,OFF-2.000,0,p-3,results/revision/p45/OP1_OFF-2.000_p-3.npz,results/revision/p3/OP1_CW_p-3.npz,0.9611702603856866,0.9615765720262852,0.9618281781081226,0.9608720006478835,0.9995774526414029,-0.02097154717642576,0.030723919547999908,0.10021036564429708,0.11173393636001598,0.10933813215224521,-0.018228268253973834,-0.01865869979482837,-0.01892524198190526,-0.017912250467415403,0.9995774526434209,-0.0664075779681613,1.0233964641665563,-0.023396464166559786,0.9999999999979811
revision_P4P5_offsets,OP1,OFF-2.000,0,p-6,results/revision/p45/OP1_OFF-2.000_p-6.npz,results/revision/p3/OP1_CW_p-6.npz,0.9813193652965396,0.9815187879463678,0.9816477173211671,0.9799737562139057,0.9997968223815201,-0.010922058792247329,0.02130116012202124,0.06924481394336635,0.11054727191291532,0.10933813215224526,-0.009766996364281688,-0.009972200107642326,-0.010104867034671061,-0.008382341527355397,0.999796822384479,-0.03387131112697721,1.0209060147166213,-0.020906014716596224,0.9999999999970406
revision_P4P5_offsets,OP1,OFF-2.618,0,H,results/revision/p45/OP1_OFF-2.618_H.npz,results/revision/p2/OP1_CW_H.npz,0.559519288470643,0.5662073680511747,0.5728679428589789,0.5595200989095706,0.9881879326234286,-0.27680223899622725,0.15287578358190332,0.5297703705969494,0.15782519045334928,0.03485232776019989,-0.29377390737854303,-0.30923872339040503,-0.3246399402411837,-0.2937755799696731,0.9881879326240717,-0.6302795992036843,1.0461338120516666,-0.04613381205166607,0.9999999999993493
revision_P4P5_offsets,OP1,OFF-2.618,0,p+0,results/revision/p45/OP1_OFF-2.618_p+0.npz,results/revision/p3/OP1_CW_p+0.npz,0.9132465372124753,0.9144462110415714,0.9157535738293815,0.9141475442315181,0.9986880870469903,-0.05320433831220428,0.0503941135540775,0.1677852832713498,0.0638714222585226,0.034852327760199885,-0.024210828381866722,-0.025556268934196158,-0.02702248322386036,-0.025221141269689662,0.9986880870478929,-0.1407289766755281,1.054876378370428,-0.05487637837042616,0.9999999999990962
revision_P4P5_offsets,OP1,OFF-2.618,0,p+3,results/revision/p45/OP1_OFF-2.618_p+3.npz,results/revision/p3/OP1_CW_p+3.npz,0.8428296692388922,0.8447792607077099,0.8468230856013184,0.8361134565070878,0.9976921882916676,-0.08550423632853668,0.06716789854666479,0.22301051563818952,0.07787902200222097,0.034852327760199905,-0.062110262272166095,-0.06456708264926281,-0.06714265333971148,-0.053646596622512144,0.9976921882921812,-0.24471469132475024,1.038343268630686,-0.038343268630682194,0.9999999999994852
revision_P4P5_offsets,OP1,OFF-2.618,0,p+6,results/revision/p45/OP1_OFF-2.618_p+6.npz,results/revision/p3/OP1_CW_p+6.npz,0.6635162102999673,0.6651019642467032,0.6665707030701101,0.6513341556847245,0.9976157731716642,-0.1692079515427034,0.0686469839934263,0.23088139620555617,0.07511001534558422,0.034852327760199926,-0.09941807018032511,-0.10204559685782932,-0.10447923446514462,-0.07923286315142408,0.9976157731721847,-0.43180984743614614,1.0251851457813115,-0.02518514578131052,0.9999999999994782
revision_P4P5_offsets,OP1,OFF-2.618,0,p+8,results/revision/p45/OP1_OFF-2.618_p+8.npz,results/revision/p3/OP1_CW_p+8.npz,0.5582286831853647,0.565223507621322,0.5721156748309821,0.5572669631492277,0.987624675298106,-0.27048048787982537,0.1570395841648653,0.5325896447148994,0.16056331906891844,0.034852327760199905,-0.3638624484979438,-0.38095218012369414,-0.3977910999578451,-0.36151272976696713,0.98762467529888,-0.6404136875059578,1.0401279589230918,-0.04012795892309164,0.9999999999992164
revision_P4P5_offsets,OP1,OFF-2.618,0,p-3,results/revision/p45/OP1_OFF-2.618_p-3.npz,results/revision/p3/OP1_CW_p-3.npz,0.954223922562272,0.9548959107025627,0.9556387999342995,0.9550777933109172,0.9992962707947965,-0.03046688065216203,0.03685047687696246,0.1250593448921626,0.05266060475881146,0.0348523277601999,-0.010869574561344963,-0.011581453971906353,-0.01236844338001264,-0.011774081568676431,0.999296270796814,-0.07590291144389756,1.0651171767607706,-0.06511717676076599,0.9999999999979811
revision_P4P5_offsets,OP1,OFF-2.618,0,p-6,results/revision/p45/OP1_OFF-2.618_p-6.npz,results/revision/p3/OP1_CW_p-6.npz,0.9771644094376907,0.9775241325338413,0.9779243876558253,0.9783806175359502,0.9996320059176256,-0.016405359653627955,0.026640892760034472,0.09105731619842207,0.045108352090144785,0.03485232776019994,-0.005491591795710793,-0.0058617429618317285,-0.006273601143482077,-0.006743019147273266,0.9996320059205839,-0.03935461198835784,1.0672066533206506,-0.06720665332068702,0.9999999999970406
revision_P4P5_offsets,OP1,OFF-3.000,0,H,results/revision/p45/OP1_OFF-3.000_H.npz,results/revision/p2/OP1_CW_H.npz,0.6328280539004495,0.6456763688646041,0.6530489889379555,0.5770909547870089,0.9801009986059303,-0.19855909411859068,0.21644087879674823,0.6732510714210176,0.22340787267979165,0.16229255904832454,-0.4632854324493971,-0.4929945327367111,-0.5100422086182026,-0.3344045838208294,0.980100998606568,-0.5520364543260478,1.052798757145371,-0.05279875714537127,0.9999999999993493
revision_P4P5_offsets,OP1,OFF-3.000,0,p+0,results/revision/p45/OP1_OFF-3.000_p+0.npz,results/revision/p3/OP1_CW_p+0.npz,0.8978242131154015,0.8994873584325356,0.9014689478051894,0.8898955886611011,0.9981510075694312,-0.07158030897400476,0.05959033537319675,0.1799538394548791,0.17568707311673085,0.1622925590483244,-0.006914610224553863,-0.008779836505452776,-0.01100219948099479,0.001977550806682493,0.9981510075703334,-0.15910494733732858,1.268575518447572,-0.26857551844757327,0.9999999999990962
revision_P4P5_offsets,OP1,OFF-3.000,0,p+3,results/revision/p45/OP1_OFF-3.000_p+3.npz,results/revision/p3/OP1_CW_p+3.npz,0.822739630228273,0.8263896874665586,0.829943876736422,0.8017508874679545,0.995583128282402,-0.11406682967176106,0.09636316651314765,0.30276026875088646,0.18757970632792373,0.16229255904832451,-0.03679335972186126,-0.04139305927172754,-0.045871948701835086,-0.010343856261722406,0.9955831282829146,-0.27327728466797463,1.1225112437740363,-0.12251124377403715,0.9999999999994852
revision_P4P5_offsets,OP1,OFF-3.000,0,p+6,results/revision/p45/OP1_OFF-3.000_p+6.npz,results/revision/p3/OP1_CW_p+6.npz,0.7136724627698438,0.7219534129439282,0.7278696295489787,0.6758802034538574,0.988529799810327,-0.16601766328313794,0.1620013592895498,0.5176074948518391,0.207915719713847,0.16229255904832451,-0.18252484201485109,-0.1962460233784853,-0.20604894204317925,-0.11990461540289932,0.9885297998108428,-0.4286195591765807,1.0688121865920623,-0.06881218659206387,0.9999999999994782
revision_P4P5_offsets,OP1,OFF-3.000,0,p+8,results/revision/p45/OP1_OFF-3.000_p+8.npz,results/revision/p3/OP1_CW_p+8.npz,0.6214469025559111,0.6349640250400587,0.6424845053267472,0.5689812967946433,0.978711986898321,-0.2028045345402853,0.22406360520525267,0.6937295961251114,0.22537669612810798,0.16229255904832454,-0.5183169902610067,-0.5513419786259917,-0.5697159908647074,-0.3901331494825706,0.9787119868990879,-0.5727377341664176,1.0515271627298097,-0.051527162729809964,0.9999999999992164
revision_P4P5_offsets,OP1,OFF-3.000,0,p-3,results/revision/p45/OP1_OFF-3.000_p-3.npz,results/revision/p3/OP1_CW_p-3.npz,0.9447415564786267,0.9455458194076413,0.9466010394047935,0.9412639448722819,0.9991494194014643,-0.0414212041087582,0.03923503934672843,0.11878478727095021,0.16920674186480086,0.16229255904832443,-0.0008243062106303434,-0.0016763126461594169,-0.0027941737296737212,0.0028597984302267676,0.9991494194034816,-0.08685723490049373,2.032739053672001,-1.0327390536718597,0.9999999999979811
revision_P4P5_offsets,OP1,OFF-3.000,0,p-6,results/revision/p45/OP1_OFF-3.000_p-6.npz,results/revision/p3/OP1_CW_p-6.npz,0.971870636164537,0.9722707941962373,0.9728163344621531,0.9715944799325258,0.9995884294436395,-0.02254247624700346,0.02690637346044794,0.08457876843885216,0.1658039609939034,0.16229255904832474,-4.435644450517806e-05,-0.0004561147212955863,-0.001017469742208288,0.00023984267231846879,0.9995884294465976,-0.04549172858173333,10.280825055190997,-9.280825055195553,0.9999999999970406
revision_P4P5_offsets,OP2,OFF+0.125,0,H,results/revision/p45/OP2_OFF+0.125_H.npz,results/revision/p2/OP2_CW_H.npz,0.6287199665712695,0.6287613798095689,0.6287640453766802,0.6284613628220644,0.9999341352067267,0.3349199709579348,0.011486342958897916,0.03431121893692568,0.017420760226423325,0.017175610032313174,0.006877747647498933,0.0068123315476267265,0.006808121034656667,0.007286288707146871,0.9999341352073228,0.05744615992137902,0.9904561498167647,0.009543850183233818,0.9999999999994039
revision_P4P5_offsets,OP2,OFF+0.125,0,p+0,results/revision/p45/OP2_OFF+0.125_p+0.npz,results/revision/p3/OP2_CW_p+0.npz,0.8781892295123493,0.8781922202096899,0.8781929849270975,0.8778700829511288,0.9999965944843603,0.06605168659709534,0.0026149227503650292,0.008179708074621081,0.017226249339821753,0.01717561003231319,0.011657375058100161,0.01165400923275628,0.011653148597333463,0.012016421910036268,0.9999965944867736,0.015282352249010993,0.9997095717938458,0.00029042820615027715,0.9999999999975867
revision_P4P5_offsets,OP2,OFF+0.125,0,p+3,results/revision/p45/OP2_OFF+0.125_p+3.npz,results/revision/p3/OP2_CW_p+3.npz,0.7946867624035049,0.794695453383907,0.7946967319614611,0.7943363118034799,0.9999890637597519,0.12772661167654137,0.00468332548563365,0.014422388852631696,0.017269056482224873,0.01717561003231318,0.016213761407472882,0.0162030023683315,0.016201419548620644,0.01664756734405104,0.9999890637609512,0.028272245739534727,0.999330975844461,0.0006690241555518019,0.9999999999988007
revision_P4P5_offsets,OP2,OFF+0.125,0,p+6,results/revision/p45/OP2_OFF+0.125_p+6.npz,results/revision/p3/OP2_CW_p+6.npz,0.6907096826575907,0.6907337655530098,0.6907357793350257,0.6904410231693425,0.9999651343301572,0.2386340273603926,0.008358664324502978,0.02540509622180903,0.01734457140508965,0.017175610032313195,0.013773130363952113,0.013738743705351886,0.013735868336157364,0.014156648370071134,0.9999651343309082,0.046918138403973575,0.9974860026656495,0.0025139973343385165,0.999999999999249
revision_P4P5_offsets,OP2,OFF+0.125,0,p+8,results/revision/p45/OP2_OFF+0.125_p+8.npz,results/revision/p3/OP2_CW_p+8.npz,0.621120457795767,0.62116467589128,0.6211674482764642,0.6208867355856267,0.9999288142142828,0.34911637618994146,0.011941046507310541,0.03554382616352092,0.01743360670891125,0.017175610032313177,0.005749962246876517,0.005679180738815459,0.005674742881902062,0.006124112544717453,0.9999288142149999,0.058711762051919796,0.9876549698927075,0.012345030107290158,0.9999999999992829
revision_P4P5_offsets,OP2,OFF+0.125,0,p-3,results/revision/p45/OP2_OFF+0.125_p-3.npz,results/revision/p3/OP2_CW_p-3.npz,0.9336292275758964,0.9336302917201192,0.9336307213450147,0.9333998292763382,0.9999988602081227,0.03366804724472658,0.0015138532862980763,0.004748316632187367,0.017202388893627202,0.01717561003231319,0.006760285929739984,0.006759153845575683,0.0067586967944988086,0.007004254872608029,0.999998860211832,0.0080557130606108,0.9998319698568194,0.00016803014319213586,0.9999999999962906
revision_P4P5_offsets,OP2,OFF+0.125,0,p-6,results/revision/p45/OP2_OFF+0.125_p-6.npz,results/revision/p3/OP2_CW_p-6.npz,0.9661247226697132,0.966125137042636,0.9661253706905699,0.9660562030850205,0.9999995710980835,0.017015356596735375,0.0009292798898316935,0.00287434191772901,0.017189688862937084,0.017175610032313198,0.0034670922709091334,0.003466664863436053,0.003466423871471447,0.003537723402640025,0.999999571105694,0.004279231290006732,0.9998765102207227,0.000123489779294089,0.9999999999923894
revision_P4P5_offsets,OP2,OFF+0.250,0,H,results/revision/p45/OP2_OFF+0.250_H.npz,results/revision/p2/OP2_CW_H.npz,0.6224822710283642,0.6226890517728783,0.6226983969003785,0.6225619038098076,0.9996679229481787,0.3948688218257808,0.02582442964831254,0.07596350555681336,0.03355303054850764,0.033102225808915406,0.0167307737583805,0.016404144146971444,0.016389382640848327,0.01660503795273216,0.9996679229487746,0.11739501078922504,0.9803149586259983,0.019685041374010122,0.9999999999994039
revision_P4P5_offsets,OP2,OFF+0.250,0,p+0,results/revision/p45/OP2_OFF+0.250_p+0.npz,results/revision/p3/OP2_CW_p+0.npz,0.8668300088569901,0.8668448170224637,0.8668476126842272,0.8662615222393939,0.9999829171667376,0.08002475256638313,0.005869224022092667,0.01854825824709483,0.03319961796508327,0.0331022258089154,0.024441410186891388,0.02442474459982269,0.02442159827375967,0.02508107415322347,0.9999829171691509,0.029255418218298773,0.9993096409072492,0.0006903590927459253,0.9999999999975867
revision_P4P5_offsets,OP2,OFF+0.250,0,p+3,results/revision/p45/OP2_OFF+0.250_p+3.npz,results/revision/p3/OP2_CW_p+3.npz,0.779619408003042,0.7796631159939358,0.7796677208791808,0.7789837341735264,0.9999439399017381,0.15324316324445053,0.010622307871818901,0.03270006237122905,0.033280367064875374,0.033102225808915406,0.03486646409795202,0.03481235558492235,0.03480665494683588,0.035653364177985813,0.9999439399029373,0.05378879730744389,0.998420300044456,0.001579699955543072,0.9999999999988007
revision_P4P5_offsets,OP2,OFF+0.250,0,p+6,results/revision/p45/OP2_OFF+0.250_p+6.npz,results/revision/p3/OP2_CW_p+6.npz,0.6771475502330794,0.6772692615991327,0.6772765080002958,0.6767167523904294,0.9998202910231511,0.284654707868086,0.019004575606155722,0.05646145406214492,0.03342423961919809,0.03310222580891542,0.03313776320817707,0.03296397815484109,0.03295363141273455,0.033752791486326705,0.9998202910239019,0.09293881891166697,0.9946667928255198,0.005333207174473601,0.999999999999249
revision_P4P5_offsets,OP2,OFF+0.250,0,p+8,results/revision/p45/OP2_OFF+0.250_p+8.npz,results/revision/p3/OP2_CW_p+8.npz,0.6161903266657105,0.6164103041203047,0.6164199442349944,0.6161247282966107,0.9996431314448773,0.4104818083905286,0.026769827552249506,0.07863646663307067,0.03357186488165788,0.03310222580891542,0.013641801906420059,0.01328967601948372,0.01327424473893235,0.013746830102011165,0.9996431314455941,0.12007719425250694,0.9740142778354264,0.025985722164568417,0.9999999999992829
revision_P4P5_offsets,OP2,OFF+0.250,0,p-3,results/revision/p45/OP2_OFF+0.250_p-3.npz,results/revision/p3/OP2_CW_p-3.npz,0.9262969678303141,0.9263019939037673,0.926303580158699,0.9257226341019581,0.9999945740444408,0.04111484532460946,0.0033119092200094794,0.010594532233767537,0.033153974557070504,0.0331022258089154,0.014560696797445982,0.014555349822223507,0.01455366229240207,0.015171625278688317,0.9999945740481502,0.015502511140493683,0.9996300749099623,0.0003699250900416514,0.9999999999962906
revision_P4P5_offsets,OP2,OFF+0.250,0,p-6,results/revision/p45/OP2_OFF+0.250_p-6.npz,results/revision/p3/OP2_CW_p-6.npz,0.9617521971185404,0.9617539914326574,0.9617548504716831,0.9615587342409415,0.9999981343315101,0.020766414276383316,0.0019449374417595158,0.00607836911885546,0.03312922746630583,0.0331022258089154,0.007977240390904639,0.007975389609397476,0.007974503542494071,0.008176747539108575,0.9999981343391207,0.008030288969654673,0.9997670608912465,0.00023293910872690355,0.9999999999923894
revision_P4P5_offsets,OP2,OFF+0.500,0,H,results/revision/p45/OP2_OFF+0.500_H.npz,results/revision/p2/OP2_CW_H.npz,0.6265093729581439,0.6277059028567679,0.6277314291273837,0.627170255008118,0.9980938049281067,0.5369131660810185,0.06205278055276114,0.17800400548735995,0.060674816865509164,0.05999839180227128,0.01036958793384446,0.008479556551451162,0.008439235409643753,0.009325714685391007,0.9980938049287017,0.2594393550444627,0.816954700749127,0.18304529925085652,0.9999999999994039
revision_P4P5_offsets,OP2,OFF+0.500,0,p+0,results/revision/p45/OP2_OFF+0.500_p+0.npz,results/revision/p3/OP2_CW_p+0.npz,0.8351405322081266,0.8352560981962897,0.8352660909259735,0.8346404229151773,0.9998616400545741,0.13345053414029964,0.01677098980555501,0.05168431418339593,0.060198178042006535,0.059998391802271345,0.06010577440548315,0.05997571269866131,0.05996446655898735,0.060668489034084505,0.9998616400569871,0.08268119979221529,0.9977677992762314,0.0022322007237675395,0.9999999999975867
revision_P4P5_offsets,OP2,OFF+0.500,0,p+3,results/revision/p45/OP2_OFF+0.500_p+3.npz,results/revision/p3/OP2_CW_p+3.npz,0.747461384474638,0.7477861641956116,0.7478019060500593,0.7467951871246309,0.9995656783496081,0.2431289116894776,0.029680938110359465,0.08831693314551459,0.06034949528158306,0.05999839180227128,0.07467664152168885,0.0742745789301098,0.07425509122823304,0.0755013297989039,0.9995656783508068,0.14367454575247096,0.9944027231663373,0.0055972768336642435,0.9999999999988007
revision_P4P5_offsets,OP2,OFF+0.500,0,p+6,results/revision/p45/OP2_OFF+0.500_p+6.npz,results/revision/p3/OP2_CW_p+6.npz,0.6639243347224718,0.6647111980238423,0.6647329918312315,0.664696518098312,0.9988162328185388,0.4134761494256188,0.048939675717346684,0.14259100325706375,0.0605443466718934,0.05999839180227129,0.05201847498475465,0.0508949555821252,0.050863837388170574,0.05091583317165771,0.9988162328192889,0.22176026046919975,0.9778273585892241,0.02217264141077187,0.999999999999249
revision_P4P5_offsets,OP2,OFF+0.500,0,p+8,results/revision/p45/OP2_OFF+0.500_p+8.npz,results/revision/p3/OP2_CW_p+8.npz,0.6225252500430157,0.6237810250962657,0.6238071145962917,0.6232177072007474,0.9979868335157258,0.5536156007881305,0.0637635302281914,0.18300699399282694,0.06069398193803512,0.0599983918022713,0.0035012603609024806,0.0014910957012336246,0.0014493332931493352,0.0023928418477745517,0.9979868335164415,0.2632109866501089,0.42544526967958995,0.5745547303204614,0.9999999999992829
revision_P4P5_offsets,OP2,OFF+0.500,0,p-3,results/revision/p45/OP2_OFF+0.500_p-3.npz,results/revision/p3/OP2_CW_p-3.npz,0.9037191404967178,0.9037573456510778,0.9037631766223632,0.9029209467074395,0.9999577263138785,0.07086938766632808,0.009282206052004843,0.029181655055253948,0.06010621727090054,0.059998391802271275,0.03858007633569627,0.03853943185698672,0.038533228593471414,0.03942915978245631,0.9999577263175877,0.0452570534822123,0.9989255140347447,0.0010744859652568122,0.9999999999962906
revision_P4P5_offsets,OP2,OFF+0.500,0,p-6,results/revision/p45/OP2_OFF+0.500_p-6.npz,results/revision/p3/OP2_CW_p-6.npz,0.9481201639069404,0.9481325208054493,0.948135763902661,0.9473147112188247,0.9999869671187965,0.036785177130855155,0.005163303712241167,0.016345455122704345,0.060055579906369234,0.05999839180227126,0.022038333514653896,0.022025587697761084,0.02202224253575813,0.022869093143015995,0.999986967126407,0.02404905182412651,0.9994151639107034,0.000584836089292514,0.9999999999923894
revision_P4P5_offsets,OP2,OFF+0.750,0,H,results/revision/p45/OP2_OFF+0.750_H.npz,results/revision/p2/OP2_CW_H.npz,0.6564704790534455,0.6599142712115974,0.6599481301300453,0.6605155335587282,0.9947814552459532,0.7010921203985849,0.10286302283071745,0.2917472163954715,0.07949956885850032,0.07884747764488576,-0.03695679384246131,-0.04239658708300165,-0.04245007042483517,-0.043346282643810685,0.9947814552465462,0.42361830936202916,1.1441766569720693,-0.14417665697206558,0.9999999999994039
revision_P4P5_offsets,OP2,OFF+0.750,0,p+0,results/revision/p45/OP2_OFF+0.750_p+0.npz,results/revision/p3/OP2_CW_p+0.npz,0.7969129332111667,0.7974658973377521,0.7974850515663955,0.7966688032425668,0.9993065984032278,0.2342804846426775,0.03766674433097306,0.11263710497712304,0.07915340609068504,0.07884747764488578,0.10312835344446947,0.10250602969453071,0.10248447290686202,0.1034029863117476,0.9993065984056394,0.1835111502945931,0.9936271035038502,0.0063728964961505775,0.9999999999975867
revision_P4P5_offsets,OP2,OFF+0.750,0,p+3,results/revision/p45/OP2_OFF+0.750_p+3.npz,results/revision/p3/OP2_CW_p+3.npz,0.7234782911936868,0.724784317150823,0.7248107388765752,0.7246835362983199,0.9981980488177914,0.38683849139044396,0.06062778712416789,0.1780768844209244,0.07931133934417355,0.0788474776448858,0.10436662535547092,0.10274982434178082,0.10271711544263595,0.1028745535921417,0.9981980488189885,0.28738412545343733,0.9836371886009335,0.016362811399065976,0.9999999999988007
revision_P4P5_offsets,OP2,OFF+0.750,0,p+6,results/revision/p45/OP2_OFF+0.750_p+6.npz,results/revision/p3/OP2_CW_p+6.npz,0.6704334268286826,0.6729695741584419,0.6730012845429423,0.6733473871105717,0.9962314086295343,0.5795284264260435,0.08751240020313396,0.2510378710199139,0.07944654191336115,0.07884747764488576,0.042724495628071235,0.039103268498545174,0.03905799096233675,0.03856372572820144,0.9962314086302825,0.3878125374696245,0.9135281591652902,0.08647184083471213,0.999999999999249
revision_P4P5_offsets,OP2,OFF+0.750,0,p+8,results/revision/p45/OP2_OFF+0.750_p+8.npz,results/revision/p3/OP2_CW_p+8.npz,0.6558049040843559,0.6593689785871383,0.6594032445972358,0.6589246896450633,0.9945947191655584,0.7162463504750832,0.1046727192327721,0.29772331732970003,0.07950792020765748,0.07884747764488578,-0.049770688536799446,-0.05547583182100513,-0.05553068266519667,-0.05476461833169233,0.9945947191662716,0.42584173633706157,1.1115863108442556,-0.11158631084425395,0.9999999999992829
revision_P4P5_offsets,OP2,OFF+0.750,0,p-3,results/revision/p45/OP2_OFF+0.750_p-3.npz,results/revision/p3/OP2_CW_p-3.npz,0.8691395110813089,0.8693402119594976,0.8693525433169618,0.8682132379646137,0.9997691342521287,0.1324312653118112,0.021759816007663108,0.06627454841959247,0.07902829092911838,0.07884747764488577,0.07536755065501777,0.07515403540316512,0.07514091671575773,0.07635289388198685,0.9997691342558371,0.10681893112769543,0.9970534019218095,0.0029465980781909176,0.9999999999962906
revision_P4P5_offsets,OP2,OFF+0.750,0,p-6,results/revision/p45/OP2_OFF+0.750_p-6.npz,results/revision/p3/OP2_CW_p-6.npz,0.924162034721196,0.9242278484828125,0.9242350365976,0.9235437936374569,0.9999287905447509,0.0715434510662813,0.012100111940758223,0.03823673998467344,0.07894666775450514,0.07884747764488563,0.04675053017104902,0.0466826449687725,0.04667523062193224,0.04738818693310409,0.999928790552361,0.05880732575955265,0.9985126564062442,0.0014873435937553354,0.9999999999923894
revision_P4P5_offsets,OP2,OFF+1.000,0,H,results/revision/p45/OP2_OFF+1.000_H.npz,results/revision/p2/OP2_CW_H.npz,0.7339608302175925,0.7406547875255044,0.740683847555165,0.7270248834530195,0.9909621089059909,0.8553203484493492,0.13539600166824983,0.3806042742425918,0.08917176655575279,0.08872718550718584,-0.15936008334416418,-0.16993381777572814,-0.16997972082180057,-0.14840404351037706,0.9909621089065815,0.5778465374127935,1.0613991416398383,-0.06139914163984053,0.9999999999994039
revision_P4P5_offsets,OP2,OFF+1.000,0,p+0,results/revision/p45/OP2_OFF+1.000_p+0.npz,results/revision/p3/OP2_CW_p+0.npz,0.7713164152970761,0.773424901328735,0.7734525658232656,0.7699171284223123,0.9972738322388682,0.42561384921712647,0.0747168550043044,0.2203624926103112,0.08913257291531185,0.08872718550718584,0.1319355044028484,0.12956254587943816,0.12953141136262036,0.13351019228915595,0.997273832241275,0.3748445148690421,0.9807060235106934,0.019293976489306024,0.9999999999975867
revision_P4P5_offsets,OP2,OFF+1.000,0,p+3,results/revision/p45/OP2_OFF+1.000_p+3.npz,results/revision/p3/OP2_CW_p+3.npz,0.7339906089766296,0.7377796822033373,0.7378099739067454,0.7448549456423952,0.9948642212328321,0.6044108130247412,0.10233748381678928,0.2802832456276019,0.08919236209836946,0.08872718550718585,0.09135285180362263,0.08666215067087712,0.08662465091460081,0.07790326101260425,0.9948642212340253,0.5049564470877346,0.9462516046883608,0.05374839531163935,0.9999999999988007
revision_P4P5_offsets,OP2,OFF+1.000,0,p+6,results/revision/p45/OP2_OFF+1.000_p+6.npz,results/revision/p3/OP2_CW_p+6.npz,0.7264171475314566,0.7321163140323851,0.7321465123807575,0.726817832813512,0.99221549036445,0.77586907605341,0.12575709384016137,0.348080773082601,0.08919451022360635,0.08872718550718586,-0.037211620812106716,-0.04534915135254591,-0.04539226993435541,-0.037783828423435084,0.9922154903651951,0.5841531870969909,1.2138978450181757,-0.21389784501817177,0.999999999999249
revision_P4P5_offsets,OP2,OFF+1.000,0,p+8,results/revision/p45/OP2_OFF+1.000_p+8.npz,results/revision/p3/OP2_CW_p+8.npz,0.7349630363963684,0.7417759711488006,0.7418049324547367,0.7270512391755177,0.9908153741595581,0.8646986868538477,0.13647839870442113,0.38376940551309524,0.0891695918804147,0.08872718550718584,-0.1764819810918481,-0.1873876927767042,-0.18743405218852716,-0.16381725384979928,0.9908153741602687,0.574294072715826,1.0567719392886827,-0.056771939288681725,0.9999999999992829
revision_P4P5_offsets,OP2,OFF+1.000,0,p-3,results/revision/p45/OP2_OFF+1.000_p-3.npz,results/revision/p3/OP2_CW_p-3.npz,0.8258664865138162,0.8268373090425651,0.8268584118246632,0.8257946296974044,0.9988258602773101,0.2729708476442909,0.049120036455268835,0.14363463745226604,0.08901663066493558,0.0887271855071858,0.12140347720796818,0.12037066947301234,0.12034821932164463,0.12147985470029043,0.9988258602810152,0.24735851346017512,0.9909230158919807,0.009076984108018691,0.9999999999962906
revision_P4P5_offsets,OP2,OFF+1.000,0,p-6,results/revision/p45/OP2_OFF+1.000_p-6.npz,results/revision/p3/OP2_CW_p-6.npz,0.8826869677289291,0.8830626444770562,0.8830766711970071,0.8809871815638143,0.9995745752008913,0.16161348739117504,0.02960277621021387,0.08574278038804045,0.08890743582716833,0.0887271855071858,0.08953099954342048,0.08914349860622728,0.08912903041288511,0.09128424434234428,0.9995745752084987,0.1488773620844464,0.9954633682753014,0.00453663172469722,0.9999999999923894
revision_P4P5_offsets,OP2,OFF+1.309,0,H,results/revision/p45/OP2_OFF+1.309_H.npz,results/revision/p2/OP2_CW_H.npz,0.977850364568153,0.9888985361738053,0.9889115300592835,0.9886134023725561,0.988827800627151,1.0001442549810058,0.1503770429477325,0.4157844290938354,0.08860322419017365,0.08845363779274461,-0.5446065150748716,-0.5620581400465325,-0.5620786651082574,-0.5616076623965514,0.9888278006277404,0.72267044394445,1.0258414746919682,-0.02584147469196783,0.9999999999994039
revision_P4P5_offsets,OP2,OFF+1.309,0,p+0,results/revision/p45/OP2_OFF+1.309_p+0.npz,results/revision/p3/OP2_CW_p+0.npz,0.954230787160854,0.9624356361778056,0.9624602698203623,0.9623563032195923,0.9914749114553404,0.8257037406982851,0.1315658735975088,0.3665192074003163,0.08874478816517622,0.08845363779274465,-0.07392225876720504,-0.08315626180419677,-0.0831839853014571,-0.08306712156775231,0.9914749114577331,0.7749344063502007,1.1200493836067282,-0.12004938360672593,0.9999999999975867
revision_P4P5_offsets,OP2,OFF+1.309,0,p+3,results/revision/p45/OP2_OFF+1.309_p+3.npz,results/revision/p3/OP2_CW_p+3.npz,0.9561965283319824,0.9656890661001403,0.9657058894721505,0.9664417660098749,0.9901701923513614,0.9097671343333643,0.1411692867742473,0.38947186320695826,0.08865191010125499,0.08845363779274464,-0.18372801771336644,-0.19547934976808645,-0.19550017633935823,-0.19641120203660134,0.9901701923525489,0.8103127683963577,1.0585670819759276,-0.058567081975928637,0.9999999999988007
revision_P4P5_offsets,OP2,OFF+1.309,0,p+6,results/revision/p45/OP2_OFF+1.309_p+6.npz,results/revision/p3/OP2_CW_p+6.npz,0.9679250058745648,0.978463257418151,0.97847536836492,0.9784622384262032,0.98922979328688,0.9724030629922462,0.14768387152576004,0.4078708227698198,0.08859455352390634,0.08845363779274464,-0.38204758461356514,-0.39709458205908366,-0.39711187462147945,-0.39709324939231405,0.9892297932876228,0.7806871740358272,1.0334664951949428,-0.03346649519494272,0.999999999999249
revision_P4P5_offsets,OP2,OFF+1.309,0,p+8,results/revision/p45/OP2_OFF+1.309_p+8.npz,results/revision/p3/OP2_CW_p+8.npz,0.9787132122689366,0.9898186036994501,0.9898316976894114,0.9895718621935943,0.9887803771428351,1.0034546583482065,0.1506912688733987,0.4166803198682162,0.08860423562899403,0.08845363779274466,-0.5666617256516691,-0.5844385283793232,-0.5844594884029097,-0.5840435241554596,0.9887803771435442,0.7130500442101848,1.0251322225866424,-0.025132222586641932,0.9999999999992829
revision_P4P5_offsets,OP2,OFF+1.309,0,p-3,results/revision/p45/OP2_OFF+1.309_p-3.npz,results/revision/p3/OP2_CW_p-3.npz,0.9488397046950394,0.9551670895747045,0.9551992316385494,0.9544698621794698,0.9933756251144683,0.7045220553505158,0.11610471361648196,0.32715216019381954,0.08883622682824374,0.08845363779274466,-0.009421351810882106,-0.016152728421155338,-0.016186922691211247,-0.01541106208617582,0.9933756251181531,0.6789097211664001,1.7087808348901228,-0.7087808348901254,0.9999999999962906
revision_P4P5_offsets,OP2,OFF+1.309,0,p-6,results/revision/p45/OP2_OFF+1.309_p-6.npz,results/revision/p3/OP2_CW_p-6.npz,0.9440934925755601,0.9482720769773674,0.9483056704505705,0.948601451990426,0.9955934752237706,0.5558660545913621,0.09482877622969971,0.27012878557183667,0.08885636513173853,0.08845363779274448,0.02619174186470774,0.02188163908064289,0.02184698828311915,0.021541852932181582,0.9955934752313477,0.5431299292846334,0.8336051297881727,0.16639487021182403,0.9999999999923894
revision_P4P5_offsets,OP2,OFF+1.750,0,H,results/revision/p45/OP2_OFF+1.750_H.npz,results/revision/p2/OP2_CW_H.npz,0.7601801067037259,0.762780390951679,0.7627854148868843,0.7627681215521595,0.9965910447111668,0.6596140913778772,0.08299846699826006,0.22887736176876528,0.06734964737498514,0.06725133969104719,-0.20077589372627336,-0.20488328697913216,-0.20489122275591476,-0.2048638430240468,0.9965910447117609,0.3821402803413214,1.01866326569222,-0.01866326569221865,0.9999999999994039
revision_P4P5_offsets,OP2,OFF+1.750,0,p+0,results/revision/p45/OP2_OFF+1.750_p+0.npz,results/revision/p3/OP2_CW_p+0.npz,0.7146350667512573,0.7159180606289551,0.7159370215820513,0.7157125108754726,0.9982079040210682,0.45586081434639886,0.060266738685255325,0.1733276449831156,0.06764578760582969,0.06725133969104719,0.19572653135284757,0.19428260845724932,0.19426126918792952,0.194513833981666,0.9982079040234771,0.4050914799983145,0.9917650482175797,0.008234951782420277,0.9999999999975867
revision_P4P5_offsets,OP2,OFF+1.750,0,p+3,results/revision/p45/OP2_OFF+1.750_p+3.npz,results/revision/p3/OP2_CW_p+3.npz,0.7215756637514547,0.7233909259227805,0.7234037309012598,0.7236399553824712,0.9974906207608144,0.5513635362236998,0.07125610580366253,0.20268293461056797,0.06751522623624254,0.06725133969104717,0.10672199200229326,0.10447477960714369,0.10445892762472786,0.10416645957330384,0.9974906207620107,0.4519091702866932,0.9777371054359584,0.022262894564042294,0.9999999999988007
revision_P4P5_offsets,OP2,OFF+1.750,0,p+6,results/revision/p45/OP2_OFF+1.750_p+6.npz,results/revision/p3/OP2_CW_p+6.npz,0.7456419587145787,0.7479386639498858,0.7479456987555663,0.7476057652439793,0.9969292866567718,0.6200731982336996,0.07879033549559959,0.21928910982566108,0.06739168376456384,0.06725133969104719,-0.06466168533056504,-0.06794102608835573,-0.06795107070466888,-0.06746579153541266,0.9969292866575205,0.42835730927728055,1.0490836397377037,-0.04908363973770551,0.999999999999249
revision_P4P5_offsets,OP2,OFF+1.750,0,p+8,results/revision/p45/OP2_OFF+1.750_p+8.npz,results/revision/p3/OP2_CW_p+8.npz,0.7619045403686407,0.7645453644218784,0.7645501259861455,0.7644991946560775,0.9965458896539977,0.6648057827051738,0.08354434340414477,0.23060907183283708,0.0673443019173132,0.06725133969104719,-0.21960822336153285,-0.22383548617526072,-0.2238431081831247,-0.22376155263003072,0.9965458896547124,0.3744011685671521,1.0174285758090533,-0.01742857580905403,0.9999999999992829
revision_P4P5_offsets,OP2,OFF+1.750,0,p-3,results/revision/p45/OP2_OFF+1.750_p-3.npz,results/revision/p3/OP2_CW_p-3.npz,0.7311709370206935,0.7319763317754763,0.7319982347694959,0.7320442849666835,0.9988996983647965,0.34894200394559777,0.047276668035048694,0.14019703323399635,0.06769682739655825,0.0672513396910472,0.22214516108442917,0.22128834337818148,0.22126504192238816,0.22121599188600993,0.9988996983685018,0.323329669761482,0.9956176746856746,0.004382325314325188,0.9999999999962906
revision_P4P5_offsets,OP2,OFF+1.750,0,p-6,results/revision/p45/OP2_OFF+1.750_p-6.npz,results/revision/p3/OP2_CW_p-6.npz,0.7764125229503758,0.7768757008792249,0.7768957043249013,0.7768164501918222,0.9994037940325269,0.2517463112976261,0.03483104480973948,0.10544404906181715,0.06763485361445913,0.0672513396910472,0.1991503675064037,0.19867261134148073,0.1986519783075369,0.19873369066468394,0.9994037940401329,0.23901018599089743,0.9973145794711574,0.00268542052884242,0.9999999999923894
revision_P4P5_offsets,OP2,OFF+2.000,0,H,results/revision/p45/OP2_OFF+2.000_H.npz,results/revision/p2/OP2_CW_H.npz,0.7872453024362525,0.7884234341127485,0.788439524994768,0.7884960308234548,0.9985057120000221,0.6120775471492803,0.05479940378006748,0.15363743032184884,0.0476237383633305,0.04719227970583088,-0.24352791302801946,-0.2453888826899877,-0.24541429974892015,-0.24550349059414667,0.9985057120006173,0.33460373611272454,1.0068611556806313,-0.006861155680631236,0.9999999999994039
revision_P4P5_offsets,OP2,OFF+2.000,0,p+0,results/revision/p45/OP2_OFF+2.000_p+0.npz,results/revision/p3/OP2_CW_p+0.npz,0.8010077143561526,0.8013564931485396,0.8013792086937284,0.8015272085043631,0.9995647645019801,0.3040854236578411,0.029643730221273208,0.09076469202792564,0.04779049135556275,0.047192279705830856,0.09851995401369396,0.09812742705743427,0.09810186224869766,0.09793517882225622,0.9995647645043924,0.25331608930975674,0.9958027258633063,0.004197274136692743,0.9999999999975867
revision_P4P5_offsets,OP2,OFF+2.000,0,p+3,results/revision/p45/OP2_OFF+2.000_p+3.npz,results/revision/p3/OP2_CW_p+3.npz,0.7760337404597525,0.776641964617729,0.7766662152228099,0.7758186220473561,0.9992168538584238,0.42081683126267405,0.039725811446915824,0.11584818400812685,0.04785082256535616,0.047192279705830883,0.039305358203331475,0.038552404229528325,0.038522383079586886,0.03957162985796203,0.9992168538596222,0.3213624653256674,0.980461872166121,0.019538127833878725,0.9999999999988007
revision_P4P5_offsets,OP2,OFF+2.000,0,p+6,results/revision/p45/OP2_OFF+2.000_p+6.npz,results/revision/p3/OP2_CW_p+6.npz,0.7761755999813046,0.7771327733935925,0.7771538147429126,0.7774182272942577,0.998768327054194,0.5454665432312619,0.04977001525635534,0.14343846194741666,0.04776383394736054,0.04719227970583087,-0.10825901457200438,-0.10962571053881343,-0.10965575433858943,-0.11003339183974448,0.9987683270549441,0.3537506542748429,1.0119897668732454,-0.011989766873245513,0.999999999999249
revision_P4P5_offsets,OP2,OFF+2.000,0,p+8,results/revision/p45/OP2_OFF+2.000_p+8.npz,results/revision/p3/OP2_CW_p+8.npz,0.7896600451660686,0.7908682963431889,0.7908836352674213,0.7908805674407329,0.9984722472974236,0.6203418028450751,0.055408064410465946,0.15549347052630758,0.04760239611308318,0.04719227970583087,-0.26403746626657587,-0.26597155773438286,-0.2659961113058391,-0.26599117163438457,0.9984722472981395,0.3299371887070534,1.00652517944748,-0.006525179447480615,0.9999999999992829
revision_P4P5_offsets,OP2,OFF+2.000,0,p-3,results/revision/p45/OP2_OFF+2.000_p-3.npz,results/revision/p3/OP2_CW_p-3.npz,0.8462608053455951,0.8464452709408278,0.8464623342146561,0.8459996507095333,0.9997820702630571,0.20988747286249776,0.020984112690935114,0.0657209265901279,0.04761847279532105,0.04719227970583088,0.09970701912071633,0.0995107757442939,0.09949262301636785,0.09998477910036363,0.9997820702667657,0.18427513867838197,0.9979249449026649,0.002075055097334999,0.9999999999962906
revision_P4P5_offsets,OP2,OFF+2.000,0,p-6,results/revision/p45/OP2_OFF+2.000_p-6.npz,results/revision/p3/OP2_CW_p-6.npz,0.8947987089067045,0.8948852956108785,0.8948960844229088,0.8940262634428062,0.9999032426785884,0.1367218574862575,0.013979151260045111,0.04472877822255025,0.04744762667822778,0.04719227970583083,0.07703804871591435,0.07694873675518143,0.07693760838105335,0.07783476472367634,0.9999032426861982,0.12398573217952887,0.9987929987230766,0.0012070012769230666,0.9999999999923894
revision_P4P5_offsets,OP2,OFF+2.618,0,H,results/revision/p45/OP2_OFF+2.618_H.npz,results/revision/p2/OP2_CW_H.npz,0.8407174697849645,0.8407738761436184,0.8408004068759021,0.8409140118284834,0.9999329113805098,0.4038528126829065,0.011571153320089029,0.034875500276714766,0.013501713114747644,0.010916843498245555,-0.32799222480282775,-0.3280813239446303,-0.32812323172776936,-0.328302611654375,0.9999329113811058,0.12637900164635074,1.0002365117779513,-0.0002365117779512352,0.9999999999994039
revision_P4P5_offsets,OP2,OFF+2.618,0,p+0,results/revision/p45/OP2_OFF+2.618_p+0.npz,results/revision/p3/OP2_CW_p+0.npz,0.9090251961539244,0.9090379911460064,0.9090469495620416,0.9102818045988057,0.9999859246893897,0.1389964734095687,0.005300222147183043,0.016949725968128188,0.011785142367146851,0.010916843498245548,-0.02304642133220458,-0.023060821228567674,-0.023070903317938374,-0.024460785079269964,0.999985924691803,0.08822713906148436,1.00061775253566,-0.0006177525356577995,0.9999999999975867
revision_P4P5_offsets,OP2,OFF+2.618,0,p+3,results/revision/p45/OP2_OFF+2.618_p+3.npz,results/revision/p3/OP2_CW_p+3.npz,0.8746315313761328,0.8746558786946839,0.8746710954314563,0.875867200494691,0.9999721635455222,0.21824175312896113,0.007447925127523478,0.02386110913352213,0.012408735560033517,0.010916843498245541,-0.08275424370294338,-0.08278438457987547,-0.08280322220961356,-0.08428398587812991,0.9999721635467215,0.11878738719195449,1.0003501136181217,-0.0003501136181213925,0.9999999999988007
revision_P4P5_offsets,OP2,OFF+2.618,0,p+6,results/revision/p45/OP2_OFF+2.618_p+6.npz,results/revision/p3/OP2_CW_p+6.npz,0.8494183227145257,0.8494607014963729,0.8494834817724409,0.850168669256145,0.9999501109565486,0.3248007751354135,0.009970955271430845,0.031147423312894273,0.01314607402877217,0.010916843498245558,-0.21283832333002928,-0.2128988336917348,-0.21293136041054983,-0.2139098086943596,0.9999501109572996,0.13308488617899447,1.0002585480155608,-0.00025854801556005785,0.999999999999249
revision_P4P5_offsets,OP2,OFF+2.618,0,p+8,results/revision/p45/OP2_OFF+2.618_p+8.npz,results/revision/p3/OP2_CW_p+8.npz,0.8398516424013003,0.8399099250080815,0.8399367359310639,0.839970919347431,0.9999306085033098,0.4148622199308768,0.01176975936138726,0.035292617957000616,0.013528801738766761,0.01091684349824555,-0.3443809758381564,-0.34447427091911265,-0.3445171881348814,-0.34457187608564444,0.9999306085040269,0.12445760579285516,1.0002344914135293,-0.00023449141352967546,0.9999999999992829
revision_P4P5_offsets,OP2,OFF+2.618,0,p-3,results/revision/p45/OP2_OFF+2.618_p-3.npz,results/revision/p3/OP2_CW_p-3.npz,0.9421545299408304,0.9421607315087542,0.9421655535474206,0.9433094901358525,0.9999934177176818,0.08262788157179204,0.0036280150842338756,0.011457728758782704,0.0113760645891114,0.010916843498245546,-0.002309341105496854,-0.0023159386282589622,-0.0023210685404995157,-0.0035381201745166013,0.9999934177213912,0.057015547387676266,1.0028535835276882,-0.0028535835276963465,0.9999999999962906
revision_P4P5_offsets,OP2,OFF+2.618,0,p-6,results/revision/p45/OP2_OFF+2.618_p-6.npz,results/revision/p3/OP2_CW_p-6.npz,0.9673399604577356,0.9673428704378073,0.9673453580915419,0.9682264498777776,0.9999969917801013,0.04639032264912312,0.002454666940436217,0.00760925864988983,0.011149949036165945,0.010916843498245529,0.002213605616376846,0.002210604054054932,0.0022080381128475324,0.001299169317501958,0.9999969917877118,0.03365419734239448,0.9986425377410967,0.0013574622588872765,0.9999999999923894
revision_P4P5_offsets,OP2,OFF+3.000,0,H,results/revision/p45/OP2_OFF+3.000_H.npz,results/revision/p2/OP2_CW_H.npz,0.8621769878544159,0.8624825720939788,0.8624996387142068,0.864549289837169,0.9996456922731538,0.31999922781999796,0.026663255492792793,0.0777386233153719,0.04178917585343162,0.041312125481113196,-0.36188954960986,-0.3623722486235761,-0.3623992069525923,-0.36563675172637766,0.9996456922737497,0.04252541678344219,1.0011473012586423,-0.00114730125864303,0.9999999999994039
revision_P4P5_offsets,OP2,OFF+3.000,0,p+0,results/revision/p45/OP2_OFF+3.000_p+0.npz,results/revision/p3/OP2_CW_p+0.npz,0.9358193534198108,0.9358503943074806,0.9358545269938856,0.9359244370028712,0.9999668313569576,0.09261811685267377,0.008161356873315139,0.02556033300747687,0.04141906255406733,0.04131212548111319,-0.05320143443795322,-0.05323636885656935,-0.05324101991331953,-0.053319838606925796,0.9999668313593708,0.04184878250458941,1.0006399055440887,-0.000639905544089819,0.9999999999975867
revision_P4P5_offsets,OP2,OFF+3.000,0,p+3,results/revision/p45/OP2_OFF+3.000_p+3.npz,results/revision/p3/OP2_CW_p+3.npz,0.9041614908792177,0.9042427232646606,0.904250500513481,0.9050030554966728,0.9999101652870929,0.15598051234664836,0.013426092489400026,0.04122205293254633,0.0415201496613606,0.041312125481113175,-0.11931099682849577,-0.11941155884316723,-0.11942118672353264,-0.12035285679334762,0.999910165288292,0.05652614640964172,1.0007970553204353,-0.0007970553204337911,0.9999999999988007
revision_P4P5_offsets,OP2,OFF+3.000,0,p+6,results/revision/p45/OP2_OFF+3.000_p+6.npz,results/revision/p3/OP2_CW_p+6.npz,0.8753163785734777,0.8755081071562003,0.8755213320572769,0.8773419429347993,0.9997810087866057,0.24838879774878983,0.020959899708729374,0.06295843165071574,0.04167678374041212,0.041312125481113175,-0.2498167517504335,-0.25009051058726106,-0.25010939370468344,-0.25270905482714845,0.9997810087873565,0.056672908792370795,1.00098214438632,-0.000982144386320195,0.999999999999249
revision_P4P5_offsets,OP2,OFF+3.000,0,p+8,results/revision/p45/OP2_OFF+3.000_p+8.npz,results/revision/p3/OP2_CW_p+8.npz,0.8606623576711553,0.8609859515300144,0.8610035269606903,0.8629115448829713,0.9996241589560386,0.33016007011785126,0.027462177789556865,0.0797191776889059,0.041804163622126383,0.0413121254811132,-0.37769344233805446,-0.37821143076000285,-0.37823956438835094,-0.3812937663373488,0.9996241589567555,0.0397554559798296,1.0011732183415853,-0.001173218341585221,0.9999999999992829
revision_P4P5_offsets,OP2,OFF+3.000,0,p-3,results/revision/p45/OP2_OFF+3.000_p-3.npz,results/revision/p3/OP2_CW_p-3.npz,0.962255929236231,0.9622667427222026,0.9622688572297976,0.9629091448952705,0.9999887624860224,0.05199769033998358,0.004753047972391574,0.015133946295389493,0.04136537276925125,0.041312125481113196,-0.023694177289786955,-0.02370568119289107,-0.02370793070314825,-0.02438917796521367,0.9999887624897318,0.026385356155867803,1.0004798725944855,-0.00047987259448216906,0.9999999999962906
revision_P4P5_offsets,OP2,OFF+3.000,0,p-6,results/revision/p45/OP2_OFF+3.000_p-6.npz,results/revision/p3/OP2_CW_p-6.npz,0.9802278916268236,0.9802315180074617,0.980232593212994,0.9804883578777598,0.9999963004855776,0.02811236925776397,0.0027290048570786443,0.008879399568052736,0.041338713523970595,0.041312125481113175,-0.011079965307937867,-0.01108370581899476,-0.011084814855924385,-0.011348675313142431,0.9999963004931882,0.01537624395103533,1.0003357385292693,-0.00033573852927517987,0.9999999999923894
revision_P4P5_offsets,OP2,OFF-0.125,0,H,results/revision/p45/OP2_OFF-0.125_H.npz,results/revision/p2/OP2_CW_H.npz,0.6409350236832945,0.6409591013339189,0.6409620914949891,0.6413805352041942,0.9999624349657034,0.23246186853094464,0.008666533503785183,0.02563849529199308,0.018313026771355597,0.018056400935315176,-0.012417082605571395,-0.012455115516106119,-0.012459838755714658,-0.013120756691326285,0.9999624349662994,-0.045011942505611136,1.0030440715611377,-0.0030440715611331232,0.9999999999994039
revision_P4P5_offsets,OP2,OFF-0.125,0,p+0,results/revision/p45/OP2_OFF-0.125_p+0.npz,results/revision/p3/OP2_CW_p+0.npz,0.8948900170090356,0.8948917951433735,0.894892574401314,0.895176663858736,0.9999980130174984,0.040138787547622,0.0019894985014360074,0.005997067309806994,0.018104578216192782,0.018056400935315183,-0.007138232538041134,-0.00714023370563166,-0.007141110705397136,-0.007460967810457353,0.9999980130199116,-0.010630546800462354,1.0002793500232183,-0.00027935002322206206,0.9999999999975867
revision_P4P5_offsets,OP2,OFF-0.125,0,p+3,results/revision/p45/OP2_OFF-0.125_p+3.npz,results/revision/p3/OP2_CW_p+3.npz,0.8163478250130911,0.816352560146819,0.8163538795571572,0.8169203022235647,0.9999941996461345,0.08052476056072026,0.0034021864579382426,0.010274061757571173,0.01814571915071427,0.018056400935315183,-0.010601653567039904,-0.010607515447036642,-0.01060914881584707,-0.011310391506209161,0.9999941996473337,-0.01892960537628638,1.000550014407067,-0.0005500144070719923,0.9999999999988007
revision_P4P5_offsets,OP2,OFF-0.125,0,p+6,results/revision/p45/OP2_OFF-0.125_p+6.npz,results/revision/p3/OP2_CW_p+6.npz,0.709826695927668,0.7098400593836053,0.7098422369908456,0.7102590408751599,0.9999811739901678,0.1593469243681078,0.006133645087390105,0.018296912554360056,0.018225562036867725,0.01805640093531518,-0.013523015364883095,-0.013542096317592733,-0.01354520560391026,-0.014140426024612518,0.9999811739909188,-0.03236896458831123,1.001401550927048,-0.0014015509270348682,0.999999999999249
revision_P4P5_offsets,OP2,OFF-0.125,0,p+8,results/revision/p45/OP2_OFF-0.125_p+8.npz,results/revision/p3/OP2_CW_p+8.npz,0.6321058456315685,0.6321317155751993,0.6321348379191007,0.6325687768089188,0.9999590750740812,0.24344946953463917,0.009046036673085414,0.026746392833747468,0.018328001425241974,0.018056400935315187,-0.011834746376695682,-0.011876157332747939,-0.011881155381259001,-0.0125757539891318,0.9999590750747983,-0.046955144603382494,1.0034785249703837,-0.0034785249703804216,0.9999999999992829
revision_P4P5_offsets,OP2,OFF-0.125,0,p-3,results/revision/p45/OP2_OFF-0.125_p-3.npz,results/revision/p3/OP2_CW_p-3.npz,0.944052102607393,0.9440528401093983,0.9440532765088854,0.9441012784290145,0.9999992187916038,0.019991126491828614,0.0012464884560228252,0.0037990932105306553,0.018081992141658083,0.018056400935315197,-0.004328070250960492,-0.0043288548373690006,-0.004329319095531803,-0.0043804627392898254,0.9999992187953132,-0.005621207692287165,1.0001808876207565,-0.00018088762075804806,0.9999999999962906
revision_P4P5_offsets,OP2,OFF-0.125,0,p-6,results/revision/p45/OP2_OFF-0.125_p-6.npz,results/revision/p3/OP2_CW_p-6.npz,0.9718739955575463,0.9718743322897005,0.9718745670860949,0.9718846445214542,0.9999996535229473,0.009936579660826492,0.0008297151267805948,0.002596278177525205,0.018069780157801096,0.018056400935315183,-0.0024631354665700655,-0.0024634827895337885,-0.002463724966046854,-0.002474164936999479,0.9999996535305579,-0.0027995456459021517,1.0001408351398648,-0.00014083513983272948,0.9999999999923894
revision_P4P5_offsets,OP2,OFF-0.250,0,H,results/revision/p45/OP2_OFF-0.250_H.npz,results/revision/p2/OP2_CW_H.npz,0.6520029546697725,0.6520708085420338,0.6520819921488121,0.6528723354159819,0.9998959409447986,0.18602047514228626,0.014431915364039698,0.043047559859192175,0.03704576856161355,0.03657924219445543,-0.029899919376474404,-0.030007100941635168,-0.03002476649846142,-0.031273133770567174,0.9998959409453946,-0.09145333589426952,1.0035322031581635,-0.0035322031581665105,0.9999999999994039
revision_P4P5_offsets,OP2,OFF-0.250,0,p+0,results/revision/p45/OP2_OFF-0.250_p+0.npz,results/revision/p3/OP2_CW_p+0.npz,0.903253320111491,0.9032592539894138,0.9032621622168252,0.90355664969665,0.9999934305927156,0.03181486292471671,0.0036101939543733298,0.010887471229918327,0.03666727415618654,0.03657924219445542,-0.016550564941679724,-0.01655724311778428,-0.016560516128779623,-0.016892076756160446,0.9999934305951289,-0.01895447142336764,1.000400206373729,-0.00040020637373651803,0.9999999999975867
revision_P4P5_offsets,OP2,OFF-0.250,0,p+3,results/revision/p45/OP2_OFF-0.250_p+3.npz,results/revision/p3/OP2_CW_p+3.npz,0.8288232329407994,0.8288376930031056,0.8288426143501024,0.8299387591828324,0.9999825538070624,0.06384457951352097,0.00589443165594935,0.017913797939914662,0.036741423240375076,0.03657924219445542,-0.02604564385446828,-0.026063544755805967,-0.02606963715912758,-0.027426652503087512,0.9999825538082616,-0.03560978642348567,1.0006785230968183,-0.0006785230968137416,0.9999999999988007
revision_P4P5_offsets,OP2,OFF-0.250,0,p+6,results/revision/p45/OP2_OFF-0.250_p+6.npz,results/revision/p3/OP2_CW_p+6.npz,0.7237998972835595,0.7238379323032144,0.7238459435026161,0.7247102992461624,0.9999474536799505,0.1263815373505117,0.010248051665867891,0.03073453575894182,0.036880971248897866,0.03657924219445546,-0.03347459122667207,-0.03352889936622261,-0.03354033812216928,-0.03477459535936944,0.9999474536807015,-0.06533435160590734,1.0015959083564052,-0.0015959083563996464,0.999999999999249
revision_P4P5_offsets,OP2,OFF-0.250,0,p+8,results/revision/p45/OP2_OFF-0.250_p+8.npz,results/revision/p3/OP2_CW_p+8.npz,0.6425657565491885,0.6426387460059154,0.642650486047067,0.6433970681541602,0.9998864222595033,0.19519502791445512,0.015078555476515534,0.044902832142404064,0.037075964812964275,0.036579242194455436,-0.028578305044276275,-0.028695141913417155,-0.028713934622372372,-0.029908992168596882,0.9998864222602203,-0.09520958622356654,1.0040310154792962,-0.0040310154792967175,0.9999999999992829
revision_P4P5_offsets,OP2,OFF-0.250,0,p-3,results/revision/p45/OP2_OFF-0.250_p-3.npz,results/revision/p3/OP2_CW_p-3.npz,0.9490588295845837,0.949061474214028,0.9490630964596507,0.9490002595267062,0.9999972134266155,0.015797440769043145,0.0023478714952316535,0.007160007559102592,0.03662600398621176,0.03657924219445545,-0.00965446741631526,-0.009657280896676612,-0.009659006715016405,-0.009592235050453368,0.9999972134303249,-0.009814893415072634,1.000290021534928,-0.00029002153491304,0.9999999999962906
revision_P4P5_offsets,OP2,OFF-0.250,0,p-6,results/revision/p45/OP2_OFF-0.250_p-6.npz,results/revision/p3/OP2_CW_p-6.npz,0.974773986740597,0.9747752386269057,0.9747761062790065,0.9747331333251159,0.9999987157179839,0.007809252487364405,0.0015925574785284576,0.0049251689425050095,0.036603600258308014,0.0365792421944554,-0.005454402099358768,-0.005455693380371773,-0.005456588331308243,-0.005412308317368497,0.9999987157255945,-0.004926872819364238,1.0002360982025669,-0.00023609820254071138,0.9999999999923894
revision_P4P5_offsets,OP2,OFF-0.500,0,H,results/revision/p45/OP2_OFF-0.500_H.npz,results/revision/p2/OP2_CW_H.npz,0.6725212431683184,0.6726489519199867,0.672684696888102,0.6743054412880942,0.9998101405624675,0.11213717816020446,0.019535547454718867,0.05696838409970943,0.07396232340145158,0.07323640624318752,-0.06231048365236558,-0.06251221162260245,-0.06256867415705658,-0.06512873625230853,0.9998101405630635,-0.1653366328763513,1.0031412618902968,-0.003141261890296163,0.9999999999994039
revision_P4P5_offsets,OP2,OFF-0.500,0,p+0,results/revision/p45/OP2_OFF-0.500_p+0.npz,results/revision/p3/OP2_CW_p+0.npz,0.9134717942340285,0.913488603088338,0.9134976522797582,0.9133864932879506,0.9999815992731024,0.016860436879978177,0.00602372191506332,0.017576254434577193,0.07337226957541794,0.07323640624318753,-0.028050766945725725,-0.028069684172735032,-0.028079868423654508,-0.02795490283032187,0.9999815992755157,-0.03390889746810617,1.0006651434336908,-0.0006651434336857217,0.9999999999975867
revision_P4P5_offsets,OP2,OFF-0.500,0,p+3,results/revision/p45/OP2_OFF-0.500_p+3.npz,results/revision/p3/OP2_CW_p+3.npz,0.8446889731624336,0.8447228068342966,0.8447381531683379,0.8449763201109726,0.9999599470126898,0.03551227775571796,0.0089132923033203,0.025257609652342698,0.07348537961912835,0.07323640624318752,-0.04568671205084818,-0.04572859660380413,-0.04574759466914813,-0.04604247290581509,0.999959947013889,-0.06394208818128869,1.000896583210007,-0.0008965832100000871,0.9999999999988007
revision_P4P5_offsets,OP2,OFF-0.500,0,p+6,results/revision/p45/OP2_OFF-0.500_p+6.npz,results/revision/p3/OP2_CW_p+6.npz,0.744146484798254,0.7442221883089046,0.7442476946082475,0.7463087209315284,0.9998982783477302,0.07433050217979373,0.01426656589126421,0.04122835988787848,0.07370539244905513,0.0732364062431875,-0.06252637928788074,-0.0626344722213561,-0.06267089128098835,-0.06561381219280404,0.999898278348481,-0.11738538677662531,1.0016772918315235,-0.0016772918315239318,0.999999999999249
revision_P4P5_offsets,OP2,OFF-0.500,0,p+8,results/revision/p45/OP2_OFF-0.500_p+8.npz,results/revision/p3/OP2_CW_p+8.npz,0.6628628978214285,0.662999524857652,0.6630370299071664,0.6645591815936015,0.9997939258911945,0.11793429649444709,0.020357492518288056,0.059415089076763766,0.074008909753547,0.07323640624318753,-0.06106867502471691,-0.061287378874744336,-0.061347414566770064,-0.06378395368668444,0.9997939258919115,-0.17247031764357457,1.0034768424486764,-0.0034768424486725136,0.9999999999992829
revision_P4P5_offsets,OP2,OFF-0.500,0,p-3,results/revision/p45/OP2_OFF-0.500_p-3.npz,results/revision/p3/OP2_CW_p-3.npz,0.9548341733190051,0.9548428259349592,0.95484787847558,0.9550856031926767,0.9999909381777617,0.008103359205085708,0.004221215551934635,0.012271297186496239,0.07330901014730236,0.07323640624318757,-0.01579855608664138,-0.015807761152233146,-0.01581313628348635,-0.0160661170658718,0.9999909381814711,-0.01750897497903007,1.0005781069280937,-0.0005781069280957152,0.9999999999962906
revision_P4P5_offsets,OP2,OFF-0.500,0,p-6,results/revision/p45/OP2_OFF-0.500_p-6.npz,results/revision/p3/OP2_CW_p-6.npz,0.9777357775833085,0.9777402296486511,0.9777429737701222,0.9779215100577048,0.999995446576496,0.00393945782184207,0.0029904390141934816,0.008835093477268314,0.07327492412400492,0.07323640624318757,-0.008509413498318574,-0.008514005682020986,-0.008516836163023678,-0.00870103740731154,0.9999954465841066,-0.008796667484886573,1.0005373780924967,-0.0005373780924763735,0.9999999999923894
revision_P4P5_offsets,OP2,OFF-0.750,0,H,results/revision/p45/OP2_OFF-0.750_H.npz,results/revision/p2/OP2_CW_H.npz,0.6965393348512192,0.6966619597712926,0.6967015233263536,0.6975315853212161,0.9998239821790849,0.050860619853937236,0.01881171655239245,0.051523047934603855,0.10682297263284511,0.10628396320106326,-0.10024931584726682,-0.10044301342787576,-0.1005055077791217,-0.1018166108077263,0.9998239821796808,-0.22661319118261852,1.0018425706560998,-0.0018425706561007197,0.9999999999994039
revision_P4P5_offsets,OP2,OFF-0.750,0,p+0,results/revision/p45/OP2_OFF-0.750_p+0.npz,results/revision/p3/OP2_CW_p+0.npz,0.9234300910786456,0.9234591259826164,0.9234706358948567,0.9241327834578896,0.9999685585391342,0.0048437676696510765,0.007889437519190816,0.0223001836889392,0.10640249247197175,0.10628396320106319,-0.03925815700768864,-0.03929083382726062,-0.03930378745312768,-0.040049127727014744,0.9999685585415474,-0.045925566678433276,1.0008165224986107,-0.0008165224986092382,0.9999999999975867
revision_P4P5_offsets,OP2,OFF-0.750,0,p+3,results/revision/p45/OP2_OFF-0.750_p+3.npz,results/revision/p3/OP2_CW_p+3.npz,0.8606911412789651,0.8607401443858003,0.8607583575029077,0.8620965006660792,0.9999430686402222,0.012362241611200076,0.010627394772311756,0.029748872330361435,0.10648511166324383,0.10628396320106322,-0.06549667180539909,-0.06555733543214859,-0.06557988244512858,-0.067236482226817,0.9999430686414214,-0.08709212432580657,1.0008974154773551,-0.0008974154773564538,0.9999999999988007
revision_P4P5_offsets,OP2,OFF-0.750,0,p+6,results/revision/p45/OP2_OFF-0.750_p+6.npz,results/revision/p3/OP2_CW_p+6.npz,0.7661615467246564,0.7662451266197422,0.7662731905479816,0.7669274835870163,0.999890922771079,0.031112060605463086,0.014760673787072373,0.04024977860825578,0.10663189097095041,0.10628396320106322,-0.09396049141003981,-0.09407983060535896,-0.0941199015644576,-0.09505422694313492,0.9998909227718299,-0.16060382835095594,1.0012146726372886,-0.0012146726372896694,0.999999999999249
revision_P4P5_offsets,OP2,OFF-0.750,0,p+8,results/revision/p45/OP2_OFF-0.750_p+8.npz,results/revision/p3/OP2_CW_p+8.npz,0.6869929553223729,0.6871223188299685,0.6871640440356857,0.688274214344323,0.999811731471893,0.05389271842843359,0.01946323310444997,0.05341584917948271,0.10686021533594087,0.10628396320106324,-0.09969453298862851,-0.09990160984498808,-0.09996840089404224,-0.10174546561836251,0.9998117314726099,-0.23651189570958805,1.0019812839099538,-0.0019812839099529115,0.9999999999992829
revision_P4P5_offsets,OP2,OFF-0.750,0,p-3,results/revision/p45/OP2_OFF-0.750_p-3.npz,results/revision/p3/OP2_CW_p-3.npz,0.9604840377943614,0.9605003004352708,0.9605070445000911,0.9608024776245843,0.9999830685728033,0.001984109109421163,0.00578790880738335,0.01636354059474318,0.10635075144005358,0.1062839632010633,-0.02180915388102367,-0.021826454857461597,-0.021833629513555053,-0.022148003743216682,0.9999830685765125,-0.02362822507469461,1.0007847867276793,-0.0007847867276774298,0.9999999999962906
revision_P4P5_offsets,OP2,OFF-0.750,0,p-6,results/revision/p45/OP2_OFF-0.750_p-6.npz,results/revision/p3/OP2_CW_p-6.npz,0.9808029321790984,0.9808116211194402,0.9808153429033873,0.9809530840009704,0.9999911410711754,0.0008559267901047693,0.004186456520363474,0.01191243221378575,0.10632006287677755,0.10628396320106315,-0.011673104910076448,-0.011682067321804546,-0.011685906236580612,-0.011828028428675363,0.9999911410787858,-0.011880198516623874,1.0007633415701211,-0.0007633415701285175,0.9999999999923894
revision_P4P5_offsets,OP2,OFF-1.000,0,H,results/revision/p45/OP2_OFF-1.000_H.npz,results/revision/p2/OP2_CW_H.npz,0.7235443882402882,0.723673490021991,0.7236556067203714,0.7237470323645814,0.9998216021679903,0.0052420432681739995,0.019025901873876126,0.0511482311872339,0.13197477457029283,0.1321651523310459,-0.14290633466744396,-0.14311026305944052,-0.14308201470367932,-0.14322637005013927,0.9998216021685863,-0.27223176776838176,1.0013356878269741,-0.0013356878269741579,0.9999999999994039
revision_P4P5_offsets,OP2,OFF-1.000,0,p+0,results/revision/p45/OP2_OFF-1.000_p+0.npz,results/revision/p3/OP2_CW_p+0.npz,0.9332543539865914,0.9332950548869886,0.9332974720033014,0.9321549883148765,0.9999563901038755,-0.003600712705786718,0.00940477739487014,0.025146856724112945,0.13218508888222535,0.13216515233104592,-0.05031470093268098,-0.050360507042751745,-0.050363227341317485,-0.04907757830609394,0.9999563901062887,-0.05437004705387107,1.0008883885054798,-0.0008883885054787152,0.9999999999975867
revision_P4P5_offsets,OP2,OFF-1.000,0,p+3,results/revision/p45/OP2_OFF-1.000_p+3.npz,results/revision/p3/OP2_CW_p+3.npz,0.8771988858964715,0.8772652987192918,0.8772647951574059,0.8763113245383848,0.9999242956230946,-0.004151178784990996,0.012392814891648118,0.03312092341756179,0.13216073324278113,0.13216515233104587,-0.08593251238211264,-0.08601472844913771,-0.08601410506074636,-0.08483379136011249,0.9999242956242937,-0.10360554472199765,1.0009183416995642,-0.0009183416995636267,0.9999999999988007
revision_P4P5_offsets,OP2,OFF-1.000,0,p+6,results/revision/p45/OP2_OFF-1.000_p+6.npz,results/revision/p3/OP2_CW_p+6.npz,0.7902427718884671,0.7903428865231277,0.7903333615387491,0.7900460726545053,0.9998733275944306,-0.0004409257930923967,0.01602994458119658,0.04290642852228291,0.13207234073056612,0.13216515233104592,-0.1283447658839787,-0.1284877141365366,-0.1284741139273058,-0.12806400846890398,0.9998733275951814,-0.19215681474951143,1.0010490980756805,-0.001049098075680273,0.999999999999249
revision_P4P5_offsets,OP2,OFF-1.000,0,p+8,results/revision/p45/OP2_OFF-1.000_p+8.npz,results/revision/p3/OP2_CW_p+8.npz,0.7141810488194125,0.7143147989950558,0.7142955978440828,0.7144172436547003,0.9998127573783556,0.006099276883483655,0.019492494117728316,0.05241100591948332,0.1319580543752921,0.13216515233104595,-0.14321550005159955,-0.14342959880652617,-0.14339886282729708,-0.1435935595901452,0.9998127573790726,-0.284305337254538,1.0013990831521726,-0.0013990831521716721,0.9999999999992829
revision_P4P5_offsets,OP2,OFF-1.000,0,p-3,results/revision/p45/OP2_OFF-1.000_p-3.npz,results/revision/p3/OP2_CW_p-3.npz,0.9658918800589449,0.965914799569945,0.965917019347631,0.9649042541333799,0.9999762717053199,-0.0022556478539618135,0.006935869196657976,0.01851947529612405,0.13218284306025033,0.13216515233104598,-0.027562276797449714,-0.027586659672708125,-0.02758902117433748,-0.026511671373042,0.9999762717090291,-0.027867982038077596,1.0008727180842714,-0.0008727180842741239,0.9999999999962906
revision_P4P5_offsets,OP2,OFF-1.000,0,p-6,results/revision/p45/OP2_OFF-1.000_p-6.npz,results/revision/p3/OP2_CW_p-6.npz,0.9836628122494828,0.9836750308610719,0.9836765938651945,0.9828944863864038,0.999987578609596,-0.001210120743702093,0.005017436527995947,0.013414271501160936,0.13217738418716618,0.13216515233104578,-0.014622997957447481,-0.014635601134645126,-0.014637213323292153,-0.013830535357985063,0.9999875786172064,-0.013946246050430737,1.0008556425795128,-0.0008556425795140115,0.9999999999923894
revision_P4P5_offsets,OP2,OFF-1.309,0,H,results/revision/p45/OP2_OFF-1.309_H.npz,results/revision/p2/OP2_CW_H.npz,0.7447280673553622,0.7448908771929297,0.7445960776989673,0.745735413215175,0.9997814312907402,-0.021510727062559208,0.021564413795159755,0.06945876469175098,0.14690743510948293,0.14963582876442666,-0.17636794593232197,-0.17662511936524306,-0.17615945586873716,-0.1779590814796781,0.9997814312913361,-0.298984538099115,1.0013457510175539,-0.0013457510175539625,0.9999999999994039
revision_P4P5_offsets,OP2,OFF-1.309,0,p+0,results/revision/p45/OP2_OFF-1.309_p+0.npz,results/revision/p3/OP2_CW_p+0.npz,0.9451496804509427,0.9451963712511201,0.9451517941408756,0.9451577174750208,0.9999506020107594,-0.008818340500753568,0.01026248209966181,0.029051961535774544,0.14931325476315704,0.14963582876442655,-0.06370208691650392,-0.06375463425391437,-0.06370446572658772,-0.06371127312046565,0.9999506020131725,-0.059587674848837924,1.0007999177460294,-0.0007999177460305125,0.9999999999975867
revision_P4P5_offsets,OP2,OFF-1.309,0,p+3,results/revision/p45/OP2_OFF-1.309_p+3.npz,results/revision/p3/OP2_CW_p+3.npz,0.8967363137481982,0.8968157844796067,0.8967221183418908,0.8970620414971189,0.99991138566829,-0.013808575803309797,0.013748148456382477,0.040402271099301106,0.1489205467543781,0.14963582876442666,-0.11011896365744378,-0.11021734482417678,-0.1101013903840844,-0.11052224056923587,0.9999113856694891,-0.11326294174031644,1.0008482879844074,-0.0008482879844088072,0.9999999999988007
revision_P4P5_offsets,OP2,OFF-1.309,0,p+6,results/revision/p45/OP2_OFF-1.309_p+6.npz,results/revision/p3/OP2_CW_p+6.npz,0.8153748783746859,0.8155014091729273,0.8153075455245168,0.8161144181898272,0.9998448429434723,-0.018486222846702233,0.01818587931637117,0.05615843834802468,0.14800286096549908,0.14963582876442663,-0.16422953676469998,-0.16441020322354882,-0.16413339584035325,-0.1652855875344421,0.9998448429442232,-0.21020211180312123,1.001020449672243,-0.001020449672242218,0.999999999999249
revision_P4P5_offsets,OP2,OFF-1.309,0,p+8,results/revision/p45/OP2_OFF-1.309_p+8.npz,results/revision/p3/OP2_CW_p+8.npz,0.734069128649581,0.7342364645378591,0.7339252848569915,0.7352358971700437,0.9997720953720497,-0.022063356278463404,0.0220162553442156,0.07134219587727018,0.14671215963908674,0.14963582876442663,-0.17505107054972036,-0.17531893117260955,-0.17482081457382703,-0.17691873236689948,0.9997720953727667,-0.31246797041648505,1.0014129832322556,-0.0014129832322556447,0.9999999999992829
revision_P4P5_offsets,OP2,OFF-1.309,0,p-3,results/revision/p45/OP2_OFF-1.309_p-3.npz,results/revision/p3/OP2_CW_p-3.npz,0.9724462485270685,0.9724718478105947,0.9724504850418662,0.9723983485432433,0.9999736760672469,-0.005036970828290856,0.007489275081598994,0.020289970299533486,0.14948566156617873,0.14963582876442658,-0.03453512947912185,-0.0345623632253631,-0.03453963647890035,-0.03448425035706304,0.9999736760709561,-0.030649305012406633,1.0007753339835408,-0.0007753339835343232,0.9999999999962906
revision_P4P5_offsets,OP2,OFF-1.309,0,p-6,results/revision/p45/OP2_OFF-1.309_p-6.npz,results/revision/p3/OP2_CW_p-6.npz,0.9871077936395803,0.9871212477927016,0.9871109962844096,0.9870583544127358,0.999986370313524,-0.0027155345354112847,0.005387752548885777,0.014195728675674698,0.1495648547462081,0.1496358287644266,-0.01817640803090037,-0.01819028563751779,-0.018179711459158865,-0.01812545877933469,0.9999863703211345,-0.01545165984213993,1.0007566549998668,-0.0007566549998573147,0.9999999999923894
revision_P4P5_offsets,OP2,OFF-1.750,0,H,results/revision/p45/OP2_OFF-1.750_H.npz,results/revision/p2/OP2_CW_H.npz,0.4226210986466347,0.42463773043341874,0.4271450998537062,0.44594384793180547,0.9952509359337295,-0.12197775891897394,0.09853727492497133,0.2766595620840451,0.1765513568738697,0.13820216853825623,0.3324302715109382,0.32924481215146006,0.3252841865975502,0.2955898349570649,0.9952509359343228,-0.39945156995552966,0.9882201384967643,0.011779861503235555,0.9999999999994039
revision_P4P5_offsets,OP2,OFF-1.750,0,p+0,results/revision/p45/OP2_OFF-1.750_p+0.npz,results/revision/p3/OP2_CW_p+0.npz,0.6313478206731321,0.6314400448059846,0.6310140096485002,0.6286522216063484,0.9998539463348719,-0.030091698949620226,0.016791581005935863,0.04360093877385044,0.13313572670319507,0.1382021685382563,0.28946069780208283,0.28935690577528816,0.289836379552907,0.29249431853412233,0.9998539463372849,-0.08086103329770458,0.9995725751469938,0.000427424853006391,0.9999999999975867
revision_P4P5_offsets,OP2,OFF-1.750,0,p+3,results/revision/p45/OP2_OFF-1.750_p+3.npz,results/revision/p3/OP2_CW_p+3.npz,0.507936556485333,0.5082503675761325,0.5083675305236349,0.5103107935648229,0.9993825659343913,-0.11643991804036334,0.03448402048046038,0.12125149148166131,0.1398918998230143,0.13820216853825615,0.3711975359486087,0.37080905202431014,0.3706640095998541,0.3682583147644063,0.9993825659355898,-0.21589428397736998,0.998668734622713,0.0013312653772875635,0.9999999999988007
revision_P4P5_offsets,OP2,OFF-1.750,0,p+6,results/revision/p45/OP2_OFF-1.750_p+6.npz,results/revision/p3/OP2_CW_p+6.npz,0.44652553831555775,0.44763628770554126,0.44901803595118733,0.4584334619416195,0.9975186341668659,-0.1414484905784495,0.07013595910705094,0.20900889940102088,0.15937689270643485,0.13820216853825626,0.36243041769574635,0.3608444389249158,0.35887151559582486,0.34542768251910394,0.997518634167615,-0.33316437953486855,0.9944801278404207,0.005519872159579345,0.999999999999249
revision_P4P5_offsets,OP2,OFF-1.750,0,p+8,results/revision/p45/OP2_OFF-1.750_p+8.npz,results/revision/p3/OP2_CW_p+8.npz,0.4196170541033138,0.4217843954948361,0.4244640044169698,0.44451472829414695,0.994861494605604,-0.11854830320121752,0.10272847009116556,0.28934532314525235,0.17913602371414686,0.1382021685382563,0.32830376676909145,0.32483442481939706,0.32054507765925944,0.2884491731755455,0.9948614946063175,-0.40895291733923916,0.9870542407477546,0.012945759252245127,0.9999999999992829
revision_P4P5_offsets,OP2,OFF-1.750,0,p-3,results/revision/p45/OP2_OFF-1.750_p-3.npz,results/revision/p3/OP2_CW_p-3.npz,0.7913452774051866,0.7915074223464096,0.7911818155271484,0.788954924838583,0.9997951441304967,0.020449374359973148,0.02044147441293239,0.06737301968291376,0.13513528884202625,0.13820216853825618,0.1581288011927806,0.15795630360231816,0.15830269981413625,0.16067170906876627,0.9997951441342053,-0.005162959824142631,0.998809742995588,0.0011902570044121643,0.9999999999962906
revision_P4P5_offsets,OP2,OFF-1.750,0,p-6,results/revision/p45/OP2_OFF-1.750_p-6.npz,results/revision/p3/OP2_CW_p-6.npz,0.9042569557521207,0.9043947552109247,0.9042402089563137,0.9064250581985972,0.9998476335051592,0.024099969166561416,0.017608937464406164,0.05792062497033879,0.13693638741080383,0.13820216853825623,0.0672821093328122,0.06713997272737793,0.06729938324013973,0.06504572490387661,0.9998476335127686,0.011363843859832773,0.9978123094788536,0.0021876905211436646,0.9999999999923894
revision_P4P5_offsets,OP2,OFF-2.000,0,H,results/revision/p45/OP2_OFF-2.000_H.npz,results/revision/p2/OP2_CW_H.npz,0.6908947779970535,0.6915987083683545,0.6925214710220002,0.6815853820464002,0.9989821693378207,-0.13745022144927624,0.046717434550540615,0.16139455336219982,0.12106514171913348,0.10933697826914922,-0.09133320801771627,-0.09244513216933647,-0.09390272246901854,-0.07662808599072068,0.9989821693384162,-0.414924032485832,1.0116515803640673,-0.011651580364064234,0.9999999999994039
revision_P4P5_offsets,OP2,OFF-2.000,0,p+0,results/revision/p45/OP2_OFF-2.000_p+0.npz,results/revision/p3/OP2_CW_p+0.npz,0.9335725268144426,0.9338075609732067,0.9339882078770074,0.9315250854635568,0.9997483055732391,-0.03614392974485157,0.023641753498845456,0.07509459965806697,0.11111319400418881,0.10933697826914907,-0.050672782946552086,-0.050937298004799514,-0.05114060388342789,-0.04836866512522353,0.9997483055756519,-0.08691326409293593,1.0050925048818153,-0.005092504881813031,0.9999999999975867
revision_P4P5_offsets,OP2,OFF-2.000,0,p+3,results/revision/p45/OP2_OFF-2.000_p+3.npz,results/revision/p3/OP2_CW_p+3.npz,0.8720816693524259,0.8724856998933386,0.8728240792378928,0.8686751284424612,0.9995369201570158,-0.0658323833293642,0.031995039435946664,0.09616761867589313,0.11287013411353054,0.10933697826914922,-0.07959762994276742,-0.08009780146178125,-0.08051669977128229,-0.07538052591626587,0.9995369201582145,-0.16528674926637082,1.0060477442399718,-0.006047744239971447,0.9999999999988007
revision_P4P5_offsets,OP2,OFF-2.000,0,p+6,results/revision/p45/OP2_OFF-2.000_p+6.npz,results/revision/p3/OP2_CW_p+6.npz,0.7700941377272006,0.7706841197675576,0.7712956109553003,0.7626055673175853,0.9992344697065576,-0.10941240003178467,0.04091257083920656,0.13265871633858534,0.11645196976102987,0.10933697826914916,-0.09957562467279546,-0.1004180280078597,-0.10129114308700271,-0.0888831967210868,0.999234469707308,-0.3011282889882037,1.0080677274741254,-0.008067727474126993,0.999999999999249
revision_P4P5_offsets,OP2,OFF-2.000,0,p+8,results/revision/p45/OP2_OFF-2.000_p+8.npz,results/revision/p3/OP2_CW_p+8.npz,0.6799946081380199,0.6807171935743389,0.6816974986099725,0.6703222875589182,0.9989384939250252,-0.1408292993410448,0.047617018383838985,0.16441229117096706,0.12194801181113571,0.10933697826914916,-0.08849202490035002,-0.08964869360742211,-0.09121790342182012,-0.07300916615699982,0.9989384939257415,-0.4312339134790664,1.0125254021751902,-0.0125254021751901,0.9999999999992829
revision_P4P5_offsets,OP2,OFF-2.000,0,p-3,results/revision/p45/OP2_OFF-2.000_p-3.npz,results/revision/p3/OP2_CW_p-3.npz,0.9671343340934342,0.9672594520347435,0.9673519036708765,0.9658064807489584,0.9998706469695943,-0.01899726528753393,0.01696942750791442,0.05483155202422972,0.11021810805972213,0.10933697826914925,-0.02888405920690329,-0.029017165691808566,-0.029115520187905197,-0.027471503550325238,0.9998706469733032,-0.044609599471649705,1.004543016876,-0.0045430168759976,0.9999999999962906
revision_P4P5_offsets,OP2,OFF-2.000,0,p-6,results/revision/p45/OP2_OFF-2.000_p-6.npz,results/revision/p3/OP2_CW_p-6.npz,0.9846426032314933,0.984706876797204,0.9847535592756284,0.9838296075111211,0.9999347282249924,-0.009812801559362202,0.01206205191164981,0.03924315783948603,0.10977488573435996,0.10933697826914932,-0.015633627261675942,-0.01569992379084728,-0.015748075561657027,-0.014795088892090691,0.9999347282326025,-0.022548926866090845,1.0042077766923083,-0.004207776692305157,0.9999999999923894
revision_P4P5_offsets,OP2,OFF-2.618,0,H,results/revision/p45/OP2_OFF-2.618_H.npz,results/revision/p2/OP2_CW_H.npz,0.7720380237035533,0.7726061325545863,0.7732134040446125,0.7740967476211895,0.9992646850353691,-0.14091389730608192,0.03771702406229362,0.12144682320428903,0.052822108955861896,0.03486599636374673,-0.21950658762056796,-0.22040396892108371,-0.2213632112888939,-0.222758471228931,0.9992646850359648,-0.4183877083426377,1.0037067221224552,-0.0037067221224548865,0.9999999999994039
revision_P4P5_offsets,OP2,OFF-2.618,0,p+0,results/revision/p45/OP2_OFF-2.618_p+0.npz,results/revision/p3/OP2_CW_p+0.npz,0.9484176236639804,0.9486540430747503,0.9489075459840436,0.9518370031384026,0.9997507843744559,-0.03576683409794688,0.021952066540555797,0.07375367336771643,0.04184263891369873,0.0348659963637467,-0.06737993613714188,-0.06764601020285843,-0.06793131059161817,-0.0712283587085849,0.9997507843768686,-0.08653616844603124,1.0038223922150553,-0.003822392215054119,0.9999999999975867
revision_P4P5_offsets,OP2,OFF-2.618,0,p+3,results/revision/p45/OP2_OFF-2.618_p+3.npz,results/revision/p3/OP2_CW_p+3.npz,0.9040325396996471,0.904427156550386,0.9048474332607102,0.9085847337404573,0.9995636831027453,-0.0650131414382491,0.02902133098797646,0.09684861533341407,0.04632882762075692,0.03486599636374675,-0.11915136110544933,-0.11963987890211225,-0.12016016244311256,-0.12478681248904011,0.9995636831039441,-0.16446750737525573,1.0038767829364332,-0.0038767829364341174,0.9999999999988007
revision_P4P5_offsets,OP2,OFF-2.618,0,p+6,results/revision/p45/OP2_OFF-2.618_p+6.npz,results/revision/p3/OP2_CW_p+6.npz,0.8323752976581347,0.8329238758279169,0.8335068649903125,0.8359327584377321,0.9993413825852488,-0.10938222950513479,0.03564385536784504,0.11611186761656227,0.05116338277037888,0.034865996363746724,-0.1885035128119239,-0.1892867978072008,-0.19011921639113716,-0.1935831224695077,0.9993413825859994,-0.3010981184615538,1.0038150180204632,-0.0038150180204632794,0.999999999999249
revision_P4P5_offsets,OP2,OFF-2.618,0,p+8,results/revision/p45/OP2_OFF-2.618_p+8.npz,results/revision/p3/OP2_CW_p+8.npz,0.7628740099329072,0.7634388520651908,0.7640431308619956,0.7642727560877673,0.9992601344158007,-0.14509422152566676,0.03785216252338536,0.12108249968819877,0.052926682988415116,0.0348659963637467,-0.22116008844466517,-0.2220642517253213,-0.2230315427049645,-0.22339908421166266,0.9992601344165173,-0.4354988356636884,1.0037043774111003,-0.003704377411100214,0.9999999999992829
revision_P4P5_offsets,OP2,OFF-2.618,0,p-3,results/revision/p45/OP2_OFF-2.618_p-3.npz,results/revision/p3/OP2_CW_p-3.npz,0.9739421407244361,0.9740718123167936,0.9742120682439434,0.976236291034879,0.9998668767633784,-0.018819756301330405,0.016054738691905407,0.05402936335583499,0.038781273266639216,0.0348659963637467,-0.0361265316059074,-0.03626448248396841,-0.03641369348595269,-0.03856723863786504,0.9998668767670873,-0.044432090485446184,1.0037513335817325,-0.0037513335817286235,0.9999999999962906
revision_P4P5_offsets,OP2,OFF-2.618,0,p-6,results/revision/p45/OP2_OFF-2.618_p-6.npz,results/revision/p3/OP2_CW_p-6.npz,0.9877771762522878,0.9878451994031202,0.9879196158900772,0.9892210738436571,0.999931139867994,-0.009656289557867317,0.011551477457095045,0.038852812484117955,0.03696607641446095,0.034865996363746744,-0.018866859052153018,-0.018937023182320933,-0.019013781872595503,-0.02035624858317342,0.999931139875604,-0.02239241486459596,1.0036842423547259,-0.003684242354731376,0.9999999999923894
revision_P4P5_offsets,OP2,OFF-3.000,0,H,results/revision/p45/OP2_OFF-3.000_H.npz,results/revision/p2/OP2_CW_H.npz,0.7644836023386012,0.7675192138962815,0.770898964335148,0.7648489630672607,0.9960449048014445,-0.17421700176834334,0.08867023128897028,0.26593311913129375,0.18814227245864049,0.1622920301131369,-0.20757366937383903,-0.21236870300927024,-0.21770733633755524,-0.2081507275093437,0.9960449048020382,-0.4516908128048991,1.021010931723298,-0.021010931723297672,0.9999999999994039
revision_P4P5_offsets,OP2,OFF-3.000,0,p+0,results/revision/p45/OP2_OFF-3.000_p+0.npz,results/revision/p3/OP2_CW_p+0.npz,0.9471042575805623,0.9474761225857814,0.9478703500374821,0.9538104543906989,0.9996075204468433,-0.04124131984695333,0.026904401643887476,0.08202930357330684,0.16490288710188275,0.1622920301131369,-0.06590183137478234,-0.06632034030289402,-0.06676401665319442,-0.07344934501088085,0.9996075204492556,-0.09201065419503768,1.0061508777833084,-0.006150877783308462,0.9999999999975867
revision_P4P5_offsets,OP2,OFF-3.000,0,p+3,results/revision/p45/OP2_OFF-3.000_p+3.npz,results/revision/p3/OP2_CW_p+3.npz,0.9009114781480939,0.9017452650650548,0.9026921477349715,0.9069829860767706,0.9990753631327349,-0.07542260426376952,0.041434980088876264,0.1239715481156603,0.16880539124133595,0.16229203011313695,-0.11528762818641614,-0.11631981864505647,-0.11749201652604602,-0.12280392131538709,0.9990753631339331,-0.17487697020077614,1.0084780938257523,-0.008478093825752354,0.9999999999988007
revision_P4P5_offsets,OP2,OFF-3.000,0,p+6,results/revision/p45/OP2_OFF-3.000_p+6.npz,results/revision/p3/OP2_CW_p+6.npz,0.8256300177387802,0.8275304274924455,0.8297387649010917,0.8293265095529023,0.9977035167644241,-0.130354376286025,0.06628366186266366,0.1889041477761145,0.17839215612372902,0.16229203011313706,-0.1788722936952496,-0.18158578564248695,-0.18473895077626556,-0.1841504173958337,0.9977035167651733,-0.32207026524244403,1.0139714874393386,-0.013971487439339325,0.999999999999249
revision_P4P5_offsets,OP2,OFF-3.000,0,p+8,results/revision/p45/OP2_OFF-3.000_p+8.npz,results/revision/p3/OP2_CW_p+8.npz,0.7556927609440474,0.7589064655603901,0.7624517361968431,0.7553743750632202,0.9957653482185452,-0.1804604529056033,0.09203082464696793,0.27881823829635255,0.189605615539032,0.16229203011313695,-0.20966480280614874,-0.21480909630909384,-0.22048413956271262,-0.20915512338788167,0.9957653482192593,-0.47086506704362496,1.0222946819735375,-0.02229468197353815,0.9999999999992829
revision_P4P5_offsets,OP2,OFF-3.000,0,p-3,results/revision/p45/OP2_OFF-3.000_p-3.npz,results/revision/p3/OP2_CW_p-3.npz,0.9734136695733965,0.973584724998608,0.9737550000368033,0.9776618199022213,0.999824303503517,-0.02167555899862845,0.017991852180403747,0.053050656832215985,0.16339442253564201,0.16229203011313692,-0.035564318556605246,-0.03574629554813691,-0.03592744232547296,-0.040083784983202086,0.9998243035072257,-0.04728789318274423,1.0050280245970082,-0.0050280245970108425,0.9999999999962906
revision_P4P5_offsets,OP2,OFF-3.000,0,p-6,results/revision/p45/OP2_OFF-3.000_p-6.npz,results/revision/p3/OP2_CW_p-6.npz,0.9876067433495319,0.9876878568401638,0.9877650449276533,0.9900649701346779,0.9999178753792809,-0.011099067529443948,0.012298628560411178,0.03684253866686872,0.16278552340685226,0.16229203011313698,-0.01869106187796743,-0.018774728358379456,-0.01885434588362056,-0.021226706033451226,0.9999178753868908,-0.02383519283617259,1.0044349083419801,-0.0044349083419711185,0.9999999999923894
revision_P3_levels,OP1,REF,20260701,p+0,results/revision/p3/OP1_REF_s20260701_p+0.npz,results/revision/p3/OP1_CW_p+0.npz,0.7163745998688769,0.7220709555127734,0.7271728616057693,0.7352978922360613,0.992111086036065,0.12791401830825289,0.12894201198599628,0.42492715433534406,0.14300592564363543,0.07862436466287291,0.19658209205700572,0.19019359903305988,0.18447178432906453,0.1753596571927859,0.9921110860369617,0.04038937994492907,0.9638149378231039,0.03618506217689625,0.9999999999990962
revision_P3_levels,OP1,REF,20260701,p+3,results/revision/p3/OP1_REF_s20260701_p+3.npz,results/revision/p3/OP1_CW_p+3.npz,0.449981806201043,0.46713490239033406,0.4861293918947072,0.4937699243853268,0.9632802085617699,0.2780184490387906,0.30431769894011296,0.964685877344706,0.29945194251938206,0.07862436466287259,0.4329455741235565,0.4113297243770896,0.38739340252566845,0.37776506729533244,0.9632802085622658,0.11880799404257703,0.9340544059554807,0.06594559404451884,0.9999999999994852
revision_P3_levels,OP1,REF,20260701,p+6,results/revision/p3/OP1_REF_s20260701_p+6.npz,results/revision/p3/OP1_CW_p+6.npz,0.24434775577699164,0.26777479111373853,0.2871988225314931,0.24147884690867838,0.9125121702483332,0.5663393685764193,0.39714896182214765,1.3524490390257426,0.39680018745878853,0.07862436466287287,0.5951261869129247,0.5563085882167679,0.5241237963386598,0.59987986954901,0.9125121702488094,0.30373747268297663,0.8987437531682853,0.10125624683171457,0.9999999999994782
revision_P3_levels,OP1,REF,20260701,p+8,results/revision/p3/OP1_REF_s20260701_p+8.npz,results/revision/p3/OP1_CW_p+8.npz,0.1994878940734805,0.22707419251755978,0.250646146162859,0.20733648268905697,0.8785141625376648,0.7651988001481504,0.4909885183016586,1.725357114115918,0.4753128867320311,0.07862436466287288,0.5126118455536062,0.4452130936191755,0.38762217544785793,0.4934362178389784,0.8785141625383532,0.39526560052201803,0.8197798080700811,0.1802201919299189,0.9999999999992164
revision_P3_levels,OP1,REF,20260701,p-3,results/revision/p3/OP1_REF_s20260701_p-3.npz,results/revision/p3/OP1_CW_p-3.npz,0.8867130893488291,0.8883736753766902,0.8893805982693402,0.8981379220968957,0.9981307572771594,0.0638098310977554,0.061280465011402496,0.20462887875694472,0.09199993061566204,0.07862436466287256,0.06064890829696057,0.05888974480293918,0.05782304788773962,0.04854591153103849,0.9981307572791746,0.018373800306019865,0.970095693669221,0.02990430633077718,0.9999999999979811
revision_P3_levels,OP1,REF,20260701,p-6,results/revision/p3/OP1_REF_s20260701_p-6.npz,results/revision/p3/OP1_CW_p-6.npz,0.953655218351767,0.954232504259907,0.9545490313302001,0.9596813511716444,0.9993950259443448,0.032529726042862576,0.0346924671203766,0.11422157482726475,0.08276122047095369,0.07862436466287316,0.01869911115919687,0.018105090216302022,0.0177793872927543,0.01249832265572759,0.9993950259473025,0.009580473708132697,0.967940648722338,0.03205935127766691,0.9999999999970406
revision_P3_levels,OP1,REF,20260702,p+0,results/revision/p3/OP1_REF_s20260702_p+0.npz,results/revision/p3/OP1_CW_p+0.npz,0.7882645436752134,0.7920496672802712,0.7945151909064951,0.8070834339858809,0.9952211032193788,0.09855643295294869,0.09939975050455867,0.3171427343417145,0.10644631120423077,0.07116089472427783,0.11595713932194496,0.11171210315223334,0.10894700534808033,0.09485180536534177,0.9952211032202783,0.011031794589624874,0.961132960558344,0.038867039441655135,0.9999999999990962
revision_P3_levels,OP1,REF,20260702,p+3,results/revision/p3/OP1_REF_s20260702_p+3.npz,results/revision/p3/OP1_CW_p+3.npz,0.5425472317529586,0.5528392692987408,0.5615692956904997,0.5657454571987404,0.9813833095488362,0.2274878949107882,0.20459998249151998,0.626374424999579,0.19250179516858876,0.07116089472427754,0.31629722630369184,0.3033274898364945,0.292326155926966,0.2870635308008025,0.9813833095493415,0.06827743991457463,0.9505771150585886,0.04942288494141098,0.9999999999994852
revision_P3_levels,OP1,REF,20260702,p+6,results/revision/p3/OP1_REF_s20260702_p+6.npz,results/revision/p3/OP1_CW_p+6.npz,0.25100784788302405,0.27542325426283054,0.2919554654469461,0.2775138720739401,0.9113531410223358,0.5768301465375731,0.4523759172451704,1.562280008027214,0.3596421802051735,0.07116089472427754,0.5840906982590347,0.5436354108856305,0.5162422418363597,0.5401713726992552,0.9113531410228113,0.3142282506441304,0.8941911793488789,0.10580882065112099,0.9999999999994782
revision_P3_levels,OP1,REF,20260702,p+8,results/revision/p3/OP1_REF_s20260702_p+8.npz,results/revision/p3/OP1_CW_p+8.npz,0.18834081205758638,0.21650622348227733,0.23487781734093588,0.19963973795796908,0.8699094604687124,0.7885940307046002,0.5114716555613653,1.6928419839063575,0.4276326405223348,0.07116089472427777,0.539846358988231,0.4710327201597799,0.42614730359611985,0.5122408781223062,0.8699094604693941,0.4186608310784678,0.8204495399318594,0.17955046006814102,0.9999999999992164
revision_P3_levels,OP1,REF,20260702,p-3,results/revision/p3/OP1_REF_s20260702_p-3.npz,results/revision/p3/OP1_CW_p-3.npz,0.9024975600662086,0.9036538571534536,0.9045238547513107,0.9114718788378751,0.9987204203489074,0.048715822278711025,0.050911033477582156,0.16443960370358576,0.08366639587376883,0.07116089472427788,0.0439274230968113,0.04270248467809401,0.0417808413622085,0.03442041104325877,0.9987204203509238,0.0032797914869754914,0.9714969359630747,0.02850306403692174,0.9999999999979811
revision_P3_levels,OP1,REF,20260702,p-6,results/revision/p3/OP1_REF_s20260702_p-6.npz,results/revision/p3/OP1_CW_p-6.npz,0.9601520995933532,0.9604920555163463,0.9607674408324695,0.9642492134679839,0.9996460606612615,0.02430867130305515,0.02667037664862927,0.08963417004518501,0.07510182958582766,0.07116089472427785,0.012013890741611966,0.011664079782482406,0.011380711278309974,0.0077980420115264515,0.9996460606642199,0.0013594189683252718,0.9707113007414886,0.029288699258497832,0.9999999999970406
revision_P3_levels,OP1,REF,20260703,p+0,results/revision/p3/OP1_REF_s20260703_p+0.npz,results/revision/p3/OP1_CW_p+0.npz,0.7445871070666326,0.7511453663449562,0.7588780310059267,0.7579233681018362,0.991268987905449,0.11878566137611654,0.135718860504924,0.42782138222432786,0.16740327383622222,0.08473657442048287,0.16494161581064481,0.1575864932957517,0.1489142689243258,0.1499850704149157,0.991268987906345,0.031261023012792724,0.9513499371016191,0.0486500628983809,0.9999999999990962
revision_P3_levels,OP1,REF,20260703,p+3,results/revision/p3/OP1_REF_s20260703_p+3.npz,results/revision/p3/OP1_CW_p+3.npz,0.5248182000709968,0.5427656026104047,0.5633334333761801,0.5387883084917691,0.9669334194114536,0.2616182676607897,0.27523789391201814,0.8546962630646113,0.29147860366882683,0.08473657442048267,0.33863885377222225,0.3160220414865894,0.2901030391948368,0.32103416931725903,0.9669334194119514,0.10240781266457616,0.9186716321329251,0.08132836786707408,0.9999999999994852
revision_P3_levels,OP1,REF,20260703,p+6,results/revision/p3/OP1_REF_s20260703_p+6.npz,results/revision/p3/OP1_CW_p+6.npz,0.2933945460445756,0.3237662464406585,0.3593095226496527,0.31955647796595077,0.9061925054573299,0.5703669606963533,0.5018980500318913,1.6501890777896575,0.49036361665016087,0.0847365744204827,0.5138577466435477,0.46353313404323904,0.4046394408210524,0.470508571301282,0.9061925054578027,0.30776506480291055,0.8634274226699796,0.13657257733001996,0.9999999999994782
revision_P3_levels,OP1,REF,20260703,p+8,results/revision/p3/OP1_REF_s20260703_p+8.npz,results/revision/p3/OP1_CW_p+8.npz,0.2043623093683879,0.23503010944861,0.26359200602143,0.21068031931958464,0.8695154414378226,0.7320563105168786,0.5025647301979823,1.674217861375977,0.516573809622881,0.08473657442048281,0.5007026904360776,0.4257752240283419,0.3559928940145919,0.4852665676716754,0.8695154414385039,0.36212311089074617,0.798691999517961,0.20130800048203915,0.9999999999992164
revision_P3_levels,OP1,REF,20260703,p-3,results/revision/p3/OP1_REF_s20260703_p-3.npz,results/revision/p3/OP1_CW_p-3.npz,0.9007170656280091,0.9024547340457437,0.9041351365489605,0.9101263652486808,0.9980745090560448,0.052252550352847635,0.06261594496579653,0.1961612349256369,0.10456858734150601,0.08473657442048302,0.04581361313323229,0.04397279140283017,0.04219263506653892,0.035845798362993064,0.9980745090580598,0.006816519561112101,0.9589018956065531,0.04109810439344847,0.9999999999979811
revision_P3_levels,OP1,REF,20260703,p-6,results/revision/p3/OP1_REF_s20260703_p-6.npz,results/revision/p3/OP1_CW_p-6.npz,0.9588651776177779,0.959410231164144,0.9600050026336964,0.9619014927823633,0.9994318868731421,0.024490929725432042,0.03395485305181863,0.10990703953403048,0.09181201266758374,0.08473657442048366,0.013338119513393254,0.012777265321609832,0.01216525192543283,0.010213821074187002,0.9994318868760999,0.0015416773907021635,0.9576794748210589,0.04232052517893857,0.9999999999970406
revision_P3_levels,OP2,REF,20260701,p+0,results/revision/p3/OP2_REF_s20260701_p+0.npz,results/revision/p3/OP2_CW_p+0.npz,0.7340848118042339,0.7381041949309163,0.7399764112766528,0.7382652901430553,0.9945544502330614,0.1513130989125536,0.10810227696398131,0.3307743934277823,0.10122520640252515,0.07170044862750902,0.17383715781682274,0.1693136137618383,0.16720656080139706,0.16913220179099486,0.9945544502354616,0.10054376456446923,0.9714058745905957,0.028594125409404283,0.9999999999975867
revision_P3_levels,OP2,REF,20260701,p+3,results/revision/p3/OP2_REF_s20260701_p+3.npz,results/revision/p3/OP2_CW_p+3.npz,0.6394993596625116,0.6461454885943085,0.6496650928251227,0.6399234732879773,0.9897141912322941,0.24097273214184137,0.1461248681549083,0.48264761815021606,0.12696825535843145,0.07170044862750881,0.2083287410980319,0.20010113433322807,0.19574402361935905,0.20780367859217397,0.989714191233481,0.1415183662048347,0.9557419832979742,0.044258016702025935,0.9999999999988007
revision_P3_levels,OP2,REF,20260701,p+6,results/revision/p3/OP2_REF_s20260701_p+6.npz,results/revision/p3/OP2_CW_p+6.npz,0.5435877299531392,0.5535373907281764,0.5615761952596817,0.5388245146067825,0.9820253140226923,0.3798164392513377,0.19755708044541734,0.6633687038882521,0.18586950655858236,0.0717004486275088,0.22384058202060264,0.20963400138901178,0.1981558286815832,0.23064165135791048,0.9820253140234297,0.18810055029491865,0.9284199564996227,0.07158004350037737,0.999999999999249
revision_P3_levels,OP2,REF,20260701,p+8,results/revision/p3/OP2_REF_s20260701_p+8.npz,results/revision/p3/OP2_CW_p+8.npz,0.5115970324304996,0.5232065500517252,0.5322728003498528,0.5098756560184103,0.9778108327961913,0.4698706826133542,0.22109538364288128,0.7374773197879908,0.2006923507460072,0.0717004486275088,0.18106808039534406,0.16248430459477048,0.14797162901349903,0.18382356865915772,0.9778108327968925,0.17946606847533253,0.8876667617934405,0.11233323820655888,0.9999999999992829
revision_P3_levels,OP2,REF,20260701,p-3,results/revision/p3/OP2_REF_s20260701_p-3.npz,results/revision/p3/OP2_CW_p-3.npz,0.8382663032642744,0.8401552407502549,0.840909854541005,0.8438893140656989,0.9977516804105231,0.07909093814441552,0.07039389081267249,0.206431258154696,0.08335087145641798,0.0717004486275093,0.10821195526330252,0.10620241264192609,0.10539961817086996,0.10222985697844589,0.9977516804142241,0.05347860396029974,0.9803465128200344,0.019653487179965196,0.9999999999962906
revision_P3_levels,OP2,REF,20260701,p-6,results/revision/p3/OP2_REF_s20260701_p-6.npz,results/revision/p3/OP2_CW_p-6.npz,0.9111613634948695,0.9119208137019025,0.9121168955364901,0.9172038984455779,0.9991671971999959,0.039298492126777794,0.0431686997041544,0.1280252252176751,0.07465422285729252,0.07170044862750918,0.06016038957698622,0.05937703614609324,0.05917478276496935,0.0539276267463511,0.9991671972076002,0.02656236682004915,0.9865720730665252,0.013427926933474372,0.9999999999923894
revision_P3_levels,OP2,REF,20260702,p+0,results/revision/p3/OP2_REF_s20260702_p+0.npz,results/revision/p3/OP2_CW_p+0.npz,0.7650172743698578,0.7689941034101229,0.7710878573579503,0.7757743345776094,0.9948285311647649,0.13719338236584586,0.10512239956440837,0.3478475762532386,0.09497425370871186,0.059564366866440545,0.1390247617857282,0.1345491094790503,0.13219273092027273,0.1269183017494221,0.9948285311671657,0.0864240480177615,0.9653623936795476,0.034637606320451285,0.9999999999975867
revision_P3_levels,OP2,REF,20260702,p+3,results/revision/p3/OP2_REF_s20260702_p+3.npz,results/revision/p3/OP2_CW_p+3.npz,0.6579929566165799,0.6642948144147991,0.6678958739763377,0.6692907881187762,0.9905134623039761,0.23339746625931646,0.14151516891316848,0.46089867053815814,0.12023984690113095,0.0595643668664401,0.18543450522267557,0.17763309053706977,0.17317514181105342,0.17144827087592218,0.990513462305164,0.13394310032230983,0.9535260803644886,0.04647391963551179,0.9999999999988007
revision_P3_levels,OP2,REF,20260702,p+6,results/revision/p3/OP2_REF_s20260702_p+6.npz,results/revision/p3/OP2_CW_p+6.npz,0.5792359588218142,0.5859147620613807,0.5908549932593177,0.5830022698654153,0.9886010667898706,0.34512306464165865,0.15282678820672035,0.5031283049030926,0.14332619659922358,0.059564366866440295,0.17294041072149635,0.1634041100486937,0.156350222038372,0.1675626267198057,0.988601066790613,0.15340717568523962,0.9396224580594918,0.060377541940507956,0.999999999999249
revision_P3_levels,OP2,REF,20260702,p+8,results/revision/p3/OP2_REF_s20260702_p+8.npz,results/revision/p3/OP2_CW_p+8.npz,0.5379586143141262,0.5453537096094601,0.5515188596878949,0.5424309642331481,0.9864398184792221,0.43564157548053156,0.1676170558253571,0.5482045078665982,0.16237645956707245,0.05956436686644028,0.1388701404401188,0.12703254326568714,0.11716376399593031,0.13171110757914406,0.9864398184799295,0.1452369613425099,0.9086819346129088,0.0913180653870909,0.9999999999992829
revision_P3_levels,OP2,REF,20260702,p-3,results/revision/p3/OP2_REF_s20260702_p-3.npz,results/revision/p3/OP2_CW_p-3.npz,0.8635060238422705,0.86509757298222,0.8656592420198235,0.8705951822902385,0.9981602663217942,0.07044774083963026,0.06271457050343568,0.20305280540058118,0.06965238037117207,0.0595643668664411,0.08136072555706009,0.07966755897356592,0.07907002841873978,0.07381886665561654,0.9981602663254968,0.044835406655514484,0.9783008482539323,0.021699151746066278,0.9999999999962906
revision_P3_levels,OP2,REF,20260702,p-6,results/revision/p3/OP2_REF_s20260702_p-6.npz,results/revision/p3/OP2_CW_p-6.npz,0.9262297825458008,0.9267911170446349,0.9268367612597078,0.9293890774416573,0.9993943246881518,0.03582499071683314,0.036032849191285736,0.11729080413658713,0.06038845227343892,0.05956436686643987,0.044617701247667396,0.044038699095898526,0.0439916182665514,0.04135892612168257,0.9993943246957577,0.023088865410104503,0.9867263450823907,0.01327365491761067,0.9999999999923894
revision_P3_levels,OP2,REF,20260703,p+0,results/revision/p3/OP2_REF_s20260703_p+0.npz,results/revision/p3/OP2_CW_p+0.npz,0.7836393477455329,0.7878820139462845,0.7891965448096954,0.8003387122454848,0.9946150995635739,0.12942334130077243,0.10654439400736687,0.35743914567284185,0.09607971425998332,0.0766292687441193,0.11806687678388683,0.11329204271987492,0.1118126270784583,0.0992727512138859,0.9946150995659742,0.07865400695268808,0.9570240997836286,0.04297590021637143,0.9999999999975867
revision_P3_levels,OP2,REF,20260703,p+3,results/revision/p3/OP2_REF_s20260703_p+3.npz,results/revision/p3/OP2_CW_p+3.npz,0.6792549556050018,0.6865273962216129,0.6891754621745514,0.6929540027558219,0.9894069185634313,0.2144673414726346,0.14823177634496712,0.48227438765392516,0.11681903683324231,0.07662926874411846,0.1591131129466622,0.15011016066750926,0.1468319748896021,0.14215428124957918,0.9894069185646179,0.11501297553562796,0.9385475898735183,0.061452410126481206,0.9999999999988007
revision_P3_levels,OP2,REF,20260703,p+6,results/revision/p3/OP2_REF_s20260703_p+6.npz,results/revision/p3/OP2_CW_p+6.npz,0.5589948515233336,0.5700877000036187,0.5760104481715707,0.561775682828975,0.9805418561385999,0.36737857277294284,0.200360205104704,0.6532584392122879,0.16395426487198145,0.07662926874411861,0.2018415893066008,0.18600271299384497,0.17754594232523213,0.19787092099179326,0.9805418561393362,0.1756626838165238,0.9128405264564934,0.0871594735435066,0.999999999999249
revision_P3_levels,OP2,REF,20260703,p+8,results/revision/p3/OP2_REF_s20260703_p+8.npz,results/revision/p3/OP2_CW_p+8.npz,0.5252237374350444,0.5371969256195217,0.5452145671983541,0.5331845863658939,0.977711733605569,0.46027642742224706,0.21851419721431495,0.7179909664755636,0.1900560532258509,0.07662926874411881,0.15925531960929662,0.14008940315195595,0.1272552735687571,0.14651211955421262,0.9777117336062701,0.1698718132842254,0.8700596073265268,0.12994039267347235,0.9999999999992829
revision_P3_levels,OP2,REF,20260703,p-3,results/revision/p3/OP2_REF_s20260703_p-3.npz,results/revision/p3/OP2_CW_p-3.npz,0.8573615032737523,0.8594568143597521,0.8599231803756853,0.8707642432735225,0.9975620519251328,0.07895965881122191,0.0719809453936697,0.2416485955790279,0.08345041207465077,0.07662926874411903,0.08789756231443091,0.08566846952329821,0.08517232691046384,0.07363901142980367,0.9975620519288332,0.05334732462710613,0.9734690671313296,0.026530932868670073,0.9999999999962906
revision_P3_levels,OP2,REF,20260703,p-6,results/revision/p3/OP2_REF_s20260703_p-6.npz,results/revision/p3/OP2_CW_p-6.npz,0.9155386329833307,0.9163781472663584,0.9162793842864141,0.9236425980856997,0.9990838778886948,0.04436576814364267,0.04412674947299409,0.1464930978893063,0.07520133030060921,0.07662926874411996,0.05564534820717615,0.054779410732474276,0.054881282226222905,0.04728627267064234,0.9990838778962984,0.031629642836914024,0.98399150945929,0.016008490540709523,0.9999999999923894
stage06_phase_mechanism(non-zero-drift),OP1,OFF_+0.125,0,H,results/stage06_dwell_physics/phase_mechanism/runs/OFF_+0.125_Nd4001_dt1.npz,results/stage06_dwell_physics/phase_mechanism/runs/CW_Nd4001_dt1.npz,0.5074480046926024,0.5074817823172026,0.5074861295960329,0.5072871165652375,0.9999334407149632,0.3532138664982393,0.011534750901260098,0.03243961558632957,0.017679870092736662,0.017188365921755728,-0.17336971459392347,-0.17344781844098334,-0.17345787063319928,-0.17299751112498796,0.9999334407156139,-0.0002634937092177436,1.0004163223758162,-0.00041632237581664744,0.9999999999993493
stage06_phase_mechanism(non-zero-drift),OP1,OFF_+1.31,0,H,results/stage06_dwell_physics/phase_mechanism/runs/OFF_+1.31_Nd4001_dt1.npz,results/stage06_dwell_physics/phase_mechanism/runs/CW_Nd4001_dt1.npz,0.7839093086910259,0.7899499472580922,0.7900837098104064,0.7892992749969034,0.9923531375778514,0.7677638768147664,0.12471651899708414,0.36090723586658147,0.09037493619813021,0.08846631510548363,-0.8126299311463585,-0.8265976722454569,-0.8269069707857994,-0.8250928416492924,0.9923531375784971,0.4142865166073093,1.0129060580081097,-0.012906058008109927,0.9999999999993493
stage06_phase_mechanism(non-zero-drift),OP1,OFF_+2.62,0,H,results/stage06_dwell_physics/phase_mechanism/runs/OFF_+2.62_Nd4001_dt1.npz,results/stage06_dwell_physics/phase_mechanism/runs/CW_Nd4001_dt1.npz,1.3082886096461375,1.3084604989470936,1.308493710953755,1.3063722195276355,0.9998686324110705,0.7275089467139176,0.016243226831977202,0.05147507236233517,0.013043306106249444,0.010925022582024326,-2.0251498051251438,-2.025547263972435,-2.025624059942247,-2.0207180747742854,0.9998686324117211,0.3740315865064606,1.0001186819262216,-0.00011868192622166292,0.9999999999993493
stage06_phase_mechanism(non-zero-drift),OP1,OFF_-1.31,0,H,results/stage06_dwell_physics/phase_mechanism/runs/OFF_-1.31_Nd4001_dt1.npz,results/stage06_dwell_physics/phase_mechanism/runs/CW_Nd4001_dt1.npz,0.6489401438455555,0.6491443632377025,0.650098958051281,0.6492525344955484,0.9996854021944697,-0.05818296770629832,0.025161885102178386,0.08230962890410752,0.15944327532730743,0.1497095265212082,-0.5005413447903138,-0.5010135603614985,-0.5032208656086217,-0.5012634505905691,0.9996854021951201,-0.4116603279137554,1.0007753257505345,-0.0007753257505343119,0.9999999999993493
stage06_phase_mechanism(non-zero-drift),OP1,OFF_-2.62,0,H,results/stage06_dwell_physics/phase_mechanism/runs/OFF_-2.62_Nd4001_dt1.npz,results/stage06_dwell_physics/phase_mechanism/runs/CW_Nd4001_dt1.npz,0.559519288470643,0.5662073680511747,0.5728679428589789,0.5595200989095706,0.9881879326234286,-0.27680223899622725,0.15287578358190332,0.5297703705969494,0.15782519045334928,0.03485232776019989,-0.29377390737854303,-0.30923872339040503,-0.3246399402411837,-0.2937755799696731,0.9881879326240717,-0.6302795992036843,1.0461338120516666,-0.04613381205166607,0.9999999999993493
stage06_phase_mechanism(non-zero-drift),OP1,QPSK_FAST,0,H,results/stage06_dwell_physics/phase_mechanism/runs/QPSK_FAST_Nd4001_dt1.npz,results/stage06_dwell_physics/phase_mechanism/runs/CW_Nd4001_dt1.npz,0.2836107706331476,0.31053651367572954,0.35613377567063903,0.24290851544199146,0.913292827552323,0.9780099726503764,0.47775605248048375,1.5774845805428521,0.5726502553911251,0.09826753505402756,0.3442081042467239,0.2819478310035466,0.17651348936040678,0.4383238313368849,0.9132928275529173,0.6245326124429194,0.7850291824769743,0.21497081752302558,0.9999999999993493
stage06_phase_mechanism(non-zero-drift),OP1,QPSK_JUMP,0,H,results/stage06_dwell_physics/phase_mechanism/runs/QPSK_JUMP_Nd4001_dt1.npz,results/stage06_dwell_physics/phase_mechanism/runs/CW_Nd4001_dt1.npz,0.2045958549659081,0.2231076933364697,0.2444296102842602,0.2061353750358455,0.9170273418467744,0.7813706662355295,0.46228914096550133,7.242619320253593,0.4632435727850502,0.10924948529556168,0.5269139345737051,0.48410909485724496,0.4348065232202696,0.5233541835065161,0.9170273418473711,0.42789330602807246,0.884274492681564,0.11572550731843605,0.9999999999993493
stage06_phase_mechanism(non-zero-drift),OP1,QPSK_LONGRAMP,0,H,results/stage06_dwell_physics/phase_mechanism/runs/QPSK_LONGRAMP_Nd4001_dt1.npz,results/stage06_dwell_physics/phase_mechanism/runs/CW_Nd4001_dt1.npz,0.19852424867849927,0.22668916858903201,0.23977088446215228,0.21512434176600082,0.875755334558603,0.9207501911400673,0.5417007034816883,1.8474390865769537,0.35161837044655647,0.06611227343455156,0.5409532821929735,0.47582766591071235,0.4455788737620002,0.5025690398319644,0.8757553345591729,0.5672728309326103,0.8296070324868033,0.17039296751319627,0.9999999999993493
stage06_phase_mechanism(non-zero-drift),OP1,QPSK_REF,0,H,results/stage06_dwell_physics/phase_mechanism/runs/QPSK_REF_Nd4001_dt1.npz,results/stage06_dwell_physics/phase_mechanism/runs/CW_Nd4001_dt1.npz,0.20915034645429975,0.23421459355766824,0.26244413029330727,0.20745517001545688,0.8929859718702918,0.868695827592564,0.4833164478515846,1.612695559161264,0.5129630440626646,0.07752868378413014,0.5163826046080037,0.45842665996333465,0.39315163049025004,0.5203024280494459,0.8929859718708729,0.515218467385107,0.8441975858635467,0.15580241413645327,0.9999999999993493
stage06_phase_mechanism(non-zero-drift),OP1,QPSK_REF_s2,0,H,results/stage06_dwell_physics/phase_mechanism/runs/QPSK_REF_s2_Nd4001_dt1.npz,results/stage06_dwell_physics/phase_mechanism/runs/CW_Nd4001_dt1.npz,0.20269510262838017,0.22824709368318116,0.2474316959704574,0.2062384453852012,0.8880511876735286,0.7683671686636963,0.47465790248241563,1.5818759669353069,0.425466132966639,0.07057252391178365,0.5313090355637068,0.4722252827972214,0.4278648141343727,0.523115854443315,0.8880511876741065,0.4148898084562392,0.8433306039370168,0.15666939606298308,0.9999999999993493
stage06_phase_mechanism(non-zero-drift),OP1,QPSK_SLOW,0,H,results/stage06_dwell_physics/phase_mechanism/runs/QPSK_SLOW_Nd4001_dt1.npz,results/stage06_dwell_physics/phase_mechanism/runs/CW_Nd4001_dt1.npz,0.31410791662585735,0.3272257277212999,0.3428862424463382,0.36386915787201146,0.9599120424094065,0.44503957191510657,0.4121762429795659,6.832144185815526,0.3146165962941892,0.029818422986539906,0.27368969219567596,0.24335743722852798,0.2071457002168986,0.1586271312212092,0.9599120424100311,0.0915622117076495,0.8720561463930394,0.1279438536069613,0.9999999999993493
stage06_phase_mechanism(non-zero-drift),OP1,TOGGLE,0,H,results/stage06_dwell_physics/phase_mechanism/runs/TOGGLE_Nd4001_dt1.npz,results/stage06_dwell_physics/phase_mechanism/runs/CW_Nd4001_dt1.npz,0.18110643377852095,0.19658206309873094,0.22589127063363826,0.1509261806976092,0.9212764935097992,0.8382742960418541,0.3499266569238984,1.3780014809542822,0.5727892933851888,0.07621796169407705,0.5812284164117351,0.5454441890809645,0.4776726417264252,0.6510141327448262,0.9212764935103988,0.48479693583439704,0.9057993058149361,0.09420069418506419,0.9999999999993493
